origin_date,start_date,target_date,book,report,tau,model,train_reference,actual_loss,var,es,score,strict_hit,tail_residual,scenario_n,fit_cutoff_date,cash_identity_absolute_error,cash_identity_relative_error,minimum_scenario_loss,maximum_scenario_loss
2015-01-13,2015-01-14,2015-01-15,funded_assets,EUR,0.94999999999999996,HS1250,ALL_EQUIVARIANT,-0.048007199002340503,0.0072773080218551389,0.0097212078891575938,-4.8848441863658962,0,0.0024438998673024549,1249,2014-12-31,3.3068166260807885e-18,3.3068166260807885e-18,-0.021382093638247279,0.020564695146287643
2015-01-13,2015-01-14,2015-01-15,funded_assets,EUR,0.98999999999999999,HS1250,ALL_EQUIVARIANT,-0.048007199002340503,0.010966374281485114,0.013245851823213447,-4.4961607625789144,0,0.0022794775417283326,1249,2014-12-31,3.3068166260807885e-18,3.3068166260807885e-18,-0.021382093638247279,0.020564695146287643
2015-01-13,2015-01-14,2015-01-15,funded_assets,USD,0.94999999999999996,HS1250,ALL_EQUIVARIANT,-0.047680755673647802,0.0073832019423681686,0.0098033346433133994,-4.8719009960676161,0,0.0024201327009452309,1249,2014-12-31,3.3068166260807885e-18,3.3068166260807885e-18,-0.021407117481469479,0.020351281984027275
2015-01-13,2015-01-14,2015-01-15,funded_assets,USD,0.98999999999999999,HS1250,ALL_EQUIVARIANT,-0.047680755673647802,0.011192164739226174,0.013400535010536332,-4.4772578185350245,0,0.0022083702713101578,1249,2014-12-31,3.3068166260807885e-18,3.3068166260807885e-18,-0.021407117481469479,0.020351281984027275
2015-01-13,2015-01-14,2015-01-15,net_cashflows,EUR,0.94999999999999996,HS1250,ALL_EQUIVARIANT,0.0325408805856972,0.0035473242891070232,0.0053819861276243408,102.17737466235786,1,-0.57803646409328568,1249,2014-12-31,3.3068166260807885e-18,3.3068166260807885e-18,-0.017414536388067337,0.013358178848199963
2015-01-13,2015-01-14,2015-01-15,net_cashflows,EUR,0.98999999999999999,HS1250,ALL_EQUIVARIANT,0.0325408805856972,0.0061553007669376989,0.008087290493739966,321.2034714678972,1,-2.6366259921491455,1249,2014-12-31,3.3068166260807885e-18,3.3068166260807885e-18,-0.017414536388067337,0.013358178848199963
2015-01-13,2015-01-14,2015-01-15,net_cashflows,USD,0.94999999999999996,HS1250,ALL_EQUIVARIANT,0.0323130672283478,0.003568053185937693,0.0054091485324758437,100.72292276744969,1,-0.57305918550166346,1249,2014-12-31,3.3068166260807885e-18,3.3068166260807885e-18,-0.017222168834397346,0.013576610377719581
2015-01-13,2015-01-14,2015-01-15,net_cashflows,USD,0.98999999999999999,HS1250,ALL_EQUIVARIANT,0.0323130672283478,0.0062564122629867385,0.0081399105814651714,315.06747616161249,1,-2.6037819982176256,1249,2014-12-31,3.3068166260807885e-18,3.3068166260807885e-18,-0.017222168834397346,0.013576610377719581
2015-01-13,2015-01-14,2015-01-15,funded_assets,EUR,0.94999999999999996,EWMA_GAUSS,ALL_EQUIVARIANT,-0.048007199002340503,0.0041718735154646081,0.005237805361758884,-5.4553600343213642,0,0.001065931846294276,65536,2014-12-31,3.4558944247975454e-18,3.4558944247975454e-18,-0.010622509845087474,0.010145483983102971
2015-01-13,2015-01-14,2015-01-15,funded_assets,EUR,0.98999999999999999,EWMA_GAUSS,ALL_EQUIVARIANT,-0.048007199002340503,0.005898877756028903,0.0067623967531923162,-5.1240721252021624,0,0.00086351899716341322,65536,2014-12-31,3.4558944247975454e-18,3.4558944247975454e-18,-0.010622509845087474,0.010145483983102971
2015-01-13,2015-01-14,2015-01-15,funded_assets,USD,0.94999999999999996,EWMA_GAUSS,ALL_EQUIVARIANT,-0.047680755673647802,0.0041947772915820703,0.0052847223541193254,-5.4491797227923024,0,0.001089945062537255,65536,2014-12-31,3.4558944247975454e-18,3.4558944247975454e-18,-0.01049326337489357,0.010175264678643037
2015-01-13,2015-01-14,2015-01-15,funded_assets,USD,0.98999999999999999,EWMA_GAUSS,ALL_EQUIVARIANT,-0.047680755673647802,0.0059592522821940771,0.0068386835042213425,-5.1137566031010362,0,0.00087943122202726546,65536,2014-12-31,3.4558944247975454e-18,3.4558944247975454e-18,-0.01049326337489357,0.010175264678643037
2015-01-13,2015-01-14,2015-01-15,net_cashflows,EUR,0.94999999999999996,EWMA_GAUSS,ALL_EQUIVARIANT,0.0325408805856972,0.0040846067228312629,0.0051149293339632414,105.790489095868,1,-0.56809515464618621,65536,2014-12-31,3.4558944247975454e-18,3.4558944247975454e-18,-0.012058812616102012,0.01058194496223349
2015-01-13,2015-01-14,2015-01-15,net_cashflows,EUR,0.98999999999999999,EWMA_GAUSS,ALL_EQUIVARIANT,0.0325408805856972,0.0057657063140832514,0.0066118096245178616,399.81298261561238,1,-2.6766713238509579,65536,2014-12-31,3.4558944247975454e-18,3.4558944247975454e-18,-0.012058812616102012,0.01058194496223349
2015-01-13,2015-01-14,2015-01-15,net_cashflows,USD,0.94999999999999996,EWMA_GAUSS,ALL_EQUIVARIANT,0.0323130672283478,0.0041076672697959267,0.005154190299235922,103.97549425820979,1,-0.56306147614159696,65536,2014-12-31,3.4558944247975454e-18,3.4558944247975454e-18,-0.011925439212148276,0.010727774262431929
2015-01-13,2015-01-14,2015-01-15,net_cashflows,USD,0.98999999999999999,EWMA_GAUSS,ALL_EQUIVARIANT,0.0323130672283478,0.0058105579601255494,0.0066774746397806461,391.75535331606852,1,-2.6493840101425676,65536,2014-12-31,3.4558944247975454e-18,3.4558944247975454e-18,-0.011925439212148276,0.010727774262431929
2015-01-13,2015-01-14,2015-01-15,funded_assets,EUR,0.94999999999999996,EWMA_SELFNORMALIZED,ALL_EQUIVARIANT,-0.048007199002340503,0.0041871683745771937,0.0053004285738662855,-5.4499997090799415,0,0.0011132601992890918,65536,2014-12-31,3.4118487115403218e-18,3.4118487115403218e-18,-0.010347641088982451,0.0097201110403798974
2015-01-13,2015-01-14,2015-01-15,funded_assets,EUR,0.98999999999999999,EWMA_SELFNORMALIZED,ALL_EQUIVARIANT,-0.048007199002340503,0.0060257095779450431,0.0068893072914670344,-5.103138082231002,0,0.00086359771352199129,65536,2014-12-31,3.4118487115403218e-18,3.4118487115403218e-18,-0.010347641088982451,0.0097201110403798974
2015-01-13,2015-01-14,2015-01-15,funded_assets,USD,0.94999999999999996,EWMA_SELFNORMALIZED,ALL_EQUIVARIANT,-0.047680755673647802,0.0042128746679367061,0.0053491766583267731,-5.4432382123288372,0,0.001136301990390067,65536,2014-12-31,3.4118487115403218e-18,3.4118487115403218e-18,-0.010169501990263992,0.0098509550114992631
2015-01-13,2015-01-14,2015-01-15,funded_assets,USD,0.98999999999999999,EWMA_SELFNORMALIZED,ALL_EQUIVARIANT,-0.047680755673647802,0.0060892103317556796,0.0069702515057198464,-5.0925041693329431,0,0.0008810411739641668,65536,2014-12-31,3.4118487115403218e-18,3.4118487115403218e-18,-0.010169501990263992,0.0098509550114992631
2015-01-13,2015-01-14,2015-01-15,net_cashflows,EUR,0.94999999999999996,EWMA_SELFNORMALIZED,ALL_EQUIVARIANT,0.0325408805856972,0.0040930740156530539,0.0051913303645117898,104.12504436170494,1,-0.56785787505202368,65536,2014-12-31,3.4118487115403218e-18,3.4118487115403218e-18,-0.0099312173320026172,0.010017256581167634
2015-01-13,2015-01-14,2015-01-15,net_cashflows,EUR,0.98999999999999999,EWMA_SELFNORMALIZED,ALL_EQUIVARIANT,0.0325408805856972,0.0058888110997332259,0.0068180387745420583,385.78074721178876,1,-2.6642777209215862,65536,2014-12-31,3.4118487115403218e-18,3.4118487115403218e-18,-0.0099312173320026172,0.010017256581167634
2015-01-13,2015-01-14,2015-01-15,net_cashflows,USD,0.94999999999999996,EWMA_SELFNORMALIZED,ALL_EQUIVARIANT,0.0323130672283478,0.0041138063368380932,0.0052325194093297989,102.31797695208412,1,-0.56286650475770195,65536,2014-12-31,3.4118487115403218e-18,3.4118487115403218e-18,-0.0096408980532734067,0.010138866669186423
2015-01-13,2015-01-14,2015-01-15,net_cashflows,USD,0.98999999999999999,EWMA_SELFNORMALIZED,ALL_EQUIVARIANT,0.0323130672283478,0.0059529629389635987,0.0068868428387193828,377.64661177310956,1,-2.6350765490386618,65536,2014-12-31,3.4118487115403218e-18,3.4118487115403218e-18,-0.0096408980532734067,0.010138866669186423
2015-01-13,2015-01-14,2015-01-15,funded_assets,EUR,0.94999999999999996,IN_FHS1250,EUR,-0.048007199002340503,0.0051504770562118829,0.0065249970642845831,-5.2427692778362838,0,0.0013745200080727002,1249,2014-12-31,2.4360667563033678e-18,2.4360667563033678e-18,-0.012234562274556604,0.0096503062267915551
2015-01-13,2015-01-14,2015-01-15,funded_assets,EUR,0.98999999999999999,IN_FHS1250,EUR,-0.048007199002340503,0.0075849571381996495,0.0084732025020168213,-4.8756766887320104,0,0.00088824536381717188,1249,2014-12-31,2.4360667563033678e-18,2.4360667563033678e-18,-0.012234562274556604,0.0096503062267915551
2015-01-13,2015-01-14,2015-01-15,funded_assets,USD,0.94999999999999996,IN_FHS1250,EUR,-0.047680755673647802,0.0052452465520093821,0.006582407897561887,-5.2264963306239256,0,0.0013371613455525049,1249,2014-12-31,2.4360667563033678e-18,2.4360667563033678e-18,-0.011937082719153924,0.0097859667565562379
2015-01-13,2015-01-14,2015-01-15,funded_assets,USD,0.98999999999999999,IN_FHS1250,EUR,-0.047680755673647802,0.0076981477268872733,0.008571624887705475,-4.8612012973243992,0,0.00087347716081820174,1249,2014-12-31,2.4360667563033678e-18,2.4360667563033678e-18,-0.011937082719153924,0.0097859667565562379
2015-01-13,2015-01-14,2015-01-15,net_cashflows,EUR,0.94999999999999996,IN_FHS1250,EUR,0.0325408805856972,0.0028125693573616824,0.0039562991310931961,144.46189824107785,1,-0.59342249479297826,1249,2014-12-31,2.4360667563033678e-18,2.4360667563033678e-18,-0.0099466073738971525,0.009703473257607953
2015-01-13,2015-01-14,2015-01-15,net_cashflows,EUR,0.98999999999999999,IN_FHS1250,EUR,0.0325408805856972,0.0050248927665675234,0.0061421508094782282,442.71171646269426,1,-2.7504815238700542,1249,2014-12-31,2.4360667563033678e-18,2.4360667563033678e-18,-0.0099466073738971525,0.009703473257607953
2015-01-13,2015-01-14,2015-01-15,net_cashflows,USD,0.94999999999999996,IN_FHS1250,EUR,0.0323130672283478,0.0028266755864879917,0.0039767539148990293,142.4772809448007,1,-0.58857775450878458,1249,2014-12-31,2.4360667563033678e-18,2.4360667563033678e-18,-0.0097221229016452825,0.0098760652208222128
2015-01-13,2015-01-14,2015-01-15,net_cashflows,USD,0.98999999999999999,IN_FHS1250,EUR,0.0323130672283478,0.0050612977368981382,0.006182816222213814,435.4989127132763,1,-2.7240554306596483,1249,2014-12-31,2.4360667563033678e-18,2.4360667563033678e-18,-0.0097221229016452825,0.0098760652208222128
2015-01-13,2015-01-14,2015-01-15,funded_assets,EUR,0.94999999999999996,IN_TCOP1250,EUR,-0.048007199002340503,0.004966990184033071,0.0064950170768345687,-5.2719814123036315,0,0.0015280268928014977,65536,2014-12-31,5.0686451563697332e-18,5.0686451563697332e-18,-0.0135532673834452,0.013995262916938811
2015-01-13,2015-01-14,2015-01-15,funded_assets,EUR,0.98999999999999999,IN_TCOP1250,EUR,-0.048007199002340503,0.007478307533151124,0.008873268142848811,-4.8819214393911619,0,0.0013949606096976871,65536,2014-12-31,5.0686451563697332e-18,5.0686451563697332e-18,-0.0135532673834452,0.013995262916938811
2015-01-13,2015-01-14,2015-01-15,funded_assets,USD,0.94999999999999996,IN_TCOP1250,EUR,-0.047680755673647802,0.0049990336152487052,0.0065547310858868188,-5.2649078199273269,0,0.0015556974706381135,65536,2014-12-31,5.0686451563697332e-18,5.0686451563697332e-18,-0.013613278601505317,0.014276866264591299
2015-01-13,2015-01-14,2015-01-15,funded_assets,USD,0.98999999999999999,IN_TCOP1250,EUR,-0.047680755673647802,0.0075528410321157296,0.0089799869256822137,-4.8716820164599977,0,0.0014271458935664841,65536,2014-12-31,5.0686451563697332e-18,5.0686451563697332e-18,-0.013613278601505317,0.014276866264591299
2015-01-13,2015-01-14,2015-01-15,net_cashflows,EUR,0.94999999999999996,IN_TCOP1250,EUR,0.0325408805856972,0.0029776552568350542,0.0039504990904150449,143.88813414571445,1,-0.5902916627436624,65536,2014-12-31,5.0686451563697332e-18,5.0686451563697332e-18,-0.015475053976717569,0.013447947888663258
2015-01-13,2015-01-14,2015-01-15,net_cashflows,EUR,0.98999999999999999,IN_TCOP1250,EUR,0.0325408805856972,0.0045034057750694126,0.0055440732852635212,500.33703868615169,1,-2.8027068135525823,65536,2014-12-31,5.0686451563697332e-18,5.0686451563697332e-18,-0.015475053976717569,0.013447947888663258
2015-01-13,2015-01-14,2015-01-15,net_cashflows,USD,0.94999999999999996,IN_TCOP1250,EUR,0.0323130672283478,0.0029900273950802152,0.003972407874276271,141.85789638248693,1,-0.58547841618615515,65536,2014-12-31,5.0686451563697332e-18,5.0686451563697332e-18,-0.015359581698287782,0.01358268567066178
2015-01-13,2015-01-14,2015-01-15,net_cashflows,USD,0.98999999999999999,IN_TCOP1250,EUR,0.0323130672283478,0.00452616964307465,0.0055863761021413523,492.02749647376135,1,-2.7776295520682459,65536,2014-12-31,5.0686451563697332e-18,5.0686451563697332e-18,-0.015359581698287782,0.01358268567066178
2015-01-13,2015-01-14,2015-01-15,funded_assets,EUR,0.94999999999999996,IN_FHS1250,USD,-0.048007199002340503,0.006055802648657127,0.0079248888848734867,-5.0735971306561627,0,0.0018690862362163597,1249,2014-12-31,3.8014838672772999e-18,3.8014838672772999e-18,-0.017754098117782585,0.013761155812527293
2015-01-13,2015-01-14,2015-01-15,funded_assets,EUR,0.98999999999999999,IN_FHS1250,USD,-0.048007199002340503,0.0091152048307886202,0.01058328698715353,-4.6871962531761771,0,0.0014680821563649096,1249,2014-12-31,3.8014838672772999e-18,3.8014838672772999e-18,-0.017754098117782585,0.013761155812527293
2015-01-13,2015-01-14,2015-01-15,funded_assets,USD,0.94999999999999996,IN_FHS1250,USD,-0.047680755673647802,0.0060589423628014385,0.0079892116031647555,-5.0712726744286343,0,0.001930269240363317,1249,2014-12-31,3.8014838672772999e-18,3.8014838672772999e-18,-0.017688080064506329,0.013871183125081288
2015-01-13,2015-01-14,2015-01-15,funded_assets,USD,0.98999999999999999,IN_FHS1250,USD,-0.047680755673647802,0.0091376938872232728,0.010695953963740481,-4.6835766153001508,0,0.001558260076517208,1249,2014-12-31,3.8014838672772999e-18,3.8014838672772999e-18,-0.017688080064506329,0.013871183125081288
2015-01-13,2015-01-14,2015-01-15,net_cashflows,EUR,0.94999999999999996,IN_FHS1250,USD,0.0325408805856972,0.0039369682168961528,0.0053553557942292553,101.32906209221231,1,-0.57065985979868727,1249,2014-12-31,3.8014838672772999e-18,3.8014838672772999e-18,-0.0091141645080889625,0.0086736070261361313
2015-01-13,2015-01-14,2015-01-15,net_cashflows,EUR,0.98999999999999999,IN_FHS1250,USD,0.0325408805856972,0.0061977270261407424,0.0071353979247397569,364.115592718362,1,-2.6333776850570447,1249,2014-12-31,3.8014838672772999e-18,3.8014838672772999e-18,-0.0091141645080889625,0.0086736070261361313
2015-01-13,2015-01-14,2015-01-15,net_cashflows,USD,0.94999999999999996,IN_FHS1250,USD,0.0323130672283478,0.0039446815001374915,0.0053771024617545182,100.02351276612735,1,-0.56593529360258865,1249,2014-12-31,3.8014838672772999e-18,3.8014838672772999e-18,-0.0090334342823937402,0.0088285636088758154
2015-01-13,2015-01-14,2015-01-15,net_cashflows,USD,0.98999999999999999,IN_FHS1250,USD,0.0323130672283478,0.0062412504073497124,0.007186974426189088,357.69777394026181,1,-2.6062359580809669,1249,2014-12-31,3.8014838672772999e-18,3.8014838672772999e-18,-0.0090334342823937402,0.0088285636088758154
2015-01-13,2015-01-14,2015-01-15,funded_assets,EUR,0.94999999999999996,IN_TCOP1250,USD,-0.048007199002340503,0.0059803042489202096,0.0078188587601739981,-5.0863602627359192,0,0.0018385545112537885,65536,2014-12-31,4.8518047218726323e-18,4.8518047218726323e-18,-0.021371853611348135,0.021894459712313963
2015-01-13,2015-01-14,2015-01-15,funded_assets,EUR,0.98999999999999999,IN_TCOP1250,USD,-0.048007199002340503,0.0089327257959417872,0.010673753350360755,-4.7030804736450431,0,0.0017410275544189682,65536,2014-12-31,4.8518047218726323e-18,4.8518047218726323e-18,-0.021371853611348135,0.021894459712313963
2015-01-13,2015-01-14,2015-01-15,funded_assets,USD,0.94999999999999996,IN_TCOP1250,USD,-0.047680755673647802,0.006020946032625981,0.0078796090269306878,-5.0793596341014444,0,0.0018586629943047068,65536,2014-12-31,4.8518047218726323e-18,4.8518047218726323e-18,-0.021227593888721096,0.021969121655597557
2015-01-13,2015-01-14,2015-01-15,funded_assets,USD,0.98999999999999999,IN_TCOP1250,USD,-0.047680755673647802,0.008998480160576007,0.010782064697250841,-4.6952926292673043,0,0.0017835845366748343,65536,2014-12-31,4.8518047218726323e-18,4.8518047218726323e-18,-0.021227593888721096,0.021969121655597557
2015-01-13,2015-01-14,2015-01-15,net_cashflows,EUR,0.94999999999999996,IN_TCOP1250,USD,0.0325408805856972,0.0039590436399384206,0.005160603079246936,105.26983250787293,1,-0.57043517947586653,65536,2014-12-31,4.8518047218726323e-18,4.8518047218726323e-18,-0.012843081742754302,0.010618447082534243
2015-01-13,2015-01-14,2015-01-15,net_cashflows,EUR,0.98999999999999999,IN_TCOP1250,USD,0.0325408805856972,0.0059308747877067965,0.0068683949474411523,382.30952174734148,1,-2.6600630596393033,65536,2014-12-31,4.8518047218726323e-18,4.8518047218726323e-18,-0.012843081742754302,0.010618447082534243
2015-01-13,2015-01-14,2015-01-15,net_cashflows,USD,0.94999999999999996,IN_TCOP1250,USD,0.0323130672283478,0.0039672186716405173,0.0051791241859123248,103.96482064607724,1,-0.56570506561987333,65536,2014-12-31,4.8518047218726323e-18,4.8518047218726323e-18,-0.012711171653767899,0.010631017967792037
2015-01-13,2015-01-14,2015-01-15,net_cashflows,USD,0.98999999999999999,IN_TCOP1250,USD,0.0323130672283478,0.0059648149094813727,0.0068984418388995912,376.83318171975225,1,-2.6338916049572227,65536,2014-12-31,4.8518047218726323e-18,4.8518047218726323e-18,-0.012711171653767899,0.010631017967792037
2015-01-13,2015-01-14,2015-01-15,funded_assets,EUR,0.94999999999999996,IN_FHS1250,GBP,-0.048007199002340503,0.0060070679254516091,0.0078238961727445776,-5.0827878975676919,0,0.0018168282472929686,1249,2014-12-31,4.2419409998495361e-18,4.2419409998495361e-18,-0.015503518293330909,0.012247141017714125
2015-01-13,2015-01-14,2015-01-15,funded_assets,EUR,0.98999999999999999,IN_FHS1250,GBP,-0.048007199002340503,0.0090659983945530487,0.010345785405513,-4.6948773403882091,0,0.0012797870109599509,1249,2014-12-31,4.2419409998495361e-18,4.2419409998495361e-18,-0.015503518293330909,0.012247141017714125
2015-01-13,2015-01-14,2015-01-15,funded_assets,USD,0.94999999999999996,IN_FHS1250,GBP,-0.047680755673647802,0.0060343891456790784,0.0078887484536596976,-5.0773815961968305,0,0.0018543593079806192,1249,2014-12-31,4.2419409998495361e-18,4.2419409998495361e-18,-0.01536805335204466,0.012467221274517794
2015-01-13,2015-01-14,2015-01-15,funded_assets,USD,0.98999999999999999,IN_FHS1250,GBP,-0.047680755673647802,0.0092158737660563705,0.010478944939872007,-4.6789214720240579,0,0.0012630711738156365,1249,2014-12-31,4.2419409998495361e-18,4.2419409998495361e-18,-0.01536805335204466,0.012467221274517794
2015-01-13,2015-01-14,2015-01-15,net_cashflows,EUR,0.94999999999999996,IN_FHS1250,GBP,0.0325408805856972,0.0032907117086341865,0.0045402577299721589,123.17806868638766,1,-0.58375383151992177,1249,2014-12-31,4.2419409998495361e-18,4.2419409998495361e-18,-0.010153426359278539,0.011116180644792972
2015-01-13,2015-01-14,2015-01-15,net_cashflows,EUR,0.98999999999999999,IN_FHS1250,GBP,0.0325408805856972,0.0053397150292727406,0.0064256507176629705,418.10511338088014,1,-2.7190306199540535,1249,2014-12-31,4.2419409998495361e-18,4.2419409998495361e-18,-0.010153426359278539,0.011116180644792972
2015-01-13,2015-01-14,2015-01-15,net_cashflows,USD,0.94999999999999996,IN_FHS1250,GBP,0.0323130672283478,0.0033014617133748114,0.0045586233627765635,121.61579842480026,1,-0.5789749486500575,1249,2014-12-31,4.2419409998495361e-18,4.2419409998495361e-18,-0.010106079522379281,0.011313326477218616
2015-01-13,2015-01-14,2015-01-15,net_cashflows,USD,0.98999999999999999,IN_FHS1250,GBP,0.0323130672283478,0.0053697126486382798,0.006459519686090702,411.89989163755354,1,-2.693245650933497,1249,2014-12-31,4.2419409998495361e-18,4.2419409998495361e-18,-0.010106079522379281,0.011313326477218616
2015-01-13,2015-01-14,2015-01-15,funded_assets,EUR,0.94999999999999996,IN_TCOP1250,GBP,-0.048007199002340503,0.0057223860408701643,0.0078512971437178034,-5.1182305803728347,0,0.0021289111028476391,65536,2014-12-31,5.570088661144279e-18,5.570088661144279e-18,-0.028283402271842811,0.023215724365870799
2015-01-13,2015-01-14,2015-01-15,funded_assets,EUR,0.98999999999999999,IN_TCOP1250,GBP,-0.048007199002340503,0.0090727101708768798,0.011363144945005926,-4.6789470371076849,0,0.0022904347741290465,65536,2014-12-31,5.570088661144279e-18,5.570088661144279e-18,-0.028283402271842811,0.023215724365870799
2015-01-13,2015-01-14,2015-01-15,funded_assets,USD,0.94999999999999996,IN_TCOP1250,GBP,-0.047680755673647802,0.0057604067628582384,0.0079252359900304683,-5.1108596189613031,0,0.0021648292271722299,65536,2014-12-31,5.570088661144279e-18,5.570088661144279e-18,-0.027593489829699933,0.023621488170188311
2015-01-13,2015-01-14,2015-01-15,funded_assets,USD,0.98999999999999999,IN_TCOP1250,GBP,-0.047680755673647802,0.0091407162078377766,0.011513358316910326,-4.670324652167432,0,0.0023726421090725491,65536,2014-12-31,5.570088661144279e-18,5.570088661144279e-18,-0.027593489829699933,0.023621488170188311
2015-01-13,2015-01-14,2015-01-15,net_cashflows,EUR,0.94999999999999996,IN_TCOP1250,GBP,0.0325408805856972,0.0033923950907941533,0.004696799085409987,118.48204435798286,1,-0.58166530590344456,65536,2014-12-31,5.570088661144279e-18,5.570088661144279e-18,-0.016968362158517769,0.014323889110271049
2015-01-13,2015-01-14,2015-01-15,net_cashflows,EUR,0.98999999999999999,IN_TCOP1250,GBP,0.0325408805856972,0.0054390730195201355,0.0067707141811847648,395.08806895316576,1,-2.7088491154560397,65536,2014-12-31,5.570088661144279e-18,5.570088661144279e-18,-0.016968362158517769,0.014323889110271049
2015-01-13,2015-01-14,2015-01-15,net_cashflows,USD,0.94999999999999996,IN_TCOP1250,GBP,0.0323130672283478,0.0034029184638133658,0.0047168692304723975,116.94676462106133,1,-0.57688902452402901,65536,2014-12-31,5.570088661144279e-18,5.570088661144279e-18,-0.016956070965418072,0.014729517892138461
2015-01-13,2015-01-14,2015-01-15,net_cashflows,USD,0.98999999999999999,IN_TCOP1250,GBP,0.0323130672283478,0.0054733315691981475,0.0068150325987456524,388.64586315499133,1,-2.6826318648854155,65536,2014-12-31,5.570088661144279e-18,5.570088661144279e-18,-0.016956070965418072,0.014729517892138461
2015-01-13,2015-01-14,2015-01-15,funded_assets,EUR,0.94999999999999996,IN_FHS1250,JPY,-0.048007199002340503,0.0053321413654240091,0.0068147628314894123,-5.2062242596358459,0,0.0014826214660654032,1249,2014-12-31,3.6727348592946463e-18,3.6727348592946463e-18,-0.013400444424557179,0.011268936122646817
2015-01-13,2015-01-14,2015-01-15,funded_assets,EUR,0.98999999999999999,IN_FHS1250,JPY,-0.048007199002340503,0.0077109403289102596,0.0088656230879791947,-4.8558167636319673,0,0.0011546827590689351,1249,2014-12-31,3.6727348592946463e-18,3.6727348592946463e-18,-0.013400444424557179,0.011268936122646817
2015-01-13,2015-01-14,2015-01-15,funded_assets,USD,0.94999999999999996,IN_FHS1250,JPY,-0.047680755673647802,0.0053413377083055781,0.0068670942942025744,-5.2031979423106431,0,0.0015257565858969964,1249,2014-12-31,3.6727348592946463e-18,3.6727348592946463e-18,-0.012914321089138751,0.011521852349187737
2015-01-13,2015-01-14,2015-01-15,funded_assets,USD,0.98999999999999999,IN_FHS1250,JPY,-0.047680755673647802,0.0078044222456756813,0.008966701055317489,-4.8438591208427226,0,0.0011622788096418077,1249,2014-12-31,3.6727348592946463e-18,3.6727348592946463e-18,-0.012914321089138751,0.011521852349187737
2015-01-13,2015-01-14,2015-01-15,net_cashflows,EUR,0.94999999999999996,IN_FHS1250,JPY,0.0325408805856972,0.0041694245201864934,0.0056757209870005937,94.537858296165226,1,-0.56592282484339951,1249,2014-12-31,3.6727348592946463e-18,3.6727348592946463e-18,-0.0099262969141518994,0.0092712901680327524
2015-01-13,2015-01-14,2015-01-15,net_cashflows,EUR,0.98999999999999999,IN_FHS1250,JPY,0.0325408805856972,0.0065480769793038185,0.0074220760907918477,345.18828569440052,1,-2.5984063615278479,1249,2014-12-31,3.6727348592946463e-18,3.6727348592946463e-18,-0.0099262969141518994,0.0092712901680327524
2015-01-13,2015-01-14,2015-01-15,net_cashflows,USD,0.94999999999999996,IN_FHS1250,JPY,0.0323130672283478,0.0041490846883375466,0.0057244315626139861,92.961019642228663,1,-0.56170430392592818,1249,2014-12-31,3.6727348592946463e-18,3.6727348592946463e-18,-0.0098872985000569482,0.0092378512857573258
2015-01-13,2015-01-14,2015-01-15,net_cashflows,USD,0.98999999999999999,IN_FHS1250,JPY,0.0323130672283478,0.0066140252020332356,0.0075106342264378637,337.15791974240568,1,-2.5690075936070493,1249,2014-12-31,3.6727348592946463e-18,3.6727348592946463e-18,-0.0098872985000569482,0.0092378512857573258
2015-01-13,2015-01-14,2015-01-15,funded_assets,EUR,0.94999999999999996,IN_TCOP1250,JPY,-0.048007199002340503,0.0053738430538576576,0.0073527491738625906,-5.181819258586053,0,0.001978906120004933,65536,2014-12-31,4.7162794503119443e-18,4.7162794503119443e-18,-0.031291624370125948,0.025266926957744296
2015-01-13,2015-01-14,2015-01-15,funded_assets,EUR,0.98999999999999999,IN_TCOP1250,JPY,-0.048007199002340503,0.0084423955560591901,0.010731810007876184,-4.7478728097617262,0,0.0022894144518169936,65536,2014-12-31,4.7162794503119443e-18,4.7162794503119443e-18,-0.031291624370125948,0.025266926957744296
2015-01-13,2015-01-14,2015-01-15,funded_assets,USD,0.94999999999999996,IN_TCOP1250,JPY,-0.047680755673647802,0.0054088860079262741,0.0074289193828132125,-5.1742897037660347,0,0.0020200333748869384,65536,2014-12-31,4.7162794503119443e-18,4.7162794503119443e-18,-0.030431377714126913,0.025891577680708631
2015-01-13,2015-01-14,2015-01-15,funded_assets,USD,0.98999999999999999,IN_TCOP1250,JPY,-0.047680755673647802,0.0085312464565693771,0.010899331921302283,-4.7363226472337345,0,0.0023680854647329056,65536,2014-12-31,4.7162794503119443e-18,4.7162794503119443e-18,-0.030431377714126913,0.025891577680708631
2015-01-13,2015-01-14,2015-01-15,net_cashflows,EUR,0.94999999999999996,IN_TCOP1250,JPY,0.0325408805856972,0.0042863103162854802,0.0056139622430833331,95.239223075866448,1,-0.56376375346143603,65536,2014-12-31,4.7162794503119443e-18,4.7162794503119443e-18,-0.016382159819682187,0.016336610581187162
2015-01-13,2015-01-14,2015-01-15,net_cashflows,EUR,0.98999999999999999,IN_TCOP1250,JPY,0.0325408805856972,0.0064466002282764891,0.0076156397716557927,337.60962962563883,1,-2.6082589961986895,65536,2014-12-31,4.7162794503119443e-18,4.7162794503119443e-18,-0.016382159819682187,0.016336610581187162
2015-01-13,2015-01-14,2015-01-15,net_cashflows,USD,0.94999999999999996,IN_TCOP1250,JPY,0.0323130672283478,0.0043103087127900532,0.0056542107015430188,93.637954089835475,1,-0.55871126832240137,65536,2014-12-31,4.7162794503119443e-18,4.7162794503119443e-18,-0.015542850226515199,0.016491596131890517
2015-01-13,2015-01-14,2015-01-15,net_cashflows,USD,0.98999999999999999,IN_TCOP1250,JPY,0.0323130672283478,0.0064987137622725217,0.00769070323484378,330.63387212504369,1,-2.5802433571349539,65536,2014-12-31,4.7162794503119443e-18,4.7162794503119443e-18,-0.015542850226515199,0.016491596131890517
2015-01-13,2015-01-14,2015-01-15,funded_assets,EUR,0.94999999999999996,IN_FHS1250,CHF,-0.048007199002340503,0.0050616394606464721,0.0066936458136307338,-5.2504108564162362,0,0.0016320063529842617,1249,2014-12-31,2.1955093992831465e-18,2.1955093992831465e-18,-0.013430037208550516,0.0099716761688096178
2015-01-13,2015-01-14,2015-01-15,funded_assets,EUR,0.98999999999999999,IN_FHS1250,CHF,-0.048007199002340503,0.0077299402033727538,0.0085861605592153258,-4.8573245904523015,0,0.00085622035584257197,1249,2014-12-31,2.1955093992831465e-18,2.1955093992831465e-18,-0.013430037208550516,0.0099716761688096178
2015-01-13,2015-01-14,2015-01-15,funded_assets,USD,0.94999999999999996,IN_FHS1250,CHF,-0.047680755673647802,0.0051369431207609097,0.0067683787209075925,-5.2365315721264132,0,0.0016314356001466829,1249,2014-12-31,2.1955093992831465e-18,2.1955093992831465e-18,-0.013051092710847615,0.010104102189469654
2015-01-13,2015-01-14,2015-01-15,funded_assets,USD,0.98999999999999999,IN_FHS1250,CHF,-0.047680755673647802,0.0078092134863152638,0.0086770837657638104,-4.84708843712062,0,0.00086787027944854652,1249,2014-12-31,2.1955093992831465e-18,2.1955093992831465e-18,-0.013051092710847615,0.010104102189469654
2015-01-13,2015-01-14,2015-01-15,net_cashflows,EUR,0.94999999999999996,IN_FHS1250,CHF,0.0325408805856972,0.0033525181009121715,0.0046417855695143426,120.11310217099907,1,-0.5824779822270979,1249,2014-12-31,2.1955093992831465e-18,2.1955093992831465e-18,-0.010522651091916423,0.010951841160078413
2015-01-13,2015-01-14,2015-01-15,net_cashflows,EUR,0.98999999999999999,IN_FHS1250,CHF,0.0325408805856972,0.0051965908600801972,0.0067070610381765429,402.46426367142675,1,-2.732918502383602,1249,2014-12-31,2.1955093992831465e-18,2.1955093992831465e-18,-0.010522651091916423,0.010951841160078413
2015-01-13,2015-01-14,2015-01-15,net_cashflows,USD,0.94999999999999996,IN_FHS1250,CHF,0.0323130672283478,0.0033851937129614671,0.0046779947616063808,118.03513899725742,1,-0.57726466925908126,1249,2014-12-31,2.1955093992831465e-18,2.1955093992831465e-18,-0.010671458049616011,0.011172369874881545
2015-01-13,2015-01-14,2015-01-15,net_cashflows,USD,0.98999999999999999,IN_FHS1250,CHF,0.0323130672283478,0.0052049615563387833,0.006751886144606787,396.26233442645287,1,-2.7092636426126315,1249,2014-12-31,2.1955093992831465e-18,2.1955093992831465e-18,-0.010671458049616011,0.011172369874881545
2015-01-13,2015-01-14,2015-01-15,funded_assets,EUR,0.94999999999999996,IN_TCOP1250,CHF,-0.048007199002340503,0.0051624297866522117,0.006672142329476498,-5.2360853156385341,0,0.0015097125428242862,65536,2014-12-31,4.2148359455373985e-18,4.2148359455373985e-18,-0.014472737739150587,0.013949888175903424
2015-01-13,2015-01-14,2015-01-15,funded_assets,EUR,0.98999999999999999,IN_TCOP1250,CHF,-0.048007199002340503,0.0076443023066841698,0.0089073661058924891,-4.8626766119853624,0,0.0012630637992083193,65536,2014-12-31,4.2148359455373985e-18,4.2148359455373985e-18,-0.014472737739150587,0.013949888175903424
2015-01-13,2015-01-14,2015-01-15,funded_assets,USD,0.94999999999999996,IN_TCOP1250,CHF,-0.047680755673647802,0.0052009241865580607,0.0067429793290714329,-5.2279438893035595,0,0.0015420551425133723,65536,2014-12-31,4.2148359455373985e-18,4.2148359455373985e-18,-0.014414232138227692,0.013930806100335032
2015-01-13,2015-01-14,2015-01-15,funded_assets,USD,0.98999999999999999,IN_TCOP1250,CHF,-0.047680755673647802,0.0077261377428596454,0.0090290898707854669,-4.851609737704333,0,0.0013029521279258214,65536,2014-12-31,4.2148359455373985e-18,4.2148359455373985e-18,-0.014414232138227692,0.013930806100335032
2015-01-13,2015-01-14,2015-01-15,net_cashflows,EUR,0.94999999999999996,IN_TCOP1250,CHF,0.0325408805856972,0.0033751910966285385,0.0044527727207491164,125.34389583981216,1,-0.58223620815725219,65536,2014-12-31,4.2148359455373985e-18,4.2148359455373985e-18,-0.014891828993647584,0.013229814927814575
2015-01-13,2015-01-14,2015-01-15,net_cashflows,EUR,0.98999999999999999,IN_TCOP1250,CHF,0.0325408805856972,0.0050942855954222883,0.0061421643118823978,441.59225170368273,1,-2.7436116203110283,65536,2014-12-31,4.2148359455373985e-18,4.2148359455373985e-18,-0.014891828993647584,0.013229814927814575
2015-01-13,2015-01-14,2015-01-15,net_cashflows,USD,0.94999999999999996,IN_TCOP1250,CHF,0.0323130672283478,0.0033905227656825594,0.0044859359689275189,123.29665088271588,1,-0.57735547605005944,65536,2014-12-31,4.2148359455373985e-18,4.2148359455373985e-18,-0.014723830787100264,0.013351337423649698
2015-01-13,2015-01-14,2015-01-15,net_cashflows,USD,0.98999999999999999,IN_TCOP1250,CHF,0.0323130672283478,0.0051451222026995466,0.0062004864509674464,432.90494966219143,1,-2.7157391383165548,65536,2014-12-31,4.2148359455373985e-18,4.2148359455373985e-18,-0.014723830787100264,0.013351337423649698
2015-01-13,2015-01-14,2015-01-15,funded_assets,EUR,0.94999999999999996,IN_FHS_REF_POOL,ALL_FIVE,-0.048007199002340503,0.0054621976603600741,0.0072017917987113895,-5.1749756075778786,0,0.0017395941383513153,6245,2014-12-31,0,0,-0.017754098117782585,0.013761155812527293
2015-01-13,2015-01-14,2015-01-15,funded_assets,EUR,0.98999999999999999,IN_FHS_REF_POOL,ALL_FIVE,-0.048007199002340503,0.0081888191595083926,0.0095166154060837647,-4.7942400178226112,0,0.0013277962465753721,6245,2014-12-31,0,0,-0.017754098117782585,0.013761155812527293
2015-01-13,2015-01-14,2015-01-15,funded_assets,USD,0.94999999999999996,IN_FHS_REF_POOL,ALL_FIVE,-0.047680755673647802,0.0055214999609058436,0.0072626621347218027,-5.1647504229614665,0,0.0017411621738159591,6245,2014-12-31,0,0,-0.017688080064506329,0.013871183125081288
2015-01-13,2015-01-14,2015-01-15,funded_assets,USD,0.98999999999999999,IN_FHS_REF_POOL,ALL_FIVE,-0.047680755673647802,0.0082079989455162098,0.0096167385970409303,-4.7907383911046129,0,0.0014087396515247205,6245,2014-12-31,0,0,-0.017688080064506329,0.013871183125081288
2015-01-13,2015-01-14,2015-01-15,net_cashflows,EUR,0.94999999999999996,IN_FHS_REF_POOL,ALL_FIVE,0.0325408805856972,0.0035158772729457,0.0049261255201727503,112.24162139639081,1,-0.57908981800780246,6245,2014-12-31,0,0,-0.010522651091916423,0.011116180644792972
2015-01-13,2015-01-14,2015-01-15,net_cashflows,EUR,0.98999999999999999,IN_FHS_REF_POOL,ALL_FIVE,0.0325408805856972,0.0057849602479834276,0.0069901462798823699,377.63057767170773,1,-2.6743868477394761,6245,2014-12-31,0,0,-0.010522651091916423,0.011116180644792972
2015-01-13,2015-01-14,2015-01-15,net_cashflows,USD,0.94999999999999996,IN_FHS_REF_POOL,ALL_FIVE,0.0323130672283478,0.0035303754731880205,0.00495560913024905,110.5672388397026,1,-0.57422860144613408,6245,2014-12-31,0,0,-0.010671458049616011,0.011313326477218616
2015-01-13,2015-01-14,2015-01-15,net_cashflows,USD,0.98999999999999999,IN_FHS_REF_POOL,ALL_FIVE,0.0323130672283478,0.0058052364658067726,0.0070504299009546221,370.84339386434203,1,-2.6495378828189526,6245,2014-12-31,0,0,-0.010671458049616011,0.011313326477218616
2015-01-13,2015-01-14,2015-01-15,funded_assets,EUR,0.94999999999999996,IN_TCOP_REF_POOL,ALL_FIVE,-0.048007199002340503,0.0054436355383937762,0.0072757203528032183,-5.1750204840203651,0,0.0018320848144094421,327680,2014-12-31,0,0,-0.031291624370125948,0.025266926957744296
2015-01-13,2015-01-14,2015-01-15,funded_assets,EUR,0.98999999999999999,IN_TCOP_REF_POOL,ALL_FIVE,-0.048007199002340503,0.0083374044693755867,0.010235645698328986,-4.76733295421832,0,0.0018982412289533998,327680,2014-12-31,0,0,-0.031291624370125948,0.025266926957744296
2015-01-13,2015-01-14,2015-01-15,funded_assets,USD,0.94999999999999996,IN_TCOP_REF_POOL,ALL_FIVE,-0.047680755673647802,0.005480304353319222,0.0073434392674479911,-5.167662194006355,0,0.001863134914128769,327680,2014-12-31,0,0,-0.030431377714126913,0.025891577680708631
2015-01-13,2015-01-14,2015-01-15,funded_assets,USD,0.98999999999999999,IN_TCOP_REF_POOL,ALL_FIVE,-0.047680755673647802,0.0084272859073774714,0.01036385643397034,-4.7562889692051309,0,0.0019365705265928686,327680,2014-12-31,0,0,-0.030431377714126913,0.025891577680708631
2015-01-13,2015-01-14,2015-01-15,net_cashflows,EUR,0.94999999999999996,IN_TCOP_REF_POOL,ALL_FIVE,0.0325408805856972,0.0036105938793894905,0.0048598633941305484,113.47422079531721,1,-0.57735646461141266,327680,2014-12-31,0,0,-0.016968362158517769,0.016336610581187162
2015-01-13,2015-01-14,2015-01-15,net_cashflows,EUR,0.98999999999999999,IN_TCOP_REF_POOL,ALL_FIVE,0.0325408805856972,0.0056323134356500715,0.0067786750273995475,391.79601004824627,1,-2.6897103534129614,327680,2014-12-31,0,0,-0.016968362158517769,0.016336610581187162
2015-01-13,2015-01-14,2015-01-15,net_cashflows,USD,0.94999999999999996,IN_TCOP_REF_POOL,ALL_FIVE,0.0323130672283478,0.0036247112290772455,0.0048869165482750034,111.82934669278622,1,-0.57250491466621278,327680,2014-12-31,0,0,-0.016956070965418072,0.016491596131890517
2015-01-13,2015-01-14,2015-01-15,net_cashflows,USD,0.98999999999999999,IN_TCOP_REF_POOL,ALL_FIVE,0.0323130672283478,0.0056628418489583204,0.0068289531722358797,385.09610659787637,1,-2.6638564266156677,327680,2014-12-31,0,0,-0.016956070965418072,0.016491596131890517
2015-01-15,2015-01-16,2015-01-19,funded_assets,EUR,0.94999999999999996,HS1250,ALL_EQUIVARIANT,0.0032973938282431,0.0072773080218551389,0.0097212078891575938,-4.8848441863658962,0,0.0024438998673024549,1249,2014-12-31,3.3068166260807885e-18,3.3068166260807885e-18,-0.048007199002342682,0.020564695146287643
2015-01-15,2015-01-16,2015-01-19,funded_assets,EUR,0.98999999999999999,HS1250,ALL_EQUIVARIANT,0.0032973938282431,0.010966374281485114,0.013245851823213447,-4.4961607625789144,0,0.0022794775417283326,1249,2014-12-31,3.3068166260807885e-18,3.3068166260807885e-18,-0.048007199002342682,0.020564695146287643
2015-01-15,2015-01-16,2015-01-19,funded_assets,USD,0.94999999999999996,HS1250,ALL_EQUIVARIANT,0.0032536982723604,0.0073832019423681686,0.0098033346433133994,-4.8719009960676161,0,0.0024201327009452309,1249,2014-12-31,3.3068166260807885e-18,3.3068166260807885e-18,-0.047680755673649919,0.020351281984027275
2015-01-15,2015-01-16,2015-01-19,funded_assets,USD,0.98999999999999999,HS1250,ALL_EQUIVARIANT,0.0032536982723604,0.011192164739226174,0.013400535010536332,-4.4772578185350245,0,0.0022083702713101578,1249,2014-12-31,3.3068166260807885e-18,3.3068166260807885e-18,-0.047680755673649919,0.020351281984027275
2015-01-15,2015-01-16,2015-01-19,net_cashflows,EUR,0.94999999999999996,HS1250,ALL_EQUIVARIANT,-0.0015854274822191001,0.0036624215590236207,0.0058538882100273365,-5.5150100517364598,0,0.0021914666510037158,1249,2014-12-31,3.3068166260807885e-18,3.3068166260807885e-18,-0.017414536388067337,0.032540880585699684
2015-01-15,2015-01-16,2015-01-19,net_cashflows,EUR,0.98999999999999999,HS1250,ALL_EQUIVARIANT,-0.0015854274822191001,0.0064528529520965433,0.010187677059338922,-4.9531785502665766,0,0.0037348241072423785,1249,2014-12-31,3.3068166260807885e-18,3.3068166260807885e-18,-0.017414536388067337,0.032540880585699684
2015-01-15,2015-01-16,2015-01-19,net_cashflows,USD,0.94999999999999996,HS1250,ALL_EQUIVARIANT,-0.0015692216563650001,0.0036924235711941079,0.0058760932421803493,-5.5084824548011522,0,0.0021836696709862415,1249,2014-12-31,3.3068166260807885e-18,3.3068166260807885e-18,-0.017222168834397346,0.03231306722835027
2015-01-15,2015-01-16,2015-01-19,net_cashflows,USD,0.98999999999999999,HS1250,ALL_EQUIVARIANT,-0.0015692216563650001,0.0065411952628783316,0.010214483490626003,-4.9435642763650396,0,0.0036732882277476717,1249,2014-12-31,3.3068166260807885e-18,3.3068166260807885e-18,-0.017222168834397346,0.03231306722835027
2015-01-15,2015-01-16,2015-01-19,funded_assets,EUR,0.94999999999999996,EWMA_GAUSS,ALL_EQUIVARIANT,0.0032973938282431,0.018020163712084758,0.022525502469740836,-3.9931177460429614,0,0.0045053387576560779,65536,2014-12-31,1.2976968268409508e-17,1.2976968268409508e-17,-0.052301004720337496,0.042043339481776798
2015-01-15,2015-01-16,2015-01-19,funded_assets,EUR,0.98999999999999999,EWMA_GAUSS,ALL_EQUIVARIANT,0.0032973938282431,0.025388371571396146,0.028967443293818621,-3.6651376993443785,0,0.0035790717224224756,65536,2014-12-31,1.2976968268409508e-17,1.2976968268409508e-17,-0.052301004720337496,0.042043339481776798
2015-01-15,2015-01-16,2015-01-19,funded_assets,USD,0.94999999999999996,EWMA_GAUSS,ALL_EQUIVARIANT,0.0032536982723604,0.018080103460477746,0.022625653065460823,-3.9895733958705195,0,0.0045455496049830769,65536,2014-12-31,1.2976968268409508e-17,1.2976968268409508e-17,-0.051368553743045373,0.042132655517563032
2015-01-15,2015-01-16,2015-01-19,funded_assets,USD,0.98999999999999999,EWMA_GAUSS,ALL_EQUIVARIANT,0.0032536982723604,0.025557684641606102,0.029133397296978301,-3.6586059523056091,0,0.0035757126553721992,65536,2014-12-31,1.2976968268409508e-17,1.2976968268409508e-17,-0.051368553743045373,0.042132655517563032
2015-01-15,2015-01-16,2015-01-19,net_cashflows,EUR,0.94999999999999996,EWMA_GAUSS,ALL_EQUIVARIANT,-0.0015854274822191001,0.013139734929009151,0.016674156858326877,-4.3058653056568224,0,0.0035344219293177263,65536,2014-12-31,1.2976968268409508e-17,1.2976968268409508e-17,-0.031425228498219729,0.03557533734061491
2015-01-15,2015-01-16,2015-01-19,net_cashflows,EUR,0.98999999999999999,EWMA_GAUSS,ALL_EQUIVARIANT,-0.0015854274822191001,0.018790097809515429,0.021742495856419842,-3.9642758877754494,0,0.0029523980469044128,65536,2014-12-31,1.2976968268409508e-17,1.2976968268409508e-17,-0.031425228498219729,0.03557533734061491
2015-01-15,2015-01-16,2015-01-19,net_cashflows,USD,0.94999999999999996,EWMA_GAUSS,ALL_EQUIVARIANT,-0.0015692216563650001,0.013143398336945004,0.016658519647623396,-4.3058439278744505,0,0.0035151213106783923,65536,2014-12-31,1.2976968268409508e-17,1.2976968268409508e-17,-0.031489055945430139,0.035525872795449609
2015-01-15,2015-01-16,2015-01-19,net_cashflows,USD,0.98999999999999999,EWMA_GAUSS,ALL_EQUIVARIANT,-0.0015692216563650001,0.01880164915560812,0.021713946179676244,-3.9639215828521452,0,0.0029122970240681237,65536,2014-12-31,1.2976968268409508e-17,1.2976968268409508e-17,-0.031489055945430139,0.035525872795449609
2015-01-15,2015-01-16,2015-01-19,funded_assets,EUR,0.94999999999999996,EWMA_SELFNORMALIZED,ALL_EQUIVARIANT,0.0032973938282431,0.018178802805350808,0.02289754947308624,-3.9828062432021012,0,0.0047187466677354323,65536,2014-12-31,1.389811659854856e-17,1.389811659854856e-17,-0.050956552548950013,0.046211184756023732
2015-01-15,2015-01-16,2015-01-19,funded_assets,EUR,0.98999999999999999,EWMA_SELFNORMALIZED,ALL_EQUIVARIANT,0.0032973938282431,0.025951979011455517,0.029590159407827846,-3.6432658010594654,0,0.0036381803963723286,65536,2014-12-31,1.389811659854856e-17,1.389811659854856e-17,-0.050956552548950013,0.046211184756023732
2015-01-15,2015-01-16,2015-01-19,funded_assets,USD,0.94999999999999996,EWMA_SELFNORMALIZED,ALL_EQUIVARIANT,0.0032536982723604,0.0182566824609421,0.023008165794309397,-3.9784190041972178,0,0.0047514833333672964,65536,2014-12-31,1.389811659854856e-17,1.389811659854856e-17,-0.050502872022191336,0.046519016868613566
2015-01-15,2015-01-16,2015-01-19,funded_assets,USD,0.98999999999999999,EWMA_SELFNORMALIZED,ALL_EQUIVARIANT,0.0032536982723604,0.026071282856041655,0.029768451534630577,-3.6385036672676012,0,0.0036971686785889218,65536,2014-12-31,1.389811659854856e-17,1.389811659854856e-17,-0.050502872022191336,0.046519016868613566
2015-01-15,2015-01-16,2015-01-19,net_cashflows,EUR,0.94999999999999996,EWMA_SELFNORMALIZED,ALL_EQUIVARIANT,-0.0015854274822191001,0.013183032024296704,0.016911199968855255,-4.3002347097132576,0,0.0037281679445585504,65536,2014-12-31,1.389811659854856e-17,1.389811659854856e-17,-0.032397304806471718,0.034489958790506224
2015-01-15,2015-01-16,2015-01-19,net_cashflows,EUR,0.98999999999999999,EWMA_SELFNORMALIZED,ALL_EQUIVARIANT,-0.0015854274822191001,0.019290360280676992,0.022363591694470109,-3.9377422046141377,0,0.003073231413793117,65536,2014-12-31,1.389811659854856e-17,1.389811659854856e-17,-0.032397304806471718,0.034489958790506224
2015-01-15,2015-01-16,2015-01-19,net_cashflows,USD,0.94999999999999996,EWMA_SELFNORMALIZED,ALL_EQUIVARIANT,-0.0015692216563650001,0.013188425509565982,0.016893722073103221,-4.3001429939273867,0,0.0037052965635372397,65536,2014-12-31,1.389811659854856e-17,1.389811659854856e-17,-0.032310881105693828,0.034272731241400706
2015-01-15,2015-01-16,2015-01-19,net_cashflows,USD,0.98999999999999999,EWMA_SELFNORMALIZED,ALL_EQUIVARIANT,-0.0015692216563650001,0.019269946944475595,0.022333849947338169,-3.9388383298574339,0,0.0030639030028625745,65536,2014-12-31,1.389811659854856e-17,1.389811659854856e-17,-0.032310881105693828,0.034272731241400706
2015-01-15,2015-01-16,2015-01-19,funded_assets,EUR,0.94999999999999996,IN_FHS1250,EUR,0.0032973938282431,0.026083732923310399,0.032490554109556542,-3.6239961461801911,0,0.0064068211862461436,1249,2014-12-31,1.2685165418080402e-17,1.2685165418080402e-17,-0.056246139214577884,0.048759082668691583
2015-01-15,2015-01-16,2015-01-19,funded_assets,EUR,0.98999999999999999,IN_FHS1250,EUR,0.0032973938282431,0.036610927707596413,0.040929372222897609,-3.3014169954109374,0,0.0043184445153011952,1249,2014-12-31,1.2685165418080402e-17,1.2685165418080402e-17,-0.056246139214577884,0.048759082668691583
2015-01-15,2015-01-16,2015-01-19,funded_assets,USD,0.94999999999999996,IN_FHS1250,EUR,0.0032536982723604,0.025999284926549793,0.032632659670230824,-3.6257157684305046,0,0.0066333747436810309,1249,2014-12-31,1.2685165418080402e-17,1.2685165418080402e-17,-0.056320630201546699,0.049506663548739525
2015-01-15,2015-01-16,2015-01-19,funded_assets,USD,0.98999999999999999,IN_FHS1250,EUR,0.0032536982723604,0.036892412096421204,0.04129323107110508,-3.2936315164430026,0,0.0044008189746838761,1249,2014-12-31,1.2685165418080402e-17,1.2685165418080402e-17,-0.056320630201546699,0.049506663548739525
2015-01-15,2015-01-16,2015-01-19,net_cashflows,EUR,0.94999999999999996,IN_FHS1250,EUR,-0.0015854274822191001,0.020382268016627528,0.025060666238028852,-3.8731386590022958,0,0.0046783982214013246,1249,2014-12-31,1.2685165418080402e-17,1.2685165418080402e-17,-0.038297054511588408,0.043454685432822784
2015-01-15,2015-01-16,2015-01-19,net_cashflows,EUR,0.98999999999999999,IN_FHS1250,EUR,-0.0015854274822191001,0.027328831412724963,0.032134346148967319,-3.5873743476383653,0,0.0048055147362423556,1249,2014-12-31,1.2685165418080402e-17,1.2685165418080402e-17,-0.038297054511588408,0.043454685432822784
2015-01-15,2015-01-16,2015-01-19,net_cashflows,USD,0.94999999999999996,IN_FHS1250,EUR,-0.0015692216563650001,0.020577623316506768,0.025025445435137524,-3.865594140369697,0,0.0044478221186307551,1249,2014-12-31,1.2685165418080402e-17,1.2685165418080402e-17,-0.038084641826085057,0.043495510610077698
2015-01-15,2015-01-16,2015-01-19,net_cashflows,USD,0.98999999999999999,IN_FHS1250,EUR,-0.0015692216563650001,0.027435529171672985,0.032106477660075156,-3.5841805289719999,0,0.0046709484884021706,1249,2014-12-31,1.2685165418080402e-17,1.2685165418080402e-17,-0.038084641826085057,0.043495510610077698
2015-01-15,2015-01-16,2015-01-19,funded_assets,EUR,0.94999999999999996,IN_TCOP1250,EUR,0.0032973938282431,0.025601461743956916,0.032451492889506509,-3.6390940704528076,0,0.0068500311455495927,65536,2014-12-31,2.439454888092385e-17,2.439454888092385e-17,-0.076172554712576834,0.061214840091707357
2015-01-15,2015-01-16,2015-01-19,funded_assets,EUR,0.98999999999999999,IN_TCOP1250,EUR,0.0032973938282431,0.036929453023658465,0.041818731747203353,-3.2913269090996113,0,0.0048892787235448876,65536,2014-12-31,2.439454888092385e-17,2.439454888092385e-17,-0.076172554712576834,0.061214840091707357
2015-01-15,2015-01-16,2015-01-19,funded_assets,USD,0.94999999999999996,IN_TCOP1250,EUR,0.0032536982723604,0.025698999638322576,0.032568136868948959,-3.6353367447075917,0,0.0068691372306263834,65536,2014-12-31,2.439454888092385e-17,2.439454888092385e-17,-0.073285819461854085,0.061538832208800576
2015-01-15,2015-01-16,2015-01-19,funded_assets,USD,0.98999999999999999,IN_TCOP1250,EUR,0.0032536982723604,0.036981959435955739,0.042039374444037256,-3.2894504747489655,0,0.0050574150080815172,65536,2014-12-31,2.439454888092385e-17,2.439454888092385e-17,-0.073285819461854085,0.061538832208800576
2015-01-15,2015-01-16,2015-01-19,net_cashflows,EUR,0.94999999999999996,IN_TCOP1250,EUR,-0.0015854274822191001,0.020293650764223004,0.025378071932459167,-3.8742168108491222,0,0.0050844211682361633,65536,2014-12-31,2.439454888092385e-17,2.439454888092385e-17,-0.052686632754136875,0.054461191316358529
2015-01-15,2015-01-16,2015-01-19,net_cashflows,EUR,0.98999999999999999,IN_TCOP1250,EUR,-0.0015854274822191001,0.028579857338880646,0.033012056217331318,-3.5451424506997773,0,0.0044321988784506716,65536,2014-12-31,2.439454888092385e-17,2.439454888092385e-17,-0.052686632754136875,0.054461191316358529
2015-01-15,2015-01-16,2015-01-19,net_cashflows,USD,0.94999999999999996,IN_TCOP1250,EUR,-0.0015692216563650001,0.020256122133653524,0.025346384765076134,-3.8759471274222141,0,0.0050902626314226103,65536,2014-12-31,2.439454888092385e-17,2.439454888092385e-17,-0.052973753913699809,0.054191163544711062
2015-01-15,2015-01-16,2015-01-19,net_cashflows,USD,0.98999999999999999,IN_TCOP1250,EUR,-0.0015692216563650001,0.028546623704478826,0.032950693703323923,-3.5463993316893903,0,0.004404069998845097,65536,2014-12-31,2.439454888092385e-17,2.439454888092385e-17,-0.052973753913699809,0.054191163544711062
2015-01-15,2015-01-16,2015-01-19,funded_assets,EUR,0.94999999999999996,IN_FHS1250,USD,0.0032973938282431,0.0084529827136084756,0.012594868036364351,-4.7033208462703939,0,0.0041418853227558755,1249,2014-12-31,7.1997800516615529e-18,7.1997800516615529e-18,-0.049092977644704328,0.030388828425776199
2015-01-15,2015-01-16,2015-01-19,funded_assets,EUR,0.98999999999999999,IN_FHS1250,USD,0.0032973938282431,0.014974238674117207,0.019417234085634134,-4.1704113635651865,0,0.0044429954115169264,1249,2014-12-31,7.1997800516615529e-18,7.1997800516615529e-18,-0.049092977644704328,0.030388828425776199
2015-01-15,2015-01-16,2015-01-19,funded_assets,USD,0.94999999999999996,IN_FHS1250,USD,0.0032536982723604,0.00837522927415499,0.012582400320780306,-4.709825752727772,0,0.0042071710466253156,1249,2014-12-31,7.1997800516615529e-18,7.1997800516615529e-18,-0.048765585801576528,0.03014910662299965
2015-01-15,2015-01-16,2015-01-19,funded_assets,USD,0.98999999999999999,IN_FHS1250,USD,0.0032536982723604,0.015251903650865406,0.019450155825487234,-4.1557469089351518,0,0.0041982521746218287,1249,2014-12-31,7.1997800516615529e-18,7.1997800516615529e-18,-0.048765585801576528,0.03014910662299965
2015-01-15,2015-01-16,2015-01-19,net_cashflows,EUR,0.94999999999999996,IN_FHS1250,USD,-0.0015854274822191001,0.010672522692693543,0.014824631750502009,-4.4915469413057876,0,0.0041521090578084657,1249,2014-12-31,7.1997800516615529e-18,7.1997800516615529e-18,-0.0260796997008261,0.033409290811114059
2015-01-15,2015-01-16,2015-01-19,net_cashflows,EUR,0.98999999999999999,IN_FHS1250,USD,-0.0015854274822191001,0.017041487943766122,0.020568720253452522,-4.0554690499751356,0,0.0035272323096863997,1249,2014-12-31,7.1997800516615529e-18,7.1997800516615529e-18,-0.0260796997008261,0.033409290811114059
2015-01-15,2015-01-16,2015-01-19,net_cashflows,USD,0.94999999999999996,IN_FHS1250,USD,-0.0015692216563650001,0.010772619710699746,0.014929526352774974,-4.4828496585164128,0,0.0041569066420752282,1249,2014-12-31,7.1997800516615529e-18,7.1997800516615529e-18,-0.025874606073786343,0.033179447162326195
2015-01-15,2015-01-16,2015-01-19,net_cashflows,USD,0.98999999999999999,IN_FHS1250,USD,-0.0015692216563650001,0.017288824432032772,0.020731073435488752,-4.0421645420830181,0,0.0034422490034559799,1249,2014-12-31,7.1997800516615529e-18,7.1997800516615529e-18,-0.025874606073786343,0.033179447162326195
2015-01-15,2015-01-16,2015-01-19,funded_assets,EUR,0.94999999999999996,IN_TCOP1250,USD,0.0032973938282431,0.0094950185888471594,0.012571092535103372,-4.6210495850658724,0,0.0030760739462562126,65536,2014-12-31,1.11829524861249e-17,1.11829524861249e-17,-0.047098183606505556,0.03294600766929795
2015-01-15,2015-01-16,2015-01-19,funded_assets,EUR,0.98999999999999999,IN_TCOP1250,USD,0.0032973938282431,0.014332787315795709,0.017332096967253716,-4.2282446191124778,0,0.0029993096514580077,65536,2014-12-31,1.11829524861249e-17,1.11829524861249e-17,-0.047098183606505556,0.03294600766929795
2015-01-15,2015-01-16,2015-01-19,funded_assets,USD,0.94999999999999996,IN_TCOP1250,USD,0.0032536982723604,0.009479319170216615,0.012546561312603052,-4.622777398469875,0,0.0030672421423864372,65536,2014-12-31,1.11829524861249e-17,1.11829524861249e-17,-0.047296291798417323,0.033296948907148877
2015-01-15,2015-01-16,2015-01-19,funded_assets,USD,0.98999999999999999,IN_TCOP1250,USD,0.0032536982723604,0.014315181805149289,0.017301557914058834,-4.2295660813843217,0,0.0029863761089095452,65536,2014-12-31,1.11829524861249e-17,1.11829524861249e-17,-0.047296291798417323,0.033296948907148877
2015-01-15,2015-01-16,2015-01-19,net_cashflows,EUR,0.94999999999999996,IN_TCOP1250,USD,-0.0015854274822191001,0.010849816138496771,0.014440333012918046,-4.4863751028124588,0,0.0035905168744212752,65536,2014-12-31,1.11829524861249e-17,1.11829524861249e-17,-0.032419042039687429,0.040873469673272267
2015-01-15,2015-01-16,2015-01-19,net_cashflows,EUR,0.98999999999999999,IN_TCOP1250,USD,-0.0015854274822191001,0.016419326276222269,0.02021849680584837,-4.0890630969617821,0,0.0037991705296261009,65536,2014-12-31,1.11829524861249e-17,1.11829524861249e-17,-0.032419042039687429,0.040873469673272267
2015-01-15,2015-01-16,2015-01-19,net_cashflows,USD,0.94999999999999996,IN_TCOP1250,USD,-0.0015692216563650001,0.010907534946974384,0.014551452261865791,-4.4804805366227454,0,0.0036439173148914063,65536,2014-12-31,1.11829524861249e-17,1.11829524861249e-17,-0.032087387869592698,0.041712417338675152
2015-01-15,2015-01-16,2015-01-19,net_cashflows,USD,0.98999999999999999,IN_TCOP1250,USD,-0.0015692216563650001,0.016600449060271968,0.020424814919171003,-4.0782458509809461,0,0.0038243658588990349,65536,2014-12-31,1.11829524861249e-17,1.11829524861249e-17,-0.032087387869592698,0.041712417338675152
2015-01-15,2015-01-16,2015-01-19,funded_assets,EUR,0.94999999999999996,IN_FHS1250,GBP,0.0032973938282431,0.013065708627804956,0.017285304283594632,-4.3020132316308954,0,0.0042195956557896756,1249,2014-12-31,8.917562868693274e-18,8.917562868693274e-18,-0.049127963729333118,0.030455118545331394
2015-01-15,2015-01-16,2015-01-19,funded_assets,EUR,0.98999999999999999,IN_FHS1250,GBP,0.0032973938282431,0.020890190985809687,0.024420963307460495,-3.8568929314549218,0,0.0035307723216508081,1249,2014-12-31,8.917562868693274e-18,8.917562868693274e-18,-0.049127963729333118,0.030455118545331394
2015-01-15,2015-01-16,2015-01-19,funded_assets,USD,0.94999999999999996,IN_FHS1250,GBP,0.0032536982723604,0.01290539029559544,0.017306269179769868,-4.3109803743453412,0,0.0044008788841744285,1249,2014-12-31,8.917562868693274e-18,8.917562868693274e-18,-0.048807319994074165,0.030155596100789064
2015-01-15,2015-01-16,2015-01-19,funded_assets,USD,0.98999999999999999,IN_FHS1250,GBP,0.0032536982723604,0.020977225328857908,0.024484806616853507,-3.8529579132107399,0,0.0035075812879955988,1249,2014-12-31,8.917562868693274e-18,8.917562868693274e-18,-0.048807319994074165,0.030155596100789064
2015-01-15,2015-01-16,2015-01-19,net_cashflows,EUR,0.94999999999999996,IN_FHS1250,GBP,-0.0015854274822191001,0.01284623179612614,0.017009066704186018,-4.3187508535424568,0,0.004162834908059878,1249,2014-12-31,8.917562868693274e-18,8.917562868693274e-18,-0.025433331535799544,0.033270091934410377
2015-01-15,2015-01-16,2015-01-19,net_cashflows,EUR,0.98999999999999999,IN_FHS1250,GBP,-0.0015854274822191001,0.019165729980090408,0.023521721033596076,-3.9350211357307483,0,0.0043559910535056687,1249,2014-12-31,8.917562868693274e-18,8.917562868693274e-18,-0.025433331535799544,0.033270091934410377
2015-01-15,2015-01-16,2015-01-19,net_cashflows,USD,0.94999999999999996,IN_FHS1250,GBP,-0.0015692216563650001,0.012816835203911615,0.017038979484621866,-4.3200449091937303,0,0.0042221442807102508,1249,2014-12-31,8.917562868693274e-18,8.917562868693274e-18,-0.025172933557234128,0.033049050224046896
2015-01-15,2015-01-16,2015-01-19,net_cashflows,USD,0.98999999999999999,IN_FHS1250,GBP,-0.0015692216563650001,0.019381587677133317,0.023614757643717028,-3.9251429519956784,0,0.0042331699665837108,1249,2014-12-31,8.917562868693274e-18,8.917562868693274e-18,-0.025172933557234128,0.033049050224046896
2015-01-15,2015-01-16,2015-01-19,funded_assets,EUR,0.94999999999999996,IN_TCOP1250,GBP,0.0032973938282431,0.013233807122934482,0.01715608924751991,-4.2940254327071443,0,0.0039222821245854279,65536,2014-12-31,1.3105293759918535e-17,1.3105293759918535e-17,-0.066661373389571899,0.048957401259025424
2015-01-15,2015-01-16,2015-01-19,funded_assets,EUR,0.98999999999999999,IN_TCOP1250,GBP,0.0032973938282431,0.019569620713261932,0.023305449365973167,-3.9193665707140686,0,0.0037358286527112358,65536,2014-12-31,1.3105293759918535e-17,1.3105293759918535e-17,-0.066661373389571899,0.048957401259025424
2015-01-15,2015-01-16,2015-01-19,funded_assets,USD,0.94999999999999996,IN_TCOP1250,GBP,0.0032536982723604,0.013241371653123245,0.017197867795840861,-4.2930272328555876,0,0.0039564961427176158,65536,2014-12-31,1.3105293759918535e-17,1.3105293759918535e-17,-0.065044782603748783,0.049285537513097222
2015-01-15,2015-01-16,2015-01-19,funded_assets,USD,0.98999999999999999,IN_TCOP1250,GBP,0.0032536982723604,0.019661974622862399,0.023422873656280645,-3.9146074547215917,0,0.0037608990334182454,65536,2014-12-31,1.3105293759918535e-17,1.3105293759918535e-17,-0.065044782603748783,0.049285537513097222
2015-01-15,2015-01-16,2015-01-19,net_cashflows,EUR,0.94999999999999996,IN_TCOP1250,GBP,-0.0015854274822191001,0.012854318343068681,0.01684426760842871,-4.3206177070517509,0,0.0039899492653600287,65536,2014-12-31,1.3105293759918535e-17,1.3105293759918535e-17,-0.037799394493898741,0.043709211687198421
2015-01-15,2015-01-16,2015-01-19,net_cashflows,EUR,0.98999999999999999,IN_TCOP1250,GBP,-0.0015854274822191001,0.019134880845334979,0.023305914799910569,-3.9380169973824732,0,0.0041710339545755898,65536,2014-12-31,1.3105293759918535e-17,1.3105293759918535e-17,-0.037799394493898741,0.043709211687198421
2015-01-15,2015-01-16,2015-01-19,net_cashflows,USD,0.94999999999999996,IN_TCOP1250,GBP,-0.0015692216563650001,0.012892130473638344,0.016905887778519368,-4.3175110469229363,0,0.0040137573048810247,65536,2014-12-31,1.3105293759918535e-17,1.3105293759918535e-17,-0.037814154858736328,0.044898911935388024
2015-01-15,2015-01-16,2015-01-19,net_cashflows,USD,0.98999999999999999,IN_TCOP1250,GBP,-0.0015692216563650001,0.019179919795566866,0.023423931732869187,-3.9351797872653029,0,0.0042440119373023215,65536,2014-12-31,1.3105293759918535e-17,1.3105293759918535e-17,-0.037814154858736328,0.044898911935388024
2015-01-15,2015-01-16,2015-01-19,funded_assets,EUR,0.94999999999999996,IN_FHS1250,JPY,0.0032973938282431,0.010042071302557021,0.013984718430536055,-4.5517154712311143,0,0.0039426471279790341,1249,2014-12-31,6.0012284312967179e-18,6.0012284312967179e-18,-0.054545542578240735,0.031627380644793285
2015-01-15,2015-01-16,2015-01-19,funded_assets,EUR,0.98999999999999999,IN_FHS1250,JPY,0.0032973938282431,0.015680473471393924,0.020421003469624961,-4.1233312403841289,0,0.0047405299982310363,1249,2014-12-31,6.0012284312967179e-18,6.0012284312967179e-18,-0.054545542578240735,0.031627380644793285
2015-01-15,2015-01-16,2015-01-19,funded_assets,USD,0.94999999999999996,IN_FHS1250,JPY,0.0032536982723604,0.0099980732102348431,0.014052093514796148,-4.5534832723835201,0,0.0040540203045613052,1249,2014-12-31,6.0012284312967179e-18,6.0012284312967179e-18,-0.054253640571763545,0.031260676042628874
2015-01-15,2015-01-16,2015-01-19,funded_assets,USD,0.98999999999999999,IN_FHS1250,JPY,0.0032536982723604,0.015845773413668437,0.020578708184492527,-4.1134901517779241,0,0.0047329347708240897,1249,2014-12-31,6.0012284312967179e-18,6.0012284312967179e-18,-0.054253640571763545,0.031260676042628874
2015-01-15,2015-01-16,2015-01-19,net_cashflows,EUR,0.94999999999999996,IN_FHS1250,JPY,-0.0015854274822191001,0.0098615572514388905,0.013422121106399067,-4.5761268998962992,0,0.0035605638549601765,1249,2014-12-31,6.0012284312967179e-18,6.0012284312967179e-18,-0.027444781440191759,0.036898163062775449
2015-01-15,2015-01-16,2015-01-19,net_cashflows,EUR,0.98999999999999999,IN_FHS1250,JPY,-0.0015854274822191001,0.01486317148950405,0.019276878227690926,-4.1778126918754284,0,0.0044137067381868761,1249,2014-12-31,6.0012284312967179e-18,6.0012284312967179e-18,-0.027444781440191759,0.036898163062775449
2015-01-15,2015-01-16,2015-01-19,net_cashflows,USD,0.94999999999999996,IN_FHS1250,JPY,-0.0015692216563650001,0.0097995446817878782,0.013491886109205582,-4.5793380599245701,0,0.0036923414274177037,1249,2014-12-31,6.0012284312967179e-18,6.0012284312967179e-18,-0.027108358653637248,0.036705051850433545
2015-01-15,2015-01-16,2015-01-19,net_cashflows,USD,0.98999999999999999,IN_FHS1250,JPY,-0.0015692216563650001,0.015134245245291377,0.019450382045937142,-4.1617935549619762,0,0.0043161368006457649,1249,2014-12-31,6.0012284312967179e-18,6.0012284312967179e-18,-0.027108358653637248,0.036705051850433545
2015-01-15,2015-01-16,2015-01-19,funded_assets,EUR,0.94999999999999996,IN_TCOP1250,JPY,0.0032973938282431,0.010783712398850981,0.014000248389406656,-4.4984287019568949,0,0.0032165359905556752,65536,2014-12-31,1.1052085895774111e-17,1.1052085895774111e-17,-0.057427348823424956,0.047292618932199382
2015-01-15,2015-01-16,2015-01-19,funded_assets,EUR,0.98999999999999999,IN_TCOP1250,JPY,0.0032973938282431,0.015761356183919772,0.019313773665983427,-4.130868593081674,0,0.003552417482063655,65536,2014-12-31,1.1052085895774111e-17,1.1052085895774111e-17,-0.057427348823424956,0.047292618932199382
2015-01-15,2015-01-16,2015-01-19,funded_assets,USD,0.94999999999999996,IN_TCOP1250,JPY,0.0032536982723604,0.010799094458956644,0.014057506609404833,-4.4963903619587064,0,0.0032584121504481891,65536,2014-12-31,1.1052085895774111e-17,1.1052085895774111e-17,-0.055745513209639407,0.048730179508120169
2015-01-15,2015-01-16,2015-01-19,funded_assets,USD,0.98999999999999999,IN_TCOP1250,JPY,0.0032536982723604,0.015860253129249966,0.019455505070453925,-4.1244187666623713,0,0.0035952519412039592,65536,2014-12-31,1.1052085895774111e-17,1.1052085895774111e-17,-0.055745513209639407,0.048730179508120169
2015-01-15,2015-01-16,2015-01-19,net_cashflows,EUR,0.94999999999999996,IN_TCOP1250,JPY,-0.0015854274822191001,0.010236650728469087,0.013699412074218605,-4.5431695112918984,0,0.0034627613457495175,65536,2014-12-31,1.1052085895774111e-17,1.1052085895774111e-17,-0.037662833018758085,0.050858076238166829
2015-01-15,2015-01-16,2015-01-19,net_cashflows,EUR,0.98999999999999999,IN_TCOP1250,JPY,-0.0015854274822191001,0.015720269862884283,0.019430821656445607,-4.1318568946042991,0,0.0037105517935613237,65536,2014-12-31,1.1052085895774111e-17,1.1052085895774111e-17,-0.037662833018758085,0.050858076238166829
2015-01-15,2015-01-16,2015-01-19,net_cashflows,USD,0.94999999999999996,IN_TCOP1250,JPY,-0.0015692216563650001,0.010293498976919793,0.013809301394558316,-4.5370095891412108,0,0.0035158024176385229,65536,2014-12-31,1.1052085895774111e-17,1.1052085895774111e-17,-0.035478270604266504,0.051557420727384777
2015-01-15,2015-01-16,2015-01-19,net_cashflows,USD,0.98999999999999999,IN_TCOP1250,JPY,-0.0015692216563650001,0.015862414364396071,0.01967602179294959,-4.1221745974197255,0,0.0038136074285535192,65536,2014-12-31,1.1052085895774111e-17,1.1052085895774111e-17,-0.035478270604266504,0.051557420727384777
2015-01-15,2015-01-16,2015-01-19,funded_assets,EUR,0.94999999999999996,IN_FHS1250,CHF,0.0032973938282431,0.089210558406566415,0.11089493818777962,-2.3947118805227219,0,0.021684379781213209,1249,2014-12-31,5.8980598183211441e-17,5.8980598183211441e-17,-0.19874318156123152,0.19495758641512598
2015-01-15,2015-01-16,2015-01-19,funded_assets,EUR,0.98999999999999999,IN_FHS1250,CHF,0.0032973938282431,0.12624980214487527,0.14922553805498343,-2.0562629533787189,0,0.022975735910108153,1249,2014-12-31,5.8980598183211441e-17,5.8980598183211441e-17,-0.19874318156123152,0.19495758641512598
2015-01-15,2015-01-16,2015-01-19,funded_assets,USD,0.94999999999999996,IN_FHS1250,CHF,0.0032536982723604,0.094740652756602886,0.13181975788689942,-2.3076061599433761,0,0.037079105130296539,1249,2014-12-31,5.8980598183211441e-17,5.8980598183211441e-17,-0.19276739542112303,0.30426819450604031
2015-01-15,2015-01-16,2015-01-19,funded_assets,USD,0.98999999999999999,IN_FHS1250,CHF,0.0032536982723604,0.14873076702544014,0.21116141273061617,-1.8507861143075537,0,0.062430645705176036,1249,2014-12-31,5.8980598183211441e-17,5.8980598183211441e-17,-0.19276739542112303,0.30426819450604031
2015-01-15,2015-01-16,2015-01-19,net_cashflows,EUR,0.94999999999999996,IN_FHS1250,CHF,-0.0015854274822191001,0.020137446143424241,0.028583391120123251,-3.8504138179846636,0,0.0084459449766990102,1249,2014-12-31,5.8980598183211441e-17,5.8980598183211441e-17,-0.067839235994875582,0.070230377974573724
2015-01-15,2015-01-16,2015-01-19,net_cashflows,EUR,0.98999999999999999,IN_FHS1250,CHF,-0.0015854274822191001,0.032388626015992517,0.042431418956135364,-3.3965491169403106,0,0.010042792940142847,1249,2014-12-31,5.8980598183211441e-17,5.8980598183211441e-17,-0.067839235994875582,0.070230377974573724
2015-01-15,2015-01-16,2015-01-19,net_cashflows,USD,0.94999999999999996,IN_FHS1250,CHF,-0.0015692216563650001,0.020066506215689936,0.028265495383279993,-3.8561840612952354,0,0.0081989891675900567,1249,2014-12-31,5.8980598183211441e-17,5.8980598183211441e-17,-0.066684668148203632,0.070169632644667135
2015-01-15,2015-01-16,2015-01-19,net_cashflows,USD,0.98999999999999999,IN_FHS1250,CHF,-0.0015692216563650001,0.03147161880146282,0.041280523749519946,-3.424980276769467,0,0.0098089049480571261,1249,2014-12-31,5.8980598183211441e-17,5.8980598183211441e-17,-0.066684668148203632,0.070169632644667135
2015-01-15,2015-01-16,2015-01-19,funded_assets,EUR,0.94999999999999996,IN_TCOP1250,CHF,0.0032973938282431,0.088710091574605937,0.11265308851472997,-2.3959796169221308,0,0.023942996940124028,65536,2014-12-31,6.9388939039072284e-17,6.9388939039072284e-17,-0.26894293962213245,0.23562534718094055
2015-01-15,2015-01-16,2015-01-19,funded_assets,EUR,0.98999999999999999,IN_TCOP1250,CHF,0.0032973938282431,0.12818428111463123,0.14701112451075751,-2.0453110912246468,0,0.01882684339612628,65536,2014-12-31,6.9388939039072284e-17,6.9388939039072284e-17,-0.26894293962213245,0.23562534718094055
2015-01-15,2015-01-16,2015-01-19,funded_assets,USD,0.94999999999999996,IN_TCOP1250,CHF,0.0032536982723604,0.097226583587482748,0.12747111550423562,-2.2971312515354732,0,0.030244531916752873,65536,2014-12-31,6.9388939039072284e-17,6.9388939039072284e-17,-0.2440352628040513,0.33677341520932413
2015-01-15,2015-01-16,2015-01-19,funded_assets,USD,0.98999999999999999,IN_TCOP1250,CHF,0.0032536982723604,0.14657786680435728,0.17269726064400839,-1.9074589784157236,0,0.026119393839651117,65536,2014-12-31,6.9388939039072284e-17,6.9388939039072284e-17,-0.2440352628040513,0.33677341520932413
2015-01-15,2015-01-16,2015-01-19,net_cashflows,EUR,0.94999999999999996,IN_TCOP1250,CHF,-0.0015854274822191001,0.020711364650187393,0.02794062467142315,-3.8364100887712453,0,0.0072292600212357574,65536,2014-12-31,6.9388939039072284e-17,6.9388939039072284e-17,-0.075869392797778115,0.096571106149115585
2015-01-15,2015-01-16,2015-01-19,net_cashflows,EUR,0.98999999999999999,IN_TCOP1250,CHF,-0.0015854274822191001,0.032261116850658481,0.03991094473817694,-3.4127771216418168,0,0.0076498278875184594,65536,2014-12-31,6.9388939039072284e-17,6.9388939039072284e-17,-0.075869392797778115,0.096571106149115585
2015-01-15,2015-01-16,2015-01-19,net_cashflows,USD,0.94999999999999996,IN_TCOP1250,CHF,-0.0015692216563650001,0.020406371882845026,0.027442290525113329,-3.8520596330438743,0,0.0070359186422683032,65536,2014-12-31,6.9388939039072284e-17,6.9388939039072284e-17,-0.075646059148090236,0.11497002949860785
2015-01-15,2015-01-16,2015-01-19,net_cashflows,USD,0.98999999999999999,IN_TCOP1250,CHF,-0.0015692216563650001,0.031541542787127078,0.038974904484058312,-3.4355590572379584,0,0.0074333616969312344,65536,2014-12-31,6.9388939039072284e-17,6.9388939039072284e-17,-0.075646059148090236,0.11497002949860785
2015-01-15,2015-01-16,2015-01-19,funded_assets,EUR,0.94999999999999996,IN_FHS_REF_POOL,ALL_FIVE,0.0032973938282431,0.035046960630537333,0.0659793493476033,-3.1872327191385965,0,0.030932388717065967,6245,2014-12-31,0,0,-0.19874318156123152,0.19495758641512598
2015-01-15,2015-01-16,2015-01-19,funded_assets,EUR,0.98999999999999999,IN_FHS_REF_POOL,ALL_FIVE,0.0032973938282431,0.089210558406566415,0.11089493818777962,-2.3947118805227219,0,0.021684379781213209,6245,2014-12-31,0,0,-0.19874318156123152,0.19495758641512598
2015-01-15,2015-01-16,2015-01-19,funded_assets,USD,0.94999999999999996,IN_FHS_REF_POOL,ALL_FIVE,0.0032536982723604,0.036009059296409608,0.072624775548637027,-3.1266258072465387,0,0.036615716252227419,6245,2014-12-31,0,0,-0.19276739542112303,0.30426819450604031
2015-01-15,2015-01-16,2015-01-19,funded_assets,USD,0.98999999999999999,IN_FHS_REF_POOL,ALL_FIVE,0.0032536982723604,0.094740652756602886,0.13181975788689942,-2.3076061599433761,0,0.037079105130296539,6245,2014-12-31,0,0,-0.19276739542112303,0.30426819450604031
2015-01-15,2015-01-16,2015-01-19,net_cashflows,EUR,0.94999999999999996,IN_FHS_REF_POOL,ALL_FIVE,-0.0015854274822191001,0.015190689760207168,0.02162339940124041,-4.1314676057494877,0,0.0064327096410332421,6245,2014-12-31,0,0,-0.067839235994875582,0.070230377974573724
2015-01-15,2015-01-16,2015-01-19,net_cashflows,EUR,0.98999999999999999,IN_FHS_REF_POOL,ALL_FIVE,-0.0015854274822191001,0.02508475101289399,0.031915751268328456,-3.6586878771875662,0,0.0068310002554344655,6245,2014-12-31,0,0,-0.067839235994875582,0.070230377974573724
2015-01-15,2015-01-16,2015-01-19,net_cashflows,USD,0.94999999999999996,IN_FHS_REF_POOL,ALL_FIVE,-0.0015692216563650001,0.015250847241001425,0.021549570276223302,-4.1296893634638732,0,0.0062987230352218766,6245,2014-12-31,0,0,-0.066684668148203632,0.070169632644667135
2015-01-15,2015-01-16,2015-01-19,net_cashflows,USD,0.98999999999999999,IN_FHS_REF_POOL,ALL_FIVE,-0.0015692216563650001,0.024975405390265725,0.031546392866133754,-3.6645920281094,0,0.0065709874758680294,6245,2014-12-31,0,0,-0.066684668148203632,0.070169632644667135
2015-01-15,2015-01-16,2015-01-19,funded_assets,EUR,0.94999999999999996,IN_TCOP_REF_POOL,ALL_FIVE,0.0032973938282431,0.03469382305651772,0.067166502291833102,-3.1840460236812729,0,0.032472679235315383,327680,2014-12-31,0,0,-0.26894293962213245,0.23562534718094055
2015-01-15,2015-01-16,2015-01-19,funded_assets,EUR,0.98999999999999999,IN_TCOP_REF_POOL,ALL_FIVE,0.0032973938282431,0.088710091574605937,0.11265308851472997,-2.3959796169221308,0,0.023942996940124028,327680,2014-12-31,0,0,-0.26894293962213245,0.23562534718094055
2015-01-15,2015-01-16,2015-01-19,funded_assets,USD,0.94999999999999996,IN_TCOP_REF_POOL,ALL_FIVE,0.0032536982723604,0.035595975151263906,0.072838092376902613,-3.130816221835818,0,0.037242117225638707,327680,2014-12-31,0,0,-0.2440352628040513,0.33677341520932413
2015-01-15,2015-01-16,2015-01-19,funded_assets,USD,0.98999999999999999,IN_TCOP_REF_POOL,ALL_FIVE,0.0032536982723604,0.097226583587482748,0.12747111550423562,-2.2971312515354732,0,0.030244531916752873,327680,2014-12-31,0,0,-0.2440352628040513,0.33677341520932413
2015-01-15,2015-01-16,2015-01-19,net_cashflows,EUR,0.94999999999999996,IN_TCOP_REF_POOL,ALL_FIVE,-0.0015854274822191001,0.015571428854354589,0.021644534322299257,-4.1135861024203226,0,0.0060731054679446679,327680,2014-12-31,0,0,-0.075869392797778115,0.096571106149115585
2015-01-15,2015-01-16,2015-01-19,net_cashflows,EUR,0.98999999999999999,IN_TCOP_REF_POOL,ALL_FIVE,-0.0015854274822191001,0.025277608957486798,0.03144921147364841,-3.6556216628640441,0,0.0061716025161616117,327680,2014-12-31,0,0,-0.075869392797778115,0.096571106149115585
2015-01-15,2015-01-16,2015-01-19,net_cashflows,USD,0.94999999999999996,IN_TCOP_REF_POOL,ALL_FIVE,-0.0015692216563650001,0.015559308076908624,0.021528408307262759,-4.1156481118021961,0,0.0059691002303541348,327680,2014-12-31,0,0,-0.075646059148090236,0.11497002949860785
2015-01-15,2015-01-16,2015-01-19,net_cashflows,USD,0.98999999999999999,IN_TCOP_REF_POOL,ALL_FIVE,-0.0015692216563650001,0.025094402479194047,0.031117808392503506,-3.6635428130471612,0,0.0060234059133094583,327680,2014-12-31,0,0,-0.075646059148090236,0.11497002949860785
2015-01-16,2015-01-19,2015-01-20,funded_assets,EUR,0.94999999999999996,HS1250,ALL_EQUIVARIANT,-0.00027569380540180003,0.0072773080218551389,0.0097212078891575938,-4.8848441863658962,0,0.0024438998673024549,1249,2014-12-31,3.3068166260807885e-18,3.3068166260807885e-18,-0.048007199002342682,0.020564695146287643
2015-01-16,2015-01-19,2015-01-20,funded_assets,EUR,0.98999999999999999,HS1250,ALL_EQUIVARIANT,-0.00027569380540180003,0.010966374281485114,0.013245851823213447,-4.4961607625789144,0,0.0022794775417283326,1249,2014-12-31,3.3068166260807885e-18,3.3068166260807885e-18,-0.048007199002342682,0.020564695146287643
2015-01-16,2015-01-19,2015-01-20,funded_assets,USD,0.94999999999999996,HS1250,ALL_EQUIVARIANT,-0.0002828147703249,0.0073832019423681686,0.0098033346433133994,-4.8719009960676161,0,0.0024201327009452309,1249,2014-12-31,3.3068166260807885e-18,3.3068166260807885e-18,-0.047680755673649919,0.020351281984027275
2015-01-16,2015-01-19,2015-01-20,funded_assets,USD,0.98999999999999999,HS1250,ALL_EQUIVARIANT,-0.0002828147703249,0.011192164739226174,0.013400535010536332,-4.4772578185350245,0,0.0022083702713101578,1249,2014-12-31,3.3068166260807885e-18,3.3068166260807885e-18,-0.047680755673649919,0.020351281984027275
2015-01-16,2015-01-19,2015-01-20,net_cashflows,EUR,0.94999999999999996,HS1250,ALL_EQUIVARIANT,-0.0029752741326333002,0.0036624215590236207,0.0058538882100273365,-5.5150100517364598,0,0.0021914666510037158,1249,2014-12-31,3.3068166260807885e-18,3.3068166260807885e-18,-0.017414536388067337,0.032540880585699684
2015-01-16,2015-01-19,2015-01-20,net_cashflows,EUR,0.98999999999999999,HS1250,ALL_EQUIVARIANT,-0.0029752741326333002,0.0064528529520965433,0.010187677059338922,-4.9531785502665766,0,0.0037348241072423785,1249,2014-12-31,3.3068166260807885e-18,3.3068166260807885e-18,-0.017414536388067337,0.032540880585699684
2015-01-16,2015-01-19,2015-01-20,net_cashflows,USD,0.94999999999999996,HS1250,ALL_EQUIVARIANT,-0.0029694463941813002,0.0036924235711941079,0.0058760932421803493,-5.5084824548011522,0,0.0021836696709862415,1249,2014-12-31,3.3068166260807885e-18,3.3068166260807885e-18,-0.017222168834397346,0.03231306722835027
2015-01-16,2015-01-19,2015-01-20,net_cashflows,USD,0.98999999999999999,HS1250,ALL_EQUIVARIANT,-0.0029694463941813002,0.0065411952628783316,0.010214483490626003,-4.9435642763650396,0,0.0036732882277476717,1249,2014-12-31,3.3068166260807885e-18,3.3068166260807885e-18,-0.017222168834397346,0.03231306722835027
2015-01-16,2015-01-19,2015-01-20,funded_assets,EUR,0.94999999999999996,EWMA_GAUSS,ALL_EQUIVARIANT,-0.00027569380540180003,0.017924102392124691,0.02242214967482431,-3.9983133006970815,0,0.0044980472826996187,65536,2014-12-31,1.1899118843028411e-17,1.1899118843028411e-17,-0.051835070135082262,0.041237159600366391
2015-01-16,2015-01-19,2015-01-20,funded_assets,EUR,0.98999999999999999,EWMA_GAUSS,ALL_EQUIVARIANT,-0.00027569380540180003,0.025352049630323448,0.02884059234347509,-3.6669308960455473,0,0.0034885427131516426,65536,2014-12-31,1.1899118843028411e-17,1.1899118843028411e-17,-0.051835070135082262,0.041237159600366391
2015-01-16,2015-01-19,2015-01-20,funded_assets,USD,0.94999999999999996,EWMA_GAUSS,ALL_EQUIVARIANT,-0.0002828147703249,0.017996729718662341,0.02254152172888569,-3.9940149471106783,0,0.0045447920102233488,65536,2014-12-31,1.1899118843028411e-17,1.1899118843028411e-17,-0.050826349923267664,0.041517249788608677
2015-01-16,2015-01-19,2015-01-20,funded_assets,USD,0.98999999999999999,EWMA_GAUSS,ALL_EQUIVARIANT,-0.0002828147703249,0.025519773393021358,0.029041222690376744,-3.6602959090339846,0,0.0035214492973553863,65536,2014-12-31,1.1899118843028411e-17,1.1899118843028411e-17,-0.050826349923267664,0.041517249788608677
2015-01-16,2015-01-19,2015-01-20,net_cashflows,EUR,0.94999999999999996,EWMA_GAUSS,ALL_EQUIVARIANT,-0.0029752741326333002,0.012744577963522099,0.016169740758466923,-4.336439099055049,0,0.0034251627949448242,65536,2014-12-31,1.1899118843028411e-17,1.1899118843028411e-17,-0.030584949168398171,0.034282925665327341
2015-01-16,2015-01-19,2015-01-20,net_cashflows,EUR,0.98999999999999999,EWMA_GAUSS,ALL_EQUIVARIANT,-0.0029752741326333002,0.018205610496669709,0.021077634674050837,-3.9958020891680786,0,0.0028720241773811279,65536,2014-12-31,1.1899118843028411e-17,1.1899118843028411e-17,-0.030584949168398171,0.034282925665327341
2015-01-16,2015-01-19,2015-01-20,net_cashflows,USD,0.94999999999999996,EWMA_GAUSS,ALL_EQUIVARIANT,-0.0029694463941813002,0.012734541457550513,0.016150289333073546,-4.3373149414981551,0,0.0034157478755230328,65536,2014-12-31,1.1899118843028411e-17,1.1899118843028411e-17,-0.03065288636753441,0.034230877660920804
2015-01-16,2015-01-19,2015-01-20,net_cashflows,USD,0.98999999999999999,EWMA_GAUSS,ALL_EQUIVARIANT,-0.0029694463941813002,0.018220465475411316,0.021042431748513533,-3.9953226927889691,0,0.0028219662731022166,65536,2014-12-31,1.1899118843028411e-17,1.1899118843028411e-17,-0.03065288636753441,0.034230877660920804
2015-01-16,2015-01-19,2015-01-20,funded_assets,EUR,0.94999999999999996,EWMA_SELFNORMALIZED,ALL_EQUIVARIANT,-0.00027569380540180003,0.018006892288679244,0.022732342343947092,-3.9918400291917653,0,0.0047254500552678484,65536,2014-12-31,1.7564075194265172e-17,1.7564075194265172e-17,-0.050278945355349353,0.046681421359156233
2015-01-16,2015-01-19,2015-01-20,funded_assets,EUR,0.98999999999999999,EWMA_SELFNORMALIZED,ALL_EQUIVARIANT,-0.00027569380540180003,0.025808369971122125,0.029550292865146634,-3.6482905857263006,0,0.0037419228940245089,65536,2014-12-31,1.7564075194265172e-17,1.7564075194265172e-17,-0.050278945355349353,0.046681421359156233
2015-01-16,2015-01-19,2015-01-20,funded_assets,USD,0.94999999999999996,EWMA_SELFNORMALIZED,ALL_EQUIVARIANT,-0.0002828147703249,0.018089690731530595,0.022857280400024098,-3.9870663881821242,0,0.0047675896684935028,65536,2014-12-31,1.7564075194265172e-17,1.7564075194265172e-17,-0.0487429975807738,0.047058610521394588
2015-01-16,2015-01-19,2015-01-20,funded_assets,USD,0.98999999999999999,EWMA_SELFNORMALIZED,ALL_EQUIVARIANT,-0.0002828147703249,0.025906447692691837,0.029764920075536324,-3.6440562960672476,0,0.003858472382844487,65536,2014-12-31,1.7564075194265172e-17,1.7564075194265172e-17,-0.0487429975807738,0.047058610521394588
2015-01-16,2015-01-19,2015-01-20,net_cashflows,EUR,0.94999999999999996,EWMA_SELFNORMALIZED,ALL_EQUIVARIANT,-0.0029752741326333002,0.012720074550460668,0.016394219739876606,-4.3349386938727825,0,0.003674145189415938,65536,2014-12-31,1.7564075194265172e-17,1.7564075194265172e-17,-0.028057818845230311,0.033723676399795705
2015-01-16,2015-01-19,2015-01-20,net_cashflows,EUR,0.98999999999999999,EWMA_SELFNORMALIZED,ALL_EQUIVARIANT,-0.0029752741326333002,0.018802779155139726,0.021838925298209563,-3.9630858589298565,0,0.0030361461430698372,65536,2014-12-31,1.7564075194265172e-17,1.7564075194265172e-17,-0.028057818845230311,0.033723676399795705
2015-01-16,2015-01-19,2015-01-20,net_cashflows,USD,0.94999999999999996,EWMA_SELFNORMALIZED,ALL_EQUIVARIANT,-0.0029694463941813002,0.012703564286014152,0.016376846767581381,-4.3361840222326204,0,0.0036732824815672287,65536,2014-12-31,1.7564075194265172e-17,1.7564075194265172e-17,-0.028233101235505442,0.033328187987741981
2015-01-16,2015-01-19,2015-01-20,net_cashflows,USD,0.98999999999999999,EWMA_SELFNORMALIZED,ALL_EQUIVARIANT,-0.0029694463941813002,0.018733176688626757,0.021806171221619219,-3.9664854246297088,0,0.0030729945329924617,65536,2014-12-31,1.7564075194265172e-17,1.7564075194265172e-17,-0.028233101235505442,0.033328187987741981
2015-01-16,2015-01-19,2015-01-20,funded_assets,EUR,0.94999999999999996,IN_FHS1250,EUR,-0.00027569380540180003,0.024491522035844621,0.030880205328780466,-3.6845259412990203,0,0.0063886832929358449,1249,2014-12-31,1.6940658945086007e-17,1.6940658945086007e-17,-0.052084159228346694,0.046858857309782953
2015-01-16,2015-01-19,2015-01-20,funded_assets,EUR,0.98999999999999999,IN_FHS1250,EUR,-0.00027569380540180003,0.034799726061007535,0.038936831908334212,-3.3520663731085207,0,0.0041371058473266761,1249,2014-12-31,1.6940658945086007e-17,1.6940658945086007e-17,-0.052084159228346694,0.046858857309782953
2015-01-16,2015-01-19,2015-01-20,funded_assets,USD,0.94999999999999996,IN_FHS1250,EUR,-0.0002828147703249,0.024677439026345512,0.031027990066744005,-3.6775372624999711,0,0.006350551040398493,1249,2014-12-31,1.6940658945086007e-17,1.6940658945086007e-17,-0.052158488222787944,0.047609921061111581
2015-01-16,2015-01-19,2015-01-20,funded_assets,USD,0.98999999999999999,IN_FHS1250,EUR,-0.0002828147703249,0.035006180242511231,0.039320457209204983,-3.3457312816362763,0,0.0043142769666937517,1249,2014-12-31,1.6940658945086007e-17,1.6940658945086007e-17,-0.052158488222787944,0.047609921061111581
2015-01-16,2015-01-19,2015-01-20,net_cashflows,EUR,0.94999999999999996,IN_FHS1250,EUR,-0.0029752741326333002,0.019310420208914162,0.023497598301878246,-3.9290530657820715,0,0.0041871780929640841,1249,2014-12-31,1.6940658945086007e-17,1.6940658945086007e-17,-0.036631039422198933,0.040034022475182424
2015-01-16,2015-01-19,2015-01-20,net_cashflows,EUR,0.98999999999999999,IN_FHS1250,EUR,-0.0029752741326333002,0.025575898920572018,0.030089658503455859,-3.653584066950184,0,0.004513759582883841,1249,2014-12-31,1.6940658945086007e-17,1.6940658945086007e-17,-0.036631039422198933,0.040034022475182424
2015-01-16,2015-01-19,2015-01-20,net_cashflows,USD,0.94999999999999996,IN_FHS1250,EUR,-0.0029694463941813002,0.01932823953391085,0.023466935263463502,-3.9285257148752288,0,0.0041386957295526522,1249,2014-12-31,1.6940658945086007e-17,1.6940658945086007e-17,-0.036415365349955521,0.040234420597944978
2015-01-16,2015-01-19,2015-01-20,net_cashflows,USD,0.98999999999999999,IN_FHS1250,EUR,-0.0029694463941813002,0.025674292862530083,0.030066274669545631,-3.6504278656925182,0,0.0043919818070155478,1249,2014-12-31,1.6940658945086007e-17,1.6940658945086007e-17,-0.036415365349955521,0.040234420597944978
2015-01-16,2015-01-19,2015-01-20,funded_assets,EUR,0.94999999999999996,IN_TCOP1250,EUR,-0.00027569380540180003,0.024280136840796746,0.030792483787764027,-3.6919760984524186,0,0.0065123469469672811,65536,2014-12-31,2.183989751200488e-17,2.183989751200488e-17,-0.071082539412076429,0.05773391108414494
2015-01-16,2015-01-19,2015-01-20,funded_assets,EUR,0.98999999999999999,IN_TCOP1250,EUR,-0.00027569380540180003,0.03498506244133795,0.039783179770951908,-3.3449177572937563,0,0.0047981173296139587,65536,2014-12-31,2.183989751200488e-17,2.183989751200488e-17,-0.071082539412076429,0.05773391108414494
2015-01-16,2015-01-19,2015-01-20,funded_assets,USD,0.94999999999999996,IN_TCOP1250,EUR,-0.0002828147703249,0.024350589474930927,0.030915590989872132,-3.6888471103584761,0,0.0065650015149412051,65536,2014-12-31,2.183989751200488e-17,2.183989751200488e-17,-0.068256370676937239,0.058053912286824425
2015-01-16,2015-01-19,2015-01-20,funded_assets,USD,0.98999999999999999,IN_TCOP1250,EUR,-0.0002828147703249,0.035156342080887602,0.040013734272494335,-3.3399256506234982,0,0.0048573921916067325,65536,2014-12-31,2.183989751200488e-17,2.183989751200488e-17,-0.068256370676937239,0.058053912286824425
2015-01-16,2015-01-19,2015-01-20,net_cashflows,EUR,0.94999999999999996,IN_TCOP1250,EUR,-0.0029752741326333002,0.019008492286406199,0.023789808892960493,-3.9394797034433138,0,0.0047813166065542936,65536,2014-12-31,2.183989751200488e-17,2.183989751200488e-17,-0.050027584797384242,0.050580588573195293
2015-01-16,2015-01-19,2015-01-20,net_cashflows,EUR,0.98999999999999999,IN_TCOP1250,EUR,-0.0029752741326333002,0.026777196184051888,0.030909613904518771,-3.610381619145338,0,0.0041324177204668834,65536,2014-12-31,2.183989751200488e-17,2.183989751200488e-17,-0.050027584797384242,0.050580588573195293
2015-01-16,2015-01-19,2015-01-20,net_cashflows,USD,0.94999999999999996,IN_TCOP1250,EUR,-0.0029694463941813002,0.018994259354286825,0.02376363910256447,-3.9402993667192803,0,0.0047693797482776454,65536,2014-12-31,2.183989751200488e-17,2.183989751200488e-17,-0.050313827973617706,0.050318502910075003
2015-01-16,2015-01-19,2015-01-20,net_cashflows,USD,0.98999999999999999,IN_TCOP1250,EUR,-0.0029694463941813002,0.026715711561565103,0.030866358945193115,-3.6125599536359592,0,0.0041506473836280117,65536,2014-12-31,2.183989751200488e-17,2.183989751200488e-17,-0.050313827973617706,0.050318502910075003
2015-01-16,2015-01-19,2015-01-20,funded_assets,EUR,0.94999999999999996,IN_FHS1250,USD,-0.00027569380540180003,0.0080714066769007053,0.012243026847017297,-4.7435331217060019,0,0.0041716201701165918,1249,2014-12-31,7.8062556418956319e-18,7.8062556418956319e-18,-0.048416387193899207,0.029730199386400452
2015-01-16,2015-01-19,2015-01-20,funded_assets,EUR,0.98999999999999999,IN_FHS1250,USD,-0.00027569380540180003,0.015008692254821016,0.019049602376999097,-4.1728347440962361,0,0.0040409101221780819,1249,2014-12-31,7.8062556418956319e-18,7.8062556418956319e-18,-0.048416387193899207,0.029730199386400452
2015-01-16,2015-01-19,2015-01-20,funded_assets,USD,0.94999999999999996,IN_FHS1250,USD,-0.0002828147703249,0.0080401373445939082,0.012236214030211452,-4.7462781535630585,0,0.0041960766856175436,1249,2014-12-31,7.8062556418956319e-18,7.8062556418956319e-18,-0.048079723992376588,0.029485956574259013
2015-01-16,2015-01-19,2015-01-20,funded_assets,USD,0.98999999999999999,IN_FHS1250,USD,-0.0002828147703249,0.015302136877399118,0.019085309219399858,-4.1570607054546969,0,0.0037831723420007398,1249,2014-12-31,7.8062556418956319e-18,7.8062556418956319e-18,-0.048079723992376588,0.029485956574259013
2015-01-16,2015-01-19,2015-01-20,net_cashflows,EUR,0.94999999999999996,IN_FHS1250,USD,-0.0029752741326333002,0.01045127285129438,0.014460203797243634,-4.5135938651297192,0,0.0040089309459492538,1249,2014-12-31,7.8062556418956319e-18,7.8062556418956319e-18,-0.025455596099726897,0.032636302873400712
2015-01-16,2015-01-19,2015-01-20,net_cashflows,EUR,0.98999999999999999,IN_FHS1250,USD,-0.0029752741326333002,0.016605822851992393,0.02006004363501494,-4.0812194024485358,0,0.003454220783022547,1249,2014-12-31,7.8062556418956319e-18,7.8062556418956319e-18,-0.025455596099726897,0.032636302873400712
2015-01-16,2015-01-19,2015-01-20,net_cashflows,USD,0.94999999999999996,IN_FHS1250,USD,-0.0029694463941813002,0.010502334619850565,0.014567450638703829,-4.5080203783729091,0,0.0040651160188532633,1249,2014-12-31,7.8062556418956319e-18,7.8062556418956319e-18,-0.025246570497532421,0.032402303940505001
2015-01-16,2015-01-19,2015-01-20,net_cashflows,USD,0.98999999999999999,IN_FHS1250,USD,-0.0029694463941813002,0.016847922112334039,0.020225782935029055,-4.0678047726095024,0,0.0033778608226950162,1249,2014-12-31,7.8062556418956319e-18,7.8062556418956319e-18,-0.025246570497532421,0.032402303940505001
2015-01-16,2015-01-19,2015-01-20,funded_assets,EUR,0.94999999999999996,IN_TCOP1250,USD,-0.00027569380540180003,0.0091890324370818011,0.012161073628480555,-4.6539048191023831,0,0.0029720411913987544,65536,2014-12-31,1.5720931501039814e-17,1.5720931501039814e-17,-0.046076977836219252,0.032819172502406541
2015-01-16,2015-01-19,2015-01-20,funded_assets,EUR,0.98999999999999999,IN_TCOP1250,USD,-0.00027569380540180003,0.013912481337362892,0.016819372641930567,-4.2580538717976104,0,0.0029068913045676749,65536,2014-12-31,1.5720931501039814e-17,1.5720931501039814e-17,-0.046076977836219252,0.032819172502406541
2015-01-16,2015-01-19,2015-01-20,funded_assets,USD,0.94999999999999996,IN_TCOP1250,USD,-0.0002828147703249,0.0091763740313225012,0.012143021986798695,-4.655309464237928,0,0.002966647955476194,65536,2014-12-31,1.5720931501039814e-17,1.5720931501039814e-17,-0.046283322073758279,0.033186132944299229
2015-01-16,2015-01-19,2015-01-20,funded_assets,USD,0.98999999999999999,IN_TCOP1250,USD,-0.0002828147703249,0.013922298777430628,0.016803350469098983,-4.2576339577702385,0,0.0028810516916683553,65536,2014-12-31,1.5720931501039814e-17,1.5720931501039814e-17,-0.046283322073758279,0.033186132944299229
2015-01-16,2015-01-19,2015-01-20,net_cashflows,EUR,0.94999999999999996,IN_TCOP1250,USD,-0.0029752741326333002,0.010578746726773881,0.014085866073717203,-4.5115648395681021,0,0.0035071193469433225,65536,2014-12-31,1.5720931501039814e-17,1.5720931501039814e-17,-0.031704256549143661,0.0398116681253044
2015-01-16,2015-01-19,2015-01-20,net_cashflows,EUR,0.98999999999999999,IN_TCOP1250,USD,-0.0029752741326333002,0.01601822740148634,0.019714482257728962,-4.1138910925025582,0,0.0036962548562426215,65536,2014-12-31,1.5720931501039814e-17,1.5720931501039814e-17,-0.031704256549143661,0.0398116681253044
2015-01-16,2015-01-19,2015-01-20,net_cashflows,USD,0.94999999999999996,IN_TCOP1250,USD,-0.0029694463941813002,0.010647646612883409,0.014199305217193182,-4.5046912854644976,0,0.0035516586043097733,65536,2014-12-31,1.5720931501039814e-17,1.5720931501039814e-17,-0.031364837495334391,0.040668350619848567
2015-01-16,2015-01-19,2015-01-20,net_cashflows,USD,0.98999999999999999,IN_TCOP1250,USD,-0.0029694463941813002,0.016194375826299602,0.019924960662861001,-4.1030137576383439,0,0.0037305848365613986,65536,2014-12-31,1.5720931501039814e-17,1.5720931501039814e-17,-0.031364837495334391,0.040668350619848567
2015-01-16,2015-01-19,2015-01-20,funded_assets,EUR,0.94999999999999996,IN_FHS1250,GBP,-0.00027569380540180003,0.012552679940157796,0.016717000541868747,-4.3404360059372999,0,0.004164320601710951,1249,2014-12-31,7.3590222457453613e-18,7.3590222457453613e-18,-0.047618653246145309,0.029490899936678389
2015-01-16,2015-01-19,2015-01-20,funded_assets,EUR,0.98999999999999999,IN_FHS1250,GBP,-0.00027569380540180003,0.02005567303615105,0.023701988004374352,-3.8960364001463339,0,0.0036463149682233013,1249,2014-12-31,7.3590222457453613e-18,7.3590222457453613e-18,-0.047618653246145309,0.029490899936678389
2015-01-16,2015-01-19,2015-01-20,funded_assets,USD,0.94999999999999996,IN_FHS1250,GBP,-0.0002828147703249,0.012462027533012404,0.016740725735409821,-4.3454970451498962,0,0.0042786982023974175,1249,2014-12-31,7.3590222457453613e-18,7.3590222457453613e-18,-0.047308883991307955,0.029199082907273306
2015-01-16,2015-01-19,2015-01-20,funded_assets,USD,0.98999999999999999,IN_FHS1250,GBP,-0.0002828147703249,0.020138768447517191,0.023765574553647102,-3.8921247427097105,0,0.0036268061061299102,1249,2014-12-31,7.3590222457453613e-18,7.3590222457453613e-18,-0.047308883991307955,0.029199082907273306
2015-01-16,2015-01-19,2015-01-20,net_cashflows,EUR,0.94999999999999996,IN_FHS1250,GBP,-0.0029752741326333002,0.012407471226685639,0.016420539695369163,-4.3536155211392078,0,0.0040130684686835241,1249,2014-12-31,7.3590222457453613e-18,7.3590222457453613e-18,-0.024674148315026369,0.032071829627166967
2015-01-16,2015-01-19,2015-01-20,net_cashflows,EUR,0.98999999999999999,IN_FHS1250,GBP,-0.0029752741326333002,0.018571977214035154,0.02269647073528876,-3.9672698440304588,0,0.0041244935212536062,1249,2014-12-31,7.3590222457453613e-18,7.3590222457453613e-18,-0.024674148315026369,0.032071829627166967
2015-01-16,2015-01-19,2015-01-20,net_cashflows,USD,0.94999999999999996,IN_FHS1250,GBP,-0.0029694463941813002,0.012484289651327883,0.016450579907225094,-4.3484979197833526,0,0.0039662902558972105,1249,2014-12-31,7.3590222457453613e-18,7.3590222457453613e-18,-0.024419499472518289,0.031859211407831253
2015-01-16,2015-01-19,2015-01-20,net_cashflows,USD,0.98999999999999999,IN_FHS1250,GBP,-0.0029694463941813002,0.018804112223052293,0.022788173435390698,-3.9563437994291721,0,0.0039840612123384044,1249,2014-12-31,7.3590222457453613e-18,7.3590222457453613e-18,-0.024419499472518289,0.031859211407831253
2015-01-16,2015-01-19,2015-01-20,funded_assets,EUR,0.94999999999999996,IN_TCOP1250,GBP,-0.00027569380540180003,0.012771964423567594,0.016595312081567341,-4.3290222387372914,0,0.0038233476579997462,65536,2014-12-31,1.2498818169684456e-17,1.2498818169684456e-17,-0.065180137689812956,0.048027082418882594
2015-01-16,2015-01-19,2015-01-20,funded_assets,EUR,0.98999999999999999,IN_TCOP1250,GBP,-0.00027569380540180003,0.018963851751117561,0.022617360065293975,-3.9505731003508302,0,0.0036535083141764138,65536,2014-12-31,1.2498818169684456e-17,1.2498818169684456e-17,-0.065180137689812956,0.048027082418882594
2015-01-16,2015-01-19,2015-01-20,funded_assets,USD,0.94999999999999996,IN_TCOP1250,GBP,-0.0002828147703249,0.012775949992298107,0.016639528752293343,-4.3281669634628184,0,0.0038635787599952363,65536,2014-12-31,1.2498818169684456e-17,1.2498818169684456e-17,-0.06358670309002544,0.048321526876425151
2015-01-16,2015-01-19,2015-01-20,funded_assets,USD,0.98999999999999999,IN_TCOP1250,GBP,-0.0002828147703249,0.019017591126014657,0.022739360972089007,-3.9473287120839435,0,0.0037217698460743492,65536,2014-12-31,1.2498818169684456e-17,1.2498818169684456e-17,-0.06358670309002544,0.048321526876425151
2015-01-16,2015-01-19,2015-01-20,net_cashflows,EUR,0.94999999999999996,IN_TCOP1250,GBP,-0.0029752741326333002,0.012403534478510959,0.016256314867587055,-4.3562759155256732,0,0.0038527803890760961,65536,2014-12-31,1.2498818169684456e-17,1.2498818169684456e-17,-0.0370915979371476,0.042482804129122829
2015-01-16,2015-01-19,2015-01-20,net_cashflows,EUR,0.98999999999999999,IN_TCOP1250,GBP,-0.0029752741326333002,0.018458947138918668,0.022489711525740384,-3.9739243780762128,0,0.0040307643868217162,65536,2014-12-31,1.2498818169684456e-17,1.2498818169684456e-17,-0.0370915979371476,0.042482804129122829
2015-01-16,2015-01-19,2015-01-20,net_cashflows,USD,0.94999999999999996,IN_TCOP1250,GBP,-0.0029694463941813002,0.01244143139205668,0.016316939311627567,-4.3530658811937935,0,0.0038755079195708867,65536,2014-12-31,1.2498818169684456e-17,1.2498818169684456e-17,-0.037102459670835086,0.043648439794721335
2015-01-16,2015-01-19,2015-01-20,net_cashflows,USD,0.98999999999999999,IN_TCOP1250,GBP,-0.0029694463941813002,0.018510001645149435,0.022604955505153342,-3.9707390538456577,0,0.0040949538600039068,65536,2014-12-31,1.2498818169684456e-17,1.2498818169684456e-17,-0.037102459670835086,0.043648439794721335
2015-01-16,2015-01-19,2015-01-20,funded_assets,EUR,0.94999999999999996,IN_FHS1250,JPY,-0.00027569380540180003,0.0091846592811157812,0.013329474754695271,-4.6287286965441847,0,0.0041448154735794895,1249,2014-12-31,6.0173220572945496e-18,6.0173220572945496e-18,-0.053301734332650869,0.03091532365564989
2015-01-16,2015-01-19,2015-01-20,funded_assets,EUR,0.98999999999999999,IN_FHS1250,JPY,-0.00027569380540180003,0.014666796844762686,0.019878008743056359,-4.1803009008020844,0,0.0052112118982936724,1249,2014-12-31,6.0173220572945496e-18,6.0173220572945496e-18,-0.053301734332650869,0.03091532365564989
2015-01-16,2015-01-19,2015-01-20,funded_assets,USD,0.94999999999999996,IN_FHS1250,JPY,-0.0002828147703249,0.009180952588183109,0.01339918359857656,-4.6273740384501041,0,0.0042182310103934511,1249,2014-12-31,6.0173220572945496e-18,6.0173220572945496e-18,-0.052944451258664045,0.030561767300666405
2015-01-16,2015-01-19,2015-01-20,funded_assets,USD,0.98999999999999999,IN_FHS1250,JPY,-0.0002828147703249,0.014762090029051709,0.020027328374600844,-4.1735602015270521,0,0.0052652383455491347,1249,2014-12-31,6.0173220572945496e-18,6.0173220572945496e-18,-0.052944451258664045,0.030561767300666405
2015-01-16,2015-01-19,2015-01-20,net_cashflows,EUR,0.94999999999999996,IN_FHS1250,JPY,-0.0029752741326333002,0.0094490559120751459,0.012921581813026337,-4.6175948093245678,0,0.003472525900951191,1249,2014-12-31,6.0173220572945496e-18,6.0173220572945496e-18,-0.026602080595075919,0.035654472383776753
2015-01-16,2015-01-19,2015-01-20,net_cashflows,EUR,0.98999999999999999,IN_FHS1250,JPY,-0.0029752741326333002,0.014309412117827925,0.018605391883698506,-4.2152035734836417,0,0.0042959797658705806,1249,2014-12-31,6.0173220572945496e-18,6.0173220572945496e-18,-0.026602080595075919,0.035654472383776753
2015-01-16,2015-01-19,2015-01-20,net_cashflows,USD,0.94999999999999996,IN_FHS1250,JPY,-0.0029694463941813002,0.0094177223707249853,0.012992875413225314,-4.6185166908992041,0,0.003575153042500329,1249,2014-12-31,6.0173220572945496e-18,6.0173220572945496e-18,-0.026280836763269907,0.035424337839795927
2015-01-16,2015-01-19,2015-01-20,net_cashflows,USD,0.98999999999999999,IN_FHS1250,JPY,-0.0029694463941813002,0.014578942949892721,0.018768504365112137,-4.1987980905984301,0,0.0041895614152194158,1249,2014-12-31,6.0173220572945496e-18,6.0173220572945496e-18,-0.026280836763269907,0.035424337839795927
2015-01-16,2015-01-19,2015-01-20,funded_assets,EUR,0.94999999999999996,IN_TCOP1250,JPY,-0.00027569380540180003,0.010141236592852432,0.013320556783250536,-4.5571245393221869,0,0.0031793201903981046,65536,2014-12-31,1.2668648275608943e-17,1.2668648275608943e-17,-0.056911584346986094,0.046666445360294323
2015-01-16,2015-01-19,2015-01-20,funded_assets,EUR,0.98999999999999999,IN_TCOP1250,JPY,-0.00027569380540180003,0.015110574610252558,0.018590303674482993,-4.1722949280558304,0,0.0034797290642304343,65536,2014-12-31,1.2668648275608943e-17,1.2668648275608943e-17,-0.056911584346986094,0.046666445360294323
2015-01-16,2015-01-19,2015-01-20,funded_assets,USD,0.94999999999999996,IN_TCOP1250,JPY,-0.0002828147703249,0.010159625947514246,0.013377030617351909,-4.5547332802868361,0,0.0032174046698376629,65536,2014-12-31,1.2668648275608943e-17,1.2668648275608943e-17,-0.055259171059062299,0.048039909904104651
2015-01-16,2015-01-19,2015-01-20,funded_assets,USD,0.98999999999999999,IN_TCOP1250,JPY,-0.0002828147703249,0.01519661047582959,0.018731342302605581,-4.1662639077811274,0,0.0035347318267759907,65536,2014-12-31,1.2668648275608943e-17,1.2668648275608943e-17,-0.055259171059062299,0.048039909904104651
2015-01-16,2015-01-19,2015-01-20,net_cashflows,EUR,0.94999999999999996,IN_TCOP1250,JPY,-0.0029752741326333002,0.0098541353095524149,0.013191855375546166,-4.5811693513360989,0,0.003337720065993751,65536,2014-12-31,1.2668648275608943e-17,1.2668648275608943e-17,-0.036587713067578936,0.049057088399949815
2015-01-16,2015-01-19,2015-01-20,net_cashflows,EUR,0.98999999999999999,IN_TCOP1250,JPY,-0.0029752741326333002,0.015115128952913358,0.018709893769511054,-4.1708345763037826,0,0.003594764816597696,65536,2014-12-31,1.2668648275608943e-17,1.2668648275608943e-17,-0.036587713067578936,0.049057088399949815
2015-01-16,2015-01-19,2015-01-20,net_cashflows,USD,0.94999999999999996,IN_TCOP1250,JPY,-0.0029694463941813002,0.0099090395403555343,0.01330246669418406,-4.5749033821473439,0,0.0033934271538285255,65536,2014-12-31,1.2668648275608943e-17,1.2668648275608943e-17,-0.034394228295786526,0.049698755795995427
2015-01-16,2015-01-19,2015-01-20,net_cashflows,USD,0.98999999999999999,IN_TCOP1250,JPY,-0.0029694463941813002,0.015251236362439198,0.018953412330046045,-4.1611016067284545,0,0.0037021759676068473,65536,2014-12-31,1.2668648275608943e-17,1.2668648275608943e-17,-0.034394228295786526,0.049698755795995427
2015-01-16,2015-01-19,2015-01-20,funded_assets,EUR,0.94999999999999996,IN_FHS1250,CHF,-0.00027569380540180003,0.08345062735771816,0.10421077870406505,-2.4605528036050672,0,0.020760151346346886,1249,2014-12-31,2.7755575615628914e-17,2.7755575615628914e-17,-0.18551494820857059,0.18474316073225988
2015-01-16,2015-01-19,2015-01-20,funded_assets,EUR,0.98999999999999999,IN_FHS1250,CHF,-0.00027569380540180003,0.11759835404691771,0.14128585393940088,-2.1246266654491821,0,0.023687499892483171,1249,2014-12-31,2.7755575615628914e-17,2.7755575615628914e-17,-0.18551494820857059,0.18474316073225988
2015-01-16,2015-01-19,2015-01-20,funded_assets,USD,0.94999999999999996,IN_FHS1250,CHF,-0.0002828147703249,0.088780343730658906,0.12252416407566985,-2.3748524427492188,0,0.033743820345010944,1249,2014-12-31,2.7755575615628914e-17,2.7755575615628914e-17,-0.18059117399020919,0.2791250089458725
2015-01-16,2015-01-19,2015-01-20,funded_assets,USD,0.98999999999999999,IN_FHS1250,CHF,-0.0002828147703249,0.1400059121542731,0.19543885913035636,-1.9161408790360939,0,0.055432946976083253,1249,2014-12-31,2.7755575615628914e-17,2.7755575615628914e-17,-0.18059117399020919,0.2791250089458725
2015-01-16,2015-01-19,2015-01-20,net_cashflows,EUR,0.94999999999999996,IN_FHS1250,CHF,-0.0029752741326333002,0.019509887161857906,0.027698102278780772,-3.8820150648680829,0,0.0081882151169228659,1249,2014-12-31,2.7755575615628914e-17,2.7755575615628914e-17,-0.065431878180115283,0.067752045569369104
2015-01-16,2015-01-19,2015-01-20,net_cashflows,EUR,0.98999999999999999,IN_FHS1250,CHF,-0.0029752741326333002,0.031327491191318536,0.040991439867604798,-3.430147304933556,0,0.0096639486762862617,1249,2014-12-31,2.7755575615628914e-17,2.7755575615628914e-17,-0.065431878180115283,0.067752045569369104
2015-01-16,2015-01-19,2015-01-20,net_cashflows,USD,0.94999999999999996,IN_FHS1250,CHF,-0.0029694463941813002,0.019760712647423205,0.027493978011691265,-3.875059522460897,0,0.0077332653642680597,1249,2014-12-31,2.7755575615628914e-17,2.7755575615628914e-17,-0.06460021971228104,0.068006663660307179
2015-01-16,2015-01-19,2015-01-20,net_cashflows,USD,0.98999999999999999,IN_FHS1250,CHF,-0.0029694463941813002,0.030670646505624545,0.040041406283766096,-3.4518679431930916,0,0.0093707597781415505,1249,2014-12-31,2.7755575615628914e-17,2.7755575615628914e-17,-0.06460021971228104,0.068006663660307179
2015-01-16,2015-01-19,2015-01-20,funded_assets,EUR,0.94999999999999996,IN_TCOP1250,CHF,-0.00027569380540180003,0.083116720721235354,0.1058148494276864,-2.4605723871585292,0,0.022698128706451048,65536,2014-12-31,7.6327832942979512e-17,7.6327832942979512e-17,-0.24901059967010941,0.22050876924518392
2015-01-16,2015-01-19,2015-01-20,funded_assets,EUR,0.98999999999999999,IN_TCOP1250,CHF,-0.00027569380540180003,0.12029434759545066,0.13834307121414588,-2.1084821725455756,0,0.018048723618695223,65536,2014-12-31,7.6327832942979512e-17,7.6327832942979512e-17,-0.24901059967010941,0.22050876924518392
2015-01-16,2015-01-19,2015-01-20,funded_assets,USD,0.94999999999999996,IN_TCOP1250,CHF,-0.0002828147703249,0.090764327707083994,0.11882203834719696,-2.3662605923663502,0,0.028057710640112962,65536,2014-12-31,7.6327832942979512e-17,7.6327832942979512e-17,-0.22851241053328442,0.31124801758941811
2015-01-16,2015-01-19,2015-01-20,funded_assets,USD,0.98999999999999999,IN_TCOP1250,CHF,-0.0002828147703249,0.13657762625608258,0.16096102229519871,-1.9780793801634968,0,0.024383396039116129,65536,2014-12-31,7.6327832942979512e-17,7.6327832942979512e-17,-0.22851241053328442,0.31124801758941811
2015-01-16,2015-01-19,2015-01-20,net_cashflows,EUR,0.94999999999999996,IN_TCOP1250,CHF,-0.0029752741326333002,0.020055873292100058,0.027057955711648742,-3.8685551162514842,0,0.0070020824195486837,65536,2014-12-31,7.6327832942979512e-17,7.6327832942979512e-17,-0.073956318969179341,0.094357290479635231
2015-01-16,2015-01-19,2015-01-20,net_cashflows,EUR,0.98999999999999999,IN_TCOP1250,CHF,-0.0029752741326333002,0.031191746891244064,0.038594508883933017,-3.4464539544056234,0,0.0074027619926889526,65536,2014-12-31,7.6327832942979512e-17,7.6327832942979512e-17,-0.073956318969179341,0.094357290479635231
2015-01-16,2015-01-19,2015-01-20,net_cashflows,USD,0.94999999999999996,IN_TCOP1250,CHF,-0.0029694463941813002,0.019837985826157107,0.026684367244108803,-3.8802463814649637,0,0.0068463814179516962,65536,2014-12-31,7.6327832942979512e-17,7.6327832942979512e-17,-0.073911265887840027,0.11158612732077673
2015-01-16,2015-01-19,2015-01-20,net_cashflows,USD,0.98999999999999999,IN_TCOP1250,CHF,-0.0029694463941813002,0.030621371198593372,0.037910170137187692,-3.464800863575805,0,0.0072887989385943194,65536,2014-12-31,7.6327832942979512e-17,7.6327832942979512e-17,-0.073911265887840027,0.11158612732077673
2015-01-16,2015-01-19,2015-01-20,funded_assets,EUR,0.94999999999999996,IN_FHS_REF_POOL,ALL_FIVE,-0.00027569380540180003,0.032969463100488094,0.06187292356508179,-3.2498149275875665,0,0.028903460464593696,6245,2014-12-31,0,0,-0.18551494820857059,0.18474316073225988
2015-01-16,2015-01-19,2015-01-20,funded_assets,EUR,0.98999999999999999,IN_FHS_REF_POOL,ALL_FIVE,-0.00027569380540180003,0.08345062735771816,0.10421077870406505,-2.4605528036050672,0,0.020760151346346886,6245,2014-12-31,0,0,-0.18551494820857059,0.18474316073225988
2015-01-16,2015-01-19,2015-01-20,funded_assets,USD,0.94999999999999996,IN_FHS_REF_POOL,ALL_FIVE,-0.0002828147703249,0.033864565797984449,0.067663362151102455,-3.1927244201524694,0,0.033798796353118006,6245,2014-12-31,0,0,-0.18059117399020919,0.2791250089458725
2015-01-16,2015-01-19,2015-01-20,funded_assets,USD,0.98999999999999999,IN_FHS_REF_POOL,ALL_FIVE,-0.0002828147703249,0.088780343730658906,0.12252416407566985,-2.3748524427492188,0,0.033743820345010944,6245,2014-12-31,0,0,-0.18059117399020919,0.2791250089458725
2015-01-16,2015-01-19,2015-01-20,net_cashflows,EUR,0.94999999999999996,IN_FHS_REF_POOL,ALL_FIVE,-0.0029752741326333002,0.0145175872051863,0.020682619591189999,-4.1765394923207211,0,0.0061650323860036986,6245,2014-12-31,0,0,-0.065431878180115283,0.067752045569369104
2015-01-16,2015-01-19,2015-01-20,net_cashflows,EUR,0.98999999999999999,IN_FHS_REF_POOL,ALL_FIVE,-0.0029752741326333002,0.023988658676513341,0.030552904379658779,-3.7031440290411788,0,0.0065642457031454375,6245,2014-12-31,0,0,-0.065431878180115283,0.067752045569369104
2015-01-16,2015-01-19,2015-01-20,net_cashflows,USD,0.94999999999999996,IN_FHS_REF_POOL,ALL_FIVE,-0.0029694463941813002,0.014578082581437566,0.020639589045423203,-4.1742277353274204,0,0.0060615064639856376,6245,2014-12-31,0,0,-0.06460021971228104,0.068006663660307179
2015-01-16,2015-01-19,2015-01-20,net_cashflows,USD,0.98999999999999999,IN_FHS_REF_POOL,ALL_FIVE,-0.0029694463941813002,0.023879715098115123,0.030247549203984418,-3.7088640846697025,0,0.0063678341058692953,6245,2014-12-31,0,0,-0.06460021971228104,0.068006663660307179
2015-01-16,2015-01-19,2015-01-20,funded_assets,EUR,0.94999999999999996,IN_TCOP_REF_POOL,ALL_FIVE,-0.00027569380540180003,0.032644230320330869,0.063028064987120075,-3.2462435158794429,0,0.030383834666789206,327680,2014-12-31,0,0,-0.24901059967010941,0.22050876924518392
2015-01-16,2015-01-19,2015-01-20,funded_assets,EUR,0.98999999999999999,IN_TCOP_REF_POOL,ALL_FIVE,-0.00027569380540180003,0.083116720721235354,0.1058148494276864,-2.4605723871585292,0,0.022698128706451048,327680,2014-12-31,0,0,-0.24901059967010941,0.22050876924518392
2015-01-16,2015-01-19,2015-01-20,funded_assets,USD,0.94999999999999996,IN_TCOP_REF_POOL,ALL_FIVE,-0.0002828147703249,0.033483895059769453,0.067998645441179839,-3.1958474635214245,0,0.034514750381410386,327680,2014-12-31,0,0,-0.22851241053328442,0.31124801758941811
2015-01-16,2015-01-19,2015-01-20,funded_assets,USD,0.98999999999999999,IN_TCOP_REF_POOL,ALL_FIVE,-0.0002828147703249,0.090764327707083994,0.11882203834719696,-2.3662605923663502,0,0.028057710640112962,327680,2014-12-31,0,0,-0.22851241053328442,0.31124801758941811
2015-01-16,2015-01-19,2015-01-20,net_cashflows,EUR,0.94999999999999996,IN_TCOP_REF_POOL,ALL_FIVE,-0.0029752741326333002,0.014917739368895013,0.020696800108750649,-4.1570010167584037,0,0.0057790607398556359,327680,2014-12-31,0,0,-0.073956318969179341,0.094357290479635231
2015-01-16,2015-01-19,2015-01-20,net_cashflows,EUR,0.98999999999999999,IN_TCOP_REF_POOL,ALL_FIVE,-0.0029752741326333002,0.024081639449287064,0.030084382239489706,-3.7032793038625353,0,0.0060027427902026413,327680,2014-12-31,0,0,-0.073956318969179341,0.094357290479635231
2015-01-16,2015-01-19,2015-01-20,net_cashflows,USD,0.94999999999999996,IN_TCOP_REF_POOL,ALL_FIVE,-0.0029694463941813002,0.014924655058783305,0.020616324982896717,-4.1577479154419823,0,0.0056916699241134124,327680,2014-12-31,0,0,-0.073911265887840027,0.11158612732077673
2015-01-16,2015-01-19,2015-01-20,net_cashflows,USD,0.98999999999999999,IN_TCOP_REF_POOL,ALL_FIVE,-0.0029694463941813002,0.023997117538788082,0.029839628433287916,-3.7077149947721586,0,0.005842510894499834,327680,2014-12-31,0,0,-0.073911265887840027,0.11158612732077673
2018-05-02,2018-05-03,2018-05-04,funded_assets,EUR,0.94999999999999996,HS1250,ALL_EQUIVARIANT,-0.0017662246558688001,0.0052229601669512848,0.007364133609527708,-5.2018908785057221,0,0.0021411734425764231,1249,2017-12-29,3.8489177123235407e-18,3.8489177123235407e-18,-0.048007199002342682,0.015857900571365713
2018-05-02,2018-05-03,2018-05-04,funded_assets,EUR,0.98999999999999999,HS1250,ALL_EQUIVARIANT,-0.0017662246558688001,0.0082304344029651422,0.010950494256031448,-4.7627667667313425,0,0.0027200598530663055,1249,2017-12-29,3.8489177123235407e-18,3.8489177123235407e-18,-0.048007199002342682,0.015857900571365713
2018-05-02,2018-05-03,2018-05-04,funded_assets,USD,0.94999999999999996,HS1250,ALL_EQUIVARIANT,-0.0017578758407685001,0.0053072881200842692,0.0074418941175805157,-5.1874662606673931,0,0.0021346059974962465,1249,2017-12-29,3.8489177123235407e-18,3.8489177123235407e-18,-0.047680755673649919,0.0159662234291164
2018-05-02,2018-05-03,2018-05-04,funded_assets,USD,0.98999999999999999,HS1250,ALL_EQUIVARIANT,-0.0017578758407685001,0.008023624675924379,0.011106832015448828,-4.7777904308933827,0,0.0030832073395244495,1249,2017-12-29,3.8489177123235407e-18,3.8489177123235407e-18,-0.047680755673649919,0.0159662234291164
2018-05-02,2018-05-03,2018-05-04,net_cashflows,EUR,0.94999999999999996,HS1250,ALL_EQUIVARIANT,0.00095464372035150005,0.0039072503315501945,0.0059783263860852878,-5.4660453621905312,0,0.0020710760545350933,1249,2017-12-29,3.8489177123235407e-18,3.8489177123235407e-18,-0.010493876875167696,0.032540880585699684
2018-05-02,2018-05-03,2018-05-04,net_cashflows,EUR,0.98999999999999999,HS1250,ALL_EQUIVARIANT,0.00095464372035150005,0.0068317421245577617,0.010649073584517343,-4.9007484388686384,0,0.003817331459959581,1249,2017-12-29,3.8489177123235407e-18,3.8489177123235407e-18,-0.010493876875167696,0.032540880585699684
2018-05-02,2018-05-03,2018-05-04,net_cashflows,USD,0.94999999999999996,HS1250,ALL_EQUIVARIANT,0.00094875631421119995,0.0039091746207436271,0.0060108414100291047,-5.463836560797839,0,0.0021016667892854776,1249,2017-12-29,3.8489177123235407e-18,3.8489177123235407e-18,-0.010372574347699198,0.03231306722835027
2018-05-02,2018-05-03,2018-05-04,net_cashflows,USD,0.98999999999999999,HS1250,ALL_EQUIVARIANT,0.00094875631421119995,0.0068684630061137866,0.010715170864507479,-4.8950911125394692,0,0.0038467078583936925,1249,2017-12-29,3.8489177123235407e-18,3.8489177123235407e-18,-0.010372574347699198,0.03231306722835027
2018-05-02,2018-05-03,2018-05-04,funded_assets,EUR,0.94999999999999996,EWMA_GAUSS,ALL_EQUIVARIANT,-0.0017662246558688001,0.003652293735681128,0.0045727090697454294,-5.588933928186937,0,0.00092041533406430134,65536,2017-12-29,3.1916201452542037e-18,3.1916201452542037e-18,-0.0092610790291727807,0.010187851930286901
2018-05-02,2018-05-03,2018-05-04,funded_assets,EUR,0.98999999999999999,EWMA_GAUSS,ALL_EQUIVARIANT,-0.0017662246558688001,0.00516417350216275,0.0059145625606768903,-5.2572091767452527,0,0.00075038905851414033,65536,2017-12-29,3.1916201452542037e-18,3.1916201452542037e-18,-0.0092610790291727807,0.010187851930286901
2018-05-02,2018-05-03,2018-05-04,funded_assets,USD,0.94999999999999996,EWMA_GAUSS,ALL_EQUIVARIANT,-0.0017578758407685001,0.0036721075267499431,0.0046036618290180818,-5.5832539659707088,0,0.00093155430226813871,65536,2017-12-29,3.1916201452542037e-18,3.1916201452542037e-18,-0.0090201762519971918,0.010386814691603158
2018-05-02,2018-05-03,2018-05-04,funded_assets,USD,0.98999999999999999,EWMA_GAUSS,ALL_EQUIVARIANT,-0.0017578758407685001,0.0052011669809557569,0.0059637800415359519,-5.2499248730409382,0,0.00076261306058019503,65536,2017-12-29,3.1916201452542037e-18,3.1916201452542037e-18,-0.0090201762519971918,0.010386814691603158
2018-05-02,2018-05-03,2018-05-04,net_cashflows,EUR,0.94999999999999996,EWMA_GAUSS,ALL_EQUIVARIANT,0.00095464372035150005,0.0023766750777834303,0.0029872044587453805,-6.0177988102620956,0,0.0006105293809619502,65536,2017-12-29,3.1916201452542037e-18,3.1916201452542037e-18,-0.0058123190185644389,0.0066628521662346115
2018-05-02,2018-05-03,2018-05-04,net_cashflows,EUR,0.98999999999999999,EWMA_GAUSS,ALL_EQUIVARIANT,0.00095464372035150005,0.0033693944572722352,0.0038566068406566531,-5.6842994165373062,0,0.00048721238338441785,65536,2017-12-29,3.1916201452542037e-18,3.1916201452542037e-18,-0.0058123190185644389,0.0066628521662346115
2018-05-02,2018-05-03,2018-05-04,net_cashflows,USD,0.94999999999999996,EWMA_GAUSS,ALL_EQUIVARIANT,0.00094875631421119995,0.0023901604992395738,0.0030022814899721027,-6.0122680588608741,0,0.00061212099073252885,65536,2017-12-29,3.1916201452542037e-18,3.1916201452542037e-18,-0.0057614875388069687,0.0067021144392180026
2018-05-02,2018-05-03,2018-05-04,net_cashflows,USD,0.98999999999999999,EWMA_GAUSS,ALL_EQUIVARIANT,0.00094875631421119995,0.0033888345621725371,0.0038815722654393305,-5.6784577976414035,0,0.00049273770326679336,65536,2017-12-29,3.1916201452542037e-18,3.1916201452542037e-18,-0.0057614875388069687,0.0067021144392180026
2018-05-02,2018-05-03,2018-05-04,funded_assets,EUR,0.94999999999999996,EWMA_SELFNORMALIZED,ALL_EQUIVARIANT,-0.0017662246558688001,0.0036728555162739707,0.0046095118769048527,-5.5828340806630639,0,0.00093665636063088205,65536,2017-12-29,3.2526065174565133e-18,3.2526065174565133e-18,-0.0095329206314850312,0.0085060474881742121
2018-05-02,2018-05-03,2018-05-04,funded_assets,EUR,0.98999999999999999,EWMA_SELFNORMALIZED,ALL_EQUIVARIANT,-0.0017662246558688001,0.0052102617932187623,0.0059758550249007095,-5.2481425162154256,0,0.00076559323168194724,65536,2017-12-29,3.2526065174565133e-18,3.2526065174565133e-18,-0.0095329206314850312,0.0085060474881742121
2018-05-02,2018-05-03,2018-05-04,funded_assets,USD,0.94999999999999996,EWMA_SELFNORMALIZED,ALL_EQUIVARIANT,-0.0017578758407685001,0.0036928538232681263,0.004640984082870535,-5.5771239381263644,0,0.00094813025960240873,65536,2017-12-29,3.2526065174565133e-18,3.2526065174565133e-18,-0.0093437845321571438,0.0085866651841213608
2018-05-02,2018-05-03,2018-05-04,funded_assets,USD,0.98999999999999999,EWMA_SELFNORMALIZED,ALL_EQUIVARIANT,-0.0017578758407685001,0.0052497841725076752,0.0060275521720343731,-5.240449757643562,0,0.00077776799952669791,65536,2017-12-29,3.2526065174565133e-18,3.2526065174565133e-18,-0.0093437845321571438,0.0085866651841213608
2018-05-02,2018-05-03,2018-05-04,net_cashflows,EUR,0.94999999999999996,EWMA_SELFNORMALIZED,ALL_EQUIVARIANT,0.00095464372035150005,0.0023876916672471386,0.0030133923571771257,-6.0123287729879547,0,0.00062570068992998714,65536,2017-12-29,3.2526065174565133e-18,3.2526065174565133e-18,-0.0061847190342432575,0.0062293949913823209
2018-05-02,2018-05-03,2018-05-04,net_cashflows,EUR,0.98999999999999999,EWMA_SELFNORMALIZED,ALL_EQUIVARIANT,0.00095464372035150005,0.003417736900350821,0.0038901610928088999,-5.6707454888963884,0,0.00047242419245807892,65536,2017-12-29,3.2526065174565133e-18,3.2526065174565133e-18,-0.0061847190342432575,0.0062293949913823209
2018-05-02,2018-05-03,2018-05-04,net_cashflows,USD,0.94999999999999996,EWMA_SELFNORMALIZED,ALL_EQUIVARIANT,0.00094875631421119995,0.0024008553762571885,0.0030284604571038133,-6.0069365747165238,0,0.0006276050808466248,65536,2017-12-29,3.2526065174565133e-18,3.2526065174565133e-18,-0.0061845980000125337,0.0062416296737286894
2018-05-02,2018-05-03,2018-05-04,net_cashflows,USD,0.98999999999999999,EWMA_SELFNORMALIZED,ALL_EQUIVARIANT,0.00094875631421119995,0.0034329285185005307,0.0039142717887084878,-5.6660973182127146,0,0.0004813432702079571,65536,2017-12-29,3.2526065174565133e-18,3.2526065174565133e-18,-0.0061845980000125337,0.0062416296737286894
2018-05-02,2018-05-03,2018-05-04,funded_assets,EUR,0.94999999999999996,IN_FHS1250,EUR,-0.0017662246558688001,0.0044859536734641325,0.0059664941142353167,-5.3697382201577168,0,0.0014805404407711841,1249,2017-12-29,3.1441863002079629e-18,3.1441863002079629e-18,-0.015598944608669618,0.01254994046470731
2018-05-02,2018-05-03,2018-05-04,funded_assets,EUR,0.98999999999999999,IN_FHS1250,EUR,-0.0017662246558688001,0.0067671065018509446,0.008469198340552455,-4.9722937961853226,0,0.0017020918387015103,1249,2017-12-29,3.1441863002079629e-18,3.1441863002079629e-18,-0.015598944608669618,0.01254994046470731
2018-05-02,2018-05-03,2018-05-04,funded_assets,USD,0.94999999999999996,IN_FHS1250,EUR,-0.0017578758407685001,0.0045079902392980769,0.0060229052362666168,-5.3637111625421001,0,0.0015149149969685399,1249,2017-12-29,3.1441863002079629e-18,3.1441863002079629e-18,-0.015294432586999534,0.012614367760203759
2018-05-02,2018-05-03,2018-05-04,funded_assets,USD,0.98999999999999999,IN_FHS1250,EUR,-0.0017578758407685001,0.0068704670460110473,0.0085735074495893616,-4.9577182292442696,0,0.0017030404035783143,1249,2017-12-29,3.1441863002079629e-18,3.1441863002079629e-18,-0.015294432586999534,0.012614367760203759
2018-05-02,2018-05-03,2018-05-04,net_cashflows,EUR,0.94999999999999996,IN_FHS1250,EUR,0.00095464372035150005,0.0031815317708480334,0.0043740140644155778,-5.7047029613936679,0,0.0011924822935675443,1249,2017-12-29,3.1441863002079629e-18,3.1441863002079629e-18,-0.0090019151862746668,0.0072852408889627299
2018-05-02,2018-05-03,2018-05-04,net_cashflows,EUR,0.98999999999999999,IN_FHS1250,EUR,0.00095464372035150005,0.0051897532904934705,0.0062378808711057738,-5.2451409842050793,0,0.0010481275806123033,1249,2017-12-29,3.1441863002079629e-18,3.1441863002079629e-18,-0.0090019151862746668,0.0072852408889627299
2018-05-02,2018-05-03,2018-05-04,net_cashflows,USD,0.94999999999999996,IN_FHS1250,EUR,0.00094875631421119995,0.0031968914379179219,0.0044070819989632699,-5.6991438128456542,0,0.0012101905610453481,1249,2017-12-29,3.1441863002079629e-18,3.1441863002079629e-18,-0.0088144898955178023,0.0073767298183951288
2018-05-02,2018-05-03,2018-05-04,net_cashflows,USD,0.98999999999999999,IN_FHS1250,EUR,0.00094875631421119995,0.0052113935605825239,0.0063039785086879234,-5.2398910666959218,0,0.0010925849481053995,1249,2017-12-29,3.1441863002079629e-18,3.1441863002079629e-18,-0.0088144898955178023,0.0073767298183951288
2018-05-02,2018-05-03,2018-05-04,funded_assets,EUR,0.94999999999999996,IN_TCOP1250,EUR,-0.0017662246558688001,0.0044415566483143321,0.0059853098267552349,-5.3763708611160235,0,0.0015437531784409028,65536,2017-12-29,4.8653572490287011e-18,4.8653572490287011e-18,-0.017738123906842929,0.015885283201727274
2018-05-02,2018-05-03,2018-05-04,funded_assets,EUR,0.98999999999999999,IN_TCOP1250,EUR,-0.0017662246558688001,0.006936533715946519,0.0084249857298516577,-4.9532246579590531,0,0.0014884520139051387,65536,2017-12-29,4.8653572490287011e-18,4.8653572490287011e-18,-0.017738123906842929,0.015885283201727274
2018-05-02,2018-05-03,2018-05-04,funded_assets,USD,0.94999999999999996,IN_TCOP1250,EUR,-0.0017578758407685001,0.0044756457151181803,0.0060361465895381623,-5.3685154593246915,0,0.001560500874419982,65536,2017-12-29,4.8653572490287011e-18,4.8653572490287011e-18,-0.017315680156212366,0.016173620902986251
2018-05-02,2018-05-03,2018-05-04,funded_assets,USD,0.98999999999999999,IN_TCOP1250,EUR,-0.0017578758407685001,0.0070066585535951366,0.0085211179994236913,-4.9429378603900993,0,0.0015144594458285547,65536,2017-12-29,4.8653572490287011e-18,4.8653572490287011e-18,-0.017315680156212366,0.016173620902986251
2018-05-02,2018-05-03,2018-05-04,net_cashflows,EUR,0.94999999999999996,IN_TCOP1250,EUR,0.00095464372035150005,0.003244051896764666,0.004385630116560485,-5.6897216689733439,0,0.001141578219795819,65536,2017-12-29,4.8653572490287011e-18,4.8653572490287011e-18,-0.013906597556395173,0.015553819074623589
2018-05-02,2018-05-03,2018-05-04,net_cashflows,EUR,0.98999999999999999,IN_TCOP1250,EUR,0.00095464372035150005,0.0050881669775145084,0.0063206504553022643,-5.2589262957654581,0,0.0012324834777877559,65536,2017-12-29,4.8653572490287011e-18,4.8653572490287011e-18,-0.013906597556395173,0.015553819074623589
2018-05-02,2018-05-03,2018-05-04,net_cashflows,USD,0.94999999999999996,IN_TCOP1250,EUR,0.00094875631421119995,0.0032598253509132577,0.00441573330369414,-5.6843516924529265,0,0.0011559079527808823,65536,2017-12-29,4.8653572490287011e-18,4.8653572490287011e-18,-0.013678156009897675,0.015779177776309727
2018-05-02,2018-05-03,2018-05-04,net_cashflows,USD,0.98999999999999999,IN_TCOP1250,EUR,0.00094875631421119995,0.0051346620622840893,0.0063807905202678756,-5.2497570253598713,0,0.0012461284579837863,65536,2017-12-29,4.8653572490287011e-18,4.8653572490287011e-18,-0.013678156009897675,0.015779177776309727
2018-05-02,2018-05-03,2018-05-04,funded_assets,EUR,0.94999999999999996,IN_FHS1250,USD,-0.0017662246558688001,0.0046728608582556064,0.0062689833914187643,-5.3267473548152786,0,0.0015961225331631579,1249,2017-12-29,2.5614276324970042e-18,2.5614276324970042e-18,-0.023426292103906121,0.014325711088469611
2018-05-02,2018-05-03,2018-05-04,funded_assets,EUR,0.98999999999999999,IN_FHS1250,USD,-0.0017662246558688001,0.0074834422394076949,0.0086711785486002328,-4.8847257510238036,0,0.0011877363091925379,1249,2017-12-29,2.5614276324970042e-18,2.5614276324970042e-18,-0.023426292103906121,0.014325711088469611
2018-05-02,2018-05-03,2018-05-04,funded_assets,USD,0.94999999999999996,IN_FHS1250,USD,-0.0017578758407685001,0.0047249604796020571,0.0063154779292542533,-5.3165961969245261,0,0.0015905174496521962,1249,2017-12-29,2.5614276324970042e-18,2.5614276324970042e-18,-0.023275091064105184,0.014408678387848994
2018-05-02,2018-05-03,2018-05-04,funded_assets,USD,0.98999999999999999,IN_FHS1250,USD,-0.0017578758407685001,0.0076044800397412054,0.0087644021895904381,-4.8694016639385103,0,0.0011599221498492327,1249,2017-12-29,2.5614276324970042e-18,2.5614276324970042e-18,-0.023275091064105184,0.014408678387848994
2018-05-02,2018-05-03,2018-05-04,net_cashflows,EUR,0.94999999999999996,IN_FHS1250,USD,0.00095464372035150005,0.0028018595171117044,0.0039270333244805188,-5.8263910732608943,0,0.0011251738073688143,1249,2017-12-29,2.5614276324970042e-18,2.5614276324970042e-18,-0.0066496397367100443,0.012659417829692066
2018-05-02,2018-05-03,2018-05-04,net_cashflows,EUR,0.98999999999999999,IN_FHS1250,USD,0.00095464372035150005,0.0043983063765460472,0.0058349625525936305,-5.3901025802860971,0,0.0014366561760475833,1249,2017-12-29,2.5614276324970042e-18,2.5614276324970042e-18,-0.0066496397367100443,0.012659417829692066
2018-05-02,2018-05-03,2018-05-04,net_cashflows,USD,0.94999999999999996,IN_FHS1250,USD,0.00094875631421119995,0.0028051826485129953,0.0039504239104108593,-5.8238357712512281,0,0.001145241261897864,1249,2017-12-29,2.5614276324970042e-18,2.5614276324970042e-18,-0.0065787402711493925,0.012573573099579792
2018-05-02,2018-05-03,2018-05-04,net_cashflows,USD,0.98999999999999999,IN_FHS1250,USD,0.00094875631421119995,0.0044291651262673946,0.005878277882393766,-5.3830113848111454,0,0.0014491127561263714,1249,2017-12-29,2.5614276324970042e-18,2.5614276324970042e-18,-0.0065787402711493925,0.012573573099579792
2018-05-02,2018-05-03,2018-05-04,funded_assets,EUR,0.94999999999999996,IN_TCOP1250,USD,-0.0017662246558688001,0.004935060164760724,0.0066883654024740991,-5.2695283304844871,0,0.0017533052377133752,65536,2017-12-29,6.2409387553696849e-18,6.2409387553696849e-18,-0.024836045545310215,0.02028203370741874
2018-05-02,2018-05-03,2018-05-04,funded_assets,EUR,0.98999999999999999,IN_TCOP1250,USD,-0.0017662246558688001,0.0078231952714013231,0.0094434611902296604,-4.8340081449863108,0,0.0016202659188283373,65536,2017-12-29,6.2409387553696849e-18,6.2409387553696849e-18,-0.024836045545310215,0.02028203370741874
2018-05-02,2018-05-03,2018-05-04,funded_assets,USD,0.94999999999999996,IN_TCOP1250,USD,-0.0017578758407685001,0.0049641701708948672,0.006744261932799556,-5.2630048903126747,0,0.0017800917619046888,65536,2017-12-29,6.2409387553696849e-18,6.2409387553696849e-18,-0.024221401717597749,0.02056043914052394
2018-05-02,2018-05-03,2018-05-04,funded_assets,USD,0.98999999999999999,IN_TCOP1250,USD,-0.0017578758407685001,0.0078853710446612994,0.0095516757190909803,-4.8254902261166386,0,0.0016663046744296809,65536,2017-12-29,6.2409387553696849e-18,6.2409387553696849e-18,-0.024221401717597749,0.02056043914052394
2018-05-02,2018-05-03,2018-05-04,net_cashflows,EUR,0.94999999999999996,IN_TCOP1250,USD,0.00095464372035150005,0.0027613095977796938,0.0039269083858712072,-5.8367263576051558,0,0.0011655987880915134,65536,2017-12-29,6.2409387553696849e-18,6.2409387553696849e-18,-0.010210526115810149,0.017567279802780323
2018-05-02,2018-05-03,2018-05-04,net_cashflows,EUR,0.98999999999999999,IN_TCOP1250,USD,0.00095464372035150005,0.004457449234358991,0.0060933206439987894,-5.3690316929297524,0,0.0016358714096397983,65536,2017-12-29,6.2409387553696849e-18,6.2409387553696849e-18,-0.010210526115810149,0.017567279802780323
2018-05-02,2018-05-03,2018-05-04,net_cashflows,USD,0.94999999999999996,IN_TCOP1250,USD,0.00094875631421119995,0.0027714224751444047,0.0039510802097517273,-5.8323321453242709,0,0.0011796577346073226,65536,2017-12-29,6.2409387553696849e-18,6.2409387553696849e-18,-0.010018631543284275,0.017704032111220867
2018-05-02,2018-05-03,2018-05-04,net_cashflows,USD,0.98999999999999999,IN_TCOP1250,USD,0.00094875631421119995,0.0044815275831886041,0.0061498345249670792,-5.3626068245721452,0,0.0016683069417784751,65536,2017-12-29,6.2409387553696849e-18,6.2409387553696849e-18,-0.010018631543284275,0.017704032111220867
2018-05-02,2018-05-03,2018-05-04,funded_assets,EUR,0.94999999999999996,IN_FHS1250,GBP,-0.0017662246558688001,0.0046820438769926698,0.0065950765744426099,-5.3115017053248881,0,0.0019130326974499401,1249,2017-12-29,2.574980159653073e-18,2.574980159653073e-18,-0.026678842946855158,0.014060118837987273
2018-05-02,2018-05-03,2018-05-04,funded_assets,EUR,0.98999999999999999,IN_FHS1250,GBP,-0.0017662246558688001,0.0072771288373474352,0.0098268303571835865,-4.8821021108114131,0,0.0025497015198361513,1249,2017-12-29,2.574980159653073e-18,2.574980159653073e-18,-0.026678842946855158,0.014060118837987273
2018-05-02,2018-05-03,2018-05-04,funded_assets,USD,0.94999999999999996,IN_FHS1250,GBP,-0.0017578758407685001,0.0046966018452229783,0.0066712706324946677,-5.3059408424090551,0,0.0019746687872716894,1249,2017-12-29,2.574980159653073e-18,2.574980159653073e-18,-0.026507194990299118,0.014439274258195123
2018-05-02,2018-05-03,2018-05-04,funded_assets,USD,0.98999999999999999,IN_FHS1250,GBP,-0.0017578758407685001,0.0073214898259006348,0.009987506492819832,-4.8733554801239922,0,0.0026660166669191972,1249,2017-12-29,2.574980159653073e-18,2.574980159653073e-18,-0.026507194990299118,0.014439274258195123
2018-05-02,2018-05-03,2018-05-04,net_cashflows,EUR,0.94999999999999996,IN_FHS1250,GBP,0.00095464372035150005,0.0034845843535371455,0.0049986700509500395,-5.6014810989257526,0,0.001514085697412894,1249,2017-12-29,2.574980159653073e-18,2.574980159653073e-18,-0.0093358361242978482,0.015584947591069299
2018-05-02,2018-05-03,2018-05-04,net_cashflows,EUR,0.98999999999999999,IN_FHS1250,GBP,0.00095464372035150005,0.0055322818584700112,0.007583826938507723,-5.1522531426388829,0,0.0020515450800377118,1249,2017-12-29,2.574980159653073e-18,2.574980159653073e-18,-0.0093358361242978482,0.015584947591069299
2018-05-02,2018-05-03,2018-05-04,net_cashflows,USD,0.94999999999999996,IN_FHS1250,GBP,0.00094875631421119995,0.0035082399955989416,0.0050436190790147722,-5.5940514950575295,0,0.0015353790834158306,1249,2017-12-29,2.574980159653073e-18,2.574980159653073e-18,-0.0092288347570809465,0.01547728942240194
2018-05-02,2018-05-03,2018-05-04,net_cashflows,USD,0.98999999999999999,IN_FHS1250,GBP,0.00094875631421119995,0.0055712799988863479,0.0076628542280242108,-5.1443205108808723,0,0.0020915742291378629,1249,2017-12-29,2.574980159653073e-18,2.574980159653073e-18,-0.0092288347570809465,0.01547728942240194
2018-05-02,2018-05-03,2018-05-04,funded_assets,EUR,0.94999999999999996,IN_TCOP1250,GBP,-0.0017662246558688001,0.0051201136059839947,0.0071395191612773998,-5.2249588072439863,0,0.0020194055552934052,65536,2017-12-29,6.1799523831673753e-18,6.1799523831673753e-18,-0.032717151303189057,0.029515588499210904
2018-05-02,2018-05-03,2018-05-04,funded_assets,EUR,0.98999999999999999,IN_TCOP1250,GBP,-0.0017662246558688001,0.0083137698561970008,0.010520187749882382,-4.7641910230373954,0,0.0022064178936853814,65536,2017-12-29,6.1799523831673753e-18,6.1799523831673753e-18,-0.032717151303189057,0.029515588499210904
2018-05-02,2018-05-03,2018-05-04,funded_assets,USD,0.94999999999999996,IN_TCOP1250,GBP,-0.0017578758407685001,0.00515422425410152,0.0072123128010456103,-5.2173232404899466,0,0.0020580885469440903,65536,2017-12-29,6.1799523831673753e-18,6.1799523831673753e-18,-0.031901160723077103,0.030329847398437051
2018-05-02,2018-05-03,2018-05-04,funded_assets,USD,0.98999999999999999,IN_TCOP1250,GBP,-0.0017578758407685001,0.0083702379567129597,0.010674349235897228,-4.7557666480909768,0,0.0023041112791842688,65536,2017-12-29,6.1799523831673753e-18,6.1799523831673753e-18,-0.031901160723077103,0.030329847398437051
2018-05-02,2018-05-03,2018-05-04,net_cashflows,EUR,0.94999999999999996,IN_TCOP1250,GBP,0.00095464372035150005,0.0036492592218821066,0.0052784764849008233,-5.5527707031141711,0,0.0016292172630187167,65536,2017-12-29,6.1799523831673753e-18,6.1799523831673753e-18,-0.02060459018121831,0.023597258779265919
2018-05-02,2018-05-03,2018-05-04,net_cashflows,EUR,0.98999999999999999,IN_TCOP1250,GBP,0.00095464372035150005,0.0060821492078496639,0.0082434023238735551,-5.0605218615132195,0,0.0021612531160238911,65536,2017-12-29,6.1799523831673753e-18,6.1799523831673753e-18,-0.02060459018121831,0.023597258779265919
2018-05-02,2018-05-03,2018-05-04,net_cashflows,USD,0.94999999999999996,IN_TCOP1250,GBP,0.00094875631421119995,0.0036729531958996872,0.0053214073052081489,-5.5457953286784001,0,0.0016484541093084617,65536,2017-12-29,6.1799523831673753e-18,6.1799523831673753e-18,-0.019897338458274825,0.024164851346616976
2018-05-02,2018-05-03,2018-05-04,net_cashflows,USD,0.98999999999999999,IN_TCOP1250,GBP,0.00094875631421119995,0.006147804289256033,0.0083366309774656373,-5.049651408671485,0,0.0021888266882096044,65536,2017-12-29,6.1799523831673753e-18,6.1799523831673753e-18,-0.019897338458274825,0.024164851346616976
2018-05-02,2018-05-03,2018-05-04,funded_assets,EUR,0.94999999999999996,IN_FHS1250,JPY,-0.0017662246558688001,0.0046867470162889058,0.0061525005986622335,-5.3291337267088323,0,0.0014657535823733277,1249,2017-12-29,3.3203691532368573e-18,3.3203691532368573e-18,-0.022181397061965813,0.011678912889757781
2018-05-02,2018-05-03,2018-05-04,funded_assets,EUR,0.98999999999999999,IN_FHS1250,JPY,-0.0017662246558688001,0.0069908917246462587,0.0088445182359629497,-4.9375365586249078,0,0.001853626511316691,1249,2017-12-29,3.3203691532368573e-18,3.3203691532368573e-18,-0.022181397061965813,0.011678912889757781
2018-05-02,2018-05-03,2018-05-04,funded_assets,USD,0.94999999999999996,IN_FHS1250,JPY,-0.0017578758407685001,0.0046902630588011559,0.0062165587173721856,-5.326059777477937,0,0.0015262956585710297,1249,2017-12-29,3.3203691532368573e-18,3.3203691532368573e-18,-0.021992347225900686,0.012075839559128183
2018-05-02,2018-05-03,2018-05-04,funded_assets,USD,0.98999999999999999,IN_FHS1250,JPY,-0.0017578758407685001,0.0069838491980366933,0.0089673978140404117,-4.9353553076463754,0,0.0019835486160037184,1249,2017-12-29,3.3203691532368573e-18,3.3203691532368573e-18,-0.021992347225900686,0.012075839559128183
2018-05-02,2018-05-03,2018-05-04,net_cashflows,EUR,0.94999999999999996,IN_FHS1250,JPY,0.00095464372035150005,0.0028168200263160689,0.0039185573860267397,-5.8231906259414004,0,0.0011017373597106707,1249,2017-12-29,3.3203691532368573e-18,3.3203691532368573e-18,-0.0059070242405620315,0.012419734154013295
2018-05-02,2018-05-03,2018-05-04,net_cashflows,EUR,0.98999999999999999,IN_FHS1250,JPY,0.00095464372035150005,0.0041893296730746606,0.0056202385842770517,-5.43598048137462,0,0.0014309089112023912,1249,2017-12-29,3.3203691532368573e-18,3.3203691532368573e-18,-0.0059070242405620315,0.012419734154013295
2018-05-02,2018-05-03,2018-05-04,net_cashflows,USD,0.94999999999999996,IN_FHS1250,JPY,0.00094875631421119995,0.00282639563098435,0.003941259440808839,-5.8191248887493945,0,0.0011148638098244889,1249,2017-12-29,3.3203691532368573e-18,3.3203691532368573e-18,-0.0059411255794159313,0.01231151105861223
2018-05-02,2018-05-03,2018-05-04,net_cashflows,USD,0.98999999999999999,IN_FHS1250,JPY,0.00094875631421119995,0.0042360489150785018,0.0056671600101204523,-5.4255941983889171,0,0.0014311110950419505,1249,2017-12-29,3.3203691532368573e-18,3.3203691532368573e-18,-0.0059411255794159313,0.01231151105861223
2018-05-02,2018-05-03,2018-05-04,funded_assets,EUR,0.94999999999999996,IN_TCOP1250,JPY,-0.0017662246558688001,0.0044436939684958932,0.0061458647760857747,-5.3689377861285825,0,0.0017021708075898815,65536,2017-12-29,4.4791102250807402e-18,4.4791102250807402e-18,-0.032637512130261392,0.022340964113710809
2018-05-02,2018-05-03,2018-05-04,funded_assets,EUR,0.98999999999999999,IN_TCOP1250,JPY,-0.0017662246558688001,0.007153034173733086,0.0090637071350435517,-4.9142818656201417,0,0.0019106729613104657,65536,2017-12-29,4.4791102250807402e-18,4.4791102250807402e-18,-0.032637512130261392,0.022340964113710809
2018-05-02,2018-05-03,2018-05-04,funded_assets,USD,0.94999999999999996,IN_TCOP1250,JPY,-0.0017578758407685001,0.0044675141296981824,0.0061961252883443885,-5.3628137383352188,0,0.0017286111586462061,65536,2017-12-29,4.4791102250807402e-18,4.4791102250807402e-18,-0.031817214364003123,0.022742966515683739
2018-05-02,2018-05-03,2018-05-04,funded_assets,USD,0.98999999999999999,IN_TCOP1250,JPY,-0.0017578758407685001,0.0072033880836657599,0.0091707657034178543,-4.9062615787748189,0,0.0019673776197520945,65536,2017-12-29,4.4791102250807402e-18,4.4791102250807402e-18,-0.031817214364003123,0.022742966515683739
2018-05-02,2018-05-03,2018-05-04,net_cashflows,EUR,0.94999999999999996,IN_TCOP1250,JPY,0.00095464372035150005,0.0028164048886698098,0.0038714727179505002,-5.8266439349959995,0,0.0010550678292806904,65536,2017-12-29,4.4791102250807402e-18,4.4791102250807402e-18,-0.011834902435544215,0.016754517513668854
2018-05-02,2018-05-03,2018-05-04,net_cashflows,EUR,0.98999999999999999,IN_TCOP1250,JPY,0.00095464372035150005,0.0044854470240308095,0.0054664890867088221,-5.388583461148472,0,0.00098104206267801263,65536,2017-12-29,4.4791102250807402e-18,4.4791102250807402e-18,-0.011834902435544215,0.016754517513668854
2018-05-02,2018-05-03,2018-05-04,net_cashflows,USD,0.94999999999999996,IN_TCOP1250,JPY,0.00094875631421119995,0.0028261366884294037,0.00389005350445125,-5.8228290721608893,0,0.0010639168160218463,65536,2017-12-29,4.4791102250807402e-18,4.4791102250807402e-18,-0.011742235689605099,0.01738797356946422
2018-05-02,2018-05-03,2018-05-04,net_cashflows,USD,0.98999999999999999,IN_TCOP1250,JPY,0.00094875631421119995,0.00450613008535435,0.0055069917694249423,-5.3834805765841054,0,0.0010008616840705923,65536,2017-12-29,4.4791102250807402e-18,4.4791102250807402e-18,-0.011742235689605099,0.01738797356946422
2018-05-02,2018-05-03,2018-05-04,funded_assets,EUR,0.94999999999999996,IN_FHS1250,CHF,-0.0017662246558688001,0.0040711076108456146,0.0060790803248164929,-5.4332104901373661,0,0.0020079727139708783,1249,2017-12-29,6.0715321659188248e-18,6.0715321659188248e-18,-0.009827097886692171,0.039271627544973903
2018-05-02,2018-05-03,2018-05-04,funded_assets,EUR,0.98999999999999999,IN_FHS1250,CHF,-0.0017662246558688001,0.0063665591892249906,0.010414527077975563,-4.9532383664480726,0,0.0040479678887505727,1249,2017-12-29,6.0715321659188248e-18,6.0715321659188248e-18,-0.009827097886692171,0.039271627544973903
2018-05-02,2018-05-03,2018-05-04,funded_assets,USD,0.94999999999999996,IN_FHS1250,CHF,-0.0017578758407685001,0.0040978274496879467,0.0061498873420499992,-5.4249959032476767,0,0.0020520598923620525,1249,2017-12-29,6.0715321659188248e-18,6.0715321659188248e-18,-0.0098128285056567188,0.041263137977413239
2018-05-02,2018-05-03,2018-05-04,funded_assets,USD,0.98999999999999999,IN_FHS1250,CHF,-0.0017578758407685001,0.0064831355579486648,0.010646300974100638,-4.9335861440229429,0,0.004163165416151973,1249,2017-12-29,6.0715321659188248e-18,6.0715321659188248e-18,-0.0098128285056567188,0.041263137977413239
2018-05-02,2018-05-03,2018-05-04,net_cashflows,EUR,0.94999999999999996,IN_FHS1250,CHF,0.00095464372035150005,0.0030728368134072645,0.0046347950842528102,-5.7111702664063175,0,0.0015619582708455457,1249,2017-12-29,6.0715321659188248e-18,6.0715321659188248e-18,-0.0091610544796485675,0.013307461091928267
2018-05-02,2018-05-03,2018-05-04,net_cashflows,EUR,0.98999999999999999,IN_FHS1250,CHF,0.00095464372035150005,0.005482728417173322,0.007240847889700577,-5.1708227134658111,0,0.001758119472527255,1249,2017-12-29,6.0715321659188248e-18,6.0715321659188248e-18,-0.0091610544796485675,0.013307461091928267
2018-05-02,2018-05-03,2018-05-04,net_cashflows,USD,0.94999999999999996,IN_FHS1250,CHF,0.00094875631421119995,0.0031068545914924289,0.0046731487778951366,-5.7010910889105029,0,0.0015662941864027077,1249,2017-12-29,6.0715321659188248e-18,6.0715321659188248e-18,-0.0090325577320497438,0.014254761386024623
2018-05-02,2018-05-03,2018-05-04,net_cashflows,USD,0.98999999999999999,IN_FHS1250,CHF,0.00094875631421119995,0.0055100170526632044,0.0073669980130984638,-5.1628125066079722,0,0.0018569809604352594,1249,2017-12-29,6.0715321659188248e-18,6.0715321659188248e-18,-0.0090325577320497438,0.014254761386024623
2018-05-02,2018-05-03,2018-05-04,funded_assets,EUR,0.94999999999999996,IN_TCOP1250,CHF,-0.0017662246558688001,0.0042943191677974613,0.0063236318424843606,-5.3843709415630547,0,0.0020293126746868994,65536,2017-12-29,8.3483567281383841e-18,8.3483567281383841e-18,-0.021493111697028694,0.037744008035298149
2018-05-02,2018-05-03,2018-05-04,funded_assets,EUR,0.98999999999999999,IN_TCOP1250,CHF,-0.0017662246558688001,0.0070206153191335885,0.010559928605384569,-4.8858532705950237,0,0.00353931328625098,65536,2017-12-29,8.3483567281383841e-18,8.3483567281383841e-18,-0.021493111697028694,0.037744008035298149
2018-05-02,2018-05-03,2018-05-04,funded_assets,USD,0.94999999999999996,IN_TCOP1250,CHF,-0.0017578758407685001,0.0043154995757763159,0.006387032381685363,-5.377819698158584,0,0.002071532805909047,65536,2017-12-29,8.3483567281383841e-18,8.3483567281383841e-18,-0.021212738194008991,0.039947445422394756
2018-05-02,2018-05-03,2018-05-04,funded_assets,USD,0.98999999999999999,IN_TCOP1250,CHF,-0.0017578758407685001,0.007082047064663013,0.010748677099806068,-4.8740964350633087,0,0.0036666300351430548,65536,2017-12-29,8.3483567281383841e-18,8.3483567281383841e-18,-0.021212738194008991,0.039947445422394756
2018-05-02,2018-05-03,2018-05-04,net_cashflows,EUR,0.94999999999999996,IN_TCOP1250,CHF,0.00095464372035150005,0.0031774110360240689,0.0048173307560892796,-5.6759561163889689,0,0.0016399197200652107,65536,2017-12-29,8.3483567281383841e-18,8.3483567281383841e-18,-0.026028188712698276,0.032492341482515653
2018-05-02,2018-05-03,2018-05-04,net_cashflows,EUR,0.98999999999999999,IN_TCOP1250,CHF,0.00095464372035150005,0.0053228400387720365,0.0082234028837480308,-5.1534916877370058,0,0.0029005628449759943,65536,2017-12-29,8.3483567281383841e-18,8.3483567281383841e-18,-0.026028188712698276,0.032492341482515653
2018-05-02,2018-05-03,2018-05-04,net_cashflows,USD,0.94999999999999996,IN_TCOP1250,CHF,0.00094875631421119995,0.0031883605785271462,0.0048677334925080317,-5.6701278503891279,0,0.0016793729139808855,65536,2017-12-29,8.3483567281383841e-18,8.3483567281383841e-18,-0.02569632824920242,0.034562599339439989
2018-05-02,2018-05-03,2018-05-04,net_cashflows,USD,0.98999999999999999,IN_TCOP1250,CHF,0.00094875631421119995,0.0053694527393000242,0.0083921470519535205,-5.1406401705938967,0,0.0030226943126534962,65536,2017-12-29,8.3483567281383841e-18,8.3483567281383841e-18,-0.02569632824920242,0.034562599339439989
2018-05-02,2018-05-03,2018-05-04,funded_assets,EUR,0.94999999999999996,IN_FHS_REF_POOL,ALL_FIVE,-0.0017662246558688001,0.0044585303472954585,0.0062303709416307324,-5.3627070637631942,0,0.0017718405943352739,6245,2017-12-29,0,0,-0.026678842946855158,0.039271627544973903
2018-05-02,2018-05-03,2018-05-04,funded_assets,EUR,0.98999999999999999,IN_FHS_REF_POOL,ALL_FIVE,-0.0017662246558688001,0.0069020506742786536,0.009297511842375903,-4.9356538595751269,0,0.0023954611680972494,6245,2017-12-29,0,0,-0.026678842946855158,0.039271627544973903
2018-05-02,2018-05-03,2018-05-04,funded_assets,USD,0.94999999999999996,IN_FHS_REF_POOL,ALL_FIVE,-0.0017578758407685001,0.0044759919388623545,0.0062936994598505949,-5.357020073677786,0,0.0018177075209882404,6245,2017-12-29,0,0,-0.026507194990299118,0.041263137977413239
2018-05-02,2018-05-03,2018-05-04,funded_assets,USD,0.98999999999999999,IN_FHS_REF_POOL,ALL_FIVE,-0.0017578758407685001,0.0069604083640007024,0.0094425630671882144,-4.9253965693366029,0,0.002482154703187512,6245,2017-12-29,0,0,-0.026507194990299118,0.041263137977413239
2018-05-02,2018-05-03,2018-05-04,net_cashflows,EUR,0.94999999999999996,IN_FHS_REF_POOL,ALL_FIVE,0.00095464372035150005,0.0031216918149008181,0.0043960343867223278,-5.716936997912371,0,0.0012743425718215098,6245,2017-12-29,0,0,-0.0093358361242978482,0.015584947591069299
2018-05-02,2018-05-03,2018-05-04,net_cashflows,EUR,0.98999999999999999,IN_FHS_REF_POOL,ALL_FIVE,0.00095464372035150005,0.0050562298406740865,0.0066516364905464601,-5.2527441153719883,0,0.0015954066498723735,6245,2017-12-29,0,0,-0.0093358361242978482,0.015584947591069299
2018-05-02,2018-05-03,2018-05-04,net_cashflows,USD,0.94999999999999996,IN_FHS_REF_POOL,ALL_FIVE,0.00094875631421119995,0.0031363068442611195,0.0044285657370755393,-5.7114802788967545,0,0.0012922588928144197,6245,2017-12-29,0,0,-0.0092288347570809465,0.01547728942240194
2018-05-02,2018-05-03,2018-05-04,net_cashflows,USD,0.98999999999999999,IN_FHS_REF_POOL,ALL_FIVE,0.00094875631421119995,0.0050895415341457246,0.0067271917730100782,-5.2450349168199084,0,0.0016376502388643537,6245,2017-12-29,0,0,-0.0092288347570809465,0.01547728942240194
2018-05-02,2018-05-03,2018-05-04,funded_assets,EUR,0.94999999999999996,IN_TCOP_REF_POOL,ALL_FIVE,-0.0017662246558688001,0.0046605671156644268,0.006486590115089003,-5.3195256740303343,0,0.0018260229994245761,327680,2017-12-29,0,0,-0.032717151303189057,0.037744008035298149
2018-05-02,2018-05-03,2018-05-04,funded_assets,EUR,0.98999999999999999,IN_TCOP_REF_POOL,ALL_FIVE,-0.0017662246558688001,0.0074562829181971657,0.0096796727923501337,-4.8674239816072431,0,0.002223389874152968,327680,2017-12-29,0,0,-0.032717151303189057,0.037744008035298149
2018-05-02,2018-05-03,2018-05-04,funded_assets,USD,0.94999999999999996,IN_TCOP_REF_POOL,ALL_FIVE,-0.0017578758407685001,0.0046848823706487734,0.0065455234334167835,-5.3132355233563073,0,0.0018606410627680101,327680,2017-12-29,0,0,-0.031901160723077103,0.039947445422394756
2018-05-02,2018-05-03,2018-05-04,funded_assets,USD,0.98999999999999999,IN_TCOP_REF_POOL,ALL_FIVE,-0.0017578758407685001,0.0075270237987242264,0.0098113529411327522,-4.8570401915332848,0,0.0022843291424085258,327680,2017-12-29,0,0,-0.031901160723077103,0.039947445422394756
2018-05-02,2018-05-03,2018-05-04,net_cashflows,EUR,0.94999999999999996,IN_TCOP_REF_POOL,ALL_FIVE,0.00095464372035150005,0.0031378715192608266,0.0044974765148482719,-5.706542781790513,0,0.0013596049955874453,327680,2017-12-29,0,0,-0.026028188712698276,0.032492341482515653
2018-05-02,2018-05-03,2018-05-04,net_cashflows,EUR,0.98999999999999999,IN_TCOP_REF_POOL,ALL_FIVE,0.00095464372035150005,0.0051428079231590311,0.0070163908934621523,-5.2265357564757267,0,0.0018735829703031212,327680,2017-12-29,0,0,-0.026028188712698276,0.032492341482515653
2018-05-02,2018-05-03,2018-05-04,net_cashflows,USD,0.94999999999999996,IN_TCOP_REF_POOL,ALL_FIVE,0.00094875631421119995,0.0031502882015620823,0.0045312302053635775,-5.7015227538138742,0,0.0013809420038014952,327680,2017-12-29,0,0,-0.02569632824920242,0.034562599339439989
2018-05-02,2018-05-03,2018-05-04,net_cashflows,USD,0.98999999999999999,IN_TCOP_REF_POOL,ALL_FIVE,0.00094875631421119995,0.0051786971588740644,0.0071036193194274405,-5.2181285243139239,0,0.0019249221605533761,327680,2017-12-29,0,0,-0.02569632824920242,0.034562599339439989
2019-09-02,2019-09-03,2019-09-04,funded_assets,EUR,0.94999999999999996,HS1250,ALL_EQUIVARIANT,0.0026435164753918,0.0051201104100133954,0.0072596664812367437,-5.2201396225569923,0,0.0021395560712233483,1249,2018-12-31,3.8489177123235407e-18,3.8489177123235407e-18,-0.048007199002342682,0.015857900571365713
2019-09-02,2019-09-03,2019-09-04,funded_assets,EUR,0.98999999999999999,HS1250,ALL_EQUIVARIANT,0.0026435164753918,0.008101051160448125,0.010945418372217729,-4.7747026188956481,0,0.002844367211769604,1249,2018-12-31,3.8489177123235407e-18,3.8489177123235407e-18,-0.048007199002342682,0.015857900571365713
2019-09-02,2019-09-03,2019-09-04,funded_assets,USD,0.94999999999999996,HS1250,ALL_EQUIVARIANT,0.0026341074026297998,0.0051268225372386117,0.0073364711003198833,-5.2160841706186956,0,0.0022096485630812715,1249,2018-12-31,3.8489177123235407e-18,3.8489177123235407e-18,-0.047680755673649919,0.0159662234291164
2019-09-02,2019-09-03,2019-09-04,funded_assets,USD,0.98999999999999999,HS1250,ALL_EQUIVARIANT,0.0026341074026297998,0.008023624675924379,0.011088660890193947,-4.7782439889473363,0,0.0030650362142695675,1249,2018-12-31,3.8489177123235407e-18,3.8489177123235407e-18,-0.047680755673649919,0.0159662234291164
2019-09-02,2019-09-03,2019-09-04,net_cashflows,EUR,0.94999999999999996,HS1250,ALL_EQUIVARIANT,-0.00062570970759019998,0.0037071102594400732,0.0058163356470164159,-5.5097230118975551,0,0.0021092253875763427,1249,2018-12-31,3.8489177123235407e-18,3.8489177123235407e-18,-0.010354008617036546,0.032540880585699684
2019-09-02,2019-09-03,2019-09-04,net_cashflows,EUR,0.98999999999999999,HS1250,ALL_EQUIVARIANT,-0.00062570970759019998,0.0067153640761734683,0.010553773679266867,-4.9149719887920282,0,0.0038384096030933991,1249,2018-12-31,3.8489177123235407e-18,3.8489177123235407e-18,-0.010354008617036546,0.032540880585699684
2019-09-02,2019-09-03,2019-09-04,net_cashflows,USD,0.94999999999999996,HS1250,ALL_EQUIVARIANT,-0.00061848713831370004,0.0037538479106527505,0.0058473117152083674,-5.4997948435842696,0,0.0020934638045556168,1249,2018-12-31,3.8489177123235407e-18,3.8489177123235407e-18,-0.010242993047722275,0.03231306722835027
2019-09-02,2019-09-03,2019-09-04,net_cashflows,USD,0.98999999999999999,HS1250,ALL_EQUIVARIANT,-0.00061848713831370004,0.0067923875731671478,0.010613133742172841,-4.905664710618753,0,0.003820746169005693,1249,2018-12-31,3.8489177123235407e-18,3.8489177123235407e-18,-0.010242993047722275,0.03231306722835027
2019-09-02,2019-09-03,2019-09-04,funded_assets,EUR,0.94999999999999996,EWMA_GAUSS,ALL_EQUIVARIANT,0.0026435164753918,0.0039384658607450884,0.0049432539499562021,-5.5129959797503441,0,0.0010047880892111137,65536,2018-12-31,3.1272456412628769e-18,3.1272456412628769e-18,-0.010295161997349866,0.0096511438408047601
2019-09-02,2019-09-03,2019-09-04,funded_assets,EUR,0.98999999999999999,EWMA_GAUSS,ALL_EQUIVARIANT,0.0026435164753918,0.0055638790330024557,0.0063856752663532636,-5.182391745671648,0,0.00082179623335080793,65536,2018-12-31,3.1272456412628769e-18,3.1272456412628769e-18,-0.010295161997349866,0.0096511438408047601
2019-09-02,2019-09-03,2019-09-04,funded_assets,USD,0.94999999999999996,EWMA_GAUSS,ALL_EQUIVARIANT,0.0026341074026297998,0.0039620977334189796,0.0049707575802841828,-5.507101756193606,0,0.0010086598468652033,65536,2018-12-31,3.1272456412628769e-18,3.1272456412628769e-18,-0.01022256713371807,0.0097520571361521501
2019-09-02,2019-09-03,2019-09-04,funded_assets,USD,0.98999999999999999,EWMA_GAUSS,ALL_EQUIVARIANT,0.0026341074026297998,0.0055981695403748664,0.0064299278778237427,-5.17614929276405,0,0.00083175833744887628,65536,2018-12-31,3.1272456412628769e-18,3.1272456412628769e-18,-0.01022256713371807,0.0097520571361521501
2019-09-02,2019-09-03,2019-09-04,net_cashflows,EUR,0.94999999999999996,EWMA_GAUSS,ALL_EQUIVARIANT,-0.00062570970759019998,0.0029942967520642629,0.0037561681913589194,-5.7871880278322783,0,0.00076187143929465654,65536,2018-12-31,3.1272456412628769e-18,3.1272456412628769e-18,-0.00709984495247502,0.0072751553226250041
2019-09-02,2019-09-03,2019-09-04,net_cashflows,EUR,0.98999999999999999,EWMA_GAUSS,ALL_EQUIVARIANT,-0.00062570970759019998,0.0042320225790605246,0.0048508086817032597,-5.4561733431230168,0,0.0006187861026427351,65536,2018-12-31,3.1272456412628769e-18,3.1272456412628769e-18,-0.00709984495247502,0.0072751553226250041
2019-09-02,2019-09-03,2019-09-04,net_cashflows,USD,0.94999999999999996,EWMA_GAUSS,ALL_EQUIVARIANT,-0.00061848713831370004,0.0030054913899556449,0.0037721768775016073,-5.7833505144979958,0,0.00076668548754596239,65536,2018-12-31,3.1272456412628769e-18,3.1272456412628769e-18,-0.0070769968240549696,0.0073537185607742625
2019-09-02,2019-09-03,2019-09-04,net_cashflows,USD,0.98999999999999999,EWMA_GAUSS,ALL_EQUIVARIANT,-0.00061848713831370004,0.0042507936227186406,0.0048765369972405557,-5.4516371019998395,0,0.000625743374521915,65536,2018-12-31,3.1272456412628769e-18,3.1272456412628769e-18,-0.0070769968240549696,0.0073537185607742625
2019-09-02,2019-09-03,2019-09-04,funded_assets,EUR,0.94999999999999996,EWMA_SELFNORMALIZED,ALL_EQUIVARIANT,0.0026435164753918,0.0039339177698325678,0.0049396290799950948,-5.5140656084338975,0,0.001005711310162527,65536,2018-12-31,2.6901766404796579e-18,2.6901766404796579e-18,-0.010276313942600424,0.0097812190283646516
2019-09-02,2019-09-03,2019-09-04,funded_assets,EUR,0.98999999999999999,EWMA_SELFNORMALIZED,ALL_EQUIVARIANT,0.0026435164753918,0.005589727030247349,0.0063565965609535049,-5.1789037061605772,0,0.00076686953070615599,65536,2018-12-31,2.6901766404796579e-18,2.6901766404796579e-18,-0.010276313942600424,0.0097812190283646516
2019-09-02,2019-09-03,2019-09-04,funded_assets,USD,0.94999999999999996,EWMA_SELFNORMALIZED,ALL_EQUIVARIANT,0.0026341074026297998,0.0039500870931404213,0.0049666692700674163,-5.5096866984560018,0,0.001016582176926995,65536,2018-12-31,2.6901766404796579e-18,2.6901766404796579e-18,-0.010130440206325465,0.0098995132431465016
2019-09-02,2019-09-03,2019-09-04,funded_assets,USD,0.98999999999999999,EWMA_SELFNORMALIZED,ALL_EQUIVARIANT,0.0026341074026297998,0.0056282115710675354,0.0064021705145674325,-5.1720082891187076,0,0.00077395894349989707,65536,2018-12-31,2.6901766404796579e-18,2.6901766404796579e-18,-0.010130440206325465,0.0098995132431465016
2019-09-02,2019-09-03,2019-09-04,net_cashflows,EUR,0.94999999999999996,EWMA_SELFNORMALIZED,ALL_EQUIVARIANT,-0.00062570970759019998,0.0029958358171221946,0.0037625355729459637,-5.7864342892452818,0,0.00076669975582376905,65536,2018-12-31,2.6901766404796579e-18,2.6901766404796579e-18,-0.007208293777482222,0.0079678159302529854
2019-09-02,2019-09-03,2019-09-04,net_cashflows,EUR,0.98999999999999999,EWMA_SELFNORMALIZED,ALL_EQUIVARIANT,-0.00062570970759019998,0.0042600716861972542,0.0048649170097653221,-5.4500336059997005,0,0.00060484532356806786,65536,2018-12-31,2.6901766404796579e-18,2.6901766404796579e-18,-0.007208293777482222,0.0079678159302529854
2019-09-02,2019-09-03,2019-09-04,net_cashflows,USD,0.94999999999999996,EWMA_SELFNORMALIZED,ALL_EQUIVARIANT,-0.00061848713831370004,0.0030064776877331244,0.0037781883392632473,-5.7827648105605514,0,0.00077171065153012293,65536,2018-12-31,2.6901766404796579e-18,2.6901766404796579e-18,-0.0072087938739701166,0.0080628420650532794
2019-09-02,2019-09-03,2019-09-04,net_cashflows,USD,0.98999999999999999,EWMA_SELFNORMALIZED,ALL_EQUIVARIANT,-0.00061848713831370004,0.0042775614308389236,0.0048902650389466371,-5.4457992473745067,0,0.00061270360810771352,65536,2018-12-31,2.6901766404796579e-18,2.6901766404796579e-18,-0.0072087938739701166,0.0080628420650532794
2019-09-02,2019-09-03,2019-09-04,funded_assets,EUR,0.94999999999999996,IN_FHS1250,EUR,0.0026435164753918,0.0042082163067653222,0.0056268664796381871,-5.4323233841292717,0,0.0014186501728728649,1249,2018-12-31,2.6156377411212794e-18,2.6156377411212794e-18,-0.014589472239743329,0.011948042503450579
2019-09-02,2019-09-03,2019-09-04,funded_assets,EUR,0.98999999999999999,IN_FHS1250,EUR,0.0026435164753918,0.0063640010594743224,0.0079174429509933676,-5.034891984670713,0,0.0015534418915190452,1249,2018-12-31,2.6156377411212794e-18,2.6156377411212794e-18,-0.014589472239743329,0.011948042503450579
2019-09-02,2019-09-03,2019-09-04,funded_assets,USD,0.94999999999999996,IN_FHS1250,EUR,0.0026341074026297998,0.0042065037943306623,0.0056653617813406769,-5.4308893477467599,0,0.0014588579870100146,1249,2018-12-31,2.6156377411212794e-18,2.6156377411212794e-18,-0.014354107947345823,0.011996231237752283
2019-09-02,2019-09-03,2019-09-04,funded_assets,USD,0.98999999999999999,IN_FHS1250,EUR,0.0026341074026297998,0.0063557081776863325,0.0079944541994373085,-5.033992556469352,0,0.001638746021750976,1249,2018-12-31,2.6156377411212794e-18,2.6156377411212794e-18,-0.014354107947345823,0.011996231237752283
2019-09-02,2019-09-03,2019-09-04,net_cashflows,EUR,0.94999999999999996,IN_FHS1250,EUR,-0.00062570970759019998,0.0027844306128794625,0.0039162154127926089,-5.8316291760779206,0,0.0011317847999131464,1249,2018-12-31,2.6156377411212794e-18,2.6156377411212794e-18,-0.0083602886181242449,0.0084067328195017062
2019-09-02,2019-09-03,2019-09-04,net_cashflows,EUR,0.98999999999999999,IN_FHS1250,EUR,-0.00062570970759019998,0.0046433244219886488,0.005754572795471485,-5.3508674861670071,0,0.0011112483734828362,1249,2018-12-31,2.6156377411212794e-18,2.6156377411212794e-18,-0.0083602886181242449,0.0084067328195017062
2019-09-02,2019-09-03,2019-09-04,net_cashflows,USD,0.94999999999999996,IN_FHS1250,EUR,-0.00061848713831370004,0.0027958697279314719,0.0039343374994985567,-5.8273798567526622,0,0.0011384677715670847,1249,2018-12-31,2.6156377411212794e-18,2.6156377411212794e-18,-0.0082171751710648014,0.0083615658035244601
2019-09-02,2019-09-03,2019-09-04,net_cashflows,USD,0.98999999999999999,IN_FHS1250,EUR,-0.00061848713831370004,0.004670996966302722,0.0057933759101358399,-5.3447749711574755,0,0.0011223789438331178,1249,2018-12-31,2.6156377411212794e-18,2.6156377411212794e-18,-0.0082171751710648014,0.0083615658035244601
2019-09-02,2019-09-03,2019-09-04,funded_assets,EUR,0.94999999999999996,IN_TCOP1250,EUR,0.0026435164753918,0.0043201376850187378,0.0057404667004057018,-5.4076387273770852,0,0.001420329015386964,65536,2018-12-31,3.7133924407628527e-18,3.7133924407628527e-18,-0.016001583986443496,0.014118213880024849
2019-09-02,2019-09-03,2019-09-04,funded_assets,EUR,0.98999999999999999,IN_TCOP1250,EUR,0.0026435164753918,0.0066147561643487007,0.0080406695436696738,-5.0005805649744222,0,0.0014259133793209731,65536,2018-12-31,3.7133924407628527e-18,3.7133924407628527e-18,-0.016001583986443496,0.014118213880024849
2019-09-02,2019-09-03,2019-09-04,funded_assets,USD,0.94999999999999996,IN_TCOP1250,EUR,0.0026341074026297998,0.0043355060764961369,0.0057782701756945321,-5.403338810586531,0,0.0014427640991983952,65536,2018-12-31,3.7133924407628527e-18,3.7133924407628527e-18,-0.015892882366180271,0.014373105358248412
2019-09-02,2019-09-03,2019-09-04,funded_assets,USD,0.98999999999999999,IN_TCOP1250,EUR,0.0026341074026297998,0.0066692635073887611,0.0081122678235845402,-4.9922570915967448,0,0.0014430043161957791,65536,2018-12-31,3.7133924407628527e-18,3.7133924407628527e-18,-0.015892882366180271,0.014373105358248412
2019-09-02,2019-09-03,2019-09-04,net_cashflows,EUR,0.94999999999999996,IN_TCOP1250,EUR,-0.00062570970759019998,0.0028009025934105929,0.0037784750859612337,-5.8371562011513447,0,0.0009775724925506408,65536,2018-12-31,3.7133924407628527e-18,3.7133924407628527e-18,-0.011420286464794704,0.010296543693818293
2019-09-02,2019-09-03,2019-09-04,net_cashflows,EUR,0.98999999999999999,IN_TCOP1250,EUR,-0.00062570970759019998,0.0044097595570559258,0.0053382680236541405,-5.4067884226678702,0,0.00092850846659821469,65536,2018-12-31,3.7133924407628527e-18,3.7133924407628527e-18,-0.011420286464794704,0.010296543693818293
2019-09-02,2019-09-03,2019-09-04,net_cashflows,USD,0.94999999999999996,IN_TCOP1250,EUR,-0.00061848713831370004,0.0028089743154212131,0.0037942233844515932,-5.8339463433503731,0,0.00098524906903038004,65536,2018-12-31,3.7133924407628527e-18,3.7133924407628527e-18,-0.011000173141238311,0.010405832910595122
2019-09-02,2019-09-03,2019-09-04,net_cashflows,USD,0.98999999999999999,IN_TCOP1250,EUR,-0.00061848713831370004,0.004425007112073785,0.0053675795750024813,-5.4029829517824144,0,0.00094257246292869627,65536,2018-12-31,3.7133924407628527e-18,3.7133924407628527e-18,-0.011000173141238311,0.010405832910595122
2019-09-02,2019-09-03,2019-09-04,funded_assets,EUR,0.94999999999999996,IN_FHS1250,USD,0.0026435164753918,0.0036466629084850877,0.0050749145114510931,-5.5648792272734831,0,0.0014282516029660054,1249,2018-12-31,2.56650983018053e-18,2.56650983018053e-18,-0.020102756725180804,0.012433353489731902
2019-09-02,2019-09-03,2019-09-04,funded_assets,EUR,0.98999999999999999,IN_FHS1250,USD,0.0026435164753918,0.0058726184728009889,0.0069191754088236915,-5.1247132520577958,0,0.0010465569360227026,1249,2018-12-31,2.56650983018053e-18,2.56650983018053e-18,-0.020102756725180804,0.012433353489731902
2019-09-02,2019-09-03,2019-09-04,funded_assets,USD,0.94999999999999996,IN_FHS1250,USD,0.0026341074026297998,0.0036775795782456053,0.0050999760417110998,-5.5574220145144446,0,0.0014223964634654945,1249,2018-12-31,2.56650983018053e-18,2.56650983018053e-18,-0.019986315377312217,0.012491108854930915
2019-09-02,2019-09-03,2019-09-04,funded_assets,USD,0.98999999999999999,IN_FHS1250,USD,0.0026341074026297998,0.0059865956382228721,0.006965827854066596,-5.1073153938011462,0,0.00097923221584372399,1249,2018-12-31,2.56650983018053e-18,2.56650983018053e-18,-0.019986315377312217,0.012491108854930915
2019-09-02,2019-09-03,2019-09-04,net_cashflows,EUR,0.94999999999999996,IN_FHS1250,USD,-0.00062570970759019998,0.0030854606215637184,0.0041797638551672759,-5.7393103506616656,0,0.0010943032336035575,1249,2018-12-31,2.56650983018053e-18,2.56650983018053e-18,-0.0069896998832529875,0.010944309858633417
2019-09-02,2019-09-03,2019-09-04,net_cashflows,EUR,0.98999999999999999,IN_FHS1250,USD,-0.00062570970759019998,0.004853365736784165,0.0061416346165878224,-5.3024242833531794,0,0.0012882688798036574,1249,2018-12-31,2.56650983018053e-18,2.56650983018053e-18,-0.0069896998832529875,0.010944309858633417
2019-09-02,2019-09-03,2019-09-04,net_cashflows,USD,0.94999999999999996,IN_FHS1250,USD,-0.00061848713831370004,0.0030679633592101121,0.0041994551171773697,-5.7422382508695273,0,0.0011314917579672576,1249,2018-12-31,2.56650983018053e-18,2.56650983018053e-18,-0.0069281232985500254,0.010876929570779653
2019-09-02,2019-09-03,2019-09-04,net_cashflows,USD,0.98999999999999999,IN_FHS1250,USD,-0.00061848713831370004,0.0048220819139609475,0.0061736593498606116,-5.3063899973415776,0,0.0013515774358996641,1249,2018-12-31,2.56650983018053e-18,2.56650983018053e-18,-0.0069281232985500254,0.010876929570779653
2019-09-02,2019-09-03,2019-09-04,funded_assets,EUR,0.94999999999999996,IN_TCOP1250,USD,0.0026435164753918,0.0040073947397079035,0.0052706584974044849,-5.4852785167570355,0,0.0012632637576965814,65536,2018-12-31,4.5468728608610842e-18,4.5468728608610842e-18,-0.018201510153348838,0.014342014216337073
2019-09-02,2019-09-03,2019-09-04,funded_assets,EUR,0.98999999999999999,IN_TCOP1250,USD,0.0026435164753918,0.0060045198209733308,0.0073130684954451483,-5.0970252429815321,0,0.0013085486744718175,65536,2018-12-31,4.5468728608610842e-18,4.5468728608610842e-18,-0.018201510153348838,0.014342014216337073
2019-09-02,2019-09-03,2019-09-04,funded_assets,USD,0.94999999999999996,IN_TCOP1250,USD,0.0026341074026297998,0.00402277395883176,0.005301199965973025,-5.4809799293241035,0,0.0012784260071412651,65536,2018-12-31,4.5468728608610842e-18,4.5468728608610842e-18,-0.017888163587194736,0.014393641834757755
2019-09-02,2019-09-03,2019-09-04,funded_assets,USD,0.98999999999999999,IN_TCOP1250,USD,0.0026341074026297998,0.0060647143863057848,0.0073678364235965207,-5.0874974907056814,0,0.0013031220372907359,65536,2018-12-31,4.5468728608610842e-18,4.5468728608610842e-18,-0.017888163587194736,0.014393641834757755
2019-09-02,2019-09-03,2019-09-04,net_cashflows,EUR,0.94999999999999996,IN_TCOP1250,USD,-0.00062570970759019998,0.0029797941655556274,0.0041788675004103184,-5.7646523923412962,0,0.001199073334854691,65536,2018-12-31,4.5468728608610842e-18,4.5468728608610842e-18,-0.010428444938454618,0.017089282293079801
2019-09-02,2019-09-03,2019-09-04,net_cashflows,EUR,0.98999999999999999,IN_TCOP1250,USD,-0.00062570970759019998,0.0047974639860272955,0.006276413955635704,-5.3065926296937489,0,0.0014789499696084086,65536,2018-12-31,4.5468728608610842e-18,4.5468728608610842e-18,-0.010428444938454618,0.017089282293079801
2019-09-02,2019-09-03,2019-09-04,net_cashflows,USD,0.94999999999999996,IN_TCOP1250,USD,-0.00061848713831370004,0.0029864053814690986,0.0041995523104116101,-5.7616526510395989,0,0.0012131469289425115,65536,2018-12-31,4.5468728608610842e-18,4.5468728608610842e-18,-0.010420281410897176,0.017203508413716873
2019-09-02,2019-09-03,2019-09-04,net_cashflows,USD,0.98999999999999999,IN_TCOP1250,USD,-0.00061848713831370004,0.0048294967295981935,0.0063228093848680849,-5.2997703078293821,0,0.0014933126552698914,65536,2018-12-31,4.5468728608610842e-18,4.5468728608610842e-18,-0.010420281410897176,0.017203508413716873
2019-09-02,2019-09-03,2019-09-04,funded_assets,EUR,0.94999999999999996,IN_FHS1250,GBP,0.0026435164753918,0.0048593177420368783,0.006523808876685069,-5.2874378922241059,0,0.0016644911346481907,1249,2018-12-31,4.0996394647108136e-18,4.0996394647108136e-18,-0.025105156406464824,0.014665581030561148
2019-09-02,2019-09-03,2019-09-04,funded_assets,EUR,0.98999999999999999,IN_FHS1250,GBP,0.0026435164753918,0.0068713963605220585,0.0093499523046793424,-4.9374715862735483,0,0.0024785559441572839,1249,2018-12-31,4.0996394647108136e-18,4.0996394647108136e-18,-0.025105156406464824,0.014665581030561148
2019-09-02,2019-09-03,2019-09-04,funded_assets,USD,0.94999999999999996,IN_FHS1250,GBP,0.0026341074026297998,0.0048814391152671305,0.0065842434334838331,-5.2816939111322316,0,0.0017028043182167026,1249,2018-12-31,4.0996394647108136e-18,4.0996394647108136e-18,-0.024308297634208092,0.014750863599667031
2019-09-02,2019-09-03,2019-09-04,funded_assets,USD,0.98999999999999999,IN_FHS1250,GBP,0.0026341074026297998,0.0070598040625672355,0.0094669611951557521,-4.9142165618291482,0,0.0024071571325885166,1249,2018-12-31,4.0996394647108136e-18,4.0996394647108136e-18,-0.024308297634208092,0.014750863599667031
2019-09-02,2019-09-03,2019-09-04,net_cashflows,EUR,0.94999999999999996,IN_FHS1250,GBP,-0.00062570970759019998,0.0033107719783126099,0.0046036172671910704,-5.6617454096262927,0,0.0012928452888784606,1249,2018-12-31,4.0996394647108136e-18,4.0996394647108136e-18,-0.0081221264957982327,0.010407735767985482
2019-09-02,2019-09-03,2019-09-04,net_cashflows,EUR,0.98999999999999999,IN_FHS1250,GBP,-0.00062570970759019998,0.0055518886392975416,0.0067080452838076988,-5.1768014171353691,0,0.0011561566445101572,1249,2018-12-31,4.0996394647108136e-18,4.0996394647108136e-18,-0.0081221264957982327,0.010407735767985482
2019-09-02,2019-09-03,2019-09-04,net_cashflows,USD,0.94999999999999996,IN_FHS1250,GBP,-0.00061848713831370004,0.0033405116647997283,0.0046337108534760729,-5.6534822506152143,0,0.0012931991886763446,1249,2018-12-31,4.0996394647108136e-18,4.0996394647108136e-18,-0.0079317845886943822,0.010750411747886832
2019-09-02,2019-09-03,2019-09-04,net_cashflows,USD,0.98999999999999999,IN_FHS1250,GBP,-0.00061848713831370004,0.0055822767829906434,0.0067696446708479735,-5.1707025745704058,0,0.0011873678878573301,1249,2018-12-31,4.0996394647108136e-18,4.0996394647108136e-18,-0.0079317845886943822,0.010750411747886832
2019-09-02,2019-09-03,2019-09-04,funded_assets,EUR,0.94999999999999996,IN_TCOP1250,GBP,0.0026435164753918,0.0052737101538703479,0.0073384708745761803,-5.1959859516068487,0,0.0020647607207058324,65536,2018-12-31,4.7162794503119443e-18,4.7162794503119443e-18,-0.03107237897130502,0.024180744674513754
2019-09-02,2019-09-03,2019-09-04,funded_assets,EUR,0.98999999999999999,IN_TCOP1250,GBP,0.0026435164753918,0.0084812092220566404,0.010807365087829099,-4.7427654449629921,0,0.0023261558657724588,65536,2018-12-31,4.7162794503119443e-18,4.7162794503119443e-18,-0.03107237897130502,0.024180744674513754
2019-09-02,2019-09-03,2019-09-04,funded_assets,USD,0.94999999999999996,IN_TCOP1250,GBP,0.0026341074026297998,0.0053027993159182572,0.0074105204669037521,-5.1892774266772781,0,0.0021077211509854948,65536,2018-12-31,4.7162794503119443e-18,4.7162794503119443e-18,-0.02968094127121616,0.02504626257749339
2019-09-02,2019-09-03,2019-09-04,funded_assets,USD,0.98999999999999999,IN_TCOP1250,GBP,0.0026341074026297998,0.008542871074434296,0.01095556532954263,-4.734133148034358,0,0.0024126942551083337,65536,2018-12-31,4.7162794503119443e-18,4.7162794503119443e-18,-0.02968094127121616,0.02504626257749339
2019-09-02,2019-09-03,2019-09-04,net_cashflows,EUR,0.94999999999999996,IN_TCOP1250,GBP,-0.00062570970759019998,0.0033683284359334207,0.0047221375834348954,-5.6421878385625925,0,0.0013538091475014747,65536,2018-12-31,4.7162794503119443e-18,4.7162794503119443e-18,-0.013620014289808954,0.018018127740558366
2019-09-02,2019-09-03,2019-09-04,net_cashflows,EUR,0.98999999999999999,IN_TCOP1250,GBP,-0.00062570970759019998,0.0054885641127631508,0.0069741767007457066,-5.1785571895406575,0,0.0014856125879825557,65536,2018-12-31,4.7162794503119443e-18,4.7162794503119443e-18,-0.013620014289808954,0.018018127740558366
2019-09-02,2019-09-03,2019-09-04,net_cashflows,USD,0.94999999999999996,IN_TCOP1250,GBP,-0.00061848713831370004,0.0033786259389935024,0.004754088684134101,-5.6380723184490673,0,0.0013754627451405986,65536,2018-12-31,4.7162794503119443e-18,4.7162794503119443e-18,-0.013161553624593987,0.01829719260455458
2019-09-02,2019-09-03,2019-09-04,net_cashflows,USD,0.98999999999999999,IN_TCOP1250,GBP,-0.00061848713831370004,0.0055224503921983917,0.0070450497512917877,-5.1715533657910697,0,0.001522599359093396,65536,2018-12-31,4.7162794503119443e-18,4.7162794503119443e-18,-0.013161553624593987,0.01829719260455458
2019-09-02,2019-09-03,2019-09-04,funded_assets,EUR,0.94999999999999996,IN_FHS1250,JPY,0.0026435164753918,0.0044912627067750233,0.006015704313699001,-5.366792172130876,0,0.0015244416069239777,1249,2018-12-31,3.4457300294304938e-18,3.4457300294304938e-18,-0.017364355627524114,0.01097804324613616
2019-09-02,2019-09-03,2019-09-04,funded_assets,EUR,0.98999999999999999,IN_FHS1250,JPY,0.0026435164753918,0.0069029670049015335,0.008586454321581059,-4.9536325504324967,0,0.0016834873166795255,1249,2018-12-31,3.4457300294304938e-18,3.4457300294304938e-18,-0.017364355627524114,0.01097804324613616
2019-09-02,2019-09-03,2019-09-04,funded_assets,USD,0.94999999999999996,IN_FHS1250,JPY,0.0026341074026297998,0.0044898840742831911,0.0060777855939211783,-5.3643780290268568,0,0.0015879015196379872,1249,2018-12-31,3.4457300294304938e-18,3.4457300294304938e-18,-0.01722374475391987,0.011341027059388283
2019-09-02,2019-09-03,2019-09-04,funded_assets,USD,0.98999999999999999,IN_FHS1250,JPY,0.0026341074026297998,0.006940923863533799,0.0086965404216547155,-4.9467052680182864,0,0.0017556165581209164,1249,2018-12-31,3.4457300294304938e-18,3.4457300294304938e-18,-0.01722374475391987,0.011341027059388283
2019-09-02,2019-09-03,2019-09-04,net_cashflows,EUR,0.94999999999999996,IN_FHS1250,JPY,-0.00062570970759019998,0.0031542345927362604,0.0040917702813590287,-5.7279047272004187,0,0.00093753568862276837,1249,2018-12-31,3.4457300294304938e-18,3.4457300294304938e-18,-0.0061444572125564645,0.0086171270759933249
2019-09-02,2019-09-03,2019-09-04,net_cashflows,EUR,0.98999999999999999,IN_FHS1250,JPY,-0.00062570970759019998,0.0043814276250044972,0.0056134229762090327,-5.4020676909342802,0,0.0012319953512045356,1249,2018-12-31,3.4457300294304938e-18,3.4457300294304938e-18,-0.0061444572125564645,0.0086171270759933249
2019-09-02,2019-09-03,2019-09-04,net_cashflows,USD,0.94999999999999996,IN_FHS1250,JPY,-0.00061848713831370004,0.0031916788811357662,0.0041189797882852531,-5.7172785535385282,0,0.00092730090714948686,1249,2018-12-31,3.4457300294304938e-18,3.4457300294304938e-18,-0.0061791308654049071,0.0085429941437038578
2019-09-02,2019-09-03,2019-09-04,net_cashflows,USD,0.98999999999999999,IN_FHS1250,JPY,-0.00061848713831370004,0.0044018671947627193,0.0056554612428095083,-5.3967944063013569,0,0.001253594048046789,1249,2018-12-31,3.4457300294304938e-18,3.4457300294304938e-18,-0.0061791308654049071,0.0085429941437038578
2019-09-02,2019-09-03,2019-09-04,funded_assets,EUR,0.94999999999999996,IN_TCOP1250,JPY,0.0026435164753918,0.0045134959267175701,0.0060509126076617459,-5.3616263072088284,0,0.0015374166809441758,65536,2018-12-31,5.5294310796760726e-18,5.5294310796760726e-18,-0.022158321597494895,0.016329050660152528
2019-09-02,2019-09-03,2019-09-04,funded_assets,EUR,0.98999999999999999,IN_TCOP1250,JPY,0.0026435164753918,0.0069423306668546514,0.0085787705484057387,-4.9492192611439876,0,0.0016364398815510873,65536,2018-12-31,5.5294310796760726e-18,5.5294310796760726e-18,-0.022158321597494895,0.016329050660152528
2019-09-02,2019-09-03,2019-09-04,funded_assets,USD,0.94999999999999996,IN_TCOP1250,JPY,0.0026341074026297998,0.0045284513017433709,0.0061010950884499218,-5.3570511835344492,0,0.0015726437867065509,65536,2018-12-31,5.5294310796760726e-18,5.5294310796760726e-18,-0.021704968224373133,0.016752653636900556
2019-09-02,2019-09-03,2019-09-04,funded_assets,USD,0.98999999999999999,IN_TCOP1250,JPY,0.0026341074026297998,0.0069956880553920789,0.0086756367097195423,-4.9408763710884482,0,0.0016799486543274634,65536,2018-12-31,5.5294310796760726e-18,5.5294310796760726e-18,-0.021704968224373133,0.016752653636900556
2019-09-02,2019-09-03,2019-09-04,net_cashflows,EUR,0.94999999999999996,IN_TCOP1250,JPY,-0.00062570970759019998,0.0030292824053354877,0.0040810485201838529,-5.7591209143868172,0,0.0010517661148483652,65536,2018-12-31,5.5294310796760726e-18,5.5294310796760726e-18,-0.013004864754789972,0.010891313112924973
2019-09-02,2019-09-03,2019-09-04,net_cashflows,EUR,0.98999999999999999,IN_TCOP1250,JPY,-0.00062570970759019998,0.0046995699138313697,0.0056587281368775831,-5.3440567950258684,0,0.00095915822304621333,65536,2018-12-31,5.5294310796760726e-18,5.5294310796760726e-18,-0.013004864754789972,0.010891313112924973
2019-09-02,2019-09-03,2019-09-04,net_cashflows,USD,0.94999999999999996,IN_TCOP1250,JPY,-0.00061848713831370004,0.0030433977342319771,0.0041051109489528836,-5.7541545476035543,0,0.0010617132147209066,65536,2018-12-31,5.5294310796760726e-18,5.5294310796760726e-18,-0.012684474266955681,0.011119860008636276
2019-09-02,2019-09-03,2019-09-04,net_cashflows,USD,0.98999999999999999,IN_TCOP1250,JPY,-0.00061848713831370004,0.0047387378437091007,0.0057060269282095764,-5.335752902718748,0,0.00096728908450047571,65536,2018-12-31,5.5294310796760726e-18,5.5294310796760726e-18,-0.012684474266955681,0.011119860008636276
2019-09-02,2019-09-03,2019-09-04,funded_assets,EUR,0.94999999999999996,IN_FHS1250,CHF,0.0026435164753918,0.0041589024636170258,0.0060423974579013329,-5.4206676069055231,0,0.0018834949942843071,1249,2018-12-31,3.8014838672772999e-18,3.8014838672772999e-18,-0.01105051864665596,0.024329168389830513
2019-09-02,2019-09-03,2019-09-04,funded_assets,EUR,0.98999999999999999,IN_FHS1250,CHF,0.0026435164753918,0.0069815122737314217,0.0098575713155106756,-4.9112768813488472,0,0.0028760590417792539,1249,2018-12-31,3.8014838672772999e-18,3.8014838672772999e-18,-0.01105051864665596,0.024329168389830513
2019-09-02,2019-09-03,2019-09-04,funded_assets,USD,0.94999999999999996,IN_FHS1250,CHF,0.0026341074026297998,0.0042032800828899304,0.0061052018992738344,-5.4101389034124416,0,0.001901921816383904,1249,2018-12-31,3.8014838672772999e-18,3.8014838672772999e-18,-0.011004233904033482,0.025309923538296551
2019-09-02,2019-09-03,2019-09-04,funded_assets,USD,0.98999999999999999,IN_FHS1250,CHF,0.0026341074026297998,0.0070469085808424646,0.010020241947018213,-4.8998807290827591,0,0.0029733333661757485,1249,2018-12-31,3.8014838672772999e-18,3.8014838672772999e-18,-0.011004233904033482,0.025309923538296551
2019-09-02,2019-09-03,2019-09-04,net_cashflows,EUR,0.94999999999999996,IN_FHS1250,CHF,-0.00062570970759019998,0.0032336710221653295,0.0046566245200014783,-5.6750406177977046,0,0.0014229534978361488,1249,2018-12-31,3.8014838672772999e-18,3.8014838672772999e-18,-0.0096622670636540078,0.011515131356174057
2019-09-02,2019-09-03,2019-09-04,net_cashflows,EUR,0.98999999999999999,IN_FHS1250,CHF,-0.00062570970759019998,0.0053110821183617422,0.0073210223686985196,-5.1915489493951004,0,0.0020099402503367773,1249,2018-12-31,3.8014838672772999e-18,3.8014838672772999e-18,-0.0096622670636540078,0.011515131356174057
2019-09-02,2019-09-03,2019-09-04,net_cashflows,USD,0.94999999999999996,IN_FHS1250,CHF,-0.00061848713831370004,0.0032398150793568848,0.0046950231952151127,-5.6711991751428377,0,0.0014552081158582279,1249,2018-12-31,3.8014838672772999e-18,3.8014838672772999e-18,-0.0095256684924993288,0.012231089548258934
2019-09-02,2019-09-03,2019-09-04,net_cashflows,USD,0.98999999999999999,IN_FHS1250,CHF,-0.00061848713831370004,0.0053609773453908698,0.0074403004433290232,-5.1803116742892179,0,0.0020793230979381534,1249,2018-12-31,3.8014838672772999e-18,3.8014838672772999e-18,-0.0095256684924993288,0.012231089548258934
2019-09-02,2019-09-03,2019-09-04,funded_assets,EUR,0.94999999999999996,IN_TCOP1250,CHF,0.0026435164753918,0.0043912743948723298,0.006170558861166341,-5.3763164868465276,0,0.0017792844662940111,65536,2018-12-31,6.0681440341298076e-18,6.0681440341298076e-18,-0.022402658955649996,0.029325768409242586
2019-09-02,2019-09-03,2019-09-04,funded_assets,EUR,0.98999999999999999,IN_TCOP1250,CHF,0.0026435164753918,0.0070033037237703377,0.009370961589667829,-4.9227985724089951,0,0.0023676578658974913,65536,2018-12-31,6.0681440341298076e-18,6.0681440341298076e-18,-0.022402658955649996,0.029325768409242586
2019-09-02,2019-09-03,2019-09-04,funded_assets,USD,0.94999999999999996,IN_TCOP1250,CHF,0.0026341074026297998,0.0044120511685088199,0.0062294169183050507,-5.3702118461227775,0,0.0018173657497962308,65536,2018-12-31,6.0681440341298076e-18,6.0681440341298076e-18,-0.021672015017985179,0.031092074639999613
2019-09-02,2019-09-03,2019-09-04,funded_assets,USD,0.98999999999999999,IN_TCOP1250,CHF,0.0026341074026297998,0.0070719306162242476,0.0095251975806556338,-4.9113701083989456,0,0.0024532669644313863,65536,2018-12-31,6.0681440341298076e-18,6.0681440341298076e-18,-0.021672015017985179,0.031092074639999613
2019-09-02,2019-09-03,2019-09-04,net_cashflows,EUR,0.94999999999999996,IN_TCOP1250,CHF,-0.00062570970759019998,0.0032021310996857458,0.0046183245334137533,-5.6843698769833528,0,0.0014161934337280076,65536,2018-12-31,6.0681440341298076e-18,6.0681440341298076e-18,-0.015474075401271924,0.025675963969686199
2019-09-02,2019-09-03,2019-09-04,net_cashflows,EUR,0.98999999999999999,IN_TCOP1250,CHF,-0.00062570970759019998,0.0052379375422075712,0.0073586318575379313,-5.2000726386111991,0,0.0021206943153303601,65536,2018-12-31,6.0681440341298076e-18,6.0681440341298076e-18,-0.015474075401271924,0.025675963969686199
2019-09-02,2019-09-03,2019-09-04,net_cashflows,USD,0.94999999999999996,IN_TCOP1250,CHF,-0.00061848713831370004,0.0032132007785970335,0.0046596732757173244,-5.6792335338019528,0,0.001446472497120291,65536,2018-12-31,6.0681440341298076e-18,6.0681440341298076e-18,-0.015367171941661937,0.026663911833355917
2019-09-02,2019-09-03,2019-09-04,net_cashflows,USD,0.98999999999999999,IN_TCOP1250,CHF,-0.00061848713831370004,0.005271768117132326,0.0074810194318556972,-5.1907004147524587,0,0.0022092513147233712,65536,2018-12-31,6.0681440341298076e-18,6.0681440341298076e-18,-0.015367171941661937,0.026663911833355917
2019-09-02,2019-09-03,2019-09-04,funded_assets,EUR,0.94999999999999996,IN_FHS_REF_POOL,ALL_FIVE,0.0026435164753918,0.0043078715321267502,0.0059124743954863772,-5.4020836358294266,0,0.001604602863359627,6245,2018-12-31,0,0,-0.025105156406464824,0.024329168389830513
2019-09-02,2019-09-03,2019-09-04,funded_assets,EUR,0.98999999999999999,IN_FHS_REF_POOL,ALL_FIVE,0.0026435164753918,0.006556017175537221,0.008606347917706151,-4.993489921282416,0,0.00205033074216893,6245,2018-12-31,0,0,-0.025105156406464824,0.024329168389830513
2019-09-02,2019-09-03,2019-09-04,funded_assets,USD,0.94999999999999996,IN_FHS_REF_POOL,ALL_FIVE,0.0026341074026297998,0.0043211524302773849,0.0059626098694835128,-5.3975387686075127,0,0.0016414574392061279,6245,2018-12-31,0,0,-0.024308297634208092,0.025309923538296551
2019-09-02,2019-09-03,2019-09-04,funded_assets,USD,0.98999999999999999,IN_FHS_REF_POOL,ALL_FIVE,0.0026341074026297998,0.0065914945487568835,0.0087153964974034312,-4.9863594950959804,0,0.0021239019486465477,6245,2018-12-31,0,0,-0.024308297634208092,0.025309923538296551
2019-09-02,2019-09-03,2019-09-04,net_cashflows,EUR,0.94999999999999996,IN_FHS_REF_POOL,ALL_FIVE,-0.00062570970759019998,0.00309740008468159,0.0043017731808237397,-5.7286992890852702,0,0.0012043730961421497,6245,2018-12-31,0,0,-0.0096622670636540078,0.011515131356174057
2019-09-02,2019-09-03,2019-09-04,net_cashflows,EUR,0.98999999999999999,IN_FHS_REF_POOL,ALL_FIVE,-0.00062570970759019998,0.0049063701341094503,0.0064054955643511905,-5.2846363599450834,0,0.0014991254302417403,6245,2018-12-31,0,0,-0.0096622670636540078,0.011515131356174057
2019-09-02,2019-09-03,2019-09-04,net_cashflows,USD,0.94999999999999996,IN_FHS_REF_POOL,ALL_FIVE,-0.00061848713831370004,0.0031061538070533161,0.0043290740056950846,-5.7248916344560037,0,0.0012229201986417686,6245,2018-12-31,0,0,-0.0095256684924993288,0.012231089548258934
2019-09-02,2019-09-03,2019-09-04,net_cashflows,USD,0.98999999999999999,IN_FHS_REF_POOL,ALL_FIVE,-0.00061848713831370004,0.0049760184878513292,0.0064698440286635375,-5.2714937804119844,0,0.0014938255408122082,6245,2018-12-31,0,0,-0.0095256684924993288,0.012231089548258934
2019-09-02,2019-09-03,2019-09-04,funded_assets,EUR,0.94999999999999996,IN_TCOP_REF_POOL,ALL_FIVE,0.0026435164753918,0.0044801630111317436,0.0061679809554851875,-5.3620256168252949,0,0.0016878179443534438,327680,2018-12-31,0,0,-0.03107237897130502,0.029325768409242586
2019-09-02,2019-09-03,2019-09-04,funded_assets,EUR,0.98999999999999999,IN_TCOP_REF_POOL,ALL_FIVE,0.0026435164753918,0.0070979615603933011,0.0090315241702314409,-4.9211245348103692,0,0.0019335626098381398,327680,2018-12-31,0,0,-0.03107237897130502,0.029325768409242586
2019-09-02,2019-09-03,2019-09-04,funded_assets,USD,0.94999999999999996,IN_TCOP_REF_POOL,ALL_FIVE,0.0026341074026297998,0.0045048195643565981,0.0062186584043925856,-5.3557973206308329,0,0.0017138388400359875,327680,2018-12-31,0,0,-0.02968094127121616,0.031092074639999613
2019-09-02,2019-09-03,2019-09-04,funded_assets,USD,0.98999999999999999,IN_TCOP_REF_POOL,ALL_FIVE,0.0026341074026297998,0.0071496835853716257,0.0091432376506938168,-4.9127766291658759,0,0.001993554065322191,327680,2018-12-31,0,0,-0.02968094127121616,0.031092074639999613
2019-09-02,2019-09-03,2019-09-04,net_cashflows,EUR,0.94999999999999996,IN_TCOP_REF_POOL,ALL_FIVE,-0.00062570970759019998,0.0030767009548243961,0.0042923903413687519,-5.7341311845421963,0,0.0012156893865443558,327680,2018-12-31,0,0,-0.015474075401271924,0.025675963969686199
2019-09-02,2019-09-03,2019-09-04,net_cashflows,EUR,0.98999999999999999,IN_TCOP_REF_POOL,ALL_FIVE,-0.00062570970759019998,0.0049169872163915777,0.006387579598165204,-5.2836267200814948,0,0.0014705923817736263,327680,2018-12-31,0,0,-0.015474075401271924,0.025675963969686199
2019-09-02,2019-09-03,2019-09-04,net_cashflows,USD,0.94999999999999996,IN_TCOP_REF_POOL,ALL_FIVE,-0.00061848713831370004,0.0030875853418284305,0.0043192500728553487,-5.7298305642965106,0,0.0012316647310269182,327680,2018-12-31,0,0,-0.015367171941661937,0.026663911833355917
2019-09-02,2019-09-03,2019-09-04,net_cashflows,USD,0.98999999999999999,IN_TCOP_REF_POOL,ALL_FIVE,-0.00061848713831370004,0.0049493832834964797,0.0064523195011255393,-5.2762452029014186,0,0.0015029362176290596,327680,2018-12-31,0,0,-0.015367171941661937,0.026663911833355917
2020-03-10,2020-03-11,2020-03-12,funded_assets,EUR,0.94999999999999996,HS1250,ALL_EQUIVARIANT,-0.0041801946900019002,0.0050485074226634952,0.0072610419961507792,-5.2299450289656431,0,0.0022125345734872841,1249,2019-12-31,3.8489177123235407e-18,3.8489177123235407e-18,-0.014647076779707779,0.015857900571365713
2020-03-10,2020-03-11,2020-03-12,funded_assets,EUR,0.98999999999999999,HS1250,ALL_EQUIVARIANT,-0.0041801946900019002,0.0081321119126782915,0.01110091100650761,-4.7681655298950432,0,0.0029687990938293187,1249,2019-12-31,3.8489177123235407e-18,3.8489177123235407e-18,-0.014647076779707779,0.015857900571365713
2020-03-10,2020-03-11,2020-03-12,funded_assets,USD,0.94999999999999996,HS1250,ALL_EQUIVARIANT,-0.0041200610454964004,0.0050973009235774722,0.0073413257183001322,-5.2199060771594921,0,0.0022440247947226599,1249,2019-12-31,3.8489177123235407e-18,3.8489177123235407e-18,-0.014236409804384526,0.0159662234291164
2020-03-10,2020-03-11,2020-03-12,funded_assets,USD,0.98999999999999999,HS1250,ALL_EQUIVARIANT,-0.0041200610454964004,0.0081614651365257973,0.011283422641116741,-4.7611059822069599,0,0.0031219575045909435,1249,2019-12-31,3.8489177123235407e-18,3.8489177123235407e-18,-0.014236409804384526,0.0159662234291164
2020-03-10,2020-03-11,2020-03-12,net_cashflows,EUR,0.94999999999999996,HS1250,ALL_EQUIVARIANT,0.0028073009309085,0.0036445348703508574,0.0053969595064921267,-5.5466254461817046,0,0.0017524246361412693,1249,2019-12-31,3.8489177123235407e-18,3.8489177123235407e-18,-0.010354008617036546,0.013415865599583542
2020-03-10,2020-03-11,2020-03-12,net_cashflows,EUR,0.98999999999999999,HS1250,ALL_EQUIVARIANT,0.0028073009309085,0.0067153640761734683,0.0087572804803279867,-4.971037735979861,0,0.0020419164041545184,1249,2019-12-31,3.8489177123235407e-18,3.8489177123235407e-18,-0.010354008617036546,0.013415865599583542
2020-03-10,2020-03-11,2020-03-12,net_cashflows,USD,0.94999999999999996,HS1250,ALL_EQUIVARIANT,0.0027808482572055002,0.0036866558798669315,0.005441428754905637,-5.5361974602734474,0,0.0017547728750387055,1249,2019-12-31,3.8489177123235407e-18,3.8489177123235407e-18,-0.010242993047722275,0.013251965850918881
2020-03-10,2020-03-11,2020-03-12,net_cashflows,USD,0.98999999999999999,HS1250,ALL_EQUIVARIANT,0.0027808482572055002,0.0067923875731671478,0.0088714366213072382,-4.9592716739169393,0,0.0020790490481400904,1249,2019-12-31,3.8489177123235407e-18,3.8489177123235407e-18,-0.010242993047722275,0.013251965850918881
2020-03-10,2020-03-11,2020-03-12,funded_assets,EUR,0.94999999999999996,EWMA_GAUSS,ALL_EQUIVARIANT,-0.0041801946900019002,0.0049686067145801871,0.0062309054346681644,-5.2808203462093637,0,0.0012622987200879773,65536,2019-12-31,4.5163796747599294e-18,4.5163796747599294e-18,-0.014265322551834048,0.013969386239556236
2020-03-10,2020-03-11,2020-03-12,funded_assets,EUR,0.98999999999999999,EWMA_GAUSS,ALL_EQUIVARIANT,-0.0041801946900019002,0.0070363933826237679,0.0080702858936059496,-4.9476773848440754,0,0.0010338925109821817,65536,2019-12-31,4.5163796747599294e-18,4.5163796747599294e-18,-0.014265322551834048,0.013969386239556236
2020-03-10,2020-03-11,2020-03-12,funded_assets,USD,0.94999999999999996,EWMA_GAUSS,ALL_EQUIVARIANT,-0.0041200610454964004,0.0049970707132788936,0.0062742646629776414,-5.2748597247303852,0,0.0012771939496987478,65536,2019-12-31,4.5163796747599294e-18,4.5163796747599294e-18,-0.013697342727621856,0.01424041796422015
2020-03-10,2020-03-11,2020-03-12,funded_assets,USD,0.98999999999999999,EWMA_GAUSS,ALL_EQUIVARIANT,-0.0041200610454964004,0.0070900335513396301,0.0081431685576780211,-4.9399033402199386,0,0.0010531350063383909,65536,2019-12-31,4.5163796747599294e-18,4.5163796747599294e-18,-0.013697342727621856,0.01424041796422015
2020-03-10,2020-03-11,2020-03-12,net_cashflows,EUR,0.94999999999999996,EWMA_GAUSS,ALL_EQUIVARIANT,0.0028073009309085,0.0063111064728742054,0.0079052439763868439,-5.0418846447105521,0,0.0015941375035126385,65536,2019-12-31,4.5163796747599294e-18,4.5163796747599294e-18,-0.017566749330598454,0.01556993053582937
2020-03-10,2020-03-11,2020-03-12,net_cashflows,EUR,0.98999999999999999,EWMA_GAUSS,ALL_EQUIVARIANT,0.0028073009309085,0.0089074516240993714,0.010215882596123394,-4.7118897661096018,0,0.0013084309720240231,65536,2019-12-31,4.5163796747599294e-18,4.5163796747599294e-18,-0.017566749330598454,0.01556993053582937
2020-03-10,2020-03-11,2020-03-12,net_cashflows,USD,0.94999999999999996,EWMA_GAUSS,ALL_EQUIVARIANT,0.0027808482572055002,0.0063604439065052523,0.0079908431833027923,-5.0334924416553477,0,0.00163039927679754,65536,2019-12-31,4.5163796747599294e-18,4.5163796747599294e-18,-0.017275455290359031,0.016232425539032459
2020-03-10,2020-03-11,2020-03-12,net_cashflows,USD,0.98999999999999999,EWMA_GAUSS,ALL_EQUIVARIANT,0.0027808482572055002,0.0090299968476674486,0.010356921636022913,-4.6982198383453095,0,0.0013269247883554644,65536,2019-12-31,4.5163796747599294e-18,4.5163796747599294e-18,-0.017275455290359031,0.016232425539032459
2020-03-10,2020-03-11,2020-03-12,funded_assets,EUR,0.94999999999999996,EWMA_SELFNORMALIZED,ALL_EQUIVARIANT,-0.0041801946900019002,0.0049744287871000548,0.0062267844835666919,-5.2800191966606356,0,0.0012523556964666371,65536,2019-12-31,6.0986372202309624e-18,6.0986372202309624e-18,-0.012086043915652045,0.011236946925745228
2020-03-10,2020-03-11,2020-03-12,funded_assets,EUR,0.98999999999999999,EWMA_SELFNORMALIZED,ALL_EQUIVARIANT,-0.0041801946900019002,0.0070483757279737602,0.0080008787090849326,-4.9472537010701982,0,0.00095250298111117238,65536,2019-12-31,6.0986372202309624e-18,6.0986372202309624e-18,-0.012086043915652045,0.011236946925745228
2020-03-10,2020-03-11,2020-03-12,funded_assets,USD,0.94999999999999996,EWMA_SELFNORMALIZED,ALL_EQUIVARIANT,-0.0041200610454964004,0.0050037945406433883,0.0062696090516742445,-5.2739381592325012,0,0.0012658145110308562,65536,2019-12-31,6.0986372202309624e-18,6.0986372202309624e-18,-0.011858221247494643,0.011460655434811267
2020-03-10,2020-03-11,2020-03-12,funded_assets,USD,0.98999999999999999,EWMA_SELFNORMALIZED,ALL_EQUIVARIANT,-0.0041200610454964004,0.0071031627607151615,0.0080707962171382326,-4.9393963217998174,0,0.00096763345642307107,65536,2019-12-31,6.0986372202309624e-18,6.0986372202309624e-18,-0.011858221247494643,0.011460655434811267
2020-03-10,2020-03-11,2020-03-12,net_cashflows,EUR,0.94999999999999996,EWMA_SELFNORMALIZED,ALL_EQUIVARIANT,0.0028073009309085,0.0063240107707883686,0.0079081299398725512,-5.0401792104642018,0,0.0015841191690841826,65536,2019-12-31,6.0986372202309624e-18,6.0986372202309624e-18,-0.014933032421247015,0.015045153666889655
2020-03-10,2020-03-11,2020-03-12,net_cashflows,EUR,0.98999999999999999,EWMA_SELFNORMALIZED,ALL_EQUIVARIANT,0.0028073009309085,0.0089105501093738396,0.010224721399407066,-4.7114756359896877,0,0.001314171290033226,65536,2019-12-31,6.0986372202309624e-18,6.0986372202309624e-18,-0.014933032421247015,0.015045153666889655
2020-03-10,2020-03-11,2020-03-12,net_cashflows,USD,0.94999999999999996,EWMA_SELFNORMALIZED,ALL_EQUIVARIANT,0.0027808482572055002,0.0063816789847482491,0.0079935519476544512,-5.0307667177251014,0,0.0016118729629062021,65536,2019-12-31,6.0986372202309624e-18,6.0986372202309624e-18,-0.014552463499668171,0.015554118001269032
2020-03-10,2020-03-11,2020-03-12,net_cashflows,USD,0.98999999999999999,EWMA_SELFNORMALIZED,ALL_EQUIVARIANT,0.0027808482572055002,0.0090442893189539349,0.010370723592499798,-4.6966702873581383,0,0.0013264342735458626,65536,2019-12-31,6.0986372202309624e-18,6.0986372202309624e-18,-0.014552463499668171,0.015554118001269032
2020-03-10,2020-03-11,2020-03-12,funded_assets,EUR,0.94999999999999996,IN_FHS1250,EUR,-0.0041801946900019002,0.0050023821101640442,0.0067537870243028989,-5.2569737953452842,0,0.0017514049141388547,1249,2019-12-31,2.7850443305721395e-18,2.7850443305721395e-18,-0.012217981141177836,0.014277413681154122
2020-03-10,2020-03-11,2020-03-12,funded_assets,EUR,0.98999999999999999,IN_FHS1250,EUR,-0.0041801946900019002,0.0075615547848275899,0.0097891860055596865,-4.8540373854556682,0,0.0022276312207320965,1249,2019-12-31,2.7850443305721395e-18,2.7850443305721395e-18,-0.012217981141177836,0.014277413681154122
2020-03-10,2020-03-11,2020-03-12,funded_assets,USD,0.94999999999999996,IN_FHS1250,EUR,-0.0041200610454964004,0.0050140496334898088,0.0068096582387256639,-5.2530989139752142,0,0.0017956086052358551,1249,2019-12-31,2.7850443305721395e-18,2.7850443305721395e-18,-0.011959091571905179,0.014352772352246098
2020-03-10,2020-03-11,2020-03-12,funded_assets,USD,0.98999999999999999,IN_FHS1250,EUR,-0.0041200610454964004,0.0076164152730975408,0.0098952645429995628,-4.8459959179156868,0,0.0022788492699020221,1249,2019-12-31,2.7850443305721395e-18,2.7850443305721395e-18,-0.011959091571905179,0.014352772352246098
2020-03-10,2020-03-11,2020-03-12,net_cashflows,EUR,0.94999999999999996,IN_FHS1250,EUR,0.0028073009309085,0.0033201070352339435,0.0048138237744686863,-5.6465608927384681,0,0.0014937167392347428,1249,2019-12-31,2.7850443305721395e-18,2.7850443305721395e-18,-0.0094506976548693993,0.010295597561290337
2020-03-10,2020-03-11,2020-03-12,net_cashflows,EUR,0.98999999999999999,IN_FHS1250,EUR,0.0028073009309085,0.0057129429349683574,0.0073517824386325672,-5.1357297881675619,0,0.0016388395036642097,1249,2019-12-31,2.7850443305721395e-18,2.7850443305721395e-18,-0.0094506976548693993,0.010295597561290337
2020-03-10,2020-03-11,2020-03-12,net_cashflows,USD,0.94999999999999996,IN_FHS1250,EUR,0.0027808482572055002,0.003322163235943882,0.0048545724763503963,-5.6434973072712928,0,0.0015324092404065143,1249,2019-12-31,2.7850443305721395e-18,2.7850443305721395e-18,-0.0093418527415160997,0.010688855536423188
2020-03-10,2020-03-11,2020-03-12,net_cashflows,USD,0.98999999999999999,IN_FHS1250,EUR,0.0027808482572055002,0.0057157491380688836,0.0074608168059166931,-5.1319880494371972,0,0.0017450676678478095,1249,2019-12-31,2.7850443305721395e-18,2.7850443305721395e-18,-0.0093418527415160997,0.010688855536423188
2020-03-10,2020-03-11,2020-03-12,funded_assets,EUR,0.94999999999999996,IN_TCOP1250,EUR,-0.0041801946900019002,0.0050093261095200126,0.0067809756230897966,-5.2549019324757804,0,0.0017716495135697841,65536,2019-12-31,4.7230557138899787e-18,4.7230557138899787e-18,-0.022398639697243983,0.018825225612726065
2020-03-10,2020-03-11,2020-03-12,funded_assets,EUR,0.98999999999999999,IN_TCOP1250,EUR,-0.0041801946900019002,0.0078823761028387895,0.0095957683653368278,-4.8249901407536662,0,0.0017133922624980383,65536,2019-12-31,4.7230557138899787e-18,4.7230557138899787e-18,-0.022398639697243983,0.018825225612726065
2020-03-10,2020-03-11,2020-03-12,funded_assets,USD,0.94999999999999996,IN_TCOP1250,EUR,-0.0041200610454964004,0.0050402810135471961,0.0068402916777564561,-5.2480731377256866,0,0.00180001066420926,65536,2019-12-31,4.7230557138899787e-18,4.7230557138899787e-18,-0.022043933696842558,0.019048917711651788
2020-03-10,2020-03-11,2020-03-12,funded_assets,USD,0.98999999999999999,IN_TCOP1250,EUR,-0.0041200610454964004,0.0079493357105775916,0.0097099783669176761,-4.8159242502342536,0,0.0017606426563400845,65536,2019-12-31,4.7230557138899787e-18,4.7230557138899787e-18,-0.022043933696842558,0.019048917711651788
2020-03-10,2020-03-11,2020-03-12,net_cashflows,EUR,0.94999999999999996,IN_TCOP1250,EUR,0.0028073009309085,0.0032658822914096385,0.0044276383278222548,-5.6822762391911548,0,0.0011617560364126163,65536,2019-12-31,4.7230557138899787e-18,4.7230557138899787e-18,-0.013018792205407604,0.016375097754241667
2020-03-10,2020-03-11,2020-03-12,net_cashflows,EUR,0.98999999999999999,IN_TCOP1250,EUR,0.0028073009309085,0.0050865266011049012,0.0063036259078192375,-5.2597095113614589,0,0.0012170993067143364,65536,2019-12-31,4.7230557138899787e-18,4.7230557138899787e-18,-0.013018792205407604,0.016375097754241667
2020-03-10,2020-03-11,2020-03-12,net_cashflows,USD,0.94999999999999996,IN_TCOP1250,EUR,0.0027808482572055002,0.0032787692153529238,0.0044511068231014939,-5.6779836335761953,0,0.0011723376077485701,65536,2019-12-31,4.7230557138899787e-18,4.7230557138899787e-18,-0.012842996483847955,0.016723684939915599
2020-03-10,2020-03-11,2020-03-12,net_cashflows,USD,0.98999999999999999,IN_TCOP1250,EUR,0.0027808482572055002,0.0051177633603083353,0.0063465650064136883,-5.2534583623898667,0,0.0012288016461053531,65536,2019-12-31,4.7230557138899787e-18,4.7230557138899787e-18,-0.012842996483847955,0.016723684939915599
2020-03-10,2020-03-11,2020-03-12,funded_assets,EUR,0.94999999999999996,IN_FHS1250,USD,-0.0041801946900019002,0.0047442065353976715,0.0065290764825971584,-5.3048622704829036,0,0.0017848699471994869,1249,2019-12-31,2.6562953225894859e-18,2.6562953225894859e-18,-0.015212172159837861,0.01477969356962236
2020-03-10,2020-03-11,2020-03-12,funded_assets,EUR,0.98999999999999999,IN_FHS1250,USD,-0.0041801946900019002,0.0076672286287173541,0.0090779770962212195,-4.8573072937225428,0,0.0014107484675038653,1249,2019-12-31,2.6562953225894859e-18,2.6562953225894859e-18,-0.015212172159837861,0.01477969356962236
2020-03-10,2020-03-11,2020-03-12,funded_assets,USD,0.94999999999999996,IN_FHS1250,USD,-0.0041200610454964004,0.0047567506455628763,0.0065754089547567854,-5.3010033254774793,0,0.0018186583091939091,1249,2019-12-31,2.6562953225894859e-18,2.6562953225894859e-18,-0.015168666461251708,0.014863830923358759
2020-03-10,2020-03-11,2020-03-12,funded_assets,USD,0.98999999999999999,IN_FHS1250,USD,-0.0041200610454964004,0.007744916437936753,0.009157885463933162,-4.847429848950684,0,0.001412969025996409,1249,2019-12-31,2.6562953225894859e-18,2.6562953225894859e-18,-0.015168666461251708,0.014863830923358759
2020-03-10,2020-03-11,2020-03-12,net_cashflows,EUR,0.94999999999999996,IN_FHS1250,USD,0.0028073009309085,0.0039402847301346806,0.0055041216997699996,-5.4863791416035266,0,0.001563836969635319,1249,2019-12-31,2.6562953225894859e-18,2.6562953225894859e-18,-0.0087820844062528984,0.011519870547533274
2020-03-10,2020-03-11,2020-03-12,net_cashflows,EUR,0.98999999999999999,IN_FHS1250,USD,0.0028073009309085,0.0060921156774875855,0.0083417679269246654,-5.0561654110471466,0,0.0022496522494370799,1249,2019-12-31,2.6562953225894859e-18,2.6562953225894859e-18,-0.0087820844062528984,0.011519870547533274
2020-03-10,2020-03-11,2020-03-12,net_cashflows,USD,0.94999999999999996,IN_FHS1250,USD,0.0027808482572055002,0.0039251951347887039,0.0055543402133538325,-5.4864859155849368,0,0.0016291450785651286,1249,2019-12-31,2.6562953225894859e-18,2.6562953225894859e-18,-0.0086819079699989102,0.011590326342542924
2020-03-10,2020-03-11,2020-03-12,net_cashflows,USD,0.98999999999999999,IN_FHS1250,USD,0.0027808482572055002,0.0060543965770609668,0.008468506072948934,-5.0564702752956192,0,0.0024141094958879672,1249,2019-12-31,2.6562953225894859e-18,2.6562953225894859e-18,-0.0086819079699989102,0.011590326342542924
2020-03-10,2020-03-11,2020-03-12,funded_assets,EUR,0.94999999999999996,IN_TCOP1250,USD,-0.0041801946900019002,0.0051063894938997989,0.0068581142297876813,-5.2377464430311464,0,0.0017517247358878824,65536,2019-12-31,4.526544070126981e-18,4.526544070126981e-18,-0.020029358971181743,0.019033843484587809
2020-03-10,2020-03-11,2020-03-12,funded_assets,EUR,0.98999999999999999,IN_TCOP1250,USD,-0.0041801946900019002,0.0079659155239585333,0.0096026070383687274,-4.8161630638478528,0,0.0016366915144101941,65536,2019-12-31,4.526544070126981e-18,4.526544070126981e-18,-0.020029358971181743,0.019033843484587809
2020-03-10,2020-03-11,2020-03-12,funded_assets,USD,0.94999999999999996,IN_TCOP1250,USD,-0.0041200610454964004,0.0051357098228969472,0.0069139380935172882,-5.2314105966380096,0,0.001778228270620341,65536,2019-12-31,4.526544070126981e-18,4.526544070126981e-18,-0.019486319915781359,0.019285337780228732
2020-03-10,2020-03-11,2020-03-12,funded_assets,USD,0.98999999999999999,IN_TCOP1250,USD,-0.0041200610454964004,0.0080139130843954291,0.0097079792399648798,-4.8093095789117406,0,0.0016940661555694507,65536,2019-12-31,4.526544070126981e-18,4.526544070126981e-18,-0.019486319915781359,0.019285337780228732
2020-03-10,2020-03-11,2020-03-12,net_cashflows,EUR,0.94999999999999996,IN_TCOP1250,USD,0.0028073009309085,0.0039045998822494713,0.005496112281197678,-5.4932848706352981,0,0.0015915123989482067,65536,2019-12-31,4.526544070126981e-18,4.526544070126981e-18,-0.014306021110507539,0.014326693646907907
2020-03-10,2020-03-11,2020-03-12,net_cashflows,EUR,0.98999999999999999,IN_TCOP1250,USD,0.0028073009309085,0.0063100003830023343,0.0082964066479900341,-5.0313625051802822,0,0.0019864062649876998,65536,2019-12-31,4.526544070126981e-18,4.526544070126981e-18,-0.014306021110507539,0.014326693646907907
2020-03-10,2020-03-11,2020-03-12,net_cashflows,USD,0.94999999999999996,IN_TCOP1250,USD,0.0027808482572055002,0.0039148987262718656,0.0055258917344051086,-5.4898460358398102,0,0.001610993008133243,65536,2019-12-31,4.526544070126981e-18,4.526544070126981e-18,-0.013580193199719499,0.014546556817344928
2020-03-10,2020-03-11,2020-03-12,net_cashflows,USD,0.98999999999999999,IN_TCOP1250,USD,0.0027808482572055002,0.0063600713227115451,0.0083540928126278058,-5.0236916772291442,0,0.0019940214899162607,65536,2019-12-31,4.526544070126981e-18,4.526544070126981e-18,-0.013580193199719499,0.014546556817344928
2020-03-10,2020-03-11,2020-03-12,funded_assets,EUR,0.94999999999999996,IN_FHS1250,GBP,-0.0041801946900019002,0.0054016879421842634,0.0073357098669062275,-5.1786459163890868,0,0.0019340219247219641,1249,2019-12-31,3.5778671692021646e-18,3.5778671692021646e-18,-0.012892985562100001,0.016298669207643751
2020-03-10,2020-03-11,2020-03-12,funded_assets,EUR,0.98999999999999999,IN_FHS1250,GBP,-0.0041801946900019002,0.0080689211239081404,0.010835744908118842,-4.7802471737733541,0,0.0027668237842107014,1249,2019-12-31,3.5778671692021646e-18,3.5778671692021646e-18,-0.012892985562100001,0.016298669207643751
2020-03-10,2020-03-11,2020-03-12,funded_assets,USD,0.94999999999999996,IN_FHS1250,GBP,-0.0041200610454964004,0.0054316586315823878,0.0074175409938262377,-5.1716355372238478,0,0.0019858823622438499,1249,2019-12-31,3.5778671692021646e-18,3.5778671692021646e-18,-0.012698080091312966,0.016399303984535797
2020-03-10,2020-03-11,2020-03-12,funded_assets,USD,0.98999999999999999,IN_FHS1250,GBP,-0.0041200610454964004,0.0080650229727470164,0.010997379886679405,-4.7767396398261424,0,0.0029323569139323886,1249,2019-12-31,3.5778671692021646e-18,3.5778671692021646e-18,-0.012698080091312966,0.016399303984535797
2020-03-10,2020-03-11,2020-03-12,net_cashflows,EUR,0.94999999999999996,IN_FHS1250,GBP,0.0028073009309085,0.0042289376755700559,0.0058321072301029935,-5.4192637426555912,0,0.0016031695545329376,1249,2019-12-31,3.5778671692021646e-18,3.5778671692021646e-18,-0.010373158855368469,0.012204435387630719
2020-03-10,2020-03-11,2020-03-12,net_cashflows,EUR,0.98999999999999999,IN_FHS1250,GBP,0.0028073009309085,0.0066854232452337129,0.0085733160169834833,-4.9793063550547947,0,0.0018878927717497704,1249,2019-12-31,3.5778671692021646e-18,3.5778671692021646e-18,-0.010373158855368469,0.012204435387630719
2020-03-10,2020-03-11,2020-03-12,net_cashflows,USD,0.94999999999999996,IN_FHS1250,GBP,0.0027808482572055002,0.0042741479149816953,0.0058838806219716879,-5.4091222740147353,0,0.0016097327069899926,1249,2019-12-31,3.5778671692021646e-18,3.5778671692021646e-18,-0.010225495557835624,0.012641461265723448
2020-03-10,2020-03-11,2020-03-12,net_cashflows,USD,0.98999999999999999,IN_FHS1250,GBP,0.0027808482572055002,0.0068304265653332365,0.0087172102378135288,-4.9588995395670725,0,0.0018867836724802923,1249,2019-12-31,3.5778671692021646e-18,3.5778671692021646e-18,-0.010225495557835624,0.012641461265723448
2020-03-10,2020-03-11,2020-03-12,funded_assets,EUR,0.94999999999999996,IN_TCOP1250,GBP,-0.0041801946900019002,0.0054582861417761253,0.0078494344070386499,-5.151940622778552,0,0.0023911482652625247,65536,2019-12-31,6.1392948016991689e-18,6.1392948016991689e-18,-0.029285467535394599,0.038484039889001981
2020-03-10,2020-03-11,2020-03-12,funded_assets,EUR,0.98999999999999999,IN_TCOP1250,GBP,-0.0041801946900019002,0.0091492639097913719,0.012032888089603339,-4.6597569293734704,0,0.002883624179811967,65536,2019-12-31,6.1392948016991689e-18,6.1392948016991689e-18,-0.029285467535394599,0.038484039889001981
2020-03-10,2020-03-11,2020-03-12,funded_assets,USD,0.94999999999999996,IN_TCOP1250,GBP,-0.0041200610454964004,0.0054895240221220689,0.0079324519686616926,-5.1447593975774915,0,0.0024429279465396237,65536,2019-12-31,6.1392948016991689e-18,6.1392948016991689e-18,-0.027732683258930878,0.039857041291807858
2020-03-10,2020-03-11,2020-03-12,funded_assets,USD,0.98999999999999999,IN_TCOP1250,GBP,-0.0041200610454964004,0.0092442049367585134,0.012224040089169882,-4.6481192045122359,0,0.0029798351524113684,65536,2019-12-31,6.1392948016991689e-18,6.1392948016991689e-18,-0.027732683258930878,0.039857041291807858
2020-03-10,2020-03-11,2020-03-12,net_cashflows,EUR,0.94999999999999996,IN_TCOP1250,GBP,0.0028073009309085,0.0040972865022811389,0.0056173752318214171,-5.4524955698323581,0,0.0015200887295402782,65536,2019-12-31,6.1392948016991689e-18,6.1392948016991689e-18,-0.028390318138173734,0.022428234803248202
2020-03-10,2020-03-11,2020-03-12,net_cashflows,EUR,0.98999999999999999,IN_TCOP1250,GBP,0.0028073009309085,0.0065649288360961622,0.0081133573456300366,-5.0050928130254837,0,0.0015484285095338744,65536,2019-12-31,6.1392948016991689e-18,6.1392948016991689e-18,-0.028390318138173734,0.022428234803248202
2020-03-10,2020-03-11,2020-03-12,net_cashflows,USD,0.94999999999999996,IN_TCOP1250,GBP,0.0027808482572055002,0.0041168903297573644,0.0056531504789028107,-5.4472952022202064,0,0.0015362601491454462,65536,2019-12-31,6.1392948016991689e-18,6.1392948016991689e-18,-0.025944633896156089,0.022655265522930391
2020-03-10,2020-03-11,2020-03-12,net_cashflows,USD,0.98999999999999999,IN_TCOP1250,GBP,0.0027808482572055002,0.0065995235183169774,0.00819802235156771,-4.9988482385873256,0,0.0015984988332507326,65536,2019-12-31,6.1392948016991689e-18,6.1392948016991689e-18,-0.025944633896156089,0.022655265522930391
2020-03-10,2020-03-11,2020-03-12,funded_assets,EUR,0.94999999999999996,IN_FHS1250,JPY,-0.0041801946900019002,0.0050860405546089282,0.0072019289186402487,-5.2272010581968331,0,0.0021158883640313205,1249,2019-12-31,3.8082601308553343e-18,3.8082601308553343e-18,-0.014773592655667495,0.013776764833198035
2020-03-10,2020-03-11,2020-03-12,funded_assets,EUR,0.98999999999999999,IN_FHS1250,JPY,-0.0041801946900019002,0.008654884365414367,0.01091808449471421,-4.7246238568350289,0,0.0022632001292998433,1249,2019-12-31,3.8082601308553343e-18,3.8082601308553343e-18,-0.014773592655667495,0.013776764833198035
2020-03-10,2020-03-11,2020-03-12,funded_assets,USD,0.94999999999999996,IN_FHS1250,JPY,-0.0041200610454964004,0.0051200079741620351,0.0072896846644616813,-5.2189315529950546,0,0.0021696766902996462,1249,2019-12-31,3.8082601308553343e-18,3.8082601308553343e-18,-0.014356454114636433,0.014121369251673916
2020-03-10,2020-03-11,2020-03-12,funded_assets,USD,0.98999999999999999,IN_FHS1250,JPY,-0.0041200610454964004,0.0087845536207415125,0.011127553650836898,-4.7088893479754361,0,0.0023430000300953858,1249,2019-12-31,3.8082601308553343e-18,3.8082601308553343e-18,-0.014356454114636433,0.014121369251673916
2020-03-10,2020-03-11,2020-03-12,net_cashflows,EUR,0.94999999999999996,IN_FHS1250,JPY,0.0028073009309085,0.0042264170450560974,0.0058432670340283028,-5.4191682955069442,0,0.0016168499889722054,1249,2019-12-31,3.8082601308553343e-18,3.8082601308553343e-18,-0.0081769234415794319,0.011755071466239896
2020-03-10,2020-03-11,2020-03-12,net_cashflows,EUR,0.98999999999999999,IN_FHS1250,JPY,0.0028073009309085,0.006866386999558949,0.008838513548679202,-4.9517653248965754,0,0.001972126549120253,1249,2019-12-31,3.8082601308553343e-18,3.8082601308553343e-18,-0.0081769234415794319,0.011755071466239896
2020-03-10,2020-03-11,2020-03-12,net_cashflows,USD,0.94999999999999996,IN_FHS1250,JPY,0.0027808482572055002,0.0042557402935246291,0.0059175864160028796,-5.4106583587391128,0,0.0016618461224782504,1249,2019-12-31,3.8082601308553343e-18,3.8082601308553343e-18,-0.0081915932479636275,0.012304635491307395
2020-03-10,2020-03-11,2020-03-12,net_cashflows,USD,0.98999999999999999,IN_FHS1250,JPY,0.0027808482572055002,0.006941966367702463,0.0090217440496787715,-4.9386470586630411,0,0.0020797776819763084,1249,2019-12-31,3.8082601308553343e-18,3.8082601308553343e-18,-0.0081915932479636275,0.012304635491307395
2020-03-10,2020-03-11,2020-03-12,funded_assets,EUR,0.94999999999999996,IN_TCOP1250,JPY,-0.0041801946900019002,0.0052987177158320131,0.0071626248171656123,-5.1991055937274657,0,0.0018639071013335992,65536,2019-12-31,6.478107980600889e-18,6.478107980600889e-18,-0.028054999132019226,0.019899841274435282
2020-03-10,2020-03-11,2020-03-12,funded_assets,EUR,0.98999999999999999,IN_TCOP1250,JPY,-0.0041801946900019002,0.0082829657329651918,0.010159675671703214,-4.7740502012611463,0,0.0018767099387380221,65536,2019-12-31,6.478107980600889e-18,6.478107980600889e-18,-0.028054999132019226,0.019899841274435282
2020-03-10,2020-03-11,2020-03-12,funded_assets,USD,0.94999999999999996,IN_TCOP1250,JPY,-0.0041200610454964004,0.0053404512469418719,0.0072373045783528283,-5.1906003306621971,0,0.0018968533314109564,65536,2019-12-31,6.478107980600889e-18,6.478107980600889e-18,-0.02709260356822386,0.020554061939885796
2020-03-10,2020-03-11,2020-03-12,funded_assets,USD,0.98999999999999999,IN_TCOP1250,JPY,-0.0041200610454964004,0.0083695316408753159,0.010310671624878113,-4.7628409748864726,0,0.0019411399840027974,65536,2019-12-31,6.478107980600889e-18,6.478107980600889e-18,-0.02709260356822386,0.020554061939885796
2020-03-10,2020-03-11,2020-03-12,net_cashflows,EUR,0.94999999999999996,IN_TCOP1250,JPY,0.0028073009309085,0.0041974965088907744,0.0058962626926648727,-5.4215455428277082,0,0.0016987661837740984,65536,2019-12-31,6.478107980600889e-18,6.478107980600889e-18,-0.013967298156592544,0.01509611391046607
2020-03-10,2020-03-11,2020-03-12,net_cashflows,EUR,0.98999999999999999,IN_TCOP1250,JPY,0.0028073009309085,0.0067451413880309161,0.0088875237118950338,-4.9641618490993675,0,0.0021423823238641178,65536,2019-12-31,6.478107980600889e-18,6.478107980600889e-18,-0.013967298156592544,0.01509611391046607
2020-03-10,2020-03-11,2020-03-12,net_cashflows,USD,0.94999999999999996,IN_TCOP1250,JPY,0.0027808482572055002,0.0042228971022373269,0.0059513552000652545,-5.4145673300043944,0,0.0017284580978279276,65536,2019-12-31,6.478107980600889e-18,6.478107980600889e-18,-0.013695761673966314,0.014989127322181692
2020-03-10,2020-03-11,2020-03-12,net_cashflows,USD,0.98999999999999999,IN_TCOP1250,JPY,0.0027808482572055002,0.0068175514162837937,0.0090134683470449745,-4.9526615248909671,0,0.0021959169307611808,65536,2019-12-31,6.478107980600889e-18,6.478107980600889e-18,-0.013695761673966314,0.014989127322181692
2020-03-10,2020-03-11,2020-03-12,funded_assets,EUR,0.94999999999999996,IN_FHS1250,CHF,-0.0041801946900019002,0.005108424860834293,0.0069284744618304701,-5.2348068730859492,0,0.0018200496009961771,1249,2019-12-31,2.2361669807513529e-18,2.2361669807513529e-18,-0.012500946081905134,0.013712005593723681
2020-03-10,2020-03-11,2020-03-12,funded_assets,EUR,0.98999999999999999,IN_FHS1250,CHF,-0.0041801946900019002,0.0079254218522278597,0.010052594991313786,-4.8115288505674094,0,0.0021271731390859264,1249,2019-12-31,2.2361669807513529e-18,2.2361669807513529e-18,-0.012500946081905134,0.013712005593723681
2020-03-10,2020-03-11,2020-03-12,funded_assets,USD,0.94999999999999996,IN_FHS1250,CHF,-0.0041200610454964004,0.0051465256708104279,0.0069932982153620982,-5.226880462748297,0,0.0018467725445516702,1249,2019-12-31,2.2361669807513529e-18,2.2361669807513529e-18,-0.012211218170208387,0.014127197388132597
2020-03-10,2020-03-11,2020-03-12,funded_assets,USD,0.98999999999999999,IN_FHS1250,CHF,-0.0041200610454964004,0.0079744110020668856,0.010171915038152492,-4.8041611967723128,0,0.0021975040360856062,1249,2019-12-31,2.2361669807513529e-18,2.2361669807513529e-18,-0.012211218170208387,0.014127197388132597
2020-03-10,2020-03-11,2020-03-12,net_cashflows,EUR,0.94999999999999996,IN_FHS1250,CHF,0.0028073009309085,0.0035361914231533337,0.0051274834274387957,-5.5834859164029496,0,0.001591292004285462,1249,2019-12-31,2.2361669807513529e-18,2.2361669807513529e-18,-0.010338377241142949,0.010909902987425047
2020-03-10,2020-03-11,2020-03-12,net_cashflows,EUR,0.98999999999999999,IN_FHS1250,CHF,0.0028073009309085,0.0058748786793440533,0.0078988950257707739,-5.0972728406513923,0,0.0020240163464267207,1249,2019-12-31,2.2361669807513529e-18,2.2361669807513529e-18,-0.010338377241142949,0.010909902987425047
2020-03-10,2020-03-11,2020-03-12,net_cashflows,USD,0.94999999999999996,IN_FHS1250,CHF,0.0027808482572055002,0.0035530643126864413,0.0051783963952401514,-5.5771276851708294,0,0.0016253320825537101,1249,2019-12-31,2.2361669807513529e-18,2.2361669807513529e-18,-0.010214413250246378,0.011341597310222487
2020-03-10,2020-03-11,2020-03-12,net_cashflows,USD,0.98999999999999999,IN_FHS1250,CHF,0.0027808482572055002,0.0059672626305264306,0.0080300305195855869,-5.0814486501029865,0,0.0020627678890591562,1249,2019-12-31,2.2361669807513529e-18,2.2361669807513529e-18,-0.010214413250246378,0.011341597310222487
2020-03-10,2020-03-11,2020-03-12,funded_assets,EUR,0.94999999999999996,IN_TCOP1250,CHF,-0.0041801946900019002,0.0051566863704669563,0.0068536111121407558,-5.230575310670285,0,0.0016969247416737995,65536,2019-12-31,4.1470733097570545e-18,4.1470733097570545e-18,-0.017077131549715241,0.017773446082602756
2020-03-10,2020-03-11,2020-03-12,funded_assets,EUR,0.98999999999999999,IN_TCOP1250,CHF,-0.0041801946900019002,0.0078555823519613766,0.0094924911499048217,-4.8296966868933637,0,0.0016369087979434451,65536,2019-12-31,4.1470733097570545e-18,4.1470733097570545e-18,-0.017077131549715241,0.017773446082602756
2020-03-10,2020-03-11,2020-03-12,funded_assets,USD,0.94999999999999996,IN_TCOP1250,CHF,-0.0041200610454964004,0.0051820229004008039,0.0069158647922790547,-5.2246422626609093,0,0.0017338418918782508,65536,2019-12-31,4.1470733097570545e-18,4.1470733097570545e-18,-0.016590587658950627,0.018150226898504779
2020-03-10,2020-03-11,2020-03-12,funded_assets,USD,0.98999999999999999,IN_TCOP1250,CHF,-0.0041200610454964004,0.007919729968101287,0.0096145693521965687,-4.8207539322223028,0,0.0016948393840952817,65536,2019-12-31,4.1470733097570545e-18,4.1470733097570545e-18,-0.016590587658950627,0.018150226898504779
2020-03-10,2020-03-11,2020-03-12,net_cashflows,EUR,0.94999999999999996,IN_TCOP1250,CHF,0.0028073009309085,0.0036297235983659745,0.0049189699038702881,-5.5767529465248185,0,0.0012892463055043137,65536,2019-12-31,4.1470733097570545e-18,4.1470733097570545e-18,-0.01361740219944294,0.017466241527770678
2020-03-10,2020-03-11,2020-03-12,net_cashflows,EUR,0.98999999999999999,IN_TCOP1250,CHF,0.0028073009309085,0.0056768114491167147,0.0069974842510031696,-5.1509399604823187,0,0.001320672801886455,65536,2019-12-31,4.1470733097570545e-18,4.1470733097570545e-18,-0.01361740219944294,0.017466241527770678
2020-03-10,2020-03-11,2020-03-12,net_cashflows,USD,0.94999999999999996,IN_TCOP1250,CHF,0.0027808482572055002,0.0036464045573045096,0.0049516168129995694,-5.5716342732825819,0,0.0013052122556950598,65536,2019-12-31,4.1470733097570545e-18,4.1470733097570545e-18,-0.013395450898395923,0.017502864700937353
2020-03-10,2020-03-11,2020-03-12,net_cashflows,USD,0.98999999999999999,IN_TCOP1250,CHF,0.0027808482572055002,0.0057043294789010093,0.0070592582109328594,-5.1453517198859826,0,0.0013549287320318501,65536,2019-12-31,4.1470733097570545e-18,4.1470733097570545e-18,-0.013395450898395923,0.017502864700937353
2020-03-10,2020-03-11,2020-03-12,funded_assets,EUR,0.94999999999999996,IN_FHS_REF_POOL,ALL_FIVE,-0.0041801946900019002,0.005050337024044893,0.0069603281164845425,-5.2419397334997706,0,0.0019099910924396495,6245,2019-12-31,0,0,-0.015212172159837861,0.016298669207643751
2020-03-10,2020-03-11,2020-03-12,funded_assets,EUR,0.98999999999999999,IN_FHS_REF_POOL,ALL_FIVE,-0.0041801946900019002,0.0079203045045788401,0.01017219896158004,-4.8094742225920903,0,0.0022518944570011998,6245,2019-12-31,0,0,-0.015212172159837861,0.016298669207643751
2020-03-10,2020-03-11,2020-03-12,funded_assets,USD,0.94999999999999996,IN_FHS_REF_POOL,ALL_FIVE,-0.0041200610454964004,0.0050867791261879815,0.0070272754084865271,-5.2340940019789679,0,0.0019404962822985455,6245,2019-12-31,0,0,-0.015168666461251708,0.016399303984535797
2020-03-10,2020-03-11,2020-03-12,funded_assets,USD,0.98999999999999999,IN_FHS_REF_POOL,ALL_FIVE,-0.0041200610454964004,0.0079607601468398449,0.010310301745411407,-4.8024946274083877,0,0.0023495415985715622,6245,2019-12-31,0,0,-0.015168666461251708,0.016399303984535797
2020-03-10,2020-03-11,2020-03-12,net_cashflows,EUR,0.94999999999999996,IN_FHS_REF_POOL,ALL_FIVE,0.0028073009309085,0.003871057468578543,0.0054697349572604345,-5.5008020745643762,0,0.0015986774886818916,6245,2019-12-31,0,0,-0.010373158855368469,0.012204435387630719
2020-03-10,2020-03-11,2020-03-12,net_cashflows,EUR,0.98999999999999999,IN_FHS_REF_POOL,ALL_FIVE,0.0028073009309085,0.0062094387485023272,0.0082767972410001337,-5.044076785043373,0,0.0020673584924978065,6245,2019-12-31,0,0,-0.010373158855368469,0.012204435387630719
2020-03-10,2020-03-11,2020-03-12,net_cashflows,USD,0.94999999999999996,IN_FHS_REF_POOL,ALL_FIVE,0.0027808482572055002,0.0038900956915208303,0.0055243131672776764,-5.4944190961781603,0,0.0016342174757568461,6245,2019-12-31,0,0,-0.010225495557835624,0.012641461265723448
2020-03-10,2020-03-11,2020-03-12,net_cashflows,USD,0.98999999999999999,IN_FHS_REF_POOL,ALL_FIVE,0.0027808482572055002,0.0063582275491222305,0.0084202776310210708,-5.022003463331302,0,0.0020620500818988403,6245,2019-12-31,0,0,-0.010225495557835624,0.012641461265723448
2020-03-10,2020-03-11,2020-03-12,funded_assets,EUR,0.94999999999999996,IN_TCOP_REF_POOL,ALL_FIVE,-0.0041801946900019002,0.0052020257673948411,0.0071070769599183327,-5.214714125771156,0,0.0019050511925234916,327680,2019-12-31,0,0,-0.029285467535394599,0.038484039889001981
2020-03-10,2020-03-11,2020-03-12,funded_assets,EUR,0.98999999999999999,IN_TCOP_REF_POOL,ALL_FIVE,-0.0041801946900019002,0.008220676979877356,0.010236413647531233,-4.7787222010257615,0,0.0020157366676538772,327680,2019-12-31,0,0,-0.029285467535394599,0.038484039889001981
2020-03-10,2020-03-11,2020-03-12,funded_assets,USD,0.94999999999999996,IN_TCOP_REF_POOL,ALL_FIVE,-0.0041200610454964004,0.0052351408998863496,0.0071743104072210439,-5.2075421376435891,0,0.0019391695073346944,327680,2019-12-31,0,0,-0.027732683258930878,0.039857041291807858
2020-03-10,2020-03-11,2020-03-12,funded_assets,USD,0.98999999999999999,IN_TCOP_REF_POOL,ALL_FIVE,-0.0041200610454964004,0.0083150052621240589,0.010374136275501992,-4.7669264501570083,0,0.0020591310133779329,327680,2019-12-31,0,0,-0.027732683258930878,0.039857041291807858
2020-03-10,2020-03-11,2020-03-12,net_cashflows,EUR,0.94999999999999996,IN_TCOP_REF_POOL,ALL_FIVE,0.0028073009309085,0.003810065760174064,0.0053112327508195532,-5.520571345455064,0,0.0015011669906454892,327680,2019-12-31,0,0,-0.028390318138173734,0.022428234803248202
2020-03-10,2020-03-11,2020-03-12,net_cashflows,EUR,0.98999999999999999,IN_TCOP_REF_POOL,ALL_FIVE,0.0028073009309085,0.0061258858891407577,0.0078415518953996177,-5.0671101592491103,0,0.00171566600625886,327680,2019-12-31,0,0,-0.028390318138173734,0.022428234803248202
2020-03-10,2020-03-11,2020-03-12,net_cashflows,USD,0.94999999999999996,IN_TCOP_REF_POOL,ALL_FIVE,0.0027808482572055002,0.0038262764934508023,0.005346853127832887,-5.5156342998683527,0,0.0015205766343820847,327680,2019-12-31,0,0,-0.025944633896156089,0.022655265522930391
2020-03-10,2020-03-11,2020-03-12,net_cashflows,USD,0.98999999999999999,IN_TCOP_REF_POOL,ALL_FIVE,0.0027808482572055002,0.0061671638909720546,0.0079183497164344134,-5.0597278673620547,0,0.0017511858254623588,327680,2019-12-31,0,0,-0.025944633896156089,0.022655265522930391
2020-03-17,2020-03-18,2020-03-19,funded_assets,EUR,0.94999999999999996,HS1250,ALL_EQUIVARIANT,0.00053943398907330001,0.0049922141176121648,0.007133251373012163,-5.2431369937283545,0,0.0021410372553999982,1249,2019-12-31,3.8489177123235407e-18,3.8489177123235407e-18,-0.014647076779707779,0.015857900571365713
2020-03-17,2020-03-18,2020-03-19,funded_assets,EUR,0.98999999999999999,HS1250,ALL_EQUIVARIANT,0.00053943398907330001,0.008101051160448125,0.010784426195563064,-4.7784716582530535,0,0.0026833750351149387,1249,2019-12-31,3.8489177123235407e-18,3.8489177123235407e-18,-0.014647076779707779,0.015857900571365713
2020-03-17,2020-03-18,2020-03-19,funded_assets,USD,0.94999999999999996,HS1250,ALL_EQUIVARIANT,0.00049604871153900005,0.0050763854738745048,0.0072082928815734686,-5.2282807273392784,0,0.0021319074076989637,1249,2019-12-31,3.8489177123235407e-18,3.8489177123235407e-18,-0.014236409804384526,0.0159662234291164
2020-03-17,2020-03-18,2020-03-19,funded_assets,USD,0.98999999999999999,HS1250,ALL_EQUIVARIANT,0.00049604871153900005,0.0080934397975748976,0.01093480352611189,-4.7756504801000492,0,0.0028413637285369924,1249,2019-12-31,3.8489177123235407e-18,3.8489177123235407e-18,-0.014236409804384526,0.0159662234291164
2020-03-17,2020-03-18,2020-03-19,net_cashflows,EUR,0.94999999999999996,HS1250,ALL_EQUIVARIANT,-0.0060400993204992003,0.0036445348703508574,0.0054608561941907018,-5.5427571156404891,0,0.0018163213238398443,1249,2019-12-31,3.8489177123235407e-18,3.8489177123235407e-18,-0.011362286891522877,0.013415865599583542
2020-03-17,2020-03-18,2020-03-19,net_cashflows,EUR,0.98999999999999999,HS1250,ALL_EQUIVARIANT,-0.0060400993204992003,0.0068317421245577617,0.0088945121945354384,-4.9542357181996923,0,0.0020627700699776767,1249,2019-12-31,3.8489177123235407e-18,3.8489177123235407e-18,-0.011362286891522877,0.013415865599583542
2020-03-17,2020-03-18,2020-03-19,net_cashflows,USD,0.94999999999999996,HS1250,ALL_EQUIVARIANT,-0.0059320487001780003,0.0036866558798669315,0.0055016293002634782,-5.5326084339126229,0,0.0018149734203965467,1249,2019-12-31,3.8489177123235407e-18,3.8489177123235407e-18,-0.011163620632108224,0.013251965850918881
2020-03-17,2020-03-18,2020-03-19,net_cashflows,USD,0.98999999999999999,HS1250,ALL_EQUIVARIANT,-0.0059320487001780003,0.0068684630061137866,0.0089948899618210471,-4.9475025325371256,0,0.0021264269557072606,1249,2019-12-31,3.8489177123235407e-18,3.8489177123235407e-18,-0.011163620632108224,0.013251965850918881
2020-03-17,2020-03-18,2020-03-19,funded_assets,EUR,0.94999999999999996,EWMA_GAUSS,ALL_EQUIVARIANT,0.00053943398907330001,0.0051945550049746492,0.0065033731049982651,-5.2366864905670729,0,0.0013088181000236159,65536,2019-12-31,6.1392948016991689e-18,6.1392948016991689e-18,-0.013021343745478142,0.015199968122650537
2020-03-17,2020-03-18,2020-03-19,funded_assets,EUR,0.98999999999999999,EWMA_GAUSS,ALL_EQUIVARIANT,0.00053943398907330001,0.0073291834444257076,0.0083932521216036875,-4.9071038994456053,0,0.00106406867717798,65536,2019-12-31,6.1392948016991689e-18,6.1392948016991689e-18,-0.013021343745478142,0.015199968122650537
2020-03-17,2020-03-18,2020-03-19,funded_assets,USD,0.94999999999999996,EWMA_GAUSS,ALL_EQUIVARIANT,0.00049604871153900005,0.0052220477209431754,0.0065518197556694493,-5.2309746858394526,0,0.0013297720347262738,65536,2019-12-31,6.1392948016991689e-18,6.1392948016991689e-18,-0.013026931360650053,0.015484852824686722
2020-03-17,2020-03-18,2020-03-19,funded_assets,USD,0.98999999999999999,EWMA_GAUSS,ALL_EQUIVARIANT,0.00049604871153900005,0.007382961140743478,0.0084740151737309876,-4.8995037367150163,0,0.0010910540329875096,65536,2019-12-31,6.1392948016991689e-18,6.1392948016991689e-18,-0.013026931360650053,0.015484852824686722
2020-03-17,2020-03-18,2020-03-19,net_cashflows,EUR,0.94999999999999996,EWMA_GAUSS,ALL_EQUIVARIANT,-0.0060400993204992003,0.0080942824521177854,0.010163522008540284,-4.7925449761832084,0,0.0020692395564224988,65536,2019-12-31,6.1392948016991689e-18,6.1392948016991689e-18,-0.022218358376258837,0.020181187258593046
2020-03-17,2020-03-18,2020-03-19,net_cashflows,EUR,0.98999999999999999,EWMA_GAUSS,ALL_EQUIVARIANT,-0.0060400993204992003,0.011502686922679715,0.013140243182868688,-4.4566972167450771,0,0.0016375562601889729,65536,2019-12-31,6.1392948016991689e-18,6.1392948016991689e-18,-0.022218358376258837,0.020181187258593046
2020-03-17,2020-03-18,2020-03-19,net_cashflows,USD,0.94999999999999996,EWMA_GAUSS,ALL_EQUIVARIANT,-0.0059320487001780003,0.0081683763329128654,0.010291527857486658,-4.7827351666599558,0,0.0021231515245737926,65536,2019-12-31,6.1392948016991689e-18,6.1392948016991689e-18,-0.021686072313885606,0.020708243356813642
2020-03-17,2020-03-18,2020-03-19,net_cashflows,USD,0.98999999999999999,EWMA_GAUSS,ALL_EQUIVARIANT,-0.0059320487001780003,0.011672286417359342,0.013353145302020223,-4.4418806941913607,0,0.0016808588846608814,65536,2019-12-31,6.1392948016991689e-18,6.1392948016991689e-18,-0.021686072313885606,0.020708243356813642
2020-03-17,2020-03-18,2020-03-19,funded_assets,EUR,0.94999999999999996,EWMA_SELFNORMALIZED,ALL_EQUIVARIANT,0.00053943398907330001,0.0052040487668223168,0.0065274391443801913,-5.2344832407677231,0,0.0013233903775578745,65536,2019-12-31,6.3696877633523385e-18,6.3696877633523385e-18,-0.012189877910326163,0.012514842117390901
2020-03-17,2020-03-18,2020-03-19,funded_assets,EUR,0.98999999999999999,EWMA_SELFNORMALIZED,ALL_EQUIVARIANT,0.00053943398907330001,0.007389063939113566,0.0083927522216908738,-4.8999766624747672,0,0.0010036882825773079,65536,2019-12-31,6.3696877633523385e-18,6.3696877633523385e-18,-0.012189877910326163,0.012514842117390901
2020-03-17,2020-03-18,2020-03-19,funded_assets,USD,0.94999999999999996,EWMA_SELFNORMALIZED,ALL_EQUIVARIANT,0.00049604871153900005,0.0052304216082529834,0.0065768966958338598,-5.2289202991644412,0,0.0013464750875808763,65536,2019-12-31,6.3696877633523385e-18,6.3696877633523385e-18,-0.012037044353354967,0.012564963511798149
2020-03-17,2020-03-18,2020-03-19,funded_assets,USD,0.98999999999999999,EWMA_SELFNORMALIZED,ALL_EQUIVARIANT,0.00049604871153900005,0.0074653695350355865,0.0084751369022499183,-4.8897631395677896,0,0.0010097673672143318,65536,2019-12-31,6.3696877633523385e-18,6.3696877633523385e-18,-0.012037044353354967,0.012564963511798149
2020-03-17,2020-03-18,2020-03-19,net_cashflows,EUR,0.94999999999999996,EWMA_SELFNORMALIZED,ALL_EQUIVARIANT,-0.0060400993204992003,0.0081172236253515551,0.010135852600557146,-4.7908336721308578,0,0.0020186289752055914,65536,2019-12-31,6.3696877633523385e-18,6.3696877633523385e-18,-0.018399702647062581,0.019545899712890634
2020-03-17,2020-03-18,2020-03-19,net_cashflows,EUR,0.98999999999999999,EWMA_SELFNORMALIZED,ALL_EQUIVARIANT,-0.0060400993204992003,0.01143565472187622,0.013036080020169424,-4.4628032868301286,0,0.0016004252982932034,65536,2019-12-31,6.3696877633523385e-18,6.3696877633523385e-18,-0.018399702647062581,0.019545899712890634
2020-03-17,2020-03-18,2020-03-19,net_cashflows,USD,0.94999999999999996,EWMA_SELFNORMALIZED,ALL_EQUIVARIANT,-0.0059320487001780003,0.0081938205103710138,0.010260911100717546,-4.7808665704453919,0,0.0020670905903465327,65536,2019-12-31,6.3696877633523385e-18,6.3696877633523385e-18,-0.018099039325232019,0.019950095695411091
2020-03-17,2020-03-18,2020-03-19,net_cashflows,USD,0.98999999999999999,EWMA_SELFNORMALIZED,ALL_EQUIVARIANT,-0.0059320487001780003,0.011621708030637294,0.013243743609176592,-4.4467056286015012,0,0.0016220355785392972,65536,2019-12-31,6.3696877633523385e-18,6.3696877633523385e-18,-0.018099039325232019,0.019950095695411091
2020-03-17,2020-03-18,2020-03-19,funded_assets,EUR,0.94999999999999996,IN_FHS1250,EUR,0.00053943398907330001,0.0058110694016070275,0.0077238801568034112,-5.1110873730336372,0,0.0019128107551963838,1249,2019-12-31,3.2187251995663413e-18,3.2187251995663413e-18,-0.014143531363741191,0.016553105015199576
2020-03-17,2020-03-18,2020-03-19,funded_assets,EUR,0.98999999999999999,IN_FHS1250,EUR,0.00053943398907330001,0.0086708757709592355,0.011125338553752953,-4.7191491738735998,0,0.002454462782793718,1249,2019-12-31,3.2187251995663413e-18,3.2187251995663413e-18,-0.014143531363741191,0.016553105015199576
2020-03-17,2020-03-18,2020-03-19,funded_assets,USD,0.94999999999999996,IN_FHS1250,EUR,0.00049604871153900005,0.0058155508024300851,0.0078006211022546793,-5.1080278487127719,0,0.0019850702998245942,1249,2019-12-31,3.2187251995663413e-18,3.2187251995663413e-18,-0.013788640753308217,0.016659052986063377
2020-03-17,2020-03-18,2020-03-19,funded_assets,USD,0.98999999999999999,IN_FHS1250,EUR,0.00049604871153900005,0.0087483619768351315,0.011254990471799807,-4.7096562782102387,0,0.0025066284949646755,1249,2019-12-31,3.2187251995663413e-18,3.2187251995663413e-18,-0.013788640753308217,0.016659052986063377
2020-03-17,2020-03-18,2020-03-19,net_cashflows,EUR,0.94999999999999996,IN_FHS1250,EUR,-0.0060400993204992003,0.0039570448764638336,0.0057297257999105499,-5.4714708063705277,0,0.0017726809234467162,1249,2019-12-31,3.2187251995663413e-18,3.2187251995663413e-18,-0.012981177138630551,0.012058654123675128
2020-03-17,2020-03-18,2020-03-19,net_cashflows,EUR,0.98999999999999999,IN_FHS1250,EUR,-0.0060400993204992003,0.0067849007927886168,0.008840169343977921,-4.9609412346533075,0,0.0020552685511893041,1249,2019-12-31,3.2187251995663413e-18,3.2187251995663413e-18,-0.012981177138630551,0.012058654123675128
2020-03-17,2020-03-18,2020-03-19,net_cashflows,USD,0.94999999999999996,IN_FHS1250,EUR,-0.0059320487001780003,0.0039411683457850196,0.0057887734479756727,-5.4710052435703638,0,0.0018476051021906531,1249,2019-12-31,3.2187251995663413e-18,3.2187251995663413e-18,-0.012708761852833752,0.012615954610095848
2020-03-17,2020-03-18,2020-03-19,net_cashflows,USD,0.98999999999999999,IN_FHS1250,EUR,-0.0059320487001780003,0.0068427229605493387,0.0089838286888939203,-4.9506579989309145,0,0.0021411057283445816,1249,2019-12-31,3.2187251995663413e-18,3.2187251995663413e-18,-0.012708761852833752,0.012615954610095848
2020-03-17,2020-03-18,2020-03-19,funded_assets,EUR,0.94999999999999996,IN_TCOP1250,EUR,0.00053943398907330001,0.0058440737239198459,0.0079116560371713628,-5.1007518551160098,0,0.0020675823132515168,65536,2019-12-31,5.3816238303801972e-18,5.3816238303801972e-18,-0.025834880095199936,0.021579690921750938
2020-03-17,2020-03-18,2020-03-19,funded_assets,EUR,0.98999999999999999,IN_TCOP1250,EUR,0.00053943398907330001,0.0092114926543671038,0.011193116310884547,-4.6694957994983035,0,0.0019816236565174429,65536,2019-12-31,5.3816238303801972e-18,5.3816238303801972e-18,-0.025834880095199936,0.021579690921750938
2020-03-17,2020-03-18,2020-03-19,funded_assets,USD,0.94999999999999996,IN_TCOP1250,EUR,0.00049604871153900005,0.0058882086469225769,0.0079957921969667708,-5.0924264348639108,0,0.0021075835500441939,65536,2019-12-31,5.3816238303801972e-18,5.3816238303801972e-18,-0.025351509532048046,0.021886991590652521
2020-03-17,2020-03-18,2020-03-19,funded_assets,USD,0.98999999999999999,IN_TCOP1250,EUR,0.00049604871153900005,0.0093235602167620248,0.01135311188219454,-4.6570295095639782,0,0.0020295516654325156,65536,2019-12-31,5.3816238303801972e-18,5.3816238303801972e-18,-0.025351509532048046,0.021886991590652521
2020-03-17,2020-03-18,2020-03-19,net_cashflows,EUR,0.94999999999999996,IN_TCOP1250,EUR,-0.0060400993204992003,0.0038491026178672063,0.0052103715558811901,-5.518365504248238,0,0.0013612689380139839,65536,2019-12-31,5.3816238303801972e-18,5.3816238303801972e-18,-0.015449584111383485,0.019050161482269699
2020-03-17,2020-03-18,2020-03-19,net_cashflows,EUR,0.98999999999999999,IN_TCOP1250,EUR,-0.0060400993204992003,0.0059862200248056111,0.0074061730330350732,-5.0971670382342111,0,0.0014199530082294621,65536,2019-12-31,5.3816238303801972e-18,5.3816238303801972e-18,-0.015449584111383485,0.019050161482269699
2020-03-17,2020-03-18,2020-03-19,net_cashflows,USD,0.94999999999999996,IN_TCOP1250,EUR,-0.0059320487001780003,0.0038669825542869745,0.0052452836794108964,-5.5131955587844486,0,0.0013783011251239218,65536,2019-12-31,5.3816238303801972e-18,5.3816238303801972e-18,-0.015201725618630941,0.019540280415692939
2020-03-17,2020-03-18,2020-03-19,net_cashflows,USD,0.98999999999999999,IN_TCOP1250,EUR,-0.0059320487001780003,0.0060311698422164705,0.0074704249810284293,-5.0894637996303018,0,0.0014392551388119589,65536,2019-12-31,5.3816238303801972e-18,5.3816238303801972e-18,-0.015201725618630941,0.019540280415692939
2020-03-17,2020-03-18,2020-03-19,funded_assets,EUR,0.94999999999999996,IN_FHS1250,USD,0.00053943398907330001,0.0056172067583950269,0.0077204024038664918,-5.1363092606762946,0,0.0021031956454714649,1249,2019-12-31,4.5400965972830498e-18,4.5400965972830498e-18,-0.016655498551270909,0.017660805172753202
2020-03-17,2020-03-18,2020-03-19,funded_assets,EUR,0.98999999999999999,IN_FHS1250,USD,0.00053943398907330001,0.0090200234171874671,0.010756454245293874,-4.693680836121529,0,0.001736430828106407,1249,2019-12-31,4.5400965972830498e-18,4.5400965972830498e-18,-0.016655498551270909,0.017660805172753202
2020-03-17,2020-03-18,2020-03-19,funded_assets,USD,0.94999999999999996,IN_FHS1250,USD,0.00049604871153900005,0.0056339468258057631,0.0077756765463597895,-5.1321944711968186,0,0.0021417297205540264,1249,2019-12-31,4.5400965972830498e-18,4.5400965972830498e-18,-0.016601072826241899,0.017785668299546042
2020-03-17,2020-03-18,2020-03-19,funded_assets,USD,0.98999999999999999,IN_FHS1250,USD,0.00049604871153900005,0.0091552842960976721,0.010863954155543702,-4.6795837452019633,0,0.0017086698594460294,1249,2019-12-31,4.5400965972830498e-18,4.5400965972830498e-18,-0.016601072826241899,0.017785668299546042
2020-03-17,2020-03-18,2020-03-19,net_cashflows,EUR,0.94999999999999996,IN_FHS1250,USD,-0.0060400993204992003,0.0048305576357030137,0.0068386765417347666,-5.2788025056161256,0,0.0020081189060317528,1249,2019-12-31,4.5400965972830498e-18,4.5400965972830498e-18,-0.011865952840089723,0.014154314792350809
2020-03-17,2020-03-18,2020-03-19,net_cashflows,EUR,0.98999999999999999,IN_FHS1250,USD,-0.0060400993204992003,0.0077327062709707239,0.010442482311858944,-4.821368347447418,0,0.0027097760408882204,1249,2019-12-31,4.5400965972830498e-18,4.5400965972830498e-18,-0.011865952840089723,0.014154314792350809
2020-03-17,2020-03-18,2020-03-19,net_cashflows,USD,0.94999999999999996,IN_FHS1250,USD,-0.0059320487001780003,0.004824467648731838,0.0069091814073064736,-5.2766350470632197,0,0.0020847137585746356,1249,2019-12-31,4.5400965972830498e-18,4.5400965972830498e-18,-0.011625764552497943,0.014160163320138121
2020-03-17,2020-03-18,2020-03-19,net_cashflows,USD,0.98999999999999999,IN_FHS1250,USD,-0.0059320487001780003,0.0076624074828974256,0.010608121845796376,-4.8238201753910808,0,0.0029457143628989499,1249,2019-12-31,4.5400965972830498e-18,4.5400965972830498e-18,-0.011625764552497943,0.014160163320138121
2020-03-17,2020-03-18,2020-03-19,funded_assets,EUR,0.94999999999999996,IN_TCOP1250,USD,0.00053943398907330001,0.0060870485916179329,0.0081630375936389415,-5.0624546719822643,0,0.0020759890020210087,65536,2019-12-31,5.5226548160980382e-18,5.5226548160980382e-18,-0.023475580987777078,0.022654473706961969
2020-03-17,2020-03-18,2020-03-19,funded_assets,EUR,0.98999999999999999,IN_TCOP1250,USD,0.00053943398907330001,0.0094947683867761812,0.011458877482090136,-4.6403955409420732,0,0.001964109095313955,65536,2019-12-31,5.5226548160980382e-18,5.5226548160980382e-18,-0.023475580987777078,0.022654473706961969
2020-03-17,2020-03-18,2020-03-19,funded_assets,USD,0.94999999999999996,IN_TCOP1250,USD,0.00049604871153900005,0.0061204776909689462,0.0082365776654424894,-5.0560853074948131,0,0.0021160999744735433,65536,2019-12-31,5.5226548160980382e-18,5.5226548160980382e-18,-0.022708520584283406,0.0230218931248263
2020-03-17,2020-03-18,2020-03-19,funded_assets,USD,0.98999999999999999,IN_TCOP1250,USD,0.00049604871153900005,0.0095891210817500537,0.011600412257673911,-4.6300956505184585,0,0.0020112911759238572,65536,2019-12-31,5.5226548160980382e-18,5.5226548160980382e-18,-0.022708520584283406,0.0230218931248263
2020-03-17,2020-03-18,2020-03-19,net_cashflows,EUR,0.94999999999999996,IN_TCOP1250,USD,-0.0060400993204992003,0.0048178846453827747,0.0067866505101233394,-5.2828916492809412,0,0.0019687658647405647,65536,2019-12-31,5.5226548160980382e-18,5.5226548160980382e-18,-0.020071731605306176,0.018099098076649001
2020-03-17,2020-03-18,2020-03-19,net_cashflows,EUR,0.98999999999999999,IN_TCOP1250,USD,-0.0060400993204992003,0.0077887163600327434,0.010205847440939688,-4.8216323057533552,0,0.0024171310809069447,65536,2019-12-31,5.5226548160980382e-18,5.5226548160980382e-18,-0.020071731605306176,0.018099098076649001
2020-03-17,2020-03-18,2020-03-19,net_cashflows,USD,0.94999999999999996,IN_TCOP1250,USD,-0.0059320487001780003,0.0048398827990379194,0.0068296393527692081,-5.2778247901645949,0,0.0019897565537312888,65536,2019-12-31,5.5226548160980382e-18,5.5226548160980382e-18,-0.01886643762177374,0.018260062160349481
2020-03-17,2020-03-18,2020-03-19,net_cashflows,USD,0.98999999999999999,IN_TCOP1250,USD,-0.0059320487001780003,0.0078407662497051809,0.010288671293413033,-4.8146342320619144,0,0.0024479050437078518,65536,2019-12-31,5.5226548160980382e-18,5.5226548160980382e-18,-0.01886643762177374,0.018260062160349481
2020-03-17,2020-03-18,2020-03-19,funded_assets,EUR,0.94999999999999996,IN_FHS1250,GBP,0.00053943398907330001,0.0059802568631495134,0.0084767689452715737,-5.064938147300138,0,0.0024965120821220602,1249,2019-12-31,4.1470733097570545e-18,4.1470733097570545e-18,-0.016342559108596333,0.018872225003103954
2020-03-17,2020-03-18,2020-03-19,funded_assets,EUR,0.98999999999999999,IN_FHS1250,GBP,0.00053943398907330001,0.0096274881327992612,0.012567042503714453,-4.6105873639803354,0,0.0029395543709151914,1249,2019-12-31,4.1470733097570545e-18,4.1470733097570545e-18,-0.016342559108596333,0.018872225003103954
2020-03-17,2020-03-18,2020-03-19,funded_assets,USD,0.94999999999999996,IN_FHS1250,GBP,0.00049604871153900005,0.006118329192425111,0.0085803110982807067,-5.0452189818668556,0,0.0024619819058555956,1249,2019-12-31,4.1470733097570545e-18,4.1470733097570545e-18,-0.016045639271693665,0.018992715151030425
2020-03-17,2020-03-18,2020-03-19,funded_assets,USD,0.98999999999999999,IN_FHS1250,GBP,0.00049604871153900005,0.0098249983772095636,0.01279526715468278,-4.5908180120904909,0,0.0029702687774732159,1249,2019-12-31,4.1470733097570545e-18,4.1470733097570545e-18,-0.016045639271693665,0.018992715151030425
2020-03-17,2020-03-18,2020-03-19,net_cashflows,EUR,0.94999999999999996,IN_FHS1250,GBP,-0.0060400993204992003,0.0056586568048525689,0.007820806216306285,-5.1274288253433831,0,0.0021621494114537161,1249,2019-12-31,4.1470733097570545e-18,4.1470733097570545e-18,-0.015922914619933372,0.016516010682921564
2020-03-17,2020-03-18,2020-03-19,net_cashflows,EUR,0.98999999999999999,IN_FHS1250,GBP,-0.0060400993204992003,0.0091281901708011662,0.011636949489355418,-4.6691555922900374,0,0.0025087593185542517,1249,2019-12-31,4.1470733097570545e-18,4.1470733097570545e-18,-0.015922914619933372,0.016516010682921564
2020-03-17,2020-03-18,2020-03-19,net_cashflows,USD,0.94999999999999996,IN_FHS1250,GBP,-0.0059320487001780003,0.0056871219705088719,0.0079025460962196554,-5.1209133624501799,0,0.0022154241257107835,1249,2019-12-31,4.1470733097570545e-18,4.1470733097570545e-18,-0.015506538649893199,0.017220781887595456
2020-03-17,2020-03-18,2020-03-19,net_cashflows,USD,0.98999999999999999,IN_FHS1250,GBP,-0.0059320487001780003,0.0093480730326856339,0.011888772689043746,-4.6458665938580008,0,0.0025406996563581124,1249,2019-12-31,4.1470733097570545e-18,4.1470733097570545e-18,-0.015506538649893199,0.017220781887595456
2020-03-17,2020-03-18,2020-03-19,funded_assets,EUR,0.94999999999999996,IN_TCOP1250,GBP,0.00053943398907330001,0.0065629252121656156,0.0093772053610748189,-4.9695927792112364,0,0.0028142801489092033,65536,2019-12-31,8.3483567281383841e-18,8.3483567281383841e-18,-0.032806769239631967,0.044340627701723589
2020-03-17,2020-03-18,2020-03-19,funded_assets,EUR,0.98999999999999999,IN_TCOP1250,GBP,0.00053943398907330001,0.010929388397664913,0.01420795789407155,-4.4847089130157602,0,0.0032785694964066366,65536,2019-12-31,8.3483567281383841e-18,8.3483567281383841e-18,-0.032806769239631967,0.044340627701723589
2020-03-17,2020-03-18,2020-03-19,funded_assets,USD,0.94999999999999996,IN_TCOP1250,GBP,0.00049604871153900005,0.0066019112926402682,0.0095048767256341246,-4.9613687978796381,0,0.0029029654329938565,65536,2019-12-31,8.3483567281383841e-18,8.3483567281383841e-18,-0.031651045299250898,0.046392011310231344
2020-03-17,2020-03-18,2020-03-19,funded_assets,USD,0.98999999999999999,IN_TCOP1250,GBP,0.00049604871153900005,0.011047692680431806,0.014495607898373983,-4.4717688838406922,0,0.0034479152179421775,65536,2019-12-31,8.3483567281383841e-18,8.3483567281383841e-18,-0.031651045299250898,0.046392011310231344
2020-03-17,2020-03-18,2020-03-19,net_cashflows,EUR,0.94999999999999996,IN_TCOP1250,GBP,-0.0060400993204992003,0.0054772223594460878,0.0075655884877786558,-5.1601799998585394,0,0.002088366128332568,65536,2019-12-31,8.3483567281383841e-18,8.3483567281383841e-18,-0.039072023349813648,0.030432584259714568
2020-03-17,2020-03-18,2020-03-19,net_cashflows,EUR,0.98999999999999999,IN_TCOP1250,GBP,-0.0060400993204992003,0.0088515915131254005,0.011018770094507755,-4.7048357124708531,0,0.0021671785813823542,65536,2019-12-31,8.3483567281383841e-18,8.3483567281383841e-18,-0.039072023349813648,0.030432584259714568
2020-03-17,2020-03-18,2020-03-19,net_cashflows,USD,0.94999999999999996,IN_TCOP1250,GBP,-0.0059320487001780003,0.0054963023038401716,0.0076229012135406431,-5.1555732507868344,0,0.0021265989097004716,65536,2019-12-31,8.3483567281383841e-18,8.3483567281383841e-18,-0.035274087838416526,0.030916310184949915
2020-03-17,2020-03-18,2020-03-19,net_cashflows,USD,0.98999999999999999,IN_TCOP1250,GBP,-0.0059320487001780003,0.0089392332678473255,0.011161633632752639,-4.6943836211324648,0,0.0022224003649053137,65536,2019-12-31,8.3483567281383841e-18,8.3483567281383841e-18,-0.035274087838416526,0.030916310184949915
2020-03-17,2020-03-18,2020-03-19,funded_assets,EUR,0.94999999999999996,IN_FHS1250,JPY,0.00053943398907330001,0.0058076769246346027,0.0084557435002778538,-5.0860771627118595,0,0.0026480665756432511,1249,2019-12-31,4.391018798566293e-18,4.391018798566293e-18,-0.017569070381778795,0.01713178495141407
2020-03-17,2020-03-18,2020-03-19,funded_assets,EUR,0.98999999999999999,IN_FHS1250,JPY,0.00053943398907330001,0.0099256769456524951,0.012706713541020724,-4.5844883625798145,0,0.0027810365953682293,1249,2019-12-31,4.391018798566293e-18,4.391018798566293e-18,-0.017569070381778795,0.01713178495141407
2020-03-17,2020-03-18,2020-03-19,funded_assets,USD,0.94999999999999996,IN_FHS1250,JPY,0.00049604871153900005,0.0058793271995591567,0.0085733529199417454,-5.0733288369101288,0,0.0026940257203825887,1249,2019-12-31,4.391018798566293e-18,4.391018798566293e-18,-0.016992345966194297,0.017689312621711837
2020-03-17,2020-03-18,2020-03-19,funded_assets,USD,0.98999999999999999,IN_FHS1250,JPY,0.00049604871153900005,0.010101200611813183,0.012984928236659561,-4.5660486376240588,0,0.0028837276248463786,1249,2019-12-31,4.391018798566293e-18,4.391018798566293e-18,-0.016992345966194297,0.017689312621711837
2020-03-17,2020-03-18,2020-03-19,net_cashflows,EUR,0.94999999999999996,IN_FHS1250,JPY,-0.0060400993204992003,0.0054160616721230168,0.0074889574590891912,-5.1711193211235482,0,0.0020728957869661745,1249,2019-12-31,4.391018798566293e-18,4.391018798566293e-18,-0.01240507165545115,0.014758865741233043
2020-03-17,2020-03-18,2020-03-19,net_cashflows,EUR,0.98999999999999999,IN_FHS1250,JPY,-0.0060400993204992003,0.0085678990923999335,0.011371628302145142,-4.7231885418900212,0,0.0028037292097452086,1249,2019-12-31,4.391018798566293e-18,4.391018798566293e-18,-0.01240507165545115,0.014758865741233043
2020-03-17,2020-03-18,2020-03-19,net_cashflows,USD,0.94999999999999996,IN_FHS1250,JPY,-0.0059320487001780003,0.0054392112828368366,0.0076009421862537219,-5.1638860862879845,0,0.0021617309034168853,1249,2019-12-31,4.391018798566293e-18,4.391018798566293e-18,-0.012191327164030919,0.015615956490965035
2020-03-17,2020-03-18,2020-03-19,net_cashflows,USD,0.98999999999999999,IN_FHS1250,JPY,-0.0059320487001780003,0.0086883224353599322,0.011651973349335093,-4.7066272805305003,0,0.0029636509139751611,1249,2019-12-31,4.391018798566293e-18,4.391018798566293e-18,-0.012191327164030919,0.015615956490965035
2020-03-17,2020-03-18,2020-03-19,funded_assets,EUR,0.94999999999999996,IN_TCOP1250,JPY,0.00053943398907330001,0.0063539648616476041,0.0085878769055494561,-5.0175276336003574,0,0.002233912043901852,65536,2019-12-31,7.94178091345632e-18,7.94178091345632e-18,-0.032588248805736297,0.024547997511509434
2020-03-17,2020-03-18,2020-03-19,funded_assets,EUR,0.98999999999999999,IN_TCOP1250,JPY,0.00053943398907330001,0.0099379642894116271,0.012168474367157123,-4.5922091006864658,0,0.0022305100777454956,65536,2019-12-31,7.94178091345632e-18,7.94178091345632e-18,-0.032588248805736297,0.024547997511509434
2020-03-17,2020-03-18,2020-03-19,funded_assets,USD,0.94999999999999996,IN_TCOP1250,JPY,0.00049604871153900005,0.0063961951678852816,0.0086954263228550127,-5.0093765521002274,0,0.0022992311549697312,65536,2019-12-31,7.94178091345632e-18,7.94178091345632e-18,-0.031321251631253474,0.025508792218594284
2020-03-17,2020-03-18,2020-03-19,funded_assets,USD,0.98999999999999999,IN_TCOP1250,JPY,0.00049604871153900005,0.010064052072915374,0.012390415251942181,-4.5785871304265644,0,0.002326363179026807,65536,2019-12-31,7.94178091345632e-18,7.94178091345632e-18,-0.031321251631253474,0.025508792218594284
2020-03-17,2020-03-18,2020-03-19,net_cashflows,EUR,0.94999999999999996,IN_TCOP1250,JPY,-0.0060400993204992003,0.0053689763217160021,0.0075164841571740268,-5.1763632100787049,0,0.0021475078354580247,65536,2019-12-31,7.94178091345632e-18,7.94178091345632e-18,-0.018774107539596963,0.018974886021538406
2020-03-17,2020-03-18,2020-03-19,net_cashflows,EUR,0.98999999999999999,IN_TCOP1250,JPY,-0.0060400993204992003,0.0085673903822099939,0.011253120097505467,-4.725775185109514,0,0.0026857297152954734,65536,2019-12-31,7.94178091345632e-18,7.94178091345632e-18,-0.018774107539596963,0.018974886021538406
2020-03-17,2020-03-18,2020-03-19,net_cashflows,USD,0.94999999999999996,IN_TCOP1250,JPY,-0.0059320487001780003,0.0054184863349075593,0.0076026483669374197,-5.1665482524880826,0,0.0021841620320298604,65536,2019-12-31,7.94178091345632e-18,7.94178091345632e-18,-0.018249086571505344,0.018851225994226787
2020-03-17,2020-03-18,2020-03-19,net_cashflows,USD,0.98999999999999999,IN_TCOP1250,JPY,-0.0059320487001780003,0.0086436747188542631,0.011447531334641763,-4.7149122913635653,0,0.0028038566157874995,65536,2019-12-31,7.94178091345632e-18,7.94178091345632e-18,-0.018249086571505344,0.018851225994226787
2020-03-17,2020-03-18,2020-03-19,funded_assets,EUR,0.94999999999999996,IN_FHS1250,CHF,0.00053943398907330001,0.0059930408344643082,0.0082874684011216022,-5.0698657969428949,0,0.0022944275666572939,1249,2019-12-31,4.6620693416876691e-18,4.6620693416876691e-18,-0.015177079954819067,0.016288949836307826
2020-03-17,2020-03-18,2020-03-19,funded_assets,EUR,0.98999999999999999,IN_FHS1250,CHF,0.00053943398907330001,0.0096415634309105769,0.012161593516203925,-4.6166845272429926,0,0.0025200300852933483,1249,2019-12-31,4.6620693416876691e-18,4.6620693416876691e-18,-0.015177079954819067,0.016288949836307826
2020-03-17,2020-03-18,2020-03-19,funded_assets,USD,0.94999999999999996,IN_FHS1250,CHF,0.00049604871153900005,0.0060834275564678542,0.0083845806375513008,-5.0558114857689498,0,0.0023011530810834466,1249,2019-12-31,4.6620693416876691e-18,4.6620693416876691e-18,-0.014749071969797101,0.016909593981993657
2020-03-17,2020-03-18,2020-03-19,funded_assets,USD,0.98999999999999999,IN_FHS1250,CHF,0.00049604871153900005,0.0097188493934706396,0.012344637446386007,-4.60724030275966,0,0.002625788052915367,1249,2019-12-31,4.6620693416876691e-18,4.6620693416876691e-18,-0.014749071969797101,0.016909593981993657
2020-03-17,2020-03-18,2020-03-19,net_cashflows,EUR,0.94999999999999996,IN_FHS1250,CHF,-0.0060400993204992003,0.0044554694808846438,0.0063401777288838914,-5.3581127391073071,0,0.0018847082479992476,1249,2019-12-31,4.6620693416876691e-18,4.6620693416876691e-18,-0.012968537187403206,0.012845919818846575
2020-03-17,2020-03-18,2020-03-19,net_cashflows,EUR,0.98999999999999999,IN_FHS1250,CHF,-0.0060400993204992003,0.0074559990471443904,0.0097322588010269884,-4.8661973856895049,0,0.0022762597538825979,1249,2019-12-31,4.6620693416876691e-18,4.6620693416876691e-18,-0.012968537187403206,0.012845919818846575
2020-03-17,2020-03-18,2020-03-19,net_cashflows,USD,0.94999999999999996,IN_FHS1250,CHF,-0.0059320487001780003,0.0044255423476394287,0.0064190023020628253,-5.3590486209399959,0,0.0019934599544233966,1249,2019-12-31,4.6620693416876691e-18,4.6620693416876691e-18,-0.012683819319090423,0.013263420434001182
2020-03-17,2020-03-18,2020-03-19,net_cashflows,USD,0.98999999999999999,IN_FHS1250,CHF,-0.0059320487001780003,0.0075083170437751636,0.0099129062533277103,-4.8564892765400085,0,0.0024045892095525467,1249,2019-12-31,4.6620693416876691e-18,4.6620693416876691e-18,-0.012683819319090423,0.013263420434001182
2020-03-17,2020-03-18,2020-03-19,funded_assets,EUR,0.94999999999999996,IN_TCOP1250,CHF,0.00053943398907330001,0.0061907350235151648,0.0082450684606047119,-5.0472990712046224,0,0.002054333437089547,65536,2019-12-31,6.0512033751847216e-18,6.0512033751847216e-18,-0.019897205029281578,0.021703148712997083
2020-03-17,2020-03-18,2020-03-19,funded_assets,EUR,0.98999999999999999,IN_TCOP1250,CHF,0.00053943398907330001,0.0094670541481896575,0.011426431171663476,-4.6433036859704604,0,0.0019593770234738184,65536,2019-12-31,6.0512033751847216e-18,6.0512033751847216e-18,-0.019897205029281578,0.021703148712997083
2020-03-17,2020-03-18,2020-03-19,funded_assets,USD,0.94999999999999996,IN_TCOP1250,CHF,0.00049604871153900005,0.0062319712859652682,0.0083391761138464447,-5.0394782664953937,0,0.0021072048278811765,65536,2019-12-31,6.0512033751847216e-18,6.0512033751847216e-18,-0.019437651972481776,0.022273910978305111
2020-03-17,2020-03-18,2020-03-19,funded_assets,USD,0.98999999999999999,IN_TCOP1250,CHF,0.00049604871153900005,0.0095847673190897261,0.011610813048072825,-4.6303149118141533,0,0.0020260457289830985,65536,2019-12-31,6.0512033751847216e-18,6.0512033751847216e-18,-0.019437651972481776,0.022273910978305111
2020-03-17,2020-03-18,2020-03-19,net_cashflows,EUR,0.94999999999999996,IN_TCOP1250,CHF,-0.0060400993204992003,0.0044954383884684207,0.0060639775594335853,-5.3640543997983583,0,0.0015685391709651646,65536,2019-12-31,6.0512033751847216e-18,6.0512033751847216e-18,-0.016161399605939052,0.020569316879829259
2020-03-17,2020-03-18,2020-03-19,net_cashflows,EUR,0.98999999999999999,IN_TCOP1250,CHF,-0.0060400993204992003,0.0069870892764362438,0.0085981033867544281,-4.9435821801869171,0,0.0016110141103181843,65536,2019-12-31,6.0512033751847216e-18,6.0512033751847216e-18,-0.016161399605939052,0.020569316879829259
2020-03-17,2020-03-18,2020-03-19,net_cashflows,USD,0.94999999999999996,IN_TCOP1250,CHF,-0.0059320487001780003,0.0045292018997102144,0.0061190708769123517,-5.3561669696156606,0,0.0015898689772021373,65536,2019-12-31,6.0512033751847216e-18,6.0512033751847216e-18,-0.015836815719493746,0.020633826410736952
2020-03-17,2020-03-18,2020-03-19,net_cashflows,USD,0.98999999999999999,IN_TCOP1250,CHF,-0.0059320487001780003,0.0070939419943620834,0.0087046348832771885,-4.9289381852517993,0,0.0016106928889151051,65536,2019-12-31,6.0512033751847216e-18,6.0512033751847216e-18,-0.015836815719493746,0.020633826410736952
2020-03-17,2020-03-18,2020-03-19,funded_assets,EUR,0.94999999999999996,IN_FHS_REF_POOL,ALL_FIVE,0.00053943398907330001,0.0058482865498317715,0.0081387858063322743,-5.0925443681780651,0,0.0022904992565005028,6245,2019-12-31,0,0,-0.017569070381778795,0.018872225003103954
2020-03-17,2020-03-18,2020-03-19,funded_assets,EUR,0.98999999999999999,IN_FHS_REF_POOL,ALL_FIVE,0.00053943398907330001,0.0092320771597269591,0.011939230035971901,-4.6546700026833552,0,0.0027071528762449421,6245,2019-12-31,0,0,-0.017569070381778795,0.018872225003103954
2020-03-17,2020-03-18,2020-03-19,funded_assets,USD,0.94999999999999996,IN_FHS_REF_POOL,ALL_FIVE,0.00049604871153900005,0.0058806615644994651,0.0082301239076222176,-5.0854252866978733,0,0.0023494623431227525,6245,2019-12-31,0,0,-0.016992345966194297,0.018992715151030425
2020-03-17,2020-03-18,2020-03-19,funded_assets,USD,0.98999999999999999,IN_FHS_REF_POOL,ALL_FIVE,0.00049604871153900005,0.0093815469797153134,0.012134620429017674,-4.6385703102091069,0,0.0027530734493023609,6245,2019-12-31,0,0,-0.016992345966194297,0.018992715151030425
2020-03-17,2020-03-18,2020-03-19,net_cashflows,EUR,0.94999999999999996,IN_FHS_REF_POOL,ALL_FIVE,-0.0060400993204992003,0.0049186066621073714,0.0069524867520127185,-5.2611958220497126,0,0.0020338800899053471,6245,2019-12-31,0,0,-0.015922914619933372,0.016516010682921564
2020-03-17,2020-03-18,2020-03-19,net_cashflows,EUR,0.98999999999999999,IN_FHS_REF_POOL,ALL_FIVE,-0.0060400993204992003,0.0082974945060733003,0.010567872650030341,-4.7647745276475133,0,0.0022703781439570407,6245,2019-12-31,0,0,-0.015922914619933372,0.016516010682921564
2020-03-17,2020-03-18,2020-03-19,net_cashflows,USD,0.94999999999999996,IN_FHS_REF_POOL,ALL_FIVE,-0.0059320487001780003,0.0049338842035183059,0.0070349461483768805,-5.2555259437891024,0,0.0021010619448585746,6245,2019-12-31,0,0,-0.015506538649893199,0.017220781887595456
2020-03-17,2020-03-18,2020-03-19,net_cashflows,USD,0.98999999999999999,IN_FHS_REF_POOL,ALL_FIVE,-0.0059320487001780003,0.0083988492626703871,0.010777484598044606,-4.7510002079763174,0,0.0023786353353742185,6245,2019-12-31,0,0,-0.015506538649893199,0.017220781887595456
2020-03-17,2020-03-18,2020-03-19,funded_assets,EUR,0.94999999999999996,IN_TCOP_REF_POOL,ALL_FIVE,0.00053943398907330001,0.0062049987455901068,0.0084697658969812954,-5.0386467131114143,0,0.0022647671513911886,327680,2019-12-31,0,0,-0.032806769239631967,0.044340627701723589
2020-03-17,2020-03-18,2020-03-19,funded_assets,EUR,0.98999999999999999,IN_TCOP_REF_POOL,ALL_FIVE,0.00053943398907330001,0.0098194024403201186,0.012167304660571407,-4.601971016423934,0,0.0023479022202512884,327680,2019-12-31,0,0,-0.032806769239631967,0.044340627701723589
2020-03-17,2020-03-18,2020-03-19,funded_assets,USD,0.94999999999999996,IN_TCOP_REF_POOL,ALL_FIVE,0.00049604871153900005,0.0062511929319362088,0.0085674332265420119,-5.0301411508217528,0,0.0023162402946058031,327680,2019-12-31,0,0,-0.031651045299250898,0.046392011310231344
2020-03-17,2020-03-18,2020-03-19,funded_assets,USD,0.98999999999999999,IN_TCOP_REF_POOL,ALL_FIVE,0.00049604871153900005,0.0099333550376977976,0.01236915854481228,-4.5894746814992748,0,0.0024358035071144826,327680,2019-12-31,0,0,-0.031651045299250898,0.046392011310231344
2020-03-17,2020-03-18,2020-03-19,net_cashflows,EUR,0.94999999999999996,IN_TCOP_REF_POOL,ALL_FIVE,-0.0060400993204992003,0.0048074278064829667,0.0067290820175480159,-5.2868910429787892,0,0.0019216542110650492,327680,2019-12-31,0,0,-0.039072023349813648,0.030432584259714568
2020-03-17,2020-03-18,2020-03-19,net_cashflows,EUR,0.98999999999999999,IN_TCOP_REF_POOL,ALL_FIVE,-0.0060400993204992003,0.0077684915291035272,0.0099723433264581312,-4.8289360670814929,0,0.0022038517973546039,327680,2019-12-31,0,0,-0.039072023349813648,0.030432584259714568
2020-03-17,2020-03-18,2020-03-19,net_cashflows,USD,0.94999999999999996,IN_TCOP_REF_POOL,ALL_FIVE,-0.0059320487001780003,0.0048338033543260037,0.0067842945239345309,-5.280645924147314,0,0.0019504911696085273,327680,2019-12-31,0,0,-0.035274087838416526,0.030916310184949915
2020-03-17,2020-03-18,2020-03-19,net_cashflows,USD,0.98999999999999999,IN_TCOP_REF_POOL,ALL_FIVE,-0.0059320487001780003,0.0078399005856959296,0.010092778406690664,-4.8191519321968057,0,0.0022528778209947344,327680,2019-12-31,0,0,-0.035274087838416526,0.030916310184949915
2021-06-01,2021-06-02,2021-06-03,funded_assets,EUR,0.94999999999999996,HS1250,ALL_EQUIVARIANT,-0.0007853655365149,0.0046576542773741347,0.0063175850392000171,-5.3271659299162311,0,0.0016599307618258823,1249,2020-12-31,2.2963063200064082e-18,2.2963063200064082e-18,-0.012525445318327805,0.015857900571365713
2021-06-01,2021-06-02,2021-06-03,funded_assets,EUR,0.98999999999999999,HS1250,ALL_EQUIVARIANT,-0.0007853655365149,0.007409979525656446,0.0090737344446476728,-4.8857308094784813,0,0.0016637549189912268,1249,2020-12-31,2.2963063200064082e-18,2.2963063200064082e-18,-0.012525445318327805,0.015857900571365713
2021-06-01,2021-06-02,2021-06-03,funded_assets,USD,0.94999999999999996,HS1250,ALL_EQUIVARIANT,-0.00078308567297410005,0.004652580013475233,0.0063617035530162437,-5.3261172383008004,0,0.0017091235395410107,1249,2020-12-31,2.2963063200064082e-18,2.2963063200064082e-18,-0.012349940271187177,0.0159662234291164
2021-06-01,2021-06-02,2021-06-03,funded_assets,USD,0.98999999999999999,HS1250,ALL_EQUIVARIANT,-0.00078308567297410005,0.0075053087190712865,0.0091439115177081778,-4.8738685442566414,0,0.0016386027986368913,1249,2020-12-31,2.2963063200064082e-18,2.2963063200064082e-18,-0.012349940271187177,0.0159662234291164
2021-06-01,2021-06-02,2021-06-03,net_cashflows,EUR,0.94999999999999996,HS1250,ALL_EQUIVARIANT,1.5821253747648954e-05,0.0030722061229996106,0.0044772418645115334,-5.7225653300732846,0,0.0014050357415119228,1249,2020-12-31,2.2963063200064082e-18,2.2963063200064082e-18,-0.011362286891522877,0.009331558805688242
2021-06-01,2021-06-02,2021-06-03,net_cashflows,EUR,0.98999999999999999,HS1250,ALL_EQUIVARIANT,1.5821253747648954e-05,0.0053320816532665856,0.0069205913636608551,-5.2027878668735585,0,0.0015885097103942696,1249,2020-12-31,2.2963063200064082e-18,2.2963063200064082e-18,-0.011362286891522877,0.009331558805688242
2021-06-01,2021-06-02,2021-06-03,net_cashflows,USD,0.94999999999999996,HS1250,ALL_EQUIVARIANT,1.5718681785644289e-05,0.0030871055867929421,0.0045085413432057238,-5.7170577992825047,0,0.0014214357564127818,1249,2020-12-31,2.2963063200064082e-18,2.2963063200064082e-18,-0.011163620632108224,0.0096482873570995359
2021-06-01,2021-06-02,2021-06-03,net_cashflows,USD,0.98999999999999999,HS1250,ALL_EQUIVARIANT,1.5718681785644289e-05,0.0054599503014246178,0.0069945565732800787,-5.1820231448444858,0,0.0015346062718554609,1249,2020-12-31,2.2963063200064082e-18,2.2963063200064082e-18,-0.011163620632108224,0.0096482873570995359
2021-06-01,2021-06-02,2021-06-03,funded_assets,EUR,0.94999999999999996,EWMA_GAUSS,ALL_EQUIVARIANT,-0.0007853655365149,0.0033509905842230292,0.004207198155354642,-5.6744685344677688,0,0.00085620757113161281,65536,2020-12-31,2.2836008257975937e-18,2.2836008257975937e-18,-0.0096143799327491064,0.0081733468944190923
2021-06-01,2021-06-02,2021-06-03,funded_assets,EUR,0.98999999999999999,EWMA_GAUSS,ALL_EQUIVARIANT,-0.0007853655365149,0.0047453034372617886,0.0054475121627441305,-5.3415007389508364,0,0.00070220872548234191,65536,2020-12-31,2.2836008257975937e-18,2.2836008257975937e-18,-0.0096143799327491064,0.0081733468944190923
2021-06-01,2021-06-02,2021-06-03,funded_assets,USD,0.94999999999999996,EWMA_GAUSS,ALL_EQUIVARIANT,-0.00078308567297410005,0.0033615324335315314,0.0042306539711241507,-5.6708330185245641,0,0.00086912153759261934,65536,2020-12-31,2.2836008257975937e-18,2.2836008257975937e-18,-0.0095009914728399324,0.0082216054471906733
2021-06-01,2021-06-02,2021-06-03,funded_assets,USD,0.98999999999999999,EWMA_GAUSS,ALL_EQUIVARIANT,-0.00078308567297410005,0.0047656605840239296,0.0054862739967153533,-5.3368543614545061,0,0.00072061341269142373,65536,2020-12-31,2.2836008257975937e-18,2.2836008257975937e-18,-0.0095009914728399324,0.0082216054471906733
2021-06-01,2021-06-02,2021-06-03,net_cashflows,EUR,0.94999999999999996,EWMA_GAUSS,ALL_EQUIVARIANT,1.5821253747648954e-05,0.002226168001366336,0.0027893832812959426,-6.0838486619621888,0,0.00056321527992960656,65536,2020-12-31,2.2836008257975937e-18,2.2836008257975937e-18,-0.0063267008459859447,0.0061375159044968824
2021-06-01,2021-06-02,2021-06-03,net_cashflows,EUR,0.98999999999999999,EWMA_GAUSS,ALL_EQUIVARIANT,1.5821253747648954e-05,0.0031439068950111062,0.0036048930812581509,-5.7533410752686622,0,0.00046098618624704473,65536,2020-12-31,2.2836008257975937e-18,2.2836008257975937e-18,-0.0063267008459859447,0.0061375159044968824
2021-06-01,2021-06-02,2021-06-03,net_cashflows,USD,0.94999999999999996,EWMA_GAUSS,ALL_EQUIVARIANT,1.5718681785644289e-05,0.0022358024925885006,0.002804456604429881,-6.0793135023234441,0,0.00056865411184138038,65536,2020-12-31,2.2836008257975937e-18,2.2836008257975937e-18,-0.006211341258150857,0.0061729159828236109
2021-06-01,2021-06-02,2021-06-03,net_cashflows,USD,0.98999999999999999,EWMA_GAUSS,ALL_EQUIVARIANT,1.5718681785644289e-05,0.0031585898250889675,0.0036288376853523428,-5.7484292370849452,0,0.00047024786026337532,65536,2020-12-31,2.2836008257975937e-18,2.2836008257975937e-18,-0.006211341258150857,0.0061729159828236109
2021-06-01,2021-06-02,2021-06-03,funded_assets,EUR,0.94999999999999996,EWMA_SELFNORMALIZED,ALL_EQUIVARIANT,-0.0007853655365149,0.0033643861430840971,0.0041932674693568863,-5.6719445811004316,0,0.00082888132627278923,65536,2020-12-31,2.7443867491039331e-18,2.7443867491039331e-18,-0.007733996182136299,0.0079745519351197558
2021-06-01,2021-06-02,2021-06-03,funded_assets,EUR,0.98999999999999999,EWMA_SELFNORMALIZED,ALL_EQUIVARIANT,-0.0007853655365149,0.0047134795323898193,0.005371398969859934,-5.349152565253819,0,0.00065791943747011469,65536,2020-12-31,2.7443867491039331e-18,2.7443867491039331e-18,-0.007733996182136299,0.0079745519351197558
2021-06-01,2021-06-02,2021-06-03,funded_assets,USD,0.94999999999999996,EWMA_SELFNORMALIZED,ALL_EQUIVARIANT,-0.00078308567297410005,0.0033803782102091728,0.0042168138538423907,-5.6670327074288167,0,0.00083643564363321786,65536,2020-12-31,2.7443867491039331e-18,2.7443867491039331e-18,-0.0076551774225899543,0.0080279916333304731
2021-06-01,2021-06-02,2021-06-03,funded_assets,USD,0.98999999999999999,EWMA_SELFNORMALIZED,ALL_EQUIVARIANT,-0.00078308567297410005,0.00473777532746347,0.0054086908720817227,-5.3437921788027269,0,0.00067091554461825263,65536,2020-12-31,2.7443867491039331e-18,2.7443867491039331e-18,-0.0076551774225899543,0.0080279916333304731
2021-06-01,2021-06-02,2021-06-03,net_cashflows,EUR,0.94999999999999996,EWMA_SELFNORMALIZED,ALL_EQUIVARIANT,1.5821253747648954e-05,0.0022368962149484583,0.002782820381476384,-6.0804669131450542,0,0.00054592416652792571,65536,2020-12-31,2.7443867491039331e-18,2.7443867491039331e-18,-0.0052880736772100484,0.005301446946434629
2021-06-01,2021-06-02,2021-06-03,net_cashflows,EUR,0.98999999999999999,EWMA_SELFNORMALIZED,ALL_EQUIVARIANT,1.5821253747648954e-05,0.0031258541484219921,0.0035627656869227941,-5.759850846954496,0,0.00043691153850080201,65536,2020-12-31,2.7443867491039331e-18,2.7443867491039331e-18,-0.0052880736772100484,0.005301446946434629
2021-06-01,2021-06-02,2021-06-03,net_cashflows,USD,0.94999999999999996,EWMA_SELFNORMALIZED,ALL_EQUIVARIANT,1.5718681785644289e-05,0.0022459078570204369,0.0027978438620750727,-6.0761781185941199,0,0.0005519360050546358,65536,2020-12-31,2.7443867491039331e-18,2.7443867491039331e-18,-0.0052291717616901601,0.0053087388720461544
2021-06-01,2021-06-02,2021-06-03,net_cashflows,USD,0.98999999999999999,EWMA_SELFNORMALIZED,ALL_EQUIVARIANT,1.5718681785644289e-05,0.0031474569207226451,0.003587262710352633,-5.7529679011923713,0,0.00043980578962998784,65536,2020-12-31,2.7443867491039331e-18,2.7443867491039331e-18,-0.0052291717616901601,0.0053087388720461544
2021-06-01,2021-06-02,2021-06-03,funded_assets,EUR,0.94999999999999996,IN_FHS1250,EUR,-0.0007853655365149,0.0040085606147688413,0.0053634415704146184,-5.480763524130845,0,0.0013548809556457771,1249,2020-12-31,3.7133924407628527e-18,3.7133924407628527e-18,-0.0092816831536040589,0.01153376246111687
2021-06-01,2021-06-02,2021-06-03,funded_assets,EUR,0.98999999999999999,IN_FHS1250,EUR,-0.0007853655365149,0.0062334777542009945,0.0072541039951214718,-5.0668842914446044,0,0.0010206262409204773,1249,2020-12-31,3.7133924407628527e-18,3.7133924407628527e-18,-0.0092816831536040589,0.01153376246111687
2021-06-01,2021-06-02,2021-06-03,funded_assets,USD,0.94999999999999996,IN_FHS1250,EUR,-0.00078308567297410005,0.0040765845778044495,0.0053947988478551734,-5.4666690708729977,0,0.0013182142700507238,1249,2020-12-31,3.7133924407628527e-18,3.7133924407628527e-18,-0.0091936560107518106,0.011582096965553828
2021-06-01,2021-06-02,2021-06-03,funded_assets,USD,0.98999999999999999,IN_FHS1250,EUR,-0.00078308567297410005,0.0062940568661816673,0.0073023446132590864,-5.0576370640443464,0,0.0010082877470774191,1249,2020-12-31,3.7133924407628527e-18,3.7133924407628527e-18,-0.0091936560107518106,0.011582096965553828
2021-06-01,2021-06-02,2021-06-03,net_cashflows,EUR,0.94999999999999996,IN_FHS1250,EUR,1.5821253747648954e-05,0.0026800299852579815,0.0037373971598513769,-5.8722812462767431,0,0.0010573671745933953,1249,2020-12-31,3.7133924407628527e-18,3.7133924407628527e-18,-0.0083633632948853613,0.0081364775212692027
2021-06-01,2021-06-02,2021-06-03,net_cashflows,EUR,0.98999999999999999,IN_FHS1250,EUR,1.5821253747648954e-05,0.0041023825502509376,0.0055480316647158441,-5.4548817994158094,0,0.0014456491144649065,1249,2020-12-31,3.7133924407628527e-18,3.7133924407628527e-18,-0.0083633632948853613,0.0081364775212692027
2021-06-01,2021-06-02,2021-06-03,net_cashflows,USD,0.94999999999999996,IN_FHS1250,EUR,1.5718681785644289e-05,0.0026914475840831569,0.0037628835261911053,-5.8673077235864195,0,0.0010714359421079484,1249,2020-12-31,3.7133924407628527e-18,3.7133924407628527e-18,-0.0082514757157408827,0.008216418780809441
2021-06-01,2021-06-02,2021-06-03,net_cashflows,USD,0.98999999999999999,IN_FHS1250,EUR,1.5718681785644289e-05,0.0041387801918988934,0.0056006894950403324,-5.4458886591723381,0,0.001461909303141439,1249,2020-12-31,3.7133924407628527e-18,3.7133924407628527e-18,-0.0082514757157408827,0.008216418780809441
2021-06-01,2021-06-02,2021-06-03,funded_assets,EUR,0.94999999999999996,IN_TCOP1250,EUR,-0.0007853655365149,0.0040597598981901017,0.0052682372530773111,-5.4754487782883619,0,0.0012084773548872094,65536,2020-12-31,2.7308342219478643e-18,2.7308342219478643e-18,-0.012414753783012933,0.012722632831034919
2021-06-01,2021-06-02,2021-06-03,funded_assets,EUR,0.98999999999999999,IN_TCOP1250,EUR,-0.0007853655365149,0.0060292130487692996,0.0071176852675167764,-5.0980977372808862,0,0.0010884722187474768,65536,2020-12-31,2.7308342219478643e-18,2.7308342219478643e-18,-0.012414753783012933,0.012722632831034919
2021-06-01,2021-06-02,2021-06-03,funded_assets,USD,0.94999999999999996,IN_TCOP1250,EUR,-0.00078308567297410005,0.0040801533406114223,0.00530235330557565,-5.4701059568042405,0,0.0012221999649642276,65536,2020-12-31,2.7308342219478643e-18,2.7308342219478643e-18,-0.012000889229344468,0.012922353451470863
2021-06-01,2021-06-02,2021-06-03,funded_assets,USD,0.98999999999999999,IN_TCOP1250,EUR,-0.00078308567297410005,0.0060655555507159896,0.0071749214693330038,-5.0917806137687585,0,0.0011093659186170142,65536,2020-12-31,2.7308342219478643e-18,2.7308342219478643e-18,-0.012000889229344468,0.012922353451470863
2021-06-01,2021-06-02,2021-06-03,net_cashflows,EUR,0.94999999999999996,IN_TCOP1250,EUR,1.5821253747648954e-05,0.0027246370429967141,0.0035949175809888451,-5.8703205814021944,0,0.00087028053799213106,65536,2020-12-31,2.7308342219478643e-18,2.7308342219478643e-18,-0.0090524458607588506,0.009937428440132812
2021-06-01,2021-06-02,2021-06-03,net_cashflows,EUR,0.98999999999999999,IN_TCOP1250,EUR,1.5821253747648954e-05,0.0041159971894297763,0.0050596731191656572,-5.4729626667171933,0,0.00094367592973588089,65536,2020-12-31,2.7308342219478643e-18,2.7308342219478643e-18,-0.0090524458607588506,0.009937428440132812
2021-06-01,2021-06-02,2021-06-03,net_cashflows,USD,0.94999999999999996,IN_TCOP1250,EUR,1.5718681785644289e-05,0.0027347082460461624,0.0036120976529603801,-5.8663696221304615,0,0.00087738940691421772,65536,2020-12-31,2.7308342219478643e-18,2.7308342219478643e-18,-0.0089414447758628963,0.01007861280500485
2021-06-01,2021-06-02,2021-06-03,net_cashflows,USD,0.98999999999999999,IN_TCOP1250,EUR,1.5718681785644289e-05,0.0041382682237573075,0.00509300073382678,-5.4673478106358804,0,0.00095473251006947257,65536,2020-12-31,2.7308342219478643e-18,2.7308342219478643e-18,-0.0089414447758628963,0.01007861280500485
2021-06-01,2021-06-02,2021-06-03,funded_assets,EUR,0.94999999999999996,IN_FHS1250,USD,-0.0007853655365149,0.0039438526587017297,0.0053460709958840971,-5.4936828902766512,0,0.0014022183371823673,1249,2020-12-31,2.3445871979999033e-18,2.3445871979999033e-18,-0.0091397589366994103,0.012505690441213441
2021-06-01,2021-06-02,2021-06-03,funded_assets,EUR,0.98999999999999999,IN_FHS1250,USD,-0.0007853655365149,0.0060440714495571535,0.0074512704403298137,-5.0882242978078214,0,0.0014071989907726602,1249,2020-12-31,2.3445871979999033e-18,2.3445871979999033e-18,-0.0091397589366994103,0.012505690441213441
2021-06-01,2021-06-02,2021-06-03,funded_assets,USD,0.94999999999999996,IN_FHS1250,USD,-0.00078308567297410005,0.0039375251476740812,0.005374247261465917,-5.4934713353081692,0,0.0014367221137918358,1249,2020-12-31,2.3445871979999033e-18,2.3445871979999033e-18,-0.0090930859875263687,0.012562193849729989
2021-06-01,2021-06-02,2021-06-03,funded_assets,USD,0.98999999999999999,IN_FHS1250,USD,-0.00078308567297410005,0.0060813291800805025,0.007507973352983084,-5.0818069225592435,0,0.0014266441729025815,1249,2020-12-31,2.3445871979999033e-18,2.3445871979999033e-18,-0.0090930859875263687,0.012562193849729989
2021-06-01,2021-06-02,2021-06-03,net_cashflows,EUR,0.94999999999999996,IN_FHS1250,USD,1.5821253747648954e-05,0.0026678296553711346,0.0035206880208946559,-5.8913408076479117,0,0.00085285836552352135,1249,2020-12-31,2.3445871979999033e-18,2.3445871979999033e-18,-0.0060476410913419933,0.0064080838514730893
2021-06-01,2021-06-02,2021-06-03,net_cashflows,EUR,0.98999999999999999,IN_FHS1250,USD,1.5821253747648954e-05,0.0040630349261925889,0.0048087409809344853,-5.4923930136829986,0,0.00074570605474189641,1249,2020-12-31,2.3445871979999033e-18,2.3445871979999033e-18,-0.0060476410913419933,0.0064080838514730893
2021-06-01,2021-06-02,2021-06-03,net_cashflows,USD,0.94999999999999996,IN_FHS1250,USD,1.5718681785644289e-05,0.0026731541458076052,0.0035444696142178074,-5.88819068046302,0,0.00087131546841020223,1249,2020-12-31,2.3445871979999033e-18,2.3445871979999033e-18,-0.0059900403171189911,0.0063704666286955747
2021-06-01,2021-06-02,2021-06-03,net_cashflows,USD,0.98999999999999999,IN_FHS1250,USD,1.5718681785644289e-05,0.0040850269316135557,0.0048427819348239205,-5.4867369581328713,0,0.00075775500321036485,1249,2020-12-31,2.3445871979999033e-18,2.3445871979999033e-18,-0.0059900403171189911,0.0063704666286955747
2021-06-01,2021-06-02,2021-06-03,funded_assets,EUR,0.94999999999999996,IN_TCOP1250,USD,-0.0007853655365149,0.0042261401659147158,0.0054848765616397985,-5.4352528914746845,0,0.0012587363957250828,65536,2020-12-31,4.9195673576529764e-18,4.9195673576529764e-18,-0.014849098378308778,0.015984464515015312
2021-06-01,2021-06-02,2021-06-03,funded_assets,EUR,0.98999999999999999,IN_TCOP1250,USD,-0.0007853655365149,0.0062517422394446076,0.007340393746217852,-5.0626724819602513,0,0.0010886515067732444,65536,2020-12-31,4.9195673576529764e-18,4.9195673576529764e-18,-0.014849098378308778,0.015984464515015312
2021-06-01,2021-06-02,2021-06-03,funded_assets,USD,0.94999999999999996,IN_TCOP1250,USD,-0.00078308567297410005,0.0042493155456481925,0.0055199347592113507,-5.4295765984652888,0,0.0012706192135631582,65536,2020-12-31,4.9195673576529764e-18,4.9195673576529764e-18,-0.014695960739622945,0.016290048682357755
2021-06-01,2021-06-02,2021-06-03,funded_assets,USD,0.98999999999999999,IN_TCOP1250,USD,-0.00078308567297410005,0.0062940598820800933,0.0073951354824809299,-5.0558247388599584,0,0.0011010756004008367,65536,2020-12-31,4.9195673576529764e-18,4.9195673576529764e-18,-0.014695960739622945,0.016290048682357755
2021-06-01,2021-06-02,2021-06-03,net_cashflows,EUR,0.94999999999999996,IN_TCOP1250,USD,1.5821253747648954e-05,0.0026732758658129518,0.0034668680787382699,-5.8934111947618826,0,0.00079359221292531808,65536,2020-12-31,4.9195673576529764e-18,4.9195673576529764e-18,-0.0088361631006090187,0.0082365140279669451
2021-06-01,2021-06-02,2021-06-03,net_cashflows,EUR,0.98999999999999999,IN_TCOP1250,USD,1.5821253747648954e-05,0.0039666135298288109,0.0046926149164558421,-5.5164767778219099,0,0.00072600138662703116,65536,2020-12-31,4.9195673576529764e-18,4.9195673576529764e-18,-0.0088361631006090187,0.0082365140279669451
2021-06-01,2021-06-02,2021-06-03,net_cashflows,USD,0.94999999999999996,IN_TCOP1250,USD,1.5718681785644289e-05,0.0026803242777004629,0.0034812662195386397,-5.8904312124719027,0,0.00080094194183817679,65536,2020-12-31,4.9195673576529764e-18,4.9195673576529764e-18,-0.0087289242031171523,0.008265521749668759
2021-06-01,2021-06-02,2021-06-03,net_cashflows,USD,0.98999999999999999,IN_TCOP1250,USD,1.5718681785644289e-05,0.0039802855960121191,0.0047200673372440622,-5.5126633968893826,0,0.00073978174123194313,65536,2020-12-31,4.9195673576529764e-18,4.9195673576529764e-18,-0.0087289242031171523,0.008265521749668759
2021-06-01,2021-06-02,2021-06-03,funded_assets,EUR,0.94999999999999996,IN_FHS1250,GBP,-0.0007853655365149,0.0045497729851403934,0.005939471656213953,-5.3601119130411563,0,0.0013896986710735595,1249,2020-12-31,2.4326786245143506e-18,2.4326786245143506e-18,-0.010099850243614483,0.013145917146293762
2021-06-01,2021-06-02,2021-06-03,funded_assets,EUR,0.98999999999999999,IN_FHS1250,GBP,-0.0007853655365149,0.0066261283719875608,0.0079784029161520387,-5.0005089076960374,0,0.0013522745441644779,1249,2020-12-31,2.4326786245143506e-18,2.4326786245143506e-18,-0.010099850243614483,0.013145917146293762
2021-06-01,2021-06-02,2021-06-03,funded_assets,USD,0.94999999999999996,IN_FHS1250,GBP,-0.00078308567297410005,0.0045803755816833814,0.0059795641367096598,-5.3534026749100292,0,0.0013991885550262784,1249,2020-12-31,2.4326786245143506e-18,2.4326786245143506e-18,-0.0099689909539210069,0.013209358525370809
2021-06-01,2021-06-02,2021-06-03,funded_assets,USD,0.98999999999999999,IN_FHS1250,GBP,-0.00078308567297410005,0.0066826871548790216,0.0080489561261576463,-4.9919577347607129,0,0.0013662689712786247,1249,2020-12-31,2.4326786245143506e-18,2.4326786245143506e-18,-0.0099689909539210069,0.013209358525370809
2021-06-01,2021-06-02,2021-06-03,net_cashflows,EUR,0.94999999999999996,IN_FHS1250,GBP,1.5821253747648954e-05,0.0028077266837328585,0.0039726518393064687,-5.8215575939509643,0,0.0011649251555736102,1249,2020-12-31,2.4326786245143506e-18,2.4326786245143506e-18,-0.0085550676346190738,0.0080452590985081833
2021-06-01,2021-06-02,2021-06-03,net_cashflows,EUR,0.98999999999999999,IN_FHS1250,GBP,1.5821253747648954e-05,0.0047050186484596133,0.0058625054687098778,-5.3366171446650394,0,0.0011574868202502645,1249,2020-12-31,2.4326786245143506e-18,2.4326786245143506e-18,-0.0085550676346190738,0.0080452590985081833
2021-06-01,2021-06-02,2021-06-03,net_cashflows,USD,0.94999999999999996,IN_FHS1250,GBP,1.5718681785644289e-05,0.0028314176642626528,0.004002698626040033,-5.8134093093841157,0,0.0011712809617773802,1249,2020-12-31,2.4326786245143506e-18,2.4326786245143506e-18,-0.0084599526275393171,0.0083000489719419479
2021-06-01,2021-06-02,2021-06-03,net_cashflows,USD,0.98999999999999999,IN_FHS1250,GBP,1.5718681785644289e-05,0.00472756750734911,0.0059339080417966693,-5.3303683830168085,0,0.0012063405344475593,1249,2020-12-31,2.4326786245143506e-18,2.4326786245143506e-18,-0.0084599526275393171,0.0083000489719419479
2021-06-01,2021-06-02,2021-06-03,funded_assets,EUR,0.94999999999999996,IN_TCOP1250,GBP,-0.0007853655365149,0.0044083198857387818,0.0060766414128159392,-5.3778497821972628,0,0.0016683215270771575,65536,2020-12-31,4.9873299934333204e-18,4.9873299934333204e-18,-0.022521635201976503,0.022242899971806201
2021-06-01,2021-06-02,2021-06-03,funded_assets,EUR,0.98999999999999999,IN_TCOP1250,GBP,-0.0007853655365149,0.0070123873894284428,0.0088356803167944503,-4.9353128658556669,0,0.0018232929273660076,65536,2020-12-31,4.9873299934333204e-18,4.9873299934333204e-18,-0.022521635201976503,0.022242899971806201
2021-06-01,2021-06-02,2021-06-03,funded_assets,USD,0.94999999999999996,IN_TCOP1250,GBP,-0.00078308567297410005,0.0044315785759532966,0.0061248744805106588,-5.3718591554851356,0,0.0016932959045573622,65536,2020-12-31,4.9873299934333204e-18,4.9873299934333204e-18,-0.022056961851230177,0.023157536790310972
2021-06-01,2021-06-02,2021-06-03,funded_assets,USD,0.98999999999999999,IN_TCOP1250,GBP,-0.00078308567297410005,0.0070917611687069549,0.0089406182984304704,-4.9239435145054546,0,0.0018488571297235155,65536,2020-12-31,4.9873299934333204e-18,4.9873299934333204e-18,-0.022056961851230177,0.023157536790310972
2021-06-01,2021-06-02,2021-06-03,net_cashflows,EUR,0.94999999999999996,IN_TCOP1250,GBP,1.5821253747648954e-05,0.0028364149664218629,0.0038975708126356753,-5.8196626137904657,0,0.0010611558462138124,65536,2020-12-31,4.9873299934333204e-18,4.9873299934333204e-18,-0.016390148826818662,0.011848159858157703
2021-06-01,2021-06-02,2021-06-03,net_cashflows,EUR,0.98999999999999999,IN_TCOP1250,GBP,1.5821253747648954e-05,0.0044880664691542499,0.0056660045790449367,-5.3811667908960414,0,0.0011779381098906867,65536,2020-12-31,4.9873299934333204e-18,4.9873299934333204e-18,-0.016390148826818662,0.011848159858157703
2021-06-01,2021-06-02,2021-06-03,net_cashflows,USD,0.94999999999999996,IN_TCOP1250,GBP,1.5718681785644289e-05,0.0028416060288152063,0.003920535393978338,-5.8167265505854928,0,0.0010789293651631317,65536,2020-12-31,4.9873299934333204e-18,4.9873299934333204e-18,-0.015841777155728671,0.011914204060183686
2021-06-01,2021-06-02,2021-06-03,net_cashflows,USD,0.98999999999999999,IN_TCOP1250,GBP,1.5718681785644289e-05,0.0045185426164391761,0.0057164812707137715,-5.3739605726815878,0,0.0011979386542745954,65536,2020-12-31,4.9873299934333204e-18,4.9873299934333204e-18,-0.015841777155728671,0.011914204060183686
2021-06-01,2021-06-02,2021-06-03,funded_assets,EUR,0.94999999999999996,IN_FHS1250,JPY,-0.0007853655365149,0.0038907394418593311,0.0051086295771541734,-5.5152226944971403,0,0.0012178901352948423,1249,2020-12-31,1.9210707243727532e-18,1.9210707243727532e-18,-0.0091688924425083473,0.0098919039616625348
2021-06-01,2021-06-02,2021-06-03,funded_assets,EUR,0.98999999999999999,IN_FHS1250,JPY,-0.0007853655365149,0.0059508533426690657,0.0070322504432577771,-5.1110253230109723,0,0.0010813971005887114,1249,2020-12-31,1.9210707243727532e-18,1.9210707243727532e-18,-0.0091688924425083473,0.0098919039616625348
2021-06-01,2021-06-02,2021-06-03,funded_assets,USD,0.94999999999999996,IN_FHS1250,JPY,-0.00078308567297410005,0.0039432294538377499,0.0051373706977941944,-5.5036559698295555,0,0.0011941412439564446,1249,2020-12-31,1.9210707243727532e-18,1.9210707243727532e-18,-0.009081386388713782,0.0099194680560774177
2021-06-01,2021-06-02,2021-06-03,funded_assets,USD,0.98999999999999999,IN_FHS1250,JPY,-0.00078308567297410005,0.0059422740178098604,0.0070780563433023901,-5.1112212213411965,0,0.0011357823254925297,1249,2020-12-31,1.9210707243727532e-18,1.9210707243727532e-18,-0.009081386388713782,0.0099194680560774177
2021-06-01,2021-06-02,2021-06-03,net_cashflows,EUR,0.94999999999999996,IN_FHS1250,JPY,1.5821253747648954e-05,0.0026378811821017095,0.0034227792555194189,-5.9066184176109253,0,0.00078489807341770943,1249,2020-12-31,1.9210707243727532e-18,1.9210707243727532e-18,-0.0053005573928406107,0.005896600141110998
2021-06-01,2021-06-02,2021-06-03,net_cashflows,EUR,0.98999999999999999,IN_FHS1250,JPY,1.5821253747648954e-05,0.0038813227405939178,0.0044902059394501389,-5.5414592227117794,0,0.00060888319885622115,1249,2020-12-31,1.9210707243727532e-18,1.9210707243727532e-18,-0.0053005573928406107,0.005896600141110998
2021-06-01,2021-06-02,2021-06-03,net_cashflows,USD,0.94999999999999996,IN_FHS1250,JPY,1.5718681785644289e-05,0.002655748807022012,0.0034424083348760142,-5.9001040641871842,0,0.00078665952785400214,1249,2020-12-31,1.9210707243727532e-18,1.9210707243727532e-18,-0.0053303043982965218,0.0059739125349934311
2021-06-01,2021-06-02,2021-06-03,net_cashflows,USD,0.98999999999999999,IN_FHS1250,JPY,1.5718681785644289e-05,0.0038850138232174244,0.0045187399039311035,-5.5397660889770926,0,0.00063372608071367905,1249,2020-12-31,1.9210707243727532e-18,1.9210707243727532e-18,-0.0053303043982965218,0.0059739125349934311
2021-06-01,2021-06-02,2021-06-03,funded_assets,EUR,0.94999999999999996,IN_TCOP1250,JPY,-0.0007853655365149,0.0037733563904859269,0.0049919579826985146,-5.5440400154347103,0,0.0012186015922125877,65536,2020-12-31,4.2961511084738113e-18,4.2961511084738113e-18,-0.014315180825744789,0.018024441211069775
2021-06-01,2021-06-02,2021-06-03,funded_assets,EUR,0.98999999999999999,IN_TCOP1250,JPY,-0.0007853655365149,0.0057518538544645559,0.0069394889188683388,-5.1416687251529058,0,0.0011876350644037829,65536,2020-12-31,4.2961511084738113e-18,4.2961511084738113e-18,-0.014315180825744789,0.018024441211069775
2021-06-01,2021-06-02,2021-06-03,funded_assets,USD,0.94999999999999996,IN_TCOP1250,JPY,-0.00078308567297410005,0.003789971404536649,0.0050230728949777551,-5.5392008788146923,0,0.001233101490441106,65536,2020-12-31,4.2961511084738113e-18,4.2961511084738113e-18,-0.014099078516263401,0.018348624204180083
2021-06-01,2021-06-02,2021-06-03,funded_assets,USD,0.98999999999999999,IN_TCOP1250,JPY,-0.00078308567297410005,0.0057984797612502621,0.0069985714422969277,-5.1335258940479784,0,0.0012000916810466656,65536,2020-12-31,4.2961511084738113e-18,4.2961511084738113e-18,-0.014099078516263401,0.018348624204180083
2021-06-01,2021-06-02,2021-06-03,net_cashflows,EUR,0.94999999999999996,IN_TCOP1250,JPY,1.5821253747648954e-05,0.0025709209635280342,0.003348863332609562,-5.9314347175239828,0,0.00077794236908152771,65536,2020-12-31,4.2961511084738113e-18,4.2961511084738113e-18,-0.007362009707521178,0.0078304957452118417
2021-06-01,2021-06-02,2021-06-03,net_cashflows,EUR,0.98999999999999999,IN_TCOP1250,JPY,1.5821253747648954e-05,0.0038491186827649959,0.004474687459247997,-5.5491204405220298,0,0.00062556877648300112,65536,2020-12-31,4.2961511084738113e-18,4.2961511084738113e-18,-0.007362009707521178,0.0078304957452118417
2021-06-01,2021-06-02,2021-06-03,net_cashflows,USD,0.94999999999999996,IN_TCOP1250,JPY,1.5718681785644289e-05,0.0025793958577239691,0.0033622159620678971,-5.9279836303912132,0,0.00078282010434392807,65536,2020-12-31,4.2961511084738113e-18,4.2961511084738113e-18,-0.0073625637494940423,0.0080149845401202135
2021-06-01,2021-06-02,2021-06-03,net_cashflows,USD,0.98999999999999999,IN_TCOP1250,JPY,1.5718681785644289e-05,0.0038746146312973219,0.0044974842833235438,-5.5427299891108541,0,0.00062286965202622193,65536,2020-12-31,4.2961511084738113e-18,4.2961511084738113e-18,-0.0073625637494940423,0.0080149845401202135
2021-06-01,2021-06-02,2021-06-03,funded_assets,EUR,0.94999999999999996,IN_FHS1250,CHF,-0.0007853655365149,0.004091673788919864,0.0054799037389431579,-5.4599988272637097,0,0.0013882299500232939,1249,2020-12-31,2.7664096057325449e-18,2.7664096057325449e-18,-0.0096845389269265558,0.010582409593608677
2021-06-01,2021-06-02,2021-06-03,funded_assets,EUR,0.98999999999999999,IN_FHS1250,CHF,-0.0007853655365149,0.0064641187181729565,0.0075808800093584783,-5.0294388730204895,0,0.0011167612911855218,1249,2020-12-31,2.7664096057325449e-18,2.7664096057325449e-18,-0.0096845389269265558,0.010582409593608677
2021-06-01,2021-06-02,2021-06-03,funded_assets,USD,0.94999999999999996,IN_FHS1250,CHF,-0.00078308567297410005,0.0041224238464497003,0.0055145154241898319,-5.4528128197126708,0,0.0013920915777401316,1249,2020-12-31,2.7664096057325449e-18,2.7664096057325449e-18,-0.0095778998186868049,0.010596132978239805
2021-06-01,2021-06-02,2021-06-03,funded_assets,USD,0.98999999999999999,IN_FHS1250,CHF,-0.00078308567297410005,0.0064946105207721065,0.0076299091015832486,-5.0244751669850896,0,0.0011352985808111421,1249,2020-12-31,2.7664096057325449e-18,2.7664096057325449e-18,-0.0095778998186868049,0.010596132978239805
2021-06-01,2021-06-02,2021-06-03,net_cashflows,EUR,0.94999999999999996,IN_FHS1250,CHF,1.5821253747648954e-05,0.0028293759483669408,0.0039249053624126253,-5.8195355438635357,0,0.0010955294140456845,1249,2020-12-31,2.7664096057325449e-18,2.7664096057325449e-18,-0.0082366880389437951,0.0079849432030984612
2021-06-01,2021-06-02,2021-06-03,net_cashflows,EUR,0.98999999999999999,IN_FHS1250,CHF,1.5821253747648954e-05,0.004556256957380345,0.0057653098559052596,-5.3656080733165323,0,0.0012090528985249146,1249,2020-12-31,2.7664096057325449e-18,2.7664096057325449e-18,-0.0082366880389437951,0.0079849432030984612
2021-06-01,2021-06-02,2021-06-03,net_cashflows,USD,0.94999999999999996,IN_FHS1250,CHF,1.5718681785644289e-05,0.0028392467493606132,0.0039538076226131565,-5.8149717842927844,0,0.0011145608732525433,1249,2020-12-31,2.7664096057325449e-18,2.7664096057325449e-18,-0.0081483733617598152,0.0079408659789936067
2021-06-01,2021-06-02,2021-06-03,net_cashflows,USD,0.98999999999999999,IN_FHS1250,CHF,1.5718681785644289e-05,0.0045856579721805573,0.0058178533324252761,-5.3586194637021229,0,0.0012321953602447188,1249,2020-12-31,2.7664096057325449e-18,2.7664096057325449e-18,-0.0081483733617598152,0.0079408659789936067
2021-06-01,2021-06-02,2021-06-03,funded_assets,EUR,0.94999999999999996,IN_TCOP1250,CHF,-0.0007853655365149,0.0042172044446870116,0.0055211678409909952,-5.4353411621084193,0,0.0013039633963039836,65536,2020-12-31,3.903127820947816e-18,3.903127820947816e-18,-0.0147960677284594,0.015741807649615858
2021-06-01,2021-06-02,2021-06-03,funded_assets,EUR,0.98999999999999999,IN_TCOP1250,CHF,-0.0007853655365149,0.0063185299796779393,0.0075381569900939173,-5.049571350697831,0,0.001219627010415978,65536,2020-12-31,3.903127820947816e-18,3.903127820947816e-18,-0.0147960677284594,0.015741807649615858
2021-06-01,2021-06-02,2021-06-03,funded_assets,USD,0.94999999999999996,IN_TCOP1250,CHF,-0.00078308567297410005,0.0042412933380759224,0.005560821168218673,-5.4292995929258705,0,0.0013195278301427506,65536,2020-12-31,3.903127820947816e-18,3.903127820947816e-18,-0.014583335397495916,0.015974168119350679
2021-06-01,2021-06-02,2021-06-03,funded_assets,USD,0.98999999999999999,IN_TCOP1250,CHF,-0.00078308567297410005,0.0063714346033635861,0.007613687078216161,-5.040968152348384,0,0.0012422524748525749,65536,2020-12-31,3.903127820947816e-18,3.903127820947816e-18,-0.014583335397495916,0.015974168119350679
2021-06-01,2021-06-02,2021-06-03,net_cashflows,EUR,0.94999999999999996,IN_TCOP1250,CHF,1.5821253747648954e-05,0.0029622325724703684,0.0038913580416904351,-5.7877634503571995,0,0.00092912546922006671,65536,2020-12-31,3.903127820947816e-18,3.903127820947816e-18,-0.010074532208778153,0.010528143811592328
2021-06-01,2021-06-02,2021-06-03,net_cashflows,EUR,0.98999999999999999,IN_TCOP1250,CHF,1.5821253747648954e-05,0.0044594399961983442,0.0052935221877654084,-5.3988380154880709,0,0.00083408219156706417,65536,2020-12-31,3.903127820947816e-18,3.903127820947816e-18,-0.010074532208778153,0.010528143811592328
2021-06-01,2021-06-02,2021-06-03,net_cashflows,USD,0.94999999999999996,IN_TCOP1250,CHF,1.5718681785644289e-05,0.0029746141485944419,0.003912534186367278,-5.7832918621151732,0,0.00093792003777283615,65536,2020-12-31,3.903127820947816e-18,3.903127820947816e-18,-0.00994738399474248,0.01067701518425351
2021-06-01,2021-06-02,2021-06-03,net_cashflows,USD,0.98999999999999999,IN_TCOP1250,CHF,1.5718681785644289e-05,0.0044894251829028665,0.0053308848002899542,-5.392084196191604,0,0.00084145961738708776,65536,2020-12-31,3.903127820947816e-18,3.903127820947816e-18,-0.00994738399474248,0.01067701518425351
2021-06-01,2021-06-02,2021-06-03,funded_assets,EUR,0.94999999999999996,IN_FHS_REF_POOL,ALL_FIVE,-0.0007853655365149,0.0040975717861258254,0.0054669952635424904,-5.4595153633875224,0,0.001369423477416665,6245,2020-12-31,0,0,-0.010099850243614483,0.013145917146293762
2021-06-01,2021-06-02,2021-06-03,funded_assets,EUR,0.98999999999999999,IN_FHS_REF_POOL,ALL_FIVE,-0.0007853655365149,0.0063115960039239749,0.0074944221439208793,-5.0514237798426773,0,0.0011828261399969044,6245,2020-12-31,0,0,-0.010099850243614483,0.013145917146293762
2021-06-01,2021-06-02,2021-06-03,funded_assets,USD,0.94999999999999996,IN_FHS_REF_POOL,ALL_FIVE,-0.00078308567297410005,0.0041328891140539588,0.0055010580632263422,-5.4515249752249773,0,0.0013681689491723834,6245,2020-12-31,0,0,-0.0099689909539210069,0.013209358525370809
2021-06-01,2021-06-02,2021-06-03,funded_assets,USD,0.98999999999999999,IN_FHS_REF_POOL,ALL_FIVE,-0.00078308567297410005,0.0063326686655506732,0.0075526863398364501,-5.0473862423834976,0,0.0012200176742857768,6245,2020-12-31,0,0,-0.0099689909539210069,0.013209358525370809
2021-06-01,2021-06-02,2021-06-03,net_cashflows,EUR,0.94999999999999996,IN_FHS_REF_POOL,ALL_FIVE,1.5821253747648954e-05,0.0027223708509007682,0.0037192061243855505,-5.8622687105025006,0,0.0009968352734847823,6245,2020-12-31,0,0,-0.0085550676346190738,0.0081364775212692027
2021-06-01,2021-06-02,2021-06-03,net_cashflows,EUR,0.98999999999999999,IN_FHS_REF_POOL,ALL_FIVE,1.5821253747648954e-05,0.0041858933281795248,0.0053592716275775434,-5.4478708176690134,0,0.0011733782993980186,6245,2020-12-31,0,0,-0.0085550676346190738,0.0081364775212692027
2021-06-01,2021-06-02,2021-06-03,net_cashflows,USD,0.94999999999999996,IN_FHS_REF_POOL,ALL_FIVE,1.5718681785644289e-05,0.0027412421488357897,0.0037447932361733844,-5.8553745876801919,0,0.0010035510873375947,6245,2020-12-31,0,0,-0.0084599526275393171,0.0083000489719419479
2021-06-01,2021-06-02,2021-06-03,net_cashflows,USD,0.98999999999999999,IN_FHS_REF_POOL,ALL_FIVE,1.5718681785644289e-05,0.0042167457486308353,0.0054068358202277221,-5.4401996500158818,0,0.0011900900715968868,6245,2020-12-31,0,0,-0.0084599526275393171,0.0083000489719419479
2021-06-01,2021-06-02,2021-06-03,funded_assets,EUR,0.94999999999999996,IN_TCOP_REF_POOL,ALL_FIVE,-0.0007853655365149,0.0041364494600343027,0.0054847093125667979,-5.4516127531509948,0,0.0013482598525324952,327680,2020-12-31,0,0,-0.022521635201976503,0.022242899971806201
2021-06-01,2021-06-02,2021-06-03,funded_assets,EUR,0.98999999999999999,IN_TCOP_REF_POOL,ALL_FIVE,-0.0007853655365149,0.0062755679129787301,0.0076202528561958548,-5.0534077113453009,0,0.0013446849432171247,327680,2020-12-31,0,0,-0.022521635201976503,0.022242899971806201
2021-06-01,2021-06-02,2021-06-03,funded_assets,USD,0.94999999999999996,IN_TCOP_REF_POOL,ALL_FIVE,-0.00078308567297410005,0.0041559509385553431,0.0055225082475962419,-5.4463754186073929,0,0.0013665573090408988,327680,2020-12-31,0,0,-0.022056961851230177,0.023157536790310972
2021-06-01,2021-06-02,2021-06-03,funded_assets,USD,0.98999999999999999,IN_TCOP_REF_POOL,ALL_FIVE,-0.00078308567297410005,0.0063258722689430395,0.007691693395824057,-5.0451852392373411,0,0.0013658211268810175,327680,2020-12-31,0,0,-0.022056961851230177,0.023157536790310972
2021-06-01,2021-06-02,2021-06-03,net_cashflows,EUR,0.94999999999999996,IN_TCOP_REF_POOL,ALL_FIVE,1.5821253747648954e-05,0.0027555150535355068,0.0036496723375172213,-5.8581144777888721,0,0.00089415728398171447,327680,2020-12-31,0,0,-0.016390148826818662,0.011848159858157703
2021-06-01,2021-06-02,2021-06-03,net_cashflows,EUR,0.98999999999999999,IN_TCOP_REF_POOL,ALL_FIVE,1.5821253747648954e-05,0.0041851343543303889,0.0050777616278343436,-5.4586762271810194,0,0.00089262727350395473,327680,2020-12-31,0,0,-0.016390148826818662,0.011848159858157703
2021-06-01,2021-06-02,2021-06-03,net_cashflows,USD,0.94999999999999996,IN_TCOP_REF_POOL,ALL_FIVE,1.5718681785644289e-05,0.002765968283716504,0.0036676493476495375,-5.8540514562997883,0,0.00090168106393303344,327680,2020-12-31,0,0,-0.015841777155728671,0.011914204060183686
2021-06-01,2021-06-02,2021-06-03,net_cashflows,USD,0.98999999999999999,IN_TCOP_REF_POOL,ALL_FIVE,1.5718681785644289e-05,0.0042075159103466975,0.0051130398837947733,-5.4530620640680896,0,0.00090552397344807571,327680,2020-12-31,0,0,-0.015841777155728671,0.011914204060183686
2022-09-22,2022-09-23,2022-09-26,funded_assets,EUR,0.94999999999999996,HS1250,ALL_EQUIVARIANT,-0.0004193859832668,0.0046472062501523859,0.0063791052760921634,-5.3262230321265074,0,0.0017318990259397775,1249,2021-12-31,2.5648157642860214e-18,2.5648157642860214e-18,-0.014293640130901175,0.015738020767808003
2022-09-22,2022-09-23,2022-09-26,funded_assets,EUR,0.98999999999999999,HS1250,ALL_EQUIVARIANT,-0.0004193859832668,0.0074578586263930047,0.0092401848178124118,-4.8770819784160624,0,0.0017823261914194071,1249,2021-12-31,2.5648157642860214e-18,2.5648157642860214e-18,-0.014293640130901175,0.015738020767808003
2022-09-22,2022-09-23,2022-09-26,funded_assets,USD,0.94999999999999996,HS1250,ALL_EQUIVARIANT,-0.00037306014469619999,0.0046495461272241618,0.0064204850094154746,-5.3240879576546156,0,0.0017709388821913127,1249,2021-12-31,2.5648157642860214e-18,2.5648157642860214e-18,-0.014221114661060699,0.015923185969558433
2022-09-22,2022-09-23,2022-09-26,funded_assets,USD,0.98999999999999999,HS1250,ALL_EQUIVARIANT,-0.00037306014469619999,0.0075218675740149447,0.0093321985948035448,-4.8682722667822702,0,0.0018103310207886001,1249,2021-12-31,2.5648157642860214e-18,2.5648157642860214e-18,-0.014221114661060699,0.015923185969558433
2022-09-22,2022-09-23,2022-09-26,net_cashflows,EUR,0.94999999999999996,HS1250,ALL_EQUIVARIANT,-0.0022199555539656,0.0027697998477824066,0.0042903582399474475,-5.8057979638297272,0,0.0015205583921650409,1249,2021-12-31,2.5648157642860214e-18,2.5648157642860214e-18,-0.011362286891522877,0.009331558805688242
2022-09-22,2022-09-23,2022-09-26,net_cashflows,EUR,0.98999999999999999,HS1250,ALL_EQUIVARIANT,-0.0022199555539656,0.0052176419741942317,0.0070291241967057709,-5.2154041043767689,0,0.0018114822225115393,1249,2021-12-31,2.5648157642860214e-18,2.5648157642860214e-18,-0.011362286891522877,0.009331558805688242
2022-09-22,2022-09-23,2022-09-26,net_cashflows,USD,0.94999999999999996,HS1250,ALL_EQUIVARIANT,-0.0021412663430693999,0.0027808482572062726,0.0043165823055337799,-5.8010667811816425,0,0.0015357340483275073,1249,2021-12-31,2.5648157642860214e-18,2.5648157642860214e-18,-0.011163620632108224,0.0096482873570995359
2022-09-22,2022-09-23,2022-09-26,net_cashflows,USD,0.98999999999999999,HS1250,ALL_EQUIVARIANT,-0.0021412663430693999,0.0052141676624340317,0.0070860705412785678,-5.2137908775727535,0,0.0018719028788445361,1249,2021-12-31,2.5648157642860214e-18,2.5648157642860214e-18,-0.011163620632108224,0.0096482873570995359
2022-09-22,2022-09-23,2022-09-26,funded_assets,EUR,0.94999999999999996,EWMA_GAUSS,ALL_EQUIVARIANT,-0.0004193859832668,0.0067714722581431463,0.0084714397035287482,-4.9717252376470231,0,0.0016999674453856018,65536,2021-12-31,5.3125906451789717e-18,5.3125906451789717e-18,-0.017472850864669598,0.018602614040104104
2022-09-22,2022-09-23,2022-09-26,funded_assets,EUR,0.98999999999999999,EWMA_GAUSS,ALL_EQUIVARIANT,-0.0004193859832668,0.0095469722895555886,0.01096158542065479,-4.6424102258927231,0,0.0014146131310992013,65536,2021-12-31,5.3125906451789717e-18,5.3125906451789717e-18,-0.017472850864669598,0.018602614040104104
2022-09-22,2022-09-23,2022-09-26,funded_assets,USD,0.94999999999999996,EWMA_GAUSS,ALL_EQUIVARIANT,-0.00037306014469619999,0.0068087808829006852,0.0085603259063590717,-4.9652289718852458,0,0.0017515450234583865,65536,2021-12-31,5.3125906451789717e-18,5.3125906451789717e-18,-0.016661422712040776,0.018919043903293624
2022-09-22,2022-09-23,2022-09-26,funded_assets,USD,0.98999999999999999,EWMA_GAUSS,ALL_EQUIVARIANT,-0.00037306014469619999,0.0096733068921353929,0.011105867151785144,-4.6292730397070514,0,0.0014325602596497507,65536,2021-12-31,5.3125906451789717e-18,5.3125906451789717e-18,-0.016661422712040776,0.018919043903293624
2022-09-22,2022-09-23,2022-09-26,net_cashflows,EUR,0.94999999999999996,EWMA_GAUSS,ALL_EQUIVARIANT,-0.0022199555539656,0.0044598135528367555,0.0055953557259236578,-5.3887620562776481,0,0.0011355421730869023,65536,2021-12-31,5.3125906451789717e-18,5.3125906451789717e-18,-0.011820933958692249,0.011985259510673219
2022-09-22,2022-09-23,2022-09-26,net_cashflows,EUR,0.98999999999999999,EWMA_GAUSS,ALL_EQUIVARIANT,-0.0022199555539656,0.0063118893502809859,0.0072331497847316819,-5.0564471084831677,0,0.00092126043445069604,65536,2021-12-31,5.3125906451789717e-18,5.3125906451789717e-18,-0.011820933958692249,0.011985259510673219
2022-09-22,2022-09-23,2022-09-26,net_cashflows,USD,0.94999999999999996,EWMA_GAUSS,ALL_EQUIVARIANT,-0.0021412663430693999,0.0044780384841944338,0.0056306329844690887,-5.3842341101917963,0,0.0011525945002746549,65536,2021-12-31,5.3125906451789717e-18,5.3125906451789717e-18,-0.011536808205531206,0.012231880266419541
2022-09-22,2022-09-23,2022-09-26,net_cashflows,USD,0.98999999999999999,EWMA_GAUSS,ALL_EQUIVARIANT,-0.0021412663430693999,0.0063608700387243105,0.0072917691461678626,-5.0486734502429051,0,0.00093089910744355211,65536,2021-12-31,5.3125906451789717e-18,5.3125906451789717e-18,-0.011536808205531206,0.012231880266419541
2022-09-22,2022-09-23,2022-09-26,funded_assets,EUR,0.94999999999999996,EWMA_SELFNORMALIZED,ALL_EQUIVARIANT,-0.0004193859832668,0.0067690505945316448,0.0084614131814323285,-4.9722485254404409,0,0.0016923625869006836,65536,2021-12-31,4.7162794503119443e-18,4.7162794503119443e-18,-0.016239330262636686,0.015770512874430265
2022-09-22,2022-09-23,2022-09-26,funded_assets,EUR,0.98999999999999999,EWMA_SELFNORMALIZED,ALL_EQUIVARIANT,-0.0004193859832668,0.0095762954064368133,0.010870339884895884,-4.6407609180286515,0,0.0012940444784590704,65536,2021-12-31,4.7162794503119443e-18,4.7162794503119443e-18,-0.016239330262636686,0.015770512874430265
2022-09-22,2022-09-23,2022-09-26,funded_assets,USD,0.94999999999999996,EWMA_SELFNORMALIZED,ALL_EQUIVARIANT,-0.00037306014469619999,0.0068178874795776258,0.0085494272157386839,-4.9644238261188356,0,0.0017315397361610581,65536,2021-12-31,4.7162794503119443e-18,4.7162794503119443e-18,-0.016096344905307657,0.016085209254357354
2022-09-22,2022-09-23,2022-09-26,funded_assets,USD,0.98999999999999999,EWMA_SELFNORMALIZED,ALL_EQUIVARIANT,-0.00037306014469619999,0.0096862932077138621,0.011017779681993786,-4.6290938689927863,0,0.0013314864742799241,65536,2021-12-31,4.7162794503119443e-18,4.7162794503119443e-18,-0.016096344905307657,0.016085209254357354
2022-09-22,2022-09-23,2022-09-26,net_cashflows,EUR,0.94999999999999996,EWMA_SELFNORMALIZED,ALL_EQUIVARIANT,-0.0022199555539656,0.0044910304833042152,0.0055939058378406022,-5.3832340989642189,0,0.0011028753545363869,65536,2021-12-31,4.7162794503119443e-18,4.7162794503119443e-18,-0.010340157769057756,0.010471437958404528
2022-09-22,2022-09-23,2022-09-26,net_cashflows,EUR,0.98999999999999999,EWMA_SELFNORMALIZED,ALL_EQUIVARIANT,-0.0022199555539656,0.0063054235937541779,0.0071803709855366368,-5.0582569001352073,0,0.00087494739178245896,65536,2021-12-31,4.7162794503119443e-18,4.7162794503119443e-18,-0.010340157769057756,0.010471437958404528
2022-09-22,2022-09-23,2022-09-26,net_cashflows,USD,0.94999999999999996,EWMA_SELFNORMALIZED,ALL_EQUIVARIANT,-0.0021412663430693999,0.004516552712770852,0.0056284421631631627,-5.3774709257987787,0,0.0011118894503923107,65536,2021-12-31,4.7162794503119443e-18,4.7162794503119443e-18,-0.010326770450556024,0.010463394570745306
2022-09-22,2022-09-23,2022-09-26,net_cashflows,USD,0.98999999999999999,EWMA_SELFNORMALIZED,ALL_EQUIVARIANT,-0.0021412663430693999,0.0063522623901019525,0.0072378877947016518,-5.050785504457969,0,0.00088562540459969936,65536,2021-12-31,4.7162794503119443e-18,4.7162794503119443e-18,-0.010326770450556024,0.010463394570745306
2022-09-22,2022-09-23,2022-09-26,funded_assets,EUR,0.94999999999999996,IN_FHS1250,EUR,-0.0004193859832668,0.0066084608774416576,0.0087136587404066778,-4.9844609793214776,0,0.0021051978629650202,1249,2021-12-31,3.9844429838842288e-18,3.9844429838842288e-18,-0.014642985275016979,0.018729409861476753
2022-09-22,2022-09-23,2022-09-26,funded_assets,EUR,0.98999999999999999,IN_FHS1250,EUR,-0.0004193859832668,0.010044216377844195,0.01189584711581157,-4.5872194635787942,0,0.0018516307379673747,1249,2021-12-31,3.9844429838842288e-18,3.9844429838842288e-18,-0.014642985275016979,0.018729409861476753
2022-09-22,2022-09-23,2022-09-26,funded_assets,USD,0.94999999999999996,IN_FHS1250,EUR,-0.00037306014469619999,0.006654512466728899,0.0087844358660133567,-4.9772393620628526,0,0.0021299233992844576,1249,2021-12-31,3.9844429838842288e-18,3.9844429838842288e-18,-0.014381499747875991,0.018994585363674894
2022-09-22,2022-09-23,2022-09-26,funded_assets,USD,0.98999999999999999,IN_FHS1250,EUR,-0.00037306014469619999,0.0098815255216931682,0.012025903220558016,-4.599005588233342,0,0.0021443776988648473,1249,2021-12-31,3.9844429838842288e-18,3.9844429838842288e-18,-0.014381499747875991,0.018994585363674894
2022-09-22,2022-09-23,2022-09-26,net_cashflows,EUR,0.94999999999999996,IN_FHS1250,EUR,-0.0022199555539656,0.0042943168650101948,0.0063510938256337128,-5.3829743240339774,0,0.002056776960623518,1249,2021-12-31,3.9844429838842288e-18,3.9844429838842288e-18,-0.014961204475694666,0.01485643866485451
2022-09-22,2022-09-23,2022-09-26,net_cashflows,EUR,0.98999999999999999,IN_FHS1250,EUR,-0.0022199555539656,0.0072194461814190872,0.0092846977712529692,-4.9018236948475291,0,0.002065251589833882,1249,2021-12-31,3.9844429838842288e-18,3.9844429838842288e-18,-0.014961204475694666,0.01485643866485451
2022-09-22,2022-09-23,2022-09-26,net_cashflows,USD,0.94999999999999996,IN_FHS1250,EUR,-0.0021412663430693999,0.0043192257706929351,0.0064102668153785836,-5.3760562575321824,0,0.0020910410446856485,1249,2021-12-31,3.9844429838842288e-18,3.9844429838842288e-18,-0.014673618897728617,0.014763360575661832
2022-09-22,2022-09-23,2022-09-26,net_cashflows,USD,0.98999999999999999,IN_FHS1250,EUR,-0.0021412663430693999,0.0072938305503215889,0.0094149731740616402,-4.8907485670541897,0,0.0021211426237400513,1249,2021-12-31,3.9844429838842288e-18,3.9844429838842288e-18,-0.014673618897728617,0.014763360575661832
2022-09-22,2022-09-23,2022-09-26,funded_assets,EUR,0.94999999999999996,IN_TCOP1250,EUR,-0.0004193859832668,0.0067732792108007311,0.0087745400966147604,-4.9639767938601027,0,0.0020012608858140293,65536,2021-12-31,5.8648561267887755e-18,5.8648561267887755e-18,-0.020182695219535446,0.019375912998974981
2022-09-22,2022-09-23,2022-09-26,funded_assets,EUR,0.98999999999999999,IN_TCOP1250,EUR,-0.0004193859832668,0.010017992802154319,0.01173938748304889,-4.5914397533134625,0,0.001721394680894571,65536,2021-12-31,5.8648561267887755e-18,5.8648561267887755e-18,-0.020182695219535446,0.019375912998974981
2022-09-22,2022-09-23,2022-09-26,funded_assets,USD,0.94999999999999996,IN_TCOP1250,EUR,-0.00037306014469619999,0.0068290796711156397,0.0088625368914489796,-4.9553663718273135,0,0.0020334572203333399,65536,2021-12-31,5.8648561267887755e-18,5.8648561267887755e-18,-0.019489778200993929,0.019804126938205113
2022-09-22,2022-09-23,2022-09-26,funded_assets,USD,0.98999999999999999,IN_TCOP1250,EUR,-0.00037306014469619999,0.010135576858288311,0.011894063011075802,-4.5795616168083422,0,0.0017584861527874911,65536,2021-12-31,5.8648561267887755e-18,5.8648561267887755e-18,-0.019489778200993929,0.019804126938205113
2022-09-22,2022-09-23,2022-09-26,net_cashflows,EUR,0.94999999999999996,IN_TCOP1250,EUR,-0.0022199555539656,0.004649839340886008,0.006180291389352487,-5.3340241447275769,0,0.0015304520484664789,65536,2021-12-31,5.8648561267887755e-18,5.8648561267887755e-18,-0.01762688569667803,0.017054666642920279
2022-09-22,2022-09-23,2022-09-26,net_cashflows,EUR,0.98999999999999999,IN_TCOP1250,EUR,-0.0022199555539656,0.0070990875468712085,0.008658190783499926,-4.9293221306025705,0,0.0015591032366287175,65536,2021-12-31,5.8648561267887755e-18,5.8648561267887755e-18,-0.01762688569667803,0.017054666642920279
2022-09-22,2022-09-23,2022-09-26,net_cashflows,USD,0.94999999999999996,IN_TCOP1250,EUR,-0.0021412663430693999,0.0046695192479163927,0.0062093758660194658,-5.3296838454815312,0,0.0015398566181030731,65536,2021-12-31,5.8648561267887755e-18,5.8648561267887755e-18,-0.017555261699263146,0.017372075444387264
2022-09-22,2022-09-23,2022-09-26,net_cashflows,USD,0.98999999999999999,IN_TCOP1250,EUR,-0.0021412663430693999,0.007156713497615149,0.0087193506422274959,-4.9214253645844073,0,0.0015626371446123468,65536,2021-12-31,5.8648561267887755e-18,5.8648561267887755e-18,-0.017555261699263146,0.017372075444387264
2022-09-22,2022-09-23,2022-09-26,funded_assets,EUR,0.94999999999999996,IN_FHS1250,USD,-0.0004193859832668,0.0064657446941423224,0.0086033154673085255,-5.0040665858666546,0,0.002137570773166203,1249,2021-12-31,2.9408983928669308e-18,2.9408983928669308e-18,-0.01492630825274377,0.019014434349171022
2022-09-22,2022-09-23,2022-09-26,funded_assets,EUR,0.98999999999999999,IN_FHS1250,USD,-0.0004193859832668,0.0097305526506075435,0.01177865720720565,-4.6153487827916742,0,0.0020481045565981064,1249,2021-12-31,2.9408983928669308e-18,2.9408983928669308e-18,-0.01492630825274377,0.019014434349171022
2022-09-22,2022-09-23,2022-09-26,funded_assets,USD,0.94999999999999996,IN_FHS1250,USD,-0.00037306014469619999,0.0065278059798641831,0.0086648709309878301,-4.9951137717522576,0,0.002137064951123647,1249,2021-12-31,2.9408983928669308e-18,2.9408983928669308e-18,-0.01480696177667157,0.019275241584514137
2022-09-22,2022-09-23,2022-09-26,funded_assets,USD,0.98999999999999999,IN_FHS1250,USD,-0.00037306014469619999,0.0099014596037396083,0.011896191933325759,-4.5992151591626858,0,0.0019947323295861508,1249,2021-12-31,2.9408983928669308e-18,2.9408983928669308e-18,-0.01480696177667157,0.019275241584514137
2022-09-22,2022-09-23,2022-09-26,net_cashflows,EUR,0.94999999999999996,IN_FHS1250,USD,-0.0022199555539656,0.0050761195188490198,0.006497587176096783,-5.2550929142417671,0,0.0014214676572477632,1249,2021-12-31,2.9408983928669308e-18,2.9408983928669308e-18,-0.009583866236869432,0.011141655325885713
2022-09-22,2022-09-23,2022-09-26,net_cashflows,EUR,0.98999999999999999,IN_FHS1250,USD,-0.0022199555539656,0.0073557282056743271,0.0086628021529211105,-4.8996005389629191,0,0.0013070739472467834,1249,2021-12-31,2.9408983928669308e-18,2.9408983928669308e-18,-0.009583866236869432,0.011141655325885713
2022-09-22,2022-09-23,2022-09-26,net_cashflows,USD,0.94999999999999996,IN_FHS1250,USD,-0.0021412663430693999,0.0051402195703016233,0.006565847173924038,-5.2430014824824642,0,0.0014256276036224147,1249,2021-12-31,2.9408983928669308e-18,2.9408983928669308e-18,-0.0096138418739741289,0.011040085494994408
2022-09-22,2022-09-23,2022-09-26,net_cashflows,USD,0.98999999999999999,IN_FHS1250,USD,-0.0021412663430693999,0.0074309225569860193,0.0087529841857179932,-4.8894018319440615,0,0.0013220616287319738,1249,2021-12-31,2.9408983928669308e-18,2.9408983928669308e-18,-0.0096138418739741289,0.011040085494994408
2022-09-22,2022-09-23,2022-09-26,funded_assets,EUR,0.94999999999999996,IN_TCOP1250,USD,-0.0004193859832668,0.006848981133668719,0.0089213278521936869,-4.9516017669935311,0,0.0020723467185249679,65536,2021-12-31,6.7085009422540587e-18,6.7085009422540587e-18,-0.022973626944923387,0.024916851944787571
2022-09-22,2022-09-23,2022-09-26,funded_assets,EUR,0.98999999999999999,IN_TCOP1250,USD,-0.0004193859832668,0.010196587717820338,0.012081452652435883,-4.5720969454737403,0,0.0018848649346155447,65536,2021-12-31,6.7085009422540587e-18,6.7085009422540587e-18,-0.022973626944923387,0.024916851944787571
2022-09-22,2022-09-23,2022-09-26,funded_assets,USD,0.94999999999999996,IN_TCOP1250,USD,-0.00037306014469619999,0.0069151746409423336,0.0090110427468279644,-4.9418933358971788,0,0.0020958681058856309,65536,2021-12-31,6.7085009422540587e-18,6.7085009422540587e-18,-0.022893451665612734,0.025441819808956
2022-09-22,2022-09-23,2022-09-26,funded_assets,USD,0.98999999999999999,IN_TCOP1250,USD,-0.00037306014469619999,0.010291114277006897,0.012232016753104938,-4.5623723957643971,0,0.0019409024760980408,65536,2021-12-31,6.7085009422540587e-18,6.7085009422540587e-18,-0.022893451665612734,0.025441819808956
2022-09-22,2022-09-23,2022-09-26,net_cashflows,EUR,0.94999999999999996,IN_TCOP1250,USD,-0.0022199555539656,0.0049424635308869423,0.0063558325704964422,-5.2807559206807104,0,0.0014133690396095,65536,2021-12-31,6.7085009422540587e-18,6.7085009422540587e-18,-0.012102217558436724,0.01396828705564862
2022-09-22,2022-09-23,2022-09-26,net_cashflows,EUR,0.98999999999999999,IN_TCOP1250,USD,-0.0022199555539656,0.0072225064267931634,0.0083291035961616973,-4.9208585355098755,0,0.0011065971693685339,65536,2021-12-31,6.7085009422540587e-18,6.7085009422540587e-18,-0.012102217558436724,0.01396828705564862
2022-09-22,2022-09-23,2022-09-26,net_cashflows,USD,0.94999999999999996,IN_TCOP1250,USD,-0.0021412663430693999,0.0049639943639068771,0.0063957449255891584,-5.2759822248017523,0,0.0014317505616822813,65536,2021-12-31,6.7085009422540587e-18,6.7085009422540587e-18,-0.011750003956423781,0.014222055056168612
2022-09-22,2022-09-23,2022-09-26,net_cashflows,USD,0.98999999999999999,IN_TCOP1250,USD,-0.0021412663430693999,0.0072645884752786253,0.0083990053786482197,-4.9147076115572581,0,0.0011344169033695945,65536,2021-12-31,6.7085009422540587e-18,6.7085009422540587e-18,-0.011750003956423781,0.014222055056168612
2022-09-22,2022-09-23,2022-09-26,funded_assets,EUR,0.94999999999999996,IN_FHS1250,GBP,-0.0004193859832668,0.0050648733402746671,0.0068221562325391869,-5.2451643684255131,0,0.0017572828922645198,1249,2021-12-31,3.903127820947816e-18,3.903127820947816e-18,-0.014730593619377619,0.012120979341671723
2022-09-22,2022-09-23,2022-09-26,funded_assets,EUR,0.98999999999999999,IN_FHS1250,GBP,-0.0004193859832668,0.0077463301093458059,0.0095464331949912939,-4.8401505772621576,0,0.001800103085645488,1249,2021-12-31,3.903127820947816e-18,3.903127820947816e-18,-0.014730593619377619,0.012120979341671723
2022-09-22,2022-09-23,2022-09-26,funded_assets,USD,0.94999999999999996,IN_FHS1250,GBP,-0.00037306014469619999,0.0051237364553047143,0.0068682423841577899,-5.2348430209165508,0,0.0017445059288530755,1249,2021-12-31,3.903127820947816e-18,3.903127820947816e-18,-0.014454724416757025,0.01234845656654094
2022-09-22,2022-09-23,2022-09-26,funded_assets,USD,0.98999999999999999,IN_FHS1250,GBP,-0.00037306014469619999,0.0077070372092373791,0.0096310701703507511,-4.8425344683854501,0,0.001924032961113372,1249,2021-12-31,3.903127820947816e-18,3.903127820947816e-18,-0.014454724416757025,0.01234845656654094
2022-09-22,2022-09-23,2022-09-26,net_cashflows,EUR,0.94999999999999996,IN_FHS1250,GBP,-0.0022199555539656,0.0037661734439072394,0.0054121080198039238,-5.5232374012867611,0,0.0016459345758966844,1249,2021-12-31,3.903127820947816e-18,3.903127820947816e-18,-0.011118419522134316,0.011057485772711449
2022-09-22,2022-09-23,2022-09-26,net_cashflows,EUR,0.98999999999999999,IN_FHS1250,GBP,-0.0022199555539656,0.0063334718234423701,0.0080337256046793121,-5.0357464117201642,0,0.001700253781236942,1249,2021-12-31,3.903127820947816e-18,3.903127820947816e-18,-0.011118419522134316,0.011057485772711449
2022-09-22,2022-09-23,2022-09-26,net_cashflows,USD,0.94999999999999996,IN_FHS1250,GBP,-0.0021412663430693999,0.0037937981374886621,0.0054464315684983828,-5.5162288107280109,0,0.0016526334310097207,1249,2021-12-31,3.903127820947816e-18,3.903127820947816e-18,-0.010973107793371573,0.011467733903257815
2022-09-22,2022-09-23,2022-09-26,net_cashflows,USD,0.98999999999999999,IN_FHS1250,GBP,-0.0021412663430693999,0.0063753607393662705,0.008127648809002911,-5.0280795347470777,0,0.0017522880696366405,1249,2021-12-31,3.903127820947816e-18,3.903127820947816e-18,-0.010973107793371573,0.011467733903257815
2022-09-22,2022-09-23,2022-09-26,funded_assets,EUR,0.94999999999999996,IN_TCOP1250,GBP,-0.0004193859832668,0.00492505311110783,0.0065165272431608199,-5.2776348807933253,0,0.0015914741320529899,65536,2021-12-31,6.1816464490618839e-18,6.1816464490618839e-18,-0.018135897833844034,0.019520225271403596
2022-09-22,2022-09-23,2022-09-26,funded_assets,EUR,0.98999999999999999,IN_TCOP1250,GBP,-0.0004193859832668,0.0074732521364605509,0.0090462580170814107,-4.8792887876739668,0,0.0015730058806208598,65536,2021-12-31,6.1816464490618839e-18,6.1816464490618839e-18,-0.018135897833844034,0.019520225271403596
2022-09-22,2022-09-23,2022-09-26,funded_assets,USD,0.94999999999999996,IN_TCOP1250,GBP,-0.00037306014469619999,0.0049488891863036242,0.0065681546251827325,-5.2720551479008035,0,0.0016192654388791083,65536,2021-12-31,6.1816464490618839e-18,6.1816464490618839e-18,-0.017928027960885728,0.019950884425717071
2022-09-22,2022-09-23,2022-09-26,funded_assets,USD,0.98999999999999999,IN_TCOP1250,GBP,-0.00037306014469619999,0.0075538347523409505,0.009139985568896572,-4.8686362230609941,0,0.0015861508165556214,65536,2021-12-31,6.1816464490618839e-18,6.1816464490618839e-18,-0.017928027960885728,0.019950884425717071
2022-09-22,2022-09-23,2022-09-26,net_cashflows,EUR,0.94999999999999996,IN_TCOP1250,GBP,-0.0022199555539656,0.0041187739174343152,0.0053229517604544002,-5.4619509874653414,0,0.001204177843020085,65536,2021-12-31,6.1816464490618839e-18,6.1816464490618839e-18,-0.013559101141900787,0.01363208123098486
2022-09-22,2022-09-23,2022-09-26,net_cashflows,EUR,0.98999999999999999,IN_TCOP1250,GBP,-0.0022199555539656,0.0060285828909788395,0.0071371239979106885,-5.0977658065889155,0,0.001108541106931849,65536,2021-12-31,6.1816464490618839e-18,6.1816464490618839e-18,-0.013559101141900787,0.01363208123098486
2022-09-22,2022-09-23,2022-09-26,net_cashflows,USD,0.94999999999999996,IN_TCOP1250,GBP,-0.0021412663430693999,0.0041235686491374619,0.0053396006771365499,-5.4603427921031775,0,0.001216032027999088,65536,2021-12-31,6.1816464490618839e-18,6.1816464490618839e-18,-0.013267360666405107,0.013953644873874996
2022-09-22,2022-09-23,2022-09-26,net_cashflows,USD,0.98999999999999999,IN_TCOP1250,GBP,-0.0021412663430693999,0.0060462630393566348,0.0071744515456774512,-5.09447979629216,0,0.0011281885063208165,65536,2021-12-31,6.1816464490618839e-18,6.1816464490618839e-18,-0.013267360666405107,0.013953644873874996
2022-09-22,2022-09-23,2022-09-26,funded_assets,EUR,0.94999999999999996,IN_FHS1250,JPY,-0.0004193859832668,0.0065844031084943966,0.0089214526244556502,-4.9812549021867216,0,0.0023370495159612537,1249,2021-12-31,5.6514038240806919e-18,5.6514038240806919e-18,-0.015956239025883334,0.026518954386217569
2022-09-22,2022-09-23,2022-09-26,funded_assets,EUR,0.98999999999999999,IN_FHS1250,JPY,-0.0004193859832668,0.010577844595718561,0.013333831875042147,-4.5241420412382292,0,0.0027559872793235865,1249,2021-12-31,5.6514038240806919e-18,5.6514038240806919e-18,-0.015956239025883334,0.026518954386217569
2022-09-22,2022-09-23,2022-09-26,funded_assets,USD,0.94999999999999996,IN_FHS1250,JPY,-0.00037306014469619999,0.0066426583132686481,0.0090177782730776618,-4.9719392290702649,0,0.0023751199598090137,1249,2021-12-31,5.6514038240806919e-18,5.6514038240806919e-18,-0.015931533102634919,0.027065780214178551
2022-09-22,2022-09-23,2022-09-26,funded_assets,USD,0.98999999999999999,IN_FHS1250,JPY,-0.00037306014469619999,0.010528970467951263,0.01354664039732556,-4.5243782031501008,0,0.0030176699293742969,1249,2021-12-31,5.6514038240806919e-18,5.6514038240806919e-18,-0.015931533102634919,0.027065780214178551
2022-09-22,2022-09-23,2022-09-26,net_cashflows,EUR,0.94999999999999996,IN_FHS1250,JPY,-0.0022199555539656,0.004945245785051156,0.0064854997807724671,-5.2756783479208256,0,0.0015402539957213111,1249,2021-12-31,5.6514038240806919e-18,5.6514038240806919e-18,-0.010772628218406122,0.012702484611403306
2022-09-22,2022-09-23,2022-09-26,net_cashflows,EUR,0.98999999999999999,IN_FHS1250,JPY,-0.0022199555539656,0.0075154712828952482,0.0088917268051656503,-4.8774133375602569,0,0.0013762555222704021,1249,2021-12-31,5.6514038240806919e-18,5.6514038240806919e-18,-0.010772628218406122,0.012702484611403306
2022-09-22,2022-09-23,2022-09-26,net_cashflows,USD,0.94999999999999996,IN_FHS1250,JPY,-0.0021412663430693999,0.0049347363594686722,0.0065769126425750599,-5.2738778651363596,0,0.0016421762831063877,1249,2021-12-31,5.6514038240806919e-18,5.6514038240806919e-18,-0.010504811907232195,0.012679968671045566
2022-09-22,2022-09-23,2022-09-26,net_cashflows,USD,0.98999999999999999,IN_FHS1250,JPY,-0.0021412663430693999,0.007678145991430468,0.0090050893330814123,-4.8573202026698503,0,0.0013269433416509442,1249,2021-12-31,5.6514038240806919e-18,5.6514038240806919e-18,-0.010504811907232195,0.012679968671045566
2022-09-22,2022-09-23,2022-09-26,funded_assets,EUR,0.94999999999999996,IN_TCOP1250,JPY,-0.0004193859832668,0.0068025224887171276,0.0090182920388761842,-4.9541975651246064,0,0.0022157695501590566,65536,2021-12-31,5.9360068943581368e-18,5.9360068943581368e-18,-0.024128309409626264,0.025425165409288408
2022-09-22,2022-09-23,2022-09-26,funded_assets,EUR,0.98999999999999999,IN_TCOP1250,JPY,-0.0004193859832668,0.01030966904950828,0.012440952369471046,-4.5580735481591645,0,0.0021312833199627658,65536,2021-12-31,5.9360068943581368e-18,5.9360068943581368e-18,-0.024128309409626264,0.025425165409288408
2022-09-22,2022-09-23,2022-09-26,funded_assets,USD,0.94999999999999996,IN_TCOP1250,JPY,-0.00037306014469619999,0.006860846332482155,0.009126558611428302,-4.9448214198198137,0,0.002265712278946147,65536,2021-12-31,5.9360068943581368e-18,5.9360068943581368e-18,-0.023783945506505866,0.025849323388828352
2022-09-22,2022-09-23,2022-09-26,funded_assets,USD,0.98999999999999999,IN_TCOP1250,JPY,-0.00037306014469619999,0.010481730011609208,0.012644837532088664,-4.5415727015287768,0,0.0021631075204794556,65536,2021-12-31,5.9360068943581368e-18,5.9360068943581368e-18,-0.023783945506505866,0.025849323388828352
2022-09-22,2022-09-23,2022-09-26,net_cashflows,EUR,0.94999999999999996,IN_TCOP1250,JPY,-0.0022199555539656,0.0048907807267157821,0.0064009358845292016,-5.2872383106553595,0,0.0015101551578134195,65536,2021-12-31,5.9360068943581368e-18,5.9360068943581368e-18,-0.014448360658952809,0.015240644280261631
2022-09-22,2022-09-23,2022-09-26,net_cashflows,EUR,0.98999999999999999,IN_TCOP1250,JPY,-0.0022199555539656,0.0073236844898038733,0.008668669500204694,-4.9031946826098043,0,0.0013449850104008208,65536,2021-12-31,5.9360068943581368e-18,5.9360068943581368e-18,-0.014448360658952809,0.015240644280261631
2022-09-22,2022-09-23,2022-09-26,net_cashflows,USD,0.94999999999999996,IN_TCOP1250,JPY,-0.0021412663430693999,0.004932153027274868,0.0064678379052212432,-5.2783474376962083,0,0.0015356848779463752,65536,2021-12-31,5.9360068943581368e-18,5.9360068943581368e-18,-0.014086571463019629,0.016047631602558614
2022-09-22,2022-09-23,2022-09-26,net_cashflows,USD,0.98999999999999999,IN_TCOP1250,JPY,-0.0021412663430693999,0.0074043781520295518,0.0087913925830134573,-4.8917517448749823,0,0.0013870144309839055,65536,2021-12-31,5.9360068943581368e-18,5.9360068943581368e-18,-0.014086571463019629,0.016047631602558614
2022-09-22,2022-09-23,2022-09-26,funded_assets,EUR,0.94999999999999996,IN_FHS1250,CHF,-0.0004193859832668,0.0092465612912589201,0.011853174539614358,-4.6550680042952166,0,0.0026066132483554376,1249,2021-12-31,4.5129915429709122e-18,4.5129915429709122e-18,-0.019641975909194087,0.017820642604024939
2022-09-22,2022-09-23,2022-09-26,funded_assets,EUR,0.98999999999999999,IN_FHS1250,CHF,-0.0004193859832668,0.013586244062704256,0.01574856977252161,-4.2883087154086681,0,0.0021623257098173539,1249,2021-12-31,4.5129915429709122e-18,4.5129915429709122e-18,-0.019641975909194087,0.017820642604024939
2022-09-22,2022-09-23,2022-09-26,funded_assets,USD,0.94999999999999996,IN_FHS1250,CHF,-0.00037306014469619999,0.0093005000941244285,0.011983615006258542,-4.6481136025100778,0,0.0026831149121341134,1249,2021-12-31,4.5129915429709122e-18,4.5129915429709122e-18,-0.019086101623088124,0.018092139751418882
2022-09-22,2022-09-23,2022-09-26,funded_assets,USD,0.98999999999999999,IN_FHS1250,CHF,-0.00037306014469619999,0.013562965038527799,0.015993375248738551,-4.2875442476238383,0,0.0024304102102107525,1249,2021-12-31,4.5129915429709122e-18,4.5129915429709122e-18,-0.019086101623088124,0.018092139751418882
2022-09-22,2022-09-23,2022-09-26,net_cashflows,EUR,0.94999999999999996,IN_FHS1250,CHF,-0.0022199555539656,0.0047719471208660267,0.0064868750130126062,-5.3023432538198385,0,0.0017149278921465795,1249,2021-12-31,4.5129915429709122e-18,4.5129915429709122e-18,-0.013506856993948034,0.015066856517632642
2022-09-22,2022-09-23,2022-09-26,net_cashflows,EUR,0.98999999999999999,IN_FHS1250,CHF,-0.0022199555539656,0.0076587074414392383,0.0094708625042537482,-4.8508753228138,0,0.0018121550628145099,1249,2021-12-31,4.5129915429709122e-18,4.5129915429709122e-18,-0.013506856993948034,0.015066856517632642
2022-09-22,2022-09-23,2022-09-26,net_cashflows,USD,0.94999999999999996,IN_FHS1250,CHF,-0.0021412663430693999,0.00477544394000275,0.0065199268817150435,-5.3004538515193964,0,0.0017444829417122935,1249,2021-12-31,4.5129915429709122e-18,4.5129915429709122e-18,-0.013275836011671142,0.015528566070470476
2022-09-22,2022-09-23,2022-09-26,net_cashflows,USD,0.98999999999999999,IN_FHS1250,CHF,-0.0021412663430693999,0.007618176362242865,0.0095355297452358566,-4.8538051415690013,0,0.0019173533829929916,1249,2021-12-31,4.5129915429709122e-18,4.5129915429709122e-18,-0.013275836011671142,0.015528566070470476
2022-09-22,2022-09-23,2022-09-26,funded_assets,EUR,0.94999999999999996,IN_TCOP1250,CHF,-0.0004193859832668,0.0097300252933212872,0.012582077783065734,-4.6021576712010805,0,0.0028520524897444471,65536,2021-12-31,8.3212516738262465e-18,8.3212516738262465e-18,-0.029049450467396404,0.03082547613204939
2022-09-22,2022-09-23,2022-09-26,funded_assets,EUR,0.98999999999999999,IN_TCOP1250,CHF,-0.0004193859832668,0.014285621148540789,0.016796327906713048,-4.2360744970679853,0,0.0025107067581722591,65536,2021-12-31,8.3212516738262465e-18,8.3212516738262465e-18,-0.029049450467396404,0.03082547613204939
2022-09-22,2022-09-23,2022-09-26,funded_assets,USD,0.94999999999999996,IN_TCOP1250,CHF,-0.00037306014469619999,0.0098459994728103181,0.012747165225216347,-4.5900393812842415,0,0.0029011657524060288,65536,2021-12-31,8.3212516738262465e-18,8.3212516738262465e-18,-0.028621760150416314,0.031626036779757921
2022-09-22,2022-09-23,2022-09-26,funded_assets,USD,0.98999999999999999,IN_TCOP1250,CHF,-0.00037306014469619999,0.014531214949390463,0.017088389570379614,-4.2189999982144304,0,0.0025571746209891513,65536,2021-12-31,8.3212516738262465e-18,8.3212516738262465e-18,-0.028621760150416314,0.031626036779757921
2022-09-22,2022-09-23,2022-09-26,net_cashflows,EUR,0.94999999999999996,IN_TCOP1250,CHF,-0.0022199555539656,0.0048446721124230322,0.0064285583855109843,-5.2933877762278527,0,0.0015838862730879521,65536,2021-12-31,8.3212516738262465e-18,8.3212516738262465e-18,-0.016214292300497035,0.017704693336071099
2022-09-22,2022-09-23,2022-09-26,net_cashflows,EUR,0.98999999999999999,IN_TCOP1250,CHF,-0.0022199555539656,0.0073604193295195193,0.0089006201631360166,-4.8946785389230314,0,0.0015402008336164973,65536,2021-12-31,8.3212516738262465e-18,8.3212516738262465e-18,-0.016214292300497035,0.017704693336071099
2022-09-22,2022-09-23,2022-09-26,net_cashflows,USD,0.94999999999999996,IN_TCOP1250,CHF,-0.0021412663430693999,0.0048504868721226668,0.0064437016013348227,-5.2919035967674581,0,0.0015932147292121559,65536,2021-12-31,8.3212516738262465e-18,8.3212516738262465e-18,-0.016336717247255068,0.01778168457042573
2022-09-22,2022-09-23,2022-09-26,net_cashflows,USD,0.98999999999999999,IN_TCOP1250,CHF,-0.0021412663430693999,0.0073829765589559174,0.0089340445260892368,-4.8914992618769979,0,0.0015510679671333193,65536,2021-12-31,8.3212516738262465e-18,8.3212516738262465e-18,-0.016336717247255068,0.01778168457042573
2022-09-22,2022-09-23,2022-09-26,funded_assets,EUR,0.94999999999999996,IN_FHS_REF_POOL,ALL_FIVE,-0.0004193859832668,0.0069103154956817459,0.0093973299977837144,-4.9319808559650085,0,0.0024870145021019686,6245,2021-12-31,0,0,-0.019641975909194087,0.026518954386217569
2022-09-22,2022-09-23,2022-09-26,funded_assets,EUR,0.98999999999999999,IN_FHS_REF_POOL,ALL_FIVE,-0.0004193859832668,0.010645440237930931,0.013323484711621376,-4.5192288379307621,0,0.0026780444736904455,6245,2021-12-31,0,0,-0.019641975909194087,0.026518954386217569
2022-09-22,2022-09-23,2022-09-26,funded_assets,USD,0.94999999999999996,IN_FHS_REF_POOL,ALL_FIVE,-0.00037306014469619999,0.0069509986286996235,0.0094882185573744744,-4.925111809614271,0,0.0025372199286748508,6245,2021-12-31,0,0,-0.019086101623088124,0.027065780214178551
2022-09-22,2022-09-23,2022-09-26,funded_assets,USD,0.98999999999999999,IN_FHS_REF_POOL,ALL_FIVE,-0.00037306014469619999,0.010789809635696616,0.013491622230931949,-4.5059449035167152,0,0.0027018125952353329,6245,2021-12-31,0,0,-0.019086101623088124,0.027065780214178551
2022-09-22,2022-09-23,2022-09-26,net_cashflows,EUR,0.94999999999999996,IN_FHS_REF_POOL,ALL_FIVE,-0.0022199555539656,0.0045738648852024499,0.0063034077419872048,-5.3410470761211135,0,0.0017295428567847548,6245,2021-12-31,0,0,-0.014961204475694666,0.015066856517632642
2022-09-22,2022-09-23,2022-09-26,net_cashflows,EUR,0.98999999999999999,IN_FHS_REF_POOL,ALL_FIVE,-0.0022199555539656,0.0073005877880527367,0.0089272455005716365,-4.9008601093675566,0,0.0016266577125188999,6245,2021-12-31,0,0,-0.014961204475694666,0.015066856517632642
2022-09-22,2022-09-23,2022-09-26,net_cashflows,USD,0.94999999999999996,IN_FHS_REF_POOL,ALL_FIVE,-0.0021412663430693999,0.0046111700633989765,0.0063622943061947658,-5.3326009389917575,0,0.0017511242427957893,6245,2021-12-31,0,0,-0.014673618897728617,0.015528566070470476
2022-09-22,2022-09-23,2022-09-26,net_cashflows,USD,0.98999999999999999,IN_FHS_REF_POOL,ALL_FIVE,-0.0021412663430693999,0.0073944249284225378,0.0090268922502276579,-4.8883920175488154,0,0.0016324673218051202,6245,2021-12-31,0,0,-0.014673618897728617,0.015528566070470476
2022-09-22,2022-09-23,2022-09-26,funded_assets,EUR,0.94999999999999996,IN_TCOP_REF_POOL,ALL_FIVE,-0.0004193859832668,0.0071489174015391399,0.0096525196128523887,-4.8999092193817457,0,0.0025036022113132488,327680,2021-12-31,0,0,-0.029049450467396404,0.03082547613204939
2022-09-22,2022-09-23,2022-09-26,funded_assets,EUR,0.98999999999999999,IN_TCOP_REF_POOL,ALL_FIVE,-0.0004193859832668,0.011204879735372597,0.013588001478578145,-4.4739523915707684,0,0.0023831217432055476,327680,2021-12-31,0,0,-0.029049450467396404,0.03082547613204939
2022-09-22,2022-09-23,2022-09-26,funded_assets,USD,0.94999999999999996,IN_TCOP_REF_POOL,ALL_FIVE,-0.00037306014469619999,0.0072041253075728956,0.0097574838565452765,-4.8914027808560139,0,0.0025533585489723809,327680,2021-12-31,0,0,-0.028621760150416314,0.031626036779757921
2022-09-22,2022-09-23,2022-09-26,funded_assets,USD,0.98999999999999999,IN_TCOP_REF_POOL,ALL_FIVE,-0.00037306014469619999,0.011334412898840886,0.013784640094172136,-4.4619508815366338,0,0.0024502271953312504,327680,2021-12-31,0,0,-0.028621760150416314,0.031626036779757921
2022-09-22,2022-09-23,2022-09-26,net_cashflows,EUR,0.94999999999999996,IN_TCOP_REF_POOL,ALL_FIVE,-0.0022199555539656,0.004687250261924414,0.0061659210731641739,-5.3285312009449726,0,0.0014786708112397599,327680,2021-12-31,0,0,-0.01762688569667803,0.017704693336071099
2022-09-22,2022-09-23,2022-09-26,net_cashflows,EUR,0.98999999999999999,IN_TCOP_REF_POOL,ALL_FIVE,-0.0022199555539656,0.0070684800309926202,0.0084257801972414462,-4.9375481616716979,0,0.001357300166248826,327680,2021-12-31,0,0,-0.01762688569667803,0.017704693336071099
2022-09-22,2022-09-23,2022-09-26,net_cashflows,USD,0.94999999999999996,IN_TCOP_REF_POOL,ALL_FIVE,-0.0021412663430693999,0.0047066646445616967,0.006200488930844684,-5.3240475323020746,0,0.0014938242862829873,327680,2021-12-31,0,0,-0.017555261699263146,0.01778168457042573
2022-09-22,2022-09-23,2022-09-26,net_cashflows,USD,0.98999999999999999,IN_TCOP_REF_POOL,ALL_FIVE,-0.0021412663430693999,0.0071059374975361109,0.0084928585677103464,-4.9318340250596933,0,0.0013869210701742355,327680,2021-12-31,0,0,-0.017555261699263146,0.01778168457042573
2023-04-03,2023-04-04,2023-04-05,funded_assets,EUR,0.94999999999999996,HS1250,ALL_EQUIVARIANT,-0.0015209517916577001,0.0047850214126578805,0.0066073458018584509,-5.2953760359532742,0,0.0018223243892005704,1249,2022-12-30,2.7952087259391911e-18,2.7952087259391911e-18,-0.016320720256127935,0.015738020767808003
2023-04-03,2023-04-04,2023-04-05,funded_assets,EUR,0.98999999999999999,HS1250,ALL_EQUIVARIANT,-0.0015209517916577001,0.007872153778705232,0.0094264795625076097,-4.8291218929544897,0,0.0015543257838023777,1249,2022-12-30,2.7952087259391911e-18,2.7952087259391911e-18,-0.016320720256127935,0.015738020767808003
2023-04-03,2023-04-04,2023-04-05,funded_assets,USD,0.94999999999999996,HS1250,ALL_EQUIVARIANT,-0.0015297776199232999,0.0047854885766738103,0.0066474888172702584,-5.2936219272402045,0,0.0018620002405964481,1249,2022-12-30,2.7952087259391911e-18,2.7952087259391911e-18,-0.016158454111973426,0.015923185969558433
2023-04-03,2023-04-04,2023-04-05,funded_assets,USD,0.98999999999999999,HS1250,ALL_EQUIVARIANT,-0.0015297776199232999,0.0078837131273755932,0.0095249988464685999,-4.826148961265277,0,0.0016412857190930066,1249,2022-12-30,2.7952087259391911e-18,2.7952087259391911e-18,-0.016158454111973426,0.015923185969558433
2023-04-03,2023-04-04,2023-04-05,net_cashflows,EUR,0.94999999999999996,HS1250,ALL_EQUIVARIANT,0.0053925952216731998,0.0030089773853227194,0.0051589328180270087,3.5569702174031601,1,-0.045522401294305272,1249,2022-12-30,2.7952087259391911e-18,2.7952087259391911e-18,-0.011362286891522877,0.017250502361274411
2023-04-03,2023-04-04,2023-04-05,net_cashflows,EUR,0.98999999999999999,HS1250,ALL_EQUIVARIANT,0.0053925952216731998,0.0065133106500530509,0.0090447835249964914,-4.9854491789312156,0,0.0025314728749434405,1249,2022-12-30,2.7952087259391911e-18,2.7952087259391911e-18,-0.011362286891522877,0.017250502361274411
2023-04-03,2023-04-04,2023-04-05,net_cashflows,USD,0.94999999999999996,HS1250,ALL_EQUIVARIANT,0.0054259721800057996,0.0030545799873712776,0.0052001142476965218,3.4488704574000373,1,-0.04528230959236515,1249,2022-12-30,2.7952087259391911e-18,2.7952087259391911e-18,-0.011163620632108224,0.017704227131297063
2023-04-03,2023-04-04,2023-04-05,net_cashflows,USD,0.98999999999999999,HS1250,ALL_EQUIVARIANT,0.0054259721800057996,0.0066602484978354861,0.0091312345838503502,-4.9666624756384419,0,0.0024709860860148642,1249,2022-12-30,2.7952087259391911e-18,2.7952087259391911e-18,-0.011163620632108224,0.017704227131297063
2023-04-03,2023-04-04,2023-04-05,funded_assets,EUR,0.94999999999999996,EWMA_GAUSS,ALL_EQUIVARIANT,-0.0015209517916577001,0.0078911201719980284,0.0099230601543369712,-4.8176634134979119,0,0.0020319399823389428,65536,2022-12-30,6.3967928176644762e-18,6.3967928176644762e-18,-0.02135912081868091,0.020822724399344655
2023-04-03,2023-04-04,2023-04-05,funded_assets,EUR,0.98999999999999999,EWMA_GAUSS,ALL_EQUIVARIANT,-0.0015209517916577001,0.011213463328181378,0.012797475827310938,-4.4822827136177166,0,0.0015840124991295598,65536,2022-12-30,6.3967928176644762e-18,6.3967928176644762e-18,-0.02135912081868091,0.020822724399344655
2023-04-03,2023-04-04,2023-04-05,funded_assets,USD,0.94999999999999996,EWMA_GAUSS,ALL_EQUIVARIANT,-0.0015297776199232999,0.0079514974549389737,0.010025880984762333,-4.8094882988563086,0,0.0020743835298233596,65536,2022-12-30,6.3967928176644762e-18,6.3967928176644762e-18,-0.020556536578268111,0.02110401802944992
2023-04-03,2023-04-04,2023-04-05,funded_assets,USD,0.98999999999999999,EWMA_GAUSS,ALL_EQUIVARIANT,-0.0015297776199232999,0.011334798889571562,0.012966775117653415,-4.4712232497835984,0,0.0016319762280818523,65536,2022-12-30,6.3967928176644762e-18,6.3967928176644762e-18,-0.020556536578268111,0.02110401802944992
2023-04-03,2023-04-04,2023-04-05,net_cashflows,EUR,0.94999999999999996,EWMA_GAUSS,ALL_EQUIVARIANT,0.0053925952216731998,0.0050365931425877981,0.0063359037755317928,-4.1428328889879449,1,-0.0058207309487640323,65536,2022-12-30,6.3967928176644762e-18,6.3967928176644762e-18,-0.011829140949251761,0.012527333825602229
2023-04-03,2023-04-04,2023-04-05,net_cashflows,EUR,0.98999999999999999,EWMA_GAUSS,ALL_EQUIVARIANT,0.0053925952216731998,0.0071488322692695224,0.00819850813089581,-4.9318356215725423,0,0.0010496758616262876,65536,2022-12-30,6.3967928176644762e-18,6.3967928176644762e-18,-0.011829140949251761,0.012527333825602229
2023-04-03,2023-04-04,2023-04-05,net_cashflows,USD,0.94999999999999996,EWMA_GAUSS,ALL_EQUIVARIANT,0.0054259721800057996,0.0050532696637526336,0.0063578787643713986,-4.090844617392591,1,-0.0061494412244445483,65536,2022-12-30,6.3967928176644762e-18,6.3967928176644762e-18,-0.011806094115214834,0.012580523053799912
2023-04-03,2023-04-04,2023-04-05,net_cashflows,USD,0.98999999999999999,EWMA_GAUSS,ALL_EQUIVARIANT,0.0054259721800057996,0.0071613778821062258,0.008233334148894017,-4.9297613294871869,0,0.0010719562667877913,65536,2022-12-30,6.3967928176644762e-18,6.3967928176644762e-18,-0.011806094115214834,0.012580523053799912
2023-04-03,2023-04-04,2023-04-05,funded_assets,EUR,0.94999999999999996,EWMA_SELFNORMALIZED,ALL_EQUIVARIANT,-0.0015209517916577001,0.0079403681502268342,0.0099453637386683648,-4.8122498238239277,0,0.0020049955884415306,65536,2022-12-30,5.4210108624275222e-18,5.4210108624275222e-18,-0.019463307829546639,0.019309337358852291
2023-04-03,2023-04-04,2023-04-05,funded_assets,EUR,0.98999999999999999,EWMA_SELFNORMALIZED,ALL_EQUIVARIANT,-0.0015209517916577001,0.011233805889416526,0.01282522823143166,-4.480426396108359,0,0.0015914223420151336,65536,2022-12-30,5.4210108624275222e-18,5.4210108624275222e-18,-0.019463307829546639,0.019309337358852291
2023-04-03,2023-04-04,2023-04-05,funded_assets,USD,0.94999999999999996,EWMA_SELFNORMALIZED,ALL_EQUIVARIANT,-0.0015297776199232999,0.0080085076199565095,0.010049831498718416,-4.8033196203448814,0,0.0020413238787619064,65536,2022-12-30,5.4210108624275222e-18,5.4210108624275222e-18,-0.019059319690943308,0.019747226007587586
2023-04-03,2023-04-04,2023-04-05,funded_assets,USD,0.98999999999999999,EWMA_SELFNORMALIZED,ALL_EQUIVARIANT,-0.0015297776199232999,0.011357412595997936,0.012986976365162663,-4.4692850057955464,0,0.0016295637691647272,65536,2022-12-30,5.4210108624275222e-18,5.4210108624275222e-18,-0.019059319690943308,0.019747226007587586
2023-04-03,2023-04-04,2023-04-05,net_cashflows,EUR,0.94999999999999996,EWMA_SELFNORMALIZED,ALL_EQUIVARIANT,0.0053925952216731998,0.0050647918831992818,0.0063644309755240625,-4.2311235153935645,1,-0.0052564276771535721,65536,2022-12-30,5.4210108624275222e-18,5.4210108624275222e-18,-0.012020765030443204,0.012699270310468124
2023-04-03,2023-04-04,2023-04-05,net_cashflows,EUR,0.98999999999999999,EWMA_SELFNORMALIZED,ALL_EQUIVARIANT,0.0053925952216731998,0.0071701437056897362,0.0081717418091301064,-4.9296416931251068,0,0.0010015981034403702,65536,2022-12-30,5.4210108624275222e-18,5.4210108624275222e-18,-0.012020765030443204,0.012699270310468124
2023-04-03,2023-04-04,2023-04-05,net_cashflows,USD,0.94999999999999996,EWMA_SELFNORMALIZED,ALL_EQUIVARIANT,0.0054259721800057996,0.005080599354893584,0.0063869833678500462,-4.1765420459715799,1,-0.0056010724892878432,65536,2022-12-30,5.4210108624275222e-18,5.4210108624275222e-18,-0.011723378583393389,0.01281089368541416
2023-04-03,2023-04-04,2023-04-05,net_cashflows,USD,0.98999999999999999,EWMA_SELFNORMALIZED,ALL_EQUIVARIANT,0.0054259721800057996,0.0071985901975639985,0.0082064912202114045,-4.9256473606485187,0,0.0010079010226474059,65536,2022-12-30,5.4210108624275222e-18,5.4210108624275222e-18,-0.011723378583393389,0.01281089368541416
2023-04-03,2023-04-04,2023-04-05,funded_assets,EUR,0.94999999999999996,IN_FHS1250,EUR,-0.0015209517916577001,0.0065157250011501355,0.0084777531818044476,-5.0017423861898473,0,0.001962028180654312,1249,2022-12-30,4.6620693416876691e-18,4.6620693416876691e-18,-0.01680719526452587,0.019226484235868285
2023-04-03,2023-04-04,2023-04-05,funded_assets,EUR,0.98999999999999999,IN_FHS1250,EUR,-0.0015209517916577001,0.0096458799991663291,0.011525533534797752,-4.626276429892016,0,0.0018796535356314231,1249,2022-12-30,4.6620693416876691e-18,4.6620693416876691e-18,-0.01680719526452587,0.019226484235868285
2023-04-03,2023-04-04,2023-04-05,funded_assets,USD,0.94999999999999996,IN_FHS1250,EUR,-0.0015297776199232999,0.0065638839159547439,0.0085323920287701995,-4.994595525266643,0,0.0019685081128154557,1249,2022-12-30,4.6620693416876691e-18,4.6620693416876691e-18,-0.016674522006839814,0.019481407575278126
2023-04-03,2023-04-04,2023-04-05,funded_assets,USD,0.98999999999999999,IN_FHS1250,EUR,-0.0015297776199232999,0.0094925871148626127,0.011629830322008341,-4.6379544206654089,0,0.0021372432071457281,1249,2022-12-30,4.6620693416876691e-18,4.6620693416876691e-18,-0.016674522006839814,0.019481407575278126
2023-04-03,2023-04-04,2023-04-05,net_cashflows,EUR,0.94999999999999996,IN_FHS1250,EUR,0.0053925952216731998,0.0046598037128070422,0.006937514782615008,-3.1865820861026766,1,-0.01237811910751517,1249,2022-12-30,4.6620693416876691e-18,4.6620693416876691e-18,-0.015610503870066338,0.01621899824069031
2023-04-03,2023-04-04,2023-04-05,net_cashflows,EUR,0.98999999999999999,IN_FHS1250,EUR,0.0053925952216731998,0.0077882870737034154,0.011039668811878806,-4.8007782881462475,0,0.0032513817381753908,1249,2022-12-30,4.6620693416876691e-18,4.6620693416876691e-18,-0.015610503870066338,0.01621899824069031
2023-04-03,2023-04-04,2023-04-05,net_cashflows,USD,0.94999999999999996,IN_FHS1250,EUR,0.0054259721800057996,0.0046592540526787206,0.0069908315612718696,-3.1031788908300304,1,-0.013002785037948418,1249,2022-12-30,4.6620693416876691e-18,4.6620693416876691e-18,-0.015317521941566246,0.016120269348804898
2023-04-03,2023-04-04,2023-04-05,net_cashflows,USD,0.98999999999999999,IN_FHS1250,EUR,0.0054259721800057996,0.0078675871433419101,0.011153844763437277,-4.790601048934044,0,0.0032862576200953664,1249,2022-12-30,4.6620693416876691e-18,4.6620693416876691e-18,-0.015317521941566246,0.016120269348804898
2023-04-03,2023-04-04,2023-04-05,funded_assets,EUR,0.94999999999999996,IN_TCOP1250,EUR,-0.0015209517916577001,0.0066622200867486325,0.0086976242710727174,-4.9787237707910741,0,0.0020354041843240848,65536,2022-12-30,5.570088661144279e-18,5.570088661144279e-18,-0.02084574354212243,0.019927590285549107
2023-04-03,2023-04-04,2023-04-05,funded_assets,EUR,0.98999999999999999,IN_TCOP1250,EUR,-0.0015209517916577001,0.010008124229685167,0.011896118564000852,-4.590249854793873,0,0.001887994334315685,65536,2022-12-30,5.570088661144279e-18,5.570088661144279e-18,-0.02084574354212243,0.019927590285549107
2023-04-03,2023-04-04,2023-04-05,funded_assets,USD,0.94999999999999996,IN_TCOP1250,EUR,-0.0015297776199232999,0.0066992866081903545,0.0087829694911207724,-4.9721819929744075,0,0.0020836828829304179,65536,2022-12-30,5.570088661144279e-18,5.570088661144279e-18,-0.020548495397454777,0.020286832371563854
2023-04-03,2023-04-04,2023-04-05,funded_assets,USD,0.98999999999999999,IN_TCOP1250,EUR,-0.0015297776199232999,0.010120445470538069,0.012050685331930116,-4.578810517360373,0,0.0019302398613920465,65536,2022-12-30,5.570088661144279e-18,5.570088661144279e-18,-0.020548495397454777,0.020286832371563854
2023-04-03,2023-04-04,2023-04-05,net_cashflows,EUR,0.94999999999999996,IN_TCOP1250,EUR,0.0053925952216731998,0.0047489485040178797,0.0064029921455466413,-3.2988573632412646,1,-0.011218890711577627,65536,2022-12-30,5.570088661144279e-18,5.570088661144279e-18,-0.017658697430685422,0.020728035183256943
2023-04-03,2023-04-04,2023-04-05,net_cashflows,EUR,0.98999999999999999,IN_TCOP1250,EUR,0.0053925952216731998,0.0074039485255744213,0.009115948300985794,-4.8855325466889843,0,0.0017119997754113728,65536,2022-12-30,5.570088661144279e-18,5.570088661144279e-18,-0.017658697430685422,0.020728035183256943
2023-04-03,2023-04-04,2023-04-05,net_cashflows,USD,0.94999999999999996,IN_TCOP1250,EUR,0.0054259721800057996,0.0047608287351421103,0.0064230885116360846,-3.2355490681209824,1,-0.011640609120779799,65536,2022-12-30,5.570088661144279e-18,5.570088661144279e-18,-0.017623321110860526,0.020868068848019509
2023-04-03,2023-04-04,2023-04-05,net_cashflows,USD,0.98999999999999999,IN_TCOP1250,EUR,0.0054259721800057996,0.0074184249332280312,0.0091592524526915506,-4.8830528969937976,0,0.0017408275194635194,65536,2022-12-30,5.570088661144279e-18,5.570088661144279e-18,-0.017623321110860526,0.020868068848019509
2023-04-03,2023-04-04,2023-04-05,funded_assets,EUR,0.94999999999999996,IN_FHS1250,USD,-0.0015209517916577001,0.0066934260509136645,0.0087648297406144639,-4.9733394951626781,0,0.0020714036897007994,1249,2022-12-30,4.6349642873755315e-18,4.6349642873755315e-18,-0.016035344791992756,0.018347591558385529
2023-04-03,2023-04-04,2023-04-05,funded_assets,EUR,0.98999999999999999,IN_FHS1250,USD,-0.0015209517916577001,0.0098138789849730179,0.011913118512560881,-4.6063275171568101,0,0.0020992395275878633,1249,2022-12-30,4.6349642873755315e-18,4.6349642873755315e-18,-0.016035344791992756,0.018347591558385529
2023-04-03,2023-04-04,2023-04-05,funded_assets,USD,0.94999999999999996,IN_FHS1250,USD,-0.0015297776199232999,0.0067504085196447468,0.0088277720104715969,-4.9651739965357358,0,0.0020773634908268501,1249,2022-12-30,4.6349642873755315e-18,4.6349642873755315e-18,-0.015900492241460035,0.018576755606027878
2023-04-03,2023-04-04,2023-04-05,funded_assets,USD,0.98999999999999999,IN_FHS1250,USD,-0.0015297776199232999,0.0098245278662081534,0.012028575677339731,-4.6037044674412737,0,0.0022040478111315775,1249,2022-12-30,4.6349642873755315e-18,4.6349642873755315e-18,-0.015900492241460035,0.018576755606027878
2023-04-03,2023-04-04,2023-04-05,net_cashflows,EUR,0.94999999999999996,IN_FHS1250,USD,0.0053925952216731998,0.0049154347639916666,0.0064832084533984992,-3.8083717768068022,1,-0.007975435464223822,1249,2022-12-30,4.6349642873755315e-18,4.6349642873755315e-18,-0.0096870128434793923,0.011545371891648259
2023-04-03,2023-04-04,2023-04-05,net_cashflows,EUR,0.98999999999999999,IN_FHS1250,USD,0.0053925952216731998,0.0073560407856362638,0.008985909799615081,-4.8934780286957746,0,0.0016298690139788172,1249,2022-12-30,4.6349642873755315e-18,4.6349642873755315e-18,-0.0096870128434793923,0.011545371891648259
2023-04-03,2023-04-04,2023-04-05,net_cashflows,USD,0.94999999999999996,IN_FHS1250,USD,0.0054259721800057996,0.004905152600548887,0.0065454433570111877,-3.6881906674587621,1,-0.008776100832675944,1249,2022-12-30,4.6349642873755315e-18,4.6349642873755315e-18,-0.0097149969844766253,0.011703849548424423
2023-04-03,2023-04-04,2023-04-05,net_cashflows,USD,0.98999999999999999,IN_FHS1250,USD,0.0054259721800057996,0.0073436278421743686,0.0090972148706700007,-4.8925478377740141,0,0.0017535870284956321,1249,2022-12-30,4.6349642873755315e-18,4.6349642873755315e-18,-0.0097149969844766253,0.011703849548424423
2023-04-03,2023-04-04,2023-04-05,funded_assets,EUR,0.94999999999999996,IN_TCOP1250,USD,-0.0015209517916577001,0.0071705770857820872,0.0093009916176445811,-4.9066866674971417,0,0.0021304145318624939,65536,2022-12-30,5.6175225061905198e-18,5.6175225061905198e-18,-0.027343380437806236,0.022125521003658222
2023-04-03,2023-04-04,2023-04-05,funded_assets,EUR,0.98999999999999999,IN_TCOP1250,USD,-0.0015209517916577001,0.010597542425206108,0.012597945620791928,-4.5330095724180213,0,0.0020004031955858197,65536,2022-12-30,5.6175225061905198e-18,5.6175225061905198e-18,-0.027343380437806236,0.022125521003658222
2023-04-03,2023-04-04,2023-04-05,funded_assets,USD,0.94999999999999996,IN_TCOP1250,USD,-0.0015297776199232999,0.0072310199105816925,0.0093970179778979993,-4.8978613252370469,0,0.0021659980673163068,65536,2022-12-30,5.6175225061905198e-18,5.6175225061905198e-18,-0.027154443694293831,0.02227981747910189
2023-04-03,2023-04-04,2023-04-05,funded_assets,USD,0.98999999999999999,IN_TCOP1250,USD,-0.0015297776199232999,0.010715736810794938,0.012759779579221538,-4.5216514823539455,0,0.0020440427684265995,65536,2022-12-30,5.6175225061905198e-18,5.6175225061905198e-18,-0.027154443694293831,0.02227981747910189
2023-04-03,2023-04-04,2023-04-05,net_cashflows,EUR,0.94999999999999996,IN_TCOP1250,USD,0.0053925952216731998,0.004842935910661394,0.0063566942664511185,-3.5669956200946125,1,-0.0094794278644463811,65536,2022-12-30,5.6175225061905198e-18,5.6175225061905198e-18,-0.011754768300282282,0.01369286382343239
2023-04-03,2023-04-04,2023-04-05,net_cashflows,EUR,0.98999999999999999,IN_TCOP1250,USD,0.0053925952216731998,0.007242015053037832,0.0086083843757995653,-4.9137440312943657,0,0.0013663693227617332,65536,2022-12-30,5.6175225061905198e-18,5.6175225061905198e-18,-0.011754768300282282,0.01369286382343239
2023-04-03,2023-04-04,2023-04-05,net_cashflows,USD,0.94999999999999996,IN_TCOP1250,USD,0.0054259721800057996,0.0048607964014913893,0.0063929771124065504,-3.5241069392089019,1,-0.0097713348593730341,65536,2022-12-30,5.6175225061905198e-18,5.6175225061905198e-18,-0.011795372769279121,0.013853262182343213
2023-04-03,2023-04-04,2023-04-05,net_cashflows,USD,0.98999999999999999,IN_TCOP1250,USD,0.0054259721800057996,0.0072917768578224778,0.0086776408422103487,-4.9067107356208215,0,0.0013858639843878709,65536,2022-12-30,5.6175225061905198e-18,5.6175225061905198e-18,-0.011795372769279121,0.013853262182343213
2023-04-03,2023-04-04,2023-04-05,funded_assets,EUR,0.94999999999999996,IN_FHS1250,GBP,-0.0015209517916577001,0.0045734904218290573,0.0061457853928586015,-5.3478217758198321,0,0.0015722949710295442,1249,2022-12-30,4.8111471404044259e-18,4.8111471404044259e-18,-0.014000126739098562,0.011636103487608851
2023-04-03,2023-04-04,2023-04-05,funded_assets,EUR,0.98999999999999999,IN_FHS1250,GBP,-0.0015209517916577001,0.0069962820177849883,0.0084091395198603071,-4.9464506420237182,0,0.0014128575020753188,1249,2022-12-30,4.8111471404044259e-18,4.8111471404044259e-18,-0.014000126739098562,0.011636103487608851
2023-04-03,2023-04-04,2023-04-05,funded_assets,USD,0.94999999999999996,IN_FHS1250,GBP,-0.0015297776199232999,0.0045990026715971178,0.0061742483370367416,-5.3424996996432395,0,0.0015752456654396238,1249,2022-12-30,4.8111471404044259e-18,4.8111471404044259e-18,-0.013845810550086319,0.011719706604411224
2023-04-03,2023-04-04,2023-04-05,funded_assets,USD,0.98999999999999999,IN_FHS1250,GBP,-0.0015297776199232999,0.0070889039153428663,0.0084683328838818465,-4.9343142401722915,0,0.0013794289685389802,1249,2022-12-30,4.8111471404044259e-18,4.8111471404044259e-18,-0.013845810550086319,0.011719706604411224
2023-04-03,2023-04-04,2023-04-05,net_cashflows,EUR,0.94999999999999996,IN_FHS1250,GBP,0.0053925952216731998,0.0032242389257939761,0.0047193950619582366,3.5162425051018511,1,-0.041871969781420174,1249,2022-12-30,4.8111471404044259e-18,4.8111471404044259e-18,-0.0089448712065795296,0.011096025861843772
2023-04-03,2023-04-04,2023-04-05,net_cashflows,EUR,0.98999999999999999,IN_FHS1250,GBP,0.0053925952216731998,0.005595684323792682,0.0073657463413860742,-5.1512248320235798,0,0.0017700620175933922,1249,2022-12-30,4.8111471404044259e-18,4.8111471404044259e-18,-0.0089448712065795296,0.011096025861843772
2023-04-03,2023-04-04,2023-04-05,net_cashflows,USD,0.94999999999999996,IN_FHS1250,GBP,0.0054259721800057996,0.0032296163510048622,0.0047481578337564053,3.5815863997019566,1,-0.042408575097267164,1249,2022-12-30,4.8111471404044259e-18,4.8111471404044259e-18,-0.0088566042663739096,0.011199449364093679
2023-04-03,2023-04-04,2023-04-05,net_cashflows,USD,0.98999999999999999,IN_FHS1250,GBP,0.0054259721800057996,0.0056762031608237722,0.0074393235053719677,-5.1379754515379323,0,0.0017631203445481955,1249,2022-12-30,4.8111471404044259e-18,4.8111471404044259e-18,-0.0088566042663739096,0.011199449364093679
2023-04-03,2023-04-04,2023-04-05,funded_assets,EUR,0.94999999999999996,IN_TCOP1250,GBP,-0.0015209517916577001,0.0047246206746909269,0.0066113571798367219,-5.3043444171345362,0,0.001886736505145795,65536,2022-12-30,6.5594231435373018e-18,6.5594231435373018e-18,-0.020844891697337886,0.019488752780044916
2023-04-03,2023-04-04,2023-04-05,funded_assets,EUR,0.98999999999999999,IN_TCOP1250,GBP,-0.0015209517916577001,0.0077609779067215889,0.00974506781715106,-4.834593381731537,0,0.001984089910429471,65536,2022-12-30,6.5594231435373018e-18,6.5594231435373018e-18,-0.020844891697337886,0.019488752780044916
2023-04-03,2023-04-04,2023-04-05,funded_assets,USD,0.94999999999999996,IN_TCOP1250,GBP,-0.0015297776199232999,0.0047343493986046255,0.0066580959728781454,-5.3008551654095433,0,0.0019237465742735198,65536,2022-12-30,6.5594231435373018e-18,6.5594231435373018e-18,-0.020459106972685871,0.019859191952183858
2023-04-03,2023-04-04,2023-04-05,funded_assets,USD,0.98999999999999999,IN_TCOP1250,GBP,-0.0015297776199232999,0.0077980704069854035,0.0098482722705286463,-4.8286380797645272,0,0.0020502018635432427,65536,2022-12-30,6.5594231435373018e-18,6.5594231435373018e-18,-0.020459106972685871,0.019859191952183858
2023-04-03,2023-04-04,2023-04-05,net_cashflows,EUR,0.94999999999999996,IN_TCOP1250,GBP,0.0053925952216731998,0.0033214424375252573,0.0044902223275711996,3.5590205800987125,1,-0.040254275792912873,65536,2022-12-30,6.5594231435373018e-18,6.5594231435373018e-18,-0.012086341124442689,0.013848561363722013
2023-04-03,2023-04-04,2023-04-05,net_cashflows,EUR,0.98999999999999999,IN_TCOP1250,GBP,0.0053925952216731998,0.0052185276737327091,0.0063960890862122585,-2.5147065579329051,1,-0.016229193381569508,65536,2022-12-30,6.5594231435373018e-18,6.5594231435373018e-18,-0.012086341124442689,0.013848561363722013
2023-04-03,2023-04-04,2023-04-05,net_cashflows,USD,0.94999999999999996,IN_TCOP1250,GBP,0.0054259721800057996,0.0033193951820626182,0.0045044553290191323,3.687529456876951,1,-0.040946479811907077,65536,2022-12-30,6.5594231435373018e-18,6.5594231435373018e-18,-0.012084023484072837,0.013790806851884625
2023-04-03,2023-04-04,2023-04-05,net_cashflows,USD,0.98999999999999999,IN_TCOP1250,GBP,0.0054259721800057996,0.0052357401237060923,0.0064341605180775092,-2.2757981006008636,1,-0.0178247852355993,65536,2022-12-30,6.5594231435373018e-18,6.5594231435373018e-18,-0.012084023484072837,0.013790806851884625
2023-04-03,2023-04-04,2023-04-05,funded_assets,EUR,0.94999999999999996,IN_FHS1250,JPY,-0.0015209517916577001,0.0088705888175318881,0.011687144336672362,-4.6902618572087285,0,0.0028165555191404738,1249,2022-12-30,4.5536491244391186e-18,4.5536491244391186e-18,-0.020784626355507207,0.032521270714949729
2023-04-03,2023-04-04,2023-04-05,funded_assets,EUR,0.98999999999999999,IN_FHS1250,JPY,-0.0015209517916577001,0.013420707573451401,0.016417750690137786,-4.2919411183058251,0,0.0029970431166863841,1249,2022-12-30,4.5536491244391186e-18,4.5536491244391186e-18,-0.020784626355507207,0.032521270714949729
2023-04-03,2023-04-04,2023-04-05,funded_assets,USD,0.94999999999999996,IN_FHS1250,JPY,-0.0015297776199232999,0.0089142361749110395,0.011794481175743669,-4.6843263261752099,0,0.0028802450008326291,1249,2022-12-30,4.5536491244391186e-18,4.5536491244391186e-18,-0.020516117762954044,0.033478338191667262
2023-04-03,2023-04-04,2023-04-05,funded_assets,USD,0.98999999999999999,IN_FHS1250,JPY,-0.0015297776199232999,0.013590144074851587,0.016667207920650171,-4.27892992274999,0,0.0030770638457985836,1249,2022-12-30,4.5536491244391186e-18,4.5536491244391186e-18,-0.020516117762954044,0.033478338191667262
2023-04-03,2023-04-04,2023-04-05,net_cashflows,EUR,0.94999999999999996,IN_FHS1250,JPY,0.0053925952216731998,0.005097229195309594,0.006610263117527675,-4.3543645441165868,1,-0.0043942866050540293,1249,2022-12-30,4.5536491244391186e-18,4.5536491244391186e-18,-0.010442571081884556,0.011233193840144163
2023-04-03,2023-04-04,2023-04-05,net_cashflows,EUR,0.98999999999999999,IN_FHS1250,JPY,0.0053925952216731998,0.0078292337929697815,0.009085271033588813,-4.8393505816165021,0,0.0012560372406190314,1249,2022-12-30,4.5536491244391186e-18,4.5536491244391186e-18,-0.010442571081884556,0.011233193840144163
2023-04-03,2023-04-04,2023-04-05,net_cashflows,USD,0.94999999999999996,IN_FHS1250,JPY,0.0054259721800057996,0.0050498313801852776,0.0066781525379816381,-4.1262603767737431,1,-0.0058944948386140715,1249,2022-12-30,4.5536491244391186e-18,4.5536491244391186e-18,-0.01013136131136512,0.011245180828667914
2023-04-03,2023-04-04,2023-04-05,net_cashflows,USD,0.98999999999999999,IN_FHS1250,JPY,0.0054259721800057996,0.0078998221442005551,0.0091540877527777811,-4.8305717469099632,0,0.001254265608577226,1249,2022-12-30,4.5536491244391186e-18,4.5536491244391186e-18,-0.01013136131136512,0.011245180828667914
2023-04-03,2023-04-04,2023-04-05,funded_assets,EUR,0.94999999999999996,IN_TCOP1250,JPY,-0.0015209517916577001,0.0090122167919376162,0.011857036142626129,-4.6747605031976995,0,0.0028448193506885131,65536,2022-12-30,7.0202090668436412e-18,7.0202090668436412e-18,-0.033852371422948196,0.036903760773190519
2023-04-03,2023-04-04,2023-04-05,funded_assets,EUR,0.98999999999999999,IN_TCOP1250,JPY,-0.0015209517916577001,0.013582554403169328,0.016294903343535411,-4.2833567203566378,0,0.0027123489403660835,65536,2022-12-30,7.0202090668436412e-18,7.0202090668436412e-18,-0.033852371422948196,0.036903760773190519
2023-04-03,2023-04-04,2023-04-05,funded_assets,USD,0.94999999999999996,IN_TCOP1250,JPY,-0.0015297776199232999,0.0091066612113686624,0.012016877150822423,-4.6636205776478334,0,0.0029102159394537603,65536,2022-12-30,7.0202090668436412e-18,7.0202090668436412e-18,-0.032711003132795666,0.038850627040592958
2023-04-03,2023-04-04,2023-04-05,funded_assets,USD,0.98999999999999999,IN_TCOP1250,JPY,-0.0015297776199232999,0.013812799519336926,0.016593806080990949,-4.2663188302633781,0,0.0027810065616540227,65536,2022-12-30,7.0202090668436412e-18,7.0202090668436412e-18,-0.032711003132795666,0.038850627040592958
2023-04-03,2023-04-04,2023-04-05,net_cashflows,EUR,0.94999999999999996,IN_TCOP1250,JPY,0.0053925952216731998,0.0049479153406459357,0.0065392461578739998,-3.9132501134160536,1,-0.0073022668033172087,65536,2022-12-30,7.0202090668436412e-18,7.0202090668436412e-18,-0.014746716982051112,0.018830874813635934
2023-04-03,2023-04-04,2023-04-05,net_cashflows,EUR,0.98999999999999999,IN_TCOP1250,JPY,0.0053925952216731998,0.0074905386326815857,0.0089733592194234189,-4.8787421664870916,0,0.0014828205867418332,65536,2022-12-30,7.0202090668436412e-18,7.0202090668436412e-18,-0.014746716982051112,0.018830874813635934
2023-04-03,2023-04-04,2023-04-05,net_cashflows,USD,0.94999999999999996,IN_TCOP1250,JPY,0.0054259721800057996,0.0049786636998224755,0.0065945143583828183,-3.9099388507685742,1,-0.0073303189451061302,65536,2022-12-30,7.0202090668436412e-18,7.0202090668436412e-18,-0.014381853753888722,0.018906193677226381
2023-04-03,2023-04-04,2023-04-05,net_cashflows,USD,0.98999999999999999,IN_TCOP1250,JPY,0.0054259721800057996,0.0075513392758655958,0.0090787349197422162,-4.8700592414218882,0,0.0015273956438766204,65536,2022-12-30,7.0202090668436412e-18,7.0202090668436412e-18,-0.014381853753888722,0.018906193677226381
2023-04-03,2023-04-04,2023-04-05,funded_assets,EUR,0.94999999999999996,IN_FHS1250,CHF,-0.0015209517916577001,0.0064522382071081907,0.0083961632315240967,-5.0115058325067343,0,0.0019439250244159059,1249,2022-12-30,2.9205696021328276e-18,2.9205696021328276e-18,-0.016649620423600048,0.014480041519693038
2023-04-03,2023-04-04,2023-04-05,funded_assets,EUR,0.98999999999999999,IN_FHS1250,CHF,-0.0015209517916577001,0.0097834488497622885,0.011595368785105862,-4.6134118842870233,0,0.0018119199353435738,1249,2022-12-30,2.9205696021328276e-18,2.9205696021328276e-18,-0.016649620423600048,0.014480041519693038
2023-04-03,2023-04-04,2023-04-05,funded_assets,USD,0.94999999999999996,IN_FHS1250,CHF,-0.0015297776199232999,0.0065108666226829422,0.0084525389278382931,-5.00300310147873,0,0.0019416723051553508,1249,2022-12-30,2.9205696021328276e-18,2.9205696021328276e-18,-0.016529138203692832,0.014640094326948109
2023-04-03,2023-04-04,2023-04-05,funded_assets,USD,0.98999999999999999,IN_FHS1250,CHF,-0.0015297776199232999,0.0097777622075860965,0.011700161216516633,-4.6124580016903458,0,0.0019223990089305368,1249,2022-12-30,2.9205696021328276e-18,2.9205696021328276e-18,-0.016529138203692832,0.014640094326948109
2023-04-03,2023-04-04,2023-04-05,net_cashflows,EUR,0.94999999999999996,IN_FHS1250,CHF,0.0053925952216731998,0.0039573958884544071,0.0056658223459854357,-0.40867092344344247,1,-0.0269955602068448,1249,2022-12-30,2.9205696021328276e-18,2.9205696021328276e-18,-0.011741787283381476,0.012962274262041894
2023-04-03,2023-04-04,2023-04-05,net_cashflows,EUR,0.98999999999999999,IN_FHS1250,CHF,0.0053925952216731998,0.0062664224026193205,0.0089077148388469266,-5.0173549410361051,0,0.0026412924362276061,1249,2022-12-30,2.9205696021328276e-18,2.9205696021328276e-18,-0.011741787283381476,0.012962274262041894
2023-04-03,2023-04-04,2023-04-05,net_cashflows,USD,0.94999999999999996,IN_FHS1250,CHF,0.0054259721800057996,0.003987477303235851,0.0056989508880595958,-0.4195073691071789,1,-0.0270584239505752,1249,2022-12-30,2.9205696021328276e-18,2.9205696021328276e-18,-0.011562542197643478,0.013330336184486431
2023-04-03,2023-04-04,2023-04-05,net_cashflows,USD,0.98999999999999999,IN_FHS1250,CHF,0.0054259721800057996,0.0062917676028035234,0.0089674609214219908,-5.0125307357862416,0,0.0026756933186184674,1249,2022-12-30,2.9205696021328276e-18,2.9205696021328276e-18,-0.011562542197643478,0.013330336184486431
2023-04-03,2023-04-04,2023-04-05,funded_assets,EUR,0.94999999999999996,IN_TCOP1250,CHF,-0.0015209517916577001,0.0067103435142266965,0.0088260191264522489,-4.9697601323555602,0,0.0021156756122255524,65536,2022-12-30,4.87890977618477e-18,4.87890977618477e-18,-0.025387226399228496,0.02164070402455387
2023-04-03,2023-04-04,2023-04-05,funded_assets,EUR,0.98999999999999999,IN_TCOP1250,CHF,-0.0015209517916577001,0.010147648551212918,0.012104436442033968,-4.575841981113733,0,0.0019567878908210504,65536,2022-12-30,4.87890977618477e-18,4.87890977618477e-18,-0.025387226399228496,0.02164070402455387
2023-04-03,2023-04-04,2023-04-05,funded_assets,USD,0.94999999999999996,IN_TCOP1250,CHF,-0.0015297776199232999,0.0067489514024879592,0.0089088197600616908,-4.9631550908019548,0,0.0021598683575737316,65536,2022-12-30,4.87890977618477e-18,4.87890977618477e-18,-0.025130835764004704,0.022309077474166616
2023-04-03,2023-04-04,2023-04-05,funded_assets,USD,0.98999999999999999,IN_TCOP1250,CHF,-0.0015297776199232999,0.010214387434732139,0.012260265587687487,-4.5682623084546368,0,0.0020458781529553473,65536,2022-12-30,4.87890977618477e-18,4.87890977618477e-18,-0.025130835764004704,0.022309077474166616
2023-04-03,2023-04-04,2023-04-05,net_cashflows,EUR,0.94999999999999996,IN_TCOP1250,CHF,0.0053925952216731998,0.0039942625186795803,0.0053398030846226185,-0.24715541645450401,1,-0.026621113493929326,65536,2022-12-30,4.87890977618477e-18,4.87890977618477e-18,-0.012327778900810271,0.016367116738752185
2023-04-03,2023-04-04,2023-04-05,net_cashflows,EUR,0.98999999999999999,IN_TCOP1250,CHF,0.0053925952216731998,0.0061378606348203128,0.0075239927299509185,-5.0738865946209311,0,0.0013861320951306056,65536,2022-12-30,4.87890977618477e-18,4.87890977618477e-18,-0.012327778900810271,0.016367116738752185
2023-04-03,2023-04-04,2023-04-05,net_cashflows,USD,0.94999999999999996,IN_TCOP1250,CHF,0.0054259721800057996,0.0040067182683572698,0.0053566837019479209,-0.18242324643379781,1,-0.02703511279937992,65536,2022-12-30,4.87890977618477e-18,4.87890977618477e-18,-0.01215034373385342,0.016414964868770344
2023-04-03,2023-04-04,2023-04-05,net_cashflows,USD,0.98999999999999999,IN_TCOP1250,CHF,0.0054259721800057996,0.0061693026680421587,0.0075562356348610558,-5.0689302808108945,0,0.0013869329668188971,65536,2022-12-30,4.87890977618477e-18,4.87890977618477e-18,-0.01215034373385342,0.016414964868770344
2023-04-03,2023-04-04,2023-04-05,funded_assets,EUR,0.94999999999999996,IN_FHS_REF_POOL,ALL_FIVE,-0.0015209517916577001,0.0067544455993029662,0.0090511911403104717,-4.9586095518186006,0,0.0022967455410075055,6245,2022-12-30,0,0,-0.020784626355507207,0.032521270714949729
2023-04-03,2023-04-04,2023-04-05,funded_assets,EUR,0.98999999999999999,IN_FHS_REF_POOL,ALL_FIVE,-0.0015209517916577001,0.010217313437209663,0.012949453474461791,-4.55768666326877,0,0.0027321400372521277,6245,2022-12-30,0,0,-0.020784626355507207,0.032521270714949729
2023-04-03,2023-04-04,2023-04-05,funded_assets,USD,0.94999999999999996,IN_FHS_REF_POOL,ALL_FIVE,-0.0015297776199232999,0.0067819486193012122,0.0091248928755180356,-4.953513147956448,0,0.0023429442562168234,6245,2022-12-30,0,0,-0.020516117762954044,0.033478338191667262
2023-04-03,2023-04-04,2023-04-05,funded_assets,USD,0.98999999999999999,IN_FHS_REF_POOL,ALL_FIVE,-0.0015297776199232999,0.010366167026383181,0.013096444184217933,-4.5438892131941353,0,0.0027302771578347519,6245,2022-12-30,0,0,-0.020516117762954044,0.033478338191667262
2023-04-03,2023-04-04,2023-04-05,net_cashflows,EUR,0.94999999999999996,IN_FHS_REF_POOL,ALL_FIVE,0.0053925952216731998,0.0043298474765930519,0.0062102966750153237,-1.961807455106336,1,-0.01937450570318067,6245,2022-12-30,0,0,-0.015610503870066338,0.01621899824069031
2023-04-03,2023-04-04,2023-04-05,net_cashflows,EUR,0.98999999999999999,IN_FHS_REF_POOL,ALL_FIVE,0.0053925952216731998,0.0072429581508525187,0.0093049541919940602,-4.8988102669538991,0,0.0020619960411415415,6245,2022-12-30,0,0,-0.015610503870066338,0.01621899824069031
2023-04-03,2023-04-04,2023-04-05,net_cashflows,USD,0.94999999999999996,IN_FHS_REF_POOL,ALL_FIVE,0.0054259721800057996,0.00436000181488646,0.0062629012647314316,-1.9728700102951917,1,-0.019416507852541801,6245,2022-12-30,0,0,-0.015317521941566246,0.016120269348804898
2023-04-03,2023-04-04,2023-04-05,net_cashflows,USD,0.98999999999999999,IN_FHS_REF_POOL,ALL_FIVE,0.0054259721800057996,0.0073419298150857485,0.0094035401925644576,-4.8859067288310261,0,0.0020616103774787091,6245,2022-12-30,0,0,-0.015317521941566246,0.016120269348804898
2023-04-03,2023-04-04,2023-04-05,funded_assets,EUR,0.94999999999999996,IN_TCOP_REF_POOL,ALL_FIVE,-0.0015209517916577001,0.0070210929828150026,0.0094354675858695451,-4.9191624209409532,0,0.0024143746030545424,327680,2022-12-30,0,0,-0.033852371422948196,0.036903760773190519
2023-04-03,2023-04-04,2023-04-05,funded_assets,EUR,0.98999999999999999,IN_TCOP_REF_POOL,ALL_FIVE,-0.0015209517916577001,0.010895332149637837,0.013275344290829195,-4.5011274109237078,0,0.002380012141191358,327680,2022-12-30,0,0,-0.033852371422948196,0.036903760773190519
2023-04-03,2023-04-04,2023-04-05,funded_assets,USD,0.94999999999999996,IN_TCOP_REF_POOL,ALL_FIVE,-0.0015297776199232999,0.0070774880978104948,0.0095359336204145408,-4.9104967114073945,0,0.0024584455226040461,327680,2022-12-30,0,0,-0.032711003132795666,0.038850627040592958
2023-04-03,2023-04-04,2023-04-05,funded_assets,USD,0.98999999999999999,IN_TCOP_REF_POOL,ALL_FIVE,-0.0015297776199232999,0.011035379763906642,0.013469354749753472,-4.4880428387652138,0,0.0024339749858468297,327680,2022-12-30,0,0,-0.032711003132795666,0.038850627040592958
2023-04-03,2023-04-04,2023-04-05,net_cashflows,EUR,0.94999999999999996,IN_TCOP_REF_POOL,ALL_FIVE,0.0053925952216731998,0.0043992665064528811,0.005950884959079669,-2.0465292495411713,1,-0.018314955851779568,327680,2022-12-30,0,0,-0.017658697430685422,0.020728035183256943
2023-04-03,2023-04-04,2023-04-05,net_cashflows,EUR,0.98999999999999999,IN_TCOP_REF_POOL,ALL_FIVE,0.0053925952216731998,0.0068711649819035332,0.0083719345236120055,-4.9621322732253459,0,0.0015007695417084722,327680,2022-12-30,0,0,-0.017658697430685422,0.020728035183256943
2023-04-03,2023-04-04,2023-04-05,net_cashflows,USD,0.94999999999999996,IN_TCOP_REF_POOL,ALL_FIVE,0.0054259721800057996,0.0044141289085624959,0.005981174052325967,-1.9977077044604163,1,-0.018669820285102584,327680,2022-12-30,0,0,-0.017623321110860526,0.020868068848019509
2023-04-03,2023-04-04,2023-04-05,net_cashflows,USD,0.98999999999999999,IN_TCOP_REF_POOL,ALL_FIVE,0.0054259721800057996,0.0069099259580907482,0.0084344620444986879,-4.9561801800526553,0,0.0015245360864079398,327680,2022-12-30,0,0,-0.017623321110860526,0.020868068848019509
2024-08-01,2024-08-02,2024-08-05,funded_assets,EUR,0.94999999999999996,HS1250,ALL_EQUIVARIANT,-0.0066771638671812997,0.0046882870724197223,0.0065113056367219558,-5.3141927059702612,0,0.0018230185643022334,1249,2023-12-29,2.7952087259391911e-18,2.7952087259391911e-18,-0.016320720256127935,0.015738020767808003
2024-08-01,2024-08-02,2024-08-05,funded_assets,EUR,0.98999999999999999,HS1250,ALL_EQUIVARIANT,-0.0066771638671812997,0.0077885308941603171,0.009399726690734694,-4.8384834575172473,0,0.0016111957965743769,1249,2023-12-29,2.7952087259391911e-18,2.7952087259391911e-18,-0.016320720256127935,0.015738020767808003
2024-08-01,2024-08-02,2024-08-05,funded_assets,USD,0.94999999999999996,HS1250,ALL_EQUIVARIANT,-0.0067850282121993998,0.0047444833611025019,0.0065548303564035241,-5.3037382211318116,0,0.0018103469953010222,1249,2023-12-29,2.7952087259391911e-18,2.7952087259391911e-18,-0.016158454111973426,0.015923185969558433
2024-08-01,2024-08-02,2024-08-05,funded_assets,USD,0.98999999999999999,HS1250,ALL_EQUIVARIANT,-0.0067850282121993998,0.007854898978937961,0.0094929582473847005,-4.8297601880764258,0,0.0016380592684467395,1249,2023-12-29,2.7952087259391911e-18,2.7952087259391911e-18,-0.016158454111973426,0.015923185969558433
2024-08-01,2024-08-02,2024-08-05,net_cashflows,EUR,0.94999999999999996,HS1250,ALL_EQUIVARIANT,0.0190049985149017,0.0035544707922808396,0.0057077163612709904,48.595899366038886,1,-0.30685730888342677,1249,2023-12-29,2.7952087259391911e-18,2.7952087259391911e-18,-0.011362286891522877,0.017250502361274411
2024-08-01,2024-08-02,2024-08-05,net_cashflows,EUR,0.98999999999999999,HS1250,ALL_EQUIVARIANT,0.0190049985149017,0.0067986506055971348,0.0094097305314526578,124.77698498048915,1,-1.2180237110045997,1249,2023-12-29,2.7952087259391911e-18,2.7952087259391911e-18,-0.011362286891522877,0.017250502361274411
2024-08-01,2024-08-02,2024-08-05,net_cashflows,USD,0.94999999999999996,HS1250,ALL_EQUIVARIANT,0.019384877712829301,0.0035775534025528815,0.0057498456533118421,49.447091151628214,1,-0.31397419395476917,1249,2023-12-29,2.7952087259391911e-18,2.7952087259391911e-18,-0.011163620632108224,0.017704227131297063
2024-08-01,2024-08-02,2024-08-05,net_cashflows,USD,0.98999999999999999,HS1250,ALL_EQUIVARIANT,0.019384877712829301,0.0068849919722521096,0.0095039161660541074,126.59191298283216,1,-1.2473696498639162,1249,2023-12-29,2.7952087259391911e-18,2.7952087259391911e-18,-0.011163620632108224,0.017704227131297063
2024-08-01,2024-08-02,2024-08-05,funded_assets,EUR,0.94999999999999996,EWMA_GAUSS,ALL_EQUIVARIANT,-0.0066771638671812997,0.0057558261560935464,0.0072273761367015769,-5.1334869978750239,0,0.0014715499806080305,65536,2023-12-29,5.0124762840549324e-18,5.0124762840549324e-18,-0.015408536444921128,0.016404231406223629
2024-08-01,2024-08-02,2024-08-05,funded_assets,EUR,0.98999999999999999,EWMA_GAUSS,ALL_EQUIVARIANT,-0.0066771638671812997,0.0082032010700957558,0.0093222989581546126,-4.7953912805795191,0,0.0011190978880588568,65536,2023-12-29,5.0124762840549324e-18,5.0124762840549324e-18,-0.015408536444921128,0.016404231406223629
2024-08-01,2024-08-02,2024-08-05,funded_assets,USD,0.94999999999999996,EWMA_GAUSS,ALL_EQUIVARIANT,-0.0067850282121993998,0.0057665129262883174,0.0072440538066127292,-5.1315403390700869,0,0.0014775408803244117,65536,2023-12-29,5.0124762840549324e-18,5.0124762840549324e-18,-0.015344659378877372,0.016344498680693705
2024-08-01,2024-08-02,2024-08-05,funded_assets,USD,0.98999999999999999,EWMA_GAUSS,ALL_EQUIVARIANT,-0.0067850282121993998,0.0082223653277289817,0.0093487229465647748,-4.792998039649035,0,0.0011263576188357931,65536,2023-12-29,5.0124762840549324e-18,5.0124762840549324e-18,-0.015344659378877372,0.016344498680693705
2024-08-01,2024-08-02,2024-08-05,net_cashflows,EUR,0.94999999999999996,EWMA_GAUSS,ALL_EQUIVARIANT,0.0190049985149017,0.0058241056594471206,0.0073179757748750348,30.901771524281461,1,-0.26212398699366346,65536,2023-12-29,5.0124762840549324e-18,5.0124762840549324e-18,-0.018078319141331678,0.016055493786805687
2024-08-01,2024-08-02,2024-08-05,net_cashflows,EUR,0.98999999999999999,EWMA_GAUSS,ALL_EQUIVARIANT,0.0190049985149017,0.0082586829495094431,0.0094714196825014998,108.67293364329929,1,-1.0734188198062327,65536,2023-12-29,5.0124762840549324e-18,5.0124762840549324e-18,-0.018078319141331678,0.016055493786805687
2024-08-01,2024-08-02,2024-08-05,net_cashflows,USD,0.94999999999999996,EWMA_GAUSS,ALL_EQUIVARIANT,0.019384877712829301,0.0058272024204620021,0.0073224348458634349,31.909500058341905,1,-0.26965827342194426,65536,2023-12-29,5.0124762840549324e-18,5.0124762840549324e-18,-0.018009176711789081,0.015989593394660072
2024-08-01,2024-08-02,2024-08-05,net_cashflows,USD,0.98999999999999999,EWMA_GAUSS,ALL_EQUIVARIANT,0.019384877712829301,0.0082624737380834461,0.0094786137984278537,112.55507387407492,1,-1.1110242574142402,65536,2023-12-29,5.0124762840549324e-18,5.0124762840549324e-18,-0.018009176711789081,0.015989593394660072
2024-08-01,2024-08-02,2024-08-05,funded_assets,EUR,0.94999999999999996,EWMA_SELFNORMALIZED,ALL_EQUIVARIANT,-0.0066771638671812997,0.0057997371782182727,0.0073038043369081408,-5.1252892032088972,0,0.0015040671586898681,65536,2023-12-29,5.1770653736182837e-18,5.1770653736182837e-18,-0.014444699609306333,0.013819179826133066
2024-08-01,2024-08-02,2024-08-05,funded_assets,EUR,0.98999999999999999,EWMA_SELFNORMALIZED,ALL_EQUIVARIANT,-0.0066771638671812997,0.0082458668129468393,0.0094619647341025841,-4.7890001130249518,0,0.0012160979211557447,65536,2023-12-29,5.1770653736182837e-18,5.1770653736182837e-18,-0.014444699609306333,0.013819179826133066
2024-08-01,2024-08-02,2024-08-05,funded_assets,USD,0.94999999999999996,EWMA_SELFNORMALIZED,ALL_EQUIVARIANT,-0.0067850282121993998,0.0058093040453017792,0.007320385745698408,-5.1235133033081368,0,0.0015110817003966288,65536,2023-12-29,5.1770653736182837e-18,5.1770653736182837e-18,-0.014296973362434247,0.013893421372524284
2024-08-01,2024-08-02,2024-08-05,funded_assets,USD,0.98999999999999999,EWMA_SELFNORMALIZED,ALL_EQUIVARIANT,-0.0067850282121993998,0.0082660667292931596,0.0094887613235079497,-4.7865043337845341,0,0.0012226945942147901,65536,2023-12-29,5.1770653736182837e-18,5.1770653736182837e-18,-0.014296973362434247,0.013893421372524284
2024-08-01,2024-08-02,2024-08-05,net_cashflows,EUR,0.94999999999999996,EWMA_SELFNORMALIZED,ALL_EQUIVARIANT,0.0190049985149017,0.0058637883516460274,0.0074043477345179217,30.382179864365174,1,-0.26128364388224135,65536,2023-12-29,5.1770653736182837e-18,5.1770653736182837e-18,-0.013544979766306232,0.014631051364898329
2024-08-01,2024-08-02,2024-08-05,net_cashflows,EUR,0.98999999999999999,EWMA_SELFNORMALIZED,ALL_EQUIVARIANT,0.0190049985149017,0.0083862994388552489,0.0096668833025394287,105.07462886123041,1,-1.0605893237409598,65536,2023-12-29,5.1770653736182837e-18,5.1770653736182837e-18,-0.013544979766306232,0.014631051364898329
2024-08-01,2024-08-02,2024-08-05,net_cashflows,USD,0.94999999999999996,EWMA_SELFNORMALIZED,ALL_EQUIVARIANT,0.019384877712829301,0.0058681672413487835,0.0074083387885508526,31.377484014600292,1,-0.26879403788240802,65536,2023-12-29,5.1770653736182837e-18,5.1770653736182837e-18,-0.013457171279961145,0.014706140843039837
2024-08-01,2024-08-02,2024-08-05,net_cashflows,USD,0.98999999999999999,EWMA_SELFNORMALIZED,ALL_EQUIVARIANT,0.019384877712829301,0.0083873951121776827,0.0096725370348186013,108.92668524404509,1,-1.09846311814252,65536,2023-12-29,5.1770653736182837e-18,5.1770653736182837e-18,-0.013457171279961145,0.014706140843039837
2024-08-01,2024-08-02,2024-08-05,funded_assets,EUR,0.94999999999999996,IN_FHS1250,EUR,-0.0066771638671812997,0.0055358286672656798,0.0070600957570515835,-5.1691955900179405,0,0.0015242670897859037,1249,2023-12-29,2.7265990572115928e-18,2.7265990572115928e-18,-0.01394848865661813,0.015651133506877052
2024-08-01,2024-08-02,2024-08-05,funded_assets,EUR,0.98999999999999999,IN_FHS1250,EUR,-0.0066771638671812997,0.0076913802461547609,0.0093620206189451907,-4.8495428298496179,0,0.0016706403727904297,1249,2023-12-29,2.7265990572115928e-18,2.7265990572115928e-18,-0.01394848865661813,0.015651133506877052
2024-08-01,2024-08-02,2024-08-05,funded_assets,USD,0.94999999999999996,IN_FHS1250,EUR,-0.0067850282121993998,0.0055557893210572643,0.0070827012350644638,-5.1656831866743831,0,0.0015269119140071995,1249,2023-12-29,2.7265990572115928e-18,2.7265990572115928e-18,-0.013892902030044238,0.015769078791926107
2024-08-01,2024-08-02,2024-08-05,funded_assets,USD,0.98999999999999999,IN_FHS1250,EUR,-0.0067850282121993998,0.0077131330499470756,0.0093952092402552548,-4.8465908968824998,0,0.0016820761903081792,1249,2023-12-29,2.7265990572115928e-18,2.7265990572115928e-18,-0.013892902030044238,0.015769078791926107
2024-08-01,2024-08-02,2024-08-05,net_cashflows,EUR,0.94999999999999996,IN_FHS1250,EUR,0.0190049985149017,0.0049695767084268153,0.0068484633567996462,35.730446049033823,1,-0.27882954948112459,1249,2023-12-29,2.7265990572115928e-18,2.7265990572115928e-18,-0.012317037229934526,0.012872848791706294
2024-08-01,2024-08-02,2024-08-05,net_cashflows,EUR,0.98999999999999999,IN_FHS1250,EUR,0.0190049985149017,0.0082997548109292833,0.0095599017645945032,107.19869361198342,1,-1.0692642234435754,1249,2023-12-29,2.7265990572115928e-18,2.7265990572115928e-18,-0.012317037229934526,0.012872848791706294
2024-08-01,2024-08-02,2024-08-05,net_cashflows,USD,0.94999999999999996,IN_FHS1250,EUR,0.019384877712829301,0.0049361378862850429,0.0068597737208035562,36.86349198724956,1,-0.28705116069636644,1249,2023-12-29,2.7265990572115928e-18,2.7265990572115928e-18,-0.012205662279468718,0.012981218509624162
2024-08-01,2024-08-02,2024-08-05,net_cashflows,USD,0.98999999999999999,IN_FHS1250,EUR,0.019384877712829301,0.0083476591778768039,0.009609838087435563,110.07701435524945,1,-1.1024596745856898,1249,2023-12-29,2.7265990572115928e-18,2.7265990572115928e-18,-0.012205662279468718,0.012981218509624162
2024-08-01,2024-08-02,2024-08-05,funded_assets,EUR,0.94999999999999996,IN_TCOP1250,EUR,-0.0066771638671812997,0.0055062513074590202,0.0071526223067334025,-5.1704534926147021,0,0.0016463709992743823,65536,2023-12-29,4.6620693416876691e-18,4.6620693416876691e-18,-0.017821164232258546,0.015645448331685907
2024-08-01,2024-08-02,2024-08-05,funded_assets,EUR,0.98999999999999999,IN_TCOP1250,EUR,-0.0066771638671812997,0.0081948116640457869,0.0095942136532834697,-4.7924540629033316,0,0.0013994019892376829,65536,2023-12-29,4.6620693416876691e-18,4.6620693416876691e-18,-0.017821164232258546,0.015645448331685907
2024-08-01,2024-08-02,2024-08-05,funded_assets,USD,0.94999999999999996,IN_TCOP1250,EUR,-0.0067850282121993998,0.0055234733905718493,0.007182969523300076,-5.1670744430378912,0,0.0016594961327282267,65536,2023-12-29,4.6620693416876691e-18,4.6620693416876691e-18,-0.017918470799327312,0.015874030584535011
2024-08-01,2024-08-02,2024-08-05,funded_assets,USD,0.98999999999999999,IN_TCOP1250,EUR,-0.0067850282121993998,0.0082259534311960817,0.009650309614140172,-4.7883622212136867,0,0.0014243561829440903,65536,2023-12-29,4.6620693416876691e-18,4.6620693416876691e-18,-0.017918470799327312,0.015874030584535011
2024-08-01,2024-08-02,2024-08-05,net_cashflows,EUR,0.94999999999999996,IN_TCOP1250,EUR,0.0190049985149017,0.0046282630285783832,0.0062652431082245658,40.559606254642937,1,-0.28589772964681986,65536,2023-12-29,4.6620693416876691e-18,4.6620693416876691e-18,-0.013917930480227471,0.016085530402619497
2024-08-01,2024-08-02,2024-08-05,net_cashflows,EUR,0.98999999999999999,IN_TCOP1250,EUR,0.0190049985149017,0.0073336640510707311,0.0086759699204447174,129.62292428904485,1,-1.1657911405137218,65536,2023-12-29,4.6620693416876691e-18,4.6620693416876691e-18,-0.013917930480227471,0.016085530402619497
2024-08-01,2024-08-02,2024-08-05,net_cashflows,USD,0.94999999999999996,IN_TCOP1250,EUR,0.019384877712829301,0.0046247833478881397,0.0062622512596224823,41.805200426415531,1,-0.2935644193870886,65536,2023-12-29,4.6620693416876691e-18,4.6620693416876691e-18,-0.01382166969826301,0.016218681328407612
2024-08-01,2024-08-02,2024-08-05,net_cashflows,USD,0.98999999999999999,IN_TCOP1250,EUR,0.019384877712829301,0.0073288192045888392,0.0086756269234585272,134.06221709036851,1,-1.2042590431051754,65536,2023-12-29,4.6620693416876691e-18,4.6620693416876691e-18,-0.01382166969826301,0.016218681328407612
2024-08-01,2024-08-02,2024-08-05,funded_assets,EUR,0.94999999999999996,IN_FHS1250,USD,-0.0066771638671812997,0.0051723249403256844,0.0065814551134476314,-5.2376055901450576,0,0.0014091301731219471,1249,2023-12-29,3.550762114890027e-18,3.550762114890027e-18,-0.013074625004073526,0.010421586715058384
2024-08-01,2024-08-02,2024-08-05,funded_assets,EUR,0.98999999999999999,IN_FHS1250,USD,-0.0066771638671812997,0.0077961834915685757,0.0088778704956398394,-4.8460343778747728,0,0.0010816870040712637,1249,2023-12-29,3.550762114890027e-18,3.550762114890027e-18,-0.013074625004073526,0.010421586715058384
2024-08-01,2024-08-02,2024-08-05,funded_assets,USD,0.94999999999999996,IN_FHS1250,USD,-0.0067850282121993998,0.0051894850524551598,0.0065869810431860741,-5.234820464929439,0,0.0013974959907309143,1249,2023-12-29,3.550762114890027e-18,3.550762114890027e-18,-0.013035704526543354,0.010407344470534931
2024-08-01,2024-08-02,2024-08-05,funded_assets,USD,0.98999999999999999,IN_FHS1250,USD,-0.0067850282121993998,0.0077855165542493237,0.0088725913219194295,-4.8473089306889161,0,0.0010870747676701058,1249,2023-12-29,3.550762114890027e-18,3.550762114890027e-18,-0.013035704526543354,0.010407344470534931
2024-08-01,2024-08-02,2024-08-05,net_cashflows,EUR,0.94999999999999996,IN_FHS1250,USD,0.0190049985149017,0.0070543171326154621,0.0090081405408767648,21.606548542738821,1,-0.23705980423746326,1249,2023-12-29,3.550762114890027e-18,3.550762114890027e-18,-0.011922531157537141,0.014313198335603839
2024-08-01,2024-08-02,2024-08-05,net_cashflows,EUR,0.98999999999999999,IN_FHS1250,USD,0.0190049985149017,0.010103359449389724,0.011622995851958331,72.000929069640307,1,-0.88864427014862812,1249,2023-12-29,3.550762114890027e-18,3.550762114890027e-18,-0.011922531157537141,0.014313198335603839
2024-08-01,2024-08-02,2024-08-05,net_cashflows,USD,0.94999999999999996,IN_FHS1250,USD,0.019384877712829301,0.0070911590337323091,0.0090554564815671715,22.230761945407799,1,-0.24391007613410479,1249,2023-12-29,3.550762114890027e-18,3.550762114890027e-18,-0.011940013027315059,0.014651154543084769
2024-08-01,2024-08-02,2024-08-05,net_cashflows,USD,0.98999999999999999,IN_FHS1250,USD,0.019384877712829301,0.01009142989630776,0.011701823170431438,74.833172733519177,1,-0.92773438837802957,1249,2023-12-29,3.550762114890027e-18,3.550762114890027e-18,-0.011940013027315059,0.014651154543084769
2024-08-01,2024-08-02,2024-08-05,funded_assets,EUR,0.94999999999999996,IN_TCOP1250,USD,-0.0066771638671812997,0.005182054559679905,0.0068205595499338991,-5.2280440538175137,0,0.0016385049902539941,65536,2023-12-29,5.6785088783928295e-18,5.6785088783928295e-18,-0.020526879005369703,0.017276604331965789
2024-08-01,2024-08-02,2024-08-05,funded_assets,EUR,0.98999999999999999,IN_TCOP1250,USD,-0.0066771638671812997,0.0078592045362212704,0.0093139192956735607,-4.8324324760699309,0,0.0014547147594522903,65536,2023-12-29,5.6785088783928295e-18,5.6785088783928295e-18,-0.020526879005369703,0.017276604331965789
2024-08-01,2024-08-02,2024-08-05,funded_assets,USD,0.94999999999999996,IN_TCOP1250,USD,-0.0067850282121993998,0.0051844975710417917,0.0068302602226741147,-5.227344182679925,0,0.001645762651632323,65536,2023-12-29,5.6785088783928295e-18,5.6785088783928295e-18,-0.020374610998492568,0.017442784151181036
2024-08-01,2024-08-02,2024-08-05,funded_assets,USD,0.98999999999999999,IN_TCOP1250,USD,-0.0067850282121993998,0.0078725217689893084,0.0093358522360538886,-4.8306363164271637,0,0.0014633304670645803,65536,2023-12-29,5.6785088783928295e-18,5.6785088783928295e-18,-0.020374610998492568,0.017442784151181036
2024-08-01,2024-08-02,2024-08-05,net_cashflows,EUR,0.94999999999999996,IN_TCOP1250,USD,0.0190049985149017,0.0068000925596650389,0.008751011938580076,22.93217962032239,1,-0.24214719972581797,65536,2023-12-29,5.6785088783928295e-18,5.6785088783928295e-18,-0.015995020400597172,0.01930732704566198
2024-08-01,2024-08-02,2024-08-05,net_cashflows,EUR,0.98999999999999999,IN_TCOP1250,USD,0.0190049985149017,0.0099755722072580322,0.011610533786423681,73.172601262634416,1,-0.90130766918520033,65536,2023-12-29,5.6785088783928295e-18,5.6785088783928295e-18,-0.015995020400597172,0.01930732704566198
2024-08-01,2024-08-02,2024-08-05,net_cashflows,USD,0.94999999999999996,IN_TCOP1250,USD,0.019384877712829301,0.0068228957149585687,0.0087778451799271993,23.663779306048241,1,-0.24928469049244581,65536,2023-12-29,5.6785088783928295e-18,5.6785088783928295e-18,-0.016140269960771812,0.019280158813007039
2024-08-01,2024-08-02,2024-08-05,net_cashflows,USD,0.98999999999999999,IN_TCOP1250,USD,0.019384877712829301,0.010012964590124743,0.011662821171958052,75.764358662985956,1,-0.93554145568862168,65536,2023-12-29,5.6785088783928295e-18,5.6785088783928295e-18,-0.016140269960771812,0.019280158813007039
2024-08-01,2024-08-02,2024-08-05,funded_assets,EUR,0.94999999999999996,IN_FHS1250,GBP,-0.0066771638671812997,0.005319771876320406,0.0067361242290689865,-5.2105327675033362,0,0.0014163523527485804,1249,2023-12-29,3.2932640989247197e-18,3.2932640989247197e-18,-0.014405529937821404,0.011803389251359736
2024-08-01,2024-08-02,2024-08-05,funded_assets,EUR,0.98999999999999999,IN_FHS1250,GBP,-0.0066771638671812997,0.0077025940312918095,0.0090918878383960972,-4.8531785767260232,0,0.0013892938071042877,1249,2023-12-29,3.2932640989247197e-18,3.2932640989247197e-18,-0.014405529937821404,0.011803389251359736
2024-08-01,2024-08-02,2024-08-05,funded_assets,USD,0.94999999999999996,IN_FHS1250,GBP,-0.0067850282121993998,0.0053414211294852739,0.0067585778651482074,-5.2066254683913025,0,0.0014171567356629335,1249,2023-12-29,3.2932640989247197e-18,3.2932640989247197e-18,-0.014315635627536497,0.011707466308023089
2024-08-01,2024-08-02,2024-08-05,funded_assets,USD,0.98999999999999999,IN_FHS1250,GBP,-0.0067850282121993998,0.0077234369658890113,0.0091205460346939649,-4.8504082169392717,0,0.0013971090688049536,1249,2023-12-29,3.2932640989247197e-18,3.2932640989247197e-18,-0.014315635627536497,0.011707466308023089
2024-08-01,2024-08-02,2024-08-05,net_cashflows,EUR,0.94999999999999996,IN_FHS1250,GBP,0.0190049985149017,0.0057458145976514215,0.0078128745458400511,28.825330278331872,1,-0.26311661839681671,1249,2023-12-29,3.2932640989247197e-18,3.2932640989247197e-18,-0.012036064868714591,0.014816229436715489
2024-08-01,2024-08-02,2024-08-05,net_cashflows,EUR,0.98999999999999999,IN_FHS1250,GBP,0.0190049985149017,0.0088317099104842315,0.010427222834731017,92.848349813727225,1,-1.015733347517499,1249,2023-12-29,3.2932640989247197e-18,3.2932640989247197e-18,-0.012036064868714591,0.014816229436715489
2024-08-01,2024-08-02,2024-08-05,net_cashflows,USD,0.94999999999999996,IN_FHS1250,GBP,0.019384877712829301,0.005757009310958695,0.0078366330315924621,29.665588909181743,1,-0.27047774431677812,1249,2023-12-29,3.2932640989247197e-18,3.2932640989247197e-18,-0.011942329104271458,0.014925140013840522
2024-08-01,2024-08-02,2024-08-05,net_cashflows,USD,0.98999999999999999,IN_FHS1250,GBP,0.019384877712829301,0.008920916398477698,0.010492664092437874,95.019575254390432,1,-1.0448243837411992,1249,2023-12-29,3.2932640989247197e-18,3.2932640989247197e-18,-0.011942329104271458,0.014925140013840522
2024-08-01,2024-08-02,2024-08-05,funded_assets,EUR,0.94999999999999996,IN_TCOP1250,GBP,-0.0066771638671812997,0.0052852331615943215,0.0071215374970274902,-5.2024838677922842,0,0.0018363043354331686,65536,2023-12-29,5.8682442585777927e-18,5.8682442585777927e-18,-0.0217915544433398,0.023986508919574212
2024-08-01,2024-08-02,2024-08-05,funded_assets,EUR,0.98999999999999999,IN_TCOP1250,GBP,-0.0066771638671812997,0.0081664066538108537,0.010118924321438585,-4.7863049513985834,0,0.0019525176676277317,65536,2023-12-29,5.8682442585777927e-18,5.8682442585777927e-18,-0.0217915544433398,0.023986508919574212
2024-08-01,2024-08-02,2024-08-05,funded_assets,USD,0.94999999999999996,IN_TCOP1250,GBP,-0.0067850282121993998,0.0053062440538606849,0.007157236604021784,-5.1982496477838884,0,0.0018509925501610991,65536,2023-12-29,5.8682442585777927e-18,5.8682442585777927e-18,-0.02154951024818437,0.024309820959734354
2024-08-01,2024-08-02,2024-08-05,funded_assets,USD,0.98999999999999999,IN_TCOP1250,GBP,-0.0067850282121993998,0.0081951403932834007,0.010195457448472219,-4.7820098972226157,0,0.0020003170551888185,65536,2023-12-29,5.8682442585777927e-18,5.8682442585777927e-18,-0.02154951024818437,0.024309820959734354
2024-08-01,2024-08-02,2024-08-05,net_cashflows,EUR,0.94999999999999996,IN_TCOP1250,GBP,0.0190049985149017,0.0058519469337687709,0.0074237426231425537,30.320298415900968,1,-0.2614892359332846,65536,2023-12-29,5.8682442585777927e-18,5.8682442585777927e-18,-0.018869257340027545,0.017698478649202855
2024-08-01,2024-08-02,2024-08-05,net_cashflows,EUR,0.98999999999999999,IN_TCOP1250,GBP,0.0190049985149017,0.00836896510751255,0.0098345755042217754,103.37851261369892,1,-1.0621377303422048,65536,2023-12-29,5.8682442585777927e-18,5.8682442585777927e-18,-0.018869257340027545,0.017698478649202855
2024-08-01,2024-08-02,2024-08-05,net_cashflows,USD,0.94999999999999996,IN_TCOP1250,GBP,0.019384877712829301,0.0058501537803621918,0.0074313443930736009,31.311222455582225,1,-0.26911328803663054,65536,2023-12-29,5.8682442585777927e-18,5.8682442585777927e-18,-0.018405147545924625,0.018129368658092615
2024-08-01,2024-08-02,2024-08-05,net_cashflows,USD,0.98999999999999999,IN_TCOP1250,GBP,0.019384877712829301,0.0083677987629420907,0.009868791956975707,106.86506478448347,1,-1.1002069017946865,65536,2023-12-29,5.8682442585777927e-18,5.8682442585777927e-18,-0.018405147545924625,0.018129368658092615
2024-08-01,2024-08-02,2024-08-05,funded_assets,EUR,0.94999999999999996,IN_FHS1250,JPY,-0.0066771638671812997,0.0075597563582588401,0.01021803285387398,-4.8437565997628065,0,0.0026582764956151403,1249,2023-12-29,4.4316763800344994e-18,4.4316763800344994e-18,-0.01842367733514047,0.029782460082344642
2024-08-01,2024-08-02,2024-08-05,funded_assets,EUR,0.98999999999999999,IN_FHS1250,JPY,-0.0066771638671812997,0.011379075880974143,0.015508442628491312,-4.4326364444033715,0,0.0041293667475171686,1249,2023-12-29,4.4316763800344994e-18,4.4316763800344994e-18,-0.01842367733514047,0.029782460082344642
2024-08-01,2024-08-02,2024-08-05,funded_assets,USD,0.94999999999999996,IN_FHS1250,JPY,-0.0067850282121993998,0.0075588995325677547,0.010365743766534423,-4.840029563140738,0,0.0028068442339666683,1249,2023-12-29,4.4316763800344994e-18,4.4316763800344994e-18,-0.017667889132522242,0.030353864853766316
2024-08-01,2024-08-02,2024-08-05,funded_assets,USD,0.98999999999999999,IN_FHS1250,JPY,-0.0067850282121993998,0.011544902450515187,0.0158450805358606,-4.4162850468462205,0,0.004300178085345413,1249,2023-12-29,4.4316763800344994e-18,4.4316763800344994e-18,-0.017667889132522242,0.030353864853766316
2024-08-01,2024-08-02,2024-08-05,net_cashflows,EUR,0.94999999999999996,IN_FHS1250,JPY,0.0190049985149017,0.0084265269792636825,0.010590007466896246,15.226074620217524,1,-0.20940595022512759,1249,2023-12-29,4.4316763800344994e-18,4.4316763800344994e-18,-0.014468395368384634,0.015212536845990332
2024-08-01,2024-08-02,2024-08-05,net_cashflows,EUR,0.98999999999999999,IN_FHS1250,JPY,0.0190049985149017,0.012008212624941861,0.013317437779354166,48.121538772632491,1,-0.69836936384157089,1249,2023-12-29,4.4316763800344994e-18,4.4316763800344994e-18,-0.014468395368384634,0.015212536845990332
2024-08-01,2024-08-02,2024-08-05,net_cashflows,USD,0.94999999999999996,IN_FHS1250,JPY,0.019384877712829301,0.0085954206112219718,0.010801825144008955,15.244797726680353,1,-0.21358273749935941,1249,2023-12-29,4.4316763800344994e-18,4.4316763800344994e-18,-0.014046898238319852,0.015982091653426293
2024-08-01,2024-08-02,2024-08-05,net_cashflows,USD,0.98999999999999999,IN_FHS1250,JPY,0.019384877712829301,0.012136449621725019,0.013582593425656656,48.960131132917866,1,-0.72339666530649593,1249,2023-12-29,4.4316763800344994e-18,4.4316763800344994e-18,-0.014046898238319852,0.015982091653426293
2024-08-01,2024-08-02,2024-08-05,funded_assets,EUR,0.94999999999999996,IN_TCOP1250,JPY,-0.0066771638671812997,0.0078021020748803571,0.010248158712441544,-4.8193397757127068,0,0.0024460566375611864,65536,2023-12-29,9.8120296609938151e-18,9.8120296609938151e-18,-0.036374270517321561,0.024495336987732763
2024-08-01,2024-08-02,2024-08-05,funded_assets,EUR,0.98999999999999999,IN_TCOP1250,JPY,-0.0066771638671812997,0.011746888871130901,0.014064362314726247,-4.4288874665276232,0,0.0023174734435953467,65536,2023-12-29,9.8120296609938151e-18,9.8120296609938151e-18,-0.036374270517321561,0.024495336987732763
2024-08-01,2024-08-02,2024-08-05,funded_assets,USD,0.94999999999999996,IN_TCOP1250,JPY,-0.0067850282121993998,0.0078844068309158084,0.01039707674278958,-4.8079014003275216,0,0.0025126699118737713,65536,2023-12-29,9.8120296609938151e-18,9.8120296609938151e-18,-0.034074596531446524,0.025221773670909255
2024-08-01,2024-08-02,2024-08-05,funded_assets,USD,0.98999999999999999,IN_TCOP1250,JPY,-0.0067850282121993998,0.011924616421292406,0.014361984753993978,-4.4128802253774966,0,0.0024373683327015717,65536,2023-12-29,9.8120296609938151e-18,9.8120296609938151e-18,-0.034074596531446524,0.025221773670909255
2024-08-01,2024-08-02,2024-08-05,net_cashflows,EUR,0.94999999999999996,IN_TCOP1250,JPY,0.0190049985149017,0.0080776465329924774,0.010413537770189826,16.197858154333467,1,-0.2162111484009869,65536,2023-12-29,9.8120296609938151e-18,9.8120296609938151e-18,-0.020684778776475725,0.023382618894999957
2024-08-01,2024-08-02,2024-08-05,net_cashflows,EUR,0.98999999999999999,IN_TCOP1250,JPY,0.0190049985149017,0.011924266827567599,0.013592206415902653,47.673084834612048,1,-0.70640522914507442,65536,2023-12-29,9.8120296609938151e-18,9.8120296609938151e-18,-0.020684778776475725,0.023382618894999957
2024-08-01,2024-08-02,2024-08-05,net_cashflows,USD,0.94999999999999996,IN_TCOP1250,JPY,0.019384877712829301,0.0081609746949247216,0.010576215688395731,16.447286841831001,1,-0.22206281936462038,65536,2023-12-29,9.8120296609938151e-18,9.8120296609938151e-18,-0.020765528652027698,0.024755753891579968
2024-08-01,2024-08-02,2024-08-05,net_cashflows,USD,0.98999999999999999,IN_TCOP1250,JPY,0.019384877712829301,0.012119807205509319,0.013877379926640791,47.947743506540114,1,-0.72474947801086609,65536,2023-12-29,9.8120296609938151e-18,9.8120296609938151e-18,-0.020765528652027698,0.024755753891579968
2024-08-01,2024-08-02,2024-08-05,funded_assets,EUR,0.94999999999999996,IN_FHS1250,CHF,-0.0066771638671812997,0.0062622900911299684,0.0081182003047567414,-5.0422578265992373,0,0.0018559102136267731,1249,2023-12-29,3.4287893704854078e-18,3.4287893704854078e-18,-0.015743829211289917,0.014535409901249297
2024-08-01,2024-08-02,2024-08-05,funded_assets,EUR,0.98999999999999999,IN_FHS1250,CHF,-0.0066771638671812997,0.0090480130471979336,0.011201742424248429,-4.6839532932726664,0,0.0021537293770504951,1249,2023-12-29,3.4287893704854078e-18,3.4287893704854078e-18,-0.015743829211289917,0.014535409901249297
2024-08-01,2024-08-02,2024-08-05,funded_assets,USD,0.94999999999999996,IN_FHS1250,CHF,-0.0067850282121993998,0.0063528281692233415,0.0081796086031560196,-5.029444455037285,0,0.0018267804339326781,1249,2023-12-29,3.4287893704854078e-18,3.4287893704854078e-18,-0.015638532829356597,0.014733142268272593
2024-08-01,2024-08-02,2024-08-05,funded_assets,USD,0.98999999999999999,IN_FHS1250,CHF,-0.0067850282121993998,0.0091451389531104262,0.01130227084988414,-4.6736098864095759,0,0.0021571318967737139,1249,2023-12-29,3.4287893704854078e-18,3.4287893704854078e-18,-0.015638532829356597,0.014733142268272593
2024-08-01,2024-08-02,2024-08-05,net_cashflows,EUR,0.94999999999999996,IN_FHS1250,CHF,0.0190049985149017,0.0036039477515596441,0.0055425743987741888,50.028570298713959,1,-0.30608238861962628,1249,2023-12-29,3.4287893704854078e-18,3.4287893704854078e-18,-0.010101180765057859,0.011158659193496859
2024-08-01,2024-08-02,2024-08-05,net_cashflows,EUR,0.98999999999999999,IN_FHS1250,CHF,0.0190049985149017,0.0062816852710134256,0.0085515944068127875,143.75586164124067,1,-1.270061415253027,1249,2023-12-29,3.4287893704854078e-18,3.4287893704854078e-18,-0.010101180765057859,0.011158659193496859
2024-08-01,2024-08-02,2024-08-05,net_cashflows,USD,0.94999999999999996,IN_FHS1250,CHF,0.019384877712829301,0.0036217774220415238,0.0055659965722408243,51.100329251744213,1,-0.31331778666555593,1249,2023-12-29,3.4287893704854078e-18,3.4287893704854078e-18,-0.0099641035472862287,0.011431340678169779
2024-08-01,2024-08-02,2024-08-05,net_cashflows,USD,0.98999999999999999,IN_FHS1250,CHF,0.019384877712829301,0.0063267857237385133,0.0085947845220490735,146.90993675305992,1,-1.3035412001107671,1249,2023-12-29,3.4287893704854078e-18,3.4287893704854078e-18,-0.0099641035472862287,0.011431340678169779
2024-08-01,2024-08-02,2024-08-05,funded_assets,EUR,0.94999999999999996,IN_TCOP1250,CHF,-0.0066771638671812997,0.0065998409571145222,0.0085200670914473888,-4.9907079431043613,0,0.0019202261343328666,65536,2023-12-29,6.8846837952829532e-18,6.8846837952829532e-18,-0.024041428854580604,0.021444770806937408
2024-08-01,2024-08-02,2024-08-05,funded_assets,EUR,0.98999999999999999,IN_TCOP1250,CHF,-0.0066771638671812997,0.0096950240756802086,0.011468410280028089,-4.6227912158869469,0,0.0017733862043478807,65536,2023-12-29,6.8846837952829532e-18,6.8846837952829532e-18,-0.024041428854580604,0.021444770806937408
2024-08-01,2024-08-02,2024-08-05,funded_assets,USD,0.94999999999999996,IN_TCOP1250,CHF,-0.0067850282121993998,0.0066385092534260821,0.0085914010905417254,-4.9843011741992189,0,0.0019528918371156433,65536,2023-12-29,6.8846837952829532e-18,6.8846837952829532e-18,-0.023769401832534547,0.02167474871795691
2024-08-01,2024-08-02,2024-08-05,funded_assets,USD,0.98999999999999999,IN_TCOP1250,CHF,-0.0067850282121993998,0.0097901119275428938,0.011599516958880583,-4.6127815112101764,0,0.0018094050313376894,65536,2023-12-29,6.8846837952829532e-18,6.8846837952829532e-18,-0.023769401832534547,0.02167474871795691
2024-08-01,2024-08-02,2024-08-05,net_cashflows,EUR,0.94999999999999996,IN_TCOP1250,CHF,0.0190049985149017,0.0035997900284593042,0.0048965057674980918,57.33921496649382,1,-0.30680745398980885,65536,2023-12-29,6.8846837952829532e-18,6.8846837952829532e-18,-0.012997039474954132,0.015424823216140658
2024-08-01,2024-08-02,2024-08-05,net_cashflows,EUR,0.98999999999999999,IN_TCOP1250,CHF,0.0190049985149017,0.0057098350551996408,0.0070203291437361884,184.23529695870903,1,-1.3282058518816684,65536,2023-12-29,6.8846837952829532e-18,6.8846837952829532e-18,-0.012997039474954132,0.015424823216140658
2024-08-01,2024-08-02,2024-08-05,net_cashflows,USD,0.94999999999999996,IN_TCOP1250,CHF,0.019384877712829301,0.0036016274961309241,0.0049068518362921677,58.748349500903103,1,-0.31435977999380604,65536,2023-12-29,6.8846837952829532e-18,6.8846837952829532e-18,-0.012848390674396887,0.01578229726015366
2024-08-01,2024-08-02,2024-08-05,net_cashflows,USD,0.98999999999999999,IN_TCOP1250,CHF,0.019384877712829301,0.0057232984354676098,0.0070469568360591213,188.7219555615446,1,-1.3648342693355764,65536,2023-12-29,6.8846837952829532e-18,6.8846837952829532e-18,-0.012848390674396887,0.01578229726015366
2024-08-01,2024-08-02,2024-08-05,funded_assets,EUR,0.94999999999999996,IN_FHS_REF_POOL,ALL_FIVE,-0.0066771638671812997,0.0059426337487226977,0.0079440461187093026,-5.0872712112932863,0,0.0020014123699866049,6245,2023-12-29,0,0,-0.01842367733514047,0.029782460082344642
2024-08-01,2024-08-02,2024-08-05,funded_assets,EUR,0.98999999999999999,IN_FHS_REF_POOL,ALL_FIVE,-0.0066771638671812997,0.009029351044818168,0.011391696877690798,-4.6822448915710435,0,0.0023623458328726303,6245,2023-12-29,0,0,-0.01842367733514047,0.029782460082344642
2024-08-01,2024-08-02,2024-08-05,funded_assets,USD,0.94999999999999996,IN_FHS_REF_POOL,ALL_FIVE,-0.0067850282121993998,0.0059892920424789312,0.0080036362298560454,-5.079537940091555,0,0.0020143441873771142,6245,2023-12-29,0,0,-0.017667889132522242,0.030353864853766316
2024-08-01,2024-08-02,2024-08-05,funded_assets,USD,0.98999999999999999,IN_FHS_REF_POOL,ALL_FIVE,-0.0067850282121993998,0.0091310662247033984,0.011540988707943713,-4.6706645587493956,0,0.0024099224832403142,6245,2023-12-29,0,0,-0.017667889132522242,0.030353864853766316
2024-08-01,2024-08-02,2024-08-05,net_cashflows,EUR,0.94999999999999996,IN_FHS_REF_POOL,ALL_FIVE,0.0190049985149017,0.0059885120449621795,0.0084085055092204142,25.893970719717295,1,-0.25790973593453193,6245,2023-12-29,0,0,-0.014468395368384634,0.015212536845990332
2024-08-01,2024-08-02,2024-08-05,net_cashflows,EUR,0.98999999999999999,IN_FHS_REF_POOL,ALL_FIVE,0.0190049985149017,0.0098644771902915759,0.011627782076883933,74.003323878102478,1,-0.9122888275744192,6245,2023-12-29,0,0,-0.014468395368384634,0.015212536845990332
2024-08-01,2024-08-02,2024-08-05,net_cashflows,USD,0.94999999999999996,IN_FHS_REF_POOL,ALL_FIVE,0.019384877712829301,0.0059777179271035263,0.0084834835129933787,26.542671692302719,1,-0.2656374301286254,6245,2023-12-29,0,0,-0.014046898238319852,0.015982091653426293
2024-08-01,2024-08-02,2024-08-05,net_cashflows,USD,0.98999999999999999,IN_FHS_REF_POOL,ALL_FIVE,0.019384877712829301,0.010017950751663132,0.011785908211287053,74.884791594666737,1,-0.9349247386569921,6245,2023-12-29,0,0,-0.014046898238319852,0.015982091653426293
2024-08-01,2024-08-02,2024-08-05,funded_assets,EUR,0.94999999999999996,IN_TCOP_REF_POOL,ALL_FIVE,-0.0066771638671812997,0.0061459816951772717,0.0082179941714182834,-5.0535602866411331,0,0.0020720124762410117,327680,2023-12-29,0,0,-0.036374270517321561,0.024495336987732763
2024-08-01,2024-08-02,2024-08-05,funded_assets,EUR,0.98999999999999999,IN_TCOP_REF_POOL,ALL_FIVE,-0.0066771638671812997,0.0094760337969080066,0.011498071702777873,-4.6414348064780295,0,0.0020220379058698661,327680,2023-12-29,0,0,-0.036374270517321561,0.024495336987732763
2024-08-01,2024-08-02,2024-08-05,funded_assets,USD,0.94999999999999996,IN_TCOP_REF_POOL,ALL_FIVE,-0.0067850282121993998,0.0061766141248897396,0.0082863028748581136,-5.0477509052583169,0,0.002109688749968374,327680,2023-12-29,0,0,-0.034074596531446524,0.025221773670909255
2024-08-01,2024-08-02,2024-08-05,funded_assets,USD,0.98999999999999999,IN_TCOP_REF_POOL,ALL_FIVE,-0.0067850282121993998,0.0095623681451400024,0.011648491360933443,-4.6316681662717265,0,0.0020861232157934409,327680,2023-12-29,0,0,-0.034074596531446524,0.025221773670909255
2024-08-01,2024-08-02,2024-08-05,net_cashflows,EUR,0.94999999999999996,IN_TCOP_REF_POOL,ALL_FIVE,0.0190049985149017,0.0058920248464524585,0.0080933147907617416,27.315751712463872,1,-0.26005818342467529,327680,2023-12-29,0,0,-0.020684778776475725,0.023382618894999957
2024-08-01,2024-08-02,2024-08-05,net_cashflows,EUR,0.98999999999999999,IN_TCOP_REF_POOL,ALL_FIVE,0.0190049985149017,0.0094787135793377823,0.011366092079549301,79.17002099182217,1,-0.95074111505617942,327680,2023-12-29,0,0,-0.020684778776475725,0.023382618894999957
2024-08-01,2024-08-02,2024-08-05,net_cashflows,USD,0.94999999999999996,IN_TCOP_REF_POOL,ALL_FIVE,0.019384877712829301,0.0059076144129591029,0.0081469942949612024,28.000262420825177,1,-0.26730588611540157,327680,2023-12-29,0,0,-0.020765528652027698,0.024755753891579968
2024-08-01,2024-08-02,2024-08-05,net_cashflows,USD,0.98999999999999999,IN_TCOP_REF_POOL,ALL_FIVE,0.019384877712829301,0.0095580093643405258,0.011504869248142206,80.780657929828578,1,-0.98073997496507492,327680,2023-12-29,0,0,-0.020765528652027698,0.024755753891579968
2025-10-01,2025-10-02,2025-10-03,funded_assets,EUR,0.94999999999999996,HS1250,ALL_EQUIVARIANT,6.5145017858162757e-05,0.0046291773178143425,0.006448776902534599,-5.3260267620899899,0,0.0018195995847202565,1249,2024-12-31,2.7952087259391911e-18,2.7952087259391911e-18,-0.016320720256127935,0.015738020767808003
2025-10-01,2025-10-02,2025-10-03,funded_assets,EUR,0.98999999999999999,HS1250,ALL_EQUIVARIANT,6.5145017858162757e-05,0.0077885308941603171,0.0096218137956903642,-4.8342565119154166,0,0.0018332829015300471,1249,2024-12-31,2.7952087259391911e-18,2.7952087259391911e-18,-0.016320720256127935,0.015738020767808003
2025-10-01,2025-10-02,2025-10-03,funded_assets,USD,0.94999999999999996,HS1250,ALL_EQUIVARIANT,6.381661550070417e-05,0.0046109489728619205,0.0064908929255511512,-5.3269831138085397,0,0.0018799439526892307,1249,2024-12-31,2.7952087259391911e-18,2.7952087259391911e-18,-0.016158454111973426,0.015923185969558433
2025-10-01,2025-10-02,2025-10-03,funded_assets,USD,0.98999999999999999,HS1250,ALL_EQUIVARIANT,6.381661550070417e-05,0.0078228854250416632,0.0097602451463152454,-4.827932747176261,0,0.0019373597212735821,1249,2024-12-31,2.7952087259391911e-18,2.7952087259391911e-18,-0.016158454111973426,0.015923185969558433
2025-10-01,2025-10-02,2025-10-03,net_cashflows,EUR,0.94999999999999996,HS1250,ALL_EQUIVARIANT,-0.0011145321274177,0.0041112866773536762,0.0062469998617534902,-5.4175321712118265,0,0.002135713184399814,1249,2024-12-31,2.7952087259391911e-18,2.7952087259391911e-18,-0.0096193975908259732,0.019004998514900819
2025-10-01,2025-10-02,2025-10-03,net_cashflows,EUR,0.98999999999999999,HS1250,ALL_EQUIVARIANT,-0.0011145321274177,0.0073508162066396876,0.010592435468189047,-4.8536467004176211,0,0.0032416192615493597,1249,2024-12-31,2.7952087259391911e-18,2.7952087259391911e-18,-0.0096193975908259732,0.019004998514900819
2025-10-01,2025-10-02,2025-10-03,net_cashflows,USD,0.94999999999999996,HS1250,ALL_EQUIVARIANT,-0.0011179262809765001,0.0041090834307777177,0.006301235737812794,-5.4149019609103179,0,0.0021921523070350763,1249,2024-12-31,2.7952087259391911e-18,2.7952087259391911e-18,-0.0094276821489450192,0.019384877712828378
2025-10-01,2025-10-02,2025-10-03,net_cashflows,USD,0.98999999999999999,HS1250,ALL_EQUIVARIANT,-0.0011179262809765001,0.0073528932438961161,0.010729565887368958,-4.8494594747437283,0,0.0033766726434728417,1249,2024-12-31,2.7952087259391911e-18,2.7952087259391911e-18,-0.0094276821489450192,0.019384877712828378
2025-10-01,2025-10-02,2025-10-03,funded_assets,EUR,0.94999999999999996,EWMA_GAUSS,ALL_EQUIVARIANT,6.5145017858162757e-05,0.0025751833077321262,0.0032391724010819127,-5.9374246791848888,0,0.00066398909334978648,65536,2024-12-31,2.2429432443293873e-18,2.2429432443293873e-18,-0.0065833072858016151,0.0066787223621535829
2025-10-01,2025-10-02,2025-10-03,funded_assets,EUR,0.98999999999999999,EWMA_GAUSS,ALL_EQUIVARIANT,6.5145017858162757e-05,0.0036636237573467734,0.0041812396425201749,-5.6009423494524224,0,0.00051761588517340151,65536,2024-12-31,2.2429432443293873e-18,2.2429432443293873e-18,-0.0065833072858016151,0.0066787223621535829
2025-10-01,2025-10-02,2025-10-03,funded_assets,USD,0.94999999999999996,EWMA_GAUSS,ALL_EQUIVARIANT,6.381661550070417e-05,0.0025842963359604359,0.0032572021394297562,-5.9334768184852615,0,0.00067290580346932027,65536,2024-12-31,2.2429432443293873e-18,2.2429432443293873e-18,-0.006522653481682756,0.0068017611115656585
2025-10-01,2025-10-02,2025-10-03,funded_assets,USD,0.98999999999999999,EWMA_GAUSS,ALL_EQUIVARIANT,6.381661550070417e-05,0.0036895493682520316,0.0042100025963125063,-5.5939150328994334,0,0.00052045322806047473,65536,2024-12-31,2.2429432443293873e-18,2.2429432443293873e-18,-0.006522653481682756,0.0068017611115656585
2025-10-01,2025-10-02,2025-10-03,net_cashflows,EUR,0.94999999999999996,EWMA_GAUSS,ALL_EQUIVARIANT,-0.0011145321274177,0.002850047715196302,0.003579090591697425,-5.8363415406528265,0,0.00072904287650112304,65536,2024-12-31,2.2429432443293873e-18,2.2429432443293873e-18,-0.0078666505219398344,0.0070669739233966576
2025-10-01,2025-10-02,2025-10-03,net_cashflows,EUR,0.98999999999999999,EWMA_GAUSS,ALL_EQUIVARIANT,-0.0011145321274177,0.0040348731482443452,0.0046211529410674825,-5.5039797780933455,0,0.00058627979282313732,65536,2024-12-31,2.2429432443293873e-18,2.2429432443293873e-18,-0.0078666505219398344,0.0070669739233966576
2025-10-01,2025-10-02,2025-10-03,net_cashflows,USD,0.94999999999999996,EWMA_GAUSS,ALL_EQUIVARIANT,-0.0011179262809765001,0.002865517833719093,0.0036036186018673522,-5.8306388818647514,0,0.00073810076814825919,65536,2024-12-31,2.2429432443293873e-18,2.2429432443293873e-18,-0.0078228871592006168,0.0071105300488421043
2025-10-01,2025-10-02,2025-10-03,net_cashflows,USD,0.98999999999999999,EWMA_GAUSS,ALL_EQUIVARIANT,-0.0011179262809765001,0.004063717288339477,0.0046611501824445033,-5.4966658890895701,0,0.0005974328941050263,65536,2024-12-31,2.2429432443293873e-18,2.2429432443293873e-18,-0.0078228871592006168,0.0071105300488421043
2025-10-01,2025-10-02,2025-10-03,funded_assets,EUR,0.94999999999999996,EWMA_SELFNORMALIZED,ALL_EQUIVARIANT,6.5145017858162757e-05,0.0025860892245359313,0.0032774479641029903,-5.9316344498929841,0,0.00069135873956705906,65536,2024-12-31,2.6901766404796579e-18,2.6901766404796579e-18,-0.0063135364591484222,0.0064330899987339041
2025-10-01,2025-10-02,2025-10-03,funded_assets,EUR,0.98999999999999999,EWMA_SELFNORMALIZED,ALL_EQUIVARIANT,6.5145017858162757e-05,0.0036925882589262937,0.0042736377946286045,-5.5912512152885547,0,0.00058104953570231078,65536,2024-12-31,2.6901766404796579e-18,2.6901766404796579e-18,-0.0063135364591484222,0.0064330899987339041
2025-10-01,2025-10-02,2025-10-03,funded_assets,USD,0.94999999999999996,EWMA_SELFNORMALIZED,ALL_EQUIVARIANT,6.381661550070417e-05,0.0025995310703025003,0.0032955956276458673,-5.9263789078970692,0,0.00069606455734336692,65536,2024-12-31,2.6901766404796579e-18,2.6901766404796579e-18,-0.0062865861614005477,0.0064927539328624977
2025-10-01,2025-10-02,2025-10-03,funded_assets,USD,0.98999999999999999,EWMA_SELFNORMALIZED,ALL_EQUIVARIANT,6.381661550070417e-05,0.003721864762774499,0.0043043615185061343,-5.5834535623394661,0,0.00058249675573163531,65536,2024-12-31,2.6901766404796579e-18,2.6901766404796579e-18,-0.0062865861614005477,0.0064927539328624977
2025-10-01,2025-10-02,2025-10-03,net_cashflows,EUR,0.94999999999999996,EWMA_SELFNORMALIZED,ALL_EQUIVARIANT,-0.0011145321274177,0.0028699138638573094,0.003636227226416924,-5.8275526913963409,0,0.00076631336255961451,65536,2024-12-31,2.6901766404796579e-18,2.6901766404796579e-18,-0.0070279641706014421,0.0070097538563620564
2025-10-01,2025-10-02,2025-10-03,net_cashflows,EUR,0.98999999999999999,EWMA_SELFNORMALIZED,ALL_EQUIVARIANT,-0.0011145321274177,0.004097299024625323,0.0047275143405346859,-5.4876636889364594,0,0.00063021531590936285,65536,2024-12-31,2.6901766404796579e-18,2.6901766404796579e-18,-0.0070279641706014421,0.0070097538563620564
2025-10-01,2025-10-02,2025-10-03,net_cashflows,USD,0.94999999999999996,EWMA_SELFNORMALIZED,ALL_EQUIVARIANT,-0.0011179262809765001,0.0028820977401918238,0.0036619083018913242,-5.8227228366207342,0,0.00077981056169950042,65536,2024-12-31,2.6901766404796579e-18,2.6901766404796579e-18,-0.0069858191720641675,0.0070896216850339653
2025-10-01,2025-10-02,2025-10-03,net_cashflows,USD,0.98999999999999999,EWMA_SELFNORMALIZED,ALL_EQUIVARIANT,-0.0011179262809765001,0.0041323688635129365,0.0047710110186233931,-5.4790559153404921,0,0.00063864215511045663,65536,2024-12-31,2.6901766404796579e-18,2.6901766404796579e-18,-0.0069858191720641675,0.0070896216850339653
2025-10-01,2025-10-02,2025-10-03,funded_assets,EUR,0.94999999999999996,IN_FHS1250,EUR,6.5145017858162757e-05,0.0034445737530172382,0.0046069460997149791,-5.6324987418033015,0,0.0011623723466977409,1249,2024-12-31,2.0557489629861869e-18,2.0557489629861869e-18,-0.0087778042379766108,0.01076134477796889
2025-10-01,2025-10-02,2025-10-03,funded_assets,EUR,0.98999999999999999,IN_FHS1250,EUR,6.5145017858162757e-05,0.0051726171373184804,0.0063509906120578158,-5.244686157434332,0,0.0011783734747393354,1249,2024-12-31,2.0557489629861869e-18,2.0557489629861869e-18,-0.0087778042379766108,0.01076134477796889
2025-10-01,2025-10-02,2025-10-03,funded_assets,USD,0.94999999999999996,IN_FHS1250,EUR,6.381661550070417e-05,0.0034654215163555427,0.004631472336269947,-5.6266472299665047,0,0.0011660508199144042,1249,2024-12-31,2.0557489629861869e-18,2.0557489629861869e-18,-0.0087234761701786671,0.010869438307039738
2025-10-01,2025-10-02,2025-10-03,funded_assets,USD,0.98999999999999999,IN_FHS1250,EUR,6.381661550070417e-05,0.0052128616027064239,0.0064101410235733363,-5.236652959470721,0,0.0011972794208669124,1249,2024-12-31,2.0557489629861869e-18,2.0557489629861869e-18,-0.0087234761701786671,0.010869438307039738
2025-10-01,2025-10-02,2025-10-03,net_cashflows,EUR,0.94999999999999996,IN_FHS1250,EUR,-0.0011145321274177,0.0031563826650679917,0.0044106200958808749,-5.7081075834802117,0,0.0012542374308128833,1249,2024-12-31,2.0557489629861869e-18,2.0557489629861869e-18,-0.0064316381742661856,0.011118855466798215
2025-10-01,2025-10-02,2025-10-03,net_cashflows,EUR,0.98999999999999999,IN_FHS1250,EUR,-0.0011145321274177,0.004871487597707746,0.0065910997280424332,-5.2829341878215912,0,0.0017196121303346872,1249,2024-12-31,2.0557489629861869e-18,2.0557489629861869e-18,-0.0064316381742661856,0.011118855466798215
2025-10-01,2025-10-02,2025-10-03,net_cashflows,USD,0.94999999999999996,IN_FHS1250,EUR,-0.0011179262809765001,0.0031641625499727495,0.0044437000138544472,-5.7042120722387804,0,0.0012795374638816977,1249,2024-12-31,2.0557489629861869e-18,2.0557489629861869e-18,-0.0063383070275320136,0.011405138070239967
2025-10-01,2025-10-02,2025-10-03,net_cashflows,USD,0.98999999999999999,IN_FHS1250,EUR,-0.0011179262809765001,0.0048779847502499751,0.0066718359060000763,-5.2787294046315942,0,0.0017938511557501011,1249,2024-12-31,2.0557489629861869e-18,2.0557489629861869e-18,-0.0063383070275320136,0.011405138070239967
2025-10-01,2025-10-02,2025-10-03,funded_assets,EUR,0.94999999999999996,IN_TCOP1250,EUR,6.5145017858162757e-05,0.0035763632088555708,0.0047005606018788414,-5.5992359084958876,0,0.0011241973930232706,65536,2024-12-31,3.9166803481038848e-18,3.9166803481038848e-18,-0.010651521013873011,0.011316153434537513
2025-10-01,2025-10-02,2025-10-03,funded_assets,EUR,0.98999999999999999,IN_TCOP1250,EUR,6.5145017858162757e-05,0.0053786874898476,0.0064770893789125265,-5.2090666752268584,0,0.0010984018890649264,65536,2024-12-31,3.9166803481038848e-18,3.9166803481038848e-18,-0.010651521013873011,0.011316153434537513
2025-10-01,2025-10-02,2025-10-03,funded_assets,USD,0.94999999999999996,IN_TCOP1250,EUR,6.381661550070417e-05,0.0035904972996232444,0.0047374272425850265,-5.5943608147450563,0,0.0011469299429617821,65536,2024-12-31,3.9166803481038848e-18,3.9166803481038848e-18,-0.01046126048319025,0.011434705088043081
2025-10-01,2025-10-02,2025-10-03,funded_assets,USD,0.98999999999999999,IN_TCOP1250,EUR,6.381661550070417e-05,0.0054112452904782598,0.0065492761974080584,-5.2021651179798205,0,0.0011380309069297986,65536,2024-12-31,3.9166803481038848e-18,3.9166803481038848e-18,-0.01046126048319025,0.011434705088043081
2025-10-01,2025-10-02,2025-10-03,net_cashflows,EUR,0.94999999999999996,IN_TCOP1250,EUR,-0.0011145321274177,0.0028165594833967308,0.0038425726607363951,-5.8286252161881071,0,0.0010260131773396643,65536,2024-12-31,3.9166803481038848e-18,3.9166803481038848e-18,-0.010779182335086278,0.01109095905337977
2025-10-01,2025-10-02,2025-10-03,net_cashflows,EUR,0.98999999999999999,IN_TCOP1250,EUR,-0.0011145321274177,0.0044548633521453327,0.0054581487489847487,-5.3944598313573753,0,0.001003285396839416,65536,2024-12-31,3.9166803481038848e-18,3.9166803481038848e-18,-0.010779182335086278,0.01109095905337977
2025-10-01,2025-10-02,2025-10-03,net_cashflows,USD,0.94999999999999996,IN_TCOP1250,EUR,-0.0011179262809765001,0.0028306828470630986,0.0038670109601531303,-5.823265461008841,0,0.0010363281130900317,65536,2024-12-31,3.9166803481038848e-18,3.9166803481038848e-18,-0.010621836037864846,0.011405346347782355
2025-10-01,2025-10-02,2025-10-03,net_cashflows,USD,0.98999999999999999,IN_TCOP1250,EUR,-0.0011179262809765001,0.004488706702858055,0.005509608166696405,-5.3865565207408341,0,0.0010209014638383499,65536,2024-12-31,3.9166803481038848e-18,3.9166803481038848e-18,-0.010621836037864846,0.011405346347782355
2025-10-01,2025-10-02,2025-10-03,funded_assets,EUR,0.94999999999999996,IN_FHS1250,USD,6.5145017858162757e-05,0.004533411616181815,0.0059051471782120731,-5.3642258034063994,0,0.0013717355620302581,1249,2024-12-31,3.1865379475706779e-18,3.1865379475706779e-18,-0.010649871642851555,0.014453854932853949
2025-10-01,2025-10-02,2025-10-03,funded_assets,EUR,0.98999999999999999,IN_FHS1250,USD,6.5145017858162757e-05,0.0067179956590435186,0.008150582316383697,-4.9854308500055868,0,0.0014325866573401784,1249,2024-12-31,3.1865379475706779e-18,3.1865379475706779e-18,-0.010649871642851555,0.014453854932853949
2025-10-01,2025-10-02,2025-10-03,funded_assets,USD,0.94999999999999996,IN_FHS1250,USD,6.381661550070417e-05,0.0045398427330657267,0.005934632114254052,-5.3619756545998749,0,0.0013947893811883253,1249,2024-12-31,3.1865379475706779e-18,3.1865379475706779e-18,-0.010581626610739244,0.014601177599490903
2025-10-01,2025-10-02,2025-10-03,funded_assets,USD,0.98999999999999999,IN_FHS1250,USD,6.381661550070417e-05,0.0067693391718244714,0.0082203777074370595,-4.9776563795213242,0,0.0014510385356125881,1249,2024-12-31,3.1865379475706779e-18,3.1865379475706779e-18,-0.010581626610739244,0.014601177599490903
2025-10-01,2025-10-02,2025-10-03,net_cashflows,EUR,0.94999999999999996,IN_FHS1250,USD,-0.0011145321274177,0.0035818161875222684,0.0047607538747289537,-5.5949860109637592,0,0.0011789376872066853,1249,2024-12-31,3.1865379475706779e-18,3.1865379475706779e-18,-0.0063483958153759176,0.0080880527012453969
2025-10-01,2025-10-02,2025-10-03,net_cashflows,EUR,0.98999999999999999,IN_FHS1250,USD,-0.0011145321274177,0.0053577162102957827,0.00623155269564208,-5.2183574778322059,0,0.00087383648534629724,1249,2024-12-31,3.1865379475706779e-18,3.1865379475706779e-18,-0.0063483958153759176,0.0080880527012453969
2025-10-01,2025-10-02,2025-10-03,net_cashflows,USD,0.94999999999999996,IN_FHS1250,USD,-0.0011179262809765001,0.0035835287456142412,0.004792327196655983,-5.5929753511220657,0,0.0012087984510417418,1249,2024-12-31,3.1865379475706779e-18,3.1865379475706779e-18,-0.006302798463257063,0.0083058707453581918
2025-10-01,2025-10-02,2025-10-03,net_cashflows,USD,0.98999999999999999,IN_FHS1250,USD,-0.0011179262809765001,0.0054038076066018799,0.0062790504010503253,-5.2099274689954367,0,0.00087524279444844543,1249,2024-12-31,3.1865379475706779e-18,3.1865379475706779e-18,-0.006302798463257063,0.0083058707453581918
2025-10-01,2025-10-02,2025-10-03,funded_assets,EUR,0.94999999999999996,IN_TCOP1250,USD,6.5145017858162757e-05,0.0046517538078687526,0.0062739348660739297,-5.3299103489106523,0,0.0016221810582051771,65536,2024-12-31,4.4452289071905682e-18,4.4452289071905682e-18,-0.01890740215360226,0.021292247102746492
2025-10-01,2025-10-02,2025-10-03,funded_assets,EUR,0.98999999999999999,IN_TCOP1250,USD,6.5145017858162757e-05,0.0072980737503322846,0.0089257348686815167,-4.9011725952629046,0,0.0016276611183492322,65536,2024-12-31,4.4452289071905682e-18,4.4452289071905682e-18,-0.01890740215360226,0.021292247102746492
2025-10-01,2025-10-02,2025-10-03,funded_assets,USD,0.94999999999999996,IN_TCOP1250,USD,6.381661550070417e-05,0.0046660141373815736,0.0063210374319821365,-5.3256997289290746,0,0.001655023294600563,65536,2024-12-31,4.4452289071905682e-18,4.4452289071905682e-18,-0.018540500769726218,0.021571384155254766
2025-10-01,2025-10-02,2025-10-03,funded_assets,USD,0.98999999999999999,IN_TCOP1250,USD,6.381661550070417e-05,0.0073556688870451926,0.009020660718347789,-4.892813071827339,0,0.0016649918313025964,65536,2024-12-31,4.4452289071905682e-18,4.4452289071905682e-18,-0.018540500769726218,0.021571384155254766
2025-10-01,2025-10-02,2025-10-03,net_cashflows,EUR,0.94999999999999996,IN_TCOP1250,USD,-0.0011145321274177,0.003384636605392277,0.0045453731998928645,-5.6490120633732612,0,0.0011607365945005875,65536,2024-12-31,4.4452289071905682e-18,4.4452289071905682e-18,-0.0083460981866531388,0.0093885071761779845
2025-10-01,2025-10-02,2025-10-03,net_cashflows,EUR,0.98999999999999999,IN_TCOP1250,USD,-0.0011145321274177,0.0052917847962223987,0.0062400218669175266,-5.2287321287974988,0,0.00094823707069512791,65536,2024-12-31,4.4452289071905682e-18,4.4452289071905682e-18,-0.0083460981866531388,0.0093885071761779845
2025-10-01,2025-10-02,2025-10-03,net_cashflows,USD,0.94999999999999996,IN_TCOP1250,USD,-0.0011179262809765001,0.0033973349886584733,0.0045686220284506208,-5.6449200825151573,0,0.0011712870397921475,65536,2024-12-31,4.4452289071905682e-18,4.4452289071905682e-18,-0.0083262221098143619,0.009388968176237196
2025-10-01,2025-10-02,2025-10-03,net_cashflows,USD,0.98999999999999999,IN_TCOP1250,USD,-0.0011179262809765001,0.0053310876845896488,0.006283365695191427,-5.2214049048245492,0,0.00095227801060177811,65536,2024-12-31,4.4452289071905682e-18,4.4452289071905682e-18,-0.0083262221098143619,0.009388968176237196
2025-10-01,2025-10-02,2025-10-03,funded_assets,EUR,0.94999999999999996,IN_FHS1250,GBP,6.5145017858162757e-05,0.0035958858538483462,0.0048702371193110449,-5.5862736841957972,0,0.0012743512654626987,1249,2024-12-31,2.1565458837094487e-18,2.1565458837094487e-18,-0.0095293748388641519,0.013073617368152851
2025-10-01,2025-10-02,2025-10-03,funded_assets,EUR,0.98999999999999999,IN_FHS1250,GBP,6.5145017858162757e-05,0.0056225719966239707,0.006962400549660611,-5.1596686869544151,0,0.0013398285530366403,1249,2024-12-31,2.1565458837094487e-18,2.1565458837094487e-18,-0.0095293748388641519,0.013073617368152851
2025-10-01,2025-10-02,2025-10-03,funded_assets,USD,0.94999999999999996,IN_FHS1250,GBP,6.381661550070417e-05,0.0036026474320929808,0.0048913846222117599,-5.5837506966263257,0,0.0012887371901187791,1249,2024-12-31,2.1565458837094487e-18,2.1565458837094487e-18,-0.0094047944438153345,0.013348156774893403
2025-10-01,2025-10-02,2025-10-03,funded_assets,USD,0.98999999999999999,IN_FHS1250,GBP,6.381661550070417e-05,0.0055366211956604048,0.0070126518039007541,-5.1705204525728083,0,0.0014760306082403493,1249,2024-12-31,2.1565458837094487e-18,2.1565458837094487e-18,-0.0094047944438153345,0.013348156774893403
2025-10-01,2025-10-02,2025-10-03,net_cashflows,EUR,0.94999999999999996,IN_FHS1250,GBP,-0.0011145321274177,0.0033944250707599877,0.0047195437037162455,-5.636815773197922,0,0.0013251186329562578,1249,2024-12-31,2.1565458837094487e-18,2.1565458837094487e-18,-0.0075077588244431897,0.008830112004624701
2025-10-01,2025-10-02,2025-10-03,net_cashflows,EUR,0.98999999999999999,IN_FHS1250,GBP,-0.0011145321274177,0.005374803487948587,0.0067144356304310723,-5.2030107246720716,0,0.0013396321424824853,1249,2024-12-31,2.1565458837094487e-18,2.1565458837094487e-18,-0.0075077588244431897,0.008830112004624701
2025-10-01,2025-10-02,2025-10-03,net_cashflows,USD,0.94999999999999996,IN_FHS1250,GBP,-0.0011179262809765001,0.0033978497172166486,0.0047501644401277575,-5.6342640233570034,0,0.0013523147229111089,1249,2024-12-31,2.1565458837094487e-18,2.1565458837094487e-18,-0.0075014177764262859,0.0089314434417140081
2025-10-01,2025-10-02,2025-10-03,net_cashflows,USD,0.98999999999999999,IN_FHS1250,GBP,-0.0011179262809765001,0.0053921320134005368,0.0067905618301282861,-5.1981588746832639,0,0.0013984298167277493,1249,2024-12-31,2.1565458837094487e-18,2.1565458837094487e-18,-0.0075014177764262859,0.0089314434417140081
2025-10-01,2025-10-02,2025-10-03,funded_assets,EUR,0.94999999999999996,IN_TCOP1250,GBP,6.5145017858162757e-05,0.0036843987121590871,0.0050930403009820926,-5.5564619875076016,0,0.0014086415888230055,65536,2024-12-31,3.4889287097404631e-18,3.4889287097404631e-18,-0.017328090503104077,0.018104380949415133
2025-10-01,2025-10-02,2025-10-03,funded_assets,EUR,0.98999999999999999,IN_TCOP1250,GBP,6.5145017858162757e-05,0.0059218693797405131,0.0074417508570088367,-5.1048862092118856,0,0.0015198814772683237,65536,2024-12-31,3.4889287097404631e-18,3.4889287097404631e-18,-0.017328090503104077,0.018104380949415133
2025-10-01,2025-10-02,2025-10-03,funded_assets,USD,0.94999999999999996,IN_TCOP1250,GBP,6.381661550070417e-05,0.003696101050551473,0.0051255658873423865,-5.5524035170473267,0,0.0014294648367909136,65536,2024-12-31,3.4889287097404631e-18,3.4889287097404631e-18,-0.01680416085733933,0.018394645399769375
2025-10-01,2025-10-02,2025-10-03,funded_assets,USD,0.98999999999999999,IN_TCOP1250,GBP,6.381661550070417e-05,0.0059785187572143897,0.0075123646787644922,-5.0953811719164586,0,0.0015338459215501025,65536,2024-12-31,3.4889287097404631e-18,3.4889287097404631e-18,-0.01680416085733933,0.018394645399769375
2025-10-01,2025-10-02,2025-10-03,net_cashflows,EUR,0.94999999999999996,IN_TCOP1250,GBP,-0.0011145321274177,0.0029841578211758819,0.0041273104189862714,-5.7671020840371092,0,0.0011431525978103894,65536,2024-12-31,3.4889287097404631e-18,3.4889287097404631e-18,-0.013084975151335099,0.01168071276985313
2025-10-01,2025-10-02,2025-10-03,net_cashflows,EUR,0.98999999999999999,IN_TCOP1250,GBP,-0.0011145321274177,0.0048465191713642714,0.0059611230733001798,-5.3094752246646317,0,0.0011146039019359084,65536,2024-12-31,3.4889287097404631e-18,3.4889287097404631e-18,-0.013084975151335099,0.01168071276985313
2025-10-01,2025-10-02,2025-10-03,net_cashflows,USD,0.94999999999999996,IN_TCOP1250,GBP,-0.0011179262809765001,0.0029898409957808052,0.0041468913688060072,-5.7644126141196557,0,0.0011570503730252021,65536,2024-12-31,3.4889287097404631e-18,3.4889287097404631e-18,-0.01264757814556423,0.011892986763078336
2025-10-01,2025-10-02,2025-10-03,net_cashflows,USD,0.98999999999999999,IN_TCOP1250,GBP,-0.0011179262809765001,0.0048699476353859846,0.0060043482639492631,-5.3042012135216865,0,0.0011344006285632785,65536,2024-12-31,3.4889287097404631e-18,3.4889287097404631e-18,-0.01264757814556423,0.011892986763078336
2025-10-01,2025-10-02,2025-10-03,funded_assets,EUR,0.94999999999999996,IN_FHS1250,JPY,6.5145017858162757e-05,0.0032922467864010541,0.0043924583377059553,-5.678343624473241,0,0.0011002115513049013,1249,2024-12-31,2.7477748808929503e-18,2.7477748808929503e-18,-0.008458826536023839,0.013092308962165289
2025-10-01,2025-10-02,2025-10-03,funded_assets,EUR,0.98999999999999999,IN_FHS1250,JPY,6.5145017858162757e-05,0.0046842344085266663,0.0065946249250416079,-5.3111893999002628,0,0.0019103905165149416,1249,2024-12-31,2.7477748808929503e-18,2.7477748808929503e-18,-0.008458826536023839,0.013092308962165289
2025-10-01,2025-10-02,2025-10-03,funded_assets,USD,0.94999999999999996,IN_FHS1250,JPY,6.381661550070417e-05,0.0032903288465174142,0.0044183822531656059,-5.6772908035198331,0,0.0011280534066481916,1249,2024-12-31,2.7477748808929503e-18,2.7477748808929503e-18,-0.0082964744498183422,0.013197652582298609
2025-10-01,2025-10-02,2025-10-03,funded_assets,USD,0.98999999999999999,IN_FHS1250,JPY,6.381661550070417e-05,0.0046797755652015008,0.0066583708083636332,-5.3090395126225394,0,0.0019785952431621324,1249,2024-12-31,2.7477748808929503e-18,2.7477748808929503e-18,-0.0082964744498183422,0.013197652582298609
2025-10-01,2025-10-02,2025-10-03,net_cashflows,EUR,0.94999999999999996,IN_FHS1250,JPY,-0.0011145321274177,0.0035739284823051668,0.004690329376736432,-5.6002743234746513,0,0.0011164008944312652,1249,2024-12-31,2.7477748808929503e-18,2.7477748808929503e-18,-0.006823403410984908,0.007124887819120262
2025-10-01,2025-10-02,2025-10-03,net_cashflows,EUR,0.98999999999999999,IN_FHS1250,JPY,-0.0011145321274177,0.0052490705746949043,0.0060426926591280131,-5.2402413966202328,0,0.00079362208443310885,1249,2024-12-31,2.7477748808929503e-18,2.7477748808929503e-18,-0.006823403410984908,0.007124887819120262
2025-10-01,2025-10-02,2025-10-03,net_cashflows,USD,0.94999999999999996,IN_FHS1250,JPY,-0.0011179262809765001,0.0035796749142709282,0.0047251815434902313,-5.5972752478487786,0,0.0011455066292193031,1249,2024-12-31,2.7477748808929503e-18,2.7477748808929503e-18,-0.0067336730198638978,0.0072528941653325907
2025-10-01,2025-10-02,2025-10-03,net_cashflows,USD,0.98999999999999999,IN_FHS1250,JPY,-0.0011179262809765001,0.005354107109989739,0.0060950641652988908,-5.2218427244134746,0,0.00074095705530915178,1249,2024-12-31,2.7477748808929503e-18,2.7477748808929503e-18,-0.0067336730198638978,0.0072528941653325907
2025-10-01,2025-10-02,2025-10-03,funded_assets,EUR,0.94999999999999996,IN_TCOP1250,JPY,6.5145017858162757e-05,0.0034626393610413531,0.0047972663436706134,-5.6179147645125109,0,0.0013346269826292603,65536,2024-12-31,3.6930636500287495e-18,3.6930636500287495e-18,-0.021522416601062994,0.016900185063777801
2025-10-01,2025-10-02,2025-10-03,funded_assets,EUR,0.98999999999999999,IN_TCOP1250,JPY,6.5145017858162757e-05,0.0055503165726865644,0.0070434562940464842,-5.1676459123578464,0,0.0014931397213599198,65536,2024-12-31,3.6930636500287495e-18,3.6930636500287495e-18,-0.021522416601062994,0.016900185063777801
2025-10-01,2025-10-02,2025-10-03,funded_assets,USD,0.94999999999999996,IN_TCOP1250,JPY,6.381661550070417e-05,0.0034759565351137958,0.0048338905517767497,-5.6130231175662022,0,0.0013579340166629539,65536,2024-12-31,3.6930636500287495e-18,3.6930636500287495e-18,-0.020761775118439938,0.017500451563279409
2025-10-01,2025-10-02,2025-10-03,funded_assets,USD,0.98999999999999999,IN_TCOP1250,JPY,6.381661550070417e-05,0.0055947955839153237,0.0071238718169678592,-5.1589450840480984,0,0.0015290762330525355,65536,2024-12-31,3.6930636500287495e-18,3.6930636500287495e-18,-0.020761775118439938,0.017500451563279409
2025-10-01,2025-10-02,2025-10-03,net_cashflows,EUR,0.94999999999999996,IN_TCOP1250,JPY,-0.0011145321274177,0.0034737021590203086,0.0045639010407344466,-5.6284518769740934,0,0.001090198881714138,65536,2024-12-31,3.6930636500287495e-18,3.6930636500287495e-18,-0.010575060722434039,0.010972008317675898
2025-10-01,2025-10-02,2025-10-03,net_cashflows,EUR,0.98999999999999999,IN_TCOP1250,JPY,-0.0011145321274177,0.0052430120219346347,0.0060887780698341606,-5.2402135739019968,0,0.00084576604789952589,65536,2024-12-31,3.6930636500287495e-18,3.6930636500287495e-18,-0.010575060722434039,0.010972008317675898
2025-10-01,2025-10-02,2025-10-03,net_cashflows,USD,0.94999999999999996,IN_TCOP1250,JPY,-0.0011179262809765001,0.0034945034385664557,0.0045970124582798049,-5.6221802883187584,0,0.0011025090197133492,65536,2024-12-31,3.6930636500287495e-18,3.6930636500287495e-18,-0.010171156062591547,0.011111383798791074
2025-10-01,2025-10-02,2025-10-03,net_cashflows,USD,0.98999999999999999,IN_TCOP1250,JPY,-0.0011179262809765001,0.0052874646221477434,0.0061490393190843998,-5.2315747514759741,0,0.00086157469693665632,65536,2024-12-31,3.6930636500287495e-18,3.6930636500287495e-18,-0.010171156062591547,0.011111383798791074
2025-10-01,2025-10-02,2025-10-03,funded_assets,EUR,0.94999999999999996,IN_FHS1250,CHF,6.5145017858162757e-05,0.0033803699551149535,0.0042894596263329619,-5.6635302251559025,0,0.00090908967121800834,1249,2024-12-31,1.7347234759768071e-18,1.7347234759768071e-18,-0.0097622092107838288,0.0073704166612919009
2025-10-01,2025-10-02,2025-10-03,funded_assets,EUR,0.98999999999999999,IN_FHS1250,CHF,6.5145017858162757e-05,0.0049056659868237373,0.0057300727984189613,-5.3059007499763169,0,0.00082440681159522394,1249,2024-12-31,1.7347234759768071e-18,1.7347234759768071e-18,-0.0097622092107838288,0.0073704166612919009
2025-10-01,2025-10-02,2025-10-03,funded_assets,USD,0.94999999999999996,IN_FHS1250,CHF,6.381661550070417e-05,0.003388624038402776,0.0043107186239962547,-5.6605580483036224,0,0.00092209458559347869,1249,2024-12-31,1.7347234759768071e-18,1.7347234759768071e-18,-0.0096895905124629589,0.0075111280517524076
2025-10-01,2025-10-02,2025-10-03,funded_assets,USD,0.98999999999999999,IN_FHS1250,CHF,6.381661550070417e-05,0.004936635519422387,0.0057734837862574639,-5.2994264511547184,0,0.00083684826683507688,1249,2024-12-31,1.7347234759768071e-18,1.7347234759768071e-18,-0.0096895905124629589,0.0075111280517524076
2025-10-01,2025-10-02,2025-10-03,net_cashflows,EUR,0.94999999999999996,IN_FHS1250,CHF,-0.0011145321274177,0.0033315639148063349,0.0048152552041128786,-5.6440893184003702,0,0.0014836912893065437,1249,2024-12-31,1.7347234759768071e-18,1.7347234759768071e-18,-0.0068565216385990781,0.011540839476499934
2025-10-01,2025-10-02,2025-10-03,net_cashflows,EUR,0.98999999999999999,IN_FHS1250,CHF,-0.0011145321274177,0.0053604031010704208,0.0070706650975497672,-5.1936820770822072,0,0.0017102619964793463,1249,2024-12-31,1.7347234759768071e-18,1.7347234759768071e-18,-0.0068565216385990781,0.011540839476499934
2025-10-01,2025-10-02,2025-10-03,net_cashflows,USD,0.94999999999999996,IN_FHS1250,CHF,-0.0011179262809765001,0.0034019823631721369,0.0048496764965191286,-5.62735682512327,0,0.0014476941333469917,1249,2024-12-31,1.7347234759768071e-18,1.7347234759768071e-18,-0.006812687113511579,0.011789960203811685
2025-10-01,2025-10-02,2025-10-03,net_cashflows,USD,0.98999999999999999,IN_FHS1250,CHF,-0.0011179262809765001,0.0053530354020180403,0.0071368166231137956,-5.1924291921853447,0,0.0017837812210957553,1249,2024-12-31,1.7347234759768071e-18,1.7347234759768071e-18,-0.006812687113511579,0.011789960203811685
2025-10-01,2025-10-02,2025-10-03,funded_assets,EUR,0.94999999999999996,IN_TCOP1250,CHF,6.5145017858162757e-05,0.0035498331181988418,0.0047045527506187935,-5.6046718394622914,0,0.0011547196324199517,65536,2024-12-31,3.6930636500287495e-18,3.6930636500287495e-18,-0.014783893070709625,0.015099102442851037
2025-10-01,2025-10-02,2025-10-03,funded_assets,EUR,0.98999999999999999,IN_TCOP1250,CHF,6.5145017858162757e-05,0.005395469568970912,0.0065409549774189807,-5.2047972052909586,0,0.0011454854084480687,65536,2024-12-31,3.6930636500287495e-18,3.6930636500287495e-18,-0.014783893070709625,0.015099102442851037
2025-10-01,2025-10-02,2025-10-03,funded_assets,USD,0.94999999999999996,IN_TCOP1250,CHF,6.381661550070417e-05,0.003560871731090617,0.0047354677797024165,-5.6007170080754118,0,0.0011745960486117995,65536,2024-12-31,3.6930636500287495e-18,3.6930636500287495e-18,-0.014382065808656691,0.015322549031743625
2025-10-01,2025-10-02,2025-10-03,funded_assets,USD,0.98999999999999999,IN_TCOP1250,CHF,6.381661550070417e-05,0.0054391627114680737,0.0066035937466893862,-5.1964742012683942,0,0.0011644310352213125,65536,2024-12-31,3.6930636500287495e-18,3.6930636500287495e-18,-0.014382065808656691,0.015322549031743625
2025-10-01,2025-10-02,2025-10-03,net_cashflows,EUR,0.94999999999999996,IN_TCOP1250,CHF,-0.0011145321274177,0.0030989813452943827,0.0042685801874159266,-5.7304758597214764,0,0.0011695988421215439,65536,2024-12-31,3.6930636500287495e-18,3.6930636500287495e-18,-0.010457068201109044,0.01255036214661176
2025-10-01,2025-10-02,2025-10-03,net_cashflows,EUR,0.98999999999999999,IN_TCOP1250,CHF,-0.0011145321274177,0.0049978837970993568,0.0060809100479039327,-5.2807035746240478,0,0.0010830262508045758,65536,2024-12-31,3.6930636500287495e-18,3.6930636500287495e-18,-0.010457068201109044,0.01255036214661176
2025-10-01,2025-10-02,2025-10-03,net_cashflows,USD,0.94999999999999996,IN_TCOP1250,CHF,-0.0011179262809765001,0.0031152829652955692,0.0042958269449989688,-5.7249230157579341,0,0.0011805439797033996,65536,2024-12-31,3.6930636500287495e-18,3.6930636500287495e-18,-0.010419679867091924,0.012709527004478142
2025-10-01,2025-10-02,2025-10-03,net_cashflows,USD,0.98999999999999999,IN_TCOP1250,CHF,-0.0011179262809765001,0.0050390178313350839,0.0061343297656366782,-5.272408913714564,0,0.0010953119343015943,65536,2024-12-31,3.6930636500287495e-18,3.6930636500287495e-18,-0.010419679867091924,0.012709527004478142
2025-10-01,2025-10-02,2025-10-03,funded_assets,EUR,0.94999999999999996,IN_FHS_REF_POOL,ALL_FIVE,6.5145017858162757e-05,0.0036091321004726173,0.0048745197127783562,-5.5833259646934836,0,0.0012653876123057389,6245,2024-12-31,0,0,-0.010649871642851555,0.014453854932853949
2025-10-01,2025-10-02,2025-10-03,funded_assets,EUR,0.98999999999999999,IN_FHS_REF_POOL,ALL_FIVE,6.5145017858162757e-05,0.0055518923818028698,0.0069996274056176042,-5.1687286573440954,0,0.0014477350238147344,6245,2024-12-31,0,0,-0.010649871642851555,0.014453854932853949
2025-10-01,2025-10-02,2025-10-03,funded_assets,USD,0.94999999999999996,IN_FHS_REF_POOL,ALL_FIVE,6.381661550070417e-05,0.0036087088504342378,0.0048997574713478655,-5.5820619228478057,0,0.0012910486209136277,6245,2024-12-31,0,0,-0.010581626610739244,0.014601177599490903
2025-10-01,2025-10-02,2025-10-03,funded_assets,USD,0.98999999999999999,IN_FHS_REF_POOL,ALL_FIVE,6.381661550070417e-05,0.0055366211956604048,0.0070564277306235414,-5.1691953691634422,0,0.0015198065349631366,6245,2024-12-31,0,0,-0.010581626610739244,0.014601177599490903
2025-10-01,2025-10-02,2025-10-03,net_cashflows,EUR,0.94999999999999996,IN_FHS_REF_POOL,ALL_FIVE,-0.0011145321274177,0.003430677925049419,0.0046903819969764176,-5.6308129943730627,0,0.0012597040719269986,6245,2024-12-31,0,0,-0.0075077588244431897,0.011540839476499934
2025-10-01,2025-10-02,2025-10-03,net_cashflows,EUR,0.98999999999999999,IN_FHS_REF_POOL,ALL_FIVE,-0.0011145321274177,0.0052485043947061438,0.0065555174493958654,-5.2268242569166299,0,0.0013070130546897216,6245,2024-12-31,0,0,-0.0075077588244431897,0.011540839476499934
2025-10-01,2025-10-02,2025-10-03,net_cashflows,USD,0.94999999999999996,IN_FHS_REF_POOL,ALL_FIVE,-0.0011179262809765001,0.0034213111075825837,0.004722142265246628,-5.630967504459278,0,0.0013008311576640443,6245,2024-12-31,0,0,-0.0075014177764262859,0.011789960203811685
2025-10-01,2025-10-02,2025-10-03,net_cashflows,USD,0.98999999999999999,IN_FHS_REF_POOL,ALL_FIVE,-0.0011179262809765001,0.0053050890463304792,0.0066209917603169558,-5.216257177687897,0,0.0013159027139864766,6245,2024-12-31,0,0,-0.0075014177764262859,0.011789960203811685
2025-10-01,2025-10-02,2025-10-03,funded_assets,EUR,0.94999999999999996,IN_TCOP_REF_POOL,ALL_FIVE,6.5145017858162757e-05,0.0038096884749940774,0.0051864109414458187,-5.5271613650429519,0,0.0013767224664517413,327680,2024-12-31,0,0,-0.021522416601062994,0.021292247102746492
2025-10-01,2025-10-02,2025-10-03,funded_assets,EUR,0.98999999999999999,IN_TCOP_REF_POOL,ALL_FIVE,6.5145017858162757e-05,0.006011114221905145,0.0074839642447455069,-5.0917934310783579,0,0.0014728500228403619,327680,2024-12-31,0,0,-0.021522416601062994,0.021292247102746492
2025-10-01,2025-10-02,2025-10-03,funded_assets,USD,0.94999999999999996,IN_TCOP_REF_POOL,ALL_FIVE,6.381661550070417e-05,0.003825324211145789,0.005223376546329231,-5.5222642253114547,0,0.0013980523351834421,327680,2024-12-31,0,0,-0.020761775118439938,0.021571384155254766
2025-10-01,2025-10-02,2025-10-03,funded_assets,USD,0.98999999999999999,IN_TCOP_REF_POOL,ALL_FIVE,6.381661550070417e-05,0.0060569604629360221,0.0075604161123211094,-5.083687898433265,0,0.0015034556493850873,327680,2024-12-31,0,0,-0.020761775118439938,0.021571384155254766
2025-10-01,2025-10-02,2025-10-03,net_cashflows,EUR,0.94999999999999996,IN_TCOP_REF_POOL,ALL_FIVE,-0.0011145321274177,0.0031624496170254758,0.0042955628407795356,-5.7139595907923413,0,0.0011331132237540598,327680,2024-12-31,0,0,-0.013084975151335099,0.01255036214661176
2025-10-01,2025-10-02,2025-10-03,net_cashflows,EUR,0.98999999999999999,IN_TCOP_REF_POOL,ALL_FIVE,-0.0011145321274177,0.0050164947529894978,0.0060079069897788087,-5.2796967526831668,0,0.00099141223678931092,327680,2024-12-31,0,0,-0.013084975151335099,0.01255036214661176
2025-10-01,2025-10-02,2025-10-03,net_cashflows,USD,0.94999999999999996,IN_TCOP_REF_POOL,ALL_FIVE,-0.0011179262809765001,0.0031746151675350822,0.004321330576153362,-5.7095535696547213,0,0.0011467154086182798,327680,2024-12-31,0,0,-0.01264757814556423,0.012709527004478142
2025-10-01,2025-10-02,2025-10-03,net_cashflows,USD,0.98999999999999999,IN_TCOP_REF_POOL,ALL_FIVE,-0.0011179262809765001,0.0050533771177955298,0.0060588151402891218,-5.272187330575921,0,0.001005438022493592,327680,2024-12-31,0,0,-0.01264757814556423,0.012709527004478142
