origin_date,start_date,target_date,book,report,tau,model,train_reference,actual_loss,var,es,score,strict_hit,tail_residual,scenario_n,fit_cutoff_date,cash_identity_absolute_error,cash_identity_relative_error,minimum_scenario_loss,maximum_scenario_loss
2015-01-13,2015-01-14,2015-01-15,funded_assets,EUR,0.94999999999999996,HS1250,ALL_EQUIVARIANT,-0.048007199002340503,0.0072773080218551389,0.0097212078891575938,-4.8848441863658962,0,0.0024438998673024549,1249,2014-12-31,3.3068166260807885e-18,3.3068166260807885e-18,-0.021382093638247279,0.020564695146287643
2015-01-13,2015-01-14,2015-01-15,funded_assets,EUR,0.98999999999999999,HS1250,ALL_EQUIVARIANT,-0.048007199002340503,0.010966374281485114,0.013245851823213447,-4.4961607625789144,0,0.0022794775417283326,1249,2014-12-31,3.3068166260807885e-18,3.3068166260807885e-18,-0.021382093638247279,0.020564695146287643
2015-01-13,2015-01-14,2015-01-15,funded_assets,USD,0.94999999999999996,HS1250,ALL_EQUIVARIANT,-0.047680755673647802,0.0073832019423681686,0.0098033346433133994,-4.8719009960676161,0,0.0024201327009452309,1249,2014-12-31,3.3068166260807885e-18,3.3068166260807885e-18,-0.021407117481469479,0.020351281984027275
2015-01-13,2015-01-14,2015-01-15,funded_assets,USD,0.98999999999999999,HS1250,ALL_EQUIVARIANT,-0.047680755673647802,0.011192164739226174,0.013400535010536332,-4.4772578185350245,0,0.0022083702713101578,1249,2014-12-31,3.3068166260807885e-18,3.3068166260807885e-18,-0.021407117481469479,0.020351281984027275
2015-01-13,2015-01-14,2015-01-15,net_cashflows,EUR,0.94999999999999996,HS1250,ALL_EQUIVARIANT,0.0325408805856972,0.0035473242891070232,0.0053819861276243408,102.17737466235786,1,-0.57803646409328568,1249,2014-12-31,3.3068166260807885e-18,3.3068166260807885e-18,-0.017414536388067337,0.013358178848199963
2015-01-13,2015-01-14,2015-01-15,net_cashflows,EUR,0.98999999999999999,HS1250,ALL_EQUIVARIANT,0.0325408805856972,0.0061553007669376989,0.008087290493739966,321.2034714678972,1,-2.6366259921491455,1249,2014-12-31,3.3068166260807885e-18,3.3068166260807885e-18,-0.017414536388067337,0.013358178848199963
2015-01-13,2015-01-14,2015-01-15,net_cashflows,USD,0.94999999999999996,HS1250,ALL_EQUIVARIANT,0.0323130672283478,0.003568053185937693,0.0054091485324758437,100.72292276744969,1,-0.57305918550166346,1249,2014-12-31,3.3068166260807885e-18,3.3068166260807885e-18,-0.017222168834397346,0.013576610377719581
2015-01-13,2015-01-14,2015-01-15,net_cashflows,USD,0.98999999999999999,HS1250,ALL_EQUIVARIANT,0.0323130672283478,0.0062564122629867385,0.0081399105814651714,315.06747616161249,1,-2.6037819982176256,1249,2014-12-31,3.3068166260807885e-18,3.3068166260807885e-18,-0.017222168834397346,0.013576610377719581
2015-01-13,2015-01-14,2015-01-15,funded_assets,EUR,0.94999999999999996,EWMA_GAUSS,ALL_EQUIVARIANT,-0.048007199002340503,0.0041753091378843865,0.0052384183651447971,-5.4546803618074389,0,0.0010631092272604106,262144,2014-12-31,3.831341778668014e-18,3.831341778668014e-18,-0.01172412911884721,0.012085122877190879
2015-01-13,2015-01-14,2015-01-15,funded_assets,EUR,0.98999999999999999,EWMA_GAUSS,ALL_EQUIVARIANT,-0.048007199002340503,0.0058953503264902452,0.0067619403814189669,-5.1246024005337114,0,0.00086659005492872171,262144,2014-12-31,3.831341778668014e-18,3.831341778668014e-18,-0.01172412911884721,0.012085122877190879
2015-01-13,2015-01-14,2015-01-15,funded_assets,USD,0.94999999999999996,EWMA_GAUSS,ALL_EQUIVARIANT,-0.047680755673647802,0.0042034449879044516,0.0052855744418966229,-5.4475065832782956,0,0.0010821294539921714,262144,2014-12-31,3.831341778668014e-18,3.831341778668014e-18,-0.011429784439733548,0.012139191511574011
2015-01-13,2015-01-14,2015-01-15,funded_assets,USD,0.98999999999999999,EWMA_GAUSS,ALL_EQUIVARIANT,-0.047680755673647802,0.0059537258251124037,0.0068387633825748376,-5.1145632086559489,0,0.00088503755746243383,262144,2014-12-31,3.831341778668014e-18,3.831341778668014e-18,-0.011429784439733548,0.012139191511574011
2015-01-13,2015-01-14,2015-01-15,net_cashflows,EUR,0.94999999999999996,EWMA_GAUSS,ALL_EQUIVARIANT,0.0325408805856972,0.0040786601431305521,0.0051148055280299401,105.81526729220563,1,-0.56820826346643305,262144,2014-12-31,3.831341778668014e-18,3.831341778668014e-18,-0.012058812616102012,0.011867827117224561
2015-01-13,2015-01-14,2015-01-15,net_cashflows,EUR,0.98999999999999999,EWMA_GAUSS,ALL_EQUIVARIANT,0.0325408805856972,0.0057711772663908145,0.0066096362410376667,399.86415502326327,1,-2.6761318729559891,262144,2014-12-31,3.831341778668014e-18,3.831341778668014e-18,-0.012058812616102012,0.011867827117224561
2015-01-13,2015-01-14,2015-01-15,net_cashflows,USD,0.94999999999999996,EWMA_GAUSS,ALL_EQUIVARIANT,0.0323130672283478,0.0041058109973269767,0.0051542569585298582,103.9809241556755,1,-0.56309667865921309,262144,2014-12-31,3.831341778668014e-18,3.831341778668014e-18,-0.011925439212148276,0.012099330454190727
2015-01-13,2015-01-14,2015-01-15,net_cashflows,USD,0.98999999999999999,EWMA_GAUSS,ALL_EQUIVARIANT,0.0323130672283478,0.0058164268575634556,0.0066743233879817876,391.85563079576286,1,-2.6488061405480137,262144,2014-12-31,3.831341778668014e-18,3.831341778668014e-18,-0.011925439212148276,0.012099330454190727
2015-01-13,2015-01-14,2015-01-15,funded_assets,EUR,0.94999999999999996,EWMA_SELFNORMALIZED,ALL_EQUIVARIANT,-0.048007199002340503,0.0041820515964512417,0.0052955814352255021,-5.451157771886864,0,0.0011135298387742604,262144,2014-12-31,4.4655576979246714e-18,4.4655576979246714e-18,-0.010614762921055149,0.010651264719742148
2015-01-13,2015-01-14,2015-01-15,funded_assets,EUR,0.98999999999999999,EWMA_SELFNORMALIZED,ALL_EQUIVARIANT,-0.048007199002340503,0.0060284444821087912,0.0069006233872162372,-5.1025348464102374,0,0.00087217890510744595,262144,2014-12-31,4.4655576979246714e-18,4.4655576979246714e-18,-0.010614762921055149,0.010651264719742148
2015-01-13,2015-01-14,2015-01-15,funded_assets,USD,0.94999999999999996,EWMA_SELFNORMALIZED,ALL_EQUIVARIANT,-0.047680755673647802,0.0042092779118287453,0.0053436234772456888,-5.444131521971074,0,0.0011343455654169434,262144,2014-12-31,4.4655576979246714e-18,4.4655576979246714e-18,-0.010401074967485237,0.010813042310004269
2015-01-13,2015-01-14,2015-01-15,funded_assets,USD,0.98999999999999999,EWMA_SELFNORMALIZED,ALL_EQUIVARIANT,-0.047680755673647802,0.006083789951326495,0.0069822639749708339,-5.0930615325027251,0,0.00089847402364433889,262144,2014-12-31,4.4655576979246714e-18,4.4655576979246714e-18,-0.010401074967485237,0.010813042310004269
2015-01-13,2015-01-14,2015-01-15,net_cashflows,EUR,0.94999999999999996,EWMA_SELFNORMALIZED,ALL_EQUIVARIANT,0.0325408805856972,0.0040929255351700106,0.0051932545787501351,104.08505782850237,1,-0.56785877196696311,262144,2014-12-31,4.4655576979246714e-18,4.4655576979246714e-18,-0.010439915211611717,0.010156041748907496
2015-01-13,2015-01-14,2015-01-15,net_cashflows,EUR,0.98999999999999999,EWMA_SELFNORMALIZED,ALL_EQUIVARIANT,0.0325408805856972,0.0059298380449524721,0.0067957290653065426,386.46592905755028,1,-2.6602383630541162,262144,2014-12-31,4.4655576979246714e-18,4.4655576979246714e-18,-0.010439915211611717,0.010156041748907496
2015-01-13,2015-01-14,2015-01-15,net_cashflows,USD,0.94999999999999996,EWMA_SELFNORMALIZED,ALL_EQUIVARIANT,0.0323130672283478,0.0041179605489245928,0.0052338344585068633,102.27586809099722,1,-0.56278625967888141,262144,2014-12-31,4.4655576979246714e-18,4.4655576979246714e-18,-0.01035198465568591,0.010323161381617039
2015-01-13,2015-01-14,2015-01-15,net_cashflows,USD,0.98999999999999999,EWMA_SELFNORMALIZED,ALL_EQUIVARIANT,0.0323130672283478,0.0059758156982318532,0.0068634107567216822,378.62328526614243,1,-2.6328375579531027,262144,2014-12-31,4.4655576979246714e-18,4.4655576979246714e-18,-0.01035198465568591,0.010323161381617039
2015-01-13,2015-01-14,2015-01-15,funded_assets,EUR,0.94999999999999996,IN_FHS1250,EUR,-0.048007199002340503,0.0051504770562118829,0.0065249970642845831,-5.2427692778362838,0,0.0013745200080727002,1249,2014-12-31,2.4360667563033678e-18,2.4360667563033678e-18,-0.012234562274556604,0.0096503062267915551
2015-01-13,2015-01-14,2015-01-15,funded_assets,EUR,0.98999999999999999,IN_FHS1250,EUR,-0.048007199002340503,0.0075849571381996495,0.0084732025020168213,-4.8756766887320104,0,0.00088824536381717188,1249,2014-12-31,2.4360667563033678e-18,2.4360667563033678e-18,-0.012234562274556604,0.0096503062267915551
2015-01-13,2015-01-14,2015-01-15,funded_assets,USD,0.94999999999999996,IN_FHS1250,EUR,-0.047680755673647802,0.0052452465520093821,0.006582407897561887,-5.2264963306239256,0,0.0013371613455525049,1249,2014-12-31,2.4360667563033678e-18,2.4360667563033678e-18,-0.011937082719153924,0.0097859667565562379
2015-01-13,2015-01-14,2015-01-15,funded_assets,USD,0.98999999999999999,IN_FHS1250,EUR,-0.047680755673647802,0.0076981477268872733,0.008571624887705475,-4.8612012973243992,0,0.00087347716081820174,1249,2014-12-31,2.4360667563033678e-18,2.4360667563033678e-18,-0.011937082719153924,0.0097859667565562379
2015-01-13,2015-01-14,2015-01-15,net_cashflows,EUR,0.94999999999999996,IN_FHS1250,EUR,0.0325408805856972,0.0028125693573616824,0.0039562991310931961,144.46189824107785,1,-0.59342249479297826,1249,2014-12-31,2.4360667563033678e-18,2.4360667563033678e-18,-0.0099466073738971525,0.009703473257607953
2015-01-13,2015-01-14,2015-01-15,net_cashflows,EUR,0.98999999999999999,IN_FHS1250,EUR,0.0325408805856972,0.0050248927665675234,0.0061421508094782282,442.71171646269426,1,-2.7504815238700542,1249,2014-12-31,2.4360667563033678e-18,2.4360667563033678e-18,-0.0099466073738971525,0.009703473257607953
2015-01-13,2015-01-14,2015-01-15,net_cashflows,USD,0.94999999999999996,IN_FHS1250,EUR,0.0323130672283478,0.0028266755864879917,0.0039767539148990293,142.4772809448007,1,-0.58857775450878458,1249,2014-12-31,2.4360667563033678e-18,2.4360667563033678e-18,-0.0097221229016452825,0.0098760652208222128
2015-01-13,2015-01-14,2015-01-15,net_cashflows,USD,0.98999999999999999,IN_FHS1250,EUR,0.0323130672283478,0.0050612977368981382,0.006182816222213814,435.4989127132763,1,-2.7240554306596483,1249,2014-12-31,2.4360667563033678e-18,2.4360667563033678e-18,-0.0097221229016452825,0.0098760652208222128
2015-01-13,2015-01-14,2015-01-15,funded_assets,EUR,0.94999999999999996,IN_TCOP1250,EUR,-0.048007199002340503,0.0049609913462511646,0.0064982853769459809,-5.2727861031426819,0,0.0015372940306948163,262144,2014-12-31,5.0686451563697332e-18,5.0686451563697332e-18,-0.01362374562815144,0.01462413176201266
2015-01-13,2015-01-14,2015-01-15,funded_assets,EUR,0.98999999999999999,IN_TCOP1250,EUR,-0.048007199002340503,0.0074653676911997646,0.0088709055456554775,-4.8834219569722279,0,0.0014055378544557129,262144,2014-12-31,5.0686451563697332e-18,5.0686451563697332e-18,-0.01362374562815144,0.01462413176201266
2015-01-13,2015-01-14,2015-01-15,funded_assets,USD,0.94999999999999996,IN_TCOP1250,EUR,-0.047680755673647802,0.0049924508461042681,0.0065573253741596487,-5.2658177226773164,0,0.0015648745280553806,262144,2014-12-31,5.0686451563697332e-18,5.0686451563697332e-18,-0.013613278601505317,0.014652711965555589
2015-01-13,2015-01-14,2015-01-15,funded_assets,USD,0.98999999999999999,IN_TCOP1250,EUR,-0.047680755673647802,0.0075375473741765764,0.0089766859841448454,-4.8734440981316833,0,0.001439138609968269,262144,2014-12-31,5.0686451563697332e-18,5.0686451563697332e-18,-0.013613278601505317,0.014652711965555589
2015-01-13,2015-01-14,2015-01-15,net_cashflows,EUR,0.94999999999999996,IN_TCOP1250,EUR,0.0325408805856972,0.002975391435248176,0.0039378162160234303,144.38031913970866,1,-0.59034735822820472,262144,2014-12-31,5.0686451563697332e-18,5.0686451563697332e-18,-0.015475053976717569,0.013447947888663258
2015-01-13,2015-01-14,2015-01-15,net_cashflows,EUR,0.98999999999999999,IN_TCOP1250,EUR,0.0325408805856972,0.0045069865421286104,0.0054532702802497657,508.68983985006287,1,-2.8024431206187352,262144,2014-12-31,5.0686451563697332e-18,5.0686451563697332e-18,-0.015475053976717569,0.013447947888663258
2015-01-13,2015-01-14,2015-01-15,net_cashflows,USD,0.94999999999999996,IN_TCOP1250,EUR,0.0323130672283478,0.0029893019839607438,0.0039597343530133047,142.33310659244117,1,-0.58550487251868799,262144,2014-12-31,5.0686451563697332e-18,5.0686451563697332e-18,-0.015359581698287782,0.01358268567066178
2015-01-13,2015-01-14,2015-01-15,net_cashflows,USD,0.98999999999999999,IN_TCOP1250,EUR,0.0323130672283478,0.0045413004848874911,0.0054939706469034934,500.11785391062688,1,-2.7762240041840127,262144,2014-12-31,5.0686451563697332e-18,5.0686451563697332e-18,-0.015359581698287782,0.01358268567066178
2015-01-13,2015-01-14,2015-01-15,funded_assets,EUR,0.94999999999999996,IN_FHS1250,USD,-0.048007199002340503,0.006055802648657127,0.0079248888848734867,-5.0735971306561627,0,0.0018690862362163597,1249,2014-12-31,3.8014838672772999e-18,3.8014838672772999e-18,-0.017754098117782585,0.013761155812527293
2015-01-13,2015-01-14,2015-01-15,funded_assets,EUR,0.98999999999999999,IN_FHS1250,USD,-0.048007199002340503,0.0091152048307886202,0.01058328698715353,-4.6871962531761771,0,0.0014680821563649096,1249,2014-12-31,3.8014838672772999e-18,3.8014838672772999e-18,-0.017754098117782585,0.013761155812527293
2015-01-13,2015-01-14,2015-01-15,funded_assets,USD,0.94999999999999996,IN_FHS1250,USD,-0.047680755673647802,0.0060589423628014385,0.0079892116031647555,-5.0712726744286343,0,0.001930269240363317,1249,2014-12-31,3.8014838672772999e-18,3.8014838672772999e-18,-0.017688080064506329,0.013871183125081288
2015-01-13,2015-01-14,2015-01-15,funded_assets,USD,0.98999999999999999,IN_FHS1250,USD,-0.047680755673647802,0.0091376938872232728,0.010695953963740481,-4.6835766153001508,0,0.001558260076517208,1249,2014-12-31,3.8014838672772999e-18,3.8014838672772999e-18,-0.017688080064506329,0.013871183125081288
2015-01-13,2015-01-14,2015-01-15,net_cashflows,EUR,0.94999999999999996,IN_FHS1250,USD,0.0325408805856972,0.0039369682168961528,0.0053553557942292553,101.32906209221231,1,-0.57065985979868727,1249,2014-12-31,3.8014838672772999e-18,3.8014838672772999e-18,-0.0091141645080889625,0.0086736070261361313
2015-01-13,2015-01-14,2015-01-15,net_cashflows,EUR,0.98999999999999999,IN_FHS1250,USD,0.0325408805856972,0.0061977270261407424,0.0071353979247397569,364.115592718362,1,-2.6333776850570447,1249,2014-12-31,3.8014838672772999e-18,3.8014838672772999e-18,-0.0091141645080889625,0.0086736070261361313
2015-01-13,2015-01-14,2015-01-15,net_cashflows,USD,0.94999999999999996,IN_FHS1250,USD,0.0323130672283478,0.0039446815001374915,0.0053771024617545182,100.02351276612735,1,-0.56593529360258865,1249,2014-12-31,3.8014838672772999e-18,3.8014838672772999e-18,-0.0090334342823937402,0.0088285636088758154
2015-01-13,2015-01-14,2015-01-15,net_cashflows,USD,0.98999999999999999,IN_FHS1250,USD,0.0323130672283478,0.0062412504073497124,0.007186974426189088,357.69777394026181,1,-2.6062359580809669,1249,2014-12-31,3.8014838672772999e-18,3.8014838672772999e-18,-0.0090334342823937402,0.0088285636088758154
2015-01-13,2015-01-14,2015-01-15,funded_assets,EUR,0.94999999999999996,IN_TCOP1250,USD,-0.048007199002340503,0.005971972450293378,0.0078196227590885611,-5.0874027825743227,0,0.0018476503087951832,262144,2014-12-31,5.1906179007743525e-18,5.1906179007743525e-18,-0.022040916162462981,0.025357138621867031
2015-01-13,2015-01-14,2015-01-15,funded_assets,EUR,0.98999999999999999,IN_TCOP1250,USD,-0.048007199002340503,0.0089509078586381408,0.010724234389790976,-4.700606137491846,0,0.0017733265311528357,262144,2014-12-31,5.1906179007743525e-18,5.1906179007743525e-18,-0.022040916162462981,0.025357138621867031
2015-01-13,2015-01-14,2015-01-15,funded_assets,USD,0.94999999999999996,IN_TCOP1250,USD,-0.047680755673647802,0.0060069661104324643,0.0078806221068667432,-5.0811032640982212,0,0.001873655996434279,262144,2014-12-31,5.1906179007743525e-18,5.1906179007743525e-18,-0.02152224654590516,0.025900484578451066
2015-01-13,2015-01-14,2015-01-15,funded_assets,USD,0.98999999999999999,IN_TCOP1250,USD,-0.047680755673647802,0.0090220295821518103,0.010830305134307629,-4.6923714576345894,0,0.0018082755521558191,262144,2014-12-31,5.1906179007743525e-18,5.1906179007743525e-18,-0.02152224654590516,0.025900484578451066
2015-01-13,2015-01-14,2015-01-15,net_cashflows,EUR,0.94999999999999996,IN_TCOP1250,USD,0.0325408805856972,0.0039488992523478818,0.0051562301521465822,105.4009580403102,1,-0.5706322957671871,262144,2014-12-31,5.1906179007743525e-18,5.1906179007743525e-18,-0.013577431872928335,0.012055874347488414
2015-01-13,2015-01-14,2015-01-15,net_cashflows,EUR,0.98999999999999999,IN_TCOP1250,USD,0.0325408805856972,0.0059282883988779119,0.0069470728143378587,377.96025440365861,1,-2.6602404342664663,262144,2014-12-31,5.1906179007743525e-18,5.1906179007743525e-18,-0.013577431872928335,0.012055874347488414
2015-01-13,2015-01-14,2015-01-15,net_cashflows,USD,0.94999999999999996,IN_TCOP1250,USD,0.0323130672283478,0.0039582875966863362,0.0051751008012473638,104.08253004524114,1,-0.56587877942866771,262144,2014-12-31,5.1906179007743525e-18,5.1906179007743525e-18,-0.013625961926031993,0.012024521290178794
2015-01-13,2015-01-14,2015-01-15,net_cashflows,USD,0.98999999999999999,IN_TCOP1250,USD,0.0323130672283478,0.0059507407112732134,0.0069805568765687253,372.54147817822536,1,-2.6352028355421608,262144,2014-12-31,5.1906179007743525e-18,5.1906179007743525e-18,-0.013625961926031993,0.012024521290178794
2015-01-13,2015-01-14,2015-01-15,funded_assets,EUR,0.94999999999999996,IN_FHS1250,GBP,-0.048007199002340503,0.0060070679254516091,0.0078238961727445776,-5.0827878975676919,0,0.0018168282472929686,1249,2014-12-31,4.2419409998495361e-18,4.2419409998495361e-18,-0.015503518293330909,0.012247141017714125
2015-01-13,2015-01-14,2015-01-15,funded_assets,EUR,0.98999999999999999,IN_FHS1250,GBP,-0.048007199002340503,0.0090659983945530487,0.010345785405513,-4.6948773403882091,0,0.0012797870109599509,1249,2014-12-31,4.2419409998495361e-18,4.2419409998495361e-18,-0.015503518293330909,0.012247141017714125
2015-01-13,2015-01-14,2015-01-15,funded_assets,USD,0.94999999999999996,IN_FHS1250,GBP,-0.047680755673647802,0.0060343891456790784,0.0078887484536596976,-5.0773815961968305,0,0.0018543593079806192,1249,2014-12-31,4.2419409998495361e-18,4.2419409998495361e-18,-0.01536805335204466,0.012467221274517794
2015-01-13,2015-01-14,2015-01-15,funded_assets,USD,0.98999999999999999,IN_FHS1250,GBP,-0.047680755673647802,0.0092158737660563705,0.010478944939872007,-4.6789214720240579,0,0.0012630711738156365,1249,2014-12-31,4.2419409998495361e-18,4.2419409998495361e-18,-0.01536805335204466,0.012467221274517794
2015-01-13,2015-01-14,2015-01-15,net_cashflows,EUR,0.94999999999999996,IN_FHS1250,GBP,0.0325408805856972,0.0032907117086341865,0.0045402577299721589,123.17806868638766,1,-0.58375383151992177,1249,2014-12-31,4.2419409998495361e-18,4.2419409998495361e-18,-0.010153426359278539,0.011116180644792972
2015-01-13,2015-01-14,2015-01-15,net_cashflows,EUR,0.98999999999999999,IN_FHS1250,GBP,0.0325408805856972,0.0053397150292727406,0.0064256507176629705,418.10511338088014,1,-2.7190306199540535,1249,2014-12-31,4.2419409998495361e-18,4.2419409998495361e-18,-0.010153426359278539,0.011116180644792972
2015-01-13,2015-01-14,2015-01-15,net_cashflows,USD,0.94999999999999996,IN_FHS1250,GBP,0.0323130672283478,0.0033014617133748114,0.0045586233627765635,121.61579842480026,1,-0.5789749486500575,1249,2014-12-31,4.2419409998495361e-18,4.2419409998495361e-18,-0.010106079522379281,0.011313326477218616
2015-01-13,2015-01-14,2015-01-15,net_cashflows,USD,0.98999999999999999,IN_FHS1250,GBP,0.0323130672283478,0.0053697126486382798,0.006459519686090702,411.89989163755354,1,-2.693245650933497,1249,2014-12-31,4.2419409998495361e-18,4.2419409998495361e-18,-0.010106079522379281,0.011313326477218616
2015-01-13,2015-01-14,2015-01-15,funded_assets,EUR,0.94999999999999996,IN_TCOP1250,GBP,-0.048007199002340503,0.0057337441244677267,0.0078582122203623549,-5.1165462050094686,0,0.0021244680958946282,262144,2014-12-31,5.8411392042656551e-18,5.8411392042656551e-18,-0.028648574057526854,0.027939006335171379
2015-01-13,2015-01-14,2015-01-15,funded_assets,EUR,0.98999999999999999,IN_TCOP1250,GBP,-0.048007199002340503,0.0091183043389973795,0.01134879978114773,-4.6751834923874416,0,0.0022304954421503501,262144,2014-12-31,5.8411392042656551e-18,5.8411392042656551e-18,-0.028648574057526854,0.027939006335171379
2015-01-13,2015-01-14,2015-01-15,funded_assets,USD,0.94999999999999996,IN_TCOP1250,GBP,-0.047680755673647802,0.0057707706193501403,0.0079324063928230652,-5.1093057725853708,0,0.0021616357734729249,262144,2014-12-31,5.8411392042656551e-18,5.8411392042656551e-18,-0.027593489829699933,0.029108091002669451
2015-01-13,2015-01-14,2015-01-15,funded_assets,USD,0.98999999999999999,IN_TCOP1250,GBP,-0.047680755673647802,0.0092081389297483229,0.011499012271131719,-4.6647176254792715,0,0.0022908733413833961,262144,2014-12-31,5.8411392042656551e-18,5.8411392042656551e-18,-0.027593489829699933,0.029108091002669451
2015-01-13,2015-01-14,2015-01-15,net_cashflows,EUR,0.94999999999999996,IN_TCOP1250,GBP,0.0325408805856972,0.0033919941529530597,0.0046824330437062146,118.86363493832683,1,-0.58168728976412909,262144,2014-12-31,5.8411392042656551e-18,5.8411392042656551e-18,-0.016968362158517769,0.015077976963389172
2015-01-13,2015-01-14,2015-01-15,net_cashflows,EUR,0.98999999999999999,IN_TCOP1250,GBP,0.0325408805856972,0.005443581119109764,0.0068014709758322228,393.21325253192356,1,-2.7083720568020189,262144,2014-12-31,5.8411392042656551e-18,5.8411392042656551e-18,-0.016968362158517769,0.015077976963389172
2015-01-13,2015-01-14,2015-01-15,net_cashflows,USD,0.94999999999999996,IN_TCOP1250,GBP,0.0323130672283478,0.0034026192951260876,0.0047028087120889826,117.3136419778136,1,-0.57690876924747092,262144,2014-12-31,5.8411392042656551e-18,5.8411392042656551e-18,-0.016956070965418072,0.015133266831739703
2015-01-13,2015-01-14,2015-01-15,net_cashflows,USD,0.98999999999999999,IN_TCOP1250,GBP,0.0323130672283478,0.0054753233923193669,0.0068472530698189538,386.76478720653478,1,-2.682402453925341,262144,2014-12-31,5.8411392042656551e-18,5.8411392042656551e-18,-0.016956070965418072,0.015133266831739703
2015-01-13,2015-01-14,2015-01-15,funded_assets,EUR,0.94999999999999996,IN_FHS1250,JPY,-0.048007199002340503,0.0053321413654240091,0.0068147628314894123,-5.2062242596358459,0,0.0014826214660654032,1249,2014-12-31,3.6727348592946463e-18,3.6727348592946463e-18,-0.013400444424557179,0.011268936122646817
2015-01-13,2015-01-14,2015-01-15,funded_assets,EUR,0.98999999999999999,IN_FHS1250,JPY,-0.048007199002340503,0.0077109403289102596,0.0088656230879791947,-4.8558167636319673,0,0.0011546827590689351,1249,2014-12-31,3.6727348592946463e-18,3.6727348592946463e-18,-0.013400444424557179,0.011268936122646817
2015-01-13,2015-01-14,2015-01-15,funded_assets,USD,0.94999999999999996,IN_FHS1250,JPY,-0.047680755673647802,0.0053413377083055781,0.0068670942942025744,-5.2031979423106431,0,0.0015257565858969964,1249,2014-12-31,3.6727348592946463e-18,3.6727348592946463e-18,-0.012914321089138751,0.011521852349187737
2015-01-13,2015-01-14,2015-01-15,funded_assets,USD,0.98999999999999999,IN_FHS1250,JPY,-0.047680755673647802,0.0078044222456756813,0.008966701055317489,-4.8438591208427226,0,0.0011622788096418077,1249,2014-12-31,3.6727348592946463e-18,3.6727348592946463e-18,-0.012914321089138751,0.011521852349187737
2015-01-13,2015-01-14,2015-01-15,net_cashflows,EUR,0.94999999999999996,IN_FHS1250,JPY,0.0325408805856972,0.0041694245201864934,0.0056757209870005937,94.537858296165226,1,-0.56592282484339951,1249,2014-12-31,3.6727348592946463e-18,3.6727348592946463e-18,-0.0099262969141518994,0.0092712901680327524
2015-01-13,2015-01-14,2015-01-15,net_cashflows,EUR,0.98999999999999999,IN_FHS1250,JPY,0.0325408805856972,0.0065480769793038185,0.0074220760907918477,345.18828569440052,1,-2.5984063615278479,1249,2014-12-31,3.6727348592946463e-18,3.6727348592946463e-18,-0.0099262969141518994,0.0092712901680327524
2015-01-13,2015-01-14,2015-01-15,net_cashflows,USD,0.94999999999999996,IN_FHS1250,JPY,0.0323130672283478,0.0041490846883375466,0.0057244315626139861,92.961019642228663,1,-0.56170430392592818,1249,2014-12-31,3.6727348592946463e-18,3.6727348592946463e-18,-0.0098872985000569482,0.0092378512857573258
2015-01-13,2015-01-14,2015-01-15,net_cashflows,USD,0.98999999999999999,IN_FHS1250,JPY,0.0323130672283478,0.0066140252020332356,0.0075106342264378637,337.15791974240568,1,-2.5690075936070493,1249,2014-12-31,3.6727348592946463e-18,3.6727348592946463e-18,-0.0098872985000569482,0.0092378512857573258
2015-01-13,2015-01-14,2015-01-15,funded_assets,EUR,0.94999999999999996,IN_TCOP1250,JPY,-0.048007199002340503,0.0053579628992603545,0.0073556678261053176,-5.1838712890432381,0,0.0019977049268449631,262144,2014-12-31,7.0744191754679164e-18,7.0744191754679164e-18,-0.031291624370125948,0.031877252310797521
2015-01-13,2015-01-14,2015-01-15,funded_assets,EUR,0.98999999999999999,IN_TCOP1250,JPY,-0.048007199002340503,0.0084968885766696922,0.010730568348131426,-4.7428191902601151,0,0.0022336797714617336,262144,2014-12-31,7.0744191754679164e-18,7.0744191754679164e-18,-0.031291624370125948,0.031877252310797521
2015-01-13,2015-01-14,2015-01-15,funded_assets,USD,0.94999999999999996,IN_TCOP1250,JPY,-0.047680755673647802,0.0053891311763944591,0.0074316982130108299,-5.1768461459389563,0,0.0020425670366163709,262144,2014-12-31,7.0744191754679164e-18,7.0744191754679164e-18,-0.030431377714126913,0.03296932651864979
2015-01-13,2015-01-14,2015-01-15,funded_assets,USD,0.98999999999999999,IN_TCOP1250,JPY,-0.047680755673647802,0.0086017656279151634,0.010898341283291814,-4.7298717589981809,0,0.0022965756553766509,262144,2014-12-31,7.0744191754679164e-18,7.0744191754679164e-18,-0.030431377714126913,0.03296932651864979
2015-01-13,2015-01-14,2015-01-15,net_cashflows,EUR,0.94999999999999996,IN_TCOP1250,JPY,0.0325408805856972,0.0042733474342465331,0.0056186396781206238,95.199459114274632,1,-0.56400537078513868,262144,2014-12-31,7.0744191754679164e-18,7.0744191754679164e-18,-0.018052282465146018,0.016336610581187162
2015-01-13,2015-01-14,2015-01-15,net_cashflows,EUR,0.98999999999999999,IN_TCOP1250,JPY,0.0325408805856972,0.0064799510406515215,0.0076580559727802908,335.281543002337,1,-2.6049148495724368,262144,2014-12-31,7.0744191754679164e-18,7.0744191754679164e-18,-0.018052282465146018,0.016336610581187162
2015-01-13,2015-01-14,2015-01-15,net_cashflows,USD,0.94999999999999996,IN_TCOP1250,JPY,0.0323130672283478,0.0042950219117435171,0.0056588384412977607,93.608472568814562,1,-0.55899708980253093,262144,2014-12-31,7.0744191754679164e-18,7.0744191754679164e-18,-0.017650008209998094,0.016491596131890517
2015-01-13,2015-01-14,2015-01-15,net_cashflows,USD,0.98999999999999999,IN_TCOP1250,JPY,0.0323130672283478,0.0065212465553382551,0.0077332747565858288,328.49849691482956,1,-2.5779700390997045,262144,2014-12-31,7.0744191754679164e-18,7.0744191754679164e-18,-0.017650008209998094,0.016491596131890517
2015-01-13,2015-01-14,2015-01-15,funded_assets,EUR,0.94999999999999996,IN_FHS1250,CHF,-0.048007199002340503,0.0050616394606464721,0.0066936458136307338,-5.2504108564162362,0,0.0016320063529842617,1249,2014-12-31,2.1955093992831465e-18,2.1955093992831465e-18,-0.013430037208550516,0.0099716761688096178
2015-01-13,2015-01-14,2015-01-15,funded_assets,EUR,0.98999999999999999,IN_FHS1250,CHF,-0.048007199002340503,0.0077299402033727538,0.0085861605592153258,-4.8573245904523015,0,0.00085622035584257197,1249,2014-12-31,2.1955093992831465e-18,2.1955093992831465e-18,-0.013430037208550516,0.0099716761688096178
2015-01-13,2015-01-14,2015-01-15,funded_assets,USD,0.94999999999999996,IN_FHS1250,CHF,-0.047680755673647802,0.0051369431207609097,0.0067683787209075925,-5.2365315721264132,0,0.0016314356001466829,1249,2014-12-31,2.1955093992831465e-18,2.1955093992831465e-18,-0.013051092710847615,0.010104102189469654
2015-01-13,2015-01-14,2015-01-15,funded_assets,USD,0.98999999999999999,IN_FHS1250,CHF,-0.047680755673647802,0.0078092134863152638,0.0086770837657638104,-4.84708843712062,0,0.00086787027944854652,1249,2014-12-31,2.1955093992831465e-18,2.1955093992831465e-18,-0.013051092710847615,0.010104102189469654
2015-01-13,2015-01-14,2015-01-15,net_cashflows,EUR,0.94999999999999996,IN_FHS1250,CHF,0.0325408805856972,0.0033525181009121715,0.0046417855695143426,120.11310217099907,1,-0.5824779822270979,1249,2014-12-31,2.1955093992831465e-18,2.1955093992831465e-18,-0.010522651091916423,0.010951841160078413
2015-01-13,2015-01-14,2015-01-15,net_cashflows,EUR,0.98999999999999999,IN_FHS1250,CHF,0.0325408805856972,0.0051965908600801972,0.0067070610381765429,402.46426367142675,1,-2.732918502383602,1249,2014-12-31,2.1955093992831465e-18,2.1955093992831465e-18,-0.010522651091916423,0.010951841160078413
2015-01-13,2015-01-14,2015-01-15,net_cashflows,USD,0.94999999999999996,IN_FHS1250,CHF,0.0323130672283478,0.0033851937129614671,0.0046779947616063808,118.03513899725742,1,-0.57726466925908126,1249,2014-12-31,2.1955093992831465e-18,2.1955093992831465e-18,-0.010671458049616011,0.011172369874881545
2015-01-13,2015-01-14,2015-01-15,net_cashflows,USD,0.98999999999999999,IN_FHS1250,CHF,0.0323130672283478,0.0052049615563387833,0.006751886144606787,396.26233442645287,1,-2.7092636426126315,1249,2014-12-31,2.1955093992831465e-18,2.1955093992831465e-18,-0.010671458049616011,0.011172369874881545
2015-01-13,2015-01-14,2015-01-15,funded_assets,EUR,0.94999999999999996,IN_TCOP1250,CHF,-0.048007199002340503,0.005160203287039089,0.0066712956513745904,-5.2364477676637469,0,0.0015110923643355013,262144,2014-12-31,4.3639137442541553e-18,4.3639137442541553e-18,-0.016449707384470325,0.01436298778945555
2015-01-13,2015-01-14,2015-01-15,funded_assets,EUR,0.98999999999999999,IN_TCOP1250,CHF,-0.048007199002340503,0.007652333119835375,0.0089177223727733811,-4.8616107177289489,0,0.0012653892529380061,262144,2014-12-31,4.3639137442541553e-18,4.3639137442541553e-18,-0.016449707384470325,0.01436298778945555
2015-01-13,2015-01-14,2015-01-15,funded_assets,USD,0.94999999999999996,IN_TCOP1250,CHF,-0.047680755673647802,0.0051991523009282002,0.0067423433874705535,-5.228228254741043,0,0.0015431910865423533,262144,2014-12-31,4.3639137442541553e-18,4.3639137442541553e-18,-0.015848383527267175,0.014769654372834449
2015-01-13,2015-01-14,2015-01-15,funded_assets,USD,0.98999999999999999,IN_TCOP1250,CHF,-0.047680755673647802,0.0077401224179316549,0.0090388045940914333,-4.8499068806044781,0,0.0012986821761597784,262144,2014-12-31,4.3639137442541553e-18,4.3639137442541553e-18,-0.015848383527267175,0.014769654372834449
2015-01-13,2015-01-14,2015-01-15,net_cashflows,EUR,0.94999999999999996,IN_TCOP1250,CHF,0.0325408805856972,0.0033726202408307492,0.0044510180116089136,125.40641840898402,1,-0.5822868091265504,262144,2014-12-31,4.3639137442541553e-18,4.3639137442541553e-18,-0.014891828993647584,0.013229814927814575
2015-01-13,2015-01-14,2015-01-15,net_cashflows,EUR,0.98999999999999999,IN_TCOP1250,CHF,0.0325408805856972,0.0051094862982541843,0.0061578491979403707,440.21010512029153,1,-2.7420910658446127,262144,2014-12-31,4.3639137442541553e-18,4.3639137442541553e-18,-0.014891828993647584,0.013229814927814575
2015-01-13,2015-01-14,2015-01-15,net_cashflows,USD,0.94999999999999996,IN_TCOP1250,CHF,0.0323130672283478,0.003390365862345071,0.0044843009015969326,123.34424364851276,1,-0.57736009228080232,262144,2014-12-31,4.3639137442541553e-18,4.3639137442541553e-18,-0.014723830787100264,0.013351337423649698
2015-01-13,2015-01-14,2015-01-15,net_cashflows,USD,0.98999999999999999,IN_TCOP1250,CHF,0.0323130672283478,0.0051501786566931183,0.0062171702720543037,431.64909194942976,1,-2.7152218655501046,262144,2014-12-31,4.3639137442541553e-18,4.3639137442541553e-18,-0.014723830787100264,0.013351337423649698
2015-01-13,2015-01-14,2015-01-15,funded_assets,EUR,0.94999999999999996,IN_FHS_REF_POOL,ALL_FIVE,-0.048007199002340503,0.0054621976603600741,0.0072017917987113895,-5.1749756075778786,0,0.0017395941383513153,6245,2014-12-31,0,0,-0.017754098117782585,0.013761155812527293
2015-01-13,2015-01-14,2015-01-15,funded_assets,EUR,0.98999999999999999,IN_FHS_REF_POOL,ALL_FIVE,-0.048007199002340503,0.0081888191595083926,0.0095166154060837647,-4.7942400178226112,0,0.0013277962465753721,6245,2014-12-31,0,0,-0.017754098117782585,0.013761155812527293
2015-01-13,2015-01-14,2015-01-15,funded_assets,USD,0.94999999999999996,IN_FHS_REF_POOL,ALL_FIVE,-0.047680755673647802,0.0055214999609058436,0.0072626621347218027,-5.1647504229614665,0,0.0017411621738159591,6245,2014-12-31,0,0,-0.017688080064506329,0.013871183125081288
2015-01-13,2015-01-14,2015-01-15,funded_assets,USD,0.98999999999999999,IN_FHS_REF_POOL,ALL_FIVE,-0.047680755673647802,0.0082079989455162098,0.0096167385970409303,-4.7907383911046129,0,0.0014087396515247205,6245,2014-12-31,0,0,-0.017688080064506329,0.013871183125081288
2015-01-13,2015-01-14,2015-01-15,net_cashflows,EUR,0.94999999999999996,IN_FHS_REF_POOL,ALL_FIVE,0.0325408805856972,0.0035158772729457,0.0049261255201727503,112.24162139639081,1,-0.57908981800780246,6245,2014-12-31,0,0,-0.010522651091916423,0.011116180644792972
2015-01-13,2015-01-14,2015-01-15,net_cashflows,EUR,0.98999999999999999,IN_FHS_REF_POOL,ALL_FIVE,0.0325408805856972,0.0057849602479834276,0.0069901462798823699,377.63057767170773,1,-2.6743868477394761,6245,2014-12-31,0,0,-0.010522651091916423,0.011116180644792972
2015-01-13,2015-01-14,2015-01-15,net_cashflows,USD,0.94999999999999996,IN_FHS_REF_POOL,ALL_FIVE,0.0323130672283478,0.0035303754731880205,0.00495560913024905,110.5672388397026,1,-0.57422860144613408,6245,2014-12-31,0,0,-0.010671458049616011,0.011313326477218616
2015-01-13,2015-01-14,2015-01-15,net_cashflows,USD,0.98999999999999999,IN_FHS_REF_POOL,ALL_FIVE,0.0323130672283478,0.0058052364658067726,0.0070504299009546221,370.84339386434203,1,-2.6495378828189526,6245,2014-12-31,0,0,-0.010671458049616011,0.011313326477218616
2015-01-13,2015-01-14,2015-01-15,funded_assets,EUR,0.94999999999999996,IN_TCOP_REF_POOL,ALL_FIVE,-0.048007199002340503,0.0054443819704478036,0.0072787188797282234,-5.1748141148718423,0,0.0018343369092804198,1310720,2014-12-31,0,0,-0.031291624370125948,0.031877252310797521
2015-01-13,2015-01-14,2015-01-15,funded_assets,EUR,0.98999999999999999,IN_TCOP_REF_POOL,ALL_FIVE,-0.048007199002340503,0.0083762957225503309,0.010247965221727407,-4.7633142668221646,0,0.0018716694991770758,1310720,2014-12-31,0,0,-0.031291624370125948,0.031877252310797521
2015-01-13,2015-01-14,2015-01-15,funded_assets,USD,0.94999999999999996,IN_TCOP_REF_POOL,ALL_FIVE,-0.047680755673647802,0.0054801712966458214,0.0073464301108010612,-5.1675769319459075,0,0.0018662588141552397,1310720,2014-12-31,0,0,-0.030431377714126913,0.03296932651864979
2015-01-13,2015-01-14,2015-01-15,funded_assets,USD,0.98999999999999999,IN_TCOP_REF_POOL,ALL_FIVE,-0.047680755673647802,0.0084574858141983067,0.010375777477873944,-4.7531630054898599,0,0.0019182916636756378,1310720,2014-12-31,0,0,-0.030431377714126913,0.03296932651864979
2015-01-13,2015-01-14,2015-01-15,net_cashflows,EUR,0.94999999999999996,IN_TCOP_REF_POOL,ALL_FIVE,0.0325408805856972,0.0036099900837508253,0.0048536585641264082,113.62845823635556,1,-0.57737414155855138,1310720,2014-12-31,0,0,-0.018052282465146018,0.016336610581187162
2015-01-13,2015-01-14,2015-01-15,net_cashflows,EUR,0.98999999999999999,IN_TCOP_REF_POOL,ALL_FIVE,0.0325408805856972,0.0056206459303279619,0.0067959445071615453,390.95767895527496,1,-2.6908481669600883,1310720,2014-12-31,0,0,-0.018052282465146018,0.016336610581187162
2015-01-13,2015-01-14,2015-01-15,net_cashflows,USD,0.94999999999999996,IN_TCOP_REF_POOL,ALL_FIVE,0.0323130672283478,0.0036245402227658126,0.0048808521509696784,111.97557122159658,1,-0.57251422818343545,1310720,2014-12-31,0,0,-0.017650008209998094,0.016491596131890517
2015-01-13,2015-01-14,2015-01-15,net_cashflows,USD,0.98999999999999999,IN_TCOP_REF_POOL,ALL_FIVE,0.0323130672283478,0.0056542505672049779,0.0068471795248557649,384.18197495431696,1,-2.664688737156629,1310720,2014-12-31,0,0,-0.017650008209998094,0.016491596131890517
2015-01-15,2015-01-16,2015-01-19,funded_assets,EUR,0.94999999999999996,HS1250,ALL_EQUIVARIANT,0.0032973938282431,0.0072773080218551389,0.0097212078891575938,-4.8848441863658962,0,0.0024438998673024549,1249,2014-12-31,3.3068166260807885e-18,3.3068166260807885e-18,-0.048007199002342682,0.020564695146287643
2015-01-15,2015-01-16,2015-01-19,funded_assets,EUR,0.98999999999999999,HS1250,ALL_EQUIVARIANT,0.0032973938282431,0.010966374281485114,0.013245851823213447,-4.4961607625789144,0,0.0022794775417283326,1249,2014-12-31,3.3068166260807885e-18,3.3068166260807885e-18,-0.048007199002342682,0.020564695146287643
2015-01-15,2015-01-16,2015-01-19,funded_assets,USD,0.94999999999999996,HS1250,ALL_EQUIVARIANT,0.0032536982723604,0.0073832019423681686,0.0098033346433133994,-4.8719009960676161,0,0.0024201327009452309,1249,2014-12-31,3.3068166260807885e-18,3.3068166260807885e-18,-0.047680755673649919,0.020351281984027275
2015-01-15,2015-01-16,2015-01-19,funded_assets,USD,0.98999999999999999,HS1250,ALL_EQUIVARIANT,0.0032536982723604,0.011192164739226174,0.013400535010536332,-4.4772578185350245,0,0.0022083702713101578,1249,2014-12-31,3.3068166260807885e-18,3.3068166260807885e-18,-0.047680755673649919,0.020351281984027275
2015-01-15,2015-01-16,2015-01-19,net_cashflows,EUR,0.94999999999999996,HS1250,ALL_EQUIVARIANT,-0.0015854274822191001,0.0036624215590236207,0.0058538882100273365,-5.5150100517364598,0,0.0021914666510037158,1249,2014-12-31,3.3068166260807885e-18,3.3068166260807885e-18,-0.017414536388067337,0.032540880585699684
2015-01-15,2015-01-16,2015-01-19,net_cashflows,EUR,0.98999999999999999,HS1250,ALL_EQUIVARIANT,-0.0015854274822191001,0.0064528529520965433,0.010187677059338922,-4.9531785502665766,0,0.0037348241072423785,1249,2014-12-31,3.3068166260807885e-18,3.3068166260807885e-18,-0.017414536388067337,0.032540880585699684
2015-01-15,2015-01-16,2015-01-19,net_cashflows,USD,0.94999999999999996,HS1250,ALL_EQUIVARIANT,-0.0015692216563650001,0.0036924235711941079,0.0058760932421803493,-5.5084824548011522,0,0.0021836696709862415,1249,2014-12-31,3.3068166260807885e-18,3.3068166260807885e-18,-0.017222168834397346,0.03231306722835027
2015-01-15,2015-01-16,2015-01-19,net_cashflows,USD,0.98999999999999999,HS1250,ALL_EQUIVARIANT,-0.0015692216563650001,0.0065411952628783316,0.010214483490626003,-4.9435642763650396,0,0.0036732882277476717,1249,2014-12-31,3.3068166260807885e-18,3.3068166260807885e-18,-0.017222168834397346,0.03231306722835027
2015-01-15,2015-01-16,2015-01-19,funded_assets,EUR,0.94999999999999996,EWMA_GAUSS,ALL_EQUIVARIANT,0.0032973938282431,0.018039002747467892,0.022524554282930782,-3.9922897870203697,0,0.0044855515354628901,262144,2014-12-31,1.514494909690689e-17,1.514494909690689e-17,-0.05905939992994616,0.050058109171186554
2015-01-15,2015-01-16,2015-01-19,funded_assets,EUR,0.98999999999999999,EWMA_GAUSS,ALL_EQUIVARIANT,0.0032973938282431,0.025340054087412911,0.028896082999691156,-3.6671118919795425,0,0.0035560289122782453,262144,2014-12-31,1.514494909690689e-17,1.514494909690689e-17,-0.05905939992994616,0.050058109171186554
2015-01-15,2015-01-16,2015-01-19,funded_assets,USD,0.94999999999999996,EWMA_GAUSS,ALL_EQUIVARIANT,0.0032536982723604,0.018100641125116546,0.022626662768873321,-3.9886567543272897,0,0.0045260216437567752,262144,2014-12-31,1.514494909690689e-17,1.514494909690689e-17,-0.057697470990102251,0.050503463930090559
2015-01-15,2015-01-16,2015-01-19,funded_assets,USD,0.98999999999999999,EWMA_GAUSS,ALL_EQUIVARIANT,0.0032536982723604,0.025472079310578297,0.029056661141514659,-3.6618727578086103,0,0.0035845818309363613,262144,2014-12-31,1.514494909690689e-17,1.514494909690689e-17,-0.057697470990102251,0.050503463930090559
2015-01-15,2015-01-16,2015-01-19,net_cashflows,EUR,0.94999999999999996,EWMA_GAUSS,ALL_EQUIVARIANT,-0.0015854274822191001,0.013148190094414248,0.016669789461004381,-4.3054135914948528,0,0.0035215993665901335,262144,2014-12-31,1.514494909690689e-17,1.514494909690689e-17,-0.034557445150317757,0.040677304038409037
2015-01-15,2015-01-16,2015-01-19,net_cashflows,EUR,0.98999999999999999,EWMA_GAUSS,ALL_EQUIVARIANT,-0.0015854274822191001,0.01889917130551302,0.021779703278463555,-3.9590344167663889,0,0.0028805319729505348,262144,2014-12-31,1.514494909690689e-17,1.514494909690689e-17,-0.034557445150317757,0.040677304038409037
2015-01-15,2015-01-16,2015-01-19,net_cashflows,USD,0.94999999999999996,EWMA_GAUSS,ALL_EQUIVARIANT,-0.0015692216563650001,0.013140048210689087,0.01665316913434783,-4.3061128425145538,0,0.003513120923658743,262144,2014-12-31,1.514494909690689e-17,1.514494909690689e-17,-0.034490210670814488,0.040622781234026545
2015-01-15,2015-01-16,2015-01-19,net_cashflows,USD,0.98999999999999999,EWMA_GAUSS,ALL_EQUIVARIANT,-0.0015692216563650001,0.018878850357876033,0.021753599287515343,-3.9601265463796196,0,0.0028747489296393099,262144,2014-12-31,1.514494909690689e-17,1.514494909690689e-17,-0.034490210670814488,0.040622781234026545
2015-01-15,2015-01-16,2015-01-19,funded_assets,EUR,0.94999999999999996,EWMA_SELFNORMALIZED,ALL_EQUIVARIANT,0.0032973938282431,0.018146287596352728,0.022911824971694951,-3.9840967930777502,0,0.0047655373753422228,262144,2014-12-31,1.713039432527097e-17,1.713039432527097e-17,-0.055638276964756123,0.046211184756023732
2015-01-15,2015-01-16,2015-01-19,funded_assets,EUR,0.98999999999999999,EWMA_SELFNORMALIZED,ALL_EQUIVARIANT,0.0032973938282431,0.025995327194909268,0.029682859290086409,-3.6414165550989255,0,0.0036875320951771408,262144,2014-12-31,1.713039432527097e-17,1.713039432527097e-17,-0.055638276964756123,0.046211184756023732
2015-01-15,2015-01-16,2015-01-19,funded_assets,USD,0.94999999999999996,EWMA_SELFNORMALIZED,ALL_EQUIVARIANT,0.0032536982723604,0.018214429859312403,0.023018805717641658,-3.9801590102067763,0,0.0048043758583292545,262144,2014-12-31,1.713039432527097e-17,1.713039432527097e-17,-0.055224256681105408,0.046519016868613566
2015-01-15,2015-01-16,2015-01-19,funded_assets,USD,0.98999999999999999,EWMA_SELFNORMALIZED,ALL_EQUIVARIANT,0.0032536982723604,0.026127982683401902,0.029858070892080181,-3.636227395014481,0,0.003730088208678279,262144,2014-12-31,1.713039432527097e-17,1.713039432527097e-17,-0.055224256681105408,0.046519016868613566
2015-01-15,2015-01-16,2015-01-19,net_cashflows,EUR,0.94999999999999996,EWMA_SELFNORMALIZED,ALL_EQUIVARIANT,-0.0015854274822191001,0.01320490824257279,0.016915597667410739,-4.2988841049314042,0,0.0037106894248379492,262144,2014-12-31,1.713039432527097e-17,1.713039432527097e-17,-0.032397304806471718,0.037719811097626253
2015-01-15,2015-01-16,2015-01-19,net_cashflows,EUR,0.98999999999999999,EWMA_SELFNORMALIZED,ALL_EQUIVARIANT,-0.0015854274822191001,0.019300294463916467,0.022295437376976493,-3.9377120507552874,0,0.0029951429130600261,262144,2014-12-31,1.713039432527097e-17,1.713039432527097e-17,-0.032397304806471718,0.037719811097626253
2015-01-15,2015-01-16,2015-01-19,net_cashflows,USD,0.94999999999999996,EWMA_SELFNORMALIZED,ALL_EQUIVARIANT,-0.0015692216563650001,0.013201108914944498,0.016898171284416376,-4.2993346321481258,0,0.0036970623694718777,262144,2014-12-31,1.713039432527097e-17,1.713039432527097e-17,-0.032310881105693828,0.037395611540754888
2015-01-15,2015-01-16,2015-01-19,net_cashflows,USD,0.98999999999999999,EWMA_SELFNORMALIZED,ALL_EQUIVARIANT,-0.0015692216563650001,0.019283595600765872,0.022264037729138722,-3.9386505567951033,0,0.0029804421283728504,262144,2014-12-31,1.713039432527097e-17,1.713039432527097e-17,-0.032310881105693828,0.037395611540754888
2015-01-15,2015-01-16,2015-01-19,funded_assets,EUR,0.94999999999999996,IN_FHS1250,EUR,0.0032973938282431,0.026083732923310399,0.032490554109556542,-3.6239961461801911,0,0.0064068211862461436,1249,2014-12-31,1.2685165418080402e-17,1.2685165418080402e-17,-0.056246139214577884,0.048759082668691583
2015-01-15,2015-01-16,2015-01-19,funded_assets,EUR,0.98999999999999999,IN_FHS1250,EUR,0.0032973938282431,0.036610927707596413,0.040929372222897609,-3.3014169954109374,0,0.0043184445153011952,1249,2014-12-31,1.2685165418080402e-17,1.2685165418080402e-17,-0.056246139214577884,0.048759082668691583
2015-01-15,2015-01-16,2015-01-19,funded_assets,USD,0.94999999999999996,IN_FHS1250,EUR,0.0032536982723604,0.025999284926549793,0.032632659670230824,-3.6257157684305046,0,0.0066333747436810309,1249,2014-12-31,1.2685165418080402e-17,1.2685165418080402e-17,-0.056320630201546699,0.049506663548739525
2015-01-15,2015-01-16,2015-01-19,funded_assets,USD,0.98999999999999999,IN_FHS1250,EUR,0.0032536982723604,0.036892412096421204,0.04129323107110508,-3.2936315164430026,0,0.0044008189746838761,1249,2014-12-31,1.2685165418080402e-17,1.2685165418080402e-17,-0.056320630201546699,0.049506663548739525
2015-01-15,2015-01-16,2015-01-19,net_cashflows,EUR,0.94999999999999996,IN_FHS1250,EUR,-0.0015854274822191001,0.020382268016627528,0.025060666238028852,-3.8731386590022958,0,0.0046783982214013246,1249,2014-12-31,1.2685165418080402e-17,1.2685165418080402e-17,-0.038297054511588408,0.043454685432822784
2015-01-15,2015-01-16,2015-01-19,net_cashflows,EUR,0.98999999999999999,IN_FHS1250,EUR,-0.0015854274822191001,0.027328831412724963,0.032134346148967319,-3.5873743476383653,0,0.0048055147362423556,1249,2014-12-31,1.2685165418080402e-17,1.2685165418080402e-17,-0.038297054511588408,0.043454685432822784
2015-01-15,2015-01-16,2015-01-19,net_cashflows,USD,0.94999999999999996,IN_FHS1250,EUR,-0.0015692216563650001,0.020577623316506768,0.025025445435137524,-3.865594140369697,0,0.0044478221186307551,1249,2014-12-31,1.2685165418080402e-17,1.2685165418080402e-17,-0.038084641826085057,0.043495510610077698
2015-01-15,2015-01-16,2015-01-19,net_cashflows,USD,0.98999999999999999,IN_FHS1250,EUR,-0.0015692216563650001,0.027435529171672985,0.032106477660075156,-3.5841805289719999,0,0.0046709484884021706,1249,2014-12-31,1.2685165418080402e-17,1.2685165418080402e-17,-0.038084641826085057,0.043495510610077698
2015-01-15,2015-01-16,2015-01-19,funded_assets,EUR,0.94999999999999996,IN_TCOP1250,EUR,0.0032973938282431,0.025593470315374373,0.032450769261496315,-3.6393450403956344,0,0.0068572989461219425,262144,2014-12-31,2.439454888092385e-17,2.439454888092385e-17,-0.076794132084058664,0.072395062953911543
2015-01-15,2015-01-16,2015-01-19,funded_assets,EUR,0.98999999999999999,IN_TCOP1250,EUR,0.0032973938282431,0.036976437834790876,0.041779212837641529,-3.2903124549200751,0,0.0048027750028506525,262144,2014-12-31,2.439454888092385e-17,2.439454888092385e-17,-0.076794132084058664,0.072395062953911543
2015-01-15,2015-01-16,2015-01-19,funded_assets,USD,0.94999999999999996,IN_TCOP1250,EUR,0.0032536982723604,0.025664721312416795,0.032567183578443792,-3.6363954600237678,0,0.0069024622660269971,262144,2014-12-31,2.439454888092385e-17,2.439454888092385e-17,-0.076245086714663929,0.072339859223915587
2015-01-15,2015-01-16,2015-01-19,funded_assets,USD,0.98999999999999999,IN_TCOP1250,EUR,0.0032536982723604,0.037127386296576484,0.041995142917726991,-3.2861136840373359,0,0.0048677566211505069,262144,2014-12-31,2.439454888092385e-17,2.439454888092385e-17,-0.076245086714663929,0.072339859223915587
2015-01-15,2015-01-16,2015-01-19,net_cashflows,EUR,0.94999999999999996,IN_TCOP1250,EUR,-0.0015854274822191001,0.020210781753506095,0.025380388221149248,-3.8774636029293963,0,0.0051696064676431536,262144,2014-12-31,2.439454888092385e-17,2.439454888092385e-17,-0.052686632754136875,0.064330234724883403
2015-01-15,2015-01-16,2015-01-19,net_cashflows,EUR,0.98999999999999999,IN_TCOP1250,EUR,-0.0015854274822191001,0.028611153386906528,0.033140338140673894,-3.543670887448616,0,0.0045291847537673666,262144,2014-12-31,2.439454888092385e-17,2.439454888092385e-17,-0.052686632754136875,0.064330234724883403
2015-01-15,2015-01-16,2015-01-19,net_cashflows,USD,0.94999999999999996,IN_TCOP1250,EUR,-0.0015692216563650001,0.020190407142159868,0.025348803082740536,-3.8785203933127335,0,0.0051583959405806686,262144,2014-12-31,2.439454888092385e-17,2.439454888092385e-17,-0.052973753913699809,0.063785921585921349
2015-01-15,2015-01-16,2015-01-19,net_cashflows,USD,0.98999999999999999,IN_TCOP1250,EUR,-0.0015692216563650001,0.028566805431389106,0.033090432538180732,-3.5452160712617333,0,0.0045236271067916264,262144,2014-12-31,2.439454888092385e-17,2.439454888092385e-17,-0.052973753913699809,0.063785921585921349
2015-01-15,2015-01-16,2015-01-19,funded_assets,EUR,0.94999999999999996,IN_FHS1250,USD,0.0032973938282431,0.0084529827136084756,0.012594868036364351,-4.7033208462703939,0,0.0041418853227558755,1249,2014-12-31,7.1997800516615529e-18,7.1997800516615529e-18,-0.049092977644704328,0.030388828425776199
2015-01-15,2015-01-16,2015-01-19,funded_assets,EUR,0.98999999999999999,IN_FHS1250,USD,0.0032973938282431,0.014974238674117207,0.019417234085634134,-4.1704113635651865,0,0.0044429954115169264,1249,2014-12-31,7.1997800516615529e-18,7.1997800516615529e-18,-0.049092977644704328,0.030388828425776199
2015-01-15,2015-01-16,2015-01-19,funded_assets,USD,0.94999999999999996,IN_FHS1250,USD,0.0032536982723604,0.00837522927415499,0.012582400320780306,-4.709825752727772,0,0.0042071710466253156,1249,2014-12-31,7.1997800516615529e-18,7.1997800516615529e-18,-0.048765585801576528,0.03014910662299965
2015-01-15,2015-01-16,2015-01-19,funded_assets,USD,0.98999999999999999,IN_FHS1250,USD,0.0032536982723604,0.015251903650865406,0.019450155825487234,-4.1557469089351518,0,0.0041982521746218287,1249,2014-12-31,7.1997800516615529e-18,7.1997800516615529e-18,-0.048765585801576528,0.03014910662299965
2015-01-15,2015-01-16,2015-01-19,net_cashflows,EUR,0.94999999999999996,IN_FHS1250,USD,-0.0015854274822191001,0.010672522692693543,0.014824631750502009,-4.4915469413057876,0,0.0041521090578084657,1249,2014-12-31,7.1997800516615529e-18,7.1997800516615529e-18,-0.0260796997008261,0.033409290811114059
2015-01-15,2015-01-16,2015-01-19,net_cashflows,EUR,0.98999999999999999,IN_FHS1250,USD,-0.0015854274822191001,0.017041487943766122,0.020568720253452522,-4.0554690499751356,0,0.0035272323096863997,1249,2014-12-31,7.1997800516615529e-18,7.1997800516615529e-18,-0.0260796997008261,0.033409290811114059
2015-01-15,2015-01-16,2015-01-19,net_cashflows,USD,0.94999999999999996,IN_FHS1250,USD,-0.0015692216563650001,0.010772619710699746,0.014929526352774974,-4.4828496585164128,0,0.0041569066420752282,1249,2014-12-31,7.1997800516615529e-18,7.1997800516615529e-18,-0.025874606073786343,0.033179447162326195
2015-01-15,2015-01-16,2015-01-19,net_cashflows,USD,0.98999999999999999,IN_FHS1250,USD,-0.0015692216563650001,0.017288824432032772,0.020731073435488752,-4.0421645420830181,0,0.0034422490034559799,1249,2014-12-31,7.1997800516615529e-18,7.1997800516615529e-18,-0.025874606073786343,0.033179447162326195
2015-01-15,2015-01-16,2015-01-19,funded_assets,EUR,0.94999999999999996,IN_TCOP1250,USD,0.0032973938282431,0.0095097249243497051,0.012562550682209484,-4.620045083966227,0,0.0030528257578597787,262144,2014-12-31,1.2414114874959026e-17,1.2414114874959026e-17,-0.047098183606505556,0.039455297556963531
2015-01-15,2015-01-16,2015-01-19,funded_assets,EUR,0.98999999999999999,IN_TCOP1250,USD,0.0032973938282431,0.01436868977312411,0.017363387299155007,-4.2258634328350801,0,0.002994697526030897,262144,2014-12-31,1.2414114874959026e-17,1.2414114874959026e-17,-0.047098183606505556,0.039455297556963531
2015-01-15,2015-01-16,2015-01-19,funded_assets,USD,0.94999999999999996,IN_TCOP1250,USD,0.0032536982723604,0.0094917888223931372,0.012538396818402972,-4.6219418573964202,0,0.0030466079960098352,262144,2014-12-31,1.2414114874959026e-17,1.2414114874959026e-17,-0.047296291798417323,0.039881942031199775
2015-01-15,2015-01-16,2015-01-19,funded_assets,USD,0.98999999999999999,IN_TCOP1250,USD,0.0032536982723604,0.01435097298584621,0.017332501027359847,-4.2271913610104814,0,0.0029815280415136369,262144,2014-12-31,1.2414114874959026e-17,1.2414114874959026e-17,-0.047296291798417323,0.039881942031199775
2015-01-15,2015-01-16,2015-01-19,net_cashflows,EUR,0.94999999999999996,IN_TCOP1250,USD,-0.0015854274822191001,0.010862819167253568,0.014463235603615352,-4.4850810772774725,0,0.0036004164363617839,262144,2014-12-31,1.2414114874959026e-17,1.2414114874959026e-17,-0.032907942114245095,0.042430859130055953
2015-01-15,2015-01-16,2015-01-19,net_cashflows,EUR,0.98999999999999999,IN_TCOP1250,USD,-0.0015854274822191001,0.016494503468442712,0.020362364994317653,-4.0840184229930809,0,0.003867861525874941,262144,2014-12-31,1.2414114874959026e-17,1.2414114874959026e-17,-0.032907942114245095,0.042430859130055953
2015-01-15,2015-01-16,2015-01-19,net_cashflows,USD,0.94999999999999996,IN_TCOP1250,USD,-0.0015692216563650001,0.010920923283910276,0.014574906219979276,-4.4791576824155452,0,0.0036539829360690002,262144,2014-12-31,1.2414114874959026e-17,1.2414114874959026e-17,-0.032736104101726095,0.043418452013549672
2015-01-15,2015-01-16,2015-01-19,net_cashflows,USD,0.98999999999999999,IN_TCOP1250,USD,-0.0015692216563650001,0.016643908227075954,0.020571101407631791,-4.0747762926043549,0,0.0039271931805558366,262144,2014-12-31,1.2414114874959026e-17,1.2414114874959026e-17,-0.032736104101726095,0.043418452013549672
2015-01-15,2015-01-16,2015-01-19,funded_assets,EUR,0.94999999999999996,IN_FHS1250,GBP,0.0032973938282431,0.013065708627804956,0.017285304283594632,-4.3020132316308954,0,0.0042195956557896756,1249,2014-12-31,8.917562868693274e-18,8.917562868693274e-18,-0.049127963729333118,0.030455118545331394
2015-01-15,2015-01-16,2015-01-19,funded_assets,EUR,0.98999999999999999,IN_FHS1250,GBP,0.0032973938282431,0.020890190985809687,0.024420963307460495,-3.8568929314549218,0,0.0035307723216508081,1249,2014-12-31,8.917562868693274e-18,8.917562868693274e-18,-0.049127963729333118,0.030455118545331394
2015-01-15,2015-01-16,2015-01-19,funded_assets,USD,0.94999999999999996,IN_FHS1250,GBP,0.0032536982723604,0.01290539029559544,0.017306269179769868,-4.3109803743453412,0,0.0044008788841744285,1249,2014-12-31,8.917562868693274e-18,8.917562868693274e-18,-0.048807319994074165,0.030155596100789064
2015-01-15,2015-01-16,2015-01-19,funded_assets,USD,0.98999999999999999,IN_FHS1250,GBP,0.0032536982723604,0.020977225328857908,0.024484806616853507,-3.8529579132107399,0,0.0035075812879955988,1249,2014-12-31,8.917562868693274e-18,8.917562868693274e-18,-0.048807319994074165,0.030155596100789064
2015-01-15,2015-01-16,2015-01-19,net_cashflows,EUR,0.94999999999999996,IN_FHS1250,GBP,-0.0015854274822191001,0.01284623179612614,0.017009066704186018,-4.3187508535424568,0,0.004162834908059878,1249,2014-12-31,8.917562868693274e-18,8.917562868693274e-18,-0.025433331535799544,0.033270091934410377
2015-01-15,2015-01-16,2015-01-19,net_cashflows,EUR,0.98999999999999999,IN_FHS1250,GBP,-0.0015854274822191001,0.019165729980090408,0.023521721033596076,-3.9350211357307483,0,0.0043559910535056687,1249,2014-12-31,8.917562868693274e-18,8.917562868693274e-18,-0.025433331535799544,0.033270091934410377
2015-01-15,2015-01-16,2015-01-19,net_cashflows,USD,0.94999999999999996,IN_FHS1250,GBP,-0.0015692216563650001,0.012816835203911615,0.017038979484621866,-4.3200449091937303,0,0.0042221442807102508,1249,2014-12-31,8.917562868693274e-18,8.917562868693274e-18,-0.025172933557234128,0.033049050224046896
2015-01-15,2015-01-16,2015-01-19,net_cashflows,USD,0.98999999999999999,IN_FHS1250,GBP,-0.0015692216563650001,0.019381587677133317,0.023614757643717028,-3.9251429519956784,0,0.0042331699665837108,1249,2014-12-31,8.917562868693274e-18,8.917562868693274e-18,-0.025172933557234128,0.033049050224046896
2015-01-15,2015-01-16,2015-01-19,funded_assets,EUR,0.94999999999999996,IN_TCOP1250,GBP,0.0032973938282431,0.013203741805770747,0.017163669654731095,-4.2956760462064008,0,0.0039599278489603484,262144,2014-12-31,1.3148068923754877e-17,1.3148068923754877e-17,-0.073522992758776745,0.056526023681987808
2015-01-15,2015-01-16,2015-01-19,funded_assets,EUR,0.98999999999999999,IN_TCOP1250,GBP,0.0032973938282431,0.019563386445385883,0.023266260559528847,-3.9199031076366557,0,0.0037028741141429643,262144,2014-12-31,1.3148068923754877e-17,1.3148068923754877e-17,-0.073522992758776745,0.056526023681987808
2015-01-15,2015-01-16,2015-01-19,funded_assets,USD,0.94999999999999996,IN_TCOP1250,GBP,0.0032536982723604,0.013212009783687497,0.01720627967454022,-4.2946211043037641,0,0.0039942698908527231,262144,2014-12-31,1.3148068923754877e-17,1.3148068923754877e-17,-0.073876207406097544,0.058593902579168765
2015-01-15,2015-01-16,2015-01-19,funded_assets,USD,0.98999999999999999,IN_TCOP1250,GBP,0.0032536982723604,0.019631730339330807,0.023381569977453588,-3.9161830452170188,0,0.0037498396381227816,262144,2014-12-31,1.3148068923754877e-17,1.3148068923754877e-17,-0.073876207406097544,0.058593902579168765
2015-01-15,2015-01-16,2015-01-19,net_cashflows,EUR,0.94999999999999996,IN_TCOP1250,GBP,-0.0015854274822191001,0.012874904540467714,0.016865477571031511,-4.3190984136286303,0,0.003990573030563797,262144,2014-12-31,1.3148068923754877e-17,1.3148068923754877e-17,-0.037799394493898741,0.051481331127198882
2015-01-15,2015-01-16,2015-01-19,net_cashflows,EUR,0.98999999999999999,IN_TCOP1250,GBP,-0.0015854274822191001,0.019095096066377069,0.023374271781615732,-3.9391914021558234,0,0.0042791757152386631,262144,2014-12-31,1.3148068923754877e-17,1.3148068923754877e-17,-0.037799394493898741,0.051481331127198882
2015-01-15,2015-01-16,2015-01-19,net_cashflows,USD,0.94999999999999996,IN_TCOP1250,GBP,-0.0015692216563650001,0.012915113179140066,0.016928054211269087,-4.3158416326693478,0,0.0040129410321290207,262144,2014-12-31,1.3148068923754877e-17,1.3148068923754877e-17,-0.037814154858736328,0.051609397452619152
2015-01-15,2015-01-16,2015-01-19,net_cashflows,USD,0.98999999999999999,IN_TCOP1250,GBP,-0.0015692216563650001,0.019179919795566866,0.023503595105423297,-3.9345599272298939,0,0.0043236753098564312,262144,2014-12-31,1.3148068923754877e-17,1.3148068923754877e-17,-0.037814154858736328,0.051609397452619152
2015-01-15,2015-01-16,2015-01-19,funded_assets,EUR,0.94999999999999996,IN_FHS1250,JPY,0.0032973938282431,0.010042071302557021,0.013984718430536055,-4.5517154712311143,0,0.0039426471279790341,1249,2014-12-31,6.0012284312967179e-18,6.0012284312967179e-18,-0.054545542578240735,0.031627380644793285
2015-01-15,2015-01-16,2015-01-19,funded_assets,EUR,0.98999999999999999,IN_FHS1250,JPY,0.0032973938282431,0.015680473471393924,0.020421003469624961,-4.1233312403841289,0,0.0047405299982310363,1249,2014-12-31,6.0012284312967179e-18,6.0012284312967179e-18,-0.054545542578240735,0.031627380644793285
2015-01-15,2015-01-16,2015-01-19,funded_assets,USD,0.94999999999999996,IN_FHS1250,JPY,0.0032536982723604,0.0099980732102348431,0.014052093514796148,-4.5534832723835201,0,0.0040540203045613052,1249,2014-12-31,6.0012284312967179e-18,6.0012284312967179e-18,-0.054253640571763545,0.031260676042628874
2015-01-15,2015-01-16,2015-01-19,funded_assets,USD,0.98999999999999999,IN_FHS1250,JPY,0.0032536982723604,0.015845773413668437,0.020578708184492527,-4.1134901517779241,0,0.0047329347708240897,1249,2014-12-31,6.0012284312967179e-18,6.0012284312967179e-18,-0.054253640571763545,0.031260676042628874
2015-01-15,2015-01-16,2015-01-19,net_cashflows,EUR,0.94999999999999996,IN_FHS1250,JPY,-0.0015854274822191001,0.0098615572514388905,0.013422121106399067,-4.5761268998962992,0,0.0035605638549601765,1249,2014-12-31,6.0012284312967179e-18,6.0012284312967179e-18,-0.027444781440191759,0.036898163062775449
2015-01-15,2015-01-16,2015-01-19,net_cashflows,EUR,0.98999999999999999,IN_FHS1250,JPY,-0.0015854274822191001,0.01486317148950405,0.019276878227690926,-4.1778126918754284,0,0.0044137067381868761,1249,2014-12-31,6.0012284312967179e-18,6.0012284312967179e-18,-0.027444781440191759,0.036898163062775449
2015-01-15,2015-01-16,2015-01-19,net_cashflows,USD,0.94999999999999996,IN_FHS1250,JPY,-0.0015692216563650001,0.0097995446817878782,0.013491886109205582,-4.5793380599245701,0,0.0036923414274177037,1249,2014-12-31,6.0012284312967179e-18,6.0012284312967179e-18,-0.027108358653637248,0.036705051850433545
2015-01-15,2015-01-16,2015-01-19,net_cashflows,USD,0.98999999999999999,IN_FHS1250,JPY,-0.0015692216563650001,0.015134245245291377,0.019450382045937142,-4.1617935549619762,0,0.0043161368006457649,1249,2014-12-31,6.0012284312967179e-18,6.0012284312967179e-18,-0.027108358653637248,0.036705051850433545
2015-01-15,2015-01-16,2015-01-19,funded_assets,EUR,0.94999999999999996,IN_TCOP1250,JPY,0.0032973938282431,0.010774484288128106,0.014005572909954961,-4.4990001743145056,0,0.0032310886218268556,262144,2014-12-31,1.6588293239028218e-17,1.6588293239028218e-17,-0.068909505654171949,0.054403609049880952
2015-01-15,2015-01-16,2015-01-19,funded_assets,EUR,0.98999999999999999,IN_TCOP1250,JPY,0.0032973938282431,0.015864772704565072,0.019274131047287476,-4.1258792270887925,0,0.0034093583427224038,262144,2014-12-31,1.6588293239028218e-17,1.6588293239028218e-17,-0.068909505654171949,0.054403609049880952
2015-01-15,2015-01-16,2015-01-19,funded_assets,USD,0.94999999999999996,IN_TCOP1250,JPY,0.0032536982723604,0.010789028645503389,0.01406162882146786,-4.4970382040431609,0,0.0032726001759644709,262144,2014-12-31,1.6588293239028218e-17,1.6588293239028218e-17,-0.066111236839202378,0.056883205650683034
2015-01-15,2015-01-16,2015-01-19,funded_assets,USD,0.98999999999999999,IN_TCOP1250,JPY,0.0032536982723604,0.015937345475711497,0.019407653001726095,-4.1208990990084189,0,0.0034703075260145988,262144,2014-12-31,1.6588293239028218e-17,1.6588293239028218e-17,-0.066111236839202378,0.056883205650683034
2015-01-15,2015-01-16,2015-01-19,net_cashflows,EUR,0.94999999999999996,IN_TCOP1250,JPY,-0.0015854274822191001,0.010215191455466899,0.013702246725105952,-4.5446833121701768,0,0.0034870552696390535,262144,2014-12-31,1.6588293239028218e-17,1.6588293239028218e-17,-0.040591511442758132,0.050858076238166829
2015-01-15,2015-01-16,2015-01-19,net_cashflows,EUR,0.98999999999999999,IN_TCOP1250,JPY,-0.0015854274822191001,0.015735505768761694,0.01950036231627518,-4.1303882125743723,0,0.0037648565475134864,262144,2014-12-31,1.6588293239028218e-17,1.6588293239028218e-17,-0.040591511442758132,0.050858076238166829
2015-01-15,2015-01-16,2015-01-19,net_cashflows,USD,0.94999999999999996,IN_TCOP1250,JPY,-0.0015692216563650001,0.010267294863646787,0.013815458437275177,-4.5387927495264453,0,0.0035481635736283896,262144,2014-12-31,1.6588293239028218e-17,1.6588293239028218e-17,-0.039423899735791301,0.051557420727384777
2015-01-15,2015-01-16,2015-01-19,net_cashflows,USD,0.98999999999999999,IN_TCOP1250,JPY,-0.0015692216563650001,0.015887864609973767,0.019744833260489956,-4.1202040833438165,0,0.0038569686505161883,262144,2014-12-31,1.6588293239028218e-17,1.6588293239028218e-17,-0.039423899735791301,0.051557420727384777
2015-01-15,2015-01-16,2015-01-19,funded_assets,EUR,0.94999999999999996,IN_FHS1250,CHF,0.0032973938282431,0.089210558406566415,0.11089493818777962,-2.3947118805227219,0,0.021684379781213209,1249,2014-12-31,5.8980598183211441e-17,5.8980598183211441e-17,-0.19874318156123152,0.19495758641512598
2015-01-15,2015-01-16,2015-01-19,funded_assets,EUR,0.98999999999999999,IN_FHS1250,CHF,0.0032973938282431,0.12624980214487527,0.14922553805498343,-2.0562629533787189,0,0.022975735910108153,1249,2014-12-31,5.8980598183211441e-17,5.8980598183211441e-17,-0.19874318156123152,0.19495758641512598
2015-01-15,2015-01-16,2015-01-19,funded_assets,USD,0.94999999999999996,IN_FHS1250,CHF,0.0032536982723604,0.094740652756602886,0.13181975788689942,-2.3076061599433761,0,0.037079105130296539,1249,2014-12-31,5.8980598183211441e-17,5.8980598183211441e-17,-0.19276739542112303,0.30426819450604031
2015-01-15,2015-01-16,2015-01-19,funded_assets,USD,0.98999999999999999,IN_FHS1250,CHF,0.0032536982723604,0.14873076702544014,0.21116141273061617,-1.8507861143075537,0,0.062430645705176036,1249,2014-12-31,5.8980598183211441e-17,5.8980598183211441e-17,-0.19276739542112303,0.30426819450604031
2015-01-15,2015-01-16,2015-01-19,net_cashflows,EUR,0.94999999999999996,IN_FHS1250,CHF,-0.0015854274822191001,0.020137446143424241,0.028583391120123251,-3.8504138179846636,0,0.0084459449766990102,1249,2014-12-31,5.8980598183211441e-17,5.8980598183211441e-17,-0.067839235994875582,0.070230377974573724
2015-01-15,2015-01-16,2015-01-19,net_cashflows,EUR,0.98999999999999999,IN_FHS1250,CHF,-0.0015854274822191001,0.032388626015992517,0.042431418956135364,-3.3965491169403106,0,0.010042792940142847,1249,2014-12-31,5.8980598183211441e-17,5.8980598183211441e-17,-0.067839235994875582,0.070230377974573724
2015-01-15,2015-01-16,2015-01-19,net_cashflows,USD,0.94999999999999996,IN_FHS1250,CHF,-0.0015692216563650001,0.020066506215689936,0.028265495383279993,-3.8561840612952354,0,0.0081989891675900567,1249,2014-12-31,5.8980598183211441e-17,5.8980598183211441e-17,-0.066684668148203632,0.070169632644667135
2015-01-15,2015-01-16,2015-01-19,net_cashflows,USD,0.98999999999999999,IN_FHS1250,CHF,-0.0015692216563650001,0.03147161880146282,0.041280523749519946,-3.424980276769467,0,0.0098089049480571261,1249,2014-12-31,5.8980598183211441e-17,5.8980598183211441e-17,-0.066684668148203632,0.070169632644667135
2015-01-15,2015-01-16,2015-01-19,funded_assets,EUR,0.94999999999999996,IN_TCOP1250,CHF,0.0032973938282431,0.088846195049345711,0.11267217129942125,-2.3947356460716582,0,0.023825976250075542,262144,2014-12-31,7.6327832942979512e-17,7.6327832942979512e-17,-0.32599934951752152,0.26270403878073612
2015-01-15,2015-01-16,2015-01-19,funded_assets,EUR,0.98999999999999999,IN_TCOP1250,CHF,0.0032973938282431,0.1278732173682488,0.14666641003002062,-2.0477302192579878,0,0.018793192661771818,262144,2014-12-31,7.6327832942979512e-17,7.6327832942979512e-17,-0.32599934951752152,0.26270403878073612
2015-01-15,2015-01-16,2015-01-19,funded_assets,USD,0.94999999999999996,IN_TCOP1250,CHF,0.0032536982723604,0.09742444850271946,0.12757522101566598,-2.2953863351851087,0,0.030150772512946525,262144,2014-12-31,7.6327832942979512e-17,7.6327832942979512e-17,-0.26704988289963094,0.37857704770072759
2015-01-15,2015-01-16,2015-01-19,funded_assets,USD,0.98999999999999999,IN_TCOP1250,CHF,0.0032536982723604,0.14622784914349068,0.17264964511800368,-1.9095279815114719,0,0.026421795974512996,262144,2014-12-31,7.6327832942979512e-17,7.6327832942979512e-17,-0.26704988289963094,0.37857704770072759
2015-01-15,2015-01-16,2015-01-19,net_cashflows,EUR,0.94999999999999996,IN_TCOP1250,CHF,-0.0015854274822191001,0.02067501790220096,0.027920785761863975,-3.8378954607776219,0,0.0072457678596630146,262144,2014-12-31,7.6327832942979512e-17,7.6327832942979512e-17,-0.091317958464872132,0.097648038503546447
2015-01-15,2015-01-16,2015-01-19,net_cashflows,EUR,0.98999999999999999,IN_TCOP1250,CHF,-0.0015854274822191001,0.032217306449789623,0.039963088133174271,-3.4136224492521841,0,0.0077457816833846477,262144,2014-12-31,7.6327832942979512e-17,7.6327832942979512e-17,-0.091317958464872132,0.097648038503546447
2015-01-15,2015-01-16,2015-01-19,net_cashflows,USD,0.94999999999999996,IN_TCOP1250,CHF,-0.0015692216563650001,0.020415146215263545,0.027434225935936776,-3.8518151267645706,0,0.0070190797206732304,262144,2014-12-31,7.6327832942979512e-17,7.6327832942979512e-17,-0.08188979171088652,0.11497002949860785
2015-01-15,2015-01-16,2015-01-19,net_cashflows,USD,0.98999999999999999,IN_TCOP1250,CHF,-0.0015692216563650001,0.031580489099722504,0.039157462663481253,-3.4336643734085328,0,0.0075769735637587488,262144,2014-12-31,7.6327832942979512e-17,7.6327832942979512e-17,-0.08188979171088652,0.11497002949860785
2015-01-15,2015-01-16,2015-01-19,funded_assets,EUR,0.94999999999999996,IN_FHS_REF_POOL,ALL_FIVE,0.0032973938282431,0.035046960630537333,0.0659793493476033,-3.1872327191385965,0,0.030932388717065967,6245,2014-12-31,0,0,-0.19874318156123152,0.19495758641512598
2015-01-15,2015-01-16,2015-01-19,funded_assets,EUR,0.98999999999999999,IN_FHS_REF_POOL,ALL_FIVE,0.0032973938282431,0.089210558406566415,0.11089493818777962,-2.3947118805227219,0,0.021684379781213209,6245,2014-12-31,0,0,-0.19874318156123152,0.19495758641512598
2015-01-15,2015-01-16,2015-01-19,funded_assets,USD,0.94999999999999996,IN_FHS_REF_POOL,ALL_FIVE,0.0032536982723604,0.036009059296409608,0.072624775548637027,-3.1266258072465387,0,0.036615716252227419,6245,2014-12-31,0,0,-0.19276739542112303,0.30426819450604031
2015-01-15,2015-01-16,2015-01-19,funded_assets,USD,0.98999999999999999,IN_FHS_REF_POOL,ALL_FIVE,0.0032536982723604,0.094740652756602886,0.13181975788689942,-2.3076061599433761,0,0.037079105130296539,6245,2014-12-31,0,0,-0.19276739542112303,0.30426819450604031
2015-01-15,2015-01-16,2015-01-19,net_cashflows,EUR,0.94999999999999996,IN_FHS_REF_POOL,ALL_FIVE,-0.0015854274822191001,0.015190689760207168,0.02162339940124041,-4.1314676057494877,0,0.0064327096410332421,6245,2014-12-31,0,0,-0.067839235994875582,0.070230377974573724
2015-01-15,2015-01-16,2015-01-19,net_cashflows,EUR,0.98999999999999999,IN_FHS_REF_POOL,ALL_FIVE,-0.0015854274822191001,0.02508475101289399,0.031915751268328456,-3.6586878771875662,0,0.0068310002554344655,6245,2014-12-31,0,0,-0.067839235994875582,0.070230377974573724
2015-01-15,2015-01-16,2015-01-19,net_cashflows,USD,0.94999999999999996,IN_FHS_REF_POOL,ALL_FIVE,-0.0015692216563650001,0.015250847241001425,0.021549570276223302,-4.1296893634638732,0,0.0062987230352218766,6245,2014-12-31,0,0,-0.066684668148203632,0.070169632644667135
2015-01-15,2015-01-16,2015-01-19,net_cashflows,USD,0.98999999999999999,IN_FHS_REF_POOL,ALL_FIVE,-0.0015692216563650001,0.024975405390265725,0.031546392866133754,-3.6645920281094,0,0.0065709874758680294,6245,2014-12-31,0,0,-0.066684668148203632,0.070169632644667135
2015-01-15,2015-01-16,2015-01-19,funded_assets,EUR,0.94999999999999996,IN_TCOP_REF_POOL,ALL_FIVE,0.0032973938282431,0.034817059099220837,0.067161246417197465,-3.1822489275684744,0,0.032344187317976628,1310720,2014-12-31,0,0,-0.32599934951752152,0.26270403878073612
2015-01-15,2015-01-16,2015-01-19,funded_assets,EUR,0.98999999999999999,IN_TCOP_REF_POOL,ALL_FIVE,0.0032973938282431,0.088846195049345711,0.11267217129942125,-2.3947356460716582,0,0.023825976250075542,1310720,2014-12-31,0,0,-0.32599934951752152,0.26270403878073612
2015-01-15,2015-01-16,2015-01-19,funded_assets,USD,0.94999999999999996,IN_TCOP_REF_POOL,ALL_FIVE,0.0032536982723604,0.035708547453014133,0.072833578639373883,-3.1293022969452013,0,0.03712503118635975,1310720,2014-12-31,0,0,-0.26704988289963094,0.37857704770072759
2015-01-15,2015-01-16,2015-01-19,funded_assets,USD,0.98999999999999999,IN_TCOP_REF_POOL,ALL_FIVE,0.0032536982723604,0.09742444850271946,0.12757522101566598,-2.2953863351851087,0,0.030150772512946525,1310720,2014-12-31,0,0,-0.26704988289963094,0.37857704770072759
2015-01-15,2015-01-16,2015-01-19,net_cashflows,EUR,0.94999999999999996,IN_TCOP_REF_POOL,ALL_FIVE,-0.0015854274822191001,0.015587328022958903,0.021659930833096096,-4.1126523665350208,0,0.0060726028101371933,1310720,2014-12-31,0,0,-0.091317958464872132,0.097648038503546447
2015-01-15,2015-01-16,2015-01-19,net_cashflows,EUR,0.98999999999999999,IN_TCOP_REF_POOL,ALL_FIVE,-0.0015854274822191001,0.025228570124443662,0.031484597229405262,-3.6569580249445979,0,0.0062560271049615993,1310720,2014-12-31,0,0,-0.091317958464872132,0.097648038503546447
2015-01-15,2015-01-16,2015-01-19,net_cashflows,USD,0.94999999999999996,IN_TCOP_REF_POOL,ALL_FIVE,-0.0015692216563650001,0.015566579312969247,0.021542779602565766,-4.1151253980856524,0,0.0059762002895965196,1310720,2014-12-31,0,0,-0.08188979171088652,0.11497002949860785
2015-01-15,2015-01-16,2015-01-19,net_cashflows,USD,0.98999999999999999,IN_TCOP_REF_POOL,ALL_FIVE,-0.0015692216563650001,0.025061925607286158,0.031173390962836681,-3.6642379015123239,0,0.006111465355550523,1310720,2014-12-31,0,0,-0.08188979171088652,0.11497002949860785
2015-01-16,2015-01-19,2015-01-20,funded_assets,EUR,0.94999999999999996,HS1250,ALL_EQUIVARIANT,-0.00027569380540180003,0.0072773080218551389,0.0097212078891575938,-4.8848441863658962,0,0.0024438998673024549,1249,2014-12-31,3.3068166260807885e-18,3.3068166260807885e-18,-0.048007199002342682,0.020564695146287643
2015-01-16,2015-01-19,2015-01-20,funded_assets,EUR,0.98999999999999999,HS1250,ALL_EQUIVARIANT,-0.00027569380540180003,0.010966374281485114,0.013245851823213447,-4.4961607625789144,0,0.0022794775417283326,1249,2014-12-31,3.3068166260807885e-18,3.3068166260807885e-18,-0.048007199002342682,0.020564695146287643
2015-01-16,2015-01-19,2015-01-20,funded_assets,USD,0.94999999999999996,HS1250,ALL_EQUIVARIANT,-0.0002828147703249,0.0073832019423681686,0.0098033346433133994,-4.8719009960676161,0,0.0024201327009452309,1249,2014-12-31,3.3068166260807885e-18,3.3068166260807885e-18,-0.047680755673649919,0.020351281984027275
2015-01-16,2015-01-19,2015-01-20,funded_assets,USD,0.98999999999999999,HS1250,ALL_EQUIVARIANT,-0.0002828147703249,0.011192164739226174,0.013400535010536332,-4.4772578185350245,0,0.0022083702713101578,1249,2014-12-31,3.3068166260807885e-18,3.3068166260807885e-18,-0.047680755673649919,0.020351281984027275
2015-01-16,2015-01-19,2015-01-20,net_cashflows,EUR,0.94999999999999996,HS1250,ALL_EQUIVARIANT,-0.0029752741326333002,0.0036624215590236207,0.0058538882100273365,-5.5150100517364598,0,0.0021914666510037158,1249,2014-12-31,3.3068166260807885e-18,3.3068166260807885e-18,-0.017414536388067337,0.032540880585699684
2015-01-16,2015-01-19,2015-01-20,net_cashflows,EUR,0.98999999999999999,HS1250,ALL_EQUIVARIANT,-0.0029752741326333002,0.0064528529520965433,0.010187677059338922,-4.9531785502665766,0,0.0037348241072423785,1249,2014-12-31,3.3068166260807885e-18,3.3068166260807885e-18,-0.017414536388067337,0.032540880585699684
2015-01-16,2015-01-19,2015-01-20,net_cashflows,USD,0.94999999999999996,HS1250,ALL_EQUIVARIANT,-0.0029694463941813002,0.0036924235711941079,0.0058760932421803493,-5.5084824548011522,0,0.0021836696709862415,1249,2014-12-31,3.3068166260807885e-18,3.3068166260807885e-18,-0.017222168834397346,0.03231306722835027
2015-01-16,2015-01-19,2015-01-20,net_cashflows,USD,0.98999999999999999,HS1250,ALL_EQUIVARIANT,-0.0029694463941813002,0.0065411952628783316,0.010214483490626003,-4.9435642763650396,0,0.0036732882277476717,1249,2014-12-31,3.3068166260807885e-18,3.3068166260807885e-18,-0.017222168834397346,0.03231306722835027
2015-01-16,2015-01-19,2015-01-20,funded_assets,EUR,0.94999999999999996,EWMA_GAUSS,ALL_EQUIVARIANT,-0.00027569380540180003,0.017945588138256807,0.022419100965171506,-3.9973822035948681,0,0.0044735128269146988,262144,2014-12-31,1.2956215961201778e-17,1.2956215961201778e-17,-0.058809565619456328,0.050106646626811302
2015-01-16,2015-01-19,2015-01-20,funded_assets,EUR,0.98999999999999999,EWMA_GAUSS,ALL_EQUIVARIANT,-0.00027569380540180003,0.025245759102688697,0.028772732634927807,-3.6709075397069286,0,0.0035269735322391096,262144,2014-12-31,1.2956215961201778e-17,1.2956215961201778e-17,-0.058809565619456328,0.050106646626811302
2015-01-16,2015-01-19,2015-01-20,funded_assets,USD,0.94999999999999996,EWMA_GAUSS,ALL_EQUIVARIANT,-0.0002828147703249,0.018027086680281208,0.022541272349862477,-3.9926704496459053,0,0.0045141856695812693,262144,2014-12-31,1.2956215961201778e-17,1.2956215961201778e-17,-0.05732263645933687,0.050597005410252777
2015-01-16,2015-01-19,2015-01-20,funded_assets,USD,0.98999999999999999,EWMA_GAUSS,ALL_EQUIVARIANT,-0.0002828147703249,0.025411232137243223,0.028967143787203949,-3.66434978728681,0,0.003555911649960726,262144,2014-12-31,1.2956215961201778e-17,1.2956215961201778e-17,-0.05732263645933687,0.050597005410252777
2015-01-16,2015-01-19,2015-01-20,net_cashflows,EUR,0.94999999999999996,EWMA_GAUSS,ALL_EQUIVARIANT,-0.0029752741326333002,0.01274930110788779,0.016166303771242937,-4.336191951140389,0,0.0034170026633551474,262144,2014-12-31,1.2956215961201778e-17,1.2956215961201778e-17,-0.033637943742649057,0.039264892191511705
2015-01-16,2015-01-19,2015-01-20,net_cashflows,EUR,0.98999999999999999,EWMA_GAUSS,ALL_EQUIVARIANT,-0.0029752741326333002,0.018325814163437759,0.02111382772904169,-3.9898739189762171,0,0.0027880135656039307,262144,2014-12-31,1.2956215961201778e-17,1.2956215961201778e-17,-0.033637943742649057,0.039264892191511705
2015-01-16,2015-01-19,2015-01-20,net_cashflows,USD,0.94999999999999996,EWMA_GAUSS,ALL_EQUIVARIANT,-0.0029694463941813002,0.012741386806253727,0.016146066746192612,-4.3369462551952864,0,0.0034046799399388844,262144,2014-12-31,1.2956215961201778e-17,1.2956215961201778e-17,-0.033566581906377874,0.039207981038155308
2015-01-16,2015-01-19,2015-01-20,net_cashflows,USD,0.98999999999999999,EWMA_GAUSS,ALL_EQUIVARIANT,-0.0029694463941813002,0.018302564245415116,0.021080244900499909,-3.9911859389049429,0,0.0027776806550847931,262144,2014-12-31,1.2956215961201778e-17,1.2956215961201778e-17,-0.033566581906377874,0.039207981038155308
2015-01-16,2015-01-19,2015-01-20,funded_assets,EUR,0.94999999999999996,EWMA_SELFNORMALIZED,ALL_EQUIVARIANT,-0.00027569380540180003,0.017989387385705602,0.022697251229574101,-3.9929314527632731,0,0.004707863843868499,262144,2014-12-31,1.8539857149502126e-17,1.8539857149502126e-17,-0.05453290899930413,0.047041330208206555
2015-01-16,2015-01-19,2015-01-20,funded_assets,EUR,0.98999999999999999,EWMA_SELFNORMALIZED,ALL_EQUIVARIANT,-0.00027569380540180003,0.025791545022277318,0.029490734533996178,-3.6491148004791203,0,0.0036991895117188603,262144,2014-12-31,1.8539857149502126e-17,1.8539857149502126e-17,-0.05453290899930413,0.047041330208206555
2015-01-16,2015-01-19,2015-01-20,funded_assets,USD,0.94999999999999996,EWMA_SELFNORMALIZED,ALL_EQUIVARIANT,-0.0002828147703249,0.018059636773491698,0.022822834944481118,-3.9886968890033443,0,0.0047631981709894203,262144,2014-12-31,1.8539857149502126e-17,1.8539857149502126e-17,-0.053640287565214793,0.047058610521394588
2015-01-16,2015-01-19,2015-01-20,funded_assets,USD,0.98999999999999999,EWMA_SELFNORMALIZED,ALL_EQUIVARIANT,-0.0002828147703249,0.025908280552308781,0.029698514857413344,-3.6442819376924813,0,0.0037902343051045631,262144,2014-12-31,1.8539857149502126e-17,1.8539857149502126e-17,-0.053640287565214793,0.047058610521394588
2015-01-16,2015-01-19,2015-01-20,net_cashflows,EUR,0.94999999999999996,EWMA_SELFNORMALIZED,ALL_EQUIVARIANT,-0.0029752741326333002,0.012742570840117552,0.016378734991772649,-4.3337766210164723,0,0.0036361641516550972,262144,2014-12-31,1.8539857149502126e-17,1.8539857149502126e-17,-0.030655303319356106,0.036375685247275864
2015-01-16,2015-01-19,2015-01-20,net_cashflows,EUR,0.98999999999999999,EWMA_SELFNORMALIZED,ALL_EQUIVARIANT,-0.0029752741326333002,0.01875769006425989,0.021757700097451808,-3.9656702381535069,0,0.0030000100331919188,262144,2014-12-31,1.8539857149502126e-17,1.8539857149502126e-17,-0.030655303319356106,0.036375685247275864
2015-01-16,2015-01-19,2015-01-20,net_cashflows,USD,0.94999999999999996,EWMA_SELFNORMALIZED,ALL_EQUIVARIANT,-0.0029694463941813002,0.012732374506564791,0.016358974159478873,-4.3346673501820145,0,0.0036265996529140816,262144,2014-12-31,1.8539857149502126e-17,1.8539857149502126e-17,-0.030974661378645751,0.036262006785021283
2015-01-16,2015-01-19,2015-01-20,net_cashflows,USD,0.98999999999999999,EWMA_SELFNORMALIZED,ALL_EQUIVARIANT,-0.0029694463941813002,0.018725740313261355,0.021721641033793836,-3.9673686261549079,0,0.0029959007205324802,262144,2014-12-31,1.8539857149502126e-17,1.8539857149502126e-17,-0.030974661378645751,0.036262006785021283
2015-01-16,2015-01-19,2015-01-20,funded_assets,EUR,0.94999999999999996,IN_FHS1250,EUR,-0.00027569380540180003,0.024491522035844621,0.030880205328780466,-3.6845259412990203,0,0.0063886832929358449,1249,2014-12-31,1.6940658945086007e-17,1.6940658945086007e-17,-0.052084159228346694,0.046858857309782953
2015-01-16,2015-01-19,2015-01-20,funded_assets,EUR,0.98999999999999999,IN_FHS1250,EUR,-0.00027569380540180003,0.034799726061007535,0.038936831908334212,-3.3520663731085207,0,0.0041371058473266761,1249,2014-12-31,1.6940658945086007e-17,1.6940658945086007e-17,-0.052084159228346694,0.046858857309782953
2015-01-16,2015-01-19,2015-01-20,funded_assets,USD,0.94999999999999996,IN_FHS1250,EUR,-0.0002828147703249,0.024677439026345512,0.031027990066744005,-3.6775372624999711,0,0.006350551040398493,1249,2014-12-31,1.6940658945086007e-17,1.6940658945086007e-17,-0.052158488222787944,0.047609921061111581
2015-01-16,2015-01-19,2015-01-20,funded_assets,USD,0.98999999999999999,IN_FHS1250,EUR,-0.0002828147703249,0.035006180242511231,0.039320457209204983,-3.3457312816362763,0,0.0043142769666937517,1249,2014-12-31,1.6940658945086007e-17,1.6940658945086007e-17,-0.052158488222787944,0.047609921061111581
2015-01-16,2015-01-19,2015-01-20,net_cashflows,EUR,0.94999999999999996,IN_FHS1250,EUR,-0.0029752741326333002,0.019310420208914162,0.023497598301878246,-3.9290530657820715,0,0.0041871780929640841,1249,2014-12-31,1.6940658945086007e-17,1.6940658945086007e-17,-0.036631039422198933,0.040034022475182424
2015-01-16,2015-01-19,2015-01-20,net_cashflows,EUR,0.98999999999999999,IN_FHS1250,EUR,-0.0029752741326333002,0.025575898920572018,0.030089658503455859,-3.653584066950184,0,0.004513759582883841,1249,2014-12-31,1.6940658945086007e-17,1.6940658945086007e-17,-0.036631039422198933,0.040034022475182424
2015-01-16,2015-01-19,2015-01-20,net_cashflows,USD,0.94999999999999996,IN_FHS1250,EUR,-0.0029694463941813002,0.01932823953391085,0.023466935263463502,-3.9285257148752288,0,0.0041386957295526522,1249,2014-12-31,1.6940658945086007e-17,1.6940658945086007e-17,-0.036415365349955521,0.040234420597944978
2015-01-16,2015-01-19,2015-01-20,net_cashflows,USD,0.98999999999999999,IN_FHS1250,EUR,-0.0029694463941813002,0.025674292862530083,0.030066274669545631,-3.6504278656925182,0,0.0043919818070155478,1249,2014-12-31,1.6940658945086007e-17,1.6940658945086007e-17,-0.036415365349955521,0.040234420597944978
2015-01-16,2015-01-19,2015-01-20,funded_assets,EUR,0.94999999999999996,IN_TCOP1250,EUR,-0.00027569380540180003,0.024264910553810359,0.030794299206657022,-3.6924580801271492,0,0.0065293886528466627,262144,2014-12-31,2.3852447794681098e-17,2.3852447794681098e-17,-0.071965027307379081,0.069022448556747329
2015-01-16,2015-01-19,2015-01-20,funded_assets,EUR,0.98999999999999999,IN_TCOP1250,EUR,-0.00027569380540180003,0.035099969880471288,0.039734670254219888,-3.3421723852154299,0,0.0046347003737486001,262144,2014-12-31,2.3852447794681098e-17,2.3852447794681098e-17,-0.071965027307379081,0.069022448556747329
2015-01-16,2015-01-19,2015-01-20,funded_assets,USD,0.94999999999999996,IN_TCOP1250,EUR,-0.0002828147703249,0.024328310313066068,0.030916655580840328,-3.6895604176234347,0,0.00658834526777426,262144,2014-12-31,2.3852447794681098e-17,2.3852447794681098e-17,-0.070024469044543708,0.068968026341409347
2015-01-16,2015-01-19,2015-01-20,funded_assets,USD,0.98999999999999999,IN_TCOP1250,EUR,-0.0002828147703249,0.035274455464498845,0.039961324420036019,-3.3371283077512937,0,0.004686868955537174,262144,2014-12-31,2.3852447794681098e-17,2.3852447794681098e-17,-0.070024469044543708,0.068968026341409347
2015-01-16,2015-01-19,2015-01-20,net_cashflows,EUR,0.94999999999999996,IN_TCOP1250,EUR,-0.0029752741326333002,0.018942767554856223,0.02379030519210263,-3.9422381791665209,0,0.0048475376372464074,262144,2014-12-31,2.3852447794681098e-17,2.3852447794681098e-17,-0.050027584797384242,0.059184262612315991
2015-01-16,2015-01-19,2015-01-20,net_cashflows,EUR,0.98999999999999999,IN_TCOP1250,EUR,-0.0029752741326333002,0.026802213008106802,0.031032615563148781,-3.6090376856486697,0,0.0042304025550419788,262144,2014-12-31,2.3852447794681098e-17,2.3852447794681098e-17,-0.050027584797384242,0.059184262612315991
2015-01-16,2015-01-19,2015-01-20,net_cashflows,USD,0.94999999999999996,IN_TCOP1250,EUR,-0.0029694463941813002,0.018936191494491692,0.023764485312574846,-3.9427356917227154,0,0.0048282938180831542,262144,2014-12-31,2.3852447794681098e-17,2.3852447794681098e-17,-0.050313827973617706,0.058661604942343626
2015-01-16,2015-01-19,2015-01-20,net_cashflows,USD,0.98999999999999999,IN_TCOP1250,EUR,-0.0029694463941813002,0.02676371724366677,0.030995561632106407,-3.6104419147348907,0,0.0042318443884396366,262144,2014-12-31,2.3852447794681098e-17,2.3852447794681098e-17,-0.050313827973617706,0.058661604942343626
2015-01-16,2015-01-19,2015-01-20,funded_assets,EUR,0.94999999999999996,IN_FHS1250,USD,-0.00027569380540180003,0.0080714066769007053,0.012243026847017297,-4.7435331217060019,0,0.0041716201701165918,1249,2014-12-31,7.8062556418956319e-18,7.8062556418956319e-18,-0.048416387193899207,0.029730199386400452
2015-01-16,2015-01-19,2015-01-20,funded_assets,EUR,0.98999999999999999,IN_FHS1250,USD,-0.00027569380540180003,0.015008692254821016,0.019049602376999097,-4.1728347440962361,0,0.0040409101221780819,1249,2014-12-31,7.8062556418956319e-18,7.8062556418956319e-18,-0.048416387193899207,0.029730199386400452
2015-01-16,2015-01-19,2015-01-20,funded_assets,USD,0.94999999999999996,IN_FHS1250,USD,-0.0002828147703249,0.0080401373445939082,0.012236214030211452,-4.7462781535630585,0,0.0041960766856175436,1249,2014-12-31,7.8062556418956319e-18,7.8062556418956319e-18,-0.048079723992376588,0.029485956574259013
2015-01-16,2015-01-19,2015-01-20,funded_assets,USD,0.98999999999999999,IN_FHS1250,USD,-0.0002828147703249,0.015302136877399118,0.019085309219399858,-4.1570607054546969,0,0.0037831723420007398,1249,2014-12-31,7.8062556418956319e-18,7.8062556418956319e-18,-0.048079723992376588,0.029485956574259013
2015-01-16,2015-01-19,2015-01-20,net_cashflows,EUR,0.94999999999999996,IN_FHS1250,USD,-0.0029752741326333002,0.01045127285129438,0.014460203797243634,-4.5135938651297192,0,0.0040089309459492538,1249,2014-12-31,7.8062556418956319e-18,7.8062556418956319e-18,-0.025455596099726897,0.032636302873400712
2015-01-16,2015-01-19,2015-01-20,net_cashflows,EUR,0.98999999999999999,IN_FHS1250,USD,-0.0029752741326333002,0.016605822851992393,0.02006004363501494,-4.0812194024485358,0,0.003454220783022547,1249,2014-12-31,7.8062556418956319e-18,7.8062556418956319e-18,-0.025455596099726897,0.032636302873400712
2015-01-16,2015-01-19,2015-01-20,net_cashflows,USD,0.94999999999999996,IN_FHS1250,USD,-0.0029694463941813002,0.010502334619850565,0.014567450638703829,-4.5080203783729091,0,0.0040651160188532633,1249,2014-12-31,7.8062556418956319e-18,7.8062556418956319e-18,-0.025246570497532421,0.032402303940505001
2015-01-16,2015-01-19,2015-01-20,net_cashflows,USD,0.98999999999999999,IN_FHS1250,USD,-0.0029694463941813002,0.016847922112334039,0.020225782935029055,-4.0678047726095024,0,0.0033778608226950162,1249,2014-12-31,7.8062556418956319e-18,7.8062556418956319e-18,-0.025246570497532421,0.032402303940505001
2015-01-16,2015-01-19,2015-01-20,funded_assets,EUR,0.94999999999999996,IN_TCOP1250,USD,-0.00027569380540180003,0.0091794779296177631,0.012155805698158544,-4.6547966393998861,0,0.0029763277685407805,262144,2014-12-31,1.5720931501039814e-17,1.5720931501039814e-17,-0.046076977836219252,0.038896281549753109
2015-01-16,2015-01-19,2015-01-20,funded_assets,EUR,0.98999999999999999,IN_TCOP1250,USD,-0.00027569380540180003,0.013941833192662845,0.016850088282909157,-4.2559952198280291,0,0.0029082550902463124,262144,2014-12-31,1.5720931501039814e-17,1.5720931501039814e-17,-0.046076977836219252,0.038896281549753109
2015-01-16,2015-01-19,2015-01-20,funded_assets,USD,0.94999999999999996,IN_TCOP1250,USD,-0.0002828147703249,0.0091584051684295564,0.012138041517681403,-4.6568900004493035,0,0.002979636349251847,262144,2014-12-31,1.5720931501039814e-17,1.5720931501039814e-17,-0.046283322073758279,0.039339468187618618
2015-01-16,2015-01-19,2015-01-20,funded_assets,USD,0.98999999999999999,IN_TCOP1250,USD,-0.0002828147703249,0.013923462092250599,0.016831624269484806,-4.2572754166741396,0,0.0029081621772342071,262144,2014-12-31,1.5720931501039814e-17,1.5720931501039814e-17,-0.046283322073758279,0.039339468187618618
2015-01-16,2015-01-19,2015-01-20,net_cashflows,EUR,0.94999999999999996,IN_TCOP1250,USD,-0.0029752741326333002,0.010604280010413147,0.01410819544140797,-4.5093596977861692,0,0.003503915430994823,262144,2014-12-31,1.5720931501039814e-17,1.5720931501039814e-17,-0.032098665620552136,0.041273936532542341
2015-01-16,2015-01-19,2015-01-20,net_cashflows,EUR,0.98999999999999999,IN_TCOP1250,USD,-0.0029752741326333002,0.016084485703934594,0.019855542053834156,-4.1091967376975411,0,0.0037710563498995625,262144,2014-12-31,1.5720931501039814e-17,1.5720931501039814e-17,-0.032098665620552136,0.041273936532542341
2015-01-16,2015-01-19,2015-01-20,net_cashflows,USD,0.94999999999999996,IN_TCOP1250,USD,-0.0029694463941813002,0.010658582081227682,0.014222138549453225,-4.5035195139584907,0,0.0035635564682255424,262144,2014-12-31,1.5720931501039814e-17,1.5720931501039814e-17,-0.032037723948800188,0.042281445655607368
2015-01-16,2015-01-19,2015-01-20,net_cashflows,USD,0.98999999999999999,IN_TCOP1250,USD,-0.0029694463941813002,0.016240571202615375,0.020068415708012797,-4.0993478031379702,0,0.0038278445053974222,262144,2014-12-31,1.5720931501039814e-17,1.5720931501039814e-17,-0.032037723948800188,0.042281445655607368
2015-01-16,2015-01-19,2015-01-20,funded_assets,EUR,0.94999999999999996,IN_FHS1250,GBP,-0.00027569380540180003,0.012552679940157796,0.016717000541868747,-4.3404360059372999,0,0.004164320601710951,1249,2014-12-31,7.3590222457453613e-18,7.3590222457453613e-18,-0.047618653246145309,0.029490899936678389
2015-01-16,2015-01-19,2015-01-20,funded_assets,EUR,0.98999999999999999,IN_FHS1250,GBP,-0.00027569380540180003,0.02005567303615105,0.023701988004374352,-3.8960364001463339,0,0.0036463149682233013,1249,2014-12-31,7.3590222457453613e-18,7.3590222457453613e-18,-0.047618653246145309,0.029490899936678389
2015-01-16,2015-01-19,2015-01-20,funded_assets,USD,0.94999999999999996,IN_FHS1250,GBP,-0.0002828147703249,0.012462027533012404,0.016740725735409821,-4.3454970451498962,0,0.0042786982023974175,1249,2014-12-31,7.3590222457453613e-18,7.3590222457453613e-18,-0.047308883991307955,0.029199082907273306
2015-01-16,2015-01-19,2015-01-20,funded_assets,USD,0.98999999999999999,IN_FHS1250,GBP,-0.0002828147703249,0.020138768447517191,0.023765574553647102,-3.8921247427097105,0,0.0036268061061299102,1249,2014-12-31,7.3590222457453613e-18,7.3590222457453613e-18,-0.047308883991307955,0.029199082907273306
2015-01-16,2015-01-19,2015-01-20,net_cashflows,EUR,0.94999999999999996,IN_FHS1250,GBP,-0.0029752741326333002,0.012407471226685639,0.016420539695369163,-4.3536155211392078,0,0.0040130684686835241,1249,2014-12-31,7.3590222457453613e-18,7.3590222457453613e-18,-0.024674148315026369,0.032071829627166967
2015-01-16,2015-01-19,2015-01-20,net_cashflows,EUR,0.98999999999999999,IN_FHS1250,GBP,-0.0029752741326333002,0.018571977214035154,0.02269647073528876,-3.9672698440304588,0,0.0041244935212536062,1249,2014-12-31,7.3590222457453613e-18,7.3590222457453613e-18,-0.024674148315026369,0.032071829627166967
2015-01-16,2015-01-19,2015-01-20,net_cashflows,USD,0.94999999999999996,IN_FHS1250,GBP,-0.0029694463941813002,0.012484289651327883,0.016450579907225094,-4.3484979197833526,0,0.0039662902558972105,1249,2014-12-31,7.3590222457453613e-18,7.3590222457453613e-18,-0.024419499472518289,0.031859211407831253
2015-01-16,2015-01-19,2015-01-20,net_cashflows,USD,0.98999999999999999,IN_FHS1250,GBP,-0.0029694463941813002,0.018804112223052293,0.022788173435390698,-3.9563437994291721,0,0.0039840612123384044,1249,2014-12-31,7.3590222457453613e-18,7.3590222457453613e-18,-0.024419499472518289,0.031859211407831253
2015-01-16,2015-01-19,2015-01-20,funded_assets,EUR,0.94999999999999996,IN_TCOP1250,GBP,-0.00027569380540180003,0.012744982472571775,0.016602808873976506,-4.3305432520215543,0,0.0038578264014047306,262144,2014-12-31,1.5643004469892419e-17,1.5643004469892419e-17,-0.071331938806388634,0.055511232814128036
2015-01-16,2015-01-19,2015-01-20,funded_assets,EUR,0.98999999999999999,IN_TCOP1250,GBP,-0.00027569380540180003,0.018958261696487122,0.02257866266578101,-3.9510960692186083,0,0.0036204009692938875,262144,2014-12-31,1.5643004469892419e-17,1.5643004469892419e-17,-0.071331938806388634,0.055511232814128036
2015-01-16,2015-01-19,2015-01-20,funded_assets,USD,0.94999999999999996,IN_TCOP1250,GBP,-0.0002828147703249,0.012752465255580023,0.016648062542718473,-4.3294584689469495,0,0.0038955972871384491,262144,2014-12-31,1.5643004469892419e-17,1.5643004469892419e-17,-0.0716920705444999,0.057567133815268387
2015-01-16,2015-01-19,2015-01-20,funded_assets,USD,0.98999999999999999,IN_TCOP1250,GBP,-0.0002828147703249,0.019017484180120448,0.022697789291091647,-3.9476315166185749,0,0.0036803051109711993,262144,2014-12-31,1.5643004469892419e-17,1.5643004469892419e-17,-0.0716920705444999,0.057567133815268387
2015-01-16,2015-01-19,2015-01-20,net_cashflows,EUR,0.94999999999999996,IN_TCOP1250,GBP,-0.0029752741326333002,0.012425633771065769,0.016276398712568672,-4.3546249602264817,0,0.003850764941502903,262144,2014-12-31,1.5643004469892419e-17,1.5643004469892419e-17,-0.0370915979371476,0.049709637247787458
2015-01-16,2015-01-19,2015-01-20,net_cashflows,EUR,0.98999999999999999,IN_TCOP1250,GBP,-0.0029752741326333002,0.018444049881735515,0.022561947200601319,-3.9740057002543665,0,0.0041178973188658041,262144,2014-12-31,1.5643004469892419e-17,1.5643004469892419e-17,-0.0370915979371476,0.049709637247787458
2015-01-16,2015-01-19,2015-01-20,net_cashflows,USD,0.94999999999999996,IN_TCOP1250,GBP,-0.0029694463941813002,0.012461331316903305,0.016337791639103177,-4.3515438902306354,0,0.0038764603221998727,262144,2014-12-31,1.5643004469892419e-17,1.5643004469892419e-17,-0.037102459670835086,0.049841081006270854
2015-01-16,2015-01-19,2015-01-20,net_cashflows,USD,0.98999999999999999,IN_TCOP1250,GBP,-0.0029694463941813002,0.018515809475171102,0.022688516039887335,-3.9698090979730933,0,0.0041727065647162338,262144,2014-12-31,1.5643004469892419e-17,1.5643004469892419e-17,-0.037102459670835086,0.049841081006270854
2015-01-16,2015-01-19,2015-01-20,funded_assets,EUR,0.94999999999999996,IN_FHS1250,JPY,-0.00027569380540180003,0.0091846592811157812,0.013329474754695271,-4.6287286965441847,0,0.0041448154735794895,1249,2014-12-31,6.0173220572945496e-18,6.0173220572945496e-18,-0.053301734332650869,0.03091532365564989
2015-01-16,2015-01-19,2015-01-20,funded_assets,EUR,0.98999999999999999,IN_FHS1250,JPY,-0.00027569380540180003,0.014666796844762686,0.019878008743056359,-4.1803009008020844,0,0.0052112118982936724,1249,2014-12-31,6.0173220572945496e-18,6.0173220572945496e-18,-0.053301734332650869,0.03091532365564989
2015-01-16,2015-01-19,2015-01-20,funded_assets,USD,0.94999999999999996,IN_FHS1250,JPY,-0.0002828147703249,0.009180952588183109,0.01339918359857656,-4.6273740384501041,0,0.0042182310103934511,1249,2014-12-31,6.0173220572945496e-18,6.0173220572945496e-18,-0.052944451258664045,0.030561767300666405
2015-01-16,2015-01-19,2015-01-20,funded_assets,USD,0.98999999999999999,IN_FHS1250,JPY,-0.0002828147703249,0.014762090029051709,0.020027328374600844,-4.1735602015270521,0,0.0052652383455491347,1249,2014-12-31,6.0173220572945496e-18,6.0173220572945496e-18,-0.052944451258664045,0.030561767300666405
2015-01-16,2015-01-19,2015-01-20,net_cashflows,EUR,0.94999999999999996,IN_FHS1250,JPY,-0.0029752741326333002,0.0094490559120751459,0.012921581813026337,-4.6175948093245678,0,0.003472525900951191,1249,2014-12-31,6.0173220572945496e-18,6.0173220572945496e-18,-0.026602080595075919,0.035654472383776753
2015-01-16,2015-01-19,2015-01-20,net_cashflows,EUR,0.98999999999999999,IN_FHS1250,JPY,-0.0029752741326333002,0.014309412117827925,0.018605391883698506,-4.2152035734836417,0,0.0042959797658705806,1249,2014-12-31,6.0173220572945496e-18,6.0173220572945496e-18,-0.026602080595075919,0.035654472383776753
2015-01-16,2015-01-19,2015-01-20,net_cashflows,USD,0.94999999999999996,IN_FHS1250,JPY,-0.0029694463941813002,0.0094177223707249853,0.012992875413225314,-4.6185166908992041,0,0.003575153042500329,1249,2014-12-31,6.0173220572945496e-18,6.0173220572945496e-18,-0.026280836763269907,0.035424337839795927
2015-01-16,2015-01-19,2015-01-20,net_cashflows,USD,0.98999999999999999,IN_FHS1250,JPY,-0.0029694463941813002,0.014578942949892721,0.018768504365112137,-4.1987980905984301,0,0.0041895614152194158,1249,2014-12-31,6.0173220572945496e-18,6.0173220572945496e-18,-0.026280836763269907,0.035424337839795927
2015-01-16,2015-01-19,2015-01-20,funded_assets,EUR,0.94999999999999996,IN_TCOP1250,JPY,-0.00027569380540180003,0.010151314276997975,0.013327288867867671,-4.5562476780353265,0,0.0031759745908696967,262144,2014-12-31,1.5558301175166989e-17,1.5558301175166989e-17,-0.06740346065527128,0.054255309382364697
2015-01-16,2015-01-19,2015-01-20,funded_assets,EUR,0.98999999999999999,IN_TCOP1250,JPY,-0.00027569380540180003,0.015138747415468556,0.018547786154193256,-4.1712024503714087,0,0.0034090387387246991,262144,2014-12-31,1.5558301175166989e-17,1.5558301175166989e-17,-0.06740346065527128,0.054255309382364697
2015-01-16,2015-01-19,2015-01-20,funded_assets,USD,0.94999999999999996,IN_TCOP1250,JPY,-0.0002828147703249,0.010167485617900884,0.013382172295433701,-4.5540534713793663,0,0.0032146866775328176,262144,2014-12-31,1.5558301175166989e-17,1.5558301175166989e-17,-0.064709646153829473,0.056699776292798335
2015-01-16,2015-01-19,2015-01-20,funded_assets,USD,0.98999999999999999,IN_TCOP1250,JPY,-0.0002828147703249,0.015203940594693665,0.018681194713391424,-4.1663744941267211,0,0.003477254118697759,262144,2014-12-31,1.5558301175166989e-17,1.5558301175166989e-17,-0.064709646153829473,0.056699776292798335
2015-01-16,2015-01-19,2015-01-20,net_cashflows,EUR,0.94999999999999996,IN_TCOP1250,JPY,-0.0029752741326333002,0.0098319958744061079,0.013194138139511641,-4.5828035366748043,0,0.0033621422651055333,262144,2014-12-31,1.5558301175166989e-17,1.5558301175166989e-17,-0.039491144476712578,0.049057088399949815
2015-01-16,2015-01-19,2015-01-20,net_cashflows,EUR,0.98999999999999999,IN_TCOP1250,JPY,-0.0029752741326333002,0.015153526615702143,0.018775091171306997,-4.168116207739665,0,0.0036215645556048545,262144,2014-12-31,1.5558301175166989e-17,1.5558301175166989e-17,-0.039491144476712578,0.049057088399949815
2015-01-16,2015-01-19,2015-01-20,net_cashflows,USD,0.94999999999999996,IN_TCOP1250,JPY,-0.0029694463941813002,0.0098874307910744256,0.013307995083206445,-4.5764210654527275,0,0.0034205642921320192,262144,2014-12-31,1.5558301175166989e-17,1.5558301175166989e-17,-0.03818765120229918,0.049698755795995427
2015-01-16,2015-01-19,2015-01-20,net_cashflows,USD,0.98999999999999999,IN_TCOP1250,JPY,-0.0029694463941813002,0.015302962520431784,0.019018224327078295,-4.1577103020431814,0,0.003715261806646511,262144,2014-12-31,1.5558301175166989e-17,1.5558301175166989e-17,-0.03818765120229918,0.049698755795995427
2015-01-16,2015-01-19,2015-01-20,funded_assets,EUR,0.94999999999999996,IN_FHS1250,CHF,-0.00027569380540180003,0.08345062735771816,0.10421077870406505,-2.4605528036050672,0,0.020760151346346886,1249,2014-12-31,2.7755575615628914e-17,2.7755575615628914e-17,-0.18551494820857059,0.18474316073225988
2015-01-16,2015-01-19,2015-01-20,funded_assets,EUR,0.98999999999999999,IN_FHS1250,CHF,-0.00027569380540180003,0.11759835404691771,0.14128585393940088,-2.1246266654491821,0,0.023687499892483171,1249,2014-12-31,2.7755575615628914e-17,2.7755575615628914e-17,-0.18551494820857059,0.18474316073225988
2015-01-16,2015-01-19,2015-01-20,funded_assets,USD,0.94999999999999996,IN_FHS1250,CHF,-0.0002828147703249,0.088780343730658906,0.12252416407566985,-2.3748524427492188,0,0.033743820345010944,1249,2014-12-31,2.7755575615628914e-17,2.7755575615628914e-17,-0.18059117399020919,0.2791250089458725
2015-01-16,2015-01-19,2015-01-20,funded_assets,USD,0.98999999999999999,IN_FHS1250,CHF,-0.0002828147703249,0.1400059121542731,0.19543885913035636,-1.9161408790360939,0,0.055432946976083253,1249,2014-12-31,2.7755575615628914e-17,2.7755575615628914e-17,-0.18059117399020919,0.2791250089458725
2015-01-16,2015-01-19,2015-01-20,net_cashflows,EUR,0.94999999999999996,IN_FHS1250,CHF,-0.0029752741326333002,0.019509887161857906,0.027698102278780772,-3.8820150648680829,0,0.0081882151169228659,1249,2014-12-31,2.7755575615628914e-17,2.7755575615628914e-17,-0.065431878180115283,0.067752045569369104
2015-01-16,2015-01-19,2015-01-20,net_cashflows,EUR,0.98999999999999999,IN_FHS1250,CHF,-0.0029752741326333002,0.031327491191318536,0.040991439867604798,-3.430147304933556,0,0.0096639486762862617,1249,2014-12-31,2.7755575615628914e-17,2.7755575615628914e-17,-0.065431878180115283,0.067752045569369104
2015-01-16,2015-01-19,2015-01-20,net_cashflows,USD,0.94999999999999996,IN_FHS1250,CHF,-0.0029694463941813002,0.019760712647423205,0.027493978011691265,-3.875059522460897,0,0.0077332653642680597,1249,2014-12-31,2.7755575615628914e-17,2.7755575615628914e-17,-0.06460021971228104,0.068006663660307179
2015-01-16,2015-01-19,2015-01-20,net_cashflows,USD,0.98999999999999999,IN_FHS1250,CHF,-0.0029694463941813002,0.030670646505624545,0.040041406283766096,-3.4518679431930916,0,0.0093707597781415505,1249,2014-12-31,2.7755575615628914e-17,2.7755575615628914e-17,-0.06460021971228104,0.068006663660307179
2015-01-16,2015-01-19,2015-01-20,funded_assets,EUR,0.94999999999999996,IN_TCOP1250,CHF,-0.00027569380540180003,0.083312183400793133,0.10583154061711131,-2.4586916209148919,0,0.022519357216318175,262144,2014-12-31,7.6327832942979512e-17,7.6327832942979512e-17,-0.30404649819572838,0.24726326225103656
2015-01-16,2015-01-19,2015-01-20,funded_assets,EUR,0.98999999999999999,IN_TCOP1250,CHF,-0.00027569380540180003,0.1201553208010786,0.13801617880300948,-2.109795698366439,0,0.017860858001930879,262144,2014-12-31,7.6327832942979512e-17,7.6327832942979512e-17,-0.30404649819572838,0.24726326225103656
2015-01-16,2015-01-19,2015-01-20,funded_assets,USD,0.94999999999999996,IN_TCOP1250,CHF,-0.0002828147703249,0.09084948370626382,0.1189166617011457,-2.3653562843757232,0,0.028067177994881884,262144,2014-12-31,7.6327832942979512e-17,7.6327832942979512e-17,-0.25048685176196622,0.35315899212396418
2015-01-16,2015-01-19,2015-01-20,funded_assets,USD,0.98999999999999999,IN_TCOP1250,CHF,-0.0002828147703249,0.13624261369267113,0.16091776456167672,-1.9802019531860213,0,0.024675150869005597,262144,2014-12-31,7.6327832942979512e-17,7.6327832942979512e-17,-0.25048685176196622,0.35315899212396418
2015-01-16,2015-01-19,2015-01-20,net_cashflows,EUR,0.94999999999999996,IN_TCOP1250,CHF,-0.0029752741326333002,0.020031883615847054,0.027040167591616641,-3.8696123232287651,0,0.0070082839757695872,262144,2014-12-31,7.6327832942979512e-17,7.6327832942979512e-17,-0.088068502790301109,0.094357290479635231
2015-01-16,2015-01-19,2015-01-20,net_cashflows,EUR,0.98999999999999999,IN_TCOP1250,CHF,-0.0029752741326333002,0.031160193982164595,0.038647769892842229,-3.447005092322688,0,0.0074875759106776338,262144,2014-12-31,7.6327832942979512e-17,7.6327832942979512e-17,-0.088068502790301109,0.094357290479635231
2015-01-16,2015-01-19,2015-01-20,net_cashflows,USD,0.94999999999999996,IN_TCOP1250,CHF,-0.0029694463941813002,0.01983655154135117,0.026678250598665826,-3.8803589422684004,0,0.0068416990573146562,262144,2014-12-31,7.6327832942979512e-17,7.6327832942979512e-17,-0.079923728188276033,0.11158612732077673
2015-01-16,2015-01-19,2015-01-20,net_cashflows,USD,0.98999999999999999,IN_TCOP1250,CHF,-0.0029694463941813002,0.030682332753060242,0.038084757419930074,-3.4623082659622222,0,0.0074024246668698314,262144,2014-12-31,7.6327832942979512e-17,7.6327832942979512e-17,-0.079923728188276033,0.11158612732077673
2015-01-16,2015-01-19,2015-01-20,funded_assets,EUR,0.94999999999999996,IN_FHS_REF_POOL,ALL_FIVE,-0.00027569380540180003,0.032969463100488094,0.06187292356508179,-3.2498149275875665,0,0.028903460464593696,6245,2014-12-31,0,0,-0.18551494820857059,0.18474316073225988
2015-01-16,2015-01-19,2015-01-20,funded_assets,EUR,0.98999999999999999,IN_FHS_REF_POOL,ALL_FIVE,-0.00027569380540180003,0.08345062735771816,0.10421077870406505,-2.4605528036050672,0,0.020760151346346886,6245,2014-12-31,0,0,-0.18551494820857059,0.18474316073225988
2015-01-16,2015-01-19,2015-01-20,funded_assets,USD,0.94999999999999996,IN_FHS_REF_POOL,ALL_FIVE,-0.0002828147703249,0.033864565797984449,0.067663362151102455,-3.1927244201524694,0,0.033798796353118006,6245,2014-12-31,0,0,-0.18059117399020919,0.2791250089458725
2015-01-16,2015-01-19,2015-01-20,funded_assets,USD,0.98999999999999999,IN_FHS_REF_POOL,ALL_FIVE,-0.0002828147703249,0.088780343730658906,0.12252416407566985,-2.3748524427492188,0,0.033743820345010944,6245,2014-12-31,0,0,-0.18059117399020919,0.2791250089458725
2015-01-16,2015-01-19,2015-01-20,net_cashflows,EUR,0.94999999999999996,IN_FHS_REF_POOL,ALL_FIVE,-0.0029752741326333002,0.0145175872051863,0.020682619591189999,-4.1765394923207211,0,0.0061650323860036986,6245,2014-12-31,0,0,-0.065431878180115283,0.067752045569369104
2015-01-16,2015-01-19,2015-01-20,net_cashflows,EUR,0.98999999999999999,IN_FHS_REF_POOL,ALL_FIVE,-0.0029752741326333002,0.023988658676513341,0.030552904379658779,-3.7031440290411788,0,0.0065642457031454375,6245,2014-12-31,0,0,-0.065431878180115283,0.067752045569369104
2015-01-16,2015-01-19,2015-01-20,net_cashflows,USD,0.94999999999999996,IN_FHS_REF_POOL,ALL_FIVE,-0.0029694463941813002,0.014578082581437566,0.020639589045423203,-4.1742277353274204,0,0.0060615064639856376,6245,2014-12-31,0,0,-0.06460021971228104,0.068006663660307179
2015-01-16,2015-01-19,2015-01-20,net_cashflows,USD,0.98999999999999999,IN_FHS_REF_POOL,ALL_FIVE,-0.0029694463941813002,0.023879715098115123,0.030247549203984418,-3.7088640846697025,0,0.0063678341058692953,6245,2014-12-31,0,0,-0.06460021971228104,0.068006663660307179
2015-01-16,2015-01-19,2015-01-20,funded_assets,EUR,0.94999999999999996,IN_TCOP_REF_POOL,ALL_FIVE,-0.00027569380540180003,0.032780634139411569,0.063022178913160476,-3.2441241571658259,0,0.030241544773748907,1310720,2014-12-31,0,0,-0.30404649819572838,0.24726326225103656
2015-01-16,2015-01-19,2015-01-20,funded_assets,EUR,0.98999999999999999,IN_TCOP_REF_POOL,ALL_FIVE,-0.00027569380540180003,0.083312183400793133,0.10583154061711131,-2.4586916209148919,0,0.022519357216318175,1310720,2014-12-31,0,0,-0.30404649819572838,0.24726326225103656
2015-01-16,2015-01-19,2015-01-20,funded_assets,USD,0.94999999999999996,IN_TCOP_REF_POOL,ALL_FIVE,-0.0002828147703249,0.033562072754654171,0.067992695953370527,-3.1947420784021796,0,0.034430623198716356,1310720,2014-12-31,0,0,-0.25048685176196622,0.35315899212396418
2015-01-16,2015-01-19,2015-01-20,funded_assets,USD,0.98999999999999999,IN_TCOP_REF_POOL,ALL_FIVE,-0.0002828147703249,0.09084948370626382,0.1189166617011457,-2.3653562843757232,0,0.028067177994881884,1310720,2014-12-31,0,0,-0.25048685176196622,0.35315899212396418
2015-01-16,2015-01-19,2015-01-20,net_cashflows,EUR,0.94999999999999996,IN_TCOP_REF_POOL,ALL_FIVE,-0.0029752741326333002,0.01493528855686381,0.02071279021250573,-4.1559378959895534,0,0.0057775016556419201,1310720,2014-12-31,0,0,-0.088068502790301109,0.094357290479635231
2015-01-16,2015-01-19,2015-01-20,net_cashflows,EUR,0.98999999999999999,IN_TCOP_REF_POOL,ALL_FIVE,-0.0029752741326333002,0.024071376013281721,0.030115381897572239,-3.7034141884922693,0,0.0060440058842905174,1310720,2014-12-31,0,0,-0.088068502790301109,0.094357290479635231
2015-01-16,2015-01-19,2015-01-20,net_cashflows,USD,0.94999999999999996,IN_TCOP_REF_POOL,ALL_FIVE,-0.0029694463941813002,0.014928187487848309,0.020630837717337744,-4.1573822418866992,0,0.0057026502294894345,1310720,2014-12-31,0,0,-0.079923728188276033,0.11158612732077673
2015-01-16,2015-01-19,2015-01-20,net_cashflows,USD,0.98999999999999999,IN_TCOP_REF_POOL,ALL_FIVE,-0.0029694463941813002,0.023960234457412945,0.029888707569484956,-3.7086261479923022,0,0.0059284731120720115,1310720,2014-12-31,0,0,-0.079923728188276033,0.11158612732077673
2018-05-02,2018-05-03,2018-05-04,funded_assets,EUR,0.94999999999999996,HS1250,ALL_EQUIVARIANT,-0.0017662246558688001,0.0052229601669512848,0.007364133609527708,-5.2018908785057221,0,0.0021411734425764231,1249,2017-12-29,3.8489177123235407e-18,3.8489177123235407e-18,-0.048007199002342682,0.015857900571365713
2018-05-02,2018-05-03,2018-05-04,funded_assets,EUR,0.98999999999999999,HS1250,ALL_EQUIVARIANT,-0.0017662246558688001,0.0082304344029651422,0.010950494256031448,-4.7627667667313425,0,0.0027200598530663055,1249,2017-12-29,3.8489177123235407e-18,3.8489177123235407e-18,-0.048007199002342682,0.015857900571365713
2018-05-02,2018-05-03,2018-05-04,funded_assets,USD,0.94999999999999996,HS1250,ALL_EQUIVARIANT,-0.0017578758407685001,0.0053072881200842692,0.0074418941175805157,-5.1874662606673931,0,0.0021346059974962465,1249,2017-12-29,3.8489177123235407e-18,3.8489177123235407e-18,-0.047680755673649919,0.0159662234291164
2018-05-02,2018-05-03,2018-05-04,funded_assets,USD,0.98999999999999999,HS1250,ALL_EQUIVARIANT,-0.0017578758407685001,0.008023624675924379,0.011106832015448828,-4.7777904308933827,0,0.0030832073395244495,1249,2017-12-29,3.8489177123235407e-18,3.8489177123235407e-18,-0.047680755673649919,0.0159662234291164
2018-05-02,2018-05-03,2018-05-04,net_cashflows,EUR,0.94999999999999996,HS1250,ALL_EQUIVARIANT,0.00095464372035150005,0.0039072503315501945,0.0059783263860852878,-5.4660453621905312,0,0.0020710760545350933,1249,2017-12-29,3.8489177123235407e-18,3.8489177123235407e-18,-0.010493876875167696,0.032540880585699684
2018-05-02,2018-05-03,2018-05-04,net_cashflows,EUR,0.98999999999999999,HS1250,ALL_EQUIVARIANT,0.00095464372035150005,0.0068317421245577617,0.010649073584517343,-4.9007484388686384,0,0.003817331459959581,1249,2017-12-29,3.8489177123235407e-18,3.8489177123235407e-18,-0.010493876875167696,0.032540880585699684
2018-05-02,2018-05-03,2018-05-04,net_cashflows,USD,0.94999999999999996,HS1250,ALL_EQUIVARIANT,0.00094875631421119995,0.0039091746207436271,0.0060108414100291047,-5.463836560797839,0,0.0021016667892854776,1249,2017-12-29,3.8489177123235407e-18,3.8489177123235407e-18,-0.010372574347699198,0.03231306722835027
2018-05-02,2018-05-03,2018-05-04,net_cashflows,USD,0.98999999999999999,HS1250,ALL_EQUIVARIANT,0.00094875631421119995,0.0068684630061137866,0.010715170864507479,-4.8950911125394692,0,0.0038467078583936925,1249,2017-12-29,3.8489177123235407e-18,3.8489177123235407e-18,-0.010372574347699198,0.03231306722835027
2018-05-02,2018-05-03,2018-05-04,funded_assets,EUR,0.94999999999999996,EWMA_GAUSS,ALL_EQUIVARIANT,-0.0017662246558688001,0.0036531070083599682,0.0045717960895772913,-5.5887962153312163,0,0.00091868908121732311,262144,2017-12-29,3.2017845406212553e-18,3.2017845406212553e-18,-0.01031131976298183,0.01133213969810587
2018-05-02,2018-05-03,2018-05-04,funded_assets,EUR,0.98999999999999999,EWMA_GAUSS,ALL_EQUIVARIANT,-0.0017662246558688001,0.0051563757841550373,0.0059131699840672602,-5.2585577312893275,0,0.00075679419991222293,262144,2017-12-29,3.2017845406212553e-18,3.2017845406212553e-18,-0.01031131976298183,0.01133213969810587
2018-05-02,2018-05-03,2018-05-04,funded_assets,USD,0.94999999999999996,EWMA_GAUSS,ALL_EQUIVARIANT,-0.0017578758407685001,0.0036710800909608059,0.0046025821711509138,-5.5835246354953476,0,0.00093150208019010788,262144,2017-12-29,3.2017845406212553e-18,3.2017845406212553e-18,-0.01008666494745006,0.011496741300618884
2018-05-02,2018-05-03,2018-05-04,funded_assets,USD,0.98999999999999999,EWMA_GAUSS,ALL_EQUIVARIANT,-0.0017578758407685001,0.00519724777741069,0.0059634421151790315,-5.2505893225193203,0,0.0007661943377683415,262144,2017-12-29,3.2017845406212553e-18,3.2017845406212553e-18,-0.01008666494745006,0.011496741300618884
2018-05-02,2018-05-03,2018-05-04,net_cashflows,EUR,0.94999999999999996,EWMA_GAUSS,ALL_EQUIVARIANT,0.00095464372035150005,0.0023775994914342793,0.0029851377985480286,-6.0176303954020298,0,0.00060753830711374928,262144,2017-12-29,3.2017845406212553e-18,3.2017845406212553e-18,-0.0068702958559004332,0.0066857904703624517
2018-05-02,2018-05-03,2018-05-04,net_cashflows,EUR,0.98999999999999999,EWMA_GAUSS,ALL_EQUIVARIANT,0.00095464372035150005,0.0033670185396074692,0.0038593972049294559,-5.6848234352866491,0,0.00049237866532198665,262144,2017-12-29,3.2017845406212553e-18,3.2017845406212553e-18,-0.0068702958559004332,0.0066857904703624517
2018-05-02,2018-05-03,2018-05-04,net_cashflows,USD,0.94999999999999996,EWMA_GAUSS,ALL_EQUIVARIANT,0.00094875631421119995,0.0023870511263484576,0.0030002190146180504,-6.0134443638706516,0,0.00061316788826959283,262144,2017-12-29,3.2017845406212553e-18,3.2017845406212553e-18,-0.0068680440890117479,0.0067319887495217775
2018-05-02,2018-05-03,2018-05-04,net_cashflows,USD,0.98999999999999999,EWMA_GAUSS,ALL_EQUIVARIANT,0.00094875631421119995,0.0033867523969083025,0.0038842347447564265,-5.6789066041214689,0,0.00049748234784812405,262144,2017-12-29,3.2017845406212553e-18,3.2017845406212553e-18,-0.0068680440890117479,0.0067319887495217775
2018-05-02,2018-05-03,2018-05-04,funded_assets,EUR,0.94999999999999996,EWMA_SELFNORMALIZED,ALL_EQUIVARIANT,-0.0017662246558688001,0.0036630102393831743,0.0046058300165666378,-5.5851337666842751,0,0.00094281977718346354,262144,2017-12-29,3.2526065174565133e-18,3.2526065174565133e-18,-0.010049373230367531,0.0094468647848929832
2018-05-02,2018-05-03,2018-05-04,funded_assets,EUR,0.98999999999999999,EWMA_SELFNORMALIZED,ALL_EQUIVARIANT,-0.0017662246558688001,0.0052116661275015963,0.0059538321310961349,-5.2483737094203038,0,0.00074216600359453856,262144,2017-12-29,3.2526065174565133e-18,3.2526065174565133e-18,-0.010049373230367531,0.0094468647848929832
2018-05-02,2018-05-03,2018-05-04,funded_assets,USD,0.94999999999999996,EWMA_SELFNORMALIZED,ALL_EQUIVARIANT,-0.0017578758407685001,0.0036794048536015092,0.0046369611972437944,-5.5802011865186048,0,0.00095755634364228523,262144,2017-12-29,3.2526065174565133e-18,3.2526065174565133e-18,-0.0098837440932599621,0.0095900938938297091
2018-05-02,2018-05-03,2018-05-04,funded_assets,USD,0.98999999999999999,EWMA_SELFNORMALIZED,ALL_EQUIVARIANT,-0.0017578758407685001,0.0052548107504628754,0.0060053215945859396,-5.2400835673454367,0,0.00075051084412306422,262144,2017-12-29,3.2526065174565133e-18,3.2526065174565133e-18,-0.0098837440932599621,0.0095900938938297091
2018-05-02,2018-05-03,2018-05-04,net_cashflows,EUR,0.94999999999999996,EWMA_SELFNORMALIZED,ALL_EQUIVARIANT,0.00095464372035150005,0.0023903201899647787,0.003008347752622671,-6.0118018106245792,0,0.00061802756265789223,262144,2017-12-29,3.2526065174565133e-18,3.2526065174565133e-18,-0.0061847190342432575,0.0062293949913823209
2018-05-02,2018-05-03,2018-05-04,net_cashflows,EUR,0.98999999999999999,EWMA_SELFNORMALIZED,ALL_EQUIVARIANT,0.00095464372035150005,0.0034023387030843845,0.0038761141505087014,-5.6751516226311889,0,0.00047377544742431684,262144,2017-12-29,3.2526065174565133e-18,3.2526065174565133e-18,-0.0061847190342432575,0.0062293949913823209
2018-05-02,2018-05-03,2018-05-04,net_cashflows,USD,0.94999999999999996,EWMA_SELFNORMALIZED,ALL_EQUIVARIANT,0.00094875631421119995,0.0024003912975115284,0.0030236418986002546,-6.0074190460716945,0,0.00062325060108872621,262144,2017-12-29,3.2526065174565133e-18,3.2526065174565133e-18,-0.0061845980000125337,0.0062416296737286894
2018-05-02,2018-05-03,2018-05-04,net_cashflows,USD,0.98999999999999999,EWMA_SELFNORMALIZED,ALL_EQUIVARIANT,0.00094875631421119995,0.0034211559745360438,0.0039008854344066766,-5.6695313503496783,0,0.00047972945987063281,262144,2017-12-29,3.2526065174565133e-18,3.2526065174565133e-18,-0.0061845980000125337,0.0062416296737286894
2018-05-02,2018-05-03,2018-05-04,funded_assets,EUR,0.94999999999999996,IN_FHS1250,EUR,-0.0017662246558688001,0.0044859536734641325,0.0059664941142353167,-5.3697382201577168,0,0.0014805404407711841,1249,2017-12-29,3.1441863002079629e-18,3.1441863002079629e-18,-0.015598944608669618,0.01254994046470731
2018-05-02,2018-05-03,2018-05-04,funded_assets,EUR,0.98999999999999999,IN_FHS1250,EUR,-0.0017662246558688001,0.0067671065018509446,0.008469198340552455,-4.9722937961853226,0,0.0017020918387015103,1249,2017-12-29,3.1441863002079629e-18,3.1441863002079629e-18,-0.015598944608669618,0.01254994046470731
2018-05-02,2018-05-03,2018-05-04,funded_assets,USD,0.94999999999999996,IN_FHS1250,EUR,-0.0017578758407685001,0.0045079902392980769,0.0060229052362666168,-5.3637111625421001,0,0.0015149149969685399,1249,2017-12-29,3.1441863002079629e-18,3.1441863002079629e-18,-0.015294432586999534,0.012614367760203759
2018-05-02,2018-05-03,2018-05-04,funded_assets,USD,0.98999999999999999,IN_FHS1250,EUR,-0.0017578758407685001,0.0068704670460110473,0.0085735074495893616,-4.9577182292442696,0,0.0017030404035783143,1249,2017-12-29,3.1441863002079629e-18,3.1441863002079629e-18,-0.015294432586999534,0.012614367760203759
2018-05-02,2018-05-03,2018-05-04,net_cashflows,EUR,0.94999999999999996,IN_FHS1250,EUR,0.00095464372035150005,0.0031815317708480334,0.0043740140644155778,-5.7047029613936679,0,0.0011924822935675443,1249,2017-12-29,3.1441863002079629e-18,3.1441863002079629e-18,-0.0090019151862746668,0.0072852408889627299
2018-05-02,2018-05-03,2018-05-04,net_cashflows,EUR,0.98999999999999999,IN_FHS1250,EUR,0.00095464372035150005,0.0051897532904934705,0.0062378808711057738,-5.2451409842050793,0,0.0010481275806123033,1249,2017-12-29,3.1441863002079629e-18,3.1441863002079629e-18,-0.0090019151862746668,0.0072852408889627299
2018-05-02,2018-05-03,2018-05-04,net_cashflows,USD,0.94999999999999996,IN_FHS1250,EUR,0.00094875631421119995,0.0031968914379179219,0.0044070819989632699,-5.6991438128456542,0,0.0012101905610453481,1249,2017-12-29,3.1441863002079629e-18,3.1441863002079629e-18,-0.0088144898955178023,0.0073767298183951288
2018-05-02,2018-05-03,2018-05-04,net_cashflows,USD,0.98999999999999999,IN_FHS1250,EUR,0.00094875631421119995,0.0052113935605825239,0.0063039785086879234,-5.2398910666959218,0,0.0010925849481053995,1249,2017-12-29,3.1441863002079629e-18,3.1441863002079629e-18,-0.0088144898955178023,0.0073767298183951288
2018-05-02,2018-05-03,2018-05-04,funded_assets,EUR,0.94999999999999996,IN_TCOP1250,EUR,-0.0017662246558688001,0.0044550454045518828,0.0059916634968178849,-5.3738455374873029,0,0.0015366180922660021,262144,2017-12-29,4.8653572490287011e-18,4.8653572490287011e-18,-0.017738123906842929,0.016090242888922079
2018-05-02,2018-05-03,2018-05-04,funded_assets,EUR,0.98999999999999999,IN_TCOP1250,EUR,-0.0017662246558688001,0.0069400541812922878,0.0084407047987349673,-4.9524768262780503,0,0.0015006506174426795,262144,2017-12-29,4.8653572490287011e-18,4.8653572490287011e-18,-0.017738123906842929,0.016090242888922079
2018-05-02,2018-05-03,2018-05-04,funded_assets,USD,0.94999999999999996,IN_TCOP1250,EUR,-0.0017578758407685001,0.0044806463230511531,0.0060423184574806242,-5.3674232708545118,0,0.0015616721344294711,262144,2017-12-29,4.8653572490287011e-18,4.8653572490287011e-18,-0.017315680156212366,0.01622137749337452
2018-05-02,2018-05-03,2018-05-04,funded_assets,USD,0.98999999999999999,IN_TCOP1250,EUR,-0.0017578758407685001,0.007004455441039917,0.0085371278173516363,-4.942860862003581,0,0.0015326723763117193,262144,2017-12-29,4.8653572490287011e-18,4.8653572490287011e-18,-0.017315680156212366,0.01622137749337452
2018-05-02,2018-05-03,2018-05-04,net_cashflows,EUR,0.94999999999999996,IN_TCOP1250,EUR,0.00095464372035150005,0.0032482658277876333,0.004404413986871982,-5.6876456752677642,0,0.0011561481590843486,262144,2017-12-29,4.8653572490287011e-18,4.8653572490287011e-18,-0.01472721305506678,0.015553819074623589
2018-05-02,2018-05-03,2018-05-04,net_cashflows,EUR,0.98999999999999999,IN_TCOP1250,EUR,0.00095464372035150005,0.0050913462633796714,0.0062659826671337708,-5.2600822932676028,0,0.0011746364037540993,262144,2017-12-29,4.8653572490287011e-18,4.8653572490287011e-18,-0.01472721305506678,0.015553819074623589
2018-05-02,2018-05-03,2018-05-04,net_cashflows,USD,0.94999999999999996,IN_TCOP1250,EUR,0.00094875631421119995,0.003260812045634969,0.0044345315745554122,-5.6830105179337869,0,0.0011737195289204432,262144,2017-12-29,4.8653572490287011e-18,4.8653572490287011e-18,-0.014552824308464354,0.015779177776309727
2018-05-02,2018-05-03,2018-05-04,net_cashflows,USD,0.98999999999999999,IN_TCOP1250,EUR,0.00094875631421119995,0.005140226668754082,0.0063243911012953249,-5.2505792158070701,0,0.001184164432541243,262144,2017-12-29,4.8653572490287011e-18,4.8653572490287011e-18,-0.014552824308464354,0.015779177776309727
2018-05-02,2018-05-03,2018-05-04,funded_assets,EUR,0.94999999999999996,IN_FHS1250,USD,-0.0017662246558688001,0.0046728608582556064,0.0062689833914187643,-5.3267473548152786,0,0.0015961225331631579,1249,2017-12-29,2.5614276324970042e-18,2.5614276324970042e-18,-0.023426292103906121,0.014325711088469611
2018-05-02,2018-05-03,2018-05-04,funded_assets,EUR,0.98999999999999999,IN_FHS1250,USD,-0.0017662246558688001,0.0074834422394076949,0.0086711785486002328,-4.8847257510238036,0,0.0011877363091925379,1249,2017-12-29,2.5614276324970042e-18,2.5614276324970042e-18,-0.023426292103906121,0.014325711088469611
2018-05-02,2018-05-03,2018-05-04,funded_assets,USD,0.94999999999999996,IN_FHS1250,USD,-0.0017578758407685001,0.0047249604796020571,0.0063154779292542533,-5.3165961969245261,0,0.0015905174496521962,1249,2017-12-29,2.5614276324970042e-18,2.5614276324970042e-18,-0.023275091064105184,0.014408678387848994
2018-05-02,2018-05-03,2018-05-04,funded_assets,USD,0.98999999999999999,IN_FHS1250,USD,-0.0017578758407685001,0.0076044800397412054,0.0087644021895904381,-4.8694016639385103,0,0.0011599221498492327,1249,2017-12-29,2.5614276324970042e-18,2.5614276324970042e-18,-0.023275091064105184,0.014408678387848994
2018-05-02,2018-05-03,2018-05-04,net_cashflows,EUR,0.94999999999999996,IN_FHS1250,USD,0.00095464372035150005,0.0028018595171117044,0.0039270333244805188,-5.8263910732608943,0,0.0011251738073688143,1249,2017-12-29,2.5614276324970042e-18,2.5614276324970042e-18,-0.0066496397367100443,0.012659417829692066
2018-05-02,2018-05-03,2018-05-04,net_cashflows,EUR,0.98999999999999999,IN_FHS1250,USD,0.00095464372035150005,0.0043983063765460472,0.0058349625525936305,-5.3901025802860971,0,0.0014366561760475833,1249,2017-12-29,2.5614276324970042e-18,2.5614276324970042e-18,-0.0066496397367100443,0.012659417829692066
2018-05-02,2018-05-03,2018-05-04,net_cashflows,USD,0.94999999999999996,IN_FHS1250,USD,0.00094875631421119995,0.0028051826485129953,0.0039504239104108593,-5.8238357712512281,0,0.001145241261897864,1249,2017-12-29,2.5614276324970042e-18,2.5614276324970042e-18,-0.0065787402711493925,0.012573573099579792
2018-05-02,2018-05-03,2018-05-04,net_cashflows,USD,0.98999999999999999,IN_FHS1250,USD,0.00094875631421119995,0.0044291651262673946,0.005878277882393766,-5.3830113848111454,0,0.0014491127561263714,1249,2017-12-29,2.5614276324970042e-18,2.5614276324970042e-18,-0.0065787402711493925,0.012573573099579792
2018-05-02,2018-05-03,2018-05-04,funded_assets,EUR,0.94999999999999996,IN_TCOP1250,USD,-0.0017662246558688001,0.0049415632724647829,0.0066808746720034371,-5.2688482302135631,0,0.0017393113995386542,262144,2017-12-29,6.579751934271405e-18,6.579751934271405e-18,-0.024836045545310215,0.02028203370741874
2018-05-02,2018-05-03,2018-05-04,funded_assets,EUR,0.98999999999999999,IN_TCOP1250,USD,-0.0017662246558688001,0.0077799424758934477,0.0094288144420914162,-4.8388607649548403,0,0.0016488719661979685,262144,2017-12-29,6.579751934271405e-18,6.579751934271405e-18,-0.024836045545310215,0.02028203370741874
2018-05-02,2018-05-03,2018-05-04,funded_assets,USD,0.94999999999999996,IN_TCOP1250,USD,-0.0017578758407685001,0.004969818143934629,0.0067367152676712436,-5.2624615517068989,0,0.0017668971237366146,262144,2017-12-29,6.579751934271405e-18,6.579751934271405e-18,-0.024221401717597749,0.02056043914052394
2018-05-02,2018-05-03,2018-05-04,funded_assets,USD,0.98999999999999999,IN_TCOP1250,USD,-0.0017578758407685001,0.0078538025913086236,0.009535355079678464,-4.8290980270588832,0,0.0016815524883698404,262144,2017-12-29,6.579751934271405e-18,6.579751934271405e-18,-0.024221401717597749,0.02056043914052394
2018-05-02,2018-05-03,2018-05-04,net_cashflows,EUR,0.94999999999999996,IN_TCOP1250,USD,0.00095464372035150005,0.0027682370599731898,0.0039556906512122772,-5.8327887547893269,0,0.0011874535912390874,262144,2017-12-29,6.579751934271405e-18,6.579751934271405e-18,-0.010210526115810149,0.0189854743667369
2018-05-02,2018-05-03,2018-05-04,net_cashflows,EUR,0.98999999999999999,IN_TCOP1250,USD,0.00095464372035150005,0.0044932152399822511,0.0060894540547446153,-5.3633285263303687,0,0.0015962388147623642,262144,2017-12-29,6.579751934271405e-18,6.579751934271405e-18,-0.010210526115810149,0.0189854743667369
2018-05-02,2018-05-03,2018-05-04,net_cashflows,USD,0.94999999999999996,IN_TCOP1250,USD,0.00094875631421119995,0.0027801858292682696,0.0039796359460683387,-5.8279618798178916,0,0.0011994501168000691,262144,2017-12-29,6.579751934271405e-18,6.579751934271405e-18,-0.010018631543284275,0.019217914332368441
2018-05-02,2018-05-03,2018-05-04,net_cashflows,USD,0.98999999999999999,IN_TCOP1250,USD,0.00094875631421119995,0.0045237694665247645,0.0061442170242193353,-5.3559793645719873,0,0.0016204475576945708,262144,2017-12-29,6.579751934271405e-18,6.579751934271405e-18,-0.010018631543284275,0.019217914332368441
2018-05-02,2018-05-03,2018-05-04,funded_assets,EUR,0.94999999999999996,IN_FHS1250,GBP,-0.0017662246558688001,0.0046820438769926698,0.0065950765744426099,-5.3115017053248881,0,0.0019130326974499401,1249,2017-12-29,2.574980159653073e-18,2.574980159653073e-18,-0.026678842946855158,0.014060118837987273
2018-05-02,2018-05-03,2018-05-04,funded_assets,EUR,0.98999999999999999,IN_FHS1250,GBP,-0.0017662246558688001,0.0072771288373474352,0.0098268303571835865,-4.8821021108114131,0,0.0025497015198361513,1249,2017-12-29,2.574980159653073e-18,2.574980159653073e-18,-0.026678842946855158,0.014060118837987273
2018-05-02,2018-05-03,2018-05-04,funded_assets,USD,0.94999999999999996,IN_FHS1250,GBP,-0.0017578758407685001,0.0046966018452229783,0.0066712706324946677,-5.3059408424090551,0,0.0019746687872716894,1249,2017-12-29,2.574980159653073e-18,2.574980159653073e-18,-0.026507194990299118,0.014439274258195123
2018-05-02,2018-05-03,2018-05-04,funded_assets,USD,0.98999999999999999,IN_FHS1250,GBP,-0.0017578758407685001,0.0073214898259006348,0.009987506492819832,-4.8733554801239922,0,0.0026660166669191972,1249,2017-12-29,2.574980159653073e-18,2.574980159653073e-18,-0.026507194990299118,0.014439274258195123
2018-05-02,2018-05-03,2018-05-04,net_cashflows,EUR,0.94999999999999996,IN_FHS1250,GBP,0.00095464372035150005,0.0034845843535371455,0.0049986700509500395,-5.6014810989257526,0,0.001514085697412894,1249,2017-12-29,2.574980159653073e-18,2.574980159653073e-18,-0.0093358361242978482,0.015584947591069299
2018-05-02,2018-05-03,2018-05-04,net_cashflows,EUR,0.98999999999999999,IN_FHS1250,GBP,0.00095464372035150005,0.0055322818584700112,0.007583826938507723,-5.1522531426388829,0,0.0020515450800377118,1249,2017-12-29,2.574980159653073e-18,2.574980159653073e-18,-0.0093358361242978482,0.015584947591069299
2018-05-02,2018-05-03,2018-05-04,net_cashflows,USD,0.94999999999999996,IN_FHS1250,GBP,0.00094875631421119995,0.0035082399955989416,0.0050436190790147722,-5.5940514950575295,0,0.0015353790834158306,1249,2017-12-29,2.574980159653073e-18,2.574980159653073e-18,-0.0092288347570809465,0.01547728942240194
2018-05-02,2018-05-03,2018-05-04,net_cashflows,USD,0.98999999999999999,IN_FHS1250,GBP,0.00094875631421119995,0.0055712799988863479,0.0076628542280242108,-5.1443205108808723,0,0.0020915742291378629,1249,2017-12-29,2.574980159653073e-18,2.574980159653073e-18,-0.0092288347570809465,0.01547728942240194
2018-05-02,2018-05-03,2018-05-04,funded_assets,EUR,0.94999999999999996,IN_TCOP1250,GBP,-0.0017662246558688001,0.0051249840544659309,0.0071307406110498496,-5.2246232398787642,0,0.0020057565565839187,262144,2017-12-29,7.4809949901499806e-18,7.4809949901499806e-18,-0.039159010294395502,0.031712850762675132
2018-05-02,2018-05-03,2018-05-04,funded_assets,EUR,0.98999999999999999,IN_TCOP1250,GBP,-0.0017662246558688001,0.0082780258474685342,0.010492937993793937,-4.768138804578947,0,0.0022149121463254026,262144,2017-12-29,7.4809949901499806e-18,7.4809949901499806e-18,-0.039159010294395502,0.031712850762675132
2018-05-02,2018-05-03,2018-05-04,funded_assets,USD,0.94999999999999996,IN_TCOP1250,GBP,-0.0017578758407685001,0.0051591325990708722,0.0072029845400542556,-5.2170105243474669,0,0.0020438519409833834,262144,2017-12-29,7.4809949901499806e-18,7.4809949901499806e-18,-0.038219778702440567,0.032876733053224146
2018-05-02,2018-05-03,2018-05-04,funded_assets,USD,0.98999999999999999,IN_TCOP1250,GBP,-0.0017578758407685001,0.0083592436056965647,0.010646223448547021,-4.7573661218485608,0,0.0022869798428504558,262144,2017-12-29,7.4809949901499806e-18,7.4809949901499806e-18,-0.038219778702440567,0.032876733053224146
2018-05-02,2018-05-03,2018-05-04,net_cashflows,EUR,0.94999999999999996,IN_TCOP1250,GBP,0.00095464372035150005,0.0036416516223795603,0.0052872474625741874,-5.553696161666493,0,0.0016455958401946271,262144,2017-12-29,7.4809949901499806e-18,7.4809949901499806e-18,-0.02060459018121831,0.028823389941061817
2018-05-02,2018-05-03,2018-05-04,net_cashflows,EUR,0.98999999999999999,IN_TCOP1250,GBP,0.00095464372035150005,0.0061244775865614831,0.0082852447365695091,-5.0540761103588654,0,0.002160767150008026,262144,2017-12-29,7.4809949901499806e-18,7.4809949901499806e-18,-0.02060459018121831,0.028823389941061817
2018-05-02,2018-05-03,2018-05-04,net_cashflows,USD,0.94999999999999996,IN_TCOP1250,GBP,0.00094875631421119995,0.0036594105112036004,0.005330458123924452,-5.5478085231715948,0,0.0016710476127208516,262144,2017-12-29,7.4809949901499806e-18,7.4809949901499806e-18,-0.019897338458274825,0.03010439543514562
2018-05-02,2018-05-03,2018-05-04,net_cashflows,USD,0.98999999999999999,IN_TCOP1250,GBP,0.00094875631421119995,0.0061832399130374192,0.0083782980280817203,-5.0441038042368058,0,0.0021950581150443011,262144,2017-12-29,7.4809949901499806e-18,7.4809949901499806e-18,-0.019897338458274825,0.03010439543514562
2018-05-02,2018-05-03,2018-05-04,funded_assets,EUR,0.94999999999999996,IN_FHS1250,JPY,-0.0017662246558688001,0.0046867470162889058,0.0061525005986622335,-5.3291337267088323,0,0.0014657535823733277,1249,2017-12-29,3.3203691532368573e-18,3.3203691532368573e-18,-0.022181397061965813,0.011678912889757781
2018-05-02,2018-05-03,2018-05-04,funded_assets,EUR,0.98999999999999999,IN_FHS1250,JPY,-0.0017662246558688001,0.0069908917246462587,0.0088445182359629497,-4.9375365586249078,0,0.001853626511316691,1249,2017-12-29,3.3203691532368573e-18,3.3203691532368573e-18,-0.022181397061965813,0.011678912889757781
2018-05-02,2018-05-03,2018-05-04,funded_assets,USD,0.94999999999999996,IN_FHS1250,JPY,-0.0017578758407685001,0.0046902630588011559,0.0062165587173721856,-5.326059777477937,0,0.0015262956585710297,1249,2017-12-29,3.3203691532368573e-18,3.3203691532368573e-18,-0.021992347225900686,0.012075839559128183
2018-05-02,2018-05-03,2018-05-04,funded_assets,USD,0.98999999999999999,IN_FHS1250,JPY,-0.0017578758407685001,0.0069838491980366933,0.0089673978140404117,-4.9353553076463754,0,0.0019835486160037184,1249,2017-12-29,3.3203691532368573e-18,3.3203691532368573e-18,-0.021992347225900686,0.012075839559128183
2018-05-02,2018-05-03,2018-05-04,net_cashflows,EUR,0.94999999999999996,IN_FHS1250,JPY,0.00095464372035150005,0.0028168200263160689,0.0039185573860267397,-5.8231906259414004,0,0.0011017373597106707,1249,2017-12-29,3.3203691532368573e-18,3.3203691532368573e-18,-0.0059070242405620315,0.012419734154013295
2018-05-02,2018-05-03,2018-05-04,net_cashflows,EUR,0.98999999999999999,IN_FHS1250,JPY,0.00095464372035150005,0.0041893296730746606,0.0056202385842770517,-5.43598048137462,0,0.0014309089112023912,1249,2017-12-29,3.3203691532368573e-18,3.3203691532368573e-18,-0.0059070242405620315,0.012419734154013295
2018-05-02,2018-05-03,2018-05-04,net_cashflows,USD,0.94999999999999996,IN_FHS1250,JPY,0.00094875631421119995,0.00282639563098435,0.003941259440808839,-5.8191248887493945,0,0.0011148638098244889,1249,2017-12-29,3.3203691532368573e-18,3.3203691532368573e-18,-0.0059411255794159313,0.01231151105861223
2018-05-02,2018-05-03,2018-05-04,net_cashflows,USD,0.98999999999999999,IN_FHS1250,JPY,0.00094875631421119995,0.0042360489150785018,0.0056671600101204523,-5.4255941983889171,0,0.0014311110950419505,1249,2017-12-29,3.3203691532368573e-18,3.3203691532368573e-18,-0.0059411255794159313,0.01231151105861223
2018-05-02,2018-05-03,2018-05-04,funded_assets,EUR,0.94999999999999996,IN_TCOP1250,JPY,-0.0017662246558688001,0.0044294324825955578,0.006131996650021421,-5.3718873589926712,0,0.0017025641674258633,262144,2017-12-29,9.4325589006238886e-18,9.4325589006238886e-18,-0.032637512130261392,0.023951965573721562
2018-05-02,2018-05-03,2018-05-04,funded_assets,EUR,0.98999999999999999,IN_TCOP1250,JPY,-0.0017662246558688001,0.0071176002772063984,0.0090370430594207615,-4.918820468786576,0,0.0019194427822143631,262144,2017-12-29,9.4325589006238886e-18,9.4325589006238886e-18,-0.032637512130261392,0.023951965573721562
2018-05-02,2018-05-03,2018-05-04,funded_assets,USD,0.94999999999999996,IN_TCOP1250,JPY,-0.0017578758407685001,0.0044521622387552924,0.0061817808100939012,-5.3659418229973621,0,0.0017296185713386088,262144,2017-12-29,9.4325589006238886e-18,9.4325589006238886e-18,-0.031817214364003123,0.024673604257034458
2018-05-02,2018-05-03,2018-05-04,funded_assets,USD,0.98999999999999999,IN_TCOP1250,JPY,-0.0017578758407685001,0.0071863703145550557,0.0091436720189210455,-4.9087540168835222,0,0.0019573017043659898,262144,2017-12-29,9.4325589006238886e-18,9.4325589006238886e-18,-0.031817214364003123,0.024673604257034458
2018-05-02,2018-05-03,2018-05-04,net_cashflows,EUR,0.94999999999999996,IN_TCOP1250,JPY,0.00095464372035150005,0.002815512337459569,0.0038636866399000816,-5.8274221054588526,0,0.0010481743024405125,262144,2017-12-29,9.4325589006238886e-18,9.4325589006238886e-18,-0.011834902435544215,0.019580400776428721
2018-05-02,2018-05-03,2018-05-04,net_cashflows,EUR,0.98999999999999999,IN_TCOP1250,JPY,0.00095464372035150005,0.0044811947597894761,0.0054695161318998372,-5.3892614330769888,0,0.00098832137211036109,262144,2017-12-29,9.4325589006238886e-18,9.4325589006238886e-18,-0.011834902435544215,0.019580400776428721
2018-05-02,2018-05-03,2018-05-04,net_cashflows,USD,0.94999999999999996,IN_TCOP1250,JPY,0.00094875631421119995,0.0028233051829031526,0.003882107916251841,-5.8241161248927718,0,0.0010588027333486884,262144,2017-12-29,9.4325589006238886e-18,9.4325589006238886e-18,-0.011742235689605099,0.020059922291717998
2018-05-02,2018-05-03,2018-05-04,net_cashflows,USD,0.98999999999999999,IN_TCOP1250,JPY,0.00094875631421119995,0.004500145962339528,0.0055103196252823013,-5.3844566180596525,0,0.0010101736629427732,262144,2017-12-29,9.4325589006238886e-18,9.4325589006238886e-18,-0.011742235689605099,0.020059922291717998
2018-05-02,2018-05-03,2018-05-04,funded_assets,EUR,0.94999999999999996,IN_FHS1250,CHF,-0.0017662246558688001,0.0040711076108456146,0.0060790803248164929,-5.4332104901373661,0,0.0020079727139708783,1249,2017-12-29,6.0715321659188248e-18,6.0715321659188248e-18,-0.009827097886692171,0.039271627544973903
2018-05-02,2018-05-03,2018-05-04,funded_assets,EUR,0.98999999999999999,IN_FHS1250,CHF,-0.0017662246558688001,0.0063665591892249906,0.010414527077975563,-4.9532383664480726,0,0.0040479678887505727,1249,2017-12-29,6.0715321659188248e-18,6.0715321659188248e-18,-0.009827097886692171,0.039271627544973903
2018-05-02,2018-05-03,2018-05-04,funded_assets,USD,0.94999999999999996,IN_FHS1250,CHF,-0.0017578758407685001,0.0040978274496879467,0.0061498873420499992,-5.4249959032476767,0,0.0020520598923620525,1249,2017-12-29,6.0715321659188248e-18,6.0715321659188248e-18,-0.0098128285056567188,0.041263137977413239
2018-05-02,2018-05-03,2018-05-04,funded_assets,USD,0.98999999999999999,IN_FHS1250,CHF,-0.0017578758407685001,0.0064831355579486648,0.010646300974100638,-4.9335861440229429,0,0.004163165416151973,1249,2017-12-29,6.0715321659188248e-18,6.0715321659188248e-18,-0.0098128285056567188,0.041263137977413239
2018-05-02,2018-05-03,2018-05-04,net_cashflows,EUR,0.94999999999999996,IN_FHS1250,CHF,0.00095464372035150005,0.0030728368134072645,0.0046347950842528102,-5.7111702664063175,0,0.0015619582708455457,1249,2017-12-29,6.0715321659188248e-18,6.0715321659188248e-18,-0.0091610544796485675,0.013307461091928267
2018-05-02,2018-05-03,2018-05-04,net_cashflows,EUR,0.98999999999999999,IN_FHS1250,CHF,0.00095464372035150005,0.005482728417173322,0.007240847889700577,-5.1708227134658111,0,0.001758119472527255,1249,2017-12-29,6.0715321659188248e-18,6.0715321659188248e-18,-0.0091610544796485675,0.013307461091928267
2018-05-02,2018-05-03,2018-05-04,net_cashflows,USD,0.94999999999999996,IN_FHS1250,CHF,0.00094875631421119995,0.0031068545914924289,0.0046731487778951366,-5.7010910889105029,0,0.0015662941864027077,1249,2017-12-29,6.0715321659188248e-18,6.0715321659188248e-18,-0.0090325577320497438,0.014254761386024623
2018-05-02,2018-05-03,2018-05-04,net_cashflows,USD,0.98999999999999999,IN_FHS1250,CHF,0.00094875631421119995,0.0055100170526632044,0.0073669980130984638,-5.1628125066079722,0,0.0018569809604352594,1249,2017-12-29,6.0715321659188248e-18,6.0715321659188248e-18,-0.0090325577320497438,0.014254761386024623
2018-05-02,2018-05-03,2018-05-04,funded_assets,EUR,0.94999999999999996,IN_TCOP1250,CHF,-0.0017662246558688001,0.0042966580161852286,0.006302619006395155,-5.385064211599337,0,0.0020059609902099264,262144,2017-12-29,9.3376912105314069e-18,9.3376912105314069e-18,-0.022977905736596915,0.0502641636136682
2018-05-02,2018-05-03,2018-05-04,funded_assets,EUR,0.98999999999999999,IN_TCOP1250,CHF,-0.0017662246558688001,0.0069797110187617695,0.010456218652967456,-4.8930406918418088,0,0.0034765076342056864,262144,2017-12-29,9.3376912105314069e-18,9.3376912105314069e-18,-0.022977905736596915,0.0502641636136682
2018-05-02,2018-05-03,2018-05-04,funded_assets,USD,0.94999999999999996,IN_TCOP1250,CHF,-0.0017578758407685001,0.0043154995757763159,0.0063651644086936245,-5.378928083050126,0,0.0020496648329173086,262144,2017-12-29,9.3376912105314069e-18,9.3376912105314069e-18,-0.022133466697116605,0.054097033285649694
2018-05-02,2018-05-03,2018-05-04,funded_assets,USD,0.98999999999999999,IN_TCOP1250,CHF,-0.0017578758407685001,0.0070392751476984587,0.010639947889779303,-4.8815504423513456,0,0.0036006727420808439,262144,2017-12-29,9.3376912105314069e-18,9.3376912105314069e-18,-0.022133466697116605,0.054097033285649694
2018-05-02,2018-05-03,2018-05-04,net_cashflows,EUR,0.94999999999999996,IN_TCOP1250,CHF,0.00095464372035150005,0.0031664210206404976,0.0048061479719590829,-5.6790321511622626,0,0.0016397269513185853,262144,2017-12-29,9.3376912105314069e-18,9.3376912105314069e-18,-0.026028188712698276,0.03284955297913409
2018-05-02,2018-05-03,2018-05-04,net_cashflows,EUR,0.98999999999999999,IN_TCOP1250,CHF,0.00095464372035150005,0.0053218137627502049,0.008248688858055464,-5.1525301480663899,0,0.0029268750953052591,262144,2017-12-29,9.3376912105314069e-18,9.3376912105314069e-18,-0.026028188712698276,0.03284955297913409
2018-05-02,2018-05-03,2018-05-04,net_cashflows,USD,0.94999999999999996,IN_TCOP1250,CHF,0.00094875631421119995,0.0031811224537488538,0.0048558053793201269,-5.6724629335122225,0,0.0016746829255712731,262144,2017-12-29,9.3376912105314069e-18,9.3376912105314069e-18,-0.02569632824920242,0.034902032968447079
2018-05-02,2018-05-03,2018-05-04,net_cashflows,USD,0.98999999999999999,IN_TCOP1250,CHF,0.00094875631421119995,0.0053607714206919243,0.0084130869081010511,-5.1407724730102311,0,0.0030523154874091268,262144,2017-12-29,9.3376912105314069e-18,9.3376912105314069e-18,-0.02569632824920242,0.034902032968447079
2018-05-02,2018-05-03,2018-05-04,funded_assets,EUR,0.94999999999999996,IN_FHS_REF_POOL,ALL_FIVE,-0.0017662246558688001,0.0044585303472954585,0.0062303709416307324,-5.3627070637631942,0,0.0017718405943352739,6245,2017-12-29,0,0,-0.026678842946855158,0.039271627544973903
2018-05-02,2018-05-03,2018-05-04,funded_assets,EUR,0.98999999999999999,IN_FHS_REF_POOL,ALL_FIVE,-0.0017662246558688001,0.0069020506742786536,0.009297511842375903,-4.9356538595751269,0,0.0023954611680972494,6245,2017-12-29,0,0,-0.026678842946855158,0.039271627544973903
2018-05-02,2018-05-03,2018-05-04,funded_assets,USD,0.94999999999999996,IN_FHS_REF_POOL,ALL_FIVE,-0.0017578758407685001,0.0044759919388623545,0.0062936994598505949,-5.357020073677786,0,0.0018177075209882404,6245,2017-12-29,0,0,-0.026507194990299118,0.041263137977413239
2018-05-02,2018-05-03,2018-05-04,funded_assets,USD,0.98999999999999999,IN_FHS_REF_POOL,ALL_FIVE,-0.0017578758407685001,0.0069604083640007024,0.0094425630671882144,-4.9253965693366029,0,0.002482154703187512,6245,2017-12-29,0,0,-0.026507194990299118,0.041263137977413239
2018-05-02,2018-05-03,2018-05-04,net_cashflows,EUR,0.94999999999999996,IN_FHS_REF_POOL,ALL_FIVE,0.00095464372035150005,0.0031216918149008181,0.0043960343867223278,-5.716936997912371,0,0.0012743425718215098,6245,2017-12-29,0,0,-0.0093358361242978482,0.015584947591069299
2018-05-02,2018-05-03,2018-05-04,net_cashflows,EUR,0.98999999999999999,IN_FHS_REF_POOL,ALL_FIVE,0.00095464372035150005,0.0050562298406740865,0.0066516364905464601,-5.2527441153719883,0,0.0015954066498723735,6245,2017-12-29,0,0,-0.0093358361242978482,0.015584947591069299
2018-05-02,2018-05-03,2018-05-04,net_cashflows,USD,0.94999999999999996,IN_FHS_REF_POOL,ALL_FIVE,0.00094875631421119995,0.0031363068442611195,0.0044285657370755393,-5.7114802788967545,0,0.0012922588928144197,6245,2017-12-29,0,0,-0.0092288347570809465,0.01547728942240194
2018-05-02,2018-05-03,2018-05-04,net_cashflows,USD,0.98999999999999999,IN_FHS_REF_POOL,ALL_FIVE,0.00094875631421119995,0.0050895415341457246,0.0067271917730100782,-5.2450349168199084,0,0.0016376502388643537,6245,2017-12-29,0,0,-0.0092288347570809465,0.01547728942240194
2018-05-02,2018-05-03,2018-05-04,funded_assets,EUR,0.94999999999999996,IN_TCOP_REF_POOL,ALL_FIVE,-0.0017662246558688001,0.0046583334689883349,0.0064779104844464161,-5.3202467733933796,0,0.0018195770154580812,1310720,2017-12-29,0,0,-0.039159010294395502,0.0502641636136682
2018-05-02,2018-05-03,2018-05-04,funded_assets,EUR,0.98999999999999999,IN_TCOP_REF_POOL,ALL_FIVE,-0.0017662246558688001,0.0074650985296946248,0.0096474483549550179,-4.8672718730077564,0,0.0021823498252603931,1310720,2017-12-29,0,0,-0.039159010294395502,0.0502641636136682
2018-05-02,2018-05-03,2018-05-04,funded_assets,USD,0.94999999999999996,IN_TCOP_REF_POOL,ALL_FIVE,-0.0017578758407685001,0.0046848698063027593,0.0065364954865882591,-5.3136291034195544,0,0.0018516256802854998,1310720,2017-12-29,0,0,-0.038219778702440567,0.054097033285649694
2018-05-02,2018-05-03,2018-05-04,funded_assets,USD,0.98999999999999999,IN_TCOP_REF_POOL,ALL_FIVE,-0.0017578758407685001,0.0075326815707984201,0.0097784438194405705,-4.8572395119688334,0,0.0022457622486421504,1310720,2017-12-29,0,0,-0.038219778702440567,0.054097033285649694
2018-05-02,2018-05-03,2018-05-04,net_cashflows,EUR,0.94999999999999996,IN_TCOP_REF_POOL,ALL_FIVE,0.00095464372035150005,0.0031384149892748183,0.004503782059186002,-5.7059978888018641,0,0.0013653670699111838,1310720,2017-12-29,0,0,-0.026028188712698276,0.03284955297913409
2018-05-02,2018-05-03,2018-05-04,net_cashflows,EUR,0.98999999999999999,IN_TCOP_REF_POOL,ALL_FIVE,0.00095464372035150005,0.0051342224713937009,0.0070207818391313827,-5.227591417580074,0,0.0018865593677376818,1310720,2017-12-29,0,0,-0.026028188712698276,0.03284955297913409
2018-05-02,2018-05-03,2018-05-04,net_cashflows,USD,0.94999999999999996,IN_TCOP_REF_POOL,ALL_FIVE,0.00094875631421119995,0.0031509697277990415,0.0045374531721654229,-5.7009536427750636,0,0.0013864834443663814,1310720,2017-12-29,0,0,-0.02569632824920242,0.034902032968447079
2018-05-02,2018-05-03,2018-05-04,net_cashflows,USD,0.98999999999999999,IN_TCOP_REF_POOL,ALL_FIVE,0.00094875631421119995,0.0051716872398692377,0.0071062942596741546,-5.219012890503139,0,0.0019346070198049169,1310720,2017-12-29,0,0,-0.02569632824920242,0.034902032968447079
2019-09-02,2019-09-03,2019-09-04,funded_assets,EUR,0.94999999999999996,HS1250,ALL_EQUIVARIANT,0.0026435164753918,0.0051201104100133954,0.0072596664812367437,-5.2201396225569923,0,0.0021395560712233483,1249,2018-12-31,3.8489177123235407e-18,3.8489177123235407e-18,-0.048007199002342682,0.015857900571365713
2019-09-02,2019-09-03,2019-09-04,funded_assets,EUR,0.98999999999999999,HS1250,ALL_EQUIVARIANT,0.0026435164753918,0.008101051160448125,0.010945418372217729,-4.7747026188956481,0,0.002844367211769604,1249,2018-12-31,3.8489177123235407e-18,3.8489177123235407e-18,-0.048007199002342682,0.015857900571365713
2019-09-02,2019-09-03,2019-09-04,funded_assets,USD,0.94999999999999996,HS1250,ALL_EQUIVARIANT,0.0026341074026297998,0.0051268225372386117,0.0073364711003198833,-5.2160841706186956,0,0.0022096485630812715,1249,2018-12-31,3.8489177123235407e-18,3.8489177123235407e-18,-0.047680755673649919,0.0159662234291164
2019-09-02,2019-09-03,2019-09-04,funded_assets,USD,0.98999999999999999,HS1250,ALL_EQUIVARIANT,0.0026341074026297998,0.008023624675924379,0.011088660890193947,-4.7782439889473363,0,0.0030650362142695675,1249,2018-12-31,3.8489177123235407e-18,3.8489177123235407e-18,-0.047680755673649919,0.0159662234291164
2019-09-02,2019-09-03,2019-09-04,net_cashflows,EUR,0.94999999999999996,HS1250,ALL_EQUIVARIANT,-0.00062570970759019998,0.0037071102594400732,0.0058163356470164159,-5.5097230118975551,0,0.0021092253875763427,1249,2018-12-31,3.8489177123235407e-18,3.8489177123235407e-18,-0.010354008617036546,0.032540880585699684
2019-09-02,2019-09-03,2019-09-04,net_cashflows,EUR,0.98999999999999999,HS1250,ALL_EQUIVARIANT,-0.00062570970759019998,0.0067153640761734683,0.010553773679266867,-4.9149719887920282,0,0.0038384096030933991,1249,2018-12-31,3.8489177123235407e-18,3.8489177123235407e-18,-0.010354008617036546,0.032540880585699684
2019-09-02,2019-09-03,2019-09-04,net_cashflows,USD,0.94999999999999996,HS1250,ALL_EQUIVARIANT,-0.00061848713831370004,0.0037538479106527505,0.0058473117152083674,-5.4997948435842696,0,0.0020934638045556168,1249,2018-12-31,3.8489177123235407e-18,3.8489177123235407e-18,-0.010242993047722275,0.03231306722835027
2019-09-02,2019-09-03,2019-09-04,net_cashflows,USD,0.98999999999999999,HS1250,ALL_EQUIVARIANT,-0.00061848713831370004,0.0067923875731671478,0.010613133742172841,-4.905664710618753,0,0.003820746169005693,1249,2018-12-31,3.8489177123235407e-18,3.8489177123235407e-18,-0.010242993047722275,0.03231306722835027
2019-09-02,2019-09-03,2019-09-04,funded_assets,EUR,0.94999999999999996,EWMA_GAUSS,ALL_EQUIVARIANT,0.0026435164753918,0.0039400614113685728,0.0049437203483551169,-5.5126540561082482,0,0.0010036589369865441,262144,2018-12-31,3.1272456412628769e-18,3.1272456412628769e-18,-0.012285137653686384,0.010295114983952386
2019-09-02,2019-09-03,2019-09-04,funded_assets,EUR,0.98999999999999999,EWMA_GAUSS,ALL_EQUIVARIANT,0.0026435164753918,0.0055763161343579115,0.0063897091602445272,-5.180363873721082,0,0.0008133930258866157,262144,2018-12-31,3.1272456412628769e-18,3.1272456412628769e-18,-0.012285137653686384,0.010295114983952386
2019-09-02,2019-09-03,2019-09-04,funded_assets,USD,0.94999999999999996,EWMA_GAUSS,ALL_EQUIVARIANT,0.0026341074026297998,0.0039589708837472308,0.0049713503575295089,-5.5077065272320915,0,0.001012379473782278,262144,2018-12-31,3.1272456412628769e-18,3.1272456412628769e-18,-0.012187572620852228,0.010298520062863414
2019-09-02,2019-09-03,2019-09-04,funded_assets,USD,0.98999999999999999,EWMA_GAUSS,ALL_EQUIVARIANT,0.0026341074026297998,0.0056083350779416972,0.0064343605052429274,-5.1744800580438364,0,0.00082602542730123019,262144,2018-12-31,3.1272456412628769e-18,3.1272456412628769e-18,-0.012187572620852228,0.010298520062863414
2019-09-02,2019-09-03,2019-09-04,net_cashflows,EUR,0.94999999999999996,EWMA_GAUSS,ALL_EQUIVARIANT,-0.00062570970759019998,0.0029962199604172349,0.0037564524086091604,-5.7866607038391553,0,0.00076023244819192542,262144,2018-12-31,3.1272456412628769e-18,3.1272456412628769e-18,-0.0081648482109461969,0.0087714506947605964
2019-09-02,2019-09-03,2019-09-04,net_cashflows,EUR,0.98999999999999999,EWMA_GAUSS,ALL_EQUIVARIANT,-0.00062570970759019998,0.004231945293417705,0.0048560716332102221,-5.4560504188938506,0,0.00062412633979251706,262144,2018-12-31,3.1272456412628769e-18,3.1272456412628769e-18,-0.0081648482109461969,0.0087714506947605964
2019-09-02,2019-09-03,2019-09-04,net_cashflows,USD,0.94999999999999996,EWMA_GAUSS,ALL_EQUIVARIANT,-0.00061848713831370004,0.0030075086700066273,0.00377230292740927,-5.7828089616259648,0,0.00076479425740264267,262144,2018-12-31,3.1272456412628769e-18,3.1272456412628769e-18,-0.0081689609691179398,0.0087934414841891895
2019-09-02,2019-09-03,2019-09-04,net_cashflows,USD,0.98999999999999999,EWMA_GAUSS,ALL_EQUIVARIANT,-0.00061848713831370004,0.0042523187998430639,0.0048818433746145992,-5.4511846166921707,0,0.00062952457477153528,262144,2018-12-31,3.1272456412628769e-18,3.1272456412628769e-18,-0.0081689609691179398,0.0087934414841891895
2019-09-02,2019-09-03,2019-09-04,funded_assets,EUR,0.94999999999999996,EWMA_SELFNORMALIZED,ALL_EQUIVARIANT,0.0026435164753918,0.0039442064675279664,0.0049406059683523764,-5.5119428547913794,0,0.00099639950082440996,262144,2018-12-31,3.3584856358633008e-18,3.3584856358633008e-18,-0.010597503595434987,0.010143151260706723
2019-09-02,2019-09-03,2019-09-04,funded_assets,EUR,0.98999999999999999,EWMA_SELFNORMALIZED,ALL_EQUIVARIANT,0.0026435164753918,0.005580164492203582,0.0063642520279000633,-5.1802604033410802,0,0.00078408753569648125,262144,2018-12-31,3.3584856358633008e-18,3.3584856358633008e-18,-0.010597503595434987,0.010143151260706723
2019-09-02,2019-09-03,2019-09-04,funded_assets,USD,0.94999999999999996,EWMA_SELFNORMALIZED,ALL_EQUIVARIANT,0.0026341074026297998,0.0039613217998849762,0.0049681028657940175,-5.5073662265268677,0,0.0010067810659090412,262144,2018-12-31,3.3584856358633008e-18,3.3584856358633008e-18,-0.010516767311956037,0.010387301747593515
2019-09-02,2019-09-03,2019-09-04,funded_assets,USD,0.98999999999999999,EWMA_SELFNORMALIZED,ALL_EQUIVARIANT,0.0026341074026297998,0.0056120379148179647,0.0064092007839375974,-5.1743985883643404,0,0.00079716286911963273,262144,2018-12-31,3.3584856358633008e-18,3.3584856358633008e-18,-0.010516767311956037,0.010387301747593515
2019-09-02,2019-09-03,2019-09-04,net_cashflows,EUR,0.94999999999999996,EWMA_SELFNORMALIZED,ALL_EQUIVARIANT,-0.00062570970759019998,0.0030052202822045352,0.0037637444847380178,-5.7838754009354743,0,0.00075852420253348261,262144,2018-12-31,3.3584856358633008e-18,3.3584856358633008e-18,-0.0080196022728895259,0.0080204761755681801
2019-09-02,2019-09-03,2019-09-04,net_cashflows,EUR,0.98999999999999999,EWMA_SELFNORMALIZED,ALL_EQUIVARIANT,-0.00062570970759019998,0.0042515406084667196,0.0048544507905703589,-5.452056709264502,0,0.00060291018210363936,262144,2018-12-31,3.3584856358633008e-18,3.3584856358633008e-18,-0.0080196022728895259,0.0080204761755681801
2019-09-02,2019-09-03,2019-09-04,net_cashflows,USD,0.94999999999999996,EWMA_SELFNORMALIZED,ALL_EQUIVARIANT,-0.00061848713831370004,0.0030139759258222352,0.0037797216107984619,-5.7806980641054793,0,0.00076574568497622675,262144,2018-12-31,3.3584856358633008e-18,3.3584856358633008e-18,-0.0079569649701370267,0.008107239253294457
2019-09-02,2019-09-03,2019-09-04,net_cashflows,USD,0.98999999999999999,EWMA_SELFNORMALIZED,ALL_EQUIVARIANT,-0.00061848713831370004,0.0042691061718932652,0.0048801033984040001,-5.4477905680405438,0,0.00061099722651073492,262144,2018-12-31,3.3584856358633008e-18,3.3584856358633008e-18,-0.0079569649701370267,0.008107239253294457
2019-09-02,2019-09-03,2019-09-04,funded_assets,EUR,0.94999999999999996,IN_FHS1250,EUR,0.0026435164753918,0.0042082163067653222,0.0056268664796381871,-5.4323233841292717,0,0.0014186501728728649,1249,2018-12-31,2.6156377411212794e-18,2.6156377411212794e-18,-0.014589472239743329,0.011948042503450579
2019-09-02,2019-09-03,2019-09-04,funded_assets,EUR,0.98999999999999999,IN_FHS1250,EUR,0.0026435164753918,0.0063640010594743224,0.0079174429509933676,-5.034891984670713,0,0.0015534418915190452,1249,2018-12-31,2.6156377411212794e-18,2.6156377411212794e-18,-0.014589472239743329,0.011948042503450579
2019-09-02,2019-09-03,2019-09-04,funded_assets,USD,0.94999999999999996,IN_FHS1250,EUR,0.0026341074026297998,0.0042065037943306623,0.0056653617813406769,-5.4308893477467599,0,0.0014588579870100146,1249,2018-12-31,2.6156377411212794e-18,2.6156377411212794e-18,-0.014354107947345823,0.011996231237752283
2019-09-02,2019-09-03,2019-09-04,funded_assets,USD,0.98999999999999999,IN_FHS1250,EUR,0.0026341074026297998,0.0063557081776863325,0.0079944541994373085,-5.033992556469352,0,0.001638746021750976,1249,2018-12-31,2.6156377411212794e-18,2.6156377411212794e-18,-0.014354107947345823,0.011996231237752283
2019-09-02,2019-09-03,2019-09-04,net_cashflows,EUR,0.94999999999999996,IN_FHS1250,EUR,-0.00062570970759019998,0.0027844306128794625,0.0039162154127926089,-5.8316291760779206,0,0.0011317847999131464,1249,2018-12-31,2.6156377411212794e-18,2.6156377411212794e-18,-0.0083602886181242449,0.0084067328195017062
2019-09-02,2019-09-03,2019-09-04,net_cashflows,EUR,0.98999999999999999,IN_FHS1250,EUR,-0.00062570970759019998,0.0046433244219886488,0.005754572795471485,-5.3508674861670071,0,0.0011112483734828362,1249,2018-12-31,2.6156377411212794e-18,2.6156377411212794e-18,-0.0083602886181242449,0.0084067328195017062
2019-09-02,2019-09-03,2019-09-04,net_cashflows,USD,0.94999999999999996,IN_FHS1250,EUR,-0.00061848713831370004,0.0027958697279314719,0.0039343374994985567,-5.8273798567526622,0,0.0011384677715670847,1249,2018-12-31,2.6156377411212794e-18,2.6156377411212794e-18,-0.0082171751710648014,0.0083615658035244601
2019-09-02,2019-09-03,2019-09-04,net_cashflows,USD,0.98999999999999999,IN_FHS1250,EUR,-0.00061848713831370004,0.004670996966302722,0.0057933759101358399,-5.3447749711574755,0,0.0011223789438331178,1249,2018-12-31,2.6156377411212794e-18,2.6156377411212794e-18,-0.0082171751710648014,0.0083615658035244601
2019-09-02,2019-09-03,2019-09-04,funded_assets,EUR,0.94999999999999996,IN_TCOP1250,EUR,0.0026435164753918,0.0043146806149246819,0.0057434287737172414,-5.4084611312552866,0,0.0014287481587925595,262144,2018-12-31,3.7133924407628527e-18,3.7133924407628527e-18,-0.017256538019009504,0.01553036002162686
2019-09-02,2019-09-03,2019-09-04,funded_assets,EUR,0.98999999999999999,IN_TCOP1250,EUR,0.0026435164753918,0.0066156894271990341,0.0080304905850261503,-5.0006883297492948,0,0.0014148011578271162,262144,2018-12-31,3.7133924407628527e-18,3.7133924407628527e-18,-0.017256538019009504,0.01553036002162686
2019-09-02,2019-09-03,2019-09-04,funded_assets,USD,0.94999999999999996,IN_TCOP1250,EUR,0.0026341074026297998,0.004332260287586957,0.0057813117471186568,-5.4037687380992843,0,0.0014490514595316998,262144,2018-12-31,3.7133924407628527e-18,3.7133924407628527e-18,-0.016834144157958718,0.015932622959158663
2019-09-02,2019-09-03,2019-09-04,funded_assets,USD,0.98999999999999999,IN_TCOP1250,EUR,0.0026341074026297998,0.0066621938851874332,0.0081031988033055408,-4.993327994824627,0,0.0014410049181181077,262144,2018-12-31,3.7133924407628527e-18,3.7133924407628527e-18,-0.016834144157958718,0.015932622959158663
2019-09-02,2019-09-03,2019-09-04,net_cashflows,EUR,0.94999999999999996,IN_TCOP1250,EUR,-0.00062570970759019998,0.0028017971400332688,0.0037731081150651235,-5.8372861180056832,0,0.0009713109750318547,262144,2018-12-31,3.7133924407628527e-18,3.7133924407628527e-18,-0.014554193351048371,0.011718069162890232
2019-09-02,2019-09-03,2019-09-04,net_cashflows,EUR,0.98999999999999999,IN_TCOP1250,EUR,-0.00062570970759019998,0.004365797444994224,0.0053541107623443131,-5.4144802749694207,0,0.00098831331735008913,262144,2018-12-31,3.7133924407628527e-18,3.7133924407628527e-18,-0.014554193351048371,0.011718069162890232
2019-09-02,2019-09-03,2019-09-04,net_cashflows,USD,0.94999999999999996,IN_TCOP1250,EUR,-0.00061848713831370004,0.0028094100773210524,0.0037888296970293007,-5.8341999799214808,0,0.0009794196197082483,262144,2018-12-31,3.7133924407628527e-18,3.7133924407628527e-18,-0.014300797404793987,0.011781147753274825
2019-09-02,2019-09-03,2019-09-04,net_cashflows,USD,0.98999999999999999,IN_TCOP1250,EUR,-0.00061848713831370004,0.0043815523562331475,0.0053841695918258282,-5.4105079484835006,0,0.0010026172355926807,262144,2018-12-31,3.7133924407628527e-18,3.7133924407628527e-18,-0.014300797404793987,0.011781147753274825
2019-09-02,2019-09-03,2019-09-04,funded_assets,EUR,0.94999999999999996,IN_FHS1250,USD,0.0026435164753918,0.0036466629084850877,0.0050749145114510931,-5.5648792272734831,0,0.0014282516029660054,1249,2018-12-31,2.56650983018053e-18,2.56650983018053e-18,-0.020102756725180804,0.012433353489731902
2019-09-02,2019-09-03,2019-09-04,funded_assets,EUR,0.98999999999999999,IN_FHS1250,USD,0.0026435164753918,0.0058726184728009889,0.0069191754088236915,-5.1247132520577958,0,0.0010465569360227026,1249,2018-12-31,2.56650983018053e-18,2.56650983018053e-18,-0.020102756725180804,0.012433353489731902
2019-09-02,2019-09-03,2019-09-04,funded_assets,USD,0.94999999999999996,IN_FHS1250,USD,0.0026341074026297998,0.0036775795782456053,0.0050999760417110998,-5.5574220145144446,0,0.0014223964634654945,1249,2018-12-31,2.56650983018053e-18,2.56650983018053e-18,-0.019986315377312217,0.012491108854930915
2019-09-02,2019-09-03,2019-09-04,funded_assets,USD,0.98999999999999999,IN_FHS1250,USD,0.0026341074026297998,0.0059865956382228721,0.006965827854066596,-5.1073153938011462,0,0.00097923221584372399,1249,2018-12-31,2.56650983018053e-18,2.56650983018053e-18,-0.019986315377312217,0.012491108854930915
2019-09-02,2019-09-03,2019-09-04,net_cashflows,EUR,0.94999999999999996,IN_FHS1250,USD,-0.00062570970759019998,0.0030854606215637184,0.0041797638551672759,-5.7393103506616656,0,0.0010943032336035575,1249,2018-12-31,2.56650983018053e-18,2.56650983018053e-18,-0.0069896998832529875,0.010944309858633417
2019-09-02,2019-09-03,2019-09-04,net_cashflows,EUR,0.98999999999999999,IN_FHS1250,USD,-0.00062570970759019998,0.004853365736784165,0.0061416346165878224,-5.3024242833531794,0,0.0012882688798036574,1249,2018-12-31,2.56650983018053e-18,2.56650983018053e-18,-0.0069896998832529875,0.010944309858633417
2019-09-02,2019-09-03,2019-09-04,net_cashflows,USD,0.94999999999999996,IN_FHS1250,USD,-0.00061848713831370004,0.0030679633592101121,0.0041994551171773697,-5.7422382508695273,0,0.0011314917579672576,1249,2018-12-31,2.56650983018053e-18,2.56650983018053e-18,-0.0069281232985500254,0.010876929570779653
2019-09-02,2019-09-03,2019-09-04,net_cashflows,USD,0.98999999999999999,IN_FHS1250,USD,-0.00061848713831370004,0.0048220819139609475,0.0061736593498606116,-5.3063899973415776,0,0.0013515774358996641,1249,2018-12-31,2.56650983018053e-18,2.56650983018053e-18,-0.0069281232985500254,0.010876929570779653
2019-09-02,2019-09-03,2019-09-04,funded_assets,EUR,0.94999999999999996,IN_TCOP1250,USD,0.0026435164753918,0.0039885487088455185,0.0052723970540120802,-5.4887739002138076,0,0.0012838483451665618,262144,2018-12-31,4.5468728608610842e-18,4.5468728608610842e-18,-0.019702219324030268,0.019563773558270714
2019-09-02,2019-09-03,2019-09-04,funded_assets,EUR,0.98999999999999999,IN_TCOP1250,USD,0.0026435164753918,0.0060388864415238386,0.0073034222236124016,-5.0925551536542981,0,0.001264535782088563,262144,2018-12-31,4.5468728608610842e-18,4.5468728608610842e-18,-0.019702219324030268,0.019563773558270714
2019-09-02,2019-09-03,2019-09-04,funded_assets,USD,0.94999999999999996,IN_TCOP1250,USD,0.0026341074026297998,0.004004719445199147,0.0053028648858119212,-5.484308836263744,0,0.0012981454406127742,262144,2018-12-31,4.5468728608610842e-18,4.5468728608610842e-18,-0.019173533045708173,0.019885752027780677
2019-09-02,2019-09-03,2019-09-04,funded_assets,USD,0.98999999999999999,IN_TCOP1250,USD,0.0026341074026297998,0.0060797550236538749,0.007359273154499699,-5.0856588496441191,0,0.0012795181308458241,262144,2018-12-31,4.5468728608610842e-18,4.5468728608610842e-18,-0.019173533045708173,0.019885752027780677
2019-09-02,2019-09-03,2019-09-04,net_cashflows,EUR,0.94999999999999996,IN_TCOP1250,USD,-0.00062570970759019998,0.0029813270216407779,0.0041691930767395356,-5.7649478669272769,0,0.0011878660550987577,262144,2018-12-31,4.5468728608610842e-18,4.5468728608610842e-18,-0.010428444938454618,0.017089282293079801
2019-09-02,2019-09-03,2019-09-04,net_cashflows,EUR,0.98999999999999999,IN_TCOP1250,USD,-0.00062570970759019998,0.0047408231169242089,0.0062685516548525774,-5.3159231079348306,0,0.0015277285379283684,262144,2018-12-31,4.5468728608610842e-18,4.5468728608610842e-18,-0.010428444938454618,0.017089282293079801
2019-09-02,2019-09-03,2019-09-04,net_cashflows,USD,0.94999999999999996,IN_TCOP1250,USD,-0.00061848713831370004,0.0029910991005344233,0.0041896796669734487,-5.7612102854668592,0,0.0011985805664390253,262144,2018-12-31,4.5468728608610842e-18,4.5468728608610842e-18,-0.010420281410897176,0.017302247929780239
2019-09-02,2019-09-03,2019-09-04,net_cashflows,USD,0.98999999999999999,IN_TCOP1250,USD,-0.00061848713831370004,0.0047669586240777669,0.006314380375938922,-5.3099887667787398,0,0.0015474217518611551,262144,2018-12-31,4.5468728608610842e-18,4.5468728608610842e-18,-0.010420281410897176,0.017302247929780239
2019-09-02,2019-09-03,2019-09-04,funded_assets,EUR,0.94999999999999996,IN_FHS1250,GBP,0.0026435164753918,0.0048593177420368783,0.006523808876685069,-5.2874378922241059,0,0.0016644911346481907,1249,2018-12-31,4.0996394647108136e-18,4.0996394647108136e-18,-0.025105156406464824,0.014665581030561148
2019-09-02,2019-09-03,2019-09-04,funded_assets,EUR,0.98999999999999999,IN_FHS1250,GBP,0.0026435164753918,0.0068713963605220585,0.0093499523046793424,-4.9374715862735483,0,0.0024785559441572839,1249,2018-12-31,4.0996394647108136e-18,4.0996394647108136e-18,-0.025105156406464824,0.014665581030561148
2019-09-02,2019-09-03,2019-09-04,funded_assets,USD,0.94999999999999996,IN_FHS1250,GBP,0.0026341074026297998,0.0048814391152671305,0.0065842434334838331,-5.2816939111322316,0,0.0017028043182167026,1249,2018-12-31,4.0996394647108136e-18,4.0996394647108136e-18,-0.024308297634208092,0.014750863599667031
2019-09-02,2019-09-03,2019-09-04,funded_assets,USD,0.98999999999999999,IN_FHS1250,GBP,0.0026341074026297998,0.0070598040625672355,0.0094669611951557521,-4.9142165618291482,0,0.0024071571325885166,1249,2018-12-31,4.0996394647108136e-18,4.0996394647108136e-18,-0.024308297634208092,0.014750863599667031
2019-09-02,2019-09-03,2019-09-04,net_cashflows,EUR,0.94999999999999996,IN_FHS1250,GBP,-0.00062570970759019998,0.0033107719783126099,0.0046036172671910704,-5.6617454096262927,0,0.0012928452888784606,1249,2018-12-31,4.0996394647108136e-18,4.0996394647108136e-18,-0.0081221264957982327,0.010407735767985482
2019-09-02,2019-09-03,2019-09-04,net_cashflows,EUR,0.98999999999999999,IN_FHS1250,GBP,-0.00062570970759019998,0.0055518886392975416,0.0067080452838076988,-5.1768014171353691,0,0.0011561566445101572,1249,2018-12-31,4.0996394647108136e-18,4.0996394647108136e-18,-0.0081221264957982327,0.010407735767985482
2019-09-02,2019-09-03,2019-09-04,net_cashflows,USD,0.94999999999999996,IN_FHS1250,GBP,-0.00061848713831370004,0.0033405116647997283,0.0046337108534760729,-5.6534822506152143,0,0.0012931991886763446,1249,2018-12-31,4.0996394647108136e-18,4.0996394647108136e-18,-0.0079317845886943822,0.010750411747886832
2019-09-02,2019-09-03,2019-09-04,net_cashflows,USD,0.98999999999999999,IN_FHS1250,GBP,-0.00061848713831370004,0.0055822767829906434,0.0067696446708479735,-5.1707025745704058,0,0.0011873678878573301,1249,2018-12-31,4.0996394647108136e-18,4.0996394647108136e-18,-0.0079317845886943822,0.010750411747886832
2019-09-02,2019-09-03,2019-09-04,funded_assets,EUR,0.94999999999999996,IN_TCOP1250,GBP,0.0026435164753918,0.0052713797730913614,0.0073409741700184456,-5.1962073968407338,0,0.0020695943969270842,262144,2018-12-31,6.2341624917916505e-18,6.2341624917916505e-18,-0.03107237897130502,0.032819467306956757
2019-09-02,2019-09-03,2019-09-04,funded_assets,EUR,0.98999999999999999,IN_TCOP1250,GBP,0.0026435164753918,0.0085319586039098727,0.010792074189441303,-4.7383669372562061,0,0.0022601155855314307,262144,2018-12-31,6.2341624917916505e-18,6.2341624917916505e-18,-0.03107237897130502,0.032819467306956757
2019-09-02,2019-09-03,2019-09-04,funded_assets,USD,0.94999999999999996,IN_TCOP1250,GBP,0.0026341074026297998,0.0053027465463637239,0.0074129022226571443,-5.1891931089794046,0,0.0021101556762934204,262144,2018-12-31,6.2341624917916505e-18,6.2341624917916505e-18,-0.02968094127121616,0.03400350245812598
2019-09-02,2019-09-03,2019-09-04,funded_assets,USD,0.98999999999999999,IN_TCOP1250,GBP,0.0026341074026297998,0.0086217793522431248,0.010942336725015994,-4.7271873745460109,0,0.002320557372772869,262144,2018-12-31,6.2341624917916505e-18,6.2341624917916505e-18,-0.02968094127121616,0.03400350245812598
2019-09-02,2019-09-03,2019-09-04,net_cashflows,EUR,0.94999999999999996,IN_TCOP1250,GBP,-0.00062570970759019998,0.0033725315731529381,0.0047093551064976789,-5.6420698197923498,0,0.0013368235333447408,262144,2018-12-31,6.2341624917916505e-18,6.2341624917916505e-18,-0.017907970695679998,0.018018127740558366
2019-09-02,2019-09-03,2019-09-04,net_cashflows,EUR,0.98999999999999999,IN_TCOP1250,GBP,-0.00062570970759019998,0.0054747604632152894,0.0069422403113718351,-5.1815149355729737,0,0.0014674798481565457,262144,2018-12-31,6.2341624917916505e-18,6.2341624917916505e-18,-0.017907970695679998,0.018018127740558366
2019-09-02,2019-09-03,2019-09-04,net_cashflows,USD,0.94999999999999996,IN_TCOP1250,GBP,-0.00061848713831370004,0.0033849700688239159,0.0047409846941840385,-5.6375300402349895,0,0.0013560146253601226,262144,2018-12-31,6.2341624917916505e-18,6.2341624917916505e-18,-0.017270235055506747,0.01843934107796524
2019-09-02,2019-09-03,2019-09-04,net_cashflows,USD,0.98999999999999999,IN_TCOP1250,GBP,-0.00061848713831370004,0.005513627884795271,0.0070154139302924965,-5.1737150454807539,0,0.0015017860454972255,262144,2018-12-31,6.2341624917916505e-18,6.2341624917916505e-18,-0.017270235055506747,0.01843934107796524
2019-09-02,2019-09-03,2019-09-04,funded_assets,EUR,0.94999999999999996,IN_FHS1250,JPY,0.0026435164753918,0.0044912627067750233,0.006015704313699001,-5.366792172130876,0,0.0015244416069239777,1249,2018-12-31,3.4457300294304938e-18,3.4457300294304938e-18,-0.017364355627524114,0.01097804324613616
2019-09-02,2019-09-03,2019-09-04,funded_assets,EUR,0.98999999999999999,IN_FHS1250,JPY,0.0026435164753918,0.0069029670049015335,0.008586454321581059,-4.9536325504324967,0,0.0016834873166795255,1249,2018-12-31,3.4457300294304938e-18,3.4457300294304938e-18,-0.017364355627524114,0.01097804324613616
2019-09-02,2019-09-03,2019-09-04,funded_assets,USD,0.94999999999999996,IN_FHS1250,JPY,0.0026341074026297998,0.0044898840742831911,0.0060777855939211783,-5.3643780290268568,0,0.0015879015196379872,1249,2018-12-31,3.4457300294304938e-18,3.4457300294304938e-18,-0.01722374475391987,0.011341027059388283
2019-09-02,2019-09-03,2019-09-04,funded_assets,USD,0.98999999999999999,IN_FHS1250,JPY,0.0026341074026297998,0.006940923863533799,0.0086965404216547155,-4.9467052680182864,0,0.0017556165581209164,1249,2018-12-31,3.4457300294304938e-18,3.4457300294304938e-18,-0.01722374475391987,0.011341027059388283
2019-09-02,2019-09-03,2019-09-04,net_cashflows,EUR,0.94999999999999996,IN_FHS1250,JPY,-0.00062570970759019998,0.0031542345927362604,0.0040917702813590287,-5.7279047272004187,0,0.00093753568862276837,1249,2018-12-31,3.4457300294304938e-18,3.4457300294304938e-18,-0.0061444572125564645,0.0086171270759933249
2019-09-02,2019-09-03,2019-09-04,net_cashflows,EUR,0.98999999999999999,IN_FHS1250,JPY,-0.00062570970759019998,0.0043814276250044972,0.0056134229762090327,-5.4020676909342802,0,0.0012319953512045356,1249,2018-12-31,3.4457300294304938e-18,3.4457300294304938e-18,-0.0061444572125564645,0.0086171270759933249
2019-09-02,2019-09-03,2019-09-04,net_cashflows,USD,0.94999999999999996,IN_FHS1250,JPY,-0.00061848713831370004,0.0031916788811357662,0.0041189797882852531,-5.7172785535385282,0,0.00092730090714948686,1249,2018-12-31,3.4457300294304938e-18,3.4457300294304938e-18,-0.0061791308654049071,0.0085429941437038578
2019-09-02,2019-09-03,2019-09-04,net_cashflows,USD,0.98999999999999999,IN_FHS1250,JPY,-0.00061848713831370004,0.0044018671947627193,0.0056554612428095083,-5.3967944063013569,0,0.001253594048046789,1249,2018-12-31,3.4457300294304938e-18,3.4457300294304938e-18,-0.0061791308654049071,0.0085429941437038578
2019-09-02,2019-09-03,2019-09-04,funded_assets,EUR,0.94999999999999996,IN_TCOP1250,JPY,0.0026435164753918,0.0045127138447377257,0.0060479830819356404,-5.3618785742823283,0,0.0015352692371979147,262144,2018-12-31,5.5294310796760726e-18,5.5294310796760726e-18,-0.022880566733218255,0.023177716895201345
2019-09-02,2019-09-03,2019-09-04,funded_assets,EUR,0.98999999999999999,IN_TCOP1250,JPY,0.0026435164753918,0.0069577692016250525,0.0085622827364752012,-4.9477816464697506,0,0.0016045135348501487,262144,2018-12-31,5.5294310796760726e-18,5.5294310796760726e-18,-0.022880566733218255,0.023177716895201345
2019-09-02,2019-09-03,2019-09-04,funded_assets,USD,0.94999999999999996,IN_TCOP1250,JPY,0.0026341074026297998,0.0045348318597547487,0.0060979672965392022,-5.3561369236014187,0,0.0015631354367844534,262144,2018-12-31,5.5294310796760726e-18,5.5294310796760726e-18,-0.021927237390662803,0.023751923597628677
2019-09-02,2019-09-03,2019-09-04,funded_assets,USD,0.98999999999999999,IN_TCOP1250,JPY,0.0026341074026297998,0.007021668363389225,0.0086593829406143592,-4.9382378266823483,0,0.0016377145772251342,262144,2018-12-31,5.5294310796760726e-18,5.5294310796760726e-18,-0.021927237390662803,0.023751923597628677
2019-09-02,2019-09-03,2019-09-04,net_cashflows,EUR,0.94999999999999996,IN_TCOP1250,JPY,-0.00062570970759019998,0.0030312497782528092,0.0040771932013469875,-5.7588816313004534,0,0.0010459434230941783,262144,2018-12-31,5.5294310796760726e-18,5.5294310796760726e-18,-0.013146490548583679,0.014590274519364834
2019-09-02,2019-09-03,2019-09-04,net_cashflows,EUR,0.98999999999999999,IN_TCOP1250,JPY,-0.00062570970759019998,0.0046764906819565799,0.0056392873107207891,-5.3487277809644667,0,0.00096279662876420924,262144,2018-12-31,5.5294310796760726e-18,5.5294310796760726e-18,-0.013146490548583679,0.014590274519364834
2019-09-02,2019-09-03,2019-09-04,net_cashflows,USD,0.94999999999999996,IN_TCOP1250,JPY,-0.00061848713831370004,0.0030452614212810062,0.0041010880975287482,-5.7539533277010264,0,0.001055826676247742,262144,2018-12-31,5.5294310796760726e-18,5.5294310796760726e-18,-0.01268550469690877,0.015019862833550363
2019-09-02,2019-09-03,2019-09-04,net_cashflows,USD,0.98999999999999999,IN_TCOP1250,JPY,-0.00061848713831370004,0.0047081924162986509,0.0056864721923906587,-5.3417015490919511,0,0.0009782797760920078,262144,2018-12-31,5.5294310796760726e-18,5.5294310796760726e-18,-0.01268550469690877,0.015019862833550363
2019-09-02,2019-09-03,2019-09-04,funded_assets,EUR,0.94999999999999996,IN_FHS1250,CHF,0.0026435164753918,0.0041589024636170258,0.0060423974579013329,-5.4206676069055231,0,0.0018834949942843071,1249,2018-12-31,3.8014838672772999e-18,3.8014838672772999e-18,-0.01105051864665596,0.024329168389830513
2019-09-02,2019-09-03,2019-09-04,funded_assets,EUR,0.98999999999999999,IN_FHS1250,CHF,0.0026435164753918,0.0069815122737314217,0.0098575713155106756,-4.9112768813488472,0,0.0028760590417792539,1249,2018-12-31,3.8014838672772999e-18,3.8014838672772999e-18,-0.01105051864665596,0.024329168389830513
2019-09-02,2019-09-03,2019-09-04,funded_assets,USD,0.94999999999999996,IN_FHS1250,CHF,0.0026341074026297998,0.0042032800828899304,0.0061052018992738344,-5.4101389034124416,0,0.001901921816383904,1249,2018-12-31,3.8014838672772999e-18,3.8014838672772999e-18,-0.011004233904033482,0.025309923538296551
2019-09-02,2019-09-03,2019-09-04,funded_assets,USD,0.98999999999999999,IN_FHS1250,CHF,0.0026341074026297998,0.0070469085808424646,0.010020241947018213,-4.8998807290827591,0,0.0029733333661757485,1249,2018-12-31,3.8014838672772999e-18,3.8014838672772999e-18,-0.011004233904033482,0.025309923538296551
2019-09-02,2019-09-03,2019-09-04,net_cashflows,EUR,0.94999999999999996,IN_FHS1250,CHF,-0.00062570970759019998,0.0032336710221653295,0.0046566245200014783,-5.6750406177977046,0,0.0014229534978361488,1249,2018-12-31,3.8014838672772999e-18,3.8014838672772999e-18,-0.0096622670636540078,0.011515131356174057
2019-09-02,2019-09-03,2019-09-04,net_cashflows,EUR,0.98999999999999999,IN_FHS1250,CHF,-0.00062570970759019998,0.0053110821183617422,0.0073210223686985196,-5.1915489493951004,0,0.0020099402503367773,1249,2018-12-31,3.8014838672772999e-18,3.8014838672772999e-18,-0.0096622670636540078,0.011515131356174057
2019-09-02,2019-09-03,2019-09-04,net_cashflows,USD,0.94999999999999996,IN_FHS1250,CHF,-0.00061848713831370004,0.0032398150793568848,0.0046950231952151127,-5.6711991751428377,0,0.0014552081158582279,1249,2018-12-31,3.8014838672772999e-18,3.8014838672772999e-18,-0.0095256684924993288,0.012231089548258934
2019-09-02,2019-09-03,2019-09-04,net_cashflows,USD,0.98999999999999999,IN_FHS1250,CHF,-0.00061848713831370004,0.0053609773453908698,0.0074403004433290232,-5.1803116742892179,0,0.0020793230979381534,1249,2018-12-31,3.8014838672772999e-18,3.8014838672772999e-18,-0.0095256684924993288,0.012231089548258934
2019-09-02,2019-09-03,2019-09-04,funded_assets,EUR,0.94999999999999996,IN_TCOP1250,CHF,0.0026435164753918,0.0044007042719488576,0.0061791096978594234,-5.3743904103361144,0,0.0017784054259105658,262144,2018-12-31,7.94178091345632e-18,7.94178091345632e-18,-0.022402658955649996,0.031512437730771087
2019-09-02,2019-09-03,2019-09-04,funded_assets,EUR,0.98999999999999999,IN_TCOP1250,CHF,0.0026435164753918,0.0070321483265442797,0.0094080511973277728,-4.9187287679551792,0,0.0023759028707834931,262144,2018-12-31,7.94178091345632e-18,7.94178091345632e-18,-0.022402658955649996,0.031512437730771087
2019-09-02,2019-09-03,2019-09-04,funded_assets,USD,0.94999999999999996,IN_TCOP1250,CHF,0.0026341074026297998,0.0044224263165749166,0.006238806993248646,-5.3681086113803147,0,0.0018163806766737295,262144,2018-12-31,7.94178091345632e-18,7.94178091345632e-18,-0.021672015017985179,0.032599527975658585
2019-09-02,2019-09-03,2019-09-04,funded_assets,USD,0.98999999999999999,IN_TCOP1250,CHF,0.0026341074026297998,0.0070900152273503988,0.0095665497807045138,-4.9083570336104785,0,0.002476534553354115,262144,2018-12-31,7.94178091345632e-18,7.94178091345632e-18,-0.021672015017985179,0.032599527975658585
2019-09-02,2019-09-03,2019-09-04,net_cashflows,EUR,0.94999999999999996,IN_TCOP1250,CHF,-0.00062570970759019998,0.0031973261308801521,0.0046373054028618771,-5.6841425032621276,0,0.001439979271981725,262144,2018-12-31,7.94178091345632e-18,7.94178091345632e-18,-0.019095516348960215,0.031470771903720544
2019-09-02,2019-09-03,2019-09-04,net_cashflows,EUR,0.98999999999999999,IN_TCOP1250,CHF,-0.00062570970759019998,0.0052121413670015992,0.0074569512355574866,-5.1996445086858207,0,0.0022448098685558873,262144,2018-12-31,7.94178091345632e-18,7.94178091345632e-18,-0.019095516348960215,0.031470771903720544
2019-09-02,2019-09-03,2019-09-04,net_cashflows,USD,0.94999999999999996,IN_TCOP1250,CHF,-0.00061848713831370004,0.0032107742051789945,0.0046804158895631309,-5.6783664051139988,0,0.0014696416843841364,262144,2018-12-31,7.94178091345632e-18,7.94178091345632e-18,-0.018748236650081736,0.033413309624037449
2019-09-02,2019-09-03,2019-09-04,net_cashflows,USD,0.98999999999999999,IN_TCOP1250,CHF,-0.00061848713831370004,0.0052515065184165861,0.0075898915860278353,-5.1890299963806479,0,0.0023383850676112492,262144,2018-12-31,7.94178091345632e-18,7.94178091345632e-18,-0.018748236650081736,0.033413309624037449
2019-09-02,2019-09-03,2019-09-04,funded_assets,EUR,0.94999999999999996,IN_FHS_REF_POOL,ALL_FIVE,0.0026435164753918,0.0043078715321267502,0.0059124743954863772,-5.4020836358294266,0,0.001604602863359627,6245,2018-12-31,0,0,-0.025105156406464824,0.024329168389830513
2019-09-02,2019-09-03,2019-09-04,funded_assets,EUR,0.98999999999999999,IN_FHS_REF_POOL,ALL_FIVE,0.0026435164753918,0.006556017175537221,0.008606347917706151,-4.993489921282416,0,0.00205033074216893,6245,2018-12-31,0,0,-0.025105156406464824,0.024329168389830513
2019-09-02,2019-09-03,2019-09-04,funded_assets,USD,0.94999999999999996,IN_FHS_REF_POOL,ALL_FIVE,0.0026341074026297998,0.0043211524302773849,0.0059626098694835128,-5.3975387686075127,0,0.0016414574392061279,6245,2018-12-31,0,0,-0.024308297634208092,0.025309923538296551
2019-09-02,2019-09-03,2019-09-04,funded_assets,USD,0.98999999999999999,IN_FHS_REF_POOL,ALL_FIVE,0.0026341074026297998,0.0065914945487568835,0.0087153964974034312,-4.9863594950959804,0,0.0021239019486465477,6245,2018-12-31,0,0,-0.024308297634208092,0.025309923538296551
2019-09-02,2019-09-03,2019-09-04,net_cashflows,EUR,0.94999999999999996,IN_FHS_REF_POOL,ALL_FIVE,-0.00062570970759019998,0.00309740008468159,0.0043017731808237397,-5.7286992890852702,0,0.0012043730961421497,6245,2018-12-31,0,0,-0.0096622670636540078,0.011515131356174057
2019-09-02,2019-09-03,2019-09-04,net_cashflows,EUR,0.98999999999999999,IN_FHS_REF_POOL,ALL_FIVE,-0.00062570970759019998,0.0049063701341094503,0.0064054955643511905,-5.2846363599450834,0,0.0014991254302417403,6245,2018-12-31,0,0,-0.0096622670636540078,0.011515131356174057
2019-09-02,2019-09-03,2019-09-04,net_cashflows,USD,0.94999999999999996,IN_FHS_REF_POOL,ALL_FIVE,-0.00061848713831370004,0.0031061538070533161,0.0043290740056950846,-5.7248916344560037,0,0.0012229201986417686,6245,2018-12-31,0,0,-0.0095256684924993288,0.012231089548258934
2019-09-02,2019-09-03,2019-09-04,net_cashflows,USD,0.98999999999999999,IN_FHS_REF_POOL,ALL_FIVE,-0.00061848713831370004,0.0049760184878513292,0.0064698440286635375,-5.2714937804119844,0,0.0014938255408122082,6245,2018-12-31,0,0,-0.0095256684924993288,0.012231089548258934
2019-09-02,2019-09-03,2019-09-04,funded_assets,EUR,0.94999999999999996,IN_TCOP_REF_POOL,ALL_FIVE,0.0026435164753918,0.0044916516606467449,0.0061714078100803121,-5.3600119219542943,0,0.0016797561494335672,1310720,2018-12-31,0,0,-0.03107237897130502,0.032819467306956757
2019-09-02,2019-09-03,2019-09-04,funded_assets,EUR,0.98999999999999999,IN_TCOP_REF_POOL,ALL_FIVE,0.0026435164753918,0.0071133823060076373,0.009033872612038505,-4.9193618544579101,0,0.0019204903060308677,1310720,2018-12-31,0,0,-0.03107237897130502,0.032819467306956757
2019-09-02,2019-09-03,2019-09-04,funded_assets,USD,0.94999999999999996,IN_TCOP_REF_POOL,ALL_FIVE,0.0026341074026297998,0.0045148033923460579,0.0062221354165260499,-5.3540385914212125,0,0.001707332024179992,1310720,2018-12-31,0,0,-0.02968094127121616,0.03400350245812598
2019-09-02,2019-09-03,2019-09-04,funded_assets,USD,0.98999999999999999,IN_TCOP_REF_POOL,ALL_FIVE,0.0026341074026297998,0.0071724441067322767,0.0091460332076838107,-4.9102213705146101,0,0.001973589100951534,1310720,2018-12-31,0,0,-0.02968094127121616,0.03400350245812598
2019-09-02,2019-09-03,2019-09-04,net_cashflows,EUR,0.94999999999999996,IN_TCOP_REF_POOL,ALL_FIVE,-0.00062570970759019998,0.0030750490322899227,0.0042902077667985889,-5.7346601835385105,0,0.0012151587345086662,1310720,2018-12-31,0,0,-0.019095516348960215,0.031470771903720544
2019-09-02,2019-09-03,2019-09-04,net_cashflows,EUR,0.98999999999999999,IN_TCOP_REF_POOL,ALL_FIVE,-0.00062570970759019998,0.0049019816278831783,0.0064019959639416693,-5.2854496355886962,0,0.001500014336058491,1310720,2018-12-31,0,0,-0.019095516348960215,0.031470771903720544
2019-09-02,2019-09-03,2019-09-04,net_cashflows,USD,0.94999999999999996,IN_TCOP_REF_POOL,ALL_FIVE,-0.00061848713831370004,0.0030865800174662587,0.0043173723998323798,-5.7301873433233421,0,0.0012307923823661211,1310720,2018-12-31,0,0,-0.018748236650081736,0.033413309624037449
2019-09-02,2019-09-03,2019-09-04,net_cashflows,USD,0.98999999999999999,IN_TCOP_REF_POOL,ALL_FIVE,-0.00061848713831370004,0.0049337416074974119,0.0064691803470694068,-5.2780525841263461,0,0.0015354387395719949,1310720,2018-12-31,0,0,-0.018748236650081736,0.033413309624037449
2020-03-10,2020-03-11,2020-03-12,funded_assets,EUR,0.94999999999999996,HS1250,ALL_EQUIVARIANT,-0.0041801946900019002,0.0050485074226634952,0.0072610419961507792,-5.2299450289656431,0,0.0022125345734872841,1249,2019-12-31,3.8489177123235407e-18,3.8489177123235407e-18,-0.014647076779707779,0.015857900571365713
2020-03-10,2020-03-11,2020-03-12,funded_assets,EUR,0.98999999999999999,HS1250,ALL_EQUIVARIANT,-0.0041801946900019002,0.0081321119126782915,0.01110091100650761,-4.7681655298950432,0,0.0029687990938293187,1249,2019-12-31,3.8489177123235407e-18,3.8489177123235407e-18,-0.014647076779707779,0.015857900571365713
2020-03-10,2020-03-11,2020-03-12,funded_assets,USD,0.94999999999999996,HS1250,ALL_EQUIVARIANT,-0.0041200610454964004,0.0050973009235774722,0.0073413257183001322,-5.2199060771594921,0,0.0022440247947226599,1249,2019-12-31,3.8489177123235407e-18,3.8489177123235407e-18,-0.014236409804384526,0.0159662234291164
2020-03-10,2020-03-11,2020-03-12,funded_assets,USD,0.98999999999999999,HS1250,ALL_EQUIVARIANT,-0.0041200610454964004,0.0081614651365257973,0.011283422641116741,-4.7611059822069599,0,0.0031219575045909435,1249,2019-12-31,3.8489177123235407e-18,3.8489177123235407e-18,-0.014236409804384526,0.0159662234291164
2020-03-10,2020-03-11,2020-03-12,net_cashflows,EUR,0.94999999999999996,HS1250,ALL_EQUIVARIANT,0.0028073009309085,0.0036445348703508574,0.0053969595064921267,-5.5466254461817046,0,0.0017524246361412693,1249,2019-12-31,3.8489177123235407e-18,3.8489177123235407e-18,-0.010354008617036546,0.013415865599583542
2020-03-10,2020-03-11,2020-03-12,net_cashflows,EUR,0.98999999999999999,HS1250,ALL_EQUIVARIANT,0.0028073009309085,0.0067153640761734683,0.0087572804803279867,-4.971037735979861,0,0.0020419164041545184,1249,2019-12-31,3.8489177123235407e-18,3.8489177123235407e-18,-0.010354008617036546,0.013415865599583542
2020-03-10,2020-03-11,2020-03-12,net_cashflows,USD,0.94999999999999996,HS1250,ALL_EQUIVARIANT,0.0027808482572055002,0.0036866558798669315,0.005441428754905637,-5.5361974602734474,0,0.0017547728750387055,1249,2019-12-31,3.8489177123235407e-18,3.8489177123235407e-18,-0.010242993047722275,0.013251965850918881
2020-03-10,2020-03-11,2020-03-12,net_cashflows,USD,0.98999999999999999,HS1250,ALL_EQUIVARIANT,0.0027808482572055002,0.0067923875731671478,0.0088714366213072382,-4.9592716739169393,0,0.0020790490481400904,1249,2019-12-31,3.8489177123235407e-18,3.8489177123235407e-18,-0.010242993047722275,0.013251965850918881
2020-03-10,2020-03-11,2020-03-12,funded_assets,EUR,0.94999999999999996,EWMA_GAUSS,ALL_EQUIVARIANT,-0.0041801946900019002,0.004962687165162627,0.0062312723349686808,-5.2817583905077576,0,0.0012685851698060538,262144,2019-12-31,5.9766644758263432e-18,5.9766644758263432e-18,-0.014265322551834048,0.013969386239556236
2020-03-10,2020-03-11,2020-03-12,funded_assets,EUR,0.98999999999999999,EWMA_GAUSS,ALL_EQUIVARIANT,-0.0041801946900019002,0.0070377259350657695,0.0080573305614733692,-4.9477166986151317,0,0.0010196046264075997,262144,2019-12-31,5.9766644758263432e-18,5.9766644758263432e-18,-0.014265322551834048,0.013969386239556236
2020-03-10,2020-03-11,2020-03-12,funded_assets,USD,0.94999999999999996,EWMA_GAUSS,ALL_EQUIVARIANT,-0.0041200610454964004,0.0049910228042085673,0.0062744868519550787,-5.2758164047466893,0,0.0012834640477465114,262144,2019-12-31,5.9766644758263432e-18,5.9766644758263432e-18,-0.013697342727621856,0.01424041796422015
2020-03-10,2020-03-11,2020-03-12,funded_assets,USD,0.98999999999999999,EWMA_GAUSS,ALL_EQUIVARIANT,-0.0041200610454964004,0.0070925769476094984,0.0081269517478813787,-4.9398464583324149,0,0.0010343748002718802,262144,2019-12-31,5.9766644758263432e-18,5.9766644758263432e-18,-0.013697342727621856,0.01424041796422015
2020-03-10,2020-03-11,2020-03-12,net_cashflows,EUR,0.94999999999999996,EWMA_GAUSS,ALL_EQUIVARIANT,0.0028073009309085,0.006310287011714235,0.007906715357944195,-5.0419507419121778,0,0.0015964283462299601,262144,2019-12-31,5.9766644758263432e-18,5.9766644758263432e-18,-0.017566749330598454,0.01743382664040103
2020-03-10,2020-03-11,2020-03-12,net_cashflows,EUR,0.98999999999999999,EWMA_GAUSS,ALL_EQUIVARIANT,0.0028073009309085,0.0089159496442726815,0.010214500575716648,-4.711075129404648,0,0.0012985509314439661,262144,2019-12-31,5.9766644758263432e-18,5.9766644758263432e-18,-0.017566749330598454,0.01743382664040103
2020-03-10,2020-03-11,2020-03-12,net_cashflows,USD,0.94999999999999996,EWMA_GAUSS,ALL_EQUIVARIANT,0.0027808482572055002,0.0063595526858298409,0.0079925541094236306,-5.0335602486871993,0,0.0016330014235937896,262144,2019-12-31,5.9766644758263432e-18,5.9766644758263432e-18,-0.017275455290359031,0.018329898301165222
2020-03-10,2020-03-11,2020-03-12,net_cashflows,USD,0.98999999999999999,EWMA_GAUSS,ALL_EQUIVARIANT,0.0027808482572055002,0.0090230498859560498,0.010354916486752339,-4.6989155143126382,0,0.0013318666007962887,262144,2019-12-31,5.9766644758263432e-18,5.9766644758263432e-18,-0.017275455290359031,0.018329898301165222
2020-03-10,2020-03-11,2020-03-12,funded_assets,EUR,0.94999999999999996,EWMA_SELFNORMALIZED,ALL_EQUIVARIANT,-0.0041801946900019002,0.0049796693000837555,0.0062285437449367933,-5.2791209784949729,0,0.0012488744448530377,262144,2019-12-31,6.0986372202309624e-18,6.0986372202309624e-18,-0.012305132673416486,0.01206017917633817
2020-03-10,2020-03-11,2020-03-12,funded_assets,EUR,0.98999999999999999,EWMA_SELFNORMALIZED,ALL_EQUIVARIANT,-0.0041801946900019002,0.0070150788982899781,0.0080016829981769851,-4.9514029580220731,0,0.00098660409988700695,262144,2019-12-31,6.0986372202309624e-18,6.0986372202309624e-18,-0.012305132673416486,0.01206017917633817
2020-03-10,2020-03-11,2020-03-12,funded_assets,USD,0.94999999999999996,EWMA_SELFNORMALIZED,ALL_EQUIVARIANT,-0.0041200610454964004,0.0050059591572577796,0.006270949160719603,-5.2735498091438755,0,0.0012649900034618234,262144,2019-12-31,6.0986372202309624e-18,6.0986372202309624e-18,-0.011977161753821356,0.01229111949738792
2020-03-10,2020-03-11,2020-03-12,funded_assets,USD,0.98999999999999999,EWMA_SELFNORMALIZED,ALL_EQUIVARIANT,-0.0041200610454964004,0.007071985310053118,0.0080715910454196432,-4.9432471260411166,0,0.00099960573536652525,262144,2019-12-31,6.0986372202309624e-18,6.0986372202309624e-18,-0.011977161753821356,0.01229111949738792
2020-03-10,2020-03-11,2020-03-12,net_cashflows,EUR,0.94999999999999996,EWMA_SELFNORMALIZED,ALL_EQUIVARIANT,0.0028073009309085,0.0063178663759867019,0.0079184171648921369,-5.040694088419337,0,0.001600550788905435,262144,2019-12-31,6.0986372202309624e-18,6.0986372202309624e-18,-0.015540384873908086,0.01534371944641366
2020-03-10,2020-03-11,2020-03-12,net_cashflows,EUR,0.98999999999999999,EWMA_SELFNORMALIZED,ALL_EQUIVARIANT,0.0028073009309085,0.0089431070658087305,0.010198687455909057,-4.7086082065862449,0,0.0012555803901003262,262144,2019-12-31,6.0986372202309624e-18,6.0986372202309624e-18,-0.015540384873908086,0.01534371944641366
2020-03-10,2020-03-11,2020-03-12,net_cashflows,USD,0.94999999999999996,EWMA_SELFNORMALIZED,ALL_EQUIVARIANT,0.0027808482572055002,0.0063722827440980071,0.0080042358698792747,-5.031670579997682,0,0.0016319531257812676,262144,2019-12-31,6.0986372202309624e-18,6.0986372202309624e-18,-0.015119367738994881,0.01559435345911352
2020-03-10,2020-03-11,2020-03-12,net_cashflows,USD,0.98999999999999999,EWMA_SELFNORMALIZED,ALL_EQUIVARIANT,0.0027808482572055002,0.0090600031806985365,0.010339104991698373,-4.6955369170529178,0,0.0012791018109998362,262144,2019-12-31,6.0986372202309624e-18,6.0986372202309624e-18,-0.015119367738994881,0.01559435345911352
2020-03-10,2020-03-11,2020-03-12,funded_assets,EUR,0.94999999999999996,IN_FHS1250,EUR,-0.0041801946900019002,0.0050023821101640442,0.0067537870243028989,-5.2569737953452842,0,0.0017514049141388547,1249,2019-12-31,2.7850443305721395e-18,2.7850443305721395e-18,-0.012217981141177836,0.014277413681154122
2020-03-10,2020-03-11,2020-03-12,funded_assets,EUR,0.98999999999999999,IN_FHS1250,EUR,-0.0041801946900019002,0.0075615547848275899,0.0097891860055596865,-4.8540373854556682,0,0.0022276312207320965,1249,2019-12-31,2.7850443305721395e-18,2.7850443305721395e-18,-0.012217981141177836,0.014277413681154122
2020-03-10,2020-03-11,2020-03-12,funded_assets,USD,0.94999999999999996,IN_FHS1250,EUR,-0.0041200610454964004,0.0050140496334898088,0.0068096582387256639,-5.2530989139752142,0,0.0017956086052358551,1249,2019-12-31,2.7850443305721395e-18,2.7850443305721395e-18,-0.011959091571905179,0.014352772352246098
2020-03-10,2020-03-11,2020-03-12,funded_assets,USD,0.98999999999999999,IN_FHS1250,EUR,-0.0041200610454964004,0.0076164152730975408,0.0098952645429995628,-4.8459959179156868,0,0.0022788492699020221,1249,2019-12-31,2.7850443305721395e-18,2.7850443305721395e-18,-0.011959091571905179,0.014352772352246098
2020-03-10,2020-03-11,2020-03-12,net_cashflows,EUR,0.94999999999999996,IN_FHS1250,EUR,0.0028073009309085,0.0033201070352339435,0.0048138237744686863,-5.6465608927384681,0,0.0014937167392347428,1249,2019-12-31,2.7850443305721395e-18,2.7850443305721395e-18,-0.0094506976548693993,0.010295597561290337
2020-03-10,2020-03-11,2020-03-12,net_cashflows,EUR,0.98999999999999999,IN_FHS1250,EUR,0.0028073009309085,0.0057129429349683574,0.0073517824386325672,-5.1357297881675619,0,0.0016388395036642097,1249,2019-12-31,2.7850443305721395e-18,2.7850443305721395e-18,-0.0094506976548693993,0.010295597561290337
2020-03-10,2020-03-11,2020-03-12,net_cashflows,USD,0.94999999999999996,IN_FHS1250,EUR,0.0027808482572055002,0.003322163235943882,0.0048545724763503963,-5.6434973072712928,0,0.0015324092404065143,1249,2019-12-31,2.7850443305721395e-18,2.7850443305721395e-18,-0.0093418527415160997,0.010688855536423188
2020-03-10,2020-03-11,2020-03-12,net_cashflows,USD,0.98999999999999999,IN_FHS1250,EUR,0.0027808482572055002,0.0057157491380688836,0.0074608168059166931,-5.1319880494371972,0,0.0017450676678478095,1249,2019-12-31,2.7850443305721395e-18,2.7850443305721395e-18,-0.0093418527415160997,0.010688855536423188
2020-03-10,2020-03-11,2020-03-12,funded_assets,EUR,0.94999999999999996,IN_TCOP1250,EUR,-0.0041801946900019002,0.0050175498354157744,0.006779819348337688,-5.2537335049855285,0,0.0017622695129219136,262144,2019-12-31,5.6547919558697091e-18,5.6547919558697091e-18,-0.022398639697243983,0.019826370996526482
2020-03-10,2020-03-11,2020-03-12,funded_assets,EUR,0.98999999999999999,IN_TCOP1250,EUR,-0.0041801946900019002,0.0078791180874283051,0.0096038069239816545,-4.825179576867562,0,0.0017246888365533494,262144,2019-12-31,5.6547919558697091e-18,5.6547919558697091e-18,-0.022398639697243983,0.019826370996526482
2020-03-10,2020-03-11,2020-03-12,funded_assets,USD,0.94999999999999996,IN_TCOP1250,EUR,-0.0041200610454964004,0.0050485392626715021,0.0068387512508073832,-5.2469248196085587,0,0.0017902119881358812,262144,2019-12-31,5.6547919558697091e-18,5.6547919558697091e-18,-0.022043933696842558,0.020163224802118278
2020-03-10,2020-03-11,2020-03-12,funded_assets,USD,0.98999999999999999,IN_TCOP1250,EUR,-0.0041200610454964004,0.0079493357105775916,0.0097167764734200791,-4.8157971471339884,0,0.0017674407628424874,262144,2019-12-31,5.6547919558697091e-18,5.6547919558697091e-18,-0.022043933696842558,0.020163224802118278
2020-03-10,2020-03-11,2020-03-12,net_cashflows,EUR,0.94999999999999996,IN_TCOP1250,EUR,0.0028073009309085,0.0032592308123867379,0.0044253233995910799,-5.6839164089258647,0,0.0011660925872043421,262144,2019-12-31,5.6547919558697091e-18,5.6547919558697091e-18,-0.01347092598616555,0.016375097754241667
2020-03-10,2020-03-11,2020-03-12,net_cashflows,EUR,0.98999999999999999,IN_TCOP1250,EUR,0.0028073009309085,0.0051002716777555981,0.0063466629066557785,-5.2562114196929635,0,0.0012463912289001804,262144,2019-12-31,5.6547919558697091e-18,5.6547919558697091e-18,-0.01347092598616555,0.016375097754241667
2020-03-10,2020-03-11,2020-03-12,net_cashflows,USD,0.94999999999999996,IN_TCOP1250,EUR,0.0027808482572055002,0.0032719548319434769,0.0044490855368872206,-5.6796348252678364,0,0.0011771307049437438,262144,2019-12-31,5.6547919558697091e-18,5.6547919558697091e-18,-0.013306666812109286,0.016723684939915599
2020-03-10,2020-03-11,2020-03-12,net_cashflows,USD,0.98999999999999999,IN_TCOP1250,EUR,0.0027808482572055002,0.0051306736964375436,0.0063916341446327339,-5.2500482599830605,0,0.0012609604481951904,262144,2019-12-31,5.6547919558697091e-18,5.6547919558697091e-18,-0.013306666812109286,0.016723684939915599
2020-03-10,2020-03-11,2020-03-12,funded_assets,EUR,0.94999999999999996,IN_FHS1250,USD,-0.0041801946900019002,0.0047442065353976715,0.0065290764825971584,-5.3048622704829036,0,0.0017848699471994869,1249,2019-12-31,2.6562953225894859e-18,2.6562953225894859e-18,-0.015212172159837861,0.01477969356962236
2020-03-10,2020-03-11,2020-03-12,funded_assets,EUR,0.98999999999999999,IN_FHS1250,USD,-0.0041801946900019002,0.0076672286287173541,0.0090779770962212195,-4.8573072937225428,0,0.0014107484675038653,1249,2019-12-31,2.6562953225894859e-18,2.6562953225894859e-18,-0.015212172159837861,0.01477969356962236
2020-03-10,2020-03-11,2020-03-12,funded_assets,USD,0.94999999999999996,IN_FHS1250,USD,-0.0041200610454964004,0.0047567506455628763,0.0065754089547567854,-5.3010033254774793,0,0.0018186583091939091,1249,2019-12-31,2.6562953225894859e-18,2.6562953225894859e-18,-0.015168666461251708,0.014863830923358759
2020-03-10,2020-03-11,2020-03-12,funded_assets,USD,0.98999999999999999,IN_FHS1250,USD,-0.0041200610454964004,0.007744916437936753,0.009157885463933162,-4.847429848950684,0,0.001412969025996409,1249,2019-12-31,2.6562953225894859e-18,2.6562953225894859e-18,-0.015168666461251708,0.014863830923358759
2020-03-10,2020-03-11,2020-03-12,net_cashflows,EUR,0.94999999999999996,IN_FHS1250,USD,0.0028073009309085,0.0039402847301346806,0.0055041216997699996,-5.4863791416035266,0,0.001563836969635319,1249,2019-12-31,2.6562953225894859e-18,2.6562953225894859e-18,-0.0087820844062528984,0.011519870547533274
2020-03-10,2020-03-11,2020-03-12,net_cashflows,EUR,0.98999999999999999,IN_FHS1250,USD,0.0028073009309085,0.0060921156774875855,0.0083417679269246654,-5.0561654110471466,0,0.0022496522494370799,1249,2019-12-31,2.6562953225894859e-18,2.6562953225894859e-18,-0.0087820844062528984,0.011519870547533274
2020-03-10,2020-03-11,2020-03-12,net_cashflows,USD,0.94999999999999996,IN_FHS1250,USD,0.0027808482572055002,0.0039251951347887039,0.0055543402133538325,-5.4864859155849368,0,0.0016291450785651286,1249,2019-12-31,2.6562953225894859e-18,2.6562953225894859e-18,-0.0086819079699989102,0.011590326342542924
2020-03-10,2020-03-11,2020-03-12,net_cashflows,USD,0.98999999999999999,IN_FHS1250,USD,0.0027808482572055002,0.0060543965770609668,0.008468506072948934,-5.0564702752956192,0,0.0024141094958879672,1249,2019-12-31,2.6562953225894859e-18,2.6562953225894859e-18,-0.0086819079699989102,0.011590326342542924
2020-03-10,2020-03-11,2020-03-12,funded_assets,EUR,0.94999999999999996,IN_TCOP1250,USD,-0.0041801946900019002,0.005102535062085467,0.006869000666519783,-5.2379015081279006,0,0.001766465604434316,262144,2019-12-31,5.4752209710517974e-18,5.4752209710517974e-18,-0.021401471611365463,0.020687814204794652
2020-03-10,2020-03-11,2020-03-12,funded_assets,EUR,0.98999999999999999,IN_TCOP1250,USD,-0.0041801946900019002,0.0079812443129123889,0.009680386394403908,-4.8131776621182825,0,0.0016991420814915191,262144,2019-12-31,5.4752209710517974e-18,5.4752209710517974e-18,-0.021401471611365463,0.020687814204794652
2020-03-10,2020-03-11,2020-03-12,funded_assets,USD,0.94999999999999996,IN_TCOP1250,USD,-0.0041200610454964004,0.0051301772068530812,0.0069255356105785842,-5.2317773660455034,0,0.0017953584037255031,262144,2019-12-31,5.4752209710517974e-18,5.4752209710517974e-18,-0.020945268317557438,0.020898487711345805
2020-03-10,2020-03-11,2020-03-12,funded_assets,USD,0.98999999999999999,IN_TCOP1250,USD,-0.0041200610454964004,0.0080351567374801047,0.0097866922323949154,-4.8057028945945675,0,0.0017515354949148108,262144,2019-12-31,5.4752209710517974e-18,5.4752209710517974e-18,-0.020945268317557438,0.020898487711345805
2020-03-10,2020-03-11,2020-03-12,net_cashflows,EUR,0.94999999999999996,IN_TCOP1250,USD,0.0028073009309085,0.0039148336622372376,0.0054836100673736517,-5.4920762257697726,0,0.001568776405136414,262144,2019-12-31,5.4752209710517974e-18,5.4752209710517974e-18,-0.014306021110507539,0.014326693646907907
2020-03-10,2020-03-11,2020-03-12,net_cashflows,EUR,0.98999999999999999,IN_TCOP1250,USD,0.0028073009309085,0.0063058910762422982,0.0081984742946705214,-5.0346529867063712,0,0.0018925832184282232,262144,2019-12-31,5.4752209710517974e-18,5.4752209710517974e-18,-0.014306021110507539,0.014326693646907907
2020-03-10,2020-03-11,2020-03-12,net_cashflows,USD,0.94999999999999996,IN_TCOP1250,USD,0.0027808482572055002,0.0039286760799046644,0.0055125290150641795,-5.4880505227624212,0,0.0015838529351595151,262144,2019-12-31,5.4752209710517974e-18,5.4752209710517974e-18,-0.013580193199719499,0.014585273790531232
2020-03-10,2020-03-11,2020-03-12,net_cashflows,USD,0.98999999999999999,IN_TCOP1250,USD,0.0027808482572055002,0.0063449900612195971,0.0082555663694199709,-5.0282964540606532,0,0.0019105763082003738,262144,2019-12-31,5.4752209710517974e-18,5.4752209710517974e-18,-0.013580193199719499,0.014585273790531232
2020-03-10,2020-03-11,2020-03-12,funded_assets,EUR,0.94999999999999996,IN_FHS1250,GBP,-0.0041801946900019002,0.0054016879421842634,0.0073357098669062275,-5.1786459163890868,0,0.0019340219247219641,1249,2019-12-31,3.5778671692021646e-18,3.5778671692021646e-18,-0.012892985562100001,0.016298669207643751
2020-03-10,2020-03-11,2020-03-12,funded_assets,EUR,0.98999999999999999,IN_FHS1250,GBP,-0.0041801946900019002,0.0080689211239081404,0.010835744908118842,-4.7802471737733541,0,0.0027668237842107014,1249,2019-12-31,3.5778671692021646e-18,3.5778671692021646e-18,-0.012892985562100001,0.016298669207643751
2020-03-10,2020-03-11,2020-03-12,funded_assets,USD,0.94999999999999996,IN_FHS1250,GBP,-0.0041200610454964004,0.0054316586315823878,0.0074175409938262377,-5.1716355372238478,0,0.0019858823622438499,1249,2019-12-31,3.5778671692021646e-18,3.5778671692021646e-18,-0.012698080091312966,0.016399303984535797
2020-03-10,2020-03-11,2020-03-12,funded_assets,USD,0.98999999999999999,IN_FHS1250,GBP,-0.0041200610454964004,0.0080650229727470164,0.010997379886679405,-4.7767396398261424,0,0.0029323569139323886,1249,2019-12-31,3.5778671692021646e-18,3.5778671692021646e-18,-0.012698080091312966,0.016399303984535797
2020-03-10,2020-03-11,2020-03-12,net_cashflows,EUR,0.94999999999999996,IN_FHS1250,GBP,0.0028073009309085,0.0042289376755700559,0.0058321072301029935,-5.4192637426555912,0,0.0016031695545329376,1249,2019-12-31,3.5778671692021646e-18,3.5778671692021646e-18,-0.010373158855368469,0.012204435387630719
2020-03-10,2020-03-11,2020-03-12,net_cashflows,EUR,0.98999999999999999,IN_FHS1250,GBP,0.0028073009309085,0.0066854232452337129,0.0085733160169834833,-4.9793063550547947,0,0.0018878927717497704,1249,2019-12-31,3.5778671692021646e-18,3.5778671692021646e-18,-0.010373158855368469,0.012204435387630719
2020-03-10,2020-03-11,2020-03-12,net_cashflows,USD,0.94999999999999996,IN_FHS1250,GBP,0.0027808482572055002,0.0042741479149816953,0.0058838806219716879,-5.4091222740147353,0,0.0016097327069899926,1249,2019-12-31,3.5778671692021646e-18,3.5778671692021646e-18,-0.010225495557835624,0.012641461265723448
2020-03-10,2020-03-11,2020-03-12,net_cashflows,USD,0.98999999999999999,IN_FHS1250,GBP,0.0027808482572055002,0.0068304265653332365,0.0087172102378135288,-4.9588995395670725,0,0.0018867836724802923,1249,2019-12-31,3.5778671692021646e-18,3.5778671692021646e-18,-0.010225495557835624,0.012641461265723448
2020-03-10,2020-03-11,2020-03-12,funded_assets,EUR,0.94999999999999996,IN_TCOP1250,GBP,-0.0041801946900019002,0.005459390051469587,0.0078478603126486135,-5.1518610397919282,0,0.0023884702611790265,262144,2019-12-31,6.6407383064737147e-18,6.6407383064737147e-18,-0.034719190685089329,0.038484039889001981
2020-03-10,2020-03-11,2020-03-12,funded_assets,EUR,0.98999999999999999,IN_TCOP1250,GBP,-0.0041801946900019002,0.0091774561761156503,0.012027555746925975,-4.6575191033256393,0,0.0028500995708103244,262144,2019-12-31,6.6407383064737147e-18,6.6407383064737147e-18,-0.034719190685089329,0.038484039889001981
2020-03-10,2020-03-11,2020-03-12,funded_assets,USD,0.94999999999999996,IN_TCOP1250,GBP,-0.0041200610454964004,0.0054956398570008488,0.0079303981066311448,-5.1440679341209155,0,0.002434758249630296,262144,2019-12-31,6.6407383064737147e-18,6.6407383064737147e-18,-0.033673443361066653,0.039857041291807858
2020-03-10,2020-03-11,2020-03-12,funded_assets,USD,0.98999999999999999,IN_TCOP1250,GBP,-0.0041200610454964004,0.0092702878093816957,0.012215050824093649,-4.6461630211184382,0,0.0029447630147119534,262144,2019-12-31,6.6407383064737147e-18,6.6407383064737147e-18,-0.033673443361066653,0.039857041291807858
2020-03-10,2020-03-11,2020-03-12,net_cashflows,EUR,0.94999999999999996,IN_TCOP1250,GBP,0.0028073009309085,0.004106854299413553,0.0056235704872318187,-5.4504954743276475,0,0.0015167161878182657,262144,2019-12-31,6.6407383064737147e-18,6.6407383064737147e-18,-0.028390318138173734,0.022518979577019871
2020-03-10,2020-03-11,2020-03-12,net_cashflows,EUR,0.98999999999999999,IN_TCOP1250,GBP,0.0028073009309085,0.0065051719176968947,0.0081356921551532478,-5.011910133640515,0,0.0016305202374563531,262144,2019-12-31,6.6407383064737147e-18,6.6407383064737147e-18,-0.028390318138173734,0.022518979577019871
2020-03-10,2020-03-11,2020-03-12,net_cashflows,USD,0.94999999999999996,IN_TCOP1250,GBP,0.0027808482572055002,0.004122896691866048,0.0056591423437612788,-5.4459455554484784,0,0.0015362456518952308,262144,2019-12-31,6.6407383064737147e-18,6.6407383064737147e-18,-0.025944633896156089,0.023317209493751587
2020-03-10,2020-03-11,2020-03-12,net_cashflows,USD,0.98999999999999999,IN_TCOP1250,GBP,0.0027808482572055002,0.0065425988544946983,0.0082208746188908097,-5.0052267536446502,0,0.0016782757643961114,262144,2019-12-31,6.6407383064737147e-18,6.6407383064737147e-18,-0.025944633896156089,0.023317209493751587
2020-03-10,2020-03-11,2020-03-12,funded_assets,EUR,0.94999999999999996,IN_FHS1250,JPY,-0.0041801946900019002,0.0050860405546089282,0.0072019289186402487,-5.2272010581968331,0,0.0021158883640313205,1249,2019-12-31,3.8082601308553343e-18,3.8082601308553343e-18,-0.014773592655667495,0.013776764833198035
2020-03-10,2020-03-11,2020-03-12,funded_assets,EUR,0.98999999999999999,IN_FHS1250,JPY,-0.0041801946900019002,0.008654884365414367,0.01091808449471421,-4.7246238568350289,0,0.0022632001292998433,1249,2019-12-31,3.8082601308553343e-18,3.8082601308553343e-18,-0.014773592655667495,0.013776764833198035
2020-03-10,2020-03-11,2020-03-12,funded_assets,USD,0.94999999999999996,IN_FHS1250,JPY,-0.0041200610454964004,0.0051200079741620351,0.0072896846644616813,-5.2189315529950546,0,0.0021696766902996462,1249,2019-12-31,3.8082601308553343e-18,3.8082601308553343e-18,-0.014356454114636433,0.014121369251673916
2020-03-10,2020-03-11,2020-03-12,funded_assets,USD,0.98999999999999999,IN_FHS1250,JPY,-0.0041200610454964004,0.0087845536207415125,0.011127553650836898,-4.7088893479754361,0,0.0023430000300953858,1249,2019-12-31,3.8082601308553343e-18,3.8082601308553343e-18,-0.014356454114636433,0.014121369251673916
2020-03-10,2020-03-11,2020-03-12,net_cashflows,EUR,0.94999999999999996,IN_FHS1250,JPY,0.0028073009309085,0.0042264170450560974,0.0058432670340283028,-5.4191682955069442,0,0.0016168499889722054,1249,2019-12-31,3.8082601308553343e-18,3.8082601308553343e-18,-0.0081769234415794319,0.011755071466239896
2020-03-10,2020-03-11,2020-03-12,net_cashflows,EUR,0.98999999999999999,IN_FHS1250,JPY,0.0028073009309085,0.006866386999558949,0.008838513548679202,-4.9517653248965754,0,0.001972126549120253,1249,2019-12-31,3.8082601308553343e-18,3.8082601308553343e-18,-0.0081769234415794319,0.011755071466239896
2020-03-10,2020-03-11,2020-03-12,net_cashflows,USD,0.94999999999999996,IN_FHS1250,JPY,0.0027808482572055002,0.0042557402935246291,0.0059175864160028796,-5.4106583587391128,0,0.0016618461224782504,1249,2019-12-31,3.8082601308553343e-18,3.8082601308553343e-18,-0.0081915932479636275,0.012304635491307395
2020-03-10,2020-03-11,2020-03-12,net_cashflows,USD,0.98999999999999999,IN_FHS1250,JPY,0.0027808482572055002,0.006941966367702463,0.0090217440496787715,-4.9386470586630411,0,0.0020797776819763084,1249,2019-12-31,3.8082601308553343e-18,3.8082601308553343e-18,-0.0081915932479636275,0.012304635491307395
2020-03-10,2020-03-11,2020-03-12,funded_assets,EUR,0.94999999999999996,IN_TCOP1250,JPY,-0.0041801946900019002,0.0052888253768740845,0.0071668997479026253,-5.2003304764736935,0,0.0018780743710285408,262144,2019-12-31,6.9117888495950908e-18,6.9117888495950908e-18,-0.028448892605371034,0.024980507862708334
2020-03-10,2020-03-11,2020-03-12,funded_assets,EUR,0.98999999999999999,IN_TCOP1250,JPY,-0.0041801946900019002,0.0082839251572255634,0.010225332378043477,-4.7727495762756238,0,0.0019414072208179135,262144,2019-12-31,6.9117888495950908e-18,6.9117888495950908e-18,-0.028448892605371034,0.024980507862708334
2020-03-10,2020-03-11,2020-03-12,funded_assets,USD,0.94999999999999996,IN_TCOP1250,JPY,-0.0041200610454964004,0.0053255900512172074,0.0072419429213052902,-5.1924843593664693,0,0.0019163528700880828,262144,2019-12-31,6.9117888495950908e-18,6.9117888495950908e-18,-0.027330133367869582,0.025889934322713921
2020-03-10,2020-03-11,2020-03-12,funded_assets,USD,0.98999999999999999,IN_TCOP1250,JPY,-0.0041200610454964004,0.0083756877455573951,0.010377397436275427,-4.7610164621950855,0,0.0020017096907180322,262144,2019-12-31,6.9117888495950908e-18,6.9117888495950908e-18,-0.027330133367869582,0.025889934322713921
2020-03-10,2020-03-11,2020-03-12,net_cashflows,EUR,0.94999999999999996,IN_TCOP1250,JPY,0.0028073009309085,0.004203859670907229,0.0058932622617104344,-5.4206123628268648,0,0.0016894025908032054,262144,2019-12-31,6.9117888495950908e-18,6.9117888495950908e-18,-0.014035638358952364,0.017719993660963364
2020-03-10,2020-03-11,2020-03-12,net_cashflows,EUR,0.98999999999999999,IN_TCOP1250,JPY,0.0028073009309085,0.0067248338529091733,0.0088704413202645195,-4.966913561609223,0,0.0021456074673553462,262144,2019-12-31,6.9117888495950908e-18,6.9117888495950908e-18,-0.014035638358952364,0.017719993660963364
2020-03-10,2020-03-11,2020-03-12,net_cashflows,USD,0.94999999999999996,IN_TCOP1250,JPY,0.0027808482572055002,0.0042297211874968207,0.0059485701893096541,-5.4135560141208945,0,0.0017188490018128335,262144,2019-12-31,6.9117888495950908e-18,6.9117888495950908e-18,-0.013695761673966314,0.018018940937453799
2020-03-10,2020-03-11,2020-03-12,net_cashflows,USD,0.98999999999999999,IN_TCOP1250,JPY,0.0027808482572055002,0.0067940011230468722,0.0089957138108042768,-4.9557583625689707,0,0.0022017126877574046,262144,2019-12-31,6.9117888495950908e-18,6.9117888495950908e-18,-0.013695761673966314,0.018018940937453799
2020-03-10,2020-03-11,2020-03-12,funded_assets,EUR,0.94999999999999996,IN_FHS1250,CHF,-0.0041801946900019002,0.005108424860834293,0.0069284744618304701,-5.2348068730859492,0,0.0018200496009961771,1249,2019-12-31,2.2361669807513529e-18,2.2361669807513529e-18,-0.012500946081905134,0.013712005593723681
2020-03-10,2020-03-11,2020-03-12,funded_assets,EUR,0.98999999999999999,IN_FHS1250,CHF,-0.0041801946900019002,0.0079254218522278597,0.010052594991313786,-4.8115288505674094,0,0.0021271731390859264,1249,2019-12-31,2.2361669807513529e-18,2.2361669807513529e-18,-0.012500946081905134,0.013712005593723681
2020-03-10,2020-03-11,2020-03-12,funded_assets,USD,0.94999999999999996,IN_FHS1250,CHF,-0.0041200610454964004,0.0051465256708104279,0.0069932982153620982,-5.226880462748297,0,0.0018467725445516702,1249,2019-12-31,2.2361669807513529e-18,2.2361669807513529e-18,-0.012211218170208387,0.014127197388132597
2020-03-10,2020-03-11,2020-03-12,funded_assets,USD,0.98999999999999999,IN_FHS1250,CHF,-0.0041200610454964004,0.0079744110020668856,0.010171915038152492,-4.8041611967723128,0,0.0021975040360856062,1249,2019-12-31,2.2361669807513529e-18,2.2361669807513529e-18,-0.012211218170208387,0.014127197388132597
2020-03-10,2020-03-11,2020-03-12,net_cashflows,EUR,0.94999999999999996,IN_FHS1250,CHF,0.0028073009309085,0.0035361914231533337,0.0051274834274387957,-5.5834859164029496,0,0.001591292004285462,1249,2019-12-31,2.2361669807513529e-18,2.2361669807513529e-18,-0.010338377241142949,0.010909902987425047
2020-03-10,2020-03-11,2020-03-12,net_cashflows,EUR,0.98999999999999999,IN_FHS1250,CHF,0.0028073009309085,0.0058748786793440533,0.0078988950257707739,-5.0972728406513923,0,0.0020240163464267207,1249,2019-12-31,2.2361669807513529e-18,2.2361669807513529e-18,-0.010338377241142949,0.010909902987425047
2020-03-10,2020-03-11,2020-03-12,net_cashflows,USD,0.94999999999999996,IN_FHS1250,CHF,0.0027808482572055002,0.0035530643126864413,0.0051783963952401514,-5.5771276851708294,0,0.0016253320825537101,1249,2019-12-31,2.2361669807513529e-18,2.2361669807513529e-18,-0.010214413250246378,0.011341597310222487
2020-03-10,2020-03-11,2020-03-12,net_cashflows,USD,0.98999999999999999,IN_FHS1250,CHF,0.0027808482572055002,0.0059672626305264306,0.0080300305195855869,-5.0814486501029865,0,0.0020627678890591562,1249,2019-12-31,2.2361669807513529e-18,2.2361669807513529e-18,-0.010214413250246378,0.011341597310222487
2020-03-10,2020-03-11,2020-03-12,funded_assets,EUR,0.94999999999999996,IN_TCOP1250,CHF,-0.0041801946900019002,0.005142091199469262,0.006849630148486191,-5.2328498399212497,0,0.001707538949016929,262144,2019-12-31,4.8866389518284654e-18,4.8866389518284654e-18,-0.020842134849415661,0.021059533346128007
2020-03-10,2020-03-11,2020-03-12,funded_assets,EUR,0.98999999999999999,IN_TCOP1250,CHF,-0.0041801946900019002,0.0078629658030037741,0.0095321075655592606,-4.8281967501785896,0,0.0016691417625554865,262144,2019-12-31,4.8866389518284654e-18,4.8866389518284654e-18,-0.020842134849415661,0.021059533346128007
2020-03-10,2020-03-11,2020-03-12,funded_assets,USD,0.94999999999999996,IN_TCOP1250,CHF,-0.0041200610454964004,0.0051729468027349032,0.0069120649268804967,-5.2260930156468843,0,0.0017391181241455935,262144,2019-12-31,4.8866389518284654e-18,4.8866389518284654e-18,-0.020135055836261653,0.021430108195486023
2020-03-10,2020-03-11,2020-03-12,funded_assets,USD,0.98999999999999999,IN_TCOP1250,CHF,-0.0041200610454964004,0.0079380138109010432,0.0096546600706245919,-4.8181195118541735,0,0.0017166462597235487,262144,2019-12-31,4.8866389518284654e-18,4.8866389518284654e-18,-0.020135055836261653,0.021430108195486023
2020-03-10,2020-03-11,2020-03-12,net_cashflows,EUR,0.94999999999999996,IN_TCOP1250,CHF,0.0028073009309085,0.0036338729057945442,0.0049225763124640829,-5.5757177452394275,0,0.0012887034066695387,262144,2019-12-31,4.8866389518284654e-18,4.8866389518284654e-18,-0.01471820782756781,0.018807665736109161
2020-03-10,2020-03-11,2020-03-12,net_cashflows,EUR,0.98999999999999999,IN_TCOP1250,CHF,0.0028073009309085,0.0056852485431347034,0.0069716491925554437,-5.1504223131538849,0,0.0012864006494207403,262144,2019-12-31,4.8866389518284654e-18,4.8866389518284654e-18,-0.01471820782756781,0.018807665736109161
2020-03-10,2020-03-11,2020-03-12,net_cashflows,USD,0.94999999999999996,IN_TCOP1250,CHF,0.0027808482572055002,0.0036503833183375895,0.0049553685165511221,-5.5706315011814764,0,0.0013049851982135327,262144,2019-12-31,4.8866389518284654e-18,4.8866389518284654e-18,-0.01456680043686686,0.019088104693150577
2020-03-10,2020-03-11,2020-03-12,net_cashflows,USD,0.98999999999999999,IN_TCOP1250,CHF,0.0027808482572055002,0.0057209209140902471,0.0070338441689522333,-5.1436798948801572,0,0.0013129232548619862,262144,2019-12-31,4.8866389518284654e-18,4.8866389518284654e-18,-0.01456680043686686,0.019088104693150577
2020-03-10,2020-03-11,2020-03-12,funded_assets,EUR,0.94999999999999996,IN_FHS_REF_POOL,ALL_FIVE,-0.0041801946900019002,0.005050337024044893,0.0069603281164845425,-5.2419397334997706,0,0.0019099910924396495,6245,2019-12-31,0,0,-0.015212172159837861,0.016298669207643751
2020-03-10,2020-03-11,2020-03-12,funded_assets,EUR,0.98999999999999999,IN_FHS_REF_POOL,ALL_FIVE,-0.0041801946900019002,0.0079203045045788401,0.01017219896158004,-4.8094742225920903,0,0.0022518944570011998,6245,2019-12-31,0,0,-0.015212172159837861,0.016298669207643751
2020-03-10,2020-03-11,2020-03-12,funded_assets,USD,0.94999999999999996,IN_FHS_REF_POOL,ALL_FIVE,-0.0041200610454964004,0.0050867791261879815,0.0070272754084865271,-5.2340940019789679,0,0.0019404962822985455,6245,2019-12-31,0,0,-0.015168666461251708,0.016399303984535797
2020-03-10,2020-03-11,2020-03-12,funded_assets,USD,0.98999999999999999,IN_FHS_REF_POOL,ALL_FIVE,-0.0041200610454964004,0.0079607601468398449,0.010310301745411407,-4.8024946274083877,0,0.0023495415985715622,6245,2019-12-31,0,0,-0.015168666461251708,0.016399303984535797
2020-03-10,2020-03-11,2020-03-12,net_cashflows,EUR,0.94999999999999996,IN_FHS_REF_POOL,ALL_FIVE,0.0028073009309085,0.003871057468578543,0.0054697349572604345,-5.5008020745643762,0,0.0015986774886818916,6245,2019-12-31,0,0,-0.010373158855368469,0.012204435387630719
2020-03-10,2020-03-11,2020-03-12,net_cashflows,EUR,0.98999999999999999,IN_FHS_REF_POOL,ALL_FIVE,0.0028073009309085,0.0062094387485023272,0.0082767972410001337,-5.044076785043373,0,0.0020673584924978065,6245,2019-12-31,0,0,-0.010373158855368469,0.012204435387630719
2020-03-10,2020-03-11,2020-03-12,net_cashflows,USD,0.94999999999999996,IN_FHS_REF_POOL,ALL_FIVE,0.0027808482572055002,0.0038900956915208303,0.0055243131672776764,-5.4944190961781603,0,0.0016342174757568461,6245,2019-12-31,0,0,-0.010225495557835624,0.012641461265723448
2020-03-10,2020-03-11,2020-03-12,net_cashflows,USD,0.98999999999999999,IN_FHS_REF_POOL,ALL_FIVE,0.0027808482572055002,0.0063582275491222305,0.0084202776310210708,-5.022003463331302,0,0.0020620500818988403,6245,2019-12-31,0,0,-0.010225495557835624,0.012641461265723448
2020-03-10,2020-03-11,2020-03-12,funded_assets,EUR,0.94999999999999996,IN_TCOP_REF_POOL,ALL_FIVE,-0.0041801946900019002,0.0051956520559108543,0.0071087331584664386,-5.2155482511424509,0,0.0019130811025555843,1310720,2019-12-31,0,0,-0.034719190685089329,0.038484039889001981
2020-03-10,2020-03-11,2020-03-12,funded_assets,EUR,0.98999999999999999,IN_TCOP_REF_POOL,ALL_FIVE,-0.0041801946900019002,0.0082211111179234242,0.010274081588763057,-4.7779512451564692,0,0.0020529704708396324,1310720,2019-12-31,0,0,-0.034719190685089329,0.038484039889001981
2020-03-10,2020-03-11,2020-03-12,funded_assets,USD,0.94999999999999996,IN_TCOP_REF_POOL,ALL_FIVE,-0.0041200610454964004,0.0052293303376850118,0.0071760234621319578,-5.208287303836391,0,0.001946693124446946,1310720,2019-12-31,0,0,-0.033673443361066653,0.039857041291807858
2020-03-10,2020-03-11,2020-03-12,funded_assets,USD,0.98999999999999999,IN_TCOP_REF_POOL,ALL_FIVE,-0.0041200610454964004,0.0083084557185786004,0.010411399164503324,-4.7668387100539897,0,0.0021029434459247237,1310720,2019-12-31,0,0,-0.033673443361066653,0.039857041291807858
2020-03-10,2020-03-11,2020-03-12,net_cashflows,EUR,0.94999999999999996,IN_TCOP_REF_POOL,ALL_FIVE,0.0028073009309085,0.0038207700712541539,0.005311579640778788,-5.5185376063176603,0,0.0014908095695246341,1310720,2019-12-31,0,0,-0.028390318138173734,0.022518979577019871
2020-03-10,2020-03-11,2020-03-12,net_cashflows,EUR,0.98999999999999999,IN_TCOP_REF_POOL,ALL_FIVE,0.0028073009309085,0.0061216755249995378,0.0078210233105811388,-5.0682193430400098,0,0.001699347785581601,1310720,2019-12-31,0,0,-0.028390318138173734,0.022518979577019871
2020-03-10,2020-03-11,2020-03-12,net_cashflows,USD,0.94999999999999996,IN_TCOP_REF_POOL,ALL_FIVE,0.0027808482572055002,0.0038379579636719204,0.0053471328841357352,-5.513434796525444,0,0.0015091749204638148,1310720,2019-12-31,0,0,-0.025944633896156089,0.023317209493751587
2020-03-10,2020-03-11,2020-03-12,net_cashflows,USD,0.98999999999999999,IN_TCOP_REF_POOL,ALL_FIVE,0.0027808482572055002,0.0061632670608410432,0.0078979977062108783,-5.0607878334855343,0,0.0017347306453698351,1310720,2019-12-31,0,0,-0.025944633896156089,0.023317209493751587
2020-03-17,2020-03-18,2020-03-19,funded_assets,EUR,0.94999999999999996,HS1250,ALL_EQUIVARIANT,0.00053943398907330001,0.0049922141176121648,0.007133251373012163,-5.2431369937283545,0,0.0021410372553999982,1249,2019-12-31,3.8489177123235407e-18,3.8489177123235407e-18,-0.014647076779707779,0.015857900571365713
2020-03-17,2020-03-18,2020-03-19,funded_assets,EUR,0.98999999999999999,HS1250,ALL_EQUIVARIANT,0.00053943398907330001,0.008101051160448125,0.010784426195563064,-4.7784716582530535,0,0.0026833750351149387,1249,2019-12-31,3.8489177123235407e-18,3.8489177123235407e-18,-0.014647076779707779,0.015857900571365713
2020-03-17,2020-03-18,2020-03-19,funded_assets,USD,0.94999999999999996,HS1250,ALL_EQUIVARIANT,0.00049604871153900005,0.0050763854738745048,0.0072082928815734686,-5.2282807273392784,0,0.0021319074076989637,1249,2019-12-31,3.8489177123235407e-18,3.8489177123235407e-18,-0.014236409804384526,0.0159662234291164
2020-03-17,2020-03-18,2020-03-19,funded_assets,USD,0.98999999999999999,HS1250,ALL_EQUIVARIANT,0.00049604871153900005,0.0080934397975748976,0.01093480352611189,-4.7756504801000492,0,0.0028413637285369924,1249,2019-12-31,3.8489177123235407e-18,3.8489177123235407e-18,-0.014236409804384526,0.0159662234291164
2020-03-17,2020-03-18,2020-03-19,net_cashflows,EUR,0.94999999999999996,HS1250,ALL_EQUIVARIANT,-0.0060400993204992003,0.0036445348703508574,0.0054608561941907018,-5.5427571156404891,0,0.0018163213238398443,1249,2019-12-31,3.8489177123235407e-18,3.8489177123235407e-18,-0.011362286891522877,0.013415865599583542
2020-03-17,2020-03-18,2020-03-19,net_cashflows,EUR,0.98999999999999999,HS1250,ALL_EQUIVARIANT,-0.0060400993204992003,0.0068317421245577617,0.0088945121945354384,-4.9542357181996923,0,0.0020627700699776767,1249,2019-12-31,3.8489177123235407e-18,3.8489177123235407e-18,-0.011362286891522877,0.013415865599583542
2020-03-17,2020-03-18,2020-03-19,net_cashflows,USD,0.94999999999999996,HS1250,ALL_EQUIVARIANT,-0.0059320487001780003,0.0036866558798669315,0.0055016293002634782,-5.5326084339126229,0,0.0018149734203965467,1249,2019-12-31,3.8489177123235407e-18,3.8489177123235407e-18,-0.011163620632108224,0.013251965850918881
2020-03-17,2020-03-18,2020-03-19,net_cashflows,USD,0.98999999999999999,HS1250,ALL_EQUIVARIANT,-0.0059320487001780003,0.0068684630061137866,0.0089948899618210471,-4.9475025325371256,0,0.0021264269557072606,1249,2019-12-31,3.8489177123235407e-18,3.8489177123235407e-18,-0.011163620632108224,0.013251965850918881
2020-03-17,2020-03-18,2020-03-19,funded_assets,EUR,0.94999999999999996,EWMA_GAUSS,ALL_EQUIVARIANT,0.00053943398907330001,0.0051843954531530234,0.0065010511625259969,-5.2383210621174552,0,0.0013166557093729735,262144,2019-12-31,7.3996798272135678e-18,7.3996798272135678e-18,-0.013697685925203262,0.015199968122650537
2020-03-17,2020-03-18,2020-03-19,funded_assets,EUR,0.98999999999999999,EWMA_GAUSS,ALL_EQUIVARIANT,0.00053943398907330001,0.0073371211187177876,0.0083962397854367311,-4.9061133403022517,0,0.0010591186667189435,262144,2019-12-31,7.3996798272135678e-18,7.3996798272135678e-18,-0.013697685925203262,0.015199968122650537
2020-03-17,2020-03-18,2020-03-19,funded_assets,USD,0.94999999999999996,EWMA_GAUSS,ALL_EQUIVARIANT,0.00049604871153900005,0.0052132106228470546,0.0065495671643332172,-5.23239369591687,0,0.0013363565414861627,262144,2019-12-31,7.3996798272135678e-18,7.3996798272135678e-18,-0.013605185140492554,0.015484852824686722
2020-03-17,2020-03-18,2020-03-19,funded_assets,USD,0.98999999999999999,EWMA_GAUSS,ALL_EQUIVARIANT,0.00049604871153900005,0.0074027617397147633,0.0084762912724244393,-4.8971331293014702,0,0.001073529532709676,262144,2019-12-31,7.3996798272135678e-18,7.3996798272135678e-18,-0.013605185140492554,0.015484852824686722
2020-03-17,2020-03-18,2020-03-19,net_cashflows,EUR,0.94999999999999996,EWMA_GAUSS,ALL_EQUIVARIANT,-0.0060400993204992003,0.0081042719046263371,0.010166016110853443,-4.7915123647365618,0,0.0020617442062271056,262144,2019-12-31,7.3996798272135678e-18,7.3996798272135678e-18,-0.023177907961246903,0.023485348065742338
2020-03-17,2020-03-18,2020-03-19,net_cashflows,EUR,0.98999999999999999,EWMA_GAUSS,ALL_EQUIVARIANT,-0.0060400993204992003,0.01146205448377452,0.013136574742452355,-4.4598250559257675,0,0.0016745202586778349,262144,2019-12-31,7.3996798272135678e-18,7.3996798272135678e-18,-0.023177907961246903,0.023485348065742338
2020-03-17,2020-03-18,2020-03-19,net_cashflows,USD,0.94999999999999996,EWMA_GAUSS,ALL_EQUIVARIANT,-0.0059320487001780003,0.0081823479422808293,0.010293879258068159,-4.7813307423725409,0,0.0021115313157873301,262144,2019-12-31,7.3996798272135678e-18,7.3996798272135678e-18,-0.022451677524219234,0.024226323334238339
2020-03-17,2020-03-18,2020-03-19,net_cashflows,USD,0.98999999999999999,EWMA_GAUSS,ALL_EQUIVARIANT,-0.0059320487001780003,0.011621560817820568,0.013348478640898595,-4.4457247435714615,0,0.0017269178230780273,262144,2019-12-31,7.3996798272135678e-18,7.3996798272135678e-18,-0.022451677524219234,0.024226323334238339
2020-03-17,2020-03-18,2020-03-19,funded_assets,EUR,0.94999999999999996,EWMA_SELFNORMALIZED,ALL_EQUIVARIANT,0.00053943398907330001,0.0051892901774565348,0.0065030983173561298,-5.2375045811246368,0,0.001313808139899595,262144,2019-12-31,6.8033686323465403e-18,6.8033686323465403e-18,-0.012985293493144451,0.012623333982567236
2020-03-17,2020-03-18,2020-03-19,funded_assets,EUR,0.98999999999999999,EWMA_SELFNORMALIZED,ALL_EQUIVARIANT,0.00053943398907330001,0.007341726247490965,0.0083554596439126983,-4.9061659725248727,0,0.0010137333964217333,262144,2019-12-31,6.8033686323465403e-18,6.8033686323465403e-18,-0.012985293493144451,0.012623333982567236
2020-03-17,2020-03-18,2020-03-19,funded_assets,USD,0.94999999999999996,EWMA_SELFNORMALIZED,ALL_EQUIVARIANT,0.00049604871153900005,0.005216162850471457,0.0065521873393333515,-5.2318614514727511,0,0.0013360244888618944,262144,2019-12-31,6.8033686323465403e-18,6.8033686323465403e-18,-0.012829051691964658,0.01281284386705782
2020-03-17,2020-03-18,2020-03-19,funded_assets,USD,0.98999999999999999,EWMA_SELFNORMALIZED,ALL_EQUIVARIANT,0.00049604871153900005,0.0074001993646121422,0.0084348346922233086,-4.8980473548066428,0,0.0010346353276111664,262144,2019-12-31,6.8033686323465403e-18,6.8033686323465403e-18,-0.012829051691964658,0.01281284386705782
2020-03-17,2020-03-18,2020-03-19,net_cashflows,EUR,0.94999999999999996,EWMA_SELFNORMALIZED,ALL_EQUIVARIANT,-0.0060400993204992003,0.0081332071277440583,0.010187997973868816,-4.7882323230527231,0,0.0020547908461247578,262144,2019-12-31,6.8033686323465403e-18,6.8033686323465403e-18,-0.019796578084026264,0.019545899712890634
2020-03-17,2020-03-18,2020-03-19,net_cashflows,EUR,0.98999999999999999,EWMA_SELFNORMALIZED,ALL_EQUIVARIANT,-0.0060400993204992003,0.011510867827067395,0.013093138638331689,-4.4565142814209127,0,0.0015822708112642938,262144,2019-12-31,6.8033686323465403e-18,6.8033686323465403e-18,-0.019796578084026264,0.019545899712890634
2020-03-17,2020-03-18,2020-03-19,net_cashflows,USD,0.94999999999999996,EWMA_SELFNORMALIZED,ALL_EQUIVARIANT,-0.0059320487001780003,0.0082152775570463934,0.010314622592141578,-4.7777236810814854,0,0.0020993450350951844,262144,2019-12-31,6.8033686323465403e-18,6.8033686323465403e-18,-0.019773355341100134,0.019950095695411091
2020-03-17,2020-03-18,2020-03-19,net_cashflows,USD,0.98999999999999999,EWMA_SELFNORMALIZED,ALL_EQUIVARIANT,-0.0059320487001780003,0.011673281943563263,0.013298931757646107,-4.4423106934049805,0,0.0016256498140828444,262144,2019-12-31,6.8033686323465403e-18,6.8033686323465403e-18,-0.019773355341100134,0.019950095695411091
2020-03-17,2020-03-18,2020-03-19,funded_assets,EUR,0.94999999999999996,IN_FHS1250,EUR,0.00053943398907330001,0.0058110694016070275,0.0077238801568034112,-5.1110873730336372,0,0.0019128107551963838,1249,2019-12-31,3.2187251995663413e-18,3.2187251995663413e-18,-0.014143531363741191,0.016553105015199576
2020-03-17,2020-03-18,2020-03-19,funded_assets,EUR,0.98999999999999999,IN_FHS1250,EUR,0.00053943398907330001,0.0086708757709592355,0.011125338553752953,-4.7191491738735998,0,0.002454462782793718,1249,2019-12-31,3.2187251995663413e-18,3.2187251995663413e-18,-0.014143531363741191,0.016553105015199576
2020-03-17,2020-03-18,2020-03-19,funded_assets,USD,0.94999999999999996,IN_FHS1250,EUR,0.00049604871153900005,0.0058155508024300851,0.0078006211022546793,-5.1080278487127719,0,0.0019850702998245942,1249,2019-12-31,3.2187251995663413e-18,3.2187251995663413e-18,-0.013788640753308217,0.016659052986063377
2020-03-17,2020-03-18,2020-03-19,funded_assets,USD,0.98999999999999999,IN_FHS1250,EUR,0.00049604871153900005,0.0087483619768351315,0.011254990471799807,-4.7096562782102387,0,0.0025066284949646755,1249,2019-12-31,3.2187251995663413e-18,3.2187251995663413e-18,-0.013788640753308217,0.016659052986063377
2020-03-17,2020-03-18,2020-03-19,net_cashflows,EUR,0.94999999999999996,IN_FHS1250,EUR,-0.0060400993204992003,0.0039570448764638336,0.0057297257999105499,-5.4714708063705277,0,0.0017726809234467162,1249,2019-12-31,3.2187251995663413e-18,3.2187251995663413e-18,-0.012981177138630551,0.012058654123675128
2020-03-17,2020-03-18,2020-03-19,net_cashflows,EUR,0.98999999999999999,IN_FHS1250,EUR,-0.0060400993204992003,0.0067849007927886168,0.008840169343977921,-4.9609412346533075,0,0.0020552685511893041,1249,2019-12-31,3.2187251995663413e-18,3.2187251995663413e-18,-0.012981177138630551,0.012058654123675128
2020-03-17,2020-03-18,2020-03-19,net_cashflows,USD,0.94999999999999996,IN_FHS1250,EUR,-0.0059320487001780003,0.0039411683457850196,0.0057887734479756727,-5.4710052435703638,0,0.0018476051021906531,1249,2019-12-31,3.2187251995663413e-18,3.2187251995663413e-18,-0.012708761852833752,0.012615954610095848
2020-03-17,2020-03-18,2020-03-19,net_cashflows,USD,0.98999999999999999,IN_FHS1250,EUR,-0.0059320487001780003,0.0068427229605493387,0.0089838286888939203,-4.9506579989309145,0,0.0021411057283445816,1249,2019-12-31,3.2187251995663413e-18,3.2187251995663413e-18,-0.012708761852833752,0.012615954610095848
2020-03-17,2020-03-18,2020-03-19,funded_assets,EUR,0.94999999999999996,IN_TCOP1250,EUR,0.00053943398907330001,0.0058510324991301876,0.0079092067712969363,-5.0999529028510189,0,0.0020581742721667486,262144,2019-12-31,6.3154776547280633e-18,6.3154776547280633e-18,-0.025834880095199936,0.022780160717522202
2020-03-17,2020-03-18,2020-03-19,funded_assets,EUR,0.98999999999999999,IN_TCOP1250,EUR,0.00053943398907330001,0.009197476036230029,0.011197252408512227,-4.6706821263688321,0,0.0019997763722821981,262144,2019-12-31,6.3154776547280633e-18,6.3154776547280633e-18,-0.025834880095199936,0.022780160717522202
2020-03-17,2020-03-18,2020-03-19,funded_assets,USD,0.94999999999999996,IN_TCOP1250,EUR,0.00049604871153900005,0.0058963185064499655,0.00799285709085042,-5.0915085223293879,0,0.0020965385844004545,262144,2019-12-31,6.3154776547280633e-18,6.3154776547280633e-18,-0.025351509532048046,0.023245165271651574
2020-03-17,2020-03-18,2020-03-19,funded_assets,USD,0.98999999999999999,IN_TCOP1250,EUR,0.00049604871153900005,0.0093165315751794122,0.011357109883576412,-4.6575853931135978,0,0.0020405783083970001,262144,2019-12-31,6.3154776547280633e-18,6.3154776547280633e-18,-0.025351509532048046,0.023245165271651574
2020-03-17,2020-03-18,2020-03-19,net_cashflows,EUR,0.94999999999999996,IN_TCOP1250,EUR,-0.0060400993204992003,0.00384069374518129,0.0052098656749509711,-5.5200048968577509,0,0.0013691719297696811,262144,2019-12-31,6.3154776547280633e-18,6.3154776547280633e-18,-0.015851984514852611,0.019050161482269699
2020-03-17,2020-03-18,2020-03-19,net_cashflows,EUR,0.98999999999999999,IN_TCOP1250,EUR,-0.0060400993204992003,0.0060088096180269789,0.0074600327337666448,-5.0927285530029982,0,0.0014512231157396659,262144,2019-12-31,6.3154776547280633e-18,6.3154776547280633e-18,-0.015851984514852611,0.019050161482269699
2020-03-17,2020-03-18,2020-03-19,net_cashflows,USD,0.94999999999999996,IN_TCOP1250,EUR,-0.0059320487001780003,0.0038561745755777833,0.0052450405944351255,-5.5152683451097264,0,0.0013888660188573422,262144,2019-12-31,6.3154776547280633e-18,6.3154776547280633e-18,-0.01562375380798226,0.019540280415692939
2020-03-17,2020-03-18,2020-03-19,net_cashflows,USD,0.98999999999999999,IN_TCOP1250,EUR,-0.0059320487001780003,0.0060520212243104637,0.007526959910778115,-5.08521815317338,0,0.0014749386864676512,262144,2019-12-31,6.3154776547280633e-18,6.3154776547280633e-18,-0.01562375380798226,0.019540280415692939
2020-03-17,2020-03-18,2020-03-19,funded_assets,EUR,0.94999999999999996,IN_FHS1250,USD,0.00053943398907330001,0.0056172067583950269,0.0077204024038664918,-5.1363092606762946,0,0.0021031956454714649,1249,2019-12-31,4.5400965972830498e-18,4.5400965972830498e-18,-0.016655498551270909,0.017660805172753202
2020-03-17,2020-03-18,2020-03-19,funded_assets,EUR,0.98999999999999999,IN_FHS1250,USD,0.00053943398907330001,0.0090200234171874671,0.010756454245293874,-4.693680836121529,0,0.001736430828106407,1249,2019-12-31,4.5400965972830498e-18,4.5400965972830498e-18,-0.016655498551270909,0.017660805172753202
2020-03-17,2020-03-18,2020-03-19,funded_assets,USD,0.94999999999999996,IN_FHS1250,USD,0.00049604871153900005,0.0056339468258057631,0.0077756765463597895,-5.1321944711968186,0,0.0021417297205540264,1249,2019-12-31,4.5400965972830498e-18,4.5400965972830498e-18,-0.016601072826241899,0.017785668299546042
2020-03-17,2020-03-18,2020-03-19,funded_assets,USD,0.98999999999999999,IN_FHS1250,USD,0.00049604871153900005,0.0091552842960976721,0.010863954155543702,-4.6795837452019633,0,0.0017086698594460294,1249,2019-12-31,4.5400965972830498e-18,4.5400965972830498e-18,-0.016601072826241899,0.017785668299546042
2020-03-17,2020-03-18,2020-03-19,net_cashflows,EUR,0.94999999999999996,IN_FHS1250,USD,-0.0060400993204992003,0.0048305576357030137,0.0068386765417347666,-5.2788025056161256,0,0.0020081189060317528,1249,2019-12-31,4.5400965972830498e-18,4.5400965972830498e-18,-0.011865952840089723,0.014154314792350809
2020-03-17,2020-03-18,2020-03-19,net_cashflows,EUR,0.98999999999999999,IN_FHS1250,USD,-0.0060400993204992003,0.0077327062709707239,0.010442482311858944,-4.821368347447418,0,0.0027097760408882204,1249,2019-12-31,4.5400965972830498e-18,4.5400965972830498e-18,-0.011865952840089723,0.014154314792350809
2020-03-17,2020-03-18,2020-03-19,net_cashflows,USD,0.94999999999999996,IN_FHS1250,USD,-0.0059320487001780003,0.004824467648731838,0.0069091814073064736,-5.2766350470632197,0,0.0020847137585746356,1249,2019-12-31,4.5400965972830498e-18,4.5400965972830498e-18,-0.011625764552497943,0.014160163320138121
2020-03-17,2020-03-18,2020-03-19,net_cashflows,USD,0.98999999999999999,IN_FHS1250,USD,-0.0059320487001780003,0.0076624074828974256,0.010608121845796376,-4.8238201753910808,0,0.0029457143628989499,1249,2019-12-31,4.5400965972830498e-18,4.5400965972830498e-18,-0.011625764552497943,0.014160163320138121
2020-03-17,2020-03-18,2020-03-19,funded_assets,EUR,0.94999999999999996,IN_TCOP1250,USD,0.00053943398907330001,0.0060721929865772961,0.0081741857948819767,-5.0639242780288409,0,0.0021019928083046806,262144,2019-12-31,5.6971436032324241e-18,5.6971436032324241e-18,-0.025010323116992833,0.026052254331123043
2020-03-17,2020-03-18,2020-03-19,funded_assets,EUR,0.98999999999999999,IN_TCOP1250,USD,0.00053943398907330001,0.0094996343736873656,0.011542905303037426,-4.6386995975260925,0,0.0020432709293500603,262144,2019-12-31,5.6971436032324241e-18,5.6971436032324241e-18,-0.025010323116992833,0.026052254331123043
2020-03-17,2020-03-18,2020-03-19,funded_assets,USD,0.94999999999999996,IN_TCOP1250,USD,0.00049604871153900005,0.0061100170869304426,0.0082486682267119693,-5.0569758134827874,0,0.0021386511397815267,262144,2019-12-31,5.6971436032324241e-18,5.6971436032324241e-18,-0.024648632741834514,0.026367386921053948
2020-03-17,2020-03-18,2020-03-19,funded_assets,USD,0.98999999999999999,IN_TCOP1250,USD,0.00049604871153900005,0.0095950088520832671,0.011683411070567333,-4.6283346576813233,0,0.0020884022184840655,262144,2019-12-31,5.6971436032324241e-18,5.6971436032324241e-18,-0.024648632741834514,0.026367386921053948
2020-03-17,2020-03-18,2020-03-19,net_cashflows,EUR,0.94999999999999996,IN_TCOP1250,USD,-0.0060400993204992003,0.0048413721031539186,0.0067724209327838895,-5.280030859542137,0,0.0019310488296299709,262144,2019-12-31,5.6971436032324241e-18,5.6971436032324241e-18,-0.020071731605306176,0.018099098076649001
2020-03-17,2020-03-18,2020-03-19,net_cashflows,EUR,0.98999999999999999,IN_TCOP1250,USD,-0.0060400993204992003,0.0077865237826573175,0.010092005713158889,-4.8244580381551661,0,0.0023054819305015715,262144,2019-12-31,5.6971436032324241e-18,5.6971436032324241e-18,-0.020071731605306176,0.018099098076649001
2020-03-17,2020-03-18,2020-03-19,net_cashflows,USD,0.94999999999999996,IN_TCOP1250,USD,-0.0059320487001780003,0.0048659867218187299,0.0068140683458189841,-5.2746570485401572,0,0.0019480816240002542,262144,2019-12-31,5.6971436032324241e-18,5.6971436032324241e-18,-0.01886643762177374,0.018260062160349481
2020-03-17,2020-03-18,2020-03-19,net_cashflows,USD,0.98999999999999999,IN_TCOP1250,USD,-0.0059320487001780003,0.0078388983384583728,0.010174332804403118,-4.8174289022168626,0,0.0023354344659447454,262144,2019-12-31,5.6971436032324241e-18,5.6971436032324241e-18,-0.01886643762177374,0.018260062160349481
2020-03-17,2020-03-18,2020-03-19,funded_assets,EUR,0.94999999999999996,IN_FHS1250,GBP,0.00053943398907330001,0.0059802568631495134,0.0084767689452715737,-5.064938147300138,0,0.0024965120821220602,1249,2019-12-31,4.1470733097570545e-18,4.1470733097570545e-18,-0.016342559108596333,0.018872225003103954
2020-03-17,2020-03-18,2020-03-19,funded_assets,EUR,0.98999999999999999,IN_FHS1250,GBP,0.00053943398907330001,0.0096274881327992612,0.012567042503714453,-4.6105873639803354,0,0.0029395543709151914,1249,2019-12-31,4.1470733097570545e-18,4.1470733097570545e-18,-0.016342559108596333,0.018872225003103954
2020-03-17,2020-03-18,2020-03-19,funded_assets,USD,0.94999999999999996,IN_FHS1250,GBP,0.00049604871153900005,0.006118329192425111,0.0085803110982807067,-5.0452189818668556,0,0.0024619819058555956,1249,2019-12-31,4.1470733097570545e-18,4.1470733097570545e-18,-0.016045639271693665,0.018992715151030425
2020-03-17,2020-03-18,2020-03-19,funded_assets,USD,0.98999999999999999,IN_FHS1250,GBP,0.00049604871153900005,0.0098249983772095636,0.01279526715468278,-4.5908180120904909,0,0.0029702687774732159,1249,2019-12-31,4.1470733097570545e-18,4.1470733097570545e-18,-0.016045639271693665,0.018992715151030425
2020-03-17,2020-03-18,2020-03-19,net_cashflows,EUR,0.94999999999999996,IN_FHS1250,GBP,-0.0060400993204992003,0.0056586568048525689,0.007820806216306285,-5.1274288253433831,0,0.0021621494114537161,1249,2019-12-31,4.1470733097570545e-18,4.1470733097570545e-18,-0.015922914619933372,0.016516010682921564
2020-03-17,2020-03-18,2020-03-19,net_cashflows,EUR,0.98999999999999999,IN_FHS1250,GBP,-0.0060400993204992003,0.0091281901708011662,0.011636949489355418,-4.6691555922900374,0,0.0025087593185542517,1249,2019-12-31,4.1470733097570545e-18,4.1470733097570545e-18,-0.015922914619933372,0.016516010682921564
2020-03-17,2020-03-18,2020-03-19,net_cashflows,USD,0.94999999999999996,IN_FHS1250,GBP,-0.0059320487001780003,0.0056871219705088719,0.0079025460962196554,-5.1209133624501799,0,0.0022154241257107835,1249,2019-12-31,4.1470733097570545e-18,4.1470733097570545e-18,-0.015506538649893199,0.017220781887595456
2020-03-17,2020-03-18,2020-03-19,net_cashflows,USD,0.98999999999999999,IN_FHS1250,GBP,-0.0059320487001780003,0.0093480730326856339,0.011888772689043746,-4.6458665938580008,0,0.0025406996563581124,1249,2019-12-31,4.1470733097570545e-18,4.1470733097570545e-18,-0.015506538649893199,0.017220781887595456
2020-03-17,2020-03-18,2020-03-19,funded_assets,EUR,0.94999999999999996,IN_TCOP1250,GBP,0.00053943398907330001,0.0065916067136224388,0.0093612238465208136,-4.9670398259325612,0,0.0027696171328983749,262144,2019-12-31,1.1485766764768313e-17,1.1485766764768313e-17,-0.039962001305899719,0.044340627701723589
2020-03-17,2020-03-18,2020-03-19,funded_assets,EUR,0.98999999999999999,IN_TCOP1250,GBP,0.00053943398907330001,0.010923213910098206,0.014175740052322049,-4.4856663506593089,0,0.0032525261422238425,262144,2019-12-31,1.1485766764768313e-17,1.1485766764768313e-17,-0.039962001305899719,0.044340627701723589
2020-03-17,2020-03-18,2020-03-19,funded_assets,USD,0.94999999999999996,IN_TCOP1250,GBP,0.00049604871153900005,0.0066483932319511526,0.0094874097712718576,-4.9570300723405918,0,0.002839016539320705,262144,2019-12-31,1.1485766764768313e-17,1.1485766764768313e-17,-0.038771580302177241,0.046392011310231344
2020-03-17,2020-03-18,2020-03-19,funded_assets,USD,0.98999999999999999,IN_TCOP1250,GBP,0.00049604871153900005,0.011086466169348247,0.014456719775346918,-4.4697230672395669,0,0.0033702536059986715,262144,2019-12-31,1.1485766764768313e-17,1.1485766764768313e-17,-0.038771580302177241,0.046392011310231344
2020-03-17,2020-03-18,2020-03-19,net_cashflows,EUR,0.94999999999999996,IN_TCOP1250,GBP,-0.0060400993204992003,0.0054904784859530773,0.0075771311657566306,-5.158008847168932,0,0.0020866526798035533,262144,2019-12-31,1.1485766764768313e-17,1.1485766764768313e-17,-0.039072023349813648,0.03126822702593135
2020-03-17,2020-03-18,2020-03-19,net_cashflows,EUR,0.98999999999999999,IN_TCOP1250,GBP,-0.0060400993204992003,0.0087953934096301478,0.011049127851535489,-4.7093777487896133,0,0.0022537344419053407,262144,2019-12-31,1.1485766764768313e-17,1.1485766764768313e-17,-0.039072023349813648,0.03126822702593135
2020-03-17,2020-03-18,2020-03-19,net_cashflows,USD,0.94999999999999996,IN_TCOP1250,GBP,-0.0059320487001780003,0.0055150729764291001,0.0076349132660403956,-5.152674567662249,0,0.0021198402896112955,262144,2019-12-31,1.1485766764768313e-17,1.1485766764768313e-17,-0.035274087838416526,0.032347265311906737
2020-03-17,2020-03-18,2020-03-19,net_cashflows,USD,0.98999999999999999,IN_TCOP1250,GBP,-0.0059320487001780003,0.008868533694891342,0.011193174255657277,-4.7001348919469148,0,0.0023246405607659348,262144,2019-12-31,1.1485766764768313e-17,1.1485766764768313e-17,-0.035274087838416526,0.032347265311906737
2020-03-17,2020-03-18,2020-03-19,funded_assets,EUR,0.94999999999999996,IN_FHS1250,JPY,0.00053943398907330001,0.0058076769246346027,0.0084557435002778538,-5.0860771627118595,0,0.0026480665756432511,1249,2019-12-31,4.391018798566293e-18,4.391018798566293e-18,-0.017569070381778795,0.01713178495141407
2020-03-17,2020-03-18,2020-03-19,funded_assets,EUR,0.98999999999999999,IN_FHS1250,JPY,0.00053943398907330001,0.0099256769456524951,0.012706713541020724,-4.5844883625798145,0,0.0027810365953682293,1249,2019-12-31,4.391018798566293e-18,4.391018798566293e-18,-0.017569070381778795,0.01713178495141407
2020-03-17,2020-03-18,2020-03-19,funded_assets,USD,0.94999999999999996,IN_FHS1250,JPY,0.00049604871153900005,0.0058793271995591567,0.0085733529199417454,-5.0733288369101288,0,0.0026940257203825887,1249,2019-12-31,4.391018798566293e-18,4.391018798566293e-18,-0.016992345966194297,0.017689312621711837
2020-03-17,2020-03-18,2020-03-19,funded_assets,USD,0.98999999999999999,IN_FHS1250,JPY,0.00049604871153900005,0.010101200611813183,0.012984928236659561,-4.5660486376240588,0,0.0028837276248463786,1249,2019-12-31,4.391018798566293e-18,4.391018798566293e-18,-0.016992345966194297,0.017689312621711837
2020-03-17,2020-03-18,2020-03-19,net_cashflows,EUR,0.94999999999999996,IN_FHS1250,JPY,-0.0060400993204992003,0.0054160616721230168,0.0074889574590891912,-5.1711193211235482,0,0.0020728957869661745,1249,2019-12-31,4.391018798566293e-18,4.391018798566293e-18,-0.01240507165545115,0.014758865741233043
2020-03-17,2020-03-18,2020-03-19,net_cashflows,EUR,0.98999999999999999,IN_FHS1250,JPY,-0.0060400993204992003,0.0085678990923999335,0.011371628302145142,-4.7231885418900212,0,0.0028037292097452086,1249,2019-12-31,4.391018798566293e-18,4.391018798566293e-18,-0.01240507165545115,0.014758865741233043
2020-03-17,2020-03-18,2020-03-19,net_cashflows,USD,0.94999999999999996,IN_FHS1250,JPY,-0.0059320487001780003,0.0054392112828368366,0.0076009421862537219,-5.1638860862879845,0,0.0021617309034168853,1249,2019-12-31,4.391018798566293e-18,4.391018798566293e-18,-0.012191327164030919,0.015615956490965035
2020-03-17,2020-03-18,2020-03-19,net_cashflows,USD,0.98999999999999999,IN_FHS1250,JPY,-0.0059320487001780003,0.0086883224353599322,0.011651973349335093,-4.7066272805305003,0,0.0029636509139751611,1249,2019-12-31,4.391018798566293e-18,4.391018798566293e-18,-0.012191327164030919,0.015615956490965035
2020-03-17,2020-03-18,2020-03-19,funded_assets,EUR,0.94999999999999996,IN_TCOP1250,JPY,0.00053943398907330001,0.0063144211117684979,0.0085862541651952392,-5.0221822489119923,0,0.0022718330534267413,262144,2019-12-31,7.94178091345632e-18,7.94178091345632e-18,-0.032979723826237817,0.030942574444411647
2020-03-17,2020-03-18,2020-03-19,funded_assets,EUR,0.98999999999999999,IN_TCOP1250,JPY,0.00053943398907330001,0.0099643462669347094,0.012253337421721893,-4.5887624635250344,0,0.0022889911547871837,262144,2019-12-31,7.94178091345632e-18,7.94178091345632e-18,-0.032979723826237817,0.030942574444411647
2020-03-17,2020-03-18,2020-03-19,funded_assets,USD,0.94999999999999996,IN_TCOP1250,JPY,0.00049604871153900005,0.0063718658831212489,0.0086942367539211002,-5.0122110444269552,0,0.0023223708707998513,262144,2019-12-31,7.94178091345632e-18,7.94178091345632e-18,-0.031996233136918725,0.032262937900401752
2020-03-17,2020-03-18,2020-03-19,funded_assets,USD,0.98999999999999999,IN_TCOP1250,JPY,0.00049604871153900005,0.010103418515122914,0.012474532829367753,-4.5741424883856396,0,0.002371114314244839,262144,2019-12-31,7.94178091345632e-18,7.94178091345632e-18,-0.031996233136918725,0.032262937900401752
2020-03-17,2020-03-18,2020-03-19,net_cashflows,EUR,0.94999999999999996,IN_TCOP1250,JPY,-0.0060400993204992003,0.0053882282970292737,0.007511068374729488,-5.1740058086896719,0,0.0021228400777002143,262144,2019-12-31,7.94178091345632e-18,7.94178091345632e-18,-0.019324724101737134,0.021497066779789124
2020-03-17,2020-03-18,2020-03-19,net_cashflows,EUR,0.98999999999999999,IN_TCOP1250,JPY,-0.0060400993204992003,0.0085235308514102995,0.011237183535772598,-4.7300157268441279,0,0.0027136526843622982,262144,2019-12-31,7.94178091345632e-18,7.94178091345632e-18,-0.019324724101737134,0.021497066779789124
2020-03-17,2020-03-18,2020-03-19,net_cashflows,USD,0.94999999999999996,IN_TCOP1250,JPY,-0.0059320487001780003,0.0054262728017006184,0.0075972752650762211,-5.1657262828640782,0,0.0021710024633756026,262144,2019-12-31,7.94178091345632e-18,7.94178091345632e-18,-0.01865701718258728,0.021959038429932184
2020-03-17,2020-03-18,2020-03-19,net_cashflows,USD,0.98999999999999999,IN_TCOP1250,JPY,-0.0059320487001780003,0.0086232695922516533,0.011430456644153479,-4.7170622062833001,0,0.0028071870519018258,262144,2019-12-31,7.94178091345632e-18,7.94178091345632e-18,-0.01865701718258728,0.021959038429932184
2020-03-17,2020-03-18,2020-03-19,funded_assets,EUR,0.94999999999999996,IN_FHS1250,CHF,0.00053943398907330001,0.0059930408344643082,0.0082874684011216022,-5.0698657969428949,0,0.0022944275666572939,1249,2019-12-31,4.6620693416876691e-18,4.6620693416876691e-18,-0.015177079954819067,0.016288949836307826
2020-03-17,2020-03-18,2020-03-19,funded_assets,EUR,0.98999999999999999,IN_FHS1250,CHF,0.00053943398907330001,0.0096415634309105769,0.012161593516203925,-4.6166845272429926,0,0.0025200300852933483,1249,2019-12-31,4.6620693416876691e-18,4.6620693416876691e-18,-0.015177079954819067,0.016288949836307826
2020-03-17,2020-03-18,2020-03-19,funded_assets,USD,0.94999999999999996,IN_FHS1250,CHF,0.00049604871153900005,0.0060834275564678542,0.0083845806375513008,-5.0558114857689498,0,0.0023011530810834466,1249,2019-12-31,4.6620693416876691e-18,4.6620693416876691e-18,-0.014749071969797101,0.016909593981993657
2020-03-17,2020-03-18,2020-03-19,funded_assets,USD,0.98999999999999999,IN_FHS1250,CHF,0.00049604871153900005,0.0097188493934706396,0.012344637446386007,-4.60724030275966,0,0.002625788052915367,1249,2019-12-31,4.6620693416876691e-18,4.6620693416876691e-18,-0.014749071969797101,0.016909593981993657
2020-03-17,2020-03-18,2020-03-19,net_cashflows,EUR,0.94999999999999996,IN_FHS1250,CHF,-0.0060400993204992003,0.0044554694808846438,0.0063401777288838914,-5.3581127391073071,0,0.0018847082479992476,1249,2019-12-31,4.6620693416876691e-18,4.6620693416876691e-18,-0.012968537187403206,0.012845919818846575
2020-03-17,2020-03-18,2020-03-19,net_cashflows,EUR,0.98999999999999999,IN_FHS1250,CHF,-0.0060400993204992003,0.0074559990471443904,0.0097322588010269884,-4.8661973856895049,0,0.0022762597538825979,1249,2019-12-31,4.6620693416876691e-18,4.6620693416876691e-18,-0.012968537187403206,0.012845919818846575
2020-03-17,2020-03-18,2020-03-19,net_cashflows,USD,0.94999999999999996,IN_FHS1250,CHF,-0.0059320487001780003,0.0044255423476394287,0.0064190023020628253,-5.3590486209399959,0,0.0019934599544233966,1249,2019-12-31,4.6620693416876691e-18,4.6620693416876691e-18,-0.012683819319090423,0.013263420434001182
2020-03-17,2020-03-18,2020-03-19,net_cashflows,USD,0.98999999999999999,IN_FHS1250,CHF,-0.0059320487001780003,0.0075083170437751636,0.0099129062533277103,-4.8564892765400085,0,0.0024045892095525467,1249,2019-12-31,4.6620693416876691e-18,4.6620693416876691e-18,-0.012683819319090423,0.013263420434001182
2020-03-17,2020-03-18,2020-03-19,funded_assets,EUR,0.94999999999999996,IN_TCOP1250,CHF,0.00053943398907330001,0.006179441954064141,0.0082402808720693499,-5.0488141348792075,0,0.0020608389180052089,262144,2019-12-31,6.0715321659188248e-18,6.0715321659188248e-18,-0.025224961034211457,0.025430137173105744
2020-03-17,2020-03-18,2020-03-19,funded_assets,EUR,0.98999999999999999,IN_TCOP1250,CHF,0.00053943398907330001,0.0094701062630862254,0.011478484645543206,-4.6422498442676048,0,0.0020083783824569809,262144,2019-12-31,6.0715321659188248e-18,6.0715321659188248e-18,-0.025224961034211457,0.025430137173105744
2020-03-17,2020-03-18,2020-03-19,funded_assets,USD,0.94999999999999996,IN_TCOP1250,CHF,0.00049604871153900005,0.0062280269885510112,0.0083345500522261397,-5.0400916123334962,0,0.0021065230636751284,262144,2019-12-31,6.0715321659188248e-18,6.0715321659188248e-18,-0.024101869644511019,0.025976885864779569
2020-03-17,2020-03-18,2020-03-19,funded_assets,USD,0.98999999999999999,IN_TCOP1250,CHF,0.00049604871153900005,0.0096043512355260801,0.011663614683289081,-4.6278356208823936,0,0.0020592634477630007,262144,2019-12-31,6.0715321659188248e-18,6.0715321659188248e-18,-0.024101869644511019,0.025976885864779569
2020-03-17,2020-03-18,2020-03-19,net_cashflows,EUR,0.94999999999999996,IN_TCOP1250,CHF,-0.0060400993204992003,0.0044936847953148664,0.0060657199386967816,-5.3642691558731315,0,0.0015720351433819151,262144,2019-12-31,6.0715321659188248e-18,6.0715321659188248e-18,-0.017710505297324309,0.022244089603181718
2020-03-17,2020-03-18,2020-03-19,net_cashflows,EUR,0.98999999999999999,IN_TCOP1250,CHF,-0.0060400993204992003,0.0070079856383123869,0.0085504393451519105,-4.9421672846241496,0,0.0015424537068395236,262144,2019-12-31,6.0715321659188248e-18,6.0715321659188248e-18,-0.017710505297324309,0.022244089603181718
2020-03-17,2020-03-18,2020-03-19,net_cashflows,USD,0.94999999999999996,IN_TCOP1250,CHF,-0.0059320487001780003,0.0045243148606440662,0.0061215198851958157,-5.3568612813234928,0,0.0015972050245517495,262144,2019-12-31,6.0715321659188248e-18,6.0715321659188248e-18,-0.01747986251707466,0.02266170478685052
2020-03-17,2020-03-18,2020-03-19,net_cashflows,USD,0.98999999999999999,IN_TCOP1250,CHF,-0.0059320487001780003,0.0070837106428239087,0.0086563459503207745,-4.9311368583819508,0,0.0015726353074968658,262144,2019-12-31,6.0715321659188248e-18,6.0715321659188248e-18,-0.01747986251707466,0.02266170478685052
2020-03-17,2020-03-18,2020-03-19,funded_assets,EUR,0.94999999999999996,IN_FHS_REF_POOL,ALL_FIVE,0.00053943398907330001,0.0058482865498317715,0.0081387858063322743,-5.0925443681780651,0,0.0022904992565005028,6245,2019-12-31,0,0,-0.017569070381778795,0.018872225003103954
2020-03-17,2020-03-18,2020-03-19,funded_assets,EUR,0.98999999999999999,IN_FHS_REF_POOL,ALL_FIVE,0.00053943398907330001,0.0092320771597269591,0.011939230035971901,-4.6546700026833552,0,0.0027071528762449421,6245,2019-12-31,0,0,-0.017569070381778795,0.018872225003103954
2020-03-17,2020-03-18,2020-03-19,funded_assets,USD,0.94999999999999996,IN_FHS_REF_POOL,ALL_FIVE,0.00049604871153900005,0.0058806615644994651,0.0082301239076222176,-5.0854252866978733,0,0.0023494623431227525,6245,2019-12-31,0,0,-0.016992345966194297,0.018992715151030425
2020-03-17,2020-03-18,2020-03-19,funded_assets,USD,0.98999999999999999,IN_FHS_REF_POOL,ALL_FIVE,0.00049604871153900005,0.0093815469797153134,0.012134620429017674,-4.6385703102091069,0,0.0027530734493023609,6245,2019-12-31,0,0,-0.016992345966194297,0.018992715151030425
2020-03-17,2020-03-18,2020-03-19,net_cashflows,EUR,0.94999999999999996,IN_FHS_REF_POOL,ALL_FIVE,-0.0060400993204992003,0.0049186066621073714,0.0069524867520127185,-5.2611958220497126,0,0.0020338800899053471,6245,2019-12-31,0,0,-0.015922914619933372,0.016516010682921564
2020-03-17,2020-03-18,2020-03-19,net_cashflows,EUR,0.98999999999999999,IN_FHS_REF_POOL,ALL_FIVE,-0.0060400993204992003,0.0082974945060733003,0.010567872650030341,-4.7647745276475133,0,0.0022703781439570407,6245,2019-12-31,0,0,-0.015922914619933372,0.016516010682921564
2020-03-17,2020-03-18,2020-03-19,net_cashflows,USD,0.94999999999999996,IN_FHS_REF_POOL,ALL_FIVE,-0.0059320487001780003,0.0049338842035183059,0.0070349461483768805,-5.2555259437891024,0,0.0021010619448585746,6245,2019-12-31,0,0,-0.015506538649893199,0.017220781887595456
2020-03-17,2020-03-18,2020-03-19,net_cashflows,USD,0.98999999999999999,IN_FHS_REF_POOL,ALL_FIVE,-0.0059320487001780003,0.0083988492626703871,0.010777484598044606,-4.7510002079763174,0,0.0023786353353742185,6245,2019-12-31,0,0,-0.015506538649893199,0.017220781887595456
2020-03-17,2020-03-18,2020-03-19,funded_assets,EUR,0.94999999999999996,IN_TCOP_REF_POOL,ALL_FIVE,0.00053943398907330001,0.0061995785057379627,0.0084674633406147653,-5.0393595142248833,0,0.0022678848348768026,1310720,2019-12-31,0,0,-0.039962001305899719,0.044340627701723589
2020-03-17,2020-03-18,2020-03-19,funded_assets,EUR,0.98999999999999999,IN_TCOP_REF_POOL,ALL_FIVE,0.00053943398907330001,0.0098125706357125309,0.012207525359614061,-4.6018894344915804,0,0.0023949547239015302,1310720,2019-12-31,0,0,-0.039962001305899719,0.044340627701723589
2020-03-17,2020-03-18,2020-03-19,funded_assets,USD,0.94999999999999996,IN_TCOP_REF_POOL,ALL_FIVE,0.00049604871153900005,0.006247262784069966,0.0085652224362603013,-5.030669748735618,0,0.0023179596521903352,1310720,2019-12-31,0,0,-0.038771580302177241,0.046392011310231344
2020-03-17,2020-03-18,2020-03-19,funded_assets,USD,0.98999999999999999,IN_TCOP_REF_POOL,ALL_FIVE,0.00049604871153900005,0.0099311418113967459,0.012408307679388313,-4.5890267454367137,0,0.0024771658679915674,1310720,2019-12-31,0,0,-0.038771580302177241,0.046392011310231344
2020-03-17,2020-03-18,2020-03-19,net_cashflows,EUR,0.94999999999999996,IN_TCOP_REF_POOL,ALL_FIVE,-0.0060400993204992003,0.0048193492972163129,0.0067312513211849482,-5.2850278919004747,0,0.0019119020239686353,1310720,2019-12-31,0,0,-0.039072023349813648,0.03126822702593135
2020-03-17,2020-03-18,2020-03-19,net_cashflows,EUR,0.98999999999999999,IN_TCOP_REF_POOL,ALL_FIVE,-0.0060400993204992003,0.007756547174516959,0.0099477743433047938,-4.830679544571332,0,0.0021912271687878349,1310720,2019-12-31,0,0,-0.039072023349813648,0.03126822702593135
2020-03-17,2020-03-18,2020-03-19,net_cashflows,USD,0.94999999999999996,IN_TCOP_REF_POOL,ALL_FIVE,-0.0059320487001780003,0.004845274883088984,0.0067866135519542604,-5.2788573078147429,0,0.0019413386688652765,1310720,2019-12-31,0,0,-0.035274087838416526,0.032347265311906737
2020-03-17,2020-03-18,2020-03-19,net_cashflows,USD,0.98999999999999999,IN_TCOP_REF_POOL,ALL_FIVE,-0.0059320487001780003,0.0078269913163304915,0.010067984160672627,-4.8209808267880625,0,0.0022409928443421351,1310720,2019-12-31,0,0,-0.035274087838416526,0.032347265311906737
2021-06-01,2021-06-02,2021-06-03,funded_assets,EUR,0.94999999999999996,HS1250,ALL_EQUIVARIANT,-0.0007853655365149,0.0046576542773741347,0.0063175850392000171,-5.3271659299162311,0,0.0016599307618258823,1249,2020-12-31,2.2963063200064082e-18,2.2963063200064082e-18,-0.012525445318327805,0.015857900571365713
2021-06-01,2021-06-02,2021-06-03,funded_assets,EUR,0.98999999999999999,HS1250,ALL_EQUIVARIANT,-0.0007853655365149,0.007409979525656446,0.0090737344446476728,-4.8857308094784813,0,0.0016637549189912268,1249,2020-12-31,2.2963063200064082e-18,2.2963063200064082e-18,-0.012525445318327805,0.015857900571365713
2021-06-01,2021-06-02,2021-06-03,funded_assets,USD,0.94999999999999996,HS1250,ALL_EQUIVARIANT,-0.00078308567297410005,0.004652580013475233,0.0063617035530162437,-5.3261172383008004,0,0.0017091235395410107,1249,2020-12-31,2.2963063200064082e-18,2.2963063200064082e-18,-0.012349940271187177,0.0159662234291164
2021-06-01,2021-06-02,2021-06-03,funded_assets,USD,0.98999999999999999,HS1250,ALL_EQUIVARIANT,-0.00078308567297410005,0.0075053087190712865,0.0091439115177081778,-4.8738685442566414,0,0.0016386027986368913,1249,2020-12-31,2.2963063200064082e-18,2.2963063200064082e-18,-0.012349940271187177,0.0159662234291164
2021-06-01,2021-06-02,2021-06-03,net_cashflows,EUR,0.94999999999999996,HS1250,ALL_EQUIVARIANT,1.5821253747648954e-05,0.0030722061229996106,0.0044772418645115334,-5.7225653300732846,0,0.0014050357415119228,1249,2020-12-31,2.2963063200064082e-18,2.2963063200064082e-18,-0.011362286891522877,0.009331558805688242
2021-06-01,2021-06-02,2021-06-03,net_cashflows,EUR,0.98999999999999999,HS1250,ALL_EQUIVARIANT,1.5821253747648954e-05,0.0053320816532665856,0.0069205913636608551,-5.2027878668735585,0,0.0015885097103942696,1249,2020-12-31,2.2963063200064082e-18,2.2963063200064082e-18,-0.011362286891522877,0.009331558805688242
2021-06-01,2021-06-02,2021-06-03,net_cashflows,USD,0.94999999999999996,HS1250,ALL_EQUIVARIANT,1.5718681785644289e-05,0.0030871055867929421,0.0045085413432057238,-5.7170577992825047,0,0.0014214357564127818,1249,2020-12-31,2.2963063200064082e-18,2.2963063200064082e-18,-0.011163620632108224,0.0096482873570995359
2021-06-01,2021-06-02,2021-06-03,net_cashflows,USD,0.98999999999999999,HS1250,ALL_EQUIVARIANT,1.5718681785644289e-05,0.0054599503014246178,0.0069945565732800787,-5.1820231448444858,0,0.0015346062718554609,1249,2020-12-31,2.2963063200064082e-18,2.2963063200064082e-18,-0.011163620632108224,0.0096482873570995359
2021-06-01,2021-06-02,2021-06-03,funded_assets,EUR,0.94999999999999996,EWMA_GAUSS,ALL_EQUIVARIANT,-0.0007853655365149,0.0033525331667838554,0.0042098264404035485,-5.6739748594692898,0,0.00085729327361969317,262144,2020-12-31,2.7342223537368815e-18,2.7342223537368815e-18,-0.0096143799327491064,0.010453171310955023
2021-06-01,2021-06-02,2021-06-03,funded_assets,EUR,0.98999999999999999,EWMA_GAUSS,ALL_EQUIVARIANT,-0.0007853655365149,0.0047447715641808497,0.0054336878764740856,-5.3419233487141984,0,0.0006889163122932359,262144,2020-12-31,2.7342223537368815e-18,2.7342223537368815e-18,-0.0096143799327491064,0.010453171310955023
2021-06-01,2021-06-02,2021-06-03,funded_assets,USD,0.94999999999999996,EWMA_GAUSS,ALL_EQUIVARIANT,-0.00078308567297410005,0.0033664349500363792,0.0042332706699220466,-5.6695477510005681,0,0.0008668357198856674,262144,2020-12-31,2.7342223537368815e-18,2.7342223537368815e-18,-0.0095009914728399324,0.010565564034906213
2021-06-01,2021-06-02,2021-06-03,funded_assets,USD,0.98999999999999999,EWMA_GAUSS,ALL_EQUIVARIANT,-0.00078308567297410005,0.0047731641550072769,0.005472045588618973,-5.335821263624017,0,0.00069888143361169618,262144,2020-12-31,2.7342223537368815e-18,2.7342223537368815e-18,-0.0095009914728399324,0.010565564034906213
2021-06-01,2021-06-02,2021-06-03,net_cashflows,EUR,0.94999999999999996,EWMA_GAUSS,ALL_EQUIVARIANT,1.5821253747648954e-05,0.0022247580891846751,0.0027898533926039946,-6.0843199951729323,0,0.00056509530341931945,262144,2020-12-31,2.7342223537368815e-18,2.7342223537368815e-18,-0.0063267008459859447,0.0061375159044968824
2021-06-01,2021-06-02,2021-06-03,net_cashflows,EUR,0.98999999999999999,EWMA_GAUSS,ALL_EQUIVARIANT,1.5821253747648954e-05,0.0031450188134538488,0.0036033352671811718,-5.7530876863902884,0,0.00045831645372732292,262144,2020-12-31,2.7342223537368815e-18,2.7342223537368815e-18,-0.0063267008459859447,0.0061375159044968824
2021-06-01,2021-06-02,2021-06-03,net_cashflows,USD,0.94999999999999996,EWMA_GAUSS,ALL_EQUIVARIANT,1.5718681785644289e-05,0.0022340198662153888,0.0028049335264458144,-6.0799145437650601,0,0.0005709136602304256,262144,2020-12-31,2.7342223537368815e-18,2.7342223537368815e-18,-0.006211341258150857,0.0061729159828236109
2021-06-01,2021-06-02,2021-06-03,net_cashflows,USD,0.98999999999999999,EWMA_GAUSS,ALL_EQUIVARIANT,1.5718681785644289e-05,0.0031620773871447209,0.0036279721538558635,-5.7474988263576074,0,0.00046589476671114261,262144,2020-12-31,2.7342223537368815e-18,2.7342223537368815e-18,-0.006211341258150857,0.0061729159828236109
2021-06-01,2021-06-02,2021-06-03,funded_assets,EUR,0.94999999999999996,EWMA_SELFNORMALIZED,ALL_EQUIVARIANT,-0.0007853655365149,0.0033687181907511854,0.0041966757530353376,-5.6707514590583905,0,0.00082795756228415222,262144,2020-12-31,2.7443867491039331e-18,2.7443867491039331e-18,-0.0079632567786419584,0.0082455462730004481
2021-06-01,2021-06-02,2021-06-03,funded_assets,EUR,0.98999999999999999,EWMA_SELFNORMALIZED,ALL_EQUIVARIANT,-0.0007853655365149,0.0047141206039456318,0.0053761148827699487,-5.3489254918058924,0,0.00066199427882431688,262144,2020-12-31,2.7443867491039331e-18,2.7443867491039331e-18,-0.0079632567786419584,0.0082455462730004481
2021-06-01,2021-06-02,2021-06-03,funded_assets,USD,0.94999999999999996,EWMA_SELFNORMALIZED,ALL_EQUIVARIANT,-0.00078308567297410005,0.0033827278934073662,0.0042202582317381176,-5.6663137213549204,0,0.00083753033833075139,262144,2020-12-31,2.7443867491039331e-18,2.7443867491039331e-18,-0.0078700520826216532,0.0083360826151376265
2021-06-01,2021-06-02,2021-06-03,funded_assets,USD,0.98999999999999999,EWMA_SELFNORMALIZED,ALL_EQUIVARIANT,-0.00078308567297410005,0.0047417341795212165,0.0054140274133055895,-5.3429382027639214,0,0.00067229323378437296,262144,2020-12-31,2.7443867491039331e-18,2.7443867491039331e-18,-0.0078700520826216532,0.0083360826151376265
2021-06-01,2021-06-02,2021-06-03,net_cashflows,EUR,0.94999999999999996,EWMA_SELFNORMALIZED,ALL_EQUIVARIANT,1.5821253747648954e-05,0.0022334338892381349,0.002785086697503979,-6.0815501128215717,0,0.00055165280826584414,262144,2020-12-31,2.7443867491039331e-18,2.7443867491039331e-18,-0.005467791622610285,0.0053746291771759385
2021-06-01,2021-06-02,2021-06-03,net_cashflows,EUR,0.98999999999999999,EWMA_SELFNORMALIZED,ALL_EQUIVARIANT,1.5821253747648954e-05,0.0031295273149090645,0.0035660177879895186,-5.7587085463712562,0,0.00043649047308045403,262144,2020-12-31,2.7443867491039331e-18,2.7443867491039331e-18,-0.005467791622610285,0.0053746291771759385
2021-06-01,2021-06-02,2021-06-03,net_cashflows,USD,0.94999999999999996,EWMA_SELFNORMALIZED,ALL_EQUIVARIANT,1.5718681785644289e-05,0.0022434929169774867,0.0028000991434844538,-6.0768813535676589,0,0.00055660622650696712,262144,2020-12-31,2.7443867491039331e-18,2.7443867491039331e-18,-0.0054244845246036498,0.0054237643347727089
2021-06-01,2021-06-02,2021-06-03,net_cashflows,USD,0.98999999999999999,EWMA_SELFNORMALIZED,ALL_EQUIVARIANT,1.5718681785644289e-05,0.0031508360680843456,0.0035902939809672853,-5.7519228425532454,0,0.00043945791288293968,262144,2020-12-31,2.7443867491039331e-18,2.7443867491039331e-18,-0.0054244845246036498,0.0054237643347727089
2021-06-01,2021-06-02,2021-06-03,funded_assets,EUR,0.94999999999999996,IN_FHS1250,EUR,-0.0007853655365149,0.0040085606147688413,0.0053634415704146184,-5.480763524130845,0,0.0013548809556457771,1249,2020-12-31,3.7133924407628527e-18,3.7133924407628527e-18,-0.0092816831536040589,0.01153376246111687
2021-06-01,2021-06-02,2021-06-03,funded_assets,EUR,0.98999999999999999,IN_FHS1250,EUR,-0.0007853655365149,0.0062334777542009945,0.0072541039951214718,-5.0668842914446044,0,0.0010206262409204773,1249,2020-12-31,3.7133924407628527e-18,3.7133924407628527e-18,-0.0092816831536040589,0.01153376246111687
2021-06-01,2021-06-02,2021-06-03,funded_assets,USD,0.94999999999999996,IN_FHS1250,EUR,-0.00078308567297410005,0.0040765845778044495,0.0053947988478551734,-5.4666690708729977,0,0.0013182142700507238,1249,2020-12-31,3.7133924407628527e-18,3.7133924407628527e-18,-0.0091936560107518106,0.011582096965553828
2021-06-01,2021-06-02,2021-06-03,funded_assets,USD,0.98999999999999999,IN_FHS1250,EUR,-0.00078308567297410005,0.0062940568661816673,0.0073023446132590864,-5.0576370640443464,0,0.0010082877470774191,1249,2020-12-31,3.7133924407628527e-18,3.7133924407628527e-18,-0.0091936560107518106,0.011582096965553828
2021-06-01,2021-06-02,2021-06-03,net_cashflows,EUR,0.94999999999999996,IN_FHS1250,EUR,1.5821253747648954e-05,0.0026800299852579815,0.0037373971598513769,-5.8722812462767431,0,0.0010573671745933953,1249,2020-12-31,3.7133924407628527e-18,3.7133924407628527e-18,-0.0083633632948853613,0.0081364775212692027
2021-06-01,2021-06-02,2021-06-03,net_cashflows,EUR,0.98999999999999999,IN_FHS1250,EUR,1.5821253747648954e-05,0.0041023825502509376,0.0055480316647158441,-5.4548817994158094,0,0.0014456491144649065,1249,2020-12-31,3.7133924407628527e-18,3.7133924407628527e-18,-0.0083633632948853613,0.0081364775212692027
2021-06-01,2021-06-02,2021-06-03,net_cashflows,USD,0.94999999999999996,IN_FHS1250,EUR,1.5718681785644289e-05,0.0026914475840831569,0.0037628835261911053,-5.8673077235864195,0,0.0010714359421079484,1249,2020-12-31,3.7133924407628527e-18,3.7133924407628527e-18,-0.0082514757157408827,0.008216418780809441
2021-06-01,2021-06-02,2021-06-03,net_cashflows,USD,0.98999999999999999,IN_FHS1250,EUR,1.5718681785644289e-05,0.0041387801918988934,0.0056006894950403324,-5.4458886591723381,0,0.001461909303141439,1249,2020-12-31,3.7133924407628527e-18,3.7133924407628527e-18,-0.0082514757157408827,0.008216418780809441
2021-06-01,2021-06-02,2021-06-03,funded_assets,EUR,0.94999999999999996,IN_TCOP1250,EUR,-0.0007853655365149,0.0040376954605604032,0.0052689519202297839,-5.4796052884402444,0,0.0012312564596693807,262144,2020-12-31,4.0657581468206416e-18,4.0657581468206416e-18,-0.01322112921562027,0.012722632831034919
2021-06-01,2021-06-02,2021-06-03,funded_assets,EUR,0.98999999999999999,IN_TCOP1250,EUR,-0.0007853655365149,0.006033116239625963,0.0071579235750329562,-5.0966769117236899,0,0.0011248073354069932,262144,2020-12-31,4.0657581468206416e-18,4.0657581468206416e-18,-0.01322112921562027,0.012722632831034919
2021-06-01,2021-06-02,2021-06-03,funded_assets,USD,0.94999999999999996,IN_TCOP1250,EUR,-0.00078308567297410005,0.0040554198319270067,0.0053030616031476668,-5.4747391667537855,0,0.0012476417712206601,262144,2020-12-31,4.0657581468206416e-18,4.0657581468206416e-18,-0.012996686741558882,0.012922353451470863
2021-06-01,2021-06-02,2021-06-03,funded_assets,USD,0.98999999999999999,IN_TCOP1250,EUR,-0.00078308567297410005,0.0060764217209989292,0.0072172158014510192,-5.0893516975711774,0,0.00114079408045209,262144,2020-12-31,4.0657581468206416e-18,4.0657581468206416e-18,-0.012996686741558882,0.012922353451470863
2021-06-01,2021-06-02,2021-06-03,net_cashflows,EUR,0.94999999999999996,IN_TCOP1250,EUR,1.5821253747648954e-05,0.0027298076673595521,0.0036120327586206397,-5.8677307230569831,0,0.0008822250912610876,262144,2020-12-31,4.0657581468206416e-18,4.0657581468206416e-18,-0.012589849395096442,0.01091246505245641
2021-06-01,2021-06-02,2021-06-03,net_cashflows,EUR,0.98999999999999999,IN_TCOP1250,EUR,1.5821253747648954e-05,0.0041442534382957197,0.0049960061407472193,-5.4696031780703267,0,0.00085175270245149964,262144,2020-12-31,4.0657581468206416e-18,4.0657581468206416e-18,-0.012589849395096442,0.01091246505245641
2021-06-01,2021-06-02,2021-06-03,net_cashflows,USD,0.94999999999999996,IN_TCOP1250,EUR,1.5718681785644289e-05,0.0027405508481624166,0.0036290532644084211,-5.8636138331662488,0,0.00088850241624600446,262144,2020-12-31,4.0657581468206416e-18,4.0657581468206416e-18,-0.012381423658220583,0.01101268096226035
2021-06-01,2021-06-02,2021-06-03,net_cashflows,USD,0.98999999999999999,IN_TCOP1250,EUR,1.5718681785644289e-05,0.0041615528924832555,0.0050267980532981218,-5.4650985686206957,0,0.00086524516081486636,262144,2020-12-31,4.0657581468206416e-18,4.0657581468206416e-18,-0.012381423658220583,0.01101268096226035
2021-06-01,2021-06-02,2021-06-03,funded_assets,EUR,0.94999999999999996,IN_FHS1250,USD,-0.0007853655365149,0.0039438526587017297,0.0053460709958840971,-5.4936828902766512,0,0.0014022183371823673,1249,2020-12-31,2.3445871979999033e-18,2.3445871979999033e-18,-0.0091397589366994103,0.012505690441213441
2021-06-01,2021-06-02,2021-06-03,funded_assets,EUR,0.98999999999999999,IN_FHS1250,USD,-0.0007853655365149,0.0060440714495571535,0.0074512704403298137,-5.0882242978078214,0,0.0014071989907726602,1249,2020-12-31,2.3445871979999033e-18,2.3445871979999033e-18,-0.0091397589366994103,0.012505690441213441
2021-06-01,2021-06-02,2021-06-03,funded_assets,USD,0.94999999999999996,IN_FHS1250,USD,-0.00078308567297410005,0.0039375251476740812,0.005374247261465917,-5.4934713353081692,0,0.0014367221137918358,1249,2020-12-31,2.3445871979999033e-18,2.3445871979999033e-18,-0.0090930859875263687,0.012562193849729989
2021-06-01,2021-06-02,2021-06-03,funded_assets,USD,0.98999999999999999,IN_FHS1250,USD,-0.00078308567297410005,0.0060813291800805025,0.007507973352983084,-5.0818069225592435,0,0.0014266441729025815,1249,2020-12-31,2.3445871979999033e-18,2.3445871979999033e-18,-0.0090930859875263687,0.012562193849729989
2021-06-01,2021-06-02,2021-06-03,net_cashflows,EUR,0.94999999999999996,IN_FHS1250,USD,1.5821253747648954e-05,0.0026678296553711346,0.0035206880208946559,-5.8913408076479117,0,0.00085285836552352135,1249,2020-12-31,2.3445871979999033e-18,2.3445871979999033e-18,-0.0060476410913419933,0.0064080838514730893
2021-06-01,2021-06-02,2021-06-03,net_cashflows,EUR,0.98999999999999999,IN_FHS1250,USD,1.5821253747648954e-05,0.0040630349261925889,0.0048087409809344853,-5.4923930136829986,0,0.00074570605474189641,1249,2020-12-31,2.3445871979999033e-18,2.3445871979999033e-18,-0.0060476410913419933,0.0064080838514730893
2021-06-01,2021-06-02,2021-06-03,net_cashflows,USD,0.94999999999999996,IN_FHS1250,USD,1.5718681785644289e-05,0.0026731541458076052,0.0035444696142178074,-5.88819068046302,0,0.00087131546841020223,1249,2020-12-31,2.3445871979999033e-18,2.3445871979999033e-18,-0.0059900403171189911,0.0063704666286955747
2021-06-01,2021-06-02,2021-06-03,net_cashflows,USD,0.98999999999999999,IN_FHS1250,USD,1.5718681785644289e-05,0.0040850269316135557,0.0048427819348239205,-5.4867369581328713,0,0.00075775500321036485,1249,2020-12-31,2.3445871979999033e-18,2.3445871979999033e-18,-0.0059900403171189911,0.0063704666286955747
2021-06-01,2021-06-02,2021-06-03,funded_assets,EUR,0.94999999999999996,IN_TCOP1250,USD,-0.0007853655365149,0.0042285272707084931,0.005481989957922432,-5.4349381496590317,0,0.0012534626872139389,262144,2020-12-31,4.9195673576529764e-18,4.9195673576529764e-18,-0.014849098378308778,0.015984464515015312
2021-06-01,2021-06-02,2021-06-03,funded_assets,EUR,0.98999999999999999,IN_TCOP1250,USD,-0.0007853655365149,0.0062391963029550523,0.0073949356532944047,-5.0632478364961493,0,0.0011557393503393524,262144,2020-12-31,4.9195673576529764e-18,4.9195673576529764e-18,-0.014849098378308778,0.015984464515015312
2021-06-01,2021-06-02,2021-06-03,funded_assets,USD,0.94999999999999996,IN_TCOP1250,USD,-0.00078308567297410005,0.0042507100684700799,0.0055168500042483068,-5.4294523766141802,0,0.0012661399357782269,262144,2020-12-31,4.9195673576529764e-18,4.9195673576529764e-18,-0.014695960739622945,0.016290048682357755
2021-06-01,2021-06-02,2021-06-03,funded_assets,USD,0.98999999999999999,IN_TCOP1250,USD,-0.00078308567297410005,0.0062796505388550998,0.0074506227263470125,-5.0566220005229505,0,0.0011709721874919128,262144,2020-12-31,4.9195673576529764e-18,4.9195673576529764e-18,-0.014695960739622945,0.016290048682357755
2021-06-01,2021-06-02,2021-06-03,net_cashflows,EUR,0.94999999999999996,IN_TCOP1250,USD,1.5821253747648954e-05,0.0026659850579753065,0.0034819574436643535,-5.8945036688436403,0,0.00081597238568904698,262144,2020-12-31,4.9195673576529764e-18,4.9195673576529764e-18,-0.0088361631006090187,0.0087034091417046225
2021-06-01,2021-06-02,2021-06-03,net_cashflows,EUR,0.98999999999999999,IN_TCOP1250,USD,1.5821253747648954e-05,0.0039820957625783535,0.004675210504268809,-5.5137342519072048,0,0.00069311474169045546,262144,2020-12-31,4.9195673576529764e-18,4.9195673576529764e-18,-0.0088361631006090187,0.0087034091417046225
2021-06-01,2021-06-02,2021-06-03,net_cashflows,USD,0.94999999999999996,IN_TCOP1250,USD,1.5718681785644289e-05,0.0026759353626435744,0.0034966044488673547,-5.8906675210416291,0,0.00082066908622378028,262144,2020-12-31,4.9195673576529764e-18,4.9195673576529764e-18,-0.0087289242031171523,0.0088185834597899609
2021-06-01,2021-06-02,2021-06-03,net_cashflows,USD,0.98999999999999999,IN_TCOP1250,USD,1.5718681785644289e-05,0.0040023215394577732,0.0047010653590787042,-5.5086013301387027,0,0.00069874381962093095,262144,2020-12-31,4.9195673576529764e-18,4.9195673576529764e-18,-0.0087289242031171523,0.0088185834597899609
2021-06-01,2021-06-02,2021-06-03,funded_assets,EUR,0.94999999999999996,IN_FHS1250,GBP,-0.0007853655365149,0.0045497729851403934,0.005939471656213953,-5.3601119130411563,0,0.0013896986710735595,1249,2020-12-31,2.4326786245143506e-18,2.4326786245143506e-18,-0.010099850243614483,0.013145917146293762
2021-06-01,2021-06-02,2021-06-03,funded_assets,EUR,0.98999999999999999,IN_FHS1250,GBP,-0.0007853655365149,0.0066261283719875608,0.0079784029161520387,-5.0005089076960374,0,0.0013522745441644779,1249,2020-12-31,2.4326786245143506e-18,2.4326786245143506e-18,-0.010099850243614483,0.013145917146293762
2021-06-01,2021-06-02,2021-06-03,funded_assets,USD,0.94999999999999996,IN_FHS1250,GBP,-0.00078308567297410005,0.0045803755816833814,0.0059795641367096598,-5.3534026749100292,0,0.0013991885550262784,1249,2020-12-31,2.4326786245143506e-18,2.4326786245143506e-18,-0.0099689909539210069,0.013209358525370809
2021-06-01,2021-06-02,2021-06-03,funded_assets,USD,0.98999999999999999,IN_FHS1250,GBP,-0.00078308567297410005,0.0066826871548790216,0.0080489561261576463,-4.9919577347607129,0,0.0013662689712786247,1249,2020-12-31,2.4326786245143506e-18,2.4326786245143506e-18,-0.0099689909539210069,0.013209358525370809
2021-06-01,2021-06-02,2021-06-03,net_cashflows,EUR,0.94999999999999996,IN_FHS1250,GBP,1.5821253747648954e-05,0.0028077266837328585,0.0039726518393064687,-5.8215575939509643,0,0.0011649251555736102,1249,2020-12-31,2.4326786245143506e-18,2.4326786245143506e-18,-0.0085550676346190738,0.0080452590985081833
2021-06-01,2021-06-02,2021-06-03,net_cashflows,EUR,0.98999999999999999,IN_FHS1250,GBP,1.5821253747648954e-05,0.0047050186484596133,0.0058625054687098778,-5.3366171446650394,0,0.0011574868202502645,1249,2020-12-31,2.4326786245143506e-18,2.4326786245143506e-18,-0.0085550676346190738,0.0080452590985081833
2021-06-01,2021-06-02,2021-06-03,net_cashflows,USD,0.94999999999999996,IN_FHS1250,GBP,1.5718681785644289e-05,0.0028314176642626528,0.004002698626040033,-5.8134093093841157,0,0.0011712809617773802,1249,2020-12-31,2.4326786245143506e-18,2.4326786245143506e-18,-0.0084599526275393171,0.0083000489719419479
2021-06-01,2021-06-02,2021-06-03,net_cashflows,USD,0.98999999999999999,IN_FHS1250,GBP,1.5718681785644289e-05,0.00472756750734911,0.0059339080417966693,-5.3303683830168085,0,0.0012063405344475593,1249,2020-12-31,2.4326786245143506e-18,2.4326786245143506e-18,-0.0084599526275393171,0.0083000489719419479
2021-06-01,2021-06-02,2021-06-03,funded_assets,EUR,0.94999999999999996,IN_TCOP1250,GBP,-0.0007853655365149,0.0044104969091663948,0.0060709415242476859,-5.3777485108850795,0,0.0016604446150812911,262144,2020-12-31,5.3329194359130749e-18,5.3329194359130749e-18,-0.02318383937347207,0.022242899971806201
2021-06-01,2021-06-02,2021-06-03,funded_assets,EUR,0.98999999999999999,IN_TCOP1250,GBP,-0.0007853655365149,0.0070420210439776643,0.0088457505179906984,-4.9317272532783765,0,0.0018037294740130341,262144,2020-12-31,5.3329194359130749e-18,5.3329194359130749e-18,-0.02318383937347207,0.022242899971806201
2021-06-01,2021-06-02,2021-06-03,funded_assets,USD,0.94999999999999996,IN_TCOP1250,GBP,-0.00078308567297410005,0.0044315785759532966,0.0061188257296738045,-5.3721319631940876,0,0.0016872471537205079,262144,2020-12-31,5.3329194359130749e-18,5.3329194359130749e-18,-0.022584817064315952,0.023157536790310972
2021-06-01,2021-06-02,2021-06-03,funded_assets,USD,0.98999999999999999,IN_TCOP1250,GBP,-0.00078308567297410005,0.0071012933620362133,0.0089502968646294079,-4.9226542958455966,0,0.0018490035025931946,262144,2020-12-31,5.3329194359130749e-18,5.3329194359130749e-18,-0.022584817064315952,0.023157536790310972
2021-06-01,2021-06-02,2021-06-03,net_cashflows,EUR,0.94999999999999996,IN_TCOP1250,GBP,1.5821253747648954e-05,0.0028220943419924095,0.003900852283992813,-5.8231043814759236,0,0.0010787579420004035,262144,2020-12-31,5.3329194359130749e-18,5.3329194359130749e-18,-0.016390148826818662,0.014893441850077438
2021-06-01,2021-06-02,2021-06-03,net_cashflows,EUR,0.98999999999999999,IN_TCOP1250,GBP,1.5821253747648954e-05,0.004525965915854413,0.0057202799705395246,-5.3725234730805749,0,0.0011943140546851116,262144,2020-12-31,5.3329194359130749e-18,5.3329194359130749e-18,-0.016390148826818662,0.014893441850077438
2021-06-01,2021-06-02,2021-06-03,net_cashflows,USD,0.94999999999999996,IN_TCOP1250,GBP,1.5718681785644289e-05,0.0028314389052493936,0.0039238552845997131,-5.81908445765169,0,0.0010924163793503195,262144,2020-12-31,5.3329194359130749e-18,5.3329194359130749e-18,-0.015841777155728671,0.01529624590845753
2021-06-01,2021-06-02,2021-06-03,net_cashflows,USD,0.98999999999999999,IN_TCOP1250,GBP,1.5718681785644289e-05,0.0045563157945356664,0.0057713849876837257,-5.3653765755018892,0,0.0012150691931480592,262144,2020-12-31,5.3329194359130749e-18,5.3329194359130749e-18,-0.015841777155728671,0.01529624590845753
2021-06-01,2021-06-02,2021-06-03,funded_assets,EUR,0.94999999999999996,IN_FHS1250,JPY,-0.0007853655365149,0.0038907394418593311,0.0051086295771541734,-5.5152226944971403,0,0.0012178901352948423,1249,2020-12-31,1.9210707243727532e-18,1.9210707243727532e-18,-0.0091688924425083473,0.0098919039616625348
2021-06-01,2021-06-02,2021-06-03,funded_assets,EUR,0.98999999999999999,IN_FHS1250,JPY,-0.0007853655365149,0.0059508533426690657,0.0070322504432577771,-5.1110253230109723,0,0.0010813971005887114,1249,2020-12-31,1.9210707243727532e-18,1.9210707243727532e-18,-0.0091688924425083473,0.0098919039616625348
2021-06-01,2021-06-02,2021-06-03,funded_assets,USD,0.94999999999999996,IN_FHS1250,JPY,-0.00078308567297410005,0.0039432294538377499,0.0051373706977941944,-5.5036559698295555,0,0.0011941412439564446,1249,2020-12-31,1.9210707243727532e-18,1.9210707243727532e-18,-0.009081386388713782,0.0099194680560774177
2021-06-01,2021-06-02,2021-06-03,funded_assets,USD,0.98999999999999999,IN_FHS1250,JPY,-0.00078308567297410005,0.0059422740178098604,0.0070780563433023901,-5.1112212213411965,0,0.0011357823254925297,1249,2020-12-31,1.9210707243727532e-18,1.9210707243727532e-18,-0.009081386388713782,0.0099194680560774177
2021-06-01,2021-06-02,2021-06-03,net_cashflows,EUR,0.94999999999999996,IN_FHS1250,JPY,1.5821253747648954e-05,0.0026378811821017095,0.0034227792555194189,-5.9066184176109253,0,0.00078489807341770943,1249,2020-12-31,1.9210707243727532e-18,1.9210707243727532e-18,-0.0053005573928406107,0.005896600141110998
2021-06-01,2021-06-02,2021-06-03,net_cashflows,EUR,0.98999999999999999,IN_FHS1250,JPY,1.5821253747648954e-05,0.0038813227405939178,0.0044902059394501389,-5.5414592227117794,0,0.00060888319885622115,1249,2020-12-31,1.9210707243727532e-18,1.9210707243727532e-18,-0.0053005573928406107,0.005896600141110998
2021-06-01,2021-06-02,2021-06-03,net_cashflows,USD,0.94999999999999996,IN_FHS1250,JPY,1.5718681785644289e-05,0.002655748807022012,0.0034424083348760142,-5.9001040641871842,0,0.00078665952785400214,1249,2020-12-31,1.9210707243727532e-18,1.9210707243727532e-18,-0.0053303043982965218,0.0059739125349934311
2021-06-01,2021-06-02,2021-06-03,net_cashflows,USD,0.98999999999999999,IN_FHS1250,JPY,1.5718681785644289e-05,0.0038850138232174244,0.0045187399039311035,-5.5397660889770926,0,0.00063372608071367905,1249,2020-12-31,1.9210707243727532e-18,1.9210707243727532e-18,-0.0053303043982965218,0.0059739125349934311
2021-06-01,2021-06-02,2021-06-03,funded_assets,EUR,0.94999999999999996,IN_TCOP1250,JPY,-0.0007853655365149,0.0037591741786249799,0.0049926415408446164,-5.54684720668849,0,0.0012334673622196365,262144,2020-12-31,4.2961511084738113e-18,4.2961511084738113e-18,-0.014338345811186926,0.018024441211069775
2021-06-01,2021-06-02,2021-06-03,funded_assets,EUR,0.98999999999999999,IN_TCOP1250,JPY,-0.0007853655365149,0.0057480107156694937,0.0069786010410569001,-5.1412444873823171,0,0.0012305903253874064,262144,2020-12-31,4.2961511084738113e-18,4.2961511084738113e-18,-0.014338345811186926,0.018024441211069775
2021-06-01,2021-06-02,2021-06-03,funded_assets,USD,0.94999999999999996,IN_TCOP1250,JPY,-0.00078308567297410005,0.0037779677499021258,0.0050238390690195145,-5.5415527674620586,0,0.0012458713191173887,262144,2020-12-31,4.2961511084738113e-18,4.2961511084738113e-18,-0.014099078516263401,0.018348624204180083
2021-06-01,2021-06-02,2021-06-03,funded_assets,USD,0.98999999999999999,IN_TCOP1250,JPY,-0.00078308567297410005,0.0057869057661697918,0.0070380979961808627,-5.1341915147800918,0,0.0012511922300110709,262144,2020-12-31,4.2961511084738113e-18,4.2961511084738113e-18,-0.014099078516263401,0.018348624204180083
2021-06-01,2021-06-02,2021-06-03,net_cashflows,EUR,0.94999999999999996,IN_TCOP1250,JPY,1.5821253747648954e-05,0.0025643422276232734,0.003349401943865887,-5.9333615011943195,0,0.00078505971624261367,262144,2020-12-31,4.2961511084738113e-18,4.2961511084738113e-18,-0.0078343702353327223,0.0088803451414254386
2021-06-01,2021-06-02,2021-06-03,net_cashflows,EUR,0.98999999999999999,IN_TCOP1250,JPY,1.5821253747648954e-05,0.0038352432008581742,0.0044753376420454188,-5.5522005518196904,0,0.00064009444118724463,262144,2020-12-31,4.2961511084738113e-18,4.2961511084738113e-18,-0.0078343702353327223,0.0088803451414254386
2021-06-01,2021-06-02,2021-06-03,net_cashflows,USD,0.94999999999999996,IN_TCOP1250,JPY,1.5718681785644289e-05,0.0025718182836326643,0.0033626982250961829,-5.9302036496646302,0,0.00079087994146351866,262144,2020-12-31,4.2961511084738113e-18,4.2961511084738113e-18,-0.0077617834900239706,0.00898236766327218
2021-06-01,2021-06-02,2021-06-03,net_cashflows,USD,0.98999999999999999,IN_TCOP1250,JPY,1.5718681785644289e-05,0.0038540023249424827,0.0044986903637501329,-5.5472746697670816,0,0.00064468803880765027,262144,2020-12-31,4.2961511084738113e-18,4.2961511084738113e-18,-0.0077617834900239706,0.00898236766327218
2021-06-01,2021-06-02,2021-06-03,funded_assets,EUR,0.94999999999999996,IN_FHS1250,CHF,-0.0007853655365149,0.004091673788919864,0.0054799037389431579,-5.4599988272637097,0,0.0013882299500232939,1249,2020-12-31,2.7664096057325449e-18,2.7664096057325449e-18,-0.0096845389269265558,0.010582409593608677
2021-06-01,2021-06-02,2021-06-03,funded_assets,EUR,0.98999999999999999,IN_FHS1250,CHF,-0.0007853655365149,0.0064641187181729565,0.0075808800093584783,-5.0294388730204895,0,0.0011167612911855218,1249,2020-12-31,2.7664096057325449e-18,2.7664096057325449e-18,-0.0096845389269265558,0.010582409593608677
2021-06-01,2021-06-02,2021-06-03,funded_assets,USD,0.94999999999999996,IN_FHS1250,CHF,-0.00078308567297410005,0.0041224238464497003,0.0055145154241898319,-5.4528128197126708,0,0.0013920915777401316,1249,2020-12-31,2.7664096057325449e-18,2.7664096057325449e-18,-0.0095778998186868049,0.010596132978239805
2021-06-01,2021-06-02,2021-06-03,funded_assets,USD,0.98999999999999999,IN_FHS1250,CHF,-0.00078308567297410005,0.0064946105207721065,0.0076299091015832486,-5.0244751669850896,0,0.0011352985808111421,1249,2020-12-31,2.7664096057325449e-18,2.7664096057325449e-18,-0.0095778998186868049,0.010596132978239805
2021-06-01,2021-06-02,2021-06-03,net_cashflows,EUR,0.94999999999999996,IN_FHS1250,CHF,1.5821253747648954e-05,0.0028293759483669408,0.0039249053624126253,-5.8195355438635357,0,0.0010955294140456845,1249,2020-12-31,2.7664096057325449e-18,2.7664096057325449e-18,-0.0082366880389437951,0.0079849432030984612
2021-06-01,2021-06-02,2021-06-03,net_cashflows,EUR,0.98999999999999999,IN_FHS1250,CHF,1.5821253747648954e-05,0.004556256957380345,0.0057653098559052596,-5.3656080733165323,0,0.0012090528985249146,1249,2020-12-31,2.7664096057325449e-18,2.7664096057325449e-18,-0.0082366880389437951,0.0079849432030984612
2021-06-01,2021-06-02,2021-06-03,net_cashflows,USD,0.94999999999999996,IN_FHS1250,CHF,1.5718681785644289e-05,0.0028392467493606132,0.0039538076226131565,-5.8149717842927844,0,0.0011145608732525433,1249,2020-12-31,2.7664096057325449e-18,2.7664096057325449e-18,-0.0081483733617598152,0.0079408659789936067
2021-06-01,2021-06-02,2021-06-03,net_cashflows,USD,0.98999999999999999,IN_FHS1250,CHF,1.5718681785644289e-05,0.0045856579721805573,0.0058178533324252761,-5.3586194637021229,0,0.0012321953602447188,1249,2020-12-31,2.7664096057325449e-18,2.7664096057325449e-18,-0.0081483733617598152,0.0079408659789936067
2021-06-01,2021-06-02,2021-06-03,funded_assets,EUR,0.94999999999999996,IN_TCOP1250,CHF,-0.0007853655365149,0.0042028783960330052,0.0055234644621396205,-5.4378365463004057,0,0.0013205860661066153,262144,2020-12-31,4.5672016515951874e-18,4.5672016515951874e-18,-0.01521137829166036,0.015741807649615858
2021-06-01,2021-06-02,2021-06-03,funded_assets,EUR,0.98999999999999999,IN_TCOP1250,CHF,-0.0007853655365149,0.0063314610853817954,0.0075574224940129003,-5.0474446014726517,0,0.0012259614086311049,262144,2020-12-31,4.5672016515951874e-18,4.5672016515951874e-18,-0.01521137829166036,0.015741807649615858
2021-06-01,2021-06-02,2021-06-03,funded_assets,USD,0.94999999999999996,IN_TCOP1250,CHF,-0.00078308567297410005,0.0042234561234010745,0.0055631040178775442,-5.432408477546689,0,0.0013396478944764697,262144,2020-12-31,4.5672016515951874e-18,4.5672016515951874e-18,-0.014924940819436471,0.015974168119350679
2021-06-01,2021-06-02,2021-06-03,funded_assets,USD,0.98999999999999999,IN_TCOP1250,CHF,-0.00078308567297410005,0.0063888504318437931,0.007633656010659181,-5.0382564592655488,0,0.0012448055788153879,262144,2020-12-31,4.5672016515951874e-18,4.5672016515951874e-18,-0.014924940819436471,0.015974168119350679
2021-06-01,2021-06-02,2021-06-03,net_cashflows,EUR,0.94999999999999996,IN_TCOP1250,CHF,1.5821253747648954e-05,0.0029719471978991497,0.0038818209801365603,-5.7858444560924163,0,0.00090987378223741054,262144,2020-12-31,4.5672016515951874e-18,4.5672016515951874e-18,-0.010633275377035322,0.011507421040692533
2021-06-01,2021-06-02,2021-06-03,net_cashflows,EUR,0.98999999999999999,IN_TCOP1250,CHF,1.5821253747648954e-05,0.0044528467696888785,0.0052791124217526735,-5.400513314812029,0,0.00082626565206379496,262144,2020-12-31,4.5672016515951874e-18,4.5672016515951874e-18,-0.010633275377035322,0.011507421040692533
2021-06-01,2021-06-02,2021-06-03,net_cashflows,USD,0.94999999999999996,IN_TCOP1250,CHF,1.5718681785644289e-05,0.0029834472584224798,0.0039029096873095287,-5.7816167646069552,0,0.00091946242888704894,262144,2020-12-31,4.5672016515951874e-18,4.5672016515951874e-18,-0.010502741716173077,0.01167519301667035
2021-06-01,2021-06-02,2021-06-03,net_cashflows,USD,0.98999999999999999,IN_TCOP1250,CHF,1.5718681785644289e-05,0.0044766058153693569,0.0053158352403196336,-5.3949386148746523,0,0.00083922942495027672,262144,2020-12-31,4.5672016515951874e-18,4.5672016515951874e-18,-0.010502741716173077,0.01167519301667035
2021-06-01,2021-06-02,2021-06-03,funded_assets,EUR,0.94999999999999996,IN_FHS_REF_POOL,ALL_FIVE,-0.0007853655365149,0.0040975717861258254,0.0054669952635424904,-5.4595153633875224,0,0.001369423477416665,6245,2020-12-31,0,0,-0.010099850243614483,0.013145917146293762
2021-06-01,2021-06-02,2021-06-03,funded_assets,EUR,0.98999999999999999,IN_FHS_REF_POOL,ALL_FIVE,-0.0007853655365149,0.0063115960039239749,0.0074944221439208793,-5.0514237798426773,0,0.0011828261399969044,6245,2020-12-31,0,0,-0.010099850243614483,0.013145917146293762
2021-06-01,2021-06-02,2021-06-03,funded_assets,USD,0.94999999999999996,IN_FHS_REF_POOL,ALL_FIVE,-0.00078308567297410005,0.0041328891140539588,0.0055010580632263422,-5.4515249752249773,0,0.0013681689491723834,6245,2020-12-31,0,0,-0.0099689909539210069,0.013209358525370809
2021-06-01,2021-06-02,2021-06-03,funded_assets,USD,0.98999999999999999,IN_FHS_REF_POOL,ALL_FIVE,-0.00078308567297410005,0.0063326686655506732,0.0075526863398364501,-5.0473862423834976,0,0.0012200176742857768,6245,2020-12-31,0,0,-0.0099689909539210069,0.013209358525370809
2021-06-01,2021-06-02,2021-06-03,net_cashflows,EUR,0.94999999999999996,IN_FHS_REF_POOL,ALL_FIVE,1.5821253747648954e-05,0.0027223708509007682,0.0037192061243855505,-5.8622687105025006,0,0.0009968352734847823,6245,2020-12-31,0,0,-0.0085550676346190738,0.0081364775212692027
2021-06-01,2021-06-02,2021-06-03,net_cashflows,EUR,0.98999999999999999,IN_FHS_REF_POOL,ALL_FIVE,1.5821253747648954e-05,0.0041858933281795248,0.0053592716275775434,-5.4478708176690134,0,0.0011733782993980186,6245,2020-12-31,0,0,-0.0085550676346190738,0.0081364775212692027
2021-06-01,2021-06-02,2021-06-03,net_cashflows,USD,0.94999999999999996,IN_FHS_REF_POOL,ALL_FIVE,1.5718681785644289e-05,0.0027412421488357897,0.0037447932361733844,-5.8553745876801919,0,0.0010035510873375947,6245,2020-12-31,0,0,-0.0084599526275393171,0.0083000489719419479
2021-06-01,2021-06-02,2021-06-03,net_cashflows,USD,0.98999999999999999,IN_FHS_REF_POOL,ALL_FIVE,1.5718681785644289e-05,0.0042167457486308353,0.0054068358202277221,-5.4401996500158818,0,0.0011900900715968868,6245,2020-12-31,0,0,-0.0084599526275393171,0.0083000489719419479
2021-06-01,2021-06-02,2021-06-03,funded_assets,EUR,0.94999999999999996,IN_TCOP_REF_POOL,ALL_FIVE,-0.0007853655365149,0.0041284817387014783,0.0054845072193775747,-5.4530745793741824,0,0.0013560254806760964,1310720,2020-12-31,0,0,-0.02318383937347207,0.022242899971806201
2021-06-01,2021-06-02,2021-06-03,funded_assets,EUR,0.98999999999999999,IN_TCOP_REF_POOL,ALL_FIVE,-0.0007853655365149,0.0062860591710670877,0.0076530229547421575,-5.0512720459732225,0,0.0013669637836750698,1310720,2020-12-31,0,0,-0.02318383937347207,0.022242899971806201
2021-06-01,2021-06-02,2021-06-03,funded_assets,USD,0.94999999999999996,IN_TCOP_REF_POOL,ALL_FIVE,-0.00078308567297410005,0.0041481408897149257,0.005522203268374013,-5.4478033827446382,0,0.0013740623786590873,1310720,2020-12-31,0,0,-0.022584817064315952,0.023157536790310972
2021-06-01,2021-06-02,2021-06-03,funded_assets,USD,0.98999999999999999,IN_TCOP_REF_POOL,ALL_FIVE,-0.00078308567297410005,0.0063333475626861993,0.0077250878860233791,-5.0434405894538239,0,0.0013917403233371798,1310720,2020-12-31,0,0,-0.022584817064315952,0.023157536790310972
2021-06-01,2021-06-02,2021-06-03,net_cashflows,EUR,0.94999999999999996,IN_TCOP_REF_POOL,ALL_FIVE,1.5821253747648954e-05,0.0027550572749042044,0.0036554931939158275,-5.8578483165166118,0,0.00090043591901162309,1310720,2020-12-31,0,0,-0.016390148826818662,0.014893441850077438
2021-06-01,2021-06-02,2021-06-03,net_cashflows,EUR,0.98999999999999999,IN_TCOP_REF_POOL,ALL_FIVE,1.5821253747648954e-05,0.0041815436290990491,0.0050718111642685752,-5.4595897624029011,0,0.00089026753516952602,1310720,2020-12-31,0,0,-0.016390148826818662,0.014893441850077438
2021-06-01,2021-06-02,2021-06-03,net_cashflows,USD,0.94999999999999996,IN_TCOP_REF_POOL,ALL_FIVE,1.5718681785644289e-05,0.0027651418104334426,0.0036734414815918024,-5.8538875561995569,0,0.00090829967115835979,1310720,2020-12-31,0,0,-0.015841777155728671,0.01529624590845753
2021-06-01,2021-06-02,2021-06-03,net_cashflows,USD,0.98999999999999999,IN_TCOP_REF_POOL,ALL_FIVE,1.5718681785644289e-05,0.0042031589523387168,0.0051064188176141133,-5.454144087734992,0,0.00090325986527539648,1310720,2020-12-31,0,0,-0.015841777155728671,0.01529624590845753
2022-09-22,2022-09-23,2022-09-26,funded_assets,EUR,0.94999999999999996,HS1250,ALL_EQUIVARIANT,-0.0004193859832668,0.0046472062501523859,0.0063791052760921634,-5.3262230321265074,0,0.0017318990259397775,1249,2021-12-31,2.5648157642860214e-18,2.5648157642860214e-18,-0.014293640130901175,0.015738020767808003
2022-09-22,2022-09-23,2022-09-26,funded_assets,EUR,0.98999999999999999,HS1250,ALL_EQUIVARIANT,-0.0004193859832668,0.0074578586263930047,0.0092401848178124118,-4.8770819784160624,0,0.0017823261914194071,1249,2021-12-31,2.5648157642860214e-18,2.5648157642860214e-18,-0.014293640130901175,0.015738020767808003
2022-09-22,2022-09-23,2022-09-26,funded_assets,USD,0.94999999999999996,HS1250,ALL_EQUIVARIANT,-0.00037306014469619999,0.0046495461272241618,0.0064204850094154746,-5.3240879576546156,0,0.0017709388821913127,1249,2021-12-31,2.5648157642860214e-18,2.5648157642860214e-18,-0.014221114661060699,0.015923185969558433
2022-09-22,2022-09-23,2022-09-26,funded_assets,USD,0.98999999999999999,HS1250,ALL_EQUIVARIANT,-0.00037306014469619999,0.0075218675740149447,0.0093321985948035448,-4.8682722667822702,0,0.0018103310207886001,1249,2021-12-31,2.5648157642860214e-18,2.5648157642860214e-18,-0.014221114661060699,0.015923185969558433
2022-09-22,2022-09-23,2022-09-26,net_cashflows,EUR,0.94999999999999996,HS1250,ALL_EQUIVARIANT,-0.0022199555539656,0.0027697998477824066,0.0042903582399474475,-5.8057979638297272,0,0.0015205583921650409,1249,2021-12-31,2.5648157642860214e-18,2.5648157642860214e-18,-0.011362286891522877,0.009331558805688242
2022-09-22,2022-09-23,2022-09-26,net_cashflows,EUR,0.98999999999999999,HS1250,ALL_EQUIVARIANT,-0.0022199555539656,0.0052176419741942317,0.0070291241967057709,-5.2154041043767689,0,0.0018114822225115393,1249,2021-12-31,2.5648157642860214e-18,2.5648157642860214e-18,-0.011362286891522877,0.009331558805688242
2022-09-22,2022-09-23,2022-09-26,net_cashflows,USD,0.94999999999999996,HS1250,ALL_EQUIVARIANT,-0.0021412663430693999,0.0027808482572062726,0.0043165823055337799,-5.8010667811816425,0,0.0015357340483275073,1249,2021-12-31,2.5648157642860214e-18,2.5648157642860214e-18,-0.011163620632108224,0.0096482873570995359
2022-09-22,2022-09-23,2022-09-26,net_cashflows,USD,0.98999999999999999,HS1250,ALL_EQUIVARIANT,-0.0021412663430693999,0.0052141676624340317,0.0070860705412785678,-5.2137908775727535,0,0.0018719028788445361,1249,2021-12-31,2.5648157642860214e-18,2.5648157642860214e-18,-0.011163620632108224,0.0096482873570995359
2022-09-22,2022-09-23,2022-09-26,funded_assets,EUR,0.94999999999999996,EWMA_GAUSS,ALL_EQUIVARIANT,-0.0004193859832668,0.0067577479328547185,0.0084677382270560916,-4.9734336387575588,0,0.0017099902942013731,262144,2021-12-31,5.3125906451789717e-18,5.3125906451789717e-18,-0.018900714115626882,0.018602614040104104
2022-09-22,2022-09-23,2022-09-26,funded_assets,EUR,0.98999999999999999,EWMA_GAUSS,ALL_EQUIVARIANT,-0.0004193859832668,0.0095415690276041965,0.010953561145433763,-4.6429977856705573,0,0.0014119921178295664,262144,2021-12-31,5.3125906451789717e-18,5.3125906451789717e-18,-0.018900714115626882,0.018602614040104104
2022-09-22,2022-09-23,2022-09-26,funded_assets,USD,0.94999999999999996,EWMA_GAUSS,ALL_EQUIVARIANT,-0.00037306014469619999,0.0068064075616000985,0.0085559453057744636,-4.9656109896980851,0,0.0017495377441743652,262144,2021-12-31,5.3125906451789717e-18,5.3125906451789717e-18,-0.018883456005848481,0.018919043903293624
2022-09-22,2022-09-23,2022-09-26,funded_assets,USD,0.98999999999999999,EWMA_GAUSS,ALL_EQUIVARIANT,-0.00037306014469619999,0.009654599997950845,0.011100393396300211,-4.6310217715932165,0,0.0014457933983493664,262144,2021-12-31,5.3125906451789717e-18,5.3125906451789717e-18,-0.018883456005848481,0.018919043903293624
2022-09-22,2022-09-23,2022-09-26,net_cashflows,EUR,0.94999999999999996,EWMA_GAUSS,ALL_EQUIVARIANT,-0.0022199555539656,0.004459850333245652,0.005593013675553384,-5.3888403742919895,0,0.001133163342307732,262144,2021-12-31,5.3125906451789717e-18,5.3125906451789717e-18,-0.011820933958692249,0.013038802384280825
2022-09-22,2022-09-23,2022-09-26,net_cashflows,EUR,0.98999999999999999,EWMA_GAUSS,ALL_EQUIVARIANT,-0.0022199555539656,0.006308693084299999,0.0072307029297131904,-5.0569321926141235,0,0.00092200984541319139,262144,2021-12-31,5.3125906451789717e-18,5.3125906451789717e-18,-0.011820933958692249,0.013038802384280825
2022-09-22,2022-09-23,2022-09-26,net_cashflows,USD,0.94999999999999996,EWMA_GAUSS,ALL_EQUIVARIANT,-0.0021412663430693999,0.0044778974710602973,0.0056282432976614205,-5.3843459881765412,0,0.0011503458266011232,262144,2021-12-31,5.3125906451789717e-18,5.3125906451789717e-18,-0.011536808205531206,0.013269978578812243
2022-09-22,2022-09-23,2022-09-26,net_cashflows,USD,0.98999999999999999,EWMA_GAUSS,ALL_EQUIVARIANT,-0.0021412663430693999,0.006357216710107934,0.0072895372147864295,-5.0492136663076739,0,0.00093232050467849555,262144,2021-12-31,5.3125906451789717e-18,5.3125906451789717e-18,-0.011536808205531206,0.013269978578812243
2022-09-22,2022-09-23,2022-09-26,funded_assets,EUR,0.94999999999999996,EWMA_SELFNORMALIZED,ALL_EQUIVARIANT,-0.0004193859832668,0.0067691419451275103,0.0084523658847165638,-4.9724512326656605,0,0.0016832239395890534,262144,2021-12-31,5.2041704279304213e-18,5.2041704279304213e-18,-0.016431393628688007,0.016462356727604432
2022-09-22,2022-09-23,2022-09-26,funded_assets,EUR,0.98999999999999999,EWMA_SELFNORMALIZED,ALL_EQUIVARIANT,-0.0004193859832668,0.009551500845858707,0.010842464395979995,-4.6433504757443123,0,0.0012909635501212879,262144,2021-12-31,5.2041704279304213e-18,5.2041704279304213e-18,-0.016431393628688007,0.016462356727604432
2022-09-22,2022-09-23,2022-09-26,funded_assets,USD,0.94999999999999996,EWMA_SELFNORMALIZED,ALL_EQUIVARIANT,-0.00037306014469619999,0.0068256250063694493,0.0085390673488410333,-4.9637626774566233,0,0.001713442342471584,262144,2021-12-31,5.2041704279304213e-18,5.2041704279304213e-18,-0.016155796014563337,0.016758515792957264
2022-09-22,2022-09-23,2022-09-26,funded_assets,USD,0.98999999999999999,EWMA_SELFNORMALIZED,ALL_EQUIVARIANT,-0.00037306014469619999,0.0096594928161834147,0.010983165645182723,-4.6319099086373861,0,0.0013236728289993081,262144,2021-12-31,5.2041704279304213e-18,5.2041704279304213e-18,-0.016155796014563337,0.016758515792957264
2022-09-22,2022-09-23,2022-09-26,net_cashflows,EUR,0.94999999999999996,EWMA_SELFNORMALIZED,ALL_EQUIVARIANT,-0.0022199555539656,0.0044775148095759221,0.0055855755930137056,-5.3859467702797916,0,0.0011080607834377835,262144,2021-12-31,5.2041704279304213e-18,5.2041704279304213e-18,-0.010794527920866204,0.010921657586504475
2022-09-22,2022-09-23,2022-09-26,net_cashflows,EUR,0.98999999999999999,EWMA_SELFNORMALIZED,ALL_EQUIVARIANT,-0.0022199555539656,0.0062881991905808007,0.0071725036492439132,-5.0607914052989313,0,0.00088430445866311252,262144,2021-12-31,5.2041704279304213e-18,5.2041704279304213e-18,-0.010794527920866204,0.010921657586504475
2022-09-22,2022-09-23,2022-09-26,net_cashflows,USD,0.94999999999999996,EWMA_SELFNORMALIZED,ALL_EQUIVARIANT,-0.0021412663430693999,0.004498490623199047,0.0056209126667087503,-5.3809480284944105,0,0.0011224220435097033,262144,2021-12-31,5.2041704279304213e-18,5.2041704279304213e-18,-0.010541395030128201,0.011052933968616447
2022-09-22,2022-09-23,2022-09-26,net_cashflows,USD,0.98999999999999999,EWMA_SELFNORMALIZED,ALL_EQUIVARIANT,-0.0021412663430693999,0.0063318339794696237,0.0072314920227270658,-5.0537182558631546,0,0.00089965804325744213,262144,2021-12-31,5.2041704279304213e-18,5.2041704279304213e-18,-0.010541395030128201,0.011052933968616447
2022-09-22,2022-09-23,2022-09-26,funded_assets,EUR,0.94999999999999996,IN_FHS1250,EUR,-0.0004193859832668,0.0066084608774416576,0.0087136587404066778,-4.9844609793214776,0,0.0021051978629650202,1249,2021-12-31,3.9844429838842288e-18,3.9844429838842288e-18,-0.014642985275016979,0.018729409861476753
2022-09-22,2022-09-23,2022-09-26,funded_assets,EUR,0.98999999999999999,IN_FHS1250,EUR,-0.0004193859832668,0.010044216377844195,0.01189584711581157,-4.5872194635787942,0,0.0018516307379673747,1249,2021-12-31,3.9844429838842288e-18,3.9844429838842288e-18,-0.014642985275016979,0.018729409861476753
2022-09-22,2022-09-23,2022-09-26,funded_assets,USD,0.94999999999999996,IN_FHS1250,EUR,-0.00037306014469619999,0.006654512466728899,0.0087844358660133567,-4.9772393620628526,0,0.0021299233992844576,1249,2021-12-31,3.9844429838842288e-18,3.9844429838842288e-18,-0.014381499747875991,0.018994585363674894
2022-09-22,2022-09-23,2022-09-26,funded_assets,USD,0.98999999999999999,IN_FHS1250,EUR,-0.00037306014469619999,0.0098815255216931682,0.012025903220558016,-4.599005588233342,0,0.0021443776988648473,1249,2021-12-31,3.9844429838842288e-18,3.9844429838842288e-18,-0.014381499747875991,0.018994585363674894
2022-09-22,2022-09-23,2022-09-26,net_cashflows,EUR,0.94999999999999996,IN_FHS1250,EUR,-0.0022199555539656,0.0042943168650101948,0.0063510938256337128,-5.3829743240339774,0,0.002056776960623518,1249,2021-12-31,3.9844429838842288e-18,3.9844429838842288e-18,-0.014961204475694666,0.01485643866485451
2022-09-22,2022-09-23,2022-09-26,net_cashflows,EUR,0.98999999999999999,IN_FHS1250,EUR,-0.0022199555539656,0.0072194461814190872,0.0092846977712529692,-4.9018236948475291,0,0.002065251589833882,1249,2021-12-31,3.9844429838842288e-18,3.9844429838842288e-18,-0.014961204475694666,0.01485643866485451
2022-09-22,2022-09-23,2022-09-26,net_cashflows,USD,0.94999999999999996,IN_FHS1250,EUR,-0.0021412663430693999,0.0043192257706929351,0.0064102668153785836,-5.3760562575321824,0,0.0020910410446856485,1249,2021-12-31,3.9844429838842288e-18,3.9844429838842288e-18,-0.014673618897728617,0.014763360575661832
2022-09-22,2022-09-23,2022-09-26,net_cashflows,USD,0.98999999999999999,IN_FHS1250,EUR,-0.0021412663430693999,0.0072938305503215889,0.0094149731740616402,-4.8907485670541897,0,0.0021211426237400513,1249,2021-12-31,3.9844429838842288e-18,3.9844429838842288e-18,-0.014673618897728617,0.014763360575661832
2022-09-22,2022-09-23,2022-09-26,funded_assets,EUR,0.94999999999999996,IN_TCOP1250,EUR,-0.0004193859832668,0.0067645700032264167,0.0087774517194092253,-4.9648933074337513,0,0.0020128817161828086,262144,2021-12-31,6.4510029262887514e-18,6.4510029262887514e-18,-0.020834378267828524,0.01961355479091792
2022-09-22,2022-09-23,2022-09-26,funded_assets,EUR,0.98999999999999999,IN_TCOP1250,EUR,-0.0004193859832668,0.010052070374025446,0.01184215462719574,-4.5872517275800089,0,0.0017900842531702946,262144,2021-12-31,6.4510029262887514e-18,6.4510029262887514e-18,-0.020834378267828524,0.01961355479091792
2022-09-22,2022-09-23,2022-09-26,funded_assets,USD,0.94999999999999996,IN_TCOP1250,EUR,-0.00037306014469619999,0.0068116110820338124,0.0088653414712935395,-4.9572641724921418,0,0.002053730389259727,262144,2021-12-31,6.4510029262887514e-18,6.4510029262887514e-18,-0.020274675308156076,0.020480858414487612
2022-09-22,2022-09-23,2022-09-26,funded_assets,USD,0.98999999999999999,IN_TCOP1250,EUR,-0.00037306014469619999,0.010166602047123715,0.011996046761727682,-4.5756820865864096,0,0.0018294447146039675,262144,2021-12-31,6.4510029262887514e-18,6.4510029262887514e-18,-0.020274675308156076,0.020480858414487612
2022-09-22,2022-09-23,2022-09-26,net_cashflows,EUR,0.94999999999999996,IN_TCOP1250,EUR,-0.0022199555539656,0.0046582299401792589,0.0061728301331706132,-5.3329634574940972,0,0.0015146001929913543,262144,2021-12-31,6.4510029262887514e-18,6.4510029262887514e-18,-0.01762688569667803,0.018078830743653851
2022-09-22,2022-09-23,2022-09-26,net_cashflows,EUR,0.98999999999999999,IN_TCOP1250,EUR,-0.0022199555539656,0.0070957625017326054,0.0085601086706040448,-4.9317086997021296,0,0.0014643461688714395,262144,2021-12-31,6.4510029262887514e-18,6.4510029262887514e-18,-0.01762688569667803,0.018078830743653851
2022-09-22,2022-09-23,2022-09-26,net_cashflows,USD,0.94999999999999996,IN_TCOP1250,EUR,-0.0021412663430693999,0.0046725095909057714,0.0062012801273153232,-5.3295245285205501,0,0.0015287705364095518,262144,2021-12-31,6.4510029262887514e-18,6.4510029262887514e-18,-0.017555261699263146,0.018240818390558008
2022-09-22,2022-09-23,2022-09-26,net_cashflows,USD,0.98999999999999999,IN_TCOP1250,EUR,-0.0021412663430693999,0.0071385716985990309,0.0086184973031749358,-4.9255595757498032,0,0.001479925604575905,262144,2021-12-31,6.4510029262887514e-18,6.4510029262887514e-18,-0.017555261699263146,0.018240818390558008
2022-09-22,2022-09-23,2022-09-26,funded_assets,EUR,0.94999999999999996,IN_FHS1250,USD,-0.0004193859832668,0.0064657446941423224,0.0086033154673085255,-5.0040665858666546,0,0.002137570773166203,1249,2021-12-31,2.9408983928669308e-18,2.9408983928669308e-18,-0.01492630825274377,0.019014434349171022
2022-09-22,2022-09-23,2022-09-26,funded_assets,EUR,0.98999999999999999,IN_FHS1250,USD,-0.0004193859832668,0.0097305526506075435,0.01177865720720565,-4.6153487827916742,0,0.0020481045565981064,1249,2021-12-31,2.9408983928669308e-18,2.9408983928669308e-18,-0.01492630825274377,0.019014434349171022
2022-09-22,2022-09-23,2022-09-26,funded_assets,USD,0.94999999999999996,IN_FHS1250,USD,-0.00037306014469619999,0.0065278059798641831,0.0086648709309878301,-4.9951137717522576,0,0.002137064951123647,1249,2021-12-31,2.9408983928669308e-18,2.9408983928669308e-18,-0.01480696177667157,0.019275241584514137
2022-09-22,2022-09-23,2022-09-26,funded_assets,USD,0.98999999999999999,IN_FHS1250,USD,-0.00037306014469619999,0.0099014596037396083,0.011896191933325759,-4.5992151591626858,0,0.0019947323295861508,1249,2021-12-31,2.9408983928669308e-18,2.9408983928669308e-18,-0.01480696177667157,0.019275241584514137
2022-09-22,2022-09-23,2022-09-26,net_cashflows,EUR,0.94999999999999996,IN_FHS1250,USD,-0.0022199555539656,0.0050761195188490198,0.006497587176096783,-5.2550929142417671,0,0.0014214676572477632,1249,2021-12-31,2.9408983928669308e-18,2.9408983928669308e-18,-0.009583866236869432,0.011141655325885713
2022-09-22,2022-09-23,2022-09-26,net_cashflows,EUR,0.98999999999999999,IN_FHS1250,USD,-0.0022199555539656,0.0073557282056743271,0.0086628021529211105,-4.8996005389629191,0,0.0013070739472467834,1249,2021-12-31,2.9408983928669308e-18,2.9408983928669308e-18,-0.009583866236869432,0.011141655325885713
2022-09-22,2022-09-23,2022-09-26,net_cashflows,USD,0.94999999999999996,IN_FHS1250,USD,-0.0021412663430693999,0.0051402195703016233,0.006565847173924038,-5.2430014824824642,0,0.0014256276036224147,1249,2021-12-31,2.9408983928669308e-18,2.9408983928669308e-18,-0.0096138418739741289,0.011040085494994408
2022-09-22,2022-09-23,2022-09-26,net_cashflows,USD,0.98999999999999999,IN_FHS1250,USD,-0.0021412663430693999,0.0074309225569860193,0.0087529841857179932,-4.8894018319440615,0,0.0013220616287319738,1249,2021-12-31,2.9408983928669308e-18,2.9408983928669308e-18,-0.0096138418739741289,0.011040085494994408
2022-09-22,2022-09-23,2022-09-26,funded_assets,EUR,0.94999999999999996,IN_TCOP1250,USD,-0.0004193859832668,0.0068918661491447486,0.0089163361791674139,-4.9469219423182569,0,0.0020244700300226653,262144,2021-12-31,6.7085009422540587e-18,6.7085009422540587e-18,-0.027430005882273123,0.024916851944787571
2022-09-22,2022-09-23,2022-09-26,funded_assets,EUR,0.98999999999999999,IN_TCOP1250,USD,-0.0004193859832668,0.010141899393738385,0.012019386692997012,-4.5774392919281723,0,0.0018774872992586272,262144,2021-12-31,6.7085009422540587e-18,6.7085009422540587e-18,-0.027430005882273123,0.024916851944787571
2022-09-22,2022-09-23,2022-09-26,funded_assets,USD,0.94999999999999996,IN_TCOP1250,USD,-0.00037306014469619999,0.0069520884930473949,0.0090052600849146562,-4.9379433416810521,0,0.0020531715918672613,262144,2021-12-31,6.7085009422540587e-18,6.7085009422540587e-18,-0.027147370920386552,0.025441819808956
2022-09-22,2022-09-23,2022-09-26,funded_assets,USD,0.98999999999999999,IN_TCOP1250,USD,-0.00037306014469619999,0.010243092508438672,0.012165350125107563,-4.5671743967067995,0,0.0019222576166688914,262144,2021-12-31,6.7085009422540587e-18,6.7085009422540587e-18,-0.027147370920386552,0.025441819808956
2022-09-22,2022-09-23,2022-09-26,net_cashflows,EUR,0.94999999999999996,IN_TCOP1250,USD,-0.0022199555539656,0.004905759235634544,0.0063506166107516297,-5.28671786866229,0,0.0014448573751170857,262144,2021-12-31,6.7085009422540587e-18,6.7085009422540587e-18,-0.012976619573407819,0.014429558112873497
2022-09-22,2022-09-23,2022-09-26,net_cashflows,EUR,0.98999999999999999,IN_TCOP1250,USD,-0.0022199555539656,0.0072201495518370408,0.0084083585285885769,-4.9198418394031735,0,0.001188208976751536,262144,2021-12-31,6.7085009422540587e-18,6.7085009422540587e-18,-0.012976619573407819,0.014429558112873497
2022-09-22,2022-09-23,2022-09-26,net_cashflows,USD,0.94999999999999996,IN_TCOP1250,USD,-0.0021412663430693999,0.0049316012924585616,0.0063915625254278297,-5.2811965953132418,0,0.0014599612329692681,262144,2021-12-31,6.7085009422540587e-18,6.7085009422540587e-18,-0.012697273247390685,0.014703576454185451
2022-09-22,2022-09-23,2022-09-26,net_cashflows,USD,0.98999999999999999,IN_TCOP1250,USD,-0.0021412663430693999,0.0072651046302591935,0.0084791919154988127,-4.9133244415923958,0,0.0012140872852396192,262144,2021-12-31,6.7085009422540587e-18,6.7085009422540587e-18,-0.012697273247390685,0.014703576454185451
2022-09-22,2022-09-23,2022-09-26,funded_assets,EUR,0.94999999999999996,IN_FHS1250,GBP,-0.0004193859832668,0.0050648733402746671,0.0068221562325391869,-5.2451643684255131,0,0.0017572828922645198,1249,2021-12-31,3.903127820947816e-18,3.903127820947816e-18,-0.014730593619377619,0.012120979341671723
2022-09-22,2022-09-23,2022-09-26,funded_assets,EUR,0.98999999999999999,IN_FHS1250,GBP,-0.0004193859832668,0.0077463301093458059,0.0095464331949912939,-4.8401505772621576,0,0.001800103085645488,1249,2021-12-31,3.903127820947816e-18,3.903127820947816e-18,-0.014730593619377619,0.012120979341671723
2022-09-22,2022-09-23,2022-09-26,funded_assets,USD,0.94999999999999996,IN_FHS1250,GBP,-0.00037306014469619999,0.0051237364553047143,0.0068682423841577899,-5.2348430209165508,0,0.0017445059288530755,1249,2021-12-31,3.903127820947816e-18,3.903127820947816e-18,-0.014454724416757025,0.01234845656654094
2022-09-22,2022-09-23,2022-09-26,funded_assets,USD,0.98999999999999999,IN_FHS1250,GBP,-0.00037306014469619999,0.0077070372092373791,0.0096310701703507511,-4.8425344683854501,0,0.001924032961113372,1249,2021-12-31,3.903127820947816e-18,3.903127820947816e-18,-0.014454724416757025,0.01234845656654094
2022-09-22,2022-09-23,2022-09-26,net_cashflows,EUR,0.94999999999999996,IN_FHS1250,GBP,-0.0022199555539656,0.0037661734439072394,0.0054121080198039238,-5.5232374012867611,0,0.0016459345758966844,1249,2021-12-31,3.903127820947816e-18,3.903127820947816e-18,-0.011118419522134316,0.011057485772711449
2022-09-22,2022-09-23,2022-09-26,net_cashflows,EUR,0.98999999999999999,IN_FHS1250,GBP,-0.0022199555539656,0.0063334718234423701,0.0080337256046793121,-5.0357464117201642,0,0.001700253781236942,1249,2021-12-31,3.903127820947816e-18,3.903127820947816e-18,-0.011118419522134316,0.011057485772711449
2022-09-22,2022-09-23,2022-09-26,net_cashflows,USD,0.94999999999999996,IN_FHS1250,GBP,-0.0021412663430693999,0.0037937981374886621,0.0054464315684983828,-5.5162288107280109,0,0.0016526334310097207,1249,2021-12-31,3.903127820947816e-18,3.903127820947816e-18,-0.010973107793371573,0.011467733903257815
2022-09-22,2022-09-23,2022-09-26,net_cashflows,USD,0.98999999999999999,IN_FHS1250,GBP,-0.0021412663430693999,0.0063753607393662705,0.008127648809002911,-5.0280795347470777,0,0.0017522880696366405,1249,2021-12-31,3.903127820947816e-18,3.903127820947816e-18,-0.010973107793371573,0.011467733903257815
2022-09-22,2022-09-23,2022-09-26,funded_assets,EUR,0.94999999999999996,IN_TCOP1250,GBP,-0.0004193859832668,0.0049195183580681701,0.0065064060497472907,-5.2788642382985218,0,0.0015868876916791206,262144,2021-12-31,6.1816464490618839e-18,6.1816464490618839e-18,-0.020027556329516916,0.019520225271403596
2022-09-22,2022-09-23,2022-09-26,funded_assets,EUR,0.98999999999999999,IN_TCOP1250,GBP,-0.0004193859832668,0.0074679485037098536,0.0090197744086529842,-4.8803830415201492,0,0.0015518259049431306,262144,2021-12-31,6.1816464490618839e-18,6.1816464490618839e-18,-0.020027556329516916,0.019520225271403596
2022-09-22,2022-09-23,2022-09-26,funded_assets,USD,0.94999999999999996,IN_TCOP1250,GBP,-0.00037306014469619999,0.0049456885189958664,0.0065578785817737096,-5.2729282970535767,0,0.0016121900627778431,262144,2021-12-31,6.1816464490618839e-18,6.1816464490618839e-18,-0.019610277555540092,0.019950884425717071
2022-09-22,2022-09-23,2022-09-26,funded_assets,USD,0.98999999999999999,IN_TCOP1250,GBP,-0.00037306014469619999,0.007535558857474093,0.0091157132439085645,-4.871099645274219,0,0.0015801543864344715,262144,2021-12-31,6.1816464490618839e-18,6.1816464490618839e-18,-0.019610277555540092,0.019950884425717071
2022-09-22,2022-09-23,2022-09-26,net_cashflows,EUR,0.94999999999999996,IN_TCOP1250,GBP,-0.0022199555539656,0.0041055707194713187,0.0053163978248689132,-5.4647125974031754,0,0.0012108271053975946,262144,2021-12-31,6.1816464490618839e-18,6.1816464490618839e-18,-0.01415703009403102,0.013724221645687019
2022-09-22,2022-09-23,2022-09-26,net_cashflows,EUR,0.98999999999999999,IN_TCOP1250,GBP,-0.0022199555539656,0.006045153028773574,0.0071715161144935424,-5.0946988586170905,0,0.0011263630857199685,262144,2021-12-31,6.1816464490618839e-18,6.1816464490618839e-18,-0.01415703009403102,0.013724221645687019
2022-09-22,2022-09-23,2022-09-26,net_cashflows,USD,0.94999999999999996,IN_TCOP1250,GBP,-0.0021412663430693999,0.0041105835167524847,0.0053331524338230026,-5.4630522120890861,0,0.0012225689170705179,262144,2021-12-31,6.1816464490618839e-18,6.1816464490618839e-18,-0.01395057661737422,0.013953644873874996
2022-09-22,2022-09-23,2022-09-26,net_cashflows,USD,0.98999999999999999,IN_TCOP1250,GBP,-0.0021412663430693999,0.0060698796443191122,0.0072122495715529972,-5.0903673804088445,0,0.001142369927233885,262144,2021-12-31,6.1816464490618839e-18,6.1816464490618839e-18,-0.01395057661737422,0.013953644873874996
2022-09-22,2022-09-23,2022-09-26,funded_assets,EUR,0.94999999999999996,IN_FHS1250,JPY,-0.0004193859832668,0.0065844031084943966,0.0089214526244556502,-4.9812549021867216,0,0.0023370495159612537,1249,2021-12-31,5.6514038240806919e-18,5.6514038240806919e-18,-0.015956239025883334,0.026518954386217569
2022-09-22,2022-09-23,2022-09-26,funded_assets,EUR,0.98999999999999999,IN_FHS1250,JPY,-0.0004193859832668,0.010577844595718561,0.013333831875042147,-4.5241420412382292,0,0.0027559872793235865,1249,2021-12-31,5.6514038240806919e-18,5.6514038240806919e-18,-0.015956239025883334,0.026518954386217569
2022-09-22,2022-09-23,2022-09-26,funded_assets,USD,0.94999999999999996,IN_FHS1250,JPY,-0.00037306014469619999,0.0066426583132686481,0.0090177782730776618,-4.9719392290702649,0,0.0023751199598090137,1249,2021-12-31,5.6514038240806919e-18,5.6514038240806919e-18,-0.015931533102634919,0.027065780214178551
2022-09-22,2022-09-23,2022-09-26,funded_assets,USD,0.98999999999999999,IN_FHS1250,JPY,-0.00037306014469619999,0.010528970467951263,0.01354664039732556,-4.5243782031501008,0,0.0030176699293742969,1249,2021-12-31,5.6514038240806919e-18,5.6514038240806919e-18,-0.015931533102634919,0.027065780214178551
2022-09-22,2022-09-23,2022-09-26,net_cashflows,EUR,0.94999999999999996,IN_FHS1250,JPY,-0.0022199555539656,0.004945245785051156,0.0064854997807724671,-5.2756783479208256,0,0.0015402539957213111,1249,2021-12-31,5.6514038240806919e-18,5.6514038240806919e-18,-0.010772628218406122,0.012702484611403306
2022-09-22,2022-09-23,2022-09-26,net_cashflows,EUR,0.98999999999999999,IN_FHS1250,JPY,-0.0022199555539656,0.0075154712828952482,0.0088917268051656503,-4.8774133375602569,0,0.0013762555222704021,1249,2021-12-31,5.6514038240806919e-18,5.6514038240806919e-18,-0.010772628218406122,0.012702484611403306
2022-09-22,2022-09-23,2022-09-26,net_cashflows,USD,0.94999999999999996,IN_FHS1250,JPY,-0.0021412663430693999,0.0049347363594686722,0.0065769126425750599,-5.2738778651363596,0,0.0016421762831063877,1249,2021-12-31,5.6514038240806919e-18,5.6514038240806919e-18,-0.010504811907232195,0.012679968671045566
2022-09-22,2022-09-23,2022-09-26,net_cashflows,USD,0.98999999999999999,IN_FHS1250,JPY,-0.0021412663430693999,0.007678145991430468,0.0090050893330814123,-4.8573202026698503,0,0.0013269433416509442,1249,2021-12-31,5.6514038240806919e-18,5.6514038240806919e-18,-0.010504811907232195,0.012679968671045566
2022-09-22,2022-09-23,2022-09-26,funded_assets,EUR,0.94999999999999996,IN_TCOP1250,JPY,-0.0004193859832668,0.0068134479680918292,0.0090039997043638367,-4.9533729067853258,0,0.0021905517362720076,262144,2021-12-31,9.7036094437452647e-18,9.7036094437452647e-18,-0.027344958856839768,0.025531792139524029
2022-09-22,2022-09-23,2022-09-26,funded_assets,EUR,0.98999999999999999,IN_TCOP1250,JPY,-0.0004193859832668,0.010304798683440058,0.012422871958164916,-4.5587138679997032,0,0.0021180732747248573,262144,2021-12-31,9.7036094437452647e-18,9.7036094437452647e-18,-0.027344958856839768,0.025531792139524029
2022-09-22,2022-09-23,2022-09-26,funded_assets,USD,0.94999999999999996,IN_TCOP1250,JPY,-0.00037306014469619999,0.0068695540108379017,0.0091118702194910618,-4.9442646691049124,0,0.0022423162086531601,262144,2021-12-31,9.7036094437452647e-18,9.7036094437452647e-18,-0.026115715773357039,0.026593411169020243
2022-09-22,2022-09-23,2022-09-26,funded_assets,USD,0.98999999999999999,IN_TCOP1250,JPY,-0.00037306014469619999,0.010440089196801266,0.012626235127222968,-4.5451216115286703,0,0.0021861459304217019,262144,2021-12-31,9.7036094437452647e-18,9.7036094437452647e-18,-0.026115715773357039,0.026593411169020243
2022-09-22,2022-09-23,2022-09-26,net_cashflows,EUR,0.94999999999999996,IN_TCOP1250,JPY,-0.0022199555539656,0.0048980145533430684,0.0064019217945439962,-5.2860720193723996,0,0.0015039072412009278,262144,2021-12-31,9.7036094437452647e-18,9.7036094437452647e-18,-0.017114855502930217,0.019013409683481631
2022-09-22,2022-09-23,2022-09-26,net_cashflows,EUR,0.98999999999999999,IN_TCOP1250,JPY,-0.0022199555539656,0.0073320583764119665,0.0086620357983020011,-4.9023464783919444,0,0.0013299774218900346,262144,2021-12-31,9.7036094437452647e-18,9.7036094437452647e-18,-0.017114855502930217,0.019013409683481631
2022-09-22,2022-09-23,2022-09-26,net_cashflows,USD,0.94999999999999996,IN_TCOP1250,JPY,-0.0021412663430693999,0.0049353078835386839,0.0064687256119525865,-5.2778271359897726,0,0.0015334177284139026,262144,2021-12-31,9.7036094437452647e-18,9.7036094437452647e-18,-0.016444188067848406,0.019590262316683846
2022-09-22,2022-09-23,2022-09-26,net_cashflows,USD,0.98999999999999999,IN_TCOP1250,JPY,-0.0021412663430693999,0.0074213713979000952,0.008787356408116228,-4.8898902764087087,0,0.0013659850102161327,262144,2021-12-31,9.7036094437452647e-18,9.7036094437452647e-18,-0.016444188067848406,0.019590262316683846
2022-09-22,2022-09-23,2022-09-26,funded_assets,EUR,0.94999999999999996,IN_FHS1250,CHF,-0.0004193859832668,0.0092465612912589201,0.011853174539614358,-4.6550680042952166,0,0.0026066132483554376,1249,2021-12-31,4.5129915429709122e-18,4.5129915429709122e-18,-0.019641975909194087,0.017820642604024939
2022-09-22,2022-09-23,2022-09-26,funded_assets,EUR,0.98999999999999999,IN_FHS1250,CHF,-0.0004193859832668,0.013586244062704256,0.01574856977252161,-4.2883087154086681,0,0.0021623257098173539,1249,2021-12-31,4.5129915429709122e-18,4.5129915429709122e-18,-0.019641975909194087,0.017820642604024939
2022-09-22,2022-09-23,2022-09-26,funded_assets,USD,0.94999999999999996,IN_FHS1250,CHF,-0.00037306014469619999,0.0093005000941244285,0.011983615006258542,-4.6481136025100778,0,0.0026831149121341134,1249,2021-12-31,4.5129915429709122e-18,4.5129915429709122e-18,-0.019086101623088124,0.018092139751418882
2022-09-22,2022-09-23,2022-09-26,funded_assets,USD,0.98999999999999999,IN_FHS1250,CHF,-0.00037306014469619999,0.013562965038527799,0.015993375248738551,-4.2875442476238383,0,0.0024304102102107525,1249,2021-12-31,4.5129915429709122e-18,4.5129915429709122e-18,-0.019086101623088124,0.018092139751418882
2022-09-22,2022-09-23,2022-09-26,net_cashflows,EUR,0.94999999999999996,IN_FHS1250,CHF,-0.0022199555539656,0.0047719471208660267,0.0064868750130126062,-5.3023432538198385,0,0.0017149278921465795,1249,2021-12-31,4.5129915429709122e-18,4.5129915429709122e-18,-0.013506856993948034,0.015066856517632642
2022-09-22,2022-09-23,2022-09-26,net_cashflows,EUR,0.98999999999999999,IN_FHS1250,CHF,-0.0022199555539656,0.0076587074414392383,0.0094708625042537482,-4.8508753228138,0,0.0018121550628145099,1249,2021-12-31,4.5129915429709122e-18,4.5129915429709122e-18,-0.013506856993948034,0.015066856517632642
2022-09-22,2022-09-23,2022-09-26,net_cashflows,USD,0.94999999999999996,IN_FHS1250,CHF,-0.0021412663430693999,0.00477544394000275,0.0065199268817150435,-5.3004538515193964,0,0.0017444829417122935,1249,2021-12-31,4.5129915429709122e-18,4.5129915429709122e-18,-0.013275836011671142,0.015528566070470476
2022-09-22,2022-09-23,2022-09-26,net_cashflows,USD,0.98999999999999999,IN_FHS1250,CHF,-0.0021412663430693999,0.007618176362242865,0.0095355297452358566,-4.8538051415690013,0,0.0019173533829929916,1249,2021-12-31,4.5129915429709122e-18,4.5129915429709122e-18,-0.013275836011671142,0.015528566070470476
2022-09-22,2022-09-23,2022-09-26,funded_assets,EUR,0.94999999999999996,IN_TCOP1250,CHF,-0.0004193859832668,0.0097424683419487512,0.012577259390570665,-4.6012551090403324,0,0.0028347910486219135,262144,2021-12-31,8.8904578143811364e-18,8.8904578143811364e-18,-0.032303196743608403,0.031201849392589381
2022-09-22,2022-09-23,2022-09-26,funded_assets,EUR,0.98999999999999999,IN_TCOP1250,CHF,-0.0004193859832668,0.014310426470140414,0.016824434614214519,-4.2343490184707653,0,0.0025140081440741049,262144,2021-12-31,8.8904578143811364e-18,8.8904578143811364e-18,-0.032303196743608403,0.031201849392589381
2022-09-22,2022-09-23,2022-09-26,funded_assets,USD,0.94999999999999996,IN_TCOP1250,CHF,-0.00037306014469619999,0.0098397704550456135,0.012741323467109263,-4.5906325082334387,0,0.0029015530120636499,262144,2021-12-31,8.8904578143811364e-18,8.8904578143811364e-18,-0.031684541244837099,0.031740534546090632
2022-09-22,2022-09-23,2022-09-26,funded_assets,USD,0.98999999999999999,IN_TCOP1250,CHF,-0.00037306014469619999,0.014519380434295941,0.017115893015613084,-4.2194496778666588,0,0.0025965125813171425,262144,2021-12-31,8.8904578143811364e-18,8.8904578143811364e-18,-0.031684541244837099,0.031740534546090632
2022-09-22,2022-09-23,2022-09-26,net_cashflows,EUR,0.94999999999999996,IN_TCOP1250,CHF,-0.0022199555539656,0.0048521144553705046,0.0064256349685029197,-5.2923415406253707,0,0.0015735205131324152,262144,2021-12-31,8.8904578143811364e-18,8.8904578143811364e-18,-0.019090836380664299,0.019979169033860524
2022-09-22,2022-09-23,2022-09-26,net_cashflows,EUR,0.98999999999999999,IN_TCOP1250,CHF,-0.0022199555539656,0.0073639453372082771,0.0088807363715655407,-4.8946664386751761,0,0.0015167910343572635,262144,2021-12-31,8.8904578143811364e-18,8.8904578143811364e-18,-0.019090836380664299,0.019979169033860524
2022-09-22,2022-09-23,2022-09-26,net_cashflows,USD,0.94999999999999996,IN_TCOP1250,CHF,-0.0021412663430693999,0.0048565958870257168,0.0064403478889061769,-5.2910836600898765,0,0.0015837520018804601,262144,2021-12-31,8.8904578143811364e-18,8.8904578143811364e-18,-0.018416869537250476,0.019785437027003545
2022-09-22,2022-09-23,2022-09-26,net_cashflows,USD,0.98999999999999999,IN_TCOP1250,CHF,-0.0021412663430693999,0.0073783606904698623,0.0089125681396152526,-4.8924326200583028,0,0.0015342074491453903,262144,2021-12-31,8.8904578143811364e-18,8.8904578143811364e-18,-0.018416869537250476,0.019785437027003545
2022-09-22,2022-09-23,2022-09-26,funded_assets,EUR,0.94999999999999996,IN_FHS_REF_POOL,ALL_FIVE,-0.0004193859832668,0.0069103154956817459,0.0093973299977837144,-4.9319808559650085,0,0.0024870145021019686,6245,2021-12-31,0,0,-0.019641975909194087,0.026518954386217569
2022-09-22,2022-09-23,2022-09-26,funded_assets,EUR,0.98999999999999999,IN_FHS_REF_POOL,ALL_FIVE,-0.0004193859832668,0.010645440237930931,0.013323484711621376,-4.5192288379307621,0,0.0026780444736904455,6245,2021-12-31,0,0,-0.019641975909194087,0.026518954386217569
2022-09-22,2022-09-23,2022-09-26,funded_assets,USD,0.94999999999999996,IN_FHS_REF_POOL,ALL_FIVE,-0.00037306014469619999,0.0069509986286996235,0.0094882185573744744,-4.925111809614271,0,0.0025372199286748508,6245,2021-12-31,0,0,-0.019086101623088124,0.027065780214178551
2022-09-22,2022-09-23,2022-09-26,funded_assets,USD,0.98999999999999999,IN_FHS_REF_POOL,ALL_FIVE,-0.00037306014469619999,0.010789809635696616,0.013491622230931949,-4.5059449035167152,0,0.0027018125952353329,6245,2021-12-31,0,0,-0.019086101623088124,0.027065780214178551
2022-09-22,2022-09-23,2022-09-26,net_cashflows,EUR,0.94999999999999996,IN_FHS_REF_POOL,ALL_FIVE,-0.0022199555539656,0.0045738648852024499,0.0063034077419872048,-5.3410470761211135,0,0.0017295428567847548,6245,2021-12-31,0,0,-0.014961204475694666,0.015066856517632642
2022-09-22,2022-09-23,2022-09-26,net_cashflows,EUR,0.98999999999999999,IN_FHS_REF_POOL,ALL_FIVE,-0.0022199555539656,0.0073005877880527367,0.0089272455005716365,-4.9008601093675566,0,0.0016266577125188999,6245,2021-12-31,0,0,-0.014961204475694666,0.015066856517632642
2022-09-22,2022-09-23,2022-09-26,net_cashflows,USD,0.94999999999999996,IN_FHS_REF_POOL,ALL_FIVE,-0.0021412663430693999,0.0046111700633989765,0.0063622943061947658,-5.3326009389917575,0,0.0017511242427957893,6245,2021-12-31,0,0,-0.014673618897728617,0.015528566070470476
2022-09-22,2022-09-23,2022-09-26,net_cashflows,USD,0.98999999999999999,IN_FHS_REF_POOL,ALL_FIVE,-0.0021412663430693999,0.0073944249284225378,0.0090268922502276579,-4.8883920175488154,0,0.0016324673218051202,6245,2021-12-31,0,0,-0.014673618897728617,0.015528566070470476
2022-09-22,2022-09-23,2022-09-26,funded_assets,EUR,0.94999999999999996,IN_TCOP_REF_POOL,ALL_FIVE,-0.0004193859832668,0.0071535024692601645,0.009646933604364475,-4.8995839528089649,0,0.0024934311351043105,1310720,2021-12-31,0,0,-0.032303196743608403,0.031201849392589381
2022-09-22,2022-09-23,2022-09-26,funded_assets,EUR,0.98999999999999999,IN_TCOP_REF_POOL,ALL_FIVE,-0.0004193859832668,0.011200561115023933,0.013579425356518408,-4.4743809833646555,0,0.0023788642414944751,1310720,2021-12-31,0,0,-0.032303196743608403,0.031201849392589381
2022-09-22,2022-09-23,2022-09-26,funded_assets,USD,0.94999999999999996,IN_TCOP_REF_POOL,ALL_FIVE,-0.00037306014469619999,0.0072100680846320063,0.0097520167267201689,-4.8909399371944815,0,0.0025419486420881626,1310720,2021-12-31,0,0,-0.031684541244837099,0.031740534546090632
2022-09-22,2022-09-23,2022-09-26,funded_assets,USD,0.98999999999999999,IN_TCOP_REF_POOL,ALL_FIVE,-0.00037306014469619999,0.011328429957433387,0.013776286606107069,-4.4624927726138894,0,0.0024478566486736825,1310720,2021-12-31,0,0,-0.031684541244837099,0.031740534546090632
2022-09-22,2022-09-23,2022-09-26,net_cashflows,EUR,0.94999999999999996,IN_TCOP_REF_POOL,ALL_FIVE,-0.0022199555539656,0.0046854551881615695,0.0061634593497661636,-5.3289181486845756,0,0.0014780041616045941,1310720,2021-12-31,0,0,-0.019090836380664299,0.019979169033860524
2022-09-22,2022-09-23,2022-09-26,net_cashflows,EUR,0.98999999999999999,IN_TCOP_REF_POOL,ALL_FIVE,-0.0022199555539656,0.0070684800309926202,0.0084202770036399567,-4.9376532302067373,0,0.0013517969726473365,1310720,2021-12-31,0,0,-0.019090836380664299,0.019979169033860524
2022-09-22,2022-09-23,2022-09-26,net_cashflows,USD,0.94999999999999996,IN_TCOP_REF_POOL,ALL_FIVE,-0.0021412663430693999,0.0047023847443763188,0.0061981462423881572,-5.3248290335484292,0,0.0014957614980118383,1310720,2021-12-31,0,0,-0.018416869537250476,0.019785437027003545
2022-09-22,2022-09-23,2022-09-26,net_cashflows,USD,0.98999999999999999,IN_TCOP_REF_POOL,ALL_FIVE,-0.0021412663430693999,0.0071134182410580466,0.0084883045922433641,-4.9310401939194923,0,0.0013748863511853174,1310720,2021-12-31,0,0,-0.018416869537250476,0.019785437027003545
2023-04-03,2023-04-04,2023-04-05,funded_assets,EUR,0.94999999999999996,HS1250,ALL_EQUIVARIANT,-0.0015209517916577001,0.0047850214126578805,0.0066073458018584509,-5.2953760359532742,0,0.0018223243892005704,1249,2022-12-30,2.7952087259391911e-18,2.7952087259391911e-18,-0.016320720256127935,0.015738020767808003
2023-04-03,2023-04-04,2023-04-05,funded_assets,EUR,0.98999999999999999,HS1250,ALL_EQUIVARIANT,-0.0015209517916577001,0.007872153778705232,0.0094264795625076097,-4.8291218929544897,0,0.0015543257838023777,1249,2022-12-30,2.7952087259391911e-18,2.7952087259391911e-18,-0.016320720256127935,0.015738020767808003
2023-04-03,2023-04-04,2023-04-05,funded_assets,USD,0.94999999999999996,HS1250,ALL_EQUIVARIANT,-0.0015297776199232999,0.0047854885766738103,0.0066474888172702584,-5.2936219272402045,0,0.0018620002405964481,1249,2022-12-30,2.7952087259391911e-18,2.7952087259391911e-18,-0.016158454111973426,0.015923185969558433
2023-04-03,2023-04-04,2023-04-05,funded_assets,USD,0.98999999999999999,HS1250,ALL_EQUIVARIANT,-0.0015297776199232999,0.0078837131273755932,0.0095249988464685999,-4.826148961265277,0,0.0016412857190930066,1249,2022-12-30,2.7952087259391911e-18,2.7952087259391911e-18,-0.016158454111973426,0.015923185969558433
2023-04-03,2023-04-04,2023-04-05,net_cashflows,EUR,0.94999999999999996,HS1250,ALL_EQUIVARIANT,0.0053925952216731998,0.0030089773853227194,0.0051589328180270087,3.5569702174031601,1,-0.045522401294305272,1249,2022-12-30,2.7952087259391911e-18,2.7952087259391911e-18,-0.011362286891522877,0.017250502361274411
2023-04-03,2023-04-04,2023-04-05,net_cashflows,EUR,0.98999999999999999,HS1250,ALL_EQUIVARIANT,0.0053925952216731998,0.0065133106500530509,0.0090447835249964914,-4.9854491789312156,0,0.0025314728749434405,1249,2022-12-30,2.7952087259391911e-18,2.7952087259391911e-18,-0.011362286891522877,0.017250502361274411
2023-04-03,2023-04-04,2023-04-05,net_cashflows,USD,0.94999999999999996,HS1250,ALL_EQUIVARIANT,0.0054259721800057996,0.0030545799873712776,0.0052001142476965218,3.4488704574000373,1,-0.04528230959236515,1249,2022-12-30,2.7952087259391911e-18,2.7952087259391911e-18,-0.011163620632108224,0.017704227131297063
2023-04-03,2023-04-04,2023-04-05,net_cashflows,USD,0.98999999999999999,HS1250,ALL_EQUIVARIANT,0.0054259721800057996,0.0066602484978354861,0.0091312345838503502,-4.9666624756384419,0,0.0024709860860148642,1249,2022-12-30,2.7952087259391911e-18,2.7952087259391911e-18,-0.011163620632108224,0.017704227131297063
2023-04-03,2023-04-04,2023-04-05,funded_assets,EUR,0.94999999999999996,EWMA_GAUSS,ALL_EQUIVARIANT,-0.0015209517916577001,0.0079113917916039111,0.009924138092805691,-4.8155985080247801,0,0.0020127463012017798,262144,2022-12-30,6.3967928176644762e-18,6.3967928176644762e-18,-0.022675775454749469,0.021937669086400102
2023-04-03,2023-04-04,2023-04-05,funded_assets,EUR,0.98999999999999999,EWMA_GAUSS,ALL_EQUIVARIANT,-0.0015209517916577001,0.01118221131609054,0.01279611773683441,-4.4847381488399281,0,0.0016139064207438703,262144,2022-12-30,6.3967928176644762e-18,6.3967928176644762e-18,-0.022675775454749469,0.021937669086400102
2023-04-03,2023-04-04,2023-04-05,funded_assets,USD,0.94999999999999996,EWMA_GAUSS,ALL_EQUIVARIANT,-0.0015297776199232999,0.0079720845099943843,0.010027308579293494,-4.8074057330385189,0,0.0020552240692991094,262144,2022-12-30,6.3967928176644762e-18,6.3967928176644762e-18,-0.022784476299202834,0.022440554617816376
2023-04-03,2023-04-04,2023-04-05,funded_assets,USD,0.98999999999999999,EWMA_GAUSS,ALL_EQUIVARIANT,-0.0015297776199232999,0.011306086865010632,0.012963436995842825,-4.4734704721198408,0,0.0016573501308321924,262144,2022-12-30,6.3967928176644762e-18,6.3967928176644762e-18,-0.022784476299202834,0.022440554617816376
2023-04-03,2023-04-04,2023-04-05,net_cashflows,EUR,0.94999999999999996,EWMA_GAUSS,ALL_EQUIVARIANT,0.0053925952216731998,0.0050446883113184461,0.0063357451977279107,-4.1670861560105124,1,-0.0056670813206856022,262144,2022-12-30,6.3967928176644762e-18,6.3967928176644762e-18,-0.014757752526493695,0.013231399580411508
2023-04-03,2023-04-04,2023-04-05,net_cashflows,EUR,0.98999999999999999,EWMA_GAUSS,ALL_EQUIVARIANT,0.0053925952216731998,0.0071495426028459052,0.0081974282011254979,-4.9317658266888138,0,0.0010478855982795927,262144,2022-12-30,6.3967928176644762e-18,6.3967928176644762e-18,-0.014757752526493695,0.013231399580411508
2023-04-03,2023-04-04,2023-04-05,net_cashflows,USD,0.94999999999999996,EWMA_GAUSS,ALL_EQUIVARIANT,0.0054259721800057996,0.0050596523212436684,0.0063581611249517844,-4.1099607717813962,1,-0.0060278883715345014,262144,2022-12-30,6.3967928176644762e-18,6.3967928176644762e-18,-0.014621445617507094,0.013542690651943728
2023-04-03,2023-04-04,2023-04-05,net_cashflows,USD,0.98999999999999999,EWMA_GAUSS,ALL_EQUIVARIANT,0.0054259721800057996,0.0071723969827121748,0.0082332073124781711,-4.9284249623302276,0,0.0010608103297659963,262144,2022-12-30,6.3967928176644762e-18,6.3967928176644762e-18,-0.014621445617507094,0.013542690651943728
2023-04-03,2023-04-04,2023-04-05,funded_assets,EUR,0.94999999999999996,EWMA_SELFNORMALIZED,ALL_EQUIVARIANT,-0.0015209517916577001,0.0079548122685637601,0.0099617116484644851,-4.8104676699930353,0,0.002006899379900725,262144,2022-12-30,7.1828393927164669e-18,7.1828393927164669e-18,-0.019463307829546639,0.019337580194036003
2023-04-03,2023-04-04,2023-04-05,funded_assets,EUR,0.98999999999999999,EWMA_SELFNORMALIZED,ALL_EQUIVARIANT,-0.0015209517916577001,0.011238917046263674,0.012805431631832714,-4.4802178926854248,0,0.0015665145855690392,262144,2022-12-30,7.1828393927164669e-18,7.1828393927164669e-18,-0.019463307829546639,0.019337580194036003
2023-04-03,2023-04-04,2023-04-05,funded_assets,USD,0.94999999999999996,EWMA_SELFNORMALIZED,ALL_EQUIVARIANT,-0.0015297776199232999,0.0080194743268000631,0.01006565975123499,-4.801909459144535,0,0.0020461854244349272,262144,2022-12-30,7.1828393927164669e-18,7.1828393927164669e-18,-0.019059319690943308,0.019747226007587586
2023-04-03,2023-04-04,2023-04-05,funded_assets,USD,0.98999999999999999,EWMA_SELFNORMALIZED,ALL_EQUIVARIANT,-0.0015297776199232999,0.011357412595997936,0.012976041018560499,-4.4693903943881281,0,0.0016186284225625635,262144,2022-12-30,7.1828393927164669e-18,7.1828393927164669e-18,-0.019059319690943308,0.019747226007587586
2023-04-03,2023-04-04,2023-04-05,net_cashflows,EUR,0.94999999999999996,EWMA_SELFNORMALIZED,ALL_EQUIVARIANT,0.0053925952216731998,0.0050715074582992738,0.0063513851412084687,-4.2495144489347716,1,-0.0051418775845693187,262144,2022-12-30,7.1828393927164669e-18,7.1828393927164669e-18,-0.012020904868221991,0.012699270310468124
2023-04-03,2023-04-04,2023-04-05,net_cashflows,EUR,0.98999999999999999,EWMA_SELFNORMALIZED,ALL_EQUIVARIANT,0.0053925952216731998,0.0071457216025402328,0.0081885495603843204,-4.9323704705261964,0,0.0010428279578440875,262144,2022-12-30,7.1828393927164669e-18,7.1828393927164669e-18,-0.012020904868221991,0.012699270310468124
2023-04-03,2023-04-04,2023-04-05,net_cashflows,USD,0.94999999999999996,EWMA_SELFNORMALIZED,ALL_EQUIVARIANT,0.0054259721800057996,0.0050851558903663163,0.0063733532058497331,-4.1882480712080854,1,-0.0055281284773062425,262144,2022-12-30,7.1828393927164669e-18,7.1828393927164669e-18,-0.011954555294171233,0.01281089368541416
2023-04-03,2023-04-04,2023-04-05,net_cashflows,USD,0.98999999999999999,EWMA_SELFNORMALIZED,ALL_EQUIVARIANT,0.0054259721800057996,0.0071745575734355853,0.0082239755617668532,-4.9283062484106583,0,0.0010494179883312679,262144,2022-12-30,7.1828393927164669e-18,7.1828393927164669e-18,-0.011954555294171233,0.01281089368541416
2023-04-03,2023-04-04,2023-04-05,funded_assets,EUR,0.94999999999999996,IN_FHS1250,EUR,-0.0015209517916577001,0.0065157250011501355,0.0084777531818044476,-5.0017423861898473,0,0.001962028180654312,1249,2022-12-30,4.6620693416876691e-18,4.6620693416876691e-18,-0.01680719526452587,0.019226484235868285
2023-04-03,2023-04-04,2023-04-05,funded_assets,EUR,0.98999999999999999,IN_FHS1250,EUR,-0.0015209517916577001,0.0096458799991663291,0.011525533534797752,-4.626276429892016,0,0.0018796535356314231,1249,2022-12-30,4.6620693416876691e-18,4.6620693416876691e-18,-0.01680719526452587,0.019226484235868285
2023-04-03,2023-04-04,2023-04-05,funded_assets,USD,0.94999999999999996,IN_FHS1250,EUR,-0.0015297776199232999,0.0065638839159547439,0.0085323920287701995,-4.994595525266643,0,0.0019685081128154557,1249,2022-12-30,4.6620693416876691e-18,4.6620693416876691e-18,-0.016674522006839814,0.019481407575278126
2023-04-03,2023-04-04,2023-04-05,funded_assets,USD,0.98999999999999999,IN_FHS1250,EUR,-0.0015297776199232999,0.0094925871148626127,0.011629830322008341,-4.6379544206654089,0,0.0021372432071457281,1249,2022-12-30,4.6620693416876691e-18,4.6620693416876691e-18,-0.016674522006839814,0.019481407575278126
2023-04-03,2023-04-04,2023-04-05,net_cashflows,EUR,0.94999999999999996,IN_FHS1250,EUR,0.0053925952216731998,0.0046598037128070422,0.006937514782615008,-3.1865820861026766,1,-0.01237811910751517,1249,2022-12-30,4.6620693416876691e-18,4.6620693416876691e-18,-0.015610503870066338,0.01621899824069031
2023-04-03,2023-04-04,2023-04-05,net_cashflows,EUR,0.98999999999999999,IN_FHS1250,EUR,0.0053925952216731998,0.0077882870737034154,0.011039668811878806,-4.8007782881462475,0,0.0032513817381753908,1249,2022-12-30,4.6620693416876691e-18,4.6620693416876691e-18,-0.015610503870066338,0.01621899824069031
2023-04-03,2023-04-04,2023-04-05,net_cashflows,USD,0.94999999999999996,IN_FHS1250,EUR,0.0054259721800057996,0.0046592540526787206,0.0069908315612718696,-3.1031788908300304,1,-0.013002785037948418,1249,2022-12-30,4.6620693416876691e-18,4.6620693416876691e-18,-0.015317521941566246,0.016120269348804898
2023-04-03,2023-04-04,2023-04-05,net_cashflows,USD,0.98999999999999999,IN_FHS1250,EUR,0.0054259721800057996,0.0078675871433419101,0.011153844763437277,-4.790601048934044,0,0.0032862576200953664,1249,2022-12-30,4.6620693416876691e-18,4.6620693416876691e-18,-0.015317521941566246,0.016120269348804898
2023-04-03,2023-04-04,2023-04-05,funded_assets,EUR,0.94999999999999996,IN_TCOP1250,EUR,-0.0015209517916577001,0.0066500091525188709,0.0087117830196058663,-4.9797437695959328,0,0.0020617738670869953,262144,2022-12-30,6.4238978719766138e-18,6.4238978719766138e-18,-0.021019569573769048,0.021250780168804023
2023-04-03,2023-04-04,2023-04-05,funded_assets,EUR,0.98999999999999999,IN_TCOP1250,EUR,-0.0015209517916577001,0.0099931545908622521,0.011877214862106274,-4.591761552324674,0,0.0018840602712440219,262144,2022-12-30,6.4238978719766138e-18,6.4238978719766138e-18,-0.021019569573769048,0.021250780168804023
2023-04-03,2023-04-04,2023-04-05,funded_assets,USD,0.94999999999999996,IN_TCOP1250,EUR,-0.0015297776199232999,0.0066922964215775059,0.0087970565194395063,-4.9725954120498823,0,0.0021047600978620004,262144,2022-12-30,6.4238978719766138e-18,6.4238978719766138e-18,-0.021008761454584628,0.02122254781637694
2023-04-03,2023-04-04,2023-04-05,funded_assets,USD,0.98999999999999999,IN_TCOP1250,EUR,-0.0015297776199232999,0.010106516777963977,0.0120307921190004,-4.5802317616274824,0,0.0019242753410364227,262144,2022-12-30,6.4238978719766138e-18,6.4238978719766138e-18,-0.021008761454584628,0.02122254781637694
2023-04-03,2023-04-04,2023-04-05,net_cashflows,EUR,0.94999999999999996,IN_TCOP1250,EUR,0.0053925952216731998,0.004752044763426555,0.0063991662695492609,-3.307002853077476,1,-0.011163887658810177,262144,2022-12-30,6.4238978719766138e-18,6.4238978719766138e-18,-0.018924248598950234,0.020728035183256943
2023-04-03,2023-04-04,2023-04-05,net_cashflows,EUR,0.98999999999999999,IN_TCOP1250,EUR,0.0053925952216731998,0.0073886029823362013,0.0090063864654699715,-4.8894476022737567,0,0.0016177834831337702,262144,2022-12-30,6.4238978719766138e-18,6.4238978719766138e-18,-0.018924248598950234,0.020728035183256943
2023-04-03,2023-04-04,2023-04-05,net_cashflows,USD,0.94999999999999996,IN_TCOP1250,EUR,0.0054259721800057996,0.0047635885213476404,0.0064192139343941714,-3.2426235862068857,1,-0.011592047760116641,262144,2022-12-30,6.4238978719766138e-18,6.4238978719766138e-18,-0.018628873379316107,0.020868068848019509
2023-04-03,2023-04-04,2023-04-05,net_cashflows,USD,0.98999999999999999,IN_TCOP1250,EUR,0.0054259721800057996,0.0074128343706061223,0.0090485110043977569,-4.8859225559552701,0,0.0016356766337916346,262144,2022-12-30,6.4238978719766138e-18,6.4238978719766138e-18,-0.018628873379316107,0.020868068848019509
2023-04-03,2023-04-04,2023-04-05,funded_assets,EUR,0.94999999999999996,IN_FHS1250,USD,-0.0015209517916577001,0.0066934260509136645,0.0087648297406144639,-4.9733394951626781,0,0.0020714036897007994,1249,2022-12-30,4.6349642873755315e-18,4.6349642873755315e-18,-0.016035344791992756,0.018347591558385529
2023-04-03,2023-04-04,2023-04-05,funded_assets,EUR,0.98999999999999999,IN_FHS1250,USD,-0.0015209517916577001,0.0098138789849730179,0.011913118512560881,-4.6063275171568101,0,0.0020992395275878633,1249,2022-12-30,4.6349642873755315e-18,4.6349642873755315e-18,-0.016035344791992756,0.018347591558385529
2023-04-03,2023-04-04,2023-04-05,funded_assets,USD,0.94999999999999996,IN_FHS1250,USD,-0.0015297776199232999,0.0067504085196447468,0.0088277720104715969,-4.9651739965357358,0,0.0020773634908268501,1249,2022-12-30,4.6349642873755315e-18,4.6349642873755315e-18,-0.015900492241460035,0.018576755606027878
2023-04-03,2023-04-04,2023-04-05,funded_assets,USD,0.98999999999999999,IN_FHS1250,USD,-0.0015297776199232999,0.0098245278662081534,0.012028575677339731,-4.6037044674412737,0,0.0022040478111315775,1249,2022-12-30,4.6349642873755315e-18,4.6349642873755315e-18,-0.015900492241460035,0.018576755606027878
2023-04-03,2023-04-04,2023-04-05,net_cashflows,EUR,0.94999999999999996,IN_FHS1250,USD,0.0053925952216731998,0.0049154347639916666,0.0064832084533984992,-3.8083717768068022,1,-0.007975435464223822,1249,2022-12-30,4.6349642873755315e-18,4.6349642873755315e-18,-0.0096870128434793923,0.011545371891648259
2023-04-03,2023-04-04,2023-04-05,net_cashflows,EUR,0.98999999999999999,IN_FHS1250,USD,0.0053925952216731998,0.0073560407856362638,0.008985909799615081,-4.8934780286957746,0,0.0016298690139788172,1249,2022-12-30,4.6349642873755315e-18,4.6349642873755315e-18,-0.0096870128434793923,0.011545371891648259
2023-04-03,2023-04-04,2023-04-05,net_cashflows,USD,0.94999999999999996,IN_FHS1250,USD,0.0054259721800057996,0.004905152600548887,0.0065454433570111877,-3.6881906674587621,1,-0.008776100832675944,1249,2022-12-30,4.6349642873755315e-18,4.6349642873755315e-18,-0.0097149969844766253,0.011703849548424423
2023-04-03,2023-04-04,2023-04-05,net_cashflows,USD,0.98999999999999999,IN_FHS1250,USD,0.0054259721800057996,0.0073436278421743686,0.0090972148706700007,-4.8925478377740141,0,0.0017535870284956321,1249,2022-12-30,4.6349642873755315e-18,4.6349642873755315e-18,-0.0097149969844766253,0.011703849548424423
2023-04-03,2023-04-04,2023-04-05,funded_assets,EUR,0.94999999999999996,IN_TCOP1250,USD,-0.0015209517916577001,0.0071723650029958397,0.0092882976739795675,-4.9068062798242797,0,0.0021159326709837278,262144,2022-12-30,5.6175225061905198e-18,5.6175225061905198e-18,-0.027343380437806236,0.025473411080276315
2023-04-03,2023-04-04,2023-04-05,funded_assets,EUR,0.98999999999999999,IN_TCOP1250,USD,-0.0015209517916577001,0.010596259028100852,0.012542955665562034,-4.5337984577983272,0,0.0019466966374611823,262144,2022-12-30,5.6175225061905198e-18,5.6175225061905198e-18,-0.027343380437806236,0.025473411080276315
2023-04-03,2023-04-04,2023-04-05,funded_assets,USD,0.94999999999999996,IN_TCOP1250,USD,-0.0015297776199232999,0.0072298846284069972,0.009383447619942975,-4.8983146154901069,0,0.0021535629915359778,262144,2022-12-30,5.6175225061905198e-18,5.6175225061905198e-18,-0.027154443694293831,0.025865901639522293
2023-04-03,2023-04-04,2023-04-05,funded_assets,USD,0.98999999999999999,IN_TCOP1250,USD,-0.0015297776199232999,0.010719776348633112,0.012704323488296705,-4.5220232865725372,0,0.0019845471396635929,262144,2022-12-30,5.6175225061905198e-18,5.6175225061905198e-18,-0.027154443694293831,0.025865901639522293
2023-04-03,2023-04-04,2023-04-05,net_cashflows,EUR,0.94999999999999996,IN_TCOP1250,USD,0.0053925952216731998,0.0048362303366442094,0.006355423790570313,-3.5466506932697004,1,-0.0096081042466536933,262144,2022-12-30,5.6175225061905198e-18,5.6175225061905198e-18,-0.015091876399741843,0.01418729460517798
2023-04-03,2023-04-04,2023-04-05,net_cashflows,EUR,0.98999999999999999,IN_TCOP1250,USD,0.0053925952216731998,0.0072305550382872124,0.0086913889591932678,-4.9135008228804615,0,0.0014608339209060553,262144,2022-12-30,5.6175225061905198e-18,5.6175225061905198e-18,-0.015091876399741843,0.01418729460517798
2023-04-03,2023-04-04,2023-04-05,net_cashflows,USD,0.94999999999999996,IN_TCOP1250,USD,0.0054259721800057996,0.0048518551668165107,0.0063926308907317165,-3.4974492683635905,1,-0.0099415645398705614,262144,2022-12-30,5.6175225061905198e-18,5.6175225061905198e-18,-0.015046894541091827,0.014176340621684509
2023-04-03,2023-04-04,2023-04-05,net_cashflows,USD,0.98999999999999999,IN_TCOP1250,USD,0.0054259721800057996,0.0072801772145859606,0.0087612413573148022,-4.906464970525354,0,0.0014810641427288416,262144,2022-12-30,5.6175225061905198e-18,5.6175225061905198e-18,-0.015046894541091827,0.014176340621684509
2023-04-03,2023-04-04,2023-04-05,funded_assets,EUR,0.94999999999999996,IN_FHS1250,GBP,-0.0015209517916577001,0.0045734904218290573,0.0061457853928586015,-5.3478217758198321,0,0.0015722949710295442,1249,2022-12-30,4.8111471404044259e-18,4.8111471404044259e-18,-0.014000126739098562,0.011636103487608851
2023-04-03,2023-04-04,2023-04-05,funded_assets,EUR,0.98999999999999999,IN_FHS1250,GBP,-0.0015209517916577001,0.0069962820177849883,0.0084091395198603071,-4.9464506420237182,0,0.0014128575020753188,1249,2022-12-30,4.8111471404044259e-18,4.8111471404044259e-18,-0.014000126739098562,0.011636103487608851
2023-04-03,2023-04-04,2023-04-05,funded_assets,USD,0.94999999999999996,IN_FHS1250,GBP,-0.0015297776199232999,0.0045990026715971178,0.0061742483370367416,-5.3424996996432395,0,0.0015752456654396238,1249,2022-12-30,4.8111471404044259e-18,4.8111471404044259e-18,-0.013845810550086319,0.011719706604411224
2023-04-03,2023-04-04,2023-04-05,funded_assets,USD,0.98999999999999999,IN_FHS1250,GBP,-0.0015297776199232999,0.0070889039153428663,0.0084683328838818465,-4.9343142401722915,0,0.0013794289685389802,1249,2022-12-30,4.8111471404044259e-18,4.8111471404044259e-18,-0.013845810550086319,0.011719706604411224
2023-04-03,2023-04-04,2023-04-05,net_cashflows,EUR,0.94999999999999996,IN_FHS1250,GBP,0.0053925952216731998,0.0032242389257939761,0.0047193950619582366,3.5162425051018511,1,-0.041871969781420174,1249,2022-12-30,4.8111471404044259e-18,4.8111471404044259e-18,-0.0089448712065795296,0.011096025861843772
2023-04-03,2023-04-04,2023-04-05,net_cashflows,EUR,0.98999999999999999,IN_FHS1250,GBP,0.0053925952216731998,0.005595684323792682,0.0073657463413860742,-5.1512248320235798,0,0.0017700620175933922,1249,2022-12-30,4.8111471404044259e-18,4.8111471404044259e-18,-0.0089448712065795296,0.011096025861843772
2023-04-03,2023-04-04,2023-04-05,net_cashflows,USD,0.94999999999999996,IN_FHS1250,GBP,0.0054259721800057996,0.0032296163510048622,0.0047481578337564053,3.5815863997019566,1,-0.042408575097267164,1249,2022-12-30,4.8111471404044259e-18,4.8111471404044259e-18,-0.0088566042663739096,0.011199449364093679
2023-04-03,2023-04-04,2023-04-05,net_cashflows,USD,0.98999999999999999,IN_FHS1250,GBP,0.0054259721800057996,0.0056762031608237722,0.0074393235053719677,-5.1379754515379323,0,0.0017631203445481955,1249,2022-12-30,4.8111471404044259e-18,4.8111471404044259e-18,-0.0088566042663739096,0.011199449364093679
2023-04-03,2023-04-04,2023-04-05,funded_assets,EUR,0.94999999999999996,IN_TCOP1250,GBP,-0.0015209517916577001,0.004718590405423384,0.0065967922856900434,-5.3058861840173988,0,0.0018782018802666594,262144,2022-12-30,6.5594231435373018e-18,6.5594231435373018e-18,-0.027001029555984574,0.022949458959500207
2023-04-03,2023-04-04,2023-04-05,funded_assets,EUR,0.98999999999999999,IN_TCOP1250,GBP,-0.0015209517916577001,0.007718793835722132,0.0097115784243537017,-4.8396332299400839,0,0.0019927845886315698,262144,2022-12-30,6.5594231435373018e-18,6.5594231435373018e-18,-0.027001029555984574,0.022949458959500207
2023-04-03,2023-04-04,2023-04-05,funded_assets,USD,0.94999999999999996,IN_TCOP1250,GBP,-0.0015297776199232999,0.0047368298146386947,0.006643645255964583,-5.3011079161197099,0,0.0019068154413258882,262144,2022-12-30,6.5594231435373018e-18,6.5594231435373018e-18,-0.026158625268164391,0.023699434255320347
2023-04-03,2023-04-04,2023-04-05,funded_assets,USD,0.98999999999999999,IN_TCOP1250,GBP,-0.0015297776199232999,0.007773052125710396,0.0098120881790100412,-4.8319487398597927,0,0.0020390360532996452,262144,2022-12-30,6.5594231435373018e-18,6.5594231435373018e-18,-0.026158625268164391,0.023699434255320347
2023-04-03,2023-04-04,2023-04-05,net_cashflows,EUR,0.94999999999999996,IN_TCOP1250,GBP,0.0053925952216731998,0.0033068790970848918,0.0044791278654237113,3.6430051521802431,1,-0.040542073723427309,262144,2022-12-30,6.5594231435373018e-18,6.5594231435373018e-18,-0.013961789437137618,0.013848561363722013
2023-04-03,2023-04-04,2023-04-05,net_cashflows,EUR,0.98999999999999999,IN_TCOP1250,GBP,0.0053925952216731998,0.0051781545397772575,0.0064112818357357337,-1.8972935526607602,1,-0.020210940893635732,262144,2022-12-30,6.5594231435373018e-18,6.5594231435373018e-18,-0.013961789437137618,0.013848561363722013
2023-04-03,2023-04-04,2023-04-05,net_cashflows,USD,0.94999999999999996,IN_TCOP1250,GBP,0.0054259721800057996,0.0033098460333633607,0.0044933748451184089,3.7503266830392299,1,-0.041138994121093696,262144,2022-12-30,6.5594231435373018e-18,6.5594231435373018e-18,-0.013813313054099982,0.013790806851884625
2023-04-03,2023-04-04,2023-04-05,net_cashflows,USD,0.98999999999999999,IN_TCOP1250,GBP,0.0054259721800057996,0.0051943797309340432,0.0064499205380055234,-1.6477225144118872,1,-0.021903704100104143,262144,2022-12-30,6.5594231435373018e-18,6.5594231435373018e-18,-0.013813313054099982,0.013790806851884625
2023-04-03,2023-04-04,2023-04-05,funded_assets,EUR,0.94999999999999996,IN_FHS1250,JPY,-0.0015209517916577001,0.0088705888175318881,0.011687144336672362,-4.6902618572087285,0,0.0028165555191404738,1249,2022-12-30,4.5536491244391186e-18,4.5536491244391186e-18,-0.020784626355507207,0.032521270714949729
2023-04-03,2023-04-04,2023-04-05,funded_assets,EUR,0.98999999999999999,IN_FHS1250,JPY,-0.0015209517916577001,0.013420707573451401,0.016417750690137786,-4.2919411183058251,0,0.0029970431166863841,1249,2022-12-30,4.5536491244391186e-18,4.5536491244391186e-18,-0.020784626355507207,0.032521270714949729
2023-04-03,2023-04-04,2023-04-05,funded_assets,USD,0.94999999999999996,IN_FHS1250,JPY,-0.0015297776199232999,0.0089142361749110395,0.011794481175743669,-4.6843263261752099,0,0.0028802450008326291,1249,2022-12-30,4.5536491244391186e-18,4.5536491244391186e-18,-0.020516117762954044,0.033478338191667262
2023-04-03,2023-04-04,2023-04-05,funded_assets,USD,0.98999999999999999,IN_FHS1250,JPY,-0.0015297776199232999,0.013590144074851587,0.016667207920650171,-4.27892992274999,0,0.0030770638457985836,1249,2022-12-30,4.5536491244391186e-18,4.5536491244391186e-18,-0.020516117762954044,0.033478338191667262
2023-04-03,2023-04-04,2023-04-05,net_cashflows,EUR,0.94999999999999996,IN_FHS1250,JPY,0.0053925952216731998,0.005097229195309594,0.006610263117527675,-4.3543645441165868,1,-0.0043942866050540293,1249,2022-12-30,4.5536491244391186e-18,4.5536491244391186e-18,-0.010442571081884556,0.011233193840144163
2023-04-03,2023-04-04,2023-04-05,net_cashflows,EUR,0.98999999999999999,IN_FHS1250,JPY,0.0053925952216731998,0.0078292337929697815,0.009085271033588813,-4.8393505816165021,0,0.0012560372406190314,1249,2022-12-30,4.5536491244391186e-18,4.5536491244391186e-18,-0.010442571081884556,0.011233193840144163
2023-04-03,2023-04-04,2023-04-05,net_cashflows,USD,0.94999999999999996,IN_FHS1250,JPY,0.0054259721800057996,0.0050498313801852776,0.0066781525379816381,-4.1262603767737431,1,-0.0058944948386140715,1249,2022-12-30,4.5536491244391186e-18,4.5536491244391186e-18,-0.01013136131136512,0.011245180828667914
2023-04-03,2023-04-04,2023-04-05,net_cashflows,USD,0.98999999999999999,IN_FHS1250,JPY,0.0054259721800057996,0.0078998221442005551,0.0091540877527777811,-4.8305717469099632,0,0.001254265608577226,1249,2022-12-30,4.5536491244391186e-18,4.5536491244391186e-18,-0.01013136131136512,0.011245180828667914
2023-04-03,2023-04-04,2023-04-05,funded_assets,EUR,0.94999999999999996,IN_TCOP1250,JPY,-0.0015209517916577001,0.008995487177418493,0.011843914625977968,-4.676438204701614,0,0.0028484274485594749,262144,2022-12-30,9.7578195523695399e-18,9.7578195523695399e-18,-0.037399347586657361,0.036903760773190519
2023-04-03,2023-04-04,2023-04-05,funded_assets,EUR,0.98999999999999999,IN_TCOP1250,JPY,-0.0015209517916577001,0.013596695758905569,0.01623695913040735,-4.2830734489457658,0,0.0026402633715017811,262144,2022-12-30,9.7578195523695399e-18,9.7578195523695399e-18,-0.037399347586657361,0.036903760773190519
2023-04-03,2023-04-04,2023-04-05,funded_assets,USD,0.94999999999999996,IN_TCOP1250,JPY,-0.0015297776199232999,0.0090801001788309889,0.01200296869167009,-4.6661134021841644,0,0.0029228685128391014,262144,2022-12-30,9.7578195523695399e-18,9.7578195523695399e-18,-0.034654792538489576,0.038850627040592958
2023-04-03,2023-04-04,2023-04-05,funded_assets,USD,0.98999999999999999,IN_TCOP1250,JPY,-0.0015297776199232999,0.013805897456769708,0.016532839665546507,-4.2673475389576048,0,0.0027269422087767992,262144,2022-12-30,9.7578195523695399e-18,9.7578195523695399e-18,-0.034654792538489576,0.038850627040592958
2023-04-03,2023-04-04,2023-04-05,net_cashflows,EUR,0.94999999999999996,IN_TCOP1250,JPY,0.0053925952216731998,0.0049683564627113659,0.0065453005248878792,-3.973620042383927,1,-0.0069078311170601573,262144,2022-12-30,9.7578195523695399e-18,9.7578195523695399e-18,-0.01829015219807073,0.018830874813635934
2023-04-03,2023-04-04,2023-04-05,net_cashflows,EUR,0.98999999999999999,IN_TCOP1250,JPY,0.0053925952216731998,0.0074751617790162362,0.0089438751643008581,-4.881000752739169,0,0.0014687133852846219,262144,2022-12-30,9.7578195523695399e-18,9.7578195523695399e-18,-0.01829015219807073,0.018830874813635934
2023-04-03,2023-04-04,2023-04-05,net_cashflows,USD,0.94999999999999996,IN_TCOP1250,JPY,0.0054259721800057996,0.0049968500931499302,0.0066003418932252429,-3.9632719456243661,1,-0.006978949937042068,262144,2022-12-30,9.7578195523695399e-18,9.7578195523695399e-18,-0.018006909029279893,0.018906193677226381
2023-04-03,2023-04-04,2023-04-05,net_cashflows,USD,0.98999999999999999,IN_TCOP1250,JPY,0.0054259721800057996,0.0075460465486957857,0.0090538161111034538,-4.8711030895390097,0,0.0015077695624076681,262144,2022-12-30,9.7578195523695399e-18,9.7578195523695399e-18,-0.018006909029279893,0.018906193677226381
2023-04-03,2023-04-04,2023-04-05,funded_assets,EUR,0.94999999999999996,IN_FHS1250,CHF,-0.0015209517916577001,0.0064522382071081907,0.0083961632315240967,-5.0115058325067343,0,0.0019439250244159059,1249,2022-12-30,2.9205696021328276e-18,2.9205696021328276e-18,-0.016649620423600048,0.014480041519693038
2023-04-03,2023-04-04,2023-04-05,funded_assets,EUR,0.98999999999999999,IN_FHS1250,CHF,-0.0015209517916577001,0.0097834488497622885,0.011595368785105862,-4.6134118842870233,0,0.0018119199353435738,1249,2022-12-30,2.9205696021328276e-18,2.9205696021328276e-18,-0.016649620423600048,0.014480041519693038
2023-04-03,2023-04-04,2023-04-05,funded_assets,USD,0.94999999999999996,IN_FHS1250,CHF,-0.0015297776199232999,0.0065108666226829422,0.0084525389278382931,-5.00300310147873,0,0.0019416723051553508,1249,2022-12-30,2.9205696021328276e-18,2.9205696021328276e-18,-0.016529138203692832,0.014640094326948109
2023-04-03,2023-04-04,2023-04-05,funded_assets,USD,0.98999999999999999,IN_FHS1250,CHF,-0.0015297776199232999,0.0097777622075860965,0.011700161216516633,-4.6124580016903458,0,0.0019223990089305368,1249,2022-12-30,2.9205696021328276e-18,2.9205696021328276e-18,-0.016529138203692832,0.014640094326948109
2023-04-03,2023-04-04,2023-04-05,net_cashflows,EUR,0.94999999999999996,IN_FHS1250,CHF,0.0053925952216731998,0.0039573958884544071,0.0056658223459854357,-0.40867092344344247,1,-0.0269955602068448,1249,2022-12-30,2.9205696021328276e-18,2.9205696021328276e-18,-0.011741787283381476,0.012962274262041894
2023-04-03,2023-04-04,2023-04-05,net_cashflows,EUR,0.98999999999999999,IN_FHS1250,CHF,0.0053925952216731998,0.0062664224026193205,0.0089077148388469266,-5.0173549410361051,0,0.0026412924362276061,1249,2022-12-30,2.9205696021328276e-18,2.9205696021328276e-18,-0.011741787283381476,0.012962274262041894
2023-04-03,2023-04-04,2023-04-05,net_cashflows,USD,0.94999999999999996,IN_FHS1250,CHF,0.0054259721800057996,0.003987477303235851,0.0056989508880595958,-0.4195073691071789,1,-0.0270584239505752,1249,2022-12-30,2.9205696021328276e-18,2.9205696021328276e-18,-0.011562542197643478,0.013330336184486431
2023-04-03,2023-04-04,2023-04-05,net_cashflows,USD,0.98999999999999999,IN_FHS1250,CHF,0.0054259721800057996,0.0062917676028035234,0.0089674609214219908,-5.0125307357862416,0,0.0026756933186184674,1249,2022-12-30,2.9205696021328276e-18,2.9205696021328276e-18,-0.011562542197643478,0.013330336184486431
2023-04-03,2023-04-04,2023-04-05,funded_assets,EUR,0.94999999999999996,IN_TCOP1250,CHF,-0.0015209517916577001,0.006685903141939592,0.0088223700787771579,-4.9726294664393205,0,0.0021364669368375659,262144,2022-12-30,8.7007224341961731e-18,8.7007224341961731e-18,-0.026153897875958648,0.02472038739319668
2023-04-03,2023-04-04,2023-04-05,funded_assets,EUR,0.98999999999999999,IN_TCOP1250,CHF,-0.0015209517916577001,0.010133912318344762,0.012102306526986161,-4.5770054258511363,0,0.0019683942086413993,262144,2022-12-30,8.7007224341961731e-18,8.7007224341961731e-18,-0.026153897875958648,0.02472038739319668
2023-04-03,2023-04-04,2023-04-05,funded_assets,USD,0.94999999999999996,IN_TCOP1250,CHF,-0.0015297776199232999,0.0067250979713971868,0.0089049036240153746,-4.9659402983127645,0,0.0021798056526181877,262144,2022-12-30,8.7007224341961731e-18,8.7007224341961731e-18,-0.025836319377968962,0.02570681336250992
2023-04-03,2023-04-04,2023-04-05,funded_assets,USD,0.98999999999999999,IN_TCOP1250,CHF,-0.0015297776199232999,0.010215844503226421,0.012257180273929982,-4.5681854058971378,0,0.0020413357707035618,262144,2022-12-30,8.7007224341961731e-18,8.7007224341961731e-18,-0.025836319377968962,0.02570681336250992
2023-04-03,2023-04-04,2023-04-05,net_cashflows,EUR,0.94999999999999996,IN_TCOP1250,CHF,0.0053925952216731998,0.0039870180128012021,0.0053374299058559097,-0.21914991315158083,1,-0.026761132284385224,262144,2022-12-30,8.7007224341961731e-18,8.7007224341961731e-18,-0.016442981812996006,0.016483327411036051
2023-04-03,2023-04-04,2023-04-05,net_cashflows,EUR,0.98999999999999999,IN_TCOP1250,CHF,0.0053925952216731998,0.0061358578530927074,0.0075166425522560955,-5.0743327114608796,0,0.0013807846991633881,262144,2022-12-30,8.7007224341961731e-18,8.7007224341961731e-18,-0.016442981812996006,0.016483327411036051
2023-04-03,2023-04-04,2023-04-05,net_cashflows,USD,0.94999999999999996,IN_TCOP1250,CHF,0.0054259721800057996,0.0039961471297203554,0.0053542574048228231,-0.14262357721361774,1,-0.027238390730606393,262144,2022-12-30,8.7007224341961731e-18,8.7007224341961731e-18,-0.016389906672447514,0.016627683841432438
2023-04-03,2023-04-04,2023-04-05,net_cashflows,USD,0.98999999999999999,IN_TCOP1250,CHF,0.0054259721800057996,0.0061544088638795496,0.0075502380546029254,-5.071048395216958,0,0.0013958291907233758,262144,2022-12-30,8.7007224341961731e-18,8.7007224341961731e-18,-0.016389906672447514,0.016627683841432438
2023-04-03,2023-04-04,2023-04-05,funded_assets,EUR,0.94999999999999996,IN_FHS_REF_POOL,ALL_FIVE,-0.0015209517916577001,0.0067544455993029662,0.0090511911403104717,-4.9586095518186006,0,0.0022967455410075055,6245,2022-12-30,0,0,-0.020784626355507207,0.032521270714949729
2023-04-03,2023-04-04,2023-04-05,funded_assets,EUR,0.98999999999999999,IN_FHS_REF_POOL,ALL_FIVE,-0.0015209517916577001,0.010217313437209663,0.012949453474461791,-4.55768666326877,0,0.0027321400372521277,6245,2022-12-30,0,0,-0.020784626355507207,0.032521270714949729
2023-04-03,2023-04-04,2023-04-05,funded_assets,USD,0.94999999999999996,IN_FHS_REF_POOL,ALL_FIVE,-0.0015297776199232999,0.0067819486193012122,0.0091248928755180356,-4.953513147956448,0,0.0023429442562168234,6245,2022-12-30,0,0,-0.020516117762954044,0.033478338191667262
2023-04-03,2023-04-04,2023-04-05,funded_assets,USD,0.98999999999999999,IN_FHS_REF_POOL,ALL_FIVE,-0.0015297776199232999,0.010366167026383181,0.013096444184217933,-4.5438892131941353,0,0.0027302771578347519,6245,2022-12-30,0,0,-0.020516117762954044,0.033478338191667262
2023-04-03,2023-04-04,2023-04-05,net_cashflows,EUR,0.94999999999999996,IN_FHS_REF_POOL,ALL_FIVE,0.0053925952216731998,0.0043298474765930519,0.0062102966750153237,-1.961807455106336,1,-0.01937450570318067,6245,2022-12-30,0,0,-0.015610503870066338,0.01621899824069031
2023-04-03,2023-04-04,2023-04-05,net_cashflows,EUR,0.98999999999999999,IN_FHS_REF_POOL,ALL_FIVE,0.0053925952216731998,0.0072429581508525187,0.0093049541919940602,-4.8988102669538991,0,0.0020619960411415415,6245,2022-12-30,0,0,-0.015610503870066338,0.01621899824069031
2023-04-03,2023-04-04,2023-04-05,net_cashflows,USD,0.94999999999999996,IN_FHS_REF_POOL,ALL_FIVE,0.0054259721800057996,0.00436000181488646,0.0062629012647314316,-1.9728700102951917,1,-0.019416507852541801,6245,2022-12-30,0,0,-0.015317521941566246,0.016120269348804898
2023-04-03,2023-04-04,2023-04-05,net_cashflows,USD,0.98999999999999999,IN_FHS_REF_POOL,ALL_FIVE,0.0054259721800057996,0.0073419298150857485,0.0094035401925644576,-4.8859067288310261,0,0.0020616103774787091,6245,2022-12-30,0,0,-0.015317521941566246,0.016120269348804898
2023-04-03,2023-04-04,2023-04-05,funded_assets,EUR,0.94999999999999996,IN_TCOP_REF_POOL,ALL_FIVE,-0.0015209517916577001,0.007023147905277638,0.0094292053213644728,-4.9191142095853264,0,0.0024060574160868348,1310720,2022-12-30,0,0,-0.037399347586657361,0.036903760773190519
2023-04-03,2023-04-04,2023-04-05,funded_assets,EUR,0.98999999999999999,IN_TCOP_REF_POOL,ALL_FIVE,-0.0015209517916577001,0.010898041589282703,0.013256083823755071,-4.5011824505851177,0,0.002358042234472368,1310720,2022-12-30,0,0,-0.037399347586657361,0.036903760773190519
2023-04-03,2023-04-04,2023-04-05,funded_assets,USD,0.94999999999999996,IN_TCOP_REF_POOL,ALL_FIVE,-0.0015297776199232999,0.0070736794881741324,0.0095291976685450801,-4.9110783780293694,0,0.0024555181803709476,1310720,2022-12-30,0,0,-0.034654792538489576,0.038850627040592958
2023-04-03,2023-04-04,2023-04-05,funded_assets,USD,0.98999999999999999,IN_TCOP_REF_POOL,ALL_FIVE,-0.0015297776199232999,0.011023517444523526,0.013448778426093324,-4.4892001804629746,0,0.0024252609815697979,1310720,2022-12-30,0,0,-0.034654792538489576,0.038850627040592958
2023-04-03,2023-04-04,2023-04-05,net_cashflows,EUR,0.94999999999999996,IN_TCOP_REF_POOL,ALL_FIVE,0.0053925952216731998,0.0043919096532602057,0.0059502295742020154,-2.0226986873916166,1,-0.018455391447318052,1310720,2022-12-30,0,0,-0.018924248598950234,0.020728035183256943
2023-04-03,2023-04-04,2023-04-05,net_cashflows,EUR,0.98999999999999999,IN_TCOP_REF_POOL,ALL_FIVE,0.0053925952216731998,0.0068791278328619414,0.0083629741471548842,-4.961371611666344,0,0.0014838463142929428,1310720,2022-12-30,0,0,-0.018924248598950234,0.020728035183256943
2023-04-03,2023-04-04,2023-04-05,net_cashflows,USD,0.94999999999999996,IN_TCOP_REF_POOL,ALL_FIVE,0.0054259721800057996,0.0044057134179507481,0.0059807788682249442,-1.9707667527863419,1,-0.018830109790826815,1310720,2022-12-30,0,0,-0.018628873379316107,0.020868068848019509
2023-04-03,2023-04-04,2023-04-05,net_cashflows,USD,0.98999999999999999,IN_TCOP_REF_POOL,ALL_FIVE,0.0054259721800057996,0.0069158658595575399,0.0084259607252537474,-4.9556570863874416,0,0.0015100948656962074,1310720,2022-12-30,0,0,-0.018628873379316107,0.020868068848019509
2024-08-01,2024-08-02,2024-08-05,funded_assets,EUR,0.94999999999999996,HS1250,ALL_EQUIVARIANT,-0.0066771638671812997,0.0046882870724197223,0.0065113056367219558,-5.3141927059702612,0,0.0018230185643022334,1249,2023-12-29,2.7952087259391911e-18,2.7952087259391911e-18,-0.016320720256127935,0.015738020767808003
2024-08-01,2024-08-02,2024-08-05,funded_assets,EUR,0.98999999999999999,HS1250,ALL_EQUIVARIANT,-0.0066771638671812997,0.0077885308941603171,0.009399726690734694,-4.8384834575172473,0,0.0016111957965743769,1249,2023-12-29,2.7952087259391911e-18,2.7952087259391911e-18,-0.016320720256127935,0.015738020767808003
2024-08-01,2024-08-02,2024-08-05,funded_assets,USD,0.94999999999999996,HS1250,ALL_EQUIVARIANT,-0.0067850282121993998,0.0047444833611025019,0.0065548303564035241,-5.3037382211318116,0,0.0018103469953010222,1249,2023-12-29,2.7952087259391911e-18,2.7952087259391911e-18,-0.016158454111973426,0.015923185969558433
2024-08-01,2024-08-02,2024-08-05,funded_assets,USD,0.98999999999999999,HS1250,ALL_EQUIVARIANT,-0.0067850282121993998,0.007854898978937961,0.0094929582473847005,-4.8297601880764258,0,0.0016380592684467395,1249,2023-12-29,2.7952087259391911e-18,2.7952087259391911e-18,-0.016158454111973426,0.015923185969558433
2024-08-01,2024-08-02,2024-08-05,net_cashflows,EUR,0.94999999999999996,HS1250,ALL_EQUIVARIANT,0.0190049985149017,0.0035544707922808396,0.0057077163612709904,48.595899366038886,1,-0.30685730888342677,1249,2023-12-29,2.7952087259391911e-18,2.7952087259391911e-18,-0.011362286891522877,0.017250502361274411
2024-08-01,2024-08-02,2024-08-05,net_cashflows,EUR,0.98999999999999999,HS1250,ALL_EQUIVARIANT,0.0190049985149017,0.0067986506055971348,0.0094097305314526578,124.77698498048915,1,-1.2180237110045997,1249,2023-12-29,2.7952087259391911e-18,2.7952087259391911e-18,-0.011362286891522877,0.017250502361274411
2024-08-01,2024-08-02,2024-08-05,net_cashflows,USD,0.94999999999999996,HS1250,ALL_EQUIVARIANT,0.019384877712829301,0.0035775534025528815,0.0057498456533118421,49.447091151628214,1,-0.31397419395476917,1249,2023-12-29,2.7952087259391911e-18,2.7952087259391911e-18,-0.011163620632108224,0.017704227131297063
2024-08-01,2024-08-02,2024-08-05,net_cashflows,USD,0.98999999999999999,HS1250,ALL_EQUIVARIANT,0.019384877712829301,0.0068849919722521096,0.0095039161660541074,126.59191298283216,1,-1.2473696498639162,1249,2023-12-29,2.7952087259391911e-18,2.7952087259391911e-18,-0.011163620632108224,0.017704227131297063
2024-08-01,2024-08-02,2024-08-05,funded_assets,EUR,0.94999999999999996,EWMA_GAUSS,ALL_EQUIVARIANT,-0.0066771638671812997,0.0057681466239034584,0.007226183892872412,-5.1318156017110743,0,0.0014580372689689536,262144,2023-12-29,5.6022759131399424e-18,5.6022759131399424e-18,-0.016535983141746202,0.016404231406223629
2024-08-01,2024-08-02,2024-08-05,funded_assets,EUR,0.98999999999999999,EWMA_GAUSS,ALL_EQUIVARIANT,-0.0066771638671812997,0.0081497001794037238,0.0093203972366096149,-4.8011559479018331,0,0.0011706970572058911,262144,2023-12-29,5.6022759131399424e-18,5.6022759131399424e-18,-0.016535983141746202,0.016404231406223629
2024-08-01,2024-08-02,2024-08-05,funded_assets,USD,0.94999999999999996,EWMA_GAUSS,ALL_EQUIVARIANT,-0.0067850282121993998,0.0057796930479836854,0.007242697447653941,-5.1297587379983751,0,0.0014630043996702556,262144,2023-12-29,5.6022759131399424e-18,5.6022759131399424e-18,-0.016498970882990471,0.016344498680693705
2024-08-01,2024-08-02,2024-08-05,funded_assets,USD,0.98999999999999999,EWMA_GAUSS,ALL_EQUIVARIANT,-0.0067850282121993998,0.008167630039162644,0.0093472677278764356,-4.7988725374490162,0,0.0011796376887137916,262144,2023-12-29,5.6022759131399424e-18,5.6022759131399424e-18,-0.016498970882990471,0.016344498680693705
2024-08-01,2024-08-02,2024-08-05,net_cashflows,EUR,0.94999999999999996,EWMA_GAUSS,ALL_EQUIVARIANT,0.0190049985149017,0.0058273726484153292,0.0073177375497733939,30.8944550886687,1,-0.26206215242836911,262144,2023-12-29,5.6022759131399424e-18,5.6022759131399424e-18,-0.018078319141331678,0.017772221575645685
2024-08-01,2024-08-02,2024-08-05,net_cashflows,EUR,0.98999999999999999,EWMA_GAUSS,ALL_EQUIVARIANT,0.0190049985149017,0.0082576364376483972,0.0094772708682468558,108.6138952862561,1,-1.0735165732947309,262144,2023-12-29,5.6022759131399424e-18,5.6022759131399424e-18,-0.018078319141331678,0.017772221575645685
2024-08-01,2024-08-02,2024-08-05,net_cashflows,USD,0.94999999999999996,EWMA_GAUSS,ALL_EQUIVARIANT,0.019384877712829301,0.0058279192458714326,0.0073222487149476123,31.908576139281408,1,-0.26964483987008098,262144,2023-12-29,5.6022759131399424e-18,5.6022759131399424e-18,-0.018009176711789081,0.017806593083422095
2024-08-01,2024-08-02,2024-08-05,net_cashflows,USD,0.98999999999999999,EWMA_GAUSS,ALL_EQUIVARIANT,0.019384877712829301,0.0082601337497200909,0.0094847141125421943,112.5041097514099,1,-1.1112498159480979,262144,2023-12-29,5.6022759131399424e-18,5.6022759131399424e-18,-0.018009176711789081,0.017806593083422095
2024-08-01,2024-08-02,2024-08-05,funded_assets,EUR,0.94999999999999996,EWMA_SELFNORMALIZED,ALL_EQUIVARIANT,-0.0066771638671812997,0.0058037798552180164,0.0073146728186872312,-5.1244294384286722,0,0.0015108929634692148,262144,2023-12-29,5.6005818472454338e-18,5.6005818472454338e-18,-0.014630036783074341,0.01413566406480804
2024-08-01,2024-08-02,2024-08-05,funded_assets,EUR,0.98999999999999999,EWMA_SELFNORMALIZED,ALL_EQUIVARIANT,-0.0066771638671812997,0.0082846971072654818,0.0094811842910832219,-4.784642008490346,0,0.0011964871838177401,262144,2023-12-29,5.6005818472454338e-18,5.6005818472454338e-18,-0.014630036783074341,0.01413566406480804
2024-08-01,2024-08-02,2024-08-05,funded_assets,USD,0.94999999999999996,EWMA_SELFNORMALIZED,ALL_EQUIVARIANT,-0.0067850282121993998,0.0058125441516238491,0.0073314867108418766,-5.1227576595818256,0,0.0015189425592180275,262144,2023-12-29,5.6005818472454338e-18,5.6005818472454338e-18,-0.014531936193300345,0.014196920818487982
2024-08-01,2024-08-02,2024-08-05,funded_assets,USD,0.98999999999999999,EWMA_SELFNORMALIZED,ALL_EQUIVARIANT,-0.0067850282121993998,0.0083025746555735469,0.009509080506407688,-4.782387433299732,0,0.0012065058508341411,262144,2023-12-29,5.6005818472454338e-18,5.6005818472454338e-18,-0.014531936193300345,0.014196920818487982
2024-08-01,2024-08-02,2024-08-05,net_cashflows,EUR,0.94999999999999996,EWMA_SELFNORMALIZED,ALL_EQUIVARIANT,0.0190049985149017,0.0058575215818374776,0.007417957901643308,30.333488208860828,1,-0.26138910234147833,262144,2023-12-29,5.6005818472454338e-18,5.6005818472454338e-18,-0.014115212559186564,0.014631051364898329
2024-08-01,2024-08-02,2024-08-05,net_cashflows,EUR,0.98999999999999999,EWMA_SELFNORMALIZED,ALL_EQUIVARIANT,0.0190049985149017,0.0084188543053236656,0.009666378062522395,104.74694666154343,1,-1.0573668972006038,262144,2023-12-29,5.6005818472454338e-18,5.6005818472454338e-18,-0.014115212559186564,0.014631051364898329
2024-08-01,2024-08-02,2024-08-05,net_cashflows,USD,0.94999999999999996,EWMA_SELFNORMALIZED,ALL_EQUIVARIANT,0.019384877712829301,0.0058620940529486611,0.0074226212192814792,31.32321749023405,1,-0.26889514603127973,262144,2023-12-29,5.6005818472454338e-18,5.6005818472454338e-18,-0.014163337194127767,0.014706140843039837
2024-08-01,2024-08-02,2024-08-05,net_cashflows,USD,0.98999999999999999,EWMA_SELFNORMALIZED,ALL_EQUIVARIANT,0.019384877712829301,0.0084237377548884232,0.0096730662756496864,108.54851922884872,1,-1.0948646672733255,262144,2023-12-29,5.6005818472454338e-18,5.6005818472454338e-18,-0.014163337194127767,0.014706140843039837
2024-08-01,2024-08-02,2024-08-05,funded_assets,EUR,0.94999999999999996,IN_FHS1250,EUR,-0.0066771638671812997,0.0055358286672656798,0.0070600957570515835,-5.1691955900179405,0,0.0015242670897859037,1249,2023-12-29,2.7265990572115928e-18,2.7265990572115928e-18,-0.01394848865661813,0.015651133506877052
2024-08-01,2024-08-02,2024-08-05,funded_assets,EUR,0.98999999999999999,IN_FHS1250,EUR,-0.0066771638671812997,0.0076913802461547609,0.0093620206189451907,-4.8495428298496179,0,0.0016706403727904297,1249,2023-12-29,2.7265990572115928e-18,2.7265990572115928e-18,-0.01394848865661813,0.015651133506877052
2024-08-01,2024-08-02,2024-08-05,funded_assets,USD,0.94999999999999996,IN_FHS1250,EUR,-0.0067850282121993998,0.0055557893210572643,0.0070827012350644638,-5.1656831866743831,0,0.0015269119140071995,1249,2023-12-29,2.7265990572115928e-18,2.7265990572115928e-18,-0.013892902030044238,0.015769078791926107
2024-08-01,2024-08-02,2024-08-05,funded_assets,USD,0.98999999999999999,IN_FHS1250,EUR,-0.0067850282121993998,0.0077131330499470756,0.0093952092402552548,-4.8465908968824998,0,0.0016820761903081792,1249,2023-12-29,2.7265990572115928e-18,2.7265990572115928e-18,-0.013892902030044238,0.015769078791926107
2024-08-01,2024-08-02,2024-08-05,net_cashflows,EUR,0.94999999999999996,IN_FHS1250,EUR,0.0190049985149017,0.0049695767084268153,0.0068484633567996462,35.730446049033823,1,-0.27882954948112459,1249,2023-12-29,2.7265990572115928e-18,2.7265990572115928e-18,-0.012317037229934526,0.012872848791706294
2024-08-01,2024-08-02,2024-08-05,net_cashflows,EUR,0.98999999999999999,IN_FHS1250,EUR,0.0190049985149017,0.0082997548109292833,0.0095599017645945032,107.19869361198342,1,-1.0692642234435754,1249,2023-12-29,2.7265990572115928e-18,2.7265990572115928e-18,-0.012317037229934526,0.012872848791706294
2024-08-01,2024-08-02,2024-08-05,net_cashflows,USD,0.94999999999999996,IN_FHS1250,EUR,0.019384877712829301,0.0049361378862850429,0.0068597737208035562,36.86349198724956,1,-0.28705116069636644,1249,2023-12-29,2.7265990572115928e-18,2.7265990572115928e-18,-0.012205662279468718,0.012981218509624162
2024-08-01,2024-08-02,2024-08-05,net_cashflows,USD,0.98999999999999999,IN_FHS1250,EUR,0.019384877712829301,0.0083476591778768039,0.009609838087435563,110.07701435524945,1,-1.1024596745856898,1249,2023-12-29,2.7265990572115928e-18,2.7265990572115928e-18,-0.012205662279468718,0.012981218509624162
2024-08-01,2024-08-02,2024-08-05,funded_assets,EUR,0.94999999999999996,IN_TCOP1250,EUR,-0.0066771638671812997,0.005485995257217019,0.007133468501757151,-5.1739075138851796,0,0.0016474732445401321,262144,2023-12-29,6.2206099646355817e-18,6.2206099646355817e-18,-0.017821164232258546,0.016407273150950974
2024-08-01,2024-08-02,2024-08-05,funded_assets,EUR,0.98999999999999999,IN_TCOP1250,EUR,-0.0066771638671812997,0.0081664155668683402,0.0096374249217394577,-4.7947364343082217,0,0.0014710093548711174,262144,2023-12-29,6.2206099646355817e-18,6.2206099646355817e-18,-0.017821164232258546,0.016407273150950974
2024-08-01,2024-08-02,2024-08-05,funded_assets,USD,0.94999999999999996,IN_TCOP1250,EUR,-0.0067850282121993998,0.0055010152894513003,0.0071642682793055593,-5.1708088539657799,0,0.0016632529898542589,262144,2023-12-29,6.2206099646355817e-18,6.2206099646355817e-18,-0.017918470799327312,0.016859308441870779
2024-08-01,2024-08-02,2024-08-05,funded_assets,USD,0.98999999999999999,IN_TCOP1250,EUR,-0.0067850282121993998,0.0081965838560743125,0.0096944764704637552,-4.7907088942131626,0,0.0014978926143894428,262144,2023-12-29,6.2206099646355817e-18,6.2206099646355817e-18,-0.017918470799327312,0.016859308441870779
2024-08-01,2024-08-02,2024-08-05,net_cashflows,EUR,0.94999999999999996,IN_TCOP1250,EUR,0.0190049985149017,0.0046256134034222355,0.0062673133512975527,40.552565466681187,1,-0.28594600228171368,262144,2023-12-29,6.2206099646355817e-18,6.2206099646355817e-18,-0.015448004494355461,0.016085530402619497
2024-08-01,2024-08-02,2024-08-05,net_cashflows,EUR,0.98999999999999999,IN_TCOP1250,EUR,0.0190049985149017,0.0073448234026725172,0.0087199491843082816,128.81854304196989,1,-1.1646423854412815,262144,2023-12-29,6.2206099646355817e-18,6.2206099646355817e-18,-0.015448004494355461,0.016085530402619497
2024-08-01,2024-08-02,2024-08-05,net_cashflows,USD,0.94999999999999996,IN_TCOP1250,EUR,0.019384877712829301,0.0046253431986268238,0.0062638773943086085,41.791332407347632,1,-0.29355215608836749,262144,2023-12-29,6.2206099646355817e-18,6.2206099646355817e-18,-0.015313473714694274,0.016218681328407612
2024-08-01,2024-08-02,2024-08-05,net_cashflows,USD,0.98999999999999999,IN_TCOP1250,EUR,0.019384877712829301,0.0073385264735971682,0.0087177461120743066,133.28134333299181,1,-1.2032559042847351,262144,2023-12-29,6.2206099646355817e-18,6.2206099646355817e-18,-0.015313473714694274,0.016218681328407612
2024-08-01,2024-08-02,2024-08-05,funded_assets,EUR,0.94999999999999996,IN_FHS1250,USD,-0.0066771638671812997,0.0051723249403256844,0.0065814551134476314,-5.2376055901450576,0,0.0014091301731219471,1249,2023-12-29,3.550762114890027e-18,3.550762114890027e-18,-0.013074625004073526,0.010421586715058384
2024-08-01,2024-08-02,2024-08-05,funded_assets,EUR,0.98999999999999999,IN_FHS1250,USD,-0.0066771638671812997,0.0077961834915685757,0.0088778704956398394,-4.8460343778747728,0,0.0010816870040712637,1249,2023-12-29,3.550762114890027e-18,3.550762114890027e-18,-0.013074625004073526,0.010421586715058384
2024-08-01,2024-08-02,2024-08-05,funded_assets,USD,0.94999999999999996,IN_FHS1250,USD,-0.0067850282121993998,0.0051894850524551598,0.0065869810431860741,-5.234820464929439,0,0.0013974959907309143,1249,2023-12-29,3.550762114890027e-18,3.550762114890027e-18,-0.013035704526543354,0.010407344470534931
2024-08-01,2024-08-02,2024-08-05,funded_assets,USD,0.98999999999999999,IN_FHS1250,USD,-0.0067850282121993998,0.0077855165542493237,0.0088725913219194295,-4.8473089306889161,0,0.0010870747676701058,1249,2023-12-29,3.550762114890027e-18,3.550762114890027e-18,-0.013035704526543354,0.010407344470534931
2024-08-01,2024-08-02,2024-08-05,net_cashflows,EUR,0.94999999999999996,IN_FHS1250,USD,0.0190049985149017,0.0070543171326154621,0.0090081405408767648,21.606548542738821,1,-0.23705980423746326,1249,2023-12-29,3.550762114890027e-18,3.550762114890027e-18,-0.011922531157537141,0.014313198335603839
2024-08-01,2024-08-02,2024-08-05,net_cashflows,EUR,0.98999999999999999,IN_FHS1250,USD,0.0190049985149017,0.010103359449389724,0.011622995851958331,72.000929069640307,1,-0.88864427014862812,1249,2023-12-29,3.550762114890027e-18,3.550762114890027e-18,-0.011922531157537141,0.014313198335603839
2024-08-01,2024-08-02,2024-08-05,net_cashflows,USD,0.94999999999999996,IN_FHS1250,USD,0.019384877712829301,0.0070911590337323091,0.0090554564815671715,22.230761945407799,1,-0.24391007613410479,1249,2023-12-29,3.550762114890027e-18,3.550762114890027e-18,-0.011940013027315059,0.014651154543084769
2024-08-01,2024-08-02,2024-08-05,net_cashflows,USD,0.98999999999999999,IN_FHS1250,USD,0.019384877712829301,0.01009142989630776,0.011701823170431438,74.833172733519177,1,-0.92773438837802957,1249,2023-12-29,3.550762114890027e-18,3.550762114890027e-18,-0.011940013027315059,0.014651154543084769
2024-08-01,2024-08-02,2024-08-05,funded_assets,EUR,0.94999999999999996,IN_TCOP1250,USD,-0.0066771638671812997,0.0051725881891489522,0.0068183493579781762,-5.2295102396807618,0,0.001645761168829224,262144,2023-12-29,6.4713317170228546e-18,6.4713317170228546e-18,-0.021475850090608206,0.017683734255439593
2024-08-01,2024-08-02,2024-08-05,funded_assets,EUR,0.98999999999999999,IN_TCOP1250,USD,-0.0066771638671812997,0.0078315606607570198,0.0093710089652542291,-4.834412262029165,0,0.0015394483044972092,262144,2023-12-29,6.4713317170228546e-18,6.4713317170228546e-18,-0.021475850090608206,0.017683734255439593
2024-08-01,2024-08-02,2024-08-05,funded_assets,USD,0.94999999999999996,IN_TCOP1250,USD,-0.0067850282121993998,0.0051758377735720267,0.0068278570489337101,-5.2286972314222595,0,0.0016520192753616833,262144,2023-12-29,6.4713317170228546e-18,6.4713317170228546e-18,-0.021225428025738558,0.017923831739447636
2024-08-01,2024-08-02,2024-08-05,funded_assets,USD,0.98999999999999999,IN_TCOP1250,USD,-0.0067850282121993998,0.0078418880722448941,0.0093945775702812505,-4.8328976838341209,0,0.0015526894980363564,262144,2023-12-29,6.4713317170228546e-18,6.4713317170228546e-18,-0.021225428025738558,0.017923831739447636
2024-08-01,2024-08-02,2024-08-05,net_cashflows,EUR,0.94999999999999996,IN_TCOP1250,USD,0.0190049985149017,0.0067141620811936196,0.0087602887192234618,23.089250742987218,1,-0.24377060203613155,262144,2023-12-29,6.4713317170228546e-18,6.4713317170228546e-18,-0.016253647888067345,0.01930732704566198
2024-08-01,2024-08-02,2024-08-05,net_cashflows,EUR,0.98999999999999999,IN_TCOP1250,USD,0.0190049985149017,0.010064552429773898,0.01163457352471715,72.255061431144114,1,-0.89247458741783614,262144,2023-12-29,6.4713317170228546e-18,6.4713317170228546e-18,-0.016253647888067345,0.01930732704566198
2024-08-01,2024-08-02,2024-08-05,net_cashflows,USD,0.94999999999999996,IN_TCOP1250,USD,0.019384877712829301,0.0067243603769329384,0.0087878245148526671,23.844571597440524,1,-0.25114688258000728,262144,2023-12-29,6.4713317170228546e-18,6.4713317170228546e-18,-0.016358940742811839,0.019280158813007039
2024-08-01,2024-08-02,2024-08-05,net_cashflows,USD,0.98999999999999999,IN_TCOP1250,USD,0.019384877712829301,0.01010231459945867,0.01168786204363231,74.835677671822467,1,-0.92667076389288872,262144,2023-12-29,6.4713317170228546e-18,6.4713317170228546e-18,-0.016358940742811839,0.019280158813007039
2024-08-01,2024-08-02,2024-08-05,funded_assets,EUR,0.94999999999999996,IN_FHS1250,GBP,-0.0066771638671812997,0.005319771876320406,0.0067361242290689865,-5.2105327675033362,0,0.0014163523527485804,1249,2023-12-29,3.2932640989247197e-18,3.2932640989247197e-18,-0.014405529937821404,0.011803389251359736
2024-08-01,2024-08-02,2024-08-05,funded_assets,EUR,0.98999999999999999,IN_FHS1250,GBP,-0.0066771638671812997,0.0077025940312918095,0.0090918878383960972,-4.8531785767260232,0,0.0013892938071042877,1249,2023-12-29,3.2932640989247197e-18,3.2932640989247197e-18,-0.014405529937821404,0.011803389251359736
2024-08-01,2024-08-02,2024-08-05,funded_assets,USD,0.94999999999999996,IN_FHS1250,GBP,-0.0067850282121993998,0.0053414211294852739,0.0067585778651482074,-5.2066254683913025,0,0.0014171567356629335,1249,2023-12-29,3.2932640989247197e-18,3.2932640989247197e-18,-0.014315635627536497,0.011707466308023089
2024-08-01,2024-08-02,2024-08-05,funded_assets,USD,0.98999999999999999,IN_FHS1250,GBP,-0.0067850282121993998,0.0077234369658890113,0.0091205460346939649,-4.8504082169392717,0,0.0013971090688049536,1249,2023-12-29,3.2932640989247197e-18,3.2932640989247197e-18,-0.014315635627536497,0.011707466308023089
2024-08-01,2024-08-02,2024-08-05,net_cashflows,EUR,0.94999999999999996,IN_FHS1250,GBP,0.0190049985149017,0.0057458145976514215,0.0078128745458400511,28.825330278331872,1,-0.26311661839681671,1249,2023-12-29,3.2932640989247197e-18,3.2932640989247197e-18,-0.012036064868714591,0.014816229436715489
2024-08-01,2024-08-02,2024-08-05,net_cashflows,EUR,0.98999999999999999,IN_FHS1250,GBP,0.0190049985149017,0.0088317099104842315,0.010427222834731017,92.848349813727225,1,-1.015733347517499,1249,2023-12-29,3.2932640989247197e-18,3.2932640989247197e-18,-0.012036064868714591,0.014816229436715489
2024-08-01,2024-08-02,2024-08-05,net_cashflows,USD,0.94999999999999996,IN_FHS1250,GBP,0.019384877712829301,0.005757009310958695,0.0078366330315924621,29.665588909181743,1,-0.27047774431677812,1249,2023-12-29,3.2932640989247197e-18,3.2932640989247197e-18,-0.011942329104271458,0.014925140013840522
2024-08-01,2024-08-02,2024-08-05,net_cashflows,USD,0.98999999999999999,IN_FHS1250,GBP,0.019384877712829301,0.008920916398477698,0.010492664092437874,95.019575254390432,1,-1.0448243837411992,1249,2023-12-29,3.2932640989247197e-18,3.2932640989247197e-18,-0.011942329104271458,0.014925140013840522
2024-08-01,2024-08-02,2024-08-05,funded_assets,EUR,0.94999999999999996,IN_TCOP1250,GBP,-0.0066771638671812997,0.0052896712236241983,0.007111510377867618,-5.2022223749049319,0,0.0018218391542434197,262144,2023-12-29,6.2612675461037881e-18,6.2612675461037881e-18,-0.027180137745181632,0.024556747259867451
2024-08-01,2024-08-02,2024-08-05,funded_assets,EUR,0.98999999999999999,IN_TCOP1250,GBP,-0.0066771638671812997,0.0081812433608636492,0.010120149248373428,-4.784815532705843,0,0.0019389058875097787,262144,2023-12-29,6.2612675461037881e-18,6.2612675461037881e-18,-0.027180137745181632,0.024556747259867451
2024-08-01,2024-08-02,2024-08-05,funded_assets,USD,0.94999999999999996,IN_TCOP1250,GBP,-0.0067850282121993998,0.0053073111860527031,0.0071472385715676727,-5.1984611358668751,0,0.0018399273855149697,262144,2023-12-29,6.2612675461037881e-18,6.2612675461037881e-18,-0.026317848241015775,0.025176917247350786
2024-08-01,2024-08-02,2024-08-05,funded_assets,USD,0.98999999999999999,IN_TCOP1250,GBP,-0.0067850282121993998,0.0082166249489571252,0.010193665854711279,-4.7799367266604538,0,0.0019770409057541533,262144,2023-12-29,6.2612675461037881e-18,6.2612675461037881e-18,-0.026317848241015775,0.025176917247350786
2024-08-01,2024-08-02,2024-08-05,net_cashflows,EUR,0.94999999999999996,IN_TCOP1250,GBP,0.0190049985149017,0.0058304516084065061,0.0074302082071514312,30.344614603467079,1,-0.2618911815311587,262144,2023-12-29,6.2612675461037881e-18,6.2612675461037881e-18,-0.018869257340027545,0.018011697058311828
2024-08-01,2024-08-02,2024-08-05,net_cashflows,EUR,0.98999999999999999,IN_TCOP1250,GBP,0.0190049985149017,0.0083696097101891957,0.0098094595198259336,103.64853277894612,1,-1.0620990306616129,262144,2023-12-29,6.2612675461037881e-18,6.2612675461037881e-18,-0.018869257340027545,0.018011697058311828
2024-08-01,2024-08-02,2024-08-05,net_cashflows,USD,0.94999999999999996,IN_TCOP1250,GBP,0.019384877712829301,0.0058288996213689383,0.0074383861718654506,31.331230359088579,1,-0.26951007527871051,262144,2023-12-29,6.2612675461037881e-18,6.2612675461037881e-18,-0.018489421780660358,0.018129368658092615
2024-08-01,2024-08-02,2024-08-05,net_cashflows,USD,0.98999999999999999,IN_TCOP1250,GBP,0.019384877712829301,0.0083828890966897354,0.0098427843908768346,107.00786017705866,1,-1.0987389663197684,262144,2023-12-29,6.2612675461037881e-18,6.2612675461037881e-18,-0.018489421780660358,0.018129368658092615
2024-08-01,2024-08-02,2024-08-05,funded_assets,EUR,0.94999999999999996,IN_FHS1250,JPY,-0.0066771638671812997,0.0075597563582588401,0.01021803285387398,-4.8437565997628065,0,0.0026582764956151403,1249,2023-12-29,4.4316763800344994e-18,4.4316763800344994e-18,-0.01842367733514047,0.029782460082344642
2024-08-01,2024-08-02,2024-08-05,funded_assets,EUR,0.98999999999999999,IN_FHS1250,JPY,-0.0066771638671812997,0.011379075880974143,0.015508442628491312,-4.4326364444033715,0,0.0041293667475171686,1249,2023-12-29,4.4316763800344994e-18,4.4316763800344994e-18,-0.01842367733514047,0.029782460082344642
2024-08-01,2024-08-02,2024-08-05,funded_assets,USD,0.94999999999999996,IN_FHS1250,JPY,-0.0067850282121993998,0.0075588995325677547,0.010365743766534423,-4.840029563140738,0,0.0028068442339666683,1249,2023-12-29,4.4316763800344994e-18,4.4316763800344994e-18,-0.017667889132522242,0.030353864853766316
2024-08-01,2024-08-02,2024-08-05,funded_assets,USD,0.98999999999999999,IN_FHS1250,JPY,-0.0067850282121993998,0.011544902450515187,0.0158450805358606,-4.4162850468462205,0,0.004300178085345413,1249,2023-12-29,4.4316763800344994e-18,4.4316763800344994e-18,-0.017667889132522242,0.030353864853766316
2024-08-01,2024-08-02,2024-08-05,net_cashflows,EUR,0.94999999999999996,IN_FHS1250,JPY,0.0190049985149017,0.0084265269792636825,0.010590007466896246,15.226074620217524,1,-0.20940595022512759,1249,2023-12-29,4.4316763800344994e-18,4.4316763800344994e-18,-0.014468395368384634,0.015212536845990332
2024-08-01,2024-08-02,2024-08-05,net_cashflows,EUR,0.98999999999999999,IN_FHS1250,JPY,0.0190049985149017,0.012008212624941861,0.013317437779354166,48.121538772632491,1,-0.69836936384157089,1249,2023-12-29,4.4316763800344994e-18,4.4316763800344994e-18,-0.014468395368384634,0.015212536845990332
2024-08-01,2024-08-02,2024-08-05,net_cashflows,USD,0.94999999999999996,IN_FHS1250,JPY,0.019384877712829301,0.0085954206112219718,0.010801825144008955,15.244797726680353,1,-0.21358273749935941,1249,2023-12-29,4.4316763800344994e-18,4.4316763800344994e-18,-0.014046898238319852,0.015982091653426293
2024-08-01,2024-08-02,2024-08-05,net_cashflows,USD,0.98999999999999999,IN_FHS1250,JPY,0.019384877712829301,0.012136449621725019,0.013582593425656656,48.960131132917866,1,-0.72339666530649593,1249,2023-12-29,4.4316763800344994e-18,4.4316763800344994e-18,-0.014046898238319852,0.015982091653426293
2024-08-01,2024-08-02,2024-08-05,funded_assets,EUR,0.94999999999999996,IN_TCOP1250,JPY,-0.0066771638671812997,0.0077965291813877069,0.010258692863901749,-4.8196373928856904,0,0.0024621636825140417,262144,2023-12-29,9.8120296609938151e-18,9.8120296609938151e-18,-0.036374270517321561,0.033123710140095936
2024-08-01,2024-08-02,2024-08-05,funded_assets,EUR,0.98999999999999999,IN_TCOP1250,JPY,-0.0066771638671812997,0.011732357879632255,0.014118353150061524,-4.4292792319952952,0,0.0023859952704292694,262144,2023-12-29,9.8120296609938151e-18,9.8120296609938151e-18,-0.036374270517321561,0.033123710140095936
2024-08-01,2024-08-02,2024-08-05,funded_assets,USD,0.94999999999999996,IN_TCOP1250,JPY,-0.0067850282121993998,0.0078797800808777657,0.010408682188719223,-4.8080758295030863,0,0.0025289021078414575,262144,2023-12-29,9.8120296609938151e-18,9.8120296609938151e-18,-0.034074596531446524,0.034768502823673678
2024-08-01,2024-08-02,2024-08-05,funded_assets,USD,0.98999999999999999,IN_TCOP1250,JPY,-0.0067850282121993998,0.011910086252718543,0.014408738507257837,-4.4133326997021243,0,0.0024986522545392947,262144,2023-12-29,9.8120296609938151e-18,9.8120296609938151e-18,-0.034074596531446524,0.034768502823673678
2024-08-01,2024-08-02,2024-08-05,net_cashflows,EUR,0.94999999999999996,IN_TCOP1250,JPY,0.0190049985149017,0.0080493208408929252,0.010397860363449507,16.280923534148926,1,-0.21676501395761871,262144,2023-12-29,9.8120296609938151e-18,9.8120296609938151e-18,-0.022471533421729466,0.024607621329081508
2024-08-01,2024-08-02,2024-08-05,net_cashflows,EUR,0.98999999999999999,IN_TCOP1250,JPY,0.0190049985149017,0.011899233363745286,0.013642837091631031,47.661874765883091,1,-0.70883291138775506,262144,2023-12-29,9.8120296609938151e-18,9.8120296609938151e-18,-0.022471533421729466,0.024607621329081508
2024-08-01,2024-08-02,2024-08-05,net_cashflows,USD,0.94999999999999996,IN_TCOP1250,JPY,0.019384877712829301,0.0081339817058270099,0.010560308262721356,16.527481279447301,1,-0.22259159358315128,262144,2023-12-29,9.8120296609938151e-18,9.8120296609938151e-18,-0.021461896891546459,0.024755753891579968
2024-08-01,2024-08-02,2024-08-05,net_cashflows,USD,0.98999999999999999,IN_TCOP1250,JPY,0.019384877712829301,0.012110031339172118,0.013925611781717483,47.836364151910885,1,-0.7256690569231723,262144,2023-12-29,9.8120296609938151e-18,9.8120296609938151e-18,-0.021461896891546459,0.024755753891579968
2024-08-01,2024-08-02,2024-08-05,funded_assets,EUR,0.94999999999999996,IN_FHS1250,CHF,-0.0066771638671812997,0.0062622900911299684,0.0081182003047567414,-5.0422578265992373,0,0.0018559102136267731,1249,2023-12-29,3.4287893704854078e-18,3.4287893704854078e-18,-0.015743829211289917,0.014535409901249297
2024-08-01,2024-08-02,2024-08-05,funded_assets,EUR,0.98999999999999999,IN_FHS1250,CHF,-0.0066771638671812997,0.0090480130471979336,0.011201742424248429,-4.6839532932726664,0,0.0021537293770504951,1249,2023-12-29,3.4287893704854078e-18,3.4287893704854078e-18,-0.015743829211289917,0.014535409901249297
2024-08-01,2024-08-02,2024-08-05,funded_assets,USD,0.94999999999999996,IN_FHS1250,CHF,-0.0067850282121993998,0.0063528281692233415,0.0081796086031560196,-5.029444455037285,0,0.0018267804339326781,1249,2023-12-29,3.4287893704854078e-18,3.4287893704854078e-18,-0.015638532829356597,0.014733142268272593
2024-08-01,2024-08-02,2024-08-05,funded_assets,USD,0.98999999999999999,IN_FHS1250,CHF,-0.0067850282121993998,0.0091451389531104262,0.01130227084988414,-4.6736098864095759,0,0.0021571318967737139,1249,2023-12-29,3.4287893704854078e-18,3.4287893704854078e-18,-0.015638532829356597,0.014733142268272593
2024-08-01,2024-08-02,2024-08-05,net_cashflows,EUR,0.94999999999999996,IN_FHS1250,CHF,0.0190049985149017,0.0036039477515596441,0.0055425743987741888,50.028570298713959,1,-0.30608238861962628,1249,2023-12-29,3.4287893704854078e-18,3.4287893704854078e-18,-0.010101180765057859,0.011158659193496859
2024-08-01,2024-08-02,2024-08-05,net_cashflows,EUR,0.98999999999999999,IN_FHS1250,CHF,0.0190049985149017,0.0062816852710134256,0.0085515944068127875,143.75586164124067,1,-1.270061415253027,1249,2023-12-29,3.4287893704854078e-18,3.4287893704854078e-18,-0.010101180765057859,0.011158659193496859
2024-08-01,2024-08-02,2024-08-05,net_cashflows,USD,0.94999999999999996,IN_FHS1250,CHF,0.019384877712829301,0.0036217774220415238,0.0055659965722408243,51.100329251744213,1,-0.31331778666555593,1249,2023-12-29,3.4287893704854078e-18,3.4287893704854078e-18,-0.0099641035472862287,0.011431340678169779
2024-08-01,2024-08-02,2024-08-05,net_cashflows,USD,0.98999999999999999,IN_FHS1250,CHF,0.019384877712829301,0.0063267857237385133,0.0085947845220490735,146.90993675305992,1,-1.3035412001107671,1249,2023-12-29,3.4287893704854078e-18,3.4287893704854078e-18,-0.0099641035472862287,0.011431340678169779
2024-08-01,2024-08-02,2024-08-05,funded_assets,EUR,0.94999999999999996,IN_TCOP1250,CHF,-0.0066771638671812997,0.0065792414245817721,0.008519923516337952,-4.9931295481567544,0,0.0019406820917561799,262144,2023-12-29,6.8846837952829532e-18,6.8846837952829532e-18,-0.024041428854580604,0.021713632646653463
2024-08-01,2024-08-02,2024-08-05,funded_assets,EUR,0.98999999999999999,IN_TCOP1250,CHF,-0.0066771638671812997,0.009706835175548989,0.011504166446953989,-4.6212790820660405,0,0.0017973312714050001,262144,2023-12-29,6.8846837952829532e-18,6.8846837952829532e-18,-0.024041428854580604,0.021713632646653463
2024-08-01,2024-08-02,2024-08-05,funded_assets,USD,0.94999999999999996,IN_TCOP1250,CHF,-0.0067850282121993998,0.006616591458248498,0.008591702842488929,-4.9868442322786706,0,0.001975111384240431,262144,2023-12-29,6.8846837952829532e-18,6.8846837952829532e-18,-0.023769401832534547,0.022640436869095774
2024-08-01,2024-08-02,2024-08-05,funded_assets,USD,0.98999999999999999,IN_TCOP1250,CHF,-0.0067850282121993998,0.0097995419344790446,0.011633325871486586,-4.6115133380191313,0,0.0018337839370075413,262144,2023-12-29,6.8846837952829532e-18,6.8846837952829532e-18,-0.023769401832534547,0.022640436869095774
2024-08-01,2024-08-02,2024-08-05,net_cashflows,EUR,0.94999999999999996,IN_TCOP1250,CHF,0.0190049985149017,0.0035877403798030283,0.004899698911082385,57.34510654134634,1,-0.3070332041706938,262144,2023-12-29,6.8846837952829532e-18,6.8846837952829532e-18,-0.015150175272123501,0.016896921568817346
2024-08-01,2024-08-02,2024-08-05,net_cashflows,EUR,0.98999999999999999,IN_TCOP1250,CHF,0.0190049985149017,0.0056918134488545876,0.0070063513078433481,184.86739187181496,1,-1.3300039687457212,262144,2023-12-29,6.8846837952829532e-18,6.8846837952829532e-18,-0.015150175272123501,0.016896921568817346
2024-08-01,2024-08-02,2024-08-05,net_cashflows,USD,0.94999999999999996,IN_TCOP1250,CHF,0.019384877712829301,0.0035924736823422323,0.0049101824036120352,58.74031501810753,1,-0.31453037188847127,262144,2023-12-29,6.8846837952829532e-18,6.8846837952829532e-18,-0.015062076963631559,0.016866791989519236
2024-08-01,2024-08-02,2024-08-05,net_cashflows,USD,0.98999999999999999,IN_TCOP1250,CHF,0.019384877712829301,0.0057071145330087848,0.0070295919210338603,189.42831440224018,1,-1.3664538405940252,262144,2023-12-29,6.8846837952829532e-18,6.8846837952829532e-18,-0.015062076963631559,0.016866791989519236
2024-08-01,2024-08-02,2024-08-05,funded_assets,EUR,0.94999999999999996,IN_FHS_REF_POOL,ALL_FIVE,-0.0066771638671812997,0.0059426337487226977,0.0079440461187093026,-5.0872712112932863,0,0.0020014123699866049,6245,2023-12-29,0,0,-0.01842367733514047,0.029782460082344642
2024-08-01,2024-08-02,2024-08-05,funded_assets,EUR,0.98999999999999999,IN_FHS_REF_POOL,ALL_FIVE,-0.0066771638671812997,0.009029351044818168,0.011391696877690798,-4.6822448915710435,0,0.0023623458328726303,6245,2023-12-29,0,0,-0.01842367733514047,0.029782460082344642
2024-08-01,2024-08-02,2024-08-05,funded_assets,USD,0.94999999999999996,IN_FHS_REF_POOL,ALL_FIVE,-0.0067850282121993998,0.0059892920424789312,0.0080036362298560454,-5.079537940091555,0,0.0020143441873771142,6245,2023-12-29,0,0,-0.017667889132522242,0.030353864853766316
2024-08-01,2024-08-02,2024-08-05,funded_assets,USD,0.98999999999999999,IN_FHS_REF_POOL,ALL_FIVE,-0.0067850282121993998,0.0091310662247033984,0.011540988707943713,-4.6706645587493956,0,0.0024099224832403142,6245,2023-12-29,0,0,-0.017667889132522242,0.030353864853766316
2024-08-01,2024-08-02,2024-08-05,net_cashflows,EUR,0.94999999999999996,IN_FHS_REF_POOL,ALL_FIVE,0.0190049985149017,0.0059885120449621795,0.0084085055092204142,25.893970719717295,1,-0.25790973593453193,6245,2023-12-29,0,0,-0.014468395368384634,0.015212536845990332
2024-08-01,2024-08-02,2024-08-05,net_cashflows,EUR,0.98999999999999999,IN_FHS_REF_POOL,ALL_FIVE,0.0190049985149017,0.0098644771902915759,0.011627782076883933,74.003323878102478,1,-0.9122888275744192,6245,2023-12-29,0,0,-0.014468395368384634,0.015212536845990332
2024-08-01,2024-08-02,2024-08-05,net_cashflows,USD,0.94999999999999996,IN_FHS_REF_POOL,ALL_FIVE,0.019384877712829301,0.0059777179271035263,0.0084834835129933787,26.542671692302719,1,-0.2656374301286254,6245,2023-12-29,0,0,-0.014046898238319852,0.015982091653426293
2024-08-01,2024-08-02,2024-08-05,net_cashflows,USD,0.98999999999999999,IN_FHS_REF_POOL,ALL_FIVE,0.019384877712829301,0.010017950751663132,0.011785908211287053,74.884791594666737,1,-0.9349247386569921,6245,2023-12-29,0,0,-0.014046898238319852,0.015982091653426293
2024-08-01,2024-08-02,2024-08-05,funded_assets,EUR,0.94999999999999996,IN_TCOP_REF_POOL,ALL_FIVE,-0.0066771638671812997,0.0061354513592824511,0.0082131164967084672,-5.0549919845722977,0,0.0020776651374260161,1310720,2023-12-29,0,0,-0.036374270517321561,0.033123710140095936
2024-08-01,2024-08-02,2024-08-05,funded_assets,EUR,0.98999999999999999,IN_TCOP_REF_POOL,ALL_FIVE,-0.0066771638671812997,0.0094715932732697961,0.011538281846795053,-4.641200714872058,0,0.0020666885735252574,1310720,2023-12-29,0,0,-0.036374270517321561,0.033123710140095936
2024-08-01,2024-08-02,2024-08-05,funded_assets,USD,0.94999999999999996,IN_TCOP_REF_POOL,ALL_FIVE,-0.0067850282121993998,0.0061640918404761861,0.0082820761196598942,-5.0493926839469898,0,0.0021179842791837081,1310720,2023-12-29,0,0,-0.034074596531446524,0.034768502823673678
2024-08-01,2024-08-02,2024-08-05,funded_assets,USD,0.98999999999999999,IN_TCOP_REF_POOL,ALL_FIVE,-0.0067850282121993998,0.0095628952989473791,0.011689426000346005,-4.6309897786638725,0,0.0021265307013986264,1310720,2023-12-29,0,0,-0.034074596531446524,0.034768502823673678
2024-08-01,2024-08-02,2024-08-05,net_cashflows,EUR,0.94999999999999996,IN_TCOP_REF_POOL,ALL_FIVE,0.0190049985149017,0.005869261165592366,0.0080879020407538423,27.390732438415931,1,-0.26049610611102492,1310720,2023-12-29,0,0,-0.022471533421729466,0.024607621329081508
2024-08-01,2024-08-02,2024-08-05,net_cashflows,EUR,0.98999999999999999,IN_TCOP_REF_POOL,ALL_FIVE,0.0190049985149017,0.009491970876702548,0.011366035231563581,79.054966160404803,1,-0.94942869946505326,1310720,2023-12-29,0,0,-0.022471533421729466,0.024607621329081508
2024-08-01,2024-08-02,2024-08-05,net_cashflows,USD,0.94999999999999996,IN_TCOP_REF_POOL,ALL_FIVE,0.019384877712829301,0.0058858805329962786,0.0081416059291731027,28.072697733292884,1,-0.26772421820048342,1310720,2023-12-29,0,0,-0.021461896891546459,0.024755753891579968
2024-08-01,2024-08-02,2024-08-05,net_cashflows,USD,0.98999999999999999,IN_TCOP_REF_POOL,ALL_FIVE,0.019384877712829301,0.0095713938866753955,0.011503467378506148,80.675857845840497,1,-0.97941630912355893,1310720,2023-12-29,0,0,-0.021461896891546459,0.024755753891579968
2025-10-01,2025-10-02,2025-10-03,funded_assets,EUR,0.94999999999999996,HS1250,ALL_EQUIVARIANT,6.5145017858162757e-05,0.0046291773178143425,0.006448776902534599,-5.3260267620899899,0,0.0018195995847202565,1249,2024-12-31,2.7952087259391911e-18,2.7952087259391911e-18,-0.016320720256127935,0.015738020767808003
2025-10-01,2025-10-02,2025-10-03,funded_assets,EUR,0.98999999999999999,HS1250,ALL_EQUIVARIANT,6.5145017858162757e-05,0.0077885308941603171,0.0096218137956903642,-4.8342565119154166,0,0.0018332829015300471,1249,2024-12-31,2.7952087259391911e-18,2.7952087259391911e-18,-0.016320720256127935,0.015738020767808003
2025-10-01,2025-10-02,2025-10-03,funded_assets,USD,0.94999999999999996,HS1250,ALL_EQUIVARIANT,6.381661550070417e-05,0.0046109489728619205,0.0064908929255511512,-5.3269831138085397,0,0.0018799439526892307,1249,2024-12-31,2.7952087259391911e-18,2.7952087259391911e-18,-0.016158454111973426,0.015923185969558433
2025-10-01,2025-10-02,2025-10-03,funded_assets,USD,0.98999999999999999,HS1250,ALL_EQUIVARIANT,6.381661550070417e-05,0.0078228854250416632,0.0097602451463152454,-4.827932747176261,0,0.0019373597212735821,1249,2024-12-31,2.7952087259391911e-18,2.7952087259391911e-18,-0.016158454111973426,0.015923185969558433
2025-10-01,2025-10-02,2025-10-03,net_cashflows,EUR,0.94999999999999996,HS1250,ALL_EQUIVARIANT,-0.0011145321274177,0.0041112866773536762,0.0062469998617534902,-5.4175321712118265,0,0.002135713184399814,1249,2024-12-31,2.7952087259391911e-18,2.7952087259391911e-18,-0.0096193975908259732,0.019004998514900819
2025-10-01,2025-10-02,2025-10-03,net_cashflows,EUR,0.98999999999999999,HS1250,ALL_EQUIVARIANT,-0.0011145321274177,0.0073508162066396876,0.010592435468189047,-4.8536467004176211,0,0.0032416192615493597,1249,2024-12-31,2.7952087259391911e-18,2.7952087259391911e-18,-0.0096193975908259732,0.019004998514900819
2025-10-01,2025-10-02,2025-10-03,net_cashflows,USD,0.94999999999999996,HS1250,ALL_EQUIVARIANT,-0.0011179262809765001,0.0041090834307777177,0.006301235737812794,-5.4149019609103179,0,0.0021921523070350763,1249,2024-12-31,2.7952087259391911e-18,2.7952087259391911e-18,-0.0094276821489450192,0.019384877712828378
2025-10-01,2025-10-02,2025-10-03,net_cashflows,USD,0.98999999999999999,HS1250,ALL_EQUIVARIANT,-0.0011179262809765001,0.0073528932438961161,0.010729565887368958,-4.8494594747437283,0,0.0033766726434728417,1249,2024-12-31,2.7952087259391911e-18,2.7952087259391911e-18,-0.0094276821489450192,0.019384877712828378
2025-10-01,2025-10-02,2025-10-03,funded_assets,EUR,0.94999999999999996,EWMA_GAUSS,ALL_EQUIVARIANT,6.5145017858162757e-05,0.002573820898370216,0.0032396220493356213,-5.9378167638073709,0,0.00066580115096540526,262144,2024-12-31,2.9290399316053706e-18,2.9290399316053706e-18,-0.007720681602305185,0.0067289591160283602
2025-10-01,2025-10-02,2025-10-03,funded_assets,EUR,0.98999999999999999,EWMA_GAUSS,ALL_EQUIVARIANT,6.5145017858162757e-05,0.0036498667370004345,0.0041849617177800837,-5.6041191026373838,0,0.00053509498077964918,262144,2024-12-31,2.9290399316053706e-18,2.9290399316053706e-18,-0.007720681602305185,0.0067289591160283602
2025-10-01,2025-10-02,2025-10-03,funded_assets,USD,0.94999999999999996,EWMA_GAUSS,ALL_EQUIVARIANT,6.381661550070417e-05,0.0025837616544264197,0.0032576462087984246,-5.9336127788961672,0,0.00067388455437200493,262144,2024-12-31,2.9290399316053706e-18,2.9290399316053706e-18,-0.0076338206136822217,0.0068017611115656585
2025-10-01,2025-10-02,2025-10-03,funded_assets,USD,0.98999999999999999,EWMA_GAUSS,ALL_EQUIVARIANT,6.381661550070417e-05,0.0036733400423821258,0.0042141604485251075,-5.5976389696889894,0,0.00054082040614298168,262144,2024-12-31,2.9290399316053706e-18,2.9290399316053706e-18,-0.0076338206136822217,0.0068017611115656585
2025-10-01,2025-10-02,2025-10-03,net_cashflows,EUR,0.94999999999999996,EWMA_GAUSS,ALL_EQUIVARIANT,-0.0011145321274177,0.0028538674541519152,0.0035782609998125932,-5.8353212541547492,0,0.00072439354566067793,262144,2024-12-31,2.9290399316053706e-18,2.9290399316053706e-18,-0.00809137409545343,0.0080403564194627929
2025-10-01,2025-10-02,2025-10-03,net_cashflows,EUR,0.98999999999999999,EWMA_GAUSS,ALL_EQUIVARIANT,-0.0011145321274177,0.0040276919212907988,0.0046200392589097403,-5.5055646962669158,0,0.0005923473376189415,262144,2024-12-31,2.9290399316053706e-18,2.9290399316053706e-18,-0.00809137409545343,0.0080403564194627929
2025-10-01,2025-10-02,2025-10-03,net_cashflows,USD,0.94999999999999996,EWMA_GAUSS,ALL_EQUIVARIANT,-0.0011179262809765001,0.002868323668856713,0.0036025759536048156,-5.829919277724728,0,0.00073425228474810261,262144,2024-12-31,2.9290399316053706e-18,2.9290399316053706e-18,-0.0079972754104620652,0.0081759122046270137
2025-10-01,2025-10-02,2025-10-03,net_cashflows,USD,0.98999999999999999,EWMA_GAUSS,ALL_EQUIVARIANT,-0.0011179262809765001,0.0040562930754223028,0.0046600061994896873,-5.4982905006783875,0,0.00060371312406738448,262144,2024-12-31,2.9290399316053706e-18,2.9290399316053706e-18,-0.0079972754104620652,0.0081759122046270137
2025-10-01,2025-10-02,2025-10-03,funded_assets,EUR,0.94999999999999996,EWMA_SELFNORMALIZED,ALL_EQUIVARIANT,6.5145017858162757e-05,0.0025980078594741718,0.0032852783820962023,-5.9275009301229957,0,0.00068727052262203053,262144,2024-12-31,2.7105054312137611e-18,2.7105054312137611e-18,-0.0063158373840327964,0.0064330899987339041
2025-10-01,2025-10-02,2025-10-03,funded_assets,EUR,0.98999999999999999,EWMA_SELFNORMALIZED,ALL_EQUIVARIANT,6.5145017858162757e-05,0.0037206100956493071,0.0042683821168742692,-5.5848528891820033,0,0.00054777202122496208,262144,2024-12-31,2.7105054312137611e-18,2.7105054312137611e-18,-0.0063158373840327964,0.0064330899987339041
2025-10-01,2025-10-02,2025-10-03,funded_assets,USD,0.94999999999999996,EWMA_SELFNORMALIZED,ALL_EQUIVARIANT,6.381661550070417e-05,0.0026088445643553263,0.0033035000901558706,-5.9230513851372342,0,0.00069465552580054435,262144,2024-12-31,2.7105054312137611e-18,2.7105054312137611e-18,-0.0062865861614005477,0.0064927539328624977
2025-10-01,2025-10-02,2025-10-03,funded_assets,USD,0.98999999999999999,EWMA_SELFNORMALIZED,ALL_EQUIVARIANT,6.381661550070417e-05,0.0037427574470887213,0.0042982583746929651,-5.5787839751060506,0,0.00055550092760424385,262144,2024-12-31,2.7105054312137611e-18,2.7105054312137611e-18,-0.0062865861614005477,0.0064927539328624977
2025-10-01,2025-10-02,2025-10-03,net_cashflows,EUR,0.94999999999999996,EWMA_SELFNORMALIZED,ALL_EQUIVARIANT,-0.0011145321274177,0.0028708071285193817,0.0036402903505772738,-5.8270714624057351,0,0.0007694832220578921,262144,2024-12-31,2.7105054312137611e-18,2.7105054312137611e-18,-0.0070279641706014421,0.0070097538563620564
2025-10-01,2025-10-02,2025-10-03,net_cashflows,EUR,0.98999999999999999,EWMA_SELFNORMALIZED,ALL_EQUIVARIANT,-0.0011145321274177,0.0041288142392215225,0.0047296058759046375,-5.4809412481344255,0,0.00060079163668311491,262144,2024-12-31,2.7105054312137611e-18,2.7105054312137611e-18,-0.0070279641706014421,0.0070097538563620564
2025-10-01,2025-10-02,2025-10-03,net_cashflows,USD,0.94999999999999996,EWMA_SELFNORMALIZED,ALL_EQUIVARIANT,-0.0011179262809765001,0.0028858648376078842,0.0036655126683637651,-5.8214852395844243,0,0.00077964783075588082,262144,2024-12-31,2.7105054312137611e-18,2.7105054312137611e-18,-0.0069858191720641675,0.0070896216850339653
2025-10-01,2025-10-02,2025-10-03,net_cashflows,USD,0.98999999999999999,EWMA_SELFNORMALIZED,ALL_EQUIVARIANT,-0.0011179262809765001,0.0041623934689088886,0.0047714148712590995,-5.4727519819039827,0,0.00060902140235021083,262144,2024-12-31,2.7105054312137611e-18,2.7105054312137611e-18,-0.0069858191720641675,0.0070896216850339653
2025-10-01,2025-10-02,2025-10-03,funded_assets,EUR,0.94999999999999996,IN_FHS1250,EUR,6.5145017858162757e-05,0.0034445737530172382,0.0046069460997149791,-5.6324987418033015,0,0.0011623723466977409,1249,2024-12-31,2.0557489629861869e-18,2.0557489629861869e-18,-0.0087778042379766108,0.01076134477796889
2025-10-01,2025-10-02,2025-10-03,funded_assets,EUR,0.98999999999999999,IN_FHS1250,EUR,6.5145017858162757e-05,0.0051726171373184804,0.0063509906120578158,-5.244686157434332,0,0.0011783734747393354,1249,2024-12-31,2.0557489629861869e-18,2.0557489629861869e-18,-0.0087778042379766108,0.01076134477796889
2025-10-01,2025-10-02,2025-10-03,funded_assets,USD,0.94999999999999996,IN_FHS1250,EUR,6.381661550070417e-05,0.0034654215163555427,0.004631472336269947,-5.6266472299665047,0,0.0011660508199144042,1249,2024-12-31,2.0557489629861869e-18,2.0557489629861869e-18,-0.0087234761701786671,0.010869438307039738
2025-10-01,2025-10-02,2025-10-03,funded_assets,USD,0.98999999999999999,IN_FHS1250,EUR,6.381661550070417e-05,0.0052128616027064239,0.0064101410235733363,-5.236652959470721,0,0.0011972794208669124,1249,2024-12-31,2.0557489629861869e-18,2.0557489629861869e-18,-0.0087234761701786671,0.010869438307039738
2025-10-01,2025-10-02,2025-10-03,net_cashflows,EUR,0.94999999999999996,IN_FHS1250,EUR,-0.0011145321274177,0.0031563826650679917,0.0044106200958808749,-5.7081075834802117,0,0.0012542374308128833,1249,2024-12-31,2.0557489629861869e-18,2.0557489629861869e-18,-0.0064316381742661856,0.011118855466798215
2025-10-01,2025-10-02,2025-10-03,net_cashflows,EUR,0.98999999999999999,IN_FHS1250,EUR,-0.0011145321274177,0.004871487597707746,0.0065910997280424332,-5.2829341878215912,0,0.0017196121303346872,1249,2024-12-31,2.0557489629861869e-18,2.0557489629861869e-18,-0.0064316381742661856,0.011118855466798215
2025-10-01,2025-10-02,2025-10-03,net_cashflows,USD,0.94999999999999996,IN_FHS1250,EUR,-0.0011179262809765001,0.0031641625499727495,0.0044437000138544472,-5.7042120722387804,0,0.0012795374638816977,1249,2024-12-31,2.0557489629861869e-18,2.0557489629861869e-18,-0.0063383070275320136,0.011405138070239967
2025-10-01,2025-10-02,2025-10-03,net_cashflows,USD,0.98999999999999999,IN_FHS1250,EUR,-0.0011179262809765001,0.0048779847502499751,0.0066718359060000763,-5.2787294046315942,0,0.0017938511557501011,1249,2024-12-31,2.0557489629861869e-18,2.0557489629861869e-18,-0.0063383070275320136,0.011405138070239967
2025-10-01,2025-10-02,2025-10-03,funded_assets,EUR,0.94999999999999996,IN_TCOP1250,EUR,6.5145017858162757e-05,0.0035681128984063615,0.0047021202207119467,-5.6009111207779991,0,0.0011340073223055852,262144,2024-12-31,3.9166803481038848e-18,3.9166803481038848e-18,-0.011424729864524086,0.012238293947238688
2025-10-01,2025-10-02,2025-10-03,funded_assets,EUR,0.98999999999999999,IN_TCOP1250,EUR,6.5145017858162757e-05,0.0053957960503143443,0.0064669195344037676,-5.2066865745472999,0,0.0010711234840894233,262144,2024-12-31,3.9166803481038848e-18,3.9166803481038848e-18,-0.011424729864524086,0.012238293947238688
2025-10-01,2025-10-02,2025-10-03,funded_assets,USD,0.94999999999999996,IN_TCOP1250,EUR,6.381661550070417e-05,0.003585647319537138,0.0047386724701805067,-5.5953206504771682,0,0.0011530251506433687,262144,2024-12-31,3.9166803481038848e-18,3.9166803481038848e-18,-0.011349242700273012,0.012578369964957491
2025-10-01,2025-10-02,2025-10-03,funded_assets,USD,0.98999999999999999,IN_TCOP1250,EUR,6.381661550070417e-05,0.0054463240483327647,0.0065390084287644448,-5.1970721992675664,0,0.0010926843804316801,262144,2024-12-31,3.9166803481038848e-18,3.9166803481038848e-18,-0.011349242700273012,0.012578369964957491
2025-10-01,2025-10-02,2025-10-03,net_cashflows,EUR,0.94999999999999996,IN_TCOP1250,EUR,-0.0011145321274177,0.0028202278692800232,0.0038453343355881499,-5.8274792095940935,0,0.0010251064663081267,262144,2024-12-31,3.9166803481038848e-18,3.9166803481038848e-18,-0.012118654107263727,0.012279369854224375
2025-10-01,2025-10-02,2025-10-03,net_cashflows,EUR,0.98999999999999999,IN_TCOP1250,EUR,-0.0011145321274177,0.0044699818956618342,0.0054942249684565231,-5.3904795012706641,0,0.0010242430727946889,262144,2024-12-31,3.9166803481038848e-18,3.9166803481038848e-18,-0.012118654107263727,0.012279369854224375
2025-10-01,2025-10-02,2025-10-03,net_cashflows,USD,0.94999999999999996,IN_TCOP1250,EUR,-0.0011179262809765001,0.0028322454888136187,0.0038699556700227365,-5.8226574640108728,0,0.0010377101812091179,262144,2024-12-31,3.9166803481038848e-18,3.9166803481038848e-18,-0.011895893305001235,0.012626409288576916
2025-10-01,2025-10-02,2025-10-03,net_cashflows,USD,0.98999999999999999,IN_TCOP1250,EUR,-0.0011179262809765001,0.004496001558932399,0.005545508986724121,-5.3840204502207438,0,0.0010495074277917221,262144,2024-12-31,3.9166803481038848e-18,3.9166803481038848e-18,-0.011895893305001235,0.012626409288576916
2025-10-01,2025-10-02,2025-10-03,funded_assets,EUR,0.94999999999999996,IN_FHS1250,USD,6.5145017858162757e-05,0.004533411616181815,0.0059051471782120731,-5.3642258034063994,0,0.0013717355620302581,1249,2024-12-31,3.1865379475706779e-18,3.1865379475706779e-18,-0.010649871642851555,0.014453854932853949
2025-10-01,2025-10-02,2025-10-03,funded_assets,EUR,0.98999999999999999,IN_FHS1250,USD,6.5145017858162757e-05,0.0067179956590435186,0.008150582316383697,-4.9854308500055868,0,0.0014325866573401784,1249,2024-12-31,3.1865379475706779e-18,3.1865379475706779e-18,-0.010649871642851555,0.014453854932853949
2025-10-01,2025-10-02,2025-10-03,funded_assets,USD,0.94999999999999996,IN_FHS1250,USD,6.381661550070417e-05,0.0045398427330657267,0.005934632114254052,-5.3619756545998749,0,0.0013947893811883253,1249,2024-12-31,3.1865379475706779e-18,3.1865379475706779e-18,-0.010581626610739244,0.014601177599490903
2025-10-01,2025-10-02,2025-10-03,funded_assets,USD,0.98999999999999999,IN_FHS1250,USD,6.381661550070417e-05,0.0067693391718244714,0.0082203777074370595,-4.9776563795213242,0,0.0014510385356125881,1249,2024-12-31,3.1865379475706779e-18,3.1865379475706779e-18,-0.010581626610739244,0.014601177599490903
2025-10-01,2025-10-02,2025-10-03,net_cashflows,EUR,0.94999999999999996,IN_FHS1250,USD,-0.0011145321274177,0.0035818161875222684,0.0047607538747289537,-5.5949860109637592,0,0.0011789376872066853,1249,2024-12-31,3.1865379475706779e-18,3.1865379475706779e-18,-0.0063483958153759176,0.0080880527012453969
2025-10-01,2025-10-02,2025-10-03,net_cashflows,EUR,0.98999999999999999,IN_FHS1250,USD,-0.0011145321274177,0.0053577162102957827,0.00623155269564208,-5.2183574778322059,0,0.00087383648534629724,1249,2024-12-31,3.1865379475706779e-18,3.1865379475706779e-18,-0.0063483958153759176,0.0080880527012453969
2025-10-01,2025-10-02,2025-10-03,net_cashflows,USD,0.94999999999999996,IN_FHS1250,USD,-0.0011179262809765001,0.0035835287456142412,0.004792327196655983,-5.5929753511220657,0,0.0012087984510417418,1249,2024-12-31,3.1865379475706779e-18,3.1865379475706779e-18,-0.006302798463257063,0.0083058707453581918
2025-10-01,2025-10-02,2025-10-03,net_cashflows,USD,0.98999999999999999,IN_FHS1250,USD,-0.0011179262809765001,0.0054038076066018799,0.0062790504010503253,-5.2099274689954367,0,0.00087524279444844543,1249,2024-12-31,3.1865379475706779e-18,3.1865379475706779e-18,-0.006302798463257063,0.0083058707453581918
2025-10-01,2025-10-02,2025-10-03,funded_assets,EUR,0.94999999999999996,IN_TCOP1250,USD,6.5145017858162757e-05,0.004644600790697534,0.006272873684252141,-5.3310943844407026,0,0.0016282728935546071,262144,2024-12-31,4.4858864886587746e-18,4.4858864886587746e-18,-0.01936663041836395,0.021292247102746492
2025-10-01,2025-10-02,2025-10-03,funded_assets,EUR,0.98999999999999999,IN_TCOP1250,USD,6.5145017858162757e-05,0.0072816663063001441,0.0089492050926975319,-4.9025242994380447,0,0.0016675387863973878,262144,2024-12-31,4.4858864886587746e-18,4.4858864886587746e-18,-0.01936663041836395,0.021292247102746492
2025-10-01,2025-10-02,2025-10-03,funded_assets,USD,0.94999999999999996,IN_TCOP1250,USD,6.381661550070417e-05,0.0046649737005564603,0.0063198478117387795,-5.3259136265672016,0,0.0016548741111823192,262144,2024-12-31,4.4858864886587746e-18,4.4858864886587746e-18,-0.018936162205842731,0.021571384155254766
2025-10-01,2025-10-02,2025-10-03,funded_assets,USD,0.98999999999999999,IN_TCOP1250,USD,6.381661550070417e-05,0.0073404342443426198,0.0090441955130524214,-4.8940138447214396,0,0.0017037612687098016,262144,2024-12-31,4.4858864886587746e-18,4.4858864886587746e-18,-0.018936162205842731,0.021571384155254766
2025-10-01,2025-10-02,2025-10-03,net_cashflows,EUR,0.94999999999999996,IN_TCOP1250,USD,-0.0011145321274177,0.0033962886845748889,0.0045525447220922319,-5.646049082907405,0,0.001156256037517343,262144,2024-12-31,4.4858864886587746e-18,4.4858864886587746e-18,-0.0093755220906037388,0.010145735654615518
2025-10-01,2025-10-02,2025-10-03,net_cashflows,EUR,0.98999999999999999,IN_TCOP1250,USD,-0.0011145321274177,0.0053253165921633089,0.0062198601665913395,-5.2238283819293159,0,0.00089454357442803056,262144,2024-12-31,4.4858864886587746e-18,4.4858864886587746e-18,-0.0093755220906037388,0.010145735654615518
2025-10-01,2025-10-02,2025-10-03,net_cashflows,USD,0.94999999999999996,IN_TCOP1250,USD,-0.0011179262809765001,0.0034075107590076517,0.0045754954728026709,-5.6423098455434397,0,0.0011679847137950191,262144,2024-12-31,4.4858864886587746e-18,4.4858864886587746e-18,-0.0094913327207310459,0.010188276529779008
2025-10-01,2025-10-02,2025-10-03,net_cashflows,USD,0.98999999999999999,IN_TCOP1250,USD,-0.0011179262809765001,0.0053579514346788135,0.0062636170323717918,-5.2175889305875547,0,0.00090566559769297839,262144,2024-12-31,4.4858864886587746e-18,4.4858864886587746e-18,-0.0094913327207310459,0.010188276529779008
2025-10-01,2025-10-02,2025-10-03,funded_assets,EUR,0.94999999999999996,IN_FHS1250,GBP,6.5145017858162757e-05,0.0035958858538483462,0.0048702371193110449,-5.5862736841957972,0,0.0012743512654626987,1249,2024-12-31,2.1565458837094487e-18,2.1565458837094487e-18,-0.0095293748388641519,0.013073617368152851
2025-10-01,2025-10-02,2025-10-03,funded_assets,EUR,0.98999999999999999,IN_FHS1250,GBP,6.5145017858162757e-05,0.0056225719966239707,0.006962400549660611,-5.1596686869544151,0,0.0013398285530366403,1249,2024-12-31,2.1565458837094487e-18,2.1565458837094487e-18,-0.0095293748388641519,0.013073617368152851
2025-10-01,2025-10-02,2025-10-03,funded_assets,USD,0.94999999999999996,IN_FHS1250,GBP,6.381661550070417e-05,0.0036026474320929808,0.0048913846222117599,-5.5837506966263257,0,0.0012887371901187791,1249,2024-12-31,2.1565458837094487e-18,2.1565458837094487e-18,-0.0094047944438153345,0.013348156774893403
2025-10-01,2025-10-02,2025-10-03,funded_assets,USD,0.98999999999999999,IN_FHS1250,GBP,6.381661550070417e-05,0.0055366211956604048,0.0070126518039007541,-5.1705204525728083,0,0.0014760306082403493,1249,2024-12-31,2.1565458837094487e-18,2.1565458837094487e-18,-0.0094047944438153345,0.013348156774893403
2025-10-01,2025-10-02,2025-10-03,net_cashflows,EUR,0.94999999999999996,IN_FHS1250,GBP,-0.0011145321274177,0.0033944250707599877,0.0047195437037162455,-5.636815773197922,0,0.0013251186329562578,1249,2024-12-31,2.1565458837094487e-18,2.1565458837094487e-18,-0.0075077588244431897,0.008830112004624701
2025-10-01,2025-10-02,2025-10-03,net_cashflows,EUR,0.98999999999999999,IN_FHS1250,GBP,-0.0011145321274177,0.005374803487948587,0.0067144356304310723,-5.2030107246720716,0,0.0013396321424824853,1249,2024-12-31,2.1565458837094487e-18,2.1565458837094487e-18,-0.0075077588244431897,0.008830112004624701
2025-10-01,2025-10-02,2025-10-03,net_cashflows,USD,0.94999999999999996,IN_FHS1250,GBP,-0.0011179262809765001,0.0033978497172166486,0.0047501644401277575,-5.6342640233570034,0,0.0013523147229111089,1249,2024-12-31,2.1565458837094487e-18,2.1565458837094487e-18,-0.0075014177764262859,0.0089314434417140081
2025-10-01,2025-10-02,2025-10-03,net_cashflows,USD,0.98999999999999999,IN_FHS1250,GBP,-0.0011179262809765001,0.0053921320134005368,0.0067905618301282861,-5.1981588746832639,0,0.0013984298167277493,1249,2024-12-31,2.1565458837094487e-18,2.1565458837094487e-18,-0.0075014177764262859,0.0089314434417140081
2025-10-01,2025-10-02,2025-10-03,funded_assets,EUR,0.94999999999999996,IN_TCOP1250,GBP,6.5145017858162757e-05,0.0036888090539611285,0.0050917574208517767,-5.5556654683642286,0,0.0014029483668906483,262144,2024-12-31,4.2317766044824845e-18,4.2317766044824845e-18,-0.017328090503104077,0.018104380949415133
2025-10-01,2025-10-02,2025-10-03,funded_assets,EUR,0.98999999999999999,IN_TCOP1250,GBP,6.5145017858162757e-05,0.0059106111495237645,0.0074030003533304863,-5.1074623882170389,0,0.0014923892038067217,262144,2024-12-31,4.2317766044824845e-18,4.2317766044824845e-18,-0.017328090503104077,0.018104380949415133
2025-10-01,2025-10-02,2025-10-03,funded_assets,USD,0.94999999999999996,IN_TCOP1250,GBP,6.381661550070417e-05,0.0037034374930461707,0.0051242340592868273,-5.5510442537830098,0,0.0014207965662406566,262144,2024-12-31,4.2317766044824845e-18,4.2317766044824845e-18,-0.01680416085733933,0.018394645399769375
2025-10-01,2025-10-02,2025-10-03,funded_assets,USD,0.98999999999999999,IN_TCOP1250,GBP,6.381661550070417e-05,0.0059543350823909047,0.0074738877235597904,-5.0996548577294192,0,0.0015195526411688857,262144,2024-12-31,4.2317766044824845e-18,4.2317766044824845e-18,-0.01680416085733933,0.018394645399769375
2025-10-01,2025-10-02,2025-10-03,net_cashflows,EUR,0.94999999999999996,IN_TCOP1250,GBP,-0.0011145321274177,0.0029833507565089844,0.0041341075701191166,-5.766840563252325,0,0.0011507568136101321,262144,2024-12-31,4.2317766044824845e-18,4.2317766044824845e-18,-0.013084975151335099,0.0117032072872986
2025-10-01,2025-10-02,2025-10-03,net_cashflows,EUR,0.98999999999999999,IN_TCOP1250,GBP,-0.0011145321274177,0.0048448698112625761,0.0059949606052924131,-5.308678989495637,0,0.001150090794029837,262144,2024-12-31,4.2317766044824845e-18,4.2317766044824845e-18,-0.013084975151335099,0.0117032072872986
2025-10-01,2025-10-02,2025-10-03,net_cashflows,USD,0.94999999999999996,IN_TCOP1250,GBP,-0.0011179262809765001,0.0029900175493632708,0.0041535251941509522,-5.7639231979486887,0,0.0011635076447876814,262144,2024-12-31,4.2317766044824845e-18,4.2317766044824845e-18,-0.01264757814556423,0.011892986763078336
2025-10-01,2025-10-02,2025-10-03,net_cashflows,USD,0.98999999999999999,IN_TCOP1250,GBP,-0.0011179262809765001,0.0048723749594430446,0.0060375175394019528,-5.3027460725522557,0,0.0011651425799589082,262144,2024-12-31,4.2317766044824845e-18,4.2317766044824845e-18,-0.01264757814556423,0.011892986763078336
2025-10-01,2025-10-02,2025-10-03,funded_assets,EUR,0.94999999999999996,IN_FHS1250,JPY,6.5145017858162757e-05,0.0032922467864010541,0.0043924583377059553,-5.678343624473241,0,0.0011002115513049013,1249,2024-12-31,2.7477748808929503e-18,2.7477748808929503e-18,-0.008458826536023839,0.013092308962165289
2025-10-01,2025-10-02,2025-10-03,funded_assets,EUR,0.98999999999999999,IN_FHS1250,JPY,6.5145017858162757e-05,0.0046842344085266663,0.0065946249250416079,-5.3111893999002628,0,0.0019103905165149416,1249,2024-12-31,2.7477748808929503e-18,2.7477748808929503e-18,-0.008458826536023839,0.013092308962165289
2025-10-01,2025-10-02,2025-10-03,funded_assets,USD,0.94999999999999996,IN_FHS1250,JPY,6.381661550070417e-05,0.0032903288465174142,0.0044183822531656059,-5.6772908035198331,0,0.0011280534066481916,1249,2024-12-31,2.7477748808929503e-18,2.7477748808929503e-18,-0.0082964744498183422,0.013197652582298609
2025-10-01,2025-10-02,2025-10-03,funded_assets,USD,0.98999999999999999,IN_FHS1250,JPY,6.381661550070417e-05,0.0046797755652015008,0.0066583708083636332,-5.3090395126225394,0,0.0019785952431621324,1249,2024-12-31,2.7477748808929503e-18,2.7477748808929503e-18,-0.0082964744498183422,0.013197652582298609
2025-10-01,2025-10-02,2025-10-03,net_cashflows,EUR,0.94999999999999996,IN_FHS1250,JPY,-0.0011145321274177,0.0035739284823051668,0.004690329376736432,-5.6002743234746513,0,0.0011164008944312652,1249,2024-12-31,2.7477748808929503e-18,2.7477748808929503e-18,-0.006823403410984908,0.007124887819120262
2025-10-01,2025-10-02,2025-10-03,net_cashflows,EUR,0.98999999999999999,IN_FHS1250,JPY,-0.0011145321274177,0.0052490705746949043,0.0060426926591280131,-5.2402413966202328,0,0.00079362208443310885,1249,2024-12-31,2.7477748808929503e-18,2.7477748808929503e-18,-0.006823403410984908,0.007124887819120262
2025-10-01,2025-10-02,2025-10-03,net_cashflows,USD,0.94999999999999996,IN_FHS1250,JPY,-0.0011179262809765001,0.0035796749142709282,0.0047251815434902313,-5.5972752478487786,0,0.0011455066292193031,1249,2024-12-31,2.7477748808929503e-18,2.7477748808929503e-18,-0.0067336730198638978,0.0072528941653325907
2025-10-01,2025-10-02,2025-10-03,net_cashflows,USD,0.98999999999999999,IN_FHS1250,JPY,-0.0011179262809765001,0.005354107109989739,0.0060950641652988908,-5.2218427244134746,0,0.00074095705530915178,1249,2024-12-31,2.7477748808929503e-18,2.7477748808929503e-18,-0.0067336730198638978,0.0072528941653325907
2025-10-01,2025-10-02,2025-10-03,funded_assets,EUR,0.94999999999999996,IN_TCOP1250,JPY,6.5145017858162757e-05,0.0034706089150960684,0.0047926736433383469,-5.6165180414853859,0,0.0013220647282422785,262144,2024-12-31,3.7608262858090935e-18,3.7608262858090935e-18,-0.021522416601062994,0.019227423048270464
2025-10-01,2025-10-02,2025-10-03,funded_assets,EUR,0.98999999999999999,IN_TCOP1250,JPY,6.5145017858162757e-05,0.005543413655760554,0.0070214746772734333,-5.1692877975563212,0,0.0014780610215128793,262144,2024-12-31,3.7608262858090935e-18,3.7608262858090935e-18,-0.021522416601062994,0.019227423048270464
2025-10-01,2025-10-02,2025-10-03,funded_assets,USD,0.94999999999999996,IN_TCOP1250,JPY,6.381661550070417e-05,0.0034855303377859044,0.0048290960125452267,-5.6113190094418011,0,0.0013435656747593223,262144,2024-12-31,3.7608262858090935e-18,3.7608262858090935e-18,-0.020761775118439938,0.019636934091525757
2025-10-01,2025-10-02,2025-10-03,funded_assets,USD,0.98999999999999999,IN_TCOP1250,JPY,6.381661550070417e-05,0.0055919083112451742,0.0071033258401651013,-5.1599682144245769,0,0.0015114175289199271,262144,2024-12-31,3.7608262858090935e-18,3.7608262858090935e-18,-0.020761775118439938,0.019636934091525757
2025-10-01,2025-10-02,2025-10-03,net_cashflows,EUR,0.94999999999999996,IN_TCOP1250,JPY,-0.0011145321274177,0.0034645355986730022,0.0045602955488602288,-5.6306505053763907,0,0.0010957599501872266,262144,2024-12-31,3.7608262858090935e-18,3.7608262858090935e-18,-0.010829831546346081,0.011287618660679621
2025-10-01,2025-10-02,2025-10-03,net_cashflows,EUR,0.98999999999999999,IN_TCOP1250,JPY,-0.0011145321274177,0.0052544334119478901,0.0061072793099982607,-5.2379180512072745,0,0.00085284589805037069,262144,2024-12-31,3.7608262858090935e-18,3.7608262858090935e-18,-0.010829831546346081,0.011287618660679621
2025-10-01,2025-10-02,2025-10-03,net_cashflows,USD,0.94999999999999996,IN_TCOP1250,JPY,-0.0011179262809765001,0.0034819250137945582,0.004593296842018384,-5.6251123969004357,0,0.0011113718282238258,262144,2024-12-31,3.7608262858090935e-18,3.7608262858090935e-18,-0.01070911955430162,0.011367724726195638
2025-10-01,2025-10-02,2025-10-03,net_cashflows,USD,0.98999999999999999,IN_TCOP1250,JPY,-0.0011179262809765001,0.0052956788343058838,0.0061666466627409294,-5.2298385638444618,0,0.00087096782843504566,262144,2024-12-31,3.7608262858090935e-18,3.7608262858090935e-18,-0.01070911955430162,0.011367724726195638
2025-10-01,2025-10-02,2025-10-03,funded_assets,EUR,0.94999999999999996,IN_FHS1250,CHF,6.5145017858162757e-05,0.0033803699551149535,0.0042894596263329619,-5.6635302251559025,0,0.00090908967121800834,1249,2024-12-31,1.7347234759768071e-18,1.7347234759768071e-18,-0.0097622092107838288,0.0073704166612919009
2025-10-01,2025-10-02,2025-10-03,funded_assets,EUR,0.98999999999999999,IN_FHS1250,CHF,6.5145017858162757e-05,0.0049056659868237373,0.0057300727984189613,-5.3059007499763169,0,0.00082440681159522394,1249,2024-12-31,1.7347234759768071e-18,1.7347234759768071e-18,-0.0097622092107838288,0.0073704166612919009
2025-10-01,2025-10-02,2025-10-03,funded_assets,USD,0.94999999999999996,IN_FHS1250,CHF,6.381661550070417e-05,0.003388624038402776,0.0043107186239962547,-5.6605580483036224,0,0.00092209458559347869,1249,2024-12-31,1.7347234759768071e-18,1.7347234759768071e-18,-0.0096895905124629589,0.0075111280517524076
2025-10-01,2025-10-02,2025-10-03,funded_assets,USD,0.98999999999999999,IN_FHS1250,CHF,6.381661550070417e-05,0.004936635519422387,0.0057734837862574639,-5.2994264511547184,0,0.00083684826683507688,1249,2024-12-31,1.7347234759768071e-18,1.7347234759768071e-18,-0.0096895905124629589,0.0075111280517524076
2025-10-01,2025-10-02,2025-10-03,net_cashflows,EUR,0.94999999999999996,IN_FHS1250,CHF,-0.0011145321274177,0.0033315639148063349,0.0048152552041128786,-5.6440893184003702,0,0.0014836912893065437,1249,2024-12-31,1.7347234759768071e-18,1.7347234759768071e-18,-0.0068565216385990781,0.011540839476499934
2025-10-01,2025-10-02,2025-10-03,net_cashflows,EUR,0.98999999999999999,IN_FHS1250,CHF,-0.0011145321274177,0.0053604031010704208,0.0070706650975497672,-5.1936820770822072,0,0.0017102619964793463,1249,2024-12-31,1.7347234759768071e-18,1.7347234759768071e-18,-0.0068565216385990781,0.011540839476499934
2025-10-01,2025-10-02,2025-10-03,net_cashflows,USD,0.94999999999999996,IN_FHS1250,CHF,-0.0011179262809765001,0.0034019823631721369,0.0048496764965191286,-5.62735682512327,0,0.0014476941333469917,1249,2024-12-31,1.7347234759768071e-18,1.7347234759768071e-18,-0.006812687113511579,0.011789960203811685
2025-10-01,2025-10-02,2025-10-03,net_cashflows,USD,0.98999999999999999,IN_FHS1250,CHF,-0.0011179262809765001,0.0053530354020180403,0.0071368166231137956,-5.1924291921853447,0,0.0017837812210957553,1249,2024-12-31,1.7347234759768071e-18,1.7347234759768071e-18,-0.006812687113511579,0.011789960203811685
2025-10-01,2025-10-02,2025-10-03,funded_assets,EUR,0.94999999999999996,IN_TCOP1250,CHF,6.5145017858162757e-05,0.0035491319435039526,0.0046980526053878703,-5.6051597277836764,0,0.0011489206618839178,262144,2024-12-31,3.6930636500287495e-18,3.6930636500287495e-18,-0.014783893070709625,0.015099102442851037
2025-10-01,2025-10-02,2025-10-03,funded_assets,EUR,0.98999999999999999,IN_TCOP1250,CHF,6.5145017858162757e-05,0.0053821303396356379,0.0065008469105138009,-5.2079106363189203,0,0.001118716570878163,262144,2024-12-31,3.6930636500287495e-18,3.6930636500287495e-18,-0.014783893070709625,0.015099102442851037
2025-10-01,2025-10-02,2025-10-03,funded_assets,USD,0.94999999999999996,IN_TCOP1250,CHF,6.381661550070417e-05,0.003562813909087764,0.0047289198549883161,-5.6006488011264679,0,0.0011661059459005521,262144,2024-12-31,3.6930636500287495e-18,3.6930636500287495e-18,-0.014382065808656691,0.015322549031743625
2025-10-01,2025-10-02,2025-10-03,funded_assets,USD,0.98999999999999999,IN_TCOP1250,CHF,6.381661550070417e-05,0.0054210243363942579,0.0065643099745951042,-5.2002748016111786,0,0.0011432856382008463,262144,2024-12-31,3.6930636500287495e-18,3.6930636500287495e-18,-0.014382065808656691,0.015322549031743625
2025-10-01,2025-10-02,2025-10-03,net_cashflows,EUR,0.94999999999999996,IN_TCOP1250,CHF,-0.0011145321274177,0.0030913249574961556,0.0042650887384862377,-5.7324949555670335,0,0.001173763780990082,262144,2024-12-31,3.6930636500287495e-18,3.6930636500287495e-18,-0.011265909014146824,0.01310772173572039
2025-10-01,2025-10-02,2025-10-03,net_cashflows,EUR,0.98999999999999999,IN_TCOP1250,CHF,-0.0011145321274177,0.0049918792400695184,0.006118442708560606,-5.2805735248939856,0,0.0011265634684910876,262144,2024-12-31,3.6930636500287495e-18,3.6930636500287495e-18,-0.011265909014146824,0.01310772173572039
2025-10-01,2025-10-02,2025-10-03,net_cashflows,USD,0.94999999999999996,IN_TCOP1250,CHF,-0.0011179262809765001,0.003104609711131137,0.0042922401300954094,-5.727638953142546,0,0.0011876304189642724,262144,2024-12-31,3.6930636500287495e-18,3.6930636500287495e-18,-0.011108494314173576,0.013287753476226018
2025-10-01,2025-10-02,2025-10-03,net_cashflows,USD,0.98999999999999999,IN_TCOP1250,CHF,-0.0011179262809765001,0.005035943716072161,0.0061716874685153258,-5.2718078152192396,0,0.0011357437524431649,262144,2024-12-31,3.6930636500287495e-18,3.6930636500287495e-18,-0.011108494314173576,0.013287753476226018
2025-10-01,2025-10-02,2025-10-03,funded_assets,EUR,0.94999999999999996,IN_FHS_REF_POOL,ALL_FIVE,6.5145017858162757e-05,0.0036091321004726173,0.0048745197127783562,-5.5833259646934836,0,0.0012653876123057389,6245,2024-12-31,0,0,-0.010649871642851555,0.014453854932853949
2025-10-01,2025-10-02,2025-10-03,funded_assets,EUR,0.98999999999999999,IN_FHS_REF_POOL,ALL_FIVE,6.5145017858162757e-05,0.0055518923818028698,0.0069996274056176042,-5.1687286573440954,0,0.0014477350238147344,6245,2024-12-31,0,0,-0.010649871642851555,0.014453854932853949
2025-10-01,2025-10-02,2025-10-03,funded_assets,USD,0.94999999999999996,IN_FHS_REF_POOL,ALL_FIVE,6.381661550070417e-05,0.0036087088504342378,0.0048997574713478655,-5.5820619228478057,0,0.0012910486209136277,6245,2024-12-31,0,0,-0.010581626610739244,0.014601177599490903
2025-10-01,2025-10-02,2025-10-03,funded_assets,USD,0.98999999999999999,IN_FHS_REF_POOL,ALL_FIVE,6.381661550070417e-05,0.0055366211956604048,0.0070564277306235414,-5.1691953691634422,0,0.0015198065349631366,6245,2024-12-31,0,0,-0.010581626610739244,0.014601177599490903
2025-10-01,2025-10-02,2025-10-03,net_cashflows,EUR,0.94999999999999996,IN_FHS_REF_POOL,ALL_FIVE,-0.0011145321274177,0.003430677925049419,0.0046903819969764176,-5.6308129943730627,0,0.0012597040719269986,6245,2024-12-31,0,0,-0.0075077588244431897,0.011540839476499934
2025-10-01,2025-10-02,2025-10-03,net_cashflows,EUR,0.98999999999999999,IN_FHS_REF_POOL,ALL_FIVE,-0.0011145321274177,0.0052485043947061438,0.0065555174493958654,-5.2268242569166299,0,0.0013070130546897216,6245,2024-12-31,0,0,-0.0075077588244431897,0.011540839476499934
2025-10-01,2025-10-02,2025-10-03,net_cashflows,USD,0.94999999999999996,IN_FHS_REF_POOL,ALL_FIVE,-0.0011179262809765001,0.0034213111075825837,0.004722142265246628,-5.630967504459278,0,0.0013008311576640443,6245,2024-12-31,0,0,-0.0075014177764262859,0.011789960203811685
2025-10-01,2025-10-02,2025-10-03,net_cashflows,USD,0.98999999999999999,IN_FHS_REF_POOL,ALL_FIVE,-0.0011179262809765001,0.0053050890463304792,0.0066209917603169558,-5.216257177687897,0,0.0013159027139864766,6245,2024-12-31,0,0,-0.0075014177764262859,0.011789960203811685
2025-10-01,2025-10-02,2025-10-03,funded_assets,EUR,0.94999999999999996,IN_TCOP_REF_POOL,ALL_FIVE,6.5145017858162757e-05,0.0038089967766170296,0.0051831927831414628,-5.5274594348860253,0,0.0013741960065244332,1310720,2024-12-31,0,0,-0.021522416601062994,0.021292247102746492
2025-10-01,2025-10-02,2025-10-03,funded_assets,EUR,0.98999999999999999,IN_TCOP_REF_POOL,ALL_FIVE,6.5145017858162757e-05,0.005991738532731411,0.0074660598774558993,-5.094857677691393,0,0.0014743213447244883,1310720,2024-12-31,0,0,-0.021522416601062994,0.021292247102746492
2025-10-01,2025-10-02,2025-10-03,funded_assets,USD,0.94999999999999996,IN_TCOP_REF_POOL,ALL_FIVE,6.381661550070417e-05,0.0038263816209498417,0.0052200143866739232,-5.5222338422473944,0,0.0013936327657240815,1310720,2024-12-31,0,0,-0.020761775118439938,0.021571384155254766
2025-10-01,2025-10-02,2025-10-03,funded_assets,USD,0.98999999999999999,IN_TCOP_REF_POOL,ALL_FIVE,6.381661550070417e-05,0.0060420414921993505,0.0075426457063017894,-5.086131586405866,0,0.0015006042141024389,1310720,2024-12-31,0,0,-0.020761775118439938,0.021571384155254766
2025-10-01,2025-10-02,2025-10-03,net_cashflows,EUR,0.94999999999999996,IN_TCOP_REF_POOL,ALL_FIVE,-0.0011145321274177,0.0031571461354618527,0.0042969006277870881,-5.7151116729567208,0,0.0011397544923252355,1310720,2024-12-31,0,0,-0.013084975151335099,0.01310772173572039
2025-10-01,2025-10-02,2025-10-03,net_cashflows,EUR,0.98999999999999999,IN_TCOP_REF_POOL,ALL_FIVE,-0.0011145321274177,0.005027910031483152,0.0060300530837720575,-5.2771908796333138,0,0.0010021430522889055,1310720,2024-12-31,0,0,-0.013084975151335099,0.01310772173572039
2025-10-01,2025-10-02,2025-10-03,net_cashflows,USD,0.94999999999999996,IN_TCOP_REF_POOL,ALL_FIVE,-0.0011179262809765001,0.0031702121577319867,0.0043225374301883931,-5.7104980585304075,0,0.0011523252724564064,1310720,2024-12-31,0,0,-0.01264757814556423,0.013287753476226018
2025-10-01,2025-10-02,2025-10-03,net_cashflows,USD,0.98999999999999999,IN_TCOP_REF_POOL,ALL_FIVE,-0.0011179262809765001,0.0050631746928305752,0.0060800569809021047,-5.2699900200843945,0,0.0010168822880715295,1310720,2024-12-31,0,0,-0.01264757814556423,0.013287753476226018
