model_key,tau,book,report,n,breaches,nominal_expected,lags,breach_rate,rate_low,rate_high,es_identification_mean,es_identification_low,es_identification_high,joint_statistic,joint_pvalue,joint_rank,conditional_var_statistic,conditional_var_pvalue,conditional_var_rank,conditional_var_n,conditional_joint_statistic,conditional_joint_pvalue,conditional_joint_rank,fewer_than_30_breaches,pvalues_withheld_sparse_tail
EWMA_GAUSS,0.95,funded_assets,EUR,2046,91,102.3000000000001,20,0.04447702834799609,0.03577180891284583,0.053182247783146355,-0.07780120072204465,-0.16886153663689457,0.013259135192805263,12.033518066207298,0.0024375568480101695,2,10.200582258151819,0.01693585114460825,3,2046,20.488071868380732,0.0022662497294458706,6,False,False
EWMA_GAUSS,0.95,funded_assets,EUR,2046,91,102.3000000000001,60,0.04447702834799609,0.03652231151792255,0.05243174517806964,-0.07780120072204465,-0.16520366176172802,0.009601260317638735,13.475040190827503,0.001185583648327876,2,9.817370691634226,0.02018408049144729,3,2046,22.93940923476821,0.0008170280670197492,6,False,False
EWMA_GAUSS,0.95,funded_assets,USD,2046,90,102.3000000000001,20,0.04398826979472141,0.0353846718343009,0.05259186775514192,-0.0767860228445333,-0.16847888857815624,0.014906842889089625,13.12450323868194,0.0014127012611258843,2,12.104962167428193,0.0070321183302630985,3,2046,24.028956831835362,0.0005158915282484766,6,False,False
EWMA_GAUSS,0.95,funded_assets,USD,2046,90,102.3000000000001,60,0.04398826979472141,0.03638638546212069,0.05159015412732213,-0.0767860228445333,-0.16491955048720952,0.011347504798142921,16.385456989075603,0.0002766579936633675,2,12.463223722880143,0.005953650806068571,3,2046,31.029577779201247,2.5021785194521774e-05,6,False,False
EWMA_GAUSS,0.95,net_cashflows,EUR,2046,121,102.3000000000001,20,0.05913978494623656,0.04765296170031968,0.07062660819215345,-0.3064175832197849,-0.4519233196698911,-0.16091184676967876,24.270893859735487,5.365897382096796e-06,2,7.383361169178965,0.06063236957133548,3,2046,36.01037012563067,2.7438628886789682e-06,6,False,False
EWMA_GAUSS,0.95,net_cashflows,EUR,2046,121,102.3000000000001,60,0.05913978494623656,0.047625018414824145,0.07065455147764899,-0.3064175832197849,-0.44885233454467277,-0.16398283189489707,26.003289789629466,2.25661445904684e-06,2,6.934288201730541,0.07402198626781252,3,2046,40.10461447751662,4.3445202259806885e-07,6,False,False
EWMA_GAUSS,0.95,net_cashflows,USD,2046,121,102.3000000000001,20,0.05913978494623656,0.04746845931291841,0.07081111057955472,-0.31044648800594676,-0.45814844535943766,-0.1627445306524559,23.192890752382038,9.198727706990536e-06,2,7.936597388877331,0.04734038224001451,3,2046,34.52704183046205,5.320925893234379e-06,6,False,False
EWMA_GAUSS,0.95,net_cashflows,USD,2046,121,102.3000000000001,60,0.05913978494623656,0.047547917938177905,0.07073165195429522,-0.31044648800594676,-0.45475538599821874,-0.16613759001367476,25.046277443472555,3.641413156912749e-06,2,7.600182456782548,0.055039447471550026,3,2046,40.692923737752956,3.32826375038388e-07,6,False,False
EWMA_GAUSS,0.99,funded_assets,EUR,2046,28,20.46000000000002,20,0.013685239491691105,0.00877183524318457,0.018598643740197637,-0.2668184315547722,-0.5208982303725493,-0.012738632736994993,4.451856035431264,,2,3.527990487340888,,3,2046,96.93666193743604,,6,True,True
EWMA_GAUSS,0.99,funded_assets,EUR,2046,28,20.46000000000002,60,0.013685239491691105,0.009259135185851041,0.018111343797531168,-0.2668184315547722,-0.5136493451259936,-0.01998751798355075,4.9587834972431475,,2,4.2096815482822,,3,2046,248.42687430196023,,6,True,True
EWMA_GAUSS,0.99,funded_assets,USD,2046,26,20.46000000000002,20,0.01270772238514174,0.007877930668142127,0.017537514102141355,-0.26721798669396174,-0.5229862174902065,-0.011449755897717018,4.193367859652606,,2,3.8445373837115637,,3,2046,103.22756702820497,,6,True,True
EWMA_GAUSS,0.99,funded_assets,USD,2046,26,20.46000000000002,60,0.01270772238514174,0.008154174490245218,0.017261270280038266,-0.26721798669396174,-0.5162560929430939,-0.018179880444829488,4.433266132589244,,2,4.426890886130492,,3,2046,264.6040855925918,,6,True,True
EWMA_GAUSS,0.99,net_cashflows,EUR,2046,58,20.46000000000002,20,0.028347996089931573,0.01988399988926852,0.036811992290594626,-0.779846350547619,-1.139512720029977,-0.42017998106526083,19.946987976846106,4.661939095720318e-05,2,21.430809844193394,8.566909668578447e-05,3,2046,25.03958127296431,0.00033574029049635875,6,False,False
EWMA_GAUSS,0.99,net_cashflows,EUR,2046,58,20.46000000000002,60,0.028347996089931573,0.01978188579969341,0.03691410638016973,-0.779846350547619,-1.1337101035405177,-0.42598259755472034,19.86375708170651,4.860041243129216e-05,2,21.53958286997064,8.132301130412756e-05,3,2046,27.3404991766391,0.00012500987427740113,6,False,False
EWMA_GAUSS,0.99,net_cashflows,USD,2046,59,20.46000000000002,20,0.028836754643206255,0.02038348137115939,0.03729002791525312,-0.7914057608080014,-1.1593317347631298,-0.423479786852873,20.454020366463066,3.6179779113293406e-05,2,22.274266347413036,5.7197068908302975e-05,3,2046,24.859817334441765,0.00036247380432212234,6,False,False
EWMA_GAUSS,0.99,net_cashflows,USD,2046,59,20.46000000000002,60,0.028836754643206255,0.0203310214827829,0.03734248780362961,-0.7914057608080014,-1.153469119641446,-0.42934240197455686,20.385612732122855,3.743867241212504e-05,2,22.59722408102087,4.89917664248088e-05,3,2046,26.176670361172874,0.000206385985948757,6,False,False
EWMA_SELFNORMALIZED,0.95,funded_assets,EUR,2046,89,102.3000000000001,20,0.04349951124144673,0.034938387018909244,0.05206063546398421,-0.07362495926191355,-0.16415694662185548,0.01690702809802838,13.681016583994266,0.0010695596128584047,2,13.028386290351548,0.004575618860910315,3,2046,25.20579086059522,0.0003127558981553007,6,False,False
EWMA_SELFNORMALIZED,0.95,funded_assets,EUR,2046,89,102.3000000000001,60,0.04349951124144673,0.0359100273716749,0.05108899511121855,-0.07362495926191355,-0.16074334305744323,0.013493424533616127,16.805343136477262,0.00022426737753369915,2,13.410210446674052,0.003828483446426327,3,2046,32.03435144980174,1.607204249566868e-05,6,False,False
EWMA_SELFNORMALIZED,0.95,funded_assets,USD,2046,90,102.3000000000001,20,0.04398826979472141,0.0353846718343009,0.05259186775514192,-0.07262986217433198,-0.16378960121124547,0.018529876862581493,12.210567691094576,0.0022310480071398215,2,12.064237274919368,0.007166319057653594,3,2046,22.897948630159277,0.000831388650753517,6,False,False
EWMA_SELFNORMALIZED,0.95,funded_assets,USD,2046,90,102.3000000000001,60,0.04398826979472141,0.03638638546212069,0.05159015412732213,-0.07262986217433198,-0.16044510025789993,0.015185375909235951,15.166953370608478,0.0005087892444043253,2,12.469747599821279,0.005935611283397422,3,2046,29.471694682826705,4.952260140808268e-05,6,False,False
EWMA_SELFNORMALIZED,0.95,net_cashflows,EUR,2046,119,102.3000000000001,20,0.05816226783968719,0.046741888993267144,0.06958264668610724,-0.2997151651420882,-0.4437083478009347,-0.15572198248324165,24.37524443185471,5.093108452181453e-06,2,7.952069265400167,0.04701274556077316,3,2046,37.57596651927677,1.3594502853117528e-06,6,False,False
EWMA_SELFNORMALIZED,0.95,net_cashflows,EUR,2046,119,102.3000000000001,60,0.05816226783968719,0.04678026944321931,0.06954426623615508,-0.2997151651420882,-0.4404208485335056,-0.15900948175067076,26.447227740073885,1.8074132653554523e-06,2,7.723866905569293,0.052076940519808566,3,2046,44.59227898018009,5.639583986617485e-08,6,False,False
EWMA_SELFNORMALIZED,0.95,net_cashflows,USD,2046,118,102.3000000000001,20,0.05767350928641251,0.04630310598942404,0.06904391258340098,-0.3037111367138958,-0.44988072613127217,-0.15754154729651948,24.188908765542987,5.590429820587883e-06,2,8.284106048311331,0.04049089240217903,3,2046,37.71120625806005,1.279239822033209e-06,6,False,False
EWMA_SELFNORMALIZED,0.95,net_cashflows,USD,2046,118,102.3000000000001,60,0.05767350928641251,0.0463375643415517,0.06900945423127332,-0.3037111367138958,-0.4462675121823884,-0.16115476124540323,26.28991747357318,1.955316007769517e-06,2,8.246203301283773,0.04118825000978179,3,2046,45.91208747378943,3.0822876919398067e-08,6,False,False
EWMA_SELFNORMALIZED,0.99,funded_assets,EUR,2046,26,20.46000000000002,20,0.01270772238514174,0.007877930668142127,0.017537514102141355,-0.26554573409164434,-0.5200974533917193,-0.010994014791569306,4.1806082210432045,,2,3.9572496060007656,,3,2046,102.664014083916,,6,True,True
EWMA_SELFNORMALIZED,0.99,funded_assets,EUR,2046,26,20.46000000000002,60,0.01270772238514174,0.008154174490245218,0.017261270280038266,-0.26554573409164434,-0.5130067496650439,-0.018084718518244725,4.435897251912883,,2,4.55735757212277,,3,2046,263.64400174334315,,6,True,True
EWMA_SELFNORMALIZED,0.99,funded_assets,USD,2046,26,20.46000000000002,20,0.01270772238514174,0.007877930668142127,0.017537514102141355,-0.26639705317269635,-0.5226338683282423,-0.010160238017150325,4.152317563994715,,2,3.9461276074348834,,3,2046,102.70864077399204,,6,True,True
EWMA_SELFNORMALIZED,0.99,funded_assets,USD,2046,26,20.46000000000002,60,0.01270772238514174,0.008154174490245218,0.017261270280038266,-0.26639705317269635,-0.5159576396925932,-0.016836466652799503,4.3912359394991505,,2,4.54871178108248,,3,2046,263.7782852118176,,6,True,True
EWMA_SELFNORMALIZED,0.99,net_cashflows,EUR,2046,57,20.46000000000002,20,0.02785923753665689,0.019385647292326225,0.03633282778098756,-0.7625457455776669,-1.1159117325805756,-0.409179758574758,19.4077273892559,6.104717117823557e-05,2,19.957076059045647,0.00017325492133831995,3,2046,23.428182515454363,0.0006650493128112192,6,False,False
EWMA_SELFNORMALIZED,0.99,net_cashflows,EUR,2046,57,20.46000000000002,60,0.02785923753665689,0.01923463214644479,0.036483842926868994,-0.7625457455776669,-1.1080888342184283,-0.41700265693690547,19.471396795311268,5.9134361026451966e-05,2,19.811778244472567,0.00018569040985924373,3,2046,25.260829012473604,0.00030549219308157756,6,False,False
EWMA_SELFNORMALIZED,0.99,net_cashflows,USD,2046,59,20.46000000000002,20,0.028836754643206255,0.02038348137115939,0.03729002791525312,-0.7736308037848384,-1.1351911143681088,-0.412070493201568,20.500862094330653,3.534226338416462e-05,2,22.347662093222283,5.5219653397688536e-05,3,2046,24.777227199471923,0.00037544881455464895,6,False,False
EWMA_SELFNORMALIZED,0.99,net_cashflows,USD,2046,59,20.46000000000002,60,0.028836754643206255,0.0203310214827829,0.03734248780362961,-0.7736308037848384,-1.1272075963822616,-0.42005401118741514,20.56966813893124,3.414705989632494e-05,2,22.781194017415558,4.4853611307515444e-05,3,2046,26.373884404587834,0.0001896198534399652,6,False,False
FHS1250@CHF,0.95,funded_assets,EUR,2046,77,102.3000000000001,20,0.03763440860215054,0.028263350394163392,0.04700546681013769,0.07808007882831168,0.0025441047498321184,0.15361605290679126,6.7675781467714105,0.03391869053257535,2,9.651730616946523,0.02177079913983535,3,2046,36.936360384594884,1.8119087697447265e-06,6,False,False
FHS1250@CHF,0.95,funded_assets,EUR,2046,77,102.3000000000001,60,0.03763440860215054,0.026057629960428617,0.04921118724387246,0.07808007882831168,-0.009460477418735513,0.16562063507535887,4.382979174497042,0.11175016295843185,2,7.770259944815314,0.05100619797640901,3,2046,51.38251394471657,2.481681798798637e-09,6,False,False
FHS1250@CHF,0.95,funded_assets,USD,2046,79,102.3000000000001,20,0.0386119257086999,0.02910933530656725,0.048114516110832554,0.07986621012800375,0.003662596867837195,0.15606982338817033,5.874608608837807,0.053008430904085205,2,7.974392035155097,0.046543920432715054,3,2046,37.955951799033066,1.145854655934874e-06,6,False,False
FHS1250@CHF,0.95,funded_assets,USD,2046,79,102.3000000000001,60,0.0386119257086999,0.027033144143964412,0.05019070727343539,0.07986621012800375,-0.008422316107531691,0.1681547363635392,3.817980799850506,0.14822996405884162,2,6.770162307159491,0.079595702721689,3,2046,54.592758675185635,5.601532823237523e-10,6,False,False
FHS1250@CHF,0.95,net_cashflows,EUR,2046,105,102.3000000000001,20,0.051319648093841645,0.03906533595990242,0.06357396022778086,-0.06847659101500654,-0.2360474533295983,0.09909427129958524,1.306724049541897,0.5202935930209867,2,5.0843824079538,0.1657215062288766,3,2046,8.160706214248368,0.22656445738477926,6,False,False
FHS1250@CHF,0.95,net_cashflows,EUR,2046,105,102.3000000000001,60,0.051319648093841645,0.0373321370532254,0.06530715913445789,-0.06847659101500654,-0.25414651310942804,0.11719333107941497,1.4689024229249006,0.4797686782937385,2,4.507392098708061,0.2116318760028349,3,2046,7.903820820519613,0.24523468717008534,6,False,False
FHS1250@CHF,0.95,net_cashflows,USD,2046,106,102.3000000000001,20,0.05180840664711633,0.03952995098874449,0.06408686230548817,-0.07831988901351786,-0.246642029812704,0.09000225178566829,1.524141950634494,0.4666989035872343,2,4.819233059559707,0.18552253259642304,3,2046,7.2960923819360595,0.2943305744085768,6,False,False
FHS1250@CHF,0.95,net_cashflows,USD,2046,106,102.3000000000001,60,0.05180840664711633,0.03796034658223495,0.06565646671199771,-0.07831988901351786,-0.26282530273085764,0.10618552470382192,1.6214736410050306,0.44453040640709807,2,4.216474316051076,0.23901766095842042,3,2046,7.029898916796842,0.31809101786599303,6,False,False
FHS1250@CHF,0.99,funded_assets,EUR,2046,14,20.46000000000002,20,0.006842619745845552,0.0034485459030967596,0.010236693588594345,0.06937517480527612,-0.08306045108891154,0.2218108006994638,3.4563621292461573,,2,178.69313818392519,,3,2046,194.49540294085497,,6,True,True
FHS1250@CHF,0.99,funded_assets,EUR,2046,14,20.46000000000002,60,0.006842619745845552,0.003270654526821771,0.010414584964869333,0.06937517480527612,-0.09880784688230675,0.23755819649285898,3.3996448079106942,,2,464.33207955972506,,3,2046,473.619203347379,,6,True,True
FHS1250@CHF,0.99,funded_assets,USD,2046,14,20.46000000000002,20,0.006842619745845552,0.0034485459030967596,0.010236693588594345,0.06917411377925402,-0.08636294047566849,0.2247111680341765,3.469873206145635,,2,178.64549625487604,,3,2046,194.18903378104244,,6,True,True
FHS1250@CHF,0.99,funded_assets,USD,2046,14,20.46000000000002,60,0.006842619745845552,0.003270654526821771,0.010414584964869333,0.06917411377925402,-0.1029602093979931,0.24130843695650112,3.42151720337081,,2,464.26341424430785,,3,2046,473.74370107599213,,6,True,True
FHS1250@CHF,0.99,net_cashflows,EUR,2046,27,20.46000000000002,20,0.013196480938416423,0.007405758231733884,0.01898720364509896,-0.09727941086313768,-0.3728957234969022,0.17833690177062683,1.3280033821113797,,2,94.01884386979599,,3,2046,98.71931625682834,,6,True,True
FHS1250@CHF,0.99,net_cashflows,EUR,2046,27,20.46000000000002,60,0.013196480938416423,0.006923040524069523,0.019469921352763323,-0.09727941086313768,-0.3832135237962481,0.18865470206997276,1.2081955848274126,,2,247.99431878171646,,3,2046,255.72145047956,,6,True,True
FHS1250@CHF,0.99,net_cashflows,USD,2046,27,20.46000000000002,20,0.013196480938416423,0.007405758231733884,0.01898720364509896,-0.118995953295079,-0.3980812530899783,0.16008934649982032,1.188142844843316,,2,91.88124812433745,,3,2046,96.2463365092076,,6,True,True
FHS1250@CHF,0.99,net_cashflows,USD,2046,27,20.46000000000002,60,0.013196480938416423,0.006923040524069523,0.019469921352763323,-0.118995953295079,-0.4051436575676723,0.16715175097751428,1.0180879114650712,,2,245.72917926433405,,3,2046,252.13042640931454,,6,True,True
FHS1250@EUR,0.95,funded_assets,EUR,2046,87,102.3000000000001,20,0.04252199413489736,0.03248233029002811,0.052561657979766606,0.04813755902376894,-0.029471528396845914,0.1257466464443838,2.2632634833507486,0.32250657941249,2,6.329612182915312,0.09662989395007392,3,2046,18.711984851356707,0.004678733424314395,6,False,False
FHS1250@EUR,0.95,funded_assets,EUR,2046,87,102.3000000000001,60,0.04252199413489736,0.031984112237171125,0.05305987603262359,0.04813755902376894,-0.04018494844810108,0.13646006649563897,1.9382413509381788,0.37941652171672835,2,5.348448139458908,0.14798937748507113,3,2046,22.819242732461063,0.0008593349333768287,6,False,False
FHS1250@EUR,0.95,funded_assets,USD,2046,89,102.3000000000001,20,0.04349951124144673,0.03338468755902294,0.053614334923870514,0.04966437026414545,-0.028802512227912837,0.12813125275620374,1.913259907648234,0.38418542942351086,2,5.6670021020802235,0.1289843265198883,3,2046,18.40102749809884,0.005304393041545615,6,False,False
FHS1250@EUR,0.95,funded_assets,USD,2046,89,102.3000000000001,60,0.04349951124144673,0.033003796664383675,0.05399522581850978,0.04966437026414545,-0.039847523091574806,0.1391762636198657,1.5576569945231005,0.4589433498881458,2,4.839855207774453,0.18390640405449882,3,2046,21.947806288307152,0.0012375264369574646,6,False,False
FHS1250@EUR,0.95,net_cashflows,EUR,2046,105,102.3000000000001,20,0.051319648093841645,0.03899074820845268,0.06364854797923061,-0.0025871136635879444,-0.1524148462527037,0.14724061892552784,0.09662694491731753,0.9528350527107833,2,3.733379198132843,0.2917309255221037,3,2046,7.863681512608393,0.24826147326687048,6,False,False
FHS1250@EUR,0.95,net_cashflows,EUR,2046,105,102.3000000000001,60,0.051319648093841645,0.03746906621793415,0.06517022996974914,-0.0025871136635879444,-0.16796161227572695,0.16278738494855108,0.08567306573409855,0.9580679898946994,2,3.5444993993480858,0.315036393896442,3,2046,7.534485659384252,0.2742286444649423,6,False,False
FHS1250@EUR,0.95,net_cashflows,USD,2046,107,102.3000000000001,20,0.05229716520039101,0.039966597355508615,0.0646277330452734,-0.00418281034657722,-0.15593025485012238,0.14756463415696794,0.2890475134937991,0.865434352254022,2,4.484299025282235,0.21369506139766484,3,2046,7.935744432442353,0.2428487436518744,6,False,False
FHS1250@EUR,0.95,net_cashflows,USD,2046,107,102.3000000000001,60,0.05229716520039101,0.038521808334903936,0.06607252206587809,-0.00418281034657722,-0.1710820235747387,0.16271640288158426,0.25430056276204827,0.8806013246694884,2,3.9280792804650564,0.26933572814363943,3,2046,6.550382341349855,0.3644331260855255,6,False,False
FHS1250@EUR,0.99,funded_assets,EUR,2046,16,20.46000000000002,20,0.007820136852394917,0.0042440976992668255,0.011396176005523008,0.04814037172086531,-0.10962082149753392,0.20590156493926454,1.4335794759443203,,2,149.39036361082833,,3,2046,169.73010553722548,,6,True,True
FHS1250@EUR,0.99,funded_assets,EUR,2046,16,20.46000000000002,60,0.007820136852394917,0.004115653919751561,0.011524619785038274,0.04814037172086531,-0.11892019523189813,0.21520093867362877,1.3754643613646806,,2,401.7746526602801,,3,2046,415.0020357115694,,6,True,True
FHS1250@EUR,0.99,funded_assets,USD,2046,16,20.46000000000002,20,0.007820136852394917,0.0042440976992668255,0.011396176005523008,0.04989854777786653,-0.10947201831931469,0.20926911387504776,1.4309447909359623,,2,149.35400573600995,,3,2046,169.22864206472866,,6,True,True
FHS1250@EUR,0.99,funded_assets,USD,2046,16,20.46000000000002,60,0.007820136852394917,0.004115653919751561,0.011524619785038274,0.04989854777786653,-0.11986872435101403,0.2196658199067471,1.369146848707165,,2,401.72609314735877,,3,2046,414.46022003695555,,6,True,True
FHS1250@EUR,0.99,net_cashflows,EUR,2046,25,20.46000000000002,20,0.012218963831867057,0.00668882730617962,0.017749100357554493,0.010176240201142281,-0.24193331329588602,0.26228579369817057,2.467954133988032,,2,99.40654003055678,,3,2046,108.62062269310495,,6,True,True
FHS1250@EUR,0.99,net_cashflows,EUR,2046,25,20.46000000000002,60,0.012218963831867057,0.006587932481207525,0.01784999518252659,0.010176240201142281,-0.25416425105662205,0.2745167314589066,2.559757697019191,,2,260.5326909871812,,3,2046,267.98906566312417,,6,True,True
FHS1250@EUR,0.99,net_cashflows,USD,2046,25,20.46000000000002,20,0.012218963831867057,0.00668882730617962,0.017749100357554493,0.007833282839636338,-0.24935196866834505,0.26501853434761774,2.3512946432166864,,2,99.26861138144443,,3,2046,107.61676008811874,,6,True,True
FHS1250@EUR,0.99,net_cashflows,USD,2046,25,20.46000000000002,60,0.012218963831867057,0.006587932481207525,0.01784999518252659,0.007833282839636338,-0.2607667176139842,0.2764332832932569,2.46086106839107,,2,260.3709175246647,,3,2046,267.6372962983745,,6,True,True
FHS1250@GBP,0.95,funded_assets,EUR,2046,103,102.3000000000001,20,0.050342130987292275,0.03893876981261944,0.06174549216196511,-0.004978837063641295,-0.09815140809768493,0.08819373397040232,0.011425129529882673,0.9943037209074124,2,0.14624666553434745,0.9857612023607756,3,2046,4.967599774496375,0.5479753787313935,6,False,False
FHS1250@GBP,0.95,funded_assets,EUR,2046,103,102.3000000000001,60,0.050342130987292275,0.03701696182068716,0.06366730015389739,-0.004978837063641295,-0.1173962233898374,0.1074385492625548,0.008231423698277136,0.9958927460854216,2,0.16279877026937756,0.9833588399085701,3,2046,5.799846489663705,0.44598095781460667,6,False,False
FHS1250@GBP,0.95,funded_assets,USD,2046,101,102.3000000000001,20,0.04936461388074291,0.03815827525969395,0.06057095250179187,-0.0029042112926057316,-0.09691506355058505,0.09110664096537358,0.05146986326608476,0.9745933892518414,2,0.21525942232873796,0.9750891069611861,3,2046,5.0217689403928425,0.5410241336092136,6,False,False
FHS1250@GBP,0.95,funded_assets,USD,2046,101,102.3000000000001,60,0.04936461388074291,0.03623834065471949,0.062490887106766334,-0.0029042112926057316,-0.11634298937528686,0.1105345667900754,0.04773536018044811,0.9764149003419947,2,0.20720247232665917,0.9764182821356514,3,2046,6.0779039734019085,0.414520100552522,6,False,False
FHS1250@GBP,0.95,net_cashflows,EUR,2046,112,102.3000000000001,20,0.05474095796676442,0.04272832471890797,0.06675359121462086,-0.10719427450928856,-0.25829185967997415,0.04390331066139702,2.4762207758095447,0.2899315588255531,2,1.2193509205474478,0.7483670011363639,3,2046,3.7787579633051256,0.706586892966031,6,False,False
FHS1250@GBP,0.95,net_cashflows,EUR,2046,112,102.3000000000001,60,0.05474095796676442,0.040622571365385815,0.06885934456814302,-0.10719427450928856,-0.28978191438265877,0.07539336536408162,2.481909974281172,0.28910799164950074,2,1.106426141975106,0.7755230182442783,3,2046,4.015834932079466,0.6745334023377512,6,False,False
FHS1250@GBP,0.95,net_cashflows,USD,2046,112,102.3000000000001,20,0.05474095796676442,0.04258008798128287,0.06690182795224597,-0.10750386826368113,-0.2597633563154762,0.04475561978811393,2.4445034040346076,0.29456614443253265,2,1.2127420344173265,0.7499498958311261,3,2046,3.798845848922423,0.7038761449385145,6,False,False
FHS1250@GBP,0.95,net_cashflows,USD,2046,112,102.3000000000001,60,0.05474095796676442,0.04036492086331242,0.06911699507021642,-0.10750386826368113,-0.2909304142060335,0.07592267767867125,2.394188550855753,0.30207067209400007,2,1.0153474051909872,0.7975384064852274,3,2046,3.9138337118892994,0.6883359319910625,6,False,False
FHS1250@GBP,0.99,funded_assets,EUR,2046,21,20.46000000000002,20,0.010263929618768328,0.0053898904258394414,0.015137968811697215,-0.015490051403000452,-0.21040135153965733,0.17942124873365645,0.02449163242648493,,2,113.42330142033343,,3,2046,134.20117583311375,,6,True,True
FHS1250@GBP,0.99,funded_assets,EUR,2046,21,20.46000000000002,60,0.010263929618768328,0.0045279223765383545,0.0159999368609983,-0.015490051403000452,-0.23670266172114574,0.20572255891514485,0.019281981182719198,,2,301.33661824484756,,3,2046,328.55571166621996,,6,True,True
FHS1250@GBP,0.99,funded_assets,USD,2046,20,20.46000000000002,20,0.009775171065493646,0.005010544795543197,0.014539797335444096,-0.014259580964218723,-0.2124252585509477,0.18390609662251026,0.07156692373642098,,2,121.5301547286006,,3,2046,143.3776311807595,,6,True,True
FHS1250@GBP,0.99,funded_assets,USD,2046,20,20.46000000000002,60,0.009775171065493646,0.004141971728525507,0.015408370402461785,-0.014259580964218723,-0.240832252724215,0.21231309079577754,0.0863192445130529,,2,319.2490277139355,,3,2046,347.04932214565247,,6,True,True
FHS1250@GBP,0.99,net_cashflows,EUR,2046,32,20.46000000000002,20,0.015640273704789834,0.008617679920769589,0.02266286748881008,-0.13509727135414015,-0.37371301703048676,0.10351847432220648,2.5456347546473928,0.2800415266560676,2,79.98356392663341,3.094294603307902e-17,3,2046,82.02329609912208,1.3640270793964673e-15,6,False,False
FHS1250@GBP,0.99,net_cashflows,EUR,2046,32,20.46000000000002,60,0.015640273704789834,0.00736202975746182,0.023918517652117846,-0.13509727135414015,-0.40172862976946666,0.13153408706118633,1.958737999857501,0.3755479949143717,2,209.92072963667724,3.029107818266781e-45,3,2046,210.64345984657083,1.027084935637512e-42,6,False,False
FHS1250@GBP,0.99,net_cashflows,USD,2046,32,20.46000000000002,20,0.015640273704789834,0.008617679920769589,0.02266286748881008,-0.13899712103307568,-0.38265271873411044,0.10465847666795905,2.533760306966543,0.28170914148700155,2,79.94702552761186,3.1506419041136627e-17,3,2046,81.99298034114976,1.3838617576709137e-15,6,False,False
FHS1250@GBP,0.99,net_cashflows,USD,2046,32,20.46000000000002,60,0.015640273704789834,0.00736202975746182,0.023918517652117846,-0.13899712103307568,-0.4091945703822125,0.13120032831606113,1.922506517081801,0.38241332276662615,2,209.83951836880217,3.154033493588415e-45,3,2046,210.5206706430959,1.0908575359727267e-42,6,False,False
FHS1250@JPY,0.95,funded_assets,EUR,2046,80,102.3000000000001,20,0.039100684261974585,0.02965985886884651,0.04854150965510266,0.08232584285277542,0.007365449959217313,0.15728623574633352,6.178714042470117,0.045531220602830796,2,7.044390328183421,0.07049628005878877,3,2046,16.634634021991285,0.010724102366063474,6,False,False
FHS1250@JPY,0.95,funded_assets,EUR,2046,80,102.3000000000001,60,0.039100684261974585,0.029214979197485474,0.048986389326463695,0.08232584285277542,-0.0012719493661771941,0.16592363507172803,5.0724932349587615,0.07916297178300702,2,5.583877497108378,0.1337070044214037,3,2046,14.210867357127237,0.027367336772552577,6,False,False
FHS1250@JPY,0.95,funded_assets,USD,2046,76,102.3000000000001,20,0.03714565004887586,0.028012159026602125,0.04627914107114959,0.08396391519146024,0.008467537242613912,0.15946029314030657,8.040324852108432,0.017950049147052997,2,9.016128050728502,0.029077222054845347,3,2046,16.203896338282526,0.012700422713384197,6,False,False
FHS1250@JPY,0.95,funded_assets,USD,2046,76,102.3000000000001,60,0.03714565004887586,0.027462155102013896,0.046829144995737815,0.08396391519146024,-0.00036783061765469083,0.16829566100057516,6.80932834540921,0.03321797371130927,2,7.2362684772121595,0.0647364654050288,3,2046,14.166911128838501,0.0278262422522274,6,False,False
FHS1250@JPY,0.95,net_cashflows,EUR,2046,100,102.3000000000001,20,0.04887585532746823,0.0375524512018759,0.06019925945306056,-0.05585467327369479,-0.18070322694813698,0.06899388040074741,3.0425840243638107,0.21842949099873452,2,2.0465188913368277,0.5628078871982278,3,2046,5.585198422613384,0.4712197121381251,6,False,False
FHS1250@JPY,0.95,net_cashflows,EUR,2046,100,102.3000000000001,60,0.04887585532746823,0.037149535825530884,0.060602174829405574,-0.05585467327369479,-0.18213239097687353,0.07042304442948397,3.0827614341210974,0.21408530603464232,2,1.7044227016748792,0.6359509758275443,3,2046,6.268285593597751,0.3938174326124132,6,False,False
FHS1250@JPY,0.95,net_cashflows,USD,2046,102,102.3000000000001,20,0.04985337243401759,0.03857056162674802,0.06113618324128717,-0.05556970043591568,-0.18208255024318948,0.07094314937135814,2.088931979920812,0.3518796764947868,2,1.7682897312785832,0.6218596352684334,3,2046,4.132866062826378,0.6587014533408344,6,False,False
FHS1250@JPY,0.95,net_cashflows,USD,2046,102,102.3000000000001,60,0.04985337243401759,0.03837471133471797,0.06133203353331722,-0.05556970043591568,-0.18308111190663773,0.07194171103480636,2.1151886407999982,0.3472902753305433,2,1.5375729273479282,0.673626059313764,3,2046,4.600922520284574,0.5959165105077213,6,False,False
FHS1250@JPY,0.99,funded_assets,EUR,2046,12,20.46000000000002,20,0.005865102639296188,0.002554149931194102,0.009176055347398272,0.09517939851031482,-0.06413252493453214,0.2544913219551618,5.993039832096859,,2,200.10912217932,,3,2046,213.0363552734903,,6,True,True
FHS1250@JPY,0.99,funded_assets,EUR,2046,12,20.46000000000002,60,0.005865102639296188,0.0022110733771125686,0.009519131901479808,0.09517939851031482,-0.06271636854479554,0.2530751655654252,4.9223056920053585,,2,532.2575062339529,,3,2046,543.066253654602,,6,True,True
FHS1250@JPY,0.99,funded_assets,USD,2046,12,20.46000000000002,20,0.005865102639296188,0.002554149931194102,0.009176055347398272,0.09538953143058267,-0.06562154765733295,0.2564006105184983,5.991720231063296,,2,200.10685145047594,,3,2046,212.27833811587985,,6,True,True
FHS1250@JPY,0.99,funded_assets,USD,2046,12,20.46000000000002,60,0.005865102639296188,0.0022110733771125686,0.009519131901479808,0.09538953143058267,-0.06505899788238022,0.25583806074354554,4.933751758732017,,2,532.2531156369994,,3,2046,542.834798838593,,6,True,True
FHS1250@JPY,0.99,net_cashflows,EUR,2046,32,20.46000000000002,20,0.015640273704789834,0.009982392706708735,0.021298154702870935,-0.08858498131377981,-0.32273237910908936,0.14556241648152973,4.919749246910172,0.08544566317780435,2,89.30189837618974,3.093809787544339e-19,3,2046,92.90796518996603,7.533553034531537e-18,6,False,False
FHS1250@JPY,0.99,net_cashflows,EUR,2046,32,20.46000000000002,60,0.015640273704789834,0.010069083964798772,0.021211463444780896,-0.08858498131377981,-0.3198871990283684,0.14271723640080874,5.568420234108114,0.06177786704757857,2,219.87484992373965,2.136843479682804e-47,3,2046,226.2745678494158,4.774856250762906e-46,6,False,False
FHS1250@JPY,0.99,net_cashflows,USD,2046,33,20.46000000000002,20,0.016129032258064516,0.010292682402905812,0.02196538211322322,-0.08911625363188083,-0.32620614084198735,0.14797363357822568,5.714912941521527,0.05741461044015735,2,85.14606402377822,2.4143659205849017e-18,3,2046,89.82035948215025,3.301799867530702e-17,6,False,False
FHS1250@JPY,0.99,net_cashflows,USD,2046,33,20.46000000000002,60,0.016129032258064516,0.010359131835736411,0.02189893268039262,-0.08911625363188083,-0.3230124913187179,0.14477998405495626,6.236532267638851,0.04423379745369352,2,207.67217762105022,9.273959137653593e-45,3,2046,214.87844449920962,1.2856369938806253e-43,6,False,False
FHS1250@USD,0.95,funded_assets,EUR,2046,92,102.3000000000001,20,0.044965786901270774,0.03528191908236983,0.05464965472017172,0.04584192093622266,-0.03254332782332525,0.12422716969577058,1.4599685021874644,0.48191657968948076,2,1.2670183549492284,0.7369793897874398,3,2046,7.623407061701917,0.26701159486458165,6,False,False
FHS1250@USD,0.95,funded_assets,EUR,2046,92,102.3000000000001,60,0.044965786901270774,0.03534661873366558,0.054584955068875965,0.04584192093622266,-0.039522135424367236,0.13120597729681255,1.284244190351861,0.5261746457690966,2,1.294544599673578,0.7304289211299659,3,2046,6.927172487991681,0.3276348303463063,6,False,False
FHS1250@USD,0.95,funded_assets,USD,2046,90,102.3000000000001,20,0.04398826979472141,0.03439523564610125,0.05358130394334157,0.046460875806783514,-0.032432079417267584,0.1253538310308346,1.7401209454442579,0.4189262148730427,2,1.7315296912898273,0.6299469235752404,3,2046,7.2842506534784075,0.29535795181424934,6,False,False
FHS1250@USD,0.95,funded_assets,USD,2046,90,102.3000000000001,60,0.04398826979472141,0.03421472698348758,0.05376181260595524,0.046460875806783514,-0.03957198510041596,0.13249373671398298,1.5465286825415319,0.4615040998773574,2,1.611737958385414,0.656731254773729,3,2046,6.728123517294246,0.3467235697822709,6,False,False
FHS1250@USD,0.95,net_cashflows,EUR,2046,100,102.3000000000001,20,0.04887585532746823,0.03761436872483775,0.06013734193009871,-0.0528093832133858,-0.18739566909193056,0.08177690266515897,2.3421794742170605,0.31002890710996067,2,3.38809703080696,0.33556818565289476,3,2046,7.358495502062793,0.2889618279507711,6,False,False
FHS1250@USD,0.95,net_cashflows,EUR,2046,100,102.3000000000001,60,0.04887585532746823,0.037830261188733914,0.059921449466202543,-0.0528093832133858,-0.19096536381981788,0.08534659739304629,2.5413369075722705,0.2806439615456197,2,3.098521849019953,0.37668307407382007,3,2046,9.49163399487442,0.1477579477327629,6,False,False
FHS1250@USD,0.95,net_cashflows,USD,2046,99,102.3000000000001,20,0.04838709677419355,0.0372625493307436,0.059511644217643496,-0.0523844668656701,-0.18922715227522424,0.08445821854388402,2.523540748637436,0.2831522969514524,2,3.8311856140860767,0.2802794997079753,3,2046,8.000047861630831,0.2380997991091348,6,False,False
FHS1250@USD,0.95,net_cashflows,USD,2046,99,102.3000000000001,60,0.04838709677419355,0.03754727223901175,0.05922692130937535,-0.0523844668656701,-0.1924742887011657,0.08770535496982548,2.7615710648797775,0.25138100754451126,2,3.651354105908423,0.3016559980610821,3,2046,10.61992458770946,0.10085771462644906,6,False,False
FHS1250@USD,0.99,funded_assets,EUR,2046,15,20.46000000000002,20,0.007331378299120235,0.0036845237091782754,0.010978232889062195,0.04564476490363131,-0.09678045936065208,0.1880699891679147,2.182882956494334,,2,6.81490982566014,,3,2046,162.5438571040557,,6,True,True
FHS1250@USD,0.99,funded_assets,EUR,2046,15,20.46000000000002,60,0.007331378299120235,0.00373916827676461,0.01092358832147586,0.04564476490363131,-0.1010399758448618,0.19232950565212442,2.436903166701104,,2,6.595082701291627,,3,2046,413.9543884602652,,6,True,True
FHS1250@USD,0.99,funded_assets,USD,2046,13,20.46000000000002,20,0.00635386119257087,0.00289070884715086,0.00981701353799088,0.04508142171860499,-0.10051373375090933,0.1906765771881193,5.369186603546949,,2,11.94338809829033,,3,2046,187.19669693200404,,6,True,True
FHS1250@USD,0.99,funded_assets,USD,2046,13,20.46000000000002,60,0.00635386119257087,0.002905113294342871,0.00980260909079887,0.04508142171860499,-0.10577794271315097,0.19594078615036095,5.650557973581775,,2,11.382412588743362,,3,2046,479.4034930956641,,6,True,True
FHS1250@USD,0.99,net_cashflows,EUR,2046,27,20.46000000000002,20,0.013196480938416423,0.007636762551082441,0.018756199325750404,-0.07409462508755504,-0.31915418057780676,0.1709649304026967,1.6556594544216747,,2,94.29792451015683,,3,2046,97.30045746605053,,6,True,True
FHS1250@USD,0.99,net_cashflows,EUR,2046,27,20.46000000000002,60,0.013196480938416423,0.00741081186706611,0.018982150009766736,-0.07409462508755504,-0.32149810429271697,0.17330885411760688,1.6248748823354409,,2,237.3298801487945,,3,2046,241.7854885851049,,6,True,True
FHS1250@USD,0.99,net_cashflows,USD,2046,28,20.46000000000002,20,0.013685239491691105,0.008089853551311133,0.019280625432071076,-0.07503962332951176,-0.325415441926484,0.17533619526746047,2.348432866466739,,2,92.65620114600075,,3,2046,96.27812322421019,,6,True,True
FHS1250@USD,0.99,net_cashflows,USD,2046,28,20.46000000000002,60,0.013685239491691105,0.00795159503390635,0.019418883949475857,-0.07503962332951176,-0.3269254320835574,0.1768461854245339,2.4994093574700793,,2,231.83174419238463,,3,2046,238.12655445498626,,6,True,True
FHS250@CHF,0.95,funded_assets,EUR,2046,98,102.3000000000001,20,0.047898338220918865,0.03658501102550338,0.05921166541633435,-0.027771089174579135,-0.1298618595620846,0.07431968121292634,1.091531057837638,0.579398067546665,2,1.466874164293635,0.6899365846263377,3,2046,37.15989152324356,1.6389148907027545e-06,6,False,False
FHS250@CHF,0.95,funded_assets,EUR,2046,98,102.3000000000001,60,0.047898338220918865,0.03341537172673579,0.06238130471510194,-0.027771089174579135,-0.14820331343258944,0.09266113508343116,1.1498399521494274,0.5627499004611163,2,1.4955369883227179,0.6833007735606738,3,2046,48.297698148416856,1.0303397711579002e-08,6,False,False
FHS250@CHF,0.95,funded_assets,USD,2046,100,102.3000000000001,20,0.04887585532746823,0.03757944163539893,0.060172269019537525,-0.027129809267983473,-0.13029833012714004,0.07603871159117309,0.6990735744307616,0.7050145858637964,2,1.1209304924805126,0.772023932898555,3,2046,37.6904538394931,1.2912353917444799e-06,6,False,False
FHS250@CHF,0.95,funded_assets,USD,2046,100,102.3000000000001,60,0.04887585532746823,0.03452183604187933,0.06322987461305712,-0.027129809267983473,-0.1486687854307963,0.09440916689482938,0.7465605325846975,0.6884722502370002,2,1.188264316784016,0.7558203676112544,3,2046,48.71367893937945,8.507347935914028e-09,6,False,False
FHS250@CHF,0.95,net_cashflows,EUR,2046,100,102.3000000000001,20,0.04887585532746823,0.037452550998678474,0.06029915965625798,-0.07012924265778357,-0.20788264817425495,0.06762416285868779,3.8673891939131533,0.14461292381221638,2,4.887438161283963,0.1802274818028463,3,2046,11.306995122300602,0.07933930592950973,6,False,False
FHS250@CHF,0.95,net_cashflows,EUR,2046,100,102.3000000000001,60,0.04887585532746823,0.03761562897150558,0.060136081683430875,-0.07012924265778357,-0.21223938792986652,0.07198090261429936,4.236918956744695,0.12021668233429156,2,4.2184676878165615,0.2388194113959442,3,2046,11.896669800424203,0.06431407399280299,6,False,False
FHS250@CHF,0.95,net_cashflows,USD,2046,100,102.3000000000001,20,0.04887585532746823,0.037452550998678474,0.06029915965625798,-0.07023122190797546,-0.20950726292359934,0.06904481910764843,3.7714660015437897,0.15171780938983637,2,4.924169061331518,0.1774348199146376,3,2046,11.213378788754829,0.08200136874164463,6,False,False
FHS250@CHF,0.95,net_cashflows,USD,2046,100,102.3000000000001,60,0.04887585532746823,0.03761562897150558,0.060136081683430875,-0.07023122190797546,-0.21365015795849587,0.07318771414254496,4.149752165285767,0.12557198707789258,2,4.255701331429088,0.23514395802467292,3,2046,11.726430321370941,0.0683575829132167,6,False,False
FHS250@CHF,0.99,funded_assets,EUR,2046,24,20.46000000000002,20,0.011730205278592375,0.007002708710272638,0.01645770184691211,-0.14282362735011203,-0.40414256162413953,0.1184953069239155,1.1588889308897343,,2,12.410114109081144,,3,2046,105.97550545976506,,6,True,True
FHS250@CHF,0.99,funded_assets,EUR,2046,24,20.46000000000002,60,0.011730205278592375,0.006649815909532853,0.0168105946476519,-0.14282362735011203,-0.4200792715537157,0.13443201685349168,1.0348189347245305,,2,17.431349091384966,,3,2046,199.31329507115723,,6,True,True
FHS250@CHF,0.99,funded_assets,USD,2046,24,20.46000000000002,20,0.011730205278592375,0.0071529983449679715,0.01630741221221678,-0.138495803467091,-0.4036155419099665,0.1266239349757845,1.0783973185919902,,2,11.919387392059875,,3,2046,107.26158879829968,,6,True,True
FHS250@CHF,0.99,funded_assets,USD,2046,24,20.46000000000002,60,0.011730205278592375,0.0068368560203997935,0.016623554536784955,-0.138495803467091,-0.41905664975039336,0.14206504281621135,0.937128713084726,,2,16.806773477173344,,3,2046,202.25748500877486,,6,True,True
FHS250@CHF,0.99,net_cashflows,EUR,2046,34,20.46000000000002,20,0.016617790811339198,0.010697770644268512,0.022537810978409883,-0.24765498491364474,-0.4958379551521733,0.0005279853248838506,4.884996797797262,0.08694336068916993,2,85.15875024717585,2.399274458174007e-18,3,2046,86.0932972691797,1.9592848074226527e-16,6,False,False
FHS250@CHF,0.99,net_cashflows,EUR,2046,34,20.46000000000002,60,0.016617790811339198,0.01057546430201649,0.022660117320661907,-0.24765498491364474,-0.4873008448728413,-0.008009124954448166,4.810764513847357,0.09023099759309108,2,196.8776422930454,1.9943013231755072e-42,3,2046,199.23154580207816,2.7654420077448126e-40,6,False,False
FHS250@CHF,0.99,net_cashflows,USD,2046,33,20.46000000000002,20,0.016129032258064516,0.010233086203618392,0.02202497831251064,-0.24657433600010903,-0.5013453027806143,0.008196630780396286,4.299508168890842,0.1165128065622025,2,84.54547254215471,3.2487611139800922e-18,3,2046,85.29930879806163,2.8618702763424264e-16,6,False,False
FHS250@CHF,0.99,net_cashflows,USD,2046,33,20.46000000000002,60,0.016129032258064516,0.010132575134305544,0.022125489381823488,-0.24657433600010903,-0.4926309133427183,-0.0005177586574997561,4.296029408635283,0.11671564297624334,2,200.1487984039827,3.91751824348493e-43,3,2046,202.0056737994021,7.10005187733587e-41,6,False,False
FHS250@EUR,0.95,funded_assets,EUR,2046,93,102.3000000000001,20,0.045454545454545456,0.03557245915199993,0.055336631757090984,-0.029419975478932697,-0.1297928632014305,0.07095291224356509,3.304063063191861,0.19166014920173147,2,2.548288123815819,0.4666275094824731,3,2046,11.883961283547949,0.06460811825798012,6,False,False
FHS250@EUR,0.95,funded_assets,EUR,2046,93,102.3000000000001,60,0.045454545454545456,0.03499138653385146,0.05591770437523945,-0.029419975478932697,-0.1464195436831198,0.0875795927252544,3.9016581647256685,0.14215616354756427,2,2.966513209376652,0.39681704925467265,3,2046,15.309312713294965,0.01798267799508888,6,False,False
FHS250@EUR,0.95,funded_assets,USD,2046,94,102.3000000000001,20,0.04594330400782014,0.035849790549871724,0.05603681746576855,-0.029875461716845336,-0.1312179394361209,0.07146701600243022,2.7481858744215657,0.25306904123871765,2,2.5461798120538712,0.46700313448237096,3,2046,11.555947790152992,0.07264061558390485,6,False,False
FHS250@EUR,0.95,funded_assets,USD,2046,94,102.3000000000001,60,0.04594330400782014,0.03494249395325164,0.05694411406238863,-0.029875461716845336,-0.14807176509686049,0.08832084166316981,2.9635878278873107,0.22722969202511328,2,2.7933441098923413,0.4245967674379819,3,2046,14.915952921342827,0.020920581963151257,6,False,False
FHS250@EUR,0.95,net_cashflows,EUR,2046,106,102.3000000000001,20,0.05180840664711633,0.040309029172448614,0.06330778412178405,-0.06613192275553878,-0.19723233954067906,0.0649684940296015,1.479071632762311,0.47733543539391254,2,7.249224450484512,0.06436442520065615,3,2046,9.024575384562368,0.17220067876281486,6,False,False
FHS250@EUR,0.95,net_cashflows,EUR,2046,106,102.3000000000001,60,0.05180840664711633,0.04010247357393183,0.06351433972030082,-0.06613192275553878,-0.20045288304018966,0.0681890375291121,1.4846849464209264,0.47599759693922683,2,7.675028351504968,0.05322773201619502,3,2046,10.752286352866893,0.09634072976972992,6,False,False
FHS250@EUR,0.95,net_cashflows,USD,2046,106,102.3000000000001,20,0.05180840664711633,0.040309029172448614,0.06330778412178405,-0.06678867671428165,-0.19971208811858576,0.06613473469002246,1.4600930510603982,0.481886569540499,2,7.273920583765023,0.06366098711979316,3,2046,9.02261462949221,0.17231022912027855,6,False,False
FHS250@EUR,0.95,net_cashflows,USD,2046,106,102.3000000000001,60,0.05180840664711633,0.04010247357393183,0.06351433972030082,-0.06678867671428165,-0.20277043087351204,0.06919307744494874,1.469644491298339,0.47959070073229604,2,7.710503295789414,0.05238940340780684,3,2046,10.777390904289122,0.09550494692542004,6,False,False
FHS250@EUR,0.99,funded_assets,EUR,2046,27,20.46000000000002,20,0.013196480938416423,0.0077399006771055965,0.018653061199727247,-0.15984648491463943,-0.41083259874660544,0.09113962891732658,1.9165506406162895,,2,3.9883671547522415,,3,2046,93.58026843415519,,6,True,True
FHS250@EUR,0.99,funded_assets,EUR,2046,27,20.46000000000002,60,0.013196480938416423,0.007222719403121645,0.0191702424737112,-0.15984648491463943,-0.42431514039796114,0.10462217056868228,1.4415854529224463,,2,4.918019548587309,,3,2046,183.08871279063177,,6,True,True
FHS250@EUR,0.99,funded_assets,USD,2046,28,20.46000000000002,20,0.013685239491691105,0.00819232192235974,0.01917815706102247,-0.15991869924350374,-0.41410122425251117,0.09426382576550371,2.178652042199402,,2,3.7004226728618175,,3,2046,91.28436059464971,,6,True,True
FHS250@EUR,0.99,funded_assets,USD,2046,28,20.46000000000002,60,0.013685239491691105,0.00773149635444807,0.01963898262893414,-0.15991869924350374,-0.4286134920466347,0.10877609355962717,1.6097191513230487,,2,4.425089197020689,,3,2046,177.44597522227124,,6,True,True
FHS250@EUR,0.99,net_cashflows,EUR,2046,30,20.46000000000002,20,0.01466275659824047,0.008947934956220982,0.020377578240259958,-0.23834017015157083,-0.48992724428901363,0.013246903985871972,3.538031535120868,0.17050071860754576,2,92.77493058669874,5.551916155175051e-20,3,2046,95.4725653026217,2.20421253647239e-18,6,False,False
FHS250@EUR,0.99,net_cashflows,EUR,2046,30,20.46000000000002,60,0.01466275659824047,0.008813117564246785,0.020512395632234157,-0.23834017015157083,-0.47762707175003605,0.0009467314468944166,3.8198771629076003,0.1480894817568308,2,222.0056444633873,7.398643160585323e-48,3,2046,225.26009197063644,7.859275909363758e-46,6,False,False
FHS250@EUR,0.99,net_cashflows,USD,2046,30,20.46000000000002,20,0.01466275659824047,0.008947934956220982,0.020377578240259958,-0.2390856468089234,-0.49668556462836194,0.018514271010515115,3.419992067309771,0.18086650999469772,2,92.79648465534427,5.493028872280395e-20,3,2046,95.51866189259678,2.1560271369656513e-18,6,False,False
FHS250@EUR,0.99,net_cashflows,USD,2046,30,20.46000000000002,60,0.01466275659824047,0.008813117564246785,0.020512395632234157,-0.2390856468089234,-0.4841423788545987,0.005971085236751883,3.6729506450830316,0.15937819399114345,2,222.00036108272323,7.41812643657701e-48,3,2046,225.30030473366307,7.705558337670494e-46,6,False,False
FHS250@GBP,0.95,funded_assets,EUR,2046,98,102.3000000000001,20,0.047898338220918865,0.03673667297618365,0.05906000346565408,-0.04028950491748125,-0.1521392359274969,0.07156022609253439,1.7500900765976226,0.41684324534508843,2,2.8924481268975373,0.4085065303170522,3,2046,13.704036438115917,0.03312275272541805,6,False,False
FHS250@GBP,0.95,funded_assets,EUR,2046,98,102.3000000000001,60,0.047898338220918865,0.034644432828186966,0.061152243613650764,-0.04028950491748125,-0.17953765033898145,0.09895864050401894,1.4676522166530217,0.4800686769543485,2,2.676289022332897,0.4442717769343941,3,2046,13.722047255042298,0.03289994384133674,6,False,False
FHS250@GBP,0.95,funded_assets,USD,2046,97,102.3000000000001,20,0.04740957966764418,0.03620654049127078,0.05861261884401758,-0.041239932671395384,-0.15421291325826353,0.07173304791547275,2.0462506288034046,0.35946972685195816,2,3.2834576200063035,0.349951680313907,3,2046,13.616829520490498,0.03422188581532447,6,False,False
FHS250@GBP,0.95,funded_assets,USD,2046,97,102.3000000000001,60,0.04740957966764418,0.03417554475559072,0.06064361457969765,-0.041239932671395384,-0.1818282554227286,0.09934839007993782,1.7856276137341442,0.40950187093685886,2,3.1333692629047265,0.37151584195666504,3,2046,13.45372440475237,0.03637064782102755,6,False,False
FHS250@GBP,0.95,net_cashflows,EUR,2046,108,102.3000000000001,20,0.05278592375366569,0.04149803770066891,0.06407380980666247,-0.06993776051341552,-0.19783278601844306,0.05795726499161202,1.6037815244156155,0.4484801925584505,2,3.1152092965583864,0.3742010028376601,3,2046,4.4949835093405826,0.6100085392318029,6,False,False
FHS250@GBP,0.95,net_cashflows,EUR,2046,108,102.3000000000001,60,0.05278592375366569,0.041223460830108985,0.0643483866772224,-0.06993776051341552,-0.2054923855031199,0.06561686447628887,1.7377542774865962,0.4194222379203072,2,4.065868375561397,0.2544388159260606,3,2046,6.50458451917779,0.36909747493062467,6,False,False
FHS250@GBP,0.95,net_cashflows,USD,2046,106,102.3000000000001,20,0.05180840664711633,0.0406525532897227,0.06296426000450996,-0.07137170817950442,-0.2011372785718349,0.05839386221282605,2.1782495420736296,0.33651088893274744,2,2.8833162656943596,0.4099675750873252,3,2046,5.2206943318629895,0.5158350873077211,6,False,False
FHS250@GBP,0.95,net_cashflows,USD,2046,106,102.3000000000001,60,0.05180840664711633,0.04025020306010148,0.06336661023413118,-0.07137170817950442,-0.2086855413541426,0.06594212499513377,2.6461285167346977,0.26631798325896044,2,3.6218959908961907,0.30529332765729966,3,2046,7.999377880436066,0.2381488871671268,6,False,False
FHS250@GBP,0.99,funded_assets,EUR,2046,25,20.46000000000002,20,0.012218963831867057,0.0072026297029436255,0.01723529796079049,-0.18704137853610664,-0.4615840318744693,0.087501274802256,1.7946820896404574,,2,106.6524442920757,,3,2046,110.60519560498061,,6,True,True
FHS250@GBP,0.99,funded_assets,EUR,2046,25,20.46000000000002,60,0.012218963831867057,0.0068823577713402985,0.017555569892393815,-0.18704137853610664,-0.4922377439183549,0.11815498684614162,1.5012540621307884,,2,278.2048737266277,,3,2046,286.8679614188997,,6,True,True
FHS250@GBP,0.99,funded_assets,USD,2046,25,20.46000000000002,20,0.012218963831867057,0.0072026297029436255,0.01723529796079049,-0.1889301363924111,-0.46637002117835025,0.08850974839352801,1.7935721876740929,,2,106.80574513387413,,3,2046,110.69371317079866,,6,True,True
FHS250@GBP,0.99,funded_assets,USD,2046,25,20.46000000000002,60,0.012218963831867057,0.0068823577713402985,0.017555569892393815,-0.1889301363924111,-0.4979665510223099,0.12010627823748773,1.4916706531804975,,2,278.2537937014075,,3,2046,286.84755705110797,,6,True,True
FHS250@GBP,0.99,net_cashflows,EUR,2046,30,20.46000000000002,20,0.01466275659824047,0.008970921541936449,0.020354591654544493,-0.2242956179594124,-0.45423904138539134,0.005647805466566513,3.699149228416052,0.15730406699843927,2,87.81800358074629,6.444039938937823e-19,3,2046,87.9209640251249,8.185627020943841e-17,6,False,False
FHS250@GBP,0.99,net_cashflows,EUR,2046,30,20.46000000000002,60,0.01466275659824047,0.008877770561130687,0.020447742635350253,-0.2242956179594124,-0.447221877460602,-0.0013693584582228358,3.8894583433218526,0.1430259535746844,2,222.84577540203674,4.870043980727646e-48,3,2046,223.7396150175715,1.6585156321416136e-45,6,False,False
FHS250@GBP,0.99,net_cashflows,USD,2046,30,20.46000000000002,20,0.01466275659824047,0.008970921541936449,0.020354591654544493,-0.22549571309421512,-0.4622275346578582,0.011236108469427963,3.557399309091075,0.16885757775364252,2,87.85579487677985,6.32474930632918e-19,3,2046,87.87982571946014,8.348102120696223e-17,6,False,False
FHS250@GBP,0.99,net_cashflows,USD,2046,30,20.46000000000002,60,0.01466275659824047,0.008877770561130687,0.020447742635350253,-0.22549571309421512,-0.45506035571123105,0.0040689295228008016,3.7089223926879544,0.1565372628064212,2,222.83860864447965,4.88744860108577e-48,3,2046,223.52639622754313,1.8416144164773734e-45,6,False,False
FHS250@JPY,0.95,funded_assets,EUR,2046,91,102.3000000000001,20,0.04447702834799609,0.03440204503567626,0.054552011660315924,-0.022395722384609983,-0.12485580052664136,0.08006435575742138,3.584816535033266,0.1665585686892536,2,3.250291934257962,0.3546212182728749,3,2046,9.323748002180247,0.15617261653720943,6,False,False
FHS250@JPY,0.95,funded_assets,EUR,2046,91,102.3000000000001,60,0.04447702834799609,0.033518329915654,0.05543572678033819,-0.022395722384609983,-0.13645969476146863,0.09166824999224868,3.9922886875947983,0.13585809680786667,2,2.796754882566735,0.4240343998087198,3,2046,10.393329385871626,0.10903566618643902,6,False,False
FHS250@JPY,0.95,funded_assets,USD,2046,92,102.3000000000001,20,0.044965786901270774,0.034706593515333645,0.0552249802872079,-0.022284650364117958,-0.12578753330131495,0.08121823257307903,2.9257597100334154,0.23156843003842686,2,2.702788799452666,0.43975357513356084,3,2046,9.281937929923744,0.15833188912298513,6,False,False
FHS250@JPY,0.95,funded_assets,USD,2046,92,102.3000000000001,60,0.044965786901270774,0.03362641939165278,0.05630515441088877,-0.022284650364117958,-0.13777826196506246,0.09320896123682654,3.073173893257512,0.21511404564530054,2,2.251717745971316,0.5218335516635995,3,2046,9.953527491941056,0.12662276934541225,6,False,False
FHS250@JPY,0.95,net_cashflows,EUR,2046,111,102.3000000000001,20,0.054252199413489736,0.04321591114609002,0.06528848768088945,-0.0597079799027083,-0.17592928219448944,0.056513322389072855,1.0151167556132659,0.601963553535064,2,7.190685361388525,0.06606204679806915,3,2046,13.176289480618413,0.04032032505102927,6,False,False
FHS250@JPY,0.95,net_cashflows,EUR,2046,111,102.3000000000001,60,0.054252199413489736,0.0431841533993781,0.06532024542760137,-0.0597079799027083,-0.17592112177028094,0.056505161964864346,1.0167719847053664,0.6014655658413204,2,8.43993779936306,0.03774291166650195,3,2046,15.619118638860781,0.0159510797231789,6,False,False
FHS250@JPY,0.95,net_cashflows,USD,2046,109,102.3000000000001,20,0.05327468230694037,0.04246890760472169,0.06408045700915906,-0.05972199498422778,-0.17785914038143433,0.05841515041297876,1.0172432184891607,0.6013238670880793,2,8.00291499993751,0.045951499827684976,3,2046,13.534085699204972,0.035296531866846705,6,False,False
FHS250@JPY,0.95,net_cashflows,USD,2046,109,102.3000000000001,60,0.05327468230694037,0.0425746592177753,0.06397470539610545,-0.05972199498422778,-0.17747706208177072,0.05803307211331517,1.0718302930445927,0.5851335621029183,2,8.783215278153085,0.03231642649459921,3,2046,16.083500642374467,0.013312734415606127,6,False,False
FHS250@JPY,0.99,funded_assets,EUR,2046,26,20.46000000000002,20,0.01270772238514174,0.007122662780510325,0.018292781989773157,-0.16475970030926895,-0.4353320790085371,0.10581267838999919,1.5717943668734835,,2,2.8708674968328447,,3,2046,10.98454628948556,,6,True,True
FHS250@JPY,0.99,funded_assets,EUR,2046,26,20.46000000000002,60,0.01270772238514174,0.006599100791047624,0.01881634397923586,-0.16475970030926895,-0.43365465114273793,0.10413525052420003,1.4457592022476335,,2,3.283707921586172,,3,2046,8.484959743962188,,6,True,True
FHS250@JPY,0.99,funded_assets,USD,2046,28,20.46000000000002,20,0.013685239491691105,0.007726754340868915,0.019643724642513294,-0.1704245831645915,-0.4449816905681331,0.10413252423895006,1.9885533461110818,,2,2.2325940738427597,,3,2046,10.561340162255291,,6,True,True
FHS250@JPY,0.99,funded_assets,USD,2046,28,20.46000000000002,60,0.013685239491691105,0.007194947619401439,0.02017553136398077,-0.1704245831645915,-0.4439580113297952,0.10310884500061215,1.5708544116520642,,2,2.3690749474301933,,3,2046,7.6645767995664205,,6,True,True
FHS250@JPY,0.99,net_cashflows,EUR,2046,32,20.46000000000002,20,0.015640273704789834,0.010250364345634293,0.021030183063945374,-0.228104712350165,-0.4515574405473347,-0.004651984152995309,4.730981043382631,0.09390322749955914,2,101.43943134907384,7.620273514426648e-22,3,2046,101.65043115161656,1.135280660598559e-19,6,False,False
FHS250@JPY,0.99,net_cashflows,EUR,2046,32,20.46000000000002,60,0.015640273704789834,0.00995344497220211,0.02132710243737756,-0.228104712350165,-0.44378594119457326,-0.0124234835057567,4.600581153980873,0.10022971504199724,2,221.07074909711156,1.1782944364729624e-47,3,2046,221.94311050591224,4.007614770818058e-45,6,False,False
FHS250@JPY,0.99,net_cashflows,USD,2046,33,20.46000000000002,20,0.016129032258064516,0.010551551220447201,0.02170651329568183,-0.22810605842380452,-0.4559484918696953,-0.00026362497791368456,4.850318026272403,0.0884640509774264,2,95.71236301741156,1.2978274687225458e-20,3,2046,95.97726551464486,1.7303866989963956e-18,6,False,False
FHS250@JPY,0.99,net_cashflows,USD,2046,33,20.46000000000002,60,0.016129032258064516,0.010360856322253075,0.02189720819387596,-0.22810605842380452,-0.44756029497758,-0.008651821870029053,4.721159297499415,0.09436550849116664,2,209.58590451668366,3.578307953391156e-45,3,2046,211.12900678655276,8.093792543315457e-43,6,False,False
FHS250@USD,0.95,funded_assets,EUR,2046,89,102.3000000000001,20,0.04349951124144673,0.03385650855547623,0.05314251392741723,-0.018545505009286322,-0.10977448882499218,0.07268347880641952,4.690534113048947,0.09582160892738521,2,11.525386838388966,0.009199114528683699,3,2046,24.351354994029137,0.00044996725068322007,6,False,False
FHS250@USD,0.95,funded_assets,EUR,2046,89,102.3000000000001,60,0.04349951124144673,0.03357922920692028,0.053419793275973175,-0.018545505009286322,-0.11668661098528346,0.07959560096671081,5.166510726983051,0.07552773316460894,2,10.912961622220363,0.012205956609154061,3,2046,25.767626331286174,0.00024596072650040897,6,False,False
FHS250@USD,0.95,funded_assets,USD,2046,91,102.3000000000001,20,0.04447702834799609,0.034801825270173226,0.05415223142581896,-0.019355349154706995,-0.11166247980369158,0.0729517814942776,4.058264715259765,0.1314495228605491,2,11.363844228667272,0.00991266976273903,3,2046,23.615819260698203,0.000614406684221234,6,False,False
FHS250@USD,0.95,funded_assets,USD,2046,91,102.3000000000001,60,0.04447702834799609,0.03441492992435928,0.054539126771632904,-0.019355349154706995,-0.11884790548412878,0.0801372071747148,4.415245449357871,0.1099617473889208,2,11.325011773718268,0.010092180545220583,3,2046,25.31082492188329,0.0002990381906625827,6,False,False
FHS250@USD,0.95,net_cashflows,EUR,2046,108,102.3000000000001,20,0.05278592375366569,0.041618696228645474,0.06395315127868591,-0.053611641129624174,-0.17240739620738355,0.06518411394813518,0.8582567976768951,0.6510763263698489,2,9.192139997529663,0.026842406868037776,3,2046,12.496487478651908,0.05176623276344034,6,False,False
FHS250@USD,0.95,net_cashflows,EUR,2046,108,102.3000000000001,60,0.05278592375366569,0.04199909520088411,0.06357275230644727,-0.053611641129624174,-0.1738731655261494,0.06664988326690104,0.8544902081769848,0.6523036503407607,2,11.066353174803025,0.011372436678936565,3,2046,15.257768288379662,0.01834386918451666,6,False,False
FHS250@USD,0.95,net_cashflows,USD,2046,107,102.3000000000001,20,0.05229716520039101,0.041174419657059994,0.06341991074372202,-0.05432169468188991,-0.17499172368027738,0.06634833431649757,0.9355082135041828,0.626407534104791,2,7.350130945695104,0.061536885342434754,3,2046,11.383878241911287,0.07721247620626441,6,False,False
FHS250@USD,0.95,net_cashflows,USD,2046,107,102.3000000000001,60,0.05229716520039101,0.04177807719176857,0.06281625320901345,-0.05432169468188991,-0.17619472554027682,0.06755133617649701,0.917273386346837,0.632144865730671,2,8.97152246190458,0.029671916816824538,3,2046,14.045376506587347,0.02913337004092929,6,False,False
FHS250@USD,0.99,funded_assets,EUR,2046,24,20.46000000000002,20,0.011730205278592375,0.00641936486897545,0.0170410456882093,-0.11813089100920408,-0.3298879143457164,0.09362613232730822,1.1980526754184448,,2,2.8876839082522023,,3,2046,111.10415342138694,,6,True,True
FHS250@USD,0.99,funded_assets,EUR,2046,24,20.46000000000002,60,0.011730205278592375,0.006141603575271755,0.017318806981912994,-0.11813089100920408,-0.338664013684493,0.10240223166608482,1.1981367243983174,,2,3.301241415321015,,3,2046,239.46136934670633,,6,True,True
FHS250@USD,0.99,funded_assets,USD,2046,24,20.46000000000002,20,0.011730205278592375,0.00641936486897545,0.0170410456882093,-0.12025478851443824,-0.33565126411727053,0.09514168708839402,1.2002890058284796,,2,2.9438989377510434,,3,2046,110.48173679946719,,6,True,True
FHS250@USD,0.99,funded_assets,USD,2046,24,20.46000000000002,60,0.011730205278592375,0.006141603575271755,0.017318806981912994,-0.12025478851443824,-0.3442620335257527,0.10375245649687617,1.2009133597881496,,2,3.3684002472779064,,3,2046,237.1678503875791,,6,True,True
FHS250@USD,0.99,net_cashflows,EUR,2046,34,20.46000000000002,20,0.016617790811339198,0.011014348725596729,0.022221232897081666,-0.22365426610190214,-0.4525868358933854,0.005278303689581099,5.367661444199108,0.06830101018535926,2,96.29768346196697,9.714341979003514e-21,3,2046,97.84776681915517,7.053234770759873e-19,6,False,False
FHS250@USD,0.99,net_cashflows,EUR,2046,34,20.46000000000002,60,0.016617790811339198,0.010740753091111426,0.02249482853156697,-0.22365426610190214,-0.44724531878977236,-6.321341403195402e-05,4.947878337920708,0.08425232034345145,2,205.32748185844224,2.978292285143628e-44,3,2046,208.94270150487907,2.3656304965410694e-42,6,False,False
FHS250@USD,0.99,net_cashflows,USD,2046,33,20.46000000000002,20,0.016129032258064516,0.010551551220447201,0.02170651329568183,-0.22398091736202294,-0.4591532082621621,0.011191373538116195,4.690621378842308,0.09581742804423585,2,96.53109556628051,8.654534455579086e-21,3,2046,97.8733746062499,6.9670724566674905e-19,6,False,False
FHS250@USD,0.99,net_cashflows,USD,2046,33,20.46000000000002,60,0.016129032258064516,0.010360856322253075,0.02189720819387596,-0.22398091736202294,-0.45348801121938065,0.005526176495334795,4.45976382037958,0.10754112889748427,2,209.91245031625354,3.0416138665722134e-45,3,2046,212.89222824891183,3.407446643518588e-43,6,False,False
FHS500@CHF,0.95,funded_assets,EUR,2046,94,102.3000000000001,20,0.04594330400782014,0.03548825658897653,0.056398351426663745,0.016300063156182935,-0.07174461661607803,0.1043447429284439,0.6129712445728139,0.7360291005188885,2,3.537455246270603,0.3159366934764058,3,2046,21.372548401428997,0.0015721742615249959,6,False,False
FHS500@CHF,0.95,funded_assets,EUR,2046,94,102.3000000000001,60,0.04594330400782014,0.03278911258563509,0.059097495430005184,0.016300063156182935,-0.08772224947491855,0.12032237578728441,0.4629147002649895,0.7933765321855335,2,3.4319458808252823,0.3296963630351217,3,2046,28.98492560848468,6.123785656778847e-05,6,False,False
FHS500@CHF,0.95,funded_assets,USD,2046,91,102.3000000000001,20,0.04447702834799609,0.034012021889623975,0.05494203480636821,0.01715585769722422,-0.0720713249935674,0.10638304038801584,1.2430074034709218,0.5371361374837269,2,4.674556308427177,0.19723879571756564,3,2046,20.97767094019156,0.0018516399086725517,6,False,False
FHS500@CHF,0.95,funded_assets,USD,2046,91,102.3000000000001,60,0.04447702834799609,0.03156222238051507,0.05739183431547711,0.01715585769722422,-0.08845493701931227,0.12276665241376071,1.0474338105777736,0.5923148730827728,2,4.35961699102342,0.22515916733698188,3,2046,28.00730634790091,9.366551439915872e-05,6,False,False
FHS500@CHF,0.95,net_cashflows,EUR,2046,100,102.3000000000001,20,0.04887585532746823,0.03680809673858669,0.06094361391634977,-0.0811668013189812,-0.23654037747074502,0.07420677483278261,3.960071134368317,0.13806432666423218,2,5.123673722112544,0.16296193559598118,3,2046,9.984217333002881,0.12531823722524296,6,False,False
FHS500@CHF,0.95,net_cashflows,EUR,2046,100,102.3000000000001,60,0.04887585532746823,0.03547254073861726,0.062279169916319196,-0.0811668013189812,-0.24728170096659036,0.08494809832862797,4.572970504260616,0.1016230141636369,2,4.419588657484964,0.2195759225802105,3,2046,11.770173253307648,0.06729679139434137,6,False,False
FHS500@CHF,0.95,net_cashflows,USD,2046,101,102.3000000000001,20,0.04936461388074291,0.03725048230898318,0.06147874545250264,-0.08198373798712043,-0.2395501133473379,0.07558263737309705,3.3695684660755574,0.18548444905474354,2,4.643433029195136,0.19984768700770816,3,2046,8.799248663418963,0.1851869364792997,6,False,False
FHS500@CHF,0.95,net_cashflows,USD,2046,101,102.3000000000001,60,0.04936461388074291,0.03595785232838445,0.06277137543310138,-0.08198373798712043,-0.24999954489079002,0.08603206891654915,3.867039758440027,0.14463819246231902,2,4.05597870522451,0.2554825410612695,3,2046,10.2443667516146,0.11473127965350019,6,False,False
FHS500@CHF,0.99,funded_assets,EUR,2046,18,20.46000000000002,20,0.008797653958944282,0.004798783544904504,0.01279652437298406,-0.03336683333421034,-0.2308170617365499,0.16408339506812922,1.4842889723018071,,2,18.403729675637873,,3,2046,143.08637726750246,,6,True,True
FHS500@CHF,0.99,funded_assets,EUR,2046,18,20.46000000000002,60,0.008797653958944282,0.00444799925688356,0.013147308661005004,-0.03336683333421034,-0.2501094792091927,0.18337581254077204,1.5256507230412057,,2,21.90541918896965,,3,2046,333.5377604058705,,6,True,True
FHS500@CHF,0.99,funded_assets,USD,2046,18,20.46000000000002,20,0.008797653958944282,0.0047987835449045035,0.01279652437298406,-0.03297374060692412,-0.23367505841355818,0.16772757719970993,1.4242532793687832,,2,15.29247609230215,,3,2046,141.54624229102396,,6,True,True
FHS500@CHF,0.99,funded_assets,USD,2046,18,20.46000000000002,60,0.008797653958944282,0.004570787827008635,0.01302452009087993,-0.03297374060692412,-0.2533492318725077,0.1874017506586594,1.5093408864248528,,2,19.88152484299265,,3,2046,339.49725810972615,,6,True,True
FHS500@CHF,0.99,net_cashflows,EUR,2046,23,20.46000000000002,20,0.011241446725317693,0.005356198889765105,0.017126694560870282,-0.18898058198678433,-0.47349924650636355,0.09553808253279492,4.0963530737281575,,2,99.47651228687859,,3,2046,103.97243196752017,,6,True,True
FHS500@CHF,0.99,net_cashflows,EUR,2046,23,20.46000000000002,60,0.011241446725317693,0.00500453999887072,0.017478353451764666,-0.18898058198678433,-0.4745462407308899,0.09658507675732128,6.027451888080884,,2,271.40070509522263,,3,2046,276.79819881018335,,6,True,True
FHS500@CHF,0.99,net_cashflows,USD,2046,24,20.46000000000002,20,0.011730205278592375,0.005804867458935429,0.01765554309824932,-0.19520353509539157,-0.48688985566161774,0.09648278547083461,3.054004731435814,,2,96.57321089263503,,3,2046,100.62092050839505,,6,True,True
FHS500@CHF,0.99,net_cashflows,USD,2046,24,20.46000000000002,60,0.011730205278592375,0.005441820182387987,0.018018590374796764,-0.19520353509539157,-0.4874584400818034,0.09705136989102026,3.976665927412224,,2,261.2993355124944,,3,2046,264.57002037269046,,6,True,True
FHS500@EUR,0.95,funded_assets,EUR,2046,94,102.3000000000001,20,0.04594330400782014,0.03566605549769663,0.056220552517943646,0.00764824687673608,-0.07658984276525672,0.09188633651872889,0.7981676755075788,0.6709344493582843,2,1.9192405904812118,0.5893366176129284,3,2046,13.681072972613892,0.033408898300335214,6,False,False
FHS500@EUR,0.95,funded_assets,EUR,2046,94,102.3000000000001,60,0.04594330400782014,0.03445816062072027,0.05742844739492001,0.00764824687673608,-0.08836349669018786,0.10365999044366003,0.77008102233369,0.6804230709136894,2,1.6082227649016088,0.657526803456524,3,2046,13.845628826350977,0.031408923554397214,6,False,False
FHS500@EUR,0.95,funded_assets,USD,2046,93,102.3000000000001,20,0.045454545454545456,0.03522577385190869,0.05568331705718222,0.008653247374050472,-0.07642292479305468,0.09372941954115563,1.003685528073121,0.6054139960156898,2,1.6754600270118278,0.6424033035856003,3,2046,14.32529737523144,0.0262061426459434,6,False,False
FHS500@EUR,0.95,funded_assets,USD,2046,93,102.3000000000001,60,0.045454545454545456,0.03427472727786226,0.05663436363122865,0.008653247374050472,-0.08842357735201783,0.10573007210011878,0.9695450636502199,0.6158372642117573,2,1.43715081438955,0.6968499432445794,3,2046,13.337759514516083,0.037975070876909156,6,False,False
FHS500@EUR,0.95,net_cashflows,EUR,2046,106,102.3000000000001,20,0.05180840664711633,0.03936363705339113,0.06425317624084152,-0.06845799331684026,-0.2160661059669548,0.0791501193332743,1.3480730312422724,0.5096472212666192,2,4.812210248185916,0.18607592247111765,3,2046,6.12754637812374,0.4090551095856967,6,False,False
FHS500@EUR,0.95,net_cashflows,EUR,2046,106,102.3000000000001,60,0.05180840664711633,0.03828110079613239,0.06533571249810026,-0.06845799331684026,-0.2215285318826401,0.0846125452489596,1.5144953224287594,0.46895537645478724,2,4.517265901157687,0.2107553691629522,3,2046,6.57321036111883,0.3621236274995596,6,False,False
FHS500@EUR,0.95,net_cashflows,USD,2046,105,102.3000000000001,20,0.051319648093841645,0.038969499407781626,0.06366979677990166,-0.06880588136110953,-0.21842395227663997,0.08081218955442092,1.5042313865812873,0.47136822644317,2,5.071702226422577,0.16662142068588362,3,2046,6.615136420547417,0.35790881754094866,6,False,False
FHS500@EUR,0.95,net_cashflows,USD,2046,105,102.3000000000001,60,0.051319648093841645,0.03822426652436093,0.06441502966332235,-0.06880588136110953,-0.2235731363477788,0.08596137362555974,1.6921926285451767,0.42908668639729275,2,4.730091956401831,0.19266213344043587,3,2046,7.095101887388509,0.31214176503679775,6,False,False
FHS500@EUR,0.99,funded_assets,EUR,2046,18,20.46000000000002,20,0.008797653958944282,0.004798783544904504,0.01279652437298406,-0.03436674587714521,-0.21275442429090724,0.1440209325366168,1.3814208265201837,,2,4.044801744704013,,3,2046,165.7328258306629,,6,True,True
FHS500@EUR,0.99,funded_assets,EUR,2046,18,20.46000000000002,60,0.008797653958944282,0.00473040651734425,0.012864901400544314,-0.03436674587714521,-0.22344685210089438,0.15471336034660393,1.5836353859903536,,2,5.4226709977586935,,3,2046,368.6872594433073,,6,True,True
FHS500@EUR,0.99,funded_assets,USD,2046,18,20.46000000000002,20,0.008797653958944282,0.004798783544904504,0.01279652437298406,-0.031566830260544826,-0.2116366976309265,0.14850303710983684,1.2624236160281255,,2,4.028392956889077,,3,2046,158.44818294095236,,6,True,True
FHS500@EUR,0.99,funded_assets,USD,2046,18,20.46000000000002,60,0.008797653958944282,0.00473040651734425,0.012864901400544314,-0.031566830260544826,-0.22287294710319147,0.15973928658210182,1.4404511894151866,,2,5.392075000635523,,3,2046,358.9939043266412,,6,True,True
FHS500@EUR,0.99,net_cashflows,EUR,2046,21,20.46000000000002,20,0.010263929618768328,0.004648338752149443,0.015879520485387214,-0.20417108500241335,-0.4965055595695613,0.0881633895647346,5.892295271143059,,2,104.70610962336082,,3,2046,111.91825104257232,,6,True,True
FHS500@EUR,0.99,net_cashflows,EUR,2046,21,20.46000000000002,60,0.010263929618768328,0.004660729433960393,0.015867129803576262,-0.20417108500241335,-0.49461181943544996,0.08626964943062324,6.053507741643816,,2,287.35977650344324,,3,2046,296.22221854812744,,6,True,True
FHS500@EUR,0.99,net_cashflows,USD,2046,22,20.46000000000002,20,0.010752688172043012,0.005091756055301714,0.01641362028878431,-0.20861971456849643,-0.5083650184725593,0.09112558933556647,4.445162546577894,,2,101.09821037988937,,3,2046,106.66562058814588,,6,True,True
FHS500@EUR,0.99,net_cashflows,USD,2046,22,20.46000000000002,60,0.010752688172043012,0.005101091601975497,0.016404284742110527,-0.20861971456849643,-0.5053862120631128,0.08814678292612,4.400899481105663,,2,275.94632155869306,,3,2046,282.71233101552906,,6,True,True
FHS500@GBP,0.95,funded_assets,EUR,2046,97,102.3000000000001,20,0.04740957966764418,0.036042935986651786,0.05877622334863658,-0.009455138514822449,-0.0985529507957699,0.079642673766125,0.7101959903155323,0.701104734972976,2,0.2527684789743457,0.9686520531564746,3,2046,8.938720643735342,0.17705382331658717,6,False,False
FHS500@GBP,0.95,funded_assets,EUR,2046,97,102.3000000000001,60,0.04740957966764418,0.03394898339226787,0.060870175943020494,-0.009455138514822449,-0.11381798484382938,0.09490770781418448,0.5679256822969017,0.752794617169907,2,0.16926340763013983,0.9823917055742419,3,2046,11.070915414417298,0.08620927761481903,6,False,False
FHS500@GBP,0.95,funded_assets,USD,2046,96,102.3000000000001,20,0.0469208211143695,0.03557275265212406,0.05826888957661494,-0.009131386282401562,-0.09913003713873109,0.08086726457392795,0.9009716234847621,0.6373184596105415,2,0.3057082706585233,0.958951358040365,3,2046,9.671425784215737,0.13918848317749338,6,False,False
FHS500@GBP,0.95,funded_assets,USD,2046,96,102.3000000000001,60,0.0469208211143695,0.03352930428643243,0.060312337942306574,-0.009131386282401562,-0.114552422093149,0.09628964952834587,0.7269667213058745,0.6952502956308789,2,0.21247510780352402,0.9755506994896134,3,2046,12.064019685939176,0.06055574829434669,6,False,False
FHS500@GBP,0.95,net_cashflows,EUR,2046,100,102.3000000000001,20,0.04887585532746823,0.037395311688434345,0.06035639896650211,-0.08973571702340459,-0.23154083827763355,0.05206940423082436,6.4824179360616805,0.039116575811365725,2,0.40739861651181536,0.9387099086907453,3,2046,8.417115740794094,0.20910864932487502,6,False,False
FHS500@GBP,0.95,net_cashflows,EUR,2046,100,102.3000000000001,60,0.04887585532746823,0.03623109015605911,0.06152062049887735,-0.08973571702340459,-0.2500803132293339,0.07060887918252472,10.23024517313901,0.006005241627329645,2,0.4291877118674511,0.9341491400377955,3,2046,13.662235618722306,0.03364537087267924,6,False,False
FHS500@GBP,0.95,net_cashflows,USD,2046,98,102.3000000000001,20,0.047898338220918865,0.036537813085411895,0.059258863356425835,-0.09156957530687655,-0.23568645957387235,0.052547308960119235,8.418254906079683,0.014859328144847382,2,0.6168636164822237,0.8925612141463195,3,2046,10.943598574116596,0.09013530632031005,6,False,False
FHS500@GBP,0.95,net_cashflows,USD,2046,98,102.3000000000001,60,0.047898338220918865,0.0352867624830294,0.06050991395880833,-0.09156957530687655,-0.2539607657763067,0.0708216151625536,14.117659224439413,0.0008597837857714032,2,0.5821995576595627,0.9004950106581935,3,2046,19.603921170937678,0.003256446530696204,6,False,False
FHS500@GBP,0.99,funded_assets,EUR,2046,22,20.46000000000002,20,0.010752688172043012,0.006166431684493442,0.015338944659592582,-0.0652481422178486,-0.2599843842140597,0.1294880997783625,0.4359073073935036,,2,109.40010780235271,,3,2046,129.73248953938557,,6,True,True
FHS500@GBP,0.99,funded_assets,EUR,2046,22,20.46000000000002,60,0.010752688172043012,0.006024007710311072,0.015481368633774951,-0.0652481422178486,-0.2769278836587605,0.14643159922306326,0.4030205326880632,,2,296.26846466566104,,3,2046,321.3680250286432,,6,True,True
FHS500@GBP,0.99,funded_assets,USD,2046,19,20.46000000000002,20,0.009286412512218964,0.004876972022155277,0.01369585300228265,-0.0629385574925969,-0.25950800167558596,0.1336308866903922,1.1689871144953676,,2,123.23486460201461,,3,2046,140.3756938490429,,6,True,True
FHS500@GBP,0.99,funded_assets,USD,2046,19,20.46000000000002,60,0.009286412512218964,0.004547450587930886,0.014025374436507042,-0.0629385574925969,-0.27790228359890357,0.1520251686137098,1.6588847504822102,,2,338.34654063962927,,3,2046,362.89717024662355,,6,True,True
FHS500@GBP,0.99,net_cashflows,EUR,2046,24,20.46000000000002,20,0.011730205278592375,0.005746157441034195,0.017714253116150554,-0.2045671958395024,-0.4536540727695725,0.044519681090567725,4.709299652813878,,2,93.8371695026485,,3,2046,100.4707585732825,,6,True,True
FHS500@GBP,0.99,net_cashflows,EUR,2046,24,20.46000000000002,60,0.011730205278592375,0.0056189595747247354,0.017841450982460014,-0.2045671958395024,-0.46039549751347836,0.051261105834473575,6.221382227324745,,2,260.4881209874849,,3,2046,273.4794721191411,,6,True,True
FHS500@GBP,0.99,net_cashflows,USD,2046,23,20.46000000000002,20,0.011241446725317693,0.0052970929058513425,0.017185800544784045,-0.21104287037491576,-0.46873165895981056,0.04664591820997904,5.866161711923385,,2,96.5449454579622,,3,2046,103.96938683447483,,6,True,True
FHS500@GBP,0.99,net_cashflows,USD,2046,23,20.46000000000002,60,0.011241446725317693,0.005114047486394365,0.01736884596424102,-0.21104287037491576,-0.47498142738056115,0.05289568663072963,8.38779430550807,,2,270.2483793103644,,3,2046,285.3724484338192,,6,True,True
FHS500@JPY,0.95,funded_assets,EUR,2046,89,102.3000000000001,20,0.04349951124144673,0.03343044659829038,0.05356857588460308,0.014810966481162438,-0.07365475563694876,0.10327668859927364,2.121933982206398,0.34612095257214615,2,4.710154805608415,0.1942936407405666,3,2046,8.029073206028166,0.23598105942982997,6,False,False
FHS500@JPY,0.95,funded_assets,EUR,2046,89,102.3000000000001,60,0.04349951124144673,0.03228934832766853,0.05470967415522493,0.014810966481162438,-0.08576808319339435,0.11539001615571923,2.1335973467390574,0.34410835925717115,2,3.9663083399197387,0.265125278318057,3,2046,7.980193708828205,0.23955796053164002,6,False,False
FHS500@JPY,0.95,funded_assets,USD,2046,89,102.3000000000001,20,0.04349951124144673,0.03343044659829038,0.05356857588460308,0.01505148393435696,-0.07419664463399689,0.1042996125027108,2.119321605901285,0.3465733470515819,2,5.032196934573195,0.16945465126091228,3,2046,7.414528786126051,0.2842057923467517,6,False,False
FHS500@JPY,0.95,funded_assets,USD,2046,89,102.3000000000001,60,0.04349951124144673,0.03215196209316216,0.0548470603897313,0.01505148393435696,-0.08676548546103206,0.11686845332974598,2.0817714255395035,0.3531417612328391,2,4.0208772187303765,0.2592185742578463,3,2046,7.376727922792361,0.28740757626383223,6,False,False
FHS500@JPY,0.95,net_cashflows,EUR,2046,104,102.3000000000001,20,0.05083088954056696,0.03948383052177687,0.06217794855935706,-0.07399199893743863,-0.20027459671966721,0.052290598844789954,2.95224365829421,0.22852222030625483,2,2.9841844138873714,0.3940700617710874,3,2046,8.831630677329674,0.18327080920564254,6,False,False
FHS500@JPY,0.95,net_cashflows,EUR,2046,104,102.3000000000001,60,0.05083088954056696,0.03893733608615631,0.06272444299497762,-0.07399199893743863,-0.2010217894401755,0.05303779156529825,3.549312719993191,0.16954170080079858,2,3.041208809950225,0.3853151247454945,3,2046,11.345313682635142,0.07827267703919966,6,False,False
FHS500@JPY,0.95,net_cashflows,USD,2046,105,102.3000000000001,20,0.051319648093841645,0.04001892431165495,0.06262037187602834,-0.07462579922316918,-0.20311783942620104,0.05386624097986269,2.5178072776639637,0.2839651842990731,2,2.9612415539136916,0.39763965062993545,3,2046,8.246673965332553,0.22058268050203916,6,False,False
FHS500@JPY,0.95,net_cashflows,USD,2046,105,102.3000000000001,60,0.051319648093841645,0.03962865126498338,0.06301064492269991,-0.07462579922316918,-0.20355040921838108,0.054298810772042724,3.000780393614298,0.2230431124563315,2,3.088925112861903,0.37811684890752734,3,2046,10.43146907669992,0.10761877318923252,6,False,False
FHS500@JPY,0.99,funded_assets,EUR,2046,18,20.46000000000002,20,0.008797653958944282,0.004798783544904504,0.01279652437298406,-0.01608471876135218,-0.19016817890986099,0.15799874138715664,0.7882352098962905,,2,5.880484577121374,,3,2046,141.119960910614,,6,True,True
FHS500@JPY,0.99,funded_assets,EUR,2046,18,20.46000000000002,60,0.008797653958944282,0.004767565076572697,0.012827742841315867,-0.01608471876135218,-0.19187077069895483,0.1597013331762505,0.8213886813016337,,2,5.488551055172559,,3,2046,340.8050123607559,,6,True,True
FHS500@JPY,0.99,funded_assets,USD,2046,20,20.46000000000002,20,0.009775171065493646,0.005483427597986032,0.014066914533001261,-0.016425357786279328,-0.19214182902884744,0.1592911134562888,0.09354951934805503,,2,1.5978177779686529,,3,2046,133.1241972391328,,6,True,True
FHS500@JPY,0.99,funded_assets,USD,2046,20,20.46000000000002,60,0.009775171065493646,0.005386423567542912,0.014163918563444379,-0.016425357786279328,-0.19441562425653466,0.16156490868397602,0.09976128708770353,,2,1.839423023043209,,3,2046,311.72232644153746,,6,True,True
FHS500@JPY,0.99,net_cashflows,EUR,2046,30,20.46000000000002,20,0.01466275659824047,0.009063811524346661,0.02026170167213428,-0.16457523619043035,-0.4127723599339599,0.08362188755309921,2.7169526967420214,0.2570521366366559,2,87.85996119705536,6.311733911772638e-19,3,2046,89.81234350810306,3.3144814801802626e-17,6,False,False
FHS500@JPY,0.99,net_cashflows,EUR,2046,30,20.46000000000002,60,0.01466275659824047,0.009171279148200392,0.020154234048280546,-0.16457523619043035,-0.40725869725012187,0.07810822486926114,2.7810386086641747,0.24894599232608322,2,227.49672441972845,4.808816288572655e-49,3,2046,229.17454033281467,1.1486914637726516e-46,6,False,False
FHS500@JPY,0.99,net_cashflows,USD,2046,31,20.46000000000002,20,0.015151515151515152,0.009369011053655587,0.020934019249374717,-0.16614031498610873,-0.41895007150227404,0.0866694415300566,3.0493578086451114,0.21769094526574428,2,85.69050828656579,1.844723459804499e-18,3,2046,87.13199376233979,1.1932290559359853e-16,6,False,False
FHS500@JPY,0.99,net_cashflows,USD,2046,31,20.46000000000002,60,0.015151515151515152,0.009344279029536058,0.020958751273494246,-0.16614031498610873,-0.4129968638634705,0.08071623389125304,3.023702546298883,0.2205013915679388,2,213.30155277593744,5.63138635791614e-46,3,2046,214.71801419005024,1.3909536549156698e-43,6,False,False
FHS500@USD,0.95,funded_assets,EUR,2046,88,102.3000000000001,20,0.043010752688172046,0.03348598065250526,0.052535524723838836,0.009903159945585794,-0.07628983884067776,0.09609615873184936,3.1518043834119425,0.20682087640560612,2,6.908566179264629,0.07486988942872139,3,2046,18.518108004856984,0.005059824804988821,6,False,False
FHS500@USD,0.95,funded_assets,EUR,2046,88,102.3000000000001,60,0.043010752688172046,0.03269146784743223,0.05333003752891186,0.009903159945585794,-0.08637410250019893,0.10618042239137053,3.22983600127759,0.19890698001742366,2,6.635680784529117,0.0844624569180668,3,2046,20.258739960279215,0.002490427201650943,6,False,False
FHS500@USD,0.95,funded_assets,USD,2046,85,102.3000000000001,20,0.041544477028347994,0.032316415534325446,0.05077253852237054,0.009426209089381694,-0.07748368741660672,0.09633610559537012,5.275763024638189,0.07151260777430984,2,8.035390319583016,0.04528592885500195,3,2046,19.219974248130892,0.0038078184739066723,6,False,False
FHS500@USD,0.95,funded_assets,USD,2046,85,102.3000000000001,60,0.041544477028347994,0.031487093864995236,0.05160186019170075,0.009426209089381694,-0.08756143018990623,0.1064138483686696,5.397661061084021,0.0672841535093337,2,7.44881029356939,0.058888425623571335,3,2046,22.151509049455512,0.0011366520286363944,6,False,False
FHS500@USD,0.95,net_cashflows,EUR,2046,99,102.3000000000001,20,0.04838709677419355,0.037444740793323425,0.05932945275506367,-0.06369693550738403,-0.19532260905047308,0.06792873803570501,3.6488255103457097,0.161312346161254,2,2.2061920710030947,0.5307297563704871,3,2046,6.927107256175448,0.3276409572082005,6,False,False
FHS500@USD,0.95,net_cashflows,EUR,2046,99,102.3000000000001,60,0.04838709677419355,0.0374609412974105,0.0593132522509766,-0.06369693550738403,-0.19725514340855393,0.06986127239378587,4.541967746387812,0.10321058398554643,2,2.3951790880161874,0.49453266488272674,3,2046,9.502805808351413,0.14721231335902915,6,False,False
FHS500@USD,0.95,net_cashflows,USD,2046,101,102.3000000000001,20,0.04936461388074291,0.03815034167913314,0.06057888608235268,-0.06486491864812105,-0.19897839679736135,0.06924855950111924,2.686371683104925,0.26101279717164283,2,2.5587358682019232,0.4647696472669013,3,2046,6.716684290208446,0.3478444893130101,6,False,False
FHS500@USD,0.95,net_cashflows,USD,2046,101,102.3000000000001,60,0.04936461388074291,0.037817251742933516,0.060911976018552305,-0.06486491864812105,-0.2006809997071591,0.070951162410917,3.1802481774095805,0.20390030843913887,2,2.837914748090164,0.4172964461482932,3,2046,9.459569875146771,0.14933379193027338,6,False,False
FHS500@USD,0.99,funded_assets,EUR,2046,18,20.46000000000002,20,0.008797653958944282,0.004585888865648822,0.013009419052239742,-0.04532615573011938,-0.21213191531930248,0.1214796038590637,1.9953489066056014,,2,8.530239676127632,,3,2046,137.83012015942978,,6,True,True
FHS500@USD,0.99,funded_assets,EUR,2046,18,20.46000000000002,60,0.008797653958944282,0.004589858484690962,0.013005449433197602,-0.04532615573011938,-0.21591079428410645,0.12525848282386767,2.2633475847067968,,2,8.148193822290864,,3,2046,327.9625095634337,,6,True,True
FHS500@USD,0.99,funded_assets,USD,2046,18,20.46000000000002,20,0.008797653958944282,0.004585888865648822,0.013009419052239742,-0.047532056206015506,-0.21686644113454126,0.12180232872251026,2.088594318975227,,2,8.513880440203323,,3,2046,137.62976856895034,,6,True,True
FHS500@USD,0.99,funded_assets,USD,2046,18,20.46000000000002,60,0.008797653958944282,0.004589858484690962,0.013005449433197602,-0.047532056206015506,-0.22118398310367868,0.12611987069164768,2.350062080786081,,2,8.143385294150132,,3,2046,329.60556931800045,,6,True,True
FHS500@USD,0.99,net_cashflows,EUR,2046,25,20.46000000000002,20,0.012218963831867057,0.006800586808830666,0.017637340854903448,-0.15618116767199702,-0.40909887191562966,0.09673653657163561,1.5168245097386324,,2,102.01963347222745,,3,2046,102.57693149514313,,6,True,True
FHS500@USD,0.99,net_cashflows,EUR,2046,25,20.46000000000002,60,0.012218963831867057,0.006510979810241497,0.017926947853492615,-0.15618116767199702,-0.40609232910966564,0.09372999376567162,1.6750436523928212,,2,258.67825469041935,,3,2046,259.5271301092262,,6,True,True
FHS500@USD,0.99,net_cashflows,USD,2046,25,20.46000000000002,20,0.012218963831867057,0.006696735118557426,0.017741192545176688,-0.159505355031915,-0.42056891082629155,0.1015582007624615,1.5638392124403433,,2,97.45433228802109,,3,2046,98.54049600101608,,6,True,True
FHS500@USD,0.99,net_cashflows,USD,2046,25,20.46000000000002,60,0.012218963831867057,0.006476818540433225,0.01796110912330089,-0.159505355031915,-0.41685666770408947,0.09784595764025941,1.776705755542275,,2,249.03977751127564,,3,2046,250.56527535231172,,6,True,True
FUNCTIONAL_EQUAL,0.95,funded_assets,EUR,2046,73,102.3000000000001,20,0.03567937438905181,0.02705780871103151,0.04430094006707211,0.02949190767055922,-0.04801077116313075,0.10699458650424919,13.617027315288755,0.0011043330977659287,2,12.634838494657282,0.005496674694132946,3,2044,17.157157790225472,0.00872269278022649,6,False,False
FUNCTIONAL_EQUAL,0.95,funded_assets,EUR,2046,73,102.3000000000001,60,0.03567937438905181,0.026897711508029873,0.04446103727007375,0.02949190767055922,-0.0554471622781728,0.11443097761929123,17.318068443769835,0.000173551838558793,2,10.43892076870802,0.015181008904969992,3,2044,19.611295980965473,0.0032466574443594347,6,False,False
FUNCTIONAL_EQUAL,0.95,funded_assets,USD,2046,73,102.3000000000001,20,0.03567937438905181,0.02705780871103151,0.04430094006707211,0.029743412448144126,-0.048522212539668125,0.10800903743595638,13.607471924926767,0.0011096218887405916,2,12.833941674385022,0.0050098308109875886,3,2044,17.273932744634113,0.008327510175092001,6,False,False
FUNCTIONAL_EQUAL,0.95,funded_assets,USD,2046,73,102.3000000000001,60,0.03567937438905181,0.026866928838104272,0.04449181993999935,0.029743412448144126,-0.05620703764622276,0.11569386254251102,17.25755946957645,0.0001788827964903414,2,10.448870546486562,0.015111779286166168,3,2044,19.522449133511138,0.003366522982272782,6,False,False
FUNCTIONAL_EQUAL,0.95,net_cashflows,EUR,2046,107,102.3000000000001,20,0.05229716520039101,0.040130715349766435,0.06446361505101558,-0.14256376519779324,-0.28788928360111865,0.0027617532055321803,8.599475184559394,0.013572119974030624,2,7.435639455800928,0.05923541551424767,3,2044,16.08961673050787,0.013280956288130249,6,False,False
FUNCTIONAL_EQUAL,0.95,net_cashflows,EUR,2046,107,102.3000000000001,60,0.05229716520039101,0.039147607143412345,0.06544672325736967,-0.14256376519779324,-0.2946796450046294,0.009552114609042928,10.57622454026445,0.005051286729991635,2,6.805304021482882,0.07836921930418994,3,2044,18.021214001014563,0.006179398395705457,6,False,False
FUNCTIONAL_EQUAL,0.95,net_cashflows,USD,2046,106,102.3000000000001,20,0.05180840664711633,0.039597596345641535,0.06401921694859113,-0.1453419162148132,-0.2926941236651372,0.002010291235510775,9.360094361664759,0.009278576105793412,2,7.240271112426756,0.06462130499647754,3,2044,16.415315942694413,0.011690157629304912,6,False,False
FUNCTIONAL_EQUAL,0.95,net_cashflows,USD,2046,106,102.3000000000001,60,0.05180840664711633,0.03867550279810951,0.06494131049612314,-0.1453419162148132,-0.2992930518385739,0.008609219408947516,10.871455603208457,0.004358062062090091,2,6.584207446802718,0.08640007530754237,3,2044,18.31753379107629,0.005485776002660676,6,False,False
FUNCTIONAL_EQUAL,0.99,funded_assets,EUR,2046,17,20.46000000000002,20,0.008308895405669599,0.004649132938158563,0.011968657873180634,-0.032825083076323334,-0.21433783632070152,0.14868767016805484,1.7159749576657193,,2,140.76275146154265,,3,2044,143.37663957615055,,6,True,True
FUNCTIONAL_EQUAL,0.99,funded_assets,EUR,2046,17,20.46000000000002,60,0.008308895405669599,0.004660603302618197,0.011957187508721,-0.032825083076323334,-0.21754011594540182,0.15188994979275514,2.1126159256486865,,2,378.40326304477935,,3,2044,382.5628924207174,,6,True,True
FUNCTIONAL_EQUAL,0.99,funded_assets,USD,2046,18,20.46000000000002,20,0.008797653958944282,0.005058567989948613,0.012536739927939952,-0.03345959331085288,-0.2171503263443665,0.15023113972266075,0.9852952217206625,,2,133.46663882270528,,3,2044,135.6805827864003,,6,True,True
FUNCTIONAL_EQUAL,0.99,funded_assets,USD,2046,18,20.46000000000002,60,0.008797653958944282,0.005098452570397569,0.012496855347490995,-0.03345959331085288,-0.22111474572829104,0.15419555910658528,1.213179937802148,,2,358.4434399751733,,3,2044,361.9176656501172,,6,True,True
FUNCTIONAL_EQUAL,0.99,net_cashflows,EUR,2046,32,20.46000000000002,20,0.015640273704789834,0.00955805214231921,0.021722495267260458,-0.271186978287038,-0.5538315858128697,0.01145762923879362,3.8422262355867662,0.1464438621037803,2,3.6178084451544112,0.3058011095593928,3,2044,57.82527369982253,1.243271165381376e-10,6,False,False
FUNCTIONAL_EQUAL,0.99,net_cashflows,EUR,2046,32,20.46000000000002,60,0.015640273704789834,0.009213894817634419,0.02206665259194525,-0.271186978287038,-0.5539067784855611,0.011532821911485136,3.6548257398362125,0.16082911584858817,2,3.525466838375329,0.3174741469945835,3,2044,71.27333553803561,2.2403568992359836e-13,6,False,False
FUNCTIONAL_EQUAL,0.99,net_cashflows,USD,2046,32,20.46000000000002,20,0.015640273704789834,0.00955805214231921,0.021722495267260458,-0.27682692715189994,-0.565358174788537,0.011704320484737185,3.8401843445473323,0.1465934496560626,2,3.6230715019200694,0.3051474369444784,3,2044,48.50483257127696,9.366251915701634e-09,6,False,False
FUNCTIONAL_EQUAL,0.99,net_cashflows,USD,2046,32,20.46000000000002,60,0.015640273704789834,0.009213894817634419,0.02206665259194525,-0.27682692715189994,-0.5648367760508899,0.011182921747090013,3.6623074225529613,0.1602286035513018,2,3.53731059930427,0.3159552043745493,3,2044,52.76491570879616,1.3083918299026348e-09,6,False,False
GARCH_CASH_T_2STEP,0.95,funded_assets,EUR,2046,86,102.3000000000001,20,0.042033235581622676,0.03256355388747575,0.051502917275769604,0.04394779057923317,-0.04030284927267263,0.12819843043113896,2.719113182144717,0.25677460786838935,2,5.333851208919643,0.14892085770125063,3,2046,14.368064528942295,0.025784295571000662,6,False,False
GARCH_CASH_T_2STEP,0.95,funded_assets,EUR,2046,86,102.3000000000001,60,0.042033235581622676,0.0324530920126454,0.05161337915059995,0.04394779057923317,-0.04830849642999243,0.13620407758845876,2.8288149312867374,0.24306959787446336,2,3.9558118601312513,0.26627535394212654,3,2046,13.227283705837253,0.039565337010588286,6,False,False
GARCH_CASH_T_2STEP,0.95,funded_assets,USD,2046,87,102.3000000000001,20,0.04252199413489736,0.03291561218781724,0.05212837608197748,0.039319250040202175,-0.04614054692304634,0.12477904700345069,2.331930915888391,0.311621659146807,2,5.15558800520728,0.16075236896859044,3,2046,13.323764146141448,0.038173149009530095,6,False,False
GARCH_CASH_T_2STEP,0.95,funded_assets,USD,2046,87,102.3000000000001,60,0.04252199413489736,0.03257892259113995,0.05246506567865476,0.039319250040202175,-0.054385462535449444,0.1330239626158538,2.3200988591021616,0.3134706857843755,2,3.7317922907884467,0.29192013628679664,3,2046,12.2827924918111,0.055949345204507915,6,False,False
GARCH_CASH_T_2STEP,0.95,net_cashflows,EUR,2046,123,102.3000000000001,20,0.060117302052785926,0.04834656909081225,0.0718880350147596,-0.18261250942128918,-0.34222818070717553,-0.022996838135402847,5.050551475773779,0.0800362407199171,2,3.544758622147073,0.315003306526631,3,2046,6.381519403363174,0.3818355539622907,6,False,False
GARCH_CASH_T_2STEP,0.95,net_cashflows,EUR,2046,123,102.3000000000001,60,0.060117302052785926,0.04732460817836936,0.07290999592720249,-0.18261250942128918,-0.3528730313170153,-0.012351987525563046,4.511917906415148,0.10477302312011816,2,3.274712523671505,0.35117772650481777,3,2046,6.7353643698990275,0.3460153871463202,6,False,False
GARCH_CASH_T_2STEP,0.95,net_cashflows,USD,2046,123,102.3000000000001,20,0.060117302052785926,0.04834656909081225,0.0718880350147596,-0.1899034192266965,-0.35247951413300616,-0.02732732432038687,5.283501447678432,0.07123644497914113,2,3.5445620122398145,0.31502840166345447,3,2046,6.602067599936615,0.3592188917474402,6,False,False
GARCH_CASH_T_2STEP,0.95,net_cashflows,USD,2046,123,102.3000000000001,60,0.060117302052785926,0.04732460817836936,0.07290999592720249,-0.1899034192266965,-0.3629009323539113,-0.016905906099481727,4.765934889670894,0.092276345861971,2,3.2744371736787095,0.35121639058676246,3,2046,7.0302100700912415,0.31806242781915667,6,False,False
GARCH_CASH_T_2STEP,0.99,funded_assets,EUR,2046,14,20.46000000000002,20,0.006842619745845552,0.0031643133482253194,0.010520926143465784,0.007629605384029484,-0.18137053626511007,0.19662974703316904,4.077577361541775,,2,7.2950993378675255,,3,2046,174.29506022770707,,6,True,True
GARCH_CASH_T_2STEP,0.99,funded_assets,EUR,2046,14,20.46000000000002,60,0.006842619745845552,0.003010754665233072,0.010674484826458032,0.007629605384029484,-0.18365762587355933,0.1989168366416183,4.001805082986883,,2,8.224769108643923,,3,2046,445.59017571622314,,6,True,True
GARCH_CASH_T_2STEP,0.99,funded_assets,USD,2046,16,20.46000000000002,20,0.007820136852394917,0.0039732866175342645,0.01166698708725557,0.0004454673620886809,-0.192591580057217,0.19348251478139433,1.774677318019362,,2,4.502872455701336,,3,2046,152.91885100035844,,6,True,True
GARCH_CASH_T_2STEP,0.99,funded_assets,USD,2046,16,20.46000000000002,60,0.007820136852394917,0.0038271638278316693,0.011813109876958165,0.0004454673620886809,-0.195125226916796,0.19601616164097335,1.7409304411515825,,2,5.0537700048505405,,3,2046,396.94005610861836,,6,True,True
GARCH_CASH_T_2STEP,0.99,net_cashflows,EUR,2046,38,20.46000000000002,20,0.01857282502443793,0.011812880461320917,0.02533276958755494,-0.2650135078189114,-0.5629339709408867,0.03290695530306381,6.2058185425733,0.04491833250286075,2,72.60966647896512,1.1784491057244062e-15,3,2046,76.7178906428202,1.69925627320344e-14,6,False,False
GARCH_CASH_T_2STEP,0.99,net_cashflows,EUR,2046,38,20.46000000000002,60,0.01857282502443793,0.011543067512047723,0.025602582536828136,-0.2650135078189114,-0.5718590746795772,0.041832059041754355,5.785239292666155,0.055430813120681405,2,180.5139304271641,6.830927489151415e-39,3,2046,182.97840437680165,7.905824569748023e-37,6,False,False
GARCH_CASH_T_2STEP,0.99,net_cashflows,USD,2046,38,20.46000000000002,20,0.01857282502443793,0.011812880461320917,0.02533276958755494,-0.27904580058284056,-0.586128709394669,0.028037108228987917,6.191131182876411,0.04524941254107271,2,72.63409284397034,1.1643346389998432e-15,3,2046,76.58439470345333,1.8103970702158684e-14,6,False,False
GARCH_CASH_T_2STEP,0.99,net_cashflows,USD,2046,38,20.46000000000002,60,0.01857282502443793,0.011543067512047723,0.025602582536828136,-0.27904580058284056,-0.5942433386356827,0.03615173747000161,5.75760869997276,0.05620192050461513,2,180.5421141222672,6.73586221345583e-39,3,2046,182.8858069176265,8.272172745168234e-37,6,False,False
HS1250,0.95,funded_assets,EUR,2046,90,102.3000000000001,20,0.04398826979472141,0.03260316461313349,0.05537337497630933,0.047875786088974824,-0.03839241822051096,0.13414399039846062,1.299899247579677,0.5220720761112054,2,5.7387698555062645,0.12503488926548748,3,2046,15.0249883947443,0.020063249434040108,6,False,False
HS1250,0.95,funded_assets,EUR,2046,90,102.3000000000001,60,0.04398826979472141,0.028868392127915643,0.05910814746152718,0.047875786088974824,-0.06262620424913526,0.1583777764270849,0.7379429238192704,0.6914451426927114,2,3.3479148449582006,0.3410292736430211,3,2046,9.949149978773919,0.12680982238563474,6,False,False
HS1250,0.95,funded_assets,USD,2046,88,102.3000000000001,20,0.043010752688172046,0.03187205875103367,0.054149446625310425,0.04970258757757326,-0.03734346768369309,0.1367486428388396,1.616198712929324,0.4457043868527938,2,5.472767751181121,0.1402765105343283,3,2046,15.739810624510781,0.015220777128195001,6,False,False
HS1250,0.95,funded_assets,USD,2046,88,102.3000000000001,60,0.043010752688172046,0.028508664679365837,0.057512840696978255,0.04970258757757326,-0.06192786414577914,0.16133303930092566,0.9196454233576281,0.6313955746462013,2,3.217743621931478,0.3592562538800824,3,2046,10.460363628825633,0.10655637256242338,6,False,False
HS1250,0.95,net_cashflows,EUR,2046,102,102.3000000000001,20,0.04985337243401759,0.03657379874446395,0.06313294612357123,-0.09409663541322708,-0.27396807466633377,0.08577480383987965,4.1889231243821925,0.12313652716947608,2,9.108100413647708,0.027887628975638495,3,2046,12.905532694235713,0.044560864918062014,6,False,False
HS1250,0.95,net_cashflows,EUR,2046,102,102.3000000000001,60,0.04985337243401759,0.032735205180279434,0.06697153968775575,-0.09409663541322708,-0.3164076368275928,0.12821436600113867,5.550856200841309,0.06232279056505312,2,7.253376697057607,0.06424562934308954,3,2046,11.889488421423556,0.06448008131893869,6,False,False
HS1250,0.95,net_cashflows,USD,2046,102,102.3000000000001,20,0.04985337243401759,0.03657379874446395,0.06313294612357123,-0.09512795254826314,-0.27650813079208025,0.08625222569555396,4.176786025830837,0.12388605923811784,2,8.955671847038847,0.029886096278333087,3,2046,12.697521154890575,0.04809886394240701,6,False,False
HS1250,0.95,net_cashflows,USD,2046,102,102.3000000000001,60,0.04985337243401759,0.032735205180279434,0.06697153968775575,-0.09512795254826314,-0.31903994023544935,0.1287840351389231,5.583052821145523,0.06132753144183666,2,7.14519551136254,0.06741110237875743,3,2046,11.878236407357615,0.06474098355333308,6,False,False
HS1250,0.99,funded_assets,EUR,2046,18,20.46000000000002,20,0.008797653958944282,0.0039582358955026304,0.013637072022385933,0.037065639651488104,-0.09912544332459125,0.17325672262756744,0.3188756714337814,,2,125.15724097314111,,3,2046,160.1939593215595,,6,True,True
HS1250,0.99,funded_assets,EUR,2046,18,20.46000000000002,60,0.008797653958944282,0.0032186729207075576,0.014376634997181007,0.037065639651488104,-0.11570875127834804,0.18984003058132423,0.22971820922291633,,2,347.7040288998414,,3,2046,388.0747255079014,,6,True,True
HS1250,0.99,funded_assets,USD,2046,19,20.46000000000002,20,0.009286412512218964,0.004388661290612901,0.014184163733825028,0.0392658214803723,-0.09956271270932238,0.17809435567006698,0.3158311519391631,,2,118.76070215301739,,3,2046,151.83313344078118,,6,True,True
HS1250,0.99,funded_assets,USD,2046,19,20.46000000000002,60,0.009286412512218964,0.0037168226939743934,0.014856002330463535,0.0392658214803723,-0.11803227295906624,0.19656391591981084,0.2969603532173545,,2,329.75572353165063,,3,2046,371.52403175511495,,6,True,True
HS1250,0.99,net_cashflows,EUR,2046,28,20.46000000000002,20,0.013685239491691105,0.006801203650722461,0.02056927533265975,-0.1273646871256842,-0.4014528488311765,0.14672347457980814,1.1334714369532237,,2,6.880424613399409,,3,2046,8.133508726516343,,6,True,True
HS1250,0.99,net_cashflows,EUR,2046,28,20.46000000000002,60,0.013685239491691105,0.005519693994868196,0.021850784988514012,-0.1273646871256842,-0.4268490251950564,0.172119650943688,0.8024804263666176,,2,5.581921122674332,,3,2046,8.254055726391522,,6,True,True
HS1250,0.99,net_cashflows,USD,2046,28,20.46000000000002,20,0.013685239491691105,0.006801203650722461,0.02056927533265975,-0.13066127629039354,-0.4085328841791301,0.147210331598343,1.140238288879547,,2,6.746309237140474,,3,2046,10.31686973023178,,6,True,True
HS1250,0.99,net_cashflows,USD,2046,28,20.46000000000002,60,0.013685239491691105,0.005519693994868196,0.021850784988514012,-0.13066127629039354,-0.43297582507257065,0.17165327249178358,0.811061952508062,,2,5.476711552832781,,3,2046,12.022828389986385,,6,True,True
HS500,0.95,funded_assets,EUR,2046,97,102.3000000000001,20,0.04740957966764418,0.03545912809231575,0.059360031242972615,-0.0330446226504886,-0.13324348398053334,0.06715423867955614,2.333125509231786,0.3114355841434919,2,8.628663504578745,0.034657973955657555,3,2046,11.199046613229473,0.08241604771434333,6,False,False
HS500,0.95,funded_assets,EUR,2046,97,102.3000000000001,60,0.04740957966764418,0.03136021001231268,0.06345894932297569,-0.0330446226504886,-0.1623486346538698,0.0962593893528926,2.213822491890182,0.3305784613347854,2,5.46216464549969,0.14091918539909096,3,2046,7.581371663791589,0.27040439448587733,6,False,False
HS500,0.95,funded_assets,USD,2046,96,102.3000000000001,20,0.0469208211143695,0.03499830018439836,0.05884334204434064,-0.033174219823297546,-0.13474026759359253,0.06839182794699745,2.6870744914662197,0.2609210922971961,2,8.507617938594194,0.03660693893943933,3,2046,11.23497187959188,0.08138020550012903,6,False,False
HS500,0.95,funded_assets,USD,2046,96,102.3000000000001,60,0.0469208211143695,0.030884889083703335,0.06295675314503567,-0.033174219823297546,-0.164539937033015,0.09819149738641991,2.5628959591354366,0.27763499945517733,2,5.366790511486256,0.146826697661563,3,2046,7.596755137040449,0.2691588286376074,6,False,False
HS500,0.95,net_cashflows,EUR,2046,100,102.3000000000001,20,0.04887585532746823,0.03634843566672971,0.061403274988206746,-0.10575233912385829,-0.2857733000061421,0.07426862175842555,5.938236740095911,0.051348560811104685,2,4.119452066584594,0.24885100724829448,3,2046,8.811903698390038,0.1844360876763246,6,False,False
HS500,0.95,net_cashflows,EUR,2046,100,102.3000000000001,60,0.04887585532746823,0.03424472585315812,0.06350698480177834,-0.10575233912385829,-0.3174895076594945,0.10598482941177795,7.21247174941039,0.027153865292024383,2,4.217187380361299,0.23894672626879698,3,2046,10.346277639105724,0.11080669503324551,6,False,False
HS500,0.95,net_cashflows,USD,2046,98,102.3000000000001,20,0.047898338220918865,0.03545905441490071,0.06033762202693702,-0.10689659394596648,-0.2891949397584607,0.07540175186652776,7.6358039295474995,0.021973854487108986,2,4.574832002176586,0.20571178097715248,3,2046,11.695028132596454,0.06912858747711012,6,False,False
HS500,0.95,net_cashflows,USD,2046,98,102.3000000000001,60,0.047898338220918865,0.033282736025954274,0.06251394041588346,-0.10689659394596648,-0.32095725884450077,0.10716407095256777,9.251560773074768,0.00979600737986671,2,4.682232784482917,0.19660020873636808,3,2046,13.992990560050506,0.029714561289960636,6,False,False
HS500,0.99,funded_assets,EUR,2046,21,20.46000000000002,20,0.010263929618768328,0.00515354226735228,0.015374316970184376,-0.09792121999929376,-0.2927675572431747,0.09692511724458716,1.4828283878006892,,2,111.38614891190994,,3,2046,119.5971707811948,,6,True,True
HS500,0.99,funded_assets,EUR,2046,21,20.46000000000002,60,0.010263929618768328,0.0043243359155869686,0.016203523321949687,-0.09792121999929376,-0.3210840392440185,0.12524159924543102,1.6298724895453873,,2,297.50489130953923,,3,2046,313.69229060534917,,6,True,True
HS500,0.99,funded_assets,USD,2046,20,20.46000000000002,20,0.009775171065493646,0.004682483697706582,0.014867858433280711,-0.10187869467941572,-0.2997820213823267,0.09602463202349525,2.3892286833538106,,2,2.8343910173505957,,3,2046,117.7889846531513,,6,True,True
HS500,0.99,funded_assets,USD,2046,20,20.46000000000002,60,0.009775171065493646,0.003792288230794124,0.015758053900193168,-0.10187869467941572,-0.3300226758354354,0.1262652864766039,3.156842484123099,,2,2.7522083688100496,,3,2046,306.0475082033946,,6,True,True
HS500,0.99,net_cashflows,EUR,2046,26,20.46000000000002,20,0.01270772238514174,0.005794047775422933,0.019621396994860547,-0.2735735785849982,-0.6242266884736591,0.0770795313036628,3.2857137086983417,,2,89.15528882867527,,3,2046,92.04851794037569,,6,True,True
HS500,0.99,net_cashflows,EUR,2046,26,20.46000000000002,60,0.01270772238514174,0.004692455906167662,0.02072298886411582,-0.2735735785849982,-0.6400732776660273,0.09292612049603088,4.905696746956126,,2,252.66500970457338,,3,2046,265.5172155518648,,6,True,True
HS500,0.99,net_cashflows,USD,2046,26,20.46000000000002,20,0.01270772238514174,0.005794047775422933,0.019621396994860547,-0.27761486752072745,-0.6352907851859015,0.08006105014444664,3.228497661610469,,2,89.1989429148186,,3,2046,92.23348013882197,,6,True,True
HS500,0.99,net_cashflows,USD,2046,26,20.46000000000002,60,0.01270772238514174,0.004692455906167662,0.02072298886411582,-0.27761486752072745,-0.6495017145142556,0.0942719794728008,4.970278027688381,,2,252.71571924959696,,3,2046,266.5913842705014,,6,True,True
HS_CASH1250,0.95,funded_assets,EUR,2046,90,102.3000000000001,20,0.04398826979472141,0.03260316461313349,0.05537337497630933,0.04802516163956356,-0.03813909887275325,0.13418942215188037,1.306931271408383,0.5202396877088915,2,5.614864692001632,0.13192759197296358,3,2046,14.85361665074622,0.021426319012138813,6,False,False
HS_CASH1250,0.95,funded_assets,EUR,2046,90,102.3000000000001,60,0.04398826979472141,0.028868392127915643,0.05910814746152718,0.04802516163956356,-0.06232958120464784,0.15837990448377495,0.7430882150266948,0.6896685855919085,2,3.279907903468513,0.350448894713084,3,2046,9.845040674008423,0.13133120780822186,6,False,False
HS_CASH1250,0.95,funded_assets,USD,2046,88,102.3000000000001,20,0.043010752688172046,0.03187205875103367,0.054149446625310425,0.049758477957655894,-0.03720502283921574,0.13672197875452752,1.6189432112611213,0.44509318883359417,2,5.355698228568504,0.14752877460704567,3,2046,15.596814827704934,0.016089667847184783,6,False,False
HS_CASH1250,0.95,funded_assets,USD,2046,88,102.3000000000001,60,0.043010752688172046,0.028508664679365837,0.057512840696978255,0.049758477957655894,-0.061755928563442544,0.16127288447875432,0.9209717889881437,0.6309769827682782,2,3.152799407151034,0.3686611946112607,3,2046,10.3677973069716,0.10999351782451747,6,False,False
HS_CASH1250,0.95,net_cashflows,EUR,2046,102,102.3000000000001,20,0.04985337243401759,0.03657379874446395,0.06313294612357123,-0.09400259145539569,-0.2738835988034406,0.08587841589264925,4.1722345065186435,0.12416831518521439,2,9.147273657911773,0.02739555175795436,3,2046,12.918438015413178,0.04434959716563939,6,False,False
HS_CASH1250,0.95,net_cashflows,EUR,2046,102,102.3000000000001,60,0.04985337243401759,0.032735205180279434,0.06697153968775575,-0.09400259145539569,-0.3163239683319952,0.12831878542120384,5.5282836244438744,0.06303016786393699,2,7.263130133058371,0.06396741829754526,3,2046,11.886740764271986,0.06454370184459819,6,False,False
HS_CASH1250,0.95,net_cashflows,USD,2046,102,102.3000000000001,20,0.04985337243401759,0.03657379874446395,0.06313294612357123,-0.0951304424677897,-0.2765200600819637,0.08625917514638429,4.170417131102718,0.12428119668619059,2,8.993056944167604,0.029383340817668097,3,2046,12.717900410671307,0.047740965807232416,6,False,False
HS_CASH1250,0.95,net_cashflows,USD,2046,102,102.3000000000001,60,0.04985337243401759,0.032735205180279434,0.06697153968775575,-0.0951304424677897,-0.31905186418095943,0.12879097924538,5.575332653887925,0.061564718328046324,2,7.153702766882306,0.06715679854461692,3,2046,11.884039074742876,0.06460631458454498,6,False,False
HS_CASH1250,0.99,funded_assets,EUR,2046,18,20.46000000000002,20,0.008797653958944282,0.0039582358955026304,0.013637072022385933,0.03694088042699377,-0.09926406372696732,0.17314582458095484,0.31751876761712083,,2,125.18115560145257,,3,2046,160.67036848082074,,6,True,True
HS_CASH1250,0.99,funded_assets,EUR,2046,18,20.46000000000002,60,0.008797653958944282,0.0032186729207075576,0.014376634997181007,0.03694088042699377,-0.1158295801064508,0.18971134096043835,0.22848752051284202,,2,347.7279576116905,,3,2046,391.8225342651415,,6,True,True
HS_CASH1250,0.99,funded_assets,USD,2046,19,20.46000000000002,20,0.009286412512218964,0.004388661290612901,0.014184163733825028,0.039132646685685966,-0.09970997874428725,0.1779752721156592,0.3133712649945965,,2,118.76663924277727,,3,2046,152.17165171116804,,6,True,True
HS_CASH1250,0.99,funded_assets,USD,2046,19,20.46000000000002,60,0.009286412512218964,0.0037168226939743934,0.014856002330463535,0.039132646685685966,-0.11816234065666265,0.1964276340280346,0.29426440800299125,,2,329.7629637016725,,3,2046,376.003400187717,,6,True,True
HS_CASH1250,0.99,net_cashflows,EUR,2046,28,20.46000000000002,20,0.013685239491691105,0.006801203650722461,0.02056927533265975,-0.12761229604339716,-0.4017608442806705,0.1465362521938762,1.1343362730030584,,2,6.924907072319111,,3,2046,8.21305836180275,,6,True,True
HS_CASH1250,0.99,net_cashflows,EUR,2046,28,20.46000000000002,60,0.013685239491691105,0.005519693994868196,0.021850784988514012,-0.12761229604339716,-0.4271636096551724,0.17193901756837812,0.8032809574223372,,2,5.620943771669939,,3,2046,8.363071397330462,,6,True,True
HS_CASH1250,0.99,net_cashflows,USD,2046,28,20.46000000000002,20,0.013685239491691105,0.006801203650722461,0.02056927533265975,-0.13092135112240733,-0.4088535182136391,0.14701081596882443,1.1412244511323875,,2,6.790053041664519,,3,2046,10.437546057209074,,6,True,True
HS_CASH1250,0.99,net_cashflows,USD,2046,28,20.46000000000002,60,0.013685239491691105,0.005519693994868196,0.021850784988514012,-0.13092135112240733,-0.4333048882799689,0.17146218603515423,0.8120574663599728,,2,5.515144003943959,,3,2046,12.187283910389544,,6,True,True
HS_CASH500,0.95,funded_assets,EUR,2046,100,102.3000000000001,20,0.04887585532746823,0.036727421680381296,0.06102428897455516,-0.03482864628740328,-0.13738588591102538,0.06772859333621883,1.5914439303370396,0.4512553266615835,2,8.267515734219595,0.04079470192147831,3,2046,10.76501779664325,0.09591604955895938,6,False,False
HS_CASH500,0.95,funded_assets,EUR,2046,100,102.3000000000001,60,0.04887585532746823,0.03249161728439215,0.06526009337054431,-0.03482864628740328,-0.16744056808668037,0.0977832755118738,1.5797338293264434,0.4539051993891424,2,5.404892890781268,0.1444390392720185,3,2046,7.104059140286399,0.31133105430490005,6,False,False
HS_CASH500,0.95,funded_assets,USD,2046,101,102.3000000000001,20,0.04936461388074291,0.036827556018288674,0.06190167174319715,-0.03342330775462109,-0.13731633345414962,0.07046971794490746,1.1520224834323265,0.5621361257865307,2,7.239876583695713,0.06463264721837618,3,2046,10.227070676453636,0.11540955586765135,6,False,False
HS_CASH500,0.95,funded_assets,USD,2046,101,102.3000000000001,60,0.04936461388074291,0.032408232816921255,0.06632099494456456,-0.03342330775462109,-0.16800902643426974,0.10116241092502755,1.0903211912339794,0.5797486707678301,2,4.691866076316463,0.19580156163577545,3,2046,7.1835087294143944,0.30420947398598364,6,False,False
HS_CASH500,0.95,net_cashflows,EUR,2046,102,102.3000000000001,20,0.04985337243401759,0.03727265330058792,0.06243409156744727,-0.10739653289931178,-0.2900693318700297,0.07527626607140611,4.906446953046202,0.08601586899759468,2,3.337237942754748,0.34249335402339665,3,2046,8.115016945575887,0.22979742930309724,6,False,False
HS_CASH500,0.95,net_cashflows,EUR,2046,102,102.3000000000001,60,0.04985337243401759,0.03499294765046072,0.06471379721757446,-0.10739653289931178,-0.3226305759893923,0.10783751019076876,5.659910588389003,0.05901549194557858,2,3.4751561772556863,0.3239986047723464,3,2046,9.213194112665576,0.1619384226989539,6,False,False
HS_CASH500,0.95,net_cashflows,USD,2046,99,102.3000000000001,20,0.04838709677419355,0.03591554660034996,0.06085864694803714,-0.10806717228931328,-0.29325712488320627,0.0771227803045797,6.807385452742335,0.03325025886918549,2,4.316372604129219,0.22926597942704735,3,2046,10.084359787918952,0.12114410550963194,6,False,False
HS_CASH500,0.95,net_cashflows,USD,2046,99,102.3000000000001,60,0.04838709677419355,0.033828254133656296,0.0629459394147308,-0.10806717228931328,-0.3257156450981813,0.10958130051955475,8.397293500488397,0.015015883317930571,2,4.433275693776258,0.21831972116373274,3,2046,12.392486927837469,0.053764270144699984,6,False,False
HS_CASH500,0.99,funded_assets,EUR,2046,29,20.46000000000002,20,0.014173998044965786,0.008198404536562693,0.02014959155336888,-0.10008856883293248,-0.30356976754679793,0.10339262988093297,1.8781915525566648,,2,3.0453748338747144,,3,2046,87.62224007173656,,6,True,True
HS_CASH500,0.99,funded_assets,EUR,2046,29,20.46000000000002,60,0.014173998044965786,0.007127318193160778,0.021220677896770797,-0.10008856883293248,-0.3385417744906028,0.13836463682473782,1.368802855319426,,2,2.4339776682973517,,3,2046,203.1368087895322,,6,True,True
HS_CASH500,0.99,funded_assets,USD,2046,26,20.46000000000002,20,0.01270772238514174,0.006832852858791168,0.018582591911492315,-0.10518093026910526,-0.31236770352059434,0.10200584298238384,1.0730660088080706,,2,4.072007900095196,,3,2046,93.64362844431554,,6,True,True
HS_CASH500,0.99,funded_assets,USD,2046,26,20.46000000000002,60,0.01270772238514174,0.005555381233907907,0.019860063536375573,-0.10518093026910526,-0.34905426149475915,0.1386924009565486,0.7243744843222987,,2,4.022134056076238,,3,2046,217.34005792616176,,6,True,True
HS_CASH500,0.99,net_cashflows,EUR,2046,27,20.46000000000002,20,0.013196480938416423,0.006029746974019027,0.020363214902813818,-0.2728619464962093,-0.6447827587633044,0.0990588657708858,2.5071406525021125,,2,2.660519986997868,,3,2046,37.02551510032274,,6,True,True
HS_CASH500,0.99,net_cashflows,EUR,2046,27,20.46000000000002,60,0.013196480938416423,0.0049356669128189,0.021457294964013947,-0.2728619464962093,-0.6663387615184267,0.12061486852600811,3.2619139678693756,,2,2.767009332910732,,3,2046,45.80773343668819,,6,True,True
HS_CASH500,0.99,net_cashflows,USD,2046,28,20.46000000000002,20,0.013685239491691105,0.006412265451443047,0.020958213531939163,-0.27844799274678983,-0.6574238669716033,0.10052788147802355,2.222471438018275,,2,2.268605868509617,,3,2046,32.02930681703112,,6,True,True
HS_CASH500,0.99,net_cashflows,USD,2046,28,20.46000000000002,60,0.013685239491691105,0.005364562911780427,0.02200591607160178,-0.27844799274678983,-0.6782167174925954,0.12132073199901572,2.553306048136348,,2,2.2331371505372273,,3,2046,38.775432456265854,,6,True,True
IN_FHS1250@CHF,0.95,funded_assets,EUR,2046,75,102.3000000000001,20,0.036656891495601175,0.027480761038090683,0.04583302195311167,0.042023541291530755,-0.03557484552540473,0.11962192810846624,9.958874109437192,0.006877933368002102,2,9.607000255097716,0.02221988382910077,3,2046,28.443683006268138,7.75010206009321e-05,6,False,False
IN_FHS1250@CHF,0.95,funded_assets,EUR,2046,75,102.3000000000001,60,0.036656891495601175,0.025709441187350232,0.04760434180385212,0.042023541291530755,-0.04764828088221454,0.13169536346527605,9.429697987228103,0.008961219166032965,2,6.76218950534889,0.07987652815837566,3,2046,29.481161040085336,4.931829220606596e-05,6,False,False
IN_FHS1250@CHF,0.95,funded_assets,USD,2046,75,102.3000000000001,20,0.036656891495601175,0.027644135583480917,0.045669647407721434,0.04335459899751665,-0.03504851254761027,0.12175771054264356,9.697861642790086,0.007836751959085094,2,8.628680899523877,0.03465770130110556,3,2046,29.063848358529473,5.916741268410962e-05,6,False,False
IN_FHS1250@CHF,0.95,funded_assets,USD,2046,75,102.3000000000001,60,0.036656891495601175,0.025969510517050466,0.047344272474151884,0.04335459899751665,-0.047483473113783745,0.13419267110881705,8.717472091609153,0.012794549157767598,2,6.044390859530575,0.10947037362845442,3,2046,30.825731957071593,2.7366887580955567e-05,6,False,False
IN_FHS1250@CHF,0.95,net_cashflows,EUR,2046,107,102.3000000000001,20,0.05229716520039101,0.039927657090145736,0.06466667331063627,-0.14762981097722414,-0.322383454021414,0.027123832066965697,6.071256185509836,0.04804447700890234,2,6.194868043147512,0.10250492888974777,3,2046,13.908709279921121,0.030672723268032227,6,False,False
IN_FHS1250@CHF,0.95,net_cashflows,EUR,2046,107,102.3000000000001,60,0.05229716520039101,0.03835354488969901,0.066240785511083,-0.14762981097722414,-0.3391513474733114,0.04389172551886311,6.7626982175471255,0.034001551985562414,2,5.692740439003848,0.12755446734214634,3,2046,16.137649749939197,0.013033908237395003,6,False,False
IN_FHS1250@CHF,0.95,net_cashflows,USD,2046,107,102.3000000000001,20,0.05229716520039101,0.039927657090145736,0.06466667331063627,-0.14763832613634995,-0.3240753535858867,0.028798701313186792,5.876091789560403,0.052969134935216024,2,6.2000406626267,0.10227320691000327,3,2046,13.630189981608636,0.034051288460769914,6,False,False
IN_FHS1250@CHF,0.95,net_cashflows,USD,2046,107,102.3000000000001,60,0.05229716520039101,0.03835354488969901,0.066240785511083,-0.14763832613634995,-0.34053347971991677,0.045256827447216874,6.561398074196641,0.037601962451158766,2,5.699266519384859,0.1271943232569718,3,2046,15.74384695335261,0.015196916477808624,6,False,False
IN_FHS1250@CHF,0.99,funded_assets,EUR,2046,14,20.46000000000002,20,0.006842619745845552,0.0034485459030967596,0.010236693588594345,-0.024754172040706488,-0.20050002330334538,0.1509916792219324,6.9900754708764845,,2,175.82567392780507,,3,2046,185.63956960997572,,6,True,True
IN_FHS1250@CHF,0.99,funded_assets,EUR,2046,14,20.46000000000002,60,0.006842619745845552,0.003270654526821771,0.010414584964869333,-0.024754172040706488,-0.22217025355632852,0.17266190947491555,7.4474341590835476,,2,462.23962848164234,,3,2046,470.91286193105105,,6,True,True
IN_FHS1250@CHF,0.99,funded_assets,USD,2046,13,20.46000000000002,20,0.00635386119257087,0.0031393902274804045,0.009568332157661336,-0.024786091828239994,-0.20325937049397036,0.15368718683749039,10.384607523697806,,2,192.64095383310888,,3,2046,200.5338277452046,,6,True,True
IN_FHS1250@CHF,0.99,funded_assets,USD,2046,13,20.46000000000002,60,0.00635386119257087,0.003112109936612992,0.009595612448528749,-0.024786091828239994,-0.2262186620311576,0.17664647837467762,12.038998825025129,,2,502.18699556959933,,3,2046,511.6383593760827,,6,True,True
IN_FHS1250@CHF,0.99,net_cashflows,EUR,2046,34,20.46000000000002,20,0.016617790811339198,0.009889310866840778,0.023346270755837617,-0.30882416311444416,-0.63814578441684,0.020497458187951678,3.9158005434463394,0.1411544960603742,2,80.10142861497332,2.919306658429375e-17,3,2046,81.81832729860936,1.5038729816564501e-15,6,False,False
IN_FHS1250@CHF,0.99,net_cashflows,EUR,2046,34,20.46000000000002,60,0.016617790811339198,0.009142138778243714,0.02409344284443468,-0.30882416311444416,-0.64587504039392,0.028226714165031586,3.3387114597325955,0.18836838667845962,2,203.80681461676676,6.347129767327997e-44,3,2046,205.9236135967412,1.039951972550796e-41,6,False,False
IN_FHS1250@CHF,0.99,net_cashflows,USD,2046,35,20.46000000000002,20,0.01710654936461388,0.010255534912257336,0.023957563816970423,-0.3105642982864131,-0.6440342290930279,0.02290563252020178,4.235694157725854,0.12029032551880062,2,78.58267045498505,6.180422262109612e-17,3,2046,80.6021211526543,2.682987917416049e-15,6,False,False
IN_FHS1250@CHF,0.99,net_cashflows,USD,2046,35,20.46000000000002,60,0.01710654936461388,0.009437915377346846,0.024775183351880913,-0.3105642982864131,-0.6512991347031714,0.030170538130345204,3.4907476578149517,0.1745797138230173,2,198.70094889805284,8.050940334643572e-43,3,2046,201.38696239111977,9.615568795495682e-41,6,False,False
IN_FHS1250@EUR,0.95,funded_assets,EUR,2046,81,102.3000000000001,20,0.039589442815249266,0.030256542912256566,0.048922342718241967,0.029249662674014475,-0.04850707860772223,0.10700640395575119,5.489028403452429,0.06427952024072171,2,8.610407037391127,0.03494529111738085,3,2046,14.52724171416246,0.024270235936998497,6,False,False
IN_FHS1250@EUR,0.95,funded_assets,EUR,2046,81,102.3000000000001,60,0.039589442815249266,0.029837346618493795,0.049341539012004734,0.029249662674014475,-0.059496186577847235,0.11799551192587619,6.031827314855498,0.049001044859884275,2,6.749886257934775,0.08031176068331669,3,2046,16.883313602340017,0.009721787356804155,6,False,False
IN_FHS1250@EUR,0.95,funded_assets,USD,2046,81,102.3000000000001,20,0.039589442815249266,0.03036012973543776,0.048818755895060774,0.029798974063276848,-0.0487103166490921,0.1083082647756458,5.59325037182257,0.061015631965345075,2,8.242222666284004,0.041262164395936426,3,2046,13.425716048012056,0.03675219788459163,6,False,False
IN_FHS1250@EUR,0.95,funded_assets,USD,2046,81,102.3000000000001,60,0.039589442815249266,0.029985018345631297,0.049193867284867236,0.029798974063276848,-0.06007196838835861,0.11966991651491231,6.310157865490233,0.04263503555943846,2,6.5058041683647865,0.08943388277175415,3,2046,15.517881102343258,0.01658946431805866,6,False,False
IN_FHS1250@EUR,0.95,net_cashflows,EUR,2046,106,102.3000000000001,20,0.05180840664711633,0.039405846835802553,0.06421096645843011,-0.10877934275040445,-0.26066423106144854,0.04310554556063963,4.130921832667123,0.12675985141529256,2,4.261650482756787,0.23456152937457403,3,2046,8.016828579413474,0.23687299250140362,6,False,False
IN_FHS1250@EUR,0.95,net_cashflows,EUR,2046,106,102.3000000000001,60,0.05180840664711633,0.03785244849136681,0.06576436480286585,-0.10877934275040445,-0.267800083640147,0.05024139813933813,4.748604479551967,0.09307941366971031,2,3.9618761539427476,0.26561035261328547,3,2046,8.660463057049625,0.19359296593336045,6,False,False
IN_FHS1250@EUR,0.95,net_cashflows,USD,2046,107,102.3000000000001,20,0.05229716520039101,0.039790650701566954,0.06480367969921506,-0.10863965167046791,-0.26254203565743955,0.04526273231650374,3.6152884599657047,0.1640401227799549,2,4.648197620549011,0.19944622840452034,3,2046,8.518599180694268,0.202516027520592,6,False,False
IN_FHS1250@EUR,0.95,net_cashflows,USD,2046,107,102.3000000000001,60,0.05229716520039101,0.03826750866399942,0.0663268217367826,-0.10863965167046791,-0.26954627251069263,0.05226696916975679,4.170537328982746,0.12427372774244605,2,4.177911893612913,0.2428826483935004,3,2046,8.780199025244258,0.1863220864590249,6,False,False
IN_FHS1250@EUR,0.99,funded_assets,EUR,2046,17,20.46000000000002,20,0.008308895405669599,0.004649132938158565,0.011968657873180633,-0.034861943880058914,-0.2098180957991274,0.14009420803900957,1.9351236698768133,,2,141.0981716683826,,3,2046,145.23717649869639,,6,True,True
IN_FHS1250@EUR,0.99,funded_assets,EUR,2046,17,20.46000000000002,60,0.008308895405669599,0.0045600173332841325,0.012057773478055065,-0.034861943880058914,-0.21998862722285473,0.15026473946273688,2.1209555402382683,,2,379.20361470537074,,3,2046,384.0442243390834,,6,True,True
IN_FHS1250@EUR,0.99,funded_assets,USD,2046,17,20.46000000000002,20,0.008308895405669599,0.004649132938158565,0.011968657873180633,-0.03390861646409884,-0.21098491259772326,0.14316767966952557,1.88245404647609,,2,141.07635735246203,,3,2046,145.2946858519577,,6,True,True
IN_FHS1250@EUR,0.99,funded_assets,USD,2046,17,20.46000000000002,60,0.008308895405669599,0.0045600173332841325,0.012057773478055065,-0.03390861646409884,-0.22240707428650575,0.15458984135830806,2.0564719257546744,,2,379.16932763824246,,3,2046,384.23707417149114,,6,True,True
IN_FHS1250@EUR,0.99,net_cashflows,EUR,2046,30,20.46000000000002,20,0.01466275659824047,0.008269417151570538,0.0210560960449104,-0.2298748651526962,-0.5158227645418714,0.056073034236479,2.554270389353493,0.2788349652231918,2,2.507978844047064,0.4738508531708464,3,2046,20.008557572973746,0.002759699490503322,6,False,False
IN_FHS1250@EUR,0.99,net_cashflows,EUR,2046,30,20.46000000000002,60,0.01466275659824047,0.008025194710139086,0.021300318486341854,-0.2298748651526962,-0.511117232845321,0.05136750253992853,2.5714515417510477,0.27644987153998224,2,2.381723541010939,0.49704584720762546,3,2046,18.79520847710171,0.004523843667293056,6,False,False
IN_FHS1250@EUR,0.99,net_cashflows,USD,2046,29,20.46000000000002,20,0.014173998044965786,0.007926685107227983,0.02042131098270359,-0.22955490998433828,-0.5189967862328422,0.05988696626416565,2.420577254903751,,2,2.046204620825206,,3,2046,14.740716670573521,,6,True,True
IN_FHS1250@EUR,0.99,net_cashflows,USD,2046,29,20.46000000000002,60,0.014173998044965786,0.007700310190499385,0.020647685899432187,-0.22955490998433828,-0.5138662825678518,0.0547564625991753,2.5082306829765337,,2,1.9608295676268497,,3,2046,13.373673614188403,,6,True,True
IN_FHS1250@GBP,0.95,funded_assets,EUR,2046,95,102.3000000000001,20,0.04643206256109482,0.03545152488096376,0.05741260024122588,0.0075505349557946815,-0.08260901309777309,0.09771008300936244,0.5554671711454531,0.7574986031908968,2,0.44220036393751844,0.9313933244775305,3,2046,6.061721701247119,0.416311642113871,6,False,False
IN_FHS1250@GBP,0.95,funded_assets,EUR,2046,95,102.3000000000001,60,0.04643206256109482,0.03311134230956024,0.0597527828126294,0.0075505349557946815,-0.10192404459864503,0.11702511451023438,0.42854488851594025,0.8071284575513493,2,0.29179423441234537,0.9615643029386105,3,2046,7.020904808468758,0.31891826229657366,6,False,False
IN_FHS1250@GBP,0.95,funded_assets,USD,2046,96,102.3000000000001,20,0.0469208211143695,0.03596372854195999,0.05787791368677901,0.008208513876802485,-0.08286687201867685,0.09928389977228183,0.38086570135176945,0.8266012615815402,2,0.325210819235462,0.9552193238230937,3,2046,6.664566731365855,0.352984292014319,6,False,False
IN_FHS1250@GBP,0.95,funded_assets,USD,2046,96,102.3000000000001,60,0.0469208211143695,0.033659742058731235,0.06018190017000777,0.008208513876802485,-0.10235206518512405,0.11876909293872903,0.29025354443676926,0.8649126392663689,2,0.2148968897469764,0.9751493423358399,3,2046,7.636240360946665,0.26598250750407665,6,False,False
IN_FHS1250@GBP,0.95,net_cashflows,EUR,2046,112,102.3000000000001,20,0.05474095796676442,0.04248344763101139,0.06699846830251745,-0.15374190387269648,-0.3099668444747841,0.0024830367293911526,6.12672642582138,0.04673026679911294,2,1.2858688062457748,0.7324913724081054,3,2046,7.8014141220039335,0.25301627659110265,6,False,False
IN_FHS1250@GBP,0.95,net_cashflows,EUR,2046,112,102.3000000000001,60,0.05474095796676442,0.04017570629729193,0.0693062096362369,-0.15374190387269648,-0.3424873981598693,0.035003590414476315,6.819224336924419,0.03305401728067845,2,1.040138552342368,0.7915408805704469,3,2046,9.092968363777128,0.16841671121853588,6,False,False
IN_FHS1250@GBP,0.95,net_cashflows,USD,2046,113,102.3000000000001,20,0.0552297165200391,0.04302127896952551,0.06743815407055269,-0.15293756517389148,-0.3104916519364105,0.00461652158862752,5.438031146256339,0.06593963523480154,2,1.3173487598403588,0.7250176222330247,3,2046,6.878685555087996,0.3322122386168961,6,False,False
IN_FHS1250@GBP,0.95,net_cashflows,USD,2046,113,102.3000000000001,60,0.0552297165200391,0.04080297842051774,0.06965645461956047,-0.15293756517389148,-0.34268539521086927,0.036810264863086306,5.945519947070567,0.0511619097737891,2,1.0681889709350105,0.784758403969341,3,2046,7.97371550967103,0.24003530829606629,6,False,False
IN_FHS1250@GBP,0.99,funded_assets,EUR,2046,19,20.46000000000002,20,0.009286412512218964,0.00450606036719753,0.014066764657240398,-0.03891017998828205,-0.2400127762765373,0.1621924162999732,0.5987871572121322,,2,123.50573025586742,,3,2046,133.98486235882407,,6,True,True
IN_FHS1250@GBP,0.99,funded_assets,EUR,2046,19,20.46000000000002,60,0.009286412512218964,0.0037820319021807276,0.014790793122257201,-0.03891017998828205,-0.26953180785396563,0.19171144787740152,0.8418637385107386,,2,331.1892648305452,,3,2046,340.09005461033706,,6,True,True
IN_FHS1250@GBP,0.99,funded_assets,USD,2046,18,20.46000000000002,20,0.008797653958944282,0.004373361264675225,0.01322194665321334,-0.039293669036210524,-0.24299358145150046,0.16440624337907944,1.1075794982853564,,2,125.14083725594834,,3,2046,138.08092858488746,,6,True,True
IN_FHS1250@GBP,0.99,funded_assets,USD,2046,18,20.46000000000002,60,0.008797653958944282,0.0034668884170617345,0.014128419500826831,-0.039293669036210524,-0.27362228732497473,0.19503494925255366,1.2385458399850702,,2,347.15537459527854,,3,2046,357.8451303970665,,6,True,True
IN_FHS1250@GBP,0.99,net_cashflows,EUR,2046,35,20.46000000000002,20,0.01710654936461388,0.009715500607989157,0.0244975981212386,-0.26342885958633167,-0.5276535322680447,0.0007958130953814035,4.095940562129593,0.12899646461712758,2,70.96597660024185,2.6509070005777776e-15,3,2046,72.61720391815888,1.1865181199305818e-13,6,False,False
IN_FHS1250@GBP,0.99,net_cashflows,EUR,2046,35,20.46000000000002,60,0.01710654936461388,0.008481364819775936,0.025731733909451823,-0.26342885958633167,-0.5526150580585847,0.0257573388859213,3.188129988868356,0.20309833782860665,2,185.7439482486615,5.069102258991282e-40,3,2046,190.52633054155848,1.96639217956287e-38,6,False,False
IN_FHS1250@GBP,0.99,net_cashflows,USD,2046,35,20.46000000000002,20,0.01710654936461388,0.009715500607989157,0.0244975981212386,-0.2643878792760456,-0.5322668983326102,0.0034911397805190147,4.049268541802729,0.13204212600580226,2,71.00706228165755,2.5977367043569814e-15,3,2046,72.45447256090932,1.281492431095522e-13,6,False,False
IN_FHS1250@GBP,0.99,net_cashflows,USD,2046,35,20.46000000000002,60,0.01710654936461388,0.008481364819775936,0.025731733909451823,-0.2643878792760456,-0.556088388051143,0.027312629499051777,3.1576142393761715,0.2062209484500823,2,185.77029901845012,5.0031040219654e-40,3,2046,190.52597988130103,1.966729814079942e-38,6,False,False
IN_FHS1250@JPY,0.95,funded_assets,EUR,2046,74,102.3000000000001,20,0.03616813294232649,0.027310341835009987,0.045025924049643,0.07197357173958821,-0.0015928982469567143,0.14554004172613313,9.38280853809707,0.009173794630920327,2,11.269363167569152,0.010355030468286253,3,2046,14.744855721960796,0.022336745241435873,6,False,False
IN_FHS1250@JPY,0.95,funded_assets,EUR,2046,74,102.3000000000001,60,0.03616813294232649,0.02669191206674139,0.0456443538179116,0.07197357173958821,-0.010316802463146243,0.15426394594232268,8.399767945234274,0.014997316818952491,2,8.8342487380493,0.03157777619067526,3,2046,12.956237673531712,0.043736183727909064,6,False,False
IN_FHS1250@JPY,0.95,funded_assets,USD,2046,75,102.3000000000001,20,0.036656891495601175,0.0276837443790674,0.04563003861213495,0.07442173897048916,0.000281325976553351,0.14856215196442496,8.615356899170315,0.013464772485613606,2,10.203952783966084,0.016909695714005052,3,2046,14.284855918630916,0.026611075309182813,6,False,False
IN_FHS1250@JPY,0.95,funded_assets,USD,2046,75,102.3000000000001,60,0.036656891495601175,0.02711055020144606,0.04620323278975629,0.07442173897048916,-0.00872264550745977,0.1575661234484381,7.540963756527391,0.023040957674985606,2,8.087985282772303,0.04422788623422841,3,2046,12.395510093243551,0.053705189905932434,6,False,False
IN_FHS1250@JPY,0.95,net_cashflows,EUR,2046,96,102.3000000000001,20,0.0469208211143695,0.03593943978542555,0.057902202443313455,-0.12180361780397611,-0.24972012975632366,0.006112894148371434,14.943701197836239,0.0005688745635076979,2,1.783724823990871,0.6184829846938495,3,2046,19.080351406728234,0.004030062287608685,6,False,False
IN_FHS1250@JPY,0.95,net_cashflows,EUR,2046,96,102.3000000000001,60,0.0469208211143695,0.035712512243478295,0.05812912998526071,-0.12180361780397611,-0.25052953644887244,0.006922300840920215,17.18058982343055,0.00018590125511210246,2,1.5684570554920978,0.6665629279447021,3,2046,26.23236874035793,0.000201507941309387,6,False,False
IN_FHS1250@JPY,0.95,net_cashflows,USD,2046,96,102.3000000000001,20,0.0469208211143695,0.03593943978542555,0.057902202443313455,-0.12175301763158636,-0.25190459438015855,0.008398559116985865,14.33564660081175,0.0007709991395606787,2,1.739197384410337,0.6282547672184426,3,2046,18.04284753272455,0.006126004424676722,6,False,False
IN_FHS1250@JPY,0.95,net_cashflows,USD,2046,96,102.3000000000001,60,0.0469208211143695,0.03579469029086046,0.058046951937878545,-0.12175301763158636,-0.2524132458231209,0.008907210559948198,16.816594913079008,0.00022300921677258041,2,1.5017447059162383,0.6818677116964487,3,2046,25.322287186978606,0.000297577561948363,6,False,False
IN_FHS1250@JPY,0.99,funded_assets,EUR,2046,13,20.46000000000002,20,0.00635386119257087,0.0029415563930220044,0.009766165992119737,0.04643238358835608,-0.12345628630802977,0.21632105348474193,4.6401286725466155,,2,185.08213890485004,,3,2046,188.77421645583416,,6,True,True
IN_FHS1250@JPY,0.99,funded_assets,EUR,2046,13,20.46000000000002,60,0.00635386119257087,0.002668916140972544,0.010038806244169196,0.04643238358835608,-0.12187293077204697,0.21473769794875913,4.208974593077552,,2,493.01144834342733,,3,2046,497.62582127229103,,6,True,True
IN_FHS1250@JPY,0.99,funded_assets,USD,2046,13,20.46000000000002,20,0.00635386119257087,0.0029415563930220044,0.009766165992119737,0.04790063497886088,-0.12312936455500975,0.2189306345127315,4.650689718379117,,2,185.08095673020048,,3,2046,188.61045641496597,,6,True,True
IN_FHS1250@JPY,0.99,funded_assets,USD,2046,13,20.46000000000002,60,0.00635386119257087,0.002668916140972544,0.010038806244169196,0.04790063497886088,-0.12238443464364135,0.2181857046013631,4.244133153085914,,2,493.00431050863506,,3,2046,497.6922649672489,,6,True,True
IN_FHS1250@JPY,0.99,net_cashflows,EUR,2046,41,20.46000000000002,20,0.020039100684261974,0.013813591208454264,0.026264610160069684,-0.35082214561876784,-0.6430561775679996,-0.05858811366953609,10.001724956303855,0.0067321381723630625,2,81.13553593290011,1.7516403069161084e-17,3,2046,86.8850384012996,1.3425819308838957e-16,6,False,False
IN_FHS1250@JPY,0.99,net_cashflows,EUR,2046,41,20.46000000000002,60,0.020039100684261974,0.014129951332924561,0.025948250035599387,-0.35082214561876784,-0.6411436101378405,-0.0605006810996952,11.1596004115918,0.0037733193308185776,2,192.37116509459517,1.8766468375569164e-41,3,2046,203.5631965153505,3.3086845520132456e-41,6,False,False
IN_FHS1250@JPY,0.99,net_cashflows,USD,2046,40,20.46000000000002,20,0.019550342130987292,0.013028684348517927,0.026071999913456656,-0.35441523079430604,-0.6531236392073996,-0.05570682238121244,8.282925014959389,0.015899581235707144,2,77.25890431687482,1.1881531655081227e-16,3,2046,86.04335217421533,2.0065531703609974e-16,6,False,False
IN_FHS1250@JPY,0.99,net_cashflows,USD,2046,40,20.46000000000002,60,0.019550342130987292,0.013263686066174398,0.02583699819580019,-0.35441523079430604,-0.6500292869414255,-0.058801174647186594,8.87393358844255,0.01183177234684726,2,188.56830289702663,1.244150078352579e-40,3,2046,205.05645084216687,1.5910562068845362e-41,6,False,False
IN_FHS1250@USD,0.95,funded_assets,EUR,2046,78,102.3000000000001,20,0.03812316715542522,0.029450673060297024,0.046795661250553414,0.038710494865402297,-0.03746016429728597,0.11488115402809057,8.058865241146686,0.01778441760428986,2,7.481812409222787,0.058027615102724125,3,2046,13.893621822292694,0.030847305180233237,6,False,False
IN_FHS1250@USD,0.95,funded_assets,EUR,2046,78,102.3000000000001,60,0.03812316715542522,0.02897730111328125,0.04726903319756919,0.038710494865402297,-0.045521824916647934,0.12294281464745252,8.260648785870893,0.016077662496432152,2,6.920560459882126,0.074473347831174,3,2046,14.981613215893756,0.020400205927119476,6,False,False
IN_FHS1250@USD,0.95,funded_assets,USD,2046,77,102.3000000000001,20,0.03763440860215054,0.029103058962894394,0.04616575824140669,0.03848912971486718,-0.03847693740556705,0.11545519683530142,9.432974590498741,0.008946550005554645,2,8.380415673975072,0.03877035143719823,3,2046,14.193013892884306,0.027552854905409405,6,False,False
IN_FHS1250@USD,0.95,funded_assets,USD,2046,77,102.3000000000001,60,0.03763440860215054,0.028499943828865844,0.046768873375435234,0.03848912971486718,-0.046755710855826534,0.1237339702855609,9.57831355876697,0.008319469573358166,2,7.429953937176042,0.05938581456265784,3,2046,15.564416371953639,0.016293038522418306,6,False,False
IN_FHS1250@USD,0.95,net_cashflows,EUR,2046,96,102.3000000000001,20,0.0469208211143695,0.035734421448480144,0.05810722078025886,-0.12553570745960477,-0.26468313618478245,0.013611721265572946,13.107597349587229,0.0014246933594139423,2,4.564962587880993,0.20656845244656408,3,2046,23.179454386435744,0.0007385492751188472,6,False,False
IN_FHS1250@USD,0.95,net_cashflows,EUR,2046,96,102.3000000000001,60,0.0469208211143695,0.03562920134510755,0.05821244088363145,-0.12553570745960477,-0.26745972136724827,0.016388306448038764,15.866460596503208,0.00035862607064466874,2,3.957676241262017,0.26607074825703525,3,2046,32.85239146011077,1.1194296553625338e-05,6,False,False
IN_FHS1250@USD,0.95,net_cashflows,USD,2046,98,102.3000000000001,20,0.047898338220918865,0.03656370881290261,0.059232967628935124,-0.1270043330378219,-0.26888127477358276,0.014872608697938938,11.08012733853217,0.003926276847182025,2,5.713172244002443,0.1264301555708881,3,2046,22.018698989491078,0.0012014621272144685,6,False,False
IN_FHS1250@USD,0.95,net_cashflows,USD,2046,98,102.3000000000001,60,0.047898338220918865,0.03651704468497985,0.05927963175685788,-0.1270043330378219,-0.27143745631098415,0.01742879023534033,13.52319259610336,0.0011573801748022987,2,5.347046730283447,0.1480785666034379,3,2046,30.655841958642288,2.948670478068919e-05,6,False,False
IN_FHS1250@USD,0.99,funded_assets,EUR,2046,15,20.46000000000002,20,0.007331378299120235,0.003566600921028608,0.011096155677211863,-0.021935916107130436,-0.1773037952066216,0.1334319629923607,4.4990551029307255,,2,5.685597983211598,,3,2046,161.9906668744384,,6,True,True
IN_FHS1250@USD,0.99,funded_assets,EUR,2046,15,20.46000000000002,60,0.007331378299120235,0.0032490946567150262,0.011413661941525443,-0.021935916107130436,-0.18052099560855278,0.1366491633942919,4.730598819435845,,2,5.996282477283523,,3,2046,435.2365111675559,,6,True,True
IN_FHS1250@USD,0.99,funded_assets,USD,2046,14,20.46000000000002,20,0.006842619745845552,0.0032851012780980974,0.010400138213593008,-0.0199340961660937,-0.17656158169043024,0.13669338935824282,6.495489814617621,,2,8.300092475141668,,3,2046,172.55638069203013,,6,True,True
IN_FHS1250@USD,0.99,funded_assets,USD,2046,14,20.46000000000002,60,0.006842619745845552,0.0032165096118391655,0.010468729879851939,-0.0199340961660937,-0.17984955294515845,0.13998136061297103,7.334692224021996,,2,7.613497971374185,,3,2046,461.723848476413,,6,True,True
IN_FHS1250@USD,0.99,net_cashflows,EUR,2046,35,20.46000000000002,20,0.01710654936461388,0.010502369032275787,0.02371072969695197,-0.3308551816870947,-0.6350920650554737,-0.026618298318715816,4.973573853930837,0.08317679078635826,2,75.59671943465825,2.6990286481062707e-16,3,2046,82.29157613973194,1.2004223688751897e-15,6,False,False
IN_FHS1250@USD,0.99,net_cashflows,EUR,2046,35,20.46000000000002,60,0.01710654936461388,0.010227085432370712,0.023986013296857046,-0.3308551816870947,-0.6374177063883701,-0.02429265698581934,4.701849336609828,0.09528101813228307,2,188.34017760867056,1.3936362554958192e-40,3,2046,193.39010787883635,4.837626177373883e-39,6,False,False
IN_FHS1250@USD,0.99,net_cashflows,USD,2046,35,20.46000000000002,20,0.01710654936461388,0.010416900774413202,0.02379619795481456,-0.33703356979166843,-0.6505830552713394,-0.023484084311997444,4.863801131928399,0.08786967167525338,2,74.7905908617374,4.017794127849651e-16,3,2046,80.72993724340941,2.5246780834579775e-15,6,False,False
IN_FHS1250@USD,0.99,net_cashflows,USD,2046,35,20.46000000000002,60,0.01710654936461388,0.010146642770760312,0.024066455958467445,-0.33703356979166843,-0.6522934561770944,-0.021773683406242417,4.616433353167307,0.09943842440517556,2,187.8361487290336,1.790697005585903e-40,3,2046,192.61182877799536,7.082183120334818e-39,6,False,False
IN_FHS_REF_PAST_BEST,0.95,funded_assets,EUR,2046,73,102.3000000000001,20,0.03567937438905181,0.02685739071382,0.044501358064283625,0.05173503539905581,-0.023477319380592616,0.12694739017870424,10.975544840640783,0.00413704952507832,2,11.264650633939512,0.010377597239604668,3,2044,13.899684659058261,0.03077703735664405,6,False,False
IN_FHS_REF_PAST_BEST,0.95,funded_assets,EUR,2046,73,102.3000000000001,60,0.03567937438905181,0.026227731768732897,0.04513101700937072,0.05173503539905581,-0.03172570780613238,0.135195778604244,10.693803759096042,0.004762884153890947,2,9.079630660797427,0.028250676125805778,3,2044,13.988344372889586,0.029766635032639276,6,False,False
IN_FHS_REF_PAST_BEST,0.95,funded_assets,USD,2046,72,102.3000000000001,20,0.03519061583577713,0.026477610879222346,0.04390362079233191,0.05213336289975041,-0.02383807194664029,0.1281047977461411,12.311423971502764,0.002121330090715158,2,12.153115754924817,0.006876638788325611,3,2044,14.890765348587806,0.0211235430524436,6,False,False
IN_FHS_REF_PAST_BEST,0.95,funded_assets,USD,2046,72,102.3000000000001,60,0.03519061583577713,0.025817468896714525,0.044563762774839734,0.05213336289975041,-0.03236229887824473,0.13662902467774554,12.073424375475362,0.0023894019183149577,2,9.773316696463823,0.020594643902939157,3,2044,15.338718148693342,0.017779682161353668,6,False,False
IN_FHS_REF_PAST_BEST,0.95,net_cashflows,EUR,2046,94,102.3000000000001,20,0.04594330400782014,0.03495023164697834,0.05693637636866194,-0.12602944836083899,-0.2643762982571096,0.012317401535431621,15.907858603184597,0.00035127916750901796,2,3.5227773944220395,0.3178199626542859,3,2044,24.532173659602044,0.00041669913770787427,6,False,False
IN_FHS_REF_PAST_BEST,0.95,net_cashflows,EUR,2046,94,102.3000000000001,60,0.04594330400782014,0.03478290903614314,0.05710369897949714,-0.12602944836083899,-0.2667253804773001,0.0146664837556221,19.5322710513702,5.736159669448347e-05,2,3.303894964376981,0.3471009060190887,3,2044,37.3316386367634,1.5172364366231504e-06,6,False,False
IN_FHS_REF_PAST_BEST,0.95,net_cashflows,USD,2046,96,102.3000000000001,20,0.0469208211143695,0.035773555208390595,0.05806808702034841,-0.12762582119687443,-0.26879641800881887,0.013544775615070004,13.466176993985309,0.0011908493380452367,2,4.497752987916723,0.2124908033001494,3,2044,23.01327593432146,0.000792044320099187,6,False,False
IN_FHS_REF_PAST_BEST,0.95,net_cashflows,USD,2046,96,102.3000000000001,60,0.0469208211143695,0.03565988684116654,0.05818175538757246,-0.12762582119687443,-0.27086867769714695,0.015617035303398058,16.67677859364352,0.000239157244206243,2,4.565126596181395,0.20655418942403914,3,2044,33.58515747938422,8.088969560840415e-06,6,False,False
IN_FHS_REF_PAST_BEST,0.99,funded_assets,EUR,2046,16,20.46000000000002,20,0.007820136852394917,0.0039732866175342645,0.01166698708725557,-0.00441860505915682,-0.15787462944669564,0.14903741932838202,2.169178550912487,,2,6.361759213200196,,3,2044,152.5486570993019,,6,True,True
IN_FHS_REF_PAST_BEST,0.99,funded_assets,EUR,2046,16,20.46000000000002,60,0.007820136852394917,0.0037303770197768867,0.011909896685012947,-0.00441860505915682,-0.16175428986746432,0.1529170797491507,2.232358856156439,,2,6.762318207765453,,3,2044,390.31180408405095,,6,True,True
IN_FHS_REF_PAST_BEST,0.99,funded_assets,USD,2046,15,20.46000000000002,20,0.007331378299120235,0.0036845237091782754,0.010978232889062195,-0.002602201683253877,-0.15765830363979336,0.15245390027328562,3.465628068983952,,2,9.719949753180748,,3,2044,161.87471147168873,,6,True,True
IN_FHS_REF_PAST_BEST,0.99,funded_assets,USD,2046,15,20.46000000000002,60,0.007331378299120235,0.003689258687358899,0.01097349791088157,-0.002602201683253877,-0.16161754966552705,0.1564131462990193,3.8697385113788805,,2,8.643411411116416,,3,2044,410.8857221009207,,6,True,True
IN_FHS_REF_PAST_BEST,0.99,net_cashflows,EUR,2046,37,20.46000000000002,20,0.018084066471163247,0.011444066319023716,0.024724066623302777,-0.349386454964065,-0.6529822272467634,-0.04579068268136671,6.03855625634084,0.048836459304989324,2,75.11665837730273,3.4206088469406477e-16,3,2044,81.8080661902593,1.5112386388027653e-15,6,False,False
IN_FHS_REF_PAST_BEST,0.99,net_cashflows,EUR,2046,37,20.46000000000002,60,0.018084066471163247,0.011313667225122195,0.0248544657172043,-0.349386454964065,-0.6538267022456181,-0.04494620768251195,5.816681912265113,0.0545661825064534,2,183.0355352753448,1.949395121926067e-39,3,2044,189.57039718958603,3.1399694995073827e-38,6,False,False
IN_FHS_REF_PAST_BEST,0.99,net_cashflows,USD,2046,36,20.46000000000002,20,0.017595307917888565,0.010972479873487368,0.024218135962289764,-0.355378732114982,-0.6678427608787196,-0.04291470335124442,5.554986488843403,0.06219421783428598,2,75.4897902375397,2.8452952607996877e-16,3,2044,82.66206686244692,1.0062138514263196e-15,6,False,False
IN_FHS_REF_PAST_BEST,0.99,net_cashflows,USD,2046,36,20.46000000000002,60,0.017595307917888565,0.010851275199202662,0.024339340636574468,-0.355378732114982,-0.6681628663103971,-0.04259459791956682,5.372489143408378,0.06813634064263867,2,186.55870493455703,3.380253399173074e-40,3,2044,194.43836425888625,2.8950316331320973e-39,6,False,False
IN_FHS_REF_POOL,0.95,funded_assets,EUR,2046,71,102.3000000000001,20,0.03470185728250244,0.02626963272194146,0.04313408184306342,0.06614272240487566,-0.006235814390735478,0.1385212592004868,13.170373242544798,0.0013806696812237087,2,13.318979894815048,0.003995198612932725,3,2046,20.26657347454369,0.002482424260884677,6,False,False
IN_FHS_REF_POOL,0.95,funded_assets,EUR,2046,71,102.3000000000001,60,0.03470185728250244,0.02576407190078618,0.0436396426642187,0.06614272240487566,-0.01645347281439724,0.14873891762414856,13.672746566063367,0.0010739914078880697,2,11.59107168620439,0.008923692091937467,3,2046,22.996741447811456,0.0007975707185340038,6,False,False
IN_FHS_REF_POOL,0.95,funded_assets,USD,2046,72,102.3000000000001,20,0.03519061583577713,0.026593741132246447,0.04378749053930781,0.06774314622545992,-0.005299879522747172,0.140786171973667,11.628242676453594,0.0029851020705687495,2,13.272110159492485,0.004083623213486693,3,2046,22.61386128633873,0.0009366770461279335,6,False,False
IN_FHS_REF_POOL,0.95,funded_assets,USD,2046,72,102.3000000000001,60,0.03519061583577713,0.025917515256000185,0.04446371641555408,0.06774314622545992,-0.015740930498164912,0.15122722294908475,11.056756693135435,0.003972425766529238,2,10.778726478792803,0.012984582162855859,3,2046,25.440922821968684,0.00028286689938340103,6,False,False
IN_FHS_REF_POOL,0.95,net_cashflows,EUR,2046,102,102.3000000000001,20,0.04985337243401759,0.037955976722891666,0.06175076814514352,-0.10014687958563005,-0.23659872048293584,0.036304961311675724,6.41723514737794,0.040412441896631054,2,4.067157745311283,0.25430302631621643,3,2046,11.821351065501808,0.06607498882459814,6,False,False
IN_FHS_REF_POOL,0.95,net_cashflows,EUR,2046,102,102.3000000000001,60,0.04985337243401759,0.036650558696437005,0.06305618617159818,-0.10014687958563005,-0.2449941339686274,0.044700374797367284,8.181617975428656,0.016725697200396454,2,3.549939088314646,0.31434271365283606,3,2046,16.12580049713511,0.013094438609878637,6,False,False
IN_FHS_REF_POOL,0.95,net_cashflows,USD,2046,103,102.3000000000001,20,0.050342130987292275,0.03848732437603069,0.06219693759855386,-0.09978008538449168,-0.23768504438335109,0.03812487361436773,5.558951164031402,0.062071050018573395,2,3.7060171426737263,0.2950087957929327,3,2046,10.420709244777601,0.10801681806651378,6,False,False
IN_FHS_REF_POOL,0.95,net_cashflows,USD,2046,103,102.3000000000001,60,0.050342130987292275,0.037214850502819745,0.06346941147176481,-0.09978008538449168,-0.2456543186632156,0.046094147894232246,6.831814971456206,0.03284658536490577,2,3.3617884928016286,0.33913500799078006,3,2046,14.586046911117588,0.0237325969505252,6,False,False
IN_FHS_REF_POOL,0.99,funded_assets,EUR,2046,14,20.46000000000002,20,0.006842619745845552,0.0034485459030967596,0.010236693588594345,0.029139610012482404,-0.12529917126985482,0.18357839129481965,3.9390969941785143,,2,171.1142051331597,,3,2046,179.28366741790248,,6,True,True
IN_FHS_REF_POOL,0.99,funded_assets,EUR,2046,14,20.46000000000002,60,0.006842619745845552,0.0032248168720468116,0.010460422619644293,0.029139610012482404,-0.13264355463197824,0.19092277465694307,3.8351409388270463,,2,457.8383726165643,,3,2046,468.5008285166227,,6,True,True
IN_FHS_REF_POOL,0.99,funded_assets,USD,2046,12,20.46000000000002,20,0.005865102639296188,0.0027584312090232765,0.008971774069569099,0.03132036132940326,-0.12458457260199594,0.18722529526080245,8.88938841164239,,2,201.0249612934272,,3,2046,210.21083202638218,,6,True,True
IN_FHS_REF_POOL,0.99,funded_assets,USD,2046,12,20.46000000000002,60,0.005865102639296188,0.0027295689944971434,0.009000636284095233,0.03132036132940326,-0.1326305373604182,0.19527126001922468,10.439230028353485,,2,533.4334592027436,,3,2046,545.7251334441971,,6,True,True
IN_FHS_REF_POOL,0.99,net_cashflows,EUR,2046,28,20.46000000000002,20,0.013685239491691105,0.007989228236423566,0.019381250746958643,-0.21827711518847787,-0.47669876169934544,0.04014453132238971,2.7616190707870136,,2,87.79924585783301,,3,2046,88.83265831858417,,6,True,True
IN_FHS_REF_POOL,0.99,net_cashflows,EUR,2046,28,20.46000000000002,60,0.013685239491691105,0.007725166517264446,0.019645312466117764,-0.21827711518847787,-0.47856747576615627,0.04201324538920054,2.8369767232424334,,2,232.35476576690604,,3,2046,232.42029688466687,,6,True,True
IN_FHS_REF_POOL,0.99,net_cashflows,USD,2046,28,20.46000000000002,20,0.013685239491691105,0.007989228236423566,0.019381250746958643,-0.21931749087079144,-0.48227234537027547,0.04363736362869258,2.6845440578746462,,2,87.80439104861499,,3,2046,89.04987365372668,,6,True,True
IN_FHS_REF_POOL,0.99,net_cashflows,USD,2046,28,20.46000000000002,60,0.013685239491691105,0.007725166517264446,0.019645312466117764,-0.21931749087079144,-0.48383682814190765,0.04520184640032476,2.7542033542140767,,2,232.35206232662867,,3,2046,232.498853885172,,6,True,True
IN_TCOP1250@CHF,0.95,funded_assets,EUR,2046,71,102.3000000000001,20,0.03470185728250244,0.025712763087819876,0.043690951477185005,0.06244279251898752,-0.011621126394803644,0.13650671143277868,11.920771827257344,0.0025789165409239694,2,13.640490540730651,0.0034376863962721363,3,2046,39.53115622463489,5.630961267556089e-07,6,False,False
IN_TCOP1250@CHF,0.95,funded_assets,EUR,2046,71,102.3000000000001,60,0.03470185728250244,0.024044890947334106,0.045358823617670775,0.06244279251898752,-0.0228765166273366,0.14776210166531162,10.547751237963057,0.005123714478005697,2,10.211107563340292,0.01685430591130354,3,2046,36.82872937406132,1.901560294726412e-06,6,False,False
IN_TCOP1250@CHF,0.95,funded_assets,USD,2046,70,102.3000000000001,20,0.03421309872922776,0.02522256800578663,0.04320362945266889,0.0646268523421952,-0.010139885215345881,0.13939358989973627,12.728990407384805,0.0017216103026092935,2,14.614338070034336,0.0021777225318639144,3,2046,41.28288840764915,2.546850543931031e-07,6,False,False
IN_TCOP1250@CHF,0.95,funded_assets,USD,2046,70,102.3000000000001,60,0.03421309872922776,0.023649814747613525,0.04477638271084199,0.0646268523421952,-0.021677247253334475,0.15093095193772488,11.099885566502188,0.0038876796775045275,2,10.969770280585351,0.011890467224592298,3,2046,39.174179877207166,6.61634798288954e-07,6,False,False
IN_TCOP1250@CHF,0.95,net_cashflows,EUR,2046,112,102.3000000000001,20,0.05474095796676442,0.042054420365602495,0.06742749556792635,-0.2092144420962966,-0.3997797859379075,-0.018649098254685748,7.82374415084156,0.020003018827957447,2,4.137131452967665,0.24703207750296086,3,2046,13.17042356659239,0.04040803536131239,6,False,False
IN_TCOP1250@CHF,0.95,net_cashflows,EUR,2046,112,102.3000000000001,60,0.05474095796676442,0.04011779495155402,0.06936412098197482,-0.2092144420962966,-0.42056744126688955,0.0021385570742963322,9.22417990551328,0.009931041196895212,2,3.7566944100524515,0.2889636395640352,3,2046,13.673515266180535,0.03350358388054375,6,False,False
IN_TCOP1250@CHF,0.95,net_cashflows,USD,2046,113,102.3000000000001,20,0.0552297165200391,0.042473344201746935,0.06798608883833127,-0.21158723759968315,-0.40451210864711773,-0.018662366552248538,7.231073218506502,0.026902485220751848,2,5.2185016446925685,0.15647897690020549,3,2046,14.313444775356624,0.02632421002219837,6,False,False
IN_TCOP1250@CHF,0.95,net_cashflows,USD,2046,113,102.3000000000001,60,0.0552297165200391,0.04055757387399943,0.06990185916607877,-0.21158723759968315,-0.42525720065225747,0.0020827254528912043,8.237181743210408,0.016267421183989633,2,4.971421004373573,0.1739018401278222,3,2046,15.217142240868363,0.018633431413115534,6,False,False
IN_TCOP1250@CHF,0.99,funded_assets,EUR,2046,15,20.46000000000002,20,0.007331378299120235,0.0038437791246381543,0.010818977473602316,-0.019280419823988666,-0.18571256636837713,0.14715172672039978,4.205608694857947,,2,168.30376525230693,,3,2046,193.76239743305516,,6,True,True
IN_TCOP1250@CHF,0.99,funded_assets,EUR,2046,15,20.46000000000002,60,0.007331378299120235,0.003742848501170839,0.01091990809706963,-0.019280419823988666,-0.2023700417610764,0.16380920211309904,4.915092399678014,,2,437.0719963515675,,3,2046,454.24875691936415,,6,True,True
IN_TCOP1250@CHF,0.99,funded_assets,USD,2046,15,20.46000000000002,20,0.007331378299120235,0.0038437791246381543,0.010818977473602316,-0.01847695486996991,-0.18730027084069095,0.1503463611007511,4.133627695846386,,2,168.22322436003893,,3,2046,194.1220881594642,,6,True,True
IN_TCOP1250@CHF,0.99,funded_assets,USD,2046,15,20.46000000000002,60,0.007331378299120235,0.003742848501170839,0.01091990809706963,-0.01847695486996991,-0.2050591088868589,0.16810519914691907,4.808635171339703,,2,436.9781924146712,,3,2046,454.5606352971818,,6,True,True
IN_TCOP1250@CHF,0.99,net_cashflows,EUR,2046,40,20.46000000000002,20,0.019550342130987292,0.011711959410435758,0.02738872485153883,-0.49513513188278213,-0.907520228077433,-0.08275003568813116,6.144420140517976,0.04631867413020981,2,69.50983623700029,5.4351612269624386e-15,3,2046,70.7538494335031,2.863827447026321e-13,6,False,False
IN_TCOP1250@CHF,0.99,net_cashflows,EUR,2046,40,20.46000000000002,60,0.019550342130987292,0.010682926957353742,0.028417757304620844,-0.49513513188278213,-0.9296272062400037,-0.06064305752556054,5.047565585287067,0.08015581968500901,2,170.53645884276608,9.746569178764947e-37,3,2046,173.0078491189384,1.034915005134288e-34,6,False,False
IN_TCOP1250@CHF,0.99,net_cashflows,USD,2046,40,20.46000000000002,20,0.019550342130987292,0.011711959410435758,0.02738872485153883,-0.5022333809729652,-0.9217373731119376,-0.08272938883399283,6.131231194718662,0.04662513072077602,2,69.57035889140101,5.275381582664048e-15,3,2046,70.80652051089649,2.7934287085224306e-13,6,False,False
IN_TCOP1250@CHF,0.99,net_cashflows,USD,2046,40,20.46000000000002,60,0.019550342130987292,0.010682926957353742,0.028417757304620844,-0.5022333809729652,-0.9433121564189249,-0.06115460552700552,5.041558989419439,0.08039691334948634,2,170.58517021334148,9.513395048985219e-37,3,2046,172.99868552365893,1.039558796670441e-34,6,False,False
IN_TCOP1250@EUR,0.95,funded_assets,EUR,2046,77,102.3000000000001,20,0.03763440860215054,0.02870756542620795,0.04656125177809313,0.03567821080744839,-0.0411027092577885,0.11245913087268528,8.418075757505898,0.01486065921818374,2,10.951187870305892,0.01199277069170401,3,2046,18.027380162838238,0.0061641337992397694,6,False,False
IN_TCOP1250@EUR,0.95,funded_assets,EUR,2046,77,102.3000000000001,60,0.03763440860215054,0.028327001260732586,0.04694181594356849,0.03567821080744839,-0.052620026290260816,0.12397644790515759,9.678131044098171,0.007914446472750681,2,8.894306537183256,0.030729650634140758,3,2046,20.36425016399823,0.0023847199815672615,6,False,False
IN_TCOP1250@EUR,0.95,funded_assets,USD,2046,79,102.3000000000001,20,0.0386119257086999,0.02953746585907937,0.047686385558320436,0.03775587984929603,-0.03965585628325288,0.11516761598184494,6.54772327658949,0.03785994301719218,2,10.240469301942262,0.01662886040110895,3,2046,17.916809647199386,0.006443489793166299,6,False,False
IN_TCOP1250@EUR,0.95,funded_assets,USD,2046,79,102.3000000000001,60,0.0386119257086999,0.02895646494326968,0.048267386474130126,0.03775587984929603,-0.05141864115397883,0.1269304008525709,6.774989693099584,0.03379322817054456,2,8.329358184007457,0.039673393481563915,3,2046,20.322007142719663,0.0024265050651669784,6,False,False
IN_TCOP1250@EUR,0.95,net_cashflows,EUR,2046,106,102.3000000000001,20,0.05180840664711633,0.03957257040952758,0.06404424288470507,-0.18945137847065197,-0.35642533555542577,-0.022477421385878132,12.723599954053629,0.0017262566913273138,2,2.9686807467403384,0.3964792383793787,3,2046,15.493082189172409,0.016749535100603667,6,False,False
IN_TCOP1250@EUR,0.95,net_cashflows,EUR,2046,106,102.3000000000001,60,0.05180840664711633,0.0378952762543154,0.06572153703991726,-0.18945137847065197,-0.36589365712182664,-0.01300909981947726,14.292532246911057,0.0007878001449331079,2,2.684082540379425,0.4429390807801671,3,2046,17.75192648684974,0.006882989774640801,6,False,False
IN_TCOP1250@EUR,0.95,net_cashflows,USD,2046,105,102.3000000000001,20,0.051319648093841645,0.039281277360971464,0.06335801882671183,-0.1924792021168624,-0.36192707342039104,-0.02303133081333375,13.594452431150815,0.0011168688085928709,2,2.9935773022741885,0.3926164903189552,3,2046,15.922312331581338,0.014177078679854953,6,False,False
IN_TCOP1250@EUR,0.95,net_cashflows,USD,2046,105,102.3000000000001,60,0.051319648093841645,0.03774852615211751,0.06489077003556579,-0.1924792021168624,-0.3713413292992109,-0.013617074934513917,15.639397082193796,0.0004017427734863332,2,2.7199838170639,0.43684192959550316,3,2046,18.551057734779487,0.004992995509469597,6,False,False
IN_TCOP1250@EUR,0.99,funded_assets,EUR,2046,13,20.46000000000002,20,0.00635386119257087,0.0030588310304546762,0.009648891354687064,-0.031249482308799332,-0.2030108034993412,0.1405118388817425,8.768127381176742,,2,183.82715379148127,,3,2046,190.02671930172167,,6,True,True
IN_TCOP1250@EUR,0.99,funded_assets,EUR,2046,13,20.46000000000002,60,0.00635386119257087,0.002870390172648126,0.009837332212493615,-0.031249482308799332,-0.21228275571735095,0.14978379109975226,9.541204755626751,,2,491.6570460686224,,3,2046,504.0949188631342,,6,True,True
IN_TCOP1250@EUR,0.99,funded_assets,USD,2046,13,20.46000000000002,20,0.00635386119257087,0.0030588310304546762,0.009648891354687064,-0.030218133102637157,-0.20379572932811038,0.14335946312283607,8.609123167926777,,2,183.82653616301775,,3,2046,190.0067058186559,,6,True,True
IN_TCOP1250@EUR,0.99,funded_assets,USD,2046,13,20.46000000000002,60,0.00635386119257087,0.002870390172648126,0.009837332212493615,-0.030218133102637157,-0.21383888700060466,0.15340262079533035,9.32287299277813,,2,491.65560935317853,,3,2046,503.93530981399743,,6,True,True
IN_TCOP1250@EUR,0.99,net_cashflows,EUR,2046,35,20.46000000000002,20,0.01710654936461388,0.009697784162859489,0.024515314566368268,-0.42569131145462075,-0.7845543932633224,-0.06682822964591906,5.40858472053673,0.0669176606913557,2,3.6620876822882216,0.3003403074740146,3,2046,70.3596019541133,3.4501705772589226e-13,6,False,False
IN_TCOP1250@EUR,0.99,net_cashflows,EUR,2046,35,20.46000000000002,60,0.01710654936461388,0.009069604953701498,0.02514349377552626,-0.42569131145462075,-0.7881605214078145,-0.0632221015014271,5.564206627194023,0.06190815807204097,2,3.1442065965978325,0.3699213053329576,3,2046,172.49151445439102,1.3318620281251848e-34,6,False,False
IN_TCOP1250@EUR,0.99,net_cashflows,USD,2046,35,20.46000000000002,20,0.01710654936461388,0.009697784162859489,0.024515314566368268,-0.43176909300017047,-0.7981120662947236,-0.06542611970561729,5.336710075101406,0.06936623636575485,2,3.666299328341836,0.2998254563649943,3,2046,70.57157352589536,3.121406515090201e-13,6,False,False
IN_TCOP1250@EUR,0.99,net_cashflows,USD,2046,35,20.46000000000002,60,0.01710654936461388,0.009069604953701498,0.02514349377552626,-0.43176909300017047,-0.8012207687150483,-0.062317417285292664,5.477654115650205,0.0646461286113856,2,3.1473136669672708,0.3694652360367574,3,2046,174.07100823532,6.156056255978197e-35,6,False,False
IN_TCOP1250@GBP,0.95,funded_assets,EUR,2046,86,102.3000000000001,20,0.042033235581622676,0.03129552757498769,0.05277094358825766,0.0553232382246092,-0.029729007092396273,0.14037548354161467,2.2146632226352714,0.3304395268004106,2,3.05043815669269,0.3839137918443445,3,2046,25.97857033005879,0.00022469826174135665,6,False,False
IN_TCOP1250@GBP,0.95,funded_assets,EUR,2046,86,102.3000000000001,60,0.042033235581622676,0.029195792794689007,0.054870678368556344,0.0553232382246092,-0.050963920486027825,0.16161039693524623,1.491323550540253,0.4744202364515182,2,2.316038635206538,0.5094552955579215,3,2046,35.20868170761438,3.926299512129007e-06,6,False,False
IN_TCOP1250@GBP,0.95,funded_assets,USD,2046,86,102.3000000000001,20,0.042033235581622676,0.031336302706758815,0.05273016845648654,0.05815997508797404,-0.027495453356703163,0.14381540353265124,2.2897999466714185,0.31825575025943453,2,3.2912298118423826,0.3488651581281805,3,2046,26.112410555705264,0.00021215869681346104,6,False,False
IN_TCOP1250@GBP,0.95,funded_assets,USD,2046,86,102.3000000000001,60,0.042033235581622676,0.029347869356128688,0.054718601807116664,0.05815997508797404,-0.04908130673131134,0.16540125690725943,1.5492591561464868,0.46087446739222726,2,2.5462137182459985,0.4669970917207398,3,2046,36.74832235943776,1.9713987937242712e-06,6,False,False
IN_TCOP1250@GBP,0.95,net_cashflows,EUR,2046,114,102.3000000000001,20,0.05571847507331378,0.04296171491258696,0.0684752352340406,-0.1961436867607907,-0.3630877698097899,-0.029199603711791478,8.747124793267862,0.012606252012308382,2,2.306200676573046,0.5113340628624907,3,2046,11.901431016366576,0.06420422993236674,6,False,False
IN_TCOP1250@GBP,0.95,net_cashflows,EUR,2046,114,102.3000000000001,60,0.05571847507331378,0.040604599629328116,0.07083235051729944,-0.1961436867607907,-0.3990476464275276,0.0067602729059462185,9.515445633223608,0.008585137086553875,2,2.4073078365245832,0.49227572101649664,3,2046,13.040579425995066,0.04239604934698266,6,False,False
IN_TCOP1250@GBP,0.95,net_cashflows,USD,2046,115,102.3000000000001,20,0.056207233626588464,0.04349887725309192,0.068915590000085,-0.1987820838486858,-0.3678125459197095,-0.029751621777662052,8.222237998561699,0.016389424507141273,2,2.437339277118822,0.4867217776535734,3,2046,11.229044438659225,0.08155028914199725,6,False,False
IN_TCOP1250@GBP,0.95,net_cashflows,USD,2046,115,102.3000000000001,60,0.056207233626588464,0.041229704186337555,0.07118476306683937,-0.1987820838486858,-0.4037985183925,0.006234350695128482,8.844707474322172,0.012005940174147802,2,2.5550464389007868,0.4654250428696872,3,2046,12.170267731137749,0.058276365358635576,6,False,False
IN_TCOP1250@GBP,0.99,funded_assets,EUR,2046,14,20.46000000000002,20,0.006842619745845552,0.0027911830912838607,0.010894056400407245,0.027668005963980995,-0.1383827777361202,0.1937187896640822,3.0890877808764485,,2,165.20023905153263,,3,2046,213.2177838703075,,6,True,True
IN_TCOP1250@GBP,0.99,funded_assets,EUR,2046,14,20.46000000000002,60,0.006842619745845552,0.001908898049647177,0.011776341442043928,0.027668005963980995,-0.1638295193596264,0.2191655312875884,3.1755473030400103,,2,447.9643617055484,,3,2046,511.6710886841101,,6,True,True
IN_TCOP1250@GBP,0.99,funded_assets,USD,2046,13,20.46000000000002,20,0.00635386119257087,0.002385029439378257,0.010322692945763483,0.02754118462670569,-0.1407370619695384,0.19581943122294976,4.671511045495124,,2,179.65095279633056,,3,2046,222.96570600476485,,6,True,True
IN_TCOP1250@GBP,0.99,funded_assets,USD,2046,13,20.46000000000002,60,0.00635386119257087,0.001437563357601976,0.011270159027539764,0.02754118462670569,-0.16775884935658283,0.2228412186099942,4.827531054358836,,2,483.858119984215,,3,2046,547.6167786646157,,6,True,True
IN_TCOP1250@GBP,0.99,net_cashflows,EUR,2046,42,20.46000000000002,20,0.020527859237536656,0.012243523237394348,0.028812195237678966,-0.42585070859600205,-0.7646284471968435,-0.08707296999516057,6.722054205724322,0.03469960057639939,2,7.618000784573086,0.05460277964048513,3,2046,74.51083438118705,4.839833667606875e-14,6,False,False
IN_TCOP1250@GBP,0.99,net_cashflows,EUR,2046,42,20.46000000000002,60,0.020527859237536656,0.011127333117294576,0.029928385357778736,-0.42585070859600205,-0.8190931748977138,-0.03260824229429027,4.940407347881265,0.08456763302431493,2,6.364195010979233,0.09517496264393989,3,2046,165.12052786910195,4.870401381856553e-33,6,False,False
IN_TCOP1250@GBP,0.99,net_cashflows,USD,2046,43,20.46000000000002,20,0.021016617790811338,0.012725384028324441,0.029307851553298236,-0.43277872961500846,-0.7769918808710419,-0.088565578358975,7.10244081811145,0.028689605226397807,2,8.508478399153296,0.03659271379054064,3,2046,76.80456496684842,1.6307711935113414e-14,6,False,False
IN_TCOP1250@GBP,0.99,net_cashflows,USD,2046,43,20.46000000000002,60,0.021016617790811338,0.011577062095644141,0.030456173485978535,-0.43277872961500846,-0.8307376955908348,-0.034819763639182155,5.2686936121159595,0.07176583110815939,2,7.201347138396582,0.06574966119135797,3,2046,158.7924105599434,1.0670246542415634e-31,6,False,False
IN_TCOP1250@JPY,0.95,funded_assets,EUR,2046,67,102.3000000000001,20,0.03274682306940371,0.024333319143305707,0.04116032699550172,0.0815195205415379,0.009990257545311507,0.1530487835377643,16.219932426753672,0.0003005290268807982,2,17.658222780406653,0.0005173213513218545,3,2046,21.821951780508144,0.0013041829591510894,6,False,False
IN_TCOP1250@JPY,0.95,funded_assets,EUR,2046,67,102.3000000000001,60,0.03274682306940371,0.02362944120050252,0.04186420493830491,0.0815195205415379,0.0008383802824254993,0.1622006608006503,14.943246847341953,0.0005690038124077756,2,14.016842884803006,0.0028823161360957937,3,2046,20.8546706386272,0.0019482239312686473,6,False,False
IN_TCOP1250@JPY,0.95,funded_assets,USD,2046,66,102.3000000000001,20,0.03225806451612903,0.023773518458520236,0.04074261057373783,0.08362218946548676,0.011575553242974365,0.15566882568799917,16.889982799357835,0.00021497444450282335,2,18.36184160537033,0.0003703752307225727,3,2046,22.728115072969857,0.0008928453655875486,6,False,False
IN_TCOP1250@JPY,0.95,funded_assets,USD,2046,66,102.3000000000001,60,0.03225806451612903,0.022803737331400578,0.041712391700857485,0.08362218946548676,0.0022646224666995896,0.16497975646427393,14.550665760530068,0.0006924095928510631,2,13.79262383697269,0.003201457387487367,3,2046,21.3266983773988,0.0016023733838272274,6,False,False
IN_TCOP1250@JPY,0.95,net_cashflows,EUR,2046,100,102.3000000000001,20,0.04887585532746823,0.03765324065018308,0.06009847000475338,-0.13495037683217168,-0.2663186459449289,-0.0035821077194144735,12.58557187324167,0.0018495998943238111,2,2.1149992165469222,0.5488842848748057,3,2046,16.386440127351925,0.01182343152757883,6,False,False
IN_TCOP1250@JPY,0.95,net_cashflows,EUR,2046,100,102.3000000000001,60,0.04887585532746823,0.037678494504460786,0.06007321615047567,-0.13495037683217168,-0.26734436446084664,-0.0025563892034967395,13.955899811546923,0.0009322123687467305,2,1.7893346704649953,0.6172585768568835,3,2046,19.633271243371038,0.0032176579933795224,6,False,False
IN_TCOP1250@JPY,0.95,net_cashflows,USD,2046,100,102.3000000000001,20,0.04887585532746823,0.03765324065018308,0.06009847000475338,-0.13654622917009313,-0.270060686904932,-0.0030317714352542657,12.323417439456192,0.0021086471047383312,2,2.1176604712744713,0.5483482006865243,3,2046,15.946400101780617,0.014044569623573297,6,False,False
IN_TCOP1250@JPY,0.95,net_cashflows,USD,2046,100,102.3000000000001,60,0.04887585532746823,0.037678494504460786,0.06007321615047567,-0.13654622917009313,-0.2707374615641125,-0.0023549967760737867,13.675023575436983,0.0010727693594225513,2,1.7932329679336343,0.6164086239282949,3,2046,19.1332635518019,0.00394439229025711,6,False,False
IN_TCOP1250@JPY,0.99,funded_assets,EUR,2046,10,20.46000000000002,20,0.004887585532746823,0.002018462536198236,0.007756708529295411,0.03828200468571812,-0.12835997719010944,0.2049239865615457,14.530520097431756,,2,244.6428296674576,,3,2046,249.24641928161313,,6,True,True
IN_TCOP1250@JPY,0.99,funded_assets,EUR,2046,10,20.46000000000002,60,0.004887585532746823,0.0018823459041869043,0.007892825161306741,0.03828200468571812,-0.12610085297665186,0.20266486234808812,14.780014534045206,,2,639.6561319274285,,3,2046,651.0184190883048,,6,True,True
IN_TCOP1250@JPY,0.99,funded_assets,USD,2046,9,20.46000000000002,20,0.004398826979472141,0.0016613569115609688,0.007136297047383314,0.03896285355822055,-0.1290281125731446,0.20695381968958568,20.163304282754712,,2,275.70258455762684,,3,2046,280.82277409694626,,6,True,True
IN_TCOP1250@JPY,0.99,funded_assets,USD,2046,9,20.46000000000002,60,0.004398826979472141,0.0014596467182931708,0.007338007240651112,0.03896285355822055,-0.1271959964116856,0.2051217035281267,19.861671770761742,,2,710.8088567669826,,3,2046,730.4668910627581,,6,True,True
IN_TCOP1250@JPY,0.99,net_cashflows,EUR,2046,34,20.46000000000002,20,0.016617790811339198,0.010727371585514966,0.02250821003716343,-0.35514849485667943,-0.6441262687315247,-0.06617072098183419,6.173340848524064,0.04565370910722832,2,84.28540051041983,3.6943498130069495e-18,3,2046,89.01890729044845,4.8436502723546466e-17,6,False,False
IN_TCOP1250@JPY,0.99,net_cashflows,EUR,2046,34,20.46000000000002,60,0.016617790811339198,0.01071880398909537,0.022516777633583025,-0.35514849485667943,-0.642765968617906,-0.06753102109545284,6.099782971269644,0.04736406379360118,2,209.12577787375255,4.49904346641135e-45,3,2046,213.74137583496486,2.246281512296831e-43,6,False,False
IN_TCOP1250@JPY,0.99,net_cashflows,USD,2046,36,20.46000000000002,20,0.017595307917888565,0.01151606052326231,0.02367455531251482,-0.3581023971666512,-0.6528931329456118,-0.06331166138769057,6.658404161058316,0.03582167648043806,2,80.53257005108975,2.3593707799259154e-17,3,2046,85.11657474295096,3.1225619931867155e-16,6,False,False
IN_TCOP1250@JPY,0.99,net_cashflows,USD,2046,36,20.46000000000002,60,0.017595307917888565,0.011566126101428488,0.023624489734348643,-0.3581023971666512,-0.650584315091013,-0.06562047924228942,6.594617405695712,0.036982564658411377,2,195.23322512777804,4.5192710961062766e-42,3,2046,199.615306628996,2.291324835126208e-40,6,False,False
IN_TCOP1250@USD,0.95,funded_assets,EUR,2046,65,102.3000000000001,20,0.03176930596285435,0.023616515252121592,0.03992209667358711,0.06704155325451457,-0.0025117031543350488,0.13659480966336418,21.712276774168558,1.928585972941683e-05,2,19.767160981769628,0.00018968442228645433,3,2046,26.557255667187125,0.00017523994401958691,6,False,False
IN_TCOP1250@USD,0.95,funded_assets,EUR,2046,65,102.3000000000001,60,0.03176930596285435,0.023291524691319163,0.040247087234389536,0.06704155325451457,-0.00933586733062132,0.14341897383965047,25.797329170655622,2.501388487342484e-06,2,18.013702180575102,0.00043699678693262734,3,2046,32.38213151938816,1.3783266145611898e-05,6,False,False
IN_TCOP1250@USD,0.95,funded_assets,USD,2046,64,102.3000000000001,20,0.03128054740957967,0.02356618209334458,0.038994912725814755,0.0680868403784675,-0.00207683950447507,0.13825052026141008,25.584272170954325,2.782568640445762e-06,2,23.807488791510014,2.740167713638604e-05,3,2046,30.031181769450257,3.877551214862568e-05,6,False,False
IN_TCOP1250@USD,0.95,funded_assets,USD,2046,64,102.3000000000001,60,0.03128054740957967,0.02355054231856476,0.03901055250059458,0.0680868403784675,-0.009016367879699241,0.14519004863663426,32.20910481401625,1.0136353690998682e-07,2,23.090683545645156,3.866300631080471e-05,3,2046,38.37056843610353,9.506951139471615e-07,6,False,False
IN_TCOP1250@USD,0.95,net_cashflows,EUR,2046,104,102.3000000000001,20,0.05083088954056696,0.03951854459797717,0.062143234483156756,-0.1456861917490591,-0.2891425449049033,-0.0022298385932149334,9.605119319523396,0.00820870863372896,2,2.3530820491091298,0.5024281324301596,3,2046,14.216359823064241,0.027310502606904347,6,False,False
IN_TCOP1250@USD,0.95,net_cashflows,EUR,2046,104,102.3000000000001,60,0.05083088954056696,0.03943657345359619,0.062225205627537736,-0.1456861917490591,-0.29261394363250853,0.001241560134390307,11.108663247106254,0.0038706546596246768,2,2.0638928840103112,0.5592519441817174,3,2046,21.135062719906667,0.0017348599045763408,6,False,False
IN_TCOP1250@USD,0.95,net_cashflows,USD,2046,104,102.3000000000001,20,0.05083088954056696,0.03951854459797717,0.062143234483156756,-0.1486586682512298,-0.29475690457293313,-0.0025604319295264855,9.552319432776196,0.00842830397522552,2,2.3540166032548027,0.502251809236337,3,2046,14.154761195381326,0.027954370689121023,6,False,False
IN_TCOP1250@USD,0.95,net_cashflows,USD,2046,104,102.3000000000001,60,0.05083088954056696,0.03943657345359619,0.062225205627537736,-0.1486586682512298,-0.2980213633505726,0.0007040268481129652,11.024880321994436,0.004036246266044939,2,2.06480464944345,0.5590657710152909,3,2046,20.99930071290767,0.0018351467533371218,6,False,False
IN_TCOP1250@USD,0.99,funded_assets,EUR,2046,11,20.46000000000002,20,0.005376344086021506,0.0021187853345701656,0.008633902837472847,0.010509164268079348,-0.13190359549672107,0.15292192403287977,13.905322051320274,,2,15.260363333156704,,3,2046,222.97032394121806,,6,True,True
IN_TCOP1250@USD,0.99,funded_assets,EUR,2046,11,20.46000000000002,60,0.005376344086021506,0.0018968409995068374,0.008855847172536175,0.010509164268079348,-0.13319271313159395,0.15421104166775265,14.77436371893556,,2,13.038015831323856,,3,2046,593.1928973282517,,6,True,True
IN_TCOP1250@USD,0.99,funded_assets,USD,2046,10,20.46000000000002,20,0.004887585532746823,0.0017423562324409736,0.008032814833052673,0.009219420387173145,-0.1355389360210544,0.15397777679540067,20.375747082100055,,2,20.185422834206218,,3,2046,249.8714135396912,,6,True,True
IN_TCOP1250@USD,0.99,funded_assets,USD,2046,10,20.46000000000002,60,0.004887585532746823,0.0014569118492426263,0.00831825921625102,0.009219420387173145,-0.1374780448260719,0.15591688560041816,21.09602265627208,,2,16.431848033413846,,3,2046,661.6470601096955,,6,True,True
IN_TCOP1250@USD,0.99,net_cashflows,EUR,2046,34,20.46000000000002,20,0.016617790811339198,0.010588061195665025,0.02264752042701337,-0.36126220337434706,-0.6710408837773505,-0.05148352297134362,5.592617215115151,0.06103495125153578,2,83.46238989268947,5.5484389450002085e-18,3,2046,86.81040553559423,1.391290648190527e-16,6,False,False
IN_TCOP1250@USD,0.99,net_cashflows,EUR,2046,34,20.46000000000002,60,0.016617790811339198,0.010273969377131719,0.022961612245546676,-0.36126220337434706,-0.6759371069245312,-0.046587299824162876,5.252831547574657,0.07233727129051536,2,208.65621715352663,5.683298824977462e-45,3,2046,211.2002925721647,7.815612194397068e-43,6,False,False
IN_TCOP1250@USD,0.99,net_cashflows,USD,2046,35,20.46000000000002,20,0.01710654936461388,0.010542191233143944,0.023670907496083814,-0.36841095089687226,-0.6864210747236285,-0.05040082707011606,5.384260733545962,0.06773648200222969,2,76.63050592314445,1.6203109769884957e-16,3,2046,82.77506536211185,9.53478417162431e-16,6,False,False
IN_TCOP1250@USD,0.99,net_cashflows,USD,2046,35,20.46000000000002,60,0.01710654936461388,0.010286779145190085,0.023926319584037674,-0.36841095089687226,-0.6906647467229529,-0.046157155070791656,5.11817113593475,0.07737546270465738,2,191.65823548286465,2.6754403582114903e-41,3,2046,195.89330971623906,1.4194655868740256e-39,6,False,False
IN_TCOP_REF_PAST_BEST,0.95,funded_assets,EUR,2046,65,102.3000000000001,20,0.03176930596285435,0.023589758510445067,0.039948853415263635,0.06620346758151768,-0.013194173563149461,0.1456011087261848,21.403709070090343,2.2503166281210726e-05,2,21.74831022322612,7.358885708867865e-05,3,2044,25.51703827033885,0.00027380863699038574,6,False,False
IN_TCOP_REF_PAST_BEST,0.95,funded_assets,EUR,2046,65,102.3000000000001,60,0.03176930596285435,0.02330040210153326,0.04023820982417544,0.06620346758151768,-0.022079135182398332,0.1544860703454337,24.88402591831305,3.9491390724200905e-06,2,18.714625013909938,0.0003131711909537946,3,2044,28.747615123564486,6.790490973449986e-05,6,False,False
IN_TCOP_REF_PAST_BEST,0.95,funded_assets,USD,2046,65,102.3000000000001,20,0.03176930596285435,0.02396710150437032,0.03957151042133838,0.06759101367736552,-0.012478779860329484,0.14766080721506053,23.270564743728627,8.84832509317133e-06,2,25.363126974303245,1.2963355994327976e-05,3,2044,28.24810738914365,8.437278187051241e-05,6,False,False
IN_TCOP_REF_PAST_BEST,0.95,funded_assets,USD,2046,65,102.3000000000001,60,0.03176930596285435,0.02392377170855272,0.03961484021715598,0.06759101367736552,-0.02149602870298488,0.1566780560577159,28.67622033167364,5.929770348070355e-07,2,22.66535847043669,4.741659528619617e-05,3,2044,33.201073771457175,9.591796618460077e-06,6,False,False
IN_TCOP_REF_PAST_BEST,0.95,net_cashflows,EUR,2046,102,102.3000000000001,20,0.04985337243401759,0.03845495935886242,0.06125178550917276,-0.14658899275180412,-0.29080707489083624,-0.0023709106127720314,10.798876291192336,0.004519119316537047,2,2.820662233539716,0.42010983084928866,3,2044,16.110567800359423,0.01317265006839249,6,False,False
IN_TCOP_REF_PAST_BEST,0.95,net_cashflows,EUR,2046,102,102.3000000000001,60,0.04985337243401759,0.03831668681303459,0.0613900580550006,-0.14658899275180412,-0.2932665236804725,8.853817686427234e-05,12.986084741365978,0.0015139360398228744,2,2.4063203494109184,0.4924591760938434,3,2044,23.399857935410047,0.0006730422799220167,6,False,False
IN_TCOP_REF_PAST_BEST,0.95,net_cashflows,USD,2046,102,102.3000000000001,20,0.04985337243401759,0.03845495935886242,0.06125178550917276,-0.14902690345742778,-0.29589148450615843,-0.0021623224086971538,10.61860406517724,0.004945377225509118,2,2.8247499040272563,0.4194418316352425,3,2044,15.92942775813437,0.014137811593834676,6,False,False
IN_TCOP_REF_PAST_BEST,0.95,net_cashflows,USD,2046,102,102.3000000000001,60,0.04985337243401759,0.03831668681303459,0.0613900580550006,-0.14902690345742778,-0.2980768965392141,2.308962435856876e-05,12.732133045963854,0.0017189072273850463,2,2.4101237030243468,0.4917528808778915,3,2044,23.08264876088219,0.0007692646417249857,6,False,False
IN_TCOP_REF_PAST_BEST,0.99,funded_assets,EUR,2046,11,20.46000000000002,20,0.005376344086021506,0.0021187853345701656,0.008633902837472847,-0.00301872065022239,-0.18394592813464028,0.17790848683419552,12.247693712952298,,2,17.52180972969028,,3,2044,227.10752113220317,,6,True,True
IN_TCOP_REF_PAST_BEST,0.99,funded_assets,EUR,2046,11,20.46000000000002,60,0.005376344086021506,0.0020111338674082585,0.008741554304634754,-0.00301872065022239,-0.1834925755358809,0.17745513423543613,13.573893206529533,,2,16.10511997510896,,3,2044,600.7392378332121,,6,True,True
IN_TCOP_REF_PAST_BEST,0.99,funded_assets,USD,2046,10,20.46000000000002,20,0.004887585532746823,0.0017423562324409732,0.008032814833052673,-0.00418499207707009,-0.18733255223746847,0.17896256808332828,17.165815690544505,,2,22.881280996102085,,3,2044,253.51639978616072,,6,True,True
IN_TCOP_REF_PAST_BEST,0.99,funded_assets,USD,2046,10,20.46000000000002,60,0.004887585532746823,0.0015728879584450328,0.008202283107048614,-0.00418499207707009,-0.18743316778325095,0.17906318362911075,18.658271932428065,,2,19.747962552941654,,3,2044,669.0360249715629,,6,True,True
IN_TCOP_REF_PAST_BEST,0.99,net_cashflows,EUR,2046,35,20.46000000000002,20,0.01710654936461388,0.011193631740582155,0.023019466988645605,-0.377170148428874,-0.6956906780219556,-0.058649618835792394,6.206103311679256,0.04491193728146797,2,83.84451157183794,4.5937054959685064e-18,3,2044,86.78624259760447,1.4074356555204276e-16,6,False,False
IN_TCOP_REF_PAST_BEST,0.99,net_cashflows,EUR,2046,35,20.46000000000002,60,0.01710654936461388,0.011108359758808122,0.023104738970419637,-0.377170148428874,-0.696816470490332,-0.05752382636741593,6.009738191493267,0.04954523958655662,2,204.06477893219005,5.582556911180876e-44,3,2044,206.16175318850011,9.253288035247044e-42,6,False,False
IN_TCOP_REF_PAST_BEST,0.99,net_cashflows,USD,2046,37,20.46000000000002,20,0.018084066471163247,0.011457242046211954,0.02471089089611454,-0.3836861637875822,-0.7105611904232201,-0.05681113715194436,6.214006291825353,0.04473481837939573,2,75.89867291962783,2.325320104228104e-16,3,2044,80.96011765173718,2.2627412413637077e-15,6,False,False
IN_TCOP_REF_PAST_BEST,0.99,net_cashflows,USD,2046,37,20.46000000000002,60,0.018084066471163247,0.01132425257318559,0.024843880369140904,-0.3836861637875822,-0.7109181161524654,-0.056454211422699074,5.9731616006889,0.050459673798588546,2,183.43559867438657,1.597703635999408e-39,3,2044,187.52572970655507,8.542793614353124e-38,6,False,False
IN_TCOP_REF_POOL,0.95,funded_assets,EUR,2046,66,102.3000000000001,20,0.03225806451612903,0.02430399296563506,0.040212136066623,0.08834376786387997,0.019365995045776754,0.15732154068198317,19.351632262714013,6.278363350978947e-05,2,19.81902240455135,0.00018504987874049084,3,2046,29.966127295140627,3.98955943299934e-05,6,False,False
IN_TCOP_REF_POOL,0.95,funded_assets,EUR,2046,66,102.3000000000001,60,0.03225806451612903,0.02377501847872696,0.04074111055353111,0.08834376786387997,0.009214915609184318,0.1674726201185756,19.548600677520927,5.689515676840532e-05,2,16.838906853264287,0.0007627530629370189,3,2046,34.83836845433105,4.631625268652067e-06,6,False,False
IN_TCOP_REF_POOL,0.95,funded_assets,USD,2046,65,102.3000000000001,20,0.03176930596285435,0.023795361182392286,0.039743250743316416,0.09043085907665352,0.020857936342541017,0.16000378181076602,20.36525105759918,3.782177629335027e-05,2,20.698748217112243,0.00012158311535858769,3,2046,29.531926629895366,4.8236783150979874e-05,6,False,False
IN_TCOP_REF_POOL,0.95,funded_assets,USD,2046,65,102.3000000000001,60,0.03176930596285435,0.02312980826213397,0.04040880366357473,0.09043085907665352,0.010491427729269726,0.1703702904240373,19.681531349904102,5.323653362904781e-05,2,17.161181303785224,0.0006547934873912044,3,2046,34.239549259274916,6.047455443808388e-06,6,False,False
IN_TCOP_REF_POOL,0.95,net_cashflows,EUR,2046,105,102.3000000000001,20,0.051319648093841645,0.039394340175294834,0.06324495601238846,-0.13464135769665161,-0.27816225134682016,0.008879535953516954,8.457750538323161,0.014568767278819117,2,3.636972016754302,0.3034269686167055,3,2046,12.105281687790045,0.05966089264305775,6,False,False
IN_TCOP_REF_POOL,0.95,net_cashflows,EUR,2046,105,102.3000000000001,60,0.051319648093841645,0.03809394919147333,0.06454534699620997,-0.13464135769665161,-0.2882806308016054,0.01899791540830212,10.698270701520801,0.004752258259976591,2,3.1266650523986477,0.37250520692784,3,2046,14.719290212910819,0.0225560432289635,6,False,False
IN_TCOP_REF_POOL,0.95,net_cashflows,USD,2046,104,102.3000000000001,20,0.05083088954056696,0.03894617881458234,0.06271560026655158,-0.1365714666938657,-0.2822506516880311,0.009107718300299744,9.265215537049626,0.009729354088183966,2,3.7721783996493428,0.28713887696116414,3,2046,13.2660511538758,0.03900028787399638,6,False,False
IN_TCOP_REF_POOL,0.95,net_cashflows,USD,2046,104,102.3000000000001,60,0.05083088954056696,0.03788224011160393,0.06377953896953,-0.1365714666938657,-0.2922335865335497,0.019090653145818343,12.169252069168882,0.0022776159145942946,2,3.235262002691378,0.3567550778266384,3,2046,16.608757758789046,0.01083394691203957,6,False,False
IN_TCOP_REF_POOL,0.99,funded_assets,EUR,2046,10,20.46000000000002,20,0.004887585532746823,0.002018462536198237,0.007756708529295409,0.041275311680442704,-0.1057711320447276,0.18832175540561302,15.834384560580064,,2,244.39444146185474,,3,2046,255.30836638873987,,6,True,True
IN_TCOP_REF_POOL,0.99,funded_assets,EUR,2046,10,20.46000000000002,60,0.004887585532746823,0.001852458445473684,0.007922712620019963,0.041275311680442704,-0.11156945979869762,0.19412008315958304,17.048482898711644,,2,638.7410945874551,,3,2046,658.3072365889351,,6,True,True
IN_TCOP_REF_POOL,0.99,funded_assets,USD,2046,9,20.46000000000002,20,0.004398826979472141,0.0016613569115609688,0.007136297047383314,0.04192588727001427,-0.10686668985474086,0.19071846439476942,22.572197466052764,,2,274.9085072374073,,3,2046,292.3950000826869,,6,True,True
IN_TCOP_REF_POOL,0.99,funded_assets,USD,2046,9,20.46000000000002,60,0.004398826979472141,0.0014596467182931708,0.007338007240651112,0.04192588727001427,-0.11350805859737641,0.19735983313740496,23.71277050536706,,2,709.5627589742712,,3,2046,751.2758674361429,,6,True,True
IN_TCOP_REF_POOL,0.99,net_cashflows,EUR,2046,30,20.46000000000002,20,0.01466275659824047,0.008811911620663998,0.020513601575816942,-0.30548111859717825,-0.5910979424210001,-0.019864294773356383,4.441700392969213,0.1085168089844985,2,87.44162429275916,7.762039837031007e-19,3,2046,89.81755037944622,3.306238461457095e-17,6,False,False
IN_TCOP_REF_POOL,0.99,net_cashflows,EUR,2046,30,20.46000000000002,60,0.01466275659824047,0.008369575795351594,0.020955937401129346,-0.30548111859717825,-0.5976319451110458,-0.013330292083310713,4.398301416607885,0.11089730253690196,2,229.7465223375654,1.5689865524545362e-49,3,2046,231.58191989544744,3.5192112655823375e-47,6,False,False
IN_TCOP_REF_POOL,0.99,net_cashflows,USD,2046,31,20.46000000000002,20,0.015151515151515152,0.009271587087321228,0.021031443215709076,-0.31014744877411815,-0.6014523862249944,-0.018842511323241884,4.362454832683752,0.11290286673501154,2,86.21521683711256,1.4232724421011617e-18,3,2046,88.40631687033817,6.49130874685014e-17,6,False,False
IN_TCOP_REF_POOL,0.99,net_cashflows,USD,2046,31,20.46000000000002,60,0.015151515151515152,0.00891941740276337,0.021383612900266934,-0.31014744877411815,-0.6073855416954199,-0.01290935585281644,4.196183434427929,0.12269033285413729,2,224.01138066185084,2.72613744963298e-48,3,2046,225.30241211728213,7.69758605126505e-46,6,False,False
PAST_BEST,0.95,funded_assets,EUR,2046,80,102.3000000000001,20,0.039100684261974585,0.030337320022115116,0.04786404850183405,0.015813007539606773,-0.07313603905247426,0.10476205413168779,8.712558290801233,0.012826022738656453,2,8.356409592056199,0.0391924142852133,3,2044,13.578004440373318,0.03472222755076052,6,False,False
PAST_BEST,0.95,funded_assets,EUR,2046,80,102.3000000000001,60,0.039100684261974585,0.02948285029556117,0.048718518228388,0.015813007539606773,-0.07701539797252638,0.10864141305173994,8.97700775637801,0.01123744382382615,2,7.285537450155476,0.06333267718320269,3,2044,15.01660656345881,0.02012794586810818,6,False,False
PAST_BEST,0.95,funded_assets,USD,2046,79,102.3000000000001,20,0.0386119257086999,0.02981154627355112,0.047412305143848685,0.03026914247947902,-0.05987763859485516,0.12041592355381321,8.206539102404456,0.016518578675177007,2,7.166375467188299,0.06677970013760681,3,2044,13.843188951054735,0.03143773209790203,6,False,False
PAST_BEST,0.95,funded_assets,USD,2046,79,102.3000000000001,60,0.0386119257086999,0.029039404792020378,0.04818444662537943,0.03026914247947902,-0.06474489617767289,0.12528318113663092,8.20042857965944,0.01656912442645394,2,6.2246570152413785,0.1011773116086632,3,2044,14.348478009667533,0.025976685987506326,6,False,False
PAST_BEST,0.95,net_cashflows,EUR,2046,118,102.3000000000001,20,0.05767350928641251,0.04581399516822484,0.06953302340460019,-0.24005389084737577,-0.402392516182409,-0.07771526551234251,12.104130079049476,0.0023529979522136347,2,4.7099594416642265,0.19430969135486253,3,2044,16.00535102437429,0.013725275442999002,6,False,False
PAST_BEST,0.95,net_cashflows,EUR,2046,118,102.3000000000001,60,0.05767350928641251,0.04477097546014608,0.07057604311267894,-0.24005389084737577,-0.41003560287533625,-0.07007217881941527,12.218868731491455,0.002221807187692208,2,4.210152133354422,0.23964742770312533,3,2044,18.054483573872883,0.006097470737945198,6,False,False
PAST_BEST,0.95,net_cashflows,USD,2046,119,102.3000000000001,20,0.05816226783968719,0.04617071841170136,0.07015381726767303,-0.24491270546502414,-0.4098926009463163,-0.07993280998373195,11.717626094531237,0.002854629983457095,2,4.597794228375514,0.2037313856179734,3,2044,15.370945973825119,0.01755972193891457,6,False,False
PAST_BEST,0.95,net_cashflows,USD,2046,119,102.3000000000001,60,0.05816226783968719,0.04508511643281268,0.0712394192465617,-0.24491270546502414,-0.4173232680973563,-0.07250214283269199,11.843331313728527,0.0026807312777067218,2,4.077237943316157,0.2532437061417834,3,2044,17.311239156647037,0.008204949933237069,6,False,False
PAST_BEST,0.99,funded_assets,EUR,2046,14,20.46000000000002,20,0.006842619745845552,0.0034485459030967596,0.010236693588594345,-0.008319800350392134,-0.18615811072158733,0.1695185100208031,5.123610880929477,,2,171.53775296312267,,3,2044,189.84905675290608,,6,True,True
PAST_BEST,0.99,funded_assets,EUR,2046,14,20.46000000000002,60,0.006842619745845552,0.0032750666331362154,0.01041017285855489,-0.008319800350392134,-0.19916814787850967,0.18252854717772538,5.509252591137454,,2,458.2114778346879,,3,2044,477.80642329348717,,6,True,True
PAST_BEST,0.99,funded_assets,USD,2046,14,20.46000000000002,20,0.006842619745845552,0.0034485459030967596,0.010236693588594345,-0.008527810356940295,-0.18898850835615008,0.17193288764226947,5.133277487273593,,2,171.48551558493608,,3,2044,190.14291288382665,,6,True,True
PAST_BEST,0.99,funded_assets,USD,2046,14,20.46000000000002,60,0.006842619745845552,0.0032750666331362154,0.01041017285855489,-0.008527810356940295,-0.20291566855580945,0.18586004784192883,5.515856490355893,,2,458.14232766402154,,3,2044,478.78287251383006,,6,True,True
PAST_BEST,0.99,net_cashflows,EUR,2046,36,20.46000000000002,20,0.017595307917888565,0.010409178637618585,0.024781437198158545,-0.29809106564637106,-0.622547237851059,0.026365106558316975,4.386989771829145,0.11152629504175615,2,4.3407091694480515,0.22694639224343122,3,2044,25.423788095270005,0.00028494643075775624,6,False,False
PAST_BEST,0.99,net_cashflows,EUR,2046,36,20.46000000000002,60,0.017595307917888565,0.010122128932623486,0.025068486903153643,-0.29809106564637106,-0.626315443476851,0.030133312184108807,4.027551983635723,0.13348368854132453,2,4.00884473886044,0.26051064046836997,3,2044,29.47754819979111,4.939616831555593e-05,6,False,False
PAST_BEST,0.99,net_cashflows,USD,2046,36,20.46000000000002,20,0.017595307917888565,0.010409178637618585,0.024781437198158545,-0.30663045518795307,-0.6391274103841595,0.025866500008253357,4.395487626494644,0.11105343320761497,2,4.339040383803129,0.22710475658250875,3,2044,18.152595836251987,0.0058619538939394915,6,False,False
PAST_BEST,0.99,net_cashflows,USD,2046,36,20.46000000000002,60,0.017595307917888565,0.010122128932623486,0.025068486903153643,-0.30663045518795307,-0.6422030449829493,0.0289421346070432,4.0372268600270385,0.13283952874563185,2,4.007623680939217,0.26064208601581784,3,2044,20.237219587384065,0.002512542946550637,6,False,False
TAYLOR_OPT,0.95,funded_assets,EUR,2046,79,102.3000000000001,20,0.0386119257086999,0.029308928090886983,0.04791492332651282,0.028308971536359213,-0.057208216622505095,0.11382615969522351,7.332400099901754,0.02557346342838678,2,12.239360758827605,0.0066066129149375775,3,2044,16.048633248584757,0.013495300234761419,6,False,False
TAYLOR_OPT,0.95,funded_assets,EUR,2046,79,102.3000000000001,60,0.0386119257086999,0.02837612524367718,0.04884772617372263,0.028308971536359213,-0.06449841318814131,0.12111635626085973,6.858461397650516,0.03241186567063722,2,10.02354096912687,0.01836708486371464,3,2044,15.986769289393965,0.013825158732563575,6,False,False
TAYLOR_OPT,0.95,funded_assets,USD,2046,81,102.3000000000001,20,0.039589442815249266,0.030429931686995156,0.04874895394350338,0.03454001520771016,-0.051880631412537404,0.12096066182795773,5.775766874757255,0.055693967719804054,2,7.881344785338705,0.04852867008299368,3,2044,13.109888213963611,0.04132372602220501,6,False,False
TAYLOR_OPT,0.95,funded_assets,USD,2046,81,102.3000000000001,60,0.039589442815249266,0.02972236938872403,0.0494565162417745,0.03454001520771016,-0.059252714838241405,0.12833274525366173,5.928318512866233,0.05160383660579776,2,5.807930613317571,0.12133805330455377,3,2044,12.511453121303575,0.05148447945754959,6,False,False
TAYLOR_OPT,0.95,net_cashflows,EUR,2046,117,102.3000000000001,20,0.05718475073313783,0.04550811639665773,0.06886138506961792,-0.13063824279277717,-0.27061542183596315,0.009338936250408825,3.4865088665726085,0.17495010967306396,2,4.4532130816375135,0.21650173295509906,3,2044,7.590454690883964,0.2696684140372042,6,False,False
TAYLOR_OPT,0.95,net_cashflows,EUR,2046,117,102.3000000000001,60,0.05718475073313783,0.044852891907665574,0.06951660955861008,-0.13063824279277717,-0.27266806072759936,0.01139157514204503,3.4477044133845527,0.17837767501947183,2,3.900428622623456,0.2724187176967052,3,2044,8.645049102405286,0.19454615950110704,6,False,False
TAYLOR_OPT,0.95,net_cashflows,USD,2046,118,102.3000000000001,20,0.05767350928641251,0.04583243353434134,0.06951458503848368,-0.13442125910728214,-0.27927345093500483,0.010430932720440544,3.36981154089442,0.18546190712518726,2,4.411858571492415,0.22028833792734798,3,2044,7.012893947965851,0.3196564203302012,6,False,False
TAYLOR_OPT,0.95,net_cashflows,USD,2046,118,102.3000000000001,60,0.05767350928641251,0.04497666379279963,0.07037035478002539,-0.13442125910728214,-0.2823936930001458,0.013551174785581488,3.3137605968102775,0.1907330832113541,2,3.8132457647760645,0.28234918091002487,3,2044,7.698665430556457,0.2610214223818359,6,False,False
TAYLOR_OPT,0.99,funded_assets,EUR,2046,14,20.46000000000002,20,0.006842619745845552,0.0034485459030967596,0.010236693588594345,-0.031075220659897627,-0.22098861005578224,0.158838168735987,5.803636365137428,,2,169.9506740821678,,3,2044,175.76767536438695,,6,True,True
TAYLOR_OPT,0.99,funded_assets,EUR,2046,14,20.46000000000002,60,0.006842619745845552,0.0033301140826509897,0.010355125409040114,-0.031075220659897627,-0.22595611324626086,0.1638056719264656,6.833673434558125,,2,456.2513741614798,,3,2044,465.26043285462197,,6,True,True
TAYLOR_OPT,0.99,funded_assets,USD,2046,14,20.46000000000002,20,0.006842619745845552,0.003260617832160113,0.01042462165953099,-0.03428878615241167,-0.2258420156795493,0.157264443374726,5.411925054334984,,2,169.79705318092394,,3,2044,175.3858013523273,,6,True,True
TAYLOR_OPT,0.99,funded_assets,USD,2046,14,20.46000000000002,60,0.006842619745845552,0.0029716928093865024,0.010713546682304603,-0.03428878615241167,-0.2323087382366329,0.16373116593180953,6.542779332211603,,2,456.16787984213926,,3,2044,468.0717969075783,,6,True,True
TAYLOR_OPT,0.99,net_cashflows,EUR,2046,44,20.46000000000002,20,0.021505376344086023,0.014140311252781718,0.028870441435390328,-0.3118176097877875,-0.6000481380406522,-0.023587081534922838,9.45635202244295,0.008842585115336166,2,71.4947357845687,2.0424167983341087e-15,3,2044,75.22222102695544,3.454522700286958e-14,6,False,False
TAYLOR_OPT,0.99,net_cashflows,EUR,2046,44,20.46000000000002,60,0.021505376344086023,0.014060874929712997,0.02894987775845905,-0.3118176097877875,-0.6032660106624529,-0.020369208913122105,9.46027551270284,0.008825255221025678,2,162.34332446034682,5.720093880240269e-35,3,2044,166.6693608173473,2.2869233906619352e-33,6,False,False
TAYLOR_OPT,0.99,net_cashflows,USD,2046,45,20.46000000000002,20,0.021994134897360705,0.014506230431156666,0.029482039363564742,-0.3095543478764904,-0.60195086059102,-0.017157835161960844,10.080983606534996,0.006470565290489402,2,69.59724644860977,5.205913085498129e-15,3,2044,72.94690238044203,1.0150979717732819e-13,6,False,False
TAYLOR_OPT,0.99,net_cashflows,USD,2046,45,20.46000000000002,60,0.021994134897360705,0.014442991313202862,0.02954527848151855,-0.3095543478764904,-0.6027365910735869,-0.016372104679393817,10.142023221519363,0.006276067990483359,2,156.64820064994743,9.692248560410878e-34,3,2044,160.4261503188805,4.8105179395184483e-32,6,False,False
TW_MIN_RIDGE,0.95,funded_assets,EUR,2046,73,102.3000000000001,20,0.03567937438905181,0.02702745004100857,0.04433129873709506,0.024254437922707588,-0.05654929968383294,0.10505817552924812,13.513115178781575,0.001163226593143032,2,13.6745646595212,0.003383319973140513,3,2044,18.234189234702107,0.005672834952278558,6,False,False
TW_MIN_RIDGE,0.95,funded_assets,EUR,2046,73,102.3000000000001,60,0.03567937438905181,0.02688914995325883,0.04446959882484479,0.024254437922707588,-0.06221057236580418,0.11071944821121935,17.550946737338595,0.00015447575976366537,2,10.915804321391441,0.01218997529666589,3,2044,20.33658678153784,0.002412003283626199,6,False,False
TW_MIN_RIDGE,0.95,funded_assets,USD,2046,74,102.3000000000001,20,0.03616813294232649,0.027487727865479154,0.044848538019173836,0.026426912086936163,-0.056374670279166234,0.10922849445303856,12.932433700174787,0.0015550977865493507,2,11.930821741679738,0.007623932194599287,3,2044,17.423945369753717,0.007845188270724035,6,False,False
TW_MIN_RIDGE,0.95,funded_assets,USD,2046,74,102.3000000000001,60,0.03616813294232649,0.027326247373951437,0.04501001851070155,0.026426912086936163,-0.061043777420450904,0.11389760159432323,16.86509487632849,0.00021766629210438396,2,9.88211141110142,0.019595276404221852,3,2044,20.067176487303154,0.0026941660638946127,6,False,False
TW_MIN_RIDGE,0.95,net_cashflows,EUR,2046,110,102.3000000000001,20,0.053763440860215055,0.041775800287340265,0.06575108143308984,-0.10694576370910451,-0.24684606972242812,0.03295454230421911,3.3786865952862555,0.18464073819575452,2,4.561976161927408,0.20682832751935118,3,2044,7.468476833119993,0.27968435877237124,6,False,False
TW_MIN_RIDGE,0.95,net_cashflows,EUR,2046,110,102.3000000000001,60,0.053763440860215055,0.0410683639158224,0.06645851780460771,-0.10694576370910451,-0.25059089855990613,0.03669937114169709,3.432871847416303,0.1797054919826808,2,4.015200706687203,0.2598273995567908,3,2044,7.605989605919097,0.2684133092351342,6,False,False
TW_MIN_RIDGE,0.95,net_cashflows,USD,2046,111,102.3000000000001,20,0.054252199413489736,0.04223993360097232,0.06626446522600715,-0.12481344871908229,-0.26752196460892996,0.017895067170765416,4.450267048834893,0.10805298995902281,2,4.516181389872343,0.21085147766889506,3,2044,8.245501117251013,0.22066340447045912,6,False,False
TW_MIN_RIDGE,0.95,net_cashflows,USD,2046,111,102.3000000000001,60,0.054252199413489736,0.04138152713282023,0.06712287169415924,-0.12481344871908229,-0.2705811875966404,0.020954290158475802,4.681855188430427,0.09623832669933892,2,3.965011533817935,0.2652671222415137,3,2044,8.39049599824254,0.21086727395144325,6,False,False
TW_MIN_RIDGE,0.99,funded_assets,EUR,2046,17,20.46000000000002,20,0.008308895405669599,0.004649132938158563,0.011968657873180634,-0.03569182720904471,-0.22276685559722098,0.15138320117913157,1.777028811245949,,2,140.48874395450056,,3,2044,143.7449364863364,,6,True,True
TW_MIN_RIDGE,0.99,funded_assets,EUR,2046,17,20.46000000000002,60,0.008308895405669599,0.004660603302618197,0.011957187508721,-0.03569182720904471,-0.22741715947425908,0.15603350505616967,2.189458719409062,,2,378.17527176318566,,3,2044,383.1303032440583,,6,True,True
TW_MIN_RIDGE,0.99,funded_assets,USD,2046,17,20.46000000000002,20,0.008308895405669599,0.004649132938158563,0.011968657873180634,-0.040354205149243275,-0.2313919619452171,0.15068355164673053,1.8755832075682177,,2,140.45318496328977,,3,2044,143.50945919694118,,6,True,True
TW_MIN_RIDGE,0.99,funded_assets,USD,2046,17,20.46000000000002,60,0.008308895405669599,0.004660603302618197,0.011957187508721,-0.040354205149243275,-0.23756268201927733,0.1568542717207908,2.295552260702554,,2,378.12822435862375,,3,2044,382.77738937995707,,6,True,True
TW_MIN_RIDGE,0.99,net_cashflows,EUR,2046,38,20.46000000000002,20,0.01857282502443793,0.01231648038892253,0.024829169659953326,-0.27679690371171767,-0.5684479427128605,0.014854135289425141,7.243985256768598,0.026729361707169684,2,7.39026115787184,0.06044617739304885,3,2044,38.59180357499013,8.604706680480735e-07,6,False,False
TW_MIN_RIDGE,0.99,net_cashflows,EUR,2046,38,20.46000000000002,60,0.01857282502443793,0.012212706534057797,0.024932943514818062,-0.27679690371171767,-0.5673830677996616,0.013789260376226353,7.0162111152958335,0.029953606100421293,2,7.353485978699696,0.06144497189258127,3,2044,37.29892908260277,1.5396970202071176e-06,6,False,False
TW_MIN_RIDGE,0.99,net_cashflows,USD,2046,39,20.46000000000002,20,0.01906158357771261,0.012652231499074032,0.02547093565635119,-0.28266867835275794,-0.5806353837680277,0.015298027062511821,7.796899130553337,0.02027331954999254,2,7.830652852799607,0.049644375720084497,3,2044,34.47088958263825,5.455671665178821e-06,6,False,False
TW_MIN_RIDGE,0.99,net_cashflows,USD,2046,39,20.46000000000002,60,0.01906158357771261,0.012552120150489187,0.025571047004936034,-0.28266867835275794,-0.5788476329440035,0.013510276238487606,7.552755691641828,0.02290550863001202,2,7.705151693380291,0.05251504300031016,3,2044,31.712876608135097,1.852097087072203e-05,6,False,False
TW_RELATIVE,0.95,funded_assets,EUR,2046,80,102.3000000000001,20,0.039100684261974585,0.029980555149004814,0.048220813374944355,0.025207292116325605,-0.060298969797169547,0.11071355402982076,6.631262708131497,0.03631111616804226,2,7.300784011521328,0.06290427578726161,3,2044,13.770991264537734,0.032301599332018295,6,False,False
TW_RELATIVE,0.95,funded_assets,EUR,2046,80,102.3000000000001,60,0.039100684261974585,0.029417376527459446,0.04878399199648972,0.025207292116325605,-0.0667266818571745,0.11714126608982571,7.950613674656622,0.018773540187923415,2,5.78284689885416,0.1226666473506571,3,2044,14.904672666220911,0.021011246918221184,6,False,False
TW_RELATIVE,0.95,funded_assets,USD,2046,82,102.3000000000001,20,0.04007820136852395,0.03076912859698922,0.049387274140058675,0.027915941954158984,-0.058797373634779174,0.11462925754309715,5.30838771353786,0.07035553244675435,2,5.141596561693254,0.1617175632476387,3,2044,13.07131645423021,0.041917311794352284,6,False,False
TW_RELATIVE,0.95,funded_assets,USD,2046,82,102.3000000000001,60,0.04007820136852395,0.029849945542554317,0.05030645719449358,0.027915941954158984,-0.06583537177841409,0.12166725568673206,5.7446167509261805,0.056568195115649825,2,3.827222768008091,0.2807355055816143,3,2044,12.857811151285107,0.045350313495769214,6,False,False
TW_RELATIVE,0.95,net_cashflows,EUR,2046,116,102.3000000000001,20,0.056695992179863146,0.04485016574528408,0.06854181861444221,-0.22508058274667897,-0.3728956171881154,-0.07726554830524252,14.562918158944255,0.0006881807204356762,2,4.481807641225901,0.21391875576634625,3,2044,19.91856264886864,0.002863348393611171,6,False,False
TW_RELATIVE,0.95,net_cashflows,EUR,2046,116,102.3000000000001,60,0.056695992179863146,0.044058594305869336,0.06933339005385696,-0.22508058274667897,-0.37476050286757756,-0.07540066262578035,15.964751422332858,0.00034142732553326874,2,3.864003798204538,0.27652867551913674,3,2044,23.572396058998077,0.0006257782260228647,6,False,False
TW_RELATIVE,0.95,net_cashflows,USD,2046,116,102.3000000000001,20,0.056695992179863146,0.04478027967492452,0.06861170468480177,-0.22636394911498772,-0.3756021681917566,-0.07712573003821879,14.219940281745117,0.0008169193842408664,2,4.417984998102679,0.2197235429736293,3,2044,19.78878140529855,0.003019537438940148,6,False,False
TW_RELATIVE,0.95,net_cashflows,USD,2046,116,102.3000000000001,60,0.056695992179863146,0.04382971840527984,0.06956226595444645,-0.22636394911498772,-0.3772868591821357,-0.07544103904783972,15.575466456012139,0.00041479205815048425,2,3.775509177090554,0.28674770484119455,3,2044,23.534045038722788,0.0006359933859226372,6,False,False
TW_RELATIVE,0.99,funded_assets,EUR,2046,13,20.46000000000002,20,0.00635386119257087,0.0030588310304546762,0.009648891354687064,-0.011071069255720961,-0.19273096814425794,0.17058882963281602,7.320857375829058,,2,184.10225460124397,,3,2044,190.24242514587857,,6,True,True
TW_RELATIVE,0.99,funded_assets,EUR,2046,13,20.46000000000002,60,0.00635386119257087,0.002870390172648126,0.009837332212493615,-0.011071069255720961,-0.19953611775020488,0.17739397923876296,8.191441558616713,,2,491.73168319587006,,3,2044,502.49211324797307,,6,True,True
TW_RELATIVE,0.99,funded_assets,USD,2046,14,20.46000000000002,20,0.006842619745845552,0.0034485459030967596,0.010236693588594345,-0.008208187165417548,-0.19160632895767954,0.17518995462684445,4.939444567332247,,2,171.10952806197443,,3,2044,177.3292801469555,,6,True,True
TW_RELATIVE,0.99,funded_assets,USD,2046,14,20.46000000000002,60,0.006842619745845552,0.0032750666331362154,0.01041017285855489,-0.008208187165417548,-0.1995992554826109,0.1831828811517758,5.4637940832044185,,2,457.8097063523371,,3,2044,466.8026115182244,,6,True,True
TW_RELATIVE,0.99,net_cashflows,EUR,2046,34,20.46000000000002,20,0.016617790811339198,0.010027112415297025,0.02320846920738137,-0.28781606653323416,-0.5946180208945417,0.018985887828073422,4.029879115115302,0.13332846182027763,2,76.9963054237022,1.3526149719538918e-16,3,2044,79.2815545951774,5.027893149269444e-15,6,False,False
TW_RELATIVE,0.99,net_cashflows,EUR,2046,34,20.46000000000002,60,0.016617790811339198,0.00980072420151205,0.023434857421166345,-0.28781606653323416,-0.5938434647667441,0.018211331700275724,3.8390102718166066,0.14667953060578656,2,193.43719716764005,1.1042931630178894e-41,3,2044,194.44361601390872,2.887593983632687e-39,6,False,False
TW_RELATIVE,0.99,net_cashflows,USD,2046,36,20.46000000000002,20,0.017595307917888565,0.010625268250833613,0.02456534758494352,-0.2939625563180776,-0.6090842051216516,0.021159092485496467,4.602400159763272,0.10013859726860265,2,74.36380365053463,4.959669287409507e-16,3,2044,77.56343165476794,1.1374339257141666e-14,6,False,False
TW_RELATIVE,0.99,net_cashflows,USD,2046,36,20.46000000000002,60,0.017595307917888565,0.0103241567595728,0.024866459076204328,-0.2939625563180776,-0.6073540966478921,0.019428984011736816,4.252392187232458,0.11929020065454403,2,184.0575591592324,1.1726444867469485e-39,3,2044,186.81328215402695,1.210695780534731e-37,6,False,False
