origin_date,book,tau,rate,strict_hit
2018-01-02,funded_assets,0.95,,0
2018-01-03,funded_assets,0.95,,0
2018-01-04,funded_assets,0.95,,0
2018-01-05,funded_assets,0.95,,0
2018-01-08,funded_assets,0.95,,0
2018-01-09,funded_assets,0.95,,0
2018-01-10,funded_assets,0.95,,0
2018-01-11,funded_assets,0.95,,1
2018-01-12,funded_assets,0.95,,0
2018-01-15,funded_assets,0.95,,0
2018-01-16,funded_assets,0.95,,0
2018-01-17,funded_assets,0.95,,0
2018-01-18,funded_assets,0.95,,0
2018-01-19,funded_assets,0.95,,0
2018-01-22,funded_assets,0.95,,0
2018-01-23,funded_assets,0.95,,0
2018-01-24,funded_assets,0.95,,0
2018-01-25,funded_assets,0.95,,0
2018-01-26,funded_assets,0.95,,0
2018-01-29,funded_assets,0.95,,0
2018-01-30,funded_assets,0.95,,0
2018-01-31,funded_assets,0.95,,0
2018-02-01,funded_assets,0.95,,0
2018-02-02,funded_assets,0.95,,0
2018-02-05,funded_assets,0.95,,0
2018-02-06,funded_assets,0.95,,0
2018-02-07,funded_assets,0.95,,0
2018-02-08,funded_assets,0.95,,0
2018-02-09,funded_assets,0.95,,0
2018-02-12,funded_assets,0.95,,0
2018-02-13,funded_assets,0.95,,0
2018-02-14,funded_assets,0.95,,0
2018-02-15,funded_assets,0.95,,0
2018-02-16,funded_assets,0.95,,0
2018-02-19,funded_assets,0.95,,0
2018-02-20,funded_assets,0.95,,0
2018-02-21,funded_assets,0.95,,0
2018-02-22,funded_assets,0.95,,0
2018-02-23,funded_assets,0.95,,0
2018-02-26,funded_assets,0.95,,0
2018-02-27,funded_assets,0.95,,0
2018-02-28,funded_assets,0.95,,0
2018-03-01,funded_assets,0.95,,0
2018-03-02,funded_assets,0.95,,1
2018-03-05,funded_assets,0.95,,0
2018-03-06,funded_assets,0.95,,0
2018-03-07,funded_assets,0.95,,0
2018-03-08,funded_assets,0.95,,0
2018-03-09,funded_assets,0.95,,0
2018-03-12,funded_assets,0.95,,0
2018-03-13,funded_assets,0.95,,0
2018-03-14,funded_assets,0.95,,0
2018-03-15,funded_assets,0.95,,0
2018-03-16,funded_assets,0.95,,0
2018-03-19,funded_assets,0.95,,0
2018-03-20,funded_assets,0.95,,0
2018-03-21,funded_assets,0.95,,0
2018-03-22,funded_assets,0.95,,0
2018-03-23,funded_assets,0.95,,0
2018-03-26,funded_assets,0.95,,0
2018-03-27,funded_assets,0.95,,0
2018-03-28,funded_assets,0.95,,0
2018-03-29,funded_assets,0.95,,0
2018-04-03,funded_assets,0.95,,0
2018-04-04,funded_assets,0.95,,0
2018-04-05,funded_assets,0.95,,0
2018-04-06,funded_assets,0.95,,0
2018-04-09,funded_assets,0.95,,0
2018-04-10,funded_assets,0.95,,0
2018-04-11,funded_assets,0.95,,0
2018-04-12,funded_assets,0.95,,0
2018-04-13,funded_assets,0.95,,0
2018-04-16,funded_assets,0.95,,1
2018-04-17,funded_assets,0.95,,0
2018-04-18,funded_assets,0.95,,0
2018-04-19,funded_assets,0.95,,0
2018-04-20,funded_assets,0.95,,0
2018-04-23,funded_assets,0.95,,0
2018-04-24,funded_assets,0.95,,0
2018-04-25,funded_assets,0.95,,0
2018-04-26,funded_assets,0.95,,0
2018-04-27,funded_assets,0.95,,0
2018-04-30,funded_assets,0.95,,0
2018-05-02,funded_assets,0.95,,0
2018-05-03,funded_assets,0.95,,0
2018-05-04,funded_assets,0.95,,0
2018-05-07,funded_assets,0.95,,0
2018-05-08,funded_assets,0.95,,0
2018-05-09,funded_assets,0.95,,0
2018-05-10,funded_assets,0.95,,0
2018-05-11,funded_assets,0.95,,0
2018-05-14,funded_assets,0.95,,0
2018-05-15,funded_assets,0.95,,0
2018-05-16,funded_assets,0.95,,0
2018-05-17,funded_assets,0.95,,0
2018-05-18,funded_assets,0.95,,0
2018-05-21,funded_assets,0.95,,0
2018-05-22,funded_assets,0.95,,0
2018-05-23,funded_assets,0.95,,0
2018-05-24,funded_assets,0.95,,0
2018-05-25,funded_assets,0.95,,0
2018-05-28,funded_assets,0.95,,0
2018-05-29,funded_assets,0.95,,0
2018-05-30,funded_assets,0.95,,0
2018-05-31,funded_assets,0.95,,0
2018-06-01,funded_assets,0.95,,0
2018-06-04,funded_assets,0.95,,1
2018-06-05,funded_assets,0.95,,0
2018-06-06,funded_assets,0.95,,0
2018-06-07,funded_assets,0.95,,0
2018-06-08,funded_assets,0.95,,0
2018-06-11,funded_assets,0.95,,0
2018-06-12,funded_assets,0.95,,0
2018-06-13,funded_assets,0.95,,0
2018-06-14,funded_assets,0.95,,0
2018-06-15,funded_assets,0.95,,0
2018-06-18,funded_assets,0.95,,0
2018-06-19,funded_assets,0.95,,0
2018-06-20,funded_assets,0.95,,0
2018-06-21,funded_assets,0.95,,0
2018-06-22,funded_assets,0.95,,0
2018-06-25,funded_assets,0.95,,0
2018-06-26,funded_assets,0.95,,0
2018-06-27,funded_assets,0.95,,0
2018-06-28,funded_assets,0.95,,0
2018-06-29,funded_assets,0.95,,0
2018-07-02,funded_assets,0.95,,0
2018-07-03,funded_assets,0.95,,0
2018-07-04,funded_assets,0.95,,0
2018-07-05,funded_assets,0.95,,0
2018-07-06,funded_assets,0.95,,0
2018-07-09,funded_assets,0.95,,0
2018-07-10,funded_assets,0.95,,0
2018-07-11,funded_assets,0.95,,0
2018-07-12,funded_assets,0.95,,0
2018-07-13,funded_assets,0.95,,0
2018-07-16,funded_assets,0.95,,0
2018-07-17,funded_assets,0.95,,0
2018-07-18,funded_assets,0.95,,0
2018-07-19,funded_assets,0.95,,0
2018-07-20,funded_assets,0.95,,0
2018-07-23,funded_assets,0.95,,0
2018-07-24,funded_assets,0.95,,0
2018-07-25,funded_assets,0.95,,0
2018-07-26,funded_assets,0.95,,0
2018-07-27,funded_assets,0.95,,0
2018-07-30,funded_assets,0.95,,0
2018-07-31,funded_assets,0.95,,0
2018-08-01,funded_assets,0.95,,0
2018-08-02,funded_assets,0.95,,0
2018-08-03,funded_assets,0.95,,0
2018-08-06,funded_assets,0.95,,0
2018-08-07,funded_assets,0.95,,0
2018-08-08,funded_assets,0.95,,0
2018-08-09,funded_assets,0.95,,0
2018-08-10,funded_assets,0.95,,0
2018-08-13,funded_assets,0.95,,0
2018-08-14,funded_assets,0.95,,0
2018-08-15,funded_assets,0.95,,0
2018-08-16,funded_assets,0.95,,0
2018-08-17,funded_assets,0.95,,0
2018-08-20,funded_assets,0.95,,1
2018-08-21,funded_assets,0.95,,0
2018-08-22,funded_assets,0.95,,0
2018-08-23,funded_assets,0.95,,0
2018-08-24,funded_assets,0.95,,0
2018-08-27,funded_assets,0.95,,0
2018-08-28,funded_assets,0.95,,0
2018-08-29,funded_assets,0.95,,0
2018-08-30,funded_assets,0.95,,0
2018-08-31,funded_assets,0.95,,0
2018-09-03,funded_assets,0.95,,0
2018-09-04,funded_assets,0.95,,0
2018-09-05,funded_assets,0.95,,0
2018-09-06,funded_assets,0.95,,0
2018-09-07,funded_assets,0.95,,0
2018-09-10,funded_assets,0.95,,0
2018-09-11,funded_assets,0.95,,0
2018-09-12,funded_assets,0.95,,0
2018-09-13,funded_assets,0.95,,0
2018-09-14,funded_assets,0.95,,0
2018-09-17,funded_assets,0.95,,0
2018-09-18,funded_assets,0.95,,0
2018-09-19,funded_assets,0.95,,0
2018-09-20,funded_assets,0.95,,0
2018-09-21,funded_assets,0.95,,0
2018-09-24,funded_assets,0.95,,0
2018-09-25,funded_assets,0.95,,0
2018-09-26,funded_assets,0.95,,0
2018-09-27,funded_assets,0.95,,1
2018-09-28,funded_assets,0.95,,0
2018-10-01,funded_assets,0.95,,0
2018-10-02,funded_assets,0.95,,0
2018-10-03,funded_assets,0.95,,0
2018-10-04,funded_assets,0.95,,0
2018-10-05,funded_assets,0.95,,0
2018-10-08,funded_assets,0.95,,0
2018-10-09,funded_assets,0.95,,0
2018-10-10,funded_assets,0.95,,0
2018-10-11,funded_assets,0.95,,0
2018-10-12,funded_assets,0.95,,0
2018-10-15,funded_assets,0.95,,0
2018-10-16,funded_assets,0.95,,0
2018-10-17,funded_assets,0.95,,0
2018-10-18,funded_assets,0.95,,0
2018-10-19,funded_assets,0.95,,0
2018-10-22,funded_assets,0.95,,0
2018-10-23,funded_assets,0.95,,0
2018-10-24,funded_assets,0.95,,0
2018-10-25,funded_assets,0.95,,0
2018-10-26,funded_assets,0.95,,0
2018-10-29,funded_assets,0.95,,0
2018-10-30,funded_assets,0.95,,0
2018-10-31,funded_assets,0.95,,0
2018-11-01,funded_assets,0.95,,0
2018-11-02,funded_assets,0.95,,0
2018-11-05,funded_assets,0.95,,0
2018-11-06,funded_assets,0.95,,0
2018-11-07,funded_assets,0.95,,0
2018-11-08,funded_assets,0.95,,0
2018-11-09,funded_assets,0.95,,0
2018-11-12,funded_assets,0.95,,0
2018-11-13,funded_assets,0.95,,0
2018-11-14,funded_assets,0.95,,0
2018-11-15,funded_assets,0.95,,0
2018-11-16,funded_assets,0.95,,0
2018-11-19,funded_assets,0.95,,0
2018-11-20,funded_assets,0.95,,0
2018-11-21,funded_assets,0.95,,0
2018-11-22,funded_assets,0.95,,0
2018-11-23,funded_assets,0.95,,0
2018-11-26,funded_assets,0.95,,0
2018-11-27,funded_assets,0.95,,1
2018-11-28,funded_assets,0.95,,0
2018-11-29,funded_assets,0.95,,0
2018-11-30,funded_assets,0.95,,0
2018-12-03,funded_assets,0.95,,0
2018-12-04,funded_assets,0.95,,0
2018-12-05,funded_assets,0.95,,0
2018-12-06,funded_assets,0.95,,1
2018-12-07,funded_assets,0.95,,0
2018-12-10,funded_assets,0.95,,0
2018-12-11,funded_assets,0.95,,0
2018-12-12,funded_assets,0.95,,0
2018-12-13,funded_assets,0.95,,0
2018-12-14,funded_assets,0.95,,0
2018-12-17,funded_assets,0.95,,0
2018-12-18,funded_assets,0.95,,0
2018-12-19,funded_assets,0.95,,0
2018-12-20,funded_assets,0.95,3.2,0
2018-12-21,funded_assets,0.95,3.2,0
2018-12-24,funded_assets,0.95,3.2,0
2018-12-27,funded_assets,0.95,3.2,0
2018-12-28,funded_assets,0.95,3.2,0
2018-12-31,funded_assets,0.95,3.2,0
2019-01-02,funded_assets,0.95,3.2,0
2019-01-03,funded_assets,0.95,3.2,0
2019-01-04,funded_assets,0.95,2.8000000000000003,0
2019-01-07,funded_assets,0.95,2.8000000000000003,0
2019-01-08,funded_assets,0.95,2.8000000000000003,0
2019-01-09,funded_assets,0.95,2.8000000000000003,0
2019-01-10,funded_assets,0.95,2.8000000000000003,0
2019-01-11,funded_assets,0.95,2.8000000000000003,0
2019-01-14,funded_assets,0.95,2.8000000000000003,0
2019-01-15,funded_assets,0.95,2.8000000000000003,0
2019-01-16,funded_assets,0.95,2.8000000000000003,0
2019-01-17,funded_assets,0.95,2.8000000000000003,0
2019-01-18,funded_assets,0.95,2.8000000000000003,0
2019-01-21,funded_assets,0.95,2.8000000000000003,0
2019-01-22,funded_assets,0.95,2.8000000000000003,0
2019-01-23,funded_assets,0.95,2.8000000000000003,0
2019-01-24,funded_assets,0.95,2.8000000000000003,0
2019-01-25,funded_assets,0.95,2.8000000000000003,0
2019-01-28,funded_assets,0.95,2.8000000000000003,0
2019-01-29,funded_assets,0.95,2.8000000000000003,0
2019-01-30,funded_assets,0.95,2.8000000000000003,0
2019-01-31,funded_assets,0.95,2.8000000000000003,0
2019-02-01,funded_assets,0.95,2.8000000000000003,0
2019-02-04,funded_assets,0.95,2.8000000000000003,0
2019-02-05,funded_assets,0.95,2.8000000000000003,0
2019-02-06,funded_assets,0.95,2.8000000000000003,0
2019-02-07,funded_assets,0.95,2.8000000000000003,0
2019-02-08,funded_assets,0.95,2.8000000000000003,0
2019-02-11,funded_assets,0.95,2.8000000000000003,0
2019-02-12,funded_assets,0.95,2.8000000000000003,0
2019-02-13,funded_assets,0.95,2.8000000000000003,0
2019-02-14,funded_assets,0.95,2.8000000000000003,0
2019-02-15,funded_assets,0.95,2.8000000000000003,0
2019-02-18,funded_assets,0.95,2.8000000000000003,0
2019-02-19,funded_assets,0.95,2.8000000000000003,0
2019-02-20,funded_assets,0.95,2.8000000000000003,0
2019-02-21,funded_assets,0.95,2.8000000000000003,0
2019-02-22,funded_assets,0.95,2.8000000000000003,0
2019-02-25,funded_assets,0.95,2.4,0
2019-02-26,funded_assets,0.95,2.4,0
2019-02-27,funded_assets,0.95,2.4,0
2019-02-28,funded_assets,0.95,2.4,0
2019-03-01,funded_assets,0.95,2.4,0
2019-03-04,funded_assets,0.95,2.4,0
2019-03-05,funded_assets,0.95,2.4,0
2019-03-06,funded_assets,0.95,2.4,0
2019-03-07,funded_assets,0.95,2.4,0
2019-03-08,funded_assets,0.95,2.4,0
2019-03-11,funded_assets,0.95,2.4,0
2019-03-12,funded_assets,0.95,2.4,0
2019-03-13,funded_assets,0.95,2.4,0
2019-03-14,funded_assets,0.95,2.4,0
2019-03-15,funded_assets,0.95,2.4,0
2019-03-18,funded_assets,0.95,2.4,0
2019-03-19,funded_assets,0.95,2.4,0
2019-03-20,funded_assets,0.95,2.4,0
2019-03-21,funded_assets,0.95,2.4,0
2019-03-22,funded_assets,0.95,2.4,0
2019-03-25,funded_assets,0.95,2.4,0
2019-03-26,funded_assets,0.95,2.4,0
2019-03-27,funded_assets,0.95,2.4,0
2019-03-28,funded_assets,0.95,2.4,0
2019-03-29,funded_assets,0.95,2.4,0
2019-04-01,funded_assets,0.95,2.4,0
2019-04-02,funded_assets,0.95,2.4,0
2019-04-03,funded_assets,0.95,2.4,0
2019-04-04,funded_assets,0.95,2.4,0
2019-04-05,funded_assets,0.95,2.0,0
2019-04-08,funded_assets,0.95,2.0,0
2019-04-09,funded_assets,0.95,2.0,0
2019-04-10,funded_assets,0.95,2.4,1
2019-04-11,funded_assets,0.95,2.4,0
2019-04-12,funded_assets,0.95,2.4,0
2019-04-15,funded_assets,0.95,2.4,0
2019-04-16,funded_assets,0.95,2.4,0
2019-04-17,funded_assets,0.95,2.4,0
2019-04-18,funded_assets,0.95,2.4,0
2019-04-23,funded_assets,0.95,2.4,0
2019-04-24,funded_assets,0.95,2.4,0
2019-04-25,funded_assets,0.95,2.4,0
2019-04-26,funded_assets,0.95,2.4,0
2019-04-29,funded_assets,0.95,2.4,0
2019-04-30,funded_assets,0.95,2.4,0
2019-05-02,funded_assets,0.95,2.4,0
2019-05-03,funded_assets,0.95,2.4,0
2019-05-06,funded_assets,0.95,2.4,0
2019-05-07,funded_assets,0.95,2.4,0
2019-05-08,funded_assets,0.95,2.4,0
2019-05-09,funded_assets,0.95,2.4,0
2019-05-10,funded_assets,0.95,2.4,0
2019-05-13,funded_assets,0.95,2.4,0
2019-05-14,funded_assets,0.95,2.8000000000000003,1
2019-05-15,funded_assets,0.95,2.8000000000000003,0
2019-05-16,funded_assets,0.95,2.8000000000000003,0
2019-05-17,funded_assets,0.95,2.8000000000000003,0
2019-05-20,funded_assets,0.95,2.8000000000000003,0
2019-05-21,funded_assets,0.95,2.8000000000000003,0
2019-05-22,funded_assets,0.95,2.8000000000000003,0
2019-05-23,funded_assets,0.95,2.8000000000000003,0
2019-05-24,funded_assets,0.95,2.8000000000000003,0
2019-05-27,funded_assets,0.95,2.8000000000000003,0
2019-05-28,funded_assets,0.95,2.4,0
2019-05-29,funded_assets,0.95,2.4,0
2019-05-30,funded_assets,0.95,2.4,0
2019-05-31,funded_assets,0.95,2.4,0
2019-06-03,funded_assets,0.95,2.4,0
2019-06-04,funded_assets,0.95,2.4,0
2019-06-05,funded_assets,0.95,2.4,0
2019-06-06,funded_assets,0.95,2.4,0
2019-06-07,funded_assets,0.95,2.4,0
2019-06-10,funded_assets,0.95,2.4,0
2019-06-11,funded_assets,0.95,2.4,0
2019-06-12,funded_assets,0.95,2.4,0
2019-06-13,funded_assets,0.95,2.4,0
2019-06-14,funded_assets,0.95,2.4,0
2019-06-17,funded_assets,0.95,2.4,0
2019-06-18,funded_assets,0.95,2.4,0
2019-06-19,funded_assets,0.95,2.4,0
2019-06-20,funded_assets,0.95,2.4,0
2019-06-21,funded_assets,0.95,2.4,0
2019-06-24,funded_assets,0.95,2.4,0
2019-06-25,funded_assets,0.95,2.4,0
2019-06-26,funded_assets,0.95,2.4,0
2019-06-27,funded_assets,0.95,2.4,0
2019-06-28,funded_assets,0.95,2.4,0
2019-07-01,funded_assets,0.95,2.4,0
2019-07-02,funded_assets,0.95,2.4,0
2019-07-03,funded_assets,0.95,2.4,0
2019-07-04,funded_assets,0.95,2.4,0
2019-07-05,funded_assets,0.95,2.4,0
2019-07-08,funded_assets,0.95,2.4,0
2019-07-09,funded_assets,0.95,2.4,0
2019-07-10,funded_assets,0.95,2.4,0
2019-07-11,funded_assets,0.95,2.4,0
2019-07-12,funded_assets,0.95,2.4,0
2019-07-15,funded_assets,0.95,2.4,0
2019-07-16,funded_assets,0.95,2.4,0
2019-07-17,funded_assets,0.95,2.4,0
2019-07-18,funded_assets,0.95,2.4,0
2019-07-19,funded_assets,0.95,2.4,0
2019-07-22,funded_assets,0.95,2.4,0
2019-07-23,funded_assets,0.95,2.4,0
2019-07-24,funded_assets,0.95,2.8000000000000003,1
2019-07-25,funded_assets,0.95,2.8000000000000003,0
2019-07-26,funded_assets,0.95,3.2,1
2019-07-29,funded_assets,0.95,3.2,0
2019-07-30,funded_assets,0.95,3.2,0
2019-07-31,funded_assets,0.95,3.2,0
2019-08-01,funded_assets,0.95,3.2,0
2019-08-02,funded_assets,0.95,3.2,0
2019-08-05,funded_assets,0.95,3.2,0
2019-08-06,funded_assets,0.95,3.2,0
2019-08-07,funded_assets,0.95,3.2,0
2019-08-08,funded_assets,0.95,3.2,0
2019-08-09,funded_assets,0.95,3.2,0
2019-08-12,funded_assets,0.95,3.2,0
2019-08-13,funded_assets,0.95,2.8000000000000003,0
2019-08-14,funded_assets,0.95,2.8000000000000003,0
2019-08-15,funded_assets,0.95,2.8000000000000003,0
2019-08-16,funded_assets,0.95,2.8000000000000003,0
2019-08-19,funded_assets,0.95,2.8000000000000003,0
2019-08-20,funded_assets,0.95,2.8000000000000003,0
2019-08-21,funded_assets,0.95,2.8000000000000003,0
2019-08-22,funded_assets,0.95,2.8000000000000003,0
2019-08-23,funded_assets,0.95,2.8000000000000003,0
2019-08-26,funded_assets,0.95,2.8000000000000003,0
2019-08-27,funded_assets,0.95,2.8000000000000003,0
2019-08-28,funded_assets,0.95,2.8000000000000003,0
2019-08-29,funded_assets,0.95,2.8000000000000003,0
2019-08-30,funded_assets,0.95,2.8000000000000003,0
2019-09-02,funded_assets,0.95,2.8000000000000003,0
2019-09-03,funded_assets,0.95,2.8000000000000003,0
2019-09-04,funded_assets,0.95,2.8000000000000003,0
2019-09-05,funded_assets,0.95,2.8000000000000003,0
2019-09-06,funded_assets,0.95,2.8000000000000003,0
2019-09-09,funded_assets,0.95,2.8000000000000003,0
2019-09-10,funded_assets,0.95,2.8000000000000003,0
2019-09-11,funded_assets,0.95,3.2,1
2019-09-12,funded_assets,0.95,3.2,0
2019-09-13,funded_assets,0.95,3.2,0
2019-09-16,funded_assets,0.95,3.2,0
2019-09-17,funded_assets,0.95,3.2,0
2019-09-18,funded_assets,0.95,3.2,0
2019-09-19,funded_assets,0.95,3.2,0
2019-09-20,funded_assets,0.95,2.8000000000000003,0
2019-09-23,funded_assets,0.95,2.8000000000000003,0
2019-09-24,funded_assets,0.95,2.8000000000000003,0
2019-09-25,funded_assets,0.95,2.8000000000000003,0
2019-09-26,funded_assets,0.95,2.8000000000000003,0
2019-09-27,funded_assets,0.95,2.8000000000000003,0
2019-09-30,funded_assets,0.95,2.8000000000000003,0
2019-10-01,funded_assets,0.95,2.8000000000000003,0
2019-10-02,funded_assets,0.95,2.8000000000000003,0
2019-10-03,funded_assets,0.95,2.8000000000000003,0
2019-10-04,funded_assets,0.95,2.8000000000000003,0
2019-10-07,funded_assets,0.95,2.8000000000000003,0
2019-10-08,funded_assets,0.95,2.8000000000000003,0
2019-10-09,funded_assets,0.95,2.8000000000000003,0
2019-10-10,funded_assets,0.95,2.8000000000000003,0
2019-10-11,funded_assets,0.95,2.8000000000000003,0
2019-10-14,funded_assets,0.95,2.8000000000000003,0
2019-10-15,funded_assets,0.95,2.8000000000000003,0
2019-10-16,funded_assets,0.95,2.8000000000000003,0
2019-10-17,funded_assets,0.95,2.8000000000000003,0
2019-10-18,funded_assets,0.95,2.8000000000000003,0
2019-10-21,funded_assets,0.95,2.8000000000000003,0
2019-10-22,funded_assets,0.95,2.8000000000000003,0
2019-10-23,funded_assets,0.95,2.8000000000000003,0
2019-10-24,funded_assets,0.95,2.8000000000000003,0
2019-10-25,funded_assets,0.95,2.8000000000000003,0
2019-10-28,funded_assets,0.95,2.8000000000000003,0
2019-10-29,funded_assets,0.95,2.8000000000000003,0
2019-10-30,funded_assets,0.95,2.8000000000000003,0
2019-10-31,funded_assets,0.95,2.8000000000000003,0
2019-11-01,funded_assets,0.95,2.8000000000000003,0
2019-11-04,funded_assets,0.95,2.8000000000000003,0
2019-11-05,funded_assets,0.95,2.8000000000000003,0
2019-11-06,funded_assets,0.95,2.8000000000000003,0
2019-11-07,funded_assets,0.95,2.8000000000000003,0
2019-11-08,funded_assets,0.95,2.8000000000000003,0
2019-11-11,funded_assets,0.95,2.8000000000000003,0
2019-11-12,funded_assets,0.95,2.8000000000000003,0
2019-11-13,funded_assets,0.95,2.8000000000000003,0
2019-11-14,funded_assets,0.95,2.8000000000000003,0
2019-11-15,funded_assets,0.95,2.8000000000000003,0
2019-11-18,funded_assets,0.95,2.8000000000000003,0
2019-11-19,funded_assets,0.95,2.8000000000000003,0
2019-11-20,funded_assets,0.95,2.4,0
2019-11-21,funded_assets,0.95,2.4,0
2019-11-22,funded_assets,0.95,2.4,0
2019-11-25,funded_assets,0.95,2.4,0
2019-11-26,funded_assets,0.95,2.4,0
2019-11-27,funded_assets,0.95,2.4,0
2019-11-28,funded_assets,0.95,2.4,0
2019-11-29,funded_assets,0.95,2.0,0
2019-12-02,funded_assets,0.95,2.0,0
2019-12-03,funded_assets,0.95,2.0,0
2019-12-04,funded_assets,0.95,2.0,0
2019-12-05,funded_assets,0.95,2.0,0
2019-12-06,funded_assets,0.95,2.0,0
2019-12-09,funded_assets,0.95,2.0,0
2019-12-10,funded_assets,0.95,2.0,0
2019-12-11,funded_assets,0.95,2.0,0
2019-12-12,funded_assets,0.95,2.0,0
2019-12-13,funded_assets,0.95,2.4,1
2019-12-16,funded_assets,0.95,2.4,0
2019-12-17,funded_assets,0.95,2.4,0
2019-12-18,funded_assets,0.95,2.4,0
2019-12-19,funded_assets,0.95,2.4,0
2019-12-20,funded_assets,0.95,2.4,0
2019-12-23,funded_assets,0.95,2.4,0
2019-12-24,funded_assets,0.95,2.4,0
2019-12-27,funded_assets,0.95,2.4,0
2019-12-30,funded_assets,0.95,2.4,0
2019-12-31,funded_assets,0.95,2.4,0
2020-01-02,funded_assets,0.95,2.4,0
2020-01-03,funded_assets,0.95,2.4,0
2020-01-06,funded_assets,0.95,2.4,0
2020-01-07,funded_assets,0.95,2.4,0
2020-01-08,funded_assets,0.95,2.4,0
2020-01-09,funded_assets,0.95,2.8000000000000003,1
2020-01-10,funded_assets,0.95,2.8000000000000003,0
2020-01-13,funded_assets,0.95,2.8000000000000003,0
2020-01-14,funded_assets,0.95,2.8000000000000003,0
2020-01-15,funded_assets,0.95,2.8000000000000003,0
2020-01-16,funded_assets,0.95,2.8000000000000003,0
2020-01-17,funded_assets,0.95,2.8000000000000003,0
2020-01-20,funded_assets,0.95,2.8000000000000003,0
2020-01-21,funded_assets,0.95,2.8000000000000003,0
2020-01-22,funded_assets,0.95,2.8000000000000003,0
2020-01-23,funded_assets,0.95,2.8000000000000003,0
2020-01-24,funded_assets,0.95,2.8000000000000003,0
2020-01-27,funded_assets,0.95,2.8000000000000003,0
2020-01-28,funded_assets,0.95,2.8000000000000003,0
2020-01-29,funded_assets,0.95,2.8000000000000003,0
2020-01-30,funded_assets,0.95,2.8000000000000003,0
2020-01-31,funded_assets,0.95,2.8000000000000003,0
2020-02-03,funded_assets,0.95,2.8000000000000003,0
2020-02-04,funded_assets,0.95,2.8000000000000003,0
2020-02-05,funded_assets,0.95,2.8000000000000003,0
2020-02-06,funded_assets,0.95,2.8000000000000003,0
2020-02-07,funded_assets,0.95,2.8000000000000003,0
2020-02-10,funded_assets,0.95,2.8000000000000003,0
2020-02-11,funded_assets,0.95,2.8000000000000003,0
2020-02-12,funded_assets,0.95,2.8000000000000003,0
2020-02-13,funded_assets,0.95,2.8000000000000003,0
2020-02-14,funded_assets,0.95,2.8000000000000003,0
2020-02-17,funded_assets,0.95,2.8000000000000003,0
2020-02-18,funded_assets,0.95,3.2,1
2020-02-19,funded_assets,0.95,3.2,0
2020-02-20,funded_assets,0.95,3.2,0
2020-02-21,funded_assets,0.95,3.2,0
2020-02-24,funded_assets,0.95,3.2,0
2020-02-25,funded_assets,0.95,3.5999999999999996,1
2020-02-26,funded_assets,0.95,3.5999999999999996,0
2020-02-27,funded_assets,0.95,4.0,1
2020-02-28,funded_assets,0.95,4.0,0
2020-03-02,funded_assets,0.95,4.0,0
2020-03-03,funded_assets,0.95,4.0,0
2020-03-04,funded_assets,0.95,4.0,0
2020-03-05,funded_assets,0.95,4.0,0
2020-03-06,funded_assets,0.95,4.0,0
2020-03-09,funded_assets,0.95,4.0,0
2020-03-10,funded_assets,0.95,4.0,0
2020-03-11,funded_assets,0.95,4.0,0
2020-03-12,funded_assets,0.95,4.0,0
2020-03-13,funded_assets,0.95,4.0,0
2020-03-16,funded_assets,0.95,4.0,0
2020-03-17,funded_assets,0.95,4.0,0
2020-03-18,funded_assets,0.95,4.0,0
2020-03-19,funded_assets,0.95,4.3999999999999995,1
2020-03-20,funded_assets,0.95,4.3999999999999995,0
2020-03-23,funded_assets,0.95,4.3999999999999995,0
2020-03-24,funded_assets,0.95,4.3999999999999995,0
2020-03-25,funded_assets,0.95,4.3999999999999995,0
2020-03-26,funded_assets,0.95,4.3999999999999995,0
2020-03-27,funded_assets,0.95,4.3999999999999995,0
2020-03-30,funded_assets,0.95,4.3999999999999995,0
2020-03-31,funded_assets,0.95,4.3999999999999995,0
2020-04-01,funded_assets,0.95,4.3999999999999995,0
2020-04-02,funded_assets,0.95,4.0,0
2020-04-03,funded_assets,0.95,4.0,0
2020-04-06,funded_assets,0.95,4.0,0
2020-04-07,funded_assets,0.95,4.0,0
2020-04-08,funded_assets,0.95,4.0,0
2020-04-09,funded_assets,0.95,4.0,0
2020-04-14,funded_assets,0.95,4.0,0
2020-04-15,funded_assets,0.95,4.0,0
2020-04-16,funded_assets,0.95,4.0,0
2020-04-17,funded_assets,0.95,4.0,0
2020-04-20,funded_assets,0.95,4.0,0
2020-04-21,funded_assets,0.95,4.0,0
2020-04-22,funded_assets,0.95,4.0,0
2020-04-23,funded_assets,0.95,4.0,0
2020-04-24,funded_assets,0.95,4.0,0
2020-04-27,funded_assets,0.95,4.0,0
2020-04-28,funded_assets,0.95,4.0,0
2020-04-29,funded_assets,0.95,4.3999999999999995,1
2020-04-30,funded_assets,0.95,4.3999999999999995,0
2020-05-04,funded_assets,0.95,4.3999999999999995,0
2020-05-05,funded_assets,0.95,4.3999999999999995,0
2020-05-06,funded_assets,0.95,4.0,0
2020-05-07,funded_assets,0.95,4.0,0
2020-05-08,funded_assets,0.95,4.0,0
2020-05-11,funded_assets,0.95,4.0,0
2020-05-12,funded_assets,0.95,4.0,0
2020-05-13,funded_assets,0.95,4.0,0
2020-05-14,funded_assets,0.95,4.0,0
2020-05-15,funded_assets,0.95,4.3999999999999995,1
2020-05-18,funded_assets,0.95,4.3999999999999995,0
2020-05-19,funded_assets,0.95,4.3999999999999995,0
2020-05-20,funded_assets,0.95,4.3999999999999995,0
2020-05-21,funded_assets,0.95,4.3999999999999995,0
2020-05-22,funded_assets,0.95,4.3999999999999995,0
2020-05-25,funded_assets,0.95,4.3999999999999995,0
2020-05-26,funded_assets,0.95,4.3999999999999995,0
2020-05-27,funded_assets,0.95,4.3999999999999995,0
2020-05-28,funded_assets,0.95,4.3999999999999995,0
2020-05-29,funded_assets,0.95,4.3999999999999995,0
2020-06-01,funded_assets,0.95,4.3999999999999995,0
2020-06-02,funded_assets,0.95,4.3999999999999995,0
2020-06-03,funded_assets,0.95,4.3999999999999995,0
2020-06-04,funded_assets,0.95,4.3999999999999995,0
2020-06-05,funded_assets,0.95,4.3999999999999995,0
2020-06-08,funded_assets,0.95,4.3999999999999995,0
2020-06-09,funded_assets,0.95,4.3999999999999995,0
2020-06-10,funded_assets,0.95,4.3999999999999995,0
2020-06-11,funded_assets,0.95,4.3999999999999995,0
2020-06-12,funded_assets,0.95,4.3999999999999995,0
2020-06-15,funded_assets,0.95,4.3999999999999995,0
2020-06-16,funded_assets,0.95,4.3999999999999995,0
2020-06-17,funded_assets,0.95,4.3999999999999995,0
2020-06-18,funded_assets,0.95,4.3999999999999995,0
2020-06-19,funded_assets,0.95,4.8,1
2020-06-22,funded_assets,0.95,4.8,0
2020-06-23,funded_assets,0.95,4.8,0
2020-06-24,funded_assets,0.95,4.8,0
2020-06-25,funded_assets,0.95,5.2,1
2020-06-26,funded_assets,0.95,5.2,0
2020-06-29,funded_assets,0.95,5.2,0
2020-06-30,funded_assets,0.95,5.2,0
2020-07-01,funded_assets,0.95,5.2,0
2020-07-02,funded_assets,0.95,5.6000000000000005,1
2020-07-03,funded_assets,0.95,5.6000000000000005,0
2020-07-06,funded_assets,0.95,5.6000000000000005,0
2020-07-07,funded_assets,0.95,5.6000000000000005,0
2020-07-08,funded_assets,0.95,5.6000000000000005,0
2020-07-09,funded_assets,0.95,6.0,1
2020-07-10,funded_assets,0.95,6.0,0
2020-07-13,funded_assets,0.95,6.0,0
2020-07-14,funded_assets,0.95,6.0,0
2020-07-15,funded_assets,0.95,6.0,0
2020-07-16,funded_assets,0.95,5.6000000000000005,0
2020-07-17,funded_assets,0.95,5.6000000000000005,0
2020-07-20,funded_assets,0.95,5.6000000000000005,1
2020-07-21,funded_assets,0.95,5.6000000000000005,0
2020-07-22,funded_assets,0.95,5.6000000000000005,0
2020-07-23,funded_assets,0.95,6.0,1
2020-07-24,funded_assets,0.95,6.0,0
2020-07-27,funded_assets,0.95,6.0,0
2020-07-28,funded_assets,0.95,6.0,0
2020-07-29,funded_assets,0.95,6.0,0
2020-07-30,funded_assets,0.95,6.0,0
2020-07-31,funded_assets,0.95,6.0,0
2020-08-03,funded_assets,0.95,6.0,0
2020-08-04,funded_assets,0.95,6.0,0
2020-08-05,funded_assets,0.95,6.0,0
2020-08-06,funded_assets,0.95,6.0,0
2020-08-07,funded_assets,0.95,6.0,0
2020-08-10,funded_assets,0.95,6.0,0
2020-08-11,funded_assets,0.95,6.0,0
2020-08-12,funded_assets,0.95,6.0,0
2020-08-13,funded_assets,0.95,6.0,0
2020-08-14,funded_assets,0.95,6.0,0
2020-08-17,funded_assets,0.95,6.0,0
2020-08-18,funded_assets,0.95,6.0,0
2020-08-19,funded_assets,0.95,6.0,0
2020-08-20,funded_assets,0.95,6.0,0
2020-08-21,funded_assets,0.95,6.0,0
2020-08-24,funded_assets,0.95,6.0,0
2020-08-25,funded_assets,0.95,6.0,0
2020-08-26,funded_assets,0.95,6.0,0
2020-08-27,funded_assets,0.95,6.0,0
2020-08-28,funded_assets,0.95,6.0,0
2020-08-31,funded_assets,0.95,6.0,0
2020-09-01,funded_assets,0.95,6.0,0
2020-09-02,funded_assets,0.95,6.0,0
2020-09-03,funded_assets,0.95,5.6000000000000005,0
2020-09-04,funded_assets,0.95,5.6000000000000005,0
2020-09-07,funded_assets,0.95,5.6000000000000005,0
2020-09-08,funded_assets,0.95,5.6000000000000005,0
2020-09-09,funded_assets,0.95,5.6000000000000005,0
2020-09-10,funded_assets,0.95,5.6000000000000005,0
2020-09-11,funded_assets,0.95,5.6000000000000005,0
2020-09-14,funded_assets,0.95,5.6000000000000005,0
2020-09-15,funded_assets,0.95,5.6000000000000005,0
2020-09-16,funded_assets,0.95,5.6000000000000005,0
2020-09-17,funded_assets,0.95,5.6000000000000005,0
2020-09-18,funded_assets,0.95,5.6000000000000005,0
2020-09-21,funded_assets,0.95,5.6000000000000005,0
2020-09-22,funded_assets,0.95,5.6000000000000005,0
2020-09-23,funded_assets,0.95,5.6000000000000005,0
2020-09-24,funded_assets,0.95,5.6000000000000005,0
2020-09-25,funded_assets,0.95,5.6000000000000005,0
2020-09-28,funded_assets,0.95,5.6000000000000005,0
2020-09-29,funded_assets,0.95,5.6000000000000005,0
2020-09-30,funded_assets,0.95,5.6000000000000005,0
2020-10-01,funded_assets,0.95,5.6000000000000005,0
2020-10-02,funded_assets,0.95,5.6000000000000005,0
2020-10-05,funded_assets,0.95,5.6000000000000005,0
2020-10-06,funded_assets,0.95,5.6000000000000005,0
2020-10-07,funded_assets,0.95,5.6000000000000005,0
2020-10-08,funded_assets,0.95,5.6000000000000005,0
2020-10-09,funded_assets,0.95,5.6000000000000005,0
2020-10-12,funded_assets,0.95,5.6000000000000005,0
2020-10-13,funded_assets,0.95,5.6000000000000005,0
2020-10-14,funded_assets,0.95,5.6000000000000005,0
2020-10-15,funded_assets,0.95,5.6000000000000005,0
2020-10-16,funded_assets,0.95,5.6000000000000005,0
2020-10-19,funded_assets,0.95,5.6000000000000005,0
2020-10-20,funded_assets,0.95,5.6000000000000005,0
2020-10-21,funded_assets,0.95,5.6000000000000005,0
2020-10-22,funded_assets,0.95,5.6000000000000005,0
2020-10-23,funded_assets,0.95,5.6000000000000005,0
2020-10-26,funded_assets,0.95,5.6000000000000005,0
2020-10-27,funded_assets,0.95,5.6000000000000005,0
2020-10-28,funded_assets,0.95,5.6000000000000005,0
2020-10-29,funded_assets,0.95,5.6000000000000005,0
2020-10-30,funded_assets,0.95,5.6000000000000005,0
2020-11-02,funded_assets,0.95,5.6000000000000005,0
2020-11-03,funded_assets,0.95,6.0,1
2020-11-04,funded_assets,0.95,6.0,0
2020-11-05,funded_assets,0.95,6.4,1
2020-11-06,funded_assets,0.95,6.4,0
2020-11-09,funded_assets,0.95,6.4,0
2020-11-10,funded_assets,0.95,6.4,0
2020-11-11,funded_assets,0.95,6.4,0
2020-11-12,funded_assets,0.95,6.4,0
2020-11-13,funded_assets,0.95,6.4,0
2020-11-16,funded_assets,0.95,6.4,0
2020-11-17,funded_assets,0.95,6.4,0
2020-11-18,funded_assets,0.95,6.4,0
2020-11-19,funded_assets,0.95,6.4,0
2020-11-20,funded_assets,0.95,6.4,0
2020-11-23,funded_assets,0.95,6.4,0
2020-11-24,funded_assets,0.95,6.4,0
2020-11-25,funded_assets,0.95,6.4,0
2020-11-26,funded_assets,0.95,6.4,0
2020-11-27,funded_assets,0.95,6.4,0
2020-11-30,funded_assets,0.95,6.800000000000001,1
2020-12-01,funded_assets,0.95,6.800000000000001,0
2020-12-02,funded_assets,0.95,6.800000000000001,0
2020-12-03,funded_assets,0.95,6.800000000000001,0
2020-12-04,funded_assets,0.95,6.800000000000001,0
2020-12-07,funded_assets,0.95,6.4,0
2020-12-08,funded_assets,0.95,6.4,0
2020-12-09,funded_assets,0.95,6.4,0
2020-12-10,funded_assets,0.95,6.4,0
2020-12-11,funded_assets,0.95,6.4,0
2020-12-14,funded_assets,0.95,6.4,0
2020-12-15,funded_assets,0.95,6.4,0
2020-12-16,funded_assets,0.95,6.4,0
2020-12-17,funded_assets,0.95,6.4,0
2020-12-18,funded_assets,0.95,6.4,0
2020-12-21,funded_assets,0.95,6.4,0
2020-12-22,funded_assets,0.95,6.4,0
2020-12-23,funded_assets,0.95,6.4,0
2020-12-24,funded_assets,0.95,6.4,0
2020-12-28,funded_assets,0.95,6.4,0
2020-12-29,funded_assets,0.95,6.4,0
2020-12-30,funded_assets,0.95,6.0,0
2020-12-31,funded_assets,0.95,6.0,0
2021-01-04,funded_assets,0.95,6.0,0
2021-01-05,funded_assets,0.95,6.0,0
2021-01-06,funded_assets,0.95,6.0,0
2021-01-07,funded_assets,0.95,6.0,0
2021-01-08,funded_assets,0.95,6.0,0
2021-01-11,funded_assets,0.95,6.0,0
2021-01-12,funded_assets,0.95,6.0,0
2021-01-13,funded_assets,0.95,6.0,0
2021-01-14,funded_assets,0.95,6.0,0
2021-01-15,funded_assets,0.95,6.0,0
2021-01-18,funded_assets,0.95,6.0,0
2021-01-19,funded_assets,0.95,6.0,0
2021-01-20,funded_assets,0.95,6.0,0
2021-01-21,funded_assets,0.95,6.0,0
2021-01-22,funded_assets,0.95,6.0,0
2021-01-25,funded_assets,0.95,6.0,0
2021-01-26,funded_assets,0.95,6.0,0
2021-01-27,funded_assets,0.95,6.0,0
2021-01-28,funded_assets,0.95,6.0,0
2021-01-29,funded_assets,0.95,6.0,0
2021-02-01,funded_assets,0.95,6.0,0
2021-02-02,funded_assets,0.95,6.0,0
2021-02-03,funded_assets,0.95,6.0,0
2021-02-04,funded_assets,0.95,6.0,0
2021-02-05,funded_assets,0.95,6.0,0
2021-02-08,funded_assets,0.95,6.0,0
2021-02-09,funded_assets,0.95,5.6000000000000005,0
2021-02-10,funded_assets,0.95,5.6000000000000005,0
2021-02-11,funded_assets,0.95,5.6000000000000005,0
2021-02-12,funded_assets,0.95,5.6000000000000005,0
2021-02-15,funded_assets,0.95,5.6000000000000005,0
2021-02-16,funded_assets,0.95,5.2,0
2021-02-17,funded_assets,0.95,5.2,0
2021-02-18,funded_assets,0.95,4.8,0
2021-02-19,funded_assets,0.95,4.8,0
2021-02-22,funded_assets,0.95,4.8,0
2021-02-23,funded_assets,0.95,5.2,1
2021-02-24,funded_assets,0.95,5.2,0
2021-02-25,funded_assets,0.95,5.2,0
2021-02-26,funded_assets,0.95,5.2,0
2021-03-01,funded_assets,0.95,5.2,0
2021-03-02,funded_assets,0.95,5.2,0
2021-03-03,funded_assets,0.95,5.2,0
2021-03-04,funded_assets,0.95,5.2,0
2021-03-05,funded_assets,0.95,5.2,0
2021-03-08,funded_assets,0.95,5.2,0
2021-03-09,funded_assets,0.95,5.2,0
2021-03-10,funded_assets,0.95,5.2,0
2021-03-11,funded_assets,0.95,4.8,0
2021-03-12,funded_assets,0.95,4.8,0
2021-03-15,funded_assets,0.95,4.8,0
2021-03-16,funded_assets,0.95,4.8,0
2021-03-17,funded_assets,0.95,4.8,0
2021-03-18,funded_assets,0.95,4.8,0
2021-03-19,funded_assets,0.95,4.8,0
2021-03-22,funded_assets,0.95,4.8,0
2021-03-23,funded_assets,0.95,4.8,0
2021-03-24,funded_assets,0.95,4.8,0
2021-03-25,funded_assets,0.95,4.8,0
2021-03-26,funded_assets,0.95,4.8,0
2021-03-29,funded_assets,0.95,4.8,0
2021-03-30,funded_assets,0.95,4.8,0
2021-03-31,funded_assets,0.95,4.8,0
2021-04-01,funded_assets,0.95,4.8,0
2021-04-06,funded_assets,0.95,4.8,0
2021-04-07,funded_assets,0.95,4.8,0
2021-04-08,funded_assets,0.95,4.8,0
2021-04-09,funded_assets,0.95,4.8,0
2021-04-12,funded_assets,0.95,4.8,0
2021-04-13,funded_assets,0.95,4.8,0
2021-04-14,funded_assets,0.95,4.8,0
2021-04-15,funded_assets,0.95,4.8,0
2021-04-16,funded_assets,0.95,4.8,0
2021-04-19,funded_assets,0.95,4.8,0
2021-04-20,funded_assets,0.95,4.8,0
2021-04-21,funded_assets,0.95,4.3999999999999995,0
2021-04-22,funded_assets,0.95,4.3999999999999995,0
2021-04-23,funded_assets,0.95,4.3999999999999995,0
2021-04-26,funded_assets,0.95,4.3999999999999995,0
2021-04-27,funded_assets,0.95,4.3999999999999995,0
2021-04-28,funded_assets,0.95,4.3999999999999995,0
2021-04-29,funded_assets,0.95,4.3999999999999995,0
2021-04-30,funded_assets,0.95,4.3999999999999995,0
2021-05-03,funded_assets,0.95,4.3999999999999995,0
2021-05-04,funded_assets,0.95,4.3999999999999995,0
2021-05-05,funded_assets,0.95,4.3999999999999995,0
2021-05-06,funded_assets,0.95,4.0,0
2021-05-07,funded_assets,0.95,4.0,0
2021-05-10,funded_assets,0.95,4.0,0
2021-05-11,funded_assets,0.95,4.0,0
2021-05-12,funded_assets,0.95,4.0,0
2021-05-13,funded_assets,0.95,4.0,0
2021-05-14,funded_assets,0.95,4.0,0
2021-05-17,funded_assets,0.95,4.0,0
2021-05-18,funded_assets,0.95,4.0,0
2021-05-19,funded_assets,0.95,4.0,0
2021-05-20,funded_assets,0.95,4.0,0
2021-05-21,funded_assets,0.95,4.0,0
2021-05-24,funded_assets,0.95,4.0,0
2021-05-25,funded_assets,0.95,4.0,0
2021-05-26,funded_assets,0.95,4.0,0
2021-05-27,funded_assets,0.95,4.0,0
2021-05-28,funded_assets,0.95,4.0,0
2021-05-31,funded_assets,0.95,4.0,0
2021-06-01,funded_assets,0.95,4.0,0
2021-06-02,funded_assets,0.95,4.0,0
2021-06-03,funded_assets,0.95,4.0,0
2021-06-04,funded_assets,0.95,4.0,0
2021-06-07,funded_assets,0.95,4.0,0
2021-06-08,funded_assets,0.95,4.0,0
2021-06-09,funded_assets,0.95,4.0,0
2021-06-10,funded_assets,0.95,3.5999999999999996,0
2021-06-11,funded_assets,0.95,3.5999999999999996,0
2021-06-14,funded_assets,0.95,3.5999999999999996,0
2021-06-15,funded_assets,0.95,3.5999999999999996,0
2021-06-16,funded_assets,0.95,3.2,0
2021-06-17,funded_assets,0.95,3.2,0
2021-06-18,funded_assets,0.95,3.2,0
2021-06-21,funded_assets,0.95,3.2,0
2021-06-22,funded_assets,0.95,3.2,0
2021-06-23,funded_assets,0.95,2.8000000000000003,0
2021-06-24,funded_assets,0.95,2.8000000000000003,0
2021-06-25,funded_assets,0.95,2.8000000000000003,0
2021-06-28,funded_assets,0.95,2.8000000000000003,0
2021-06-29,funded_assets,0.95,2.8000000000000003,0
2021-06-30,funded_assets,0.95,2.4,0
2021-07-01,funded_assets,0.95,2.4,0
2021-07-02,funded_assets,0.95,2.4,0
2021-07-05,funded_assets,0.95,2.4,0
2021-07-06,funded_assets,0.95,2.4,0
2021-07-07,funded_assets,0.95,2.4,0
2021-07-08,funded_assets,0.95,2.4,0
2021-07-09,funded_assets,0.95,2.0,0
2021-07-12,funded_assets,0.95,2.0,0
2021-07-13,funded_assets,0.95,2.0,0
2021-07-14,funded_assets,0.95,1.6,0
2021-07-15,funded_assets,0.95,1.6,0
2021-07-16,funded_assets,0.95,1.6,0
2021-07-19,funded_assets,0.95,1.6,0
2021-07-20,funded_assets,0.95,1.6,0
2021-07-21,funded_assets,0.95,1.6,0
2021-07-22,funded_assets,0.95,1.6,0
2021-07-23,funded_assets,0.95,1.6,0
2021-07-26,funded_assets,0.95,1.6,0
2021-07-27,funded_assets,0.95,1.6,0
2021-07-28,funded_assets,0.95,1.6,0
2021-07-29,funded_assets,0.95,1.6,0
2021-07-30,funded_assets,0.95,1.6,0
2021-08-02,funded_assets,0.95,1.6,0
2021-08-03,funded_assets,0.95,1.6,0
2021-08-04,funded_assets,0.95,1.6,0
2021-08-05,funded_assets,0.95,1.6,0
2021-08-06,funded_assets,0.95,1.6,0
2021-08-09,funded_assets,0.95,1.6,0
2021-08-10,funded_assets,0.95,1.6,0
2021-08-11,funded_assets,0.95,1.6,0
2021-08-12,funded_assets,0.95,1.6,0
2021-08-13,funded_assets,0.95,1.6,0
2021-08-16,funded_assets,0.95,1.6,0
2021-08-17,funded_assets,0.95,1.6,0
2021-08-18,funded_assets,0.95,1.6,0
2021-08-19,funded_assets,0.95,1.6,0
2021-08-20,funded_assets,0.95,1.6,0
2021-08-23,funded_assets,0.95,1.6,0
2021-08-24,funded_assets,0.95,1.6,0
2021-08-25,funded_assets,0.95,1.6,0
2021-08-26,funded_assets,0.95,1.6,0
2021-08-27,funded_assets,0.95,1.6,0
2021-08-30,funded_assets,0.95,1.6,0
2021-08-31,funded_assets,0.95,1.6,0
2021-09-01,funded_assets,0.95,1.6,0
2021-09-02,funded_assets,0.95,1.6,0
2021-09-03,funded_assets,0.95,1.6,0
2021-09-06,funded_assets,0.95,1.6,0
2021-09-07,funded_assets,0.95,1.6,0
2021-09-08,funded_assets,0.95,1.6,0
2021-09-09,funded_assets,0.95,1.6,0
2021-09-10,funded_assets,0.95,1.6,0
2021-09-13,funded_assets,0.95,1.6,0
2021-09-14,funded_assets,0.95,1.6,0
2021-09-15,funded_assets,0.95,2.0,1
2021-09-16,funded_assets,0.95,2.0,0
2021-09-17,funded_assets,0.95,2.0,0
2021-09-20,funded_assets,0.95,2.0,0
2021-09-21,funded_assets,0.95,2.0,0
2021-09-22,funded_assets,0.95,2.0,0
2021-09-23,funded_assets,0.95,2.0,0
2021-09-24,funded_assets,0.95,2.0,0
2021-09-27,funded_assets,0.95,2.0,0
2021-09-28,funded_assets,0.95,2.0,0
2021-09-29,funded_assets,0.95,2.0,0
2021-09-30,funded_assets,0.95,2.0,0
2021-10-01,funded_assets,0.95,2.0,0
2021-10-04,funded_assets,0.95,2.0,0
2021-10-05,funded_assets,0.95,2.0,0
2021-10-06,funded_assets,0.95,2.0,0
2021-10-07,funded_assets,0.95,2.0,0
2021-10-08,funded_assets,0.95,2.0,0
2021-10-11,funded_assets,0.95,2.0,0
2021-10-12,funded_assets,0.95,2.0,0
2021-10-13,funded_assets,0.95,2.0,0
2021-10-14,funded_assets,0.95,2.0,0
2021-10-15,funded_assets,0.95,2.0,0
2021-10-18,funded_assets,0.95,2.0,0
2021-10-19,funded_assets,0.95,2.0,0
2021-10-20,funded_assets,0.95,2.0,0
2021-10-21,funded_assets,0.95,2.0,0
2021-10-22,funded_assets,0.95,2.0,0
2021-10-25,funded_assets,0.95,1.6,0
2021-10-26,funded_assets,0.95,1.6,0
2021-10-27,funded_assets,0.95,1.2,0
2021-10-28,funded_assets,0.95,1.2,0
2021-10-29,funded_assets,0.95,1.2,0
2021-11-01,funded_assets,0.95,1.2,0
2021-11-02,funded_assets,0.95,1.2,0
2021-11-03,funded_assets,0.95,1.2,0
2021-11-04,funded_assets,0.95,1.2,0
2021-11-05,funded_assets,0.95,1.2,0
2021-11-08,funded_assets,0.95,1.2,0
2021-11-09,funded_assets,0.95,1.2,0
2021-11-10,funded_assets,0.95,1.2,0
2021-11-11,funded_assets,0.95,1.2,0
2021-11-12,funded_assets,0.95,1.2,0
2021-11-15,funded_assets,0.95,1.2,0
2021-11-16,funded_assets,0.95,1.2,0
2021-11-17,funded_assets,0.95,1.2,0
2021-11-18,funded_assets,0.95,1.2,0
2021-11-19,funded_assets,0.95,0.8,0
2021-11-22,funded_assets,0.95,0.8,0
2021-11-23,funded_assets,0.95,0.8,0
2021-11-24,funded_assets,0.95,0.8,0
2021-11-25,funded_assets,0.95,0.8,0
2021-11-26,funded_assets,0.95,0.8,0
2021-11-29,funded_assets,0.95,0.8,0
2021-11-30,funded_assets,0.95,0.8,0
2021-12-01,funded_assets,0.95,0.8,0
2021-12-02,funded_assets,0.95,0.8,0
2021-12-03,funded_assets,0.95,0.8,0
2021-12-06,funded_assets,0.95,1.2,1
2021-12-07,funded_assets,0.95,1.2,0
2021-12-08,funded_assets,0.95,1.2,0
2021-12-09,funded_assets,0.95,1.2,0
2021-12-10,funded_assets,0.95,1.2,0
2021-12-13,funded_assets,0.95,1.2,0
2021-12-14,funded_assets,0.95,1.6,1
2021-12-15,funded_assets,0.95,1.6,0
2021-12-16,funded_assets,0.95,1.6,0
2021-12-17,funded_assets,0.95,1.6,0
2021-12-20,funded_assets,0.95,1.6,0
2021-12-21,funded_assets,0.95,1.6,0
2021-12-22,funded_assets,0.95,1.6,0
2021-12-23,funded_assets,0.95,1.6,0
2021-12-24,funded_assets,0.95,1.6,0
2021-12-27,funded_assets,0.95,1.6,0
2021-12-28,funded_assets,0.95,1.6,0
2021-12-29,funded_assets,0.95,1.6,0
2021-12-30,funded_assets,0.95,1.6,0
2021-12-31,funded_assets,0.95,1.6,0
2022-01-03,funded_assets,0.95,1.6,0
2022-01-04,funded_assets,0.95,1.6,0
2022-01-05,funded_assets,0.95,1.6,0
2022-01-06,funded_assets,0.95,1.6,0
2022-01-07,funded_assets,0.95,1.6,0
2022-01-10,funded_assets,0.95,1.6,0
2022-01-11,funded_assets,0.95,1.6,0
2022-01-12,funded_assets,0.95,1.6,0
2022-01-13,funded_assets,0.95,1.6,0
2022-01-14,funded_assets,0.95,1.6,0
2022-01-17,funded_assets,0.95,1.6,0
2022-01-18,funded_assets,0.95,1.6,0
2022-01-19,funded_assets,0.95,1.6,0
2022-01-20,funded_assets,0.95,1.6,0
2022-01-21,funded_assets,0.95,1.6,0
2022-01-24,funded_assets,0.95,1.6,0
2022-01-25,funded_assets,0.95,1.6,0
2022-01-26,funded_assets,0.95,1.6,0
2022-01-27,funded_assets,0.95,1.6,0
2022-01-28,funded_assets,0.95,1.6,0
2022-01-31,funded_assets,0.95,1.6,0
2022-02-01,funded_assets,0.95,1.6,0
2022-02-02,funded_assets,0.95,2.0,1
2022-02-03,funded_assets,0.95,2.0,0
2022-02-04,funded_assets,0.95,2.0,0
2022-02-07,funded_assets,0.95,2.0,0
2022-02-08,funded_assets,0.95,2.0,0
2022-02-09,funded_assets,0.95,2.0,0
2022-02-10,funded_assets,0.95,1.6,0
2022-02-11,funded_assets,0.95,1.6,0
2022-02-14,funded_assets,0.95,1.6,0
2022-02-15,funded_assets,0.95,1.6,0
2022-02-16,funded_assets,0.95,1.6,0
2022-02-17,funded_assets,0.95,1.6,0
2022-02-18,funded_assets,0.95,1.6,0
2022-02-21,funded_assets,0.95,1.6,0
2022-02-22,funded_assets,0.95,1.6,0
2022-02-23,funded_assets,0.95,2.0,1
2022-02-24,funded_assets,0.95,2.0,0
2022-02-25,funded_assets,0.95,2.0,0
2022-02-28,funded_assets,0.95,2.0,0
2022-03-01,funded_assets,0.95,2.0,0
2022-03-02,funded_assets,0.95,2.0,0
2022-03-03,funded_assets,0.95,2.0,0
2022-03-04,funded_assets,0.95,2.0,0
2022-03-07,funded_assets,0.95,2.4,1
2022-03-08,funded_assets,0.95,2.8000000000000003,1
2022-03-09,funded_assets,0.95,2.8000000000000003,0
2022-03-10,funded_assets,0.95,2.8000000000000003,0
2022-03-11,funded_assets,0.95,2.8000000000000003,0
2022-03-14,funded_assets,0.95,2.8000000000000003,0
2022-03-15,funded_assets,0.95,2.8000000000000003,0
2022-03-16,funded_assets,0.95,2.8000000000000003,0
2022-03-17,funded_assets,0.95,2.8000000000000003,0
2022-03-18,funded_assets,0.95,2.8000000000000003,0
2022-03-21,funded_assets,0.95,2.8000000000000003,0
2022-03-22,funded_assets,0.95,2.8000000000000003,0
2022-03-23,funded_assets,0.95,2.8000000000000003,0
2022-03-24,funded_assets,0.95,2.8000000000000003,0
2022-03-25,funded_assets,0.95,3.2,1
2022-03-28,funded_assets,0.95,3.2,0
2022-03-29,funded_assets,0.95,3.2,0
2022-03-30,funded_assets,0.95,3.2,0
2022-03-31,funded_assets,0.95,3.2,0
2022-04-01,funded_assets,0.95,3.2,0
2022-04-04,funded_assets,0.95,3.2,0
2022-04-05,funded_assets,0.95,3.2,0
2022-04-06,funded_assets,0.95,3.2,0
2022-04-07,funded_assets,0.95,3.5999999999999996,1
2022-04-08,funded_assets,0.95,3.5999999999999996,0
2022-04-11,funded_assets,0.95,3.5999999999999996,0
2022-04-12,funded_assets,0.95,3.5999999999999996,0
2022-04-13,funded_assets,0.95,3.5999999999999996,0
2022-04-14,funded_assets,0.95,3.5999999999999996,0
2022-04-19,funded_assets,0.95,4.0,1
2022-04-20,funded_assets,0.95,4.0,0
2022-04-21,funded_assets,0.95,4.0,0
2022-04-22,funded_assets,0.95,4.0,0
2022-04-25,funded_assets,0.95,4.0,0
2022-04-26,funded_assets,0.95,4.0,0
2022-04-27,funded_assets,0.95,4.0,0
2022-04-28,funded_assets,0.95,4.0,0
2022-04-29,funded_assets,0.95,4.0,0
2022-05-02,funded_assets,0.95,4.0,0
2022-05-03,funded_assets,0.95,4.0,0
2022-05-04,funded_assets,0.95,4.0,0
2022-05-05,funded_assets,0.95,4.0,0
2022-05-06,funded_assets,0.95,4.0,0
2022-05-09,funded_assets,0.95,4.0,0
2022-05-10,funded_assets,0.95,4.0,0
2022-05-11,funded_assets,0.95,4.0,0
2022-05-12,funded_assets,0.95,4.0,0
2022-05-13,funded_assets,0.95,4.0,0
2022-05-16,funded_assets,0.95,4.0,0
2022-05-17,funded_assets,0.95,4.0,0
2022-05-18,funded_assets,0.95,4.0,0
2022-05-19,funded_assets,0.95,4.0,0
2022-05-20,funded_assets,0.95,4.0,0
2022-05-23,funded_assets,0.95,4.0,0
2022-05-24,funded_assets,0.95,4.0,0
2022-05-25,funded_assets,0.95,4.0,0
2022-05-26,funded_assets,0.95,4.0,0
2022-05-27,funded_assets,0.95,4.0,0
2022-05-30,funded_assets,0.95,4.0,0
2022-05-31,funded_assets,0.95,4.0,0
2022-06-01,funded_assets,0.95,4.0,0
2022-06-02,funded_assets,0.95,4.0,0
2022-06-03,funded_assets,0.95,4.0,0
2022-06-06,funded_assets,0.95,4.3999999999999995,1
2022-06-07,funded_assets,0.95,4.3999999999999995,0
2022-06-08,funded_assets,0.95,4.3999999999999995,0
2022-06-09,funded_assets,0.95,4.3999999999999995,0
2022-06-10,funded_assets,0.95,4.3999999999999995,0
2022-06-13,funded_assets,0.95,4.3999999999999995,0
2022-06-14,funded_assets,0.95,4.3999999999999995,0
2022-06-15,funded_assets,0.95,4.8,1
2022-06-16,funded_assets,0.95,4.8,0
2022-06-17,funded_assets,0.95,4.8,0
2022-06-20,funded_assets,0.95,4.8,0
2022-06-21,funded_assets,0.95,4.8,0
2022-06-22,funded_assets,0.95,4.8,0
2022-06-23,funded_assets,0.95,4.8,0
2022-06-24,funded_assets,0.95,4.8,0
2022-06-27,funded_assets,0.95,4.8,0
2022-06-28,funded_assets,0.95,4.8,0
2022-06-29,funded_assets,0.95,4.8,0
2022-06-30,funded_assets,0.95,4.8,0
2022-07-01,funded_assets,0.95,4.8,0
2022-07-04,funded_assets,0.95,4.8,0
2022-07-05,funded_assets,0.95,4.8,0
2022-07-06,funded_assets,0.95,4.8,0
2022-07-07,funded_assets,0.95,4.8,0
2022-07-08,funded_assets,0.95,4.8,0
2022-07-11,funded_assets,0.95,4.8,0
2022-07-12,funded_assets,0.95,4.8,0
2022-07-13,funded_assets,0.95,4.8,0
2022-07-14,funded_assets,0.95,4.8,0
2022-07-15,funded_assets,0.95,5.2,1
2022-07-18,funded_assets,0.95,5.2,0
2022-07-19,funded_assets,0.95,5.2,0
2022-07-20,funded_assets,0.95,5.2,0
2022-07-21,funded_assets,0.95,5.2,0
2022-07-22,funded_assets,0.95,5.2,0
2022-07-25,funded_assets,0.95,5.2,0
2022-07-26,funded_assets,0.95,5.2,0
2022-07-27,funded_assets,0.95,5.2,0
2022-07-28,funded_assets,0.95,5.2,0
2022-07-29,funded_assets,0.95,5.2,0
2022-08-01,funded_assets,0.95,5.2,0
2022-08-02,funded_assets,0.95,5.2,0
2022-08-03,funded_assets,0.95,5.2,0
2022-08-04,funded_assets,0.95,5.2,0
2022-08-05,funded_assets,0.95,5.2,0
2022-08-08,funded_assets,0.95,5.2,0
2022-08-09,funded_assets,0.95,5.2,0
2022-08-10,funded_assets,0.95,5.2,0
2022-08-11,funded_assets,0.95,5.2,0
2022-08-12,funded_assets,0.95,5.2,0
2022-08-15,funded_assets,0.95,5.2,0
2022-08-16,funded_assets,0.95,5.2,0
2022-08-17,funded_assets,0.95,5.2,0
2022-08-18,funded_assets,0.95,5.2,0
2022-08-19,funded_assets,0.95,5.2,0
2022-08-22,funded_assets,0.95,5.2,0
2022-08-23,funded_assets,0.95,5.2,0
2022-08-24,funded_assets,0.95,5.2,0
2022-08-25,funded_assets,0.95,5.2,0
2022-08-26,funded_assets,0.95,5.2,0
2022-08-29,funded_assets,0.95,5.2,0
2022-08-30,funded_assets,0.95,5.2,0
2022-08-31,funded_assets,0.95,5.2,0
2022-09-01,funded_assets,0.95,5.2,0
2022-09-02,funded_assets,0.95,4.8,0
2022-09-05,funded_assets,0.95,4.8,0
2022-09-06,funded_assets,0.95,4.8,0
2022-09-07,funded_assets,0.95,4.8,0
2022-09-08,funded_assets,0.95,4.8,0
2022-09-09,funded_assets,0.95,4.8,0
2022-09-12,funded_assets,0.95,4.8,0
2022-09-13,funded_assets,0.95,4.8,0
2022-09-14,funded_assets,0.95,4.8,0
2022-09-15,funded_assets,0.95,4.8,0
2022-09-16,funded_assets,0.95,4.8,0
2022-09-19,funded_assets,0.95,4.8,0
2022-09-20,funded_assets,0.95,4.8,0
2022-09-21,funded_assets,0.95,4.8,0
2022-09-22,funded_assets,0.95,4.8,0
2022-09-23,funded_assets,0.95,4.8,0
2022-09-26,funded_assets,0.95,4.8,0
2022-09-27,funded_assets,0.95,5.2,1
2022-09-28,funded_assets,0.95,5.2,0
2022-09-29,funded_assets,0.95,5.2,0
2022-09-30,funded_assets,0.95,5.6000000000000005,1
2022-10-03,funded_assets,0.95,5.6000000000000005,0
2022-10-04,funded_assets,0.95,5.6000000000000005,0
2022-10-05,funded_assets,0.95,5.6000000000000005,0
2022-10-06,funded_assets,0.95,5.6000000000000005,0
2022-10-07,funded_assets,0.95,5.6000000000000005,0
2022-10-10,funded_assets,0.95,5.6000000000000005,0
2022-10-11,funded_assets,0.95,5.6000000000000005,0
2022-10-12,funded_assets,0.95,5.6000000000000005,0
2022-10-13,funded_assets,0.95,5.6000000000000005,0
2022-10-14,funded_assets,0.95,6.0,1
2022-10-17,funded_assets,0.95,6.0,0
2022-10-18,funded_assets,0.95,6.0,0
2022-10-19,funded_assets,0.95,6.0,0
2022-10-20,funded_assets,0.95,6.0,0
2022-10-21,funded_assets,0.95,6.0,0
2022-10-24,funded_assets,0.95,6.0,0
2022-10-25,funded_assets,0.95,6.0,0
2022-10-26,funded_assets,0.95,6.0,0
2022-10-27,funded_assets,0.95,6.0,0
2022-10-28,funded_assets,0.95,6.0,0
2022-10-31,funded_assets,0.95,6.0,0
2022-11-01,funded_assets,0.95,6.0,0
2022-11-02,funded_assets,0.95,6.0,0
2022-11-03,funded_assets,0.95,6.0,0
2022-11-04,funded_assets,0.95,6.0,0
2022-11-07,funded_assets,0.95,6.0,0
2022-11-08,funded_assets,0.95,6.0,0
2022-11-09,funded_assets,0.95,6.4,1
2022-11-10,funded_assets,0.95,6.4,0
2022-11-11,funded_assets,0.95,6.4,0
2022-11-14,funded_assets,0.95,6.4,0
2022-11-15,funded_assets,0.95,6.4,0
2022-11-16,funded_assets,0.95,6.4,0
2022-11-17,funded_assets,0.95,6.4,0
2022-11-18,funded_assets,0.95,6.4,0
2022-11-21,funded_assets,0.95,6.4,0
2022-11-22,funded_assets,0.95,6.4,0
2022-11-23,funded_assets,0.95,6.0,0
2022-11-24,funded_assets,0.95,6.0,0
2022-11-25,funded_assets,0.95,6.0,0
2022-11-28,funded_assets,0.95,6.0,0
2022-11-29,funded_assets,0.95,6.0,0
2022-11-30,funded_assets,0.95,6.0,0
2022-12-01,funded_assets,0.95,5.6000000000000005,0
2022-12-02,funded_assets,0.95,5.6000000000000005,0
2022-12-05,funded_assets,0.95,5.6000000000000005,0
2022-12-06,funded_assets,0.95,5.6000000000000005,0
2022-12-07,funded_assets,0.95,5.6000000000000005,0
2022-12-08,funded_assets,0.95,5.6000000000000005,0
2022-12-09,funded_assets,0.95,5.6000000000000005,0
2022-12-12,funded_assets,0.95,5.6000000000000005,0
2022-12-13,funded_assets,0.95,5.6000000000000005,0
2022-12-14,funded_assets,0.95,5.6000000000000005,0
2022-12-15,funded_assets,0.95,5.6000000000000005,0
2022-12-16,funded_assets,0.95,5.6000000000000005,0
2022-12-19,funded_assets,0.95,5.6000000000000005,0
2022-12-20,funded_assets,0.95,5.6000000000000005,0
2022-12-21,funded_assets,0.95,5.6000000000000005,0
2022-12-22,funded_assets,0.95,5.6000000000000005,0
2022-12-23,funded_assets,0.95,5.6000000000000005,0
2022-12-27,funded_assets,0.95,5.6000000000000005,0
2022-12-28,funded_assets,0.95,5.6000000000000005,0
2022-12-29,funded_assets,0.95,5.6000000000000005,0
2022-12-30,funded_assets,0.95,5.6000000000000005,0
2023-01-02,funded_assets,0.95,5.6000000000000005,0
2023-01-03,funded_assets,0.95,5.6000000000000005,0
2023-01-04,funded_assets,0.95,5.6000000000000005,0
2023-01-05,funded_assets,0.95,5.6000000000000005,0
2023-01-06,funded_assets,0.95,5.6000000000000005,0
2023-01-09,funded_assets,0.95,5.6000000000000005,0
2023-01-10,funded_assets,0.95,5.6000000000000005,0
2023-01-11,funded_assets,0.95,5.6000000000000005,0
2023-01-12,funded_assets,0.95,5.6000000000000005,0
2023-01-13,funded_assets,0.95,5.6000000000000005,0
2023-01-16,funded_assets,0.95,5.6000000000000005,0
2023-01-17,funded_assets,0.95,5.6000000000000005,0
2023-01-18,funded_assets,0.95,5.6000000000000005,0
2023-01-19,funded_assets,0.95,5.6000000000000005,0
2023-01-20,funded_assets,0.95,5.6000000000000005,0
2023-01-23,funded_assets,0.95,5.2,0
2023-01-24,funded_assets,0.95,5.2,0
2023-01-25,funded_assets,0.95,5.2,0
2023-01-26,funded_assets,0.95,5.2,0
2023-01-27,funded_assets,0.95,5.2,0
2023-01-30,funded_assets,0.95,5.2,0
2023-01-31,funded_assets,0.95,5.2,0
2023-02-01,funded_assets,0.95,5.2,0
2023-02-02,funded_assets,0.95,5.2,0
2023-02-03,funded_assets,0.95,5.2,0
2023-02-06,funded_assets,0.95,5.2,0
2023-02-07,funded_assets,0.95,5.2,0
2023-02-08,funded_assets,0.95,5.2,0
2023-02-09,funded_assets,0.95,5.2,0
2023-02-10,funded_assets,0.95,5.2,0
2023-02-13,funded_assets,0.95,4.8,0
2023-02-14,funded_assets,0.95,4.8,0
2023-02-15,funded_assets,0.95,4.8,0
2023-02-16,funded_assets,0.95,4.8,0
2023-02-17,funded_assets,0.95,4.8,0
2023-02-20,funded_assets,0.95,4.8,0
2023-02-21,funded_assets,0.95,4.8,0
2023-02-22,funded_assets,0.95,4.8,0
2023-02-23,funded_assets,0.95,4.3999999999999995,0
2023-02-24,funded_assets,0.95,4.0,0
2023-02-27,funded_assets,0.95,4.0,0
2023-02-28,funded_assets,0.95,4.0,0
2023-03-01,funded_assets,0.95,4.0,0
2023-03-02,funded_assets,0.95,4.0,0
2023-03-03,funded_assets,0.95,4.0,0
2023-03-06,funded_assets,0.95,4.0,0
2023-03-07,funded_assets,0.95,4.0,0
2023-03-08,funded_assets,0.95,4.0,0
2023-03-09,funded_assets,0.95,4.0,0
2023-03-10,funded_assets,0.95,4.0,0
2023-03-13,funded_assets,0.95,4.0,0
2023-03-14,funded_assets,0.95,4.3999999999999995,1
2023-03-15,funded_assets,0.95,4.0,0
2023-03-16,funded_assets,0.95,4.0,0
2023-03-17,funded_assets,0.95,4.0,0
2023-03-20,funded_assets,0.95,4.0,0
2023-03-21,funded_assets,0.95,4.0,0
2023-03-22,funded_assets,0.95,4.0,0
2023-03-23,funded_assets,0.95,4.0,0
2023-03-24,funded_assets,0.95,4.0,0
2023-03-27,funded_assets,0.95,4.0,0
2023-03-28,funded_assets,0.95,3.5999999999999996,0
2023-03-29,funded_assets,0.95,3.5999999999999996,0
2023-03-30,funded_assets,0.95,3.5999999999999996,0
2023-03-31,funded_assets,0.95,3.5999999999999996,0
2023-04-03,funded_assets,0.95,3.5999999999999996,0
2023-04-04,funded_assets,0.95,3.5999999999999996,0
2023-04-05,funded_assets,0.95,3.2,0
2023-04-06,funded_assets,0.95,3.2,0
2023-04-11,funded_assets,0.95,3.2,0
2023-04-12,funded_assets,0.95,3.2,0
2023-04-13,funded_assets,0.95,3.2,0
2023-04-14,funded_assets,0.95,3.2,0
2023-04-17,funded_assets,0.95,3.2,0
2023-04-18,funded_assets,0.95,3.2,0
2023-04-19,funded_assets,0.95,3.2,0
2023-04-20,funded_assets,0.95,3.2,0
2023-04-21,funded_assets,0.95,3.2,0
2023-04-24,funded_assets,0.95,3.2,0
2023-04-25,funded_assets,0.95,3.2,0
2023-04-26,funded_assets,0.95,3.2,0
2023-04-27,funded_assets,0.95,3.2,0
2023-04-28,funded_assets,0.95,3.2,0
2023-05-02,funded_assets,0.95,3.2,0
2023-05-03,funded_assets,0.95,3.2,0
2023-05-04,funded_assets,0.95,3.2,0
2023-05-05,funded_assets,0.95,3.2,0
2023-05-08,funded_assets,0.95,3.2,0
2023-05-09,funded_assets,0.95,3.2,0
2023-05-10,funded_assets,0.95,3.2,0
2023-05-11,funded_assets,0.95,3.2,0
2023-05-12,funded_assets,0.95,3.2,0
2023-05-15,funded_assets,0.95,3.2,0
2023-05-16,funded_assets,0.95,3.2,0
2023-05-17,funded_assets,0.95,3.2,0
2023-05-18,funded_assets,0.95,3.2,0
2023-05-19,funded_assets,0.95,3.2,0
2023-05-22,funded_assets,0.95,3.2,0
2023-05-23,funded_assets,0.95,3.2,0
2023-05-24,funded_assets,0.95,3.2,0
2023-05-25,funded_assets,0.95,3.2,0
2023-05-26,funded_assets,0.95,2.8000000000000003,0
2023-05-29,funded_assets,0.95,2.8000000000000003,0
2023-05-30,funded_assets,0.95,2.8000000000000003,0
2023-05-31,funded_assets,0.95,2.8000000000000003,0
2023-06-01,funded_assets,0.95,2.8000000000000003,0
2023-06-02,funded_assets,0.95,2.8000000000000003,0
2023-06-05,funded_assets,0.95,2.8000000000000003,0
2023-06-06,funded_assets,0.95,2.4,0
2023-06-07,funded_assets,0.95,2.4,0
2023-06-08,funded_assets,0.95,2.4,0
2023-06-09,funded_assets,0.95,2.4,0
2023-06-12,funded_assets,0.95,2.4,0
2023-06-13,funded_assets,0.95,2.4,0
2023-06-14,funded_assets,0.95,2.8000000000000003,1
2023-06-15,funded_assets,0.95,2.8000000000000003,0
2023-06-16,funded_assets,0.95,2.8000000000000003,0
2023-06-19,funded_assets,0.95,2.8000000000000003,0
2023-06-20,funded_assets,0.95,2.8000000000000003,0
2023-06-21,funded_assets,0.95,2.8000000000000003,0
2023-06-22,funded_assets,0.95,2.8000000000000003,0
2023-06-23,funded_assets,0.95,2.8000000000000003,0
2023-06-26,funded_assets,0.95,2.8000000000000003,0
2023-06-27,funded_assets,0.95,2.8000000000000003,0
2023-06-28,funded_assets,0.95,2.8000000000000003,0
2023-06-29,funded_assets,0.95,2.8000000000000003,0
2023-06-30,funded_assets,0.95,2.8000000000000003,0
2023-07-03,funded_assets,0.95,2.8000000000000003,0
2023-07-04,funded_assets,0.95,2.8000000000000003,0
2023-07-05,funded_assets,0.95,2.8000000000000003,0
2023-07-06,funded_assets,0.95,2.4,0
2023-07-07,funded_assets,0.95,2.4,0
2023-07-10,funded_assets,0.95,2.4,0
2023-07-11,funded_assets,0.95,2.4,0
2023-07-12,funded_assets,0.95,2.4,0
2023-07-13,funded_assets,0.95,2.4,0
2023-07-14,funded_assets,0.95,2.4,0
2023-07-17,funded_assets,0.95,2.4,0
2023-07-18,funded_assets,0.95,2.4,0
2023-07-19,funded_assets,0.95,2.4,0
2023-07-20,funded_assets,0.95,2.4,0
2023-07-21,funded_assets,0.95,2.4,0
2023-07-24,funded_assets,0.95,2.4,0
2023-07-25,funded_assets,0.95,2.4,0
2023-07-26,funded_assets,0.95,2.4,0
2023-07-27,funded_assets,0.95,2.8000000000000003,1
2023-07-28,funded_assets,0.95,2.8000000000000003,0
2023-07-31,funded_assets,0.95,2.8000000000000003,0
2023-08-01,funded_assets,0.95,2.8000000000000003,0
2023-08-02,funded_assets,0.95,2.8000000000000003,0
2023-08-03,funded_assets,0.95,2.8000000000000003,0
2023-08-04,funded_assets,0.95,2.8000000000000003,0
2023-08-07,funded_assets,0.95,2.8000000000000003,0
2023-08-08,funded_assets,0.95,2.8000000000000003,0
2023-08-09,funded_assets,0.95,2.8000000000000003,0
2023-08-10,funded_assets,0.95,2.8000000000000003,0
2023-08-11,funded_assets,0.95,2.8000000000000003,0
2023-08-14,funded_assets,0.95,2.8000000000000003,0
2023-08-15,funded_assets,0.95,2.8000000000000003,0
2023-08-16,funded_assets,0.95,2.8000000000000003,0
2023-08-17,funded_assets,0.95,2.8000000000000003,0
2023-08-18,funded_assets,0.95,2.8000000000000003,0
2023-08-21,funded_assets,0.95,2.8000000000000003,0
2023-08-22,funded_assets,0.95,2.8000000000000003,0
2023-08-23,funded_assets,0.95,2.8000000000000003,0
2023-08-24,funded_assets,0.95,2.8000000000000003,0
2023-08-25,funded_assets,0.95,2.8000000000000003,0
2023-08-28,funded_assets,0.95,2.8000000000000003,0
2023-08-29,funded_assets,0.95,2.8000000000000003,0
2023-08-30,funded_assets,0.95,2.8000000000000003,0
2023-08-31,funded_assets,0.95,2.8000000000000003,0
2023-09-01,funded_assets,0.95,2.8000000000000003,0
2023-09-04,funded_assets,0.95,2.8000000000000003,0
2023-09-05,funded_assets,0.95,2.8000000000000003,0
2023-09-06,funded_assets,0.95,2.8000000000000003,0
2023-09-07,funded_assets,0.95,2.8000000000000003,0
2023-09-08,funded_assets,0.95,2.8000000000000003,0
2023-09-11,funded_assets,0.95,2.8000000000000003,0
2023-09-12,funded_assets,0.95,2.8000000000000003,0
2023-09-13,funded_assets,0.95,2.8000000000000003,0
2023-09-14,funded_assets,0.95,2.8000000000000003,0
2023-09-15,funded_assets,0.95,2.8000000000000003,0
2023-09-18,funded_assets,0.95,2.4,0
2023-09-19,funded_assets,0.95,2.4,0
2023-09-20,funded_assets,0.95,2.4,0
2023-09-21,funded_assets,0.95,2.0,0
2023-09-22,funded_assets,0.95,2.0,0
2023-09-25,funded_assets,0.95,2.0,0
2023-09-26,funded_assets,0.95,2.0,0
2023-09-27,funded_assets,0.95,2.0,0
2023-09-28,funded_assets,0.95,2.0,0
2023-09-29,funded_assets,0.95,2.0,0
2023-10-02,funded_assets,0.95,2.0,0
2023-10-03,funded_assets,0.95,2.0,0
2023-10-04,funded_assets,0.95,2.0,0
2023-10-05,funded_assets,0.95,1.6,0
2023-10-06,funded_assets,0.95,1.6,0
2023-10-09,funded_assets,0.95,1.6,0
2023-10-10,funded_assets,0.95,1.6,0
2023-10-11,funded_assets,0.95,1.6,0
2023-10-12,funded_assets,0.95,1.6,0
2023-10-13,funded_assets,0.95,1.6,0
2023-10-16,funded_assets,0.95,1.6,0
2023-10-17,funded_assets,0.95,1.6,0
2023-10-18,funded_assets,0.95,1.6,0
2023-10-19,funded_assets,0.95,1.6,0
2023-10-20,funded_assets,0.95,1.6,0
2023-10-23,funded_assets,0.95,1.6,0
2023-10-24,funded_assets,0.95,1.6,0
2023-10-25,funded_assets,0.95,1.6,0
2023-10-26,funded_assets,0.95,2.0,1
2023-10-27,funded_assets,0.95,2.0,0
2023-10-30,funded_assets,0.95,2.0,0
2023-10-31,funded_assets,0.95,2.0,1
2023-11-01,funded_assets,0.95,2.0,0
2023-11-02,funded_assets,0.95,2.0,0
2023-11-03,funded_assets,0.95,2.0,0
2023-11-06,funded_assets,0.95,2.0,0
2023-11-07,funded_assets,0.95,2.0,0
2023-11-08,funded_assets,0.95,2.0,0
2023-11-09,funded_assets,0.95,2.0,0
2023-11-10,funded_assets,0.95,2.0,0
2023-11-13,funded_assets,0.95,2.0,0
2023-11-14,funded_assets,0.95,2.0,0
2023-11-15,funded_assets,0.95,2.0,0
2023-11-16,funded_assets,0.95,2.0,0
2023-11-17,funded_assets,0.95,2.0,0
2023-11-20,funded_assets,0.95,2.0,0
2023-11-21,funded_assets,0.95,2.0,0
2023-11-22,funded_assets,0.95,2.0,0
2023-11-23,funded_assets,0.95,2.0,0
2023-11-24,funded_assets,0.95,2.0,0
2023-11-27,funded_assets,0.95,2.0,0
2023-11-28,funded_assets,0.95,2.0,0
2023-11-29,funded_assets,0.95,2.0,0
2023-11-30,funded_assets,0.95,2.0,0
2023-12-01,funded_assets,0.95,2.0,0
2023-12-04,funded_assets,0.95,2.0,0
2023-12-05,funded_assets,0.95,2.0,0
2023-12-06,funded_assets,0.95,2.0,0
2023-12-07,funded_assets,0.95,2.0,0
2023-12-08,funded_assets,0.95,2.0,0
2023-12-11,funded_assets,0.95,2.0,0
2023-12-12,funded_assets,0.95,2.0,0
2023-12-13,funded_assets,0.95,2.0,0
2023-12-14,funded_assets,0.95,2.0,0
2023-12-15,funded_assets,0.95,2.0,0
2023-12-18,funded_assets,0.95,2.0,0
2023-12-19,funded_assets,0.95,2.0,0
2023-12-20,funded_assets,0.95,2.0,0
2023-12-21,funded_assets,0.95,2.0,0
2023-12-22,funded_assets,0.95,2.0,0
2023-12-27,funded_assets,0.95,2.0,0
2023-12-28,funded_assets,0.95,2.0,0
2023-12-29,funded_assets,0.95,2.0,0
2024-01-02,funded_assets,0.95,2.0,0
2024-01-03,funded_assets,0.95,2.0,0
2024-01-04,funded_assets,0.95,2.0,0
2024-01-05,funded_assets,0.95,2.0,0
2024-01-08,funded_assets,0.95,2.0,0
2024-01-09,funded_assets,0.95,2.0,0
2024-01-10,funded_assets,0.95,2.0,0
2024-01-11,funded_assets,0.95,2.0,0
2024-01-12,funded_assets,0.95,2.0,0
2024-01-15,funded_assets,0.95,2.0,0
2024-01-16,funded_assets,0.95,2.0,0
2024-01-17,funded_assets,0.95,2.0,0
2024-01-18,funded_assets,0.95,2.0,0
2024-01-19,funded_assets,0.95,2.0,0
2024-01-22,funded_assets,0.95,2.0,0
2024-01-23,funded_assets,0.95,2.0,0
2024-01-24,funded_assets,0.95,2.0,0
2024-01-25,funded_assets,0.95,2.0,0
2024-01-26,funded_assets,0.95,2.0,0
2024-01-29,funded_assets,0.95,2.0,0
2024-01-30,funded_assets,0.95,2.0,0
2024-01-31,funded_assets,0.95,2.0,0
2024-02-01,funded_assets,0.95,2.0,0
2024-02-02,funded_assets,0.95,2.0,0
2024-02-05,funded_assets,0.95,2.0,0
2024-02-06,funded_assets,0.95,2.0,0
2024-02-07,funded_assets,0.95,2.0,0
2024-02-08,funded_assets,0.95,2.0,0
2024-02-09,funded_assets,0.95,2.0,0
2024-02-12,funded_assets,0.95,2.0,0
2024-02-13,funded_assets,0.95,2.0,0
2024-02-14,funded_assets,0.95,2.0,0
2024-02-15,funded_assets,0.95,2.0,0
2024-02-16,funded_assets,0.95,2.0,0
2024-02-19,funded_assets,0.95,2.0,0
2024-02-20,funded_assets,0.95,2.0,0
2024-02-21,funded_assets,0.95,2.0,0
2024-02-22,funded_assets,0.95,2.0,0
2024-02-23,funded_assets,0.95,2.0,0
2024-02-26,funded_assets,0.95,2.0,0
2024-02-27,funded_assets,0.95,2.0,0
2024-02-28,funded_assets,0.95,2.0,0
2024-02-29,funded_assets,0.95,2.0,0
2024-03-01,funded_assets,0.95,2.0,0
2024-03-04,funded_assets,0.95,2.0,0
2024-03-05,funded_assets,0.95,2.0,0
2024-03-06,funded_assets,0.95,1.6,0
2024-03-07,funded_assets,0.95,1.6,0
2024-03-08,funded_assets,0.95,1.6,0
2024-03-11,funded_assets,0.95,1.6,0
2024-03-12,funded_assets,0.95,1.6,0
2024-03-13,funded_assets,0.95,1.6,0
2024-03-14,funded_assets,0.95,1.6,0
2024-03-15,funded_assets,0.95,1.6,0
2024-03-18,funded_assets,0.95,1.6,0
2024-03-19,funded_assets,0.95,2.0,1
2024-03-20,funded_assets,0.95,2.0,0
2024-03-21,funded_assets,0.95,2.0,0
2024-03-22,funded_assets,0.95,2.0,0
2024-03-25,funded_assets,0.95,2.0,0
2024-03-26,funded_assets,0.95,2.0,0
2024-03-27,funded_assets,0.95,2.0,0
2024-03-28,funded_assets,0.95,2.0,0
2024-04-02,funded_assets,0.95,2.4,1
2024-04-03,funded_assets,0.95,2.4,0
2024-04-04,funded_assets,0.95,2.4,0
2024-04-05,funded_assets,0.95,2.4,0
2024-04-08,funded_assets,0.95,2.4,0
2024-04-09,funded_assets,0.95,2.4,0
2024-04-10,funded_assets,0.95,2.4,0
2024-04-11,funded_assets,0.95,2.4,0
2024-04-12,funded_assets,0.95,2.4,0
2024-04-15,funded_assets,0.95,2.4,0
2024-04-16,funded_assets,0.95,2.4,0
2024-04-17,funded_assets,0.95,2.4,0
2024-04-18,funded_assets,0.95,2.4,0
2024-04-19,funded_assets,0.95,2.4,0
2024-04-22,funded_assets,0.95,2.4,0
2024-04-23,funded_assets,0.95,2.4,0
2024-04-24,funded_assets,0.95,2.4,0
2024-04-25,funded_assets,0.95,2.4,0
2024-04-26,funded_assets,0.95,2.4,0
2024-04-29,funded_assets,0.95,2.4,0
2024-04-30,funded_assets,0.95,2.4,0
2024-05-02,funded_assets,0.95,2.4,0
2024-05-03,funded_assets,0.95,2.4,0
2024-05-06,funded_assets,0.95,2.4,0
2024-05-07,funded_assets,0.95,2.4,0
2024-05-08,funded_assets,0.95,2.4,0
2024-05-09,funded_assets,0.95,2.4,0
2024-05-10,funded_assets,0.95,2.4,0
2024-05-13,funded_assets,0.95,2.4,0
2024-05-14,funded_assets,0.95,2.4,0
2024-05-15,funded_assets,0.95,2.4,0
2024-05-16,funded_assets,0.95,2.4,0
2024-05-17,funded_assets,0.95,2.4,0
2024-05-20,funded_assets,0.95,2.4,0
2024-05-21,funded_assets,0.95,2.4,0
2024-05-22,funded_assets,0.95,2.4,0
2024-05-23,funded_assets,0.95,2.4,0
2024-05-24,funded_assets,0.95,2.4,0
2024-05-27,funded_assets,0.95,2.4,0
2024-05-28,funded_assets,0.95,2.4,0
2024-05-29,funded_assets,0.95,2.4,0
2024-05-30,funded_assets,0.95,2.4,0
2024-05-31,funded_assets,0.95,2.4,0
2024-06-03,funded_assets,0.95,2.4,0
2024-06-04,funded_assets,0.95,2.4,0
2024-06-05,funded_assets,0.95,2.4,0
2024-06-06,funded_assets,0.95,2.0,0
2024-06-07,funded_assets,0.95,2.0,0
2024-06-10,funded_assets,0.95,2.0,0
2024-06-11,funded_assets,0.95,2.0,0
2024-06-12,funded_assets,0.95,2.0,0
2024-06-13,funded_assets,0.95,2.4,1
2024-06-14,funded_assets,0.95,2.4,0
2024-06-17,funded_assets,0.95,2.4,0
2024-06-18,funded_assets,0.95,2.4,0
2024-06-19,funded_assets,0.95,2.4,0
2024-06-20,funded_assets,0.95,2.4,0
2024-06-21,funded_assets,0.95,2.4,0
2024-06-24,funded_assets,0.95,2.4,0
2024-06-25,funded_assets,0.95,2.4,0
2024-06-26,funded_assets,0.95,2.4,0
2024-06-27,funded_assets,0.95,2.8000000000000003,1
2024-06-28,funded_assets,0.95,2.8000000000000003,0
2024-07-01,funded_assets,0.95,2.8000000000000003,0
2024-07-02,funded_assets,0.95,2.8000000000000003,0
2024-07-03,funded_assets,0.95,2.8000000000000003,0
2024-07-04,funded_assets,0.95,2.8000000000000003,0
2024-07-05,funded_assets,0.95,2.8000000000000003,0
2024-07-08,funded_assets,0.95,2.8000000000000003,0
2024-07-09,funded_assets,0.95,2.8000000000000003,0
2024-07-10,funded_assets,0.95,2.8000000000000003,0
2024-07-11,funded_assets,0.95,2.8000000000000003,0
2024-07-12,funded_assets,0.95,2.8000000000000003,0
2024-07-15,funded_assets,0.95,2.8000000000000003,0
2024-07-16,funded_assets,0.95,2.8000000000000003,0
2024-07-17,funded_assets,0.95,2.8000000000000003,0
2024-07-18,funded_assets,0.95,2.8000000000000003,0
2024-07-19,funded_assets,0.95,2.4,0
2024-07-22,funded_assets,0.95,2.4,0
2024-07-23,funded_assets,0.95,2.4,0
2024-07-24,funded_assets,0.95,2.8000000000000003,1
2024-07-25,funded_assets,0.95,2.8000000000000003,0
2024-07-26,funded_assets,0.95,2.8000000000000003,0
2024-07-29,funded_assets,0.95,2.8000000000000003,0
2024-07-30,funded_assets,0.95,2.8000000000000003,0
2024-07-31,funded_assets,0.95,2.8000000000000003,0
2024-08-01,funded_assets,0.95,2.8000000000000003,0
2024-08-02,funded_assets,0.95,2.8000000000000003,0
2024-08-05,funded_assets,0.95,2.8000000000000003,0
2024-08-06,funded_assets,0.95,2.8000000000000003,0
2024-08-07,funded_assets,0.95,2.8000000000000003,0
2024-08-08,funded_assets,0.95,2.8000000000000003,0
2024-08-09,funded_assets,0.95,2.8000000000000003,0
2024-08-12,funded_assets,0.95,2.8000000000000003,0
2024-08-13,funded_assets,0.95,2.8000000000000003,0
2024-08-14,funded_assets,0.95,2.8000000000000003,0
2024-08-15,funded_assets,0.95,2.8000000000000003,0
2024-08-16,funded_assets,0.95,2.8000000000000003,0
2024-08-19,funded_assets,0.95,2.8000000000000003,0
2024-08-20,funded_assets,0.95,2.8000000000000003,0
2024-08-21,funded_assets,0.95,2.8000000000000003,0
2024-08-22,funded_assets,0.95,2.8000000000000003,0
2024-08-23,funded_assets,0.95,2.8000000000000003,0
2024-08-26,funded_assets,0.95,2.8000000000000003,0
2024-08-27,funded_assets,0.95,2.8000000000000003,0
2024-08-28,funded_assets,0.95,2.8000000000000003,0
2024-08-29,funded_assets,0.95,2.8000000000000003,0
2024-08-30,funded_assets,0.95,2.8000000000000003,0
2024-09-02,funded_assets,0.95,2.8000000000000003,0
2024-09-03,funded_assets,0.95,2.8000000000000003,0
2024-09-04,funded_assets,0.95,2.8000000000000003,0
2024-09-05,funded_assets,0.95,2.8000000000000003,0
2024-09-06,funded_assets,0.95,2.8000000000000003,0
2024-09-09,funded_assets,0.95,2.8000000000000003,0
2024-09-10,funded_assets,0.95,2.8000000000000003,0
2024-09-11,funded_assets,0.95,2.8000000000000003,0
2024-09-12,funded_assets,0.95,2.8000000000000003,0
2024-09-13,funded_assets,0.95,2.8000000000000003,0
2024-09-16,funded_assets,0.95,2.8000000000000003,0
2024-09-17,funded_assets,0.95,2.8000000000000003,0
2024-09-18,funded_assets,0.95,2.8000000000000003,0
2024-09-19,funded_assets,0.95,2.8000000000000003,0
2024-09-20,funded_assets,0.95,2.8000000000000003,0
2024-09-23,funded_assets,0.95,3.2,1
2024-09-24,funded_assets,0.95,3.2,0
2024-09-25,funded_assets,0.95,3.2,0
2024-09-26,funded_assets,0.95,3.2,0
2024-09-27,funded_assets,0.95,3.2,0
2024-09-30,funded_assets,0.95,3.2,0
2024-10-01,funded_assets,0.95,3.2,0
2024-10-02,funded_assets,0.95,3.2,0
2024-10-03,funded_assets,0.95,3.2,0
2024-10-04,funded_assets,0.95,3.2,0
2024-10-07,funded_assets,0.95,3.2,0
2024-10-08,funded_assets,0.95,3.2,0
2024-10-09,funded_assets,0.95,3.2,0
2024-10-10,funded_assets,0.95,3.2,0
2024-10-11,funded_assets,0.95,3.2,0
2024-10-14,funded_assets,0.95,3.2,0
2024-10-15,funded_assets,0.95,3.2,0
2024-10-16,funded_assets,0.95,3.2,0
2024-10-17,funded_assets,0.95,3.2,0
2024-10-18,funded_assets,0.95,2.8000000000000003,0
2024-10-21,funded_assets,0.95,2.8000000000000003,0
2024-10-22,funded_assets,0.95,2.8000000000000003,0
2024-10-23,funded_assets,0.95,2.4,0
2024-10-24,funded_assets,0.95,2.4,0
2024-10-25,funded_assets,0.95,2.4,0
2024-10-28,funded_assets,0.95,2.4,0
2024-10-29,funded_assets,0.95,2.4,0
2024-10-30,funded_assets,0.95,2.4,0
2024-10-31,funded_assets,0.95,2.4,0
2024-11-01,funded_assets,0.95,2.4,0
2024-11-04,funded_assets,0.95,2.4,0
2024-11-05,funded_assets,0.95,2.8000000000000003,1
2024-11-06,funded_assets,0.95,2.8000000000000003,0
2024-11-07,funded_assets,0.95,2.8000000000000003,0
2024-11-08,funded_assets,0.95,2.8000000000000003,0
2024-11-11,funded_assets,0.95,2.8000000000000003,0
2024-11-12,funded_assets,0.95,2.8000000000000003,0
2024-11-13,funded_assets,0.95,2.8000000000000003,0
2024-11-14,funded_assets,0.95,2.8000000000000003,0
2024-11-15,funded_assets,0.95,2.8000000000000003,0
2024-11-18,funded_assets,0.95,2.8000000000000003,0
2024-11-19,funded_assets,0.95,2.8000000000000003,0
2024-11-20,funded_assets,0.95,2.8000000000000003,0
2024-11-21,funded_assets,0.95,3.2,1
2024-11-22,funded_assets,0.95,3.2,0
2024-11-25,funded_assets,0.95,3.2,0
2024-11-26,funded_assets,0.95,3.2,0
2024-11-27,funded_assets,0.95,3.2,0
2024-11-28,funded_assets,0.95,3.2,0
2024-11-29,funded_assets,0.95,3.2,0
2024-12-02,funded_assets,0.95,3.2,0
2024-12-03,funded_assets,0.95,3.2,0
2024-12-04,funded_assets,0.95,3.2,0
2024-12-05,funded_assets,0.95,3.2,0
2024-12-06,funded_assets,0.95,3.2,0
2024-12-09,funded_assets,0.95,3.2,0
2024-12-10,funded_assets,0.95,3.2,0
2024-12-11,funded_assets,0.95,3.5999999999999996,1
2024-12-12,funded_assets,0.95,3.5999999999999996,0
2024-12-13,funded_assets,0.95,3.5999999999999996,0
2024-12-16,funded_assets,0.95,3.5999999999999996,0
2024-12-17,funded_assets,0.95,3.5999999999999996,0
2024-12-18,funded_assets,0.95,3.5999999999999996,0
2024-12-19,funded_assets,0.95,3.5999999999999996,0
2024-12-20,funded_assets,0.95,3.5999999999999996,0
2024-12-23,funded_assets,0.95,4.0,1
2024-12-24,funded_assets,0.95,4.0,0
2024-12-27,funded_assets,0.95,4.0,0
2024-12-30,funded_assets,0.95,4.0,0
2024-12-31,funded_assets,0.95,4.0,0
2025-01-02,funded_assets,0.95,4.3999999999999995,1
2025-01-03,funded_assets,0.95,4.3999999999999995,0
2025-01-06,funded_assets,0.95,4.3999999999999995,0
2025-01-07,funded_assets,0.95,4.3999999999999995,0
2025-01-08,funded_assets,0.95,4.3999999999999995,0
2025-01-09,funded_assets,0.95,4.3999999999999995,0
2025-01-10,funded_assets,0.95,4.8,1
2025-01-13,funded_assets,0.95,4.8,0
2025-01-14,funded_assets,0.95,4.8,0
2025-01-15,funded_assets,0.95,4.8,0
2025-01-16,funded_assets,0.95,4.8,0
2025-01-17,funded_assets,0.95,4.8,0
2025-01-20,funded_assets,0.95,4.8,0
2025-01-21,funded_assets,0.95,4.8,0
2025-01-22,funded_assets,0.95,4.8,0
2025-01-23,funded_assets,0.95,4.8,0
2025-01-24,funded_assets,0.95,4.8,0
2025-01-27,funded_assets,0.95,4.8,0
2025-01-28,funded_assets,0.95,4.8,0
2025-01-29,funded_assets,0.95,4.8,0
2025-01-30,funded_assets,0.95,4.8,0
2025-01-31,funded_assets,0.95,4.8,0
2025-02-03,funded_assets,0.95,4.8,0
2025-02-04,funded_assets,0.95,4.8,0
2025-02-05,funded_assets,0.95,4.8,0
2025-02-06,funded_assets,0.95,4.8,0
2025-02-07,funded_assets,0.95,4.8,0
2025-02-10,funded_assets,0.95,4.8,0
2025-02-11,funded_assets,0.95,4.8,0
2025-02-12,funded_assets,0.95,4.8,0
2025-02-13,funded_assets,0.95,4.8,0
2025-02-14,funded_assets,0.95,4.8,0
2025-02-17,funded_assets,0.95,4.8,0
2025-02-18,funded_assets,0.95,4.8,0
2025-02-19,funded_assets,0.95,4.8,0
2025-02-20,funded_assets,0.95,4.8,0
2025-02-21,funded_assets,0.95,4.8,0
2025-02-24,funded_assets,0.95,4.8,0
2025-02-25,funded_assets,0.95,4.8,0
2025-02-26,funded_assets,0.95,4.8,0
2025-02-27,funded_assets,0.95,4.8,0
2025-02-28,funded_assets,0.95,4.8,0
2025-03-03,funded_assets,0.95,5.2,1
2025-03-04,funded_assets,0.95,5.2,0
2025-03-05,funded_assets,0.95,5.2,0
2025-03-06,funded_assets,0.95,5.2,0
2025-03-07,funded_assets,0.95,5.6000000000000005,1
2025-03-10,funded_assets,0.95,5.6000000000000005,0
2025-03-11,funded_assets,0.95,5.6000000000000005,0
2025-03-12,funded_assets,0.95,5.2,0
2025-03-13,funded_assets,0.95,5.2,0
2025-03-14,funded_assets,0.95,5.2,0
2025-03-17,funded_assets,0.95,5.2,0
2025-03-18,funded_assets,0.95,5.2,0
2025-03-19,funded_assets,0.95,5.2,0
2025-03-20,funded_assets,0.95,5.2,0
2025-03-21,funded_assets,0.95,5.2,0
2025-03-24,funded_assets,0.95,4.8,0
2025-03-25,funded_assets,0.95,4.8,0
2025-03-26,funded_assets,0.95,4.8,0
2025-03-27,funded_assets,0.95,4.8,0
2025-03-28,funded_assets,0.95,4.8,0
2025-03-31,funded_assets,0.95,4.8,0
2025-04-01,funded_assets,0.95,5.2,1
2025-04-02,funded_assets,0.95,5.2,0
2025-04-03,funded_assets,0.95,5.2,0
2025-04-04,funded_assets,0.95,5.2,0
2025-04-07,funded_assets,0.95,5.2,0
2025-04-08,funded_assets,0.95,5.2,0
2025-04-09,funded_assets,0.95,5.6000000000000005,1
2025-04-10,funded_assets,0.95,5.6000000000000005,0
2025-04-11,funded_assets,0.95,5.6000000000000005,0
2025-04-14,funded_assets,0.95,5.6000000000000005,0
2025-04-15,funded_assets,0.95,5.6000000000000005,0
2025-04-16,funded_assets,0.95,5.6000000000000005,0
2025-04-17,funded_assets,0.95,5.6000000000000005,0
2025-04-22,funded_assets,0.95,5.6000000000000005,0
2025-04-23,funded_assets,0.95,5.6000000000000005,0
2025-04-24,funded_assets,0.95,5.6000000000000005,0
2025-04-25,funded_assets,0.95,5.6000000000000005,0
2025-04-28,funded_assets,0.95,5.6000000000000005,0
2025-04-29,funded_assets,0.95,5.6000000000000005,0
2025-04-30,funded_assets,0.95,5.6000000000000005,0
2025-05-02,funded_assets,0.95,5.6000000000000005,0
2025-05-05,funded_assets,0.95,5.6000000000000005,0
2025-05-06,funded_assets,0.95,5.6000000000000005,0
2025-05-07,funded_assets,0.95,5.6000000000000005,0
2025-05-08,funded_assets,0.95,5.6000000000000005,0
2025-05-09,funded_assets,0.95,5.6000000000000005,0
2025-05-12,funded_assets,0.95,5.6000000000000005,0
2025-05-13,funded_assets,0.95,5.6000000000000005,0
2025-05-14,funded_assets,0.95,5.6000000000000005,0
2025-05-15,funded_assets,0.95,5.6000000000000005,0
2025-05-16,funded_assets,0.95,5.6000000000000005,0
2025-05-19,funded_assets,0.95,5.6000000000000005,0
2025-05-20,funded_assets,0.95,5.6000000000000005,0
2025-05-21,funded_assets,0.95,5.6000000000000005,0
2025-05-22,funded_assets,0.95,6.0,1
2025-05-23,funded_assets,0.95,6.0,0
2025-05-26,funded_assets,0.95,6.0,0
2025-05-27,funded_assets,0.95,6.0,0
2025-05-28,funded_assets,0.95,6.0,0
2025-05-29,funded_assets,0.95,6.0,0
2025-05-30,funded_assets,0.95,6.0,0
2025-06-02,funded_assets,0.95,6.0,0
2025-06-03,funded_assets,0.95,6.0,0
2025-06-04,funded_assets,0.95,6.0,0
2025-06-05,funded_assets,0.95,6.0,0
2025-06-06,funded_assets,0.95,5.6000000000000005,0
2025-06-09,funded_assets,0.95,5.6000000000000005,0
2025-06-10,funded_assets,0.95,6.0,1
2025-06-11,funded_assets,0.95,6.0,0
2025-06-12,funded_assets,0.95,6.0,0
2025-06-13,funded_assets,0.95,6.0,0
2025-06-16,funded_assets,0.95,6.0,0
2025-06-17,funded_assets,0.95,6.0,0
2025-06-18,funded_assets,0.95,6.0,0
2025-06-19,funded_assets,0.95,6.0,0
2025-06-20,funded_assets,0.95,5.6000000000000005,0
2025-06-23,funded_assets,0.95,5.6000000000000005,0
2025-06-24,funded_assets,0.95,5.6000000000000005,0
2025-06-25,funded_assets,0.95,5.6000000000000005,0
2025-06-26,funded_assets,0.95,5.6000000000000005,0
2025-06-27,funded_assets,0.95,5.6000000000000005,0
2025-06-30,funded_assets,0.95,5.6000000000000005,0
2025-07-01,funded_assets,0.95,5.6000000000000005,0
2025-07-02,funded_assets,0.95,5.6000000000000005,0
2025-07-03,funded_assets,0.95,5.6000000000000005,0
2025-07-04,funded_assets,0.95,5.6000000000000005,0
2025-07-07,funded_assets,0.95,5.6000000000000005,0
2025-07-08,funded_assets,0.95,5.6000000000000005,0
2025-07-09,funded_assets,0.95,5.6000000000000005,0
2025-07-10,funded_assets,0.95,5.6000000000000005,0
2025-07-11,funded_assets,0.95,5.6000000000000005,0
2025-07-14,funded_assets,0.95,5.6000000000000005,0
2025-07-15,funded_assets,0.95,5.6000000000000005,0
2025-07-16,funded_assets,0.95,5.6000000000000005,0
2025-07-17,funded_assets,0.95,5.2,0
2025-07-18,funded_assets,0.95,5.2,0
2025-07-21,funded_assets,0.95,5.2,0
2025-07-22,funded_assets,0.95,5.2,0
2025-07-23,funded_assets,0.95,5.2,0
2025-07-24,funded_assets,0.95,5.2,0
2025-07-25,funded_assets,0.95,5.2,0
2025-07-28,funded_assets,0.95,5.2,0
2025-07-29,funded_assets,0.95,5.2,0
2025-07-30,funded_assets,0.95,5.2,0
2025-07-31,funded_assets,0.95,5.2,0
2025-08-01,funded_assets,0.95,5.2,0
2025-08-04,funded_assets,0.95,5.2,0
2025-08-05,funded_assets,0.95,5.2,0
2025-08-06,funded_assets,0.95,5.2,0
2025-08-07,funded_assets,0.95,5.2,0
2025-08-08,funded_assets,0.95,5.2,0
2025-08-11,funded_assets,0.95,5.2,0
2025-08-12,funded_assets,0.95,5.2,0
2025-08-13,funded_assets,0.95,5.2,0
2025-08-14,funded_assets,0.95,5.2,0
2025-08-15,funded_assets,0.95,5.2,0
2025-08-18,funded_assets,0.95,5.2,0
2025-08-19,funded_assets,0.95,5.2,0
2025-08-20,funded_assets,0.95,5.2,0
2025-08-21,funded_assets,0.95,5.2,0
2025-08-22,funded_assets,0.95,5.2,0
2025-08-25,funded_assets,0.95,5.2,0
2025-08-26,funded_assets,0.95,5.2,0
2025-08-27,funded_assets,0.95,5.2,0
2025-08-28,funded_assets,0.95,5.2,0
2025-08-29,funded_assets,0.95,5.2,0
2025-09-01,funded_assets,0.95,5.2,0
2025-09-02,funded_assets,0.95,5.2,0
2025-09-03,funded_assets,0.95,5.2,0
2025-09-04,funded_assets,0.95,5.2,0
2025-09-05,funded_assets,0.95,5.2,0
2025-09-08,funded_assets,0.95,5.2,0
2025-09-09,funded_assets,0.95,5.2,0
2025-09-10,funded_assets,0.95,5.2,0
2025-09-11,funded_assets,0.95,5.2,0
2025-09-12,funded_assets,0.95,5.2,0
2025-09-15,funded_assets,0.95,5.2,0
2025-09-16,funded_assets,0.95,4.8,0
2025-09-17,funded_assets,0.95,4.8,0
2025-09-18,funded_assets,0.95,4.8,0
2025-09-19,funded_assets,0.95,4.8,0
2025-09-22,funded_assets,0.95,4.8,0
2025-09-23,funded_assets,0.95,4.8,0
2025-09-24,funded_assets,0.95,4.8,0
2025-09-25,funded_assets,0.95,4.8,0
2025-09-26,funded_assets,0.95,4.8,0
2025-09-29,funded_assets,0.95,4.8,0
2025-09-30,funded_assets,0.95,4.8,0
2025-10-01,funded_assets,0.95,4.8,0
2025-10-02,funded_assets,0.95,4.8,0
2025-10-03,funded_assets,0.95,4.8,0
2025-10-06,funded_assets,0.95,4.8,0
2025-10-07,funded_assets,0.95,4.8,0
2025-10-08,funded_assets,0.95,4.8,0
2025-10-09,funded_assets,0.95,4.8,0
2025-10-10,funded_assets,0.95,4.8,0
2025-10-13,funded_assets,0.95,4.8,0
2025-10-14,funded_assets,0.95,4.8,0
2025-10-15,funded_assets,0.95,4.8,0
2025-10-16,funded_assets,0.95,4.8,0
2025-10-17,funded_assets,0.95,4.8,0
2025-10-20,funded_assets,0.95,4.8,0
2025-10-21,funded_assets,0.95,4.8,0
2025-10-22,funded_assets,0.95,4.8,0
2025-10-23,funded_assets,0.95,4.8,0
2025-10-24,funded_assets,0.95,4.8,0
2025-10-27,funded_assets,0.95,4.8,0
2025-10-28,funded_assets,0.95,4.8,0
2025-10-29,funded_assets,0.95,4.3999999999999995,0
2025-10-30,funded_assets,0.95,4.3999999999999995,0
2025-10-31,funded_assets,0.95,4.3999999999999995,0
2025-11-03,funded_assets,0.95,4.3999999999999995,0
2025-11-04,funded_assets,0.95,4.3999999999999995,0
2025-11-05,funded_assets,0.95,4.3999999999999995,0
2025-11-06,funded_assets,0.95,4.3999999999999995,0
2025-11-07,funded_assets,0.95,4.3999999999999995,0
2025-11-10,funded_assets,0.95,4.3999999999999995,0
2025-11-11,funded_assets,0.95,4.3999999999999995,0
2025-11-12,funded_assets,0.95,4.3999999999999995,0
2025-11-13,funded_assets,0.95,4.3999999999999995,0
2025-11-14,funded_assets,0.95,4.0,0
2025-11-17,funded_assets,0.95,4.0,0
2025-11-18,funded_assets,0.95,4.0,0
2025-11-19,funded_assets,0.95,4.0,0
2025-11-20,funded_assets,0.95,4.0,0
2025-11-21,funded_assets,0.95,4.0,0
2025-11-24,funded_assets,0.95,4.0,0
2025-11-25,funded_assets,0.95,4.0,0
2025-11-26,funded_assets,0.95,4.0,0
2025-11-27,funded_assets,0.95,4.0,0
2025-11-28,funded_assets,0.95,4.0,0
2025-12-01,funded_assets,0.95,4.0,0
2025-12-02,funded_assets,0.95,4.0,0
2025-12-03,funded_assets,0.95,4.0,0
2025-12-04,funded_assets,0.95,3.5999999999999996,0
2025-12-05,funded_assets,0.95,3.5999999999999996,0
2025-12-08,funded_assets,0.95,3.5999999999999996,0
2025-12-09,funded_assets,0.95,3.5999999999999996,0
2025-12-10,funded_assets,0.95,3.5999999999999996,0
2025-12-11,funded_assets,0.95,3.5999999999999996,0
2025-12-12,funded_assets,0.95,3.5999999999999996,0
2025-12-15,funded_assets,0.95,3.5999999999999996,0
2025-12-16,funded_assets,0.95,3.2,0
2025-12-17,funded_assets,0.95,3.2,0
2025-12-18,funded_assets,0.95,3.2,0
2025-12-19,funded_assets,0.95,3.2,0
2025-12-22,funded_assets,0.95,3.2,0
2025-12-23,funded_assets,0.95,2.8000000000000003,0
2025-12-24,funded_assets,0.95,2.8000000000000003,0
2025-12-29,funded_assets,0.95,2.8000000000000003,0
2018-01-02,funded_assets,0.99,,0
2018-01-03,funded_assets,0.99,,0
2018-01-04,funded_assets,0.99,,0
2018-01-05,funded_assets,0.99,,0
2018-01-08,funded_assets,0.99,,0
2018-01-09,funded_assets,0.99,,0
2018-01-10,funded_assets,0.99,,0
2018-01-11,funded_assets,0.99,,0
2018-01-12,funded_assets,0.99,,0
2018-01-15,funded_assets,0.99,,0
2018-01-16,funded_assets,0.99,,0
2018-01-17,funded_assets,0.99,,0
2018-01-18,funded_assets,0.99,,0
2018-01-19,funded_assets,0.99,,0
2018-01-22,funded_assets,0.99,,0
2018-01-23,funded_assets,0.99,,0
2018-01-24,funded_assets,0.99,,0
2018-01-25,funded_assets,0.99,,0
2018-01-26,funded_assets,0.99,,0
2018-01-29,funded_assets,0.99,,0
2018-01-30,funded_assets,0.99,,0
2018-01-31,funded_assets,0.99,,0
2018-02-01,funded_assets,0.99,,0
2018-02-02,funded_assets,0.99,,0
2018-02-05,funded_assets,0.99,,0
2018-02-06,funded_assets,0.99,,0
2018-02-07,funded_assets,0.99,,0
2018-02-08,funded_assets,0.99,,0
2018-02-09,funded_assets,0.99,,0
2018-02-12,funded_assets,0.99,,0
2018-02-13,funded_assets,0.99,,0
2018-02-14,funded_assets,0.99,,0
2018-02-15,funded_assets,0.99,,0
2018-02-16,funded_assets,0.99,,0
2018-02-19,funded_assets,0.99,,0
2018-02-20,funded_assets,0.99,,0
2018-02-21,funded_assets,0.99,,0
2018-02-22,funded_assets,0.99,,0
2018-02-23,funded_assets,0.99,,0
2018-02-26,funded_assets,0.99,,0
2018-02-27,funded_assets,0.99,,0
2018-02-28,funded_assets,0.99,,0
2018-03-01,funded_assets,0.99,,0
2018-03-02,funded_assets,0.99,,0
2018-03-05,funded_assets,0.99,,0
2018-03-06,funded_assets,0.99,,0
2018-03-07,funded_assets,0.99,,0
2018-03-08,funded_assets,0.99,,0
2018-03-09,funded_assets,0.99,,0
2018-03-12,funded_assets,0.99,,0
2018-03-13,funded_assets,0.99,,0
2018-03-14,funded_assets,0.99,,0
2018-03-15,funded_assets,0.99,,0
2018-03-16,funded_assets,0.99,,0
2018-03-19,funded_assets,0.99,,0
2018-03-20,funded_assets,0.99,,0
2018-03-21,funded_assets,0.99,,0
2018-03-22,funded_assets,0.99,,0
2018-03-23,funded_assets,0.99,,0
2018-03-26,funded_assets,0.99,,0
2018-03-27,funded_assets,0.99,,0
2018-03-28,funded_assets,0.99,,0
2018-03-29,funded_assets,0.99,,0
2018-04-03,funded_assets,0.99,,0
2018-04-04,funded_assets,0.99,,0
2018-04-05,funded_assets,0.99,,0
2018-04-06,funded_assets,0.99,,0
2018-04-09,funded_assets,0.99,,0
2018-04-10,funded_assets,0.99,,0
2018-04-11,funded_assets,0.99,,0
2018-04-12,funded_assets,0.99,,0
2018-04-13,funded_assets,0.99,,0
2018-04-16,funded_assets,0.99,,0
2018-04-17,funded_assets,0.99,,0
2018-04-18,funded_assets,0.99,,0
2018-04-19,funded_assets,0.99,,0
2018-04-20,funded_assets,0.99,,0
2018-04-23,funded_assets,0.99,,0
2018-04-24,funded_assets,0.99,,0
2018-04-25,funded_assets,0.99,,0
2018-04-26,funded_assets,0.99,,0
2018-04-27,funded_assets,0.99,,0
2018-04-30,funded_assets,0.99,,0
2018-05-02,funded_assets,0.99,,0
2018-05-03,funded_assets,0.99,,0
2018-05-04,funded_assets,0.99,,0
2018-05-07,funded_assets,0.99,,0
2018-05-08,funded_assets,0.99,,0
2018-05-09,funded_assets,0.99,,0
2018-05-10,funded_assets,0.99,,0
2018-05-11,funded_assets,0.99,,0
2018-05-14,funded_assets,0.99,,0
2018-05-15,funded_assets,0.99,,0
2018-05-16,funded_assets,0.99,,0
2018-05-17,funded_assets,0.99,,0
2018-05-18,funded_assets,0.99,,0
2018-05-21,funded_assets,0.99,,0
2018-05-22,funded_assets,0.99,,0
2018-05-23,funded_assets,0.99,,0
2018-05-24,funded_assets,0.99,,0
2018-05-25,funded_assets,0.99,,0
2018-05-28,funded_assets,0.99,,0
2018-05-29,funded_assets,0.99,,0
2018-05-30,funded_assets,0.99,,0
2018-05-31,funded_assets,0.99,,0
2018-06-01,funded_assets,0.99,,0
2018-06-04,funded_assets,0.99,,1
2018-06-05,funded_assets,0.99,,0
2018-06-06,funded_assets,0.99,,0
2018-06-07,funded_assets,0.99,,0
2018-06-08,funded_assets,0.99,,0
2018-06-11,funded_assets,0.99,,0
2018-06-12,funded_assets,0.99,,0
2018-06-13,funded_assets,0.99,,0
2018-06-14,funded_assets,0.99,,0
2018-06-15,funded_assets,0.99,,0
2018-06-18,funded_assets,0.99,,0
2018-06-19,funded_assets,0.99,,0
2018-06-20,funded_assets,0.99,,0
2018-06-21,funded_assets,0.99,,0
2018-06-22,funded_assets,0.99,,0
2018-06-25,funded_assets,0.99,,0
2018-06-26,funded_assets,0.99,,0
2018-06-27,funded_assets,0.99,,0
2018-06-28,funded_assets,0.99,,0
2018-06-29,funded_assets,0.99,,0
2018-07-02,funded_assets,0.99,,0
2018-07-03,funded_assets,0.99,,0
2018-07-04,funded_assets,0.99,,0
2018-07-05,funded_assets,0.99,,0
2018-07-06,funded_assets,0.99,,0
2018-07-09,funded_assets,0.99,,0
2018-07-10,funded_assets,0.99,,0
2018-07-11,funded_assets,0.99,,0
2018-07-12,funded_assets,0.99,,0
2018-07-13,funded_assets,0.99,,0
2018-07-16,funded_assets,0.99,,0
2018-07-17,funded_assets,0.99,,0
2018-07-18,funded_assets,0.99,,0
2018-07-19,funded_assets,0.99,,0
2018-07-20,funded_assets,0.99,,0
2018-07-23,funded_assets,0.99,,0
2018-07-24,funded_assets,0.99,,0
2018-07-25,funded_assets,0.99,,0
2018-07-26,funded_assets,0.99,,0
2018-07-27,funded_assets,0.99,,0
2018-07-30,funded_assets,0.99,,0
2018-07-31,funded_assets,0.99,,0
2018-08-01,funded_assets,0.99,,0
2018-08-02,funded_assets,0.99,,0
2018-08-03,funded_assets,0.99,,0
2018-08-06,funded_assets,0.99,,0
2018-08-07,funded_assets,0.99,,0
2018-08-08,funded_assets,0.99,,0
2018-08-09,funded_assets,0.99,,0
2018-08-10,funded_assets,0.99,,0
2018-08-13,funded_assets,0.99,,0
2018-08-14,funded_assets,0.99,,0
2018-08-15,funded_assets,0.99,,0
2018-08-16,funded_assets,0.99,,0
2018-08-17,funded_assets,0.99,,0
2018-08-20,funded_assets,0.99,,0
2018-08-21,funded_assets,0.99,,0
2018-08-22,funded_assets,0.99,,0
2018-08-23,funded_assets,0.99,,0
2018-08-24,funded_assets,0.99,,0
2018-08-27,funded_assets,0.99,,0
2018-08-28,funded_assets,0.99,,0
2018-08-29,funded_assets,0.99,,0
2018-08-30,funded_assets,0.99,,0
2018-08-31,funded_assets,0.99,,0
2018-09-03,funded_assets,0.99,,0
2018-09-04,funded_assets,0.99,,0
2018-09-05,funded_assets,0.99,,0
2018-09-06,funded_assets,0.99,,0
2018-09-07,funded_assets,0.99,,0
2018-09-10,funded_assets,0.99,,0
2018-09-11,funded_assets,0.99,,0
2018-09-12,funded_assets,0.99,,0
2018-09-13,funded_assets,0.99,,0
2018-09-14,funded_assets,0.99,,0
2018-09-17,funded_assets,0.99,,0
2018-09-18,funded_assets,0.99,,0
2018-09-19,funded_assets,0.99,,0
2018-09-20,funded_assets,0.99,,0
2018-09-21,funded_assets,0.99,,0
2018-09-24,funded_assets,0.99,,0
2018-09-25,funded_assets,0.99,,0
2018-09-26,funded_assets,0.99,,0
2018-09-27,funded_assets,0.99,,0
2018-09-28,funded_assets,0.99,,0
2018-10-01,funded_assets,0.99,,0
2018-10-02,funded_assets,0.99,,0
2018-10-03,funded_assets,0.99,,0
2018-10-04,funded_assets,0.99,,0
2018-10-05,funded_assets,0.99,,0
2018-10-08,funded_assets,0.99,,0
2018-10-09,funded_assets,0.99,,0
2018-10-10,funded_assets,0.99,,0
2018-10-11,funded_assets,0.99,,0
2018-10-12,funded_assets,0.99,,0
2018-10-15,funded_assets,0.99,,0
2018-10-16,funded_assets,0.99,,0
2018-10-17,funded_assets,0.99,,0
2018-10-18,funded_assets,0.99,,0
2018-10-19,funded_assets,0.99,,0
2018-10-22,funded_assets,0.99,,0
2018-10-23,funded_assets,0.99,,0
2018-10-24,funded_assets,0.99,,0
2018-10-25,funded_assets,0.99,,0
2018-10-26,funded_assets,0.99,,0
2018-10-29,funded_assets,0.99,,0
2018-10-30,funded_assets,0.99,,0
2018-10-31,funded_assets,0.99,,0
2018-11-01,funded_assets,0.99,,0
2018-11-02,funded_assets,0.99,,0
2018-11-05,funded_assets,0.99,,0
2018-11-06,funded_assets,0.99,,0
2018-11-07,funded_assets,0.99,,0
2018-11-08,funded_assets,0.99,,0
2018-11-09,funded_assets,0.99,,0
2018-11-12,funded_assets,0.99,,0
2018-11-13,funded_assets,0.99,,0
2018-11-14,funded_assets,0.99,,0
2018-11-15,funded_assets,0.99,,0
2018-11-16,funded_assets,0.99,,0
2018-11-19,funded_assets,0.99,,0
2018-11-20,funded_assets,0.99,,0
2018-11-21,funded_assets,0.99,,0
2018-11-22,funded_assets,0.99,,0
2018-11-23,funded_assets,0.99,,0
2018-11-26,funded_assets,0.99,,0
2018-11-27,funded_assets,0.99,,0
2018-11-28,funded_assets,0.99,,0
2018-11-29,funded_assets,0.99,,0
2018-11-30,funded_assets,0.99,,0
2018-12-03,funded_assets,0.99,,0
2018-12-04,funded_assets,0.99,,0
2018-12-05,funded_assets,0.99,,0
2018-12-06,funded_assets,0.99,,0
2018-12-07,funded_assets,0.99,,0
2018-12-10,funded_assets,0.99,,0
2018-12-11,funded_assets,0.99,,0
2018-12-12,funded_assets,0.99,,0
2018-12-13,funded_assets,0.99,,0
2018-12-14,funded_assets,0.99,,0
2018-12-17,funded_assets,0.99,,0
2018-12-18,funded_assets,0.99,,0
2018-12-19,funded_assets,0.99,,0
2018-12-20,funded_assets,0.99,0.4,0
2018-12-21,funded_assets,0.99,0.4,0
2018-12-24,funded_assets,0.99,0.4,0
2018-12-27,funded_assets,0.99,0.4,0
2018-12-28,funded_assets,0.99,0.4,0
2018-12-31,funded_assets,0.99,0.4,0
2019-01-02,funded_assets,0.99,0.4,0
2019-01-03,funded_assets,0.99,0.4,0
2019-01-04,funded_assets,0.99,0.4,0
2019-01-07,funded_assets,0.99,0.4,0
2019-01-08,funded_assets,0.99,0.4,0
2019-01-09,funded_assets,0.99,0.4,0
2019-01-10,funded_assets,0.99,0.4,0
2019-01-11,funded_assets,0.99,0.4,0
2019-01-14,funded_assets,0.99,0.4,0
2019-01-15,funded_assets,0.99,0.4,0
2019-01-16,funded_assets,0.99,0.4,0
2019-01-17,funded_assets,0.99,0.4,0
2019-01-18,funded_assets,0.99,0.4,0
2019-01-21,funded_assets,0.99,0.4,0
2019-01-22,funded_assets,0.99,0.4,0
2019-01-23,funded_assets,0.99,0.4,0
2019-01-24,funded_assets,0.99,0.4,0
2019-01-25,funded_assets,0.99,0.4,0
2019-01-28,funded_assets,0.99,0.4,0
2019-01-29,funded_assets,0.99,0.4,0
2019-01-30,funded_assets,0.99,0.4,0
2019-01-31,funded_assets,0.99,0.4,0
2019-02-01,funded_assets,0.99,0.4,0
2019-02-04,funded_assets,0.99,0.4,0
2019-02-05,funded_assets,0.99,0.4,0
2019-02-06,funded_assets,0.99,0.4,0
2019-02-07,funded_assets,0.99,0.4,0
2019-02-08,funded_assets,0.99,0.4,0
2019-02-11,funded_assets,0.99,0.4,0
2019-02-12,funded_assets,0.99,0.4,0
2019-02-13,funded_assets,0.99,0.4,0
2019-02-14,funded_assets,0.99,0.4,0
2019-02-15,funded_assets,0.99,0.4,0
2019-02-18,funded_assets,0.99,0.4,0
2019-02-19,funded_assets,0.99,0.4,0
2019-02-20,funded_assets,0.99,0.4,0
2019-02-21,funded_assets,0.99,0.4,0
2019-02-22,funded_assets,0.99,0.4,0
2019-02-25,funded_assets,0.99,0.4,0
2019-02-26,funded_assets,0.99,0.4,0
2019-02-27,funded_assets,0.99,0.4,0
2019-02-28,funded_assets,0.99,0.4,0
2019-03-01,funded_assets,0.99,0.4,0
2019-03-04,funded_assets,0.99,0.4,0
2019-03-05,funded_assets,0.99,0.4,0
2019-03-06,funded_assets,0.99,0.4,0
2019-03-07,funded_assets,0.99,0.4,0
2019-03-08,funded_assets,0.99,0.4,0
2019-03-11,funded_assets,0.99,0.4,0
2019-03-12,funded_assets,0.99,0.4,0
2019-03-13,funded_assets,0.99,0.4,0
2019-03-14,funded_assets,0.99,0.4,0
2019-03-15,funded_assets,0.99,0.4,0
2019-03-18,funded_assets,0.99,0.4,0
2019-03-19,funded_assets,0.99,0.4,0
2019-03-20,funded_assets,0.99,0.4,0
2019-03-21,funded_assets,0.99,0.4,0
2019-03-22,funded_assets,0.99,0.4,0
2019-03-25,funded_assets,0.99,0.4,0
2019-03-26,funded_assets,0.99,0.4,0
2019-03-27,funded_assets,0.99,0.4,0
2019-03-28,funded_assets,0.99,0.4,0
2019-03-29,funded_assets,0.99,0.4,0
2019-04-01,funded_assets,0.99,0.4,0
2019-04-02,funded_assets,0.99,0.4,0
2019-04-03,funded_assets,0.99,0.4,0
2019-04-04,funded_assets,0.99,0.4,0
2019-04-05,funded_assets,0.99,0.4,0
2019-04-08,funded_assets,0.99,0.4,0
2019-04-09,funded_assets,0.99,0.4,0
2019-04-10,funded_assets,0.99,0.4,0
2019-04-11,funded_assets,0.99,0.4,0
2019-04-12,funded_assets,0.99,0.4,0
2019-04-15,funded_assets,0.99,0.4,0
2019-04-16,funded_assets,0.99,0.4,0
2019-04-17,funded_assets,0.99,0.4,0
2019-04-18,funded_assets,0.99,0.4,0
2019-04-23,funded_assets,0.99,0.4,0
2019-04-24,funded_assets,0.99,0.4,0
2019-04-25,funded_assets,0.99,0.4,0
2019-04-26,funded_assets,0.99,0.4,0
2019-04-29,funded_assets,0.99,0.4,0
2019-04-30,funded_assets,0.99,0.4,0
2019-05-02,funded_assets,0.99,0.4,0
2019-05-03,funded_assets,0.99,0.4,0
2019-05-06,funded_assets,0.99,0.4,0
2019-05-07,funded_assets,0.99,0.4,0
2019-05-08,funded_assets,0.99,0.4,0
2019-05-09,funded_assets,0.99,0.4,0
2019-05-10,funded_assets,0.99,0.4,0
2019-05-13,funded_assets,0.99,0.4,0
2019-05-14,funded_assets,0.99,0.4,0
2019-05-15,funded_assets,0.99,0.4,0
2019-05-16,funded_assets,0.99,0.4,0
2019-05-17,funded_assets,0.99,0.4,0
2019-05-20,funded_assets,0.99,0.4,0
2019-05-21,funded_assets,0.99,0.4,0
2019-05-22,funded_assets,0.99,0.4,0
2019-05-23,funded_assets,0.99,0.4,0
2019-05-24,funded_assets,0.99,0.4,0
2019-05-27,funded_assets,0.99,0.4,0
2019-05-28,funded_assets,0.99,0.0,0
2019-05-29,funded_assets,0.99,0.0,0
2019-05-30,funded_assets,0.99,0.0,0
2019-05-31,funded_assets,0.99,0.0,0
2019-06-03,funded_assets,0.99,0.0,0
2019-06-04,funded_assets,0.99,0.0,0
2019-06-05,funded_assets,0.99,0.0,0
2019-06-06,funded_assets,0.99,0.0,0
2019-06-07,funded_assets,0.99,0.0,0
2019-06-10,funded_assets,0.99,0.0,0
2019-06-11,funded_assets,0.99,0.0,0
2019-06-12,funded_assets,0.99,0.0,0
2019-06-13,funded_assets,0.99,0.0,0
2019-06-14,funded_assets,0.99,0.0,0
2019-06-17,funded_assets,0.99,0.0,0
2019-06-18,funded_assets,0.99,0.0,0
2019-06-19,funded_assets,0.99,0.0,0
2019-06-20,funded_assets,0.99,0.0,0
2019-06-21,funded_assets,0.99,0.0,0
2019-06-24,funded_assets,0.99,0.0,0
2019-06-25,funded_assets,0.99,0.0,0
2019-06-26,funded_assets,0.99,0.0,0
2019-06-27,funded_assets,0.99,0.0,0
2019-06-28,funded_assets,0.99,0.0,0
2019-07-01,funded_assets,0.99,0.0,0
2019-07-02,funded_assets,0.99,0.0,0
2019-07-03,funded_assets,0.99,0.0,0
2019-07-04,funded_assets,0.99,0.0,0
2019-07-05,funded_assets,0.99,0.0,0
2019-07-08,funded_assets,0.99,0.0,0
2019-07-09,funded_assets,0.99,0.0,0
2019-07-10,funded_assets,0.99,0.0,0
2019-07-11,funded_assets,0.99,0.0,0
2019-07-12,funded_assets,0.99,0.0,0
2019-07-15,funded_assets,0.99,0.0,0
2019-07-16,funded_assets,0.99,0.0,0
2019-07-17,funded_assets,0.99,0.0,0
2019-07-18,funded_assets,0.99,0.0,0
2019-07-19,funded_assets,0.99,0.0,0
2019-07-22,funded_assets,0.99,0.0,0
2019-07-23,funded_assets,0.99,0.0,0
2019-07-24,funded_assets,0.99,0.4,1
2019-07-25,funded_assets,0.99,0.4,0
2019-07-26,funded_assets,0.99,0.4,0
2019-07-29,funded_assets,0.99,0.4,0
2019-07-30,funded_assets,0.99,0.4,0
2019-07-31,funded_assets,0.99,0.4,0
2019-08-01,funded_assets,0.99,0.4,0
2019-08-02,funded_assets,0.99,0.4,0
2019-08-05,funded_assets,0.99,0.4,0
2019-08-06,funded_assets,0.99,0.4,0
2019-08-07,funded_assets,0.99,0.4,0
2019-08-08,funded_assets,0.99,0.4,0
2019-08-09,funded_assets,0.99,0.4,0
2019-08-12,funded_assets,0.99,0.4,0
2019-08-13,funded_assets,0.99,0.4,0
2019-08-14,funded_assets,0.99,0.4,0
2019-08-15,funded_assets,0.99,0.4,0
2019-08-16,funded_assets,0.99,0.4,0
2019-08-19,funded_assets,0.99,0.4,0
2019-08-20,funded_assets,0.99,0.4,0
2019-08-21,funded_assets,0.99,0.4,0
2019-08-22,funded_assets,0.99,0.4,0
2019-08-23,funded_assets,0.99,0.4,0
2019-08-26,funded_assets,0.99,0.4,0
2019-08-27,funded_assets,0.99,0.4,0
2019-08-28,funded_assets,0.99,0.4,0
2019-08-29,funded_assets,0.99,0.4,0
2019-08-30,funded_assets,0.99,0.4,0
2019-09-02,funded_assets,0.99,0.4,0
2019-09-03,funded_assets,0.99,0.4,0
2019-09-04,funded_assets,0.99,0.4,0
2019-09-05,funded_assets,0.99,0.4,0
2019-09-06,funded_assets,0.99,0.4,0
2019-09-09,funded_assets,0.99,0.4,0
2019-09-10,funded_assets,0.99,0.4,0
2019-09-11,funded_assets,0.99,0.8,1
2019-09-12,funded_assets,0.99,0.8,0
2019-09-13,funded_assets,0.99,0.8,0
2019-09-16,funded_assets,0.99,0.8,0
2019-09-17,funded_assets,0.99,0.8,0
2019-09-18,funded_assets,0.99,0.8,0
2019-09-19,funded_assets,0.99,0.8,0
2019-09-20,funded_assets,0.99,0.8,0
2019-09-23,funded_assets,0.99,0.8,0
2019-09-24,funded_assets,0.99,0.8,0
2019-09-25,funded_assets,0.99,0.8,0
2019-09-26,funded_assets,0.99,0.8,0
2019-09-27,funded_assets,0.99,0.8,0
2019-09-30,funded_assets,0.99,0.8,0
2019-10-01,funded_assets,0.99,0.8,0
2019-10-02,funded_assets,0.99,0.8,0
2019-10-03,funded_assets,0.99,0.8,0
2019-10-04,funded_assets,0.99,0.8,0
2019-10-07,funded_assets,0.99,0.8,0
2019-10-08,funded_assets,0.99,0.8,0
2019-10-09,funded_assets,0.99,0.8,0
2019-10-10,funded_assets,0.99,0.8,0
2019-10-11,funded_assets,0.99,0.8,0
2019-10-14,funded_assets,0.99,0.8,0
2019-10-15,funded_assets,0.99,0.8,0
2019-10-16,funded_assets,0.99,0.8,0
2019-10-17,funded_assets,0.99,0.8,0
2019-10-18,funded_assets,0.99,0.8,0
2019-10-21,funded_assets,0.99,0.8,0
2019-10-22,funded_assets,0.99,0.8,0
2019-10-23,funded_assets,0.99,0.8,0
2019-10-24,funded_assets,0.99,0.8,0
2019-10-25,funded_assets,0.99,0.8,0
2019-10-28,funded_assets,0.99,0.8,0
2019-10-29,funded_assets,0.99,0.8,0
2019-10-30,funded_assets,0.99,0.8,0
2019-10-31,funded_assets,0.99,0.8,0
2019-11-01,funded_assets,0.99,0.8,0
2019-11-04,funded_assets,0.99,0.8,0
2019-11-05,funded_assets,0.99,0.8,0
2019-11-06,funded_assets,0.99,0.8,0
2019-11-07,funded_assets,0.99,0.8,0
2019-11-08,funded_assets,0.99,0.8,0
2019-11-11,funded_assets,0.99,0.8,0
2019-11-12,funded_assets,0.99,0.8,0
2019-11-13,funded_assets,0.99,0.8,0
2019-11-14,funded_assets,0.99,0.8,0
2019-11-15,funded_assets,0.99,0.8,0
2019-11-18,funded_assets,0.99,0.8,0
2019-11-19,funded_assets,0.99,0.8,0
2019-11-20,funded_assets,0.99,0.8,0
2019-11-21,funded_assets,0.99,0.8,0
2019-11-22,funded_assets,0.99,0.8,0
2019-11-25,funded_assets,0.99,0.8,0
2019-11-26,funded_assets,0.99,0.8,0
2019-11-27,funded_assets,0.99,0.8,0
2019-11-28,funded_assets,0.99,0.8,0
2019-11-29,funded_assets,0.99,0.8,0
2019-12-02,funded_assets,0.99,0.8,0
2019-12-03,funded_assets,0.99,0.8,0
2019-12-04,funded_assets,0.99,0.8,0
2019-12-05,funded_assets,0.99,0.8,0
2019-12-06,funded_assets,0.99,0.8,0
2019-12-09,funded_assets,0.99,0.8,0
2019-12-10,funded_assets,0.99,0.8,0
2019-12-11,funded_assets,0.99,0.8,0
2019-12-12,funded_assets,0.99,0.8,0
2019-12-13,funded_assets,0.99,0.8,0
2019-12-16,funded_assets,0.99,0.8,0
2019-12-17,funded_assets,0.99,0.8,0
2019-12-18,funded_assets,0.99,0.8,0
2019-12-19,funded_assets,0.99,0.8,0
2019-12-20,funded_assets,0.99,0.8,0
2019-12-23,funded_assets,0.99,0.8,0
2019-12-24,funded_assets,0.99,0.8,0
2019-12-27,funded_assets,0.99,0.8,0
2019-12-30,funded_assets,0.99,0.8,0
2019-12-31,funded_assets,0.99,0.8,0
2020-01-02,funded_assets,0.99,0.8,0
2020-01-03,funded_assets,0.99,0.8,0
2020-01-06,funded_assets,0.99,0.8,0
2020-01-07,funded_assets,0.99,0.8,0
2020-01-08,funded_assets,0.99,0.8,0
2020-01-09,funded_assets,0.99,0.8,0
2020-01-10,funded_assets,0.99,0.8,0
2020-01-13,funded_assets,0.99,0.8,0
2020-01-14,funded_assets,0.99,0.8,0
2020-01-15,funded_assets,0.99,0.8,0
2020-01-16,funded_assets,0.99,0.8,0
2020-01-17,funded_assets,0.99,0.8,0
2020-01-20,funded_assets,0.99,0.8,0
2020-01-21,funded_assets,0.99,0.8,0
2020-01-22,funded_assets,0.99,0.8,0
2020-01-23,funded_assets,0.99,0.8,0
2020-01-24,funded_assets,0.99,0.8,0
2020-01-27,funded_assets,0.99,0.8,0
2020-01-28,funded_assets,0.99,0.8,0
2020-01-29,funded_assets,0.99,0.8,0
2020-01-30,funded_assets,0.99,0.8,0
2020-01-31,funded_assets,0.99,0.8,0
2020-02-03,funded_assets,0.99,0.8,0
2020-02-04,funded_assets,0.99,0.8,0
2020-02-05,funded_assets,0.99,0.8,0
2020-02-06,funded_assets,0.99,0.8,0
2020-02-07,funded_assets,0.99,0.8,0
2020-02-10,funded_assets,0.99,0.8,0
2020-02-11,funded_assets,0.99,0.8,0
2020-02-12,funded_assets,0.99,0.8,0
2020-02-13,funded_assets,0.99,0.8,0
2020-02-14,funded_assets,0.99,0.8,0
2020-02-17,funded_assets,0.99,0.8,0
2020-02-18,funded_assets,0.99,0.8,0
2020-02-19,funded_assets,0.99,0.8,0
2020-02-20,funded_assets,0.99,0.8,0
2020-02-21,funded_assets,0.99,0.8,0
2020-02-24,funded_assets,0.99,0.8,0
2020-02-25,funded_assets,0.99,0.8,0
2020-02-26,funded_assets,0.99,0.8,0
2020-02-27,funded_assets,0.99,1.2,1
2020-02-28,funded_assets,0.99,1.2,0
2020-03-02,funded_assets,0.99,1.2,0
2020-03-03,funded_assets,0.99,1.2,0
2020-03-04,funded_assets,0.99,1.2,0
2020-03-05,funded_assets,0.99,1.2,0
2020-03-06,funded_assets,0.99,1.2,0
2020-03-09,funded_assets,0.99,1.2,0
2020-03-10,funded_assets,0.99,1.2,0
2020-03-11,funded_assets,0.99,1.2,0
2020-03-12,funded_assets,0.99,1.2,0
2020-03-13,funded_assets,0.99,1.2,0
2020-03-16,funded_assets,0.99,1.2,0
2020-03-17,funded_assets,0.99,1.2,0
2020-03-18,funded_assets,0.99,1.2,0
2020-03-19,funded_assets,0.99,1.6,1
2020-03-20,funded_assets,0.99,1.6,0
2020-03-23,funded_assets,0.99,1.6,0
2020-03-24,funded_assets,0.99,1.6,0
2020-03-25,funded_assets,0.99,1.6,0
2020-03-26,funded_assets,0.99,1.6,0
2020-03-27,funded_assets,0.99,1.6,0
2020-03-30,funded_assets,0.99,1.6,0
2020-03-31,funded_assets,0.99,1.6,0
2020-04-01,funded_assets,0.99,1.6,0
2020-04-02,funded_assets,0.99,1.6,0
2020-04-03,funded_assets,0.99,1.6,0
2020-04-06,funded_assets,0.99,1.6,0
2020-04-07,funded_assets,0.99,1.6,0
2020-04-08,funded_assets,0.99,1.6,0
2020-04-09,funded_assets,0.99,1.6,0
2020-04-14,funded_assets,0.99,1.6,0
2020-04-15,funded_assets,0.99,1.6,0
2020-04-16,funded_assets,0.99,1.6,0
2020-04-17,funded_assets,0.99,1.6,0
2020-04-20,funded_assets,0.99,1.6,0
2020-04-21,funded_assets,0.99,1.6,0
2020-04-22,funded_assets,0.99,1.6,0
2020-04-23,funded_assets,0.99,1.6,0
2020-04-24,funded_assets,0.99,1.6,0
2020-04-27,funded_assets,0.99,1.6,0
2020-04-28,funded_assets,0.99,1.6,0
2020-04-29,funded_assets,0.99,1.6,0
2020-04-30,funded_assets,0.99,1.6,0
2020-05-04,funded_assets,0.99,1.6,0
2020-05-05,funded_assets,0.99,1.6,0
2020-05-06,funded_assets,0.99,1.6,0
2020-05-07,funded_assets,0.99,1.6,0
2020-05-08,funded_assets,0.99,1.6,0
2020-05-11,funded_assets,0.99,1.6,0
2020-05-12,funded_assets,0.99,1.6,0
2020-05-13,funded_assets,0.99,1.6,0
2020-05-14,funded_assets,0.99,1.6,0
2020-05-15,funded_assets,0.99,2.0,1
2020-05-18,funded_assets,0.99,2.0,0
2020-05-19,funded_assets,0.99,2.0,0
2020-05-20,funded_assets,0.99,2.0,0
2020-05-21,funded_assets,0.99,2.0,0
2020-05-22,funded_assets,0.99,2.0,0
2020-05-25,funded_assets,0.99,2.0,0
2020-05-26,funded_assets,0.99,2.0,0
2020-05-27,funded_assets,0.99,2.0,0
2020-05-28,funded_assets,0.99,2.0,0
2020-05-29,funded_assets,0.99,2.0,0
2020-06-01,funded_assets,0.99,2.0,0
2020-06-02,funded_assets,0.99,2.0,0
2020-06-03,funded_assets,0.99,2.0,0
2020-06-04,funded_assets,0.99,2.0,0
2020-06-05,funded_assets,0.99,2.0,0
2020-06-08,funded_assets,0.99,2.0,0
2020-06-09,funded_assets,0.99,2.0,0
2020-06-10,funded_assets,0.99,2.0,0
2020-06-11,funded_assets,0.99,2.0,0
2020-06-12,funded_assets,0.99,2.0,0
2020-06-15,funded_assets,0.99,2.0,0
2020-06-16,funded_assets,0.99,2.0,0
2020-06-17,funded_assets,0.99,2.0,0
2020-06-18,funded_assets,0.99,2.0,0
2020-06-19,funded_assets,0.99,2.0,0
2020-06-22,funded_assets,0.99,2.0,0
2020-06-23,funded_assets,0.99,2.0,0
2020-06-24,funded_assets,0.99,2.0,0
2020-06-25,funded_assets,0.99,2.0,0
2020-06-26,funded_assets,0.99,2.0,0
2020-06-29,funded_assets,0.99,2.0,0
2020-06-30,funded_assets,0.99,2.0,0
2020-07-01,funded_assets,0.99,2.0,0
2020-07-02,funded_assets,0.99,2.0,0
2020-07-03,funded_assets,0.99,2.0,0
2020-07-06,funded_assets,0.99,2.0,0
2020-07-07,funded_assets,0.99,2.0,0
2020-07-08,funded_assets,0.99,2.0,0
2020-07-09,funded_assets,0.99,2.0,0
2020-07-10,funded_assets,0.99,2.0,0
2020-07-13,funded_assets,0.99,2.0,0
2020-07-14,funded_assets,0.99,2.0,0
2020-07-15,funded_assets,0.99,2.0,0
2020-07-16,funded_assets,0.99,1.6,0
2020-07-17,funded_assets,0.99,1.6,0
2020-07-20,funded_assets,0.99,2.0,1
2020-07-21,funded_assets,0.99,2.0,0
2020-07-22,funded_assets,0.99,2.0,0
2020-07-23,funded_assets,0.99,2.0,0
2020-07-24,funded_assets,0.99,2.0,0
2020-07-27,funded_assets,0.99,2.0,0
2020-07-28,funded_assets,0.99,2.0,0
2020-07-29,funded_assets,0.99,2.0,0
2020-07-30,funded_assets,0.99,2.0,0
2020-07-31,funded_assets,0.99,2.0,0
2020-08-03,funded_assets,0.99,2.0,0
2020-08-04,funded_assets,0.99,2.0,0
2020-08-05,funded_assets,0.99,2.0,0
2020-08-06,funded_assets,0.99,2.0,0
2020-08-07,funded_assets,0.99,2.0,0
2020-08-10,funded_assets,0.99,2.0,0
2020-08-11,funded_assets,0.99,2.0,0
2020-08-12,funded_assets,0.99,2.0,0
2020-08-13,funded_assets,0.99,2.0,0
2020-08-14,funded_assets,0.99,2.0,0
2020-08-17,funded_assets,0.99,2.0,0
2020-08-18,funded_assets,0.99,2.0,0
2020-08-19,funded_assets,0.99,2.0,0
2020-08-20,funded_assets,0.99,2.0,0
2020-08-21,funded_assets,0.99,2.0,0
2020-08-24,funded_assets,0.99,2.0,0
2020-08-25,funded_assets,0.99,2.0,0
2020-08-26,funded_assets,0.99,2.0,0
2020-08-27,funded_assets,0.99,2.0,0
2020-08-28,funded_assets,0.99,2.0,0
2020-08-31,funded_assets,0.99,2.0,0
2020-09-01,funded_assets,0.99,2.0,0
2020-09-02,funded_assets,0.99,2.0,0
2020-09-03,funded_assets,0.99,1.6,0
2020-09-04,funded_assets,0.99,1.6,0
2020-09-07,funded_assets,0.99,1.6,0
2020-09-08,funded_assets,0.99,1.6,0
2020-09-09,funded_assets,0.99,1.6,0
2020-09-10,funded_assets,0.99,1.6,0
2020-09-11,funded_assets,0.99,1.6,0
2020-09-14,funded_assets,0.99,1.6,0
2020-09-15,funded_assets,0.99,1.6,0
2020-09-16,funded_assets,0.99,1.6,0
2020-09-17,funded_assets,0.99,1.6,0
2020-09-18,funded_assets,0.99,1.6,0
2020-09-21,funded_assets,0.99,1.6,0
2020-09-22,funded_assets,0.99,1.6,0
2020-09-23,funded_assets,0.99,1.6,0
2020-09-24,funded_assets,0.99,1.6,0
2020-09-25,funded_assets,0.99,1.6,0
2020-09-28,funded_assets,0.99,1.6,0
2020-09-29,funded_assets,0.99,1.6,0
2020-09-30,funded_assets,0.99,1.6,0
2020-10-01,funded_assets,0.99,1.6,0
2020-10-02,funded_assets,0.99,1.6,0
2020-10-05,funded_assets,0.99,1.6,0
2020-10-06,funded_assets,0.99,1.6,0
2020-10-07,funded_assets,0.99,1.6,0
2020-10-08,funded_assets,0.99,1.6,0
2020-10-09,funded_assets,0.99,1.6,0
2020-10-12,funded_assets,0.99,1.6,0
2020-10-13,funded_assets,0.99,1.6,0
2020-10-14,funded_assets,0.99,1.6,0
2020-10-15,funded_assets,0.99,1.6,0
2020-10-16,funded_assets,0.99,1.6,0
2020-10-19,funded_assets,0.99,1.6,0
2020-10-20,funded_assets,0.99,1.6,0
2020-10-21,funded_assets,0.99,1.6,0
2020-10-22,funded_assets,0.99,1.6,0
2020-10-23,funded_assets,0.99,1.6,0
2020-10-26,funded_assets,0.99,1.6,0
2020-10-27,funded_assets,0.99,1.6,0
2020-10-28,funded_assets,0.99,1.6,0
2020-10-29,funded_assets,0.99,1.6,0
2020-10-30,funded_assets,0.99,1.6,0
2020-11-02,funded_assets,0.99,1.6,0
2020-11-03,funded_assets,0.99,1.6,0
2020-11-04,funded_assets,0.99,1.6,0
2020-11-05,funded_assets,0.99,1.6,0
2020-11-06,funded_assets,0.99,1.6,0
2020-11-09,funded_assets,0.99,1.6,0
2020-11-10,funded_assets,0.99,1.6,0
2020-11-11,funded_assets,0.99,1.6,0
2020-11-12,funded_assets,0.99,1.6,0
2020-11-13,funded_assets,0.99,1.6,0
2020-11-16,funded_assets,0.99,1.6,0
2020-11-17,funded_assets,0.99,1.6,0
2020-11-18,funded_assets,0.99,1.6,0
2020-11-19,funded_assets,0.99,1.6,0
2020-11-20,funded_assets,0.99,1.6,0
2020-11-23,funded_assets,0.99,1.6,0
2020-11-24,funded_assets,0.99,1.6,0
2020-11-25,funded_assets,0.99,1.6,0
2020-11-26,funded_assets,0.99,1.6,0
2020-11-27,funded_assets,0.99,1.6,0
2020-11-30,funded_assets,0.99,1.6,0
2020-12-01,funded_assets,0.99,1.6,0
2020-12-02,funded_assets,0.99,1.6,0
2020-12-03,funded_assets,0.99,1.6,0
2020-12-04,funded_assets,0.99,1.6,0
2020-12-07,funded_assets,0.99,1.6,0
2020-12-08,funded_assets,0.99,1.6,0
2020-12-09,funded_assets,0.99,1.6,0
2020-12-10,funded_assets,0.99,1.6,0
2020-12-11,funded_assets,0.99,1.6,0
2020-12-14,funded_assets,0.99,1.6,0
2020-12-15,funded_assets,0.99,1.6,0
2020-12-16,funded_assets,0.99,1.6,0
2020-12-17,funded_assets,0.99,1.6,0
2020-12-18,funded_assets,0.99,1.6,0
2020-12-21,funded_assets,0.99,1.6,0
2020-12-22,funded_assets,0.99,1.6,0
2020-12-23,funded_assets,0.99,1.6,0
2020-12-24,funded_assets,0.99,1.6,0
2020-12-28,funded_assets,0.99,1.6,0
2020-12-29,funded_assets,0.99,1.6,0
2020-12-30,funded_assets,0.99,1.6,0
2020-12-31,funded_assets,0.99,1.6,0
2021-01-04,funded_assets,0.99,1.6,0
2021-01-05,funded_assets,0.99,1.6,0
2021-01-06,funded_assets,0.99,1.6,0
2021-01-07,funded_assets,0.99,1.6,0
2021-01-08,funded_assets,0.99,1.6,0
2021-01-11,funded_assets,0.99,1.6,0
2021-01-12,funded_assets,0.99,1.6,0
2021-01-13,funded_assets,0.99,1.6,0
2021-01-14,funded_assets,0.99,1.6,0
2021-01-15,funded_assets,0.99,1.6,0
2021-01-18,funded_assets,0.99,1.6,0
2021-01-19,funded_assets,0.99,1.6,0
2021-01-20,funded_assets,0.99,1.6,0
2021-01-21,funded_assets,0.99,1.6,0
2021-01-22,funded_assets,0.99,1.6,0
2021-01-25,funded_assets,0.99,1.6,0
2021-01-26,funded_assets,0.99,1.6,0
2021-01-27,funded_assets,0.99,1.6,0
2021-01-28,funded_assets,0.99,1.6,0
2021-01-29,funded_assets,0.99,1.6,0
2021-02-01,funded_assets,0.99,1.6,0
2021-02-02,funded_assets,0.99,1.6,0
2021-02-03,funded_assets,0.99,1.6,0
2021-02-04,funded_assets,0.99,1.6,0
2021-02-05,funded_assets,0.99,1.6,0
2021-02-08,funded_assets,0.99,1.6,0
2021-02-09,funded_assets,0.99,1.6,0
2021-02-10,funded_assets,0.99,1.6,0
2021-02-11,funded_assets,0.99,1.6,0
2021-02-12,funded_assets,0.99,1.6,0
2021-02-15,funded_assets,0.99,1.6,0
2021-02-16,funded_assets,0.99,1.6,0
2021-02-17,funded_assets,0.99,1.6,0
2021-02-18,funded_assets,0.99,1.2,0
2021-02-19,funded_assets,0.99,1.2,0
2021-02-22,funded_assets,0.99,1.2,0
2021-02-23,funded_assets,0.99,1.2,0
2021-02-24,funded_assets,0.99,1.2,0
2021-02-25,funded_assets,0.99,1.2,0
2021-02-26,funded_assets,0.99,1.2,0
2021-03-01,funded_assets,0.99,1.2,0
2021-03-02,funded_assets,0.99,1.2,0
2021-03-03,funded_assets,0.99,1.2,0
2021-03-04,funded_assets,0.99,1.2,0
2021-03-05,funded_assets,0.99,1.2,0
2021-03-08,funded_assets,0.99,1.2,0
2021-03-09,funded_assets,0.99,1.2,0
2021-03-10,funded_assets,0.99,1.2,0
2021-03-11,funded_assets,0.99,0.8,0
2021-03-12,funded_assets,0.99,0.8,0
2021-03-15,funded_assets,0.99,0.8,0
2021-03-16,funded_assets,0.99,0.8,0
2021-03-17,funded_assets,0.99,0.8,0
2021-03-18,funded_assets,0.99,0.8,0
2021-03-19,funded_assets,0.99,0.8,0
2021-03-22,funded_assets,0.99,0.8,0
2021-03-23,funded_assets,0.99,0.8,0
2021-03-24,funded_assets,0.99,0.8,0
2021-03-25,funded_assets,0.99,0.8,0
2021-03-26,funded_assets,0.99,0.8,0
2021-03-29,funded_assets,0.99,0.8,0
2021-03-30,funded_assets,0.99,0.8,0
2021-03-31,funded_assets,0.99,0.8,0
2021-04-01,funded_assets,0.99,0.8,0
2021-04-06,funded_assets,0.99,0.8,0
2021-04-07,funded_assets,0.99,0.8,0
2021-04-08,funded_assets,0.99,0.8,0
2021-04-09,funded_assets,0.99,0.8,0
2021-04-12,funded_assets,0.99,0.8,0
2021-04-13,funded_assets,0.99,0.8,0
2021-04-14,funded_assets,0.99,0.8,0
2021-04-15,funded_assets,0.99,0.8,0
2021-04-16,funded_assets,0.99,0.8,0
2021-04-19,funded_assets,0.99,0.8,0
2021-04-20,funded_assets,0.99,0.8,0
2021-04-21,funded_assets,0.99,0.8,0
2021-04-22,funded_assets,0.99,0.8,0
2021-04-23,funded_assets,0.99,0.8,0
2021-04-26,funded_assets,0.99,0.8,0
2021-04-27,funded_assets,0.99,0.8,0
2021-04-28,funded_assets,0.99,0.8,0
2021-04-29,funded_assets,0.99,0.8,0
2021-04-30,funded_assets,0.99,0.8,0
2021-05-03,funded_assets,0.99,0.8,0
2021-05-04,funded_assets,0.99,0.8,0
2021-05-05,funded_assets,0.99,0.8,0
2021-05-06,funded_assets,0.99,0.4,0
2021-05-07,funded_assets,0.99,0.4,0
2021-05-10,funded_assets,0.99,0.4,0
2021-05-11,funded_assets,0.99,0.4,0
2021-05-12,funded_assets,0.99,0.4,0
2021-05-13,funded_assets,0.99,0.4,0
2021-05-14,funded_assets,0.99,0.4,0
2021-05-17,funded_assets,0.99,0.4,0
2021-05-18,funded_assets,0.99,0.4,0
2021-05-19,funded_assets,0.99,0.4,0
2021-05-20,funded_assets,0.99,0.4,0
2021-05-21,funded_assets,0.99,0.4,0
2021-05-24,funded_assets,0.99,0.4,0
2021-05-25,funded_assets,0.99,0.4,0
2021-05-26,funded_assets,0.99,0.4,0
2021-05-27,funded_assets,0.99,0.4,0
2021-05-28,funded_assets,0.99,0.4,0
2021-05-31,funded_assets,0.99,0.4,0
2021-06-01,funded_assets,0.99,0.4,0
2021-06-02,funded_assets,0.99,0.4,0
2021-06-03,funded_assets,0.99,0.4,0
2021-06-04,funded_assets,0.99,0.4,0
2021-06-07,funded_assets,0.99,0.4,0
2021-06-08,funded_assets,0.99,0.4,0
2021-06-09,funded_assets,0.99,0.4,0
2021-06-10,funded_assets,0.99,0.4,0
2021-06-11,funded_assets,0.99,0.4,0
2021-06-14,funded_assets,0.99,0.4,0
2021-06-15,funded_assets,0.99,0.4,0
2021-06-16,funded_assets,0.99,0.4,0
2021-06-17,funded_assets,0.99,0.4,0
2021-06-18,funded_assets,0.99,0.4,0
2021-06-21,funded_assets,0.99,0.4,0
2021-06-22,funded_assets,0.99,0.4,0
2021-06-23,funded_assets,0.99,0.4,0
2021-06-24,funded_assets,0.99,0.4,0
2021-06-25,funded_assets,0.99,0.4,0
2021-06-28,funded_assets,0.99,0.4,0
2021-06-29,funded_assets,0.99,0.4,0
2021-06-30,funded_assets,0.99,0.4,0
2021-07-01,funded_assets,0.99,0.4,0
2021-07-02,funded_assets,0.99,0.4,0
2021-07-05,funded_assets,0.99,0.4,0
2021-07-06,funded_assets,0.99,0.4,0
2021-07-07,funded_assets,0.99,0.4,0
2021-07-08,funded_assets,0.99,0.4,0
2021-07-09,funded_assets,0.99,0.0,0
2021-07-12,funded_assets,0.99,0.0,0
2021-07-13,funded_assets,0.99,0.0,0
2021-07-14,funded_assets,0.99,0.0,0
2021-07-15,funded_assets,0.99,0.0,0
2021-07-16,funded_assets,0.99,0.0,0
2021-07-19,funded_assets,0.99,0.0,0
2021-07-20,funded_assets,0.99,0.0,0
2021-07-21,funded_assets,0.99,0.0,0
2021-07-22,funded_assets,0.99,0.0,0
2021-07-23,funded_assets,0.99,0.0,0
2021-07-26,funded_assets,0.99,0.0,0
2021-07-27,funded_assets,0.99,0.0,0
2021-07-28,funded_assets,0.99,0.0,0
2021-07-29,funded_assets,0.99,0.0,0
2021-07-30,funded_assets,0.99,0.0,0
2021-08-02,funded_assets,0.99,0.0,0
2021-08-03,funded_assets,0.99,0.0,0
2021-08-04,funded_assets,0.99,0.0,0
2021-08-05,funded_assets,0.99,0.0,0
2021-08-06,funded_assets,0.99,0.0,0
2021-08-09,funded_assets,0.99,0.0,0
2021-08-10,funded_assets,0.99,0.0,0
2021-08-11,funded_assets,0.99,0.0,0
2021-08-12,funded_assets,0.99,0.0,0
2021-08-13,funded_assets,0.99,0.0,0
2021-08-16,funded_assets,0.99,0.0,0
2021-08-17,funded_assets,0.99,0.0,0
2021-08-18,funded_assets,0.99,0.0,0
2021-08-19,funded_assets,0.99,0.0,0
2021-08-20,funded_assets,0.99,0.0,0
2021-08-23,funded_assets,0.99,0.0,0
2021-08-24,funded_assets,0.99,0.0,0
2021-08-25,funded_assets,0.99,0.0,0
2021-08-26,funded_assets,0.99,0.0,0
2021-08-27,funded_assets,0.99,0.0,0
2021-08-30,funded_assets,0.99,0.0,0
2021-08-31,funded_assets,0.99,0.0,0
2021-09-01,funded_assets,0.99,0.0,0
2021-09-02,funded_assets,0.99,0.0,0
2021-09-03,funded_assets,0.99,0.0,0
2021-09-06,funded_assets,0.99,0.0,0
2021-09-07,funded_assets,0.99,0.0,0
2021-09-08,funded_assets,0.99,0.0,0
2021-09-09,funded_assets,0.99,0.0,0
2021-09-10,funded_assets,0.99,0.0,0
2021-09-13,funded_assets,0.99,0.0,0
2021-09-14,funded_assets,0.99,0.0,0
2021-09-15,funded_assets,0.99,0.0,0
2021-09-16,funded_assets,0.99,0.0,0
2021-09-17,funded_assets,0.99,0.0,0
2021-09-20,funded_assets,0.99,0.0,0
2021-09-21,funded_assets,0.99,0.0,0
2021-09-22,funded_assets,0.99,0.0,0
2021-09-23,funded_assets,0.99,0.0,0
2021-09-24,funded_assets,0.99,0.0,0
2021-09-27,funded_assets,0.99,0.0,0
2021-09-28,funded_assets,0.99,0.0,0
2021-09-29,funded_assets,0.99,0.0,0
2021-09-30,funded_assets,0.99,0.0,0
2021-10-01,funded_assets,0.99,0.0,0
2021-10-04,funded_assets,0.99,0.0,0
2021-10-05,funded_assets,0.99,0.0,0
2021-10-06,funded_assets,0.99,0.0,0
2021-10-07,funded_assets,0.99,0.0,0
2021-10-08,funded_assets,0.99,0.0,0
2021-10-11,funded_assets,0.99,0.0,0
2021-10-12,funded_assets,0.99,0.0,0
2021-10-13,funded_assets,0.99,0.0,0
2021-10-14,funded_assets,0.99,0.0,0
2021-10-15,funded_assets,0.99,0.0,0
2021-10-18,funded_assets,0.99,0.0,0
2021-10-19,funded_assets,0.99,0.0,0
2021-10-20,funded_assets,0.99,0.0,0
2021-10-21,funded_assets,0.99,0.0,0
2021-10-22,funded_assets,0.99,0.0,0
2021-10-25,funded_assets,0.99,0.0,0
2021-10-26,funded_assets,0.99,0.0,0
2021-10-27,funded_assets,0.99,0.0,0
2021-10-28,funded_assets,0.99,0.0,0
2021-10-29,funded_assets,0.99,0.0,0
2021-11-01,funded_assets,0.99,0.0,0
2021-11-02,funded_assets,0.99,0.0,0
2021-11-03,funded_assets,0.99,0.0,0
2021-11-04,funded_assets,0.99,0.0,0
2021-11-05,funded_assets,0.99,0.0,0
2021-11-08,funded_assets,0.99,0.0,0
2021-11-09,funded_assets,0.99,0.0,0
2021-11-10,funded_assets,0.99,0.0,0
2021-11-11,funded_assets,0.99,0.0,0
2021-11-12,funded_assets,0.99,0.0,0
2021-11-15,funded_assets,0.99,0.0,0
2021-11-16,funded_assets,0.99,0.0,0
2021-11-17,funded_assets,0.99,0.0,0
2021-11-18,funded_assets,0.99,0.0,0
2021-11-19,funded_assets,0.99,0.0,0
2021-11-22,funded_assets,0.99,0.0,0
2021-11-23,funded_assets,0.99,0.0,0
2021-11-24,funded_assets,0.99,0.0,0
2021-11-25,funded_assets,0.99,0.0,0
2021-11-26,funded_assets,0.99,0.0,0
2021-11-29,funded_assets,0.99,0.0,0
2021-11-30,funded_assets,0.99,0.0,0
2021-12-01,funded_assets,0.99,0.0,0
2021-12-02,funded_assets,0.99,0.0,0
2021-12-03,funded_assets,0.99,0.0,0
2021-12-06,funded_assets,0.99,0.0,0
2021-12-07,funded_assets,0.99,0.0,0
2021-12-08,funded_assets,0.99,0.0,0
2021-12-09,funded_assets,0.99,0.0,0
2021-12-10,funded_assets,0.99,0.0,0
2021-12-13,funded_assets,0.99,0.0,0
2021-12-14,funded_assets,0.99,0.0,0
2021-12-15,funded_assets,0.99,0.0,0
2021-12-16,funded_assets,0.99,0.0,0
2021-12-17,funded_assets,0.99,0.0,0
2021-12-20,funded_assets,0.99,0.0,0
2021-12-21,funded_assets,0.99,0.0,0
2021-12-22,funded_assets,0.99,0.0,0
2021-12-23,funded_assets,0.99,0.0,0
2021-12-24,funded_assets,0.99,0.0,0
2021-12-27,funded_assets,0.99,0.0,0
2021-12-28,funded_assets,0.99,0.0,0
2021-12-29,funded_assets,0.99,0.0,0
2021-12-30,funded_assets,0.99,0.0,0
2021-12-31,funded_assets,0.99,0.0,0
2022-01-03,funded_assets,0.99,0.0,0
2022-01-04,funded_assets,0.99,0.0,0
2022-01-05,funded_assets,0.99,0.0,0
2022-01-06,funded_assets,0.99,0.0,0
2022-01-07,funded_assets,0.99,0.0,0
2022-01-10,funded_assets,0.99,0.0,0
2022-01-11,funded_assets,0.99,0.0,0
2022-01-12,funded_assets,0.99,0.0,0
2022-01-13,funded_assets,0.99,0.0,0
2022-01-14,funded_assets,0.99,0.0,0
2022-01-17,funded_assets,0.99,0.0,0
2022-01-18,funded_assets,0.99,0.0,0
2022-01-19,funded_assets,0.99,0.0,0
2022-01-20,funded_assets,0.99,0.0,0
2022-01-21,funded_assets,0.99,0.0,0
2022-01-24,funded_assets,0.99,0.0,0
2022-01-25,funded_assets,0.99,0.0,0
2022-01-26,funded_assets,0.99,0.0,0
2022-01-27,funded_assets,0.99,0.0,0
2022-01-28,funded_assets,0.99,0.0,0
2022-01-31,funded_assets,0.99,0.0,0
2022-02-01,funded_assets,0.99,0.0,0
2022-02-02,funded_assets,0.99,0.4,1
2022-02-03,funded_assets,0.99,0.4,0
2022-02-04,funded_assets,0.99,0.4,0
2022-02-07,funded_assets,0.99,0.4,0
2022-02-08,funded_assets,0.99,0.4,0
2022-02-09,funded_assets,0.99,0.4,0
2022-02-10,funded_assets,0.99,0.4,0
2022-02-11,funded_assets,0.99,0.4,0
2022-02-14,funded_assets,0.99,0.4,0
2022-02-15,funded_assets,0.99,0.4,0
2022-02-16,funded_assets,0.99,0.4,0
2022-02-17,funded_assets,0.99,0.4,0
2022-02-18,funded_assets,0.99,0.4,0
2022-02-21,funded_assets,0.99,0.4,0
2022-02-22,funded_assets,0.99,0.4,0
2022-02-23,funded_assets,0.99,0.4,0
2022-02-24,funded_assets,0.99,0.4,0
2022-02-25,funded_assets,0.99,0.4,0
2022-02-28,funded_assets,0.99,0.4,0
2022-03-01,funded_assets,0.99,0.4,0
2022-03-02,funded_assets,0.99,0.4,0
2022-03-03,funded_assets,0.99,0.4,0
2022-03-04,funded_assets,0.99,0.4,0
2022-03-07,funded_assets,0.99,0.4,0
2022-03-08,funded_assets,0.99,0.4,0
2022-03-09,funded_assets,0.99,0.4,0
2022-03-10,funded_assets,0.99,0.4,0
2022-03-11,funded_assets,0.99,0.4,0
2022-03-14,funded_assets,0.99,0.4,0
2022-03-15,funded_assets,0.99,0.4,0
2022-03-16,funded_assets,0.99,0.4,0
2022-03-17,funded_assets,0.99,0.4,0
2022-03-18,funded_assets,0.99,0.4,0
2022-03-21,funded_assets,0.99,0.4,0
2022-03-22,funded_assets,0.99,0.4,0
2022-03-23,funded_assets,0.99,0.4,0
2022-03-24,funded_assets,0.99,0.4,0
2022-03-25,funded_assets,0.99,0.8,1
2022-03-28,funded_assets,0.99,0.8,0
2022-03-29,funded_assets,0.99,0.8,0
2022-03-30,funded_assets,0.99,0.8,0
2022-03-31,funded_assets,0.99,0.8,0
2022-04-01,funded_assets,0.99,0.8,0
2022-04-04,funded_assets,0.99,0.8,0
2022-04-05,funded_assets,0.99,0.8,0
2022-04-06,funded_assets,0.99,0.8,0
2022-04-07,funded_assets,0.99,0.8,0
2022-04-08,funded_assets,0.99,0.8,0
2022-04-11,funded_assets,0.99,0.8,0
2022-04-12,funded_assets,0.99,0.8,0
2022-04-13,funded_assets,0.99,0.8,0
2022-04-14,funded_assets,0.99,0.8,0
2022-04-19,funded_assets,0.99,0.8,0
2022-04-20,funded_assets,0.99,0.8,0
2022-04-21,funded_assets,0.99,0.8,0
2022-04-22,funded_assets,0.99,0.8,0
2022-04-25,funded_assets,0.99,0.8,0
2022-04-26,funded_assets,0.99,0.8,0
2022-04-27,funded_assets,0.99,0.8,0
2022-04-28,funded_assets,0.99,0.8,0
2022-04-29,funded_assets,0.99,0.8,0
2022-05-02,funded_assets,0.99,0.8,0
2022-05-03,funded_assets,0.99,0.8,0
2022-05-04,funded_assets,0.99,0.8,0
2022-05-05,funded_assets,0.99,0.8,0
2022-05-06,funded_assets,0.99,0.8,0
2022-05-09,funded_assets,0.99,0.8,0
2022-05-10,funded_assets,0.99,0.8,0
2022-05-11,funded_assets,0.99,0.8,0
2022-05-12,funded_assets,0.99,0.8,0
2022-05-13,funded_assets,0.99,0.8,0
2022-05-16,funded_assets,0.99,0.8,0
2022-05-17,funded_assets,0.99,0.8,0
2022-05-18,funded_assets,0.99,0.8,0
2022-05-19,funded_assets,0.99,0.8,0
2022-05-20,funded_assets,0.99,0.8,0
2022-05-23,funded_assets,0.99,0.8,0
2022-05-24,funded_assets,0.99,0.8,0
2022-05-25,funded_assets,0.99,0.8,0
2022-05-26,funded_assets,0.99,0.8,0
2022-05-27,funded_assets,0.99,0.8,0
2022-05-30,funded_assets,0.99,0.8,0
2022-05-31,funded_assets,0.99,0.8,0
2022-06-01,funded_assets,0.99,0.8,0
2022-06-02,funded_assets,0.99,0.8,0
2022-06-03,funded_assets,0.99,0.8,0
2022-06-06,funded_assets,0.99,0.8,0
2022-06-07,funded_assets,0.99,0.8,0
2022-06-08,funded_assets,0.99,0.8,0
2022-06-09,funded_assets,0.99,0.8,0
2022-06-10,funded_assets,0.99,0.8,0
2022-06-13,funded_assets,0.99,0.8,0
2022-06-14,funded_assets,0.99,0.8,0
2022-06-15,funded_assets,0.99,0.8,0
2022-06-16,funded_assets,0.99,0.8,0
2022-06-17,funded_assets,0.99,0.8,0
2022-06-20,funded_assets,0.99,0.8,0
2022-06-21,funded_assets,0.99,0.8,0
2022-06-22,funded_assets,0.99,0.8,0
2022-06-23,funded_assets,0.99,0.8,0
2022-06-24,funded_assets,0.99,0.8,0
2022-06-27,funded_assets,0.99,0.8,0
2022-06-28,funded_assets,0.99,0.8,0
2022-06-29,funded_assets,0.99,0.8,0
2022-06-30,funded_assets,0.99,0.8,0
2022-07-01,funded_assets,0.99,0.8,0
2022-07-04,funded_assets,0.99,0.8,0
2022-07-05,funded_assets,0.99,0.8,0
2022-07-06,funded_assets,0.99,0.8,0
2022-07-07,funded_assets,0.99,0.8,0
2022-07-08,funded_assets,0.99,0.8,0
2022-07-11,funded_assets,0.99,0.8,0
2022-07-12,funded_assets,0.99,0.8,0
2022-07-13,funded_assets,0.99,0.8,0
2022-07-14,funded_assets,0.99,0.8,0
2022-07-15,funded_assets,0.99,0.8,0
2022-07-18,funded_assets,0.99,0.8,0
2022-07-19,funded_assets,0.99,0.8,0
2022-07-20,funded_assets,0.99,0.8,0
2022-07-21,funded_assets,0.99,0.8,0
2022-07-22,funded_assets,0.99,0.8,0
2022-07-25,funded_assets,0.99,0.8,0
2022-07-26,funded_assets,0.99,0.8,0
2022-07-27,funded_assets,0.99,0.8,0
2022-07-28,funded_assets,0.99,0.8,0
2022-07-29,funded_assets,0.99,0.8,0
2022-08-01,funded_assets,0.99,0.8,0
2022-08-02,funded_assets,0.99,0.8,0
2022-08-03,funded_assets,0.99,0.8,0
2022-08-04,funded_assets,0.99,0.8,0
2022-08-05,funded_assets,0.99,0.8,0
2022-08-08,funded_assets,0.99,0.8,0
2022-08-09,funded_assets,0.99,0.8,0
2022-08-10,funded_assets,0.99,0.8,0
2022-08-11,funded_assets,0.99,0.8,0
2022-08-12,funded_assets,0.99,0.8,0
2022-08-15,funded_assets,0.99,0.8,0
2022-08-16,funded_assets,0.99,0.8,0
2022-08-17,funded_assets,0.99,0.8,0
2022-08-18,funded_assets,0.99,0.8,0
2022-08-19,funded_assets,0.99,0.8,0
2022-08-22,funded_assets,0.99,0.8,0
2022-08-23,funded_assets,0.99,0.8,0
2022-08-24,funded_assets,0.99,0.8,0
2022-08-25,funded_assets,0.99,0.8,0
2022-08-26,funded_assets,0.99,0.8,0
2022-08-29,funded_assets,0.99,0.8,0
2022-08-30,funded_assets,0.99,0.8,0
2022-08-31,funded_assets,0.99,0.8,0
2022-09-01,funded_assets,0.99,0.8,0
2022-09-02,funded_assets,0.99,0.8,0
2022-09-05,funded_assets,0.99,0.8,0
2022-09-06,funded_assets,0.99,0.8,0
2022-09-07,funded_assets,0.99,0.8,0
2022-09-08,funded_assets,0.99,0.8,0
2022-09-09,funded_assets,0.99,0.8,0
2022-09-12,funded_assets,0.99,0.8,0
2022-09-13,funded_assets,0.99,0.8,0
2022-09-14,funded_assets,0.99,0.8,0
2022-09-15,funded_assets,0.99,0.8,0
2022-09-16,funded_assets,0.99,0.8,0
2022-09-19,funded_assets,0.99,0.8,0
2022-09-20,funded_assets,0.99,0.8,0
2022-09-21,funded_assets,0.99,0.8,0
2022-09-22,funded_assets,0.99,0.8,0
2022-09-23,funded_assets,0.99,0.8,0
2022-09-26,funded_assets,0.99,0.8,0
2022-09-27,funded_assets,0.99,0.8,0
2022-09-28,funded_assets,0.99,0.8,0
2022-09-29,funded_assets,0.99,0.8,0
2022-09-30,funded_assets,0.99,0.8,0
2022-10-03,funded_assets,0.99,0.8,0
2022-10-04,funded_assets,0.99,0.8,0
2022-10-05,funded_assets,0.99,0.8,0
2022-10-06,funded_assets,0.99,0.8,0
2022-10-07,funded_assets,0.99,0.8,0
2022-10-10,funded_assets,0.99,0.8,0
2022-10-11,funded_assets,0.99,0.8,0
2022-10-12,funded_assets,0.99,0.8,0
2022-10-13,funded_assets,0.99,0.8,0
2022-10-14,funded_assets,0.99,0.8,0
2022-10-17,funded_assets,0.99,0.8,0
2022-10-18,funded_assets,0.99,0.8,0
2022-10-19,funded_assets,0.99,0.8,0
2022-10-20,funded_assets,0.99,0.8,0
2022-10-21,funded_assets,0.99,0.8,0
2022-10-24,funded_assets,0.99,0.8,0
2022-10-25,funded_assets,0.99,0.8,0
2022-10-26,funded_assets,0.99,0.8,0
2022-10-27,funded_assets,0.99,0.8,0
2022-10-28,funded_assets,0.99,0.8,0
2022-10-31,funded_assets,0.99,0.8,0
2022-11-01,funded_assets,0.99,0.8,0
2022-11-02,funded_assets,0.99,0.8,0
2022-11-03,funded_assets,0.99,0.8,0
2022-11-04,funded_assets,0.99,0.8,0
2022-11-07,funded_assets,0.99,0.8,0
2022-11-08,funded_assets,0.99,0.8,0
2022-11-09,funded_assets,0.99,0.8,0
2022-11-10,funded_assets,0.99,0.8,0
2022-11-11,funded_assets,0.99,0.8,0
2022-11-14,funded_assets,0.99,0.8,0
2022-11-15,funded_assets,0.99,0.8,0
2022-11-16,funded_assets,0.99,0.8,0
2022-11-17,funded_assets,0.99,0.8,0
2022-11-18,funded_assets,0.99,0.8,0
2022-11-21,funded_assets,0.99,0.8,0
2022-11-22,funded_assets,0.99,0.8,0
2022-11-23,funded_assets,0.99,0.8,0
2022-11-24,funded_assets,0.99,0.8,0
2022-11-25,funded_assets,0.99,0.8,0
2022-11-28,funded_assets,0.99,0.8,0
2022-11-29,funded_assets,0.99,0.8,0
2022-11-30,funded_assets,0.99,0.8,0
2022-12-01,funded_assets,0.99,0.8,0
2022-12-02,funded_assets,0.99,0.8,0
2022-12-05,funded_assets,0.99,0.8,0
2022-12-06,funded_assets,0.99,0.8,0
2022-12-07,funded_assets,0.99,0.8,0
2022-12-08,funded_assets,0.99,0.8,0
2022-12-09,funded_assets,0.99,0.8,0
2022-12-12,funded_assets,0.99,0.8,0
2022-12-13,funded_assets,0.99,0.8,0
2022-12-14,funded_assets,0.99,0.8,0
2022-12-15,funded_assets,0.99,0.8,0
2022-12-16,funded_assets,0.99,0.8,0
2022-12-19,funded_assets,0.99,0.8,0
2022-12-20,funded_assets,0.99,0.8,0
2022-12-21,funded_assets,0.99,0.8,0
2022-12-22,funded_assets,0.99,0.8,0
2022-12-23,funded_assets,0.99,0.8,0
2022-12-27,funded_assets,0.99,0.8,0
2022-12-28,funded_assets,0.99,0.8,0
2022-12-29,funded_assets,0.99,0.8,0
2022-12-30,funded_assets,0.99,0.8,0
2023-01-02,funded_assets,0.99,0.8,0
2023-01-03,funded_assets,0.99,0.8,0
2023-01-04,funded_assets,0.99,0.8,0
2023-01-05,funded_assets,0.99,0.8,0
2023-01-06,funded_assets,0.99,0.8,0
2023-01-09,funded_assets,0.99,0.8,0
2023-01-10,funded_assets,0.99,0.8,0
2023-01-11,funded_assets,0.99,0.8,0
2023-01-12,funded_assets,0.99,0.8,0
2023-01-13,funded_assets,0.99,0.8,0
2023-01-16,funded_assets,0.99,0.8,0
2023-01-17,funded_assets,0.99,0.8,0
2023-01-18,funded_assets,0.99,0.8,0
2023-01-19,funded_assets,0.99,0.8,0
2023-01-20,funded_assets,0.99,0.8,0
2023-01-23,funded_assets,0.99,0.4,0
2023-01-24,funded_assets,0.99,0.4,0
2023-01-25,funded_assets,0.99,0.4,0
2023-01-26,funded_assets,0.99,0.4,0
2023-01-27,funded_assets,0.99,0.4,0
2023-01-30,funded_assets,0.99,0.4,0
2023-01-31,funded_assets,0.99,0.4,0
2023-02-01,funded_assets,0.99,0.4,0
2023-02-02,funded_assets,0.99,0.4,0
2023-02-03,funded_assets,0.99,0.4,0
2023-02-06,funded_assets,0.99,0.4,0
2023-02-07,funded_assets,0.99,0.4,0
2023-02-08,funded_assets,0.99,0.4,0
2023-02-09,funded_assets,0.99,0.4,0
2023-02-10,funded_assets,0.99,0.4,0
2023-02-13,funded_assets,0.99,0.4,0
2023-02-14,funded_assets,0.99,0.4,0
2023-02-15,funded_assets,0.99,0.4,0
2023-02-16,funded_assets,0.99,0.4,0
2023-02-17,funded_assets,0.99,0.4,0
2023-02-20,funded_assets,0.99,0.4,0
2023-02-21,funded_assets,0.99,0.4,0
2023-02-22,funded_assets,0.99,0.4,0
2023-02-23,funded_assets,0.99,0.4,0
2023-02-24,funded_assets,0.99,0.4,0
2023-02-27,funded_assets,0.99,0.4,0
2023-02-28,funded_assets,0.99,0.4,0
2023-03-01,funded_assets,0.99,0.4,0
2023-03-02,funded_assets,0.99,0.4,0
2023-03-03,funded_assets,0.99,0.4,0
2023-03-06,funded_assets,0.99,0.4,0
2023-03-07,funded_assets,0.99,0.4,0
2023-03-08,funded_assets,0.99,0.4,0
2023-03-09,funded_assets,0.99,0.4,0
2023-03-10,funded_assets,0.99,0.4,0
2023-03-13,funded_assets,0.99,0.4,0
2023-03-14,funded_assets,0.99,0.4,0
2023-03-15,funded_assets,0.99,0.0,0
2023-03-16,funded_assets,0.99,0.0,0
2023-03-17,funded_assets,0.99,0.0,0
2023-03-20,funded_assets,0.99,0.0,0
2023-03-21,funded_assets,0.99,0.0,0
2023-03-22,funded_assets,0.99,0.0,0
2023-03-23,funded_assets,0.99,0.0,0
2023-03-24,funded_assets,0.99,0.0,0
2023-03-27,funded_assets,0.99,0.0,0
2023-03-28,funded_assets,0.99,0.0,0
2023-03-29,funded_assets,0.99,0.0,0
2023-03-30,funded_assets,0.99,0.0,0
2023-03-31,funded_assets,0.99,0.0,0
2023-04-03,funded_assets,0.99,0.0,0
2023-04-04,funded_assets,0.99,0.0,0
2023-04-05,funded_assets,0.99,0.0,0
2023-04-06,funded_assets,0.99,0.0,0
2023-04-11,funded_assets,0.99,0.0,0
2023-04-12,funded_assets,0.99,0.0,0
2023-04-13,funded_assets,0.99,0.0,0
2023-04-14,funded_assets,0.99,0.0,0
2023-04-17,funded_assets,0.99,0.0,0
2023-04-18,funded_assets,0.99,0.0,0
2023-04-19,funded_assets,0.99,0.0,0
2023-04-20,funded_assets,0.99,0.0,0
2023-04-21,funded_assets,0.99,0.0,0
2023-04-24,funded_assets,0.99,0.0,0
2023-04-25,funded_assets,0.99,0.0,0
2023-04-26,funded_assets,0.99,0.0,0
2023-04-27,funded_assets,0.99,0.0,0
2023-04-28,funded_assets,0.99,0.0,0
2023-05-02,funded_assets,0.99,0.0,0
2023-05-03,funded_assets,0.99,0.0,0
2023-05-04,funded_assets,0.99,0.0,0
2023-05-05,funded_assets,0.99,0.0,0
2023-05-08,funded_assets,0.99,0.0,0
2023-05-09,funded_assets,0.99,0.0,0
2023-05-10,funded_assets,0.99,0.0,0
2023-05-11,funded_assets,0.99,0.0,0
2023-05-12,funded_assets,0.99,0.0,0
2023-05-15,funded_assets,0.99,0.0,0
2023-05-16,funded_assets,0.99,0.0,0
2023-05-17,funded_assets,0.99,0.0,0
2023-05-18,funded_assets,0.99,0.0,0
2023-05-19,funded_assets,0.99,0.0,0
2023-05-22,funded_assets,0.99,0.0,0
2023-05-23,funded_assets,0.99,0.0,0
2023-05-24,funded_assets,0.99,0.0,0
2023-05-25,funded_assets,0.99,0.0,0
2023-05-26,funded_assets,0.99,0.0,0
2023-05-29,funded_assets,0.99,0.0,0
2023-05-30,funded_assets,0.99,0.0,0
2023-05-31,funded_assets,0.99,0.0,0
2023-06-01,funded_assets,0.99,0.0,0
2023-06-02,funded_assets,0.99,0.0,0
2023-06-05,funded_assets,0.99,0.0,0
2023-06-06,funded_assets,0.99,0.0,0
2023-06-07,funded_assets,0.99,0.0,0
2023-06-08,funded_assets,0.99,0.0,0
2023-06-09,funded_assets,0.99,0.0,0
2023-06-12,funded_assets,0.99,0.0,0
2023-06-13,funded_assets,0.99,0.0,0
2023-06-14,funded_assets,0.99,0.0,0
2023-06-15,funded_assets,0.99,0.0,0
2023-06-16,funded_assets,0.99,0.0,0
2023-06-19,funded_assets,0.99,0.0,0
2023-06-20,funded_assets,0.99,0.0,0
2023-06-21,funded_assets,0.99,0.0,0
2023-06-22,funded_assets,0.99,0.0,0
2023-06-23,funded_assets,0.99,0.0,0
2023-06-26,funded_assets,0.99,0.0,0
2023-06-27,funded_assets,0.99,0.0,0
2023-06-28,funded_assets,0.99,0.0,0
2023-06-29,funded_assets,0.99,0.0,0
2023-06-30,funded_assets,0.99,0.0,0
2023-07-03,funded_assets,0.99,0.0,0
2023-07-04,funded_assets,0.99,0.0,0
2023-07-05,funded_assets,0.99,0.0,0
2023-07-06,funded_assets,0.99,0.0,0
2023-07-07,funded_assets,0.99,0.0,0
2023-07-10,funded_assets,0.99,0.0,0
2023-07-11,funded_assets,0.99,0.0,0
2023-07-12,funded_assets,0.99,0.0,0
2023-07-13,funded_assets,0.99,0.0,0
2023-07-14,funded_assets,0.99,0.0,0
2023-07-17,funded_assets,0.99,0.0,0
2023-07-18,funded_assets,0.99,0.0,0
2023-07-19,funded_assets,0.99,0.0,0
2023-07-20,funded_assets,0.99,0.0,0
2023-07-21,funded_assets,0.99,0.0,0
2023-07-24,funded_assets,0.99,0.0,0
2023-07-25,funded_assets,0.99,0.0,0
2023-07-26,funded_assets,0.99,0.0,0
2023-07-27,funded_assets,0.99,0.4,1
2023-07-28,funded_assets,0.99,0.4,0
2023-07-31,funded_assets,0.99,0.4,0
2023-08-01,funded_assets,0.99,0.4,0
2023-08-02,funded_assets,0.99,0.4,0
2023-08-03,funded_assets,0.99,0.4,0
2023-08-04,funded_assets,0.99,0.4,0
2023-08-07,funded_assets,0.99,0.4,0
2023-08-08,funded_assets,0.99,0.4,0
2023-08-09,funded_assets,0.99,0.4,0
2023-08-10,funded_assets,0.99,0.4,0
2023-08-11,funded_assets,0.99,0.4,0
2023-08-14,funded_assets,0.99,0.4,0
2023-08-15,funded_assets,0.99,0.4,0
2023-08-16,funded_assets,0.99,0.4,0
2023-08-17,funded_assets,0.99,0.4,0
2023-08-18,funded_assets,0.99,0.4,0
2023-08-21,funded_assets,0.99,0.4,0
2023-08-22,funded_assets,0.99,0.4,0
2023-08-23,funded_assets,0.99,0.4,0
2023-08-24,funded_assets,0.99,0.4,0
2023-08-25,funded_assets,0.99,0.4,0
2023-08-28,funded_assets,0.99,0.4,0
2023-08-29,funded_assets,0.99,0.4,0
2023-08-30,funded_assets,0.99,0.4,0
2023-08-31,funded_assets,0.99,0.4,0
2023-09-01,funded_assets,0.99,0.4,0
2023-09-04,funded_assets,0.99,0.4,0
2023-09-05,funded_assets,0.99,0.4,0
2023-09-06,funded_assets,0.99,0.4,0
2023-09-07,funded_assets,0.99,0.4,0
2023-09-08,funded_assets,0.99,0.4,0
2023-09-11,funded_assets,0.99,0.4,0
2023-09-12,funded_assets,0.99,0.4,0
2023-09-13,funded_assets,0.99,0.4,0
2023-09-14,funded_assets,0.99,0.4,0
2023-09-15,funded_assets,0.99,0.4,0
2023-09-18,funded_assets,0.99,0.4,0
2023-09-19,funded_assets,0.99,0.4,0
2023-09-20,funded_assets,0.99,0.4,0
2023-09-21,funded_assets,0.99,0.4,0
2023-09-22,funded_assets,0.99,0.4,0
2023-09-25,funded_assets,0.99,0.4,0
2023-09-26,funded_assets,0.99,0.4,0
2023-09-27,funded_assets,0.99,0.4,0
2023-09-28,funded_assets,0.99,0.4,0
2023-09-29,funded_assets,0.99,0.4,0
2023-10-02,funded_assets,0.99,0.4,0
2023-10-03,funded_assets,0.99,0.4,0
2023-10-04,funded_assets,0.99,0.4,0
2023-10-05,funded_assets,0.99,0.4,0
2023-10-06,funded_assets,0.99,0.4,0
2023-10-09,funded_assets,0.99,0.4,0
2023-10-10,funded_assets,0.99,0.4,0
2023-10-11,funded_assets,0.99,0.4,0
2023-10-12,funded_assets,0.99,0.4,0
2023-10-13,funded_assets,0.99,0.4,0
2023-10-16,funded_assets,0.99,0.4,0
2023-10-17,funded_assets,0.99,0.4,0
2023-10-18,funded_assets,0.99,0.4,0
2023-10-19,funded_assets,0.99,0.4,0
2023-10-20,funded_assets,0.99,0.4,0
2023-10-23,funded_assets,0.99,0.4,0
2023-10-24,funded_assets,0.99,0.4,0
2023-10-25,funded_assets,0.99,0.4,0
2023-10-26,funded_assets,0.99,0.4,0
2023-10-27,funded_assets,0.99,0.4,0
2023-10-30,funded_assets,0.99,0.4,0
2023-10-31,funded_assets,0.99,0.4,0
2023-11-01,funded_assets,0.99,0.4,0
2023-11-02,funded_assets,0.99,0.4,0
2023-11-03,funded_assets,0.99,0.4,0
2023-11-06,funded_assets,0.99,0.4,0
2023-11-07,funded_assets,0.99,0.4,0
2023-11-08,funded_assets,0.99,0.4,0
2023-11-09,funded_assets,0.99,0.4,0
2023-11-10,funded_assets,0.99,0.4,0
2023-11-13,funded_assets,0.99,0.4,0
2023-11-14,funded_assets,0.99,0.4,0
2023-11-15,funded_assets,0.99,0.4,0
2023-11-16,funded_assets,0.99,0.4,0
2023-11-17,funded_assets,0.99,0.4,0
2023-11-20,funded_assets,0.99,0.4,0
2023-11-21,funded_assets,0.99,0.4,0
2023-11-22,funded_assets,0.99,0.4,0
2023-11-23,funded_assets,0.99,0.4,0
2023-11-24,funded_assets,0.99,0.4,0
2023-11-27,funded_assets,0.99,0.4,0
2023-11-28,funded_assets,0.99,0.4,0
2023-11-29,funded_assets,0.99,0.4,0
2023-11-30,funded_assets,0.99,0.4,0
2023-12-01,funded_assets,0.99,0.4,0
2023-12-04,funded_assets,0.99,0.4,0
2023-12-05,funded_assets,0.99,0.4,0
2023-12-06,funded_assets,0.99,0.4,0
2023-12-07,funded_assets,0.99,0.4,0
2023-12-08,funded_assets,0.99,0.4,0
2023-12-11,funded_assets,0.99,0.4,0
2023-12-12,funded_assets,0.99,0.4,0
2023-12-13,funded_assets,0.99,0.4,0
2023-12-14,funded_assets,0.99,0.4,0
2023-12-15,funded_assets,0.99,0.4,0
2023-12-18,funded_assets,0.99,0.4,0
2023-12-19,funded_assets,0.99,0.4,0
2023-12-20,funded_assets,0.99,0.4,0
2023-12-21,funded_assets,0.99,0.4,0
2023-12-22,funded_assets,0.99,0.4,0
2023-12-27,funded_assets,0.99,0.4,0
2023-12-28,funded_assets,0.99,0.4,0
2023-12-29,funded_assets,0.99,0.4,0
2024-01-02,funded_assets,0.99,0.4,0
2024-01-03,funded_assets,0.99,0.4,0
2024-01-04,funded_assets,0.99,0.4,0
2024-01-05,funded_assets,0.99,0.4,0
2024-01-08,funded_assets,0.99,0.4,0
2024-01-09,funded_assets,0.99,0.4,0
2024-01-10,funded_assets,0.99,0.4,0
2024-01-11,funded_assets,0.99,0.4,0
2024-01-12,funded_assets,0.99,0.4,0
2024-01-15,funded_assets,0.99,0.4,0
2024-01-16,funded_assets,0.99,0.4,0
2024-01-17,funded_assets,0.99,0.4,0
2024-01-18,funded_assets,0.99,0.4,0
2024-01-19,funded_assets,0.99,0.4,0
2024-01-22,funded_assets,0.99,0.4,0
2024-01-23,funded_assets,0.99,0.4,0
2024-01-24,funded_assets,0.99,0.4,0
2024-01-25,funded_assets,0.99,0.4,0
2024-01-26,funded_assets,0.99,0.4,0
2024-01-29,funded_assets,0.99,0.4,0
2024-01-30,funded_assets,0.99,0.4,0
2024-01-31,funded_assets,0.99,0.4,0
2024-02-01,funded_assets,0.99,0.4,0
2024-02-02,funded_assets,0.99,0.4,0
2024-02-05,funded_assets,0.99,0.4,0
2024-02-06,funded_assets,0.99,0.4,0
2024-02-07,funded_assets,0.99,0.4,0
2024-02-08,funded_assets,0.99,0.4,0
2024-02-09,funded_assets,0.99,0.4,0
2024-02-12,funded_assets,0.99,0.4,0
2024-02-13,funded_assets,0.99,0.4,0
2024-02-14,funded_assets,0.99,0.4,0
2024-02-15,funded_assets,0.99,0.4,0
2024-02-16,funded_assets,0.99,0.4,0
2024-02-19,funded_assets,0.99,0.4,0
2024-02-20,funded_assets,0.99,0.4,0
2024-02-21,funded_assets,0.99,0.4,0
2024-02-22,funded_assets,0.99,0.4,0
2024-02-23,funded_assets,0.99,0.4,0
2024-02-26,funded_assets,0.99,0.4,0
2024-02-27,funded_assets,0.99,0.4,0
2024-02-28,funded_assets,0.99,0.4,0
2024-02-29,funded_assets,0.99,0.4,0
2024-03-01,funded_assets,0.99,0.4,0
2024-03-04,funded_assets,0.99,0.4,0
2024-03-05,funded_assets,0.99,0.4,0
2024-03-06,funded_assets,0.99,0.4,0
2024-03-07,funded_assets,0.99,0.4,0
2024-03-08,funded_assets,0.99,0.4,0
2024-03-11,funded_assets,0.99,0.4,0
2024-03-12,funded_assets,0.99,0.4,0
2024-03-13,funded_assets,0.99,0.4,0
2024-03-14,funded_assets,0.99,0.4,0
2024-03-15,funded_assets,0.99,0.4,0
2024-03-18,funded_assets,0.99,0.4,0
2024-03-19,funded_assets,0.99,0.8,1
2024-03-20,funded_assets,0.99,0.8,0
2024-03-21,funded_assets,0.99,0.8,0
2024-03-22,funded_assets,0.99,0.8,0
2024-03-25,funded_assets,0.99,0.8,0
2024-03-26,funded_assets,0.99,0.8,0
2024-03-27,funded_assets,0.99,0.8,0
2024-03-28,funded_assets,0.99,0.8,0
2024-04-02,funded_assets,0.99,0.8,0
2024-04-03,funded_assets,0.99,0.8,0
2024-04-04,funded_assets,0.99,0.8,0
2024-04-05,funded_assets,0.99,0.8,0
2024-04-08,funded_assets,0.99,0.8,0
2024-04-09,funded_assets,0.99,0.8,0
2024-04-10,funded_assets,0.99,0.8,0
2024-04-11,funded_assets,0.99,0.8,0
2024-04-12,funded_assets,0.99,0.8,0
2024-04-15,funded_assets,0.99,0.8,0
2024-04-16,funded_assets,0.99,0.8,0
2024-04-17,funded_assets,0.99,0.8,0
2024-04-18,funded_assets,0.99,0.8,0
2024-04-19,funded_assets,0.99,0.8,0
2024-04-22,funded_assets,0.99,0.8,0
2024-04-23,funded_assets,0.99,0.8,0
2024-04-24,funded_assets,0.99,0.8,0
2024-04-25,funded_assets,0.99,0.8,0
2024-04-26,funded_assets,0.99,0.8,0
2024-04-29,funded_assets,0.99,0.8,0
2024-04-30,funded_assets,0.99,0.8,0
2024-05-02,funded_assets,0.99,0.8,0
2024-05-03,funded_assets,0.99,0.8,0
2024-05-06,funded_assets,0.99,0.8,0
2024-05-07,funded_assets,0.99,0.8,0
2024-05-08,funded_assets,0.99,0.8,0
2024-05-09,funded_assets,0.99,0.8,0
2024-05-10,funded_assets,0.99,0.8,0
2024-05-13,funded_assets,0.99,0.8,0
2024-05-14,funded_assets,0.99,0.8,0
2024-05-15,funded_assets,0.99,0.8,0
2024-05-16,funded_assets,0.99,0.8,0
2024-05-17,funded_assets,0.99,0.8,0
2024-05-20,funded_assets,0.99,0.8,0
2024-05-21,funded_assets,0.99,0.8,0
2024-05-22,funded_assets,0.99,0.8,0
2024-05-23,funded_assets,0.99,0.8,0
2024-05-24,funded_assets,0.99,0.8,0
2024-05-27,funded_assets,0.99,0.8,0
2024-05-28,funded_assets,0.99,0.8,0
2024-05-29,funded_assets,0.99,0.8,0
2024-05-30,funded_assets,0.99,0.8,0
2024-05-31,funded_assets,0.99,0.8,0
2024-06-03,funded_assets,0.99,0.8,0
2024-06-04,funded_assets,0.99,0.8,0
2024-06-05,funded_assets,0.99,0.8,0
2024-06-06,funded_assets,0.99,0.8,0
2024-06-07,funded_assets,0.99,0.8,0
2024-06-10,funded_assets,0.99,0.8,0
2024-06-11,funded_assets,0.99,0.8,0
2024-06-12,funded_assets,0.99,0.8,0
2024-06-13,funded_assets,0.99,0.8,0
2024-06-14,funded_assets,0.99,0.8,0
2024-06-17,funded_assets,0.99,0.8,0
2024-06-18,funded_assets,0.99,0.8,0
2024-06-19,funded_assets,0.99,0.8,0
2024-06-20,funded_assets,0.99,0.8,0
2024-06-21,funded_assets,0.99,0.8,0
2024-06-24,funded_assets,0.99,0.8,0
2024-06-25,funded_assets,0.99,0.8,0
2024-06-26,funded_assets,0.99,0.8,0
2024-06-27,funded_assets,0.99,0.8,0
2024-06-28,funded_assets,0.99,0.8,0
2024-07-01,funded_assets,0.99,0.8,0
2024-07-02,funded_assets,0.99,0.8,0
2024-07-03,funded_assets,0.99,0.8,0
2024-07-04,funded_assets,0.99,0.8,0
2024-07-05,funded_assets,0.99,0.8,0
2024-07-08,funded_assets,0.99,0.8,0
2024-07-09,funded_assets,0.99,0.8,0
2024-07-10,funded_assets,0.99,0.8,0
2024-07-11,funded_assets,0.99,0.8,0
2024-07-12,funded_assets,0.99,0.8,0
2024-07-15,funded_assets,0.99,0.8,0
2024-07-16,funded_assets,0.99,0.8,0
2024-07-17,funded_assets,0.99,0.8,0
2024-07-18,funded_assets,0.99,0.8,0
2024-07-19,funded_assets,0.99,0.4,0
2024-07-22,funded_assets,0.99,0.4,0
2024-07-23,funded_assets,0.99,0.4,0
2024-07-24,funded_assets,0.99,0.4,0
2024-07-25,funded_assets,0.99,0.4,0
2024-07-26,funded_assets,0.99,0.4,0
2024-07-29,funded_assets,0.99,0.4,0
2024-07-30,funded_assets,0.99,0.4,0
2024-07-31,funded_assets,0.99,0.4,0
2024-08-01,funded_assets,0.99,0.4,0
2024-08-02,funded_assets,0.99,0.4,0
2024-08-05,funded_assets,0.99,0.4,0
2024-08-06,funded_assets,0.99,0.4,0
2024-08-07,funded_assets,0.99,0.4,0
2024-08-08,funded_assets,0.99,0.4,0
2024-08-09,funded_assets,0.99,0.4,0
2024-08-12,funded_assets,0.99,0.4,0
2024-08-13,funded_assets,0.99,0.4,0
2024-08-14,funded_assets,0.99,0.4,0
2024-08-15,funded_assets,0.99,0.4,0
2024-08-16,funded_assets,0.99,0.4,0
2024-08-19,funded_assets,0.99,0.4,0
2024-08-20,funded_assets,0.99,0.4,0
2024-08-21,funded_assets,0.99,0.4,0
2024-08-22,funded_assets,0.99,0.4,0
2024-08-23,funded_assets,0.99,0.4,0
2024-08-26,funded_assets,0.99,0.4,0
2024-08-27,funded_assets,0.99,0.4,0
2024-08-28,funded_assets,0.99,0.4,0
2024-08-29,funded_assets,0.99,0.4,0
2024-08-30,funded_assets,0.99,0.4,0
2024-09-02,funded_assets,0.99,0.4,0
2024-09-03,funded_assets,0.99,0.4,0
2024-09-04,funded_assets,0.99,0.4,0
2024-09-05,funded_assets,0.99,0.4,0
2024-09-06,funded_assets,0.99,0.4,0
2024-09-09,funded_assets,0.99,0.4,0
2024-09-10,funded_assets,0.99,0.4,0
2024-09-11,funded_assets,0.99,0.4,0
2024-09-12,funded_assets,0.99,0.4,0
2024-09-13,funded_assets,0.99,0.4,0
2024-09-16,funded_assets,0.99,0.4,0
2024-09-17,funded_assets,0.99,0.4,0
2024-09-18,funded_assets,0.99,0.4,0
2024-09-19,funded_assets,0.99,0.4,0
2024-09-20,funded_assets,0.99,0.4,0
2024-09-23,funded_assets,0.99,0.4,0
2024-09-24,funded_assets,0.99,0.4,0
2024-09-25,funded_assets,0.99,0.4,0
2024-09-26,funded_assets,0.99,0.4,0
2024-09-27,funded_assets,0.99,0.4,0
2024-09-30,funded_assets,0.99,0.4,0
2024-10-01,funded_assets,0.99,0.4,0
2024-10-02,funded_assets,0.99,0.4,0
2024-10-03,funded_assets,0.99,0.4,0
2024-10-04,funded_assets,0.99,0.4,0
2024-10-07,funded_assets,0.99,0.4,0
2024-10-08,funded_assets,0.99,0.4,0
2024-10-09,funded_assets,0.99,0.4,0
2024-10-10,funded_assets,0.99,0.4,0
2024-10-11,funded_assets,0.99,0.4,0
2024-10-14,funded_assets,0.99,0.4,0
2024-10-15,funded_assets,0.99,0.4,0
2024-10-16,funded_assets,0.99,0.4,0
2024-10-17,funded_assets,0.99,0.4,0
2024-10-18,funded_assets,0.99,0.4,0
2024-10-21,funded_assets,0.99,0.4,0
2024-10-22,funded_assets,0.99,0.4,0
2024-10-23,funded_assets,0.99,0.4,0
2024-10-24,funded_assets,0.99,0.4,0
2024-10-25,funded_assets,0.99,0.4,0
2024-10-28,funded_assets,0.99,0.4,0
2024-10-29,funded_assets,0.99,0.4,0
2024-10-30,funded_assets,0.99,0.4,0
2024-10-31,funded_assets,0.99,0.4,0
2024-11-01,funded_assets,0.99,0.4,0
2024-11-04,funded_assets,0.99,0.4,0
2024-11-05,funded_assets,0.99,0.4,0
2024-11-06,funded_assets,0.99,0.4,0
2024-11-07,funded_assets,0.99,0.4,0
2024-11-08,funded_assets,0.99,0.4,0
2024-11-11,funded_assets,0.99,0.4,0
2024-11-12,funded_assets,0.99,0.4,0
2024-11-13,funded_assets,0.99,0.4,0
2024-11-14,funded_assets,0.99,0.4,0
2024-11-15,funded_assets,0.99,0.4,0
2024-11-18,funded_assets,0.99,0.4,0
2024-11-19,funded_assets,0.99,0.4,0
2024-11-20,funded_assets,0.99,0.4,0
2024-11-21,funded_assets,0.99,0.4,0
2024-11-22,funded_assets,0.99,0.4,0
2024-11-25,funded_assets,0.99,0.4,0
2024-11-26,funded_assets,0.99,0.4,0
2024-11-27,funded_assets,0.99,0.4,0
2024-11-28,funded_assets,0.99,0.4,0
2024-11-29,funded_assets,0.99,0.4,0
2024-12-02,funded_assets,0.99,0.4,0
2024-12-03,funded_assets,0.99,0.4,0
2024-12-04,funded_assets,0.99,0.4,0
2024-12-05,funded_assets,0.99,0.4,0
2024-12-06,funded_assets,0.99,0.4,0
2024-12-09,funded_assets,0.99,0.4,0
2024-12-10,funded_assets,0.99,0.4,0
2024-12-11,funded_assets,0.99,0.8,1
2024-12-12,funded_assets,0.99,0.8,0
2024-12-13,funded_assets,0.99,0.8,0
2024-12-16,funded_assets,0.99,0.8,0
2024-12-17,funded_assets,0.99,0.8,0
2024-12-18,funded_assets,0.99,0.8,0
2024-12-19,funded_assets,0.99,0.8,0
2024-12-20,funded_assets,0.99,0.8,0
2024-12-23,funded_assets,0.99,0.8,0
2024-12-24,funded_assets,0.99,0.8,0
2024-12-27,funded_assets,0.99,0.8,0
2024-12-30,funded_assets,0.99,0.8,0
2024-12-31,funded_assets,0.99,0.8,0
2025-01-02,funded_assets,0.99,0.8,0
2025-01-03,funded_assets,0.99,0.8,0
2025-01-06,funded_assets,0.99,0.8,0
2025-01-07,funded_assets,0.99,0.8,0
2025-01-08,funded_assets,0.99,0.8,0
2025-01-09,funded_assets,0.99,0.8,0
2025-01-10,funded_assets,0.99,0.8,0
2025-01-13,funded_assets,0.99,0.8,0
2025-01-14,funded_assets,0.99,0.8,0
2025-01-15,funded_assets,0.99,0.8,0
2025-01-16,funded_assets,0.99,0.8,0
2025-01-17,funded_assets,0.99,0.8,0
2025-01-20,funded_assets,0.99,0.8,0
2025-01-21,funded_assets,0.99,0.8,0
2025-01-22,funded_assets,0.99,0.8,0
2025-01-23,funded_assets,0.99,0.8,0
2025-01-24,funded_assets,0.99,0.8,0
2025-01-27,funded_assets,0.99,0.8,0
2025-01-28,funded_assets,0.99,0.8,0
2025-01-29,funded_assets,0.99,0.8,0
2025-01-30,funded_assets,0.99,0.8,0
2025-01-31,funded_assets,0.99,0.8,0
2025-02-03,funded_assets,0.99,0.8,0
2025-02-04,funded_assets,0.99,0.8,0
2025-02-05,funded_assets,0.99,0.8,0
2025-02-06,funded_assets,0.99,0.8,0
2025-02-07,funded_assets,0.99,0.8,0
2025-02-10,funded_assets,0.99,0.8,0
2025-02-11,funded_assets,0.99,0.8,0
2025-02-12,funded_assets,0.99,0.8,0
2025-02-13,funded_assets,0.99,0.8,0
2025-02-14,funded_assets,0.99,0.8,0
2025-02-17,funded_assets,0.99,0.8,0
2025-02-18,funded_assets,0.99,0.8,0
2025-02-19,funded_assets,0.99,0.8,0
2025-02-20,funded_assets,0.99,0.8,0
2025-02-21,funded_assets,0.99,0.8,0
2025-02-24,funded_assets,0.99,0.8,0
2025-02-25,funded_assets,0.99,0.8,0
2025-02-26,funded_assets,0.99,0.8,0
2025-02-27,funded_assets,0.99,0.8,0
2025-02-28,funded_assets,0.99,0.8,0
2025-03-03,funded_assets,0.99,1.2,1
2025-03-04,funded_assets,0.99,1.2,0
2025-03-05,funded_assets,0.99,1.2,0
2025-03-06,funded_assets,0.99,1.2,0
2025-03-07,funded_assets,0.99,1.2,0
2025-03-10,funded_assets,0.99,1.2,0
2025-03-11,funded_assets,0.99,1.2,0
2025-03-12,funded_assets,0.99,0.8,0
2025-03-13,funded_assets,0.99,0.8,0
2025-03-14,funded_assets,0.99,0.8,0
2025-03-17,funded_assets,0.99,0.8,0
2025-03-18,funded_assets,0.99,0.8,0
2025-03-19,funded_assets,0.99,0.8,0
2025-03-20,funded_assets,0.99,0.8,0
2025-03-21,funded_assets,0.99,0.8,0
2025-03-24,funded_assets,0.99,0.8,0
2025-03-25,funded_assets,0.99,0.8,0
2025-03-26,funded_assets,0.99,0.8,0
2025-03-27,funded_assets,0.99,0.8,0
2025-03-28,funded_assets,0.99,0.8,0
2025-03-31,funded_assets,0.99,0.8,0
2025-04-01,funded_assets,0.99,1.2,1
2025-04-02,funded_assets,0.99,1.2,0
2025-04-03,funded_assets,0.99,1.2,0
2025-04-04,funded_assets,0.99,1.2,0
2025-04-07,funded_assets,0.99,1.2,0
2025-04-08,funded_assets,0.99,1.2,0
2025-04-09,funded_assets,0.99,1.2,0
2025-04-10,funded_assets,0.99,1.2,0
2025-04-11,funded_assets,0.99,1.2,0
2025-04-14,funded_assets,0.99,1.2,0
2025-04-15,funded_assets,0.99,1.2,0
2025-04-16,funded_assets,0.99,1.2,0
2025-04-17,funded_assets,0.99,1.2,0
2025-04-22,funded_assets,0.99,1.2,0
2025-04-23,funded_assets,0.99,1.2,0
2025-04-24,funded_assets,0.99,1.2,0
2025-04-25,funded_assets,0.99,1.2,0
2025-04-28,funded_assets,0.99,1.2,0
2025-04-29,funded_assets,0.99,1.2,0
2025-04-30,funded_assets,0.99,1.2,0
2025-05-02,funded_assets,0.99,1.2,0
2025-05-05,funded_assets,0.99,1.2,0
2025-05-06,funded_assets,0.99,1.2,0
2025-05-07,funded_assets,0.99,1.2,0
2025-05-08,funded_assets,0.99,1.2,0
2025-05-09,funded_assets,0.99,1.2,0
2025-05-12,funded_assets,0.99,1.2,0
2025-05-13,funded_assets,0.99,1.2,0
2025-05-14,funded_assets,0.99,1.2,0
2025-05-15,funded_assets,0.99,1.2,0
2025-05-16,funded_assets,0.99,1.2,0
2025-05-19,funded_assets,0.99,1.2,0
2025-05-20,funded_assets,0.99,1.2,0
2025-05-21,funded_assets,0.99,1.2,0
2025-05-22,funded_assets,0.99,1.2,0
2025-05-23,funded_assets,0.99,1.2,0
2025-05-26,funded_assets,0.99,1.2,0
2025-05-27,funded_assets,0.99,1.2,0
2025-05-28,funded_assets,0.99,1.2,0
2025-05-29,funded_assets,0.99,1.2,0
2025-05-30,funded_assets,0.99,1.2,0
2025-06-02,funded_assets,0.99,1.2,0
2025-06-03,funded_assets,0.99,1.2,0
2025-06-04,funded_assets,0.99,1.2,0
2025-06-05,funded_assets,0.99,1.2,0
2025-06-06,funded_assets,0.99,1.2,0
2025-06-09,funded_assets,0.99,1.2,0
2025-06-10,funded_assets,0.99,1.2,0
2025-06-11,funded_assets,0.99,1.2,0
2025-06-12,funded_assets,0.99,1.2,0
2025-06-13,funded_assets,0.99,1.2,0
2025-06-16,funded_assets,0.99,1.2,0
2025-06-17,funded_assets,0.99,1.2,0
2025-06-18,funded_assets,0.99,1.2,0
2025-06-19,funded_assets,0.99,1.2,0
2025-06-20,funded_assets,0.99,1.2,0
2025-06-23,funded_assets,0.99,1.2,0
2025-06-24,funded_assets,0.99,1.2,0
2025-06-25,funded_assets,0.99,1.2,0
2025-06-26,funded_assets,0.99,1.2,0
2025-06-27,funded_assets,0.99,1.2,0
2025-06-30,funded_assets,0.99,1.2,0
2025-07-01,funded_assets,0.99,1.2,0
2025-07-02,funded_assets,0.99,1.2,0
2025-07-03,funded_assets,0.99,1.2,0
2025-07-04,funded_assets,0.99,1.2,0
2025-07-07,funded_assets,0.99,1.2,0
2025-07-08,funded_assets,0.99,1.2,0
2025-07-09,funded_assets,0.99,1.2,0
2025-07-10,funded_assets,0.99,1.2,0
2025-07-11,funded_assets,0.99,1.2,0
2025-07-14,funded_assets,0.99,1.2,0
2025-07-15,funded_assets,0.99,1.2,0
2025-07-16,funded_assets,0.99,1.2,0
2025-07-17,funded_assets,0.99,1.2,0
2025-07-18,funded_assets,0.99,1.2,0
2025-07-21,funded_assets,0.99,1.2,0
2025-07-22,funded_assets,0.99,1.2,0
2025-07-23,funded_assets,0.99,1.2,0
2025-07-24,funded_assets,0.99,1.2,0
2025-07-25,funded_assets,0.99,1.2,0
2025-07-28,funded_assets,0.99,1.2,0
2025-07-29,funded_assets,0.99,1.2,0
2025-07-30,funded_assets,0.99,1.2,0
2025-07-31,funded_assets,0.99,1.2,0
2025-08-01,funded_assets,0.99,1.2,0
2025-08-04,funded_assets,0.99,1.2,0
2025-08-05,funded_assets,0.99,1.2,0
2025-08-06,funded_assets,0.99,1.2,0
2025-08-07,funded_assets,0.99,1.2,0
2025-08-08,funded_assets,0.99,1.2,0
2025-08-11,funded_assets,0.99,1.2,0
2025-08-12,funded_assets,0.99,1.2,0
2025-08-13,funded_assets,0.99,1.2,0
2025-08-14,funded_assets,0.99,1.2,0
2025-08-15,funded_assets,0.99,1.2,0
2025-08-18,funded_assets,0.99,1.2,0
2025-08-19,funded_assets,0.99,1.2,0
2025-08-20,funded_assets,0.99,1.2,0
2025-08-21,funded_assets,0.99,1.2,0
2025-08-22,funded_assets,0.99,1.2,0
2025-08-25,funded_assets,0.99,1.2,0
2025-08-26,funded_assets,0.99,1.2,0
2025-08-27,funded_assets,0.99,1.2,0
2025-08-28,funded_assets,0.99,1.2,0
2025-08-29,funded_assets,0.99,1.2,0
2025-09-01,funded_assets,0.99,1.2,0
2025-09-02,funded_assets,0.99,1.2,0
2025-09-03,funded_assets,0.99,1.2,0
2025-09-04,funded_assets,0.99,1.2,0
2025-09-05,funded_assets,0.99,1.2,0
2025-09-08,funded_assets,0.99,1.2,0
2025-09-09,funded_assets,0.99,1.2,0
2025-09-10,funded_assets,0.99,1.2,0
2025-09-11,funded_assets,0.99,1.2,0
2025-09-12,funded_assets,0.99,1.2,0
2025-09-15,funded_assets,0.99,1.2,0
2025-09-16,funded_assets,0.99,1.2,0
2025-09-17,funded_assets,0.99,1.2,0
2025-09-18,funded_assets,0.99,1.2,0
2025-09-19,funded_assets,0.99,1.2,0
2025-09-22,funded_assets,0.99,1.2,0
2025-09-23,funded_assets,0.99,1.2,0
2025-09-24,funded_assets,0.99,1.2,0
2025-09-25,funded_assets,0.99,1.2,0
2025-09-26,funded_assets,0.99,1.2,0
2025-09-29,funded_assets,0.99,1.2,0
2025-09-30,funded_assets,0.99,1.2,0
2025-10-01,funded_assets,0.99,1.2,0
2025-10-02,funded_assets,0.99,1.2,0
2025-10-03,funded_assets,0.99,1.2,0
2025-10-06,funded_assets,0.99,1.2,0
2025-10-07,funded_assets,0.99,1.2,0
2025-10-08,funded_assets,0.99,1.2,0
2025-10-09,funded_assets,0.99,1.2,0
2025-10-10,funded_assets,0.99,1.2,0
2025-10-13,funded_assets,0.99,1.2,0
2025-10-14,funded_assets,0.99,1.2,0
2025-10-15,funded_assets,0.99,1.2,0
2025-10-16,funded_assets,0.99,1.2,0
2025-10-17,funded_assets,0.99,1.2,0
2025-10-20,funded_assets,0.99,1.2,0
2025-10-21,funded_assets,0.99,1.2,0
2025-10-22,funded_assets,0.99,1.2,0
2025-10-23,funded_assets,0.99,1.2,0
2025-10-24,funded_assets,0.99,1.2,0
2025-10-27,funded_assets,0.99,1.2,0
2025-10-28,funded_assets,0.99,1.2,0
2025-10-29,funded_assets,0.99,1.2,0
2025-10-30,funded_assets,0.99,1.2,0
2025-10-31,funded_assets,0.99,1.2,0
2025-11-03,funded_assets,0.99,1.2,0
2025-11-04,funded_assets,0.99,1.2,0
2025-11-05,funded_assets,0.99,1.2,0
2025-11-06,funded_assets,0.99,1.2,0
2025-11-07,funded_assets,0.99,1.2,0
2025-11-10,funded_assets,0.99,1.2,0
2025-11-11,funded_assets,0.99,1.2,0
2025-11-12,funded_assets,0.99,1.2,0
2025-11-13,funded_assets,0.99,1.2,0
2025-11-14,funded_assets,0.99,1.2,0
2025-11-17,funded_assets,0.99,1.2,0
2025-11-18,funded_assets,0.99,1.2,0
2025-11-19,funded_assets,0.99,1.2,0
2025-11-20,funded_assets,0.99,1.2,0
2025-11-21,funded_assets,0.99,1.2,0
2025-11-24,funded_assets,0.99,1.2,0
2025-11-25,funded_assets,0.99,1.2,0
2025-11-26,funded_assets,0.99,1.2,0
2025-11-27,funded_assets,0.99,1.2,0
2025-11-28,funded_assets,0.99,1.2,0
2025-12-01,funded_assets,0.99,1.2,0
2025-12-02,funded_assets,0.99,1.2,0
2025-12-03,funded_assets,0.99,1.2,0
2025-12-04,funded_assets,0.99,0.8,0
2025-12-05,funded_assets,0.99,0.8,0
2025-12-08,funded_assets,0.99,0.8,0
2025-12-09,funded_assets,0.99,0.8,0
2025-12-10,funded_assets,0.99,0.8,0
2025-12-11,funded_assets,0.99,0.8,0
2025-12-12,funded_assets,0.99,0.8,0
2025-12-15,funded_assets,0.99,0.8,0
2025-12-16,funded_assets,0.99,0.8,0
2025-12-17,funded_assets,0.99,0.8,0
2025-12-18,funded_assets,0.99,0.8,0
2025-12-19,funded_assets,0.99,0.8,0
2025-12-22,funded_assets,0.99,0.8,0
2025-12-23,funded_assets,0.99,0.8,0
2025-12-24,funded_assets,0.99,0.8,0
2025-12-29,funded_assets,0.99,0.8,0
2018-01-02,net_cashflows,0.95,,0
2018-01-03,net_cashflows,0.95,,0
2018-01-04,net_cashflows,0.95,,0
2018-01-05,net_cashflows,0.95,,0
2018-01-08,net_cashflows,0.95,,1
2018-01-09,net_cashflows,0.95,,0
2018-01-10,net_cashflows,0.95,,0
2018-01-11,net_cashflows,0.95,,0
2018-01-12,net_cashflows,0.95,,0
2018-01-15,net_cashflows,0.95,,0
2018-01-16,net_cashflows,0.95,,0
2018-01-17,net_cashflows,0.95,,0
2018-01-18,net_cashflows,0.95,,0
2018-01-19,net_cashflows,0.95,,0
2018-01-22,net_cashflows,0.95,,1
2018-01-23,net_cashflows,0.95,,0
2018-01-24,net_cashflows,0.95,,0
2018-01-25,net_cashflows,0.95,,0
2018-01-26,net_cashflows,0.95,,0
2018-01-29,net_cashflows,0.95,,0
2018-01-30,net_cashflows,0.95,,0
2018-01-31,net_cashflows,0.95,,0
2018-02-01,net_cashflows,0.95,,0
2018-02-02,net_cashflows,0.95,,0
2018-02-05,net_cashflows,0.95,,0
2018-02-06,net_cashflows,0.95,,0
2018-02-07,net_cashflows,0.95,,1
2018-02-08,net_cashflows,0.95,,0
2018-02-09,net_cashflows,0.95,,0
2018-02-12,net_cashflows,0.95,,0
2018-02-13,net_cashflows,0.95,,0
2018-02-14,net_cashflows,0.95,,0
2018-02-15,net_cashflows,0.95,,0
2018-02-16,net_cashflows,0.95,,0
2018-02-19,net_cashflows,0.95,,0
2018-02-20,net_cashflows,0.95,,0
2018-02-21,net_cashflows,0.95,,0
2018-02-22,net_cashflows,0.95,,0
2018-02-23,net_cashflows,0.95,,0
2018-02-26,net_cashflows,0.95,,0
2018-02-27,net_cashflows,0.95,,0
2018-02-28,net_cashflows,0.95,,1
2018-03-01,net_cashflows,0.95,,0
2018-03-02,net_cashflows,0.95,,0
2018-03-05,net_cashflows,0.95,,0
2018-03-06,net_cashflows,0.95,,0
2018-03-07,net_cashflows,0.95,,0
2018-03-08,net_cashflows,0.95,,0
2018-03-09,net_cashflows,0.95,,0
2018-03-12,net_cashflows,0.95,,0
2018-03-13,net_cashflows,0.95,,0
2018-03-14,net_cashflows,0.95,,0
2018-03-15,net_cashflows,0.95,,0
2018-03-16,net_cashflows,0.95,,0
2018-03-19,net_cashflows,0.95,,0
2018-03-20,net_cashflows,0.95,,0
2018-03-21,net_cashflows,0.95,,0
2018-03-22,net_cashflows,0.95,,0
2018-03-23,net_cashflows,0.95,,0
2018-03-26,net_cashflows,0.95,,0
2018-03-27,net_cashflows,0.95,,0
2018-03-28,net_cashflows,0.95,,0
2018-03-29,net_cashflows,0.95,,0
2018-04-03,net_cashflows,0.95,,0
2018-04-04,net_cashflows,0.95,,0
2018-04-05,net_cashflows,0.95,,0
2018-04-06,net_cashflows,0.95,,0
2018-04-09,net_cashflows,0.95,,0
2018-04-10,net_cashflows,0.95,,0
2018-04-11,net_cashflows,0.95,,0
2018-04-12,net_cashflows,0.95,,0
2018-04-13,net_cashflows,0.95,,0
2018-04-16,net_cashflows,0.95,,0
2018-04-17,net_cashflows,0.95,,0
2018-04-18,net_cashflows,0.95,,0
2018-04-19,net_cashflows,0.95,,0
2018-04-20,net_cashflows,0.95,,0
2018-04-23,net_cashflows,0.95,,0
2018-04-24,net_cashflows,0.95,,0
2018-04-25,net_cashflows,0.95,,0
2018-04-26,net_cashflows,0.95,,0
2018-04-27,net_cashflows,0.95,,0
2018-04-30,net_cashflows,0.95,,0
2018-05-02,net_cashflows,0.95,,0
2018-05-03,net_cashflows,0.95,,0
2018-05-04,net_cashflows,0.95,,0
2018-05-07,net_cashflows,0.95,,0
2018-05-08,net_cashflows,0.95,,0
2018-05-09,net_cashflows,0.95,,0
2018-05-10,net_cashflows,0.95,,0
2018-05-11,net_cashflows,0.95,,0
2018-05-14,net_cashflows,0.95,,0
2018-05-15,net_cashflows,0.95,,0
2018-05-16,net_cashflows,0.95,,0
2018-05-17,net_cashflows,0.95,,0
2018-05-18,net_cashflows,0.95,,0
2018-05-21,net_cashflows,0.95,,1
2018-05-22,net_cashflows,0.95,,0
2018-05-23,net_cashflows,0.95,,0
2018-05-24,net_cashflows,0.95,,0
2018-05-25,net_cashflows,0.95,,0
2018-05-28,net_cashflows,0.95,,0
2018-05-29,net_cashflows,0.95,,0
2018-05-30,net_cashflows,0.95,,0
2018-05-31,net_cashflows,0.95,,0
2018-06-01,net_cashflows,0.95,,0
2018-06-04,net_cashflows,0.95,,0
2018-06-05,net_cashflows,0.95,,0
2018-06-06,net_cashflows,0.95,,0
2018-06-07,net_cashflows,0.95,,0
2018-06-08,net_cashflows,0.95,,0
2018-06-11,net_cashflows,0.95,,0
2018-06-12,net_cashflows,0.95,,0
2018-06-13,net_cashflows,0.95,,0
2018-06-14,net_cashflows,0.95,,0
2018-06-15,net_cashflows,0.95,,0
2018-06-18,net_cashflows,0.95,,0
2018-06-19,net_cashflows,0.95,,0
2018-06-20,net_cashflows,0.95,,0
2018-06-21,net_cashflows,0.95,,0
2018-06-22,net_cashflows,0.95,,0
2018-06-25,net_cashflows,0.95,,0
2018-06-26,net_cashflows,0.95,,0
2018-06-27,net_cashflows,0.95,,0
2018-06-28,net_cashflows,0.95,,0
2018-06-29,net_cashflows,0.95,,0
2018-07-02,net_cashflows,0.95,,0
2018-07-03,net_cashflows,0.95,,0
2018-07-04,net_cashflows,0.95,,0
2018-07-05,net_cashflows,0.95,,0
2018-07-06,net_cashflows,0.95,,0
2018-07-09,net_cashflows,0.95,,0
2018-07-10,net_cashflows,0.95,,0
2018-07-11,net_cashflows,0.95,,0
2018-07-12,net_cashflows,0.95,,0
2018-07-13,net_cashflows,0.95,,0
2018-07-16,net_cashflows,0.95,,0
2018-07-17,net_cashflows,0.95,,0
2018-07-18,net_cashflows,0.95,,0
2018-07-19,net_cashflows,0.95,,1
2018-07-20,net_cashflows,0.95,,0
2018-07-23,net_cashflows,0.95,,0
2018-07-24,net_cashflows,0.95,,0
2018-07-25,net_cashflows,0.95,,0
2018-07-26,net_cashflows,0.95,,0
2018-07-27,net_cashflows,0.95,,0
2018-07-30,net_cashflows,0.95,,0
2018-07-31,net_cashflows,0.95,,0
2018-08-01,net_cashflows,0.95,,0
2018-08-02,net_cashflows,0.95,,0
2018-08-03,net_cashflows,0.95,,0
2018-08-06,net_cashflows,0.95,,0
2018-08-07,net_cashflows,0.95,,0
2018-08-08,net_cashflows,0.95,,0
2018-08-09,net_cashflows,0.95,,0
2018-08-10,net_cashflows,0.95,,0
2018-08-13,net_cashflows,0.95,,0
2018-08-14,net_cashflows,0.95,,0
2018-08-15,net_cashflows,0.95,,0
2018-08-16,net_cashflows,0.95,,0
2018-08-17,net_cashflows,0.95,,0
2018-08-20,net_cashflows,0.95,,0
2018-08-21,net_cashflows,0.95,,0
2018-08-22,net_cashflows,0.95,,0
2018-08-23,net_cashflows,0.95,,0
2018-08-24,net_cashflows,0.95,,0
2018-08-27,net_cashflows,0.95,,0
2018-08-28,net_cashflows,0.95,,0
2018-08-29,net_cashflows,0.95,,0
2018-08-30,net_cashflows,0.95,,0
2018-08-31,net_cashflows,0.95,,0
2018-09-03,net_cashflows,0.95,,0
2018-09-04,net_cashflows,0.95,,0
2018-09-05,net_cashflows,0.95,,0
2018-09-06,net_cashflows,0.95,,0
2018-09-07,net_cashflows,0.95,,0
2018-09-10,net_cashflows,0.95,,0
2018-09-11,net_cashflows,0.95,,0
2018-09-12,net_cashflows,0.95,,0
2018-09-13,net_cashflows,0.95,,0
2018-09-14,net_cashflows,0.95,,0
2018-09-17,net_cashflows,0.95,,0
2018-09-18,net_cashflows,0.95,,0
2018-09-19,net_cashflows,0.95,,0
2018-09-20,net_cashflows,0.95,,0
2018-09-21,net_cashflows,0.95,,0
2018-09-24,net_cashflows,0.95,,0
2018-09-25,net_cashflows,0.95,,0
2018-09-26,net_cashflows,0.95,,0
2018-09-27,net_cashflows,0.95,,0
2018-09-28,net_cashflows,0.95,,0
2018-10-01,net_cashflows,0.95,,0
2018-10-02,net_cashflows,0.95,,0
2018-10-03,net_cashflows,0.95,,0
2018-10-04,net_cashflows,0.95,,0
2018-10-05,net_cashflows,0.95,,0
2018-10-08,net_cashflows,0.95,,0
2018-10-09,net_cashflows,0.95,,0
2018-10-10,net_cashflows,0.95,,0
2018-10-11,net_cashflows,0.95,,0
2018-10-12,net_cashflows,0.95,,0
2018-10-15,net_cashflows,0.95,,0
2018-10-16,net_cashflows,0.95,,0
2018-10-17,net_cashflows,0.95,,0
2018-10-18,net_cashflows,0.95,,0
2018-10-19,net_cashflows,0.95,,0
2018-10-22,net_cashflows,0.95,,0
2018-10-23,net_cashflows,0.95,,0
2018-10-24,net_cashflows,0.95,,0
2018-10-25,net_cashflows,0.95,,0
2018-10-26,net_cashflows,0.95,,0
2018-10-29,net_cashflows,0.95,,0
2018-10-30,net_cashflows,0.95,,0
2018-10-31,net_cashflows,0.95,,0
2018-11-01,net_cashflows,0.95,,0
2018-11-02,net_cashflows,0.95,,0
2018-11-05,net_cashflows,0.95,,0
2018-11-06,net_cashflows,0.95,,0
2018-11-07,net_cashflows,0.95,,0
2018-11-08,net_cashflows,0.95,,0
2018-11-09,net_cashflows,0.95,,0
2018-11-12,net_cashflows,0.95,,0
2018-11-13,net_cashflows,0.95,,1
2018-11-14,net_cashflows,0.95,,0
2018-11-15,net_cashflows,0.95,,1
2018-11-16,net_cashflows,0.95,,0
2018-11-19,net_cashflows,0.95,,0
2018-11-20,net_cashflows,0.95,,0
2018-11-21,net_cashflows,0.95,,0
2018-11-22,net_cashflows,0.95,,0
2018-11-23,net_cashflows,0.95,,0
2018-11-26,net_cashflows,0.95,,0
2018-11-27,net_cashflows,0.95,,0
2018-11-28,net_cashflows,0.95,,0
2018-11-29,net_cashflows,0.95,,0
2018-11-30,net_cashflows,0.95,,0
2018-12-03,net_cashflows,0.95,,0
2018-12-04,net_cashflows,0.95,,0
2018-12-05,net_cashflows,0.95,,0
2018-12-06,net_cashflows,0.95,,0
2018-12-07,net_cashflows,0.95,,0
2018-12-10,net_cashflows,0.95,,0
2018-12-11,net_cashflows,0.95,,0
2018-12-12,net_cashflows,0.95,,0
2018-12-13,net_cashflows,0.95,,0
2018-12-14,net_cashflows,0.95,,0
2018-12-17,net_cashflows,0.95,,0
2018-12-18,net_cashflows,0.95,,0
2018-12-19,net_cashflows,0.95,,0
2018-12-20,net_cashflows,0.95,3.2,0
2018-12-21,net_cashflows,0.95,3.2,0
2018-12-24,net_cashflows,0.95,3.5999999999999996,1
2018-12-27,net_cashflows,0.95,3.5999999999999996,0
2018-12-28,net_cashflows,0.95,4.0,1
2018-12-31,net_cashflows,0.95,4.0,1
2019-01-02,net_cashflows,0.95,4.0,0
2019-01-03,net_cashflows,0.95,4.0,0
2019-01-04,net_cashflows,0.95,4.0,0
2019-01-07,net_cashflows,0.95,4.0,0
2019-01-08,net_cashflows,0.95,4.0,0
2019-01-09,net_cashflows,0.95,4.0,0
2019-01-10,net_cashflows,0.95,4.0,0
2019-01-11,net_cashflows,0.95,4.0,0
2019-01-14,net_cashflows,0.95,4.0,0
2019-01-15,net_cashflows,0.95,3.5999999999999996,0
2019-01-16,net_cashflows,0.95,3.5999999999999996,0
2019-01-17,net_cashflows,0.95,3.5999999999999996,0
2019-01-18,net_cashflows,0.95,3.5999999999999996,0
2019-01-21,net_cashflows,0.95,3.5999999999999996,0
2019-01-22,net_cashflows,0.95,3.5999999999999996,0
2019-01-23,net_cashflows,0.95,3.5999999999999996,0
2019-01-24,net_cashflows,0.95,3.5999999999999996,0
2019-01-25,net_cashflows,0.95,3.5999999999999996,0
2019-01-28,net_cashflows,0.95,3.5999999999999996,0
2019-01-29,net_cashflows,0.95,3.5999999999999996,0
2019-01-30,net_cashflows,0.95,3.5999999999999996,0
2019-01-31,net_cashflows,0.95,3.2,0
2019-02-01,net_cashflows,0.95,3.2,0
2019-02-04,net_cashflows,0.95,3.2,0
2019-02-05,net_cashflows,0.95,3.2,0
2019-02-06,net_cashflows,0.95,3.2,0
2019-02-07,net_cashflows,0.95,3.2,0
2019-02-08,net_cashflows,0.95,3.2,0
2019-02-11,net_cashflows,0.95,3.2,0
2019-02-12,net_cashflows,0.95,3.2,0
2019-02-13,net_cashflows,0.95,3.2,0
2019-02-14,net_cashflows,0.95,3.2,0
2019-02-15,net_cashflows,0.95,3.2,0
2019-02-18,net_cashflows,0.95,3.2,0
2019-02-19,net_cashflows,0.95,3.2,0
2019-02-20,net_cashflows,0.95,3.2,0
2019-02-21,net_cashflows,0.95,2.8000000000000003,0
2019-02-22,net_cashflows,0.95,2.8000000000000003,0
2019-02-25,net_cashflows,0.95,2.8000000000000003,0
2019-02-26,net_cashflows,0.95,2.8000000000000003,0
2019-02-27,net_cashflows,0.95,2.8000000000000003,0
2019-02-28,net_cashflows,0.95,2.8000000000000003,0
2019-03-01,net_cashflows,0.95,2.8000000000000003,0
2019-03-04,net_cashflows,0.95,2.8000000000000003,0
2019-03-05,net_cashflows,0.95,2.8000000000000003,0
2019-03-06,net_cashflows,0.95,2.8000000000000003,0
2019-03-07,net_cashflows,0.95,2.8000000000000003,0
2019-03-08,net_cashflows,0.95,2.8000000000000003,0
2019-03-11,net_cashflows,0.95,2.8000000000000003,0
2019-03-12,net_cashflows,0.95,2.8000000000000003,0
2019-03-13,net_cashflows,0.95,2.8000000000000003,0
2019-03-14,net_cashflows,0.95,2.8000000000000003,0
2019-03-15,net_cashflows,0.95,2.8000000000000003,0
2019-03-18,net_cashflows,0.95,2.8000000000000003,0
2019-03-19,net_cashflows,0.95,3.2,1
2019-03-20,net_cashflows,0.95,3.2,0
2019-03-21,net_cashflows,0.95,3.2,0
2019-03-22,net_cashflows,0.95,3.2,0
2019-03-25,net_cashflows,0.95,3.2,0
2019-03-26,net_cashflows,0.95,3.2,0
2019-03-27,net_cashflows,0.95,3.2,0
2019-03-28,net_cashflows,0.95,3.2,0
2019-03-29,net_cashflows,0.95,3.2,0
2019-04-01,net_cashflows,0.95,3.2,0
2019-04-02,net_cashflows,0.95,3.2,0
2019-04-03,net_cashflows,0.95,3.2,0
2019-04-04,net_cashflows,0.95,3.2,0
2019-04-05,net_cashflows,0.95,3.2,0
2019-04-08,net_cashflows,0.95,3.2,0
2019-04-09,net_cashflows,0.95,3.2,0
2019-04-10,net_cashflows,0.95,3.2,0
2019-04-11,net_cashflows,0.95,3.2,0
2019-04-12,net_cashflows,0.95,3.2,0
2019-04-15,net_cashflows,0.95,3.2,0
2019-04-16,net_cashflows,0.95,3.2,0
2019-04-17,net_cashflows,0.95,3.2,0
2019-04-18,net_cashflows,0.95,3.2,0
2019-04-23,net_cashflows,0.95,3.2,0
2019-04-24,net_cashflows,0.95,3.2,0
2019-04-25,net_cashflows,0.95,3.2,0
2019-04-26,net_cashflows,0.95,3.2,0
2019-04-29,net_cashflows,0.95,3.2,0
2019-04-30,net_cashflows,0.95,3.2,0
2019-05-02,net_cashflows,0.95,3.2,0
2019-05-03,net_cashflows,0.95,3.2,0
2019-05-06,net_cashflows,0.95,3.2,0
2019-05-07,net_cashflows,0.95,3.2,0
2019-05-08,net_cashflows,0.95,3.2,0
2019-05-09,net_cashflows,0.95,3.2,0
2019-05-10,net_cashflows,0.95,3.2,0
2019-05-13,net_cashflows,0.95,3.2,0
2019-05-14,net_cashflows,0.95,2.8000000000000003,0
2019-05-15,net_cashflows,0.95,2.8000000000000003,0
2019-05-16,net_cashflows,0.95,2.8000000000000003,0
2019-05-17,net_cashflows,0.95,2.8000000000000003,0
2019-05-20,net_cashflows,0.95,2.8000000000000003,0
2019-05-21,net_cashflows,0.95,2.8000000000000003,0
2019-05-22,net_cashflows,0.95,2.8000000000000003,0
2019-05-23,net_cashflows,0.95,2.8000000000000003,0
2019-05-24,net_cashflows,0.95,2.8000000000000003,0
2019-05-27,net_cashflows,0.95,2.8000000000000003,0
2019-05-28,net_cashflows,0.95,2.8000000000000003,0
2019-05-29,net_cashflows,0.95,3.2,1
2019-05-30,net_cashflows,0.95,3.2,0
2019-05-31,net_cashflows,0.95,3.2,0
2019-06-03,net_cashflows,0.95,3.2,0
2019-06-04,net_cashflows,0.95,3.2,0
2019-06-05,net_cashflows,0.95,3.2,0
2019-06-06,net_cashflows,0.95,3.2,0
2019-06-07,net_cashflows,0.95,3.2,0
2019-06-10,net_cashflows,0.95,3.2,0
2019-06-11,net_cashflows,0.95,3.2,0
2019-06-12,net_cashflows,0.95,3.2,0
2019-06-13,net_cashflows,0.95,3.2,0
2019-06-14,net_cashflows,0.95,3.2,0
2019-06-17,net_cashflows,0.95,3.2,0
2019-06-18,net_cashflows,0.95,3.5999999999999996,1
2019-06-19,net_cashflows,0.95,3.5999999999999996,0
2019-06-20,net_cashflows,0.95,3.5999999999999996,0
2019-06-21,net_cashflows,0.95,3.5999999999999996,0
2019-06-24,net_cashflows,0.95,3.5999999999999996,0
2019-06-25,net_cashflows,0.95,3.5999999999999996,0
2019-06-26,net_cashflows,0.95,3.5999999999999996,0
2019-06-27,net_cashflows,0.95,3.5999999999999996,0
2019-06-28,net_cashflows,0.95,3.5999999999999996,0
2019-07-01,net_cashflows,0.95,4.0,1
2019-07-02,net_cashflows,0.95,4.0,0
2019-07-03,net_cashflows,0.95,4.0,0
2019-07-04,net_cashflows,0.95,4.0,0
2019-07-05,net_cashflows,0.95,4.0,0
2019-07-08,net_cashflows,0.95,4.0,0
2019-07-09,net_cashflows,0.95,4.3999999999999995,1
2019-07-10,net_cashflows,0.95,4.3999999999999995,0
2019-07-11,net_cashflows,0.95,4.3999999999999995,0
2019-07-12,net_cashflows,0.95,4.0,0
2019-07-15,net_cashflows,0.95,4.0,0
2019-07-16,net_cashflows,0.95,4.0,0
2019-07-17,net_cashflows,0.95,4.0,0
2019-07-18,net_cashflows,0.95,4.0,0
2019-07-19,net_cashflows,0.95,4.0,0
2019-07-22,net_cashflows,0.95,4.0,0
2019-07-23,net_cashflows,0.95,4.0,0
2019-07-24,net_cashflows,0.95,4.0,0
2019-07-25,net_cashflows,0.95,4.0,0
2019-07-26,net_cashflows,0.95,4.0,0
2019-07-29,net_cashflows,0.95,4.0,0
2019-07-30,net_cashflows,0.95,4.0,0
2019-07-31,net_cashflows,0.95,4.3999999999999995,1
2019-08-01,net_cashflows,0.95,4.8,1
2019-08-02,net_cashflows,0.95,4.8,0
2019-08-05,net_cashflows,0.95,4.8,0
2019-08-06,net_cashflows,0.95,4.8,0
2019-08-07,net_cashflows,0.95,4.8,0
2019-08-08,net_cashflows,0.95,4.8,0
2019-08-09,net_cashflows,0.95,4.8,0
2019-08-12,net_cashflows,0.95,4.8,0
2019-08-13,net_cashflows,0.95,4.8,0
2019-08-14,net_cashflows,0.95,4.8,0
2019-08-15,net_cashflows,0.95,4.8,0
2019-08-16,net_cashflows,0.95,4.8,0
2019-08-19,net_cashflows,0.95,4.8,0
2019-08-20,net_cashflows,0.95,4.8,0
2019-08-21,net_cashflows,0.95,4.8,0
2019-08-22,net_cashflows,0.95,4.8,0
2019-08-23,net_cashflows,0.95,4.8,0
2019-08-26,net_cashflows,0.95,4.8,0
2019-08-27,net_cashflows,0.95,4.8,0
2019-08-28,net_cashflows,0.95,4.8,0
2019-08-29,net_cashflows,0.95,4.8,0
2019-08-30,net_cashflows,0.95,4.8,0
2019-09-02,net_cashflows,0.95,4.8,0
2019-09-03,net_cashflows,0.95,4.8,0
2019-09-04,net_cashflows,0.95,4.8,0
2019-09-05,net_cashflows,0.95,4.8,0
2019-09-06,net_cashflows,0.95,4.8,0
2019-09-09,net_cashflows,0.95,4.8,0
2019-09-10,net_cashflows,0.95,4.8,0
2019-09-11,net_cashflows,0.95,4.8,0
2019-09-12,net_cashflows,0.95,4.8,0
2019-09-13,net_cashflows,0.95,4.8,0
2019-09-16,net_cashflows,0.95,4.8,0
2019-09-17,net_cashflows,0.95,4.8,0
2019-09-18,net_cashflows,0.95,4.8,0
2019-09-19,net_cashflows,0.95,4.8,0
2019-09-20,net_cashflows,0.95,4.8,0
2019-09-23,net_cashflows,0.95,4.8,0
2019-09-24,net_cashflows,0.95,4.8,0
2019-09-25,net_cashflows,0.95,4.8,0
2019-09-26,net_cashflows,0.95,4.8,0
2019-09-27,net_cashflows,0.95,4.8,0
2019-09-30,net_cashflows,0.95,4.8,0
2019-10-01,net_cashflows,0.95,4.8,0
2019-10-02,net_cashflows,0.95,4.8,0
2019-10-03,net_cashflows,0.95,4.8,0
2019-10-04,net_cashflows,0.95,4.8,0
2019-10-07,net_cashflows,0.95,4.8,0
2019-10-08,net_cashflows,0.95,4.8,0
2019-10-09,net_cashflows,0.95,4.8,0
2019-10-10,net_cashflows,0.95,4.8,0
2019-10-11,net_cashflows,0.95,4.8,0
2019-10-14,net_cashflows,0.95,4.8,0
2019-10-15,net_cashflows,0.95,4.8,0
2019-10-16,net_cashflows,0.95,4.8,0
2019-10-17,net_cashflows,0.95,4.8,0
2019-10-18,net_cashflows,0.95,4.8,0
2019-10-21,net_cashflows,0.95,4.8,0
2019-10-22,net_cashflows,0.95,4.8,0
2019-10-23,net_cashflows,0.95,4.8,0
2019-10-24,net_cashflows,0.95,4.8,0
2019-10-25,net_cashflows,0.95,4.8,0
2019-10-28,net_cashflows,0.95,4.8,0
2019-10-29,net_cashflows,0.95,4.8,0
2019-10-30,net_cashflows,0.95,4.8,0
2019-10-31,net_cashflows,0.95,4.8,0
2019-11-01,net_cashflows,0.95,4.8,0
2019-11-04,net_cashflows,0.95,4.8,0
2019-11-05,net_cashflows,0.95,4.8,0
2019-11-06,net_cashflows,0.95,4.3999999999999995,0
2019-11-07,net_cashflows,0.95,4.3999999999999995,0
2019-11-08,net_cashflows,0.95,4.0,0
2019-11-11,net_cashflows,0.95,4.0,0
2019-11-12,net_cashflows,0.95,4.0,0
2019-11-13,net_cashflows,0.95,4.0,0
2019-11-14,net_cashflows,0.95,4.0,0
2019-11-15,net_cashflows,0.95,4.0,0
2019-11-18,net_cashflows,0.95,4.0,0
2019-11-19,net_cashflows,0.95,4.0,0
2019-11-20,net_cashflows,0.95,4.0,0
2019-11-21,net_cashflows,0.95,4.0,0
2019-11-22,net_cashflows,0.95,4.0,0
2019-11-25,net_cashflows,0.95,4.0,0
2019-11-26,net_cashflows,0.95,4.0,0
2019-11-27,net_cashflows,0.95,4.0,0
2019-11-28,net_cashflows,0.95,4.0,0
2019-11-29,net_cashflows,0.95,4.3999999999999995,1
2019-12-02,net_cashflows,0.95,4.3999999999999995,0
2019-12-03,net_cashflows,0.95,4.3999999999999995,0
2019-12-04,net_cashflows,0.95,4.3999999999999995,0
2019-12-05,net_cashflows,0.95,4.3999999999999995,0
2019-12-06,net_cashflows,0.95,4.3999999999999995,0
2019-12-09,net_cashflows,0.95,4.3999999999999995,0
2019-12-10,net_cashflows,0.95,4.3999999999999995,0
2019-12-11,net_cashflows,0.95,4.3999999999999995,0
2019-12-12,net_cashflows,0.95,4.3999999999999995,0
2019-12-13,net_cashflows,0.95,4.3999999999999995,0
2019-12-16,net_cashflows,0.95,4.3999999999999995,0
2019-12-17,net_cashflows,0.95,4.0,0
2019-12-18,net_cashflows,0.95,4.0,0
2019-12-19,net_cashflows,0.95,3.5999999999999996,0
2019-12-20,net_cashflows,0.95,3.2,0
2019-12-23,net_cashflows,0.95,3.2,0
2019-12-24,net_cashflows,0.95,3.2,0
2019-12-27,net_cashflows,0.95,3.2,0
2019-12-30,net_cashflows,0.95,3.2,0
2019-12-31,net_cashflows,0.95,3.2,0
2020-01-02,net_cashflows,0.95,3.2,0
2020-01-03,net_cashflows,0.95,3.2,0
2020-01-06,net_cashflows,0.95,3.2,0
2020-01-07,net_cashflows,0.95,3.2,0
2020-01-08,net_cashflows,0.95,3.2,0
2020-01-09,net_cashflows,0.95,3.2,0
2020-01-10,net_cashflows,0.95,3.2,0
2020-01-13,net_cashflows,0.95,3.2,0
2020-01-14,net_cashflows,0.95,3.2,0
2020-01-15,net_cashflows,0.95,3.2,0
2020-01-16,net_cashflows,0.95,3.2,0
2020-01-17,net_cashflows,0.95,3.2,0
2020-01-20,net_cashflows,0.95,3.2,0
2020-01-21,net_cashflows,0.95,3.2,0
2020-01-22,net_cashflows,0.95,3.2,0
2020-01-23,net_cashflows,0.95,3.2,0
2020-01-24,net_cashflows,0.95,3.2,0
2020-01-27,net_cashflows,0.95,3.2,0
2020-01-28,net_cashflows,0.95,3.2,0
2020-01-29,net_cashflows,0.95,3.2,0
2020-01-30,net_cashflows,0.95,3.2,0
2020-01-31,net_cashflows,0.95,3.2,0
2020-02-03,net_cashflows,0.95,3.2,0
2020-02-04,net_cashflows,0.95,3.2,0
2020-02-05,net_cashflows,0.95,3.2,0
2020-02-06,net_cashflows,0.95,3.2,0
2020-02-07,net_cashflows,0.95,3.2,0
2020-02-10,net_cashflows,0.95,3.2,0
2020-02-11,net_cashflows,0.95,3.2,0
2020-02-12,net_cashflows,0.95,3.2,0
2020-02-13,net_cashflows,0.95,3.2,0
2020-02-14,net_cashflows,0.95,3.2,0
2020-02-17,net_cashflows,0.95,3.2,0
2020-02-18,net_cashflows,0.95,3.2,0
2020-02-19,net_cashflows,0.95,3.2,0
2020-02-20,net_cashflows,0.95,3.2,0
2020-02-21,net_cashflows,0.95,3.2,0
2020-02-24,net_cashflows,0.95,3.2,0
2020-02-25,net_cashflows,0.95,3.5999999999999996,1
2020-02-26,net_cashflows,0.95,4.0,1
2020-02-27,net_cashflows,0.95,4.3999999999999995,1
2020-02-28,net_cashflows,0.95,4.3999999999999995,0
2020-03-02,net_cashflows,0.95,4.3999999999999995,0
2020-03-03,net_cashflows,0.95,4.3999999999999995,0
2020-03-04,net_cashflows,0.95,4.8,1
2020-03-05,net_cashflows,0.95,5.2,1
2020-03-06,net_cashflows,0.95,5.2,0
2020-03-09,net_cashflows,0.95,5.2,0
2020-03-10,net_cashflows,0.95,5.2,0
2020-03-11,net_cashflows,0.95,4.8,0
2020-03-12,net_cashflows,0.95,5.2,1
2020-03-13,net_cashflows,0.95,5.2,0
2020-03-16,net_cashflows,0.95,5.2,0
2020-03-17,net_cashflows,0.95,5.2,0
2020-03-18,net_cashflows,0.95,5.2,0
2020-03-19,net_cashflows,0.95,5.2,0
2020-03-20,net_cashflows,0.95,5.2,0
2020-03-23,net_cashflows,0.95,5.2,0
2020-03-24,net_cashflows,0.95,5.6000000000000005,1
2020-03-25,net_cashflows,0.95,5.6000000000000005,0
2020-03-26,net_cashflows,0.95,5.6000000000000005,0
2020-03-27,net_cashflows,0.95,5.6000000000000005,0
2020-03-30,net_cashflows,0.95,5.6000000000000005,0
2020-03-31,net_cashflows,0.95,5.6000000000000005,0
2020-04-01,net_cashflows,0.95,5.6000000000000005,0
2020-04-02,net_cashflows,0.95,5.6000000000000005,0
2020-04-03,net_cashflows,0.95,5.6000000000000005,0
2020-04-06,net_cashflows,0.95,5.6000000000000005,0
2020-04-07,net_cashflows,0.95,5.6000000000000005,0
2020-04-08,net_cashflows,0.95,6.0,1
2020-04-09,net_cashflows,0.95,6.0,0
2020-04-14,net_cashflows,0.95,6.0,0
2020-04-15,net_cashflows,0.95,6.0,0
2020-04-16,net_cashflows,0.95,6.0,0
2020-04-17,net_cashflows,0.95,6.0,0
2020-04-20,net_cashflows,0.95,6.0,0
2020-04-21,net_cashflows,0.95,6.0,0
2020-04-22,net_cashflows,0.95,6.0,0
2020-04-23,net_cashflows,0.95,6.0,0
2020-04-24,net_cashflows,0.95,6.0,0
2020-04-27,net_cashflows,0.95,6.0,0
2020-04-28,net_cashflows,0.95,6.0,0
2020-04-29,net_cashflows,0.95,6.0,0
2020-04-30,net_cashflows,0.95,6.0,0
2020-05-04,net_cashflows,0.95,6.0,0
2020-05-05,net_cashflows,0.95,6.0,0
2020-05-06,net_cashflows,0.95,6.0,0
2020-05-07,net_cashflows,0.95,6.0,0
2020-05-08,net_cashflows,0.95,6.0,0
2020-05-11,net_cashflows,0.95,6.0,0
2020-05-12,net_cashflows,0.95,6.0,0
2020-05-13,net_cashflows,0.95,6.0,0
2020-05-14,net_cashflows,0.95,6.0,0
2020-05-15,net_cashflows,0.95,6.0,0
2020-05-18,net_cashflows,0.95,6.0,0
2020-05-19,net_cashflows,0.95,6.0,0
2020-05-20,net_cashflows,0.95,6.0,0
2020-05-21,net_cashflows,0.95,5.6000000000000005,0
2020-05-22,net_cashflows,0.95,5.6000000000000005,0
2020-05-25,net_cashflows,0.95,5.6000000000000005,0
2020-05-26,net_cashflows,0.95,5.6000000000000005,0
2020-05-27,net_cashflows,0.95,5.6000000000000005,0
2020-05-28,net_cashflows,0.95,5.6000000000000005,0
2020-05-29,net_cashflows,0.95,5.6000000000000005,0
2020-06-01,net_cashflows,0.95,5.6000000000000005,0
2020-06-02,net_cashflows,0.95,5.6000000000000005,0
2020-06-03,net_cashflows,0.95,5.6000000000000005,0
2020-06-04,net_cashflows,0.95,5.6000000000000005,0
2020-06-05,net_cashflows,0.95,6.0,1
2020-06-08,net_cashflows,0.95,6.0,0
2020-06-09,net_cashflows,0.95,6.0,0
2020-06-10,net_cashflows,0.95,5.6000000000000005,0
2020-06-11,net_cashflows,0.95,5.6000000000000005,0
2020-06-12,net_cashflows,0.95,5.6000000000000005,0
2020-06-15,net_cashflows,0.95,5.6000000000000005,0
2020-06-16,net_cashflows,0.95,5.6000000000000005,0
2020-06-17,net_cashflows,0.95,5.6000000000000005,0
2020-06-18,net_cashflows,0.95,5.6000000000000005,0
2020-06-19,net_cashflows,0.95,5.6000000000000005,0
2020-06-22,net_cashflows,0.95,5.6000000000000005,0
2020-06-23,net_cashflows,0.95,5.2,0
2020-06-24,net_cashflows,0.95,5.2,0
2020-06-25,net_cashflows,0.95,5.2,0
2020-06-26,net_cashflows,0.95,5.2,0
2020-06-29,net_cashflows,0.95,5.2,0
2020-06-30,net_cashflows,0.95,5.2,0
2020-07-01,net_cashflows,0.95,4.8,0
2020-07-02,net_cashflows,0.95,4.8,0
2020-07-03,net_cashflows,0.95,4.8,0
2020-07-06,net_cashflows,0.95,4.8,0
2020-07-07,net_cashflows,0.95,4.8,0
2020-07-08,net_cashflows,0.95,4.8,0
2020-07-09,net_cashflows,0.95,4.8,0
2020-07-10,net_cashflows,0.95,4.8,0
2020-07-13,net_cashflows,0.95,4.8,0
2020-07-14,net_cashflows,0.95,4.8,0
2020-07-15,net_cashflows,0.95,4.8,0
2020-07-16,net_cashflows,0.95,4.8,0
2020-07-17,net_cashflows,0.95,4.8,0
2020-07-20,net_cashflows,0.95,4.8,0
2020-07-21,net_cashflows,0.95,4.8,0
2020-07-22,net_cashflows,0.95,4.8,0
2020-07-23,net_cashflows,0.95,4.3999999999999995,0
2020-07-24,net_cashflows,0.95,4.0,0
2020-07-27,net_cashflows,0.95,4.0,0
2020-07-28,net_cashflows,0.95,4.0,0
2020-07-29,net_cashflows,0.95,4.0,0
2020-07-30,net_cashflows,0.95,4.0,0
2020-07-31,net_cashflows,0.95,4.0,0
2020-08-03,net_cashflows,0.95,4.0,0
2020-08-04,net_cashflows,0.95,4.0,0
2020-08-05,net_cashflows,0.95,4.0,0
2020-08-06,net_cashflows,0.95,4.0,0
2020-08-07,net_cashflows,0.95,4.0,0
2020-08-10,net_cashflows,0.95,4.0,0
2020-08-11,net_cashflows,0.95,4.0,0
2020-08-12,net_cashflows,0.95,4.0,0
2020-08-13,net_cashflows,0.95,4.0,0
2020-08-14,net_cashflows,0.95,4.0,0
2020-08-17,net_cashflows,0.95,4.0,0
2020-08-18,net_cashflows,0.95,4.0,0
2020-08-19,net_cashflows,0.95,4.0,0
2020-08-20,net_cashflows,0.95,4.0,0
2020-08-21,net_cashflows,0.95,4.0,0
2020-08-24,net_cashflows,0.95,4.0,0
2020-08-25,net_cashflows,0.95,4.0,0
2020-08-26,net_cashflows,0.95,4.3999999999999995,1
2020-08-27,net_cashflows,0.95,4.3999999999999995,0
2020-08-28,net_cashflows,0.95,4.3999999999999995,0
2020-08-31,net_cashflows,0.95,4.3999999999999995,0
2020-09-01,net_cashflows,0.95,4.3999999999999995,0
2020-09-02,net_cashflows,0.95,4.3999999999999995,0
2020-09-03,net_cashflows,0.95,4.3999999999999995,0
2020-09-04,net_cashflows,0.95,4.3999999999999995,0
2020-09-07,net_cashflows,0.95,4.3999999999999995,0
2020-09-08,net_cashflows,0.95,4.3999999999999995,0
2020-09-09,net_cashflows,0.95,4.3999999999999995,0
2020-09-10,net_cashflows,0.95,4.3999999999999995,0
2020-09-11,net_cashflows,0.95,4.3999999999999995,0
2020-09-14,net_cashflows,0.95,4.3999999999999995,0
2020-09-15,net_cashflows,0.95,4.3999999999999995,0
2020-09-16,net_cashflows,0.95,4.3999999999999995,0
2020-09-17,net_cashflows,0.95,4.3999999999999995,0
2020-09-18,net_cashflows,0.95,4.3999999999999995,0
2020-09-21,net_cashflows,0.95,4.3999999999999995,0
2020-09-22,net_cashflows,0.95,4.3999999999999995,0
2020-09-23,net_cashflows,0.95,4.3999999999999995,0
2020-09-24,net_cashflows,0.95,4.3999999999999995,0
2020-09-25,net_cashflows,0.95,4.3999999999999995,0
2020-09-28,net_cashflows,0.95,4.3999999999999995,0
2020-09-29,net_cashflows,0.95,4.3999999999999995,0
2020-09-30,net_cashflows,0.95,4.3999999999999995,0
2020-10-01,net_cashflows,0.95,4.3999999999999995,0
2020-10-02,net_cashflows,0.95,4.3999999999999995,0
2020-10-05,net_cashflows,0.95,4.3999999999999995,0
2020-10-06,net_cashflows,0.95,4.3999999999999995,0
2020-10-07,net_cashflows,0.95,4.3999999999999995,0
2020-10-08,net_cashflows,0.95,4.3999999999999995,0
2020-10-09,net_cashflows,0.95,4.3999999999999995,0
2020-10-12,net_cashflows,0.95,4.3999999999999995,0
2020-10-13,net_cashflows,0.95,4.3999999999999995,0
2020-10-14,net_cashflows,0.95,4.3999999999999995,0
2020-10-15,net_cashflows,0.95,4.3999999999999995,0
2020-10-16,net_cashflows,0.95,4.3999999999999995,0
2020-10-19,net_cashflows,0.95,4.3999999999999995,0
2020-10-20,net_cashflows,0.95,4.3999999999999995,0
2020-10-21,net_cashflows,0.95,4.3999999999999995,0
2020-10-22,net_cashflows,0.95,4.3999999999999995,0
2020-10-23,net_cashflows,0.95,4.3999999999999995,0
2020-10-26,net_cashflows,0.95,4.3999999999999995,0
2020-10-27,net_cashflows,0.95,4.3999999999999995,0
2020-10-28,net_cashflows,0.95,4.3999999999999995,0
2020-10-29,net_cashflows,0.95,4.3999999999999995,0
2020-10-30,net_cashflows,0.95,4.3999999999999995,0
2020-11-02,net_cashflows,0.95,4.3999999999999995,0
2020-11-03,net_cashflows,0.95,4.3999999999999995,0
2020-11-04,net_cashflows,0.95,4.3999999999999995,0
2020-11-05,net_cashflows,0.95,4.3999999999999995,0
2020-11-06,net_cashflows,0.95,4.3999999999999995,0
2020-11-09,net_cashflows,0.95,4.3999999999999995,0
2020-11-10,net_cashflows,0.95,4.3999999999999995,0
2020-11-11,net_cashflows,0.95,4.3999999999999995,0
2020-11-12,net_cashflows,0.95,4.3999999999999995,0
2020-11-13,net_cashflows,0.95,4.3999999999999995,0
2020-11-16,net_cashflows,0.95,4.3999999999999995,0
2020-11-17,net_cashflows,0.95,4.3999999999999995,0
2020-11-18,net_cashflows,0.95,4.3999999999999995,0
2020-11-19,net_cashflows,0.95,4.3999999999999995,0
2020-11-20,net_cashflows,0.95,4.3999999999999995,0
2020-11-23,net_cashflows,0.95,4.0,0
2020-11-24,net_cashflows,0.95,4.0,0
2020-11-25,net_cashflows,0.95,4.0,0
2020-11-26,net_cashflows,0.95,4.0,0
2020-11-27,net_cashflows,0.95,4.0,0
2020-11-30,net_cashflows,0.95,4.0,0
2020-12-01,net_cashflows,0.95,4.0,0
2020-12-02,net_cashflows,0.95,4.0,0
2020-12-03,net_cashflows,0.95,4.0,0
2020-12-04,net_cashflows,0.95,4.0,0
2020-12-07,net_cashflows,0.95,4.0,0
2020-12-08,net_cashflows,0.95,4.0,0
2020-12-09,net_cashflows,0.95,4.0,0
2020-12-10,net_cashflows,0.95,4.0,0
2020-12-11,net_cashflows,0.95,4.0,0
2020-12-14,net_cashflows,0.95,4.0,0
2020-12-15,net_cashflows,0.95,4.0,0
2020-12-16,net_cashflows,0.95,4.0,0
2020-12-17,net_cashflows,0.95,4.0,0
2020-12-18,net_cashflows,0.95,4.0,0
2020-12-21,net_cashflows,0.95,4.0,0
2020-12-22,net_cashflows,0.95,4.0,0
2020-12-23,net_cashflows,0.95,4.0,0
2020-12-24,net_cashflows,0.95,4.0,0
2020-12-28,net_cashflows,0.95,4.0,0
2020-12-29,net_cashflows,0.95,4.0,0
2020-12-30,net_cashflows,0.95,4.0,0
2020-12-31,net_cashflows,0.95,4.0,0
2021-01-04,net_cashflows,0.95,4.0,0
2021-01-05,net_cashflows,0.95,4.0,0
2021-01-06,net_cashflows,0.95,4.0,0
2021-01-07,net_cashflows,0.95,4.0,0
2021-01-08,net_cashflows,0.95,4.0,0
2021-01-11,net_cashflows,0.95,4.0,0
2021-01-12,net_cashflows,0.95,4.0,0
2021-01-13,net_cashflows,0.95,4.0,0
2021-01-14,net_cashflows,0.95,4.0,0
2021-01-15,net_cashflows,0.95,4.0,0
2021-01-18,net_cashflows,0.95,4.0,0
2021-01-19,net_cashflows,0.95,4.0,0
2021-01-20,net_cashflows,0.95,4.0,0
2021-01-21,net_cashflows,0.95,4.0,0
2021-01-22,net_cashflows,0.95,4.0,0
2021-01-25,net_cashflows,0.95,4.0,0
2021-01-26,net_cashflows,0.95,4.0,0
2021-01-27,net_cashflows,0.95,4.0,0
2021-01-28,net_cashflows,0.95,4.0,0
2021-01-29,net_cashflows,0.95,4.0,0
2021-02-01,net_cashflows,0.95,4.0,0
2021-02-02,net_cashflows,0.95,4.0,0
2021-02-03,net_cashflows,0.95,4.0,0
2021-02-04,net_cashflows,0.95,4.0,0
2021-02-05,net_cashflows,0.95,4.3999999999999995,1
2021-02-08,net_cashflows,0.95,4.3999999999999995,0
2021-02-09,net_cashflows,0.95,4.3999999999999995,0
2021-02-10,net_cashflows,0.95,4.3999999999999995,0
2021-02-11,net_cashflows,0.95,4.3999999999999995,0
2021-02-12,net_cashflows,0.95,4.3999999999999995,0
2021-02-15,net_cashflows,0.95,4.3999999999999995,0
2021-02-16,net_cashflows,0.95,4.0,0
2021-02-17,net_cashflows,0.95,3.5999999999999996,0
2021-02-18,net_cashflows,0.95,3.2,0
2021-02-19,net_cashflows,0.95,3.2,0
2021-02-22,net_cashflows,0.95,3.2,0
2021-02-23,net_cashflows,0.95,3.2,0
2021-02-24,net_cashflows,0.95,2.8000000000000003,0
2021-02-25,net_cashflows,0.95,2.4,0
2021-02-26,net_cashflows,0.95,2.4,0
2021-03-01,net_cashflows,0.95,2.4,0
2021-03-02,net_cashflows,0.95,2.4,0
2021-03-03,net_cashflows,0.95,2.4,0
2021-03-04,net_cashflows,0.95,2.0,0
2021-03-05,net_cashflows,0.95,2.0,0
2021-03-08,net_cashflows,0.95,2.0,0
2021-03-09,net_cashflows,0.95,2.0,0
2021-03-10,net_cashflows,0.95,2.0,0
2021-03-11,net_cashflows,0.95,2.0,0
2021-03-12,net_cashflows,0.95,2.0,0
2021-03-15,net_cashflows,0.95,2.0,0
2021-03-16,net_cashflows,0.95,1.6,0
2021-03-17,net_cashflows,0.95,1.6,0
2021-03-18,net_cashflows,0.95,1.6,0
2021-03-19,net_cashflows,0.95,1.6,0
2021-03-22,net_cashflows,0.95,1.6,0
2021-03-23,net_cashflows,0.95,1.6,0
2021-03-24,net_cashflows,0.95,1.6,0
2021-03-25,net_cashflows,0.95,1.6,0
2021-03-26,net_cashflows,0.95,1.6,0
2021-03-29,net_cashflows,0.95,1.6,0
2021-03-30,net_cashflows,0.95,1.6,0
2021-03-31,net_cashflows,0.95,1.2,0
2021-04-01,net_cashflows,0.95,1.6,1
2021-04-06,net_cashflows,0.95,1.6,0
2021-04-07,net_cashflows,0.95,1.6,0
2021-04-08,net_cashflows,0.95,1.6,0
2021-04-09,net_cashflows,0.95,1.6,0
2021-04-12,net_cashflows,0.95,1.6,0
2021-04-13,net_cashflows,0.95,1.6,0
2021-04-14,net_cashflows,0.95,1.6,0
2021-04-15,net_cashflows,0.95,1.6,0
2021-04-16,net_cashflows,0.95,1.6,0
2021-04-19,net_cashflows,0.95,1.6,0
2021-04-20,net_cashflows,0.95,1.6,0
2021-04-21,net_cashflows,0.95,1.6,0
2021-04-22,net_cashflows,0.95,1.6,0
2021-04-23,net_cashflows,0.95,1.6,0
2021-04-26,net_cashflows,0.95,1.6,0
2021-04-27,net_cashflows,0.95,1.6,0
2021-04-28,net_cashflows,0.95,1.6,0
2021-04-29,net_cashflows,0.95,1.6,0
2021-04-30,net_cashflows,0.95,1.6,0
2021-05-03,net_cashflows,0.95,1.6,0
2021-05-04,net_cashflows,0.95,1.6,0
2021-05-05,net_cashflows,0.95,1.6,0
2021-05-06,net_cashflows,0.95,1.6,0
2021-05-07,net_cashflows,0.95,1.6,0
2021-05-10,net_cashflows,0.95,1.6,0
2021-05-11,net_cashflows,0.95,1.6,0
2021-05-12,net_cashflows,0.95,1.6,0
2021-05-13,net_cashflows,0.95,1.6,0
2021-05-14,net_cashflows,0.95,1.6,0
2021-05-17,net_cashflows,0.95,1.6,0
2021-05-18,net_cashflows,0.95,1.6,0
2021-05-19,net_cashflows,0.95,1.6,0
2021-05-20,net_cashflows,0.95,1.6,0
2021-05-21,net_cashflows,0.95,1.6,0
2021-05-24,net_cashflows,0.95,1.6,0
2021-05-25,net_cashflows,0.95,1.6,0
2021-05-26,net_cashflows,0.95,1.6,0
2021-05-27,net_cashflows,0.95,1.2,0
2021-05-28,net_cashflows,0.95,1.2,0
2021-05-31,net_cashflows,0.95,1.2,0
2021-06-01,net_cashflows,0.95,1.2,0
2021-06-02,net_cashflows,0.95,1.2,0
2021-06-03,net_cashflows,0.95,1.6,1
2021-06-04,net_cashflows,0.95,1.6,0
2021-06-07,net_cashflows,0.95,1.6,0
2021-06-08,net_cashflows,0.95,1.6,0
2021-06-09,net_cashflows,0.95,1.6,0
2021-06-10,net_cashflows,0.95,1.6,0
2021-06-11,net_cashflows,0.95,1.6,0
2021-06-14,net_cashflows,0.95,1.6,0
2021-06-15,net_cashflows,0.95,1.6,0
2021-06-16,net_cashflows,0.95,1.6,0
2021-06-17,net_cashflows,0.95,1.6,0
2021-06-18,net_cashflows,0.95,1.6,0
2021-06-21,net_cashflows,0.95,1.6,0
2021-06-22,net_cashflows,0.95,1.6,0
2021-06-23,net_cashflows,0.95,1.6,0
2021-06-24,net_cashflows,0.95,1.6,0
2021-06-25,net_cashflows,0.95,1.6,0
2021-06-28,net_cashflows,0.95,1.6,0
2021-06-29,net_cashflows,0.95,1.6,0
2021-06-30,net_cashflows,0.95,1.6,0
2021-07-01,net_cashflows,0.95,1.6,0
2021-07-02,net_cashflows,0.95,1.6,0
2021-07-05,net_cashflows,0.95,1.6,0
2021-07-06,net_cashflows,0.95,2.0,1
2021-07-07,net_cashflows,0.95,2.0,0
2021-07-08,net_cashflows,0.95,2.0,0
2021-07-09,net_cashflows,0.95,2.0,0
2021-07-12,net_cashflows,0.95,2.0,0
2021-07-13,net_cashflows,0.95,2.0,0
2021-07-14,net_cashflows,0.95,2.0,0
2021-07-15,net_cashflows,0.95,2.0,0
2021-07-16,net_cashflows,0.95,2.0,0
2021-07-19,net_cashflows,0.95,2.0,0
2021-07-20,net_cashflows,0.95,2.0,0
2021-07-21,net_cashflows,0.95,2.0,0
2021-07-22,net_cashflows,0.95,2.0,0
2021-07-23,net_cashflows,0.95,2.0,0
2021-07-26,net_cashflows,0.95,2.0,0
2021-07-27,net_cashflows,0.95,2.0,0
2021-07-28,net_cashflows,0.95,2.0,0
2021-07-29,net_cashflows,0.95,2.0,0
2021-07-30,net_cashflows,0.95,2.0,0
2021-08-02,net_cashflows,0.95,2.0,0
2021-08-03,net_cashflows,0.95,2.0,0
2021-08-04,net_cashflows,0.95,2.0,0
2021-08-05,net_cashflows,0.95,2.0,0
2021-08-06,net_cashflows,0.95,2.0,0
2021-08-09,net_cashflows,0.95,2.0,0
2021-08-10,net_cashflows,0.95,2.0,0
2021-08-11,net_cashflows,0.95,2.0,0
2021-08-12,net_cashflows,0.95,2.4,1
2021-08-13,net_cashflows,0.95,2.4,0
2021-08-16,net_cashflows,0.95,2.4,0
2021-08-17,net_cashflows,0.95,2.0,0
2021-08-18,net_cashflows,0.95,2.0,0
2021-08-19,net_cashflows,0.95,2.0,0
2021-08-20,net_cashflows,0.95,2.0,0
2021-08-23,net_cashflows,0.95,2.0,0
2021-08-24,net_cashflows,0.95,2.0,0
2021-08-25,net_cashflows,0.95,2.0,0
2021-08-26,net_cashflows,0.95,2.0,0
2021-08-27,net_cashflows,0.95,2.0,0
2021-08-30,net_cashflows,0.95,2.0,0
2021-08-31,net_cashflows,0.95,2.0,0
2021-09-01,net_cashflows,0.95,2.0,0
2021-09-02,net_cashflows,0.95,2.0,0
2021-09-03,net_cashflows,0.95,2.0,0
2021-09-06,net_cashflows,0.95,2.0,0
2021-09-07,net_cashflows,0.95,2.0,0
2021-09-08,net_cashflows,0.95,2.0,0
2021-09-09,net_cashflows,0.95,2.0,0
2021-09-10,net_cashflows,0.95,2.0,0
2021-09-13,net_cashflows,0.95,2.4,1
2021-09-14,net_cashflows,0.95,2.4,0
2021-09-15,net_cashflows,0.95,2.4,0
2021-09-16,net_cashflows,0.95,2.4,0
2021-09-17,net_cashflows,0.95,2.4,0
2021-09-20,net_cashflows,0.95,2.4,0
2021-09-21,net_cashflows,0.95,2.4,0
2021-09-22,net_cashflows,0.95,2.4,0
2021-09-23,net_cashflows,0.95,2.4,0
2021-09-24,net_cashflows,0.95,2.4,0
2021-09-27,net_cashflows,0.95,2.4,0
2021-09-28,net_cashflows,0.95,2.4,0
2021-09-29,net_cashflows,0.95,2.4,0
2021-09-30,net_cashflows,0.95,2.4,0
2021-10-01,net_cashflows,0.95,2.4,0
2021-10-04,net_cashflows,0.95,2.4,0
2021-10-05,net_cashflows,0.95,2.4,0
2021-10-06,net_cashflows,0.95,2.4,0
2021-10-07,net_cashflows,0.95,2.4,0
2021-10-08,net_cashflows,0.95,2.4,0
2021-10-11,net_cashflows,0.95,2.4,0
2021-10-12,net_cashflows,0.95,2.4,0
2021-10-13,net_cashflows,0.95,2.4,0
2021-10-14,net_cashflows,0.95,2.4,0
2021-10-15,net_cashflows,0.95,2.4,0
2021-10-18,net_cashflows,0.95,2.4,0
2021-10-19,net_cashflows,0.95,2.4,0
2021-10-20,net_cashflows,0.95,2.4,0
2021-10-21,net_cashflows,0.95,2.4,0
2021-10-22,net_cashflows,0.95,2.4,0
2021-10-25,net_cashflows,0.95,2.4,0
2021-10-26,net_cashflows,0.95,2.4,0
2021-10-27,net_cashflows,0.95,2.4,0
2021-10-28,net_cashflows,0.95,2.4,0
2021-10-29,net_cashflows,0.95,2.4,0
2021-11-01,net_cashflows,0.95,2.4,0
2021-11-02,net_cashflows,0.95,2.4,0
2021-11-03,net_cashflows,0.95,2.4,0
2021-11-04,net_cashflows,0.95,2.4,0
2021-11-05,net_cashflows,0.95,2.4,0
2021-11-08,net_cashflows,0.95,2.4,0
2021-11-09,net_cashflows,0.95,2.4,0
2021-11-10,net_cashflows,0.95,2.4,0
2021-11-11,net_cashflows,0.95,2.4,0
2021-11-12,net_cashflows,0.95,2.4,0
2021-11-15,net_cashflows,0.95,2.4,0
2021-11-16,net_cashflows,0.95,2.4,0
2021-11-17,net_cashflows,0.95,2.4,0
2021-11-18,net_cashflows,0.95,2.4,0
2021-11-19,net_cashflows,0.95,2.4,0
2021-11-22,net_cashflows,0.95,2.4,0
2021-11-23,net_cashflows,0.95,2.4,0
2021-11-24,net_cashflows,0.95,2.8000000000000003,1
2021-11-25,net_cashflows,0.95,2.8000000000000003,0
2021-11-26,net_cashflows,0.95,3.2,1
2021-11-29,net_cashflows,0.95,3.2,0
2021-11-30,net_cashflows,0.95,3.2,0
2021-12-01,net_cashflows,0.95,3.2,0
2021-12-02,net_cashflows,0.95,3.2,0
2021-12-03,net_cashflows,0.95,3.2,0
2021-12-06,net_cashflows,0.95,3.2,0
2021-12-07,net_cashflows,0.95,3.2,0
2021-12-08,net_cashflows,0.95,3.2,0
2021-12-09,net_cashflows,0.95,3.2,0
2021-12-10,net_cashflows,0.95,3.2,0
2021-12-13,net_cashflows,0.95,3.2,0
2021-12-14,net_cashflows,0.95,3.2,0
2021-12-15,net_cashflows,0.95,3.5999999999999996,1
2021-12-16,net_cashflows,0.95,3.5999999999999996,0
2021-12-17,net_cashflows,0.95,3.5999999999999996,0
2021-12-20,net_cashflows,0.95,3.5999999999999996,0
2021-12-21,net_cashflows,0.95,3.5999999999999996,0
2021-12-22,net_cashflows,0.95,3.5999999999999996,0
2021-12-23,net_cashflows,0.95,3.5999999999999996,0
2021-12-24,net_cashflows,0.95,3.5999999999999996,0
2021-12-27,net_cashflows,0.95,3.5999999999999996,0
2021-12-28,net_cashflows,0.95,3.5999999999999996,0
2021-12-29,net_cashflows,0.95,3.5999999999999996,0
2021-12-30,net_cashflows,0.95,3.5999999999999996,0
2021-12-31,net_cashflows,0.95,3.5999999999999996,0
2022-01-03,net_cashflows,0.95,3.5999999999999996,0
2022-01-04,net_cashflows,0.95,3.5999999999999996,0
2022-01-05,net_cashflows,0.95,3.5999999999999996,0
2022-01-06,net_cashflows,0.95,3.5999999999999996,0
2022-01-07,net_cashflows,0.95,3.5999999999999996,0
2022-01-10,net_cashflows,0.95,3.5999999999999996,0
2022-01-11,net_cashflows,0.95,4.0,1
2022-01-12,net_cashflows,0.95,4.0,0
2022-01-13,net_cashflows,0.95,4.0,0
2022-01-14,net_cashflows,0.95,4.0,0
2022-01-17,net_cashflows,0.95,4.0,0
2022-01-18,net_cashflows,0.95,4.0,0
2022-01-19,net_cashflows,0.95,4.0,0
2022-01-20,net_cashflows,0.95,4.0,0
2022-01-21,net_cashflows,0.95,4.0,0
2022-01-24,net_cashflows,0.95,4.0,0
2022-01-25,net_cashflows,0.95,3.5999999999999996,0
2022-01-26,net_cashflows,0.95,3.5999999999999996,0
2022-01-27,net_cashflows,0.95,3.5999999999999996,0
2022-01-28,net_cashflows,0.95,4.0,1
2022-01-31,net_cashflows,0.95,4.0,0
2022-02-01,net_cashflows,0.95,4.0,0
2022-02-02,net_cashflows,0.95,4.0,0
2022-02-03,net_cashflows,0.95,4.0,0
2022-02-04,net_cashflows,0.95,4.0,0
2022-02-07,net_cashflows,0.95,4.0,0
2022-02-08,net_cashflows,0.95,4.0,0
2022-02-09,net_cashflows,0.95,4.0,0
2022-02-10,net_cashflows,0.95,4.0,0
2022-02-11,net_cashflows,0.95,4.0,0
2022-02-14,net_cashflows,0.95,4.0,0
2022-02-15,net_cashflows,0.95,4.0,0
2022-02-16,net_cashflows,0.95,4.0,0
2022-02-17,net_cashflows,0.95,4.0,0
2022-02-18,net_cashflows,0.95,4.0,0
2022-02-21,net_cashflows,0.95,4.0,0
2022-02-22,net_cashflows,0.95,4.0,0
2022-02-23,net_cashflows,0.95,4.0,0
2022-02-24,net_cashflows,0.95,4.0,0
2022-02-25,net_cashflows,0.95,4.0,0
2022-02-28,net_cashflows,0.95,4.0,0
2022-03-01,net_cashflows,0.95,4.0,0
2022-03-02,net_cashflows,0.95,4.0,0
2022-03-03,net_cashflows,0.95,4.0,0
2022-03-04,net_cashflows,0.95,4.0,0
2022-03-07,net_cashflows,0.95,4.0,0
2022-03-08,net_cashflows,0.95,4.0,0
2022-03-09,net_cashflows,0.95,4.0,0
2022-03-10,net_cashflows,0.95,4.0,0
2022-03-11,net_cashflows,0.95,4.0,0
2022-03-14,net_cashflows,0.95,4.0,0
2022-03-15,net_cashflows,0.95,4.0,0
2022-03-16,net_cashflows,0.95,4.0,0
2022-03-17,net_cashflows,0.95,4.0,0
2022-03-18,net_cashflows,0.95,4.0,0
2022-03-21,net_cashflows,0.95,3.5999999999999996,0
2022-03-22,net_cashflows,0.95,3.5999999999999996,0
2022-03-23,net_cashflows,0.95,3.5999999999999996,0
2022-03-24,net_cashflows,0.95,3.5999999999999996,0
2022-03-25,net_cashflows,0.95,3.5999999999999996,0
2022-03-28,net_cashflows,0.95,4.0,1
2022-03-29,net_cashflows,0.95,4.0,0
2022-03-30,net_cashflows,0.95,4.0,0
2022-03-31,net_cashflows,0.95,4.0,0
2022-04-01,net_cashflows,0.95,4.0,0
2022-04-04,net_cashflows,0.95,4.0,0
2022-04-05,net_cashflows,0.95,4.0,0
2022-04-06,net_cashflows,0.95,4.0,0
2022-04-07,net_cashflows,0.95,4.0,0
2022-04-08,net_cashflows,0.95,4.0,0
2022-04-11,net_cashflows,0.95,4.0,0
2022-04-12,net_cashflows,0.95,4.0,0
2022-04-13,net_cashflows,0.95,4.0,0
2022-04-14,net_cashflows,0.95,4.0,0
2022-04-19,net_cashflows,0.95,4.0,0
2022-04-20,net_cashflows,0.95,4.0,0
2022-04-21,net_cashflows,0.95,4.0,0
2022-04-22,net_cashflows,0.95,4.0,0
2022-04-25,net_cashflows,0.95,4.0,0
2022-04-26,net_cashflows,0.95,4.0,0
2022-04-27,net_cashflows,0.95,4.0,0
2022-04-28,net_cashflows,0.95,4.0,0
2022-04-29,net_cashflows,0.95,4.0,0
2022-05-02,net_cashflows,0.95,4.0,0
2022-05-03,net_cashflows,0.95,4.0,0
2022-05-04,net_cashflows,0.95,4.0,0
2022-05-05,net_cashflows,0.95,4.0,0
2022-05-06,net_cashflows,0.95,4.0,0
2022-05-09,net_cashflows,0.95,4.0,0
2022-05-10,net_cashflows,0.95,4.0,0
2022-05-11,net_cashflows,0.95,4.0,0
2022-05-12,net_cashflows,0.95,4.0,0
2022-05-13,net_cashflows,0.95,4.0,0
2022-05-16,net_cashflows,0.95,4.0,0
2022-05-17,net_cashflows,0.95,4.3999999999999995,1
2022-05-18,net_cashflows,0.95,4.3999999999999995,0
2022-05-19,net_cashflows,0.95,4.3999999999999995,0
2022-05-20,net_cashflows,0.95,4.3999999999999995,0
2022-05-23,net_cashflows,0.95,4.0,0
2022-05-24,net_cashflows,0.95,4.0,0
2022-05-25,net_cashflows,0.95,4.0,0
2022-05-26,net_cashflows,0.95,4.0,0
2022-05-27,net_cashflows,0.95,4.0,0
2022-05-30,net_cashflows,0.95,4.0,0
2022-05-31,net_cashflows,0.95,4.0,0
2022-06-01,net_cashflows,0.95,4.0,0
2022-06-02,net_cashflows,0.95,4.0,0
2022-06-03,net_cashflows,0.95,4.0,0
2022-06-06,net_cashflows,0.95,4.0,0
2022-06-07,net_cashflows,0.95,4.0,0
2022-06-08,net_cashflows,0.95,4.0,0
2022-06-09,net_cashflows,0.95,4.0,0
2022-06-10,net_cashflows,0.95,4.0,0
2022-06-13,net_cashflows,0.95,4.0,0
2022-06-14,net_cashflows,0.95,4.3999999999999995,1
2022-06-15,net_cashflows,0.95,4.3999999999999995,0
2022-06-16,net_cashflows,0.95,4.3999999999999995,0
2022-06-17,net_cashflows,0.95,4.3999999999999995,0
2022-06-20,net_cashflows,0.95,4.3999999999999995,0
2022-06-21,net_cashflows,0.95,4.3999999999999995,0
2022-06-22,net_cashflows,0.95,4.3999999999999995,0
2022-06-23,net_cashflows,0.95,4.0,0
2022-06-24,net_cashflows,0.95,4.0,0
2022-06-27,net_cashflows,0.95,4.0,0
2022-06-28,net_cashflows,0.95,4.0,0
2022-06-29,net_cashflows,0.95,4.0,0
2022-06-30,net_cashflows,0.95,4.0,0
2022-07-01,net_cashflows,0.95,4.0,0
2022-07-04,net_cashflows,0.95,4.0,0
2022-07-05,net_cashflows,0.95,4.0,0
2022-07-06,net_cashflows,0.95,4.0,0
2022-07-07,net_cashflows,0.95,4.0,0
2022-07-08,net_cashflows,0.95,4.0,0
2022-07-11,net_cashflows,0.95,4.0,0
2022-07-12,net_cashflows,0.95,4.0,0
2022-07-13,net_cashflows,0.95,4.0,0
2022-07-14,net_cashflows,0.95,4.0,0
2022-07-15,net_cashflows,0.95,4.0,0
2022-07-18,net_cashflows,0.95,4.0,0
2022-07-19,net_cashflows,0.95,4.0,0
2022-07-20,net_cashflows,0.95,4.3999999999999995,1
2022-07-21,net_cashflows,0.95,4.3999999999999995,0
2022-07-22,net_cashflows,0.95,4.3999999999999995,0
2022-07-25,net_cashflows,0.95,4.3999999999999995,0
2022-07-26,net_cashflows,0.95,4.3999999999999995,0
2022-07-27,net_cashflows,0.95,4.8,1
2022-07-28,net_cashflows,0.95,5.2,1
2022-07-29,net_cashflows,0.95,5.2,0
2022-08-01,net_cashflows,0.95,4.8,0
2022-08-02,net_cashflows,0.95,4.8,0
2022-08-03,net_cashflows,0.95,4.8,0
2022-08-04,net_cashflows,0.95,4.8,0
2022-08-05,net_cashflows,0.95,4.8,0
2022-08-08,net_cashflows,0.95,4.8,0
2022-08-09,net_cashflows,0.95,5.2,1
2022-08-10,net_cashflows,0.95,5.2,0
2022-08-11,net_cashflows,0.95,5.2,0
2022-08-12,net_cashflows,0.95,5.2,0
2022-08-15,net_cashflows,0.95,5.2,0
2022-08-16,net_cashflows,0.95,5.2,0
2022-08-17,net_cashflows,0.95,5.2,0
2022-08-18,net_cashflows,0.95,5.2,0
2022-08-19,net_cashflows,0.95,5.2,0
2022-08-22,net_cashflows,0.95,5.2,0
2022-08-23,net_cashflows,0.95,5.2,0
2022-08-24,net_cashflows,0.95,5.2,0
2022-08-25,net_cashflows,0.95,5.2,0
2022-08-26,net_cashflows,0.95,5.2,0
2022-08-29,net_cashflows,0.95,5.2,0
2022-08-30,net_cashflows,0.95,5.2,0
2022-08-31,net_cashflows,0.95,4.8,0
2022-09-01,net_cashflows,0.95,4.8,0
2022-09-02,net_cashflows,0.95,4.8,0
2022-09-05,net_cashflows,0.95,4.8,0
2022-09-06,net_cashflows,0.95,5.2,1
2022-09-07,net_cashflows,0.95,5.6000000000000005,1
2022-09-08,net_cashflows,0.95,5.6000000000000005,0
2022-09-09,net_cashflows,0.95,5.6000000000000005,0
2022-09-12,net_cashflows,0.95,5.6000000000000005,0
2022-09-13,net_cashflows,0.95,5.6000000000000005,0
2022-09-14,net_cashflows,0.95,5.6000000000000005,0
2022-09-15,net_cashflows,0.95,5.6000000000000005,0
2022-09-16,net_cashflows,0.95,5.6000000000000005,0
2022-09-19,net_cashflows,0.95,5.6000000000000005,0
2022-09-20,net_cashflows,0.95,6.0,1
2022-09-21,net_cashflows,0.95,6.0,0
2022-09-22,net_cashflows,0.95,6.0,0
2022-09-23,net_cashflows,0.95,6.0,0
2022-09-26,net_cashflows,0.95,6.0,0
2022-09-27,net_cashflows,0.95,6.0,0
2022-09-28,net_cashflows,0.95,6.0,0
2022-09-29,net_cashflows,0.95,6.0,0
2022-09-30,net_cashflows,0.95,6.0,0
2022-10-03,net_cashflows,0.95,6.0,0
2022-10-04,net_cashflows,0.95,6.0,0
2022-10-05,net_cashflows,0.95,6.0,0
2022-10-06,net_cashflows,0.95,6.0,0
2022-10-07,net_cashflows,0.95,6.0,0
2022-10-10,net_cashflows,0.95,6.0,0
2022-10-11,net_cashflows,0.95,6.0,0
2022-10-12,net_cashflows,0.95,6.0,0
2022-10-13,net_cashflows,0.95,6.0,0
2022-10-14,net_cashflows,0.95,6.0,0
2022-10-17,net_cashflows,0.95,6.0,0
2022-10-18,net_cashflows,0.95,6.0,0
2022-10-19,net_cashflows,0.95,6.0,0
2022-10-20,net_cashflows,0.95,6.4,1
2022-10-21,net_cashflows,0.95,6.4,0
2022-10-24,net_cashflows,0.95,6.800000000000001,1
2022-10-25,net_cashflows,0.95,6.800000000000001,0
2022-10-26,net_cashflows,0.95,6.800000000000001,0
2022-10-27,net_cashflows,0.95,6.800000000000001,0
2022-10-28,net_cashflows,0.95,7.199999999999999,1
2022-10-31,net_cashflows,0.95,7.199999999999999,0
2022-11-01,net_cashflows,0.95,7.199999999999999,0
2022-11-02,net_cashflows,0.95,7.6,1
2022-11-03,net_cashflows,0.95,7.6,0
2022-11-04,net_cashflows,0.95,7.6,0
2022-11-07,net_cashflows,0.95,7.6,0
2022-11-08,net_cashflows,0.95,7.6,0
2022-11-09,net_cashflows,0.95,8.0,1
2022-11-10,net_cashflows,0.95,8.0,0
2022-11-11,net_cashflows,0.95,7.6,0
2022-11-14,net_cashflows,0.95,7.6,0
2022-11-15,net_cashflows,0.95,7.199999999999999,0
2022-11-16,net_cashflows,0.95,7.199999999999999,0
2022-11-17,net_cashflows,0.95,7.199999999999999,0
2022-11-18,net_cashflows,0.95,7.199999999999999,0
2022-11-21,net_cashflows,0.95,7.199999999999999,0
2022-11-22,net_cashflows,0.95,7.6,1
2022-11-23,net_cashflows,0.95,7.6,0
2022-11-24,net_cashflows,0.95,7.6,0
2022-11-25,net_cashflows,0.95,7.6,0
2022-11-28,net_cashflows,0.95,7.6,0
2022-11-29,net_cashflows,0.95,8.0,1
2022-11-30,net_cashflows,0.95,8.4,1
2022-12-01,net_cashflows,0.95,8.4,0
2022-12-02,net_cashflows,0.95,8.0,0
2022-12-05,net_cashflows,0.95,8.0,0
2022-12-06,net_cashflows,0.95,8.0,0
2022-12-07,net_cashflows,0.95,8.0,0
2022-12-08,net_cashflows,0.95,8.0,0
2022-12-09,net_cashflows,0.95,8.0,0
2022-12-12,net_cashflows,0.95,8.4,1
2022-12-13,net_cashflows,0.95,8.4,0
2022-12-14,net_cashflows,0.95,8.4,0
2022-12-15,net_cashflows,0.95,8.4,0
2022-12-16,net_cashflows,0.95,8.799999999999999,1
2022-12-19,net_cashflows,0.95,8.799999999999999,0
2022-12-20,net_cashflows,0.95,8.799999999999999,0
2022-12-21,net_cashflows,0.95,8.799999999999999,0
2022-12-22,net_cashflows,0.95,8.799999999999999,0
2022-12-23,net_cashflows,0.95,8.799999999999999,0
2022-12-27,net_cashflows,0.95,8.799999999999999,0
2022-12-28,net_cashflows,0.95,8.799999999999999,0
2022-12-29,net_cashflows,0.95,8.799999999999999,0
2022-12-30,net_cashflows,0.95,8.4,0
2023-01-02,net_cashflows,0.95,8.4,0
2023-01-03,net_cashflows,0.95,8.4,0
2023-01-04,net_cashflows,0.95,8.4,0
2023-01-05,net_cashflows,0.95,8.799999999999999,1
2023-01-06,net_cashflows,0.95,8.799999999999999,0
2023-01-09,net_cashflows,0.95,8.799999999999999,0
2023-01-10,net_cashflows,0.95,8.799999999999999,0
2023-01-11,net_cashflows,0.95,9.2,1
2023-01-12,net_cashflows,0.95,9.2,0
2023-01-13,net_cashflows,0.95,9.2,0
2023-01-16,net_cashflows,0.95,9.2,0
2023-01-17,net_cashflows,0.95,9.2,0
2023-01-18,net_cashflows,0.95,8.799999999999999,0
2023-01-19,net_cashflows,0.95,8.799999999999999,0
2023-01-20,net_cashflows,0.95,8.799999999999999,0
2023-01-23,net_cashflows,0.95,8.799999999999999,0
2023-01-24,net_cashflows,0.95,8.799999999999999,0
2023-01-25,net_cashflows,0.95,8.799999999999999,0
2023-01-26,net_cashflows,0.95,8.799999999999999,0
2023-01-27,net_cashflows,0.95,8.799999999999999,0
2023-01-30,net_cashflows,0.95,8.799999999999999,0
2023-01-31,net_cashflows,0.95,9.2,1
2023-02-01,net_cashflows,0.95,9.2,0
2023-02-02,net_cashflows,0.95,9.2,0
2023-02-03,net_cashflows,0.95,9.2,0
2023-02-06,net_cashflows,0.95,9.2,0
2023-02-07,net_cashflows,0.95,9.2,0
2023-02-08,net_cashflows,0.95,9.2,0
2023-02-09,net_cashflows,0.95,9.2,0
2023-02-10,net_cashflows,0.95,9.2,0
2023-02-13,net_cashflows,0.95,9.2,0
2023-02-14,net_cashflows,0.95,9.2,0
2023-02-15,net_cashflows,0.95,9.2,0
2023-02-16,net_cashflows,0.95,9.2,0
2023-02-17,net_cashflows,0.95,9.2,0
2023-02-20,net_cashflows,0.95,9.2,0
2023-02-21,net_cashflows,0.95,9.2,0
2023-02-22,net_cashflows,0.95,9.2,0
2023-02-23,net_cashflows,0.95,9.2,0
2023-02-24,net_cashflows,0.95,9.2,0
2023-02-27,net_cashflows,0.95,9.2,0
2023-02-28,net_cashflows,0.95,9.2,0
2023-03-01,net_cashflows,0.95,9.2,0
2023-03-02,net_cashflows,0.95,9.2,0
2023-03-03,net_cashflows,0.95,9.2,0
2023-03-06,net_cashflows,0.95,9.2,0
2023-03-07,net_cashflows,0.95,9.2,0
2023-03-08,net_cashflows,0.95,9.2,0
2023-03-09,net_cashflows,0.95,9.6,1
2023-03-10,net_cashflows,0.95,9.6,0
2023-03-13,net_cashflows,0.95,9.6,0
2023-03-14,net_cashflows,0.95,9.6,0
2023-03-15,net_cashflows,0.95,9.6,0
2023-03-16,net_cashflows,0.95,9.2,0
2023-03-17,net_cashflows,0.95,9.2,0
2023-03-20,net_cashflows,0.95,9.2,0
2023-03-21,net_cashflows,0.95,9.2,0
2023-03-22,net_cashflows,0.95,9.2,0
2023-03-23,net_cashflows,0.95,9.2,0
2023-03-24,net_cashflows,0.95,9.2,0
2023-03-27,net_cashflows,0.95,9.2,0
2023-03-28,net_cashflows,0.95,9.2,0
2023-03-29,net_cashflows,0.95,9.2,0
2023-03-30,net_cashflows,0.95,9.2,0
2023-03-31,net_cashflows,0.95,9.2,0
2023-04-03,net_cashflows,0.95,9.6,1
2023-04-04,net_cashflows,0.95,9.6,0
2023-04-05,net_cashflows,0.95,9.6,0
2023-04-06,net_cashflows,0.95,9.6,0
2023-04-11,net_cashflows,0.95,9.6,0
2023-04-12,net_cashflows,0.95,9.6,0
2023-04-13,net_cashflows,0.95,9.6,0
2023-04-14,net_cashflows,0.95,9.6,0
2023-04-17,net_cashflows,0.95,9.6,0
2023-04-18,net_cashflows,0.95,9.6,0
2023-04-19,net_cashflows,0.95,9.6,0
2023-04-20,net_cashflows,0.95,9.6,0
2023-04-21,net_cashflows,0.95,9.6,0
2023-04-24,net_cashflows,0.95,9.6,0
2023-04-25,net_cashflows,0.95,9.6,0
2023-04-26,net_cashflows,0.95,9.6,0
2023-04-27,net_cashflows,0.95,9.6,0
2023-04-28,net_cashflows,0.95,10.0,1
2023-05-02,net_cashflows,0.95,10.0,0
2023-05-03,net_cashflows,0.95,10.0,0
2023-05-04,net_cashflows,0.95,10.0,0
2023-05-05,net_cashflows,0.95,10.0,0
2023-05-08,net_cashflows,0.95,9.6,0
2023-05-09,net_cashflows,0.95,9.6,0
2023-05-10,net_cashflows,0.95,9.6,0
2023-05-11,net_cashflows,0.95,9.6,0
2023-05-12,net_cashflows,0.95,9.6,0
2023-05-15,net_cashflows,0.95,9.6,0
2023-05-16,net_cashflows,0.95,9.6,0
2023-05-17,net_cashflows,0.95,9.6,0
2023-05-18,net_cashflows,0.95,9.6,0
2023-05-19,net_cashflows,0.95,9.6,0
2023-05-22,net_cashflows,0.95,9.6,0
2023-05-23,net_cashflows,0.95,9.6,0
2023-05-24,net_cashflows,0.95,9.6,0
2023-05-25,net_cashflows,0.95,9.6,0
2023-05-26,net_cashflows,0.95,9.6,0
2023-05-29,net_cashflows,0.95,9.6,0
2023-05-30,net_cashflows,0.95,9.6,0
2023-05-31,net_cashflows,0.95,9.6,0
2023-06-01,net_cashflows,0.95,9.6,0
2023-06-02,net_cashflows,0.95,9.6,0
2023-06-05,net_cashflows,0.95,9.2,0
2023-06-06,net_cashflows,0.95,9.2,0
2023-06-07,net_cashflows,0.95,9.2,0
2023-06-08,net_cashflows,0.95,9.2,0
2023-06-09,net_cashflows,0.95,9.2,0
2023-06-12,net_cashflows,0.95,9.2,0
2023-06-13,net_cashflows,0.95,9.2,0
2023-06-14,net_cashflows,0.95,9.2,0
2023-06-15,net_cashflows,0.95,9.2,0
2023-06-16,net_cashflows,0.95,9.2,0
2023-06-19,net_cashflows,0.95,9.2,0
2023-06-20,net_cashflows,0.95,9.2,0
2023-06-21,net_cashflows,0.95,9.2,0
2023-06-22,net_cashflows,0.95,9.2,0
2023-06-23,net_cashflows,0.95,9.2,0
2023-06-26,net_cashflows,0.95,9.2,0
2023-06-27,net_cashflows,0.95,9.2,0
2023-06-28,net_cashflows,0.95,9.2,0
2023-06-29,net_cashflows,0.95,9.2,0
2023-06-30,net_cashflows,0.95,9.2,0
2023-07-03,net_cashflows,0.95,9.2,0
2023-07-04,net_cashflows,0.95,9.2,0
2023-07-05,net_cashflows,0.95,9.2,0
2023-07-06,net_cashflows,0.95,9.6,1
2023-07-07,net_cashflows,0.95,10.0,1
2023-07-10,net_cashflows,0.95,10.0,0
2023-07-11,net_cashflows,0.95,10.0,1
2023-07-12,net_cashflows,0.95,10.0,0
2023-07-13,net_cashflows,0.95,10.0,0
2023-07-14,net_cashflows,0.95,10.0,0
2023-07-17,net_cashflows,0.95,10.0,0
2023-07-18,net_cashflows,0.95,9.6,0
2023-07-19,net_cashflows,0.95,9.2,0
2023-07-20,net_cashflows,0.95,9.2,0
2023-07-21,net_cashflows,0.95,9.2,0
2023-07-24,net_cashflows,0.95,9.2,0
2023-07-25,net_cashflows,0.95,9.2,0
2023-07-26,net_cashflows,0.95,9.2,0
2023-07-27,net_cashflows,0.95,9.2,0
2023-07-28,net_cashflows,0.95,9.2,0
2023-07-31,net_cashflows,0.95,8.799999999999999,0
2023-08-01,net_cashflows,0.95,8.799999999999999,0
2023-08-02,net_cashflows,0.95,8.799999999999999,0
2023-08-03,net_cashflows,0.95,8.799999999999999,0
2023-08-04,net_cashflows,0.95,8.799999999999999,0
2023-08-07,net_cashflows,0.95,8.799999999999999,0
2023-08-08,net_cashflows,0.95,8.799999999999999,0
2023-08-09,net_cashflows,0.95,8.799999999999999,0
2023-08-10,net_cashflows,0.95,8.799999999999999,0
2023-08-11,net_cashflows,0.95,8.799999999999999,0
2023-08-14,net_cashflows,0.95,8.799999999999999,0
2023-08-15,net_cashflows,0.95,8.799999999999999,0
2023-08-16,net_cashflows,0.95,8.799999999999999,0
2023-08-17,net_cashflows,0.95,8.799999999999999,0
2023-08-18,net_cashflows,0.95,8.799999999999999,0
2023-08-21,net_cashflows,0.95,8.799999999999999,0
2023-08-22,net_cashflows,0.95,8.799999999999999,0
2023-08-23,net_cashflows,0.95,8.799999999999999,0
2023-08-24,net_cashflows,0.95,8.799999999999999,0
2023-08-25,net_cashflows,0.95,8.799999999999999,0
2023-08-28,net_cashflows,0.95,8.4,0
2023-08-29,net_cashflows,0.95,8.0,0
2023-08-30,net_cashflows,0.95,8.0,0
2023-08-31,net_cashflows,0.95,8.0,0
2023-09-01,net_cashflows,0.95,8.0,0
2023-09-04,net_cashflows,0.95,8.0,0
2023-09-05,net_cashflows,0.95,8.0,0
2023-09-06,net_cashflows,0.95,8.0,0
2023-09-07,net_cashflows,0.95,8.0,0
2023-09-08,net_cashflows,0.95,8.0,0
2023-09-11,net_cashflows,0.95,7.6,0
2023-09-12,net_cashflows,0.95,7.6,0
2023-09-13,net_cashflows,0.95,7.6,0
2023-09-14,net_cashflows,0.95,7.6,0
2023-09-15,net_cashflows,0.95,7.6,0
2023-09-18,net_cashflows,0.95,7.6,0
2023-09-19,net_cashflows,0.95,7.6,0
2023-09-20,net_cashflows,0.95,7.6,0
2023-09-21,net_cashflows,0.95,7.6,0
2023-09-22,net_cashflows,0.95,7.6,0
2023-09-25,net_cashflows,0.95,7.6,0
2023-09-26,net_cashflows,0.95,7.6,0
2023-09-27,net_cashflows,0.95,7.6,0
2023-09-28,net_cashflows,0.95,7.6,0
2023-09-29,net_cashflows,0.95,7.6,0
2023-10-02,net_cashflows,0.95,7.6,0
2023-10-03,net_cashflows,0.95,7.6,0
2023-10-04,net_cashflows,0.95,7.6,0
2023-10-05,net_cashflows,0.95,7.6,0
2023-10-06,net_cashflows,0.95,7.6,0
2023-10-09,net_cashflows,0.95,7.6,0
2023-10-10,net_cashflows,0.95,7.6,0
2023-10-11,net_cashflows,0.95,7.199999999999999,0
2023-10-12,net_cashflows,0.95,7.199999999999999,0
2023-10-13,net_cashflows,0.95,6.800000000000001,0
2023-10-16,net_cashflows,0.95,6.800000000000001,0
2023-10-17,net_cashflows,0.95,6.800000000000001,0
2023-10-18,net_cashflows,0.95,6.800000000000001,0
2023-10-19,net_cashflows,0.95,6.4,0
2023-10-20,net_cashflows,0.95,6.4,0
2023-10-23,net_cashflows,0.95,6.4,0
2023-10-24,net_cashflows,0.95,6.0,0
2023-10-25,net_cashflows,0.95,6.0,0
2023-10-26,net_cashflows,0.95,6.0,0
2023-10-27,net_cashflows,0.95,6.0,0
2023-10-30,net_cashflows,0.95,6.0,0
2023-10-31,net_cashflows,0.95,6.0,1
2023-11-01,net_cashflows,0.95,6.0,0
2023-11-02,net_cashflows,0.95,6.0,0
2023-11-03,net_cashflows,0.95,6.0,0
2023-11-06,net_cashflows,0.95,6.0,0
2023-11-07,net_cashflows,0.95,6.0,0
2023-11-08,net_cashflows,0.95,6.0,0
2023-11-09,net_cashflows,0.95,6.0,0
2023-11-10,net_cashflows,0.95,6.0,0
2023-11-13,net_cashflows,0.95,6.0,1
2023-11-14,net_cashflows,0.95,6.0,0
2023-11-15,net_cashflows,0.95,6.4,1
2023-11-16,net_cashflows,0.95,6.4,0
2023-11-17,net_cashflows,0.95,6.4,0
2023-11-20,net_cashflows,0.95,6.0,0
2023-11-21,net_cashflows,0.95,5.6000000000000005,0
2023-11-22,net_cashflows,0.95,5.6000000000000005,0
2023-11-23,net_cashflows,0.95,5.6000000000000005,0
2023-11-24,net_cashflows,0.95,5.6000000000000005,0
2023-11-27,net_cashflows,0.95,5.6000000000000005,0
2023-11-28,net_cashflows,0.95,5.6000000000000005,0
2023-11-29,net_cashflows,0.95,5.6000000000000005,0
2023-11-30,net_cashflows,0.95,6.0,1
2023-12-01,net_cashflows,0.95,5.6000000000000005,0
2023-12-04,net_cashflows,0.95,5.6000000000000005,0
2023-12-05,net_cashflows,0.95,6.0,1
2023-12-06,net_cashflows,0.95,6.0,0
2023-12-07,net_cashflows,0.95,5.6000000000000005,0
2023-12-08,net_cashflows,0.95,6.0,1
2023-12-11,net_cashflows,0.95,6.0,0
2023-12-12,net_cashflows,0.95,6.4,1
2023-12-13,net_cashflows,0.95,6.4,0
2023-12-14,net_cashflows,0.95,6.4,0
2023-12-15,net_cashflows,0.95,6.4,0
2023-12-18,net_cashflows,0.95,6.4,0
2023-12-19,net_cashflows,0.95,6.4,0
2023-12-20,net_cashflows,0.95,6.4,0
2023-12-21,net_cashflows,0.95,6.4,0
2023-12-22,net_cashflows,0.95,6.800000000000001,1
2023-12-27,net_cashflows,0.95,6.800000000000001,0
2023-12-28,net_cashflows,0.95,6.4,0
2023-12-29,net_cashflows,0.95,6.4,0
2024-01-02,net_cashflows,0.95,6.4,0
2024-01-03,net_cashflows,0.95,6.4,0
2024-01-04,net_cashflows,0.95,6.0,0
2024-01-05,net_cashflows,0.95,6.0,0
2024-01-08,net_cashflows,0.95,6.0,0
2024-01-09,net_cashflows,0.95,6.0,0
2024-01-10,net_cashflows,0.95,6.0,0
2024-01-11,net_cashflows,0.95,6.0,0
2024-01-12,net_cashflows,0.95,6.0,0
2024-01-15,net_cashflows,0.95,6.0,0
2024-01-16,net_cashflows,0.95,6.0,0
2024-01-17,net_cashflows,0.95,6.0,0
2024-01-18,net_cashflows,0.95,6.0,0
2024-01-19,net_cashflows,0.95,6.0,0
2024-01-22,net_cashflows,0.95,6.0,0
2024-01-23,net_cashflows,0.95,6.0,0
2024-01-24,net_cashflows,0.95,5.6000000000000005,0
2024-01-25,net_cashflows,0.95,5.6000000000000005,0
2024-01-26,net_cashflows,0.95,5.6000000000000005,0
2024-01-29,net_cashflows,0.95,5.6000000000000005,0
2024-01-30,net_cashflows,0.95,5.6000000000000005,0
2024-01-31,net_cashflows,0.95,5.6000000000000005,0
2024-02-01,net_cashflows,0.95,5.6000000000000005,0
2024-02-02,net_cashflows,0.95,5.6000000000000005,0
2024-02-05,net_cashflows,0.95,5.6000000000000005,0
2024-02-06,net_cashflows,0.95,5.6000000000000005,0
2024-02-07,net_cashflows,0.95,5.6000000000000005,0
2024-02-08,net_cashflows,0.95,5.6000000000000005,0
2024-02-09,net_cashflows,0.95,5.6000000000000005,0
2024-02-12,net_cashflows,0.95,5.6000000000000005,0
2024-02-13,net_cashflows,0.95,5.6000000000000005,0
2024-02-14,net_cashflows,0.95,5.6000000000000005,0
2024-02-15,net_cashflows,0.95,5.6000000000000005,0
2024-02-16,net_cashflows,0.95,5.6000000000000005,0
2024-02-19,net_cashflows,0.95,5.6000000000000005,0
2024-02-20,net_cashflows,0.95,5.6000000000000005,0
2024-02-21,net_cashflows,0.95,5.6000000000000005,0
2024-02-22,net_cashflows,0.95,5.6000000000000005,0
2024-02-23,net_cashflows,0.95,5.6000000000000005,0
2024-02-26,net_cashflows,0.95,5.6000000000000005,0
2024-02-27,net_cashflows,0.95,5.6000000000000005,0
2024-02-28,net_cashflows,0.95,5.6000000000000005,0
2024-02-29,net_cashflows,0.95,5.6000000000000005,0
2024-03-01,net_cashflows,0.95,5.2,0
2024-03-04,net_cashflows,0.95,5.2,0
2024-03-05,net_cashflows,0.95,5.6000000000000005,1
2024-03-06,net_cashflows,0.95,5.6000000000000005,0
2024-03-07,net_cashflows,0.95,5.6000000000000005,0
2024-03-08,net_cashflows,0.95,5.6000000000000005,0
2024-03-11,net_cashflows,0.95,5.6000000000000005,0
2024-03-12,net_cashflows,0.95,5.6000000000000005,0
2024-03-13,net_cashflows,0.95,5.6000000000000005,0
2024-03-14,net_cashflows,0.95,5.6000000000000005,0
2024-03-15,net_cashflows,0.95,5.6000000000000005,0
2024-03-18,net_cashflows,0.95,5.6000000000000005,0
2024-03-19,net_cashflows,0.95,5.6000000000000005,0
2024-03-20,net_cashflows,0.95,5.6000000000000005,0
2024-03-21,net_cashflows,0.95,5.6000000000000005,0
2024-03-22,net_cashflows,0.95,5.6000000000000005,0
2024-03-25,net_cashflows,0.95,5.6000000000000005,0
2024-03-26,net_cashflows,0.95,5.2,0
2024-03-27,net_cashflows,0.95,5.2,0
2024-03-28,net_cashflows,0.95,5.2,0
2024-04-02,net_cashflows,0.95,5.2,0
2024-04-03,net_cashflows,0.95,5.2,0
2024-04-04,net_cashflows,0.95,5.2,0
2024-04-05,net_cashflows,0.95,5.2,0
2024-04-08,net_cashflows,0.95,5.2,0
2024-04-09,net_cashflows,0.95,5.2,0
2024-04-10,net_cashflows,0.95,5.2,0
2024-04-11,net_cashflows,0.95,5.2,0
2024-04-12,net_cashflows,0.95,5.2,0
2024-04-15,net_cashflows,0.95,5.2,0
2024-04-16,net_cashflows,0.95,5.2,0
2024-04-17,net_cashflows,0.95,5.2,0
2024-04-18,net_cashflows,0.95,5.2,0
2024-04-19,net_cashflows,0.95,5.2,0
2024-04-22,net_cashflows,0.95,4.8,0
2024-04-23,net_cashflows,0.95,4.8,0
2024-04-24,net_cashflows,0.95,4.8,0
2024-04-25,net_cashflows,0.95,4.8,0
2024-04-26,net_cashflows,0.95,4.8,0
2024-04-29,net_cashflows,0.95,5.2,1
2024-04-30,net_cashflows,0.95,5.6000000000000005,1
2024-05-02,net_cashflows,0.95,5.6000000000000005,0
2024-05-03,net_cashflows,0.95,5.6000000000000005,0
2024-05-06,net_cashflows,0.95,5.6000000000000005,0
2024-05-07,net_cashflows,0.95,5.6000000000000005,0
2024-05-08,net_cashflows,0.95,5.6000000000000005,0
2024-05-09,net_cashflows,0.95,5.6000000000000005,0
2024-05-10,net_cashflows,0.95,5.6000000000000005,0
2024-05-13,net_cashflows,0.95,5.6000000000000005,0
2024-05-14,net_cashflows,0.95,5.6000000000000005,0
2024-05-15,net_cashflows,0.95,5.6000000000000005,0
2024-05-16,net_cashflows,0.95,5.6000000000000005,0
2024-05-17,net_cashflows,0.95,5.6000000000000005,0
2024-05-20,net_cashflows,0.95,5.6000000000000005,0
2024-05-21,net_cashflows,0.95,5.6000000000000005,0
2024-05-22,net_cashflows,0.95,5.6000000000000005,0
2024-05-23,net_cashflows,0.95,5.6000000000000005,0
2024-05-24,net_cashflows,0.95,5.6000000000000005,0
2024-05-27,net_cashflows,0.95,5.6000000000000005,0
2024-05-28,net_cashflows,0.95,5.6000000000000005,0
2024-05-29,net_cashflows,0.95,5.6000000000000005,0
2024-05-30,net_cashflows,0.95,5.6000000000000005,0
2024-05-31,net_cashflows,0.95,6.0,1
2024-06-03,net_cashflows,0.95,6.0,0
2024-06-04,net_cashflows,0.95,6.0,0
2024-06-05,net_cashflows,0.95,6.0,0
2024-06-06,net_cashflows,0.95,6.0,0
2024-06-07,net_cashflows,0.95,6.0,0
2024-06-10,net_cashflows,0.95,6.0,0
2024-06-11,net_cashflows,0.95,6.0,0
2024-06-12,net_cashflows,0.95,6.0,0
2024-06-13,net_cashflows,0.95,6.0,0
2024-06-14,net_cashflows,0.95,6.0,0
2024-06-17,net_cashflows,0.95,6.0,0
2024-06-18,net_cashflows,0.95,6.0,0
2024-06-19,net_cashflows,0.95,6.0,0
2024-06-20,net_cashflows,0.95,6.0,0
2024-06-21,net_cashflows,0.95,6.0,0
2024-06-24,net_cashflows,0.95,6.0,0
2024-06-25,net_cashflows,0.95,6.0,0
2024-06-26,net_cashflows,0.95,6.0,0
2024-06-27,net_cashflows,0.95,6.0,0
2024-06-28,net_cashflows,0.95,5.6000000000000005,0
2024-07-01,net_cashflows,0.95,5.2,0
2024-07-02,net_cashflows,0.95,5.2,0
2024-07-03,net_cashflows,0.95,4.8,0
2024-07-04,net_cashflows,0.95,4.8,0
2024-07-05,net_cashflows,0.95,4.8,0
2024-07-08,net_cashflows,0.95,4.8,0
2024-07-09,net_cashflows,0.95,4.8,0
2024-07-10,net_cashflows,0.95,5.2,1
2024-07-11,net_cashflows,0.95,5.2,0
2024-07-12,net_cashflows,0.95,5.2,0
2024-07-15,net_cashflows,0.95,5.6000000000000005,1
2024-07-16,net_cashflows,0.95,5.6000000000000005,0
2024-07-17,net_cashflows,0.95,5.6000000000000005,0
2024-07-18,net_cashflows,0.95,5.6000000000000005,0
2024-07-19,net_cashflows,0.95,5.6000000000000005,0
2024-07-22,net_cashflows,0.95,6.0,1
2024-07-23,net_cashflows,0.95,6.4,1
2024-07-24,net_cashflows,0.95,6.4,0
2024-07-25,net_cashflows,0.95,6.4,0
2024-07-26,net_cashflows,0.95,6.4,0
2024-07-29,net_cashflows,0.95,6.800000000000001,1
2024-07-30,net_cashflows,0.95,6.800000000000001,0
2024-07-31,net_cashflows,0.95,6.800000000000001,0
2024-08-01,net_cashflows,0.95,7.199999999999999,1
2024-08-02,net_cashflows,0.95,7.199999999999999,0
2024-08-05,net_cashflows,0.95,7.199999999999999,0
2024-08-06,net_cashflows,0.95,7.199999999999999,0
2024-08-07,net_cashflows,0.95,7.199999999999999,0
2024-08-08,net_cashflows,0.95,7.199999999999999,0
2024-08-09,net_cashflows,0.95,7.199999999999999,0
2024-08-12,net_cashflows,0.95,7.199999999999999,0
2024-08-13,net_cashflows,0.95,7.199999999999999,0
2024-08-14,net_cashflows,0.95,7.199999999999999,0
2024-08-15,net_cashflows,0.95,7.199999999999999,0
2024-08-16,net_cashflows,0.95,7.199999999999999,0
2024-08-19,net_cashflows,0.95,7.199999999999999,0
2024-08-20,net_cashflows,0.95,7.199999999999999,0
2024-08-21,net_cashflows,0.95,7.199999999999999,0
2024-08-22,net_cashflows,0.95,7.199999999999999,0
2024-08-23,net_cashflows,0.95,7.199999999999999,0
2024-08-26,net_cashflows,0.95,7.199999999999999,0
2024-08-27,net_cashflows,0.95,7.199999999999999,0
2024-08-28,net_cashflows,0.95,7.199999999999999,0
2024-08-29,net_cashflows,0.95,7.199999999999999,0
2024-08-30,net_cashflows,0.95,7.199999999999999,0
2024-09-02,net_cashflows,0.95,7.199999999999999,0
2024-09-03,net_cashflows,0.95,7.199999999999999,0
2024-09-04,net_cashflows,0.95,7.199999999999999,0
2024-09-05,net_cashflows,0.95,7.199999999999999,0
2024-09-06,net_cashflows,0.95,7.199999999999999,0
2024-09-09,net_cashflows,0.95,7.199999999999999,0
2024-09-10,net_cashflows,0.95,7.199999999999999,0
2024-09-11,net_cashflows,0.95,7.6,1
2024-09-12,net_cashflows,0.95,7.6,0
2024-09-13,net_cashflows,0.95,7.6,0
2024-09-16,net_cashflows,0.95,7.6,0
2024-09-17,net_cashflows,0.95,7.6,0
2024-09-18,net_cashflows,0.95,7.6,0
2024-09-19,net_cashflows,0.95,7.6,0
2024-09-20,net_cashflows,0.95,7.6,0
2024-09-23,net_cashflows,0.95,7.6,0
2024-09-24,net_cashflows,0.95,7.6,0
2024-09-25,net_cashflows,0.95,7.6,0
2024-09-26,net_cashflows,0.95,7.6,0
2024-09-27,net_cashflows,0.95,7.6,0
2024-09-30,net_cashflows,0.95,7.6,0
2024-10-01,net_cashflows,0.95,7.6,0
2024-10-02,net_cashflows,0.95,7.6,0
2024-10-03,net_cashflows,0.95,7.6,0
2024-10-04,net_cashflows,0.95,7.6,0
2024-10-07,net_cashflows,0.95,7.6,0
2024-10-08,net_cashflows,0.95,7.6,0
2024-10-09,net_cashflows,0.95,7.6,0
2024-10-10,net_cashflows,0.95,7.6,0
2024-10-11,net_cashflows,0.95,7.6,0
2024-10-14,net_cashflows,0.95,7.6,0
2024-10-15,net_cashflows,0.95,7.6,0
2024-10-16,net_cashflows,0.95,7.6,0
2024-10-17,net_cashflows,0.95,7.6,0
2024-10-18,net_cashflows,0.95,7.6,0
2024-10-21,net_cashflows,0.95,7.6,0
2024-10-22,net_cashflows,0.95,7.6,0
2024-10-23,net_cashflows,0.95,7.199999999999999,0
2024-10-24,net_cashflows,0.95,7.199999999999999,0
2024-10-25,net_cashflows,0.95,7.199999999999999,0
2024-10-28,net_cashflows,0.95,7.199999999999999,0
2024-10-29,net_cashflows,0.95,7.199999999999999,0
2024-10-30,net_cashflows,0.95,7.199999999999999,0
2024-10-31,net_cashflows,0.95,7.199999999999999,0
2024-11-01,net_cashflows,0.95,7.199999999999999,0
2024-11-04,net_cashflows,0.95,7.199999999999999,0
2024-11-05,net_cashflows,0.95,6.800000000000001,0
2024-11-06,net_cashflows,0.95,6.800000000000001,0
2024-11-07,net_cashflows,0.95,6.4,0
2024-11-08,net_cashflows,0.95,6.4,0
2024-11-11,net_cashflows,0.95,6.4,0
2024-11-12,net_cashflows,0.95,6.4,0
2024-11-13,net_cashflows,0.95,6.4,0
2024-11-14,net_cashflows,0.95,6.4,0
2024-11-15,net_cashflows,0.95,6.4,0
2024-11-18,net_cashflows,0.95,6.4,0
2024-11-19,net_cashflows,0.95,6.4,0
2024-11-20,net_cashflows,0.95,6.4,0
2024-11-21,net_cashflows,0.95,6.4,0
2024-11-22,net_cashflows,0.95,6.0,0
2024-11-25,net_cashflows,0.95,6.0,0
2024-11-26,net_cashflows,0.95,6.0,0
2024-11-27,net_cashflows,0.95,5.6000000000000005,0
2024-11-28,net_cashflows,0.95,5.6000000000000005,0
2024-11-29,net_cashflows,0.95,5.6000000000000005,0
2024-12-02,net_cashflows,0.95,5.2,0
2024-12-03,net_cashflows,0.95,5.2,0
2024-12-04,net_cashflows,0.95,4.8,0
2024-12-05,net_cashflows,0.95,4.8,0
2024-12-06,net_cashflows,0.95,4.8,0
2024-12-09,net_cashflows,0.95,4.8,0
2024-12-10,net_cashflows,0.95,4.8,0
2024-12-11,net_cashflows,0.95,4.8,0
2024-12-12,net_cashflows,0.95,4.8,0
2024-12-13,net_cashflows,0.95,4.8,0
2024-12-16,net_cashflows,0.95,4.3999999999999995,0
2024-12-17,net_cashflows,0.95,4.3999999999999995,0
2024-12-18,net_cashflows,0.95,4.3999999999999995,0
2024-12-19,net_cashflows,0.95,4.3999999999999995,0
2024-12-20,net_cashflows,0.95,4.3999999999999995,0
2024-12-23,net_cashflows,0.95,4.3999999999999995,0
2024-12-24,net_cashflows,0.95,4.3999999999999995,0
2024-12-27,net_cashflows,0.95,4.3999999999999995,0
2024-12-30,net_cashflows,0.95,4.3999999999999995,0
2024-12-31,net_cashflows,0.95,4.3999999999999995,0
2025-01-02,net_cashflows,0.95,4.3999999999999995,0
2025-01-03,net_cashflows,0.95,4.3999999999999995,0
2025-01-06,net_cashflows,0.95,4.3999999999999995,0
2025-01-07,net_cashflows,0.95,4.3999999999999995,0
2025-01-08,net_cashflows,0.95,4.3999999999999995,0
2025-01-09,net_cashflows,0.95,4.3999999999999995,0
2025-01-10,net_cashflows,0.95,4.3999999999999995,0
2025-01-13,net_cashflows,0.95,4.3999999999999995,0
2025-01-14,net_cashflows,0.95,4.3999999999999995,0
2025-01-15,net_cashflows,0.95,4.3999999999999995,0
2025-01-16,net_cashflows,0.95,4.3999999999999995,0
2025-01-17,net_cashflows,0.95,4.3999999999999995,0
2025-01-20,net_cashflows,0.95,4.3999999999999995,0
2025-01-21,net_cashflows,0.95,4.3999999999999995,0
2025-01-22,net_cashflows,0.95,4.3999999999999995,0
2025-01-23,net_cashflows,0.95,4.8,1
2025-01-24,net_cashflows,0.95,4.8,0
2025-01-27,net_cashflows,0.95,4.8,0
2025-01-28,net_cashflows,0.95,4.8,0
2025-01-29,net_cashflows,0.95,4.8,0
2025-01-30,net_cashflows,0.95,4.8,0
2025-01-31,net_cashflows,0.95,4.8,0
2025-02-03,net_cashflows,0.95,5.2,1
2025-02-04,net_cashflows,0.95,5.2,0
2025-02-05,net_cashflows,0.95,5.2,0
2025-02-06,net_cashflows,0.95,5.2,0
2025-02-07,net_cashflows,0.95,5.2,0
2025-02-10,net_cashflows,0.95,5.2,0
2025-02-11,net_cashflows,0.95,5.2,0
2025-02-12,net_cashflows,0.95,5.2,0
2025-02-13,net_cashflows,0.95,5.2,0
2025-02-14,net_cashflows,0.95,5.2,0
2025-02-17,net_cashflows,0.95,5.2,0
2025-02-18,net_cashflows,0.95,5.6000000000000005,1
2025-02-19,net_cashflows,0.95,5.6000000000000005,0
2025-02-20,net_cashflows,0.95,5.6000000000000005,0
2025-02-21,net_cashflows,0.95,5.6000000000000005,0
2025-02-24,net_cashflows,0.95,5.6000000000000005,0
2025-02-25,net_cashflows,0.95,5.6000000000000005,0
2025-02-26,net_cashflows,0.95,5.2,0
2025-02-27,net_cashflows,0.95,5.2,0
2025-02-28,net_cashflows,0.95,5.6000000000000005,1
2025-03-03,net_cashflows,0.95,5.6000000000000005,0
2025-03-04,net_cashflows,0.95,5.6000000000000005,0
2025-03-05,net_cashflows,0.95,5.6000000000000005,0
2025-03-06,net_cashflows,0.95,5.6000000000000005,0
2025-03-07,net_cashflows,0.95,5.6000000000000005,0
2025-03-10,net_cashflows,0.95,5.6000000000000005,0
2025-03-11,net_cashflows,0.95,5.6000000000000005,0
2025-03-12,net_cashflows,0.95,5.6000000000000005,0
2025-03-13,net_cashflows,0.95,5.6000000000000005,0
2025-03-14,net_cashflows,0.95,5.6000000000000005,0
2025-03-17,net_cashflows,0.95,5.6000000000000005,0
2025-03-18,net_cashflows,0.95,5.6000000000000005,0
2025-03-19,net_cashflows,0.95,5.6000000000000005,0
2025-03-20,net_cashflows,0.95,5.6000000000000005,0
2025-03-21,net_cashflows,0.95,5.6000000000000005,0
2025-03-24,net_cashflows,0.95,5.6000000000000005,0
2025-03-25,net_cashflows,0.95,5.6000000000000005,0
2025-03-26,net_cashflows,0.95,5.6000000000000005,0
2025-03-27,net_cashflows,0.95,5.6000000000000005,0
2025-03-28,net_cashflows,0.95,5.6000000000000005,0
2025-03-31,net_cashflows,0.95,5.6000000000000005,0
2025-04-01,net_cashflows,0.95,6.0,1
2025-04-02,net_cashflows,0.95,6.4,1
2025-04-03,net_cashflows,0.95,6.4,0
2025-04-04,net_cashflows,0.95,6.4,0
2025-04-07,net_cashflows,0.95,6.800000000000001,1
2025-04-08,net_cashflows,0.95,6.800000000000001,0
2025-04-09,net_cashflows,0.95,7.199999999999999,1
2025-04-10,net_cashflows,0.95,7.199999999999999,0
2025-04-11,net_cashflows,0.95,7.199999999999999,0
2025-04-14,net_cashflows,0.95,7.199999999999999,0
2025-04-15,net_cashflows,0.95,7.199999999999999,0
2025-04-16,net_cashflows,0.95,7.199999999999999,0
2025-04-17,net_cashflows,0.95,7.199999999999999,0
2025-04-22,net_cashflows,0.95,6.800000000000001,0
2025-04-23,net_cashflows,0.95,6.4,0
2025-04-24,net_cashflows,0.95,6.4,0
2025-04-25,net_cashflows,0.95,6.4,0
2025-04-28,net_cashflows,0.95,6.4,0
2025-04-29,net_cashflows,0.95,6.4,0
2025-04-30,net_cashflows,0.95,6.4,0
2025-05-02,net_cashflows,0.95,6.4,0
2025-05-05,net_cashflows,0.95,6.4,0
2025-05-06,net_cashflows,0.95,6.4,0
2025-05-07,net_cashflows,0.95,6.4,0
2025-05-08,net_cashflows,0.95,6.4,0
2025-05-09,net_cashflows,0.95,6.4,0
2025-05-12,net_cashflows,0.95,6.4,0
2025-05-13,net_cashflows,0.95,6.4,0
2025-05-14,net_cashflows,0.95,6.4,0
2025-05-15,net_cashflows,0.95,6.4,0
2025-05-16,net_cashflows,0.95,6.4,0
2025-05-19,net_cashflows,0.95,6.4,0
2025-05-20,net_cashflows,0.95,6.4,0
2025-05-21,net_cashflows,0.95,6.4,0
2025-05-22,net_cashflows,0.95,6.4,0
2025-05-23,net_cashflows,0.95,6.4,0
2025-05-26,net_cashflows,0.95,6.0,0
2025-05-27,net_cashflows,0.95,6.0,0
2025-05-28,net_cashflows,0.95,6.0,0
2025-05-29,net_cashflows,0.95,6.0,0
2025-05-30,net_cashflows,0.95,6.0,0
2025-06-02,net_cashflows,0.95,6.0,0
2025-06-03,net_cashflows,0.95,6.0,0
2025-06-04,net_cashflows,0.95,6.0,0
2025-06-05,net_cashflows,0.95,6.0,0
2025-06-06,net_cashflows,0.95,6.0,0
2025-06-09,net_cashflows,0.95,6.0,0
2025-06-10,net_cashflows,0.95,6.4,1
2025-06-11,net_cashflows,0.95,6.4,0
2025-06-12,net_cashflows,0.95,6.4,0
2025-06-13,net_cashflows,0.95,6.4,0
2025-06-16,net_cashflows,0.95,6.4,0
2025-06-17,net_cashflows,0.95,6.4,0
2025-06-18,net_cashflows,0.95,6.4,0
2025-06-19,net_cashflows,0.95,6.4,0
2025-06-20,net_cashflows,0.95,6.800000000000001,1
2025-06-23,net_cashflows,0.95,6.800000000000001,0
2025-06-24,net_cashflows,0.95,6.800000000000001,0
2025-06-25,net_cashflows,0.95,6.800000000000001,0
2025-06-26,net_cashflows,0.95,6.800000000000001,0
2025-06-27,net_cashflows,0.95,7.199999999999999,1
2025-06-30,net_cashflows,0.95,7.199999999999999,0
2025-07-01,net_cashflows,0.95,7.199999999999999,0
2025-07-02,net_cashflows,0.95,7.199999999999999,0
2025-07-03,net_cashflows,0.95,6.800000000000001,0
2025-07-04,net_cashflows,0.95,6.800000000000001,0
2025-07-07,net_cashflows,0.95,6.800000000000001,0
2025-07-08,net_cashflows,0.95,6.4,0
2025-07-09,net_cashflows,0.95,6.4,0
2025-07-10,net_cashflows,0.95,6.4,0
2025-07-11,net_cashflows,0.95,6.4,0
2025-07-14,net_cashflows,0.95,6.4,0
2025-07-15,net_cashflows,0.95,6.0,0
2025-07-16,net_cashflows,0.95,5.6000000000000005,0
2025-07-17,net_cashflows,0.95,5.6000000000000005,0
2025-07-18,net_cashflows,0.95,5.6000000000000005,0
2025-07-21,net_cashflows,0.95,5.6000000000000005,0
2025-07-22,net_cashflows,0.95,5.2,0
2025-07-23,net_cashflows,0.95,5.2,0
2025-07-24,net_cashflows,0.95,5.2,0
2025-07-25,net_cashflows,0.95,4.8,0
2025-07-28,net_cashflows,0.95,4.8,0
2025-07-29,net_cashflows,0.95,4.8,0
2025-07-30,net_cashflows,0.95,4.8,0
2025-07-31,net_cashflows,0.95,5.2,1
2025-08-01,net_cashflows,0.95,5.2,0
2025-08-04,net_cashflows,0.95,5.2,0
2025-08-05,net_cashflows,0.95,5.2,0
2025-08-06,net_cashflows,0.95,5.2,0
2025-08-07,net_cashflows,0.95,5.2,0
2025-08-08,net_cashflows,0.95,5.2,0
2025-08-11,net_cashflows,0.95,5.2,0
2025-08-12,net_cashflows,0.95,5.2,0
2025-08-13,net_cashflows,0.95,5.2,0
2025-08-14,net_cashflows,0.95,5.2,0
2025-08-15,net_cashflows,0.95,5.2,0
2025-08-18,net_cashflows,0.95,5.2,0
2025-08-19,net_cashflows,0.95,5.2,0
2025-08-20,net_cashflows,0.95,5.2,0
2025-08-21,net_cashflows,0.95,5.2,0
2025-08-22,net_cashflows,0.95,5.2,0
2025-08-25,net_cashflows,0.95,5.2,0
2025-08-26,net_cashflows,0.95,5.2,0
2025-08-27,net_cashflows,0.95,5.2,0
2025-08-28,net_cashflows,0.95,5.2,0
2025-08-29,net_cashflows,0.95,5.2,0
2025-09-01,net_cashflows,0.95,5.2,0
2025-09-02,net_cashflows,0.95,5.2,0
2025-09-03,net_cashflows,0.95,5.2,0
2025-09-04,net_cashflows,0.95,4.8,0
2025-09-05,net_cashflows,0.95,4.8,0
2025-09-08,net_cashflows,0.95,4.8,0
2025-09-09,net_cashflows,0.95,4.8,0
2025-09-10,net_cashflows,0.95,4.8,0
2025-09-11,net_cashflows,0.95,4.8,0
2025-09-12,net_cashflows,0.95,4.8,0
2025-09-15,net_cashflows,0.95,4.8,0
2025-09-16,net_cashflows,0.95,4.8,0
2025-09-17,net_cashflows,0.95,4.8,0
2025-09-18,net_cashflows,0.95,4.8,0
2025-09-19,net_cashflows,0.95,4.8,0
2025-09-22,net_cashflows,0.95,4.8,0
2025-09-23,net_cashflows,0.95,4.8,0
2025-09-24,net_cashflows,0.95,4.8,0
2025-09-25,net_cashflows,0.95,4.8,0
2025-09-26,net_cashflows,0.95,4.8,0
2025-09-29,net_cashflows,0.95,4.8,0
2025-09-30,net_cashflows,0.95,4.8,0
2025-10-01,net_cashflows,0.95,4.8,0
2025-10-02,net_cashflows,0.95,4.8,0
2025-10-03,net_cashflows,0.95,4.8,0
2025-10-06,net_cashflows,0.95,4.8,0
2025-10-07,net_cashflows,0.95,4.8,0
2025-10-08,net_cashflows,0.95,4.8,0
2025-10-09,net_cashflows,0.95,4.8,0
2025-10-10,net_cashflows,0.95,4.8,0
2025-10-13,net_cashflows,0.95,4.8,0
2025-10-14,net_cashflows,0.95,4.8,0
2025-10-15,net_cashflows,0.95,4.8,0
2025-10-16,net_cashflows,0.95,4.8,0
2025-10-17,net_cashflows,0.95,4.8,0
2025-10-20,net_cashflows,0.95,4.8,0
2025-10-21,net_cashflows,0.95,4.8,0
2025-10-22,net_cashflows,0.95,4.8,0
2025-10-23,net_cashflows,0.95,4.8,0
2025-10-24,net_cashflows,0.95,4.8,0
2025-10-27,net_cashflows,0.95,4.8,0
2025-10-28,net_cashflows,0.95,4.8,0
2025-10-29,net_cashflows,0.95,4.8,0
2025-10-30,net_cashflows,0.95,4.8,0
2025-10-31,net_cashflows,0.95,4.8,0
2025-11-03,net_cashflows,0.95,4.8,0
2025-11-04,net_cashflows,0.95,4.8,0
2025-11-05,net_cashflows,0.95,4.8,0
2025-11-06,net_cashflows,0.95,4.8,0
2025-11-07,net_cashflows,0.95,4.8,0
2025-11-10,net_cashflows,0.95,4.8,0
2025-11-11,net_cashflows,0.95,4.8,0
2025-11-12,net_cashflows,0.95,4.8,0
2025-11-13,net_cashflows,0.95,4.8,0
2025-11-14,net_cashflows,0.95,4.8,0
2025-11-17,net_cashflows,0.95,4.8,0
2025-11-18,net_cashflows,0.95,4.8,0
2025-11-19,net_cashflows,0.95,4.8,0
2025-11-20,net_cashflows,0.95,4.8,0
2025-11-21,net_cashflows,0.95,4.8,0
2025-11-24,net_cashflows,0.95,4.8,0
2025-11-25,net_cashflows,0.95,4.8,0
2025-11-26,net_cashflows,0.95,4.8,0
2025-11-27,net_cashflows,0.95,5.2,1
2025-11-28,net_cashflows,0.95,5.2,0
2025-12-01,net_cashflows,0.95,5.2,0
2025-12-02,net_cashflows,0.95,5.2,0
2025-12-03,net_cashflows,0.95,5.2,0
2025-12-04,net_cashflows,0.95,5.2,0
2025-12-05,net_cashflows,0.95,5.2,0
2025-12-08,net_cashflows,0.95,5.2,0
2025-12-09,net_cashflows,0.95,5.6000000000000005,1
2025-12-10,net_cashflows,0.95,5.6000000000000005,0
2025-12-11,net_cashflows,0.95,5.6000000000000005,0
2025-12-12,net_cashflows,0.95,5.6000000000000005,0
2025-12-15,net_cashflows,0.95,5.6000000000000005,0
2025-12-16,net_cashflows,0.95,5.6000000000000005,0
2025-12-17,net_cashflows,0.95,5.6000000000000005,0
2025-12-18,net_cashflows,0.95,5.6000000000000005,0
2025-12-19,net_cashflows,0.95,5.6000000000000005,0
2025-12-22,net_cashflows,0.95,5.6000000000000005,0
2025-12-23,net_cashflows,0.95,5.6000000000000005,0
2025-12-24,net_cashflows,0.95,5.6000000000000005,0
2025-12-29,net_cashflows,0.95,5.6000000000000005,0
2018-01-02,net_cashflows,0.99,,0
2018-01-03,net_cashflows,0.99,,0
2018-01-04,net_cashflows,0.99,,0
2018-01-05,net_cashflows,0.99,,0
2018-01-08,net_cashflows,0.99,,0
2018-01-09,net_cashflows,0.99,,0
2018-01-10,net_cashflows,0.99,,0
2018-01-11,net_cashflows,0.99,,0
2018-01-12,net_cashflows,0.99,,0
2018-01-15,net_cashflows,0.99,,0
2018-01-16,net_cashflows,0.99,,0
2018-01-17,net_cashflows,0.99,,0
2018-01-18,net_cashflows,0.99,,0
2018-01-19,net_cashflows,0.99,,0
2018-01-22,net_cashflows,0.99,,0
2018-01-23,net_cashflows,0.99,,0
2018-01-24,net_cashflows,0.99,,0
2018-01-25,net_cashflows,0.99,,0
2018-01-26,net_cashflows,0.99,,0
2018-01-29,net_cashflows,0.99,,0
2018-01-30,net_cashflows,0.99,,0
2018-01-31,net_cashflows,0.99,,0
2018-02-01,net_cashflows,0.99,,0
2018-02-02,net_cashflows,0.99,,0
2018-02-05,net_cashflows,0.99,,0
2018-02-06,net_cashflows,0.99,,0
2018-02-07,net_cashflows,0.99,,0
2018-02-08,net_cashflows,0.99,,0
2018-02-09,net_cashflows,0.99,,0
2018-02-12,net_cashflows,0.99,,0
2018-02-13,net_cashflows,0.99,,0
2018-02-14,net_cashflows,0.99,,0
2018-02-15,net_cashflows,0.99,,0
2018-02-16,net_cashflows,0.99,,0
2018-02-19,net_cashflows,0.99,,0
2018-02-20,net_cashflows,0.99,,0
2018-02-21,net_cashflows,0.99,,0
2018-02-22,net_cashflows,0.99,,0
2018-02-23,net_cashflows,0.99,,0
2018-02-26,net_cashflows,0.99,,0
2018-02-27,net_cashflows,0.99,,0
2018-02-28,net_cashflows,0.99,,1
2018-03-01,net_cashflows,0.99,,0
2018-03-02,net_cashflows,0.99,,0
2018-03-05,net_cashflows,0.99,,0
2018-03-06,net_cashflows,0.99,,0
2018-03-07,net_cashflows,0.99,,0
2018-03-08,net_cashflows,0.99,,0
2018-03-09,net_cashflows,0.99,,0
2018-03-12,net_cashflows,0.99,,0
2018-03-13,net_cashflows,0.99,,0
2018-03-14,net_cashflows,0.99,,0
2018-03-15,net_cashflows,0.99,,0
2018-03-16,net_cashflows,0.99,,0
2018-03-19,net_cashflows,0.99,,0
2018-03-20,net_cashflows,0.99,,0
2018-03-21,net_cashflows,0.99,,0
2018-03-22,net_cashflows,0.99,,0
2018-03-23,net_cashflows,0.99,,0
2018-03-26,net_cashflows,0.99,,0
2018-03-27,net_cashflows,0.99,,0
2018-03-28,net_cashflows,0.99,,0
2018-03-29,net_cashflows,0.99,,0
2018-04-03,net_cashflows,0.99,,0
2018-04-04,net_cashflows,0.99,,0
2018-04-05,net_cashflows,0.99,,0
2018-04-06,net_cashflows,0.99,,0
2018-04-09,net_cashflows,0.99,,0
2018-04-10,net_cashflows,0.99,,0
2018-04-11,net_cashflows,0.99,,0
2018-04-12,net_cashflows,0.99,,0
2018-04-13,net_cashflows,0.99,,0
2018-04-16,net_cashflows,0.99,,0
2018-04-17,net_cashflows,0.99,,0
2018-04-18,net_cashflows,0.99,,0
2018-04-19,net_cashflows,0.99,,0
2018-04-20,net_cashflows,0.99,,0
2018-04-23,net_cashflows,0.99,,0
2018-04-24,net_cashflows,0.99,,0
2018-04-25,net_cashflows,0.99,,0
2018-04-26,net_cashflows,0.99,,0
2018-04-27,net_cashflows,0.99,,0
2018-04-30,net_cashflows,0.99,,0
2018-05-02,net_cashflows,0.99,,0
2018-05-03,net_cashflows,0.99,,0
2018-05-04,net_cashflows,0.99,,0
2018-05-07,net_cashflows,0.99,,0
2018-05-08,net_cashflows,0.99,,0
2018-05-09,net_cashflows,0.99,,0
2018-05-10,net_cashflows,0.99,,0
2018-05-11,net_cashflows,0.99,,0
2018-05-14,net_cashflows,0.99,,0
2018-05-15,net_cashflows,0.99,,0
2018-05-16,net_cashflows,0.99,,0
2018-05-17,net_cashflows,0.99,,0
2018-05-18,net_cashflows,0.99,,0
2018-05-21,net_cashflows,0.99,,0
2018-05-22,net_cashflows,0.99,,0
2018-05-23,net_cashflows,0.99,,0
2018-05-24,net_cashflows,0.99,,0
2018-05-25,net_cashflows,0.99,,0
2018-05-28,net_cashflows,0.99,,0
2018-05-29,net_cashflows,0.99,,0
2018-05-30,net_cashflows,0.99,,0
2018-05-31,net_cashflows,0.99,,0
2018-06-01,net_cashflows,0.99,,0
2018-06-04,net_cashflows,0.99,,0
2018-06-05,net_cashflows,0.99,,0
2018-06-06,net_cashflows,0.99,,0
2018-06-07,net_cashflows,0.99,,0
2018-06-08,net_cashflows,0.99,,0
2018-06-11,net_cashflows,0.99,,0
2018-06-12,net_cashflows,0.99,,0
2018-06-13,net_cashflows,0.99,,0
2018-06-14,net_cashflows,0.99,,0
2018-06-15,net_cashflows,0.99,,0
2018-06-18,net_cashflows,0.99,,0
2018-06-19,net_cashflows,0.99,,0
2018-06-20,net_cashflows,0.99,,0
2018-06-21,net_cashflows,0.99,,0
2018-06-22,net_cashflows,0.99,,0
2018-06-25,net_cashflows,0.99,,0
2018-06-26,net_cashflows,0.99,,0
2018-06-27,net_cashflows,0.99,,0
2018-06-28,net_cashflows,0.99,,0
2018-06-29,net_cashflows,0.99,,0
2018-07-02,net_cashflows,0.99,,0
2018-07-03,net_cashflows,0.99,,0
2018-07-04,net_cashflows,0.99,,0
2018-07-05,net_cashflows,0.99,,0
2018-07-06,net_cashflows,0.99,,0
2018-07-09,net_cashflows,0.99,,0
2018-07-10,net_cashflows,0.99,,0
2018-07-11,net_cashflows,0.99,,0
2018-07-12,net_cashflows,0.99,,0
2018-07-13,net_cashflows,0.99,,0
2018-07-16,net_cashflows,0.99,,0
2018-07-17,net_cashflows,0.99,,0
2018-07-18,net_cashflows,0.99,,0
2018-07-19,net_cashflows,0.99,,0
2018-07-20,net_cashflows,0.99,,0
2018-07-23,net_cashflows,0.99,,0
2018-07-24,net_cashflows,0.99,,0
2018-07-25,net_cashflows,0.99,,0
2018-07-26,net_cashflows,0.99,,0
2018-07-27,net_cashflows,0.99,,0
2018-07-30,net_cashflows,0.99,,0
2018-07-31,net_cashflows,0.99,,0
2018-08-01,net_cashflows,0.99,,0
2018-08-02,net_cashflows,0.99,,0
2018-08-03,net_cashflows,0.99,,0
2018-08-06,net_cashflows,0.99,,0
2018-08-07,net_cashflows,0.99,,0
2018-08-08,net_cashflows,0.99,,0
2018-08-09,net_cashflows,0.99,,0
2018-08-10,net_cashflows,0.99,,0
2018-08-13,net_cashflows,0.99,,0
2018-08-14,net_cashflows,0.99,,0
2018-08-15,net_cashflows,0.99,,0
2018-08-16,net_cashflows,0.99,,0
2018-08-17,net_cashflows,0.99,,0
2018-08-20,net_cashflows,0.99,,0
2018-08-21,net_cashflows,0.99,,0
2018-08-22,net_cashflows,0.99,,0
2018-08-23,net_cashflows,0.99,,0
2018-08-24,net_cashflows,0.99,,0
2018-08-27,net_cashflows,0.99,,0
2018-08-28,net_cashflows,0.99,,0
2018-08-29,net_cashflows,0.99,,0
2018-08-30,net_cashflows,0.99,,0
2018-08-31,net_cashflows,0.99,,0
2018-09-03,net_cashflows,0.99,,0
2018-09-04,net_cashflows,0.99,,0
2018-09-05,net_cashflows,0.99,,0
2018-09-06,net_cashflows,0.99,,0
2018-09-07,net_cashflows,0.99,,0
2018-09-10,net_cashflows,0.99,,0
2018-09-11,net_cashflows,0.99,,0
2018-09-12,net_cashflows,0.99,,0
2018-09-13,net_cashflows,0.99,,0
2018-09-14,net_cashflows,0.99,,0
2018-09-17,net_cashflows,0.99,,0
2018-09-18,net_cashflows,0.99,,0
2018-09-19,net_cashflows,0.99,,0
2018-09-20,net_cashflows,0.99,,0
2018-09-21,net_cashflows,0.99,,0
2018-09-24,net_cashflows,0.99,,0
2018-09-25,net_cashflows,0.99,,0
2018-09-26,net_cashflows,0.99,,0
2018-09-27,net_cashflows,0.99,,0
2018-09-28,net_cashflows,0.99,,0
2018-10-01,net_cashflows,0.99,,0
2018-10-02,net_cashflows,0.99,,0
2018-10-03,net_cashflows,0.99,,0
2018-10-04,net_cashflows,0.99,,0
2018-10-05,net_cashflows,0.99,,0
2018-10-08,net_cashflows,0.99,,0
2018-10-09,net_cashflows,0.99,,0
2018-10-10,net_cashflows,0.99,,0
2018-10-11,net_cashflows,0.99,,0
2018-10-12,net_cashflows,0.99,,0
2018-10-15,net_cashflows,0.99,,0
2018-10-16,net_cashflows,0.99,,0
2018-10-17,net_cashflows,0.99,,0
2018-10-18,net_cashflows,0.99,,0
2018-10-19,net_cashflows,0.99,,0
2018-10-22,net_cashflows,0.99,,0
2018-10-23,net_cashflows,0.99,,0
2018-10-24,net_cashflows,0.99,,0
2018-10-25,net_cashflows,0.99,,0
2018-10-26,net_cashflows,0.99,,0
2018-10-29,net_cashflows,0.99,,0
2018-10-30,net_cashflows,0.99,,0
2018-10-31,net_cashflows,0.99,,0
2018-11-01,net_cashflows,0.99,,0
2018-11-02,net_cashflows,0.99,,0
2018-11-05,net_cashflows,0.99,,0
2018-11-06,net_cashflows,0.99,,0
2018-11-07,net_cashflows,0.99,,0
2018-11-08,net_cashflows,0.99,,0
2018-11-09,net_cashflows,0.99,,0
2018-11-12,net_cashflows,0.99,,0
2018-11-13,net_cashflows,0.99,,0
2018-11-14,net_cashflows,0.99,,0
2018-11-15,net_cashflows,0.99,,0
2018-11-16,net_cashflows,0.99,,0
2018-11-19,net_cashflows,0.99,,0
2018-11-20,net_cashflows,0.99,,0
2018-11-21,net_cashflows,0.99,,0
2018-11-22,net_cashflows,0.99,,0
2018-11-23,net_cashflows,0.99,,0
2018-11-26,net_cashflows,0.99,,0
2018-11-27,net_cashflows,0.99,,0
2018-11-28,net_cashflows,0.99,,0
2018-11-29,net_cashflows,0.99,,0
2018-11-30,net_cashflows,0.99,,0
2018-12-03,net_cashflows,0.99,,0
2018-12-04,net_cashflows,0.99,,0
2018-12-05,net_cashflows,0.99,,0
2018-12-06,net_cashflows,0.99,,0
2018-12-07,net_cashflows,0.99,,0
2018-12-10,net_cashflows,0.99,,0
2018-12-11,net_cashflows,0.99,,0
2018-12-12,net_cashflows,0.99,,0
2018-12-13,net_cashflows,0.99,,0
2018-12-14,net_cashflows,0.99,,0
2018-12-17,net_cashflows,0.99,,0
2018-12-18,net_cashflows,0.99,,0
2018-12-19,net_cashflows,0.99,,0
2018-12-20,net_cashflows,0.99,0.4,0
2018-12-21,net_cashflows,0.99,0.4,0
2018-12-24,net_cashflows,0.99,0.4,0
2018-12-27,net_cashflows,0.99,0.4,0
2018-12-28,net_cashflows,0.99,0.4,0
2018-12-31,net_cashflows,0.99,0.4,0
2019-01-02,net_cashflows,0.99,0.4,0
2019-01-03,net_cashflows,0.99,0.4,0
2019-01-04,net_cashflows,0.99,0.4,0
2019-01-07,net_cashflows,0.99,0.4,0
2019-01-08,net_cashflows,0.99,0.4,0
2019-01-09,net_cashflows,0.99,0.4,0
2019-01-10,net_cashflows,0.99,0.4,0
2019-01-11,net_cashflows,0.99,0.4,0
2019-01-14,net_cashflows,0.99,0.4,0
2019-01-15,net_cashflows,0.99,0.4,0
2019-01-16,net_cashflows,0.99,0.4,0
2019-01-17,net_cashflows,0.99,0.4,0
2019-01-18,net_cashflows,0.99,0.4,0
2019-01-21,net_cashflows,0.99,0.4,0
2019-01-22,net_cashflows,0.99,0.4,0
2019-01-23,net_cashflows,0.99,0.4,0
2019-01-24,net_cashflows,0.99,0.4,0
2019-01-25,net_cashflows,0.99,0.4,0
2019-01-28,net_cashflows,0.99,0.4,0
2019-01-29,net_cashflows,0.99,0.4,0
2019-01-30,net_cashflows,0.99,0.4,0
2019-01-31,net_cashflows,0.99,0.4,0
2019-02-01,net_cashflows,0.99,0.4,0
2019-02-04,net_cashflows,0.99,0.4,0
2019-02-05,net_cashflows,0.99,0.4,0
2019-02-06,net_cashflows,0.99,0.4,0
2019-02-07,net_cashflows,0.99,0.4,0
2019-02-08,net_cashflows,0.99,0.4,0
2019-02-11,net_cashflows,0.99,0.4,0
2019-02-12,net_cashflows,0.99,0.4,0
2019-02-13,net_cashflows,0.99,0.4,0
2019-02-14,net_cashflows,0.99,0.4,0
2019-02-15,net_cashflows,0.99,0.4,0
2019-02-18,net_cashflows,0.99,0.4,0
2019-02-19,net_cashflows,0.99,0.4,0
2019-02-20,net_cashflows,0.99,0.4,0
2019-02-21,net_cashflows,0.99,0.0,0
2019-02-22,net_cashflows,0.99,0.0,0
2019-02-25,net_cashflows,0.99,0.0,0
2019-02-26,net_cashflows,0.99,0.0,0
2019-02-27,net_cashflows,0.99,0.0,0
2019-02-28,net_cashflows,0.99,0.0,0
2019-03-01,net_cashflows,0.99,0.0,0
2019-03-04,net_cashflows,0.99,0.0,0
2019-03-05,net_cashflows,0.99,0.0,0
2019-03-06,net_cashflows,0.99,0.0,0
2019-03-07,net_cashflows,0.99,0.0,0
2019-03-08,net_cashflows,0.99,0.0,0
2019-03-11,net_cashflows,0.99,0.0,0
2019-03-12,net_cashflows,0.99,0.0,0
2019-03-13,net_cashflows,0.99,0.0,0
2019-03-14,net_cashflows,0.99,0.0,0
2019-03-15,net_cashflows,0.99,0.0,0
2019-03-18,net_cashflows,0.99,0.0,0
2019-03-19,net_cashflows,0.99,0.0,0
2019-03-20,net_cashflows,0.99,0.0,0
2019-03-21,net_cashflows,0.99,0.0,0
2019-03-22,net_cashflows,0.99,0.0,0
2019-03-25,net_cashflows,0.99,0.0,0
2019-03-26,net_cashflows,0.99,0.0,0
2019-03-27,net_cashflows,0.99,0.0,0
2019-03-28,net_cashflows,0.99,0.0,0
2019-03-29,net_cashflows,0.99,0.0,0
2019-04-01,net_cashflows,0.99,0.0,0
2019-04-02,net_cashflows,0.99,0.0,0
2019-04-03,net_cashflows,0.99,0.0,0
2019-04-04,net_cashflows,0.99,0.0,0
2019-04-05,net_cashflows,0.99,0.0,0
2019-04-08,net_cashflows,0.99,0.0,0
2019-04-09,net_cashflows,0.99,0.0,0
2019-04-10,net_cashflows,0.99,0.0,0
2019-04-11,net_cashflows,0.99,0.0,0
2019-04-12,net_cashflows,0.99,0.0,0
2019-04-15,net_cashflows,0.99,0.0,0
2019-04-16,net_cashflows,0.99,0.0,0
2019-04-17,net_cashflows,0.99,0.0,0
2019-04-18,net_cashflows,0.99,0.0,0
2019-04-23,net_cashflows,0.99,0.0,0
2019-04-24,net_cashflows,0.99,0.0,0
2019-04-25,net_cashflows,0.99,0.0,0
2019-04-26,net_cashflows,0.99,0.0,0
2019-04-29,net_cashflows,0.99,0.0,0
2019-04-30,net_cashflows,0.99,0.0,0
2019-05-02,net_cashflows,0.99,0.0,0
2019-05-03,net_cashflows,0.99,0.0,0
2019-05-06,net_cashflows,0.99,0.0,0
2019-05-07,net_cashflows,0.99,0.0,0
2019-05-08,net_cashflows,0.99,0.0,0
2019-05-09,net_cashflows,0.99,0.0,0
2019-05-10,net_cashflows,0.99,0.0,0
2019-05-13,net_cashflows,0.99,0.0,0
2019-05-14,net_cashflows,0.99,0.0,0
2019-05-15,net_cashflows,0.99,0.0,0
2019-05-16,net_cashflows,0.99,0.0,0
2019-05-17,net_cashflows,0.99,0.0,0
2019-05-20,net_cashflows,0.99,0.0,0
2019-05-21,net_cashflows,0.99,0.0,0
2019-05-22,net_cashflows,0.99,0.0,0
2019-05-23,net_cashflows,0.99,0.0,0
2019-05-24,net_cashflows,0.99,0.0,0
2019-05-27,net_cashflows,0.99,0.0,0
2019-05-28,net_cashflows,0.99,0.0,0
2019-05-29,net_cashflows,0.99,0.0,0
2019-05-30,net_cashflows,0.99,0.0,0
2019-05-31,net_cashflows,0.99,0.0,0
2019-06-03,net_cashflows,0.99,0.0,0
2019-06-04,net_cashflows,0.99,0.0,0
2019-06-05,net_cashflows,0.99,0.0,0
2019-06-06,net_cashflows,0.99,0.0,0
2019-06-07,net_cashflows,0.99,0.0,0
2019-06-10,net_cashflows,0.99,0.0,0
2019-06-11,net_cashflows,0.99,0.0,0
2019-06-12,net_cashflows,0.99,0.0,0
2019-06-13,net_cashflows,0.99,0.0,0
2019-06-14,net_cashflows,0.99,0.0,0
2019-06-17,net_cashflows,0.99,0.0,0
2019-06-18,net_cashflows,0.99,0.0,0
2019-06-19,net_cashflows,0.99,0.0,0
2019-06-20,net_cashflows,0.99,0.0,0
2019-06-21,net_cashflows,0.99,0.0,0
2019-06-24,net_cashflows,0.99,0.0,0
2019-06-25,net_cashflows,0.99,0.0,0
2019-06-26,net_cashflows,0.99,0.0,0
2019-06-27,net_cashflows,0.99,0.0,0
2019-06-28,net_cashflows,0.99,0.0,0
2019-07-01,net_cashflows,0.99,0.0,0
2019-07-02,net_cashflows,0.99,0.0,0
2019-07-03,net_cashflows,0.99,0.0,0
2019-07-04,net_cashflows,0.99,0.0,0
2019-07-05,net_cashflows,0.99,0.0,0
2019-07-08,net_cashflows,0.99,0.0,0
2019-07-09,net_cashflows,0.99,0.0,0
2019-07-10,net_cashflows,0.99,0.0,0
2019-07-11,net_cashflows,0.99,0.0,0
2019-07-12,net_cashflows,0.99,0.0,0
2019-07-15,net_cashflows,0.99,0.0,0
2019-07-16,net_cashflows,0.99,0.0,0
2019-07-17,net_cashflows,0.99,0.0,0
2019-07-18,net_cashflows,0.99,0.0,0
2019-07-19,net_cashflows,0.99,0.0,0
2019-07-22,net_cashflows,0.99,0.0,0
2019-07-23,net_cashflows,0.99,0.0,0
2019-07-24,net_cashflows,0.99,0.0,0
2019-07-25,net_cashflows,0.99,0.0,0
2019-07-26,net_cashflows,0.99,0.0,0
2019-07-29,net_cashflows,0.99,0.0,0
2019-07-30,net_cashflows,0.99,0.0,0
2019-07-31,net_cashflows,0.99,0.4,1
2019-08-01,net_cashflows,0.99,0.4,0
2019-08-02,net_cashflows,0.99,0.4,0
2019-08-05,net_cashflows,0.99,0.4,0
2019-08-06,net_cashflows,0.99,0.4,0
2019-08-07,net_cashflows,0.99,0.4,0
2019-08-08,net_cashflows,0.99,0.4,0
2019-08-09,net_cashflows,0.99,0.4,0
2019-08-12,net_cashflows,0.99,0.4,0
2019-08-13,net_cashflows,0.99,0.4,0
2019-08-14,net_cashflows,0.99,0.4,0
2019-08-15,net_cashflows,0.99,0.4,0
2019-08-16,net_cashflows,0.99,0.4,0
2019-08-19,net_cashflows,0.99,0.4,0
2019-08-20,net_cashflows,0.99,0.4,0
2019-08-21,net_cashflows,0.99,0.4,0
2019-08-22,net_cashflows,0.99,0.4,0
2019-08-23,net_cashflows,0.99,0.4,0
2019-08-26,net_cashflows,0.99,0.4,0
2019-08-27,net_cashflows,0.99,0.4,0
2019-08-28,net_cashflows,0.99,0.4,0
2019-08-29,net_cashflows,0.99,0.4,0
2019-08-30,net_cashflows,0.99,0.4,0
2019-09-02,net_cashflows,0.99,0.4,0
2019-09-03,net_cashflows,0.99,0.4,0
2019-09-04,net_cashflows,0.99,0.4,0
2019-09-05,net_cashflows,0.99,0.4,0
2019-09-06,net_cashflows,0.99,0.4,0
2019-09-09,net_cashflows,0.99,0.4,0
2019-09-10,net_cashflows,0.99,0.4,0
2019-09-11,net_cashflows,0.99,0.4,0
2019-09-12,net_cashflows,0.99,0.4,0
2019-09-13,net_cashflows,0.99,0.4,0
2019-09-16,net_cashflows,0.99,0.4,0
2019-09-17,net_cashflows,0.99,0.4,0
2019-09-18,net_cashflows,0.99,0.4,0
2019-09-19,net_cashflows,0.99,0.4,0
2019-09-20,net_cashflows,0.99,0.4,0
2019-09-23,net_cashflows,0.99,0.4,0
2019-09-24,net_cashflows,0.99,0.4,0
2019-09-25,net_cashflows,0.99,0.4,0
2019-09-26,net_cashflows,0.99,0.4,0
2019-09-27,net_cashflows,0.99,0.4,0
2019-09-30,net_cashflows,0.99,0.4,0
2019-10-01,net_cashflows,0.99,0.4,0
2019-10-02,net_cashflows,0.99,0.4,0
2019-10-03,net_cashflows,0.99,0.4,0
2019-10-04,net_cashflows,0.99,0.4,0
2019-10-07,net_cashflows,0.99,0.4,0
2019-10-08,net_cashflows,0.99,0.4,0
2019-10-09,net_cashflows,0.99,0.4,0
2019-10-10,net_cashflows,0.99,0.4,0
2019-10-11,net_cashflows,0.99,0.4,0
2019-10-14,net_cashflows,0.99,0.4,0
2019-10-15,net_cashflows,0.99,0.4,0
2019-10-16,net_cashflows,0.99,0.4,0
2019-10-17,net_cashflows,0.99,0.4,0
2019-10-18,net_cashflows,0.99,0.4,0
2019-10-21,net_cashflows,0.99,0.4,0
2019-10-22,net_cashflows,0.99,0.4,0
2019-10-23,net_cashflows,0.99,0.4,0
2019-10-24,net_cashflows,0.99,0.4,0
2019-10-25,net_cashflows,0.99,0.4,0
2019-10-28,net_cashflows,0.99,0.4,0
2019-10-29,net_cashflows,0.99,0.4,0
2019-10-30,net_cashflows,0.99,0.4,0
2019-10-31,net_cashflows,0.99,0.4,0
2019-11-01,net_cashflows,0.99,0.4,0
2019-11-04,net_cashflows,0.99,0.4,0
2019-11-05,net_cashflows,0.99,0.4,0
2019-11-06,net_cashflows,0.99,0.4,0
2019-11-07,net_cashflows,0.99,0.4,0
2019-11-08,net_cashflows,0.99,0.4,0
2019-11-11,net_cashflows,0.99,0.4,0
2019-11-12,net_cashflows,0.99,0.4,0
2019-11-13,net_cashflows,0.99,0.4,0
2019-11-14,net_cashflows,0.99,0.4,0
2019-11-15,net_cashflows,0.99,0.4,0
2019-11-18,net_cashflows,0.99,0.4,0
2019-11-19,net_cashflows,0.99,0.4,0
2019-11-20,net_cashflows,0.99,0.4,0
2019-11-21,net_cashflows,0.99,0.4,0
2019-11-22,net_cashflows,0.99,0.4,0
2019-11-25,net_cashflows,0.99,0.4,0
2019-11-26,net_cashflows,0.99,0.4,0
2019-11-27,net_cashflows,0.99,0.4,0
2019-11-28,net_cashflows,0.99,0.4,0
2019-11-29,net_cashflows,0.99,0.4,0
2019-12-02,net_cashflows,0.99,0.4,0
2019-12-03,net_cashflows,0.99,0.4,0
2019-12-04,net_cashflows,0.99,0.4,0
2019-12-05,net_cashflows,0.99,0.4,0
2019-12-06,net_cashflows,0.99,0.4,0
2019-12-09,net_cashflows,0.99,0.4,0
2019-12-10,net_cashflows,0.99,0.4,0
2019-12-11,net_cashflows,0.99,0.4,0
2019-12-12,net_cashflows,0.99,0.4,0
2019-12-13,net_cashflows,0.99,0.4,0
2019-12-16,net_cashflows,0.99,0.4,0
2019-12-17,net_cashflows,0.99,0.4,0
2019-12-18,net_cashflows,0.99,0.4,0
2019-12-19,net_cashflows,0.99,0.4,0
2019-12-20,net_cashflows,0.99,0.4,0
2019-12-23,net_cashflows,0.99,0.4,0
2019-12-24,net_cashflows,0.99,0.4,0
2019-12-27,net_cashflows,0.99,0.4,0
2019-12-30,net_cashflows,0.99,0.4,0
2019-12-31,net_cashflows,0.99,0.4,0
2020-01-02,net_cashflows,0.99,0.4,0
2020-01-03,net_cashflows,0.99,0.4,0
2020-01-06,net_cashflows,0.99,0.4,0
2020-01-07,net_cashflows,0.99,0.4,0
2020-01-08,net_cashflows,0.99,0.4,0
2020-01-09,net_cashflows,0.99,0.4,0
2020-01-10,net_cashflows,0.99,0.4,0
2020-01-13,net_cashflows,0.99,0.4,0
2020-01-14,net_cashflows,0.99,0.4,0
2020-01-15,net_cashflows,0.99,0.4,0
2020-01-16,net_cashflows,0.99,0.4,0
2020-01-17,net_cashflows,0.99,0.4,0
2020-01-20,net_cashflows,0.99,0.4,0
2020-01-21,net_cashflows,0.99,0.4,0
2020-01-22,net_cashflows,0.99,0.4,0
2020-01-23,net_cashflows,0.99,0.4,0
2020-01-24,net_cashflows,0.99,0.4,0
2020-01-27,net_cashflows,0.99,0.4,0
2020-01-28,net_cashflows,0.99,0.4,0
2020-01-29,net_cashflows,0.99,0.4,0
2020-01-30,net_cashflows,0.99,0.4,0
2020-01-31,net_cashflows,0.99,0.4,0
2020-02-03,net_cashflows,0.99,0.4,0
2020-02-04,net_cashflows,0.99,0.4,0
2020-02-05,net_cashflows,0.99,0.4,0
2020-02-06,net_cashflows,0.99,0.4,0
2020-02-07,net_cashflows,0.99,0.4,0
2020-02-10,net_cashflows,0.99,0.4,0
2020-02-11,net_cashflows,0.99,0.4,0
2020-02-12,net_cashflows,0.99,0.4,0
2020-02-13,net_cashflows,0.99,0.4,0
2020-02-14,net_cashflows,0.99,0.4,0
2020-02-17,net_cashflows,0.99,0.4,0
2020-02-18,net_cashflows,0.99,0.4,0
2020-02-19,net_cashflows,0.99,0.4,0
2020-02-20,net_cashflows,0.99,0.4,0
2020-02-21,net_cashflows,0.99,0.4,0
2020-02-24,net_cashflows,0.99,0.4,0
2020-02-25,net_cashflows,0.99,0.4,0
2020-02-26,net_cashflows,0.99,0.4,0
2020-02-27,net_cashflows,0.99,0.8,1
2020-02-28,net_cashflows,0.99,0.8,0
2020-03-02,net_cashflows,0.99,0.8,0
2020-03-03,net_cashflows,0.99,0.8,0
2020-03-04,net_cashflows,0.99,1.2,1
2020-03-05,net_cashflows,0.99,1.6,1
2020-03-06,net_cashflows,0.99,1.6,0
2020-03-09,net_cashflows,0.99,1.6,0
2020-03-10,net_cashflows,0.99,1.6,0
2020-03-11,net_cashflows,0.99,1.6,0
2020-03-12,net_cashflows,0.99,2.0,1
2020-03-13,net_cashflows,0.99,2.0,0
2020-03-16,net_cashflows,0.99,2.0,0
2020-03-17,net_cashflows,0.99,2.0,0
2020-03-18,net_cashflows,0.99,2.0,0
2020-03-19,net_cashflows,0.99,2.0,0
2020-03-20,net_cashflows,0.99,2.0,0
2020-03-23,net_cashflows,0.99,2.0,0
2020-03-24,net_cashflows,0.99,2.0,0
2020-03-25,net_cashflows,0.99,2.0,0
2020-03-26,net_cashflows,0.99,2.0,0
2020-03-27,net_cashflows,0.99,2.0,0
2020-03-30,net_cashflows,0.99,2.0,0
2020-03-31,net_cashflows,0.99,2.0,0
2020-04-01,net_cashflows,0.99,2.0,0
2020-04-02,net_cashflows,0.99,2.0,0
2020-04-03,net_cashflows,0.99,2.0,0
2020-04-06,net_cashflows,0.99,2.0,0
2020-04-07,net_cashflows,0.99,2.0,0
2020-04-08,net_cashflows,0.99,2.0,0
2020-04-09,net_cashflows,0.99,2.0,0
2020-04-14,net_cashflows,0.99,2.0,0
2020-04-15,net_cashflows,0.99,2.0,0
2020-04-16,net_cashflows,0.99,2.0,0
2020-04-17,net_cashflows,0.99,2.0,0
2020-04-20,net_cashflows,0.99,2.0,0
2020-04-21,net_cashflows,0.99,2.0,0
2020-04-22,net_cashflows,0.99,2.0,0
2020-04-23,net_cashflows,0.99,2.0,0
2020-04-24,net_cashflows,0.99,2.0,0
2020-04-27,net_cashflows,0.99,2.0,0
2020-04-28,net_cashflows,0.99,2.0,0
2020-04-29,net_cashflows,0.99,2.0,0
2020-04-30,net_cashflows,0.99,2.0,0
2020-05-04,net_cashflows,0.99,2.0,0
2020-05-05,net_cashflows,0.99,2.0,0
2020-05-06,net_cashflows,0.99,2.0,0
2020-05-07,net_cashflows,0.99,2.0,0
2020-05-08,net_cashflows,0.99,2.0,0
2020-05-11,net_cashflows,0.99,2.0,0
2020-05-12,net_cashflows,0.99,2.0,0
2020-05-13,net_cashflows,0.99,2.0,0
2020-05-14,net_cashflows,0.99,2.0,0
2020-05-15,net_cashflows,0.99,2.0,0
2020-05-18,net_cashflows,0.99,2.0,0
2020-05-19,net_cashflows,0.99,2.0,0
2020-05-20,net_cashflows,0.99,2.0,0
2020-05-21,net_cashflows,0.99,2.0,0
2020-05-22,net_cashflows,0.99,2.0,0
2020-05-25,net_cashflows,0.99,2.0,0
2020-05-26,net_cashflows,0.99,2.0,0
2020-05-27,net_cashflows,0.99,2.0,0
2020-05-28,net_cashflows,0.99,2.0,0
2020-05-29,net_cashflows,0.99,2.0,0
2020-06-01,net_cashflows,0.99,2.0,0
2020-06-02,net_cashflows,0.99,2.0,0
2020-06-03,net_cashflows,0.99,2.0,0
2020-06-04,net_cashflows,0.99,2.0,0
2020-06-05,net_cashflows,0.99,2.0,0
2020-06-08,net_cashflows,0.99,2.0,0
2020-06-09,net_cashflows,0.99,2.0,0
2020-06-10,net_cashflows,0.99,2.0,0
2020-06-11,net_cashflows,0.99,2.0,0
2020-06-12,net_cashflows,0.99,2.0,0
2020-06-15,net_cashflows,0.99,2.0,0
2020-06-16,net_cashflows,0.99,2.0,0
2020-06-17,net_cashflows,0.99,2.0,0
2020-06-18,net_cashflows,0.99,2.0,0
2020-06-19,net_cashflows,0.99,2.0,0
2020-06-22,net_cashflows,0.99,2.0,0
2020-06-23,net_cashflows,0.99,2.0,0
2020-06-24,net_cashflows,0.99,2.0,0
2020-06-25,net_cashflows,0.99,2.0,0
2020-06-26,net_cashflows,0.99,2.0,0
2020-06-29,net_cashflows,0.99,2.0,0
2020-06-30,net_cashflows,0.99,2.0,0
2020-07-01,net_cashflows,0.99,2.0,0
2020-07-02,net_cashflows,0.99,2.0,0
2020-07-03,net_cashflows,0.99,2.0,0
2020-07-06,net_cashflows,0.99,2.0,0
2020-07-07,net_cashflows,0.99,2.0,0
2020-07-08,net_cashflows,0.99,2.0,0
2020-07-09,net_cashflows,0.99,2.0,0
2020-07-10,net_cashflows,0.99,2.0,0
2020-07-13,net_cashflows,0.99,2.0,0
2020-07-14,net_cashflows,0.99,2.0,0
2020-07-15,net_cashflows,0.99,2.0,0
2020-07-16,net_cashflows,0.99,2.0,0
2020-07-17,net_cashflows,0.99,2.0,0
2020-07-20,net_cashflows,0.99,2.0,0
2020-07-21,net_cashflows,0.99,2.0,0
2020-07-22,net_cashflows,0.99,2.0,0
2020-07-23,net_cashflows,0.99,1.6,0
2020-07-24,net_cashflows,0.99,1.6,0
2020-07-27,net_cashflows,0.99,1.6,0
2020-07-28,net_cashflows,0.99,1.6,0
2020-07-29,net_cashflows,0.99,1.6,0
2020-07-30,net_cashflows,0.99,1.6,0
2020-07-31,net_cashflows,0.99,1.6,0
2020-08-03,net_cashflows,0.99,1.6,0
2020-08-04,net_cashflows,0.99,1.6,0
2020-08-05,net_cashflows,0.99,1.6,0
2020-08-06,net_cashflows,0.99,1.6,0
2020-08-07,net_cashflows,0.99,1.6,0
2020-08-10,net_cashflows,0.99,1.6,0
2020-08-11,net_cashflows,0.99,1.6,0
2020-08-12,net_cashflows,0.99,1.6,0
2020-08-13,net_cashflows,0.99,1.6,0
2020-08-14,net_cashflows,0.99,1.6,0
2020-08-17,net_cashflows,0.99,1.6,0
2020-08-18,net_cashflows,0.99,1.6,0
2020-08-19,net_cashflows,0.99,1.6,0
2020-08-20,net_cashflows,0.99,1.6,0
2020-08-21,net_cashflows,0.99,1.6,0
2020-08-24,net_cashflows,0.99,1.6,0
2020-08-25,net_cashflows,0.99,1.6,0
2020-08-26,net_cashflows,0.99,1.6,0
2020-08-27,net_cashflows,0.99,1.6,0
2020-08-28,net_cashflows,0.99,1.6,0
2020-08-31,net_cashflows,0.99,1.6,0
2020-09-01,net_cashflows,0.99,1.6,0
2020-09-02,net_cashflows,0.99,1.6,0
2020-09-03,net_cashflows,0.99,1.6,0
2020-09-04,net_cashflows,0.99,1.6,0
2020-09-07,net_cashflows,0.99,1.6,0
2020-09-08,net_cashflows,0.99,1.6,0
2020-09-09,net_cashflows,0.99,1.6,0
2020-09-10,net_cashflows,0.99,1.6,0
2020-09-11,net_cashflows,0.99,1.6,0
2020-09-14,net_cashflows,0.99,1.6,0
2020-09-15,net_cashflows,0.99,1.6,0
2020-09-16,net_cashflows,0.99,1.6,0
2020-09-17,net_cashflows,0.99,1.6,0
2020-09-18,net_cashflows,0.99,1.6,0
2020-09-21,net_cashflows,0.99,1.6,0
2020-09-22,net_cashflows,0.99,1.6,0
2020-09-23,net_cashflows,0.99,1.6,0
2020-09-24,net_cashflows,0.99,1.6,0
2020-09-25,net_cashflows,0.99,1.6,0
2020-09-28,net_cashflows,0.99,1.6,0
2020-09-29,net_cashflows,0.99,1.6,0
2020-09-30,net_cashflows,0.99,1.6,0
2020-10-01,net_cashflows,0.99,1.6,0
2020-10-02,net_cashflows,0.99,1.6,0
2020-10-05,net_cashflows,0.99,1.6,0
2020-10-06,net_cashflows,0.99,1.6,0
2020-10-07,net_cashflows,0.99,1.6,0
2020-10-08,net_cashflows,0.99,1.6,0
2020-10-09,net_cashflows,0.99,1.6,0
2020-10-12,net_cashflows,0.99,1.6,0
2020-10-13,net_cashflows,0.99,1.6,0
2020-10-14,net_cashflows,0.99,1.6,0
2020-10-15,net_cashflows,0.99,1.6,0
2020-10-16,net_cashflows,0.99,1.6,0
2020-10-19,net_cashflows,0.99,1.6,0
2020-10-20,net_cashflows,0.99,1.6,0
2020-10-21,net_cashflows,0.99,1.6,0
2020-10-22,net_cashflows,0.99,1.6,0
2020-10-23,net_cashflows,0.99,1.6,0
2020-10-26,net_cashflows,0.99,1.6,0
2020-10-27,net_cashflows,0.99,1.6,0
2020-10-28,net_cashflows,0.99,1.6,0
2020-10-29,net_cashflows,0.99,1.6,0
2020-10-30,net_cashflows,0.99,1.6,0
2020-11-02,net_cashflows,0.99,1.6,0
2020-11-03,net_cashflows,0.99,1.6,0
2020-11-04,net_cashflows,0.99,1.6,0
2020-11-05,net_cashflows,0.99,1.6,0
2020-11-06,net_cashflows,0.99,1.6,0
2020-11-09,net_cashflows,0.99,1.6,0
2020-11-10,net_cashflows,0.99,1.6,0
2020-11-11,net_cashflows,0.99,1.6,0
2020-11-12,net_cashflows,0.99,1.6,0
2020-11-13,net_cashflows,0.99,1.6,0
2020-11-16,net_cashflows,0.99,1.6,0
2020-11-17,net_cashflows,0.99,1.6,0
2020-11-18,net_cashflows,0.99,1.6,0
2020-11-19,net_cashflows,0.99,1.6,0
2020-11-20,net_cashflows,0.99,1.6,0
2020-11-23,net_cashflows,0.99,1.6,0
2020-11-24,net_cashflows,0.99,1.6,0
2020-11-25,net_cashflows,0.99,1.6,0
2020-11-26,net_cashflows,0.99,1.6,0
2020-11-27,net_cashflows,0.99,1.6,0
2020-11-30,net_cashflows,0.99,1.6,0
2020-12-01,net_cashflows,0.99,1.6,0
2020-12-02,net_cashflows,0.99,1.6,0
2020-12-03,net_cashflows,0.99,1.6,0
2020-12-04,net_cashflows,0.99,1.6,0
2020-12-07,net_cashflows,0.99,1.6,0
2020-12-08,net_cashflows,0.99,1.6,0
2020-12-09,net_cashflows,0.99,1.6,0
2020-12-10,net_cashflows,0.99,1.6,0
2020-12-11,net_cashflows,0.99,1.6,0
2020-12-14,net_cashflows,0.99,1.6,0
2020-12-15,net_cashflows,0.99,1.6,0
2020-12-16,net_cashflows,0.99,1.6,0
2020-12-17,net_cashflows,0.99,1.6,0
2020-12-18,net_cashflows,0.99,1.6,0
2020-12-21,net_cashflows,0.99,1.6,0
2020-12-22,net_cashflows,0.99,1.6,0
2020-12-23,net_cashflows,0.99,1.6,0
2020-12-24,net_cashflows,0.99,1.6,0
2020-12-28,net_cashflows,0.99,1.6,0
2020-12-29,net_cashflows,0.99,1.6,0
2020-12-30,net_cashflows,0.99,1.6,0
2020-12-31,net_cashflows,0.99,1.6,0
2021-01-04,net_cashflows,0.99,1.6,0
2021-01-05,net_cashflows,0.99,1.6,0
2021-01-06,net_cashflows,0.99,1.6,0
2021-01-07,net_cashflows,0.99,1.6,0
2021-01-08,net_cashflows,0.99,1.6,0
2021-01-11,net_cashflows,0.99,1.6,0
2021-01-12,net_cashflows,0.99,1.6,0
2021-01-13,net_cashflows,0.99,1.6,0
2021-01-14,net_cashflows,0.99,1.6,0
2021-01-15,net_cashflows,0.99,1.6,0
2021-01-18,net_cashflows,0.99,1.6,0
2021-01-19,net_cashflows,0.99,1.6,0
2021-01-20,net_cashflows,0.99,1.6,0
2021-01-21,net_cashflows,0.99,1.6,0
2021-01-22,net_cashflows,0.99,1.6,0
2021-01-25,net_cashflows,0.99,1.6,0
2021-01-26,net_cashflows,0.99,1.6,0
2021-01-27,net_cashflows,0.99,1.6,0
2021-01-28,net_cashflows,0.99,1.6,0
2021-01-29,net_cashflows,0.99,1.6,0
2021-02-01,net_cashflows,0.99,1.6,0
2021-02-02,net_cashflows,0.99,1.6,0
2021-02-03,net_cashflows,0.99,1.6,0
2021-02-04,net_cashflows,0.99,1.6,0
2021-02-05,net_cashflows,0.99,1.6,0
2021-02-08,net_cashflows,0.99,1.6,0
2021-02-09,net_cashflows,0.99,1.6,0
2021-02-10,net_cashflows,0.99,1.6,0
2021-02-11,net_cashflows,0.99,1.6,0
2021-02-12,net_cashflows,0.99,1.6,0
2021-02-15,net_cashflows,0.99,1.6,0
2021-02-16,net_cashflows,0.99,1.6,0
2021-02-17,net_cashflows,0.99,1.6,0
2021-02-18,net_cashflows,0.99,1.2,0
2021-02-19,net_cashflows,0.99,1.2,0
2021-02-22,net_cashflows,0.99,1.2,0
2021-02-23,net_cashflows,0.99,1.2,0
2021-02-24,net_cashflows,0.99,0.8,0
2021-02-25,net_cashflows,0.99,0.4,0
2021-02-26,net_cashflows,0.99,0.4,0
2021-03-01,net_cashflows,0.99,0.4,0
2021-03-02,net_cashflows,0.99,0.4,0
2021-03-03,net_cashflows,0.99,0.4,0
2021-03-04,net_cashflows,0.99,0.0,0
2021-03-05,net_cashflows,0.99,0.0,0
2021-03-08,net_cashflows,0.99,0.0,0
2021-03-09,net_cashflows,0.99,0.0,0
2021-03-10,net_cashflows,0.99,0.0,0
2021-03-11,net_cashflows,0.99,0.0,0
2021-03-12,net_cashflows,0.99,0.0,0
2021-03-15,net_cashflows,0.99,0.0,0
2021-03-16,net_cashflows,0.99,0.0,0
2021-03-17,net_cashflows,0.99,0.0,0
2021-03-18,net_cashflows,0.99,0.0,0
2021-03-19,net_cashflows,0.99,0.0,0
2021-03-22,net_cashflows,0.99,0.0,0
2021-03-23,net_cashflows,0.99,0.0,0
2021-03-24,net_cashflows,0.99,0.0,0
2021-03-25,net_cashflows,0.99,0.0,0
2021-03-26,net_cashflows,0.99,0.0,0
2021-03-29,net_cashflows,0.99,0.0,0
2021-03-30,net_cashflows,0.99,0.0,0
2021-03-31,net_cashflows,0.99,0.0,0
2021-04-01,net_cashflows,0.99,0.0,0
2021-04-06,net_cashflows,0.99,0.0,0
2021-04-07,net_cashflows,0.99,0.0,0
2021-04-08,net_cashflows,0.99,0.0,0
2021-04-09,net_cashflows,0.99,0.0,0
2021-04-12,net_cashflows,0.99,0.0,0
2021-04-13,net_cashflows,0.99,0.0,0
2021-04-14,net_cashflows,0.99,0.0,0
2021-04-15,net_cashflows,0.99,0.0,0
2021-04-16,net_cashflows,0.99,0.0,0
2021-04-19,net_cashflows,0.99,0.0,0
2021-04-20,net_cashflows,0.99,0.0,0
2021-04-21,net_cashflows,0.99,0.0,0
2021-04-22,net_cashflows,0.99,0.0,0
2021-04-23,net_cashflows,0.99,0.0,0
2021-04-26,net_cashflows,0.99,0.0,0
2021-04-27,net_cashflows,0.99,0.0,0
2021-04-28,net_cashflows,0.99,0.0,0
2021-04-29,net_cashflows,0.99,0.0,0
2021-04-30,net_cashflows,0.99,0.0,0
2021-05-03,net_cashflows,0.99,0.0,0
2021-05-04,net_cashflows,0.99,0.0,0
2021-05-05,net_cashflows,0.99,0.0,0
2021-05-06,net_cashflows,0.99,0.0,0
2021-05-07,net_cashflows,0.99,0.0,0
2021-05-10,net_cashflows,0.99,0.0,0
2021-05-11,net_cashflows,0.99,0.0,0
2021-05-12,net_cashflows,0.99,0.0,0
2021-05-13,net_cashflows,0.99,0.0,0
2021-05-14,net_cashflows,0.99,0.0,0
2021-05-17,net_cashflows,0.99,0.0,0
2021-05-18,net_cashflows,0.99,0.0,0
2021-05-19,net_cashflows,0.99,0.0,0
2021-05-20,net_cashflows,0.99,0.0,0
2021-05-21,net_cashflows,0.99,0.0,0
2021-05-24,net_cashflows,0.99,0.0,0
2021-05-25,net_cashflows,0.99,0.0,0
2021-05-26,net_cashflows,0.99,0.0,0
2021-05-27,net_cashflows,0.99,0.0,0
2021-05-28,net_cashflows,0.99,0.0,0
2021-05-31,net_cashflows,0.99,0.0,0
2021-06-01,net_cashflows,0.99,0.0,0
2021-06-02,net_cashflows,0.99,0.0,0
2021-06-03,net_cashflows,0.99,0.0,0
2021-06-04,net_cashflows,0.99,0.0,0
2021-06-07,net_cashflows,0.99,0.0,0
2021-06-08,net_cashflows,0.99,0.0,0
2021-06-09,net_cashflows,0.99,0.0,0
2021-06-10,net_cashflows,0.99,0.0,0
2021-06-11,net_cashflows,0.99,0.0,0
2021-06-14,net_cashflows,0.99,0.0,0
2021-06-15,net_cashflows,0.99,0.0,0
2021-06-16,net_cashflows,0.99,0.0,0
2021-06-17,net_cashflows,0.99,0.0,0
2021-06-18,net_cashflows,0.99,0.0,0
2021-06-21,net_cashflows,0.99,0.0,0
2021-06-22,net_cashflows,0.99,0.0,0
2021-06-23,net_cashflows,0.99,0.0,0
2021-06-24,net_cashflows,0.99,0.0,0
2021-06-25,net_cashflows,0.99,0.0,0
2021-06-28,net_cashflows,0.99,0.0,0
2021-06-29,net_cashflows,0.99,0.0,0
2021-06-30,net_cashflows,0.99,0.0,0
2021-07-01,net_cashflows,0.99,0.0,0
2021-07-02,net_cashflows,0.99,0.0,0
2021-07-05,net_cashflows,0.99,0.0,0
2021-07-06,net_cashflows,0.99,0.4,1
2021-07-07,net_cashflows,0.99,0.4,0
2021-07-08,net_cashflows,0.99,0.4,0
2021-07-09,net_cashflows,0.99,0.4,0
2021-07-12,net_cashflows,0.99,0.4,0
2021-07-13,net_cashflows,0.99,0.4,0
2021-07-14,net_cashflows,0.99,0.4,0
2021-07-15,net_cashflows,0.99,0.4,0
2021-07-16,net_cashflows,0.99,0.4,0
2021-07-19,net_cashflows,0.99,0.4,0
2021-07-20,net_cashflows,0.99,0.4,0
2021-07-21,net_cashflows,0.99,0.4,0
2021-07-22,net_cashflows,0.99,0.4,0
2021-07-23,net_cashflows,0.99,0.4,0
2021-07-26,net_cashflows,0.99,0.4,0
2021-07-27,net_cashflows,0.99,0.4,0
2021-07-28,net_cashflows,0.99,0.4,0
2021-07-29,net_cashflows,0.99,0.4,0
2021-07-30,net_cashflows,0.99,0.4,0
2021-08-02,net_cashflows,0.99,0.4,0
2021-08-03,net_cashflows,0.99,0.4,0
2021-08-04,net_cashflows,0.99,0.4,0
2021-08-05,net_cashflows,0.99,0.4,0
2021-08-06,net_cashflows,0.99,0.4,0
2021-08-09,net_cashflows,0.99,0.4,0
2021-08-10,net_cashflows,0.99,0.4,0
2021-08-11,net_cashflows,0.99,0.4,0
2021-08-12,net_cashflows,0.99,0.4,0
2021-08-13,net_cashflows,0.99,0.4,0
2021-08-16,net_cashflows,0.99,0.4,0
2021-08-17,net_cashflows,0.99,0.4,0
2021-08-18,net_cashflows,0.99,0.4,0
2021-08-19,net_cashflows,0.99,0.4,0
2021-08-20,net_cashflows,0.99,0.4,0
2021-08-23,net_cashflows,0.99,0.4,0
2021-08-24,net_cashflows,0.99,0.4,0
2021-08-25,net_cashflows,0.99,0.4,0
2021-08-26,net_cashflows,0.99,0.4,0
2021-08-27,net_cashflows,0.99,0.4,0
2021-08-30,net_cashflows,0.99,0.4,0
2021-08-31,net_cashflows,0.99,0.4,0
2021-09-01,net_cashflows,0.99,0.4,0
2021-09-02,net_cashflows,0.99,0.4,0
2021-09-03,net_cashflows,0.99,0.4,0
2021-09-06,net_cashflows,0.99,0.4,0
2021-09-07,net_cashflows,0.99,0.4,0
2021-09-08,net_cashflows,0.99,0.4,0
2021-09-09,net_cashflows,0.99,0.4,0
2021-09-10,net_cashflows,0.99,0.4,0
2021-09-13,net_cashflows,0.99,0.4,0
2021-09-14,net_cashflows,0.99,0.4,0
2021-09-15,net_cashflows,0.99,0.4,0
2021-09-16,net_cashflows,0.99,0.4,0
2021-09-17,net_cashflows,0.99,0.4,0
2021-09-20,net_cashflows,0.99,0.4,0
2021-09-21,net_cashflows,0.99,0.4,0
2021-09-22,net_cashflows,0.99,0.4,0
2021-09-23,net_cashflows,0.99,0.4,0
2021-09-24,net_cashflows,0.99,0.4,0
2021-09-27,net_cashflows,0.99,0.4,0
2021-09-28,net_cashflows,0.99,0.4,0
2021-09-29,net_cashflows,0.99,0.4,0
2021-09-30,net_cashflows,0.99,0.4,0
2021-10-01,net_cashflows,0.99,0.4,0
2021-10-04,net_cashflows,0.99,0.4,0
2021-10-05,net_cashflows,0.99,0.4,0
2021-10-06,net_cashflows,0.99,0.4,0
2021-10-07,net_cashflows,0.99,0.4,0
2021-10-08,net_cashflows,0.99,0.4,0
2021-10-11,net_cashflows,0.99,0.4,0
2021-10-12,net_cashflows,0.99,0.4,0
2021-10-13,net_cashflows,0.99,0.4,0
2021-10-14,net_cashflows,0.99,0.4,0
2021-10-15,net_cashflows,0.99,0.4,0
2021-10-18,net_cashflows,0.99,0.4,0
2021-10-19,net_cashflows,0.99,0.4,0
2021-10-20,net_cashflows,0.99,0.4,0
2021-10-21,net_cashflows,0.99,0.4,0
2021-10-22,net_cashflows,0.99,0.4,0
2021-10-25,net_cashflows,0.99,0.4,0
2021-10-26,net_cashflows,0.99,0.4,0
2021-10-27,net_cashflows,0.99,0.4,0
2021-10-28,net_cashflows,0.99,0.4,0
2021-10-29,net_cashflows,0.99,0.4,0
2021-11-01,net_cashflows,0.99,0.4,0
2021-11-02,net_cashflows,0.99,0.4,0
2021-11-03,net_cashflows,0.99,0.4,0
2021-11-04,net_cashflows,0.99,0.4,0
2021-11-05,net_cashflows,0.99,0.4,0
2021-11-08,net_cashflows,0.99,0.4,0
2021-11-09,net_cashflows,0.99,0.4,0
2021-11-10,net_cashflows,0.99,0.4,0
2021-11-11,net_cashflows,0.99,0.4,0
2021-11-12,net_cashflows,0.99,0.4,0
2021-11-15,net_cashflows,0.99,0.4,0
2021-11-16,net_cashflows,0.99,0.4,0
2021-11-17,net_cashflows,0.99,0.4,0
2021-11-18,net_cashflows,0.99,0.4,0
2021-11-19,net_cashflows,0.99,0.4,0
2021-11-22,net_cashflows,0.99,0.4,0
2021-11-23,net_cashflows,0.99,0.4,0
2021-11-24,net_cashflows,0.99,0.8,1
2021-11-25,net_cashflows,0.99,0.8,0
2021-11-26,net_cashflows,0.99,0.8,0
2021-11-29,net_cashflows,0.99,0.8,0
2021-11-30,net_cashflows,0.99,0.8,0
2021-12-01,net_cashflows,0.99,0.8,0
2021-12-02,net_cashflows,0.99,0.8,0
2021-12-03,net_cashflows,0.99,0.8,0
2021-12-06,net_cashflows,0.99,0.8,0
2021-12-07,net_cashflows,0.99,0.8,0
2021-12-08,net_cashflows,0.99,0.8,0
2021-12-09,net_cashflows,0.99,0.8,0
2021-12-10,net_cashflows,0.99,0.8,0
2021-12-13,net_cashflows,0.99,0.8,0
2021-12-14,net_cashflows,0.99,0.8,0
2021-12-15,net_cashflows,0.99,0.8,0
2021-12-16,net_cashflows,0.99,0.8,0
2021-12-17,net_cashflows,0.99,0.8,0
2021-12-20,net_cashflows,0.99,0.8,0
2021-12-21,net_cashflows,0.99,0.8,0
2021-12-22,net_cashflows,0.99,0.8,0
2021-12-23,net_cashflows,0.99,0.8,0
2021-12-24,net_cashflows,0.99,0.8,0
2021-12-27,net_cashflows,0.99,0.8,0
2021-12-28,net_cashflows,0.99,0.8,0
2021-12-29,net_cashflows,0.99,0.8,0
2021-12-30,net_cashflows,0.99,0.8,0
2021-12-31,net_cashflows,0.99,0.8,0
2022-01-03,net_cashflows,0.99,0.8,0
2022-01-04,net_cashflows,0.99,0.8,0
2022-01-05,net_cashflows,0.99,0.8,0
2022-01-06,net_cashflows,0.99,0.8,0
2022-01-07,net_cashflows,0.99,0.8,0
2022-01-10,net_cashflows,0.99,0.8,0
2022-01-11,net_cashflows,0.99,1.2,1
2022-01-12,net_cashflows,0.99,1.2,0
2022-01-13,net_cashflows,0.99,1.2,0
2022-01-14,net_cashflows,0.99,1.2,0
2022-01-17,net_cashflows,0.99,1.2,0
2022-01-18,net_cashflows,0.99,1.2,0
2022-01-19,net_cashflows,0.99,1.2,0
2022-01-20,net_cashflows,0.99,1.2,0
2022-01-21,net_cashflows,0.99,1.2,0
2022-01-24,net_cashflows,0.99,1.2,0
2022-01-25,net_cashflows,0.99,1.2,0
2022-01-26,net_cashflows,0.99,1.2,0
2022-01-27,net_cashflows,0.99,1.2,0
2022-01-28,net_cashflows,0.99,1.2,0
2022-01-31,net_cashflows,0.99,1.2,0
2022-02-01,net_cashflows,0.99,1.2,0
2022-02-02,net_cashflows,0.99,1.2,0
2022-02-03,net_cashflows,0.99,1.2,0
2022-02-04,net_cashflows,0.99,1.2,0
2022-02-07,net_cashflows,0.99,1.2,0
2022-02-08,net_cashflows,0.99,1.2,0
2022-02-09,net_cashflows,0.99,1.2,0
2022-02-10,net_cashflows,0.99,1.2,0
2022-02-11,net_cashflows,0.99,1.2,0
2022-02-14,net_cashflows,0.99,1.2,0
2022-02-15,net_cashflows,0.99,1.2,0
2022-02-16,net_cashflows,0.99,1.2,0
2022-02-17,net_cashflows,0.99,1.2,0
2022-02-18,net_cashflows,0.99,1.2,0
2022-02-21,net_cashflows,0.99,1.2,0
2022-02-22,net_cashflows,0.99,1.2,0
2022-02-23,net_cashflows,0.99,1.2,0
2022-02-24,net_cashflows,0.99,1.2,0
2022-02-25,net_cashflows,0.99,1.2,0
2022-02-28,net_cashflows,0.99,1.2,0
2022-03-01,net_cashflows,0.99,1.2,0
2022-03-02,net_cashflows,0.99,1.2,0
2022-03-03,net_cashflows,0.99,1.2,0
2022-03-04,net_cashflows,0.99,1.2,0
2022-03-07,net_cashflows,0.99,1.2,0
2022-03-08,net_cashflows,0.99,1.2,0
2022-03-09,net_cashflows,0.99,1.2,0
2022-03-10,net_cashflows,0.99,1.2,0
2022-03-11,net_cashflows,0.99,1.2,0
2022-03-14,net_cashflows,0.99,1.2,0
2022-03-15,net_cashflows,0.99,1.2,0
2022-03-16,net_cashflows,0.99,1.2,0
2022-03-17,net_cashflows,0.99,1.2,0
2022-03-18,net_cashflows,0.99,1.2,0
2022-03-21,net_cashflows,0.99,1.2,0
2022-03-22,net_cashflows,0.99,1.2,0
2022-03-23,net_cashflows,0.99,1.2,0
2022-03-24,net_cashflows,0.99,1.2,0
2022-03-25,net_cashflows,0.99,1.2,0
2022-03-28,net_cashflows,0.99,1.2,0
2022-03-29,net_cashflows,0.99,1.2,0
2022-03-30,net_cashflows,0.99,1.2,0
2022-03-31,net_cashflows,0.99,1.2,0
2022-04-01,net_cashflows,0.99,1.2,0
2022-04-04,net_cashflows,0.99,1.2,0
2022-04-05,net_cashflows,0.99,1.2,0
2022-04-06,net_cashflows,0.99,1.2,0
2022-04-07,net_cashflows,0.99,1.2,0
2022-04-08,net_cashflows,0.99,1.2,0
2022-04-11,net_cashflows,0.99,1.2,0
2022-04-12,net_cashflows,0.99,1.2,0
2022-04-13,net_cashflows,0.99,1.2,0
2022-04-14,net_cashflows,0.99,1.2,0
2022-04-19,net_cashflows,0.99,1.2,0
2022-04-20,net_cashflows,0.99,1.2,0
2022-04-21,net_cashflows,0.99,1.2,0
2022-04-22,net_cashflows,0.99,1.2,0
2022-04-25,net_cashflows,0.99,1.2,0
2022-04-26,net_cashflows,0.99,1.2,0
2022-04-27,net_cashflows,0.99,1.2,0
2022-04-28,net_cashflows,0.99,1.2,0
2022-04-29,net_cashflows,0.99,1.2,0
2022-05-02,net_cashflows,0.99,1.2,0
2022-05-03,net_cashflows,0.99,1.2,0
2022-05-04,net_cashflows,0.99,1.2,0
2022-05-05,net_cashflows,0.99,1.2,0
2022-05-06,net_cashflows,0.99,1.2,0
2022-05-09,net_cashflows,0.99,1.2,0
2022-05-10,net_cashflows,0.99,1.2,0
2022-05-11,net_cashflows,0.99,1.2,0
2022-05-12,net_cashflows,0.99,1.2,0
2022-05-13,net_cashflows,0.99,1.2,0
2022-05-16,net_cashflows,0.99,1.2,0
2022-05-17,net_cashflows,0.99,1.6,1
2022-05-18,net_cashflows,0.99,1.6,0
2022-05-19,net_cashflows,0.99,1.6,0
2022-05-20,net_cashflows,0.99,1.6,0
2022-05-23,net_cashflows,0.99,1.6,0
2022-05-24,net_cashflows,0.99,1.6,0
2022-05-25,net_cashflows,0.99,1.6,0
2022-05-26,net_cashflows,0.99,1.6,0
2022-05-27,net_cashflows,0.99,1.6,0
2022-05-30,net_cashflows,0.99,1.6,0
2022-05-31,net_cashflows,0.99,1.6,0
2022-06-01,net_cashflows,0.99,1.6,0
2022-06-02,net_cashflows,0.99,1.6,0
2022-06-03,net_cashflows,0.99,1.6,0
2022-06-06,net_cashflows,0.99,1.6,0
2022-06-07,net_cashflows,0.99,1.6,0
2022-06-08,net_cashflows,0.99,1.6,0
2022-06-09,net_cashflows,0.99,1.6,0
2022-06-10,net_cashflows,0.99,1.6,0
2022-06-13,net_cashflows,0.99,1.6,0
2022-06-14,net_cashflows,0.99,2.0,1
2022-06-15,net_cashflows,0.99,2.0,0
2022-06-16,net_cashflows,0.99,2.0,0
2022-06-17,net_cashflows,0.99,2.0,0
2022-06-20,net_cashflows,0.99,2.0,0
2022-06-21,net_cashflows,0.99,2.0,0
2022-06-22,net_cashflows,0.99,2.0,0
2022-06-23,net_cashflows,0.99,1.6,0
2022-06-24,net_cashflows,0.99,1.6,0
2022-06-27,net_cashflows,0.99,1.6,0
2022-06-28,net_cashflows,0.99,1.6,0
2022-06-29,net_cashflows,0.99,1.6,0
2022-06-30,net_cashflows,0.99,1.6,0
2022-07-01,net_cashflows,0.99,1.6,0
2022-07-04,net_cashflows,0.99,1.6,0
2022-07-05,net_cashflows,0.99,1.6,0
2022-07-06,net_cashflows,0.99,1.6,0
2022-07-07,net_cashflows,0.99,1.6,0
2022-07-08,net_cashflows,0.99,1.6,0
2022-07-11,net_cashflows,0.99,1.6,0
2022-07-12,net_cashflows,0.99,1.6,0
2022-07-13,net_cashflows,0.99,1.6,0
2022-07-14,net_cashflows,0.99,1.6,0
2022-07-15,net_cashflows,0.99,1.6,0
2022-07-18,net_cashflows,0.99,1.6,0
2022-07-19,net_cashflows,0.99,1.6,0
2022-07-20,net_cashflows,0.99,1.6,0
2022-07-21,net_cashflows,0.99,1.6,0
2022-07-22,net_cashflows,0.99,1.6,0
2022-07-25,net_cashflows,0.99,1.6,0
2022-07-26,net_cashflows,0.99,1.6,0
2022-07-27,net_cashflows,0.99,1.6,0
2022-07-28,net_cashflows,0.99,1.6,0
2022-07-29,net_cashflows,0.99,1.6,0
2022-08-01,net_cashflows,0.99,1.6,0
2022-08-02,net_cashflows,0.99,1.6,0
2022-08-03,net_cashflows,0.99,1.6,0
2022-08-04,net_cashflows,0.99,1.6,0
2022-08-05,net_cashflows,0.99,1.6,0
2022-08-08,net_cashflows,0.99,1.6,0
2022-08-09,net_cashflows,0.99,2.0,1
2022-08-10,net_cashflows,0.99,2.0,0
2022-08-11,net_cashflows,0.99,2.0,0
2022-08-12,net_cashflows,0.99,2.0,0
2022-08-15,net_cashflows,0.99,2.0,0
2022-08-16,net_cashflows,0.99,2.0,0
2022-08-17,net_cashflows,0.99,2.0,0
2022-08-18,net_cashflows,0.99,2.0,0
2022-08-19,net_cashflows,0.99,2.0,0
2022-08-22,net_cashflows,0.99,2.0,0
2022-08-23,net_cashflows,0.99,2.0,0
2022-08-24,net_cashflows,0.99,2.0,0
2022-08-25,net_cashflows,0.99,2.0,0
2022-08-26,net_cashflows,0.99,2.0,0
2022-08-29,net_cashflows,0.99,2.0,0
2022-08-30,net_cashflows,0.99,2.0,0
2022-08-31,net_cashflows,0.99,2.0,0
2022-09-01,net_cashflows,0.99,2.0,0
2022-09-02,net_cashflows,0.99,2.0,0
2022-09-05,net_cashflows,0.99,2.0,0
2022-09-06,net_cashflows,0.99,2.0,0
2022-09-07,net_cashflows,0.99,2.0,0
2022-09-08,net_cashflows,0.99,2.0,0
2022-09-09,net_cashflows,0.99,2.0,0
2022-09-12,net_cashflows,0.99,2.0,0
2022-09-13,net_cashflows,0.99,2.0,0
2022-09-14,net_cashflows,0.99,2.0,0
2022-09-15,net_cashflows,0.99,2.0,0
2022-09-16,net_cashflows,0.99,2.0,0
2022-09-19,net_cashflows,0.99,2.0,0
2022-09-20,net_cashflows,0.99,2.0,0
2022-09-21,net_cashflows,0.99,2.0,0
2022-09-22,net_cashflows,0.99,2.0,0
2022-09-23,net_cashflows,0.99,2.0,0
2022-09-26,net_cashflows,0.99,2.0,0
2022-09-27,net_cashflows,0.99,2.0,0
2022-09-28,net_cashflows,0.99,2.0,0
2022-09-29,net_cashflows,0.99,2.0,0
2022-09-30,net_cashflows,0.99,2.0,0
2022-10-03,net_cashflows,0.99,2.0,0
2022-10-04,net_cashflows,0.99,2.0,0
2022-10-05,net_cashflows,0.99,2.0,0
2022-10-06,net_cashflows,0.99,2.0,0
2022-10-07,net_cashflows,0.99,2.0,0
2022-10-10,net_cashflows,0.99,2.0,0
2022-10-11,net_cashflows,0.99,2.0,0
2022-10-12,net_cashflows,0.99,2.0,0
2022-10-13,net_cashflows,0.99,2.0,0
2022-10-14,net_cashflows,0.99,2.0,0
2022-10-17,net_cashflows,0.99,2.0,0
2022-10-18,net_cashflows,0.99,2.0,0
2022-10-19,net_cashflows,0.99,2.0,0
2022-10-20,net_cashflows,0.99,2.4,1
2022-10-21,net_cashflows,0.99,2.4,0
2022-10-24,net_cashflows,0.99,2.4,0
2022-10-25,net_cashflows,0.99,2.4,0
2022-10-26,net_cashflows,0.99,2.4,0
2022-10-27,net_cashflows,0.99,2.4,0
2022-10-28,net_cashflows,0.99,2.4,0
2022-10-31,net_cashflows,0.99,2.4,0
2022-11-01,net_cashflows,0.99,2.4,0
2022-11-02,net_cashflows,0.99,2.4,0
2022-11-03,net_cashflows,0.99,2.4,0
2022-11-04,net_cashflows,0.99,2.4,0
2022-11-07,net_cashflows,0.99,2.4,0
2022-11-08,net_cashflows,0.99,2.4,0
2022-11-09,net_cashflows,0.99,2.8000000000000003,1
2022-11-10,net_cashflows,0.99,2.8000000000000003,0
2022-11-11,net_cashflows,0.99,2.4,0
2022-11-14,net_cashflows,0.99,2.4,0
2022-11-15,net_cashflows,0.99,2.4,0
2022-11-16,net_cashflows,0.99,2.4,0
2022-11-17,net_cashflows,0.99,2.4,0
2022-11-18,net_cashflows,0.99,2.4,0
2022-11-21,net_cashflows,0.99,2.4,0
2022-11-22,net_cashflows,0.99,2.4,0
2022-11-23,net_cashflows,0.99,2.4,0
2022-11-24,net_cashflows,0.99,2.4,0
2022-11-25,net_cashflows,0.99,2.4,0
2022-11-28,net_cashflows,0.99,2.4,0
2022-11-29,net_cashflows,0.99,2.4,0
2022-11-30,net_cashflows,0.99,2.4,0
2022-12-01,net_cashflows,0.99,2.4,0
2022-12-02,net_cashflows,0.99,2.4,0
2022-12-05,net_cashflows,0.99,2.4,0
2022-12-06,net_cashflows,0.99,2.4,0
2022-12-07,net_cashflows,0.99,2.4,0
2022-12-08,net_cashflows,0.99,2.4,0
2022-12-09,net_cashflows,0.99,2.4,0
2022-12-12,net_cashflows,0.99,2.4,0
2022-12-13,net_cashflows,0.99,2.4,0
2022-12-14,net_cashflows,0.99,2.4,0
2022-12-15,net_cashflows,0.99,2.4,0
2022-12-16,net_cashflows,0.99,2.8000000000000003,1
2022-12-19,net_cashflows,0.99,2.8000000000000003,0
2022-12-20,net_cashflows,0.99,2.8000000000000003,0
2022-12-21,net_cashflows,0.99,2.8000000000000003,0
2022-12-22,net_cashflows,0.99,2.8000000000000003,0
2022-12-23,net_cashflows,0.99,2.8000000000000003,0
2022-12-27,net_cashflows,0.99,2.8000000000000003,0
2022-12-28,net_cashflows,0.99,2.8000000000000003,0
2022-12-29,net_cashflows,0.99,2.8000000000000003,0
2022-12-30,net_cashflows,0.99,2.4,0
2023-01-02,net_cashflows,0.99,2.4,0
2023-01-03,net_cashflows,0.99,2.4,0
2023-01-04,net_cashflows,0.99,2.4,0
2023-01-05,net_cashflows,0.99,2.4,0
2023-01-06,net_cashflows,0.99,2.4,0
2023-01-09,net_cashflows,0.99,2.4,0
2023-01-10,net_cashflows,0.99,2.4,0
2023-01-11,net_cashflows,0.99,2.4,0
2023-01-12,net_cashflows,0.99,2.4,0
2023-01-13,net_cashflows,0.99,2.4,0
2023-01-16,net_cashflows,0.99,2.4,0
2023-01-17,net_cashflows,0.99,2.4,0
2023-01-18,net_cashflows,0.99,2.4,0
2023-01-19,net_cashflows,0.99,2.4,0
2023-01-20,net_cashflows,0.99,2.4,0
2023-01-23,net_cashflows,0.99,2.4,0
2023-01-24,net_cashflows,0.99,2.4,0
2023-01-25,net_cashflows,0.99,2.4,0
2023-01-26,net_cashflows,0.99,2.4,0
2023-01-27,net_cashflows,0.99,2.4,0
2023-01-30,net_cashflows,0.99,2.4,0
2023-01-31,net_cashflows,0.99,2.4,0
2023-02-01,net_cashflows,0.99,2.4,0
2023-02-02,net_cashflows,0.99,2.4,0
2023-02-03,net_cashflows,0.99,2.4,0
2023-02-06,net_cashflows,0.99,2.4,0
2023-02-07,net_cashflows,0.99,2.4,0
2023-02-08,net_cashflows,0.99,2.4,0
2023-02-09,net_cashflows,0.99,2.4,0
2023-02-10,net_cashflows,0.99,2.4,0
2023-02-13,net_cashflows,0.99,2.4,0
2023-02-14,net_cashflows,0.99,2.4,0
2023-02-15,net_cashflows,0.99,2.4,0
2023-02-16,net_cashflows,0.99,2.4,0
2023-02-17,net_cashflows,0.99,2.4,0
2023-02-20,net_cashflows,0.99,2.4,0
2023-02-21,net_cashflows,0.99,2.4,0
2023-02-22,net_cashflows,0.99,2.4,0
2023-02-23,net_cashflows,0.99,2.4,0
2023-02-24,net_cashflows,0.99,2.4,0
2023-02-27,net_cashflows,0.99,2.4,0
2023-02-28,net_cashflows,0.99,2.4,0
2023-03-01,net_cashflows,0.99,2.4,0
2023-03-02,net_cashflows,0.99,2.4,0
2023-03-03,net_cashflows,0.99,2.4,0
2023-03-06,net_cashflows,0.99,2.4,0
2023-03-07,net_cashflows,0.99,2.4,0
2023-03-08,net_cashflows,0.99,2.4,0
2023-03-09,net_cashflows,0.99,2.8000000000000003,1
2023-03-10,net_cashflows,0.99,2.8000000000000003,0
2023-03-13,net_cashflows,0.99,2.8000000000000003,0
2023-03-14,net_cashflows,0.99,2.8000000000000003,0
2023-03-15,net_cashflows,0.99,2.8000000000000003,0
2023-03-16,net_cashflows,0.99,2.8000000000000003,0
2023-03-17,net_cashflows,0.99,2.8000000000000003,0
2023-03-20,net_cashflows,0.99,2.8000000000000003,0
2023-03-21,net_cashflows,0.99,2.8000000000000003,0
2023-03-22,net_cashflows,0.99,2.8000000000000003,0
2023-03-23,net_cashflows,0.99,2.8000000000000003,0
2023-03-24,net_cashflows,0.99,2.8000000000000003,0
2023-03-27,net_cashflows,0.99,2.8000000000000003,0
2023-03-28,net_cashflows,0.99,2.8000000000000003,0
2023-03-29,net_cashflows,0.99,2.8000000000000003,0
2023-03-30,net_cashflows,0.99,2.8000000000000003,0
2023-03-31,net_cashflows,0.99,2.8000000000000003,0
2023-04-03,net_cashflows,0.99,2.8000000000000003,0
2023-04-04,net_cashflows,0.99,2.8000000000000003,0
2023-04-05,net_cashflows,0.99,2.8000000000000003,0
2023-04-06,net_cashflows,0.99,2.8000000000000003,0
2023-04-11,net_cashflows,0.99,2.8000000000000003,0
2023-04-12,net_cashflows,0.99,2.8000000000000003,0
2023-04-13,net_cashflows,0.99,2.8000000000000003,0
2023-04-14,net_cashflows,0.99,2.8000000000000003,0
2023-04-17,net_cashflows,0.99,2.8000000000000003,0
2023-04-18,net_cashflows,0.99,2.8000000000000003,0
2023-04-19,net_cashflows,0.99,2.8000000000000003,0
2023-04-20,net_cashflows,0.99,2.8000000000000003,0
2023-04-21,net_cashflows,0.99,2.8000000000000003,0
2023-04-24,net_cashflows,0.99,2.8000000000000003,0
2023-04-25,net_cashflows,0.99,2.8000000000000003,0
2023-04-26,net_cashflows,0.99,2.8000000000000003,0
2023-04-27,net_cashflows,0.99,2.8000000000000003,0
2023-04-28,net_cashflows,0.99,2.8000000000000003,0
2023-05-02,net_cashflows,0.99,2.8000000000000003,0
2023-05-03,net_cashflows,0.99,2.8000000000000003,0
2023-05-04,net_cashflows,0.99,2.8000000000000003,0
2023-05-05,net_cashflows,0.99,2.8000000000000003,0
2023-05-08,net_cashflows,0.99,2.4,0
2023-05-09,net_cashflows,0.99,2.4,0
2023-05-10,net_cashflows,0.99,2.4,0
2023-05-11,net_cashflows,0.99,2.4,0
2023-05-12,net_cashflows,0.99,2.4,0
2023-05-15,net_cashflows,0.99,2.4,0
2023-05-16,net_cashflows,0.99,2.4,0
2023-05-17,net_cashflows,0.99,2.4,0
2023-05-18,net_cashflows,0.99,2.4,0
2023-05-19,net_cashflows,0.99,2.4,0
2023-05-22,net_cashflows,0.99,2.4,0
2023-05-23,net_cashflows,0.99,2.4,0
2023-05-24,net_cashflows,0.99,2.4,0
2023-05-25,net_cashflows,0.99,2.4,0
2023-05-26,net_cashflows,0.99,2.4,0
2023-05-29,net_cashflows,0.99,2.4,0
2023-05-30,net_cashflows,0.99,2.4,0
2023-05-31,net_cashflows,0.99,2.4,0
2023-06-01,net_cashflows,0.99,2.4,0
2023-06-02,net_cashflows,0.99,2.4,0
2023-06-05,net_cashflows,0.99,2.0,0
2023-06-06,net_cashflows,0.99,2.0,0
2023-06-07,net_cashflows,0.99,2.0,0
2023-06-08,net_cashflows,0.99,2.0,0
2023-06-09,net_cashflows,0.99,2.0,0
2023-06-12,net_cashflows,0.99,2.0,0
2023-06-13,net_cashflows,0.99,2.0,0
2023-06-14,net_cashflows,0.99,2.0,0
2023-06-15,net_cashflows,0.99,2.0,0
2023-06-16,net_cashflows,0.99,2.0,0
2023-06-19,net_cashflows,0.99,2.0,0
2023-06-20,net_cashflows,0.99,2.0,0
2023-06-21,net_cashflows,0.99,2.0,0
2023-06-22,net_cashflows,0.99,2.0,0
2023-06-23,net_cashflows,0.99,2.0,0
2023-06-26,net_cashflows,0.99,2.0,0
2023-06-27,net_cashflows,0.99,2.0,0
2023-06-28,net_cashflows,0.99,2.0,0
2023-06-29,net_cashflows,0.99,2.0,0
2023-06-30,net_cashflows,0.99,2.0,0
2023-07-03,net_cashflows,0.99,2.0,0
2023-07-04,net_cashflows,0.99,2.0,0
2023-07-05,net_cashflows,0.99,2.0,0
2023-07-06,net_cashflows,0.99,2.0,0
2023-07-07,net_cashflows,0.99,2.0,0
2023-07-10,net_cashflows,0.99,2.0,0
2023-07-11,net_cashflows,0.99,2.0,0
2023-07-12,net_cashflows,0.99,2.0,0
2023-07-13,net_cashflows,0.99,2.0,0
2023-07-14,net_cashflows,0.99,2.0,0
2023-07-17,net_cashflows,0.99,2.0,0
2023-07-18,net_cashflows,0.99,2.0,0
2023-07-19,net_cashflows,0.99,2.0,0
2023-07-20,net_cashflows,0.99,2.0,0
2023-07-21,net_cashflows,0.99,2.0,0
2023-07-24,net_cashflows,0.99,2.0,0
2023-07-25,net_cashflows,0.99,2.0,0
2023-07-26,net_cashflows,0.99,2.0,0
2023-07-27,net_cashflows,0.99,2.0,0
2023-07-28,net_cashflows,0.99,2.0,0
2023-07-31,net_cashflows,0.99,1.6,0
2023-08-01,net_cashflows,0.99,1.6,0
2023-08-02,net_cashflows,0.99,1.6,0
2023-08-03,net_cashflows,0.99,1.6,0
2023-08-04,net_cashflows,0.99,1.6,0
2023-08-07,net_cashflows,0.99,1.6,0
2023-08-08,net_cashflows,0.99,1.6,0
2023-08-09,net_cashflows,0.99,1.6,0
2023-08-10,net_cashflows,0.99,1.6,0
2023-08-11,net_cashflows,0.99,1.6,0
2023-08-14,net_cashflows,0.99,1.6,0
2023-08-15,net_cashflows,0.99,1.6,0
2023-08-16,net_cashflows,0.99,1.6,0
2023-08-17,net_cashflows,0.99,1.6,0
2023-08-18,net_cashflows,0.99,1.6,0
2023-08-21,net_cashflows,0.99,1.6,0
2023-08-22,net_cashflows,0.99,1.6,0
2023-08-23,net_cashflows,0.99,1.6,0
2023-08-24,net_cashflows,0.99,1.6,0
2023-08-25,net_cashflows,0.99,1.6,0
2023-08-28,net_cashflows,0.99,1.6,0
2023-08-29,net_cashflows,0.99,1.6,0
2023-08-30,net_cashflows,0.99,1.6,0
2023-08-31,net_cashflows,0.99,1.6,0
2023-09-01,net_cashflows,0.99,1.6,0
2023-09-04,net_cashflows,0.99,1.6,0
2023-09-05,net_cashflows,0.99,1.6,0
2023-09-06,net_cashflows,0.99,1.6,0
2023-09-07,net_cashflows,0.99,1.6,0
2023-09-08,net_cashflows,0.99,1.6,0
2023-09-11,net_cashflows,0.99,1.6,0
2023-09-12,net_cashflows,0.99,1.6,0
2023-09-13,net_cashflows,0.99,1.6,0
2023-09-14,net_cashflows,0.99,1.6,0
2023-09-15,net_cashflows,0.99,1.6,0
2023-09-18,net_cashflows,0.99,1.6,0
2023-09-19,net_cashflows,0.99,1.6,0
2023-09-20,net_cashflows,0.99,1.6,0
2023-09-21,net_cashflows,0.99,1.6,0
2023-09-22,net_cashflows,0.99,1.6,0
2023-09-25,net_cashflows,0.99,1.6,0
2023-09-26,net_cashflows,0.99,1.6,0
2023-09-27,net_cashflows,0.99,1.6,0
2023-09-28,net_cashflows,0.99,1.6,0
2023-09-29,net_cashflows,0.99,1.6,0
2023-10-02,net_cashflows,0.99,1.6,0
2023-10-03,net_cashflows,0.99,1.6,0
2023-10-04,net_cashflows,0.99,1.6,0
2023-10-05,net_cashflows,0.99,1.6,0
2023-10-06,net_cashflows,0.99,1.6,0
2023-10-09,net_cashflows,0.99,1.6,0
2023-10-10,net_cashflows,0.99,1.6,0
2023-10-11,net_cashflows,0.99,1.2,0
2023-10-12,net_cashflows,0.99,1.2,0
2023-10-13,net_cashflows,0.99,1.2,0
2023-10-16,net_cashflows,0.99,1.2,0
2023-10-17,net_cashflows,0.99,1.2,0
2023-10-18,net_cashflows,0.99,1.2,0
2023-10-19,net_cashflows,0.99,1.2,0
2023-10-20,net_cashflows,0.99,1.2,0
2023-10-23,net_cashflows,0.99,1.2,0
2023-10-24,net_cashflows,0.99,1.2,0
2023-10-25,net_cashflows,0.99,1.2,0
2023-10-26,net_cashflows,0.99,1.2,0
2023-10-27,net_cashflows,0.99,1.2,0
2023-10-30,net_cashflows,0.99,1.2,0
2023-10-31,net_cashflows,0.99,0.8,0
2023-11-01,net_cashflows,0.99,0.8,0
2023-11-02,net_cashflows,0.99,0.8,0
2023-11-03,net_cashflows,0.99,0.8,0
2023-11-06,net_cashflows,0.99,0.8,0
2023-11-07,net_cashflows,0.99,0.8,0
2023-11-08,net_cashflows,0.99,0.8,0
2023-11-09,net_cashflows,0.99,0.8,0
2023-11-10,net_cashflows,0.99,0.8,0
2023-11-13,net_cashflows,0.99,0.8,0
2023-11-14,net_cashflows,0.99,0.8,0
2023-11-15,net_cashflows,0.99,0.8,0
2023-11-16,net_cashflows,0.99,0.8,0
2023-11-17,net_cashflows,0.99,0.8,0
2023-11-20,net_cashflows,0.99,0.8,0
2023-11-21,net_cashflows,0.99,0.8,0
2023-11-22,net_cashflows,0.99,0.8,0
2023-11-23,net_cashflows,0.99,0.8,0
2023-11-24,net_cashflows,0.99,0.8,0
2023-11-27,net_cashflows,0.99,0.8,0
2023-11-28,net_cashflows,0.99,0.8,0
2023-11-29,net_cashflows,0.99,0.8,0
2023-11-30,net_cashflows,0.99,0.8,0
2023-12-01,net_cashflows,0.99,0.8,0
2023-12-04,net_cashflows,0.99,0.8,0
2023-12-05,net_cashflows,0.99,0.8,0
2023-12-06,net_cashflows,0.99,0.8,0
2023-12-07,net_cashflows,0.99,0.4,0
2023-12-08,net_cashflows,0.99,0.4,0
2023-12-11,net_cashflows,0.99,0.4,0
2023-12-12,net_cashflows,0.99,0.8,1
2023-12-13,net_cashflows,0.99,0.8,0
2023-12-14,net_cashflows,0.99,0.8,0
2023-12-15,net_cashflows,0.99,0.8,0
2023-12-18,net_cashflows,0.99,0.8,0
2023-12-19,net_cashflows,0.99,0.8,0
2023-12-20,net_cashflows,0.99,0.8,0
2023-12-21,net_cashflows,0.99,0.8,0
2023-12-22,net_cashflows,0.99,1.2,1
2023-12-27,net_cashflows,0.99,1.2,0
2023-12-28,net_cashflows,0.99,1.2,0
2023-12-29,net_cashflows,0.99,1.2,0
2024-01-02,net_cashflows,0.99,1.2,0
2024-01-03,net_cashflows,0.99,1.2,0
2024-01-04,net_cashflows,0.99,1.2,0
2024-01-05,net_cashflows,0.99,1.2,0
2024-01-08,net_cashflows,0.99,1.2,0
2024-01-09,net_cashflows,0.99,1.2,0
2024-01-10,net_cashflows,0.99,1.2,0
2024-01-11,net_cashflows,0.99,1.2,0
2024-01-12,net_cashflows,0.99,1.2,0
2024-01-15,net_cashflows,0.99,1.2,0
2024-01-16,net_cashflows,0.99,1.2,0
2024-01-17,net_cashflows,0.99,1.2,0
2024-01-18,net_cashflows,0.99,1.2,0
2024-01-19,net_cashflows,0.99,1.2,0
2024-01-22,net_cashflows,0.99,1.2,0
2024-01-23,net_cashflows,0.99,1.2,0
2024-01-24,net_cashflows,0.99,1.2,0
2024-01-25,net_cashflows,0.99,1.2,0
2024-01-26,net_cashflows,0.99,1.2,0
2024-01-29,net_cashflows,0.99,1.2,0
2024-01-30,net_cashflows,0.99,1.2,0
2024-01-31,net_cashflows,0.99,1.2,0
2024-02-01,net_cashflows,0.99,1.2,0
2024-02-02,net_cashflows,0.99,1.2,0
2024-02-05,net_cashflows,0.99,1.2,0
2024-02-06,net_cashflows,0.99,1.2,0
2024-02-07,net_cashflows,0.99,1.2,0
2024-02-08,net_cashflows,0.99,1.2,0
2024-02-09,net_cashflows,0.99,1.2,0
2024-02-12,net_cashflows,0.99,1.2,0
2024-02-13,net_cashflows,0.99,1.2,0
2024-02-14,net_cashflows,0.99,1.2,0
2024-02-15,net_cashflows,0.99,1.2,0
2024-02-16,net_cashflows,0.99,1.2,0
2024-02-19,net_cashflows,0.99,1.2,0
2024-02-20,net_cashflows,0.99,1.2,0
2024-02-21,net_cashflows,0.99,1.2,0
2024-02-22,net_cashflows,0.99,1.2,0
2024-02-23,net_cashflows,0.99,1.2,0
2024-02-26,net_cashflows,0.99,1.2,0
2024-02-27,net_cashflows,0.99,1.2,0
2024-02-28,net_cashflows,0.99,1.2,0
2024-02-29,net_cashflows,0.99,1.2,0
2024-03-01,net_cashflows,0.99,0.8,0
2024-03-04,net_cashflows,0.99,0.8,0
2024-03-05,net_cashflows,0.99,0.8,0
2024-03-06,net_cashflows,0.99,0.8,0
2024-03-07,net_cashflows,0.99,0.8,0
2024-03-08,net_cashflows,0.99,0.8,0
2024-03-11,net_cashflows,0.99,0.8,0
2024-03-12,net_cashflows,0.99,0.8,0
2024-03-13,net_cashflows,0.99,0.8,0
2024-03-14,net_cashflows,0.99,0.8,0
2024-03-15,net_cashflows,0.99,0.8,0
2024-03-18,net_cashflows,0.99,0.8,0
2024-03-19,net_cashflows,0.99,0.8,0
2024-03-20,net_cashflows,0.99,0.8,0
2024-03-21,net_cashflows,0.99,0.8,0
2024-03-22,net_cashflows,0.99,0.8,0
2024-03-25,net_cashflows,0.99,0.8,0
2024-03-26,net_cashflows,0.99,0.8,0
2024-03-27,net_cashflows,0.99,0.8,0
2024-03-28,net_cashflows,0.99,0.8,0
2024-04-02,net_cashflows,0.99,0.8,0
2024-04-03,net_cashflows,0.99,0.8,0
2024-04-04,net_cashflows,0.99,0.8,0
2024-04-05,net_cashflows,0.99,0.8,0
2024-04-08,net_cashflows,0.99,0.8,0
2024-04-09,net_cashflows,0.99,0.8,0
2024-04-10,net_cashflows,0.99,0.8,0
2024-04-11,net_cashflows,0.99,0.8,0
2024-04-12,net_cashflows,0.99,0.8,0
2024-04-15,net_cashflows,0.99,0.8,0
2024-04-16,net_cashflows,0.99,0.8,0
2024-04-17,net_cashflows,0.99,0.8,0
2024-04-18,net_cashflows,0.99,0.8,0
2024-04-19,net_cashflows,0.99,0.8,0
2024-04-22,net_cashflows,0.99,0.8,0
2024-04-23,net_cashflows,0.99,0.8,0
2024-04-24,net_cashflows,0.99,0.8,0
2024-04-25,net_cashflows,0.99,0.8,0
2024-04-26,net_cashflows,0.99,0.8,0
2024-04-29,net_cashflows,0.99,0.8,0
2024-04-30,net_cashflows,0.99,0.8,0
2024-05-02,net_cashflows,0.99,0.8,0
2024-05-03,net_cashflows,0.99,0.8,0
2024-05-06,net_cashflows,0.99,0.8,0
2024-05-07,net_cashflows,0.99,0.8,0
2024-05-08,net_cashflows,0.99,0.8,0
2024-05-09,net_cashflows,0.99,0.8,0
2024-05-10,net_cashflows,0.99,0.8,0
2024-05-13,net_cashflows,0.99,0.8,0
2024-05-14,net_cashflows,0.99,0.8,0
2024-05-15,net_cashflows,0.99,0.8,0
2024-05-16,net_cashflows,0.99,0.8,0
2024-05-17,net_cashflows,0.99,0.8,0
2024-05-20,net_cashflows,0.99,0.8,0
2024-05-21,net_cashflows,0.99,0.8,0
2024-05-22,net_cashflows,0.99,0.8,0
2024-05-23,net_cashflows,0.99,0.8,0
2024-05-24,net_cashflows,0.99,0.8,0
2024-05-27,net_cashflows,0.99,0.8,0
2024-05-28,net_cashflows,0.99,0.8,0
2024-05-29,net_cashflows,0.99,0.8,0
2024-05-30,net_cashflows,0.99,0.8,0
2024-05-31,net_cashflows,0.99,1.2,1
2024-06-03,net_cashflows,0.99,1.2,0
2024-06-04,net_cashflows,0.99,1.2,0
2024-06-05,net_cashflows,0.99,1.2,0
2024-06-06,net_cashflows,0.99,1.2,0
2024-06-07,net_cashflows,0.99,1.2,0
2024-06-10,net_cashflows,0.99,1.2,0
2024-06-11,net_cashflows,0.99,1.2,0
2024-06-12,net_cashflows,0.99,1.2,0
2024-06-13,net_cashflows,0.99,1.2,0
2024-06-14,net_cashflows,0.99,1.2,0
2024-06-17,net_cashflows,0.99,1.2,0
2024-06-18,net_cashflows,0.99,1.2,0
2024-06-19,net_cashflows,0.99,1.2,0
2024-06-20,net_cashflows,0.99,1.2,0
2024-06-21,net_cashflows,0.99,1.2,0
2024-06-24,net_cashflows,0.99,1.2,0
2024-06-25,net_cashflows,0.99,1.2,0
2024-06-26,net_cashflows,0.99,1.2,0
2024-06-27,net_cashflows,0.99,1.2,0
2024-06-28,net_cashflows,0.99,1.2,0
2024-07-01,net_cashflows,0.99,1.2,0
2024-07-02,net_cashflows,0.99,1.2,0
2024-07-03,net_cashflows,0.99,1.2,0
2024-07-04,net_cashflows,0.99,1.2,0
2024-07-05,net_cashflows,0.99,1.2,0
2024-07-08,net_cashflows,0.99,1.2,0
2024-07-09,net_cashflows,0.99,1.2,0
2024-07-10,net_cashflows,0.99,1.6,1
2024-07-11,net_cashflows,0.99,1.6,0
2024-07-12,net_cashflows,0.99,1.6,0
2024-07-15,net_cashflows,0.99,1.6,0
2024-07-16,net_cashflows,0.99,1.6,0
2024-07-17,net_cashflows,0.99,1.6,0
2024-07-18,net_cashflows,0.99,1.6,0
2024-07-19,net_cashflows,0.99,1.6,0
2024-07-22,net_cashflows,0.99,1.6,0
2024-07-23,net_cashflows,0.99,1.6,0
2024-07-24,net_cashflows,0.99,1.6,0
2024-07-25,net_cashflows,0.99,1.6,0
2024-07-26,net_cashflows,0.99,1.6,0
2024-07-29,net_cashflows,0.99,2.0,1
2024-07-30,net_cashflows,0.99,2.0,0
2024-07-31,net_cashflows,0.99,2.0,0
2024-08-01,net_cashflows,0.99,2.4,1
2024-08-02,net_cashflows,0.99,2.4,0
2024-08-05,net_cashflows,0.99,2.4,0
2024-08-06,net_cashflows,0.99,2.4,0
2024-08-07,net_cashflows,0.99,2.4,0
2024-08-08,net_cashflows,0.99,2.4,0
2024-08-09,net_cashflows,0.99,2.4,0
2024-08-12,net_cashflows,0.99,2.4,0
2024-08-13,net_cashflows,0.99,2.4,0
2024-08-14,net_cashflows,0.99,2.4,0
2024-08-15,net_cashflows,0.99,2.4,0
2024-08-16,net_cashflows,0.99,2.4,0
2024-08-19,net_cashflows,0.99,2.4,0
2024-08-20,net_cashflows,0.99,2.4,0
2024-08-21,net_cashflows,0.99,2.4,0
2024-08-22,net_cashflows,0.99,2.4,0
2024-08-23,net_cashflows,0.99,2.4,0
2024-08-26,net_cashflows,0.99,2.4,0
2024-08-27,net_cashflows,0.99,2.4,0
2024-08-28,net_cashflows,0.99,2.4,0
2024-08-29,net_cashflows,0.99,2.4,0
2024-08-30,net_cashflows,0.99,2.4,0
2024-09-02,net_cashflows,0.99,2.4,0
2024-09-03,net_cashflows,0.99,2.4,0
2024-09-04,net_cashflows,0.99,2.4,0
2024-09-05,net_cashflows,0.99,2.4,0
2024-09-06,net_cashflows,0.99,2.4,0
2024-09-09,net_cashflows,0.99,2.4,0
2024-09-10,net_cashflows,0.99,2.4,0
2024-09-11,net_cashflows,0.99,2.4,0
2024-09-12,net_cashflows,0.99,2.4,0
2024-09-13,net_cashflows,0.99,2.4,0
2024-09-16,net_cashflows,0.99,2.4,0
2024-09-17,net_cashflows,0.99,2.4,0
2024-09-18,net_cashflows,0.99,2.4,0
2024-09-19,net_cashflows,0.99,2.4,0
2024-09-20,net_cashflows,0.99,2.4,0
2024-09-23,net_cashflows,0.99,2.4,0
2024-09-24,net_cashflows,0.99,2.4,0
2024-09-25,net_cashflows,0.99,2.4,0
2024-09-26,net_cashflows,0.99,2.4,0
2024-09-27,net_cashflows,0.99,2.4,0
2024-09-30,net_cashflows,0.99,2.4,0
2024-10-01,net_cashflows,0.99,2.4,0
2024-10-02,net_cashflows,0.99,2.4,0
2024-10-03,net_cashflows,0.99,2.4,0
2024-10-04,net_cashflows,0.99,2.4,0
2024-10-07,net_cashflows,0.99,2.4,0
2024-10-08,net_cashflows,0.99,2.4,0
2024-10-09,net_cashflows,0.99,2.4,0
2024-10-10,net_cashflows,0.99,2.4,0
2024-10-11,net_cashflows,0.99,2.4,0
2024-10-14,net_cashflows,0.99,2.4,0
2024-10-15,net_cashflows,0.99,2.4,0
2024-10-16,net_cashflows,0.99,2.4,0
2024-10-17,net_cashflows,0.99,2.4,0
2024-10-18,net_cashflows,0.99,2.4,0
2024-10-21,net_cashflows,0.99,2.4,0
2024-10-22,net_cashflows,0.99,2.4,0
2024-10-23,net_cashflows,0.99,2.4,0
2024-10-24,net_cashflows,0.99,2.4,0
2024-10-25,net_cashflows,0.99,2.4,0
2024-10-28,net_cashflows,0.99,2.4,0
2024-10-29,net_cashflows,0.99,2.4,0
2024-10-30,net_cashflows,0.99,2.4,0
2024-10-31,net_cashflows,0.99,2.4,0
2024-11-01,net_cashflows,0.99,2.4,0
2024-11-04,net_cashflows,0.99,2.4,0
2024-11-05,net_cashflows,0.99,2.4,0
2024-11-06,net_cashflows,0.99,2.4,0
2024-11-07,net_cashflows,0.99,2.4,0
2024-11-08,net_cashflows,0.99,2.4,0
2024-11-11,net_cashflows,0.99,2.4,0
2024-11-12,net_cashflows,0.99,2.4,0
2024-11-13,net_cashflows,0.99,2.4,0
2024-11-14,net_cashflows,0.99,2.4,0
2024-11-15,net_cashflows,0.99,2.4,0
2024-11-18,net_cashflows,0.99,2.4,0
2024-11-19,net_cashflows,0.99,2.4,0
2024-11-20,net_cashflows,0.99,2.4,0
2024-11-21,net_cashflows,0.99,2.4,0
2024-11-22,net_cashflows,0.99,2.4,0
2024-11-25,net_cashflows,0.99,2.4,0
2024-11-26,net_cashflows,0.99,2.4,0
2024-11-27,net_cashflows,0.99,2.4,0
2024-11-28,net_cashflows,0.99,2.4,0
2024-11-29,net_cashflows,0.99,2.4,0
2024-12-02,net_cashflows,0.99,2.4,0
2024-12-03,net_cashflows,0.99,2.4,0
2024-12-04,net_cashflows,0.99,2.0,0
2024-12-05,net_cashflows,0.99,2.0,0
2024-12-06,net_cashflows,0.99,2.0,0
2024-12-09,net_cashflows,0.99,2.0,0
2024-12-10,net_cashflows,0.99,2.0,0
2024-12-11,net_cashflows,0.99,2.0,0
2024-12-12,net_cashflows,0.99,2.0,0
2024-12-13,net_cashflows,0.99,2.0,0
2024-12-16,net_cashflows,0.99,1.6,0
2024-12-17,net_cashflows,0.99,1.6,0
2024-12-18,net_cashflows,0.99,1.6,0
2024-12-19,net_cashflows,0.99,1.6,0
2024-12-20,net_cashflows,0.99,1.6,0
2024-12-23,net_cashflows,0.99,1.6,0
2024-12-24,net_cashflows,0.99,1.6,0
2024-12-27,net_cashflows,0.99,1.6,0
2024-12-30,net_cashflows,0.99,1.6,0
2024-12-31,net_cashflows,0.99,1.6,0
2025-01-02,net_cashflows,0.99,1.6,0
2025-01-03,net_cashflows,0.99,1.6,0
2025-01-06,net_cashflows,0.99,1.6,0
2025-01-07,net_cashflows,0.99,1.6,0
2025-01-08,net_cashflows,0.99,1.6,0
2025-01-09,net_cashflows,0.99,1.6,0
2025-01-10,net_cashflows,0.99,1.6,0
2025-01-13,net_cashflows,0.99,1.6,0
2025-01-14,net_cashflows,0.99,1.6,0
2025-01-15,net_cashflows,0.99,1.6,0
2025-01-16,net_cashflows,0.99,1.6,0
2025-01-17,net_cashflows,0.99,1.6,0
2025-01-20,net_cashflows,0.99,1.6,0
2025-01-21,net_cashflows,0.99,1.6,0
2025-01-22,net_cashflows,0.99,1.6,0
2025-01-23,net_cashflows,0.99,2.0,1
2025-01-24,net_cashflows,0.99,2.0,0
2025-01-27,net_cashflows,0.99,2.0,0
2025-01-28,net_cashflows,0.99,2.0,0
2025-01-29,net_cashflows,0.99,2.0,0
2025-01-30,net_cashflows,0.99,2.0,0
2025-01-31,net_cashflows,0.99,2.0,0
2025-02-03,net_cashflows,0.99,2.0,0
2025-02-04,net_cashflows,0.99,2.0,0
2025-02-05,net_cashflows,0.99,2.0,0
2025-02-06,net_cashflows,0.99,2.0,0
2025-02-07,net_cashflows,0.99,2.0,0
2025-02-10,net_cashflows,0.99,2.0,0
2025-02-11,net_cashflows,0.99,2.0,0
2025-02-12,net_cashflows,0.99,2.0,0
2025-02-13,net_cashflows,0.99,2.0,0
2025-02-14,net_cashflows,0.99,2.0,0
2025-02-17,net_cashflows,0.99,2.0,0
2025-02-18,net_cashflows,0.99,2.0,0
2025-02-19,net_cashflows,0.99,2.0,0
2025-02-20,net_cashflows,0.99,2.0,0
2025-02-21,net_cashflows,0.99,2.0,0
2025-02-24,net_cashflows,0.99,2.0,0
2025-02-25,net_cashflows,0.99,2.0,0
2025-02-26,net_cashflows,0.99,2.0,0
2025-02-27,net_cashflows,0.99,2.0,0
2025-02-28,net_cashflows,0.99,2.4,1
2025-03-03,net_cashflows,0.99,2.4,0
2025-03-04,net_cashflows,0.99,2.4,0
2025-03-05,net_cashflows,0.99,2.4,0
2025-03-06,net_cashflows,0.99,2.4,0
2025-03-07,net_cashflows,0.99,2.4,0
2025-03-10,net_cashflows,0.99,2.4,0
2025-03-11,net_cashflows,0.99,2.4,0
2025-03-12,net_cashflows,0.99,2.4,0
2025-03-13,net_cashflows,0.99,2.4,0
2025-03-14,net_cashflows,0.99,2.4,0
2025-03-17,net_cashflows,0.99,2.4,0
2025-03-18,net_cashflows,0.99,2.4,0
2025-03-19,net_cashflows,0.99,2.4,0
2025-03-20,net_cashflows,0.99,2.4,0
2025-03-21,net_cashflows,0.99,2.4,0
2025-03-24,net_cashflows,0.99,2.4,0
2025-03-25,net_cashflows,0.99,2.4,0
2025-03-26,net_cashflows,0.99,2.4,0
2025-03-27,net_cashflows,0.99,2.4,0
2025-03-28,net_cashflows,0.99,2.4,0
2025-03-31,net_cashflows,0.99,2.4,0
2025-04-01,net_cashflows,0.99,2.8000000000000003,1
2025-04-02,net_cashflows,0.99,2.8000000000000003,0
2025-04-03,net_cashflows,0.99,2.8000000000000003,0
2025-04-04,net_cashflows,0.99,2.8000000000000003,0
2025-04-07,net_cashflows,0.99,2.8000000000000003,0
2025-04-08,net_cashflows,0.99,2.8000000000000003,0
2025-04-09,net_cashflows,0.99,3.2,1
2025-04-10,net_cashflows,0.99,3.2,0
2025-04-11,net_cashflows,0.99,3.2,0
2025-04-14,net_cashflows,0.99,3.2,0
2025-04-15,net_cashflows,0.99,3.2,0
2025-04-16,net_cashflows,0.99,3.2,0
2025-04-17,net_cashflows,0.99,3.2,0
2025-04-22,net_cashflows,0.99,3.2,0
2025-04-23,net_cashflows,0.99,3.2,0
2025-04-24,net_cashflows,0.99,3.2,0
2025-04-25,net_cashflows,0.99,3.2,0
2025-04-28,net_cashflows,0.99,3.2,0
2025-04-29,net_cashflows,0.99,3.2,0
2025-04-30,net_cashflows,0.99,3.2,0
2025-05-02,net_cashflows,0.99,3.2,0
2025-05-05,net_cashflows,0.99,3.2,0
2025-05-06,net_cashflows,0.99,3.2,0
2025-05-07,net_cashflows,0.99,3.2,0
2025-05-08,net_cashflows,0.99,3.2,0
2025-05-09,net_cashflows,0.99,3.2,0
2025-05-12,net_cashflows,0.99,3.2,0
2025-05-13,net_cashflows,0.99,3.2,0
2025-05-14,net_cashflows,0.99,3.2,0
2025-05-15,net_cashflows,0.99,3.2,0
2025-05-16,net_cashflows,0.99,3.2,0
2025-05-19,net_cashflows,0.99,3.2,0
2025-05-20,net_cashflows,0.99,3.2,0
2025-05-21,net_cashflows,0.99,3.2,0
2025-05-22,net_cashflows,0.99,3.2,0
2025-05-23,net_cashflows,0.99,3.2,0
2025-05-26,net_cashflows,0.99,2.8000000000000003,0
2025-05-27,net_cashflows,0.99,2.8000000000000003,0
2025-05-28,net_cashflows,0.99,2.8000000000000003,0
2025-05-29,net_cashflows,0.99,2.8000000000000003,0
2025-05-30,net_cashflows,0.99,2.8000000000000003,0
2025-06-02,net_cashflows,0.99,2.8000000000000003,0
2025-06-03,net_cashflows,0.99,2.8000000000000003,0
2025-06-04,net_cashflows,0.99,2.8000000000000003,0
2025-06-05,net_cashflows,0.99,2.8000000000000003,0
2025-06-06,net_cashflows,0.99,2.8000000000000003,0
2025-06-09,net_cashflows,0.99,2.8000000000000003,0
2025-06-10,net_cashflows,0.99,2.8000000000000003,0
2025-06-11,net_cashflows,0.99,2.8000000000000003,0
2025-06-12,net_cashflows,0.99,2.8000000000000003,0
2025-06-13,net_cashflows,0.99,2.8000000000000003,0
2025-06-16,net_cashflows,0.99,2.8000000000000003,0
2025-06-17,net_cashflows,0.99,2.8000000000000003,0
2025-06-18,net_cashflows,0.99,2.8000000000000003,0
2025-06-19,net_cashflows,0.99,2.8000000000000003,0
2025-06-20,net_cashflows,0.99,3.2,1
2025-06-23,net_cashflows,0.99,3.2,0
2025-06-24,net_cashflows,0.99,3.2,0
2025-06-25,net_cashflows,0.99,3.2,0
2025-06-26,net_cashflows,0.99,3.2,0
2025-06-27,net_cashflows,0.99,3.2,0
2025-06-30,net_cashflows,0.99,3.2,0
2025-07-01,net_cashflows,0.99,3.2,0
2025-07-02,net_cashflows,0.99,3.2,0
2025-07-03,net_cashflows,0.99,2.8000000000000003,0
2025-07-04,net_cashflows,0.99,2.8000000000000003,0
2025-07-07,net_cashflows,0.99,2.8000000000000003,0
2025-07-08,net_cashflows,0.99,2.8000000000000003,0
2025-07-09,net_cashflows,0.99,2.8000000000000003,0
2025-07-10,net_cashflows,0.99,2.8000000000000003,0
2025-07-11,net_cashflows,0.99,2.8000000000000003,0
2025-07-14,net_cashflows,0.99,2.8000000000000003,0
2025-07-15,net_cashflows,0.99,2.8000000000000003,0
2025-07-16,net_cashflows,0.99,2.8000000000000003,0
2025-07-17,net_cashflows,0.99,2.8000000000000003,0
2025-07-18,net_cashflows,0.99,2.8000000000000003,0
2025-07-21,net_cashflows,0.99,2.8000000000000003,0
2025-07-22,net_cashflows,0.99,2.4,0
2025-07-23,net_cashflows,0.99,2.4,0
2025-07-24,net_cashflows,0.99,2.4,0
2025-07-25,net_cashflows,0.99,2.0,0
2025-07-28,net_cashflows,0.99,2.0,0
2025-07-29,net_cashflows,0.99,2.0,0
2025-07-30,net_cashflows,0.99,2.0,0
2025-07-31,net_cashflows,0.99,2.4,1
2025-08-01,net_cashflows,0.99,2.4,0
2025-08-04,net_cashflows,0.99,2.4,0
2025-08-05,net_cashflows,0.99,2.4,0
2025-08-06,net_cashflows,0.99,2.4,0
2025-08-07,net_cashflows,0.99,2.4,0
2025-08-08,net_cashflows,0.99,2.4,0
2025-08-11,net_cashflows,0.99,2.4,0
2025-08-12,net_cashflows,0.99,2.4,0
2025-08-13,net_cashflows,0.99,2.4,0
2025-08-14,net_cashflows,0.99,2.4,0
2025-08-15,net_cashflows,0.99,2.4,0
2025-08-18,net_cashflows,0.99,2.4,0
2025-08-19,net_cashflows,0.99,2.4,0
2025-08-20,net_cashflows,0.99,2.4,0
2025-08-21,net_cashflows,0.99,2.4,0
2025-08-22,net_cashflows,0.99,2.4,0
2025-08-25,net_cashflows,0.99,2.4,0
2025-08-26,net_cashflows,0.99,2.4,0
2025-08-27,net_cashflows,0.99,2.4,0
2025-08-28,net_cashflows,0.99,2.4,0
2025-08-29,net_cashflows,0.99,2.4,0
2025-09-01,net_cashflows,0.99,2.4,0
2025-09-02,net_cashflows,0.99,2.4,0
2025-09-03,net_cashflows,0.99,2.4,0
2025-09-04,net_cashflows,0.99,2.4,0
2025-09-05,net_cashflows,0.99,2.4,0
2025-09-08,net_cashflows,0.99,2.4,0
2025-09-09,net_cashflows,0.99,2.4,0
2025-09-10,net_cashflows,0.99,2.4,0
2025-09-11,net_cashflows,0.99,2.4,0
2025-09-12,net_cashflows,0.99,2.4,0
2025-09-15,net_cashflows,0.99,2.4,0
2025-09-16,net_cashflows,0.99,2.4,0
2025-09-17,net_cashflows,0.99,2.4,0
2025-09-18,net_cashflows,0.99,2.4,0
2025-09-19,net_cashflows,0.99,2.4,0
2025-09-22,net_cashflows,0.99,2.4,0
2025-09-23,net_cashflows,0.99,2.4,0
2025-09-24,net_cashflows,0.99,2.4,0
2025-09-25,net_cashflows,0.99,2.4,0
2025-09-26,net_cashflows,0.99,2.4,0
2025-09-29,net_cashflows,0.99,2.4,0
2025-09-30,net_cashflows,0.99,2.4,0
2025-10-01,net_cashflows,0.99,2.4,0
2025-10-02,net_cashflows,0.99,2.4,0
2025-10-03,net_cashflows,0.99,2.4,0
2025-10-06,net_cashflows,0.99,2.4,0
2025-10-07,net_cashflows,0.99,2.4,0
2025-10-08,net_cashflows,0.99,2.4,0
2025-10-09,net_cashflows,0.99,2.4,0
2025-10-10,net_cashflows,0.99,2.4,0
2025-10-13,net_cashflows,0.99,2.4,0
2025-10-14,net_cashflows,0.99,2.4,0
2025-10-15,net_cashflows,0.99,2.4,0
2025-10-16,net_cashflows,0.99,2.4,0
2025-10-17,net_cashflows,0.99,2.4,0
2025-10-20,net_cashflows,0.99,2.4,0
2025-10-21,net_cashflows,0.99,2.4,0
2025-10-22,net_cashflows,0.99,2.4,0
2025-10-23,net_cashflows,0.99,2.4,0
2025-10-24,net_cashflows,0.99,2.4,0
2025-10-27,net_cashflows,0.99,2.4,0
2025-10-28,net_cashflows,0.99,2.4,0
2025-10-29,net_cashflows,0.99,2.4,0
2025-10-30,net_cashflows,0.99,2.4,0
2025-10-31,net_cashflows,0.99,2.4,0
2025-11-03,net_cashflows,0.99,2.4,0
2025-11-04,net_cashflows,0.99,2.4,0
2025-11-05,net_cashflows,0.99,2.4,0
2025-11-06,net_cashflows,0.99,2.4,0
2025-11-07,net_cashflows,0.99,2.4,0
2025-11-10,net_cashflows,0.99,2.4,0
2025-11-11,net_cashflows,0.99,2.4,0
2025-11-12,net_cashflows,0.99,2.4,0
2025-11-13,net_cashflows,0.99,2.4,0
2025-11-14,net_cashflows,0.99,2.4,0
2025-11-17,net_cashflows,0.99,2.4,0
2025-11-18,net_cashflows,0.99,2.4,0
2025-11-19,net_cashflows,0.99,2.4,0
2025-11-20,net_cashflows,0.99,2.4,0
2025-11-21,net_cashflows,0.99,2.4,0
2025-11-24,net_cashflows,0.99,2.4,0
2025-11-25,net_cashflows,0.99,2.4,0
2025-11-26,net_cashflows,0.99,2.4,0
2025-11-27,net_cashflows,0.99,2.4,0
2025-11-28,net_cashflows,0.99,2.4,0
2025-12-01,net_cashflows,0.99,2.4,0
2025-12-02,net_cashflows,0.99,2.4,0
2025-12-03,net_cashflows,0.99,2.4,0
2025-12-04,net_cashflows,0.99,2.4,0
2025-12-05,net_cashflows,0.99,2.4,0
2025-12-08,net_cashflows,0.99,2.4,0
2025-12-09,net_cashflows,0.99,2.4,0
2025-12-10,net_cashflows,0.99,2.4,0
2025-12-11,net_cashflows,0.99,2.4,0
2025-12-12,net_cashflows,0.99,2.4,0
2025-12-15,net_cashflows,0.99,2.4,0
2025-12-16,net_cashflows,0.99,2.4,0
2025-12-17,net_cashflows,0.99,2.4,0
2025-12-18,net_cashflows,0.99,2.4,0
2025-12-19,net_cashflows,0.99,2.4,0
2025-12-22,net_cashflows,0.99,2.4,0
2025-12-23,net_cashflows,0.99,2.4,0
2025-12-24,net_cashflows,0.99,2.4,0
2025-12-29,net_cashflows,0.99,2.4,0
