origin_date,model,power,book,report,tau,var,es,identity_error
2026-01-02,EWMA_GAUSS,14,funded_assets,EUR,0.94999999999999996,0.0021827833648933037,0.0027489997714187195,1.9710456682607569e-18
2026-01-02,EWMA_GAUSS,14,funded_assets,EUR,0.98999999999999999,0.0031084879303340252,0.0035623544104033209,1.9710456682607569e-18
2026-01-02,EWMA_GAUSS,14,funded_assets,USD,0.94999999999999996,0.0021855429939939431,0.0027543405868313249,1.9710456682607569e-18
2026-01-02,EWMA_GAUSS,14,funded_assets,USD,0.98999999999999999,0.0031024053259832143,0.0035708470318299725,1.9710456682607569e-18
2026-01-02,EWMA_GAUSS,14,net_cashflows,EUR,0.94999999999999996,0.0028618831985191551,0.0035983011141663959,1.9710456682607569e-18
2026-01-02,EWMA_GAUSS,14,net_cashflows,EUR,0.98999999999999999,0.0040696106539984339,0.0046455955544447529,1.9710456682607569e-18
2026-01-02,EWMA_GAUSS,14,net_cashflows,USD,0.94999999999999996,0.0028755422540148326,0.0036137506564266975,1.9710456682607569e-18
2026-01-02,EWMA_GAUSS,14,net_cashflows,USD,0.98999999999999999,0.0041005343591641423,0.0046711231662945754,1.9710456682607569e-18
2026-01-02,EWMA_SELFNORMALIZED,14,funded_assets,EUR,0.94999999999999996,0.0021471976482490274,0.0027685063080044245,2.0464316005663896e-18
2026-01-02,EWMA_SELFNORMALIZED,14,funded_assets,EUR,0.98999999999999999,0.0032072938489886849,0.0036065617233275301,2.0464316005663896e-18
2026-01-02,EWMA_SELFNORMALIZED,14,funded_assets,USD,0.94999999999999996,0.0021549371620683327,0.0027734821007598521,2.0464316005663896e-18
2026-01-02,EWMA_SELFNORMALIZED,14,funded_assets,USD,0.98999999999999999,0.0032134543227339985,0.0036156767437389723,2.0464316005663896e-18
2026-01-02,EWMA_SELFNORMALIZED,14,net_cashflows,EUR,0.94999999999999996,0.0028694239446435676,0.0036531983330903971,2.0464316005663896e-18
2026-01-02,EWMA_SELFNORMALIZED,14,net_cashflows,EUR,0.98999999999999999,0.004136409820329312,0.004750579792731374,2.0464316005663896e-18
2026-01-02,EWMA_SELFNORMALIZED,14,net_cashflows,USD,0.94999999999999996,0.002878803885777105,0.0036694145282962116,2.0464316005663896e-18
2026-01-02,EWMA_SELFNORMALIZED,14,net_cashflows,USD,0.98999999999999999,0.0041630038597110716,0.0047785749622094621,2.0464316005663896e-18
2026-01-02,EWMA_GAUSS,16,funded_assets,EUR,0.94999999999999996,0.0021915973494957275,0.0027434786562359416,2.1853450039160949e-18
2026-01-02,EWMA_GAUSS,16,funded_assets,EUR,0.98999999999999999,0.0030919203219842428,0.0035486442397937119,2.1853450039160949e-18
2026-01-02,EWMA_GAUSS,16,funded_assets,USD,0.94999999999999996,0.0021924724209033647,0.0027486383485181226,2.1853450039160949e-18
2026-01-02,EWMA_GAUSS,16,funded_assets,USD,0.98999999999999999,0.003093467624940411,0.0035572146446167701,2.1853450039160949e-18
2026-01-02,EWMA_GAUSS,16,net_cashflows,EUR,0.94999999999999996,0.0028725772052253908,0.0035975678333217062,2.1853450039160949e-18
2026-01-02,EWMA_GAUSS,16,net_cashflows,EUR,0.98999999999999999,0.004045253950370498,0.0046508891514213356,2.1853450039160949e-18
2026-01-02,EWMA_GAUSS,16,net_cashflows,USD,0.94999999999999996,0.0028836592472600417,0.0036131000913920989,2.1853450039160949e-18
2026-01-02,EWMA_GAUSS,16,net_cashflows,USD,0.98999999999999999,0.0040689562639926865,0.004676661564374374,2.1853450039160949e-18
2026-01-02,EWMA_SELFNORMALIZED,16,funded_assets,EUR,0.94999999999999996,0.0021992007452422968,0.0027867538164080699,2.5377107099738838e-18
2026-01-02,EWMA_SELFNORMALIZED,16,funded_assets,EUR,0.98999999999999999,0.0031683028013608783,0.0036103486580051766,2.5377107099738838e-18
2026-01-02,EWMA_SELFNORMALIZED,16,funded_assets,USD,0.94999999999999996,0.0022031812902423525,0.002791904936253363,2.5377107099738838e-18
2026-01-02,EWMA_SELFNORMALIZED,16,funded_assets,USD,0.98999999999999999,0.0031715649210144084,0.0036189088136037908,2.5377107099738838e-18
2026-01-02,EWMA_SELFNORMALIZED,16,net_cashflows,EUR,0.94999999999999996,0.0028938180283865963,0.003651928967171451,2.5377107099738838e-18
2026-01-02,EWMA_SELFNORMALIZED,16,net_cashflows,EUR,0.98999999999999999,0.0041308064820287267,0.004722086184466727,2.5377107099738838e-18
2026-01-02,EWMA_SELFNORMALIZED,16,net_cashflows,USD,0.94999999999999996,0.0029054957094240812,0.0036679587802096064,2.5377107099738838e-18
2026-01-02,EWMA_SELFNORMALIZED,16,net_cashflows,USD,0.98999999999999999,0.0041577074300388865,0.0047490661743141635,2.5377107099738838e-18
2026-01-02,EWMA_GAUSS,18,funded_assets,EUR,0.94999999999999996,0.0021917651255150827,0.0027404262625422889,2.6359665318553827e-18
2026-01-02,EWMA_GAUSS,18,funded_assets,EUR,0.98999999999999999,0.0030804867129950453,0.0035454476180300162,2.6359665318553827e-18
2026-01-02,EWMA_GAUSS,18,funded_assets,USD,0.94999999999999996,0.0021937906696023646,0.0027455911025801505,2.6359665318553827e-18
2026-01-02,EWMA_GAUSS,18,funded_assets,USD,0.98999999999999999,0.0030865128585017224,0.0035541004434234066,2.6359665318553827e-18
2026-01-02,EWMA_GAUSS,18,net_cashflows,EUR,0.94999999999999996,0.0028686044259673242,0.0035985605244153738,2.6359665318553827e-18
2026-01-02,EWMA_GAUSS,18,net_cashflows,EUR,0.98999999999999999,0.004051922468361246,0.0046510210545737309,2.6359665318553827e-18
2026-01-02,EWMA_GAUSS,18,net_cashflows,USD,0.94999999999999996,0.0028782140414919388,0.00361407844424444,2.6359665318553827e-18
2026-01-02,EWMA_GAUSS,18,net_cashflows,USD,0.98999999999999999,0.004073113077317999,0.0046767132668093002,2.6359665318553827e-18
2026-01-02,EWMA_SELFNORMALIZED,18,funded_assets,EUR,0.94999999999999996,0.0021971357555866378,0.0027810100441318271,2.5377107099738838e-18
2026-01-02,EWMA_SELFNORMALIZED,18,funded_assets,EUR,0.98999999999999999,0.0031495980109945143,0.0036109941269850021,2.5377107099738838e-18
2026-01-02,EWMA_SELFNORMALIZED,18,funded_assets,USD,0.94999999999999996,0.002200264027136925,0.0027863090479115626,2.5377107099738838e-18
2026-01-02,EWMA_SELFNORMALIZED,18,funded_assets,USD,0.98999999999999999,0.0031554760142635278,0.0036197546068709868,2.5377107099738838e-18
2026-01-02,EWMA_SELFNORMALIZED,18,net_cashflows,EUR,0.94999999999999996,0.0028813470885297844,0.0036500587685505993,2.5377107099738838e-18
2026-01-02,EWMA_SELFNORMALIZED,18,net_cashflows,EUR,0.98999999999999999,0.0041332349336850038,0.0047315904333874396,2.5377107099738838e-18
2026-01-02,EWMA_SELFNORMALIZED,18,net_cashflows,USD,0.94999999999999996,0.0028907129043146745,0.003666136138826606,2.5377107099738838e-18
2026-01-02,EWMA_SELFNORMALIZED,18,net_cashflows,USD,0.98999999999999999,0.0041560097107527982,0.0047582034339556153,2.5377107099738838e-18
2026-01-12,EWMA_GAUSS,14,funded_assets,EUR,0.94999999999999996,0.0024749294764144503,0.0031202328959263059,1.9718927012080112e-18
2026-01-12,EWMA_GAUSS,14,funded_assets,EUR,0.98999999999999999,0.0035374137138113049,0.0040400560843837953,1.9718927012080112e-18
2026-01-12,EWMA_GAUSS,14,funded_assets,USD,0.94999999999999996,0.0024805652646298394,0.0031310176241045318,1.9718927012080112e-18
2026-01-12,EWMA_GAUSS,14,funded_assets,USD,0.98999999999999999,0.0035434660972750421,0.0040574410974203836,1.9718927012080112e-18
2026-01-12,EWMA_GAUSS,14,net_cashflows,EUR,0.94999999999999996,0.002573849203318834,0.0032436732429854155,1.9718927012080112e-18
2026-01-12,EWMA_GAUSS,14,net_cashflows,EUR,0.98999999999999999,0.0036436941829484761,0.0041911458293770109,1.9718927012080112e-18
2026-01-12,EWMA_GAUSS,14,net_cashflows,USD,0.94999999999999996,0.002586879880906486,0.0032578634327848012,1.9718927012080112e-18
2026-01-12,EWMA_GAUSS,14,net_cashflows,USD,0.98999999999999999,0.0036636965793055802,0.0042142453988992358,1.9718927012080112e-18
2026-01-12,EWMA_SELFNORMALIZED,14,funded_assets,EUR,0.94999999999999996,0.0024991346553063232,0.0031677858868860869,1.9989977555201488e-18
2026-01-12,EWMA_SELFNORMALIZED,14,funded_assets,EUR,0.98999999999999999,0.0036230059014871197,0.0041604854989358087,1.9989977555201488e-18
2026-01-12,EWMA_SELFNORMALIZED,14,funded_assets,USD,0.94999999999999996,0.0025047084299140961,0.003179132213941345,1.9989977555201488e-18
2026-01-12,EWMA_SELFNORMALIZED,14,funded_assets,USD,0.98999999999999999,0.0036299075600574352,0.0041808654191613764,1.9989977555201488e-18
2026-01-12,EWMA_SELFNORMALIZED,14,net_cashflows,EUR,0.94999999999999996,0.0026009419543271185,0.0032888294918482857,1.9989977555201488e-18
2026-01-12,EWMA_SELFNORMALIZED,14,net_cashflows,EUR,0.98999999999999999,0.0037387112617973681,0.0043092177434111588,1.9989977555201488e-18
2026-01-12,EWMA_SELFNORMALIZED,14,net_cashflows,USD,0.94999999999999996,0.0026056802560597706,0.0033032799386948711,1.9989977555201488e-18
2026-01-12,EWMA_SELFNORMALIZED,14,net_cashflows,USD,0.98999999999999999,0.0037627461351764104,0.0043327883451045133,1.9989977555201488e-18
2026-01-12,EWMA_GAUSS,16,funded_assets,EUR,0.94999999999999996,0.0024889482638363047,0.0031111841626591521,2.0803129184565616e-18
2026-01-12,EWMA_GAUSS,16,funded_assets,EUR,0.98999999999999999,0.0035028056486866022,0.0040280204749233422,2.0803129184565616e-18
2026-01-12,EWMA_GAUSS,16,funded_assets,USD,0.94999999999999996,0.0024936990880811668,0.0031216639026883457,2.0803129184565616e-18
2026-01-12,EWMA_GAUSS,16,funded_assets,USD,0.98999999999999999,0.0035123205818299169,0.0040455470722870791,2.0803129184565616e-18
2026-01-12,EWMA_GAUSS,16,net_cashflows,EUR,0.94999999999999996,0.0025852399754404233,0.003243498685619232,2.0803129184565616e-18
2026-01-12,EWMA_GAUSS,16,net_cashflows,EUR,0.98999999999999999,0.0036461514398161247,0.0041921976380227318,2.0803129184565616e-18
2026-01-12,EWMA_GAUSS,16,net_cashflows,USD,0.94999999999999996,0.002594501175685153,0.0032576983076953734,2.0803129184565616e-18
2026-01-12,EWMA_GAUSS,16,net_cashflows,USD,0.98999999999999999,0.0036636965793055802,0.0042153300919863072,2.0803129184565616e-18
2026-01-12,EWMA_SELFNORMALIZED,16,funded_assets,EUR,0.94999999999999996,0.0024921966467091883,0.0031471430333905211,1.9989977555201488e-18
2026-01-12,EWMA_SELFNORMALIZED,16,funded_assets,EUR,0.98999999999999999,0.0035789719655786867,0.0040879927686136696,1.9989977555201488e-18
2026-01-12,EWMA_SELFNORMALIZED,16,funded_assets,USD,0.94999999999999996,0.0024990337982520208,0.0031581720950256608,1.9989977555201488e-18
2026-01-12,EWMA_SELFNORMALIZED,16,funded_assets,USD,0.98999999999999999,0.0035911654857206641,0.0041063159992952578,1.9989977555201488e-18
2026-01-12,EWMA_SELFNORMALIZED,16,net_cashflows,EUR,0.94999999999999996,0.0026039114326234071,0.0033004388607074248,1.9989977555201488e-18
2026-01-12,EWMA_SELFNORMALIZED,16,net_cashflows,EUR,0.98999999999999999,0.0037776361017086819,0.0043022423008629946,1.9989977555201488e-18
2026-01-12,EWMA_SELFNORMALIZED,16,net_cashflows,USD,0.94999999999999996,0.0026119899104195777,0.0033152507621615531,1.9989977555201488e-18
2026-01-12,EWMA_SELFNORMALIZED,16,net_cashflows,USD,0.98999999999999999,0.0037948143608580696,0.0043270608360809334,1.9989977555201488e-18
2026-01-12,EWMA_GAUSS,18,funded_assets,EUR,0.94999999999999996,0.0024885422727941864,0.0031106830760287345,2.2463313761184045e-18
2026-01-12,EWMA_GAUSS,18,funded_assets,EUR,0.98999999999999999,0.0034936769366359366,0.0040236325468089576,2.2463313761184045e-18
2026-01-12,EWMA_GAUSS,18,funded_assets,USD,0.94999999999999996,0.0024942631032749806,0.0031212457499839464,2.2463313761184045e-18
2026-01-12,EWMA_GAUSS,18,funded_assets,USD,0.98999999999999999,0.0035039442144874527,0.0040411841478968317,2.2463313761184045e-18
2026-01-12,EWMA_GAUSS,18,net_cashflows,EUR,0.94999999999999996,0.0025861360579812255,0.0032436251658393752,2.2463313761184045e-18
2026-01-12,EWMA_GAUSS,18,net_cashflows,EUR,0.98999999999999999,0.003653402623296853,0.00419082996592815,2.2463313761184045e-18
2026-01-12,EWMA_GAUSS,18,net_cashflows,USD,0.94999999999999996,0.0025951455522167251,0.0032578407116375979,2.2463313761184045e-18
2026-01-12,EWMA_GAUSS,18,net_cashflows,USD,0.98999999999999999,0.0036712808704137678,0.004214330187236992,2.2463313761184045e-18
2026-01-12,EWMA_SELFNORMALIZED,18,funded_assets,EUR,0.94999999999999996,0.0024933886755986734,0.0031508148505534788,2.5529573030244612e-18
2026-01-12,EWMA_SELFNORMALIZED,18,funded_assets,EUR,0.98999999999999999,0.0035731943923361098,0.0040770369178012786,2.5529573030244612e-18
2026-01-12,EWMA_SELFNORMALIZED,18,funded_assets,USD,0.94999999999999996,0.0025006382259880134,0.0031616561982775989,2.5529573030244612e-18
2026-01-12,EWMA_SELFNORMALIZED,18,funded_assets,USD,0.98999999999999999,0.0035854398729140541,0.0040951242732749074,2.5529573030244612e-18
2026-01-12,EWMA_SELFNORMALIZED,18,net_cashflows,EUR,0.94999999999999996,0.0026112616595251993,0.0033052204216960017,2.5529573030244612e-18
2026-01-12,EWMA_SELFNORMALIZED,18,net_cashflows,EUR,0.98999999999999999,0.0037662475452502342,0.0043012338657348968,2.5529573030244612e-18
2026-01-12,EWMA_SELFNORMALIZED,18,net_cashflows,USD,0.94999999999999996,0.0026187718278828081,0.0033199611875176132,2.5529573030244612e-18
2026-01-12,EWMA_SELFNORMALIZED,18,net_cashflows,USD,0.98999999999999999,0.0037852818070826292,0.0043254788171896716,2.5529573030244612e-18
2026-01-20,EWMA_GAUSS,14,funded_assets,EUR,0.94999999999999996,0.0030180375449746222,0.0038063923264523942,2.1108061045577164e-18
2026-01-20,EWMA_GAUSS,14,funded_assets,EUR,0.98999999999999999,0.0042722250235598946,0.004928511451093384,2.1108061045577164e-18
2026-01-20,EWMA_GAUSS,14,funded_assets,USD,0.94999999999999996,0.0030338763991919265,0.0038260962390519303,2.1108061045577164e-18
2026-01-20,EWMA_GAUSS,14,funded_assets,USD,0.98999999999999999,0.0043149760221699697,0.0049602725473532026,2.1108061045577164e-18
2026-01-20,EWMA_GAUSS,14,net_cashflows,EUR,0.94999999999999996,0.0024872754159632748,0.0031242075492813881,2.1108061045577164e-18
2026-01-20,EWMA_GAUSS,14,net_cashflows,EUR,0.98999999999999999,0.0035090047694100951,0.0040365119317913737,2.1108061045577164e-18
2026-01-20,EWMA_GAUSS,14,net_cashflows,USD,0.94999999999999996,0.0024943453173595868,0.0031394480242751357,2.1108061045577164e-18
2026-01-20,EWMA_GAUSS,14,net_cashflows,USD,0.98999999999999999,0.0035494867987994026,0.0040616005856408885,2.1108061045577164e-18
2026-01-20,EWMA_SELFNORMALIZED,14,funded_assets,EUR,0.94999999999999996,0.0030905329496534462,0.0039083622564047025,2.1819568721270777e-18
2026-01-20,EWMA_SELFNORMALIZED,14,funded_assets,EUR,0.98999999999999999,0.0044132387199406209,0.0050551797498333446,2.1819568721270777e-18
2026-01-20,EWMA_SELFNORMALIZED,14,funded_assets,USD,0.94999999999999996,0.0030936141803722603,0.0039276722933630536,2.1819568721270777e-18
2026-01-20,EWMA_SELFNORMALIZED,14,funded_assets,USD,0.98999999999999999,0.0044289738436246277,0.005088543622917119,2.1819568721270777e-18
2026-01-20,EWMA_SELFNORMALIZED,14,net_cashflows,EUR,0.94999999999999996,0.0024679679421714118,0.0031173628743789536,2.1819568721270777e-18
2026-01-20,EWMA_SELFNORMALIZED,14,net_cashflows,EUR,0.98999999999999999,0.0035789753914973414,0.0040664820753171411,2.1819568721270777e-18
2026-01-20,EWMA_SELFNORMALIZED,14,net_cashflows,USD,0.94999999999999996,0.0024712217085921689,0.0031334633164559972,2.1819568721270777e-18
2026-01-20,EWMA_SELFNORMALIZED,14,net_cashflows,USD,0.98999999999999999,0.0035942957075911271,0.004093667110590879,2.1819568721270777e-18
2026-01-20,EWMA_GAUSS,16,funded_assets,EUR,0.94999999999999996,0.0030377556388518911,0.0038004074943487646,2.1108061045577164e-18
2026-01-20,EWMA_GAUSS,16,funded_assets,EUR,0.98999999999999999,0.0042847964406303729,0.0049170303752695483,2.1108061045577164e-18
2026-01-20,EWMA_GAUSS,16,funded_assets,USD,0.94999999999999996,0.0030511282449700722,0.0038201381497095909,2.1108061045577164e-18
2026-01-20,EWMA_GAUSS,16,funded_assets,USD,0.98999999999999999,0.004308850433512648,0.0049490768864988398,2.1108061045577164e-18
2026-01-20,EWMA_GAUSS,16,net_cashflows,EUR,0.94999999999999996,0.0024915580092317981,0.0031234539383434077,2.1108061045577164e-18
2026-01-20,EWMA_GAUSS,16,net_cashflows,EUR,0.98999999999999999,0.0035067796662387575,0.0040373912614989791,2.1108061045577164e-18
2026-01-20,EWMA_GAUSS,16,net_cashflows,USD,0.94999999999999996,0.0025000746399994945,0.0031387600935779778,2.1108061045577164e-18
2026-01-20,EWMA_GAUSS,16,net_cashflows,USD,0.98999999999999999,0.0035265950418907383,0.0040625434021495967,2.1108061045577164e-18
2026-01-20,EWMA_SELFNORMALIZED,16,funded_assets,EUR,0.94999999999999996,0.0030512399019742564,0.0038623866160315615,2.2226144535952841e-18
2026-01-20,EWMA_SELFNORMALIZED,16,funded_assets,EUR,0.98999999999999999,0.0043503874911757778,0.0049828406880699939,2.2226144535952841e-18
2026-01-20,EWMA_SELFNORMALIZED,16,funded_assets,USD,0.94999999999999996,0.0030627715041093304,0.0038827050332461603,2.2226144535952841e-18
2026-01-20,EWMA_SELFNORMALIZED,16,funded_assets,USD,0.98999999999999999,0.0043808444972954436,0.0050174608598470153,2.2226144535952841e-18
2026-01-20,EWMA_SELFNORMALIZED,16,net_cashflows,EUR,0.94999999999999996,0.0025084954374294584,0.0031686532761400175,2.2226144535952841e-18
2026-01-20,EWMA_SELFNORMALIZED,16,net_cashflows,EUR,0.98999999999999999,0.0035953441369113159,0.0041064700341508671,2.2226144535952841e-18
2026-01-20,EWMA_SELFNORMALIZED,16,net_cashflows,USD,0.94999999999999996,0.0025176881865844117,0.0031843951817681427,2.2226144535952841e-18
2026-01-20,EWMA_SELFNORMALIZED,16,net_cashflows,USD,0.98999999999999999,0.003619943574161193,0.0041326601182240918,2.2226144535952841e-18
2026-01-20,EWMA_GAUSS,18,funded_assets,EUR,0.94999999999999996,0.0030307378655912154,0.0037996893027169858,2.4801124695605914e-18
2026-01-20,EWMA_GAUSS,18,funded_assets,EUR,0.98999999999999999,0.0042852944391375825,0.0049147621957599035,2.4801124695605914e-18
2026-01-20,EWMA_GAUSS,18,funded_assets,USD,0.94999999999999996,0.0030440058067659976,0.0038193011798069183,2.4801124695605914e-18
2026-01-20,EWMA_GAUSS,18,funded_assets,USD,0.98999999999999999,0.004308850433512648,0.0049473272717533382,2.4801124695605914e-18
2026-01-20,EWMA_GAUSS,18,net_cashflows,EUR,0.94999999999999996,0.0024915580092317981,0.0031236867318752545,2.4801124695605914e-18
2026-01-20,EWMA_GAUSS,18,net_cashflows,EUR,0.98999999999999999,0.0035196662158819558,0.004035369609256401,2.4801124695605914e-18
2026-01-20,EWMA_GAUSS,18,net_cashflows,USD,0.94999999999999996,0.0025010925833905849,0.0031390191210677841,2.4801124695605914e-18
2026-01-20,EWMA_GAUSS,18,net_cashflows,USD,0.98999999999999999,0.0035400687685272578,0.0040607105745073986,2.4801124695605914e-18
2026-01-20,EWMA_SELFNORMALIZED,18,funded_assets,EUR,0.94999999999999996,0.0030476028586533255,0.0038528028274578798,2.5004412602946946e-18
2026-01-20,EWMA_SELFNORMALIZED,18,funded_assets,EUR,0.98999999999999999,0.0043579081143750587,0.0049961435498906059,2.5004412602946946e-18
2026-01-20,EWMA_SELFNORMALIZED,18,funded_assets,USD,0.94999999999999996,0.0030592618541558821,0.0038727476663356635,2.5004412602946946e-18
2026-01-20,EWMA_SELFNORMALIZED,18,funded_assets,USD,0.98999999999999999,0.0043819611081367064,0.0050291782112519669,2.5004412602946946e-18
2026-01-20,EWMA_SELFNORMALIZED,18,net_cashflows,EUR,0.94999999999999996,0.0025001229027208915,0.0031658336152714083,2.5004412602946946e-18
2026-01-20,EWMA_SELFNORMALIZED,18,net_cashflows,EUR,0.98999999999999999,0.0035942638918280314,0.0041183788033595636,2.5004412602946946e-18
2026-01-20,EWMA_SELFNORMALIZED,18,net_cashflows,USD,0.94999999999999996,0.0025117151169041126,0.0031816430604977375,2.5004412602946946e-18
2026-01-20,EWMA_SELFNORMALIZED,18,net_cashflows,USD,0.98999999999999999,0.0036124938264507018,0.0041446662122399652,2.5004412602946946e-18
2026-01-28,EWMA_GAUSS,14,funded_assets,EUR,0.94999999999999996,0.0030635904689443327,0.0038583162990555686,3.2458302538784789e-18
2026-01-28,EWMA_GAUSS,14,funded_assets,EUR,0.98999999999999999,0.0043685302279605764,0.0049802716655164853,3.2458302538784789e-18
2026-01-28,EWMA_GAUSS,14,funded_assets,USD,0.94999999999999996,0.0030641814972221944,0.0038694370979256969,3.2458302538784789e-18
2026-01-28,EWMA_GAUSS,14,funded_assets,USD,0.98999999999999999,0.0043801382409101065,0.0049972793553590151,3.2458302538784789e-18
2026-01-28,EWMA_GAUSS,14,net_cashflows,EUR,0.94999999999999996,0.0045339950510020054,0.0056784193218775729,3.2458302538784789e-18
2026-01-28,EWMA_GAUSS,14,net_cashflows,EUR,0.98999999999999999,0.0064156244983386013,0.0073226998481653463,3.2458302538784789e-18
2026-01-28,EWMA_GAUSS,14,net_cashflows,USD,0.94999999999999996,0.0045516673557228745,0.005717184473317029,3.2458302538784789e-18
2026-01-28,EWMA_GAUSS,14,net_cashflows,USD,0.98999999999999999,0.0064709694662659989,0.0073879797779058034,3.2458302538784789e-18
2026-01-28,EWMA_SELFNORMALIZED,14,funded_assets,EUR,0.94999999999999996,0.0030949623784884139,0.0039182893363630036,3.482999479109683e-18
2026-01-28,EWMA_SELFNORMALIZED,14,funded_assets,EUR,0.98999999999999999,0.0043875491769636288,0.0050622675567190195,3.482999479109683e-18
2026-01-28,EWMA_SELFNORMALIZED,14,funded_assets,USD,0.94999999999999996,0.0031116321192808053,0.0039296645508465631,3.482999479109683e-18
2026-01-28,EWMA_SELFNORMALIZED,14,funded_assets,USD,0.98999999999999999,0.004405112441527372,0.0050814459429427746,3.482999479109683e-18
2026-01-28,EWMA_SELFNORMALIZED,14,net_cashflows,EUR,0.94999999999999996,0.0045513376705174297,0.0058000538326648046,3.482999479109683e-18
2026-01-28,EWMA_SELFNORMALIZED,14,net_cashflows,EUR,0.98999999999999999,0.0066279876788226458,0.0074493146704238244,3.482999479109683e-18
2026-01-28,EWMA_SELFNORMALIZED,14,net_cashflows,USD,0.94999999999999996,0.0045705194523387579,0.0058429291575879273,3.482999479109683e-18
2026-01-28,EWMA_SELFNORMALIZED,14,net_cashflows,USD,0.98999999999999999,0.0066968149005096657,0.0075221698658347819,3.482999479109683e-18
2026-01-28,EWMA_GAUSS,16,funded_assets,EUR,0.94999999999999996,0.0030757185273015963,0.003848735384430319,4.2961511084738113e-18
2026-01-28,EWMA_GAUSS,16,funded_assets,EUR,0.98999999999999999,0.0043274079092747442,0.0049780485314092236,4.2961511084738113e-18
2026-01-28,EWMA_GAUSS,16,funded_assets,USD,0.94999999999999996,0.003084754738405986,0.003859184576419736,4.2961511084738113e-18
2026-01-28,EWMA_GAUSS,16,funded_assets,USD,0.98999999999999999,0.0043414990008853131,0.0049954183395455069,4.2961511084738113e-18
2026-01-28,EWMA_GAUSS,16,net_cashflows,EUR,0.94999999999999996,0.0045285075770355012,0.0056790550348390419,4.2961511084738113e-18
2026-01-28,EWMA_GAUSS,16,net_cashflows,EUR,0.98999999999999999,0.0063944927738542878,0.0073343086358701216,4.2961511084738113e-18
2026-01-28,EWMA_GAUSS,16,net_cashflows,USD,0.94999999999999996,0.0045514882542556905,0.0057180880132931275,4.2961511084738113e-18
2026-01-28,EWMA_GAUSS,16,net_cashflows,USD,0.98999999999999999,0.0064369169055859907,0.0073984203335656354,4.2961511084738113e-18
2026-01-28,EWMA_SELFNORMALIZED,16,funded_assets,EUR,0.94999999999999996,0.0030897986546982725,0.003894131064661052,4.391018798566293e-18
2026-01-28,EWMA_SELFNORMALIZED,16,funded_assets,EUR,0.98999999999999999,0.0043764235292845233,0.0050520840109163868,4.391018798566293e-18
2026-01-28,EWMA_SELFNORMALIZED,16,funded_assets,USD,0.94999999999999996,0.0031001722119834044,0.0039051492218273053,4.391018798566293e-18
2026-01-28,EWMA_SELFNORMALIZED,16,funded_assets,USD,0.98999999999999999,0.0043968800862685137,0.0050706373232247406,4.391018798566293e-18
2026-01-28,EWMA_SELFNORMALIZED,16,net_cashflows,EUR,0.94999999999999996,0.0045268057029650647,0.005771629893444645,4.391018798566293e-18
2026-01-28,EWMA_SELFNORMALIZED,16,net_cashflows,EUR,0.98999999999999999,0.0065943380446368827,0.0075248570482376979,4.391018798566293e-18
2026-01-28,EWMA_SELFNORMALIZED,16,net_cashflows,USD,0.94999999999999996,0.0045493560108982789,0.0058123275110905344,4.391018798566293e-18
2026-01-28,EWMA_SELFNORMALIZED,16,net_cashflows,USD,0.98999999999999999,0.0066412215072238108,0.0075920099377553537,4.391018798566293e-18
2026-01-28,EWMA_GAUSS,18,funded_assets,EUR,0.94999999999999996,0.0030724560465353878,0.0038468661162597236,4.2961511084738113e-18
2026-01-28,EWMA_GAUSS,18,funded_assets,EUR,0.98999999999999999,0.0043386272191132391,0.0049709332477356673,4.2961511084738113e-18
2026-01-28,EWMA_GAUSS,18,funded_assets,USD,0.94999999999999996,0.0030787294811032606,0.0038573548462328242,4.2961511084738113e-18
2026-01-28,EWMA_GAUSS,18,funded_assets,USD,0.98999999999999999,0.0043503736612564899,0.0049884262252221194,4.2961511084738113e-18
2026-01-28,EWMA_GAUSS,18,net_cashflows,EUR,0.94999999999999996,0.0045303826225949308,0.0056811096844122796,4.2961511084738113e-18
2026-01-28,EWMA_GAUSS,18,net_cashflows,EUR,0.98999999999999999,0.0064156244983386013,0.0073412089284736141,4.2961511084738113e-18
2026-01-28,EWMA_GAUSS,18,net_cashflows,USD,0.94999999999999996,0.0045548153560104696,0.0057202171874401958,4.2961511084738113e-18
2026-01-28,EWMA_GAUSS,18,net_cashflows,USD,0.98999999999999999,0.0064616564300299401,0.0074055089189332037,4.2961511084738113e-18
2026-01-28,EWMA_SELFNORMALIZED,18,funded_assets,EUR,0.94999999999999996,0.0030842708111109007,0.0039011092063272719,4.391018798566293e-18
2026-01-28,EWMA_SELFNORMALIZED,18,funded_assets,EUR,0.98999999999999999,0.0044272834806094175,0.005065898460962644,4.391018798566293e-18
2026-01-28,EWMA_SELFNORMALIZED,18,funded_assets,USD,0.94999999999999996,0.0030911436266973444,0.0039119638489591851,4.391018798566293e-18
2026-01-28,EWMA_SELFNORMALIZED,18,funded_assets,USD,0.98999999999999999,0.0044385890418591895,0.0050839046880332027,4.391018798566293e-18
2026-01-28,EWMA_SELFNORMALIZED,18,net_cashflows,EUR,0.94999999999999996,0.0045551193429922863,0.0057740212989513696,4.391018798566293e-18
2026-01-28,EWMA_SELFNORMALIZED,18,net_cashflows,EUR,0.98999999999999999,0.0065595027881562122,0.0075068051706352308,4.391018798566293e-18
2026-01-28,EWMA_SELFNORMALIZED,18,net_cashflows,USD,0.94999999999999996,0.0045805217044951937,0.0058144747517391258,4.391018798566293e-18
2026-01-28,EWMA_SELFNORMALIZED,18,net_cashflows,USD,0.98999999999999999,0.0066122112204815972,0.0075756892199576181,4.391018798566293e-18
2026-02-05,EWMA_GAUSS,14,funded_assets,EUR,0.94999999999999996,0.0028550403415626979,0.0036156561693413466,3.3610267347050637e-18
2026-02-05,EWMA_GAUSS,14,funded_assets,EUR,0.98999999999999999,0.0041034089376881799,0.0046835382179818688,3.3610267347050637e-18
2026-02-05,EWMA_GAUSS,14,funded_assets,USD,0.94999999999999996,0.0028645606441366836,0.0036268054734149356,3.3610267347050637e-18
2026-02-05,EWMA_GAUSS,14,funded_assets,USD,0.98999999999999999,0.0041313273366158617,0.0047030526026826131,3.3610267347050637e-18
2026-02-05,EWMA_GAUSS,14,net_cashflows,EUR,0.94999999999999996,0.0041257914391402252,0.0051820621487866795,3.3610267347050637e-18
2026-02-05,EWMA_GAUSS,14,net_cashflows,EUR,0.98999999999999999,0.0058859503622671113,0.0066958562303829159,3.3610267347050637e-18
2026-02-05,EWMA_GAUSS,14,net_cashflows,USD,0.94999999999999996,0.0041421738975735544,0.0052165084624106834,3.3610267347050637e-18
2026-02-05,EWMA_GAUSS,14,net_cashflows,USD,0.98999999999999999,0.0059440310690114101,0.0067509117880982464,3.3610267347050637e-18
2026-02-05,EWMA_SELFNORMALIZED,14,funded_assets,EUR,0.94999999999999996,0.0028629847191788682,0.0036397391059258639,3.0662592690605672e-18
2026-02-05,EWMA_SELFNORMALIZED,14,funded_assets,EUR,0.98999999999999999,0.004125973137717176,0.0047173926789148236,3.0662592690605672e-18
2026-02-05,EWMA_SELFNORMALIZED,14,funded_assets,USD,0.94999999999999996,0.0028619679789591815,0.0036516742517862686,3.0662592690605672e-18
2026-02-05,EWMA_SELFNORMALIZED,14,funded_assets,USD,0.98999999999999999,0.0041332757807044859,0.0047356516393940503,3.0662592690605672e-18
2026-02-05,EWMA_SELFNORMALIZED,14,net_cashflows,EUR,0.94999999999999996,0.0041650105545303351,0.0052875088943916456,3.0662592690605672e-18
2026-02-05,EWMA_SELFNORMALIZED,14,net_cashflows,EUR,0.98999999999999999,0.0059650168258579056,0.0068600686869870805,3.0662592690605672e-18
2026-02-05,EWMA_SELFNORMALIZED,14,net_cashflows,USD,0.94999999999999996,0.0041899140826224968,0.0053203777887133163,3.0662592690605672e-18
2026-02-05,EWMA_SELFNORMALIZED,14,net_cashflows,USD,0.98999999999999999,0.0060074862755123901,0.0069121345641177711,3.0662592690605672e-18
2026-02-05,EWMA_GAUSS,16,funded_assets,EUR,0.94999999999999996,0.0028792109446704739,0.003608645710137027,3.3610267347050637e-18
2026-02-05,EWMA_GAUSS,16,funded_assets,EUR,0.98999999999999999,0.0040724944096663107,0.0046712279542112448,3.3610267347050637e-18
2026-02-05,EWMA_GAUSS,16,funded_assets,USD,0.94999999999999996,0.0028849263258229505,0.0036194997235447939,3.3610267347050637e-18
2026-02-05,EWMA_GAUSS,16,funded_assets,USD,0.98999999999999999,0.0040808246814706692,0.0046901449308186689,3.3610267347050637e-18
2026-02-05,EWMA_GAUSS,16,net_cashflows,EUR,0.94999999999999996,0.0041334182617905665,0.0051848500512909805,3.3610267347050637e-18
2026-02-05,EWMA_GAUSS,16,net_cashflows,EUR,0.98999999999999999,0.0058595800017867683,0.0067089608028866113,3.3610267347050637e-18
2026-02-05,EWMA_GAUSS,16,net_cashflows,USD,0.94999999999999996,0.0041593270119955009,0.0052190159972714837,3.3610267347050637e-18
2026-02-05,EWMA_GAUSS,16,net_cashflows,USD,0.98999999999999999,0.0059023411905688647,0.0067656394043442971,3.3610267347050637e-18
2026-02-05,EWMA_SELFNORMALIZED,16,funded_assets,EUR,0.94999999999999996,0.0029116676098684402,0.0036721786963498232,3.2119489359883069e-18
2026-02-05,EWMA_SELFNORMALIZED,16,funded_assets,EUR,0.98999999999999999,0.0041549068059281435,0.0047596365116475275,3.2119489359883069e-18
2026-02-05,EWMA_SELFNORMALIZED,16,funded_assets,USD,0.94999999999999996,0.0029187350423300895,0.0036840168812666977,3.2119489359883069e-18
2026-02-05,EWMA_SELFNORMALIZED,16,funded_assets,USD,0.98999999999999999,0.0041680800915201025,0.0047789401564628199,3.2119489359883069e-18
2026-02-05,EWMA_SELFNORMALIZED,16,net_cashflows,EUR,0.94999999999999996,0.0041347969435663098,0.0052335593033977119,3.2119489359883069e-18
2026-02-05,EWMA_SELFNORMALIZED,16,net_cashflows,EUR,0.98999999999999999,0.0059048301196933167,0.0067930272785958774,3.2119489359883069e-18
2026-02-05,EWMA_SELFNORMALIZED,16,net_cashflows,USD,0.94999999999999996,0.0041580633637200992,0.0052682635458419858,3.2119489359883069e-18
2026-02-05,EWMA_SELFNORMALIZED,16,net_cashflows,USD,0.98999999999999999,0.005939432423826144,0.0068507916605500862,3.2119489359883069e-18
2026-02-05,EWMA_GAUSS,18,funded_assets,EUR,0.94999999999999996,0.0028824559700547647,0.0036061074490185423,3.8963515573697816e-18
2026-02-05,EWMA_GAUSS,18,funded_assets,EUR,0.98999999999999999,0.0040594922045716908,0.0046660437216939415,3.8963515573697816e-18
2026-02-05,EWMA_GAUSS,18,funded_assets,USD,0.94999999999999996,0.0028883767549703243,0.0036171077552458134,3.8963515573697816e-18
2026-02-05,EWMA_GAUSS,18,funded_assets,USD,0.98999999999999999,0.0040745276032426022,0.0046846892195456548,3.8963515573697816e-18
2026-02-05,EWMA_GAUSS,18,net_cashflows,EUR,0.94999999999999996,0.0041310579186694344,0.005184949413686247,3.8963515573697816e-18
2026-02-05,EWMA_GAUSS,18,net_cashflows,EUR,0.98999999999999999,0.005841544805408605,0.006698968091480002,3.8963515573697816e-18
2026-02-05,EWMA_GAUSS,18,net_cashflows,USD,0.94999999999999996,0.0041529143413547619,0.0052191303180462714,3.8963515573697816e-18
2026-02-05,EWMA_GAUSS,18,net_cashflows,USD,0.98999999999999999,0.0058817320559606048,0.0067551404752779739,3.8963515573697816e-18
2026-02-05,EWMA_SELFNORMALIZED,18,funded_assets,EUR,0.94999999999999996,0.0028938136372525791,0.0036648479876451269,3.6117484870923366e-18
2026-02-05,EWMA_SELFNORMALIZED,18,funded_assets,EUR,0.98999999999999999,0.004149596746564066,0.0047719121820578789,3.6117484870923366e-18
2026-02-05,EWMA_SELFNORMALIZED,18,funded_assets,USD,0.94999999999999996,0.0029004289694963986,0.0036765559717488092,3.6117484870923366e-18
2026-02-05,EWMA_SELFNORMALIZED,18,funded_assets,USD,0.98999999999999999,0.0041673784018526469,0.0047920677153455698,3.6117484870923366e-18
2026-02-05,EWMA_SELFNORMALIZED,18,net_cashflows,EUR,0.94999999999999996,0.0041516477413463876,0.0052502910932314224,3.6117484870923366e-18
2026-02-05,EWMA_SELFNORMALIZED,18,net_cashflows,EUR,0.98999999999999999,0.0059373060241965543,0.0068253227237363512,3.6117484870923366e-18
2026-02-05,EWMA_SELFNORMALIZED,18,net_cashflows,USD,0.94999999999999996,0.0041730024799551367,0.0052853172908123259,3.6117484870923366e-18
2026-02-05,EWMA_SELFNORMALIZED,18,net_cashflows,USD,0.98999999999999999,0.0059803065310571873,0.006883307441768482,3.6117484870923366e-18
2026-02-13,EWMA_GAUSS,14,funded_assets,EUR,0.94999999999999996,0.00281840405549727,0.0035557833061324526,3.2424421220894617e-18
2026-02-13,EWMA_GAUSS,14,funded_assets,EUR,0.98999999999999999,0.0040538381786417166,0.0046246594871557946,3.2424421220894617e-18
2026-02-13,EWMA_GAUSS,14,funded_assets,USD,0.94999999999999996,0.0028255620445670434,0.0035678317928738868,3.2424421220894617e-18
2026-02-13,EWMA_GAUSS,14,funded_assets,USD,0.98999999999999999,0.0040676208540995282,0.004643922718374432,3.2424421220894617e-18
2026-02-13,EWMA_GAUSS,14,net_cashflows,EUR,0.94999999999999996,0.0039337178032806674,0.0049472751711280606,3.2424421220894617e-18
2026-02-13,EWMA_GAUSS,14,net_cashflows,EUR,0.98999999999999999,0.0056256160532406002,0.0063929305805387748,3.2424421220894617e-18
2026-02-13,EWMA_GAUSS,14,net_cashflows,USD,0.94999999999999996,0.0039499911436865695,0.0049772304978413793,3.2424421220894617e-18
2026-02-13,EWMA_GAUSS,14,net_cashflows,USD,0.98999999999999999,0.005674171155855846,0.0064395029616872591,3.2424421220894617e-18
2026-02-13,EWMA_SELFNORMALIZED,14,funded_assets,EUR,0.94999999999999996,0.0028684440579369586,0.0035881832995475001,2.6969529040576923e-18
2026-02-13,EWMA_SELFNORMALIZED,14,funded_assets,EUR,0.98999999999999999,0.0040379306788647373,0.0046535657309304118,2.6969529040576923e-18
2026-02-13,EWMA_SELFNORMALIZED,14,funded_assets,USD,0.94999999999999996,0.0028776489350700483,0.0036001747567987563,2.6969529040576923e-18
2026-02-13,EWMA_SELFNORMALIZED,14,funded_assets,USD,0.98999999999999999,0.0040432294302298888,0.0046694428120840365,2.6969529040576923e-18
2026-02-13,EWMA_SELFNORMALIZED,14,net_cashflows,EUR,0.94999999999999996,0.0040393906595514338,0.0050784640016501813,2.6969529040576923e-18
2026-02-13,EWMA_SELFNORMALIZED,14,net_cashflows,EUR,0.98999999999999999,0.0057378371216317619,0.0065660096389594993,2.6969529040576923e-18
2026-02-13,EWMA_SELFNORMALIZED,14,net_cashflows,USD,0.94999999999999996,0.0040562967823403575,0.0051093853355275859,2.6969529040576923e-18
2026-02-13,EWMA_SELFNORMALIZED,14,net_cashflows,USD,0.98999999999999999,0.005784539126022642,0.0066141425044674487,2.6969529040576923e-18
2026-02-13,EWMA_GAUSS,16,funded_assets,EUR,0.94999999999999996,0.00283103615137556,0.0035514150715210075,4.0488174878755556e-18
2026-02-13,EWMA_GAUSS,16,funded_assets,EUR,0.98999999999999999,0.0040180924995229517,0.004601598023025154,4.0488174878755556e-18
2026-02-13,EWMA_GAUSS,16,funded_assets,USD,0.94999999999999996,0.0028396840326846591,0.0035629652531980402,4.0488174878755556e-18
2026-02-13,EWMA_GAUSS,16,funded_assets,USD,0.98999999999999999,0.0040367885132574968,0.0046207135770501596,4.0488174878755556e-18
2026-02-13,EWMA_GAUSS,16,net_cashflows,EUR,0.94999999999999996,0.0039498981185009611,0.0049498803315148644,4.0488174878755556e-18
2026-02-13,EWMA_GAUSS,16,net_cashflows,EUR,0.98999999999999999,0.0055866693479016743,0.0064036307397932462,4.0488174878755556e-18
2026-02-13,EWMA_GAUSS,16,net_cashflows,USD,0.94999999999999996,0.0039629416480221613,0.0049794497052364538,4.0488174878755556e-18
2026-02-13,EWMA_GAUSS,16,net_cashflows,USD,0.98999999999999999,0.0056228838178144112,0.0064522032349627681,4.0488174878755556e-18
2026-02-13,EWMA_SELFNORMALIZED,16,funded_assets,EUR,0.94999999999999996,0.0028426033887754831,0.0036062784597524823,3.9302328752599536e-18
2026-02-13,EWMA_SELFNORMALIZED,16,funded_assets,EUR,0.98999999999999999,0.0040817932938707613,0.004691653148001124,3.9302328752599536e-18
2026-02-13,EWMA_SELFNORMALIZED,16,funded_assets,USD,0.94999999999999996,0.0028490952279932964,0.0036187646187142604,3.9302328752599536e-18
2026-02-13,EWMA_SELFNORMALIZED,16,funded_assets,USD,0.98999999999999999,0.0041042335963852247,0.0047123219565230121,3.9302328752599536e-18
2026-02-13,EWMA_SELFNORMALIZED,16,net_cashflows,EUR,0.94999999999999996,0.0039659686584233803,0.0050292305805435802,3.9302328752599536e-18
2026-02-13,EWMA_SELFNORMALIZED,16,net_cashflows,EUR,0.98999999999999999,0.0057112399961222306,0.0065213561832331741,3.9302328752599536e-18
2026-02-13,EWMA_SELFNORMALIZED,16,net_cashflows,USD,0.94999999999999996,0.0039898040614137209,0.0050598450004039723,3.9302328752599536e-18
2026-02-13,EWMA_SELFNORMALIZED,16,net_cashflows,USD,0.98999999999999999,0.0057490746096048248,0.0065719795840514291,3.9302328752599536e-18
2026-02-13,EWMA_GAUSS,18,funded_assets,EUR,0.94999999999999996,0.0028309813643596915,0.0035499670999594351,4.0488174878755556e-18
2026-02-13,EWMA_GAUSS,18,funded_assets,EUR,0.98999999999999999,0.004010078056926436,0.0045978200556688609,4.0488174878755556e-18
2026-02-13,EWMA_GAUSS,18,funded_assets,USD,0.94999999999999996,0.0028391883479877049,0.0035615592452867568,4.0488174878755556e-18
2026-02-13,EWMA_GAUSS,18,funded_assets,USD,0.98999999999999999,0.0040275963639489504,0.0046170746333495712,4.0488174878755556e-18
2026-02-13,EWMA_GAUSS,18,net_cashflows,EUR,0.94999999999999996,0.003950018534130695,0.0049501002324594456,4.0488174878755556e-18
2026-02-13,EWMA_GAUSS,18,net_cashflows,EUR,0.98999999999999999,0.0055700447449743232,0.0063959450787854982,4.0488174878755556e-18
2026-02-13,EWMA_GAUSS,18,net_cashflows,USD,0.94999999999999996,0.0039677026201731325,0.0049796645610019506,4.0488174878755556e-18
2026-02-13,EWMA_GAUSS,18,net_cashflows,USD,0.98999999999999999,0.0056087296846802671,0.0064445346107677584,4.0488174878755556e-18
2026-02-13,EWMA_SELFNORMALIZED,18,funded_assets,EUR,0.94999999999999996,0.0028468371560875227,0.0036032886684438919,3.9302328752599536e-18
2026-02-13,EWMA_SELFNORMALIZED,18,funded_assets,EUR,0.98999999999999999,0.004086824095736602,0.0046893146238472933,3.9302328752599536e-18
2026-02-13,EWMA_SELFNORMALIZED,18,funded_assets,USD,0.94999999999999996,0.0028548880498765463,0.0036151620289705841,3.9302328752599536e-18
2026-02-13,EWMA_SELFNORMALIZED,18,funded_assets,USD,0.98999999999999999,0.0041035223915128448,0.0047092525997914983,3.9302328752599536e-18
2026-02-13,EWMA_SELFNORMALIZED,18,net_cashflows,EUR,0.94999999999999996,0.0039715235942525675,0.0050186020395772309,3.9302328752599536e-18
2026-02-13,EWMA_SELFNORMALIZED,18,net_cashflows,EUR,0.98999999999999999,0.0056777594236494654,0.0065276200871990531,3.9302328752599536e-18
2026-02-13,EWMA_SELFNORMALIZED,18,net_cashflows,USD,0.94999999999999996,0.0039914640643977798,0.0050489890832119758,3.9302328752599536e-18
2026-02-13,EWMA_SELFNORMALIZED,18,net_cashflows,USD,0.98999999999999999,0.0057123808167823193,0.0065784607949351832,3.9302328752599536e-18
2026-02-23,EWMA_GAUSS,14,funded_assets,EUR,0.94999999999999996,0.0025529490235255414,0.0032393185482862711,2.7409986173149159e-18
2026-02-23,EWMA_GAUSS,14,funded_assets,EUR,0.98999999999999999,0.0036901957067495827,0.0042264956696912862,2.7409986173149159e-18
2026-02-23,EWMA_GAUSS,14,funded_assets,USD,0.94999999999999996,0.0025613471137959946,0.0032519210908096151,2.7409986173149159e-18
2026-02-23,EWMA_GAUSS,14,funded_assets,USD,0.98999999999999999,0.0037127706245265978,0.0042468725092301707,2.7409986173149159e-18
2026-02-23,EWMA_GAUSS,14,net_cashflows,EUR,0.94999999999999996,0.0035620049114253646,0.0044370867774543724,2.7409986173149159e-18
2026-02-23,EWMA_GAUSS,14,net_cashflows,EUR,0.98999999999999999,0.0049847364569964529,0.0057314247638336202,2.7409986173149159e-18
2026-02-23,EWMA_GAUSS,14,net_cashflows,USD,0.94999999999999996,0.0035773181557874545,0.0044621547550336956,2.7409986173149159e-18
2026-02-23,EWMA_GAUSS,14,net_cashflows,USD,0.98999999999999999,0.0050090121448536683,0.0057702680067291184,2.7409986173149159e-18
2026-02-23,EWMA_SELFNORMALIZED,14,funded_assets,EUR,0.94999999999999996,0.0026281306889871237,0.0032785157203064487,2.5885326868091418e-18
2026-02-23,EWMA_SELFNORMALIZED,14,funded_assets,EUR,0.98999999999999999,0.0036623093524516814,0.0041455790631179015,2.5885326868091418e-18
2026-02-23,EWMA_SELFNORMALIZED,14,funded_assets,USD,0.94999999999999996,0.0026340980481503544,0.0032903644297928585,2.5885326868091418e-18
2026-02-23,EWMA_SELFNORMALIZED,14,funded_assets,USD,0.98999999999999999,0.0036758595511070359,0.0041639158961196852,2.5885326868091418e-18
2026-02-23,EWMA_SELFNORMALIZED,14,net_cashflows,EUR,0.94999999999999996,0.0035261755625037084,0.0045167486180239325,2.5885326868091418e-18
2026-02-23,EWMA_SELFNORMALIZED,14,net_cashflows,EUR,0.98999999999999999,0.0050978637532346554,0.0059910235548117242,2.5885326868091418e-18
2026-02-23,EWMA_SELFNORMALIZED,14,net_cashflows,USD,0.94999999999999996,0.0035373533495607662,0.004541393748507103,2.5885326868091418e-18
2026-02-23,EWMA_SELFNORMALIZED,14,net_cashflows,USD,0.98999999999999999,0.0051372588014803296,0.0060331334931632815,2.5885326868091418e-18
2026-02-23,EWMA_GAUSS,16,funded_assets,EUR,0.94999999999999996,0.0025799809008457408,0.003237638871917344,2.927345865710862e-18
2026-02-23,EWMA_GAUSS,16,funded_assets,EUR,0.98999999999999999,0.0036641655424170805,0.0041905964689413289,2.927345865710862e-18
2026-02-23,EWMA_GAUSS,16,funded_assets,USD,0.94999999999999996,0.0025900870949077228,0.0032501929565076516,2.927345865710862e-18
2026-02-23,EWMA_GAUSS,16,funded_assets,USD,0.98999999999999999,0.0036802439719218977,0.0042114632271701667,2.927345865710862e-18
2026-02-23,EWMA_GAUSS,16,net_cashflows,EUR,0.94999999999999996,0.0035522878807617182,0.004442429905284621,2.927345865710862e-18
2026-02-23,EWMA_GAUSS,16,net_cashflows,EUR,0.98999999999999999,0.0050339215727279174,0.0057424107095915451,2.927345865710862e-18
2026-02-23,EWMA_GAUSS,16,net_cashflows,USD,0.94999999999999996,0.0035687196897865869,0.0044674765607421564,2.927345865710862e-18
2026-02-23,EWMA_GAUSS,16,net_cashflows,USD,0.98999999999999999,0.0050553181559216303,0.0057831157354318726,2.927345865710862e-18
2026-02-23,EWMA_SELFNORMALIZED,16,funded_assets,EUR,0.94999999999999996,0.0025866317894723545,0.0032852399254318975,3.2661590446125821e-18
2026-02-23,EWMA_SELFNORMALIZED,16,funded_assets,EUR,0.98999999999999999,0.0037102647229883545,0.0042787469621536978,3.2661590446125821e-18
2026-02-23,EWMA_SELFNORMALIZED,16,funded_assets,USD,0.94999999999999996,0.0025942656061716486,0.003297990596601439,3.2661590446125821e-18
2026-02-23,EWMA_SELFNORMALIZED,16,funded_assets,USD,0.98999999999999999,0.0037298228008108302,0.0043003561463151683,3.2661590446125821e-18
2026-02-23,EWMA_SELFNORMALIZED,16,net_cashflows,EUR,0.94999999999999996,0.0035642825193902381,0.0045134612007952128,3.2661590446125821e-18
2026-02-23,EWMA_SELFNORMALIZED,16,net_cashflows,EUR,0.98999999999999999,0.0050895144650987649,0.0058691387037319237,3.2661590446125821e-18
2026-02-23,EWMA_SELFNORMALIZED,16,net_cashflows,USD,0.94999999999999996,0.0035829140059012092,0.0045382782398491767,3.2661590446125821e-18
2026-02-23,EWMA_SELFNORMALIZED,16,net_cashflows,USD,0.98999999999999999,0.0051145790038225215,0.005911567190307913,3.2661590446125821e-18
2026-02-23,EWMA_GAUSS,18,funded_assets,EUR,0.94999999999999996,0.0025780921276723212,0.0032373857475090878,3.2153370677773241e-18
2026-02-23,EWMA_GAUSS,18,funded_assets,EUR,0.98999999999999999,0.0036580063097128857,0.0041888520503934904,3.2153370677773241e-18
2026-02-23,EWMA_GAUSS,18,funded_assets,USD,0.94999999999999996,0.0025874095851036406,0.0032500064631458465,3.2153370677773241e-18
2026-02-23,EWMA_GAUSS,18,funded_assets,USD,0.98999999999999999,0.0036725753923096552,0.004209378954144906,3.2153370677773241e-18
2026-02-23,EWMA_GAUSS,18,net_cashflows,EUR,0.94999999999999996,0.0035453980499272398,0.0044422053435322689,3.2153370677773241e-18
2026-02-23,EWMA_GAUSS,18,net_cashflows,EUR,0.98999999999999999,0.0050085823813308837,0.0057370115419753979,3.2153370677773241e-18
2026-02-23,EWMA_GAUSS,18,net_cashflows,USD,0.94999999999999996,0.0035605698955162293,0.0044670741192554108,3.2153370677773241e-18
2026-02-23,EWMA_GAUSS,18,net_cashflows,USD,0.98999999999999999,0.0050378433053650563,0.0057780999853669262,3.2153370677773241e-18
2026-02-23,EWMA_SELFNORMALIZED,18,funded_assets,EUR,0.94999999999999996,0.002587202264087568,0.0032851995772549955,3.2763234399796337e-18
2026-02-23,EWMA_SELFNORMALIZED,18,funded_assets,EUR,0.98999999999999999,0.0037295244346831347,0.004283064174830294,3.2763234399796337e-18
2026-02-23,EWMA_SELFNORMALIZED,18,funded_assets,USD,0.94999999999999996,0.0025946727687598536,0.0032982321914932933,3.2763234399796337e-18
2026-02-23,EWMA_SELFNORMALIZED,18,funded_assets,USD,0.98999999999999999,0.0037489655737597063,0.0043046550670141062,3.2763234399796337e-18
2026-02-23,EWMA_SELFNORMALIZED,18,net_cashflows,EUR,0.94999999999999996,0.003565615050238535,0.0045117980308517405,3.2763234399796337e-18
2026-02-23,EWMA_SELFNORMALIZED,18,net_cashflows,EUR,0.98999999999999999,0.0051005992798236928,0.0058572006235747707,3.2763234399796337e-18
2026-02-23,EWMA_SELFNORMALIZED,18,net_cashflows,USD,0.94999999999999996,0.0035828361672406829,0.0045373056461069684,3.2763234399796337e-18
2026-02-23,EWMA_SELFNORMALIZED,18,net_cashflows,USD,0.98999999999999999,0.0051350246527278945,0.0058996343258944477,3.2763234399796337e-18
2026-03-03,EWMA_GAUSS,14,funded_assets,EUR,0.94999999999999996,0.0030173987091778043,0.0038122203137426376,2.5478751053409354e-18
2026-03-03,EWMA_GAUSS,14,funded_assets,EUR,0.98999999999999999,0.0043411391529863397,0.00496269395569463,2.5478751053409354e-18
2026-03-03,EWMA_GAUSS,14,funded_assets,USD,0.94999999999999996,0.0030326153166581197,0.0038369645222651981,2.5478751053409354e-18
2026-03-03,EWMA_GAUSS,14,funded_assets,USD,0.98999999999999999,0.0043656385044963568,0.0050013588070733153,2.5478751053409354e-18
2026-03-03,EWMA_GAUSS,14,net_cashflows,EUR,0.94999999999999996,0.0036443767901429892,0.0045244181030503232,2.5478751053409354e-18
2026-03-03,EWMA_GAUSS,14,net_cashflows,EUR,0.98999999999999999,0.0050718378574349694,0.0058411291592500867,2.5478751053409354e-18
2026-03-03,EWMA_GAUSS,14,net_cashflows,USD,0.94999999999999996,0.0036605285055924361,0.0045543307163024502,2.5478751053409354e-18
2026-03-03,EWMA_GAUSS,14,net_cashflows,USD,0.98999999999999999,0.0051008890373783174,0.0058890530319691227,2.5478751053409354e-18
2026-03-03,EWMA_SELFNORMALIZED,14,funded_assets,EUR,0.94999999999999996,0.0030866523883741337,0.0038725611958145474,2.507217523872729e-18
2026-03-03,EWMA_SELFNORMALIZED,14,funded_assets,EUR,0.98999999999999999,0.0043407386303263851,0.0050028097738297585,2.507217523872729e-18
2026-03-03,EWMA_SELFNORMALIZED,14,funded_assets,USD,0.94999999999999996,0.0031078449118024515,0.0038987488465720348,2.507217523872729e-18
2026-03-03,EWMA_SELFNORMALIZED,14,funded_assets,USD,0.98999999999999999,0.0043674347816794164,0.0050443186957377832,2.507217523872729e-18
2026-03-03,EWMA_SELFNORMALIZED,14,net_cashflows,EUR,0.94999999999999996,0.0036418701694173388,0.0045957687153832831,2.507217523872729e-18
2026-03-03,EWMA_SELFNORMALIZED,14,net_cashflows,EUR,0.98999999999999999,0.0052293600378726665,0.0060076099993204464,2.507217523872729e-18
2026-03-03,EWMA_SELFNORMALIZED,14,net_cashflows,USD,0.94999999999999996,0.0036614016626839397,0.0046265148878772647,2.507217523872729e-18
2026-03-03,EWMA_SELFNORMALIZED,14,net_cashflows,USD,0.98999999999999999,0.0052529220384585403,0.0060594750022599266,2.507217523872729e-18
2026-03-03,EWMA_GAUSS,16,funded_assets,EUR,0.94999999999999996,0.0030388397515782595,0.0038162777132541483,3.4016843161732702e-18
2026-03-03,EWMA_GAUSS,16,funded_assets,EUR,0.98999999999999999,0.0043005259691069053,0.0049305671056100063,3.4016843161732702e-18
2026-03-03,EWMA_GAUSS,16,funded_assets,USD,0.94999999999999996,0.0030533602493225936,0.0038406567971716972,3.4016843161732702e-18
2026-03-03,EWMA_GAUSS,16,funded_assets,USD,0.98999999999999999,0.004319244763713188,0.004970095795881908,3.4016843161732702e-18
2026-03-03,EWMA_GAUSS,16,net_cashflows,EUR,0.94999999999999996,0.0036241952228180281,0.0045304865240205156,3.4016843161732702e-18
2026-03-03,EWMA_GAUSS,16,net_cashflows,EUR,0.98999999999999999,0.0051299682908804269,0.0058520104495323431,3.4016843161732702e-18
2026-03-03,EWMA_GAUSS,16,net_cashflows,USD,0.94999999999999996,0.0036450408686472735,0.0045604913624115234,3.4016843161732702e-18
2026-03-03,EWMA_GAUSS,16,net_cashflows,USD,0.98999999999999999,0.0051578265609692545,0.0059014005758841878,3.4016843161732702e-18
2026-03-03,EWMA_SELFNORMALIZED,16,funded_assets,EUR,0.94999999999999996,0.003083973433674253,0.0038669751112878218,3.0696474008495844e-18
2026-03-03,EWMA_SELFNORMALIZED,16,funded_assets,EUR,0.98999999999999999,0.0043522518906675134,0.0050315845594430071,3.0696474008495844e-18
2026-03-03,EWMA_SELFNORMALIZED,16,funded_assets,USD,0.94999999999999996,0.0031005223585753032,0.0038930096312190278,3.0696474008495844e-18
2026-03-03,EWMA_SELFNORMALIZED,16,funded_assets,USD,0.98999999999999999,0.0043849303292126055,0.0050726628949253338,3.0696474008495844e-18
2026-03-03,EWMA_SELFNORMALIZED,16,net_cashflows,EUR,0.94999999999999996,0.0036392118345421661,0.0045926007862687598,3.0696474008495844e-18
2026-03-03,EWMA_SELFNORMALIZED,16,net_cashflows,EUR,0.98999999999999999,0.0052039570610219691,0.0059821066474959415,3.0696474008495844e-18
2026-03-03,EWMA_SELFNORMALIZED,16,net_cashflows,USD,0.94999999999999996,0.0036611084891212476,0.0046235139058207588,3.0696474008495844e-18
2026-03-03,EWMA_SELFNORMALIZED,16,net_cashflows,USD,0.98999999999999999,0.0052403800710206176,0.0060349445273631033,3.0696474008495844e-18
2026-03-03,EWMA_GAUSS,18,funded_assets,EUR,0.94999999999999996,0.0030396056704336261,0.0038153460472661908,3.4457300294304938e-18
2026-03-03,EWMA_GAUSS,18,funded_assets,EUR,0.98999999999999999,0.004297304800033569,0.004929627676363727,3.4457300294304938e-18
2026-03-03,EWMA_GAUSS,18,funded_assets,USD,0.94999999999999996,0.0030544239151727333,0.0038395459841039613,3.4457300294304938e-18
2026-03-03,EWMA_GAUSS,18,funded_assets,USD,0.98999999999999999,0.0043279396388338567,0.0049695929979123015,3.4457300294304938e-18
2026-03-03,EWMA_GAUSS,18,net_cashflows,EUR,0.94999999999999996,0.0036164390918539298,0.0045303130638089661,3.4457300294304938e-18
2026-03-03,EWMA_GAUSS,18,net_cashflows,EUR,0.98999999999999999,0.0051104814197145965,0.0058477197196249052,3.4457300294304938e-18
2026-03-03,EWMA_GAUSS,18,net_cashflows,USD,0.94999999999999996,0.0036353760272250031,0.0045601935717436218,3.4457300294304938e-18
2026-03-03,EWMA_GAUSS,18,net_cashflows,USD,0.98999999999999999,0.0051457400073465429,0.0058970769031489482,3.4457300294304938e-18
2026-03-03,EWMA_SELFNORMALIZED,18,funded_assets,EUR,0.94999999999999996,0.0030640615985612907,0.0038740183506043285,3.550762114890027e-18
2026-03-03,EWMA_SELFNORMALIZED,18,funded_assets,EUR,0.98999999999999999,0.0043933887044976805,0.0050432120183140127,3.550762114890027e-18
2026-03-03,EWMA_SELFNORMALIZED,18,funded_assets,USD,0.94999999999999996,0.0030799360915821083,0.0038991764535618346,3.550762114890027e-18
2026-03-03,EWMA_SELFNORMALIZED,18,funded_assets,USD,0.98999999999999999,0.0044219639251638502,0.0050848113088794453,3.550762114890027e-18
2026-03-03,EWMA_SELFNORMALIZED,18,net_cashflows,EUR,0.94999999999999996,0.0036238292663928638,0.0045864987123680999,3.550762114890027e-18
2026-03-03,EWMA_SELFNORMALIZED,18,net_cashflows,EUR,0.98999999999999999,0.0051946776079284888,0.0059651128304709904,3.550762114890027e-18
2026-03-03,EWMA_SELFNORMALIZED,18,net_cashflows,USD,0.94999999999999996,0.0036423152469538742,0.0046169486361529967,3.550762114890027e-18
2026-03-03,EWMA_SELFNORMALIZED,18,net_cashflows,USD,0.98999999999999999,0.0052364319446191587,0.0060158238094655909,3.550762114890027e-18
2026-03-11,EWMA_GAUSS,14,funded_assets,EUR,0.94999999999999996,0.0031647859673831769,0.0039720481826405769,2.4292904927253334e-18
2026-03-11,EWMA_GAUSS,14,funded_assets,EUR,0.98999999999999999,0.0044770437360793225,0.0051545751015520582,2.4292904927253334e-18
2026-03-11,EWMA_GAUSS,14,funded_assets,USD,0.94999999999999996,0.0031839472067815237,0.0040013673458436779,2.4292904927253334e-18
2026-03-11,EWMA_GAUSS,14,funded_assets,USD,0.98999999999999999,0.0045435599846373118,0.0052001901813773562,2.4292904927253334e-18
2026-03-11,EWMA_GAUSS,14,net_cashflows,EUR,0.94999999999999996,0.0033135347079757188,0.0041494178377665452,2.4292904927253334e-18
2026-03-11,EWMA_GAUSS,14,net_cashflows,EUR,0.98999999999999999,0.0046522269908624292,0.0053593113454179679,2.4292904927253334e-18
2026-03-11,EWMA_GAUSS,14,net_cashflows,USD,0.94999999999999996,0.0033391512839043777,0.0041788311465391506,2.4292904927253334e-18
2026-03-11,EWMA_GAUSS,14,net_cashflows,USD,0.98999999999999999,0.0046950274461913747,0.0054061347778404109,2.4292904927253334e-18
2026-03-11,EWMA_SELFNORMALIZED,14,funded_assets,EUR,0.94999999999999996,0.0031457195562764884,0.0040317230606564947,2.7443867491039331e-18
2026-03-11,EWMA_SELFNORMALIZED,14,funded_assets,EUR,0.98999999999999999,0.0045672968584239415,0.0052728417343921906,2.7443867491039331e-18
2026-03-11,EWMA_SELFNORMALIZED,14,funded_assets,USD,0.94999999999999996,0.0031564344150541226,0.0040634096185645213,2.7443867491039331e-18
2026-03-11,EWMA_SELFNORMALIZED,14,funded_assets,USD,0.98999999999999999,0.0046162183409363322,0.0053285267984191781,2.7443867491039331e-18
2026-03-11,EWMA_SELFNORMALIZED,14,net_cashflows,EUR,0.94999999999999996,0.0033409557822375981,0.0042284691401535913,2.7443867491039331e-18
2026-03-11,EWMA_SELFNORMALIZED,14,net_cashflows,EUR,0.98999999999999999,0.0047980657660381624,0.0055007619262425452,2.7443867491039331e-18
2026-03-11,EWMA_SELFNORMALIZED,14,net_cashflows,USD,0.94999999999999996,0.0033577643567096489,0.0042579031475524741,2.7443867491039331e-18
2026-03-11,EWMA_SELFNORMALIZED,14,net_cashflows,USD,0.98999999999999999,0.0048241935987491848,0.005549243039237769,2.7443867491039331e-18
2026-03-11,EWMA_GAUSS,16,funded_assets,EUR,0.94999999999999996,0.0031707471409557209,0.0039754533413225435,3.4016843161732702e-18
2026-03-11,EWMA_GAUSS,16,funded_assets,EUR,0.98999999999999999,0.0044615756318103217,0.0051313434479836346,3.4016843161732702e-18
2026-03-11,EWMA_GAUSS,16,funded_assets,USD,0.94999999999999996,0.0031904043641010418,0.0040047022493709542,3.4016843161732702e-18
2026-03-11,EWMA_GAUSS,16,funded_assets,USD,0.98999999999999999,0.0045043343031098918,0.0051792842129585381,3.4016843161732702e-18
2026-03-11,EWMA_GAUSS,16,net_cashflows,EUR,0.94999999999999996,0.0033103692624344427,0.0041522062070627769,3.4016843161732702e-18
2026-03-11,EWMA_GAUSS,16,net_cashflows,EUR,0.98999999999999999,0.004688854575096147,0.0053674803106300078,3.4016843161732702e-18
2026-03-11,EWMA_GAUSS,16,net_cashflows,USD,0.94999999999999996,0.003327974762531786,0.0041820464421121663,3.4016843161732702e-18
2026-03-11,EWMA_GAUSS,16,net_cashflows,USD,0.98999999999999999,0.0047321765491643115,0.0054161476342350799,3.4016843161732702e-18
2026-03-11,EWMA_SELFNORMALIZED,16,funded_assets,EUR,0.94999999999999996,0.0031853665130114894,0.0040497388291298904,3.2966522307137369e-18
2026-03-11,EWMA_SELFNORMALIZED,16,funded_assets,EUR,0.98999999999999999,0.0045958003780162127,0.0052652760592720163,3.2966522307137369e-18
2026-03-11,EWMA_SELFNORMALIZED,16,funded_assets,USD,0.94999999999999996,0.0032062580622127987,0.0040806556074477005,3.2966522307137369e-18
2026-03-11,EWMA_SELFNORMALIZED,16,funded_assets,USD,0.98999999999999999,0.0046173428878092237,0.0053186496192837527,3.2966522307137369e-18
2026-03-11,EWMA_SELFNORMALIZED,16,net_cashflows,EUR,0.94999999999999996,0.0033331699779992723,0.0042173936424291783,3.2966522307137369e-18
2026-03-11,EWMA_SELFNORMALIZED,16,net_cashflows,EUR,0.98999999999999999,0.0047822023286447695,0.0054601681774525228,3.2966522307137369e-18
2026-03-11,EWMA_SELFNORMALIZED,16,net_cashflows,USD,0.94999999999999996,0.0033481279815565498,0.0042478296548739778,3.2966522307137369e-18
2026-03-11,EWMA_SELFNORMALIZED,16,net_cashflows,USD,0.98999999999999999,0.0048249142952506889,0.0055127913489461449,3.2966522307137369e-18
2026-03-11,EWMA_GAUSS,18,funded_assets,EUR,0.94999999999999996,0.0031651106396127504,0.0039736612890598324,3.4016843161732702e-18
2026-03-11,EWMA_GAUSS,18,funded_assets,EUR,0.98999999999999999,0.00448087559900745,0.005134233234975338,3.4016843161732702e-18
2026-03-11,EWMA_GAUSS,18,funded_assets,USD,0.94999999999999996,0.003184668785297236,0.0040027703181575534,3.4016843161732702e-18
2026-03-11,EWMA_GAUSS,18,funded_assets,USD,0.98999999999999999,0.0045175016287335541,0.0051824838409819203,3.4016843161732702e-18
2026-03-11,EWMA_GAUSS,18,net_cashflows,EUR,0.94999999999999996,0.0033153240576473731,0.0041521522449572369,3.4016843161732702e-18
2026-03-11,EWMA_GAUSS,18,net_cashflows,EUR,0.98999999999999999,0.0046820766549624309,0.005359278893667452,3.4016843161732702e-18
2026-03-11,EWMA_GAUSS,18,net_cashflows,USD,0.94999999999999996,0.0033337163082775372,0.0041819665269916817,3.4016843161732702e-18
2026-03-11,EWMA_GAUSS,18,net_cashflows,USD,0.98999999999999999,0.00471591874517935,0.0054079855238727504,3.4016843161732702e-18
2026-03-11,EWMA_SELFNORMALIZED,18,funded_assets,EUR,0.94999999999999996,0.0031833717928279881,0.0040297282523453267,3.2966522307137369e-18
2026-03-11,EWMA_SELFNORMALIZED,18,funded_assets,EUR,0.98999999999999999,0.004566383636545851,0.0052331198516913334,3.2966522307137369e-18
2026-03-11,EWMA_SELFNORMALIZED,18,funded_assets,USD,0.94999999999999996,0.0032024302407404385,0.0040599265664083058,3.2966522307137369e-18
2026-03-11,EWMA_SELFNORMALIZED,18,funded_assets,USD,0.98999999999999999,0.0046037979388877659,0.0052830005600899817,3.2966522307137369e-18
2026-03-11,EWMA_SELFNORMALIZED,18,net_cashflows,EUR,0.94999999999999996,0.003335149517740455,0.0042177365174145198,3.2966522307137369e-18
2026-03-11,EWMA_SELFNORMALIZED,18,net_cashflows,EUR,0.98999999999999999,0.0047789899160112668,0.0054719482169823027,3.2966522307137369e-18
2026-03-11,EWMA_SELFNORMALIZED,18,net_cashflows,USD,0.94999999999999996,0.0033530356137976094,0.004248644283644987,3.2966522307137369e-18
2026-03-11,EWMA_SELFNORMALIZED,18,net_cashflows,USD,0.98999999999999999,0.0048202353320812279,0.005523195712332972,3.2966522307137369e-18
2026-03-19,EWMA_GAUSS,14,funded_assets,EUR,0.94999999999999996,0.0029294964754619512,0.0036784845719334343,1.8160386389132199e-18
2026-03-19,EWMA_GAUSS,14,funded_assets,EUR,0.98999999999999999,0.0041821052290349769,0.004770125427103698,1.8160386389132199e-18
2026-03-19,EWMA_GAUSS,14,funded_assets,USD,0.94999999999999996,0.0029361575982486997,0.0037043781361055985,1.8160386389132199e-18
2026-03-19,EWMA_GAUSS,14,funded_assets,USD,0.98999999999999999,0.0042214410140656517,0.0048124342584843129,1.8160386389132199e-18
2026-03-19,EWMA_GAUSS,14,net_cashflows,EUR,0.94999999999999996,0.0028780504473611135,0.0036076402274130472,1.8160386389132199e-18
2026-03-19,EWMA_GAUSS,14,net_cashflows,EUR,0.98999999999999999,0.0040465355089440384,0.0046589024382840735,1.8160386389132199e-18
2026-03-19,EWMA_GAUSS,14,net_cashflows,USD,0.94999999999999996,0.0028891364004954836,0.0036313156066413409,1.8160386389132199e-18
2026-03-19,EWMA_GAUSS,14,net_cashflows,USD,0.98999999999999999,0.0040783267502291611,0.00469697799477309,1.8160386389132199e-18
2026-03-19,EWMA_SELFNORMALIZED,14,funded_assets,EUR,0.94999999999999996,0.0029346724807773339,0.0036949204778772009,2.3174821436877657e-18
2026-03-19,EWMA_SELFNORMALIZED,14,funded_assets,EUR,0.98999999999999999,0.0042406912825941889,0.0048275773029760301,2.3174821436877657e-18
2026-03-19,EWMA_SELFNORMALIZED,14,funded_assets,USD,0.94999999999999996,0.0029417884091021019,0.0037201372154751756,2.3174821436877657e-18
2026-03-19,EWMA_SELFNORMALIZED,14,funded_assets,USD,0.98999999999999999,0.0042477197108022266,0.0048697776435946026,2.3174821436877657e-18
2026-03-19,EWMA_SELFNORMALIZED,14,net_cashflows,EUR,0.94999999999999996,0.0029131600720093799,0.0036972995460798131,2.3174821436877657e-18
2026-03-19,EWMA_SELFNORMALIZED,14,net_cashflows,EUR,0.98999999999999999,0.0041749064497664584,0.0048027233976886373,2.3174821436877657e-18
2026-03-19,EWMA_SELFNORMALIZED,14,net_cashflows,USD,0.94999999999999996,0.0029276638523039714,0.0037222053831647943,2.3174821436877657e-18
2026-03-19,EWMA_SELFNORMALIZED,14,net_cashflows,USD,0.98999999999999999,0.0042140183777045516,0.0048465085937232201,2.3174821436877657e-18
2026-03-19,EWMA_GAUSS,16,funded_assets,EUR,0.94999999999999996,0.0029324316231834346,0.0036828760543816752,2.3716922523120409e-18
2026-03-19,EWMA_GAUSS,16,funded_assets,EUR,0.98999999999999999,0.0041617974328626017,0.0047555443208914293,2.3716922523120409e-18
2026-03-19,EWMA_GAUSS,16,funded_assets,USD,0.94999999999999996,0.0029445797563473252,0.0037090561057941712,2.3716922523120409e-18
2026-03-19,EWMA_GAUSS,16,funded_assets,USD,0.98999999999999999,0.0041947444371038542,0.0047983125909905472,2.3716922523120409e-18
2026-03-19,EWMA_GAUSS,16,net_cashflows,EUR,0.94999999999999996,0.0028700438513027289,0.0036091034401689271,2.3716922523120409e-18
2026-03-19,EWMA_GAUSS,16,net_cashflows,EUR,0.98999999999999999,0.0040842974363221483,0.0046644032700963924,2.3716922523120409e-18
2026-03-19,EWMA_GAUSS,16,net_cashflows,USD,0.94999999999999996,0.0028821661920526475,0.0036331991416932129,2.3716922523120409e-18
2026-03-19,EWMA_GAUSS,16,net_cashflows,USD,0.98999999999999999,0.004107173927862872,0.0047037742320549959,2.3716922523120409e-18
2026-03-19,EWMA_SELFNORMALIZED,16,funded_assets,EUR,0.94999999999999996,0.0029612762020764516,0.0037358955792554825,2.8663594935085523e-18
2026-03-19,EWMA_SELFNORMALIZED,16,funded_assets,EUR,0.98999999999999999,0.0042235277219110634,0.0048527607123987288,2.8663594935085523e-18
2026-03-19,EWMA_SELFNORMALIZED,16,funded_assets,USD,0.94999999999999996,0.0029775548159297919,0.0037628143721872144,2.8663594935085523e-18
2026-03-19,EWMA_SELFNORMALIZED,16,funded_assets,USD,0.98999999999999999,0.0042545709077664749,0.0048937037757785361,2.8663594935085523e-18
2026-03-19,EWMA_SELFNORMALIZED,16,net_cashflows,EUR,0.94999999999999996,0.0028966248365011934,0.0036603683140910854,2.8663594935085523e-18
2026-03-19,EWMA_SELFNORMALIZED,16,net_cashflows,EUR,0.98999999999999999,0.0041305205963788399,0.0047553387937922459,2.8663594935085523e-18
2026-03-19,EWMA_SELFNORMALIZED,16,net_cashflows,USD,0.94999999999999996,0.0029135072241763091,0.0036847810704718855,2.8663594935085523e-18
2026-03-19,EWMA_SELFNORMALIZED,16,net_cashflows,USD,0.98999999999999999,0.0041503898946439605,0.0047962135144796669,2.8663594935085523e-18
2026-03-19,EWMA_GAUSS,18,funded_assets,EUR,0.94999999999999996,0.002933680357077445,0.0036799423709947387,3.2255014631443757e-18
2026-03-19,EWMA_GAUSS,18,funded_assets,EUR,0.98999999999999999,0.004158487229987573,0.0047564824061153968,3.2255014631443757e-18
2026-03-19,EWMA_GAUSS,18,funded_assets,USD,0.94999999999999996,0.0029482555741197195,0.0037061518108401884,3.2255014631443757e-18
2026-03-19,EWMA_GAUSS,18,funded_assets,USD,0.98999999999999999,0.0041899469926882293,0.0047998226798650285,3.2255014631443757e-18
2026-03-19,EWMA_GAUSS,18,net_cashflows,EUR,0.94999999999999996,0.0028799827628170245,0.003609022922361203,3.2255014631443757e-18
2026-03-19,EWMA_GAUSS,18,net_cashflows,EUR,0.98999999999999999,0.0040612016649002056,0.0046565173313968602,3.2255014631443757e-18
2026-03-19,EWMA_GAUSS,18,net_cashflows,USD,0.94999999999999996,0.0028950541780695203,0.0036330011660648965,3.2255014631443757e-18
2026-03-19,EWMA_GAUSS,18,net_cashflows,USD,0.98999999999999999,0.0040914246768383742,0.004695915247331265,3.2255014631443757e-18
2026-03-19,EWMA_SELFNORMALIZED,18,funded_assets,EUR,0.94999999999999996,0.0029531100769920049,0.0037400266601602858,2.8663594935085523e-18
2026-03-19,EWMA_SELFNORMALIZED,18,funded_assets,EUR,0.98999999999999999,0.0042378390510478814,0.0048532773941462118,2.8663594935085523e-18
2026-03-19,EWMA_SELFNORMALIZED,18,funded_assets,USD,0.94999999999999996,0.0029706899893577974,0.0037671495166039029,2.8663594935085523e-18
2026-03-19,EWMA_SELFNORMALIZED,18,funded_assets,USD,0.98999999999999999,0.004269748448442157,0.0048964293917969888,2.8663594935085523e-18
2026-03-19,EWMA_SELFNORMALIZED,18,net_cashflows,EUR,0.94999999999999996,0.0028952435426127248,0.0036643180968967078,2.8663594935085523e-18
2026-03-19,EWMA_SELFNORMALIZED,18,net_cashflows,EUR,0.98999999999999999,0.0041381159225473037,0.004760071189356503,2.8663594935085523e-18
2026-03-19,EWMA_SELFNORMALIZED,18,net_cashflows,USD,0.94999999999999996,0.0029104861993355545,0.0036889222625680206,2.8663594935085523e-18
2026-03-19,EWMA_SELFNORMALIZED,18,net_cashflows,USD,0.98999999999999999,0.0041667079440380608,0.0048014192027682756,2.8663594935085523e-18
2026-03-27,EWMA_GAUSS,14,funded_assets,EUR,0.94999999999999996,0.002780258931703028,0.0034967321792570595,1.8533080885924091e-18
2026-03-27,EWMA_GAUSS,14,funded_assets,EUR,0.98999999999999999,0.0039824805132534224,0.0045394848068982443,1.8533080885924091e-18
2026-03-27,EWMA_GAUSS,14,funded_assets,USD,0.94999999999999996,0.0027910306821249575,0.0035200788828619262,1.8533080885924091e-18
2026-03-27,EWMA_GAUSS,14,funded_assets,USD,0.98999999999999999,0.0040220570678967645,0.0045775044227665315,1.8533080885924091e-18
2026-03-27,EWMA_GAUSS,14,net_cashflows,EUR,0.94999999999999996,0.002589196138135086,0.003253070580267671,1.8533080885924091e-18
2026-03-27,EWMA_GAUSS,14,net_cashflows,EUR,0.98999999999999999,0.0036729742224834942,0.0041991159851989682,1.8533080885924091e-18
2026-03-27,EWMA_GAUSS,14,net_cashflows,USD,0.94999999999999996,0.0026051542601981713,0.003273721491372221,1.8533080885924091e-18
2026-03-27,EWMA_GAUSS,14,net_cashflows,USD,0.98999999999999999,0.0036980023206925703,0.0042320431260202979,1.8533080885924091e-18
2026-03-27,EWMA_SELFNORMALIZED,14,funded_assets,EUR,0.94999999999999996,0.0027972727867580649,0.0035442851357715324,2.1412992906588713e-18
2026-03-27,EWMA_SELFNORMALIZED,14,funded_assets,EUR,0.98999999999999999,0.0039606417524403748,0.0046098563844837849,2.1412992906588713e-18
2026-03-27,EWMA_SELFNORMALIZED,14,funded_assets,USD,0.94999999999999996,0.0028116329870595978,0.0035681430196938353,2.1412992906588713e-18
2026-03-27,EWMA_SELFNORMALIZED,14,funded_assets,USD,0.98999999999999999,0.0039802201223071224,0.0046485426362587639,2.1412992906588713e-18
2026-03-27,EWMA_SELFNORMALIZED,14,net_cashflows,EUR,0.94999999999999996,0.0026186244659830776,0.0033120471215833669,2.1412992906588713e-18
2026-03-27,EWMA_SELFNORMALIZED,14,net_cashflows,EUR,0.98999999999999999,0.0037472581686287419,0.0042434967768731086,2.1412992906588713e-18
2026-03-27,EWMA_SELFNORMALIZED,14,net_cashflows,USD,0.94999999999999996,0.0026319565090916121,0.003334514696062065,2.1412992906588713e-18
2026-03-27,EWMA_SELFNORMALIZED,14,net_cashflows,USD,0.98999999999999999,0.0037821845474939426,0.0042778087888455671,2.1412992906588713e-18
2026-03-27,EWMA_GAUSS,16,funded_assets,EUR,0.94999999999999996,0.0027876937236561428,0.0034990188903627505,1.8533080885924091e-18
2026-03-27,EWMA_GAUSS,16,funded_assets,EUR,0.98999999999999999,0.003950803330789121,0.0045215651945769188,1.8533080885924091e-18
2026-03-27,EWMA_GAUSS,16,funded_assets,USD,0.94999999999999996,0.0028016245570326912,0.0035225571222863689,1.8533080885924091e-18
2026-03-27,EWMA_GAUSS,16,funded_assets,USD,0.98999999999999999,0.003973541729136062,0.004560289482840236,1.8533080885924091e-18
2026-03-27,EWMA_GAUSS,16,net_cashflows,EUR,0.94999999999999996,0.0025912966895183746,0.0032532410733900315,1.8533080885924091e-18
2026-03-27,EWMA_GAUSS,16,net_cashflows,EUR,0.98999999999999999,0.0036777975593101139,0.0042064709060171254,1.8533080885924091e-18
2026-03-27,EWMA_GAUSS,16,net_cashflows,USD,0.94999999999999996,0.002603206039836894,0.0032742656556373007,1.8533080885924091e-18
2026-03-27,EWMA_GAUSS,16,net_cashflows,USD,0.98999999999999999,0.0037060411205254475,0.0042405479073614818,1.8533080885924091e-18
2026-03-27,EWMA_SELFNORMALIZED,16,funded_assets,EUR,0.94999999999999996,0.0028010440547392712,0.0035492452804653145,2.4936649967166602e-18
2026-03-27,EWMA_SELFNORMALIZED,16,funded_assets,EUR,0.98999999999999999,0.0040078999721163688,0.0046175836417073693,2.4936649967166602e-18
2026-03-27,EWMA_SELFNORMALIZED,16,funded_assets,USD,0.94999999999999996,0.0028156054918231518,0.0035738616104526348,2.4936649967166602e-18
2026-03-27,EWMA_SELFNORMALIZED,16,funded_assets,USD,0.98999999999999999,0.0040285957559741611,0.0046577252677836786,2.4936649967166602e-18
2026-03-27,EWMA_SELFNORMALIZED,16,net_cashflows,EUR,0.94999999999999996,0.002619391156274953,0.0033016132779518561,2.4936649967166602e-18
2026-03-27,EWMA_SELFNORMALIZED,16,net_cashflows,EUR,0.98999999999999999,0.0037345038192846177,0.0042821862621180914,2.4936649967166602e-18
2026-03-27,EWMA_SELFNORMALIZED,16,net_cashflows,USD,0.94999999999999996,0.0026325761061567836,0.0033232417378940538,2.4936649967166602e-18
2026-03-27,EWMA_SELFNORMALIZED,16,net_cashflows,USD,0.98999999999999999,0.0037572430969799384,0.0043164029892122291,2.4936649967166602e-18
2026-03-27,EWMA_GAUSS,18,funded_assets,EUR,0.94999999999999996,0.0027882408541436421,0.0034961417096855537,2.3581397251559721e-18
2026-03-27,EWMA_GAUSS,18,funded_assets,EUR,0.98999999999999999,0.003950803330789121,0.0045204541830870032,2.3581397251559721e-18
2026-03-27,EWMA_GAUSS,18,funded_assets,USD,0.94999999999999996,0.0028013720555936828,0.0035197716933605262,2.3581397251559721e-18
2026-03-27,EWMA_GAUSS,18,funded_assets,USD,0.98999999999999999,0.0039798564705590938,0.0045595500033433142,2.3581397251559721e-18
2026-03-27,EWMA_GAUSS,18,net_cashflows,EUR,0.94999999999999996,0.0025984713764032664,0.0032536888941619643,2.3581397251559721e-18
2026-03-27,EWMA_GAUSS,18,net_cashflows,EUR,0.98999999999999999,0.0036627295396604916,0.0041990427993380108,2.3581397251559721e-18
2026-03-27,EWMA_GAUSS,18,net_cashflows,USD,0.94999999999999996,0.0026109534957311255,0.0032747376741574571,2.3581397251559721e-18
2026-03-27,EWMA_GAUSS,18,net_cashflows,USD,0.98999999999999999,0.0036885952906881205,0.0042334597494372191,2.3581397251559721e-18
2026-03-27,EWMA_SELFNORMALIZED,18,funded_assets,EUR,0.94999999999999996,0.0028030897025604073,0.0035532101801580753,2.4936649967166602e-18
2026-03-27,EWMA_SELFNORMALIZED,18,funded_assets,EUR,0.98999999999999999,0.0040078999721163688,0.0046122457077928756,2.4936649967166602e-18
2026-03-27,EWMA_SELFNORMALIZED,18,funded_assets,USD,0.94999999999999996,0.0028172073975874993,0.0035777394809685089,2.4936649967166602e-18
2026-03-27,EWMA_SELFNORMALIZED,18,funded_assets,USD,0.98999999999999999,0.0040422357405186828,0.0046526544840412047,2.4936649967166602e-18
2026-03-27,EWMA_SELFNORMALIZED,18,net_cashflows,EUR,0.94999999999999996,0.0026186068833287668,0.0033048261575232664,2.4936649967166602e-18
2026-03-27,EWMA_SELFNORMALIZED,18,net_cashflows,EUR,0.98999999999999999,0.0037439911249399051,0.0042925648142370576,2.4936649967166602e-18
2026-03-27,EWMA_SELFNORMALIZED,18,net_cashflows,USD,0.94999999999999996,0.002631441502470285,0.0033265542849742159,2.4936649967166602e-18
2026-03-27,EWMA_SELFNORMALIZED,18,net_cashflows,USD,0.98999999999999999,0.0037690520334509275,0.0043283968135517815,2.4936649967166602e-18
2026-04-08,EWMA_GAUSS,14,funded_assets,EUR,0.94999999999999996,0.0030370042319868007,0.0038105838115758306,2.0735366548785272e-18
2026-04-08,EWMA_GAUSS,14,funded_assets,EUR,0.98999999999999999,0.004336862702273514,0.0049405808309297694,2.0735366548785272e-18
2026-04-08,EWMA_GAUSS,14,funded_assets,USD,0.94999999999999996,0.0030578572420065821,0.0038446096981722107,2.0735366548785272e-18
2026-04-08,EWMA_GAUSS,14,funded_assets,USD,0.98999999999999999,0.0043962015014179859,0.0049978065353613191,2.0735366548785272e-18
2026-04-08,EWMA_GAUSS,14,net_cashflows,EUR,0.94999999999999996,0.0033649971739820208,0.0042122142125782299,2.0735366548785272e-18
2026-04-08,EWMA_GAUSS,14,net_cashflows,EUR,0.98999999999999999,0.0047912158748918193,0.0054474371930714714,2.0735366548785272e-18
2026-04-08,EWMA_GAUSS,14,net_cashflows,USD,0.94999999999999996,0.0033843369133404215,0.0042532897543522286,2.0735366548785272e-18
2026-04-08,EWMA_GAUSS,14,net_cashflows,USD,0.98999999999999999,0.0048123796159382304,0.0055150084336602068,2.0735366548785272e-18
2026-04-08,EWMA_SELFNORMALIZED,14,funded_assets,EUR,0.94999999999999996,0.0030604247316067534,0.003903061845213105,3.1272456412628769e-18
2026-04-08,EWMA_SELFNORMALIZED,14,funded_assets,EUR,0.98999999999999999,0.0044504258900520122,0.0051223702557116465,3.1272456412628769e-18
2026-04-08,EWMA_SELFNORMALIZED,14,funded_assets,USD,0.94999999999999996,0.0030834029951213814,0.0039401214649168242,3.1272456412628769e-18
2026-04-08,EWMA_SELFNORMALIZED,14,funded_assets,USD,0.98999999999999999,0.0044782117377975602,0.0051859772719107002,3.1272456412628769e-18
2026-04-08,EWMA_SELFNORMALIZED,14,net_cashflows,EUR,0.94999999999999996,0.0033651174442316471,0.0042356870515459517,3.1272456412628769e-18
2026-04-08,EWMA_SELFNORMALIZED,14,net_cashflows,EUR,0.98999999999999999,0.0048331546502042751,0.0053968710596315646,3.1272456412628769e-18
2026-04-08,EWMA_SELFNORMALIZED,14,net_cashflows,USD,0.94999999999999996,0.0033908286973194238,0.0042787826673075383,3.1272456412628769e-18
2026-04-08,EWMA_SELFNORMALIZED,14,net_cashflows,USD,0.98999999999999999,0.0048705022525824459,0.0054670380692577389,3.1272456412628769e-18
2026-04-08,EWMA_GAUSS,16,funded_assets,EUR,0.94999999999999996,0.003047965515706047,0.0038096384574849889,3.2390539903004445e-18
2026-04-08,EWMA_GAUSS,16,funded_assets,EUR,0.98999999999999999,0.0042830882991266583,0.0049207814834380638,3.2390539903004445e-18
2026-04-08,EWMA_GAUSS,16,funded_assets,USD,0.94999999999999996,0.0030668951678707135,0.0038440110071297664,3.2390539903004445e-18
2026-04-08,EWMA_GAUSS,16,funded_assets,USD,0.98999999999999999,0.0043135399712333038,0.004977635210072287,3.2390539903004445e-18
2026-04-08,EWMA_GAUSS,16,net_cashflows,EUR,0.94999999999999996,0.0033661750467078207,0.0042154048324933328,3.2390539903004445e-18
2026-04-08,EWMA_GAUSS,16,net_cashflows,EUR,0.98999999999999999,0.0047745406084333305,0.0054488581108398564,3.2390539903004445e-18
2026-04-08,EWMA_GAUSS,16,net_cashflows,USD,0.94999999999999996,0.0033915541556136502,0.0042568890031163603,3.2390539903004445e-18
2026-04-08,EWMA_GAUSS,16,net_cashflows,USD,0.98999999999999999,0.0048137878212905025,0.0055152337784856835,3.2390539903004445e-18
2026-04-08,EWMA_SELFNORMALIZED,16,funded_assets,EUR,0.94999999999999996,0.0030545364407187914,0.0038660381727471265,3.1272456412628769e-18
2026-04-08,EWMA_SELFNORMALIZED,16,funded_assets,EUR,0.98999999999999999,0.004373326434961966,0.0049983819809558587,3.1272456412628769e-18
2026-04-08,EWMA_SELFNORMALIZED,16,funded_assets,USD,0.94999999999999996,0.0030743138070747252,0.0039016918336196573,3.1272456412628769e-18
2026-04-08,EWMA_SELFNORMALIZED,16,funded_assets,USD,0.98999999999999999,0.004414244155325815,0.0050574519671969988,3.1272456412628769e-18
2026-04-08,EWMA_SELFNORMALIZED,16,net_cashflows,EUR,0.94999999999999996,0.0033860571219763826,0.004256608326622841,3.1272456412628769e-18
2026-04-08,EWMA_SELFNORMALIZED,16,net_cashflows,EUR,0.98999999999999999,0.0048304853452215031,0.005474256872123065,3.1272456412628769e-18
2026-04-08,EWMA_SELFNORMALIZED,16,net_cashflows,USD,0.94999999999999996,0.0034061249819187425,0.0042984710213378029,3.1272456412628769e-18
2026-04-08,EWMA_SELFNORMALIZED,16,net_cashflows,USD,0.98999999999999999,0.0048705022525824459,0.0055394175129833082,3.1272456412628769e-18
2026-04-08,EWMA_GAUSS,18,funded_assets,EUR,0.94999999999999996,0.0030389049937323276,0.003806588476165434,3.2864878353466853e-18
2026-04-08,EWMA_GAUSS,18,funded_assets,EUR,0.98999999999999999,0.0042881615794827521,0.0049209348358186539,3.2864878353466853e-18
2026-04-08,EWMA_GAUSS,18,funded_assets,USD,0.94999999999999996,0.0030597600215940472,0.0038409095986389431,3.2864878353466853e-18
2026-04-08,EWMA_GAUSS,18,funded_assets,USD,0.98999999999999999,0.0043327761814976563,0.004977904617325701,3.2864878353466853e-18
2026-04-08,EWMA_GAUSS,18,net_cashflows,EUR,0.94999999999999996,0.0033672672004478096,0.0042158768354435775,3.2864878353466853e-18
2026-04-08,EWMA_GAUSS,18,net_cashflows,EUR,0.98999999999999999,0.004754042304608519,0.0054411381276980456,3.2864878353466853e-18
2026-04-08,EWMA_GAUSS,18,net_cashflows,USD,0.94999999999999996,0.0033921645191942306,0.0042574227760202622,3.2864878353466853e-18
2026-04-08,EWMA_GAUSS,18,net_cashflows,USD,0.98999999999999999,0.0048033323666676333,0.0055085654221797503,3.2864878353466853e-18
2026-04-08,EWMA_SELFNORMALIZED,18,funded_assets,EUR,0.94999999999999996,0.0030510146373314007,0.0038660049187370388,3.1272456412628769e-18
2026-04-08,EWMA_SELFNORMALIZED,18,funded_assets,EUR,0.98999999999999999,0.0043839786728440133,0.0050225588544085516,3.1272456412628769e-18
2026-04-08,EWMA_SELFNORMALIZED,18,funded_assets,USD,0.94999999999999996,0.0030723583571950763,0.0039017132531923753,3.1272456412628769e-18
2026-04-08,EWMA_SELFNORMALIZED,18,funded_assets,USD,0.98999999999999999,0.0044314111272673699,0.0050821360352886775,3.1272456412628769e-18
2026-04-08,EWMA_SELFNORMALIZED,18,net_cashflows,EUR,0.94999999999999996,0.0033802491060505261,0.0042764318489588544,3.1272456412628769e-18
2026-04-08,EWMA_SELFNORMALIZED,18,net_cashflows,EUR,0.98999999999999999,0.0048397427778178676,0.0055481064123466452,3.1272456412628769e-18
2026-04-08,EWMA_SELFNORMALIZED,18,net_cashflows,USD,0.94999999999999996,0.0034039094440877172,0.0043189745098849031,3.1272456412628769e-18
2026-04-08,EWMA_SELFNORMALIZED,18,net_cashflows,USD,0.98999999999999999,0.004896972250890726,0.0056176011435419603,3.1272456412628769e-18
2026-04-16,EWMA_GAUSS,14,funded_assets,EUR,0.94999999999999996,0.0027244273493167159,0.0034176394197976837,2.1480755542369057e-18
2026-04-16,EWMA_GAUSS,14,funded_assets,EUR,0.98999999999999999,0.0038934604166616094,0.0044314076592953579,2.1480755542369057e-18
2026-04-16,EWMA_GAUSS,14,funded_assets,USD,0.94999999999999996,0.0027414001995527794,0.0034457627543604003,2.1480755542369057e-18
2026-04-16,EWMA_GAUSS,14,funded_assets,USD,0.98999999999999999,0.0039260652387607163,0.0044766542078174456,2.1480755542369057e-18
2026-04-16,EWMA_GAUSS,14,net_cashflows,EUR,0.94999999999999996,0.003190062260494076,0.0039939916251155562,2.1480755542369057e-18
2026-04-16,EWMA_GAUSS,14,net_cashflows,EUR,0.98999999999999999,0.0044939907142114493,0.0051617043998445191,2.1480755542369057e-18
2026-04-16,EWMA_GAUSS,14,net_cashflows,USD,0.94999999999999996,0.0032160866536051881,0.0040310532331770572,2.1480755542369057e-18
2026-04-16,EWMA_GAUSS,14,net_cashflows,USD,0.98999999999999999,0.0045448984969670928,0.0052238966115186851,2.1480755542369057e-18
2026-04-16,EWMA_SELFNORMALIZED,14,funded_assets,EUR,0.94999999999999996,0.0026842568941589096,0.0034067247618999549,2.8121493848842771e-18
2026-04-16,EWMA_SELFNORMALIZED,14,funded_assets,EUR,0.98999999999999999,0.00383294595634881,0.0045024140984139017,2.8121493848842771e-18
2026-04-16,EWMA_SELFNORMALIZED,14,funded_assets,USD,0.94999999999999996,0.0027119104165709926,0.0034354085635733165,2.8121493848842771e-18
2026-04-16,EWMA_SELFNORMALIZED,14,funded_assets,USD,0.98999999999999999,0.0038552371171249105,0.0045501920169950605,2.8121493848842771e-18
2026-04-16,EWMA_SELFNORMALIZED,14,net_cashflows,EUR,0.94999999999999996,0.0031790629241020166,0.0040425217859640424,2.8121493848842771e-18
2026-04-16,EWMA_SELFNORMALIZED,14,net_cashflows,EUR,0.98999999999999999,0.0046277914517461327,0.0052841694754496146,2.8121493848842771e-18
2026-04-16,EWMA_SELFNORMALIZED,14,net_cashflows,USD,0.94999999999999996,0.0032066650198602025,0.0040805846771220424,2.8121493848842771e-18
2026-04-16,EWMA_SELFNORMALIZED,14,net_cashflows,USD,0.98999999999999999,0.0046882067681320166,0.005343904828192865,2.8121493848842771e-18
2026-04-16,EWMA_GAUSS,16,funded_assets,EUR,0.94999999999999996,0.0027326502065874725,0.0034155871511456844,2.7952087259391911e-18
2026-04-16,EWMA_GAUSS,16,funded_assets,EUR,0.98999999999999999,0.0038416833649752014,0.0044125747670420235,2.7952087259391911e-18
2026-04-16,EWMA_GAUSS,16,funded_assets,USD,0.94999999999999996,0.0027510999229808319,0.0034437569327488626,2.7952087259391911e-18
2026-04-16,EWMA_GAUSS,16,funded_assets,USD,0.98999999999999999,0.0038796260655861209,0.0044586764542692116,2.7952087259391911e-18
2026-04-16,EWMA_GAUSS,16,net_cashflows,EUR,0.94999999999999996,0.0031919873642182852,0.0039965606274567946,2.7952087259391911e-18
2026-04-16,EWMA_GAUSS,16,net_cashflows,EUR,0.98999999999999999,0.0045070456537768091,0.0051621190063315323,2.7952087259391911e-18
2026-04-16,EWMA_GAUSS,16,net_cashflows,USD,0.94999999999999996,0.0032117390132081316,0.0040338602212246898,2.7952087259391911e-18
2026-04-16,EWMA_GAUSS,16,net_cashflows,USD,0.98999999999999999,0.0045547157029156632,0.0052223910663512342,2.7952087259391911e-18
2026-04-16,EWMA_SELFNORMALIZED,16,funded_assets,EUR,0.94999999999999996,0.0027371784284544731,0.0034601000171608602,2.9070170749767588e-18
2026-04-16,EWMA_SELFNORMALIZED,16,funded_assets,EUR,0.98999999999999999,0.0039156490078271766,0.0044900295457892241,2.9070170749767588e-18
2026-04-16,EWMA_SELFNORMALIZED,16,funded_assets,USD,0.94999999999999996,0.00275416670373386,0.0034892658758578095,2.9070170749767588e-18
2026-04-16,EWMA_SELFNORMALIZED,16,funded_assets,USD,0.98999999999999999,0.0039560060140911022,0.0045379796843532201,2.9070170749767588e-18
2026-04-16,EWMA_SELFNORMALIZED,16,net_cashflows,EUR,0.94999999999999996,0.0032033873017667915,0.0040670518039745973,2.9070170749767588e-18
2026-04-16,EWMA_SELFNORMALIZED,16,net_cashflows,EUR,0.98999999999999999,0.0046051729878573309,0.0052871469028224934,2.9070170749767588e-18
2026-04-16,EWMA_SELFNORMALIZED,16,net_cashflows,USD,0.94999999999999996,0.0032261250712027232,0.004105945149142102,2.9070170749767588e-18
2026-04-16,EWMA_SELFNORMALIZED,16,net_cashflows,USD,0.98999999999999999,0.0046504670663283162,0.0053500640416753731,2.9070170749767588e-18
2026-04-16,EWMA_GAUSS,18,funded_assets,EUR,0.94999999999999996,0.0027235993069626985,0.0034132254039565164,3.1374100366299285e-18
2026-04-16,EWMA_GAUSS,18,funded_assets,EUR,0.98999999999999999,0.0038482995595167102,0.0044134567504304327,3.1374100366299285e-18
2026-04-16,EWMA_GAUSS,18,funded_assets,USD,0.94999999999999996,0.0027418111390680351,0.0034412790983379821,3.1374100366299285e-18
2026-04-16,EWMA_GAUSS,18,funded_assets,USD,0.98999999999999999,0.0038824799691199079,0.0044598816374145324,3.1374100366299285e-18
2026-04-16,EWMA_GAUSS,18,net_cashflows,EUR,0.94999999999999996,0.0031906523924057576,0.0039968916327060558,3.1374100366299285e-18
2026-04-16,EWMA_GAUSS,18,net_cashflows,EUR,0.98999999999999999,0.0045072044422683546,0.0051584681014782948,3.1374100366299285e-18
2026-04-16,EWMA_GAUSS,18,net_cashflows,USD,0.94999999999999996,0.0032110933368108721,0.0040341983799575005,3.1374100366299285e-18
2026-04-16,EWMA_GAUSS,18,net_cashflows,USD,0.98999999999999999,0.0045554316248725907,0.0052190628435852919,3.1374100366299285e-18
2026-04-16,EWMA_SELFNORMALIZED,18,funded_assets,EUR,0.94999999999999996,0.002734807388732774,0.0034557144685003656,2.9544509200229996e-18
2026-04-16,EWMA_SELFNORMALIZED,18,funded_assets,EUR,0.98999999999999999,0.0039151378683284221,0.0044771177843192398,2.9544509200229996e-18
2026-04-16,EWMA_SELFNORMALIZED,18,funded_assets,USD,0.94999999999999996,0.0027518012468681881,0.0034846343506836864,2.9544509200229996e-18
2026-04-16,EWMA_SELFNORMALIZED,18,funded_assets,USD,0.98999999999999999,0.0039491665910092446,0.0045244094512291895,2.9544509200229996e-18
2026-04-16,EWMA_SELFNORMALIZED,18,net_cashflows,EUR,0.94999999999999996,0.0032143635755748634,0.0040643507551446252,2.9544509200229996e-18
2026-04-16,EWMA_SELFNORMALIZED,18,net_cashflows,EUR,0.98999999999999999,0.0046002424720795188,0.0052711888061572195,2.9544509200229996e-18
2026-04-16,EWMA_SELFNORMALIZED,18,net_cashflows,USD,0.94999999999999996,0.0032369477946826257,0.0041032624720269278,2.9544509200229996e-18
2026-04-16,EWMA_SELFNORMALIZED,18,net_cashflows,USD,0.98999999999999999,0.0046486429959298374,0.005336091882690539,2.9544509200229996e-18
2026-04-24,EWMA_GAUSS,14,funded_assets,EUR,0.94999999999999996,0.0028791821385184546,0.0036379877581933819,2.0328790734103208e-18
2026-04-24,EWMA_GAUSS,14,funded_assets,EUR,0.98999999999999999,0.0040919996173398032,0.0047143932616906265,2.0328790734103208e-18
2026-04-24,EWMA_GAUSS,14,funded_assets,USD,0.94999999999999996,0.0029008692858402056,0.0036635915648542557,2.0328790734103208e-18
2026-04-24,EWMA_GAUSS,14,funded_assets,USD,0.98999999999999999,0.0041255245674707659,0.0047549618431729926,2.0328790734103208e-18
2026-04-24,EWMA_GAUSS,14,net_cashflows,EUR,0.94999999999999996,0.0027324166699072452,0.0034218933645092748,2.0328790734103208e-18
2026-04-24,EWMA_GAUSS,14,net_cashflows,EUR,0.98999999999999999,0.003856377253134746,0.0044184562464275705,2.0328790734103208e-18
2026-04-24,EWMA_GAUSS,14,net_cashflows,USD,0.94999999999999996,0.0027433946885761181,0.0034484662869931583,2.0328790734103208e-18
2026-04-24,EWMA_GAUSS,14,net_cashflows,USD,0.98999999999999999,0.003878275812112187,0.004463746732671376,2.0328790734103208e-18
2026-04-24,EWMA_SELFNORMALIZED,14,funded_assets,EUR,0.94999999999999996,0.0028712804191763641,0.0036762713086236649,2.3107058801097313e-18
2026-04-24,EWMA_SELFNORMALIZED,14,funded_assets,EUR,0.98999999999999999,0.0041424704170860971,0.0048054359518384772,2.3107058801097313e-18
2026-04-24,EWMA_SELFNORMALIZED,14,funded_assets,USD,0.94999999999999996,0.0028878110700340989,0.0037021407774423575,2.3107058801097313e-18
2026-04-24,EWMA_SELFNORMALIZED,14,funded_assets,USD,0.98999999999999999,0.0041994558093404804,0.0048447932857132578,2.3107058801097313e-18
2026-04-24,EWMA_SELFNORMALIZED,14,net_cashflows,EUR,0.94999999999999996,0.0027347542969073822,0.0034613857152045748,2.3107058801097313e-18
2026-04-24,EWMA_SELFNORMALIZED,14,net_cashflows,EUR,0.98999999999999999,0.0039499781641112791,0.004490457028749768,2.3107058801097313e-18
2026-04-24,EWMA_SELFNORMALIZED,14,net_cashflows,USD,0.94999999999999996,0.0027606315029688137,0.0034887839430153529,2.3107058801097313e-18
2026-04-24,EWMA_SELFNORMALIZED,14,net_cashflows,USD,0.98999999999999999,0.0039649670303675581,0.0045360513973307856,2.3107058801097313e-18
2026-04-24,EWMA_GAUSS,16,funded_assets,EUR,0.94999999999999996,0.0029025390260515038,0.0036343040551932845,2.574980159653073e-18
2026-04-24,EWMA_GAUSS,16,funded_assets,EUR,0.98999999999999999,0.0040719349893801882,0.0047019011835279269,2.574980159653073e-18
2026-04-24,EWMA_GAUSS,16,funded_assets,USD,0.94999999999999996,0.0029167224695480372,0.0036597718535748176,2.574980159653073e-18
2026-04-24,EWMA_GAUSS,16,funded_assets,USD,0.98999999999999999,0.0041069623729015209,0.0047431532049397682,2.574980159653073e-18
2026-04-24,EWMA_GAUSS,16,net_cashflows,EUR,0.94999999999999996,0.0027338941890751259,0.0034241357901213651,2.574980159653073e-18
2026-04-24,EWMA_GAUSS,16,net_cashflows,EUR,0.98999999999999999,0.0038612045969224741,0.0044176917672200163,2.574980159653073e-18
2026-04-24,EWMA_GAUSS,16,net_cashflows,USD,0.94999999999999996,0.0027472469948592385,0.0034509248095264838,2.574980159653073e-18
2026-04-24,EWMA_GAUSS,16,net_cashflows,USD,0.98999999999999999,0.0038975660428661324,0.004461485644190904,2.574980159653073e-18
2026-04-24,EWMA_SELFNORMALIZED,16,funded_assets,EUR,0.94999999999999996,0.0029056709097663447,0.0036917716255383528,2.7443867491039331e-18
2026-04-24,EWMA_SELFNORMALIZED,16,funded_assets,EUR,0.98999999999999999,0.0041690632278008899,0.0047942747336009311,2.7443867491039331e-18
2026-04-24,EWMA_SELFNORMALIZED,16,funded_assets,USD,0.94999999999999996,0.0029196528513496765,0.0037185286104517157,2.7443867491039331e-18
2026-04-24,EWMA_SELFNORMALIZED,16,funded_assets,USD,0.98999999999999999,0.0042023798714544737,0.0048375060153409404,2.7443867491039331e-18
2026-04-24,EWMA_SELFNORMALIZED,16,net_cashflows,EUR,0.94999999999999996,0.0027578430535591609,0.0034731040854346432,2.7443867491039331e-18
2026-04-24,EWMA_SELFNORMALIZED,16,net_cashflows,EUR,0.98999999999999999,0.0039142626742699861,0.0044893475251426059,2.7443867491039331e-18
2026-04-24,EWMA_SELFNORMALIZED,16,net_cashflows,USD,0.94999999999999996,0.0027722292525598231,0.0035003922348178082,2.7443867491039331e-18
2026-04-24,EWMA_SELFNORMALIZED,16,net_cashflows,USD,0.98999999999999999,0.0039491966441594578,0.0045339693862300858,2.7443867491039331e-18
2026-04-24,EWMA_GAUSS,18,funded_assets,EUR,0.94999999999999996,0.0028994099348374491,0.0036328520381870241,2.574980159653073e-18
2026-04-24,EWMA_GAUSS,18,funded_assets,EUR,0.98999999999999999,0.0040966322243295994,0.0047008505217696183,2.574980159653073e-18
2026-04-24,EWMA_GAUSS,18,funded_assets,USD,0.94999999999999996,0.0029143105151135371,0.0036583867145034703,2.574980159653073e-18
2026-04-24,EWMA_GAUSS,18,funded_assets,USD,0.98999999999999999,0.0041290245241332197,0.0047430312925604255,2.574980159653073e-18
2026-04-24,EWMA_GAUSS,18,net_cashflows,EUR,0.94999999999999996,0.0027309779270210501,0.0034244080618704249,2.574980159653073e-18
2026-04-24,EWMA_GAUSS,18,net_cashflows,EUR,0.98999999999999999,0.0038631973543969628,0.0044215199466434195,2.574980159653073e-18
2026-04-24,EWMA_GAUSS,18,net_cashflows,USD,0.94999999999999996,0.0027476300483205329,0.0034512054380617593,2.574980159653073e-18
2026-04-24,EWMA_GAUSS,18,net_cashflows,USD,0.98999999999999999,0.0038952007733934354,0.0044651955847625812,2.574980159653073e-18
2026-04-24,EWMA_SELFNORMALIZED,18,funded_assets,EUR,0.94999999999999996,0.0029141938171471093,0.0036928060825075684,2.7443867491039331e-18
2026-04-24,EWMA_SELFNORMALIZED,18,funded_assets,EUR,0.98999999999999999,0.0041755673986381137,0.0048030723148633318,2.7443867491039331e-18
2026-04-24,EWMA_SELFNORMALIZED,18,funded_assets,USD,0.94999999999999996,0.0029291709390875725,0.0037192551145554032,2.7443867491039331e-18
2026-04-24,EWMA_SELFNORMALIZED,18,funded_assets,USD,0.98999999999999999,0.0042082102948192528,0.0048464129495297157,2.7443867491039331e-18
2026-04-24,EWMA_SELFNORMALIZED,18,net_cashflows,EUR,0.94999999999999996,0.0027502338963721561,0.0034776648165056375,2.7443867491039331e-18
2026-04-24,EWMA_SELFNORMALIZED,18,net_cashflows,EUR,0.98999999999999999,0.0039256568533850619,0.004502150952816932,2.7443867491039331e-18
2026-04-24,EWMA_SELFNORMALIZED,18,net_cashflows,USD,0.94999999999999996,0.0027661256838661737,0.0035053469931866439,2.7443867491039331e-18
2026-04-24,EWMA_SELFNORMALIZED,18,net_cashflows,USD,0.98999999999999999,0.0039595265209833282,0.004546987465680408,2.7443867491039331e-18
2026-05-05,EWMA_GAUSS,14,funded_assets,EUR,0.94999999999999996,0.0034825466615347189,0.0043974407988822935,2.7342223537368815e-18
2026-05-05,EWMA_GAUSS,14,funded_assets,EUR,0.98999999999999999,0.0050124815208040518,0.0057224374403943949,2.7342223537368815e-18
2026-05-05,EWMA_GAUSS,14,funded_assets,USD,0.94999999999999996,0.0034861812543779099,0.0044177881799200387,2.7342223537368815e-18
2026-05-05,EWMA_GAUSS,14,funded_assets,USD,0.98999999999999999,0.0050498514366111042,0.0057546294914446435,2.7342223537368815e-18
2026-05-05,EWMA_GAUSS,14,net_cashflows,EUR,0.94999999999999996,0.0036478557663419007,0.004576915676687698,2.7342223537368815e-18
2026-05-05,EWMA_GAUSS,14,net_cashflows,EUR,0.98999999999999999,0.0051446395704158989,0.0059087342051187446,2.7342223537368815e-18
2026-05-05,EWMA_GAUSS,14,net_cashflows,USD,0.94999999999999996,0.0036600607442945311,0.0045981155464010041,2.7342223537368815e-18
2026-05-05,EWMA_GAUSS,14,net_cashflows,USD,0.98999999999999999,0.0051775751199328833,0.005942780307355882,2.7342223537368815e-18
2026-05-05,EWMA_SELFNORMALIZED,14,funded_assets,EUR,0.94999999999999996,0.0034621026086241735,0.0044658262434364411,2.995108501491206e-18
2026-05-05,EWMA_SELFNORMALIZED,14,funded_assets,EUR,0.98999999999999999,0.0051242662940264028,0.0058893398355582384,2.995108501491206e-18
2026-05-05,EWMA_SELFNORMALIZED,14,funded_assets,USD,0.94999999999999996,0.0034809609490357957,0.0044858500799749169,2.995108501491206e-18
2026-05-05,EWMA_SELFNORMALIZED,14,funded_assets,USD,0.98999999999999999,0.0051454861034670391,0.0059226468587306597,2.995108501491206e-18
2026-05-05,EWMA_SELFNORMALIZED,14,net_cashflows,EUR,0.94999999999999996,0.0036586758355318882,0.0046270189493828745,2.995108501491206e-18
2026-05-05,EWMA_SELFNORMALIZED,14,net_cashflows,EUR,0.98999999999999999,0.0052392467035399237,0.0060428254084669477,2.995108501491206e-18
2026-05-05,EWMA_SELFNORMALIZED,14,net_cashflows,USD,0.94999999999999996,0.0036711915313093176,0.0046472809112008033,2.995108501491206e-18
2026-05-05,EWMA_SELFNORMALIZED,14,net_cashflows,USD,0.98999999999999999,0.005261545850412685,0.0060807934068938122,2.995108501491206e-18
2026-05-05,EWMA_GAUSS,16,funded_assets,EUR,0.94999999999999996,0.0035111872124700683,0.0043943812163229233,2.8460307027744491e-18
2026-05-05,EWMA_GAUSS,16,funded_assets,EUR,0.98999999999999999,0.0049704504340168099,0.0056837055490698458,2.8460307027744491e-18
2026-05-05,EWMA_GAUSS,16,funded_assets,USD,0.94999999999999996,0.0035223280268189151,0.0044147362772136408,2.8460307027744491e-18
2026-05-05,EWMA_GAUSS,16,funded_assets,USD,0.98999999999999999,0.0049935474069466362,0.0057169362653918653,2.8460307027744491e-18
2026-05-05,EWMA_GAUSS,16,net_cashflows,EUR,0.94999999999999996,0.003648063434299598,0.004578641396227651,2.8460307027744491e-18
2026-05-05,EWMA_GAUSS,16,net_cashflows,EUR,0.98999999999999999,0.0051646172203401071,0.0059175454032358733,2.8460307027744491e-18
2026-05-05,EWMA_GAUSS,16,net_cashflows,USD,0.94999999999999996,0.0036597262193103323,0.0045996758175181366,2.8460307027744491e-18
2026-05-05,EWMA_GAUSS,16,net_cashflows,USD,0.98999999999999999,0.0051884352286450941,0.0059517997322327985,2.8460307027744491e-18
2026-05-05,EWMA_SELFNORMALIZED,16,funded_assets,EUR,0.94999999999999996,0.0035201837388326163,0.0044963643445993752,3.0493186101154812e-18
2026-05-05,EWMA_SELFNORMALIZED,16,funded_assets,EUR,0.98999999999999999,0.005103644133748364,0.0058689987717165165,3.0493186101154812e-18
2026-05-05,EWMA_SELFNORMALIZED,16,funded_assets,USD,0.94999999999999996,0.0035305116383102446,0.004517058255516221,3.0493186101154812e-18
2026-05-05,EWMA_SELFNORMALIZED,16,funded_assets,USD,0.98999999999999999,0.0051303361867351873,0.0059034757615379794,3.0493186101154812e-18
2026-05-05,EWMA_SELFNORMALIZED,16,net_cashflows,EUR,0.94999999999999996,0.0036719149329238142,0.0046582031137945091,3.0493186101154812e-18
2026-05-05,EWMA_SELFNORMALIZED,16,net_cashflows,EUR,0.98999999999999999,0.0052760769393985323,0.0060691075363381568,3.0493186101154812e-18
2026-05-05,EWMA_SELFNORMALIZED,16,net_cashflows,USD,0.94999999999999996,0.003687043533712641,0.0046799596283344184,3.0493186101154812e-18
2026-05-05,EWMA_SELFNORMALIZED,16,net_cashflows,USD,0.98999999999999999,0.0053072359305206766,0.0061064527732272601,3.0493186101154812e-18
2026-05-05,EWMA_GAUSS,18,funded_assets,EUR,0.94999999999999996,0.0035054751440245502,0.0043941658795729442,3.6693467275056291e-18
2026-05-05,EWMA_GAUSS,18,funded_assets,EUR,0.98999999999999999,0.0049611468184760366,0.0056796302002495207,3.6693467275056291e-18
2026-05-05,EWMA_GAUSS,18,funded_assets,USD,0.94999999999999996,0.0035172499565828855,0.0044145009762560578,3.6693467275056291e-18
2026-05-05,EWMA_GAUSS,18,funded_assets,USD,0.98999999999999999,0.0049844863460957595,0.005712232960272721,3.6693467275056291e-18
2026-05-05,EWMA_GAUSS,18,net_cashflows,EUR,0.94999999999999996,0.0036491157318777057,0.0045781494044986101,3.6693467275056291e-18
2026-05-05,EWMA_GAUSS,18,net_cashflows,EUR,0.98999999999999999,0.0051582673661508148,0.005916379024689708,3.6693467275056291e-18
2026-05-05,EWMA_GAUSS,18,net_cashflows,USD,0.94999999999999996,0.0036622532952397579,0.004599239340949992,3.6693467275056291e-18
2026-05-05,EWMA_GAUSS,18,net_cashflows,USD,0.98999999999999999,0.0051868736407514231,0.0059509911824114341,3.6693467275056291e-18
2026-05-05,EWMA_SELFNORMALIZED,18,funded_assets,EUR,0.94999999999999996,0.0035195899379647233,0.0044712964462174116,3.1848438816761693e-18
2026-05-05,EWMA_SELFNORMALIZED,18,funded_assets,EUR,0.98999999999999999,0.0050805211992011323,0.0058213146697117576,3.1848438816761693e-18
2026-05-05,EWMA_SELFNORMALIZED,18,funded_assets,USD,0.94999999999999996,0.0035305116383102446,0.0044921793448747718,3.1848438816761693e-18
2026-05-05,EWMA_SELFNORMALIZED,18,funded_assets,USD,0.98999999999999999,0.0051023933285015933,0.0058565054873322767,3.1848438816761693e-18
2026-05-05,EWMA_SELFNORMALIZED,18,net_cashflows,EUR,0.94999999999999996,0.0036693965316713095,0.0046561022925130143,3.1848438816761693e-18
2026-05-05,EWMA_SELFNORMALIZED,18,net_cashflows,EUR,0.98999999999999999,0.0052750228985614326,0.0060589971603892661,3.1848438816761693e-18
2026-05-05,EWMA_SELFNORMALIZED,18,net_cashflows,USD,0.94999999999999996,0.0036813411986735198,0.0046777660709438566,3.1848438816761693e-18
2026-05-05,EWMA_SELFNORMALIZED,18,net_cashflows,USD,0.98999999999999999,0.0053035149518406849,0.0060958166106106883,3.1848438816761693e-18
2026-05-13,EWMA_GAUSS,14,funded_assets,EUR,0.94999999999999996,0.0029945410543122108,0.0038054754373041742,2.8833001524536384e-18
2026-05-13,EWMA_GAUSS,14,funded_assets,EUR,0.98999999999999999,0.0043270727271947917,0.00494994606088068,2.8833001524536384e-18
2026-05-13,EWMA_GAUSS,14,funded_assets,USD,0.94999999999999996,0.0030064504808688668,0.003821023038954536,2.8833001524536384e-18
2026-05-13,EWMA_GAUSS,14,funded_assets,USD,0.98999999999999999,0.00435055299223552,0.004974863168966219,2.8833001524536384e-18
2026-05-13,EWMA_GAUSS,14,net_cashflows,EUR,0.94999999999999996,0.0033479456571248287,0.0041875177281569254,2.8833001524536384e-18
2026-05-13,EWMA_GAUSS,14,net_cashflows,EUR,0.98999999999999999,0.0047194120182497586,0.0054145884230693596,2.8833001524536384e-18
2026-05-13,EWMA_GAUSS,14,net_cashflows,USD,0.94999999999999996,0.0033552661019050052,0.0042074303269245454,2.8833001524536384e-18
2026-05-13,EWMA_GAUSS,14,net_cashflows,USD,0.98999999999999999,0.004754331446667791,0.0054467427634221528,2.8833001524536384e-18
2026-05-13,EWMA_SELFNORMALIZED,14,funded_assets,EUR,0.94999999999999996,0.0030057046051812364,0.0038814178030878734,2.8561950981415007e-18
2026-05-13,EWMA_SELFNORMALIZED,14,funded_assets,EUR,0.98999999999999999,0.0044420247885066932,0.0050789546228240771,2.8561950981415007e-18
2026-05-13,EWMA_SELFNORMALIZED,14,funded_assets,USD,0.94999999999999996,0.0030106351473831142,0.0038969336855585635,2.8561950981415007e-18
2026-05-13,EWMA_SELFNORMALIZED,14,funded_assets,USD,0.98999999999999999,0.0044493648762241149,0.0051052841364312169,2.8561950981415007e-18
2026-05-13,EWMA_SELFNORMALIZED,14,net_cashflows,EUR,0.94999999999999996,0.0034068797395709668,0.0042871943989209998,2.8561950981415007e-18
2026-05-13,EWMA_SELFNORMALIZED,14,net_cashflows,EUR,0.98999999999999999,0.0048600966985567597,0.0054919508323099967,2.8561950981415007e-18
2026-05-13,EWMA_SELFNORMALIZED,14,net_cashflows,USD,0.94999999999999996,0.003416501666497547,0.0043078311260444455,2.8561950981415007e-18
2026-05-13,EWMA_SELFNORMALIZED,14,net_cashflows,USD,0.98999999999999999,0.0048822275662139709,0.0055301977346156076,2.8561950981415007e-18
2026-05-13,EWMA_GAUSS,16,funded_assets,EUR,0.94999999999999996,0.0030303671050537495,0.0038017766131301515,2.8833001524536384e-18
2026-05-13,EWMA_GAUSS,16,funded_assets,EUR,0.98999999999999999,0.0042965997617571694,0.0049201820483821884,2.8833001524536384e-18
2026-05-13,EWMA_GAUSS,16,funded_assets,USD,0.94999999999999996,0.0030375536288503304,0.0038172392268846951,2.8833001524536384e-18
2026-05-13,EWMA_GAUSS,16,funded_assets,USD,0.98999999999999999,0.0043134634273160853,0.0049456209039576409,2.8833001524536384e-18
2026-05-13,EWMA_GAUSS,16,net_cashflows,EUR,0.94999999999999996,0.00333838332295564,0.0041878505358018819,2.8833001524536384e-18
2026-05-13,EWMA_GAUSS,16,net_cashflows,EUR,0.98999999999999999,0.0047346841265384805,0.0054137798032561505,2.8833001524536384e-18
2026-05-13,EWMA_GAUSS,16,net_cashflows,USD,0.94999999999999996,0.0033499157534108235,0.0042076788162317665,2.8833001524536384e-18
2026-05-13,EWMA_GAUSS,16,net_cashflows,USD,0.98999999999999999,0.0047625068734770031,0.0054462610355489032,2.8833001524536384e-18
2026-05-13,EWMA_SELFNORMALIZED,16,funded_assets,EUR,0.94999999999999996,0.0030388521723342388,0.0038633120602068333,2.8561950981415007e-18
2026-05-13,EWMA_SELFNORMALIZED,16,funded_assets,EUR,0.98999999999999999,0.0044038083019354857,0.0050152556625969727,2.8561950981415007e-18
2026-05-13,EWMA_SELFNORMALIZED,16,funded_assets,USD,0.94999999999999996,0.0030491235131522576,0.0038790878641681236,2.8561950981415007e-18
2026-05-13,EWMA_SELFNORMALIZED,16,funded_assets,USD,0.98999999999999999,0.0044284662868357078,0.0050412518890407387,2.8561950981415007e-18
2026-05-13,EWMA_SELFNORMALIZED,16,net_cashflows,EUR,0.94999999999999996,0.0033637275051659143,0.004264173132129824,2.8561950981415007e-18
2026-05-13,EWMA_SELFNORMALIZED,16,net_cashflows,EUR,0.98999999999999999,0.0048571135478828855,0.0055390793327988429,2.8561950981415007e-18
2026-05-13,EWMA_SELFNORMALIZED,16,net_cashflows,USD,0.94999999999999996,0.0033743149123109722,0.0042840500766436881,2.8561950981415007e-18
2026-05-13,EWMA_SELFNORMALIZED,16,net_cashflows,USD,0.98999999999999999,0.0048822275662139709,0.0055717523129543631,2.8561950981415007e-18
2026-05-13,EWMA_GAUSS,18,funded_assets,EUR,0.94999999999999996,0.003028193760486908,0.0038008955781356525,2.8833001524536384e-18
2026-05-13,EWMA_GAUSS,18,funded_assets,EUR,0.98999999999999999,0.0042854406680201129,0.0049171320318416468,2.8833001524536384e-18
2026-05-13,EWMA_GAUSS,18,funded_assets,USD,0.94999999999999996,0.003038233410838856,0.0038163805178585142,2.8833001524536384e-18
2026-05-13,EWMA_GAUSS,18,funded_assets,USD,0.98999999999999999,0.0043043425306766043,0.0049421263326645719,2.8833001524536384e-18
2026-05-13,EWMA_GAUSS,18,net_cashflows,EUR,0.94999999999999996,0.0033396659652715878,0.0041872443024279843,2.8833001524536384e-18
2026-05-13,EWMA_GAUSS,18,net_cashflows,EUR,0.98999999999999999,0.0047194454631173006,0.0054109660658069238,2.8833001524536384e-18
2026-05-13,EWMA_GAUSS,18,net_cashflows,USD,0.94999999999999996,0.0033512951895899954,0.0042072405126298588,2.8833001524536384e-18
2026-05-13,EWMA_GAUSS,18,net_cashflows,USD,0.98999999999999999,0.0047441304099251035,0.0054439472375277641,2.8833001524536384e-18
2026-05-13,EWMA_SELFNORMALIZED,18,funded_assets,EUR,0.94999999999999996,0.0030505368570738212,0.0038679631382859355,3.1441863002079629e-18
2026-05-13,EWMA_SELFNORMALIZED,18,funded_assets,EUR,0.98999999999999999,0.004390719141006888,0.0050243248731181829,3.1441863002079629e-18
2026-05-13,EWMA_SELFNORMALIZED,18,funded_assets,USD,0.94999999999999996,0.0030602916287074534,0.0038837351233127768,3.1441863002079629e-18
2026-05-13,EWMA_SELFNORMALIZED,18,funded_assets,USD,0.98999999999999999,0.004414089184685898,0.0050507266600487736,3.1441863002079629e-18
2026-05-13,EWMA_SELFNORMALIZED,18,net_cashflows,EUR,0.94999999999999996,0.0033551307701938267,0.0042584994650705027,3.1441863002079629e-18
2026-05-13,EWMA_SELFNORMALIZED,18,net_cashflows,EUR,0.98999999999999999,0.0048280043933524256,0.0055435280065101698,3.1441863002079629e-18
2026-05-13,EWMA_SELFNORMALIZED,18,net_cashflows,USD,0.94999999999999996,0.0033671673726749472,0.0042788910620342527,3.1441863002079629e-18
2026-05-13,EWMA_SELFNORMALIZED,18,net_cashflows,USD,0.98999999999999999,0.0048556449256605735,0.0055784300055377852,3.1441863002079629e-18
2026-05-21,EWMA_GAUSS,14,funded_assets,EUR,0.94999999999999996,0.0026708673308642461,0.0033850051528791984,2.4974766449793045e-18
2026-05-21,EWMA_GAUSS,14,funded_assets,EUR,0.98999999999999999,0.0038681143131573392,0.0044061577892926303,2.4974766449793045e-18
2026-05-21,EWMA_GAUSS,14,funded_assets,USD,0.94999999999999996,0.0026728112893403856,0.0033994028666211027,2.4974766449793045e-18
2026-05-21,EWMA_GAUSS,14,funded_assets,USD,0.98999999999999999,0.0039021525125073194,0.0044282252195144813,2.4974766449793045e-18
2026-05-21,EWMA_GAUSS,14,net_cashflows,EUR,0.94999999999999996,0.0028715965718832171,0.0035917959887981055,2.4974766449793045e-18
2026-05-21,EWMA_GAUSS,14,net_cashflows,EUR,0.98999999999999999,0.0040339803562260516,0.0046372154355360544,2.4974766449793045e-18
2026-05-21,EWMA_GAUSS,14,net_cashflows,USD,0.94999999999999996,0.0028886983312518379,0.0036080452961831477,2.4974766449793045e-18
2026-05-21,EWMA_GAUSS,14,net_cashflows,USD,0.98999999999999999,0.0040585000526302921,0.0046630723229677453,2.4974766449793045e-18
2026-05-21,EWMA_SELFNORMALIZED,14,funded_assets,EUR,0.94999999999999996,0.0026965876857524274,0.0034155212403634144,2.1548518178149401e-18
2026-05-21,EWMA_SELFNORMALIZED,14,funded_assets,EUR,0.98999999999999999,0.0038789036694890089,0.0044032286662515517,2.1548518178149401e-18
2026-05-21,EWMA_SELFNORMALIZED,14,funded_assets,USD,0.94999999999999996,0.0027021987027589008,0.0034290173663123593,2.1548518178149401e-18
2026-05-21,EWMA_SELFNORMALIZED,14,funded_assets,USD,0.98999999999999999,0.0039050789281729948,0.0044283153956476348,2.1548518178149401e-18
2026-05-21,EWMA_SELFNORMALIZED,14,net_cashflows,EUR,0.94999999999999996,0.0028859389488506302,0.003681447805690902,2.1548518178149401e-18
2026-05-21,EWMA_SELFNORMALIZED,14,net_cashflows,EUR,0.98999999999999999,0.0041502943479838957,0.0048401041253525621,2.1548518178149401e-18
2026-05-21,EWMA_SELFNORMALIZED,14,net_cashflows,USD,0.94999999999999996,0.0028954389206703093,0.0036982336299694238,2.1548518178149401e-18
2026-05-21,EWMA_SELFNORMALIZED,14,net_cashflows,USD,0.98999999999999999,0.0041822882120670099,0.0048671819338876685,2.1548518178149401e-18
2026-05-21,EWMA_GAUSS,16,funded_assets,EUR,0.94999999999999996,0.0026987154334295327,0.0033824077670822086,3.6998399136067839e-18
2026-05-21,EWMA_GAUSS,16,funded_assets,EUR,0.98999999999999999,0.0038350635050403703,0.0043777998962632181,3.6998399136067839e-18
2026-05-21,EWMA_GAUSS,16,funded_assets,USD,0.94999999999999996,0.0027076714625246614,0.0033964355170232664,3.6998399136067839e-18
2026-05-21,EWMA_GAUSS,16,funded_assets,USD,0.98999999999999999,0.0038525993205312985,0.0044011571790439439,3.6998399136067839e-18
2026-05-21,EWMA_GAUSS,16,net_cashflows,EUR,0.94999999999999996,0.0028646453627706792,0.0035940951012016593,3.6998399136067839e-18
2026-05-21,EWMA_GAUSS,16,net_cashflows,EUR,0.98999999999999999,0.0040614527071010766,0.004641500921290038,3.6998399136067839e-18
2026-05-21,EWMA_GAUSS,16,net_cashflows,USD,0.94999999999999996,0.0028756008523972581,0.0036102793628831798,3.6998399136067839e-18
2026-05-21,EWMA_GAUSS,16,net_cashflows,USD,0.98999999999999999,0.0040815265947442758,0.0046679030924049536,3.6998399136067839e-18
2026-05-21,EWMA_SELFNORMALIZED,16,funded_assets,EUR,0.94999999999999996,0.0027137540487278677,0.0034483520274496645,2.1548518178149401e-18
2026-05-21,EWMA_SELFNORMALIZED,16,funded_assets,EUR,0.98999999999999999,0.0038925256026997035,0.0044629240991578781,2.1548518178149401e-18
2026-05-21,EWMA_SELFNORMALIZED,16,funded_assets,USD,0.94999999999999996,0.0027229519602298751,0.0034628988375887556,2.1548518178149401e-18
2026-05-21,EWMA_SELFNORMALIZED,16,funded_assets,USD,0.98999999999999999,0.0039111750495973456,0.0044882785654337025,2.1548518178149401e-18
2026-05-21,EWMA_SELFNORMALIZED,16,net_cashflows,EUR,0.94999999999999996,0.0028891974840046359,0.0036679911734672048,2.1548518178149401e-18
2026-05-21,EWMA_SELFNORMALIZED,16,net_cashflows,EUR,0.98999999999999999,0.0041541526333017335,0.0047872660661435014,2.1548518178149401e-18
2026-05-21,EWMA_SELFNORMALIZED,16,net_cashflows,USD,0.94999999999999996,0.00289670443865751,0.003684863967010002,2.1548518178149401e-18
2026-05-21,EWMA_SELFNORMALIZED,16,net_cashflows,USD,0.98999999999999999,0.0041791838230545711,0.0048159482400862421,2.1548518178149401e-18
2026-05-21,EWMA_GAUSS,18,funded_assets,EUR,0.94999999999999996,0.0026982291885207788,0.0033809542346368293,3.6998399136067839e-18
2026-05-21,EWMA_GAUSS,18,funded_assets,EUR,0.98999999999999999,0.0038126204296581589,0.0043742177010845651,3.6998399136067839e-18
2026-05-21,EWMA_GAUSS,18,funded_assets,USD,0.94999999999999996,0.0027063226852774018,0.0033949240109524452,3.6998399136067839e-18
2026-05-21,EWMA_GAUSS,18,funded_assets,USD,0.98999999999999999,0.0038296289661623887,0.0043967906885243671,3.6998399136067839e-18
2026-05-21,EWMA_GAUSS,18,net_cashflows,EUR,0.94999999999999996,0.0028662310807752948,0.0035936930408289307,3.6998399136067839e-18
2026-05-21,EWMA_GAUSS,18,net_cashflows,EUR,0.98999999999999999,0.0040543140028255322,0.0046426737645469968,3.6998399136067839e-18
2026-05-21,EWMA_GAUSS,18,net_cashflows,USD,0.94999999999999996,0.0028765919359197397,0.0036099674396515452,3.6998399136067839e-18
2026-05-21,EWMA_GAUSS,18,net_cashflows,USD,0.98999999999999999,0.0040727756354556194,0.0046692882901675529,3.6998399136067839e-18
2026-05-21,EWMA_SELFNORMALIZED,18,funded_assets,EUR,0.94999999999999996,0.0027149426720969871,0.0034505925379991723,2.7952087259391911e-18
2026-05-21,EWMA_SELFNORMALIZED,18,funded_assets,EUR,0.98999999999999999,0.00390995895857843,0.0044924499833468448,2.7952087259391911e-18
2026-05-21,EWMA_SELFNORMALIZED,18,funded_assets,USD,0.94999999999999996,0.0027242304114388147,0.0034651678615827391,2.7952087259391911e-18
2026-05-21,EWMA_SELFNORMALIZED,18,funded_assets,USD,0.98999999999999999,0.003934533035388898,0.0045170965981242758,2.7952087259391911e-18
2026-05-21,EWMA_SELFNORMALIZED,18,net_cashflows,EUR,0.94999999999999996,0.0028798108815232815,0.0036508078408544653,2.7952087259391911e-18
2026-05-21,EWMA_SELFNORMALIZED,18,net_cashflows,EUR,0.98999999999999999,0.0041410645693069183,0.0047560451270588014,2.7952087259391911e-18
2026-05-21,EWMA_SELFNORMALIZED,18,net_cashflows,USD,0.94999999999999996,0.0028898691953964601,0.0036675177913402619,2.7952087259391911e-18
2026-05-21,EWMA_SELFNORMALIZED,18,net_cashflows,USD,0.98999999999999999,0.0041636098040941337,0.0047839683917245595,2.7952087259391911e-18
2026-05-29,EWMA_GAUSS,14,funded_assets,EUR,0.94999999999999996,0.0023918897929622873,0.0030446566776889967,1.8600843521704435e-18
2026-05-29,EWMA_GAUSS,14,funded_assets,EUR,0.98999999999999999,0.0034631328746617951,0.0039703016713467428,1.8600843521704435e-18
2026-05-29,EWMA_GAUSS,14,funded_assets,USD,0.94999999999999996,0.0023985744351818481,0.0030546594697902652,1.8600843521704435e-18
2026-05-29,EWMA_GAUSS,14,funded_assets,USD,0.98999999999999999,0.0034766955725203798,0.0039869670742568291,1.8600843521704435e-18
2026-05-29,EWMA_GAUSS,14,net_cashflows,EUR,0.94999999999999996,0.0026011437020725279,0.0032454572635137358,1.8600843521704435e-18
2026-05-29,EWMA_GAUSS,14,net_cashflows,EUR,0.98999999999999999,0.0036411555867425617,0.0041995809968906339,1.8600843521704435e-18
2026-05-29,EWMA_GAUSS,14,net_cashflows,USD,0.94999999999999996,0.0026075180942633034,0.0032591440975266433,1.8600843521704435e-18
2026-05-29,EWMA_GAUSS,14,net_cashflows,USD,0.98999999999999999,0.0036639860608772452,0.0042220084495187419,1.8600843521704435e-18
2026-05-29,EWMA_SELFNORMALIZED,14,funded_assets,EUR,0.94999999999999996,0.0024700279404530068,0.0030645256557370521,1.9608812728937053e-18
2026-05-29,EWMA_SELFNORMALIZED,14,funded_assets,EUR,0.98999999999999999,0.0034386913513875239,0.0039066076753797229,1.9608812728937053e-18
2026-05-29,EWMA_SELFNORMALIZED,14,funded_assets,USD,0.94999999999999996,0.0024720746891651849,0.0030743815250664991,1.9608812728937053e-18
2026-05-29,EWMA_SELFNORMALIZED,14,funded_assets,USD,0.98999999999999999,0.0034553648587688822,0.0039214170579765792,1.9608812728937053e-18
2026-05-29,EWMA_SELFNORMALIZED,14,net_cashflows,EUR,0.94999999999999996,0.002608757722452071,0.0033344813082660722,1.9608812728937053e-18
2026-05-29,EWMA_SELFNORMALIZED,14,net_cashflows,EUR,0.98999999999999999,0.0037988740521307188,0.004312540886106813,1.9608812728937053e-18
2026-05-29,EWMA_SELFNORMALIZED,14,net_cashflows,USD,0.94999999999999996,0.0026221711455266857,0.0033478639616981998,1.9608812728937053e-18
2026-05-29,EWMA_SELFNORMALIZED,14,net_cashflows,USD,0.98999999999999999,0.0038017400717866813,0.0043344951885411114,1.9608812728937053e-18
2026-05-29,EWMA_GAUSS,16,funded_assets,EUR,0.94999999999999996,0.0024264136572977879,0.0030429021943643424,2.104029840979682e-18
2026-05-29,EWMA_GAUSS,16,funded_assets,EUR,0.98999999999999999,0.0034251491455236094,0.0039365758559451276,2.104029840979682e-18
2026-05-29,EWMA_GAUSS,16,funded_assets,USD,0.94999999999999996,0.0024319165008034925,0.0030527447995816778,2.104029840979682e-18
2026-05-29,EWMA_GAUSS,16,funded_assets,USD,0.98999999999999999,0.0034394150929869176,0.0039530075183996007,2.104029840979682e-18
2026-05-29,EWMA_GAUSS,16,net_cashflows,EUR,0.94999999999999996,0.0025920475022862656,0.0032463022941470179,2.104029840979682e-18
2026-05-29,EWMA_GAUSS,16,net_cashflows,EUR,0.98999999999999999,0.0036624258885961658,0.0041979718637450989,2.104029840979682e-18
2026-05-29,EWMA_GAUSS,16,net_cashflows,USD,0.94999999999999996,0.0025991562339680299,0.0032600333042553508,2.104029840979682e-18
2026-05-29,EWMA_GAUSS,16,net_cashflows,USD,0.98999999999999999,0.0036770826049475664,0.0042204197161056336,2.104029840979682e-18
2026-05-29,EWMA_SELFNORMALIZED,16,funded_assets,EUR,0.94999999999999996,0.0024431223996481954,0.0030880027888561434,2.120970499924768e-18
2026-05-29,EWMA_SELFNORMALIZED,16,funded_assets,EUR,0.98999999999999999,0.003479072867327182,0.004011529472801278,2.120970499924768e-18
2026-05-29,EWMA_SELFNORMALIZED,16,funded_assets,USD,0.94999999999999996,0.0024490535404205179,0.0030984686830760428,2.120970499924768e-18
2026-05-29,EWMA_SELFNORMALIZED,16,funded_assets,USD,0.98999999999999999,0.0034910616425187562,0.0040277650321822855,2.120970499924768e-18
2026-05-29,EWMA_SELFNORMALIZED,16,net_cashflows,EUR,0.94999999999999996,0.0026098842087257431,0.0033011822983659124,2.120970499924768e-18
2026-05-29,EWMA_SELFNORMALIZED,16,net_cashflows,EUR,0.98999999999999999,0.0037330265528932264,0.0042578508577029509,2.120970499924768e-18
2026-05-29,EWMA_SELFNORMALIZED,16,net_cashflows,USD,0.94999999999999996,0.002618258962020541,0.0033150579890254203,2.120970499924768e-18
2026-05-29,EWMA_SELFNORMALIZED,16,net_cashflows,USD,0.98999999999999999,0.003746225291529722,0.004280597639051518,2.120970499924768e-18
2026-05-29,EWMA_GAUSS,18,funded_assets,EUR,0.94999999999999996,0.0024284015973158601,0.0030401241530649721,2.8121493848842771e-18
2026-05-29,EWMA_GAUSS,18,funded_assets,EUR,0.98999999999999999,0.0034256200305562423,0.0039366124753500049,2.8121493848842771e-18
2026-05-29,EWMA_GAUSS,18,funded_assets,USD,0.94999999999999996,0.0024329088755780481,0.0030500938284377587,2.8121493848842771e-18
2026-05-29,EWMA_GAUSS,18,funded_assets,USD,0.98999999999999999,0.0034383940554622502,0.0039532043972234227,2.8121493848842771e-18
2026-05-29,EWMA_GAUSS,18,net_cashflows,EUR,0.94999999999999996,0.0025885756854933995,0.0032465325179560642,2.8121493848842771e-18
2026-05-29,EWMA_GAUSS,18,net_cashflows,EUR,0.98999999999999999,0.0036611934531851076,0.0041941491145967664,2.8121493848842771e-18
2026-05-29,EWMA_GAUSS,18,net_cashflows,USD,0.94999999999999996,0.0025967573867196939,0.0032602662086126761,2.8121493848842771e-18
2026-05-29,EWMA_GAUSS,18,net_cashflows,USD,0.98999999999999999,0.0036787587135768676,0.0042166020147389946,2.8121493848842771e-18
2026-05-29,EWMA_SELFNORMALIZED,18,funded_assets,EUR,0.94999999999999996,0.0024384168107407789,0.0030925779946660696,2.8053731213062427e-18
2026-05-29,EWMA_SELFNORMALIZED,18,funded_assets,EUR,0.98999999999999999,0.0034949069383896636,0.0040230507283701873,2.8053731213062427e-18
2026-05-29,EWMA_SELFNORMALIZED,18,funded_assets,USD,0.94999999999999996,0.0024443372049163109,0.003102877282851951,2.8053731213062427e-18
2026-05-29,EWMA_SELFNORMALIZED,18,funded_assets,USD,0.98999999999999999,0.0035076049475928953,0.0040403208975418837,2.8053731213062427e-18
2026-05-29,EWMA_SELFNORMALIZED,18,net_cashflows,EUR,0.94999999999999996,0.0026067636203239266,0.0032951847317356769,2.8053731213062427e-18
2026-05-29,EWMA_SELFNORMALIZED,18,net_cashflows,EUR,0.98999999999999999,0.0037323908363946839,0.0042602787929614553,2.8053731213062427e-18
2026-05-29,EWMA_SELFNORMALIZED,18,net_cashflows,USD,0.94999999999999996,0.0026162786847140169,0.0033092426220107038,2.8053731213062427e-18
2026-05-29,EWMA_SELFNORMALIZED,18,net_cashflows,USD,0.98999999999999999,0.003749260110900406,0.0042831925125538933,2.8053731213062427e-18
2026-06-08,EWMA_GAUSS,14,funded_assets,EUR,0.94999999999999996,0.0026918896797138714,0.0033849230196464179,2.1531577519204315e-18
2026-06-08,EWMA_GAUSS,14,funded_assets,EUR,0.98999999999999999,0.0038314311194800332,0.0044028919391150305,2.1531577519204315e-18
2026-06-08,EWMA_GAUSS,14,funded_assets,USD,0.94999999999999996,0.002704685384572129,0.0034025106887971162,2.1531577519204315e-18
2026-06-08,EWMA_GAUSS,14,funded_assets,USD,0.98999999999999999,0.0038568516253523156,0.0044314014933037552,2.1531577519204315e-18
2026-06-08,EWMA_GAUSS,14,net_cashflows,EUR,0.94999999999999996,0.0023213304335350849,0.0029027012632016798,2.1531577519204315e-18
2026-06-08,EWMA_GAUSS,14,net_cashflows,EUR,0.98999999999999999,0.0032553054669304804,0.0037540372469266146,2.1531577519204315e-18
2026-06-08,EWMA_GAUSS,14,net_cashflows,USD,0.94999999999999996,0.0023293542694728343,0.0029161361154352011,2.1531577519204315e-18
2026-06-08,EWMA_GAUSS,14,net_cashflows,USD,0.98999999999999999,0.0032709163164583097,0.0037757864335612439,2.1531577519204315e-18
2026-06-08,EWMA_SELFNORMALIZED,14,funded_assets,EUR,0.94999999999999996,0.0027484391618626813,0.0034430398488857336,1.7705106179983013e-18
2026-06-08,EWMA_SELFNORMALIZED,14,funded_assets,EUR,0.98999999999999999,0.0038647503815234241,0.0044155706200392454,1.7705106179983013e-18
2026-06-08,EWMA_SELFNORMALIZED,14,funded_assets,USD,0.94999999999999996,0.0027654169231501073,0.0034613285157867697,1.7705106179983013e-18
2026-06-08,EWMA_SELFNORMALIZED,14,funded_assets,USD,0.98999999999999999,0.0038619554950474885,0.0044459830655787487,1.7705106179983013e-18
2026-06-08,EWMA_SELFNORMALIZED,14,net_cashflows,EUR,0.94999999999999996,0.0023197624705362796,0.0029375787412230753,1.7705106179983013e-18
2026-06-08,EWMA_SELFNORMALIZED,14,net_cashflows,EUR,0.98999999999999999,0.003287026259722459,0.0038142113371351506,1.7705106179983013e-18
2026-06-08,EWMA_SELFNORMALIZED,14,net_cashflows,USD,0.94999999999999996,0.0023333527633704618,0.0029513244702682128,1.7705106179983013e-18
2026-06-08,EWMA_SELFNORMALIZED,14,net_cashflows,USD,0.98999999999999999,0.0032986365095857041,0.0038389508477083261,1.7705106179983013e-18
2026-06-08,EWMA_GAUSS,16,funded_assets,EUR,0.94999999999999996,0.0026991880307568328,0.0033840050789179011,2.6291902682773483e-18
2026-06-08,EWMA_GAUSS,16,funded_assets,EUR,0.98999999999999999,0.0038140912377849778,0.0043748105161064144,2.6291902682773483e-18
2026-06-08,EWMA_GAUSS,16,funded_assets,USD,0.94999999999999996,0.002711514680479719,0.0034016146923489068,2.6291902682773483e-18
2026-06-08,EWMA_GAUSS,16,funded_assets,USD,0.98999999999999999,0.0038345288058606744,0.0044035360194513888,2.6291902682773483e-18
2026-06-08,EWMA_GAUSS,16,net_cashflows,EUR,0.94999999999999996,0.0023167635065919571,0.0029035542523208726,2.6291902682773483e-18
2026-06-08,EWMA_GAUSS,16,net_cashflows,EUR,0.98999999999999999,0.0032698985434807537,0.0037530840804968716,2.6291902682773483e-18
2026-06-08,EWMA_GAUSS,16,net_cashflows,USD,0.94999999999999996,0.002325912857299911,0.0029170298963791977,2.6291902682773483e-18
2026-06-08,EWMA_GAUSS,16,net_cashflows,USD,0.98999999999999999,0.0032871591185563128,0.0037751127647142079,2.6291902682773483e-18
2026-06-08,EWMA_SELFNORMALIZED,16,funded_assets,EUR,0.94999999999999996,0.0027105825515347237,0.0034331157942995606,1.8499199568033919e-18
2026-06-08,EWMA_SELFNORMALIZED,16,funded_assets,EUR,0.98999999999999999,0.0038945358041911904,0.0044906935899980578,1.8499199568033919e-18
2026-06-08,EWMA_SELFNORMALIZED,16,funded_assets,USD,0.94999999999999996,0.0027209286425586175,0.003451293443031835,1.8499199568033919e-18
2026-06-08,EWMA_SELFNORMALIZED,16,funded_assets,USD,0.98999999999999999,0.0039158483209354323,0.0045206712782166827,1.8499199568033919e-18
2026-06-08,EWMA_SELFNORMALIZED,16,net_cashflows,EUR,0.94999999999999996,0.0023276387365858465,0.0029476365083402549,1.8499199568033919e-18
2026-06-08,EWMA_SELFNORMALIZED,16,net_cashflows,EUR,0.98999999999999999,0.0033293654932450181,0.0038401075132948664,1.8499199568033919e-18
2026-06-08,EWMA_SELFNORMALIZED,16,net_cashflows,USD,0.94999999999999996,0.0023371817908781874,0.002961460421556701,1.8499199568033919e-18
2026-06-08,EWMA_SELFNORMALIZED,16,net_cashflows,USD,0.98999999999999999,0.003348761934559681,0.0038630910141837097,1.8499199568033919e-18
2026-06-08,EWMA_GAUSS,18,funded_assets,EUR,0.94999999999999996,0.0027000184895100421,0.0033824252309646299,2.6630715861675203e-18
2026-06-08,EWMA_GAUSS,18,funded_assets,EUR,0.98999999999999999,0.0038152832309568674,0.0043745443788465515,2.6630715861675203e-18
2026-06-08,EWMA_GAUSS,18,funded_assets,USD,0.94999999999999996,0.0027119776164360051,0.0033999420043454055,2.6630715861675203e-18
2026-06-08,EWMA_GAUSS,18,funded_assets,USD,0.98999999999999999,0.0038364603983018501,0.0044035347768827454,2.6630715861675203e-18
2026-06-08,EWMA_GAUSS,18,net_cashflows,EUR,0.94999999999999996,0.0023157488903076564,0.0029037519617726871,2.6630715861675203e-18
2026-06-08,EWMA_GAUSS,18,net_cashflows,EUR,0.98999999999999999,0.0032740419085046102,0.0037503817154485534,2.6630715861675203e-18
2026-06-08,EWMA_GAUSS,18,net_cashflows,USD,0.94999999999999996,0.0023246673776285212,0.0029172386627175561,2.6630715861675203e-18
2026-06-08,EWMA_GAUSS,18,net_cashflows,USD,0.98999999999999999,0.0032910894377159534,0.0037723410811949846,2.6630715861675203e-18
2026-06-08,EWMA_SELFNORMALIZED,18,funded_assets,EUR,0.94999999999999996,0.002717272200579407,0.003440240357847197,2.5614276324970042e-18
2026-06-08,EWMA_SELFNORMALIZED,18,funded_assets,EUR,0.98999999999999999,0.0039009587052459271,0.0044725282265535432,2.5614276324970042e-18
2026-06-08,EWMA_SELFNORMALIZED,18,funded_assets,USD,0.94999999999999996,0.0027288726430804533,0.0034585483252457484,2.5614276324970042e-18
2026-06-08,EWMA_SELFNORMALIZED,18,funded_assets,USD,0.98999999999999999,0.0039241258277456573,0.0045035463214984431,2.5614276324970042e-18
2026-06-08,EWMA_SELFNORMALIZED,18,net_cashflows,EUR,0.94999999999999996,0.002331018462645129,0.0029486038491246883,2.5614276324970042e-18
2026-06-08,EWMA_SELFNORMALIZED,18,net_cashflows,EUR,0.98999999999999999,0.0033374180872673964,0.0038297039599140253,2.5614276324970042e-18
2026-06-08,EWMA_SELFNORMALIZED,18,net_cashflows,USD,0.94999999999999996,0.0023401315098849325,0.0029624853326993424,2.5614276324970042e-18
2026-06-08,EWMA_SELFNORMALIZED,18,net_cashflows,USD,0.98999999999999999,0.0033535234096593522,0.0038523154003002593,2.5614276324970042e-18
2026-06-16,EWMA_GAUSS,14,funded_assets,EUR,0.94999999999999996,0.0025273229933087393,0.0031740495155241719,1.6483261153568685e-18
2026-06-16,EWMA_GAUSS,14,funded_assets,EUR,0.98999999999999999,0.0036007570771685593,0.0041249733269590264,1.6483261153568685e-18
2026-06-16,EWMA_GAUSS,14,funded_assets,USD,0.94999999999999996,0.0025366255763991071,0.0031901798715216799,1.6483261153568685e-18
2026-06-16,EWMA_GAUSS,14,funded_assets,USD,0.98999999999999999,0.0036132465533772291,0.004149891017838944,1.6483261153568685e-18
2026-06-16,EWMA_GAUSS,14,net_cashflows,EUR,0.94999999999999996,0.0020714385615974943,0.0025886084470743533,1.6483261153568685e-18
2026-06-16,EWMA_GAUSS,14,net_cashflows,EUR,0.98999999999999999,0.0029010086775965952,0.0033476512862444245,1.6483261153568685e-18
2026-06-16,EWMA_GAUSS,14,net_cashflows,USD,0.94999999999999996,0.0020831913289452563,0.0025997971988550878,1.6483261153568685e-18
2026-06-16,EWMA_GAUSS,14,net_cashflows,USD,0.98999999999999999,0.0029207233009050041,0.0033656684800565631,1.6483261153568685e-18
2026-06-16,EWMA_SELFNORMALIZED,14,funded_assets,EUR,0.94999999999999996,0.0025561190228045594,0.0032330231952224708,1.7719929256559963e-18
2026-06-16,EWMA_SELFNORMALIZED,14,funded_assets,EUR,0.98999999999999999,0.00370258307056609,0.0041781412973060936,1.7719929256559963e-18
2026-06-16,EWMA_SELFNORMALIZED,14,funded_assets,USD,0.94999999999999996,0.0025670379071576375,0.0032497806384010619,1.7719929256559963e-18
2026-06-16,EWMA_SELFNORMALIZED,14,funded_assets,USD,0.98999999999999999,0.0037205244628099013,0.0042062654080355011,1.7719929256559963e-18
2026-06-16,EWMA_SELFNORMALIZED,14,net_cashflows,EUR,0.94999999999999996,0.0020895248298336447,0.0026316304205651377,1.7719929256559963e-18
2026-06-16,EWMA_SELFNORMALIZED,14,net_cashflows,EUR,0.98999999999999999,0.0029636182399252805,0.0034489016674615009,1.7719929256559963e-18
2026-06-16,EWMA_SELFNORMALIZED,14,net_cashflows,USD,0.94999999999999996,0.0020996540234466243,0.002643688089037359,1.7719929256559963e-18
2026-06-16,EWMA_SELFNORMALIZED,14,net_cashflows,USD,0.98999999999999999,0.0029816224398881617,0.0034698856271545629,1.7719929256559963e-18
2026-06-16,EWMA_GAUSS,16,funded_assets,EUR,0.94999999999999996,0.00253699383024239,0.0031740504545096078,1.7008421580866351e-18
2026-06-16,EWMA_GAUSS,16,funded_assets,EUR,0.98999999999999999,0.0035632986219334417,0.0041010662380756022,1.7008421580866351e-18
2026-06-16,EWMA_GAUSS,16,funded_assets,USD,0.94999999999999996,0.0025444178355204143,0.0031901186237070223,1.7008421580866351e-18
2026-06-16,EWMA_GAUSS,16,funded_assets,USD,0.98999999999999999,0.0035814839968770847,0.0041271939869230055,1.7008421580866351e-18
2026-06-16,EWMA_GAUSS,16,net_cashflows,EUR,0.94999999999999996,0.002068306664482389,0.002589155936196616,1.7008421580866351e-18
2026-06-16,EWMA_GAUSS,16,net_cashflows,EUR,0.98999999999999999,0.0029146119275569866,0.0033467112973234801,1.7008421580866351e-18
2026-06-16,EWMA_GAUSS,16,net_cashflows,USD,0.94999999999999996,0.0020756865230120245,0.0026003739544648197,1.7008421580866351e-18
2026-06-16,EWMA_GAUSS,16,net_cashflows,USD,0.98999999999999999,0.0029303325764111487,0.0033649301628889674,1.7008421580866351e-18
2026-06-16,EWMA_SELFNORMALIZED,16,funded_assets,EUR,0.94999999999999996,0.0025426576520518052,0.0032182860529863201,1.917682592583736e-18
2026-06-16,EWMA_SELFNORMALIZED,16,funded_assets,EUR,0.98999999999999999,0.0036444436406624925,0.0041665922919364197,1.917682592583736e-18
2026-06-16,EWMA_SELFNORMALIZED,16,funded_assets,USD,0.94999999999999996,0.0025508573470172393,0.0032345925571417439,1.917682592583736e-18
2026-06-16,EWMA_SELFNORMALIZED,16,funded_assets,USD,0.98999999999999999,0.0036650035944831706,0.00419396162172364,1.917682592583736e-18
2026-06-16,EWMA_SELFNORMALIZED,16,net_cashflows,EUR,0.94999999999999996,0.0020930374936384832,0.0026241483641109035,1.917682592583736e-18
2026-06-16,EWMA_SELFNORMALIZED,16,net_cashflows,EUR,0.98999999999999999,0.0029589968900112888,0.0033923225882397088,1.917682592583736e-18
2026-06-16,EWMA_SELFNORMALIZED,16,net_cashflows,USD,0.94999999999999996,0.0021008497163950402,0.0026356350290279141,1.917682592583736e-18
2026-06-16,EWMA_SELFNORMALIZED,16,net_cashflows,USD,0.98999999999999999,0.0029734334330989518,0.00341080925079556,1.917682592583736e-18
2026-06-16,EWMA_GAUSS,18,funded_assets,EUR,0.94999999999999996,0.0025321096638842577,0.0031724579959795662,1.9024359995331586e-18
2026-06-16,EWMA_GAUSS,18,funded_assets,EUR,0.98999999999999999,0.0035767663433215746,0.0041019427426100541,1.9024359995331586e-18
2026-06-16,EWMA_GAUSS,18,funded_assets,USD,0.94999999999999996,0.002542283358342493,0.0031883852147282146,1.9024359995331586e-18
2026-06-16,EWMA_GAUSS,18,funded_assets,USD,0.98999999999999999,0.003596668083194548,0.004128362482892986,1.9024359995331586e-18
2026-06-16,EWMA_GAUSS,18,net_cashflows,EUR,0.94999999999999996,0.0020663626548373839,0.0025892293153524761,1.9024359995331586e-18
2026-06-16,EWMA_GAUSS,18,net_cashflows,EUR,0.98999999999999999,0.0029215542606937928,0.0033441395003294999,1.9024359995331586e-18
2026-06-16,EWMA_GAUSS,18,net_cashflows,USD,0.94999999999999996,0.0020728247991419462,0.0026004628641271947,1.9024359995331586e-18
2026-06-16,EWMA_GAUSS,18,net_cashflows,USD,0.98999999999999999,0.0029336147307401405,0.0033624292604201092,1.9024359995331586e-18
2026-06-16,EWMA_SELFNORMALIZED,18,funded_assets,EUR,0.94999999999999996,0.0025447990807165588,0.0032199273833486645,2.2124500582282325e-18
2026-06-16,EWMA_SELFNORMALIZED,18,funded_assets,EUR,0.98999999999999999,0.0036426638619509455,0.0041837030663113587,2.2124500582282325e-18
2026-06-16,EWMA_SELFNORMALIZED,18,funded_assets,USD,0.94999999999999996,0.0025565806917004878,0.0032363700008182375,2.2124500582282325e-18
2026-06-16,EWMA_SELFNORMALIZED,18,funded_assets,USD,0.98999999999999999,0.0036642379947712522,0.004210780616249154,2.2124500582282325e-18
2026-06-16,EWMA_SELFNORMALIZED,18,net_cashflows,EUR,0.94999999999999996,0.0020840732421496646,0.0026283423890659727,2.2124500582282325e-18
2026-06-16,EWMA_SELFNORMALIZED,18,net_cashflows,EUR,0.98999999999999999,0.0029749477725667605,0.003414413257576126,2.2124500582282325e-18
2026-06-16,EWMA_SELFNORMALIZED,18,net_cashflows,USD,0.94999999999999996,0.0020907831453562562,0.0026398302352107195,2.2124500582282325e-18
2026-06-16,EWMA_SELFNORMALIZED,18,net_cashflows,USD,0.98999999999999999,0.0029880662977687113,0.0034338413198749087,2.2124500582282325e-18
2026-06-24,EWMA_GAUSS,14,funded_assets,EUR,0.94999999999999996,0.0032872306654426198,0.0041375940912044863,2.0057740190981832e-18
2026-06-24,EWMA_GAUSS,14,funded_assets,EUR,0.98999999999999999,0.0047023975695718589,0.0053587377896559419,2.0057740190981832e-18
2026-06-24,EWMA_GAUSS,14,funded_assets,USD,0.94999999999999996,0.0033050996606529626,0.0041661538565968019,2.0057740190981832e-18
2026-06-24,EWMA_GAUSS,14,funded_assets,USD,0.98999999999999999,0.0047356210610423775,0.0054060132089983441,2.0057740190981832e-18
2026-06-24,EWMA_GAUSS,14,net_cashflows,EUR,0.94999999999999996,0.0021114472709653168,0.0026411082730820224,2.0057740190981832e-18
2026-06-24,EWMA_GAUSS,14,net_cashflows,EUR,0.98999999999999999,0.002980398286424147,0.0034186215928993535,2.0057740190981832e-18
2026-06-24,EWMA_GAUSS,14,net_cashflows,USD,0.94999999999999996,0.0021239746156841437,0.0026553615740649286,2.0057740190981832e-18
2026-06-24,EWMA_GAUSS,14,net_cashflows,USD,0.98999999999999999,0.0029926480645030558,0.0034417531844520219,2.0057740190981832e-18
2026-06-24,EWMA_SELFNORMALIZED,14,funded_assets,EUR,0.94999999999999996,0.003313757209508994,0.0041680432591746875,2.388632911257127e-18
2026-06-24,EWMA_SELFNORMALIZED,14,funded_assets,EUR,0.98999999999999999,0.0047299145193848424,0.0053744892507464779,2.388632911257127e-18
2026-06-24,EWMA_SELFNORMALIZED,14,funded_assets,USD,0.94999999999999996,0.0033272122812857251,0.0041971436430920401,2.388632911257127e-18
2026-06-24,EWMA_SELFNORMALIZED,14,funded_assets,USD,0.98999999999999999,0.0047581750376739541,0.0054206079473500101,2.388632911257127e-18
2026-06-24,EWMA_SELFNORMALIZED,14,net_cashflows,EUR,0.94999999999999996,0.0021431319548819829,0.0026921275342414422,2.388632911257127e-18
2026-06-24,EWMA_SELFNORMALIZED,14,net_cashflows,EUR,0.98999999999999999,0.0030351888299264716,0.0034496301306929031,2.388632911257127e-18
2026-06-24,EWMA_SELFNORMALIZED,14,net_cashflows,USD,0.94999999999999996,0.0021512481268135307,0.0027070586445187231,2.388632911257127e-18
2026-06-24,EWMA_SELFNORMALIZED,14,net_cashflows,USD,0.98999999999999999,0.0030531691438669632,0.0034757869751569741,2.388632911257127e-18
2026-06-24,EWMA_GAUSS,16,funded_assets,EUR,0.94999999999999996,0.0033035644362998662,0.0041373825005173032,2.3445871979999033e-18
2026-06-24,EWMA_GAUSS,16,funded_assets,EUR,0.98999999999999999,0.0046546455459948732,0.0053431610791529211,2.3445871979999033e-18
2026-06-24,EWMA_GAUSS,16,funded_assets,USD,0.94999999999999996,0.0033205067445927525,0.0041661165325231472,2.3445871979999033e-18
2026-06-24,EWMA_GAUSS,16,funded_assets,USD,0.98999999999999999,0.0046911578823025787,0.0053903038859506678,2.3445871979999033e-18
2026-06-24,EWMA_GAUSS,16,net_cashflows,EUR,0.94999999999999996,0.0021078105040554965,0.0026419001759412268,2.3445871979999033e-18
2026-06-24,EWMA_GAUSS,16,net_cashflows,EUR,0.98999999999999999,0.0029786406428082058,0.0034177724390572718,2.3445871979999033e-18
2026-06-24,EWMA_GAUSS,16,net_cashflows,USD,0.94999999999999996,0.002118447478274789,0.0026561781156076675,2.3445871979999033e-18
2026-06-24,EWMA_GAUSS,16,net_cashflows,USD,0.98999999999999999,0.0029921607810320877,0.0034413564781721499,2.3445871979999033e-18
2026-06-24,EWMA_SELFNORMALIZED,16,funded_assets,EUR,0.94999999999999996,0.0033159397869541862,0.0041979565229686355,2.7376104855258987e-18
2026-06-24,EWMA_SELFNORMALIZED,16,funded_assets,EUR,0.98999999999999999,0.0047403941770857994,0.00544699105810532,2.7376104855258987e-18
2026-06-24,EWMA_SELFNORMALIZED,16,funded_assets,USD,0.94999999999999996,0.003332941431450449,0.0042279517231989076,2.7376104855258987e-18
2026-06-24,EWMA_SELFNORMALIZED,16,funded_assets,USD,0.98999999999999999,0.0047822597513632438,0.0054963915306884825,2.7376104855258987e-18
2026-06-24,EWMA_SELFNORMALIZED,16,net_cashflows,EUR,0.94999999999999996,0.0021130007519855058,0.0026819387375922486,2.7376104855258987e-18
2026-06-24,EWMA_SELFNORMALIZED,16,net_cashflows,EUR,0.98999999999999999,0.0030318051028399352,0.0034909987203299098,2.7376104855258987e-18
2026-06-24,EWMA_SELFNORMALIZED,16,net_cashflows,USD,0.94999999999999996,0.0021244829923016818,0.0026971101677304189,2.7376104855258987e-18
2026-06-24,EWMA_SELFNORMALIZED,16,net_cashflows,USD,0.98999999999999999,0.0030491865177346388,0.0035171139296734607,2.7376104855258987e-18
2026-06-24,EWMA_GAUSS,18,funded_assets,EUR,0.94999999999999996,0.0033003913469910606,0.0041346686699493332,2.9891792708604259e-18
2026-06-24,EWMA_GAUSS,18,funded_assets,EUR,0.98999999999999999,0.0046620310947252386,0.0053427161891777498,2.9891792708604259e-18
2026-06-24,EWMA_GAUSS,18,funded_assets,USD,0.94999999999999996,0.0033175466443647519,0.0041634887463895594,2.9891792708604259e-18
2026-06-24,EWMA_GAUSS,18,funded_assets,USD,0.98999999999999999,0.0047002917588173689,0.0053904301766201368,2.9891792708604259e-18
2026-06-24,EWMA_GAUSS,18,net_cashflows,EUR,0.94999999999999996,0.0021063463558217196,0.0026424243896778512,2.9891792708604259e-18
2026-06-24,EWMA_GAUSS,18,net_cashflows,EUR,0.98999999999999999,0.0029820492286904976,0.0034134628011842807,2.9891792708604259e-18
2026-06-24,EWMA_GAUSS,18,net_cashflows,USD,0.94999999999999996,0.0021151318265620377,0.002656679010226573,2.9891792708604259e-18
2026-06-24,EWMA_GAUSS,18,net_cashflows,USD,0.98999999999999999,0.0029996278210508787,0.0034369351342411242,2.9891792708604259e-18
2026-06-24,EWMA_SELFNORMALIZED,18,funded_assets,EUR,0.94999999999999996,0.0033181728406728173,0.0041969920448908455,2.7376104855258987e-18
2026-06-24,EWMA_SELFNORMALIZED,18,funded_assets,EUR,0.98999999999999999,0.0047453359237225601,0.0054464281328089606,2.7376104855258987e-18
2026-06-24,EWMA_SELFNORMALIZED,18,funded_assets,USD,0.94999999999999996,0.0033365490297781204,0.0042269581311204212,2.7376104855258987e-18
2026-06-24,EWMA_SELFNORMALIZED,18,funded_assets,USD,0.98999999999999999,0.0047855995173867521,0.0054959783034954383,2.7376104855258987e-18
2026-06-24,EWMA_SELFNORMALIZED,18,net_cashflows,EUR,0.94999999999999996,0.0021208290184563604,0.0026849827387487525,2.7376104855258987e-18
2026-06-24,EWMA_SELFNORMALIZED,18,net_cashflows,EUR,0.98999999999999999,0.0030394107041631369,0.0034886733693709291,2.7376104855258987e-18
2026-06-24,EWMA_SELFNORMALIZED,18,net_cashflows,USD,0.94999999999999996,0.0021301840122477022,0.0026997536042739369,2.7376104855258987e-18
2026-06-24,EWMA_SELFNORMALIZED,18,net_cashflows,USD,0.98999999999999999,0.0030589641511501405,0.0035130790217247085,2.7376104855258987e-18
2026-07-02,EWMA_GAUSS,14,funded_assets,EUR,0.94999999999999996,0.0030789565737431579,0.0038975195956827435,1.9718927012080112e-18
2026-07-02,EWMA_GAUSS,14,funded_assets,EUR,0.98999999999999999,0.0043937792085638194,0.0050423566685022332,1.9718927012080112e-18
2026-07-02,EWMA_GAUSS,14,funded_assets,USD,0.94999999999999996,0.0030960068737291772,0.0039190004452245054,1.9718927012080112e-18
2026-07-02,EWMA_GAUSS,14,funded_assets,USD,0.98999999999999999,0.0044336767670659621,0.0050771240768221282,1.9718927012080112e-18
2026-07-02,EWMA_GAUSS,14,net_cashflows,EUR,0.94999999999999996,0.0021913181386460368,0.0027335971132918212,1.9718927012080112e-18
2026-07-02,EWMA_GAUSS,14,net_cashflows,EUR,0.98999999999999999,0.0030409074742322566,0.0035392046629507076,1.9718927012080112e-18
2026-07-02,EWMA_GAUSS,14,net_cashflows,USD,0.94999999999999996,0.0021927676964337344,0.002746173695164205,1.9718927012080112e-18
2026-07-02,EWMA_GAUSS,14,net_cashflows,USD,0.98999999999999999,0.0030493510001689305,0.0035590842302031011,1.9718927012080112e-18
2026-07-02,EWMA_SELFNORMALIZED,14,funded_assets,EUR,0.94999999999999996,0.0031174883628487526,0.0039289903445467291,2.4936649967166602e-18
2026-07-02,EWMA_SELFNORMALIZED,14,funded_assets,EUR,0.98999999999999999,0.0044362059663408115,0.0050606663942914729,2.4936649967166602e-18
2026-07-02,EWMA_SELFNORMALIZED,14,funded_assets,USD,0.94999999999999996,0.0031392156759740592,0.0039503179378803099,2.4936649967166602e-18
2026-07-02,EWMA_SELFNORMALIZED,14,funded_assets,USD,0.98999999999999999,0.0044569061035344814,0.005096286741695313,2.4936649967166602e-18
2026-07-02,EWMA_SELFNORMALIZED,14,net_cashflows,EUR,0.94999999999999996,0.002178220607838355,0.0027573608361635203,2.4936649967166602e-18
2026-07-02,EWMA_SELFNORMALIZED,14,net_cashflows,EUR,0.98999999999999999,0.0031294272258954648,0.003561465593177895,2.4936649967166602e-18
2026-07-02,EWMA_SELFNORMALIZED,14,net_cashflows,USD,0.94999999999999996,0.0021822618086389045,0.0027700192345456762,2.4936649967166602e-18
2026-07-02,EWMA_SELFNORMALIZED,14,net_cashflows,USD,0.98999999999999999,0.0031419500234090895,0.0035830101297868698,2.4936649967166602e-18
2026-07-02,EWMA_GAUSS,16,funded_assets,EUR,0.94999999999999996,0.0031089133220559839,0.003890906471230064,2.0599841277224584e-18
2026-07-02,EWMA_GAUSS,16,funded_assets,EUR,0.98999999999999999,0.0043838471304730176,0.0050334791020545493,2.0599841277224584e-18
2026-07-02,EWMA_GAUSS,16,funded_assets,USD,0.94999999999999996,0.0031231388558945277,0.0039124808777675031,2.0599841277224584e-18
2026-07-02,EWMA_GAUSS,16,funded_assets,USD,0.98999999999999999,0.0044132479666891718,0.0050686521819820161,2.0599841277224584e-18
2026-07-02,EWMA_GAUSS,16,net_cashflows,EUR,0.94999999999999996,0.002180665995150688,0.0027338883525610718,2.0599841277224584e-18
2026-07-02,EWMA_GAUSS,16,net_cashflows,EUR,0.98999999999999999,0.0030756234093843203,0.0035386493983083785,2.0599841277224584e-18
2026-07-02,EWMA_GAUSS,16,net_cashflows,USD,0.94999999999999996,0.0021873112627459634,0.0027463231250564194,2.0599841277224584e-18
2026-07-02,EWMA_GAUSS,16,net_cashflows,USD,0.98999999999999999,0.0030954597269149753,0.003559425657004052,2.0599841277224584e-18
2026-07-02,EWMA_SELFNORMALIZED,16,funded_assets,EUR,0.94999999999999996,0.0031337121235739951,0.0039678445038990777,2.4936649967166602e-18
2026-07-02,EWMA_SELFNORMALIZED,16,funded_assets,EUR,0.98999999999999999,0.0044709190072609317,0.0051764803481562883,2.4936649967166602e-18
2026-07-02,EWMA_SELFNORMALIZED,16,funded_assets,USD,0.94999999999999996,0.0031482844159390799,0.0039899830948442652,2.4936649967166602e-18
2026-07-02,EWMA_SELFNORMALIZED,16,funded_assets,USD,0.98999999999999999,0.0044915908662062128,0.005215929131680612,2.4936649967166602e-18
2026-07-02,EWMA_SELFNORMALIZED,16,net_cashflows,EUR,0.94999999999999996,0.0021950825480792969,0.0027753847828591183,2.4936649967166602e-18
2026-07-02,EWMA_SELFNORMALIZED,16,net_cashflows,EUR,0.98999999999999999,0.0031179376508768007,0.0035993676452332583,2.4936649967166602e-18
2026-07-02,EWMA_SELFNORMALIZED,16,net_cashflows,USD,0.94999999999999996,0.0022034707193584907,0.0027882595186420867,2.4936649967166602e-18
2026-07-02,EWMA_SELFNORMALIZED,16,net_cashflows,USD,0.98999999999999999,0.0031365131229205093,0.00362027655421648,2.4936649967166602e-18
2026-07-02,EWMA_GAUSS,18,funded_assets,EUR,0.94999999999999996,0.0031028744748603787,0.0038904066065020984,2.4106557678857388e-18
2026-07-02,EWMA_GAUSS,18,funded_assets,EUR,0.98999999999999999,0.0043855768913071136,0.0050311970542902748,2.4106557678857388e-18
2026-07-02,EWMA_GAUSS,18,funded_assets,USD,0.94999999999999996,0.0031175468183816,0.0039119058043710535,2.4106557678857388e-18
2026-07-02,EWMA_GAUSS,18,funded_assets,USD,0.98999999999999999,0.0044127079785825363,0.005067119098206921,2.4106557678857388e-18
2026-07-02,EWMA_GAUSS,18,net_cashflows,EUR,0.94999999999999996,0.0021791505503132805,0.0027342467682400944,2.4106557678857388e-18
2026-07-02,EWMA_GAUSS,18,net_cashflows,EUR,0.98999999999999999,0.0030822088087857583,0.0035338274004288184,2.4106557678857388e-18
2026-07-02,EWMA_GAUSS,18,net_cashflows,USD,0.94999999999999996,0.002186263973857093,0.0027467013290231627,2.4106557678857388e-18
2026-07-02,EWMA_GAUSS,18,net_cashflows,USD,0.98999999999999999,0.0031014484412632713,0.0035544274153681155,2.4106557678857388e-18
2026-07-02,EWMA_SELFNORMALIZED,18,funded_assets,EUR,0.94999999999999996,0.0031216479960473609,0.0039583398480113286,2.4936649967166602e-18
2026-07-02,EWMA_SELFNORMALIZED,18,funded_assets,EUR,0.98999999999999999,0.0044803018449324494,0.0051591431740844748,2.4936649967166602e-18
2026-07-02,EWMA_SELFNORMALIZED,18,funded_assets,USD,0.94999999999999996,0.0031362156160194372,0.003980557990302871,2.4936649967166602e-18
2026-07-02,EWMA_SELFNORMALIZED,18,funded_assets,USD,0.98999999999999999,0.0045032154422759499,0.0051967380616733732,2.4936649967166602e-18
2026-07-02,EWMA_SELFNORMALIZED,18,net_cashflows,EUR,0.94999999999999996,0.0021912664067746056,0.00277648643428885,2.4936649967166602e-18
2026-07-02,EWMA_SELFNORMALIZED,18,net_cashflows,EUR,0.98999999999999999,0.0031340872611815181,0.0036159179061533873,2.4936649967166602e-18
2026-07-02,EWMA_SELFNORMALIZED,18,net_cashflows,USD,0.94999999999999996,0.0021983747191487773,0.0027893870078519699,2.4936649967166602e-18
2026-07-02,EWMA_SELFNORMALIZED,18,net_cashflows,USD,0.98999999999999999,0.0031492504042547626,0.0036379949103581138,2.4936649967166602e-18
2026-07-10,EWMA_GAUSS,14,funded_assets,EUR,0.94999999999999996,0.0027386395633645366,0.0034601341247601719,1.7990979799681339e-18
2026-07-10,EWMA_GAUSS,14,funded_assets,EUR,0.98999999999999999,0.0039175249015428182,0.0044837470301439418,1.7990979799681339e-18
2026-07-10,EWMA_GAUSS,14,funded_assets,USD,0.94999999999999996,0.0027521416824106597,0.0034771715374234762,1.7990979799681339e-18
2026-07-10,EWMA_GAUSS,14,funded_assets,USD,0.98999999999999999,0.0039328294147888253,0.004511300900023562,1.7990979799681339e-18
2026-07-10,EWMA_GAUSS,14,net_cashflows,EUR,0.94999999999999996,0.0022629878385462595,0.0028296374586910568,1.7990979799681339e-18
2026-07-10,EWMA_GAUSS,14,net_cashflows,EUR,0.98999999999999999,0.0031745890762191259,0.0036591020067913023,1.7990979799681339e-18
2026-07-10,EWMA_GAUSS,14,net_cashflows,USD,0.94999999999999996,0.0022678583568455125,0.0028422760914928102,1.7990979799681339e-18
2026-07-10,EWMA_GAUSS,14,net_cashflows,USD,0.98999999999999999,0.0031973634176925177,0.0036796196008853318,1.7990979799681339e-18
2026-07-10,EWMA_SELFNORMALIZED,14,funded_assets,EUR,0.94999999999999996,0.0027670433118764381,0.0034743962118358503,1.8245089683857629e-18
2026-07-10,EWMA_SELFNORMALIZED,14,funded_assets,EUR,0.98999999999999999,0.0039337986356269006,0.0044707680655043979,1.8245089683857629e-18
2026-07-10,EWMA_SELFNORMALIZED,14,funded_assets,USD,0.94999999999999996,0.0027744355325725017,0.0034912155923351694,1.8245089683857629e-18
2026-07-10,EWMA_SELFNORMALIZED,14,funded_assets,USD,0.98999999999999999,0.003962069867224997,0.0044995955715567016,1.8245089683857629e-18
2026-07-10,EWMA_SELFNORMALIZED,14,net_cashflows,EUR,0.94999999999999996,0.002251511394082706,0.0028724231893304019,1.8245089683857629e-18
2026-07-10,EWMA_SELFNORMALIZED,14,net_cashflows,EUR,0.98999999999999999,0.0032769571734757694,0.0037210310309636605,1.8245089683857629e-18
2026-07-10,EWMA_SELFNORMALIZED,14,net_cashflows,USD,0.94999999999999996,0.0022675283074933259,0.002884704580187177,1.8245089683857629e-18
2026-07-10,EWMA_SELFNORMALIZED,14,net_cashflows,USD,0.98999999999999999,0.003288981153638796,0.003739692748151563,1.8245089683857629e-18
2026-07-10,EWMA_GAUSS,16,funded_assets,EUR,0.94999999999999996,0.002753002747659189,0.0034544372815675929,2.3107058801097313e-18
2026-07-10,EWMA_GAUSS,16,funded_assets,EUR,0.98999999999999999,0.0039003196303067089,0.0044684764018938523,2.3107058801097313e-18
2026-07-10,EWMA_GAUSS,16,funded_assets,USD,0.94999999999999996,0.0027658743359139058,0.0034716224420769104,2.3107058801097313e-18
2026-07-10,EWMA_GAUSS,16,funded_assets,USD,0.98999999999999999,0.0039163436344435889,0.0044966169320464332,2.3107058801097313e-18
2026-07-10,EWMA_GAUSS,16,net_cashflows,EUR,0.94999999999999996,0.0022607476787538383,0.0028287241343688905,2.3107058801097313e-18
2026-07-10,EWMA_GAUSS,16,net_cashflows,EUR,0.98999999999999999,0.0031741705850655724,0.0036594281035291398,2.3107058801097313e-18
2026-07-10,EWMA_GAUSS,16,net_cashflows,USD,0.94999999999999996,0.002267000755416841,0.0028413336158034778,2.3107058801097313e-18
2026-07-10,EWMA_GAUSS,16,net_cashflows,USD,0.98999999999999999,0.0031945783348200016,0.0036804000160641798,2.3107058801097313e-18
2026-07-10,EWMA_SELFNORMALIZED,16,funded_assets,EUR,0.94999999999999996,0.0027825059999999902,0.0035165295739983723,2.019326546254252e-18
2026-07-10,EWMA_SELFNORMALIZED,16,funded_assets,EUR,0.98999999999999999,0.0039889227247110193,0.0045663089644726249,2.019326546254252e-18
2026-07-10,EWMA_SELFNORMALIZED,16,funded_assets,USD,0.94999999999999996,0.00279321343659359,0.0035343890422956997,2.019326546254252e-18
2026-07-10,EWMA_SELFNORMALIZED,16,funded_assets,USD,0.98999999999999999,0.0040130679854546271,0.0045954744226249884,2.019326546254252e-18
2026-07-10,EWMA_SELFNORMALIZED,16,net_cashflows,EUR,0.94999999999999996,0.0022603915983870015,0.0028750027548384129,2.019326546254252e-18
2026-07-10,EWMA_SELFNORMALIZED,16,net_cashflows,EUR,0.98999999999999999,0.0032611036888861916,0.0037400260540434486,2.019326546254252e-18
2026-07-10,EWMA_SELFNORMALIZED,16,net_cashflows,USD,0.94999999999999996,0.0022675283074933259,0.0028881307143768299,2.019326546254252e-18
2026-07-10,EWMA_SELFNORMALIZED,16,net_cashflows,USD,0.98999999999999999,0.0032821967473022143,0.0037613611089454043,2.019326546254252e-18
2026-07-10,EWMA_GAUSS,18,funded_assets,EUR,0.94999999999999996,0.0027547132473444702,0.0034540376229162456,2.6054733457542278e-18
2026-07-10,EWMA_GAUSS,18,funded_assets,EUR,0.98999999999999999,0.0038969887206755094,0.0044666538487205506,2.6054733457542278e-18
2026-07-10,EWMA_GAUSS,18,funded_assets,USD,0.94999999999999996,0.0027669915758845431,0.0034711157144606914,2.6054733457542278e-18
2026-07-10,EWMA_GAUSS,18,funded_assets,USD,0.98999999999999999,0.0039169821845178449,0.0044950952953385854,2.6054733457542278e-18
2026-07-10,EWMA_GAUSS,18,net_cashflows,EUR,0.94999999999999996,0.0022561342704879419,0.0028286988735141284,2.6054733457542278e-18
2026-07-10,EWMA_GAUSS,18,net_cashflows,EUR,0.98999999999999999,0.0031924241164925874,0.0036547980860960659,2.6054733457542278e-18
2026-07-10,EWMA_GAUSS,18,net_cashflows,USD,0.94999999999999996,0.0022638831013795193,0.0028413390459546459,2.6054733457542278e-18
2026-07-10,EWMA_GAUSS,18,net_cashflows,USD,0.98999999999999999,0.0032068860038192855,0.0036756716511261753,2.6054733457542278e-18
2026-07-10,EWMA_SELFNORMALIZED,18,funded_assets,EUR,0.94999999999999996,0.0027764123916090289,0.0035099962415061064,2.3649159887340065e-18
2026-07-10,EWMA_SELFNORMALIZED,18,funded_assets,EUR,0.98999999999999999,0.0039756649738295902,0.0045675975419884008,2.3649159887340065e-18
2026-07-10,EWMA_SELFNORMALIZED,18,funded_assets,USD,0.94999999999999996,0.0027869384864682781,0.0035275883306545128,2.3649159887340065e-18
2026-07-10,EWMA_SELFNORMALIZED,18,funded_assets,USD,0.98999999999999999,0.0039974492478636802,0.0045970298827313358,2.3649159887340065e-18
2026-07-10,EWMA_SELFNORMALIZED,18,net_cashflows,EUR,0.94999999999999996,0.0022686738433259305,0.0028723137762635908,2.3649159887340065e-18
2026-07-10,EWMA_SELFNORMALIZED,18,net_cashflows,EUR,0.98999999999999999,0.003258944998239921,0.0037323633141603911,2.3649159887340065e-18
2026-07-10,EWMA_SELFNORMALIZED,18,net_cashflows,USD,0.94999999999999996,0.0022746752925531916,0.0028854354269025671,2.3649159887340065e-18
2026-07-10,EWMA_SELFNORMALIZED,18,net_cashflows,USD,0.98999999999999999,0.0032799971194799951,0.0037543581533412418,2.3649159887340065e-18
2026-07-20,EWMA_GAUSS,14,funded_assets,EUR,0.94999999999999996,0.0024874220295923455,0.0031328798701519217,1.4153920548619359e-18
2026-07-20,EWMA_GAUSS,14,funded_assets,EUR,0.98999999999999999,0.0035315426702593744,0.0040640299376094287,1.4153920548619359e-18
2026-07-20,EWMA_GAUSS,14,funded_assets,USD,0.94999999999999996,0.0024968462681588671,0.0031477627125034149,1.4153920548619359e-18
2026-07-20,EWMA_GAUSS,14,funded_assets,USD,0.98999999999999999,0.0035475040936474526,0.0040878610503056788,1.4153920548619359e-18
2026-07-20,EWMA_GAUSS,14,net_cashflows,EUR,0.94999999999999996,0.0019647376765340569,0.0024510312074788173,1.4153920548619359e-18
2026-07-20,EWMA_GAUSS,14,net_cashflows,EUR,0.98999999999999999,0.0027555319316701077,0.0031705775901885239,1.4153920548619359e-18
2026-07-20,EWMA_GAUSS,14,net_cashflows,USD,0.94999999999999996,0.0019717602345814076,0.0024609257421143033,1.4153920548619359e-18
2026-07-20,EWMA_GAUSS,14,net_cashflows,USD,0.98999999999999999,0.0027631018455862924,0.0031867329997434346,1.4153920548619359e-18
2026-07-20,EWMA_SELFNORMALIZED,14,funded_assets,EUR,0.94999999999999996,0.0024842772721606343,0.0031595802430694126,1.7753810574450135e-18
2026-07-20,EWMA_SELFNORMALIZED,14,funded_assets,EUR,0.98999999999999999,0.003606182107526168,0.00418031577053377,1.7753810574450135e-18
2026-07-20,EWMA_SELFNORMALIZED,14,funded_assets,USD,0.94999999999999996,0.0024982675833903362,0.003174932654551895,1.7753810574450135e-18
2026-07-20,EWMA_SELFNORMALIZED,14,funded_assets,USD,0.98999999999999999,0.0036309815270528234,0.0042069775964734659,1.7753810574450135e-18
2026-07-20,EWMA_SELFNORMALIZED,14,net_cashflows,EUR,0.94999999999999996,0.0019901233170191769,0.0025142033461025351,1.7753810574450135e-18
2026-07-20,EWMA_SELFNORMALIZED,14,net_cashflows,EUR,0.98999999999999999,0.0028742735082668666,0.0032728347515547768,1.7753810574450135e-18
2026-07-20,EWMA_SELFNORMALIZED,14,net_cashflows,USD,0.94999999999999996,0.0019967942336040984,0.0025245682992075195,1.7753810574450135e-18
2026-07-20,EWMA_SELFNORMALIZED,14,net_cashflows,USD,0.98999999999999999,0.0028896760994317453,0.0032904569029056892,1.7753810574450135e-18
2026-07-20,EWMA_GAUSS,16,funded_assets,EUR,0.94999999999999996,0.0024949334253741018,0.0031294910333481999,1.8295911660692887e-18
2026-07-20,EWMA_GAUSS,16,funded_assets,EUR,0.98999999999999999,0.003525517708001219,0.0040467790057310479,1.8295911660692887e-18
2026-07-20,EWMA_GAUSS,16,funded_assets,USD,0.94999999999999996,0.0025057231871761874,0.0031444187673582984,1.8295911660692887e-18
2026-07-20,EWMA_GAUSS,16,funded_assets,USD,0.98999999999999999,0.003539724957397441,0.0040712382307303814,1.8295911660692887e-18
2026-07-20,EWMA_GAUSS,16,net_cashflows,EUR,0.94999999999999996,0.0019552266905617731,0.0024521021591076128,1.8295911660692887e-18
2026-07-20,EWMA_GAUSS,16,net_cashflows,EUR,0.98999999999999999,0.0027626686502510208,0.0031685019521386524,1.8295911660692887e-18
2026-07-20,EWMA_GAUSS,16,net_cashflows,USD,0.94999999999999996,0.001960816524198411,0.0024619883796799628,1.8295911660692887e-18
2026-07-20,EWMA_GAUSS,16,net_cashflows,USD,0.98999999999999999,0.0027728962027105527,0.0031847516715670116,1.8295911660692887e-18
2026-07-20,EWMA_SELFNORMALIZED,16,funded_assets,EUR,0.94999999999999996,0.0025065602225202155,0.0031778274103854685,1.993915557836623e-18
2026-07-20,EWMA_SELFNORMALIZED,16,funded_assets,EUR,0.98999999999999999,0.0036111251458523785,0.004129500646072851,1.993915557836623e-18
2026-07-20,EWMA_SELFNORMALIZED,16,funded_assets,USD,0.94999999999999996,0.0025173799431065067,0.0031932037826276271,1.993915557836623e-18
2026-07-20,EWMA_SELFNORMALIZED,16,funded_assets,USD,0.98999999999999999,0.0036309815270528234,0.0041558298825043844,1.993915557836623e-18
2026-07-20,EWMA_SELFNORMALIZED,16,net_cashflows,EUR,0.94999999999999996,0.0019669334947406861,0.0024975824415380287,1.993915557836623e-18
2026-07-20,EWMA_SELFNORMALIZED,16,net_cashflows,EUR,0.98999999999999999,0.0028645632514144761,0.0032526588736226563,1.993915557836623e-18
2026-07-20,EWMA_SELFNORMALIZED,16,net_cashflows,USD,0.94999999999999996,0.0019729595542478072,0.00250763609636137,1.993915557836623e-18
2026-07-20,EWMA_SELFNORMALIZED,16,net_cashflows,USD,0.98999999999999999,0.0028709590543169062,0.0032700571129774267,1.993915557836623e-18
2026-07-20,EWMA_GAUSS,18,funded_assets,EUR,0.94999999999999996,0.0024959793031640032,0.0031286488193115452,2.0294909416213036e-18
2026-07-20,EWMA_GAUSS,18,funded_assets,EUR,0.98999999999999999,0.0035287987514879826,0.0040463166248679181,2.0294909416213036e-18
2026-07-20,EWMA_GAUSS,18,funded_assets,USD,0.94999999999999996,0.002505296879415495,0.0031434462059500719,2.0294909416213036e-18
2026-07-20,EWMA_GAUSS,18,funded_assets,USD,0.98999999999999999,0.0035473520077305195,0.0040709412374414413,2.0294909416213036e-18
2026-07-20,EWMA_GAUSS,18,net_cashflows,EUR,0.94999999999999996,0.0019551010127741189,0.0024519236436924613,2.0294909416213036e-18
2026-07-20,EWMA_GAUSS,18,net_cashflows,EUR,0.98999999999999999,0.0027636430822490675,0.0031673251013915439,2.0294909416213036e-18
2026-07-20,EWMA_GAUSS,18,net_cashflows,USD,0.94999999999999996,0.0019614212653147394,0.00246186244330514,2.0294909416213036e-18
2026-07-20,EWMA_GAUSS,18,net_cashflows,USD,0.98999999999999999,0.0027740536213121444,0.0031835616026907286,2.0294909416213036e-18
2026-07-20,EWMA_SELFNORMALIZED,18,funded_assets,EUR,0.94999999999999996,0.0025090787074906751,0.0031775627460522366,2.1819568721270777e-18
2026-07-20,EWMA_SELFNORMALIZED,18,funded_assets,EUR,0.98999999999999999,0.0036013238899998967,0.0041268339802272517,2.1819568721270777e-18
2026-07-20,EWMA_SELFNORMALIZED,18,funded_assets,USD,0.94999999999999996,0.0025193925404670705,0.0031928771664662217,2.1819568721270777e-18
2026-07-20,EWMA_SELFNORMALIZED,18,funded_assets,USD,0.98999999999999999,0.0036204516798126847,0.004152500420422864,2.1819568721270777e-18
2026-07-20,EWMA_SELFNORMALIZED,18,net_cashflows,EUR,0.94999999999999996,0.0019655545404814066,0.0024910662996756035,2.1819568721270777e-18
2026-07-20,EWMA_SELFNORMALIZED,18,net_cashflows,EUR,0.98999999999999999,0.0028305854683236325,0.0032458555257305305,2.1819568721270777e-18
2026-07-20,EWMA_SELFNORMALIZED,18,net_cashflows,USD,0.94999999999999996,0.0019720806750704806,0.0025012955094214765,2.1819568721270777e-18
2026-07-20,EWMA_SELFNORMALIZED,18,net_cashflows,USD,0.98999999999999999,0.0028437215065266232,0.0032630623546219392,2.1819568721270777e-18
2026-07-28,EWMA_GAUSS,14,funded_assets,EUR,0.94999999999999996,0.0021825740356390122,0.0027589216334656802,1.3281476612947429e-18
2026-07-28,EWMA_GAUSS,14,funded_assets,EUR,0.98999999999999999,0.0031108910966867742,0.0035796177283339216,1.3281476612947429e-18
2026-07-28,EWMA_GAUSS,14,funded_assets,USD,0.94999999999999996,0.0021863047949234483,0.0027684458815791053,1.3281476612947429e-18
2026-07-28,EWMA_GAUSS,14,funded_assets,USD,0.98999999999999999,0.0031243453778252773,0.003595132084223573,1.3281476612947429e-18
2026-07-28,EWMA_GAUSS,14,net_cashflows,EUR,0.94999999999999996,0.0019206715235415505,0.0024003845331204048,1.3281476612947429e-18
2026-07-28,EWMA_GAUSS,14,net_cashflows,EUR,0.98999999999999999,0.0027010285421045,0.0031073193449904783,1.3281476612947429e-18
2026-07-28,EWMA_GAUSS,14,net_cashflows,USD,0.94999999999999996,0.0019303875997238552,0.0024091398346295693,1.3281476612947429e-18
2026-07-28,EWMA_GAUSS,14,net_cashflows,USD,0.98999999999999999,0.0027130584259708311,0.0031216350846656284,1.3281476612947429e-18
2026-07-28,EWMA_SELFNORMALIZED,14,funded_assets,EUR,0.94999999999999996,0.0021846755599317647,0.0027793232315490588,1.703383256928398e-18
2026-07-28,EWMA_SELFNORMALIZED,14,funded_assets,EUR,0.98999999999999999,0.0031618069560439832,0.0036397495690913941,1.703383256928398e-18
2026-07-28,EWMA_SELFNORMALIZED,14,funded_assets,USD,0.94999999999999996,0.0021920850340480698,0.0027893429129280463,1.703383256928398e-18
2026-07-28,EWMA_SELFNORMALIZED,14,funded_assets,USD,0.98999999999999999,0.003180166999058705,0.0036567894587363117,1.703383256928398e-18
2026-07-28,EWMA_SELFNORMALIZED,14,net_cashflows,EUR,0.94999999999999996,0.0019405229432093553,0.0024819127516544563,1.703383256928398e-18
2026-07-28,EWMA_SELFNORMALIZED,14,net_cashflows,EUR,0.98999999999999999,0.0027958244602703797,0.0032511904141740988,1.703383256928398e-18
2026-07-28,EWMA_SELFNORMALIZED,14,net_cashflows,USD,0.94999999999999996,0.0019519562128498956,0.0024910456611771533,1.703383256928398e-18
2026-07-28,EWMA_SELFNORMALIZED,14,net_cashflows,USD,0.98999999999999999,0.0028118968827439686,0.0032660197711770296,1.703383256928398e-18
2026-07-28,EWMA_GAUSS,16,funded_assets,EUR,0.94999999999999996,0.0021990731102355665,0.0027523188767550463,1.7423467725020958e-18
2026-07-28,EWMA_GAUSS,16,funded_assets,EUR,0.98999999999999999,0.0031017468876758381,0.0035632358500186415,1.7423467725020958e-18
2026-07-28,EWMA_GAUSS,16,funded_assets,USD,0.94999999999999996,0.0022024945980696851,0.0027617024254793744,1.7423467725020958e-18
2026-07-28,EWMA_GAUSS,16,funded_assets,USD,0.98999999999999999,0.0031161238212039253,0.0035784489358013146,1.7423467725020958e-18
2026-07-28,EWMA_GAUSS,16,net_cashflows,EUR,0.94999999999999996,0.0019163550061567446,0.0024008297698952311,1.7423467725020958e-18
2026-07-28,EWMA_GAUSS,16,net_cashflows,EUR,0.98999999999999999,0.0027032341829969723,0.00310659725069002,1.7423467725020958e-18
2026-07-28,EWMA_GAUSS,16,net_cashflows,USD,0.94999999999999996,0.0019227822818959008,0.0024096822670050155,1.7423467725020958e-18
2026-07-28,EWMA_GAUSS,16,net_cashflows,USD,0.98999999999999999,0.0027142656663046985,0.0031210487785516177,1.7423467725020958e-18
2026-07-28,EWMA_SELFNORMALIZED,16,funded_assets,EUR,0.94999999999999996,0.0021976914000337577,0.0027849962279631129,1.7245590806097555e-18
2026-07-28,EWMA_SELFNORMALIZED,16,funded_assets,EUR,0.98999999999999999,0.00314845710827652,0.0036252692904256345,1.7245590806097555e-18
2026-07-28,EWMA_SELFNORMALIZED,16,funded_assets,USD,0.94999999999999996,0.002203891233494449,0.0027946041171679052,1.7245590806097555e-18
2026-07-28,EWMA_SELFNORMALIZED,16,funded_assets,USD,0.98999999999999999,0.0031627237104906989,0.0036402645531128544,1.7245590806097555e-18
2026-07-28,EWMA_SELFNORMALIZED,16,net_cashflows,EUR,0.94999999999999996,0.0019171568512537872,0.0024435605092647333,1.7245590806097555e-18
2026-07-28,EWMA_SELFNORMALIZED,16,net_cashflows,EUR,0.98999999999999999,0.0027724619918241492,0.0032015116376862191,1.7245590806097555e-18
2026-07-28,EWMA_SELFNORMALIZED,16,net_cashflows,USD,0.94999999999999996,0.0019219915043024347,0.0024526039524851743,1.7245590806097555e-18
2026-07-28,EWMA_SELFNORMALIZED,16,net_cashflows,USD,0.98999999999999999,0.0027843122600314961,0.0032163910591308745,1.7245590806097555e-18
2026-07-28,EWMA_GAUSS,18,funded_assets,EUR,0.94999999999999996,0.0022004178839439281,0.0027510283968133443,2.010856216781709e-18
2026-07-28,EWMA_GAUSS,18,funded_assets,EUR,0.98999999999999999,0.0030944130596294861,0.0035607001627179329,2.010856216781709e-18
2026-07-28,EWMA_GAUSS,18,funded_assets,USD,0.94999999999999996,0.0022058248003156903,0.0027604457442660744,2.010856216781709e-18
2026-07-28,EWMA_GAUSS,18,funded_assets,USD,0.98999999999999999,0.0031071698465866666,0.0035762416665401234,2.010856216781709e-18
2026-07-28,EWMA_GAUSS,18,net_cashflows,EUR,0.94999999999999996,0.0019145983897459252,0.0024011687556465674,2.010856216781709e-18
2026-07-28,EWMA_GAUSS,18,net_cashflows,EUR,0.98999999999999999,0.0027086468417097057,0.0031027288627266478,2.010856216781709e-18
2026-07-28,EWMA_GAUSS,18,net_cashflows,USD,0.94999999999999996,0.0019202189577929246,0.0024099858925841658,2.010856216781709e-18
2026-07-28,EWMA_GAUSS,18,net_cashflows,USD,0.98999999999999999,0.0027211643662164837,0.0031172106434749279,2.010856216781709e-18
2026-07-28,EWMA_SELFNORMALIZED,18,funded_assets,EUR,0.94999999999999996,0.0022072076315066969,0.0027942080672751111,1.7719929256559963e-18
2026-07-28,EWMA_SELFNORMALIZED,18,funded_assets,EUR,0.98999999999999999,0.0031533465275659089,0.0036259001687327804,1.7719929256559963e-18
2026-07-28,EWMA_SELFNORMALIZED,18,funded_assets,USD,0.94999999999999996,0.0022118810508474198,0.0028038887816423772,1.7719929256559963e-18
2026-07-28,EWMA_SELFNORMALIZED,18,funded_assets,USD,0.98999999999999999,0.0031659247744648292,0.0036419175237721387,1.7719929256559963e-18
2026-07-28,EWMA_SELFNORMALIZED,18,net_cashflows,EUR,0.94999999999999996,0.0019274770304747667,0.0024426165333878876,1.7719929256559963e-18
2026-07-28,EWMA_SELFNORMALIZED,18,net_cashflows,EUR,0.98999999999999999,0.0027708028746459166,0.0031769844340167881,1.7719929256559963e-18
2026-07-28,EWMA_SELFNORMALIZED,18,net_cashflows,USD,0.94999999999999996,0.0019334884542051771,0.0024517164886031697,1.7719929256559963e-18
2026-07-28,EWMA_SELFNORMALIZED,18,net_cashflows,USD,0.98999999999999999,0.0027825048644020745,0.0031922359277379709,1.7719929256559963e-18
2026-08-05,EWMA_GAUSS,14,funded_assets,EUR,0.94999999999999996,0.0031512006966922523,0.0039864327987486209,3.0637181702188043e-18
2026-08-05,EWMA_GAUSS,14,funded_assets,EUR,0.98999999999999999,0.0045184321440196462,0.0051852158604805644,3.0637181702188043e-18
2026-08-05,EWMA_GAUSS,14,funded_assets,USD,0.94999999999999996,0.0031542501118114697,0.003997577316353155,3.0637181702188043e-18
2026-08-05,EWMA_GAUSS,14,funded_assets,USD,0.98999999999999999,0.0045293235856990058,0.0052032251301272385,3.0637181702188043e-18
2026-08-05,EWMA_GAUSS,14,net_cashflows,EUR,0.94999999999999996,0.0038185690151064655,0.0047741527934063756,3.0637181702188043e-18
2026-08-05,EWMA_GAUSS,14,net_cashflows,EUR,0.98999999999999999,0.0053753091198893033,0.0061832534494337919,3.0637181702188043e-18
2026-08-05,EWMA_GAUSS,14,net_cashflows,USD,0.94999999999999996,0.0038298191853877329,0.0047933332082406776,3.0637181702188043e-18
2026-08-05,EWMA_GAUSS,14,net_cashflows,USD,0.98999999999999999,0.0053895677383084201,0.0062132379962316396,3.0637181702188043e-18
2026-08-05,EWMA_SELFNORMALIZED,14,funded_assets,EUR,0.94999999999999996,0.0031674722806565858,0.004043649328252674,2.7155876288972869e-18
2026-08-05,EWMA_SELFNORMALIZED,14,funded_assets,EUR,0.98999999999999999,0.0046031961583089531,0.0052824057971812667,2.7155876288972869e-18
2026-08-05,EWMA_SELFNORMALIZED,14,funded_assets,USD,0.94999999999999996,0.0031748028124304016,0.0040546314433700503,2.7155876288972869e-18
2026-08-05,EWMA_SELFNORMALIZED,14,funded_assets,USD,0.98999999999999999,0.0046122699008749948,0.0052989493478054128,2.7155876288972869e-18
2026-08-05,EWMA_SELFNORMALIZED,14,net_cashflows,EUR,0.94999999999999996,0.0038676188765591306,0.0049248475732250607,2.7155876288972869e-18
2026-08-05,EWMA_SELFNORMALIZED,14,net_cashflows,EUR,0.98999999999999999,0.0055575423980875555,0.006468025620213199,2.7155876288972869e-18
2026-08-05,EWMA_SELFNORMALIZED,14,net_cashflows,USD,0.94999999999999996,0.0038780605718905046,0.0049450188976046033,2.7155876288972869e-18
2026-08-05,EWMA_SELFNORMALIZED,14,net_cashflows,USD,0.98999999999999999,0.0055684375737502893,0.0065039646119912919,2.7155876288972869e-18
2026-08-05,EWMA_GAUSS,16,funded_assets,EUR,0.94999999999999996,0.0031669061815847721,0.0039826384352757574,3.0637181702188043e-18
2026-08-05,EWMA_GAUSS,16,funded_assets,EUR,0.98999999999999999,0.0045140292538639881,0.0051581767823469515,3.0637181702188043e-18
2026-08-05,EWMA_GAUSS,16,funded_assets,USD,0.94999999999999996,0.0031752969481416834,0.0039933908495912041,3.0637181702188043e-18
2026-08-05,EWMA_GAUSS,16,funded_assets,USD,0.98999999999999999,0.004519784819969285,0.0051756935170918974,3.0637181702188043e-18
2026-08-05,EWMA_GAUSS,16,net_cashflows,EUR,0.94999999999999996,0.0038105906556691106,0.0047746322306304705,3.0637181702188043e-18
2026-08-05,EWMA_GAUSS,16,net_cashflows,EUR,0.98999999999999999,0.0053805298211854089,0.0061820733774364369,3.0637181702188043e-18
2026-08-05,EWMA_GAUSS,16,net_cashflows,USD,0.94999999999999996,0.0038211580538557461,0.0047934407472304888,3.0637181702188043e-18
2026-08-05,EWMA_GAUSS,16,net_cashflows,USD,0.98999999999999999,0.0053974048453294954,0.0062132615747080965,3.0637181702188043e-18
2026-08-05,EWMA_SELFNORMALIZED,16,funded_assets,EUR,0.94999999999999996,0.003200794414535274,0.0040535033404831859,3.0933643233727048e-18
2026-08-05,EWMA_SELFNORMALIZED,16,funded_assets,EUR,0.98999999999999999,0.0045895632251528595,0.0052732792047681751,3.0933643233727048e-18
2026-08-05,EWMA_SELFNORMALIZED,16,funded_assets,USD,0.94999999999999996,0.0032064747442318714,0.0040645228423454652,3.0933643233727048e-18
2026-08-05,EWMA_SELFNORMALIZED,16,funded_assets,USD,0.98999999999999999,0.0046059938614827949,0.0052917325417210495,3.0933643233727048e-18
2026-08-05,EWMA_SELFNORMALIZED,16,net_cashflows,EUR,0.94999999999999996,0.0038249271815461224,0.0048616786696840802,3.0933643233727048e-18
2026-08-05,EWMA_SELFNORMALIZED,16,net_cashflows,EUR,0.98999999999999999,0.0055293023215290619,0.006312621499946304,3.0933643233727048e-18
2026-08-05,EWMA_SELFNORMALIZED,16,net_cashflows,USD,0.94999999999999996,0.0038356648130178153,0.0048811912416745111,3.0933643233727048e-18
2026-08-05,EWMA_SELFNORMALIZED,16,net_cashflows,USD,0.98999999999999999,0.0055567377247672939,0.0063443096879275225,3.0933643233727048e-18
2026-08-05,EWMA_GAUSS,18,funded_assets,EUR,0.94999999999999996,0.0031749181503380741,0.0039818662243835123,3.4220131069073734e-18
2026-08-05,EWMA_GAUSS,18,funded_assets,EUR,0.98999999999999999,0.0045001971565319376,0.0051535713837935699,3.4220131069073734e-18
2026-08-05,EWMA_GAUSS,18,funded_assets,USD,0.94999999999999996,0.0031802540266442541,0.0039927030503654377,3.4220131069073734e-18
2026-08-05,EWMA_GAUSS,18,funded_assets,USD,0.98999999999999999,0.0045140743183027625,0.005171671626348723,3.4220131069073734e-18
2026-08-05,EWMA_GAUSS,18,net_cashflows,EUR,0.94999999999999996,0.0038043364150773138,0.0047754757174373946,3.4220131069073734e-18
2026-08-05,EWMA_GAUSS,18,net_cashflows,EUR,0.98999999999999999,0.0053756638155901476,0.0061744326997331374,3.4220131069073734e-18
2026-08-05,EWMA_GAUSS,18,net_cashflows,USD,0.94999999999999996,0.0038175475182339116,0.0047942436647295163,3.4220131069073734e-18
2026-08-05,EWMA_GAUSS,18,net_cashflows,USD,0.98999999999999999,0.005398645231654944,0.0062054112825297896,3.4220131069073734e-18
2026-08-05,EWMA_SELFNORMALIZED,18,funded_assets,EUR,0.94999999999999996,0.0031996254569808258,0.0040539452650221481,3.5626205761515872e-18
2026-08-05,EWMA_SELFNORMALIZED,18,funded_assets,EUR,0.98999999999999999,0.0045793421152910962,0.0052790455015608436,3.5626205761515872e-18
2026-08-05,EWMA_SELFNORMALIZED,18,funded_assets,USD,0.94999999999999996,0.0032068525170987007,0.00406517774143923,3.5626205761515872e-18
2026-08-05,EWMA_SELFNORMALIZED,18,funded_assets,USD,0.98999999999999999,0.0045956326452484654,0.0052976859512946489,3.5626205761515872e-18
2026-08-05,EWMA_SELFNORMALIZED,18,net_cashflows,EUR,0.94999999999999996,0.0038260949245655373,0.0048531715917656433,3.5626205761515872e-18
2026-08-05,EWMA_SELFNORMALIZED,18,net_cashflows,EUR,0.98999999999999999,0.0054942140901426345,0.0063128988101103485,3.5626205761515872e-18
2026-08-05,EWMA_SELFNORMALIZED,18,net_cashflows,USD,0.94999999999999996,0.0038377592078584219,0.0048725564956162114,3.5626205761515872e-18
2026-08-05,EWMA_SELFNORMALIZED,18,net_cashflows,USD,0.98999999999999999,0.0055204704322912163,0.0063453674100552131,3.5626205761515872e-18
2026-08-13,EWMA_GAUSS,14,funded_assets,EUR,0.94999999999999996,0.0026538019818983516,0.0033504831184439274,2.541098841762901e-18
2026-08-13,EWMA_GAUSS,14,funded_assets,EUR,0.98999999999999999,0.0037685979736563346,0.0043597812183259442,2.541098841762901e-18
2026-08-13,EWMA_GAUSS,14,funded_assets,USD,0.94999999999999996,0.0026576382697655835,0.0033580352124315273,2.541098841762901e-18
2026-08-13,EWMA_GAUSS,14,funded_assets,USD,0.98999999999999999,0.0037681100641770967,0.0043721337835396189,2.541098841762901e-18
2026-08-13,EWMA_GAUSS,14,net_cashflows,EUR,0.94999999999999996,0.0032557835614110075,0.0040778309240993094,2.541098841762901e-18
2026-08-13,EWMA_GAUSS,14,net_cashflows,EUR,0.98999999999999999,0.0046001024729081632,0.0052739003433349089,2.541098841762901e-18
2026-08-13,EWMA_GAUSS,14,net_cashflows,USD,0.94999999999999996,0.0032638709118371183,0.0040913977864189318,2.541098841762901e-18
2026-08-13,EWMA_GAUSS,14,net_cashflows,USD,0.98999999999999999,0.0046096640889103108,0.0052955470471437562,2.541098841762901e-18
2026-08-13,EWMA_SELFNORMALIZED,14,funded_assets,EUR,0.94999999999999996,0.0026821386574273076,0.0034291730505399682,2.8517481751684157e-18
2026-08-13,EWMA_SELFNORMALIZED,14,funded_assets,EUR,0.98999999999999999,0.0038806480682643807,0.0044938670149782117,2.8517481751684157e-18
2026-08-13,EWMA_SELFNORMALIZED,14,funded_assets,USD,0.94999999999999996,0.0026875438847467192,0.0034366347688881385,2.8517481751684157e-18
2026-08-13,EWMA_SELFNORMALIZED,14,funded_assets,USD,0.98999999999999999,0.0038906029316958979,0.0045080799582856712,2.8517481751684157e-18
2026-08-13,EWMA_SELFNORMALIZED,14,net_cashflows,EUR,0.94999999999999996,0.0033052034453781905,0.0041891597324773917,2.8517481751684157e-18
2026-08-13,EWMA_SELFNORMALIZED,14,net_cashflows,EUR,0.98999999999999999,0.0047212260442911274,0.0054640097362294296,2.8517481751684157e-18
2026-08-13,EWMA_SELFNORMALIZED,14,net_cashflows,USD,0.94999999999999996,0.0033134135840798278,0.0042026834195263481,2.8517481751684157e-18
2026-08-13,EWMA_SELFNORMALIZED,14,net_cashflows,USD,0.98999999999999999,0.0047403343497494001,0.0054863650076841007,2.8517481751684157e-18
2026-08-13,EWMA_GAUSS,16,funded_assets,EUR,0.94999999999999996,0.0026676279221901356,0.003347225155880258,2.6579893884839945e-18
2026-08-13,EWMA_GAUSS,16,funded_assets,EUR,0.98999999999999999,0.0037859009370390939,0.0043357006087936783,2.6579893884839945e-18
2026-08-13,EWMA_GAUSS,16,funded_assets,USD,0.94999999999999996,0.0026702891567618944,0.0033546243154135812,2.6579893884839945e-18
2026-08-13,EWMA_GAUSS,16,funded_assets,USD,0.98999999999999999,0.0037956922106871871,0.0043479811386856618,2.6579893884839945e-18
2026-08-13,EWMA_GAUSS,16,net_cashflows,EUR,0.94999999999999996,0.0032561611813050058,0.0040784618681326112,2.6579893884839945e-18
2026-08-13,EWMA_GAUSS,16,net_cashflows,EUR,0.98999999999999999,0.0046004865790723274,0.0052756737735252879,2.6579893884839945e-18
2026-08-13,EWMA_GAUSS,16,net_cashflows,USD,0.94999999999999996,0.0032640724847039166,0.0040919560501889978,2.6579893884839945e-18
2026-08-13,EWMA_GAUSS,16,net_cashflows,USD,0.98999999999999999,0.0046184525465456042,0.0052978413311985479,2.6579893884839945e-18
2026-08-13,EWMA_SELFNORMALIZED,16,funded_assets,EUR,0.94999999999999996,0.0026821386574273076,0.0034002057331912632,2.8517481751684157e-18
2026-08-13,EWMA_SELFNORMALIZED,16,funded_assets,EUR,0.98999999999999999,0.0038351193445491927,0.0044202559248811618,2.8517481751684157e-18
2026-08-13,EWMA_SELFNORMALIZED,16,funded_assets,USD,0.94999999999999996,0.0026877851974558171,0.0034077617695725355,2.8517481751684157e-18
2026-08-13,EWMA_SELFNORMALIZED,16,funded_assets,USD,0.98999999999999999,0.0038488373599065862,0.0044325660075431655,2.8517481751684157e-18
2026-08-13,EWMA_SELFNORMALIZED,16,net_cashflows,EUR,0.94999999999999996,0.0032622168127015355,0.0041612728066996668,2.8517481751684157e-18
2026-08-13,EWMA_SELFNORMALIZED,16,net_cashflows,EUR,0.98999999999999999,0.004705244243676754,0.0054627503210721746,2.8517481751684157e-18
2026-08-13,EWMA_SELFNORMALIZED,16,net_cashflows,USD,0.94999999999999996,0.0032668995598691972,0.0041755059863984511,2.8517481751684157e-18
2026-08-13,EWMA_SELFNORMALIZED,16,net_cashflows,USD,0.98999999999999999,0.0047138860593795729,0.0054865449504450329,2.8517481751684157e-18
2026-08-13,EWMA_GAUSS,18,funded_assets,EUR,0.94999999999999996,0.0026664406490874704,0.0033469045715776562,3.6727348592946463e-18
2026-08-13,EWMA_GAUSS,18,funded_assets,EUR,0.98999999999999999,0.0037799634701988771,0.0043310479863482307,3.6727348592946463e-18
2026-08-13,EWMA_GAUSS,18,funded_assets,USD,0.94999999999999996,0.0026708405024070602,0.0033543491210714783,3.6727348592946463e-18
2026-08-13,EWMA_GAUSS,18,funded_assets,USD,0.98999999999999999,0.0037912831769875152,0.0043436920371989207,3.6727348592946463e-18
2026-08-13,EWMA_GAUSS,18,net_cashflows,EUR,0.94999999999999996,0.0032513106793007006,0.0040781187542344487,3.6727348592946463e-18
2026-08-13,EWMA_GAUSS,18,net_cashflows,EUR,0.98999999999999999,0.0045977511653549795,0.0052718920680488151,3.6727348592946463e-18
2026-08-13,EWMA_GAUSS,18,net_cashflows,USD,0.94999999999999996,0.0032598045671977777,0.0040916683054355672,3.6727348592946463e-18
2026-08-13,EWMA_GAUSS,18,net_cashflows,USD,0.98999999999999999,0.0046171566159129958,0.0052941665911976563,3.6727348592946463e-18
2026-08-13,EWMA_SELFNORMALIZED,18,funded_assets,EUR,0.94999999999999996,0.002683033998287121,0.0034066081460234453,2.8744063065074682e-18
2026-08-13,EWMA_SELFNORMALIZED,18,funded_assets,EUR,0.98999999999999999,0.0038613818023009727,0.0044328701841155902,2.8744063065074682e-18
2026-08-13,EWMA_SELFNORMALIZED,18,funded_assets,USD,0.94999999999999996,0.0026882054823331508,0.0034142863707077925,2.8744063065074682e-18
2026-08-13,EWMA_SELFNORMALIZED,18,funded_assets,USD,0.98999999999999999,0.0038690232643579666,0.0044457973656103766,2.8744063065074682e-18
2026-08-13,EWMA_SELFNORMALIZED,18,net_cashflows,EUR,0.94999999999999996,0.0032693226289959741,0.0041596016405113911,2.8744063065074682e-18
2026-08-13,EWMA_SELFNORMALIZED,18,net_cashflows,EUR,0.98999999999999999,0.0047208944506748063,0.0054407431864303361,2.8744063065074682e-18
2026-08-13,EWMA_SELFNORMALIZED,18,net_cashflows,USD,0.94999999999999996,0.003276481528123622,0.0041738520966485386,2.8744063065074682e-18
2026-08-13,EWMA_SELFNORMALIZED,18,net_cashflows,USD,0.98999999999999999,0.004737250555090629,0.0054649567186943046,2.8744063065074682e-18
2026-08-21,EWMA_GAUSS,14,funded_assets,EUR,0.94999999999999996,0.0024126962071330527,0.0030488666908784386,2.095559511507139e-18
2026-08-21,EWMA_GAUSS,14,funded_assets,EUR,0.98999999999999999,0.0034669032949312117,0.0039818115030980546,2.095559511507139e-18
2026-08-21,EWMA_GAUSS,14,funded_assets,USD,0.94999999999999996,0.0024210347250183195,0.0030579350297805386,2.095559511507139e-18
2026-08-21,EWMA_GAUSS,14,funded_assets,USD,0.98999999999999999,0.0034852784606054085,0.0039969129405425267,2.095559511507139e-18
2026-08-21,EWMA_GAUSS,14,net_cashflows,EUR,0.94999999999999996,0.0030290602843931038,0.0037903711948462471,2.095559511507139e-18
2026-08-21,EWMA_GAUSS,14,net_cashflows,EUR,0.98999999999999999,0.004259424526229405,0.0049050257870257349,2.095559511507139e-18
2026-08-21,EWMA_GAUSS,14,net_cashflows,USD,0.94999999999999996,0.0030368913083755763,0.0038056947211749055,2.095559511507139e-18
2026-08-21,EWMA_GAUSS,14,net_cashflows,USD,0.98999999999999999,0.0042826743630904303,0.0049298221686490612,2.095559511507139e-18
2026-08-21,EWMA_SELFNORMALIZED,14,funded_assets,EUR,0.94999999999999996,0.0024274403723275884,0.0030612580361706943,1.9244588561617704e-18
2026-08-21,EWMA_SELFNORMALIZED,14,funded_assets,EUR,0.98999999999999999,0.0034765738517066047,0.0039557340799679739,1.9244588561617704e-18
2026-08-21,EWMA_SELFNORMALIZED,14,funded_assets,USD,0.94999999999999996,0.0024367224330603151,0.0030704173881854319,1.9244588561617704e-18
2026-08-21,EWMA_SELFNORMALIZED,14,funded_assets,USD,0.98999999999999999,0.0034843263231370781,0.0039736156204403621,1.9244588561617704e-18
2026-08-21,EWMA_SELFNORMALIZED,14,net_cashflows,EUR,0.94999999999999996,0.0030694696512930438,0.0038973519248785495,1.9244588561617704e-18
2026-08-21,EWMA_SELFNORMALIZED,14,net_cashflows,EUR,0.98999999999999999,0.0044313125191804753,0.0050834535940738942,1.9244588561617704e-18
2026-08-21,EWMA_SELFNORMALIZED,14,net_cashflows,USD,0.94999999999999996,0.0030818495481817329,0.0039127673225948997,1.9244588561617704e-18
2026-08-21,EWMA_SELFNORMALIZED,14,net_cashflows,USD,0.98999999999999999,0.00444838549869956,0.0051097770530234114,1.9244588561617704e-18
2026-08-21,EWMA_GAUSS,16,funded_assets,EUR,0.94999999999999996,0.0024327413726032421,0.0030496524904561166,2.9239577339218448e-18
2026-08-21,EWMA_GAUSS,16,funded_assets,EUR,0.98999999999999999,0.0034396840226154357,0.0039444048364373277,2.9239577339218448e-18
2026-08-21,EWMA_GAUSS,16,funded_assets,USD,0.94999999999999996,0.0024390714210479471,0.003058561820562476,2.9239577339218448e-18
2026-08-21,EWMA_GAUSS,16,funded_assets,USD,0.98999999999999999,0.0034518654226841127,0.003959152634371626,2.9239577339218448e-18
2026-08-21,EWMA_GAUSS,16,net_cashflows,EUR,0.94999999999999996,0.0030227559468019808,0.0037901689478793982,2.9239577339218448e-18
2026-08-21,EWMA_GAUSS,16,net_cashflows,EUR,0.98999999999999999,0.0042727438827170339,0.0049030583588564672,2.9239577339218448e-18
2026-08-21,EWMA_GAUSS,16,net_cashflows,USD,0.94999999999999996,0.0030316269503238413,0.0038055946843789244,2.9239577339218448e-18
2026-08-21,EWMA_GAUSS,16,net_cashflows,USD,0.98999999999999999,0.004291632690409713,0.0049282756918766031,2.9239577339218448e-18
2026-08-21,EWMA_SELFNORMALIZED,16,funded_assets,EUR,0.94999999999999996,0.0024467408513251798,0.0031128112891957963,3.1035287187397564e-18
2026-08-21,EWMA_SELFNORMALIZED,16,funded_assets,EUR,0.98999999999999999,0.0035451676532237408,0.0040703654296750406,3.1035287187397564e-18
2026-08-21,EWMA_SELFNORMALIZED,16,funded_assets,USD,0.94999999999999996,0.0024563873639418918,0.0031222330620145899,3.1035287187397564e-18
2026-08-21,EWMA_SELFNORMALIZED,16,funded_assets,USD,0.98999999999999999,0.0035626310021287279,0.0040860376639599728,3.1035287187397564e-18
2026-08-21,EWMA_SELFNORMALIZED,16,net_cashflows,EUR,0.94999999999999996,0.0030441700364730036,0.0038675536454349981,3.1035287187397564e-18
2026-08-21,EWMA_SELFNORMALIZED,16,net_cashflows,EUR,0.98999999999999999,0.0044072256573390199,0.0050567287172846812,3.1035287187397564e-18
2026-08-21,EWMA_SELFNORMALIZED,16,net_cashflows,USD,0.94999999999999996,0.0030566097480454755,0.0038834800108521897,3.1035287187397564e-18
2026-08-21,EWMA_SELFNORMALIZED,16,net_cashflows,USD,0.98999999999999999,0.0044210120391111763,0.0050836751840461457,3.1035287187397564e-18
2026-08-21,EWMA_GAUSS,18,funded_assets,EUR,0.94999999999999996,0.0024299693257770483,0.0030483294806984509,2.9239577339218448e-18
2026-08-21,EWMA_GAUSS,18,funded_assets,EUR,0.98999999999999999,0.0034413611479575112,0.0039449128029334481,2.9239577339218448e-18
2026-08-21,EWMA_GAUSS,18,funded_assets,USD,0.94999999999999996,0.00243637495814183,0.0030573235741051565,2.9239577339218448e-18
2026-08-21,EWMA_GAUSS,18,funded_assets,USD,0.98999999999999999,0.0034542762941576766,0.0039595020029029593,2.9239577339218448e-18
2026-08-21,EWMA_GAUSS,18,net_cashflows,EUR,0.94999999999999996,0.0030215264354977347,0.0037903441621645064,2.9239577339218448e-18
2026-08-21,EWMA_GAUSS,18,net_cashflows,EUR,0.98999999999999999,0.0042789968718458639,0.0048986834664095829,2.9239577339218448e-18
2026-08-21,EWMA_GAUSS,18,net_cashflows,USD,0.94999999999999996,0.0030297547582022839,0.0038057598704755854,2.9239577339218448e-18
2026-08-21,EWMA_GAUSS,18,net_cashflows,USD,0.98999999999999999,0.0042967436654272502,0.0049239988339541624,2.9239577339218448e-18
2026-08-21,EWMA_SELFNORMALIZED,18,funded_assets,EUR,0.94999999999999996,0.0024420816453673555,0.0031063620374782107,3.1035287187397564e-18
2026-08-21,EWMA_SELFNORMALIZED,18,funded_assets,EUR,0.98999999999999999,0.0035342365720927305,0.0040611554902708858,3.1035287187397564e-18
2026-08-21,EWMA_SELFNORMALIZED,18,funded_assets,USD,0.94999999999999996,0.0024478790751127667,0.0031157320971779154,3.1035287187397564e-18
2026-08-21,EWMA_SELFNORMALIZED,18,funded_assets,USD,0.98999999999999999,0.003544859125498543,0.0040769276867232487,3.1035287187397564e-18
2026-08-21,EWMA_SELFNORMALIZED,18,net_cashflows,EUR,0.94999999999999996,0.0030387676107113569,0.003859743947647952,3.1035287187397564e-18
2026-08-21,EWMA_SELFNORMALIZED,18,net_cashflows,EUR,0.98999999999999999,0.0043821762943960446,0.0050365935635454575,3.1035287187397564e-18
2026-08-21,EWMA_SELFNORMALIZED,18,net_cashflows,USD,0.94999999999999996,0.0030470594310421338,0.0038758147443317069,3.1035287187397564e-18
2026-08-21,EWMA_SELFNORMALIZED,18,net_cashflows,USD,0.98999999999999999,0.0044020546054453031,0.005063606721137379,3.1035287187397564e-18
2026-08-31,EWMA_GAUSS,14,funded_assets,EUR,0.94999999999999996,0.0021741066086703453,0.002751901535035726,2.6105555434377536e-18
2026-08-31,EWMA_GAUSS,14,funded_assets,EUR,0.98999999999999999,0.0031374844615161823,0.0035972267714155979,2.6105555434377536e-18
2026-08-31,EWMA_GAUSS,14,funded_assets,USD,0.94999999999999996,0.0021761772884875755,0.0027608813401874262,2.6105555434377536e-18
2026-08-31,EWMA_GAUSS,14,funded_assets,USD,0.98999999999999999,0.003158170937694737,0.0036114304628314976,2.6105555434377536e-18
2026-08-31,EWMA_GAUSS,14,net_cashflows,EUR,0.94999999999999996,0.0025972505638372279,0.003251554359547308,2.6105555434377536e-18
2026-08-31,EWMA_GAUSS,14,net_cashflows,EUR,0.98999999999999999,0.0036654214232221156,0.0042065462644431256,2.6105555434377536e-18
2026-08-31,EWMA_GAUSS,14,net_cashflows,USD,0.94999999999999996,0.00259968458272889,0.0032641151635130284,2.6105555434377536e-18
2026-08-31,EWMA_GAUSS,14,net_cashflows,USD,0.98999999999999999,0.0036713577880937306,0.0042268363747286876,2.6105555434377536e-18
2026-08-31,EWMA_SELFNORMALIZED,14,funded_assets,EUR,0.94999999999999996,0.0022260189551052967,0.0028219300281550901,1.7381116077658243e-18
2026-08-31,EWMA_SELFNORMALIZED,14,funded_assets,EUR,0.98999999999999999,0.0031604524931634626,0.0036692695983161893,1.7381116077658243e-18
2026-08-31,EWMA_SELFNORMALIZED,14,funded_assets,USD,0.94999999999999996,0.0022280796725609999,0.0028304232120941863,1.7381116077658243e-18
2026-08-31,EWMA_SELFNORMALIZED,14,funded_assets,USD,0.98999999999999999,0.0031683465465309501,0.0036822797069855639,1.7381116077658243e-18
2026-08-31,EWMA_SELFNORMALIZED,14,net_cashflows,EUR,0.94999999999999996,0.0025908948212023386,0.0033002693201587092,1.7381116077658243e-18
2026-08-31,EWMA_SELFNORMALIZED,14,net_cashflows,EUR,0.98999999999999999,0.0037609444382773476,0.0043497324913457829,1.7381116077658243e-18
2026-08-31,EWMA_SELFNORMALIZED,14,net_cashflows,USD,0.94999999999999996,0.0025993150396437827,0.0033131359007988956,1.7381116077658243e-18
2026-08-31,EWMA_SELFNORMALIZED,14,net_cashflows,USD,0.98999999999999999,0.0037805246109594076,0.0043705755030621317,1.7381116077658243e-18
2026-08-31,EWMA_GAUSS,16,funded_assets,EUR,0.94999999999999996,0.0021939340058584889,0.0027531715295748644,2.6105555434377536e-18
2026-08-31,EWMA_GAUSS,16,funded_assets,EUR,0.98999999999999999,0.0031123464720065608,0.0035610801919844174,2.6105555434377536e-18
2026-08-31,EWMA_GAUSS,16,funded_assets,USD,0.94999999999999996,0.0021987343548514342,0.002762073982444446,2.6105555434377536e-18
2026-08-31,EWMA_GAUSS,16,funded_assets,USD,0.98999999999999999,0.0031262906828711892,0.0035757423469936793,2.6105555434377536e-18
2026-08-31,EWMA_GAUSS,16,net_cashflows,EUR,0.94999999999999996,0.0025919185946050357,0.0032511827415198928,2.6105555434377536e-18
2026-08-31,EWMA_GAUSS,16,net_cashflows,EUR,0.98999999999999999,0.003670727057913048,0.0042053631868389368,2.6105555434377536e-18
2026-08-31,EWMA_GAUSS,16,net_cashflows,USD,0.94999999999999996,0.0025977170916585361,0.0032637834817623459,2.6105555434377536e-18
2026-08-31,EWMA_GAUSS,16,net_cashflows,USD,0.98999999999999999,0.0036841802048569552,0.0042260243246871748,2.6105555434377536e-18
2026-08-31,EWMA_SELFNORMALIZED,16,funded_assets,EUR,0.94999999999999996,0.0022152121504041278,0.0028191616171708758,1.7846984198648108e-18
2026-08-31,EWMA_SELFNORMALIZED,16,funded_assets,EUR,0.98999999999999999,0.0032006602222130198,0.0037000362485360202,1.7846984198648108e-18
2026-08-31,EWMA_SELFNORMALIZED,16,funded_assets,USD,0.94999999999999996,0.0022191228149352109,0.0028282143597267123,1.7846984198648108e-18
2026-08-31,EWMA_SELFNORMALIZED,16,funded_assets,USD,0.98999999999999999,0.0032109788700891515,0.0037146914433587542,1.7846984198648108e-18
2026-08-31,EWMA_SELFNORMALIZED,16,net_cashflows,EUR,0.94999999999999996,0.0026029369992162767,0.0032955525277894677,1.7846984198648108e-18
2026-08-31,EWMA_SELFNORMALIZED,16,net_cashflows,EUR,0.98999999999999999,0.0037543713837116855,0.0043014951353020116,1.7846984198648108e-18
2026-08-31,EWMA_SELFNORMALIZED,16,net_cashflows,USD,0.94999999999999996,0.002610780849019001,0.0033082115149223367,1.7846984198648108e-18
2026-08-31,EWMA_SELFNORMALIZED,16,net_cashflows,USD,0.98999999999999999,0.0037703185933643246,0.0043221044713255968,1.7846984198648108e-18
2026-08-31,EWMA_GAUSS,18,funded_assets,EUR,0.94999999999999996,0.0021948674220851616,0.0027520206069120488,3.1170812458958252e-18
2026-08-31,EWMA_GAUSS,18,funded_assets,EUR,0.98999999999999999,0.0031063931789792332,0.0035611860866130024,3.1170812458958252e-18
2026-08-31,EWMA_GAUSS,18,funded_assets,USD,0.94999999999999996,0.0022002849586790409,0.0027609469823646261,3.1170812458958252e-18
2026-08-31,EWMA_GAUSS,18,funded_assets,USD,0.98999999999999999,0.0031180525238684318,0.0035756881546395178,3.1170812458958252e-18
2026-08-31,EWMA_GAUSS,18,net_cashflows,EUR,0.94999999999999996,0.0025907093303366049,0.0032513306059086394,3.1170812458958252e-18
2026-08-31,EWMA_GAUSS,18,net_cashflows,EUR,0.98999999999999999,0.0036700770817643894,0.0042014829187852262,3.1170812458958252e-18
2026-08-31,EWMA_GAUSS,18,net_cashflows,USD,0.94999999999999996,0.0025982192838176132,0.0032639887054920465,3.1170812458958252e-18
2026-08-31,EWMA_GAUSS,18,net_cashflows,USD,0.98999999999999999,0.0036816755034783637,0.0042222565818626732,3.1170812458958252e-18
2026-08-31,EWMA_SELFNORMALIZED,18,funded_assets,EUR,0.94999999999999996,0.0022124981116750098,0.0028117591904377659,2.7545511444709847e-18
2026-08-31,EWMA_SELFNORMALIZED,18,funded_assets,EUR,0.98999999999999999,0.0031830220090970363,0.0036794061378993192,2.7545511444709847e-18
2026-08-31,EWMA_SELFNORMALIZED,18,funded_assets,USD,0.94999999999999996,0.0022171016611174793,0.0028209646037972731,2.7545511444709847e-18
2026-08-31,EWMA_SELFNORMALIZED,18,funded_assets,USD,0.98999999999999999,0.0031935940978246513,0.0036949524239290161,2.7545511444709847e-18
2026-08-31,EWMA_SELFNORMALIZED,18,net_cashflows,EUR,0.94999999999999996,0.0026016575913535233,0.003303414440994194,2.7545511444709847e-18
2026-08-31,EWMA_SELFNORMALIZED,18,net_cashflows,EUR,0.98999999999999999,0.0037486201946291603,0.0043095878238486977,2.7545511444709847e-18
2026-08-31,EWMA_SELFNORMALIZED,18,net_cashflows,USD,0.94999999999999996,0.0026098144142893578,0.003316446709222065,2.7545511444709847e-18
2026-08-31,EWMA_SELFNORMALIZED,18,net_cashflows,USD,0.98999999999999999,0.0037636826166838992,0.00433146982084728,2.7545511444709847e-18
2026-09-08,EWMA_GAUSS,14,funded_assets,EUR,0.94999999999999996,0.0026628167212808806,0.0033516835973135153,2.6800122451126063e-18
2026-09-08,EWMA_GAUSS,14,funded_assets,EUR,0.98999999999999999,0.0037854793473563186,0.0043193916800505208,2.6800122451126063e-18
2026-09-08,EWMA_GAUSS,14,funded_assets,USD,0.94999999999999996,0.0026613542260599662,0.0033549499033123293,2.6800122451126063e-18
2026-09-08,EWMA_GAUSS,14,funded_assets,USD,0.98999999999999999,0.0037967369198294463,0.0043251542585709879,2.6800122451126063e-18
2026-09-08,EWMA_GAUSS,14,net_cashflows,EUR,0.94999999999999996,0.0039022320249168293,0.0048685428271797119,2.6800122451126063e-18
2026-09-08,EWMA_GAUSS,14,net_cashflows,EUR,0.98999999999999999,0.0054580800696310766,0.0062916493753447655,2.6800122451126063e-18
2026-09-08,EWMA_GAUSS,14,net_cashflows,USD,0.94999999999999996,0.0039099590830583607,0.0048827614656538534,2.6800122451126063e-18
2026-09-08,EWMA_GAUSS,14,net_cashflows,USD,0.98999999999999999,0.0054774881456347759,0.0063137892158475865,2.6800122451126063e-18
2026-09-08,EWMA_SELFNORMALIZED,14,funded_assets,EUR,0.94999999999999996,0.0026841189395080955,0.0034614045247843167,2.6325784000663655e-18
2026-09-08,EWMA_SELFNORMALIZED,14,funded_assets,EUR,0.98999999999999999,0.0039757556566089869,0.0045471630686559888,2.6325784000663655e-18
2026-09-08,EWMA_SELFNORMALIZED,14,funded_assets,USD,0.94999999999999996,0.0026855387751633141,0.0034647849626416299,2.6325784000663655e-18
2026-09-08,EWMA_SELFNORMALIZED,14,funded_assets,USD,0.98999999999999999,0.0039848154593590257,0.0045541669102875521,2.6325784000663655e-18
2026-09-08,EWMA_SELFNORMALIZED,14,net_cashflows,EUR,0.94999999999999996,0.0038723239072953278,0.0049599809515716332,2.6325784000663655e-18
2026-09-08,EWMA_SELFNORMALIZED,14,net_cashflows,EUR,0.98999999999999999,0.0056313460480264862,0.006466723797624762,2.6325784000663655e-18
2026-09-08,EWMA_SELFNORMALIZED,14,net_cashflows,USD,0.94999999999999996,0.0038878025340189524,0.0049744618400070877,2.6325784000663655e-18
2026-09-08,EWMA_SELFNORMALIZED,14,net_cashflows,USD,0.98999999999999999,0.0056406133058470777,0.0064915880473940604,2.6325784000663655e-18
2026-09-08,EWMA_GAUSS,16,funded_assets,EUR,0.94999999999999996,0.0026737836336501175,0.0033514698513041341,3.0052728968582576e-18
2026-09-08,EWMA_GAUSS,16,funded_assets,EUR,0.98999999999999999,0.0037744452294741493,0.0043244231944232761,3.0052728968582576e-18
2026-09-08,EWMA_GAUSS,16,funded_assets,USD,0.94999999999999996,0.0026757006280845822,0.0033547199972615285,3.0052728968582576e-18
2026-09-08,EWMA_GAUSS,16,funded_assets,USD,0.98999999999999999,0.0037830921826209323,0.00432983331346108,3.0052728968582576e-18
2026-09-08,EWMA_GAUSS,16,net_cashflows,EUR,0.94999999999999996,0.0038813594117636189,0.0048787898143222369,3.0052728968582576e-18
2026-09-08,EWMA_GAUSS,16,net_cashflows,EUR,0.98999999999999999,0.0055021117408903591,0.0063026076880849328,3.0052728968582576e-18
2026-09-08,EWMA_GAUSS,16,net_cashflows,USD,0.94999999999999996,0.003891281325482685,0.0048930818166230353,3.0052728968582576e-18
2026-09-08,EWMA_GAUSS,16,net_cashflows,USD,0.98999999999999999,0.0055214896752516151,0.0063267163945908457,3.0052728968582576e-18
2026-09-08,EWMA_SELFNORMALIZED,16,funded_assets,EUR,0.94999999999999996,0.002671617881916083,0.0034094263845508722,2.9942614685439517e-18
2026-09-08,EWMA_SELFNORMALIZED,16,funded_assets,EUR,0.98999999999999999,0.0038720969750467571,0.0044641407987412139,2.9942614685439517e-18
2026-09-08,EWMA_SELFNORMALIZED,16,funded_assets,USD,0.94999999999999996,0.0026724219419546106,0.0034125822557618795,2.9942614685439517e-18
2026-09-08,EWMA_SELFNORMALIZED,16,funded_assets,USD,0.98999999999999999,0.0038816850727519236,0.0044703325917484103,2.9942614685439517e-18
2026-09-08,EWMA_SELFNORMALIZED,16,net_cashflows,EUR,0.94999999999999996,0.0039032222196054064,0.0049703102812688246,2.9942614685439517e-18
2026-09-08,EWMA_SELFNORMALIZED,16,net_cashflows,EUR,0.98999999999999999,0.0056166810083357775,0.006461249817830971,2.9942614685439517e-18
2026-09-08,EWMA_SELFNORMALIZED,16,net_cashflows,USD,0.94999999999999996,0.003912971630705319,0.004985265579740928,2.9942614685439517e-18
2026-09-08,EWMA_SELFNORMALIZED,16,net_cashflows,USD,0.98999999999999999,0.0056331782082419454,0.0064878645945646409,2.9942614685439517e-18
2026-09-08,EWMA_GAUSS,18,funded_assets,EUR,0.94999999999999996,0.0026744356100547317,0.0033512047314753568,3.2153370677773241e-18
2026-09-08,EWMA_GAUSS,18,funded_assets,EUR,0.98999999999999999,0.0037767846643597114,0.0043249166601331919,3.2153370677773241e-18
2026-09-08,EWMA_GAUSS,18,funded_assets,USD,0.94999999999999996,0.0026764170904156346,0.0033544725121141131,3.2153370677773241e-18
2026-09-08,EWMA_GAUSS,18,funded_assets,USD,0.98999999999999999,0.0037801775801801036,0.0043304333963098407,3.2153370677773241e-18
2026-09-08,EWMA_GAUSS,18,net_cashflows,EUR,0.94999999999999996,0.0038887752347902538,0.0048786337633885662,3.2153370677773241e-18
2026-09-08,EWMA_GAUSS,18,net_cashflows,EUR,0.98999999999999999,0.0055040766411795557,0.0063042613610632854,3.2153370677773241e-18
2026-09-08,EWMA_GAUSS,18,net_cashflows,USD,0.94999999999999996,0.0038975707273753626,0.0048929244221276062,3.2153370677773241e-18
2026-09-08,EWMA_GAUSS,18,net_cashflows,USD,0.98999999999999999,0.0055236853734057911,0.006328090764127433,3.2153370677773241e-18
2026-09-08,EWMA_SELFNORMALIZED,18,funded_assets,EUR,0.94999999999999996,0.0026817551314852472,0.0034119564076849455,3.8963515573697816e-18
2026-09-08,EWMA_SELFNORMALIZED,18,funded_assets,EUR,0.98999999999999999,0.0038713588594296577,0.0044605942276958535,3.8963515573697816e-18
2026-09-08,EWMA_SELFNORMALIZED,18,funded_assets,USD,0.94999999999999996,0.0026837018142844629,0.003415438030419664,3.8963515573697816e-18
2026-09-08,EWMA_SELFNORMALIZED,18,funded_assets,USD,0.98999999999999999,0.0038767194109770213,0.0044668187728994476,3.8963515573697816e-18
2026-09-08,EWMA_SELFNORMALIZED,18,net_cashflows,EUR,0.94999999999999996,0.0039071336831785763,0.0049680469650166736,3.8963515573697816e-18
2026-09-08,EWMA_SELFNORMALIZED,18,net_cashflows,EUR,0.98999999999999999,0.005625463536629449,0.0064784276440367303,3.8963515573697816e-18
2026-09-08,EWMA_SELFNORMALIZED,18,net_cashflows,USD,0.94999999999999996,0.0039177836683712925,0.0049830908090635114,3.8963515573697816e-18
2026-09-08,EWMA_SELFNORMALIZED,18,net_cashflows,USD,0.98999999999999999,0.0056464986295840392,0.0065034749494734942,3.8963515573697816e-18
2026-09-16,EWMA_GAUSS,14,funded_assets,EUR,0.94999999999999996,0.0024299264301496093,0.0030426326550723778,2.6834003769016235e-18
2026-09-16,EWMA_GAUSS,14,funded_assets,EUR,0.98999999999999999,0.0034113577709591891,0.003933528925793032,2.6834003769016235e-18
2026-09-16,EWMA_GAUSS,14,funded_assets,USD,0.94999999999999996,0.0024294385061554022,0.0030465257002783193,2.6834003769016235e-18
2026-09-16,EWMA_GAUSS,14,funded_assets,USD,0.98999999999999999,0.0034329687310920083,0.0039412706578542192,2.6834003769016235e-18
2026-09-16,EWMA_GAUSS,14,net_cashflows,EUR,0.94999999999999996,0.0035953924591524238,0.0044846919671348434,2.6834003769016235e-18
2026-09-16,EWMA_GAUSS,14,net_cashflows,EUR,0.98999999999999999,0.0050543598211884259,0.0057917031490890593,2.6834003769016235e-18
2026-09-16,EWMA_GAUSS,14,net_cashflows,USD,0.94999999999999996,0.0035968068969414245,0.0044995765808185564,2.6834003769016235e-18
2026-09-16,EWMA_GAUSS,14,net_cashflows,USD,0.98999999999999999,0.0050821572818413865,0.0058159332744560852,2.6834003769016235e-18
2026-09-16,EWMA_SELFNORMALIZED,14,funded_assets,EUR,0.94999999999999996,0.0024062606939010689,0.0031089136288147906,3.2322777267224101e-18
2026-09-16,EWMA_SELFNORMALIZED,14,funded_assets,EUR,0.98999999999999999,0.0035336397708871925,0.0040461599769383294,3.2322777267224101e-18
2026-09-16,EWMA_SELFNORMALIZED,14,funded_assets,USD,0.94999999999999996,0.0024078365659294869,0.0031126620065740247,3.2322777267224101e-18
2026-09-16,EWMA_SELFNORMALIZED,14,funded_assets,USD,0.98999999999999999,0.0035479087288513142,0.0040515300138289426,3.2322777267224101e-18
2026-09-16,EWMA_SELFNORMALIZED,14,net_cashflows,EUR,0.94999999999999996,0.0035747250030892519,0.0045845351193556302,3.2322777267224101e-18
2026-09-16,EWMA_SELFNORMALIZED,14,net_cashflows,EUR,0.98999999999999999,0.0051836471836641191,0.0060456190172651272,3.2322777267224101e-18
2026-09-16,EWMA_SELFNORMALIZED,14,net_cashflows,USD,0.94999999999999996,0.0035850242989639708,0.0045997412074164131,3.2322777267224101e-18
2026-09-16,EWMA_SELFNORMALIZED,14,net_cashflows,USD,0.98999999999999999,0.0052007591097084499,0.0060696680207657141,3.2322777267224101e-18
2026-09-16,EWMA_GAUSS,16,funded_assets,EUR,0.94999999999999996,0.0024281599876136151,0.0030419478656806783,2.9794383919670014e-18
2026-09-16,EWMA_GAUSS,16,funded_assets,EUR,0.98999999999999999,0.0034187555972239325,0.0039285767300350494,2.9794383919670014e-18
2026-09-16,EWMA_GAUSS,16,funded_assets,USD,0.94999999999999996,0.0024294385061554022,0.0030457301085078316,2.9794383919670014e-18
2026-09-16,EWMA_GAUSS,16,funded_assets,USD,0.98999999999999999,0.0034269709040453669,0.0039351726541634584,2.9794383919670014e-18
2026-09-16,EWMA_GAUSS,16,net_cashflows,EUR,0.94999999999999996,0.0035785893063800308,0.0044898084472158595,2.9794383919670014e-18
2026-09-16,EWMA_GAUSS,16,net_cashflows,EUR,0.98999999999999999,0.0050675509299532677,0.0058018714068736191,2.9794383919670014e-18
2026-09-16,EWMA_GAUSS,16,net_cashflows,USD,0.94999999999999996,0.0035855721162071975,0.0045048183127460841,2.9794383919670014e-18
2026-09-16,EWMA_GAUSS,16,net_cashflows,USD,0.98999999999999999,0.0050908602150910951,0.0058268204687651039,2.9794383919670014e-18
2026-09-16,EWMA_SELFNORMALIZED,16,funded_assets,EUR,0.94999999999999996,0.0024489556872154261,0.0031032370701696856,3.2322777267224101e-18
2026-09-16,EWMA_SELFNORMALIZED,16,funded_assets,EUR,0.98999999999999999,0.0034902789627840602,0.0040233262878142263,3.2322777267224101e-18
2026-09-16,EWMA_SELFNORMALIZED,16,funded_assets,USD,0.94999999999999996,0.0024516434247982767,0.0031072973234324468,3.2322777267224101e-18
2026-09-16,EWMA_SELFNORMALIZED,16,funded_assets,USD,0.98999999999999999,0.0034988982024268477,0.0040304663442921121,3.2322777267224101e-18
2026-09-16,EWMA_SELFNORMALIZED,16,net_cashflows,EUR,0.94999999999999996,0.0035903296113241612,0.0045694018059382066,3.2322777267224101e-18
2026-09-16,EWMA_SELFNORMALIZED,16,net_cashflows,EUR,0.98999999999999999,0.0051907141692471796,0.005984570808307354,3.2322777267224101e-18
2026-09-16,EWMA_SELFNORMALIZED,16,net_cashflows,USD,0.94999999999999996,0.0036008341206348513,0.0045851674558012581,3.2322777267224101e-18
2026-09-16,EWMA_SELFNORMALIZED,16,net_cashflows,USD,0.98999999999999999,0.0052207525084898782,0.0060109439976847069,3.2322777267224101e-18
2026-09-16,EWMA_GAUSS,18,funded_assets,EUR,0.94999999999999996,0.0024260265388965918,0.0030411544605334225,3.1602799262057946e-18
2026-09-16,EWMA_GAUSS,18,funded_assets,EUR,0.98999999999999999,0.0034281368766201636,0.0039268902545616172,3.1602799262057946e-18
2026-09-16,EWMA_GAUSS,18,funded_assets,USD,0.94999999999999996,0.0024287433192127471,0.0030449780612044333,3.1602799262057946e-18
2026-09-16,EWMA_GAUSS,18,funded_assets,USD,0.98999999999999999,0.0034343933696668249,0.0039334010221725646,3.1602799262057946e-18
2026-09-16,EWMA_GAUSS,18,net_cashflows,EUR,0.94999999999999996,0.003579061132454675,0.0044896111670504413,3.1602799262057946e-18
2026-09-16,EWMA_GAUSS,18,net_cashflows,EUR,0.98999999999999999,0.0050592648188294235,0.0058025006379348147,3.1602799262057946e-18
2026-09-16,EWMA_GAUSS,18,net_cashflows,USD,0.94999999999999996,0.0035889560694534503,0.0045046393152266533,3.1602799262057946e-18
2026-09-16,EWMA_GAUSS,18,net_cashflows,USD,0.98999999999999999,0.0050784092323723469,0.0058272605715641371,3.1602799262057946e-18
2026-09-16,EWMA_SELFNORMALIZED,18,funded_assets,EUR,0.94999999999999996,0.002433939592513229,0.003095212379566547,3.4389537658524594e-18
2026-09-16,EWMA_SELFNORMALIZED,18,funded_assets,EUR,0.98999999999999999,0.0035120682007907245,0.0040487832239138105,3.4389537658524594e-18
2026-09-16,EWMA_SELFNORMALIZED,18,funded_assets,USD,0.94999999999999996,0.0024360829239610075,0.0030991760468924482,3.4389537658524594e-18
2026-09-16,EWMA_SELFNORMALIZED,18,funded_assets,USD,0.98999999999999999,0.0035156907341006281,0.0040552473229779288,3.4389537658524594e-18
2026-09-16,EWMA_SELFNORMALIZED,18,net_cashflows,EUR,0.94999999999999996,0.0035928844110448607,0.004578275005807526,3.4389537658524594e-18
2026-09-16,EWMA_SELFNORMALIZED,18,net_cashflows,EUR,0.98999999999999999,0.0052072536653116393,0.0059926716120313637,3.4389537658524594e-18
2026-09-16,EWMA_SELFNORMALIZED,18,net_cashflows,USD,0.94999999999999996,0.0036025381771287645,0.0045938297825675618,3.4389537658524594e-18
2026-09-16,EWMA_SELFNORMALIZED,18,net_cashflows,USD,0.98999999999999999,0.005227556072840576,0.0060190647164574222,3.4389537658524594e-18
2026-09-24,EWMA_GAUSS,14,funded_assets,EUR,0.94999999999999996,0.0024425625160305053,0.0030739176823056063,2.97816784254612e-18
2026-09-24,EWMA_GAUSS,14,funded_assets,EUR,0.98999999999999999,0.0034565947331672842,0.0039747282654231594,2.97816784254612e-18
2026-09-24,EWMA_GAUSS,14,funded_assets,USD,0.94999999999999996,0.0024480779538435587,0.0030778665525330474,2.97816784254612e-18
2026-09-24,EWMA_GAUSS,14,funded_assets,USD,0.98999999999999999,0.0034600576758729408,0.0039825260470381044,2.97816784254612e-18
2026-09-24,EWMA_GAUSS,14,net_cashflows,EUR,0.94999999999999996,0.0037130433094927362,0.004621330911679559,2.97816784254612e-18
2026-09-24,EWMA_GAUSS,14,net_cashflows,EUR,0.98999999999999999,0.0052207861571888173,0.0059744245512860731,2.97816784254612e-18
2026-09-24,EWMA_GAUSS,14,net_cashflows,USD,0.94999999999999996,0.0037255326921029992,0.0046398837080134413,2.97816784254612e-18
2026-09-24,EWMA_GAUSS,14,net_cashflows,USD,0.98999999999999999,0.0052417399543630691,0.0060040898555531056,2.97816784254612e-18
2026-09-24,EWMA_SELFNORMALIZED,14,funded_assets,EUR,0.94999999999999996,0.0024422612454259307,0.003130308007883313,3.7879313401212311e-18
2026-09-24,EWMA_SELFNORMALIZED,14,funded_assets,EUR,0.98999999999999999,0.0035527319542239255,0.0041409609504381509,3.7879313401212311e-18
2026-09-24,EWMA_SELFNORMALIZED,14,funded_assets,USD,0.94999999999999996,0.0024441881771580984,0.0031337814739296832,3.7879313401212311e-18
2026-09-24,EWMA_SELFNORMALIZED,14,funded_assets,USD,0.98999999999999999,0.0035556264186755939,0.0041445280192887813,3.7879313401212311e-18
2026-09-24,EWMA_SELFNORMALIZED,14,net_cashflows,EUR,0.94999999999999996,0.0037143125582969946,0.0047088640706212017,3.7879313401212311e-18
2026-09-24,EWMA_SELFNORMALIZED,14,net_cashflows,EUR,0.98999999999999999,0.0054026972591507466,0.0061812565102279358,3.7879313401212311e-18
2026-09-24,EWMA_SELFNORMALIZED,14,net_cashflows,USD,0.94999999999999996,0.0037220534637339379,0.0047287272746667844,3.7879313401212311e-18
2026-09-24,EWMA_SELFNORMALIZED,14,net_cashflows,USD,0.98999999999999999,0.0054239905848923256,0.0062156984475879263,3.7879313401212311e-18
2026-09-24,EWMA_GAUSS,16,funded_assets,EUR,0.94999999999999996,0.0024514535231444368,0.003073640097281706,3.2695471764015993e-18
2026-09-24,EWMA_GAUSS,16,funded_assets,EUR,0.98999999999999999,0.0034541905217427005,0.0039694962406453885,3.2695471764015993e-18
2026-09-24,EWMA_GAUSS,16,funded_assets,USD,0.94999999999999996,0.0024550705417141407,0.0030775072533279547,3.2695471764015993e-18
2026-09-24,EWMA_GAUSS,16,funded_assets,USD,0.98999999999999999,0.0034557412827250968,0.0039766060506868138,3.2695471764015993e-18
2026-09-24,EWMA_GAUSS,16,net_cashflows,EUR,0.94999999999999996,0.0036928735743832816,0.0046254315394259511,3.2695471764015993e-18
2026-09-24,EWMA_GAUSS,16,net_cashflows,EUR,0.98999999999999999,0.0052388999765530016,0.0059794771058757079,3.2695471764015993e-18
2026-09-24,EWMA_GAUSS,16,net_cashflows,USD,0.94999999999999996,0.0037048917933628117,0.0046441885998642568,3.2695471764015993e-18
2026-09-24,EWMA_GAUSS,16,net_cashflows,USD,0.98999999999999999,0.0052651562797080987,0.0060104708707971509,3.2695471764015993e-18
2026-09-24,EWMA_SELFNORMALIZED,16,funded_assets,EUR,0.94999999999999996,0.0024618571346779194,0.0031357974154182437,3.7879313401212311e-18
2026-09-24,EWMA_SELFNORMALIZED,16,funded_assets,EUR,0.98999999999999999,0.003556102947443518,0.004107059497705878,3.7879313401212311e-18
2026-09-24,EWMA_SELFNORMALIZED,16,funded_assets,USD,0.94999999999999996,0.0024604011622649108,0.0031395948143674171,3.7879313401212311e-18
2026-09-24,EWMA_SELFNORMALIZED,16,funded_assets,USD,0.98999999999999999,0.0035620910248804257,0.0041126306663963807,3.7879313401212311e-18
2026-09-24,EWMA_SELFNORMALIZED,16,net_cashflows,EUR,0.94999999999999996,0.0036986884918099655,0.0046896863505446924,3.7879313401212311e-18
2026-09-24,EWMA_SELFNORMALIZED,16,net_cashflows,EUR,0.98999999999999999,0.0053076910186762522,0.006135093878302916,3.7879313401212311e-18
2026-09-24,EWMA_SELFNORMALIZED,16,net_cashflows,USD,0.94999999999999996,0.0037118144036885148,0.0047090202675485002,3.7879313401212311e-18
2026-09-24,EWMA_SELFNORMALIZED,16,net_cashflows,USD,0.98999999999999999,0.005323213687721472,0.0061677652206035159,3.7879313401212311e-18
2026-09-24,EWMA_GAUSS,18,funded_assets,EUR,0.94999999999999996,0.0024529520936958094,0.0030727680688063209,3.2695471764015993e-18
2026-09-24,EWMA_GAUSS,18,funded_assets,EUR,0.98999999999999999,0.0034638856420413366,0.0039677233546921804,3.2695471764015993e-18
2026-09-24,EWMA_GAUSS,18,funded_assets,USD,0.94999999999999996,0.0024550423303651954,0.003076736659838476,3.2695471764015993e-18
2026-09-24,EWMA_GAUSS,18,funded_assets,USD,0.98999999999999999,0.0034680464148051527,0.0039745895795589448,3.2695471764015993e-18
2026-09-24,EWMA_GAUSS,18,net_cashflows,EUR,0.94999999999999996,0.0036879574298899096,0.0046248530035649278,3.2695471764015993e-18
2026-09-24,EWMA_GAUSS,18,net_cashflows,EUR,0.98999999999999999,0.005213441287660203,0.0059779503693184457,3.2695471764015993e-18
2026-09-24,EWMA_GAUSS,18,net_cashflows,USD,0.94999999999999996,0.0036999242183985244,0.0046436713703278034,3.2695471764015993e-18
2026-09-24,EWMA_GAUSS,18,net_cashflows,USD,0.98999999999999999,0.0052373564683180166,0.0060088352604893598,3.2695471764015993e-18
2026-09-24,EWMA_SELFNORMALIZED,18,funded_assets,EUR,0.94999999999999996,0.0024633092478671403,0.0031284772776985041,3.7879313401212311e-18
2026-09-24,EWMA_SELFNORMALIZED,18,funded_assets,EUR,0.98999999999999999,0.0035507271437783816,0.0040889753179037033,3.7879313401212311e-18
2026-09-24,EWMA_SELFNORMALIZED,18,funded_assets,USD,0.94999999999999996,0.0024652496115865072,0.0031325759706534789,3.7879313401212311e-18
2026-09-24,EWMA_SELFNORMALIZED,18,funded_assets,USD,0.98999999999999999,0.0035563614782434519,0.004095989098763052,3.7879313401212311e-18
2026-09-24,EWMA_SELFNORMALIZED,18,net_cashflows,EUR,0.94999999999999996,0.0037071439403144717,0.0047166169342916647,3.7879313401212311e-18
2026-09-24,EWMA_SELFNORMALIZED,18,net_cashflows,EUR,0.98999999999999999,0.005356943814186943,0.0061640650543323796,3.7879313401212311e-18
2026-09-24,EWMA_SELFNORMALIZED,18,net_cashflows,USD,0.94999999999999996,0.0037163538019917616,0.0047362177256234789,3.7879313401212311e-18
2026-09-24,EWMA_SELFNORMALIZED,18,net_cashflows,USD,0.98999999999999999,0.0053812903693452058,0.0061969538725039587,3.7879313401212311e-18
