origin_date,absolute_range,range_over_EUR,horizon,tau,book,report
2026-01-02,0.00043619045647735888,0.10204813987190263,1,0.94999999999999996,funded_assets,EUR
2026-01-05,0.00056880617880255332,0.12939322124118008,1,0.94999999999999996,funded_assets,EUR
2026-01-06,0.00062297545846086433,0.1435936141626141,1,0.94999999999999996,funded_assets,EUR
2026-01-07,0.00055134140736131602,0.12816403189808279,1,0.94999999999999996,funded_assets,EUR
2026-01-08,0.00060850356267376678,0.14334806908050668,1,0.94999999999999996,funded_assets,EUR
2026-01-09,0.00063239752818203092,0.15024711021915435,1,0.94999999999999996,funded_assets,EUR
2026-01-12,0.00067531121182371097,0.16071062813561582,1,0.94999999999999996,funded_assets,EUR
2026-01-13,0.00074863992474655076,0.17842943536321673,1,0.94999999999999996,funded_assets,EUR
2026-01-14,0.00058858584906202552,0.14054935119621492,1,0.94999999999999996,funded_assets,EUR
2026-01-15,0.00053155121427787486,0.12694481435909566,1,0.94999999999999996,funded_assets,EUR
2026-01-16,0.00054708911524146975,0.13135644300939645,1,0.94999999999999996,funded_assets,EUR
2026-01-19,0.00036505700441090416,0.087510157587070411,1,0.94999999999999996,funded_assets,EUR
2026-01-20,0.00050255385236395913,0.11161212158806486,1,0.94999999999999996,funded_assets,EUR
2026-01-21,0.00053981466609903401,0.1219385133634647,1,0.94999999999999996,funded_assets,EUR
2026-01-22,0.00055394446454597613,0.12547839239783115,1,0.94999999999999996,funded_assets,EUR
2026-01-23,0.00076750351359719787,0.17462587685830014,1,0.94999999999999996,funded_assets,EUR
2026-01-26,0.0018561273942835875,0.34014263596958028,1,0.94999999999999996,funded_assets,EUR
2026-01-27,0.0015670467014577104,0.28748894909408695,1,0.94999999999999996,funded_assets,EUR
2026-01-28,0.001476795967197614,0.27684877039450828,1,0.94999999999999996,funded_assets,EUR
2026-01-29,0.0014336766105493073,0.27381824285903866,1,0.94999999999999996,funded_assets,EUR
2026-01-30,0.0011903633585780976,0.23018753544208967,1,0.94999999999999996,funded_assets,EUR
2026-02-02,0.00063799074488427466,0.12195957918409793,1,0.94999999999999996,funded_assets,EUR
2026-02-03,0.00058214250460970028,0.11230158423515343,1,0.94999999999999996,funded_assets,EUR
2026-02-04,0.00062998074104915133,0.1221834973713764,1,0.94999999999999996,funded_assets,EUR
2026-02-05,0.00088271885687371716,0.17119193811719077,1,0.94999999999999996,funded_assets,EUR
2026-02-06,0.00083609954750903624,0.16550912408836241,1,0.94999999999999996,funded_assets,EUR
2026-02-09,0.00072258820123266305,0.1423999094255628,1,0.94999999999999996,funded_assets,EUR
2026-02-10,0.00064224689561583666,0.12533107401573881,1,0.94999999999999996,funded_assets,EUR
2026-02-11,0.00092272601736679769,0.17520731306661708,1,0.94999999999999996,funded_assets,EUR
2026-02-12,0.00087063139677163136,0.16885397035666164,1,0.94999999999999996,funded_assets,EUR
2026-02-13,0.00084326005725160816,0.16500324010385004,1,0.94999999999999996,funded_assets,EUR
2026-02-16,0.00076050415532178707,0.15182470365325848,1,0.94999999999999996,funded_assets,EUR
2026-02-17,0.0010159211824127762,0.20285468422376138,1,0.94999999999999996,funded_assets,EUR
2026-02-18,0.0010203514319320831,0.20560298194425064,1,0.94999999999999996,funded_assets,EUR
2026-02-19,0.0010852191381648521,0.21926638469157059,1,0.94999999999999996,funded_assets,EUR
2026-02-20,0.001044415962488371,0.21404824194590166,1,0.94999999999999996,funded_assets,EUR
2026-02-23,0.00097153465433900531,0.20231759837878976,1,0.94999999999999996,funded_assets,EUR
2026-02-24,0.00079931324074940073,0.1654405495098949,1,0.94999999999999996,funded_assets,EUR
2026-02-25,0.00087112887953907925,0.18015882547521839,1,0.94999999999999996,funded_assets,EUR
2026-02-26,0.0008268835057854201,0.17350755089674391,1,0.94999999999999996,funded_assets,EUR
2026-02-27,0.00081752172201850475,0.16980224159348828,1,0.94999999999999996,funded_assets,EUR
2026-03-02,0.0008125089310790758,0.16734027054680811,1,0.94999999999999996,funded_assets,EUR
2026-03-03,0.0010185683735097614,0.20387082209414456,1,0.94999999999999996,funded_assets,EUR
2026-03-04,0.00094931215835187578,0.19155677602825374,1,0.94999999999999996,funded_assets,EUR
2026-03-05,0.00094762922026955538,0.1941562329324682,1,0.94999999999999996,funded_assets,EUR
2026-03-06,0.0010059875533789406,0.20613241193193649,1,0.94999999999999996,funded_assets,EUR
2026-03-09,0.0008902331025003006,0.18154958721111861,1,0.94999999999999996,funded_assets,EUR
2026-03-10,0.001123603552235234,0.22855293445206648,1,0.94999999999999996,funded_assets,EUR
2026-03-11,0.0012865683182981752,0.26507036377949894,1,0.94999999999999996,funded_assets,EUR
2026-03-12,0.0013349114939922345,0.2796142084900945,1,0.94999999999999996,funded_assets,EUR
2026-03-13,0.0013981187166315244,0.29167979003787908,1,0.94999999999999996,funded_assets,EUR
2026-03-16,0.0014068132055265704,0.29875748933098006,1,0.94999999999999996,funded_assets,EUR
2026-03-17,0.0014367601066736166,0.30354413294121152,1,0.94999999999999996,funded_assets,EUR
2026-03-18,0.0014889034656354327,0.32013240149604816,1,0.94999999999999996,funded_assets,EUR
2026-03-19,0.0012190248181243556,0.25115449375437437,1,0.94999999999999996,funded_assets,EUR
2026-03-20,0.0011787282733861943,0.24003646483020341,1,0.94999999999999996,funded_assets,EUR
2026-03-23,0.0012481321765804073,0.2558661323465275,1,0.94999999999999996,funded_assets,EUR
2026-03-24,0.001312570739106878,0.27265279511056678,1,0.94999999999999996,funded_assets,EUR
2026-03-25,0.0013346600141610808,0.28261273862316449,1,0.94999999999999996,funded_assets,EUR
2026-03-26,0.0014523678221900526,0.31222142311209805,1,0.94999999999999996,funded_assets,EUR
2026-03-27,0.0014824926096311947,0.32044465727516741,1,0.94999999999999996,funded_assets,EUR
2026-03-30,0.0011884942703081665,0.25417481928465852,1,0.94999999999999996,funded_assets,EUR
2026-03-31,0.001218811082835127,0.26578700093486635,1,0.94999999999999996,funded_assets,EUR
2026-04-01,0.0016505684839180383,0.35528174761105874,1,0.94999999999999996,funded_assets,EUR
2026-04-02,0.0018311021185810367,0.39237296973938146,1,0.94999999999999996,funded_assets,EUR
2026-04-07,0.001726557620711916,0.36780908353896985,1,0.94999999999999996,funded_assets,EUR
2026-04-08,0.002280970395509359,0.46796101138323504,1,0.94999999999999996,funded_assets,EUR
2026-04-09,0.0022267316526859392,0.46070746654956746,1,0.94999999999999996,funded_assets,EUR
2026-04-10,0.0021391401232423515,0.44685264866699914,1,0.94999999999999996,funded_assets,EUR
2026-04-13,0.0021480413934215452,0.45653134865628658,1,0.94999999999999996,funded_assets,EUR
2026-04-14,0.0023944420302398264,0.49647722846179426,1,0.94999999999999996,funded_assets,EUR
2026-04-15,0.0024068905791790234,0.50806315515986744,1,0.94999999999999996,funded_assets,EUR
2026-04-16,0.0023959643860631168,0.51377062849691435,1,0.94999999999999996,funded_assets,EUR
2026-04-17,0.0023641594951863652,0.51401294817182897,1,0.94999999999999996,funded_assets,EUR
2026-04-20,0.0021487858219442005,0.45345325063176312,1,0.94999999999999996,funded_assets,EUR
2026-04-21,0.0021450067748864359,0.45991870553116299,1,0.94999999999999996,funded_assets,EUR
2026-04-22,0.0021334275836438843,0.46326493657102163,1,0.94999999999999996,funded_assets,EUR
2026-04-23,0.0021367176078097168,0.46689840458560022,1,0.94999999999999996,funded_assets,EUR
2026-04-24,0.0021432291012721243,0.47128858982938898,1,0.94999999999999996,funded_assets,EUR
2026-04-27,0.0021467553813118061,0.47653902606498022,1,0.94999999999999996,funded_assets,EUR
2026-04-28,0.0021809847598720381,0.47744363918860983,1,0.94999999999999996,funded_assets,EUR
2026-04-29,0.002145842746084935,0.4763995299057322,1,0.94999999999999996,funded_assets,EUR
2026-04-30,0.0021142730071690707,0.36690226943147813,1,0.94999999999999996,funded_assets,EUR
2026-05-04,0.0019455405609157556,0.34418237155580539,1,0.94999999999999996,funded_assets,EUR
2026-05-05,0.0018651466156109856,0.33801496120469798,1,0.94999999999999996,funded_assets,EUR
2026-05-06,0.0018288849063758201,0.33410028286543253,1,0.94999999999999996,funded_assets,EUR
2026-05-07,0.0017186202026012532,0.32178364904388357,1,0.94999999999999996,funded_assets,EUR
2026-05-08,0.0016190366275657337,0.31087354441154647,1,0.94999999999999996,funded_assets,EUR
2026-05-11,0.0015394638217589417,0.30193882218054074,1,0.94999999999999996,funded_assets,EUR
2026-05-12,0.0013891121009388194,0.27670944201953501,1,0.94999999999999996,funded_assets,EUR
2026-05-13,0.0012363434991599729,0.25046696258271645,1,0.94999999999999996,funded_assets,EUR
2026-05-14,0.0011601998622815498,0.24025810590051055,1,0.94999999999999996,funded_assets,EUR
2026-05-15,0.0012401195393884892,0.25559127063813725,1,0.94999999999999996,funded_assets,EUR
2026-05-18,0.0012477862092035606,0.2615916764300153,1,0.94999999999999996,funded_assets,EUR
2026-05-19,0.0012311319770501082,0.26144445804076982,1,0.94999999999999996,funded_assets,EUR
2026-05-20,0.0011524234191486269,0.24696877392716751,1,0.94999999999999996,funded_assets,EUR
2026-05-21,0.0010571871058033906,0.22951097756416994,1,0.94999999999999996,funded_assets,EUR
2026-05-22,0.0008953054003270457,0.19591555197424174,1,0.94999999999999996,funded_assets,EUR
2026-05-25,0.00085456870613516249,0.1876652187650554,1,0.94999999999999996,funded_assets,EUR
2026-05-26,0.0007144184178376296,0.15617280229380384,1,0.94999999999999996,funded_assets,EUR
2026-05-27,0.00074126100037507324,0.16393535690558381,1,0.94999999999999996,funded_assets,EUR
2026-05-28,0.00076618519336037628,0.17169645423782534,1,0.94999999999999996,funded_assets,EUR
2026-05-29,0.0011639016337010727,0.25351023326029071,1,0.94999999999999996,funded_assets,EUR
2026-06-01,0.0011425567085398313,0.25271985851477408,1,0.94999999999999996,funded_assets,EUR
2026-06-02,0.0011483288961051628,0.25770012659031966,1,0.94999999999999996,funded_assets,EUR
2026-06-03,0.0010907996829597469,0.24655566389989472,1,0.94999999999999996,funded_assets,EUR
2026-06-04,0.00098800411228799814,0.22721273643587384,1,0.94999999999999996,funded_assets,EUR
2026-06-05,0.00093450835135587681,0.21908848830670777,1,0.94999999999999996,funded_assets,EUR
2026-06-08,0.00056801860286426545,0.12465631076891971,1,0.94999999999999996,funded_assets,EUR
2026-06-09,0.0005260082825156772,0.11587563207867695,1,0.94999999999999996,funded_assets,EUR
2026-06-10,0.0006153200109429444,0.13725621371412142,1,0.94999999999999996,funded_assets,EUR
2026-06-11,0.00066883094781730601,0.15230005183655931,1,0.94999999999999996,funded_assets,EUR
2026-06-12,0.00075460698957641008,0.17495187555971778,1,0.94999999999999996,funded_assets,EUR
2026-06-15,0.00075902181025906332,0.17706511171372419,1,0.94999999999999996,funded_assets,EUR
2026-06-16,0.00080607281607883441,0.19101459519395414,1,0.94999999999999996,funded_assets,EUR
2026-06-17,0.00083673220133849598,0.19819131150084371,1,0.94999999999999996,funded_assets,EUR
2026-06-18,0.00085740723399466579,0.1861865763923517,1,0.94999999999999996,funded_assets,EUR
2026-06-19,0.0008707561315539113,0.18989618891182658,1,0.94999999999999996,funded_assets,EUR
2026-06-22,0.00089916394418022676,0.19921722773575629,1,0.94999999999999996,funded_assets,EUR
2026-06-23,0.00066729001543500231,0.14101369461015553,1,0.94999999999999996,funded_assets,EUR
2026-06-24,0.00073278590903696345,0.15553096409567352,1,0.94999999999999996,funded_assets,EUR
2026-06-25,0.00075865189944366706,0.16457267298178502,1,0.94999999999999996,funded_assets,EUR
2026-06-26,0.00085894144460642568,0.18708374379497666,1,0.94999999999999996,funded_assets,EUR
2026-06-29,0.00086615452727074275,0.19243374275424072,1,0.94999999999999996,funded_assets,EUR
2026-06-30,0.00086883457705973395,0.19635322176365425,1,0.94999999999999996,funded_assets,EUR
2026-07-01,0.00085392860983636056,0.1959136963850546,1,0.94999999999999996,funded_assets,EUR
2026-07-02,0.00070777987335917444,0.15708412336115241,1,0.94999999999999996,funded_assets,EUR
2026-07-03,0.00078094047456281953,0.17546128072580028,1,0.94999999999999996,funded_assets,EUR
2026-07-06,0.00074040722026432436,0.16661964638411678,1,0.94999999999999996,funded_assets,EUR
2026-07-07,0.00069626207368055082,0.1584649022315944,1,0.94999999999999996,funded_assets,EUR
2026-07-08,0.00075157657633888493,0.17399858380898273,1,0.94999999999999996,funded_assets,EUR
2026-07-09,0.00078208674210205557,0.18392147746997456,1,0.94999999999999996,funded_assets,EUR
2026-07-10,0.00079191038213647421,0.18619304543013535,1,0.94999999999999996,funded_assets,EUR
2026-07-13,0.00064635676485111544,0.15172076297867554,1,0.94999999999999996,funded_assets,EUR
2026-07-14,0.00067011954713622549,0.15964486506315234,1,0.94999999999999996,funded_assets,EUR
2026-07-15,0.00070893677614249865,0.17166304959431969,1,0.94999999999999996,funded_assets,EUR
2026-07-16,0.000754345750881724,0.18117079804353547,1,0.94999999999999996,funded_assets,EUR
2026-07-17,0.00078106344001337147,0.18705473580638859,1,0.94999999999999996,funded_assets,EUR
2026-07-20,0.00080680698948016726,0.19554935861064962,1,0.94999999999999996,funded_assets,EUR
2026-07-21,0.00082172430919397708,0.19867475420140526,1,0.94999999999999996,funded_assets,EUR
2026-07-22,0.00084388179769031169,0.20681892717994144,1,0.94999999999999996,funded_assets,EUR
2026-07-23,0.00087655789944618163,0.21503102902777374,1,0.94999999999999996,funded_assets,EUR
2026-07-24,0.00089926414058457988,0.22399752391461927,1,0.94999999999999996,funded_assets,EUR
2026-07-27,0.00092416014384642375,0.23215869602515801,1,0.94999999999999996,funded_assets,EUR
2026-07-28,0.00098226023744472446,0.24447193885611035,1,0.94999999999999996,funded_assets,EUR
2026-07-29,0.00097617619225805717,0.24610375248873126,1,0.94999999999999996,funded_assets,EUR
2026-07-30,0.0012059470994555872,0.29636749911595273,1,0.94999999999999996,funded_assets,EUR
2026-07-31,0.0015074268608598644,0.3108896394709319,1,0.94999999999999996,funded_assets,EUR
2026-08-03,0.0030503315298101227,0.5497098359338386,1,0.94999999999999996,funded_assets,EUR
2026-08-04,0.0029083702043385274,0.53730879766466233,1,0.94999999999999996,funded_assets,EUR
2026-08-05,0.002662049267728072,0.49759262263029008,1,0.94999999999999996,funded_assets,EUR
2026-08-06,0.002513001993383045,0.48205528701369954,1,0.94999999999999996,funded_assets,EUR
2026-08-07,0.0023962677747268006,0.47077538829799742,1,0.94999999999999996,funded_assets,EUR
2026-08-10,0.002253658621254419,0.45078711831832946,1,0.94999999999999996,funded_assets,EUR
2026-08-11,0.0020816465942057379,0.42528669328342783,1,0.94999999999999996,funded_assets,EUR
2026-08-12,0.0018679011687058253,0.38925048320743816,1,0.94999999999999996,funded_assets,EUR
2026-08-13,0.0017202178918818301,0.36634196703612015,1,0.94999999999999996,funded_assets,EUR
2026-08-14,0.0015155684233319469,0.32780750377032836,1,0.94999999999999996,funded_assets,EUR
2026-08-17,0.0014663880517310195,0.32213188893256844,1,0.94999999999999996,funded_assets,EUR
2026-08-18,0.0012861536654416696,0.28690972358838845,1,0.94999999999999996,funded_assets,EUR
2026-08-19,0.0011986233250766308,0.2721901025855698,1,0.94999999999999996,funded_assets,EUR
2026-08-20,0.00095011682773643927,0.20019132552913033,1,0.94999999999999996,funded_assets,EUR
2026-08-21,0.00093834082371572862,0.2015901754557296,1,0.94999999999999996,funded_assets,EUR
2026-08-24,0.0008561344379858166,0.18765857432378272,1,0.94999999999999996,funded_assets,EUR
2026-08-25,0.00077910483752392529,0.17506659826006377,1,0.94999999999999996,funded_assets,EUR
2026-08-26,0.00079044107978146032,0.18064636356374802,1,0.94999999999999996,funded_assets,EUR
2026-08-27,0.00066116180019249512,0.15406176508890759,1,0.94999999999999996,funded_assets,EUR
2026-08-28,0.00062605335176926617,0.14850650603248303,1,0.94999999999999996,funded_assets,EUR
2026-08-31,0.00057585451336597971,0.13628065567244774,1,0.94999999999999996,funded_assets,EUR
2026-09-01,0.00059284103993413519,0.14212859154607071,1,0.94999999999999996,funded_assets,EUR
2026-09-02,0.000617695494543242,0.14536247996136278,1,0.94999999999999996,funded_assets,EUR
2026-09-03,0.0022029906136996538,0.41748365286713668,1,0.94999999999999996,funded_assets,EUR
2026-09-04,0.0020348562980243342,0.39496777729662619,1,0.94999999999999996,funded_assets,EUR
2026-09-07,0.0023788417260592479,0.45473199323116964,1,0.94999999999999996,funded_assets,EUR
2026-09-08,0.0022638022364578287,0.43914221669910763,1,0.94999999999999996,funded_assets,EUR
2026-09-09,0.002060911262565762,0.40438372475833001,1,0.94999999999999996,funded_assets,EUR
2026-09-10,0.0018584610553917889,0.36895388922120176,1,0.94999999999999996,funded_assets,EUR
2026-09-11,0.001796069021185503,0.36214011505294397,1,0.94999999999999996,funded_assets,EUR
2026-09-14,0.0016783687407725808,0.34343792616079694,1,0.94999999999999996,funded_assets,EUR
2026-09-15,0.0015905356949092722,0.33336480545961,1,0.94999999999999996,funded_assets,EUR
2026-09-16,0.0014517002328862019,0.31152560174049609,1,0.94999999999999996,funded_assets,EUR
2026-09-17,0.0012834166000792067,0.27788027262077603,1,0.94999999999999996,funded_assets,EUR
2026-09-18,0.0018817266922476318,0.38779208712448726,1,0.94999999999999996,funded_assets,EUR
2026-09-21,0.0017624841864038246,0.36800229801756867,1,0.94999999999999996,funded_assets,EUR
2026-09-22,0.0016318024708476585,0.33745620427399559,1,0.94999999999999996,funded_assets,EUR
2026-09-23,0.0014037351684235205,0.29544472365685048,1,0.94999999999999996,funded_assets,EUR
2026-09-24,0.0012986066828994305,0.27707674928123782,1,0.94999999999999996,funded_assets,EUR
2026-09-25,0.001257426129211342,0.26481905368370112,1,0.94999999999999996,funded_assets,EUR
2026-09-28,0.001418352333365615,0.29504791112995432,1,0.94999999999999996,funded_assets,EUR
2026-01-02,0.00043216005641621719,0.10073482478095394,1,0.94999999999999996,funded_assets,USD
2026-01-05,0.00057374908943796845,0.13002956168574406,1,0.94999999999999996,funded_assets,USD
2026-01-06,0.00062814494577574913,0.14423937088729955,1,0.94999999999999996,funded_assets,USD
2026-01-07,0.00054723610647836214,0.12673165278807896,1,0.94999999999999996,funded_assets,USD
2026-01-08,0.00061330541754537476,0.1439419160439239,1,0.94999999999999996,funded_assets,USD
2026-01-09,0.00063704571035890292,0.15078745416025369,1,0.94999999999999996,funded_assets,USD
2026-01-12,0.00067980113497088587,0.16117901702065041,1,0.94999999999999996,funded_assets,USD
2026-01-13,0.00074540472707038726,0.17698871391026536,1,0.94999999999999996,funded_assets,USD
2026-01-14,0.00058421055400006711,0.13899210999273057,1,0.94999999999999996,funded_assets,USD
2026-01-15,0.00053310536409246004,0.12684834475578105,1,0.94999999999999996,funded_assets,USD
2026-01-16,0.00054433586243757531,0.13021756824692587,1,0.94999999999999996,funded_assets,USD
2026-01-19,0.00036249342986849429,0.086585538264592601,1,0.94999999999999996,funded_assets,USD
2026-01-20,0.00049554790443890034,0.10961141143909667,1,0.94999999999999996,funded_assets,USD
2026-01-21,0.00053273809510249667,0.11987338690619692,1,0.94999999999999996,funded_assets,USD
2026-01-22,0.00055143720291067361,0.12442869987157043,1,0.94999999999999996,funded_assets,USD
2026-01-23,0.00077025896490521065,0.17457646361563381,1,0.94999999999999996,funded_assets,USD
2026-01-26,0.001890408658539614,0.34508300578797052,1,0.94999999999999996,funded_assets,USD
2026-01-27,0.0015970959618072872,0.2917491250852059,1,0.94999999999999996,funded_assets,USD
2026-01-28,0.0015037563824392185,0.28065964342982036,1,0.94999999999999996,funded_assets,USD
2026-01-29,0.0014577398991448623,0.27720597623350557,1,0.94999999999999996,funded_assets,USD
2026-01-30,0.0012131375881823791,0.23356034142756524,1,0.94999999999999996,funded_assets,USD
2026-02-02,0.00066060350561776126,0.12570165155766513,1,0.94999999999999996,funded_assets,USD
2026-02-03,0.00057695823495691224,0.11079254625415769,1,0.94999999999999996,funded_assets,USD
2026-02-04,0.00064858460855222403,0.12522396449556533,1,0.94999999999999996,funded_assets,USD
2026-02-05,0.00088585133787222152,0.17105609022077506,1,0.94999999999999996,funded_assets,USD
2026-02-06,0.00083943009500006723,0.16546555326955475,1,0.94999999999999996,funded_assets,USD
2026-02-09,0.00072653282902206129,0.14252878674713645,1,0.94999999999999996,funded_assets,USD
2026-02-10,0.00063522160940590166,0.12340858480383575,1,0.94999999999999996,funded_assets,USD
2026-02-11,0.00094301777236558033,0.17830113920059348,1,0.94999999999999996,funded_assets,USD
2026-02-12,0.00088865849560366712,0.17162128659395223,1,0.94999999999999996,funded_assets,USD
2026-02-13,0.00086106680547679351,0.16778217332777159,1,0.94999999999999996,funded_assets,USD
2026-02-16,0.00077566878529919565,0.15421479000586255,1,0.94999999999999996,funded_assets,USD
2026-02-17,0.00101441257632483,0.20172810201022034,1,0.94999999999999996,funded_assets,USD
2026-02-18,0.0010192451296071603,0.20455906116061393,1,0.94999999999999996,funded_assets,USD
2026-02-19,0.0010861669612944038,0.21849179092541646,1,0.94999999999999996,funded_assets,USD
2026-02-20,0.0010453270377578762,0.21330695373579425,1,0.94999999999999996,funded_assets,USD
2026-02-23,0.00097410284657871611,0.20198939907560962,1,0.94999999999999996,funded_assets,USD
2026-02-24,0.00079996838267313609,0.16487107282351893,1,0.94999999999999996,funded_assets,USD
2026-02-25,0.00087093221997694165,0.17937165983380585,1,0.94999999999999996,funded_assets,USD
2026-02-26,0.00082604735390199874,0.17261325204253317,1,0.94999999999999996,funded_assets,USD
2026-02-27,0.00081793944069688974,0.16920729202185503,1,0.94999999999999996,funded_assets,USD
2026-03-02,0.00081184112211909847,0.16644160061851443,1,0.94999999999999996,funded_assets,USD
2026-03-03,0.0010130034153051758,0.20176570476555253,1,0.94999999999999996,funded_assets,USD
2026-03-04,0.00094536999730386161,0.18984417830058298,1,0.94999999999999996,funded_assets,USD
2026-03-05,0.00094338226510925008,0.19235389132522102,1,0.94999999999999996,funded_assets,USD
2026-03-06,0.0010030105138787828,0.20451753002854853,1,0.94999999999999996,funded_assets,USD
2026-03-09,0.00088332124399085818,0.17927699214474344,1,0.94999999999999996,funded_assets,USD
2026-03-10,0.0011201804615201877,0.22672389629290327,1,0.94999999999999996,funded_assets,USD
2026-03-11,0.0012847664004962331,0.26335392223337251,1,0.94999999999999996,funded_assets,USD
2026-03-12,0.0013357286323323536,0.27832662634180338,1,0.94999999999999996,funded_assets,USD
2026-03-13,0.0013982608967901371,0.29010981786038098,1,0.94999999999999996,funded_assets,USD
2026-03-16,0.0014078848382657145,0.2973486946280402,1,0.94999999999999996,funded_assets,USD
2026-03-17,0.0014409451683960696,0.30279850980025041,1,0.94999999999999996,funded_assets,USD
2026-03-18,0.0014939997111858032,0.31951811815891079,1,0.94999999999999996,funded_assets,USD
2026-03-19,0.0012191430100683019,0.24993936129494429,1,0.94999999999999996,funded_assets,USD
2026-03-20,0.0011800337827615175,0.23908873730618058,1,0.94999999999999996,funded_assets,USD
2026-03-23,0.0012512024430737555,0.25520853262759829,1,0.94999999999999996,funded_assets,USD
2026-03-24,0.0013165597516624685,0.27211401635460875,1,0.94999999999999996,funded_assets,USD
2026-03-25,0.0013390307712837822,0.28213538825286494,1,0.94999999999999996,funded_assets,USD
2026-03-26,0.0014581749084309004,0.3119052332254591,1,0.94999999999999996,funded_assets,USD
2026-03-27,0.0014880230352285707,0.32006175380122648,1,0.94999999999999996,funded_assets,USD
2026-03-30,0.0011916640518774488,0.25360308158308231,1,0.94999999999999996,funded_assets,USD
2026-03-31,0.0012225722698753407,0.26531396199617657,1,0.94999999999999996,funded_assets,USD
2026-04-01,0.0016567896668866489,0.35462560838075408,1,0.94999999999999996,funded_assets,USD
2026-04-02,0.0018366243715026822,0.39129130847487315,1,0.94999999999999996,funded_assets,USD
2026-04-07,0.0017329912134832455,0.36709214069426754,1,0.94999999999999996,funded_assets,USD
2026-04-08,0.0022854698304221582,0.46581544451422313,1,0.94999999999999996,funded_assets,USD
2026-04-09,0.0022306859301026022,0.45854991216708435,1,0.94999999999999996,funded_assets,USD
2026-04-10,0.0021448637531854935,0.44515214504764034,1,0.94999999999999996,funded_assets,USD
2026-04-13,0.0021545589659181423,0.45496077940582447,1,0.94999999999999996,funded_assets,USD
2026-04-14,0.0024009743607433329,0.49451521819295047,1,0.94999999999999996,funded_assets,USD
2026-04-15,0.002414218489241747,0.50624066283377012,1,0.94999999999999996,funded_assets,USD
2026-04-16,0.0024044899753157137,0.51221779561450298,1,0.94999999999999996,funded_assets,USD
2026-04-17,0.0023743558375962778,0.51288269612934057,1,0.94999999999999996,funded_assets,USD
2026-04-20,0.0021585124184894614,0.45273049913487073,1,0.94999999999999996,funded_assets,USD
2026-04-21,0.0021547834865972395,0.45924178483395739,1,0.94999999999999996,funded_assets,USD
2026-04-22,0.002144285756364296,0.46284277482602315,1,0.94999999999999996,funded_assets,USD
2026-04-23,0.0021489114223048802,0.46675511679838744,1,0.94999999999999996,funded_assets,USD
2026-04-24,0.0021552554106077934,0.47114103375121985,1,0.94999999999999996,funded_assets,USD
2026-04-27,0.0021585524028697027,0.47633970566532602,1,0.94999999999999996,funded_assets,USD
2026-04-28,0.0021925506653411621,0.47713461229262805,1,0.94999999999999996,funded_assets,USD
2026-04-29,0.0021573297405990165,0.47614910330180793,1,0.94999999999999996,funded_assets,USD
2026-04-30,0.0021456160198468676,0.37059279424829045,1,0.94999999999999996,funded_assets,USD
2026-05-04,0.0019744267690999144,0.34766446189365707,1,0.94999999999999996,funded_assets,USD
2026-05-05,0.0018914350503332475,0.34117759232019379,1,0.94999999999999996,funded_assets,USD
2026-05-06,0.0018544922813998159,0.3370948025056244,1,0.94999999999999996,funded_assets,USD
2026-05-07,0.0017419290441353609,0.32451611402945396,1,0.94999999999999996,funded_assets,USD
2026-05-08,0.0016388072435398861,0.31308447960687119,1,0.94999999999999996,funded_assets,USD
2026-05-11,0.0015578563569119148,0.3040369841003106,1,0.94999999999999996,funded_assets,USD
2026-05-12,0.0014058678418365248,0.27866648022363172,1,0.94999999999999996,funded_assets,USD
2026-05-13,0.0012510487251878762,0.25218663036437983,1,0.94999999999999996,funded_assets,USD
2026-05-14,0.0011570311355199227,0.23841356915222392,1,0.94999999999999996,funded_assets,USD
2026-05-15,0.001234997503200554,0.25324248395636789,1,0.94999999999999996,funded_assets,USD
2026-05-18,0.0012428742594263447,0.25924671914857927,1,0.94999999999999996,funded_assets,USD
2026-05-19,0.0012264250540156823,0.25906831622362303,1,0.94999999999999996,funded_assets,USD
2026-05-20,0.0011473757145150348,0.24459763856794994,1,0.94999999999999996,funded_assets,USD
2026-05-21,0.0010522203171136925,0.22725310468300008,1,0.94999999999999996,funded_assets,USD
2026-05-22,0.00089147871230159902,0.19414227204014048,1,0.94999999999999996,funded_assets,USD
2026-05-25,0.00084954601586363816,0.18567043564240349,1,0.94999999999999996,funded_assets,USD
2026-05-26,0.00070742391590399543,0.15393862517797874,1,0.94999999999999996,funded_assets,USD
2026-05-27,0.00073484255146681523,0.16177440751135325,1,0.94999999999999996,funded_assets,USD
2026-05-28,0.00076007783996164327,0.16955890964981771,1,0.94999999999999996,funded_assets,USD
2026-05-29,0.001165478104440806,0.25277146140922818,1,0.94999999999999996,funded_assets,USD
2026-06-01,0.0011437063790741483,0.2519166723381393,1,0.94999999999999996,funded_assets,USD
2026-06-02,0.0011497114753719869,0.25693792963713263,1,0.94999999999999996,funded_assets,USD
2026-06-03,0.0010924183112934055,0.24590751170535557,1,0.94999999999999996,funded_assets,USD
2026-06-04,0.00098980645197642263,0.22668399830069327,1,0.94999999999999996,funded_assets,USD
2026-06-05,0.00093108185555480305,0.21737973953908027,1,0.94999999999999996,funded_assets,USD
2026-06-08,0.00056730548640806285,0.12393596259077037,1,0.94999999999999996,funded_assets,USD
2026-06-09,0.00052520662306694815,0.11518019089472523,1,0.94999999999999996,funded_assets,USD
2026-06-10,0.00061546689637823667,0.13666853827820932,1,0.94999999999999996,funded_assets,USD
2026-06-11,0.00066940538993226235,0.15175099781409498,1,0.94999999999999996,funded_assets,USD
2026-06-12,0.00075533991985405127,0.17434420210036397,1,0.94999999999999996,funded_assets,USD
2026-06-15,0.00076123680491865364,0.17678952314292162,1,0.94999999999999996,funded_assets,USD
2026-06-16,0.00080832728288797451,0.19070382606667211,1,0.94999999999999996,funded_assets,USD
2026-06-17,0.00083867240251080284,0.1977936350004334,1,0.94999999999999996,funded_assets,USD
2026-06-18,0.000861088277707177,0.18602684604127143,1,0.94999999999999996,funded_assets,USD
2026-06-19,0.00087427963487096867,0.18974125542102233,1,0.94999999999999996,funded_assets,USD
2026-06-22,0.00090309291343657408,0.19912528308294386,1,0.94999999999999996,funded_assets,USD
2026-06-23,0.00067137597239520699,0.14120511102519442,1,0.94999999999999996,funded_assets,USD
2026-06-24,0.00073765534393159353,0.15580650589983044,1,0.94999999999999996,funded_assets,USD
2026-06-25,0.00076386066163623787,0.16489276873519909,1,0.94999999999999996,funded_assets,USD
2026-06-26,0.00086572962952887519,0.18758980736898151,1,0.94999999999999996,funded_assets,USD
2026-06-29,0.00087305093396124796,0.19297903553060988,1,0.94999999999999996,funded_assets,USD
2026-06-30,0.00087584506035596858,0.19694173544618893,1,0.94999999999999996,funded_assets,USD
2026-07-01,0.00085621486052563697,0.19546061631926037,1,0.94999999999999996,funded_assets,USD
2026-07-02,0.00071107421638394539,0.15708373617265878,1,0.94999999999999996,funded_assets,USD
2026-07-03,0.00078419645616655508,0.17536011805615373,1,0.94999999999999996,funded_assets,USD
2026-07-06,0.00073888893181300007,0.16548857314238785,1,0.94999999999999996,funded_assets,USD
2026-07-07,0.00069911385207764663,0.15837781840979701,1,0.94999999999999996,funded_assets,USD
2026-07-08,0.00074906945295209141,0.172600489921763,1,0.94999999999999996,funded_assets,USD
2026-07-09,0.00078005054785400783,0.18255697723352737,1,0.94999999999999996,funded_assets,USD
2026-07-10,0.00078965214207893462,0.1847743706199366,1,0.94999999999999996,funded_assets,USD
2026-07-13,0.0006441750677803771,0.15053611738322401,1,0.94999999999999996,funded_assets,USD
2026-07-14,0.00066829930023826981,0.15850183640585785,1,0.94999999999999996,funded_assets,USD
2026-07-15,0.00070740652562394004,0.17053059743178411,1,0.94999999999999996,funded_assets,USD
2026-07-16,0.00075341306081602548,0.18008977266970058,1,0.94999999999999996,funded_assets,USD
2026-07-17,0.00078149553641628997,0.18630560693708276,1,0.94999999999999996,funded_assets,USD
2026-07-20,0.00080738451456712629,0.1948082275155584,1,0.94999999999999996,funded_assets,USD
2026-07-21,0.00082175202074036757,0.19782583292756348,1,0.94999999999999996,funded_assets,USD
2026-07-22,0.0008439186624398182,0.20594550871182576,1,0.94999999999999996,funded_assets,USD
2026-07-23,0.00087665555077742936,0.21414844667600169,1,0.94999999999999996,funded_assets,USD
2026-07-24,0.00089941281220783965,0.22310045315157076,1,0.94999999999999996,funded_assets,USD
2026-07-27,0.00092422451740443133,0.23121949542734799,1,0.94999999999999996,funded_assets,USD
2026-07-28,0.00098467682944664058,0.24407795669670107,1,0.94999999999999996,funded_assets,USD
2026-07-29,0.0009758162833534206,0.24502470507123733,1,0.94999999999999996,funded_assets,USD
2026-07-30,0.0012070710176527843,0.29529791198325739,1,0.94999999999999996,funded_assets,USD
2026-07-31,0.0015276770795286786,0.3138089607455094,1,0.94999999999999996,funded_assets,USD
2026-08-03,0.0031001142337512312,0.55650816868650199,1,0.94999999999999996,funded_assets,USD
2026-08-04,0.0029544643182491991,0.54371132085712381,1,0.94999999999999996,funded_assets,USD
2026-08-05,0.0027068487232981718,0.50392800151888395,1,0.94999999999999996,funded_assets,USD
2026-08-06,0.0025528420767173474,0.48772618106799798,1,0.94999999999999996,funded_assets,USD
2026-08-07,0.0024325944783637598,0.47601717729262294,1,0.94999999999999996,funded_assets,USD
2026-08-10,0.0022870797935121562,0.45569681771997594,1,0.94999999999999996,funded_assets,USD
2026-08-11,0.0021120042329512709,0.42985457605846,1,0.94999999999999996,funded_assets,USD
2026-08-12,0.0018950594820489695,0.39344863662834839,1,0.94999999999999996,funded_assets,USD
2026-08-13,0.001744670046024876,0.37017350335338772,1,0.94999999999999996,funded_assets,USD
2026-08-14,0.0015365445422553751,0.33111480334604726,1,0.94999999999999996,funded_assets,USD
2026-08-17,0.0014862152671331567,0.3252850386280281,1,0.94999999999999996,funded_assets,USD
2026-08-18,0.0013032055316297584,0.28964999178894613,1,0.94999999999999996,funded_assets,USD
2026-08-19,0.0012146933805469006,0.27480171162272965,1,0.94999999999999996,funded_assets,USD
2026-08-20,0.00095964628566166336,0.20137566657881942,1,0.94999999999999996,funded_assets,USD
2026-08-21,0.00094749037365088416,0.20273135522081706,1,0.94999999999999996,funded_assets,USD
2026-08-24,0.00086407218507118713,0.18862969530269805,1,0.94999999999999996,funded_assets,USD
2026-08-25,0.00078812515009252931,0.17638350219713853,1,0.94999999999999996,funded_assets,USD
2026-08-26,0.00079994293673476494,0.18209243324741231,1,0.94999999999999996,funded_assets,USD
2026-08-27,0.00066954638259666358,0.15539731392626077,1,0.94999999999999996,funded_assets,USD
2026-08-28,0.00063415343296256092,0.14983744093388507,1,0.94999999999999996,funded_assets,USD
2026-08-31,0.00058334982443709188,0.13750455790672197,1,0.94999999999999996,funded_assets,USD
2026-09-01,0.0006001312839945842,0.14330963350673662,1,0.94999999999999996,funded_assets,USD
2026-09-02,0.00062537558419608306,0.1465975384503003,1,0.94999999999999996,funded_assets,USD
2026-09-03,0.0022587114856161905,0.42669284910878652,1,0.94999999999999996,funded_assets,USD
2026-09-04,0.0020859542089806064,0.4036258161908744,1,0.94999999999999996,funded_assets,USD
2026-09-07,0.0024269061235572707,0.46239516307185308,1,0.94999999999999996,funded_assets,USD
2026-09-08,0.0023185434950619777,0.44833839828540328,1,0.94999999999999996,funded_assets,USD
2026-09-09,0.0021126473545560309,0.41323757804329142,1,0.94999999999999996,funded_assets,USD
2026-09-10,0.0019066800948690961,0.37736748932610564,1,0.94999999999999996,funded_assets,USD
2026-09-11,0.0018368352539028287,0.36923129933982618,1,0.94999999999999996,funded_assets,USD
2026-09-14,0.0017160458905889787,0.35001335692868596,1,0.94999999999999996,funded_assets,USD
2026-09-15,0.0016258367063816288,0.33962570992672303,1,0.94999999999999996,funded_assets,USD
2026-09-16,0.0014831790898924254,0.31721303110831245,1,0.94999999999999996,funded_assets,USD
2026-09-17,0.0013113544398764528,0.28292476218025053,1,0.94999999999999996,funded_assets,USD
2026-09-18,0.0019206095483974474,0.39443831702329063,1,0.94999999999999996,funded_assets,USD
2026-09-21,0.0017972122012041925,0.37397227785196879,1,0.94999999999999996,funded_assets,USD
2026-09-22,0.0016656287028868066,0.34333208367917611,1,0.94999999999999996,funded_assets,USD
2026-09-23,0.0014318555040651534,0.30030606391501047,1,0.94999999999999996,funded_assets,USD
2026-09-24,0.0013245681704565585,0.28157806957001513,1,0.94999999999999996,funded_assets,USD
2026-09-25,0.0012834796177167611,0.2692887198994614,1,0.94999999999999996,funded_assets,USD
2026-09-28,0.0014479093552775338,0.30012748197285632,1,0.94999999999999996,funded_assets,USD
2026-01-02,0.00087945981253234997,0.22670625425549581,1,0.94999999999999996,net_cashflows,EUR
2026-01-05,0.00076057863341664079,0.19022156429355577,1,0.94999999999999996,net_cashflows,EUR
2026-01-06,0.00078825782592111156,0.1993965329976875,1,0.94999999999999996,net_cashflows,EUR
2026-01-07,0.0008241169068335984,0.21052512575195859,1,0.94999999999999996,net_cashflows,EUR
2026-01-08,0.00085112830837998825,0.22122610942776785,1,0.94999999999999996,net_cashflows,EUR
2026-01-09,0.00085643472518216052,0.22401522564407986,1,0.94999999999999996,net_cashflows,EUR
2026-01-12,0.00083040512095836289,0.21449154198611572,1,0.94999999999999996,net_cashflows,EUR
2026-01-13,0.0008167617208332742,0.21078099444226867,1,0.94999999999999996,net_cashflows,EUR
2026-01-14,0.00083268046364226057,0.21604925039834963,1,0.94999999999999996,net_cashflows,EUR
2026-01-15,0.00080599672786901572,0.20930062106943959,1,0.94999999999999996,net_cashflows,EUR
2026-01-16,0.0007943831975934742,0.2071164730899796,1,0.94999999999999996,net_cashflows,EUR
2026-01-19,0.0008443817090214023,0.22140567559192237,1,0.94999999999999996,net_cashflows,EUR
2026-01-20,0.0010743247191111896,0.25999997739035402,1,0.94999999999999996,net_cashflows,EUR
2026-01-21,0.0010754098443439934,0.2654230766515791,1,0.94999999999999996,net_cashflows,EUR
2026-01-22,0.00092665044388240501,0.22942489178793443,1,0.94999999999999996,net_cashflows,EUR
2026-01-23,0.00091478391687883475,0.22892758189170828,1,0.94999999999999996,net_cashflows,EUR
2026-01-26,0.0019060025858741664,0.36221823190737845,1,0.94999999999999996,net_cashflows,EUR
2026-01-27,0.0017894942830597111,0.34034860935174555,1,0.94999999999999996,net_cashflows,EUR
2026-01-28,0.0017751143009178093,0.3454077793248197,1,0.94999999999999996,net_cashflows,EUR
2026-01-29,0.0017314267867108565,0.34372993570052329,1,0.94999999999999996,net_cashflows,EUR
2026-01-30,0.0016484300606066718,0.33219327407657318,1,0.94999999999999996,net_cashflows,EUR
2026-02-02,0.001525402675198257,0.30558246501193337,1,0.94999999999999996,net_cashflows,EUR
2026-02-03,0.0014888062815774789,0.30273524743321228,1,0.94999999999999996,net_cashflows,EUR
2026-02-04,0.0013883753483578901,0.28230767430371012,1,0.94999999999999996,net_cashflows,EUR
2026-02-05,0.0013877840429328894,0.28777224851011829,1,0.94999999999999996,net_cashflows,EUR
2026-02-06,0.0012998135168995019,0.27554018489020587,1,0.94999999999999996,net_cashflows,EUR
2026-02-09,0.0012197638329131269,0.25607039286910899,1,0.94999999999999996,net_cashflows,EUR
2026-02-10,0.0012308437685109438,0.25581402245782087,1,0.94999999999999996,net_cashflows,EUR
2026-02-11,0.0013177350025047373,0.2639870078436124,1,0.94999999999999996,net_cashflows,EUR
2026-02-12,0.0012328304476372466,0.25252153007659922,1,0.94999999999999996,net_cashflows,EUR
2026-02-13,0.0011609385346678658,0.24033673821029808,1,0.94999999999999996,net_cashflows,EUR
2026-02-16,0.0011077355739305249,0.23507498406757121,1,0.94999999999999996,net_cashflows,EUR
2026-02-17,0.0010555779562896389,0.22540467335280115,1,0.94999999999999996,net_cashflows,EUR
2026-02-18,0.00096886633454506058,0.20828367667471015,1,0.94999999999999996,net_cashflows,EUR
2026-02-19,0.0010334419421923592,0.22113521998280503,1,0.94999999999999996,net_cashflows,EUR
2026-02-20,0.00095693291702227904,0.20772038794277539,1,0.94999999999999996,net_cashflows,EUR
2026-02-23,0.00092458212234660872,0.2044347038371461,1,0.94999999999999996,net_cashflows,EUR
2026-02-24,0.00090923974395206841,0.19979775596599403,1,0.94999999999999996,net_cashflows,EUR
2026-02-25,0.00086586245093713335,0.18963923373083411,1,0.94999999999999996,net_cashflows,EUR
2026-02-26,0.00090378809655046292,0.20094518079304433,1,0.94999999999999996,net_cashflows,EUR
2026-02-27,0.00097314718394897384,0.21756687571200548,1,0.94999999999999996,net_cashflows,EUR
2026-03-02,0.0009513985458903659,0.20830800562228799,1,0.94999999999999996,net_cashflows,EUR
2026-03-03,0.00076229621857397314,0.16007447699836691,1,0.94999999999999996,net_cashflows,EUR
2026-03-04,0.00081205475999227613,0.17243326511479448,1,0.94999999999999996,net_cashflows,EUR
2026-03-05,0.00080680765680914146,0.17395000980147723,1,0.94999999999999996,net_cashflows,EUR
2026-03-06,0.00074555282813453059,0.16079318522438696,1,0.94999999999999996,net_cashflows,EUR
2026-03-09,0.00077876295408869055,0.16853550092361733,1,0.94999999999999996,net_cashflows,EUR
2026-03-10,0.00070660376173895933,0.1512149168305339,1,0.94999999999999996,net_cashflows,EUR
2026-03-11,0.00073530467799720872,0.15859924310236118,1,0.94999999999999996,net_cashflows,EUR
2026-03-12,0.00074508787868750922,0.16316493695227241,1,0.94999999999999996,net_cashflows,EUR
2026-03-13,0.00075029041118664184,0.16275784712822983,1,0.94999999999999996,net_cashflows,EUR
2026-03-16,0.00077058461228395655,0.17009492670383225,1,0.94999999999999996,net_cashflows,EUR
2026-03-17,0.00077845425612215434,0.17116541348246658,1,0.94999999999999996,net_cashflows,EUR
2026-03-18,0.00078521332173494499,0.17519799311268508,1,0.94999999999999996,net_cashflows,EUR
2026-03-19,0.0010048786403140733,0.21800066538710247,1,0.94999999999999996,net_cashflows,EUR
2026-03-20,0.0012680962671963803,0.27063576700079689,1,0.94999999999999996,net_cashflows,EUR
2026-03-23,0.0012866837458261841,0.27662995455269068,1,0.94999999999999996,net_cashflows,EUR
2026-03-24,0.0013382295304063402,0.29162082489180824,1,0.94999999999999996,net_cashflows,EUR
2026-03-25,0.0013603449350749405,0.30176656351748654,1,0.94999999999999996,net_cashflows,EUR
2026-03-26,0.0013398093413360332,0.30001563095735562,1,0.94999999999999996,net_cashflows,EUR
2026-03-27,0.0013997110628878552,0.31676953371817018,1,0.94999999999999996,net_cashflows,EUR
2026-03-30,0.0013989261110549664,0.31251092613471532,1,0.94999999999999996,net_cashflows,EUR
2026-03-31,0.0014197072601147484,0.32306835702077491,1,0.94999999999999996,net_cashflows,EUR
2026-04-01,0.0012490482549629162,0.27619492014683067,1,0.94999999999999996,net_cashflows,EUR
2026-04-02,0.0011242628532462731,0.24610394970051738,1,0.94999999999999996,net_cashflows,EUR
2026-04-07,0.0011491267022943029,0.25097738057008223,1,0.94999999999999996,net_cashflows,EUR
2026-04-08,0.0008910980303862984,0.18231950091310697,1,0.94999999999999996,net_cashflows,EUR
2026-04-09,0.00088577258941925988,0.18317262623990258,1,0.94999999999999996,net_cashflows,EUR
2026-04-10,0.00092455247269170905,0.19284384017018624,1,0.94999999999999996,net_cashflows,EUR
2026-04-13,0.00091988372435083173,0.1947890878722992,1,0.94999999999999996,net_cashflows,EUR
2026-04-14,0.0010618773612788689,0.21794718222179396,1,0.94999999999999996,net_cashflows,EUR
2026-04-15,0.0011097824775580713,0.23181686262202156,1,0.94999999999999996,net_cashflows,EUR
2026-04-16,0.0011466050465390523,0.24341163259366674,1,0.94999999999999996,net_cashflows,EUR
2026-04-17,0.0011990826495496491,0.25831916787447157,1,0.94999999999999996,net_cashflows,EUR
2026-04-20,0.0012177085078661654,0.25828656719622894,1,0.94999999999999996,net_cashflows,EUR
2026-04-21,0.0012796215097850899,0.27595086459641832,1,0.94999999999999996,net_cashflows,EUR
2026-04-22,0.0013471421939720398,0.29375302568348172,1,0.94999999999999996,net_cashflows,EUR
2026-04-23,0.0014102206243135568,0.30979406121678993,1,0.94999999999999996,net_cashflows,EUR
2026-04-24,0.0014243581660247319,0.31655372109821367,1,0.94999999999999996,net_cashflows,EUR
2026-04-27,0.001425478472286185,0.31985780919358542,1,0.94999999999999996,net_cashflows,EUR
2026-04-28,0.0015749346488700029,0.34854285060865464,1,0.94999999999999996,net_cashflows,EUR
2026-04-29,0.0015959125171461398,0.35739441229765423,1,0.94999999999999996,net_cashflows,EUR
2026-04-30,0.00049755358952175126,0.086094882107567022,1,0.94999999999999996,net_cashflows,EUR
2026-05-04,0.00047773262840905117,0.084650922539033488,1,0.94999999999999996,net_cashflows,EUR
2026-05-05,0.0004781843696560293,0.086849395718466102,1,0.94999999999999996,net_cashflows,EUR
2026-05-06,0.00079525480861321503,0.14505471836201003,1,0.94999999999999996,net_cashflows,EUR
2026-05-07,0.00073333346018636999,0.13721455650923722,1,0.94999999999999996,net_cashflows,EUR
2026-05-08,0.00069300933950813305,0.13313692944412747,1,0.94999999999999996,net_cashflows,EUR
2026-05-11,0.00067093242048341974,0.13190416141831485,1,0.94999999999999996,net_cashflows,EUR
2026-05-12,0.00065725973462753273,0.1320603086176439,1,0.94999999999999996,net_cashflows,EUR
2026-05-13,0.00063236253484949111,0.12959739970520071,1,0.94999999999999996,net_cashflows,EUR
2026-05-14,0.0006276689042487198,0.13164602978705911,1,0.94999999999999996,net_cashflows,EUR
2026-05-15,0.0006580647265384135,0.1377367208952337,1,0.94999999999999996,net_cashflows,EUR
2026-05-18,0.00061080346844731744,0.12995247047219205,1,0.94999999999999996,net_cashflows,EUR
2026-05-19,0.0006715177963316438,0.14540347292880465,1,0.94999999999999996,net_cashflows,EUR
2026-05-20,0.00071095102707313413,0.15585378006560122,1,0.94999999999999996,net_cashflows,EUR
2026-05-21,0.00073089785805798262,0.1628776768538949,1,0.94999999999999996,net_cashflows,EUR
2026-05-22,0.00075418080681721733,0.1703216220331861,1,0.94999999999999996,net_cashflows,EUR
2026-05-25,0.00080683189674389706,0.1828313827962843,1,0.94999999999999996,net_cashflows,EUR
2026-05-26,0.00087615588160898719,0.20012785387266546,1,0.94999999999999996,net_cashflows,EUR
2026-05-27,0.00091054829131764249,0.21103328474830227,1,0.94999999999999996,net_cashflows,EUR
2026-05-28,0.00098529714769319838,0.23149237421923513,1,0.94999999999999996,net_cashflows,EUR
2026-05-29,0.001302563179484623,0.30196811325603928,1,0.94999999999999996,net_cashflows,EUR
2026-06-01,0.0013257956430367084,0.3127361804108863,1,0.94999999999999996,net_cashflows,EUR
2026-06-02,0.0013427566905779877,0.32140491426644269,1,0.94999999999999996,net_cashflows,EUR
2026-06-03,0.0014470819646475279,0.34807074270568278,1,0.94999999999999996,net_cashflows,EUR
2026-06-04,0.0014615932848344422,0.35718001287745121,1,0.94999999999999996,net_cashflows,EUR
2026-06-05,0.0014679859817979465,0.36528937832325281,1,0.94999999999999996,net_cashflows,EUR
2026-06-08,0.0017614221596011581,0.40197463556468754,1,0.94999999999999996,net_cashflows,EUR
2026-06-09,0.001748985499701637,0.4004121385021831,1,0.94999999999999996,net_cashflows,EUR
2026-06-10,0.001798946280635086,0.41690986140081254,1,0.94999999999999996,net_cashflows,EUR
2026-06-11,0.0017896287640594569,0.4235165763395336,1,0.94999999999999996,net_cashflows,EUR
2026-06-12,0.0017512062174375679,0.42105326808232157,1,0.94999999999999996,net_cashflows,EUR
2026-06-15,0.0018073530200642981,0.43622557658200106,1,0.94999999999999996,net_cashflows,EUR
2026-06-16,0.0018129274118971485,0.44471423320459968,1,0.94999999999999996,net_cashflows,EUR
2026-06-17,0.0018450323739901435,0.45535075979895467,1,0.94999999999999996,net_cashflows,EUR
2026-06-18,0.0021869594064385951,0.48318038390756729,1,0.94999999999999996,net_cashflows,EUR
2026-06-19,0.0021844895499389654,0.48710451376135105,1,0.94999999999999996,net_cashflows,EUR
2026-06-22,0.0021096720072708739,0.47787130000040123,1,0.94999999999999996,net_cashflows,EUR
2026-06-23,0.0020755000911089044,0.44907928364385086,1,0.94999999999999996,net_cashflows,EUR
2026-06-24,0.0020798127911428993,0.45024140138223889,1,0.94999999999999996,net_cashflows,EUR
2026-06-25,0.0020636585933092571,0.45627831388914086,1,0.94999999999999996,net_cashflows,EUR
2026-06-26,0.0021222740745749642,0.46865526524855372,1,0.94999999999999996,net_cashflows,EUR
2026-06-29,0.0021019202197551552,0.47339411688763133,1,0.94999999999999996,net_cashflows,EUR
2026-06-30,0.0020200388838093617,0.46257077112314887,1,0.94999999999999996,net_cashflows,EUR
2026-07-01,0.0020127065612439957,0.46896112428947068,1,0.94999999999999996,net_cashflows,EUR
2026-07-02,0.0016553130604883997,0.37844717716151233,1,0.94999999999999996,net_cashflows,EUR
2026-07-03,0.0016525341673354413,0.38066126839539483,1,0.94999999999999996,net_cashflows,EUR
2026-07-06,0.0013654293862284369,0.31472509095458906,1,0.94999999999999996,net_cashflows,EUR
2026-07-07,0.0013532353154286653,0.31624453951528209,1,0.94999999999999996,net_cashflows,EUR
2026-07-08,0.0013216685333212381,0.31351525433932981,1,0.94999999999999996,net_cashflows,EUR
2026-07-09,0.0013368909713737083,0.3208261934201907,1,0.94999999999999996,net_cashflows,EUR
2026-07-10,0.0012822766511726806,0.30856342161751188,1,0.94999999999999996,net_cashflows,EUR
2026-07-13,0.001330082511382362,0.32233780739124185,1,0.94999999999999996,net_cashflows,EUR
2026-07-14,0.0013646456402281537,0.33565145150609393,1,0.94999999999999996,net_cashflows,EUR
2026-07-15,0.0013713993222946568,0.34326913759405253,1,0.94999999999999996,net_cashflows,EUR
2026-07-16,0.0014234849219318928,0.35151759562439533,1,0.94999999999999996,net_cashflows,EUR
2026-07-17,0.0014372350728994628,0.35571099915938686,1,0.94999999999999996,net_cashflows,EUR
2026-07-20,0.0014669050367864074,0.36840216425682937,1,0.94999999999999996,net_cashflows,EUR
2026-07-21,0.001465875337870477,0.37117937476430141,1,0.94999999999999996,net_cashflows,EUR
2026-07-22,0.0014569573549195044,0.37427024393357772,1,0.94999999999999996,net_cashflows,EUR
2026-07-23,0.0014939492192355078,0.38592935743974555,1,0.94999999999999996,net_cashflows,EUR
2026-07-24,0.0014823616783114493,0.38860218628917426,1,0.94999999999999996,net_cashflows,EUR
2026-07-27,0.0014981684716656859,0.39732705175015731,1,0.94999999999999996,net_cashflows,EUR
2026-07-28,0.0016152264391528131,0.42729966395556518,1,0.94999999999999996,net_cashflows,EUR
2026-07-29,0.0015799945102780892,0.42330105805808865,1,0.94999999999999996,net_cashflows,EUR
2026-07-30,0.0015879921016907243,0.40604796779293534,1,0.94999999999999996,net_cashflows,EUR
2026-07-31,0.00040590355204726467,0.084165369394852724,1,0.94999999999999996,net_cashflows,EUR
2026-08-03,0.0015641024657144804,0.27000234118796579,1,0.94999999999999996,net_cashflows,EUR
2026-08-04,0.0015459296554492111,0.27389699994791289,1,0.94999999999999996,net_cashflows,EUR
2026-08-05,0.001379709313224153,0.24772208463810594,1,0.94999999999999996,net_cashflows,EUR
2026-08-06,0.0013184795287557883,0.24401798268124844,1,0.94999999999999996,net_cashflows,EUR
2026-08-07,0.0012658772896362424,0.24021653671544871,1,0.94999999999999996,net_cashflows,EUR
2026-08-10,0.0011929550467624115,0.23131637101067812,1,0.94999999999999996,net_cashflows,EUR
2026-08-11,0.0011582383614906558,0.23023376889552918,1,0.94999999999999996,net_cashflows,EUR
2026-08-12,0.0010918732654024562,0.22264714413840386,1,0.94999999999999996,net_cashflows,EUR
2026-08-13,0.0010389838045357187,0.21753872223758372,1,0.94999999999999996,net_cashflows,EUR
2026-08-14,0.0009823404340001023,0.2098117374416934,1,0.94999999999999996,net_cashflows,EUR
2026-08-17,0.00089298511729666175,0.19392341241232408,1,0.94999999999999996,net_cashflows,EUR
2026-08-18,0.0008754272443342306,0.19389903514754844,1,0.94999999999999996,net_cashflows,EUR
2026-08-19,0.00092141676198760798,0.20808825820684945,1,0.94999999999999996,net_cashflows,EUR
2026-08-20,0.0010059691466031096,0.21507572559324023,1,0.94999999999999996,net_cashflows,EUR
2026-08-21,0.0010279653132891651,0.22464566202348066,1,0.94999999999999996,net_cashflows,EUR
2026-08-24,0.0010680133939410391,0.23832891385066438,1,0.94999999999999996,net_cashflows,EUR
2026-08-25,0.0010907941690823713,0.24959241633568496,1,0.94999999999999996,net_cashflows,EUR
2026-08-26,0.0011109015581769006,0.2592251637658684,1,0.94999999999999996,net_cashflows,EUR
2026-08-27,0.0011299305134473015,0.26932417619228238,1,0.94999999999999996,net_cashflows,EUR
2026-08-28,0.0011518852193976607,0.27995344315730614,1,0.94999999999999996,net_cashflows,EUR
2026-08-31,0.0011538900934618731,0.27870931050714132,1,0.94999999999999996,net_cashflows,EUR
2026-09-01,0.0011563339562418173,0.28340122414641955,1,0.94999999999999996,net_cashflows,EUR
2026-09-02,0.0011639732044396427,0.28097816246877616,1,0.94999999999999996,net_cashflows,EUR
2026-09-03,0.0015114589684308366,0.27295665578745598,1,0.94999999999999996,net_cashflows,EUR
2026-09-04,0.0014427331944096696,0.26814322428302018,1,0.94999999999999996,net_cashflows,EUR
2026-09-07,0.0014980468625414543,0.27132665627504804,1,0.94999999999999996,net_cashflows,EUR
2026-09-08,0.0013905020240951426,0.25680185533892419,1,0.94999999999999996,net_cashflows,EUR
2026-09-09,0.0014844074126074613,0.27876755752108784,1,0.94999999999999996,net_cashflows,EUR
2026-09-10,0.0014653643395465023,0.27986155583304118,1,0.94999999999999996,net_cashflows,EUR
2026-09-11,0.0013327075502126105,0.25920640168463238,1,0.94999999999999996,net_cashflows,EUR
2026-09-14,0.0012635847541397098,0.25108676289125564,1,0.94999999999999996,net_cashflows,EUR
2026-09-15,0.0012227908203362873,0.24937605208626601,1,0.94999999999999996,net_cashflows,EUR
2026-09-16,0.0011678132091837018,0.24486091475336083,1,0.94999999999999996,net_cashflows,EUR
2026-09-17,0.0011290419920453251,0.23957303733066662,1,0.94999999999999996,net_cashflows,EUR
2026-09-18,0.0013725649516664259,0.27118086751086568,1,0.94999999999999996,net_cashflows,EUR
2026-09-21,0.0013484609466311573,0.271629279624789,1,0.94999999999999996,net_cashflows,EUR
2026-09-22,0.0011669005950666472,0.2352035494681243,1,0.94999999999999996,net_cashflows,EUR
2026-09-23,0.0011556013466699228,0.23768482228824475,1,0.94999999999999996,net_cashflows,EUR
2026-09-24,0.0011704222571768475,0.24444219047031363,1,0.94999999999999996,net_cashflows,EUR
2026-09-25,0.0012405097462750009,0.25656259664252051,1,0.94999999999999996,net_cashflows,EUR
2026-09-28,0.0010970337037313734,0.22362707435596471,1,0.94999999999999996,net_cashflows,EUR
2026-01-02,0.00088137502233221225,0.22592296146902979,1,0.94999999999999996,net_cashflows,USD
2026-01-05,0.00077444847283345431,0.19261599171425783,1,0.94999999999999996,net_cashflows,USD
2026-01-06,0.00080132178449902978,0.2015131438009041,1,0.94999999999999996,net_cashflows,USD
2026-01-07,0.00083736558070850002,0.21265974424159675,1,0.94999999999999996,net_cashflows,USD
2026-01-08,0.00086409251969741564,0.22327616243071863,1,0.94999999999999996,net_cashflows,USD
2026-01-09,0.00086945204774444441,0.226081243264041,1,0.94999999999999996,net_cashflows,USD
2026-01-12,0.000843477106280144,0.21656674819306887,1,0.94999999999999996,net_cashflows,USD
2026-01-13,0.00082951213837879076,0.21277143977790972,1,0.94999999999999996,net_cashflows,USD
2026-01-14,0.0008454835927912659,0.21808379256033536,1,0.94999999999999996,net_cashflows,USD
2026-01-15,0.00081837610690450478,0.21128628725022747,1,0.94999999999999996,net_cashflows,USD
2026-01-16,0.00080703248238474896,0.20922524673876322,1,0.94999999999999996,net_cashflows,USD
2026-01-19,0.00085701247160720022,0.22346875000436375,1,0.94999999999999996,net_cashflows,USD
2026-01-20,0.0010931991632265898,0.26297528807939702,1,0.94999999999999996,net_cashflows,USD
2026-01-21,0.0010941195924192102,0.26841274892535483,1,0.94999999999999996,net_cashflows,USD
2026-01-22,0.00094320845577398893,0.23211702296244449,1,0.94999999999999996,net_cashflows,USD
2026-01-23,0.000927759069388444,0.23073870436135646,1,0.94999999999999996,net_cashflows,USD
2026-01-26,0.0019501654398693781,0.36857843387785727,1,0.94999999999999996,net_cashflows,USD
2026-01-27,0.001831701758241067,0.34634707320698249,1,0.94999999999999996,net_cashflows,USD
2026-01-28,0.001815732381377326,0.35120783296573704,1,0.94999999999999996,net_cashflows,USD
2026-01-29,0.0017701389325472721,0.34934574599520907,1,0.94999999999999996,net_cashflows,USD
2026-01-30,0.0016852731992994434,0.33758933766796279,1,0.94999999999999996,net_cashflows,USD
2026-02-02,0.0015578090657745467,0.3099368533170947,1,0.94999999999999996,net_cashflows,USD
2026-02-03,0.001518994985268288,0.30667568373137855,1,0.94999999999999996,net_cashflows,USD
2026-02-04,0.0014171725573040731,0.28625308339058758,1,0.94999999999999996,net_cashflows,USD
2026-02-05,0.0014139560479842364,0.29117216963462494,1,0.94999999999999996,net_cashflows,USD
2026-02-06,0.0013233181594197868,0.2785862313403451,1,0.94999999999999996,net_cashflows,USD
2026-02-09,0.0012301479476747243,0.256282537873465,1,0.94999999999999996,net_cashflows,USD
2026-02-10,0.0012524613321888804,0.25843575070427766,1,0.94999999999999996,net_cashflows,USD
2026-02-11,0.0013467335787137064,0.26814773398183883,1,0.94999999999999996,net_cashflows,USD
2026-02-12,0.0012584378554236402,0.25615886448916469,1,0.94999999999999996,net_cashflows,USD
2026-02-13,0.0011846114293624374,0.24373475708717043,1,0.94999999999999996,net_cashflows,USD
2026-02-16,0.0011160003594205886,0.23533122254078409,1,0.94999999999999996,net_cashflows,USD
2026-02-17,0.0010737551683882478,0.22784107406425591,1,0.94999999999999996,net_cashflows,USD
2026-02-18,0.00098451517728581628,0.210350379684554,1,0.94999999999999996,net_cashflows,USD
2026-02-19,0.001047515672736395,0.22255977463436238,1,0.94999999999999996,net_cashflows,USD
2026-02-20,0.0009692739660156751,0.20892449220005702,1,0.94999999999999996,net_cashflows,USD
2026-02-23,0.00092408307462884393,0.20287919686950998,1,0.94999999999999996,net_cashflows,USD
2026-02-24,0.00090976072338761708,0.19856415866850913,1,0.94999999999999996,net_cashflows,USD
2026-02-25,0.00087813973682445909,0.1910684369305469,1,0.94999999999999996,net_cashflows,USD
2026-02-26,0.00090446136962550432,0.1997645291792933,1,0.94999999999999996,net_cashflows,USD
2026-02-27,0.00098212007053166076,0.21812267559202406,1,0.94999999999999996,net_cashflows,USD
2026-03-02,0.00094975817913877519,0.20637238369060495,1,0.94999999999999996,net_cashflows,USD
2026-03-03,0.00077314741073259211,0.16105621093296191,1,0.94999999999999996,net_cashflows,USD
2026-03-04,0.00082369320240583029,0.17351261788022099,1,0.94999999999999996,net_cashflows,USD
2026-03-05,0.00081807251862286122,0.17498824126119158,1,0.94999999999999996,net_cashflows,USD
2026-03-06,0.00075559094406004237,0.16166094124632344,1,0.94999999999999996,net_cashflows,USD
2026-03-09,0.00078796821189650208,0.16919832811392393,1,0.94999999999999996,net_cashflows,USD
2026-03-10,0.00071356054558906982,0.15144811118500909,1,0.94999999999999996,net_cashflows,USD
2026-03-11,0.00074287905162656685,0.15889440278195338,1,0.94999999999999996,net_cashflows,USD
2026-03-12,0.00075267604865739135,0.16344344367957417,1,0.94999999999999996,net_cashflows,USD
2026-03-13,0.00075819213525044928,0.16305371971553526,1,0.94999999999999996,net_cashflows,USD
2026-03-16,0.00077888979384446635,0.17046735018734224,1,0.94999999999999996,net_cashflows,USD
2026-03-17,0.0007935883531345481,0.17300170299658371,1,0.94999999999999996,net_cashflows,USD
2026-03-18,0.00080029684456621626,0.17704894438825652,1,0.94999999999999996,net_cashflows,USD
2026-03-19,0.0010194223430232529,0.21937923515102675,1,0.94999999999999996,net_cashflows,USD
2026-03-20,0.0012876839031916469,0.27257634487286764,1,0.94999999999999996,net_cashflows,USD
2026-03-23,0.0013057160668998122,0.27844209063071035,1,0.94999999999999996,net_cashflows,USD
2026-03-24,0.0013580167717883711,0.29353736931485014,1,0.94999999999999996,net_cashflows,USD
2026-03-25,0.0013807158717121203,0.30381808619815998,1,0.94999999999999996,net_cashflows,USD
2026-03-26,0.0013605169883389749,0.3021590646855799,1,0.94999999999999996,net_cashflows,USD
2026-03-27,0.0014206629426542937,0.31891000899086819,1,0.94999999999999996,net_cashflows,USD
2026-03-30,0.0014209313557476981,0.31489649210646314,1,0.94999999999999996,net_cashflows,USD
2026-03-31,0.0014420900779637839,0.32557433934798979,1,0.94999999999999996,net_cashflows,USD
2026-04-01,0.0012704205572412657,0.27846132352536479,1,0.94999999999999996,net_cashflows,USD
2026-04-02,0.0011449006542198796,0.24836043861369747,1,0.94999999999999996,net_cashflows,USD
2026-04-07,0.0011693920311879671,0.2531426605631763,1,0.94999999999999996,net_cashflows,USD
2026-04-08,0.00089808423369469939,0.18189879780723017,1,0.94999999999999996,net_cashflows,USD
2026-04-09,0.00089338173417377511,0.18291114151464583,1,0.94999999999999996,net_cashflows,USD
2026-04-10,0.00094277683679943117,0.19471720619514371,1,0.94999999999999996,net_cashflows,USD
2026-04-13,0.00093836326592596983,0.19677542922886726,1,0.94999999999999996,net_cashflows,USD
2026-04-14,0.0010840212047274669,0.22023317111192245,1,0.94999999999999996,net_cashflows,USD
2026-04-15,0.0011327050868984679,0.23421753340093582,1,0.94999999999999996,net_cashflows,USD
2026-04-16,0.0011699500220561428,0.24588118127185768,1,0.94999999999999996,net_cashflows,USD
2026-04-17,0.0012233219697627834,0.26094722767237677,1,0.94999999999999996,net_cashflows,USD
2026-04-20,0.0012409290603211821,0.2606966613533821,1,0.94999999999999996,net_cashflows,USD
2026-04-21,0.0013034979394093938,0.27845328952448628,1,0.94999999999999996,net_cashflows,USD
2026-04-22,0.0013718644137878577,0.29631061832914024,1,0.94999999999999996,net_cashflows,USD
2026-04-23,0.0014365673414879739,0.31260334765620656,1,0.94999999999999996,net_cashflows,USD
2026-04-24,0.0014499473602973892,0.31924032683677789,1,0.94999999999999996,net_cashflows,USD
2026-04-27,0.0014514065814112279,0.32266187942677993,1,0.94999999999999996,net_cashflows,USD
2026-04-28,0.0016027765733637482,0.35138278900892694,1,0.94999999999999996,net_cashflows,USD
2026-04-29,0.0016239646545097601,0.36030906425416837,1,0.94999999999999996,net_cashflows,USD
2026-04-30,0.00050698449624793102,0.087157780865268611,1,0.94999999999999996,net_cashflows,USD
2026-05-04,0.00048698365825470234,0.085734963814366891,1,0.94999999999999996,net_cashflows,USD
2026-05-05,0.00048655454223174664,0.087797169909457559,1,0.94999999999999996,net_cashflows,USD
2026-05-06,0.00081076906543660256,0.14691093541050593,1,0.94999999999999996,net_cashflows,USD
2026-05-07,0.00074747835271048255,0.1389472276349544,1,0.94999999999999996,net_cashflows,USD
2026-05-08,0.00070544054246499555,0.13462569244263806,1,0.94999999999999996,net_cashflows,USD
2026-05-11,0.0006740391841099343,0.1316235286063322,1,0.94999999999999996,net_cashflows,USD
2026-05-12,0.00065809565717850609,0.13128944316450583,1,0.94999999999999996,net_cashflows,USD
2026-05-13,0.00063202624485558627,0.12858999842539606,1,0.94999999999999996,net_cashflows,USD
2026-05-14,0.00062732996555293994,0.13063072196066433,1,0.94999999999999996,net_cashflows,USD
2026-05-15,0.00066412922227098835,0.13794079383631513,1,0.94999999999999996,net_cashflows,USD
2026-05-18,0.00062108071712006167,0.13113139050331277,1,0.94999999999999996,net_cashflows,USD
2026-05-19,0.00068163005255817907,0.14644853680579198,1,0.94999999999999996,net_cashflows,USD
2026-05-20,0.00072110485995260931,0.15686701355489999,1,0.94999999999999996,net_cashflows,USD
2026-05-21,0.00074088543636418539,0.16385324835316617,1,0.94999999999999996,net_cashflows,USD
2026-05-22,0.00076377916975736877,0.17119810669558358,1,0.94999999999999996,net_cashflows,USD
2026-05-25,0.00081715158502283346,0.18377629222808156,1,0.94999999999999996,net_cashflows,USD
2026-05-26,0.00089161735303273058,0.20213117492515037,1,0.94999999999999996,net_cashflows,USD
2026-05-27,0.00092622349393701661,0.21307303344518699,1,0.94999999999999996,net_cashflows,USD
2026-05-28,0.001001999887212013,0.23367939226198201,1,0.94999999999999996,net_cashflows,USD
2026-05-29,0.001319325221488859,0.30363960704425175,1,0.94999999999999996,net_cashflows,USD
2026-06-01,0.0013430783212430731,0.31453551802189772,1,0.94999999999999996,net_cashflows,USD
2026-06-02,0.0013602374793792033,0.32328368279728376,1,0.94999999999999996,net_cashflows,USD
2026-06-03,0.001466056108563811,0.35013986572441824,1,0.94999999999999996,net_cashflows,USD
2026-06-04,0.0014812135353938619,0.35943747030671053,1,0.94999999999999996,net_cashflows,USD
2026-06-05,0.0014877741758921995,0.36764725187503117,1,0.94999999999999996,net_cashflows,USD
2026-06-08,0.0017884898004913892,0.40513144418862568,1,0.94999999999999996,net_cashflows,USD
2026-06-09,0.0017758571294656253,0.40359107534673355,1,0.94999999999999996,net_cashflows,USD
2026-06-10,0.0018264739259010185,0.42016926114865844,1,0.94999999999999996,net_cashflows,USD
2026-06-11,0.0018169711462386897,0.42684639608869718,1,0.94999999999999996,net_cashflows,USD
2026-06-12,0.0017780434134196956,0.42440518048277026,1,0.94999999999999996,net_cashflows,USD
2026-06-15,0.001835313341875049,0.43978483951967828,1,0.94999999999999996,net_cashflows,USD
2026-06-16,0.0018406164794029707,0.44827056599229032,1,0.94999999999999996,net_cashflows,USD
2026-06-17,0.0018718396621684136,0.45867767510004642,1,0.94999999999999996,net_cashflows,USD
2026-06-18,0.0022225440035818188,0.48709290984625264,1,0.94999999999999996,net_cashflows,USD
2026-06-19,0.0022186578962612078,0.49077950268951354,1,0.94999999999999996,net_cashflows,USD
2026-06-22,0.0021429008283891616,0.48157397269063329,1,0.94999999999999996,net_cashflows,USD
2026-06-23,0.0021085444430825693,0.45266877519074411,1,0.94999999999999996,net_cashflows,USD
2026-06-24,0.0021133642996347128,0.45385885413828547,1,0.94999999999999996,net_cashflows,USD
2026-06-25,0.0020966331566674729,0.45992031362029046,1,0.94999999999999996,net_cashflows,USD
2026-06-26,0.0021566291292327787,0.47246003167223427,1,0.94999999999999996,net_cashflows,USD
2026-06-29,0.0021357343378836753,0.47725153561023681,1,0.94999999999999996,net_cashflows,USD
2026-06-30,0.0020526967621049058,0.46643290459001063,1,0.94999999999999996,net_cashflows,USD
2026-07-01,0.0020447627010118045,0.47278639560477187,1,0.94999999999999996,net_cashflows,USD
2026-07-02,0.0016825685962485568,0.38178873785105805,1,0.94999999999999996,net_cashflows,USD
2026-07-03,0.001680007433859178,0.38406032105001064,1,0.94999999999999996,net_cashflows,USD
2026-07-06,0.0013897186095979614,0.31790704484759846,1,0.94999999999999996,net_cashflows,USD
2026-07-07,0.0013762632564204673,0.31922995273577065,1,0.94999999999999996,net_cashflows,USD
2026-07-08,0.001344404687431586,0.31655504347003804,1,0.94999999999999996,net_cashflows,USD
2026-07-09,0.0013598551441059903,0.32394480711779444,1,0.94999999999999996,net_cashflows,USD
2026-07-10,0.0013045552081436792,0.3116465358500759,1,0.94999999999999996,net_cashflows,USD
2026-07-13,0.0013517078180239825,0.32521705411707352,1,0.94999999999999996,net_cashflows,USD
2026-07-14,0.0013866887170867173,0.33865671433482353,1,0.94999999999999996,net_cashflows,USD
2026-07-15,0.0013933766536602188,0.34633441513245472,1,0.94999999999999996,net_cashflows,USD
2026-07-16,0.0014471058349781333,0.35478346046779247,1,0.94999999999999996,net_cashflows,USD
2026-07-17,0.0014606859137171429,0.35891356181683415,1,0.94999999999999996,net_cashflows,USD
2026-07-20,0.0014904149149559853,0.37163397632694678,1,0.94999999999999996,net_cashflows,USD
2026-07-21,0.0014886402293372643,0.37427427305516492,1,0.94999999999999996,net_cashflows,USD
2026-07-22,0.0014794606504514815,0.37738692580563454,1,0.94999999999999996,net_cashflows,USD
2026-07-23,0.0015160226408081549,0.38893493527694001,1,0.94999999999999996,net_cashflows,USD
2026-07-24,0.0015042804314351396,0.39163906439668533,1,0.94999999999999996,net_cashflows,USD
2026-07-27,0.0015201294886067686,0.40042542111253071,1,0.94999999999999996,net_cashflows,USD
2026-07-28,0.0016370196057535888,0.4301627142510403,1,0.94999999999999996,net_cashflows,USD
2026-07-29,0.0016011805918146132,0.42612970690298085,1,0.94999999999999996,net_cashflows,USD
2026-07-30,0.001611016301316106,0.40893043960024866,1,0.94999999999999996,net_cashflows,USD
2026-07-31,0.0004111676390636497,0.084793897137941734,1,0.94999999999999996,net_cashflows,USD
2026-08-03,0.001611144350895685,0.27675276184157782,1,0.94999999999999996,net_cashflows,USD
2026-08-04,0.0015916449869711052,0.28059885078748165,1,0.94999999999999996,net_cashflows,USD
2026-08-05,0.0014203614875320939,0.25373946177487638,1,0.94999999999999996,net_cashflows,USD
2026-08-06,0.0013561854680034366,0.24971947051088927,1,0.94999999999999996,net_cashflows,USD
2026-08-07,0.0013015840776159689,0.24574321003288657,1,0.94999999999999996,net_cashflows,USD
2026-08-10,0.0012255719245395716,0.23643416623689537,1,0.94999999999999996,net_cashflows,USD
2026-08-11,0.0011890729461531873,0.23515529810981772,1,0.94999999999999996,net_cashflows,USD
2026-08-12,0.0011206467113619991,0.22735094373307474,1,0.94999999999999996,net_cashflows,USD
2026-08-13,0.0010655090131372709,0.22193850451442218,1,0.94999999999999996,net_cashflows,USD
2026-08-14,0.0010078663243433227,0.21416366236568896,1,0.94999999999999996,net_cashflows,USD
2026-08-17,0.00091595705019657803,0.19789914859854288,1,0.94999999999999996,net_cashflows,USD
2026-08-18,0.00088182649491778606,0.1943275364454688,1,0.94999999999999996,net_cashflows,USD
2026-08-19,0.00092754283715628001,0.20839427947522932,1,0.94999999999999996,net_cashflows,USD
2026-08-20,0.001019658499906699,0.21685075422422212,1,0.94999999999999996,net_cashflows,USD
2026-08-21,0.0010408280031544573,0.2262205309849217,1,0.94999999999999996,net_cashflows,USD
2026-08-24,0.0010805482557286064,0.23975582844860877,1,0.94999999999999996,net_cashflows,USD
2026-08-25,0.0011029879066587443,0.25091739311199718,1,0.94999999999999996,net_cashflows,USD
2026-08-26,0.001122852845081861,0.26049081721651729,1,0.94999999999999996,net_cashflows,USD
2026-08-27,0.001142091329178428,0.27061887215775721,1,0.94999999999999996,net_cashflows,USD
2026-08-28,0.0011638593017693124,0.281175516466452,1,0.94999999999999996,net_cashflows,USD
2026-08-31,0.0011660664256237137,0.27994230779834478,1,0.94999999999999996,net_cashflows,USD
2026-09-01,0.0011693890996181382,0.2848715741196392,1,0.94999999999999996,net_cashflows,USD
2026-09-02,0.001176151263855855,0.28230051770200465,1,0.94999999999999996,net_cashflows,USD
2026-09-03,0.0015560336086865439,0.27979882654116117,1,0.94999999999999996,net_cashflows,USD
2026-09-04,0.0014833339594196929,0.27445028149971029,1,0.94999999999999996,net_cashflows,USD
2026-09-07,0.0015425185749867376,0.27821175809789522,1,0.94999999999999996,net_cashflows,USD
2026-09-08,0.001432102051887877,0.26338599952638703,1,0.94999999999999996,net_cashflows,USD
2026-09-09,0.0015278145206970677,0.28570238743602611,1,0.94999999999999996,net_cashflows,USD
2026-09-10,0.0015077112741277328,0.28667420747809752,1,0.94999999999999996,net_cashflows,USD
2026-09-11,0.0013714863968132878,0.26556601432143556,1,0.94999999999999996,net_cashflows,USD
2026-09-14,0.0012998815515050579,0.25712248993703885,1,0.94999999999999996,net_cashflows,USD
2026-09-15,0.0012573474858508125,0.255261437667409,1,0.94999999999999996,net_cashflows,USD
2026-09-16,0.0012002608457410274,0.25053141818323094,1,0.94999999999999996,net_cashflows,USD
2026-09-17,0.0011370411880247304,0.24009778749879884,1,0.94999999999999996,net_cashflows,USD
2026-09-18,0.0014121842502675735,0.27774389788039688,1,0.94999999999999996,net_cashflows,USD
2026-09-21,0.0013876219856175064,0.27823842851019931,1,0.94999999999999996,net_cashflows,USD
2026-09-22,0.0012024726265418059,0.24126300546463517,1,0.94999999999999996,net_cashflows,USD
2026-09-23,0.0011897770052221104,0.24354454784351759,1,0.94999999999999996,net_cashflows,USD
2026-09-24,0.0012045732243586849,0.25034508356599677,1,0.94999999999999996,net_cashflows,USD
2026-09-25,0.0012781206767699298,0.26305128751046619,1,0.94999999999999996,net_cashflows,USD
2026-09-28,0.0011057203228737218,0.22430795883915206,1,0.94999999999999996,net_cashflows,USD
2026-01-02,0.0010063719688386628,0.16969007036595091,1,0.98999999999999999,funded_assets,EUR
2026-01-05,0.0012346964789368333,0.20245902370067301,1,0.98999999999999999,funded_assets,EUR
2026-01-06,0.0012961790071990787,0.21524842768880062,1,0.98999999999999999,funded_assets,EUR
2026-01-07,0.0011805617988013377,0.19772860732910949,1,0.98999999999999999,funded_assets,EUR
2026-01-08,0.0012789103357030438,0.21699456383533355,1,0.98999999999999999,funded_assets,EUR
2026-01-09,0.001289986144006364,0.22073942700512122,1,0.98999999999999999,funded_assets,EUR
2026-01-12,0.0013139560507602508,0.22494640051374937,1,0.98999999999999999,funded_assets,EUR
2026-01-13,0.0013331526753823826,0.22862365989970704,1,0.98999999999999999,funded_assets,EUR
2026-01-14,0.0011558077590645378,0.19859860821964861,1,0.98999999999999999,funded_assets,EUR
2026-01-15,0.0011032077321420997,0.18963382103656551,1,0.98999999999999999,funded_assets,EUR
2026-01-16,0.0010883223364027165,0.18817452690863512,1,0.98999999999999999,funded_assets,EUR
2026-01-19,0.00080266806941157141,0.1386521039191535,1,0.98999999999999999,funded_assets,EUR
2026-01-20,0.00097064359608023485,0.15561044418042139,1,0.98999999999999999,funded_assets,EUR
2026-01-21,0.0010750016105672659,0.17512948436355552,1,0.98999999999999999,funded_assets,EUR
2026-01-22,0.0011282075016205827,0.18427374632599777,1,0.98999999999999999,funded_assets,EUR
2026-01-23,0.0014394261479972669,0.23586478640627215,1,0.98999999999999999,funded_assets,EUR
2026-01-26,0.0032987345583596799,0.44108337415915511,1,0.98999999999999999,funded_assets,EUR
2026-01-27,0.0029193741441453655,0.39012723818366896,1,0.98999999999999999,funded_assets,EUR
2026-01-28,0.002780544363399251,0.37925557320148218,1,0.98999999999999999,funded_assets,EUR
2026-01-29,0.0026947791926645055,0.37406387375269795,1,0.98999999999999999,funded_assets,EUR
2026-01-30,0.0023961525144086315,0.33669274313248954,1,0.98999999999999999,funded_assets,EUR
2026-02-02,0.0016922962085037085,0.2354222502160408,1,0.98999999999999999,funded_assets,EUR
2026-02-03,0.0014430460321130387,0.20235413316269105,1,0.98999999999999999,funded_assets,EUR
2026-02-04,0.0016910307404097696,0.23835081336387559,1,0.98999999999999999,funded_assets,EUR
2026-02-05,0.0015891488649802136,0.22280291242934705,1,0.98999999999999999,funded_assets,EUR
2026-02-06,0.0015403788817417233,0.22030655144171846,1,0.98999999999999999,funded_assets,EUR
2026-02-09,0.0013974584048247023,0.19868330941113008,1,0.98999999999999999,funded_assets,EUR
2026-02-10,0.0013333798547338436,0.18803867135128083,1,0.98999999999999999,funded_assets,EUR
2026-02-11,0.0019872952684988968,0.27336309378037599,1,0.98999999999999999,funded_assets,EUR
2026-02-12,0.0018772608167866864,0.26348391804917926,1,0.98999999999999999,funded_assets,EUR
2026-02-13,0.0018375046765142008,0.26031518786489366,1,0.98999999999999999,funded_assets,EUR
2026-02-16,0.0016923011258795232,0.24436641153121166,1,0.98999999999999999,funded_assets,EUR
2026-02-17,0.0016684237767283592,0.2407916887035971,1,0.98999999999999999,funded_assets,EUR
2026-02-18,0.0017355298101523146,0.25279567051179586,1,0.98999999999999999,funded_assets,EUR
2026-02-19,0.0017378126262965485,0.25322441194308792,1,0.98999999999999999,funded_assets,EUR
2026-02-20,0.0016916033326735847,0.24997316352451016,1,0.98999999999999999,funded_assets,EUR
2026-02-23,0.0016053666536278936,0.2410253097488616,1,0.98999999999999999,funded_assets,EUR
2026-02-24,0.0013842458309891456,0.20686394605806352,1,0.98999999999999999,funded_assets,EUR
2026-02-25,0.0015882517127117305,0.2372920128501016,1,0.98999999999999999,funded_assets,EUR
2026-02-26,0.0015032465454675268,0.22779072601414857,1,0.98999999999999999,funded_assets,EUR
2026-02-27,0.001435786908075551,0.21550984900863041,1,0.98999999999999999,funded_assets,EUR
2026-03-02,0.001429821184469572,0.21235283275380382,1,0.98999999999999999,funded_assets,EUR
2026-03-03,0.0016308873435540439,0.23529555546569927,1,0.98999999999999999,funded_assets,EUR
2026-03-04,0.0015725243620027841,0.22882056498087325,1,0.98999999999999999,funded_assets,EUR
2026-03-05,0.0015741219072469914,0.23244907828842756,1,0.98999999999999999,funded_assets,EUR
2026-03-06,0.0016671138570984829,0.24617437566024922,1,0.98999999999999999,funded_assets,EUR
2026-03-09,0.0012717704303266538,0.18735246560666247,1,0.98999999999999999,funded_assets,EUR
2026-03-10,0.0015520326912165936,0.22790546672986184,1,0.98999999999999999,funded_assets,EUR
2026-03-11,0.0017462435447707456,0.25940907627599308,1,0.98999999999999999,funded_assets,EUR
2026-03-12,0.0018289935380463732,0.27595343204770167,1,0.98999999999999999,funded_assets,EUR
2026-03-13,0.0019641953697839137,0.29482033869398067,1,0.98999999999999999,funded_assets,EUR
2026-03-16,0.0019510597363939248,0.29787623598868107,1,0.98999999999999999,funded_assets,EUR
2026-03-17,0.0018856340325486779,0.28677002992302253,1,0.98999999999999999,funded_assets,EUR
2026-03-18,0.0019396681314377204,0.29994670376300847,1,0.98999999999999999,funded_assets,EUR
2026-03-19,0.0013222515733385017,0.19701924612660635,1,0.98999999999999999,funded_assets,EUR
2026-03-20,0.0012866601909825477,0.18963254769666898,1,0.98999999999999999,funded_assets,EUR
2026-03-23,0.0013823545108984352,0.20510233414863949,1,0.98999999999999999,funded_assets,EUR
2026-03-24,0.0014788731619863387,0.22223870026825132,1,0.98999999999999999,funded_assets,EUR
2026-03-25,0.0015152769596960877,0.23198986169010782,1,0.98999999999999999,funded_assets,EUR
2026-03-26,0.0016744687135160528,0.26000772117509613,1,0.98999999999999999,funded_assets,EUR
2026-03-27,0.0017257767315038038,0.2693729989139565,1,0.98999999999999999,funded_assets,EUR
2026-03-30,0.0013323560498069119,0.20612890663978281,1,0.98999999999999999,funded_assets,EUR
2026-03-31,0.0013785114891414043,0.21734312643889322,1,0.98999999999999999,funded_assets,EUR
2026-04-01,0.0019318873832091486,0.3000711735569333,1,0.98999999999999999,funded_assets,EUR
2026-04-02,0.0021796227299109381,0.33672612389180556,1,0.98999999999999999,funded_assets,EUR
2026-04-07,0.0020490683893519797,0.31522616822309218,1,0.98999999999999999,funded_assets,EUR
2026-04-08,0.0028356398602265818,0.41759417545612798,1,0.98999999999999999,funded_assets,EUR
2026-04-09,0.0027528374558687726,0.40890244221815952,1,0.98999999999999999,funded_assets,EUR
2026-04-10,0.0026289472573420907,0.39434799589968395,1,0.98999999999999999,funded_assets,EUR
2026-04-13,0.0026409517669995029,0.40257380430795719,1,0.98999999999999999,funded_assets,EUR
2026-04-14,0.0029938869689459498,0.44526863327115151,1,0.98999999999999999,funded_assets,EUR
2026-04-15,0.0030021746656110036,0.45412979567457046,1,0.98999999999999999,funded_assets,EUR
2026-04-16,0.0029903032593631028,0.45929644396020902,1,0.98999999999999999,funded_assets,EUR
2026-04-17,0.0029481362932117072,0.45865665091211816,1,0.98999999999999999,funded_assets,EUR
2026-04-20,0.0026524151844212552,0.40312842422390122,1,0.98999999999999999,funded_assets,EUR
2026-04-21,0.0026506989325089658,0.40919565894823851,1,0.98999999999999999,funded_assets,EUR
2026-04-22,0.0026378861877075725,0.41219369751952606,1,0.98999999999999999,funded_assets,EUR
2026-04-23,0.0026423864316974357,0.41468345220573566,1,0.98999999999999999,funded_assets,EUR
2026-04-24,0.0026489242367973044,0.4181475422265537,1,0.98999999999999999,funded_assets,EUR
2026-04-27,0.0026610075928117163,0.42356046813843312,1,0.98999999999999999,funded_assets,EUR
2026-04-28,0.0027233493102673404,0.42798584960208275,1,0.98999999999999999,funded_assets,EUR
2026-04-29,0.0026798695644038965,0.42688339892259958,1,0.98999999999999999,funded_assets,EUR
2026-04-30,0.0033836128638150892,0.43054090670944584,1,0.98999999999999999,funded_assets,EUR
2026-05-04,0.0031609237156273269,0.40938332924690357,1,0.98999999999999999,funded_assets,EUR
2026-05-05,0.003034954625976233,0.40224865810137489,1,0.98999999999999999,funded_assets,EUR
2026-05-06,0.0030360753457765333,0.40496713419565289,1,0.98999999999999999,funded_assets,EUR
2026-05-07,0.0028519412428267372,0.38945087252688732,1,0.98999999999999999,funded_assets,EUR
2026-05-08,0.0026893759915362671,0.37626053110648255,1,0.98999999999999999,funded_assets,EUR
2026-05-11,0.0025569922619939709,0.36513549009252244,1,0.98999999999999999,funded_assets,EUR
2026-05-12,0.0023570567501125005,0.34113411476218525,1,0.98999999999999999,funded_assets,EUR
2026-05-13,0.002153797923452644,0.31689974747525751,1,0.98999999999999999,funded_assets,EUR
2026-05-14,0.0020080749576604278,0.30182508383813128,1,0.98999999999999999,funded_assets,EUR
2026-05-15,0.0018959028936635881,0.2827682063085763,1,0.98999999999999999,funded_assets,EUR
2026-05-18,0.0018913202009544251,0.28680209239360438,1,0.98999999999999999,funded_assets,EUR
2026-05-19,0.0018632167282146023,0.28560086727939643,1,0.98999999999999999,funded_assets,EUR
2026-05-20,0.0017587703411461987,0.27214239613948615,1,0.98999999999999999,funded_assets,EUR
2026-05-21,0.0016484972687820657,0.25837708802474796,1,0.98999999999999999,funded_assets,EUR
2026-05-22,0.001470319704821991,0.23250981568435611,1,0.98999999999999999,funded_assets,EUR
2026-05-25,0.0014307361278868957,0.2270210339432514,1,0.98999999999999999,funded_assets,EUR
2026-05-26,0.0010733741110310474,0.16991423235354336,1,0.98999999999999999,funded_assets,EUR
2026-05-27,0.0010379461079079097,0.16606933601969359,1,0.98999999999999999,funded_assets,EUR
2026-05-28,0.0010413608448878436,0.16880965981396354,1,0.98999999999999999,funded_assets,EUR
2026-05-29,0.00092112356857143671,0.14517437894523497,1,0.98999999999999999,funded_assets,EUR
2026-06-01,0.00096088787083069196,0.15367669359085045,1,0.98999999999999999,funded_assets,EUR
2026-06-02,0.00097871226234944649,0.15875087871688853,1,0.98999999999999999,funded_assets,EUR
2026-06-03,0.00097899176220794283,0.16002793366545515,1,0.98999999999999999,funded_assets,EUR
2026-06-04,0.0010226555106097992,0.17010077436533005,1,0.98999999999999999,funded_assets,EUR
2026-06-05,0.0010499498721369023,0.17802475312577132,1,0.98999999999999999,funded_assets,EUR
2026-06-08,0.0009512203726110011,0.15145503523281673,1,0.98999999999999999,funded_assets,EUR
2026-06-09,0.00093616094851626998,0.14967700626412953,1,0.98999999999999999,funded_assets,EUR
2026-06-10,0.00097973423698229437,0.15851020945322569,1,0.98999999999999999,funded_assets,EUR
2026-06-11,0.0010086497021837004,0.16643640954017103,1,0.98999999999999999,funded_assets,EUR
2026-06-12,0.0010753037011143008,0.18051534686438653,1,0.98999999999999999,funded_assets,EUR
2026-06-15,0.0011061357399487562,0.18666185572893973,1,0.98999999999999999,funded_assets,EUR
2026-06-16,0.0011166676384683051,0.19137307506090767,1,0.98999999999999999,funded_assets,EUR
2026-06-17,0.0010500269974050187,0.18014699089940192,1,0.98999999999999999,funded_assets,EUR
2026-06-18,0.0012709606303986775,0.20025445540990597,1,0.98999999999999999,funded_assets,EUR
2026-06-19,0.0012060466392159212,0.1910133290255589,1,0.98999999999999999,funded_assets,EUR
2026-06-22,0.0012110735792108642,0.19466423083469261,1,0.98999999999999999,funded_assets,EUR
2026-06-23,0.0010486826132022854,0.16117576700464703,1,0.98999999999999999,funded_assets,EUR
2026-06-24,0.0011551323135332676,0.1782698526377218,1,0.98999999999999999,funded_assets,EUR
2026-06-25,0.0012033732792640986,0.18963654510692185,1,0.98999999999999999,funded_assets,EUR
2026-06-26,0.0013639837688637566,0.21565674281112224,1,0.98999999999999999,funded_assets,EUR
2026-06-29,0.0013881385129071331,0.22373227485304589,1,0.98999999999999999,funded_assets,EUR
2026-06-30,0.0014158547637253011,0.23203397029641609,1,0.98999999999999999,funded_assets,EUR
2026-07-01,0.001391382364631647,0.23125841135931535,1,0.98999999999999999,funded_assets,EUR
2026-07-02,0.0011512113465730984,0.18547617046662401,1,0.98999999999999999,funded_assets,EUR
2026-07-03,0.0012648537395813769,0.20609225101238388,1,0.98999999999999999,funded_assets,EUR
2026-07-06,0.0013075164865169915,0.21331400257282909,1,0.98999999999999999,funded_assets,EUR
2026-07-07,0.0012415521772125094,0.20482212518941342,1,0.98999999999999999,funded_assets,EUR
2026-07-08,0.0013049191747717499,0.21881327959492863,1,0.98999999999999999,funded_assets,EUR
2026-07-09,0.0013504666339120685,0.22939681033396736,1,0.98999999999999999,funded_assets,EUR
2026-07-10,0.0013416272162198456,0.22783552544115759,1,0.98999999999999999,funded_assets,EUR
2026-07-13,0.0010924522232528006,0.18543214114402495,1,0.98999999999999999,funded_assets,EUR
2026-07-14,0.0011196851875727686,0.19276448056893689,1,0.98999999999999999,funded_assets,EUR
2026-07-15,0.0011344692424079608,0.1984259381636452,1,0.98999999999999999,funded_assets,EUR
2026-07-16,0.0012472980523300535,0.21617483272542204,1,0.98999999999999999,funded_assets,EUR
2026-07-17,0.0011500212560554487,0.19879633469149086,1,0.98999999999999999,funded_assets,EUR
2026-07-20,0.0011324071329936502,0.19800406276483012,1,0.98999999999999999,funded_assets,EUR
2026-07-21,0.00099903252592720149,0.17425673492212757,1,0.98999999999999999,funded_assets,EUR
2026-07-22,0.0010272320911685895,0.18157109662213963,1,0.98999999999999999,funded_assets,EUR
2026-07-23,0.001068417541052709,0.18915641156128177,1,0.98999999999999999,funded_assets,EUR
2026-07-24,0.0010987616230334106,0.19744652832984366,1,0.98999999999999999,funded_assets,EUR
2026-07-27,0.0011258054867325359,0.20398535094648687,1,0.98999999999999999,funded_assets,EUR
2026-07-28,0.0011753775708111709,0.21097327424061527,1,0.98999999999999999,funded_assets,EUR
2026-07-29,0.001187862966651413,0.21594008675380885,1,0.98999999999999999,funded_assets,EUR
2026-07-30,0.0015101861465785706,0.26782207308290296,1,0.98999999999999999,funded_assets,EUR
2026-07-31,0.0024609411225464915,0.37022859928240487,1,0.98999999999999999,funded_assets,EUR
2026-08-03,0.0046624275553324443,0.6171756670770282,1,0.98999999999999999,funded_assets,EUR
2026-08-04,0.0044532638721666209,0.60381958493488019,1,0.98999999999999999,funded_assets,EUR
2026-08-05,0.0041445553145284721,0.56634192630511992,1,0.98999999999999999,funded_assets,EUR
2026-08-06,0.0039157572008584416,0.5487834701824853,1,0.98999999999999999,funded_assets,EUR
2026-08-07,0.0037319233228714586,0.53515956934182396,1,0.98999999999999999,funded_assets,EUR
2026-08-10,0.003528642010608294,0.5147598606811683,1,0.98999999999999999,funded_assets,EUR
2026-08-11,0.003293512262503062,0.4905086257575838,1,0.98999999999999999,funded_assets,EUR
2026-08-12,0.003008112396978466,0.45675774109916484,1,0.98999999999999999,funded_assets,EUR
2026-08-13,0.0027996696920107632,0.43404399602562144,1,0.98999999999999999,funded_assets,EUR
2026-08-14,0.0025351735855663211,0.39897462365491215,1,0.98999999999999999,funded_assets,EUR
2026-08-17,0.0024411524051400676,0.3899697748121646,1,0.98999999999999999,funded_assets,EUR
2026-08-18,0.0022072165370120326,0.35786517639827059,1,0.98999999999999999,funded_assets,EUR
2026-08-19,0.0020881832874765152,0.34426728519348976,1,0.98999999999999999,funded_assets,EUR
2026-08-20,0.0016697531165947143,0.25603749616493793,1,0.98999999999999999,funded_assets,EUR
2026-08-21,0.0015447665178882006,0.24146577135113176,1,0.98999999999999999,funded_assets,EUR
2026-08-24,0.0014207554120051367,0.22648750464582185,1,0.98999999999999999,funded_assets,EUR
2026-08-25,0.0013260076918703931,0.21660953145831296,1,0.98999999999999999,funded_assets,EUR
2026-08-26,0.0012181840228730383,0.20231410362275001,1,0.98999999999999999,funded_assets,EUR
2026-08-27,0.0010452359791318557,0.17692209240165446,1,0.98999999999999999,funded_assets,EUR
2026-08-28,0.00098198921415809659,0.16919360287987614,1,0.98999999999999999,funded_assets,EUR
2026-08-31,0.0010326282064223166,0.17756665656042828,1,0.98999999999999999,funded_assets,EUR
2026-09-01,0.00097136038305761438,0.16920073517435993,1,0.98999999999999999,funded_assets,EUR
2026-09-02,0.00090252706428939518,0.15431618107249603,1,0.98999999999999999,funded_assets,EUR
2026-09-03,0.0036054809987051857,0.50060382636182776,1,0.98999999999999999,funded_assets,EUR
2026-09-04,0.0033648586045270188,0.47822781704574197,1,0.98999999999999999,funded_assets,EUR
2026-09-07,0.0038738544742488515,0.54294272304583069,1,0.98999999999999999,funded_assets,EUR
2026-09-08,0.0036188846974825606,0.51450200610160457,1,0.98999999999999999,funded_assets,EUR
2026-09-09,0.0034176625083911522,0.49118534641491385,1,0.98999999999999999,funded_assets,EUR
2026-09-10,0.0032255607449105106,0.46876791794666473,1,0.98999999999999999,funded_assets,EUR
2026-09-11,0.0031209173497846656,0.46048808061215152,1,0.98999999999999999,funded_assets,EUR
2026-09-14,0.0029229840838383304,0.43742061035787932,1,0.98999999999999999,funded_assets,EUR
2026-09-15,0.0027862070850419177,0.4268623789999646,1,0.98999999999999999,funded_assets,EUR
2026-09-16,0.0025767303340707044,0.40379561620413457,1,0.98999999999999999,funded_assets,EUR
2026-09-17,0.0023493649977536814,0.37126053579313728,1,0.98999999999999999,funded_assets,EUR
2026-09-18,0.0032157374901841292,0.48453058020809037,1,0.98999999999999999,funded_assets,EUR
2026-09-21,0.003046191278304378,0.46494962613876439,1,0.98999999999999999,funded_assets,EUR
2026-09-22,0.0028507869655212733,0.43081650352331141,1,0.98999999999999999,funded_assets,EUR
2026-09-23,0.0025374719938796274,0.39019563830209575,1,0.98999999999999999,funded_assets,EUR
2026-09-24,0.0023900925715317533,0.37241164646731545,1,0.98999999999999999,funded_assets,EUR
2026-09-25,0.0023965333025382516,0.36845903500097738,1,0.98999999999999999,funded_assets,EUR
2026-09-28,0.0025640463864935858,0.38952200244434604,1,0.98999999999999999,funded_assets,EUR
2026-01-02,0.0010059365531595475,0.16842153119824094,1,0.98999999999999999,funded_assets,USD
2026-01-05,0.0012380458115279231,0.20153897923635078,1,0.98999999999999999,funded_assets,USD
2026-01-06,0.0012995135302636997,0.2142300194316909,1,0.98999999999999999,funded_assets,USD
2026-01-07,0.0011822822840599325,0.19658695668692902,1,0.98999999999999999,funded_assets,USD
2026-01-08,0.0012813906016421071,0.21583201755453085,1,0.98999999999999999,funded_assets,USD
2026-01-09,0.0012917074226033434,0.21942475476073126,1,0.98999999999999999,funded_assets,USD
2026-01-12,0.0013187223954429748,0.22412509264730762,1,0.98999999999999999,funded_assets,USD
2026-01-13,0.0013366964427582303,0.2275755756951448,1,0.98999999999999999,funded_assets,USD
2026-01-14,0.0011570081748859713,0.19737410570767477,1,0.98999999999999999,funded_assets,USD
2026-01-15,0.0011045995474567192,0.1885172137889875,1,0.98999999999999999,funded_assets,USD
2026-01-16,0.0010886041319931464,0.18690349385593075,1,0.98999999999999999,funded_assets,USD
2026-01-19,0.00079609491016405503,0.13654904218626573,1,0.98999999999999999,funded_assets,USD
2026-01-20,0.00095676806468258675,0.152245574881712,1,0.98999999999999999,funded_assets,USD
2026-01-21,0.0010654409355948316,0.17228593725453931,1,0.98999999999999999,funded_assets,USD
2026-01-22,0.0011139597975276068,0.18060042646110339,1,0.98999999999999999,funded_assets,USD
2026-01-23,0.0014395415077170697,0.23408979966036456,1,0.98999999999999999,funded_assets,USD
2026-01-26,0.0033950969608336603,0.45126397385740918,1,0.98999999999999999,funded_assets,USD
2026-01-27,0.0029975214505355893,0.39781809882849267,1,0.98999999999999999,funded_assets,USD
2026-01-28,0.0028468850842274232,0.38547879770062426,1,0.98999999999999999,funded_assets,USD
2026-01-29,0.0027546168901418505,0.37957341985842274,1,0.98999999999999999,funded_assets,USD
2026-01-30,0.0024513231456428754,0.34188157623607429,1,0.98999999999999999,funded_assets,USD
2026-02-02,0.001739779028186764,0.24017602538072449,1,0.98999999999999999,funded_assets,USD
2026-02-03,0.0014856251664280874,0.20669348382086905,1,0.98999999999999999,funded_assets,USD
2026-02-04,0.0017328644273243094,0.24237556768935503,1,0.98999999999999999,funded_assets,USD
2026-02-05,0.0015817202858516757,0.21991559321019705,1,0.98999999999999999,funded_assets,USD
2026-02-06,0.0015284320474514036,0.21680717288749748,1,0.98999999999999999,funded_assets,USD
2026-02-09,0.0013784441962605923,0.19433829196379587,1,0.98999999999999999,funded_assets,USD
2026-02-10,0.0013546383021559097,0.18946110900093913,1,0.98999999999999999,funded_assets,USD
2026-02-11,0.0020310558286432091,0.27715151156048695,1,0.98999999999999999,funded_assets,USD
2026-02-12,0.0019147637769155058,0.26659700678350146,1,0.98999999999999999,funded_assets,USD
2026-02-13,0.0018742942736096405,0.26343028919098249,1,0.98999999999999999,funded_assets,USD
2026-02-16,0.0017242579967425946,0.24701816454680242,1,0.98999999999999999,funded_assets,USD
2026-02-17,0.0016969885370207646,0.24292976910384459,1,0.98999999999999999,funded_assets,USD
2026-02-18,0.0017686550436759804,0.25555205939992109,1,0.98999999999999999,funded_assets,USD
2026-02-19,0.0017367678577959074,0.25100849627334609,1,0.98999999999999999,funded_assets,USD
2026-02-20,0.0016892694478406328,0.24762080382000223,1,0.98999999999999999,funded_assets,USD
2026-02-23,0.0016056321641961333,0.23914878045419899,1,0.98999999999999999,funded_assets,USD
2026-02-24,0.0014064178735514491,0.20853276287274813,1,0.98999999999999999,funded_assets,USD
2026-02-25,0.0016155316410478363,0.23949974821008604,1,0.98999999999999999,funded_assets,USD
2026-02-26,0.0015277788576100832,0.22973071828360908,1,0.98999999999999999,funded_assets,USD
2026-02-27,0.0014308594463783419,0.21309773432262452,1,0.98999999999999999,funded_assets,USD
2026-03-02,0.0014166304643996007,0.20867656381351884,1,0.98999999999999999,funded_assets,USD
2026-03-03,0.0016132585309867331,0.23077937426322556,1,0.98999999999999999,funded_assets,USD
2026-03-04,0.0015519120495049478,0.22392371233896993,1,0.98999999999999999,funded_assets,USD
2026-03-05,0.0015540801048325743,0.22758193000608423,1,0.98999999999999999,funded_assets,USD
2026-03-06,0.0016496484400406325,0.24155025716331791,1,0.98999999999999999,funded_assets,USD
2026-03-09,0.0012566126083074598,0.18361046402565964,1,0.98999999999999999,funded_assets,USD
2026-03-10,0.0015396289750489803,0.22414028830412142,1,0.98999999999999999,funded_assets,USD
2026-03-11,0.001734829910584333,0.25529629389446801,1,0.98999999999999999,funded_assets,USD
2026-03-12,0.0018148471750275563,0.27125575408571939,1,0.98999999999999999,funded_assets,USD
2026-03-13,0.0019508796016064226,0.28979519011711186,1,0.98999999999999999,funded_assets,USD
2026-03-16,0.0019379016889399768,0.29275259624837507,1,0.98999999999999999,funded_assets,USD
2026-03-17,0.0018816840574412894,0.28342438178468232,1,0.98999999999999999,funded_assets,USD
2026-03-18,0.0019358919211633994,0.29627331249142097,1,0.98999999999999999,funded_assets,USD
2026-03-19,0.0013122225384605323,0.19385456544878699,1,0.98999999999999999,funded_assets,USD
2026-03-20,0.0012962007476103217,0.18938576835777685,1,0.98999999999999999,funded_assets,USD
2026-03-23,0.0013915530468637648,0.20469046792579745,1,0.98999999999999999,funded_assets,USD
2026-03-24,0.0014887672919607388,0.22180479765452515,1,0.98999999999999999,funded_assets,USD
2026-03-25,0.0015262945328291559,0.23167834961063721,1,0.98999999999999999,funded_assets,USD
2026-03-26,0.001687361913156115,0.25968470787635917,1,0.98999999999999999,funded_assets,USD
2026-03-27,0.0017385476514063473,0.26898609831676901,1,0.98999999999999999,funded_assets,USD
2026-03-30,0.0013410611972759796,0.20574822024643535,1,0.98999999999999999,funded_assets,USD
2026-03-31,0.001388116904809251,0.21706060510121269,1,0.98999999999999999,funded_assets,USD
2026-04-01,0.0019450975001172773,0.29914637045308573,1,0.98999999999999999,funded_assets,USD
2026-04-02,0.0022007743307588612,0.33624696615548982,1,0.98999999999999999,funded_assets,USD
2026-04-07,0.0020633762910345242,0.31415125901816388,1,0.98999999999999999,funded_assets,USD
2026-04-08,0.0028696009473894975,0.41713146359453801,1,0.98999999999999999,funded_assets,USD
2026-04-09,0.0027806167518139276,0.40778347912856461,1,0.98999999999999999,funded_assets,USD
2026-04-10,0.0026544790727739522,0.39318271850245334,1,0.98999999999999999,funded_assets,USD
2026-04-13,0.0026679079550391508,0.40163972399452408,1,0.98999999999999999,funded_assets,USD
2026-04-14,0.0030371819343460761,0.44576857004112702,1,0.98999999999999999,funded_assets,USD
2026-04-15,0.0030463581909976412,0.45484837700332292,1,0.98999999999999999,funded_assets,USD
2026-04-16,0.0030341602569711329,0.46009150486730888,1,0.98999999999999999,funded_assets,USD
2026-04-17,0.0029897624497768035,0.45934271615193556,1,0.98999999999999999,funded_assets,USD
2026-04-20,0.0026780488145141668,0.40234083662085368,1,0.98999999999999999,funded_assets,USD
2026-04-21,0.0026768286115549638,0.40854129182587379,1,0.98999999999999999,funded_assets,USD
2026-04-22,0.0026635422789498785,0.41139465826113736,1,0.98999999999999999,funded_assets,USD
2026-04-23,0.0026680147097679525,0.41378312247302634,1,0.98999999999999999,funded_assets,USD
2026-04-24,0.0026747339675258488,0.41743712089720897,1,0.98999999999999999,funded_assets,USD
2026-04-27,0.0026872907890082062,0.42286477187027538,1,0.98999999999999999,funded_assets,USD
2026-04-28,0.0027511026829102224,0.42746495266193246,1,0.98999999999999999,funded_assets,USD
2026-04-29,0.0027066764525837004,0.42628447549488269,1,0.98999999999999999,funded_assets,USD
2026-04-30,0.0034720431641912649,0.43836775770317465,1,0.98999999999999999,funded_assets,USD
2026-05-04,0.0032434687182615156,0.41686077217757284,1,0.98999999999999999,funded_assets,USD
2026-05-05,0.0031074540132559406,0.4087424910238191,1,0.98999999999999999,funded_assets,USD
2026-05-06,0.0031109837348218174,0.41169703826276177,1,0.98999999999999999,funded_assets,USD
2026-05-07,0.0029172794678296839,0.39525399822894874,1,0.98999999999999999,funded_assets,USD
2026-05-08,0.0027464825946790592,0.38123125122253221,1,0.98999999999999999,funded_assets,USD
2026-05-11,0.0026066808249581089,0.36931018420073691,1,0.98999999999999999,funded_assets,USD
2026-05-12,0.0024015831520338045,0.34478222853386981,1,0.98999999999999999,funded_assets,USD
2026-05-13,0.0021916539062227965,0.31987509444145162,1,0.98999999999999999,funded_assets,USD
2026-05-14,0.0020401231674065188,0.30416350817734694,1,0.98999999999999999,funded_assets,USD
2026-05-15,0.001889623601282326,0.27941288851638602,1,0.98999999999999999,funded_assets,USD
2026-05-18,0.0018718066604216056,0.28143546678912917,1,0.98999999999999999,funded_assets,USD
2026-05-19,0.0018418430879144623,0.27995303684081363,1,0.98999999999999999,funded_assets,USD
2026-05-20,0.0017372481044401322,0.26658659293896164,1,0.98999999999999999,funded_assets,USD
2026-05-21,0.001632038858035716,0.25372643137573286,1,0.98999999999999999,funded_assets,USD
2026-05-22,0.0014522129491804881,0.22783118541997957,1,0.98999999999999999,funded_assets,USD
2026-05-25,0.0014113737375396418,0.22218104385325191,1,0.98999999999999999,funded_assets,USD
2026-05-26,0.0010722535911443232,0.16844410214208513,1,0.98999999999999999,funded_assets,USD
2026-05-27,0.0010367559979005013,0.16463354249049028,1,0.98999999999999999,funded_assets,USD
2026-05-28,0.0010403304169128401,0.16738777323305387,1,0.98999999999999999,funded_assets,USD
2026-05-29,0.00090768919842225144,0.14201926171265764,1,0.98999999999999999,funded_assets,USD
2026-06-01,0.00094674480937372105,0.15032641716394263,1,0.98999999999999999,funded_assets,USD
2026-06-02,0.00096554595657838155,0.15550635299006629,1,0.98999999999999999,funded_assets,USD
2026-06-03,0.00097130573992788762,0.15763911490653809,1,0.98999999999999999,funded_assets,USD
2026-06-04,0.0010170040008484578,0.1679511512904511,1,0.98999999999999999,funded_assets,USD
2026-06-05,0.0010453881711726199,0.1759911881537079,1,0.98999999999999999,funded_assets,USD
2026-06-08,0.00095824770565895202,0.15142107986400888,1,0.98999999999999999,funded_assets,USD
2026-06-09,0.00094320254244987557,0.14966981133757182,1,0.98999999999999999,funded_assets,USD
2026-06-10,0.00098706726955543212,0.15850049134705374,1,0.98999999999999999,funded_assets,USD
2026-06-11,0.0010160592010121953,0.16641868635748908,1,0.98999999999999999,funded_assets,USD
2026-06-12,0.0010831044171398223,0.1804856022636725,1,0.98999999999999999,funded_assets,USD
2026-06-15,0.0011145675678992323,0.18669566769449578,1,0.98999999999999999,funded_assets,USD
2026-06-16,0.0011247956346502877,0.19136229219002832,1,0.98999999999999999,funded_assets,USD
2026-06-17,0.0010574915046668064,0.1801194392441969,1,0.98999999999999999,funded_assets,USD
2026-06-18,0.0012818037667540324,0.20031564264085569,1,0.98999999999999999,funded_assets,USD
2026-06-19,0.0012163619161197807,0.19110219439593232,1,0.98999999999999999,funded_assets,USD
2026-06-22,0.0012212786598339636,0.19475029715313277,1,0.98999999999999999,funded_assets,USD
2026-06-23,0.0010582581015195309,0.16134079923570063,1,0.98999999999999999,funded_assets,USD
2026-06-24,0.0011506858351460654,0.17613236892784381,1,0.98999999999999999,funded_assets,USD
2026-06-25,0.0011990220407159012,0.18742162977915552,1,0.98999999999999999,funded_assets,USD
2026-06-26,0.0013589356579786788,0.21309073885005306,1,0.98999999999999999,funded_assets,USD
2026-06-29,0.0013824663993281814,0.22100953033816534,1,0.98999999999999999,funded_assets,USD
2026-06-30,0.0014090756681774674,0.22906930670724612,1,0.98999999999999999,funded_assets,USD
2026-07-01,0.0013837364708079091,0.22816845347668246,1,0.98999999999999999,funded_assets,USD
2026-07-02,0.0011420315567847216,0.18257308841365208,1,0.98999999999999999,funded_assets,USD
2026-07-03,0.001254806335786931,0.20286335504944436,1,0.98999999999999999,funded_assets,USD
2026-07-06,0.0012956954307538227,0.20974312505737852,1,0.98999999999999999,funded_assets,USD
2026-07-07,0.0012284505055698038,0.20111128770120917,1,0.98999999999999999,funded_assets,USD
2026-07-08,0.0012911930295016853,0.21486522632951016,1,0.98999999999999999,funded_assets,USD
2026-07-09,0.0013398949839243156,0.22587914708563994,1,0.98999999999999999,funded_assets,USD
2026-07-10,0.0013254339674169651,0.22339134347923145,1,0.98999999999999999,funded_assets,USD
2026-07-13,0.0010931327691413974,0.18419535411573354,1,0.98999999999999999,funded_assets,USD
2026-07-14,0.001109968959266466,0.18970955722777796,1,0.98999999999999999,funded_assets,USD
2026-07-15,0.0011193382155239321,0.19437795371685807,1,0.98999999999999999,funded_assets,USD
2026-07-16,0.0012349838938478103,0.21246705211738881,1,0.98999999999999999,funded_assets,USD
2026-07-17,0.001139695585342603,0.1955764760857924,1,0.98999999999999999,funded_assets,USD
2026-07-20,0.0011219478117796841,0.19476382260332187,1,0.98999999999999999,funded_assets,USD
2026-07-21,0.0010044531664431039,0.17396010191877118,1,0.98999999999999999,funded_assets,USD
2026-07-22,0.0010249426046510203,0.17988120417874334,1,0.98999999999999999,funded_assets,USD
2026-07-23,0.0010652352043763018,0.18723079355767686,1,0.98999999999999999,funded_assets,USD
2026-07-24,0.0010955995990353093,0.19546839834429428,1,0.98999999999999999,funded_assets,USD
2026-07-27,0.0011229842305023104,0.20203414794307639,1,0.98999999999999999,funded_assets,USD
2026-07-28,0.001173186264593137,0.20914059698478449,1,0.98999999999999999,funded_assets,USD
2026-07-29,0.0011857192489226976,0.21409221061623682,1,0.98999999999999999,funded_assets,USD
2026-07-30,0.0015171921040045173,0.26701329559527132,1,0.98999999999999999,funded_assets,USD
2026-07-31,0.0025054752295038119,0.37453277207085645,1,0.98999999999999999,funded_assets,USD
2026-08-03,0.0047918820510739323,0.63042112182030263,1,0.98999999999999999,funded_assets,USD
2026-08-04,0.0045708506438317392,0.61590374367235179,1,0.98999999999999999,funded_assets,USD
2026-08-05,0.004250577828315511,0.57720025485970017,1,0.98999999999999999,funded_assets,USD
2026-08-06,0.0040091442309556236,0.5583798075453329,1,0.98999999999999999,funded_assets,USD
2026-08-07,0.0038162191387366489,0.54388423582735812,1,0.98999999999999999,funded_assets,USD
2026-08-10,0.0036052622861531955,0.52272475114521755,1,0.98999999999999999,funded_assets,USD
2026-08-11,0.003362146867749132,0.49769864475492759,1,0.98999999999999999,funded_assets,USD
2026-08-12,0.0030686409459801302,0.46315973406706001,1,0.98999999999999999,funded_assets,USD
2026-08-13,0.0028532269695838459,0.43980998756210066,1,0.98999999999999999,funded_assets,USD
2026-08-14,0.0025823177109951453,0.40406595186979882,1,0.98999999999999999,funded_assets,USD
2026-08-17,0.0024844206667264945,0.39460058727075731,1,0.98999999999999999,funded_assets,USD
2026-08-18,0.0022447479679926019,0.3618155763049522,1,0.98999999999999999,funded_assets,USD
2026-08-19,0.0021211822889002276,0.34766078312466259,1,0.98999999999999999,funded_assets,USD
2026-08-20,0.001729355559915065,0.2638576467575755,1,0.98999999999999999,funded_assets,USD
2026-08-21,0.0015916429516087162,0.24754157861011516,1,0.98999999999999999,funded_assets,USD
2026-08-24,0.0014585474210573159,0.23128498807001122,1,0.98999999999999999,funded_assets,USD
2026-08-25,0.0013602192273607476,0.22101775936751705,1,0.98999999999999999,funded_assets,USD
2026-08-26,0.0012490440364368686,0.20630393933432101,1,0.98999999999999999,funded_assets,USD
2026-08-27,0.0010722774602188265,0.18047945571527654,1,0.98999999999999999,funded_assets,USD
2026-08-28,0.0010057080039317249,0.17229126528487557,1,0.98999999999999999,funded_assets,USD
2026-08-31,0.0010583300231472347,0.18090579754131655,1,0.98999999999999999,funded_assets,USD
2026-09-01,0.00099558248530379027,0.17239334903064099,1,0.98999999999999999,funded_assets,USD
2026-09-02,0.00093237419333339934,0.15856164152645627,1,0.98999999999999999,funded_assets,USD
2026-09-03,0.0037190077157499904,0.51375834753811001,1,0.98999999999999999,funded_assets,USD
2026-09-04,0.0034671772305302009,0.49030289186140968,1,0.98999999999999999,funded_assets,USD
2026-09-07,0.0039884803956948857,0.55616402601164927,1,0.98999999999999999,funded_assets,USD
2026-09-08,0.0037185954479654589,0.52600399123948471,1,0.98999999999999999,funded_assets,USD
2026-09-09,0.0035211042044750044,0.5034179209653622,1,0.98999999999999999,funded_assets,USD
2026-09-10,0.0033542838252659827,0.48505841708928615,1,0.98999999999999999,funded_assets,USD
2026-09-11,0.0032378875027417632,0.47538642225386835,1,0.98999999999999999,funded_assets,USD
2026-09-14,0.0030311715751831902,0.45121869843019302,1,0.98999999999999999,funded_assets,USD
2026-09-15,0.0028863097766645696,0.43983558073218215,1,0.98999999999999999,funded_assets,USD
2026-09-16,0.0026676047833261111,0.41579022935832083,1,0.98999999999999999,funded_assets,USD
2026-09-17,0.002423811204675835,0.38085908278402908,1,0.98999999999999999,funded_assets,USD
2026-09-18,0.0033257554910180809,0.49842477375942928,1,0.98999999999999999,funded_assets,USD
2026-09-21,0.0031398415518648594,0.47662071504796089,1,0.98999999999999999,funded_assets,USD
2026-09-22,0.0029532777764158229,0.44412500851933906,1,0.98999999999999999,funded_assets,USD
2026-09-23,0.0026198035049808483,0.40072434547747071,1,0.98999999999999999,funded_assets,USD
2026-09-24,0.0024670674237608058,0.38232068579807205,1,0.98999999999999999,funded_assets,USD
2026-09-25,0.0024818203505690625,0.37956866488971136,1,0.98999999999999999,funded_assets,USD
2026-09-28,0.0026456862587604726,0.39982647861960108,1,0.98999999999999999,funded_assets,USD
2026-01-02,0.0014824880116687499,0.26179364081265494,1,0.98999999999999999,net_cashflows,EUR
2026-01-05,0.0013812200523479383,0.23665924419612216,1,0.98999999999999999,net_cashflows,EUR
2026-01-06,0.0014015974273288373,0.24224094216131428,1,0.98999999999999999,net_cashflows,EUR
2026-01-07,0.001462392654528584,0.25525196536951134,1,0.98999999999999999,net_cashflows,EUR
2026-01-08,0.0015175401372318261,0.26905525236919819,1,0.98999999999999999,net_cashflows,EUR
2026-01-09,0.001483192479015751,0.26439420665634777,1,0.98999999999999999,net_cashflows,EUR
2026-01-12,0.001543173134571826,0.27183195908289715,1,0.98999999999999999,net_cashflows,EUR
2026-01-13,0.0014310038420179572,0.25180715440406043,1,0.98999999999999999,net_cashflows,EUR
2026-01-14,0.0014653729452849609,0.25955548547055746,1,0.98999999999999999,net_cashflows,EUR
2026-01-15,0.0014872103830318173,0.26389528485623881,1,0.98999999999999999,net_cashflows,EUR
2026-01-16,0.0014832529002351156,0.26446561459183038,1,0.98999999999999999,net_cashflows,EUR
2026-01-19,0.001629861571795733,0.29285140877166316,1,0.98999999999999999,net_cashflows,EUR
2026-01-20,0.0022464441997298292,0.37219449517966091,1,0.98999999999999999,net_cashflows,EUR
2026-01-21,0.0022374324515141335,0.37721291337547441,1,0.98999999999999999,net_cashflows,EUR
2026-01-22,0.0020606655495637284,0.34844068356247365,1,0.98999999999999999,net_cashflows,EUR
2026-01-23,0.00199258920336129,0.3394502542923703,1,0.98999999999999999,net_cashflows,EUR
2026-01-26,0.0017339048485266254,0.22170795790017012,1,0.98999999999999999,net_cashflows,EUR
2026-01-27,0.0015811802501047301,0.20243065760470375,1,0.98999999999999999,net_cashflows,EUR
2026-01-28,0.0015796379952363344,0.20669690942449256,1,0.98999999999999999,net_cashflows,EUR
2026-01-29,0.0015539950856193838,0.20726242526941902,1,0.98999999999999999,net_cashflows,EUR
2026-01-30,0.0015062637768544053,0.20396614856657902,1,0.98999999999999999,net_cashflows,EUR
2026-02-02,0.0015352749498626535,0.20695447080502921,1,0.98999999999999999,net_cashflows,EUR
2026-02-03,0.0015114641276072604,0.20672967011097992,1,0.98999999999999999,net_cashflows,EUR
2026-02-04,0.0013887028356607553,0.18988445051263869,1,0.98999999999999999,net_cashflows,EUR
2026-02-05,0.0015220260555273285,0.21161495917228421,1,0.98999999999999999,net_cashflows,EUR
2026-02-06,0.0015648163931733959,0.22227477656592995,1,0.98999999999999999,net_cashflows,EUR
2026-02-09,0.0017148160539814331,0.24070206285419218,1,0.98999999999999999,net_cashflows,EUR
2026-02-10,0.0015810137008795879,0.22017908119686719,1,0.98999999999999999,net_cashflows,EUR
2026-02-11,0.0014815735598618165,0.19933199140903304,1,0.98999999999999999,net_cashflows,EUR
2026-02-12,0.0015250160372814797,0.2095224781371352,1,0.98999999999999999,net_cashflows,EUR
2026-02-13,0.0014918999228900019,0.20720226928661931,1,0.98999999999999999,net_cashflows,EUR
2026-02-16,0.0015556700137832127,0.22113030066294517,1,0.98999999999999999,net_cashflows,EUR
2026-02-17,0.0015490804294104842,0.221384774027688,1,0.98999999999999999,net_cashflows,EUR
2026-02-18,0.0015148284716391472,0.21798704939660618,1,0.98999999999999999,net_cashflows,EUR
2026-02-19,0.0014843261095543094,0.21208128327204556,1,0.98999999999999999,net_cashflows,EUR
2026-02-20,0.0014752053571656541,0.21382263959917994,1,0.98999999999999999,net_cashflows,EUR
2026-02-23,0.0014973249125066878,0.22090177864735744,1,0.98999999999999999,net_cashflows,EUR
2026-02-24,0.0015470482259917623,0.22730097408871622,1,0.98999999999999999,net_cashflows,EUR
2026-02-25,0.0014812528873043539,0.21703346797007136,1,0.98999999999999999,net_cashflows,EUR
2026-02-26,0.001496771079635144,0.22252087581683497,1,0.98999999999999999,net_cashflows,EUR
2026-02-27,0.001602728052071521,0.23992941032917683,1,0.98999999999999999,net_cashflows,EUR
2026-03-02,0.0016139887590097103,0.23560289019412495,1,0.98999999999999999,net_cashflows,EUR
2026-03-03,0.0014029429664556229,0.19655426935579728,1,0.98999999999999999,net_cashflows,EUR
2026-03-04,0.0015062416902593551,0.2131400621513159,1,0.98999999999999999,net_cashflows,EUR
2026-03-05,0.0015569367041831225,0.22340508673311105,1,0.98999999999999999,net_cashflows,EUR
2026-03-06,0.0016256895495897388,0.23295896075637218,1,0.98999999999999999,net_cashflows,EUR
2026-03-09,0.0017754741932238458,0.25588281570403915,1,0.98999999999999999,net_cashflows,EUR
2026-03-10,0.0017441759108748744,0.24763764622084414,1,0.98999999999999999,net_cashflows,EUR
2026-03-11,0.001776267785766842,0.25350930007064487,1,0.98999999999999999,net_cashflows,EUR
2026-03-12,0.001840919009608321,0.26632705945074964,1,0.98999999999999999,net_cashflows,EUR
2026-03-13,0.0019769175060227462,0.28295226043210009,1,0.98999999999999999,net_cashflows,EUR
2026-03-16,0.0020275426792001104,0.29508059838737671,1,0.98999999999999999,net_cashflows,EUR
2026-03-17,0.0020661430571687657,0.29966937704695878,1,0.98999999999999999,net_cashflows,EUR
2026-03-18,0.0020640539086873482,0.30353036520255111,1,0.98999999999999999,net_cashflows,EUR
2026-03-19,0.0023716383612997086,0.34186101102988331,1,0.98999999999999999,net_cashflows,EUR
2026-03-20,0.002732702823430729,0.38783927540140006,1,0.98999999999999999,net_cashflows,EUR
2026-03-23,0.002739185005460709,0.39149419776543232,1,0.98999999999999999,net_cashflows,EUR
2026-03-24,0.0027969744185456112,0.40479061966675056,1,0.98999999999999999,net_cashflows,EUR
2026-03-25,0.0028084181672263456,0.41318524979883792,1,0.98999999999999999,net_cashflows,EUR
2026-03-26,0.0027725730347100703,0.4107489028870977,1,0.98999999999999999,net_cashflows,EUR
2026-03-27,0.0028463705389781763,0.42609089165326158,1,0.98999999999999999,net_cashflows,EUR
2026-03-30,0.0028615485241991132,0.42433709443968443,1,0.98999999999999999,net_cashflows,EUR
2026-03-31,0.0028705796741918133,0.43309934206542411,1,0.98999999999999999,net_cashflows,EUR
2026-04-01,0.0026881015823540444,0.39245755947243177,1,0.98999999999999999,net_cashflows,EUR
2026-04-02,0.0025508514352942119,0.36824612474420887,1,0.98999999999999999,net_cashflows,EUR
2026-04-07,0.0025695545353514281,0.37079763821719031,1,0.98999999999999999,net_cashflows,EUR
2026-04-08,0.0023456176621316814,0.31668085804488655,1,0.98999999999999999,net_cashflows,EUR
2026-04-09,0.0023128746937536556,0.31565742446550604,1,0.98999999999999999,net_cashflows,EUR
2026-04-10,0.002377915461763757,0.32728030779529244,1,0.98999999999999999,net_cashflows,EUR
2026-04-13,0.0023603016820731839,0.32961001544528418,1,0.98999999999999999,net_cashflows,EUR
2026-04-14,0.0025954486647624354,0.35129104065862599,1,0.98999999999999999,net_cashflows,EUR
2026-04-15,0.0026419259044067013,0.36371042951781057,1,0.98999999999999999,net_cashflows,EUR
2026-04-16,0.0026723787345728075,0.37380673503735373,1,0.98999999999999999,net_cashflows,EUR
2026-04-17,0.0027243744131318767,0.38653914240609022,1,0.98999999999999999,net_cashflows,EUR
2026-04-20,0.0027416560660455643,0.38431598914911502,1,0.98999999999999999,net_cashflows,EUR
2026-04-21,0.0028060068728349846,0.3997858812221638,1,0.98999999999999999,net_cashflows,EUR
2026-04-22,0.0028710731965991502,0.41305352633181486,1,0.98999999999999999,net_cashflows,EUR
2026-04-23,0.0029452304600370953,0.42660749807222653,1,0.98999999999999999,net_cashflows,EUR
2026-04-24,0.0029492720807566706,0.43232641757572776,1,0.98999999999999999,net_cashflows,EUR
2026-04-27,0.0029463664918634959,0.43581577442081498,1,0.98999999999999999,net_cashflows,EUR
2026-04-28,0.0031458870165170646,0.45934983756406922,1,0.98999999999999999,net_cashflows,EUR
2026-04-29,0.0031602776335047066,0.46668605763031668,1,0.98999999999999999,net_cashflows,EUR
2026-04-30,0.00069677012545798882,0.080760867839537329,1,0.98999999999999999,net_cashflows,EUR
2026-05-04,0.0007971052235468401,0.094651210053103327,1,0.98999999999999999,net_cashflows,EUR
2026-05-05,0.00087371168425399472,0.10635487813340549,1,0.98999999999999999,net_cashflows,EUR
2026-05-06,0.00069544468313361731,0.084945138075650822,1,0.98999999999999999,net_cashflows,EUR
2026-05-07,0.00079647620964396794,0.099735178629107246,1,0.98999999999999999,net_cashflows,EUR
2026-05-08,0.0008777109148715833,0.11276700460227582,1,0.98999999999999999,net_cashflows,EUR
2026-05-11,0.00093573576800429388,0.12296231352265449,1,0.98999999999999999,net_cashflows,EUR
2026-05-12,0.0010416409403863078,0.13981313582125751,1,0.98999999999999999,net_cashflows,EUR
2026-05-13,0.0011454297948675701,0.15693167859419729,1,0.98999999999999999,net_cashflows,EUR
2026-05-14,0.0012397235833903888,0.17387727690104665,1,0.98999999999999999,net_cashflows,EUR
2026-05-15,0.0013322182836458937,0.18650274621182775,1,0.98999999999999999,net_cashflows,EUR
2026-05-18,0.0014281395324758257,0.20322270883542537,1,0.98999999999999999,net_cashflows,EUR
2026-05-19,0.0015391998111938636,0.22292211508763013,1,0.98999999999999999,net_cashflows,EUR
2026-05-20,0.0016952819007169939,0.24863266391529473,1,0.98999999999999999,net_cashflows,EUR
2026-05-21,0.0017837071052420918,0.2660805213493066,1,0.98999999999999999,net_cashflows,EUR
2026-05-22,0.0018784800200873112,0.28432381871834717,1,0.98999999999999999,net_cashflows,EUR
2026-05-25,0.0020503304503784328,0.3113093109240152,1,0.98999999999999999,net_cashflows,EUR
2026-05-26,0.0021960888595948403,0.33577404704202635,1,0.98999999999999999,net_cashflows,EUR
2026-05-27,0.0022247487464386638,0.34498023698254004,1,0.98999999999999999,net_cashflows,EUR
2026-05-28,0.0023133732695643679,0.36343496324588576,1,0.98999999999999999,net_cashflows,EUR
2026-05-29,0.0027498425582398924,0.42888138049586277,1,0.98999999999999999,net_cashflows,EUR
2026-06-01,0.0027632600326041642,0.43799091953394892,1,0.98999999999999999,net_cashflows,EUR
2026-06-02,0.0027703556822167878,0.44546257107245368,1,0.98999999999999999,net_cashflows,EUR
2026-06-03,0.0029066621289888126,0.46945753760009257,1,0.98999999999999999,net_cashflows,EUR
2026-06-04,0.0029107378274332496,0.47672119567813726,1,0.98999999999999999,net_cashflows,EUR
2026-06-05,0.002904236974090822,0.48377194680819335,1,0.98999999999999999,net_cashflows,EUR
2026-06-08,0.0033424741370520344,0.51175266522531093,1,0.98999999999999999,net_cashflows,EUR
2026-06-09,0.0033125913597957576,0.5088630456226374,1,0.98999999999999999,net_cashflows,EUR
2026-06-10,0.0033695055898357194,0.52348034823642442,1,0.98999999999999999,net_cashflows,EUR
2026-06-11,0.0033410781960828868,0.52924577742894441,1,0.98999999999999999,net_cashflows,EUR
2026-06-12,0.003279649380916726,0.52706866795866725,1,0.98999999999999999,net_cashflows,EUR
2026-06-15,0.0033461072311133594,0.53941047528171604,1,0.98999999999999999,net_cashflows,EUR
2026-06-16,0.0033408455948014957,0.54704306095177146,1,0.98999999999999999,net_cashflows,EUR
2026-06-17,0.0033736780760864503,0.55660461404457284,1,0.98999999999999999,net_cashflows,EUR
2026-06-18,0.0039073656081111607,0.57775681069543117,1,0.98999999999999999,net_cashflows,EUR
2026-06-19,0.0038896726245494636,0.58109011790652609,1,0.98999999999999999,net_cashflows,EUR
2026-06-22,0.0037809537866513874,0.57343151914456858,1,0.98999999999999999,net_cashflows,EUR
2026-06-23,0.0037336598204201687,0.54291702048907931,1,0.98999999999999999,net_cashflows,EUR
2026-06-24,0.0037311482644554446,0.54240225350228721,1,0.98999999999999999,net_cashflows,EUR
2026-06-25,0.003693518763360471,0.54775243587208944,1,0.98999999999999999,net_cashflows,EUR
2026-06-26,0.0037703948740738617,0.5575227340683091,1,0.98999999999999999,net_cashflows,EUR
2026-06-29,0.0037292969350934072,0.56176288474776281,1,0.98999999999999999,net_cashflows,EUR
2026-06-30,0.0036138882674896381,0.55307484543606522,1,0.98999999999999999,net_cashflows,EUR
2026-07-01,0.0035909304970053457,0.55876279543334739,1,0.98999999999999999,net_cashflows,EUR
2026-07-02,0.0031353054043286701,0.47977770818357784,1,0.98999999999999999,net_cashflows,EUR
2026-07-03,0.0031289784072310043,0.48188841751713429,1,0.98999999999999999,net_cashflows,EUR
2026-07-06,0.0027651266359374083,0.42631621342098991,1,0.98999999999999999,net_cashflows,EUR
2026-07-07,0.0027447829245759838,0.42881128879715247,1,0.98999999999999999,net_cashflows,EUR
2026-07-08,0.0026923035941189772,0.42653014909358428,1,0.98999999999999999,net_cashflows,EUR
2026-07-09,0.0027001370469997071,0.43238912371622562,1,0.98999999999999999,net_cashflows,EUR
2026-07-10,0.0026286606094304233,0.42225809821594129,1,0.98999999999999999,net_cashflows,EUR
2026-07-13,0.0026854003251245177,0.43483402982036912,1,0.98999999999999999,net_cashflows,EUR
2026-07-14,0.0027200827184553356,0.446665355611926,1,0.98999999999999999,net_cashflows,EUR
2026-07-15,0.0027162017570569533,0.45351905757211691,1,0.98999999999999999,net_cashflows,EUR
2026-07-16,0.0027945421482476439,0.46005898068050388,1,0.98999999999999999,net_cashflows,EUR
2026-07-17,0.0028033734929073404,0.46251785298179932,1,0.98999999999999999,net_cashflows,EUR
2026-07-20,0.0028332004955119363,0.47405913475397632,1,0.98999999999999999,net_cashflows,EUR
2026-07-21,0.002826024710530544,0.47665957959710492,1,0.98999999999999999,net_cashflows,EUR
2026-07-22,0.0028045824367030642,0.47967935916417392,1,0.98999999999999999,net_cashflows,EUR
2026-07-23,0.0028508952079630738,0.49086756594595321,1,0.98999999999999999,net_cashflows,EUR
2026-07-24,0.0028279737010647584,0.4937424997432352,1,0.98999999999999999,net_cashflows,EUR
2026-07-27,0.0028463949524498728,0.50255477894286416,1,0.98999999999999999,net_cashflows,EUR
2026-07-28,0.0030043822298688183,0.53043345220290361,1,0.98999999999999999,net_cashflows,EUR
2026-07-29,0.0029508528436776073,0.52727887405939666,1,0.98999999999999999,net_cashflows,EUR
2026-07-30,0.0029980970605531631,0.50962149453557004,1,0.98999999999999999,net_cashflows,EUR
2026-07-31,0.0011067717508541301,0.15329193957937842,1,0.98999999999999999,net_cashflows,EUR
2026-08-03,0.0010984255089512927,0.12381415629159036,1,0.98999999999999999,net_cashflows,EUR
2026-08-04,0.0010936771981193399,0.1265137779493932,1,0.98999999999999999,net_cashflows,EUR
2026-08-05,0.00089385466613352456,0.1049419259985258,1,0.98999999999999999,net_cashflows,EUR
2026-08-06,0.00083430708150400955,0.10092056337887186,1,0.98999999999999999,net_cashflows,EUR
2026-08-07,0.00078241003034944766,0.09702887575735869,1,0.98999999999999999,net_cashflows,EUR
2026-08-10,0.00081522633644117229,0.10329225897761178,1,0.98999999999999999,net_cashflows,EUR
2026-08-11,0.00090348131548284062,0.11743475176642895,1,0.98999999999999999,net_cashflows,EUR
2026-08-12,0.0010092041565928269,0.13473310528843141,1,0.98999999999999999,net_cashflows,EUR
2026-08-13,0.0010885456229929209,0.14929994379627906,1,0.98999999999999999,net_cashflows,EUR
2026-08-14,0.0011401030705179144,0.15984978680578499,1,0.98999999999999999,net_cashflows,EUR
2026-08-17,0.0011847265994553149,0.16887360302791202,1,0.98999999999999999,net_cashflows,EUR
2026-08-18,0.0012471995559591069,0.18171411575490018,1,0.98999999999999999,net_cashflows,EUR
2026-08-19,0.001297649911788783,0.19283235133279614,1,0.98999999999999999,net_cashflows,EUR
2026-08-20,0.0019517023795634896,0.2798024562348802,1,0.98999999999999999,net_cashflows,EUR
2026-08-21,0.0020006216306441213,0.29339347563691737,1,0.98999999999999999,net_cashflows,EUR
2026-08-24,0.0020548519469116089,0.30760683276270873,1,0.98999999999999999,net_cashflows,EUR
2026-08-25,0.0020837849783338679,0.31953503173710762,1,0.98999999999999999,net_cashflows,EUR
2026-08-26,0.0021289716250892307,0.33304047471289178,1,0.98999999999999999,net_cashflows,EUR
2026-08-27,0.0021414349564040603,0.34153529894765811,1,0.98999999999999999,net_cashflows,EUR
2026-08-28,0.0021801425723515259,0.35419717807578155,1,0.98999999999999999,net_cashflows,EUR
2026-08-31,0.0023634658610031233,0.38099197754162684,1,0.98999999999999999,net_cashflows,EUR
2026-09-01,0.0023570659633607334,0.38580780557930167,1,0.98999999999999999,net_cashflows,EUR
2026-09-02,0.0024564376899368261,0.39688802722912331,1,0.98999999999999999,net_cashflows,EUR
2026-09-03,0.0010685740819465512,0.12541833515620621,1,0.98999999999999999,net_cashflows,EUR
2026-09-04,0.00099836854790111805,0.12058120921941129,1,0.98999999999999999,net_cashflows,EUR
2026-09-07,0.0010335588516144443,0.12148336183666709,1,0.98999999999999999,net_cashflows,EUR
2026-09-08,0.00093874072984085483,0.11253380495900173,1,0.98999999999999999,net_cashflows,EUR
2026-09-09,0.0010421142667337152,0.1270116905380812,1,0.98999999999999999,net_cashflows,EUR
2026-09-10,0.0011084376072563983,0.13767466381044441,1,0.98999999999999999,net_cashflows,EUR
2026-09-11,0.0012422073674339361,0.15724086828018127,1,0.98999999999999999,net_cashflows,EUR
2026-09-14,0.0012754422703394634,0.16515902089886808,1,0.98999999999999999,net_cashflows,EUR
2026-09-15,0.0013456003691145607,0.17893499262300258,1,0.98999999999999999,net_cashflows,EUR
2026-09-16,0.001417395907142475,0.19379042633345514,1,0.98999999999999999,net_cashflows,EUR
2026-09-17,0.0015281941886162546,0.21178718620517803,1,0.98999999999999999,net_cashflows,EUR
2026-09-18,0.0012544715668781105,0.16094502310525424,1,0.98999999999999999,net_cashflows,EUR
2026-09-21,0.0013475358770742739,0.17659385910321201,1,0.98999999999999999,net_cashflows,EUR
2026-09-22,0.0013191830636299215,0.17403166653939744,1,0.98999999999999999,net_cashflows,EUR
2026-09-23,0.0013791438802756061,0.18570824759929513,1,0.98999999999999999,net_cashflows,EUR
2026-09-24,0.0014532168449575607,0.19897138059380109,1,0.98999999999999999,net_cashflows,EUR
2026-09-25,0.0015334901803260598,0.20853237235660504,1,0.98999999999999999,net_cashflows,EUR
2026-09-28,0.001589914967729705,0.21262765864165126,1,0.98999999999999999,net_cashflows,EUR
2026-01-02,0.0015147546800014806,0.2651805536132042,1,0.98999999999999999,net_cashflows,USD
2026-01-05,0.0014109717530879518,0.23963062310618122,1,0.98999999999999999,net_cashflows,USD
2026-01-06,0.001433320121848122,0.24552330725812571,1,0.98999999999999999,net_cashflows,USD
2026-01-07,0.0014935393697052234,0.25829791314160311,1,0.98999999999999999,net_cashflows,USD
2026-01-08,0.001550993735079725,0.27237368215319868,1,0.98999999999999999,net_cashflows,USD
2026-01-09,0.0015123111523383543,0.26701024982872312,1,0.98999999999999999,net_cashflows,USD
2026-01-12,0.0015786258125869345,0.27539820656970448,1,0.98999999999999999,net_cashflows,USD
2026-01-13,0.0014587036949580169,0.2541911077639204,1,0.98999999999999999,net_cashflows,USD
2026-01-14,0.0014907685654332436,0.26152041820732624,1,0.98999999999999999,net_cashflows,USD
2026-01-15,0.0015201159882374873,0.26716904634262295,1,0.98999999999999999,net_cashflows,USD
2026-01-16,0.0015149764382886167,0.26778723765085355,1,0.98999999999999999,net_cashflows,USD
2026-01-19,0.0016624783841447995,0.29603655355933167,1,0.98999999999999999,net_cashflows,USD
2026-01-20,0.0022889960521600573,0.3757421099817862,1,0.98999999999999999,net_cashflows,USD
2026-01-21,0.0022802010722319426,0.38084462971248373,1,0.98999999999999999,net_cashflows,USD
2026-01-22,0.0021033418219434498,0.35228257417019071,1,0.98999999999999999,net_cashflows,USD
2026-01-23,0.0020362321276315111,0.34342632826770669,1,0.98999999999999999,net_cashflows,USD
2026-01-26,0.0017838249215524193,0.22603018883061129,1,0.98999999999999999,net_cashflows,USD
2026-01-27,0.0016256998546028516,0.2061295911227114,1,0.98999999999999999,net_cashflows,USD
2026-01-28,0.0016152170857119744,0.20923351895644726,1,0.98999999999999999,net_cashflows,USD
2026-01-29,0.0015617906590696413,0.20621383860405393,1,0.98999999999999999,net_cashflows,USD
2026-01-30,0.0015118936598802913,0.20265918850063258,1,0.98999999999999999,net_cashflows,USD
2026-02-02,0.0015395387772850194,0.20534112851196923,1,0.98999999999999999,net_cashflows,USD
2026-02-03,0.0015155875232476159,0.2051154609482842,1,0.98999999999999999,net_cashflows,USD
2026-02-04,0.0014234251256832501,0.19261159044292678,1,0.98999999999999999,net_cashflows,USD
2026-02-05,0.0015662333695441915,0.21550614713892086,1,0.98999999999999999,net_cashflows,USD
2026-02-06,0.0016093947510625838,0.22626878914261964,1,0.98999999999999999,net_cashflows,USD
2026-02-09,0.0017557211902683671,0.24361701168851013,1,0.98999999999999999,net_cashflows,USD
2026-02-10,0.0016266311110968105,0.22414026005270341,1,0.98999999999999999,net_cashflows,USD
2026-02-11,0.0015266119663805023,0.20330211567602086,1,0.98999999999999999,net_cashflows,USD
2026-02-12,0.0015702645516458089,0.21354833717763466,1,0.98999999999999999,net_cashflows,USD
2026-02-13,0.0015356163621882413,0.21113106338689211,1,0.98999999999999999,net_cashflows,USD
2026-02-16,0.001600222248870237,0.22521155990439748,1,0.98999999999999999,net_cashflows,USD
2026-02-17,0.0015931803343904724,0.22545539302254114,1,0.98999999999999999,net_cashflows,USD
2026-02-18,0.0015588658079033436,0.22215749706590074,1,0.98999999999999999,net_cashflows,USD
2026-02-19,0.0015250457956986164,0.21558627352863677,1,0.98999999999999999,net_cashflows,USD
2026-02-20,0.0015151279887384373,0.21730611071757516,1,0.98999999999999999,net_cashflows,USD
2026-02-23,0.0015362729093456647,0.22428338027680067,1,0.98999999999999999,net_cashflows,USD
2026-02-24,0.0015863100105945787,0.23071847809411311,1,0.98999999999999999,net_cashflows,USD
2026-02-25,0.0015209754255682177,0.22067830122489093,1,0.98999999999999999,net_cashflows,USD
2026-02-26,0.0015351689729274226,0.22598352194881868,1,0.98999999999999999,net_cashflows,USD
2026-02-27,0.0016364411032194267,0.2425926654499298,1,0.98999999999999999,net_cashflows,USD
2026-03-02,0.001646168066331017,0.23752246814789194,1,0.98999999999999999,net_cashflows,USD
2026-03-03,0.0014379653548425202,0.19897660734572784,1,0.98999999999999999,net_cashflows,USD
2026-03-04,0.0015438104291095453,0.2157625232281957,1,0.98999999999999999,net_cashflows,USD
2026-03-05,0.0015953685697280657,0.22602816482899735,1,0.98999999999999999,net_cashflows,USD
2026-03-06,0.0016663982078620257,0.23574331859234621,1,0.98999999999999999,net_cashflows,USD
2026-03-09,0.0018129485614177404,0.25799296032759761,1,0.98999999999999999,net_cashflows,USD
2026-03-10,0.0017815369155736727,0.24963657932667424,1,0.98999999999999999,net_cashflows,USD
2026-03-11,0.0018172677555554993,0.25593541836808226,1,0.98999999999999999,net_cashflows,USD
2026-03-12,0.0018840808552778102,0.26898648328113989,1,0.98999999999999999,net_cashflows,USD
2026-03-13,0.0020266097160400905,0.28619229886444242,1,0.98999999999999999,net_cashflows,USD
2026-03-16,0.0020776573219634109,0.29841877241226411,1,0.98999999999999999,net_cashflows,USD
2026-03-17,0.0021154784929282508,0.30275395236916502,1,0.98999999999999999,net_cashflows,USD
2026-03-18,0.0021136321681209016,0.30672874017982132,1,0.98999999999999999,net_cashflows,USD
2026-03-19,0.0024165014483104709,0.3438298475016075,1,0.98999999999999999,net_cashflows,USD
2026-03-20,0.0027880784818014688,0.39051494271989118,1,0.98999999999999999,net_cashflows,USD
2026-03-23,0.0027928801385853803,0.39395633130321928,1,0.98999999999999999,net_cashflows,USD
2026-03-24,0.0028521251427783417,0.40741228514183692,1,0.98999999999999999,net_cashflows,USD
2026-03-25,0.0028644173863060897,0.41601652847781545,1,0.98999999999999999,net_cashflows,USD
2026-03-26,0.0028286525362682937,0.4136465899811132,1,0.98999999999999999,net_cashflows,USD
2026-03-27,0.002903255804577896,0.42905418286323377,1,0.98999999999999999,net_cashflows,USD
2026-03-30,0.0029224660923510195,0.4278874508018185,1,0.98999999999999999,net_cashflows,USD
2026-03-31,0.0029315188267202341,0.43676620669976851,1,0.98999999999999999,net_cashflows,USD
2026-04-01,0.0027476549511340296,0.39581789316964494,1,0.98999999999999999,net_cashflows,USD
2026-04-02,0.002610042923481647,0.37167593277086913,1,0.98999999999999999,net_cashflows,USD
2026-04-07,0.002627918538424436,0.37400407223983373,1,0.98999999999999999,net_cashflows,USD
2026-04-08,0.0024034841026877758,0.31967473352334269,1,0.98999999999999999,net_cashflows,USD
2026-04-09,0.0023696704553778378,0.31866972820155937,1,0.98999999999999999,net_cashflows,USD
2026-04-10,0.0024375687951159828,0.33063821199588384,1,0.98999999999999999,net_cashflows,USD
2026-04-13,0.0024195086423372519,0.33304862178375777,1,0.98999999999999999,net_cashflows,USD
2026-04-14,0.0026638015913855364,0.35515559695696614,1,0.98999999999999999,net_cashflows,USD
2026-04-15,0.0027109627244176508,0.36772125279140305,1,0.98999999999999999,net_cashflows,USD
2026-04-16,0.002741581101263193,0.37792103361950996,1,0.98999999999999999,net_cashflows,USD
2026-04-17,0.0027939581425886874,0.39074257481908192,1,0.98999999999999999,net_cashflows,USD
2026-04-20,0.0028088768633139621,0.38815847033468942,1,0.98999999999999999,net_cashflows,USD
2026-04-21,0.0028726903149386557,0.40357437440049782,1,0.98999999999999999,net_cashflows,USD
2026-04-22,0.0029389151057270819,0.41696816828124988,1,0.98999999999999999,net_cashflows,USD
2026-04-23,0.0030150888774864697,0.43072140264152925,1,0.98999999999999999,net_cashflows,USD
2026-04-24,0.0030175361535261565,0.43627811998995525,1,0.98999999999999999,net_cashflows,USD
2026-04-27,0.0030146021887958278,0.43984786252339869,1,0.98999999999999999,net_cashflows,USD
2026-04-28,0.0032199603266821249,0.46367201363470184,1,0.98999999999999999,net_cashflows,USD
2026-04-29,0.0032352819275622132,0.47128160593130081,1,0.98999999999999999,net_cashflows,USD
2026-04-30,0.00072595958896020524,0.083280075302843093,1,0.98999999999999999,net_cashflows,USD
2026-05-04,0.00084325760662100346,0.099118032279776447,1,0.98999999999999999,net_cashflows,USD
2026-05-05,0.00091950803888530414,0.11081088918517179,1,0.98999999999999999,net_cashflows,USD
2026-05-06,0.00072363577344077001,0.087411100883264578,1,0.98999999999999999,net_cashflows,USD
2026-05-07,0.00082643744906025704,0.10235874872772475,1,0.98999999999999999,net_cashflows,USD
2026-05-08,0.00090900896188282967,0.11553216116412535,1,0.98999999999999999,net_cashflows,USD
2026-05-11,0.00096784422329205394,0.12583377678954458,1,0.98999999999999999,net_cashflows,USD
2026-05-12,0.0010718646458498828,0.14236460873365228,1,0.98999999999999999,net_cashflows,USD
2026-05-13,0.0011759519992841317,0.15944121891968152,1,0.98999999999999999,net_cashflows,USD
2026-05-14,0.0012720867161133157,0.17658360980793791,1,0.98999999999999999,net_cashflows,USD
2026-05-15,0.00137262687305634,0.19014293217057165,1,0.98999999999999999,net_cashflows,USD
2026-05-18,0.0014692837486245556,0.20689525002042752,1,0.98999999999999999,net_cashflows,USD
2026-05-19,0.0015820823332866546,0.22660554174826184,1,0.98999999999999999,net_cashflows,USD
2026-05-20,0.0017393482327698571,0.25228096839139585,1,0.98999999999999999,net_cashflows,USD
2026-05-21,0.0018274239679623135,0.26956416811312084,1,0.98999999999999999,net_cashflows,USD
2026-05-22,0.0019223347926387267,0.2876994826960716,1,0.98999999999999999,net_cashflows,USD
2026-05-25,0.0020981813430590518,0.3149077741170262,1,0.98999999999999999,net_cashflows,USD
2026-05-26,0.0022423881057302281,0.33891199206969941,1,0.98999999999999999,net_cashflows,USD
2026-05-27,0.002271140574296446,0.34817596824215397,1,0.98999999999999999,net_cashflows,USD
2026-05-28,0.0023611317569616269,0.36676626388639977,1,0.98999999999999999,net_cashflows,USD
2026-05-29,0.0027990066418175008,0.43175702134461441,1,0.98999999999999999,net_cashflows,USD
2026-06-01,0.0028130947334112357,0.44105273273377388,1,0.98999999999999999,net_cashflows,USD
2026-06-02,0.0028192906173627455,0.44846963407279972,1,0.98999999999999999,net_cashflows,USD
2026-06-03,0.0029598694114062992,0.47291061789229727,1,0.98999999999999999,net_cashflows,USD
2026-06-04,0.0029650482047961571,0.48037869885553347,1,0.98999999999999999,net_cashflows,USD
2026-06-05,0.0029588075589159924,0.48760680962050984,1,0.98999999999999999,net_cashflows,USD
2026-06-08,0.0034128840358750969,0.5165924362600377,1,0.98999999999999999,net_cashflows,USD
2026-06-09,0.0033820877239607531,0.51373721357000435,1,0.98999999999999999,net_cashflows,USD
2026-06-10,0.0034398109500369985,0.52835834931647496,1,0.98999999999999999,net_cashflows,USD
2026-06-11,0.0034107319356412435,0.53424661520905059,1,0.98999999999999999,net_cashflows,USD
2026-06-12,0.0033484242477962393,0.53213857695325728,1,0.98999999999999999,net_cashflows,USD
2026-06-15,0.0034167037411568443,0.54466514147094536,1,0.98999999999999999,net_cashflows,USD
2026-06-16,0.0034106237615988194,0.55232502961890217,1,0.98999999999999999,net_cashflows,USD
2026-06-17,0.0034413944389397591,0.56159333774262088,1,0.98999999999999999,net_cashflows,USD
2026-06-18,0.0039945241437159065,0.58342110565783889,1,0.98999999999999999,net_cashflows,USD
2026-06-19,0.0039734582324386196,0.58636203646810015,1,0.98999999999999999,net_cashflows,USD
2026-06-22,0.0038635877961704021,0.57890476044309525,1,0.98999999999999999,net_cashflows,USD
2026-06-23,0.0038149470889730615,0.54807401038737313,1,0.98999999999999999,net_cashflows,USD
2026-06-24,0.0038131859501517179,0.54763148981187337,1,0.98999999999999999,net_cashflows,USD
2026-06-25,0.0037741289930624273,0.55303670024816909,1,0.98999999999999999,net_cashflows,USD
2026-06-26,0.0038534750677924872,0.56307755688795258,1,0.98999999999999999,net_cashflows,USD
2026-06-29,0.0038110927946640458,0.56739622789514832,1,0.98999999999999999,net_cashflows,USD
2026-06-30,0.0036936111676273281,0.55875730913985955,1,0.98999999999999999,net_cashflows,USD
2026-07-01,0.0036694051062888238,0.56446169688919134,1,0.98999999999999999,net_cashflows,USD
2026-07-02,0.0032051338028241221,0.48486157777178907,1,0.98999999999999999,net_cashflows,USD
2026-07-03,0.0031984846246567236,0.48687632683310922,1,0.98999999999999999,net_cashflows,USD
2026-07-06,0.0028285132920776203,0.43107664258391487,1,0.98999999999999999,net_cashflows,USD
2026-07-07,0.0028055972563580337,0.43329131386946129,1,0.98999999999999999,net_cashflows,USD
2026-07-08,0.0027520338136444826,0.43104309476508273,1,0.98999999999999999,net_cashflows,USD
2026-07-09,0.0027601006857427349,0.43705989600848238,1,0.98999999999999999,net_cashflows,USD
2026-07-10,0.002687179098316614,0.42697660010698912,1,0.98999999999999999,net_cashflows,USD
2026-07-13,0.0027419182860719702,0.43910362245251355,1,0.98999999999999999,net_cashflows,USD
2026-07-14,0.0027771577499845481,0.4510704232943718,1,0.98999999999999999,net_cashflows,USD
2026-07-15,0.0027730784342102485,0.45803143744360142,1,0.98999999999999999,net_cashflows,USD
2026-07-16,0.0028554959295556291,0.4649071563248951,1,0.98999999999999999,net_cashflows,USD
2026-07-17,0.0028628231896544844,0.46714818806980607,1,0.98999999999999999,net_cashflows,USD
2026-07-20,0.0028919929102767389,0.47864874926950207,1,0.98999999999999999,net_cashflows,USD
2026-07-21,0.0028831856670628988,0.4810799494666953,1,0.98999999999999999,net_cashflows,USD
2026-07-22,0.0028610093555258885,0.48410770358516741,1,0.98999999999999999,net_cashflows,USD
2026-07-23,0.0029066209222918587,0.495157378241324,1,0.98999999999999999,net_cashflows,USD
2026-07-24,0.0028833647462175246,0.49805346701532988,1,0.98999999999999999,net_cashflows,USD
2026-07-27,0.0029014348251546222,0.50687773829369975,1,0.98999999999999999,net_cashflows,USD
2026-07-28,0.003059605732937145,0.53452873885615859,1,0.98999999999999999,net_cashflows,USD
2026-07-29,0.00300485419084872,0.53136477588129716,1,0.98999999999999999,net_cashflows,USD
2026-07-30,0.0030570181089348419,0.51380919775372547,1,0.98999999999999999,net_cashflows,USD
2026-07-31,0.0011373016769383659,0.15613271900117917,1,0.98999999999999999,net_cashflows,USD
2026-08-03,0.0011564933655825952,0.12918649769503027,1,0.98999999999999999,net_cashflows,USD
2026-08-04,0.0011512613636410329,0.13198532039074765,1,0.98999999999999999,net_cashflows,USD
2026-08-05,0.00094468314165226455,0.10991942327440052,1,0.98999999999999999,net_cashflows,USD
2026-08-06,0.0008853499643830566,0.10614834136532683,1,0.98999999999999999,net_cashflows,USD
2026-08-07,0.00083498352776399144,0.1026433922437741,1,0.98999999999999999,net_cashflows,USD
2026-08-10,0.0008392204048340221,0.10540949526290687,1,0.98999999999999999,net_cashflows,USD
2026-08-11,0.00092814115390506876,0.1196019880491581,1,0.98999999999999999,net_cashflows,USD
2026-08-12,0.0010336926983043728,0.13682754751367593,1,0.98999999999999999,net_cashflows,USD
2026-08-13,0.0011140103085183501,0.15150377825808395,1,0.98999999999999999,net_cashflows,USD
2026-08-14,0.0011643952541360485,0.16187761394321523,1,0.98999999999999999,net_cashflows,USD
2026-08-17,0.0012098546386606242,0.17100713152744393,1,0.98999999999999999,net_cashflows,USD
2026-08-18,0.0012728304737039293,0.18390178975217447,1,0.98999999999999999,net_cashflows,USD
2026-08-19,0.0013241723377138701,0.19513562726259936,1,0.98999999999999999,net_cashflows,USD
2026-08-20,0.0019639664788068771,0.27911231643929846,1,0.98999999999999999,net_cashflows,USD
2026-08-21,0.0020072717279006527,0.2917902992184801,1,0.98999999999999999,net_cashflows,USD
2026-08-24,0.0020648044454725494,0.3063868521243045,1,0.98999999999999999,net_cashflows,USD
2026-08-25,0.0020963820185142604,0.31846698967226228,1,0.98999999999999999,net_cashflows,USD
2026-08-26,0.002142970612036217,0.33206456498725395,1,0.98999999999999999,net_cashflows,USD
2026-08-27,0.002157440862255347,0.34085353870327245,1,0.98999999999999999,net_cashflows,USD
2026-08-28,0.0021981147966487324,0.353798268357367,1,0.98999999999999999,net_cashflows,USD
2026-08-31,0.0023906612648242421,0.3817543154174256,1,0.98999999999999999,net_cashflows,USD
2026-09-01,0.0023843570442563643,0.38664580973304719,1,0.98999999999999999,net_cashflows,USD
2026-09-02,0.002487853301480822,0.39826662896541848,1,0.98999999999999999,net_cashflows,USD
2026-09-03,0.0011221348788456372,0.13066784136643755,1,0.98999999999999999,net_cashflows,USD
2026-09-04,0.0010484017803145691,0.12563647358782265,1,0.98999999999999999,net_cashflows,USD
2026-09-07,0.001086767897222193,0.12675593497266746,1,0.98999999999999999,net_cashflows,USD
2026-09-08,0.00095798644972858865,0.1139668323375726,1,0.98999999999999999,net_cashflows,USD
2026-09-09,0.0010969190584501024,0.13266635132578239,1,0.98999999999999999,net_cashflows,USD
2026-09-10,0.0011390712595434338,0.14038714759570942,1,0.98999999999999999,net_cashflows,USD
2026-09-11,0.0012741836831686205,0.16004698905998582,1,0.98999999999999999,net_cashflows,USD
2026-09-14,0.0013064489674917239,0.16785614628700024,1,0.98999999999999999,net_cashflows,USD
2026-09-15,0.0013777590281299898,0.18179695041151875,1,0.98999999999999999,net_cashflows,USD
2026-09-16,0.0014505782075756642,0.19681567370366929,1,0.98999999999999999,net_cashflows,USD
2026-09-17,0.0015636713824871669,0.2149989008237092,1,0.98999999999999999,net_cashflows,USD
2026-09-18,0.001288591032449939,0.16403725333423233,1,0.98999999999999999,net_cashflows,USD
2026-09-21,0.0013829752350770948,0.17983196106406599,1,0.98999999999999999,net_cashflows,USD
2026-09-22,0.0013481890297924633,0.17647605098857813,1,0.98999999999999999,net_cashflows,USD
2026-09-23,0.0014086362249619306,0.18817194734714557,1,0.98999999999999999,net_cashflows,USD
2026-09-24,0.001484472672233182,0.20161384176923305,1,0.98999999999999999,net_cashflows,USD
2026-09-25,0.0015616306555666726,0.21063953198269841,1,0.98999999999999999,net_cashflows,USD
2026-09-28,0.0016183820787545175,0.21469479347939197,1,0.98999999999999999,net_cashflows,USD
