origin_date,book,report,pit,below_support,above_support,model
2018-01-02,funded_assets,EUR,0.911468505859375,0,0,SCALAR_BEKK_INTERNAL
2018-01-02,funded_assets,USD,0.91009521484375,0,0,SCALAR_BEKK_INTERNAL
2018-01-02,net_cashflows,EUR,0.3884124755859375,0,0,SCALAR_BEKK_INTERNAL
2018-01-02,net_cashflows,USD,0.387664794921875,0,0,SCALAR_BEKK_INTERNAL
2018-01-03,funded_assets,EUR,0.4753265380859375,0,0,SCALAR_BEKK_INTERNAL
2018-01-03,funded_assets,USD,0.4744720458984375,0,0,SCALAR_BEKK_INTERNAL
2018-01-03,net_cashflows,EUR,0.192779541015625,0,0,SCALAR_BEKK_INTERNAL
2018-01-03,net_cashflows,USD,0.19219970703125,0,0,SCALAR_BEKK_INTERNAL
2018-01-04,funded_assets,EUR,0.04913330078125,0,0,SCALAR_BEKK_INTERNAL
2018-01-04,funded_assets,USD,0.04925537109375,0,0,SCALAR_BEKK_INTERNAL
2018-01-04,net_cashflows,EUR,0.5722503662109375,0,0,SCALAR_BEKK_INTERNAL
2018-01-04,net_cashflows,USD,0.573822021484375,0,0,SCALAR_BEKK_INTERNAL
2018-01-05,funded_assets,EUR,0.1925811767578125,0,0,SCALAR_BEKK_INTERNAL
2018-01-05,funded_assets,USD,0.19561767578125,0,0,SCALAR_BEKK_INTERNAL
2018-01-05,net_cashflows,EUR,0.5962677001953125,0,0,SCALAR_BEKK_INTERNAL
2018-01-05,net_cashflows,USD,0.595489501953125,0,0,SCALAR_BEKK_INTERNAL
2018-01-08,funded_assets,EUR,0.62744140625,0,0,SCALAR_BEKK_INTERNAL
2018-01-08,funded_assets,USD,0.6259765625,0,0,SCALAR_BEKK_INTERNAL
2018-01-08,net_cashflows,EUR,0.9541168212890625,0,0,SCALAR_BEKK_INTERNAL
2018-01-08,net_cashflows,USD,0.9539947509765625,0,0,SCALAR_BEKK_INTERNAL
2018-01-09,funded_assets,EUR,0.811187744140625,0,0,SCALAR_BEKK_INTERNAL
2018-01-09,funded_assets,USD,0.812103271484375,0,0,SCALAR_BEKK_INTERNAL
2018-01-09,net_cashflows,EUR,0.4712677001953125,0,0,SCALAR_BEKK_INTERNAL
2018-01-09,net_cashflows,USD,0.4725189208984375,0,0,SCALAR_BEKK_INTERNAL
2018-01-10,funded_assets,EUR,0.906463623046875,0,0,SCALAR_BEKK_INTERNAL
2018-01-10,funded_assets,USD,0.9088592529296875,0,0,SCALAR_BEKK_INTERNAL
2018-01-10,net_cashflows,EUR,0.74542236328125,0,0,SCALAR_BEKK_INTERNAL
2018-01-10,net_cashflows,USD,0.7474822998046875,0,0,SCALAR_BEKK_INTERNAL
2018-01-11,funded_assets,EUR,0.922027587890625,0,0,SCALAR_BEKK_INTERNAL
2018-01-11,funded_assets,USD,0.92645263671875,0,0,SCALAR_BEKK_INTERNAL
2018-01-11,net_cashflows,EUR,0.8481292724609375,0,0,SCALAR_BEKK_INTERNAL
2018-01-11,net_cashflows,USD,0.853851318359375,0,0,SCALAR_BEKK_INTERNAL
2018-01-12,funded_assets,EUR,0.243865966796875,0,0,SCALAR_BEKK_INTERNAL
2018-01-12,funded_assets,USD,0.240203857421875,0,0,SCALAR_BEKK_INTERNAL
2018-01-12,net_cashflows,EUR,0.369903564453125,0,0,SCALAR_BEKK_INTERNAL
2018-01-12,net_cashflows,USD,0.36737060546875,0,0,SCALAR_BEKK_INTERNAL
2018-01-15,funded_assets,EUR,0.260528564453125,0,0,SCALAR_BEKK_INTERNAL
2018-01-15,funded_assets,USD,0.2613983154296875,0,0,SCALAR_BEKK_INTERNAL
2018-01-15,net_cashflows,EUR,0.4274749755859375,0,0,SCALAR_BEKK_INTERNAL
2018-01-15,net_cashflows,USD,0.4283447265625,0,0,SCALAR_BEKK_INTERNAL
2018-01-16,funded_assets,EUR,0.5816497802734375,0,0,SCALAR_BEKK_INTERNAL
2018-01-16,funded_assets,USD,0.5809326171875,0,0,SCALAR_BEKK_INTERNAL
2018-01-16,net_cashflows,EUR,0.3597412109375,0,0,SCALAR_BEKK_INTERNAL
2018-01-16,net_cashflows,USD,0.3594207763671875,0,0,SCALAR_BEKK_INTERNAL
2018-01-17,funded_assets,EUR,0.5134735107421875,0,0,SCALAR_BEKK_INTERNAL
2018-01-17,funded_assets,USD,0.51385498046875,0,0,SCALAR_BEKK_INTERNAL
2018-01-17,net_cashflows,EUR,0.7982177734375,0,0,SCALAR_BEKK_INTERNAL
2018-01-17,net_cashflows,USD,0.79840087890625,0,0,SCALAR_BEKK_INTERNAL
2018-01-18,funded_assets,EUR,0.4038238525390625,0,0,SCALAR_BEKK_INTERNAL
2018-01-18,funded_assets,USD,0.403778076171875,0,0,SCALAR_BEKK_INTERNAL
2018-01-18,net_cashflows,EUR,0.2950439453125,0,0,SCALAR_BEKK_INTERNAL
2018-01-18,net_cashflows,USD,0.2944183349609375,0,0,SCALAR_BEKK_INTERNAL
2018-01-19,funded_assets,EUR,0.402099609375,0,0,SCALAR_BEKK_INTERNAL
2018-01-19,funded_assets,USD,0.402069091796875,0,0,SCALAR_BEKK_INTERNAL
2018-01-19,net_cashflows,EUR,0.5964202880859375,0,0,SCALAR_BEKK_INTERNAL
2018-01-19,net_cashflows,USD,0.595916748046875,0,0,SCALAR_BEKK_INTERNAL
2018-01-22,funded_assets,EUR,0.359283447265625,0,0,SCALAR_BEKK_INTERNAL
2018-01-22,funded_assets,USD,0.357269287109375,0,0,SCALAR_BEKK_INTERNAL
2018-01-22,net_cashflows,EUR,0.9449615478515625,0,0,SCALAR_BEKK_INTERNAL
2018-01-22,net_cashflows,USD,0.945892333984375,0,0,SCALAR_BEKK_INTERNAL
2018-01-23,funded_assets,EUR,0.4326171875,0,0,SCALAR_BEKK_INTERNAL
2018-01-23,funded_assets,USD,0.43084716796875,0,0,SCALAR_BEKK_INTERNAL
2018-01-23,net_cashflows,EUR,0.873992919921875,0,0,SCALAR_BEKK_INTERNAL
2018-01-23,net_cashflows,USD,0.8775482177734375,0,0,SCALAR_BEKK_INTERNAL
2018-01-24,funded_assets,EUR,0.736053466796875,0,0,SCALAR_BEKK_INTERNAL
2018-01-24,funded_assets,USD,0.7366943359375,0,0,SCALAR_BEKK_INTERNAL
2018-01-24,net_cashflows,EUR,0.5566864013671875,0,0,SCALAR_BEKK_INTERNAL
2018-01-24,net_cashflows,USD,0.55810546875,0,0,SCALAR_BEKK_INTERNAL
2018-01-25,funded_assets,EUR,0.1631927490234375,0,0,SCALAR_BEKK_INTERNAL
2018-01-25,funded_assets,USD,0.162384033203125,0,0,SCALAR_BEKK_INTERNAL
2018-01-25,net_cashflows,EUR,0.87335205078125,0,0,SCALAR_BEKK_INTERNAL
2018-01-25,net_cashflows,USD,0.8719635009765625,0,0,SCALAR_BEKK_INTERNAL
2018-01-26,funded_assets,EUR,0.7252197265625,0,0,SCALAR_BEKK_INTERNAL
2018-01-26,funded_assets,USD,0.7239532470703125,0,0,SCALAR_BEKK_INTERNAL
2018-01-26,net_cashflows,EUR,0.5781097412109375,0,0,SCALAR_BEKK_INTERNAL
2018-01-26,net_cashflows,USD,0.5794830322265625,0,0,SCALAR_BEKK_INTERNAL
2018-01-29,funded_assets,EUR,0.8052825927734375,0,0,SCALAR_BEKK_INTERNAL
2018-01-29,funded_assets,USD,0.8065185546875,0,0,SCALAR_BEKK_INTERNAL
2018-01-29,net_cashflows,EUR,0.3404998779296875,0,0,SCALAR_BEKK_INTERNAL
2018-01-29,net_cashflows,USD,0.33953857421875,0,0,SCALAR_BEKK_INTERNAL
2018-01-30,funded_assets,EUR,0.526123046875,0,0,SCALAR_BEKK_INTERNAL
2018-01-30,funded_assets,USD,0.5261688232421875,0,0,SCALAR_BEKK_INTERNAL
2018-01-30,net_cashflows,EUR,0.183197021484375,0,0,SCALAR_BEKK_INTERNAL
2018-01-30,net_cashflows,USD,0.1822357177734375,0,0,SCALAR_BEKK_INTERNAL
2018-01-31,funded_assets,EUR,0.7892608642578125,0,0,SCALAR_BEKK_INTERNAL
2018-01-31,funded_assets,USD,0.7896728515625,0,0,SCALAR_BEKK_INTERNAL
2018-01-31,net_cashflows,EUR,0.555694580078125,0,0,SCALAR_BEKK_INTERNAL
2018-01-31,net_cashflows,USD,0.5549163818359375,0,0,SCALAR_BEKK_INTERNAL
2018-02-01,funded_assets,EUR,0.5066986083984375,0,0,SCALAR_BEKK_INTERNAL
2018-02-01,funded_assets,USD,0.5051422119140625,0,0,SCALAR_BEKK_INTERNAL
2018-02-01,net_cashflows,EUR,0.5616607666015625,0,0,SCALAR_BEKK_INTERNAL
2018-02-01,net_cashflows,USD,0.561431884765625,0,0,SCALAR_BEKK_INTERNAL
2018-02-02,funded_assets,EUR,0.065032958984375,0,0,SCALAR_BEKK_INTERNAL
2018-02-02,funded_assets,USD,0.0662384033203125,0,0,SCALAR_BEKK_INTERNAL
2018-02-02,net_cashflows,EUR,0.686920166015625,0,0,SCALAR_BEKK_INTERNAL
2018-02-02,net_cashflows,USD,0.6841888427734375,0,0,SCALAR_BEKK_INTERNAL
2018-02-05,funded_assets,EUR,0.5278472900390625,0,0,SCALAR_BEKK_INTERNAL
2018-02-05,funded_assets,USD,0.5270538330078125,0,0,SCALAR_BEKK_INTERNAL
2018-02-05,net_cashflows,EUR,0.446319580078125,0,0,SCALAR_BEKK_INTERNAL
2018-02-05,net_cashflows,USD,0.446868896484375,0,0,SCALAR_BEKK_INTERNAL
2018-02-06,funded_assets,EUR,0.02459716796875,0,0,SCALAR_BEKK_INTERNAL
2018-02-06,funded_assets,USD,0.0243988037109375,0,0,SCALAR_BEKK_INTERNAL
2018-02-06,net_cashflows,EUR,0.18878173828125,0,0,SCALAR_BEKK_INTERNAL
2018-02-06,net_cashflows,USD,0.1898956298828125,0,0,SCALAR_BEKK_INTERNAL
2018-02-07,funded_assets,EUR,0.67218017578125,0,0,SCALAR_BEKK_INTERNAL
2018-02-07,funded_assets,USD,0.6697998046875,0,0,SCALAR_BEKK_INTERNAL
2018-02-07,net_cashflows,EUR,0.972198486328125,0,0,SCALAR_BEKK_INTERNAL
2018-02-07,net_cashflows,USD,0.9712371826171875,0,0,SCALAR_BEKK_INTERNAL
2018-02-08,funded_assets,EUR,0.3593597412109375,0,0,SCALAR_BEKK_INTERNAL
2018-02-08,funded_assets,USD,0.3590087890625,0,0,SCALAR_BEKK_INTERNAL
2018-02-08,net_cashflows,EUR,0.562255859375,0,0,SCALAR_BEKK_INTERNAL
2018-02-08,net_cashflows,USD,0.5616302490234375,0,0,SCALAR_BEKK_INTERNAL
2018-02-09,funded_assets,EUR,0.7285308837890625,0,0,SCALAR_BEKK_INTERNAL
2018-02-09,funded_assets,USD,0.728240966796875,0,0,SCALAR_BEKK_INTERNAL
2018-02-09,net_cashflows,EUR,0.906005859375,0,0,SCALAR_BEKK_INTERNAL
2018-02-09,net_cashflows,USD,0.906524658203125,0,0,SCALAR_BEKK_INTERNAL
2018-02-12,funded_assets,EUR,0.467926025390625,0,0,SCALAR_BEKK_INTERNAL
2018-02-12,funded_assets,USD,0.4680328369140625,0,0,SCALAR_BEKK_INTERNAL
2018-02-12,net_cashflows,EUR,0.764129638671875,0,0,SCALAR_BEKK_INTERNAL
2018-02-12,net_cashflows,USD,0.765380859375,0,0,SCALAR_BEKK_INTERNAL
2018-02-13,funded_assets,EUR,0.8648834228515625,0,0,SCALAR_BEKK_INTERNAL
2018-02-13,funded_assets,USD,0.86651611328125,0,0,SCALAR_BEKK_INTERNAL
2018-02-13,net_cashflows,EUR,0.82208251953125,0,0,SCALAR_BEKK_INTERNAL
2018-02-13,net_cashflows,USD,0.8264617919921875,0,0,SCALAR_BEKK_INTERNAL
2018-02-14,funded_assets,EUR,0.2530364990234375,0,0,SCALAR_BEKK_INTERNAL
2018-02-14,funded_assets,USD,0.2496795654296875,0,0,SCALAR_BEKK_INTERNAL
2018-02-14,net_cashflows,EUR,0.734649658203125,0,0,SCALAR_BEKK_INTERNAL
2018-02-14,net_cashflows,USD,0.73541259765625,0,0,SCALAR_BEKK_INTERNAL
2018-02-15,funded_assets,EUR,0.263214111328125,0,0,SCALAR_BEKK_INTERNAL
2018-02-15,funded_assets,USD,0.264862060546875,0,0,SCALAR_BEKK_INTERNAL
2018-02-15,net_cashflows,EUR,0.24749755859375,0,0,SCALAR_BEKK_INTERNAL
2018-02-15,net_cashflows,USD,0.2476959228515625,0,0,SCALAR_BEKK_INTERNAL
2018-02-16,funded_assets,EUR,0.259307861328125,0,0,SCALAR_BEKK_INTERNAL
2018-02-16,funded_assets,USD,0.26202392578125,0,0,SCALAR_BEKK_INTERNAL
2018-02-16,net_cashflows,EUR,0.0982818603515625,0,0,SCALAR_BEKK_INTERNAL
2018-02-16,net_cashflows,USD,0.0998687744140625,0,0,SCALAR_BEKK_INTERNAL
2018-02-19,funded_assets,EUR,0.6113739013671875,0,0,SCALAR_BEKK_INTERNAL
2018-02-19,funded_assets,USD,0.6109619140625,0,0,SCALAR_BEKK_INTERNAL
2018-02-19,net_cashflows,EUR,0.306365966796875,0,0,SCALAR_BEKK_INTERNAL
2018-02-19,net_cashflows,USD,0.308441162109375,0,0,SCALAR_BEKK_INTERNAL
2018-02-20,funded_assets,EUR,0.1289825439453125,0,0,SCALAR_BEKK_INTERNAL
2018-02-20,funded_assets,USD,0.129425048828125,0,0,SCALAR_BEKK_INTERNAL
2018-02-20,net_cashflows,EUR,0.7570953369140625,0,0,SCALAR_BEKK_INTERNAL
2018-02-20,net_cashflows,USD,0.756317138671875,0,0,SCALAR_BEKK_INTERNAL
2018-02-21,funded_assets,EUR,0.3600921630859375,0,0,SCALAR_BEKK_INTERNAL
2018-02-21,funded_assets,USD,0.359222412109375,0,0,SCALAR_BEKK_INTERNAL
2018-02-21,net_cashflows,EUR,0.6446685791015625,0,0,SCALAR_BEKK_INTERNAL
2018-02-21,net_cashflows,USD,0.64501953125,0,0,SCALAR_BEKK_INTERNAL
2018-02-22,funded_assets,EUR,0.6541900634765625,0,0,SCALAR_BEKK_INTERNAL
2018-02-22,funded_assets,USD,0.654296875,0,0,SCALAR_BEKK_INTERNAL
2018-02-22,net_cashflows,EUR,0.3962554931640625,0,0,SCALAR_BEKK_INTERNAL
2018-02-22,net_cashflows,USD,0.3960418701171875,0,0,SCALAR_BEKK_INTERNAL
2018-02-23,funded_assets,EUR,0.7159423828125,0,0,SCALAR_BEKK_INTERNAL
2018-02-23,funded_assets,USD,0.7154541015625,0,0,SCALAR_BEKK_INTERNAL
2018-02-23,net_cashflows,EUR,0.4165191650390625,0,0,SCALAR_BEKK_INTERNAL
2018-02-23,net_cashflows,USD,0.416595458984375,0,0,SCALAR_BEKK_INTERNAL
2018-02-26,funded_assets,EUR,0.1067352294921875,0,0,SCALAR_BEKK_INTERNAL
2018-02-26,funded_assets,USD,0.1069488525390625,0,0,SCALAR_BEKK_INTERNAL
2018-02-26,net_cashflows,EUR,0.488189697265625,0,0,SCALAR_BEKK_INTERNAL
2018-02-26,net_cashflows,USD,0.488922119140625,0,0,SCALAR_BEKK_INTERNAL
2018-02-27,funded_assets,EUR,0.25634765625,0,0,SCALAR_BEKK_INTERNAL
2018-02-27,funded_assets,USD,0.2593536376953125,0,0,SCALAR_BEKK_INTERNAL
2018-02-27,net_cashflows,EUR,0.5890655517578125,0,0,SCALAR_BEKK_INTERNAL
2018-02-27,net_cashflows,USD,0.588165283203125,0,0,SCALAR_BEKK_INTERNAL
2018-02-28,funded_assets,EUR,0.9099884033203125,0,0,SCALAR_BEKK_INTERNAL
2018-02-28,funded_assets,USD,0.9094085693359375,0,0,SCALAR_BEKK_INTERNAL
2018-02-28,net_cashflows,EUR,0.99151611328125,0,0,SCALAR_BEKK_INTERNAL
2018-02-28,net_cashflows,USD,0.991729736328125,0,0,SCALAR_BEKK_INTERNAL
2018-03-01,funded_assets,EUR,0.563079833984375,0,0,SCALAR_BEKK_INTERNAL
2018-03-01,funded_assets,USD,0.5636138916015625,0,0,SCALAR_BEKK_INTERNAL
2018-03-01,net_cashflows,EUR,0.22930908203125,0,0,SCALAR_BEKK_INTERNAL
2018-03-01,net_cashflows,USD,0.226409912109375,0,0,SCALAR_BEKK_INTERNAL
2018-03-02,funded_assets,EUR,0.9774017333984375,0,0,SCALAR_BEKK_INTERNAL
2018-03-02,funded_assets,USD,0.9773406982421875,0,0,SCALAR_BEKK_INTERNAL
2018-03-02,net_cashflows,EUR,0.2144775390625,0,0,SCALAR_BEKK_INTERNAL
2018-03-02,net_cashflows,USD,0.2107391357421875,0,0,SCALAR_BEKK_INTERNAL
2018-03-05,funded_assets,EUR,0.6599884033203125,0,0,SCALAR_BEKK_INTERNAL
2018-03-05,funded_assets,USD,0.6617584228515625,0,0,SCALAR_BEKK_INTERNAL
2018-03-05,net_cashflows,EUR,0.6327972412109375,0,0,SCALAR_BEKK_INTERNAL
2018-03-05,net_cashflows,USD,0.633636474609375,0,0,SCALAR_BEKK_INTERNAL
2018-03-06,funded_assets,EUR,0.718536376953125,0,0,SCALAR_BEKK_INTERNAL
2018-03-06,funded_assets,USD,0.7182769775390625,0,0,SCALAR_BEKK_INTERNAL
2018-03-06,net_cashflows,EUR,0.2233428955078125,0,0,SCALAR_BEKK_INTERNAL
2018-03-06,net_cashflows,USD,0.2224273681640625,0,0,SCALAR_BEKK_INTERNAL
2018-03-07,funded_assets,EUR,0.0544891357421875,0,0,SCALAR_BEKK_INTERNAL
2018-03-07,funded_assets,USD,0.0545806884765625,0,0,SCALAR_BEKK_INTERNAL
2018-03-07,net_cashflows,EUR,0.1092987060546875,0,0,SCALAR_BEKK_INTERNAL
2018-03-07,net_cashflows,USD,0.112060546875,0,0,SCALAR_BEKK_INTERNAL
2018-03-08,funded_assets,EUR,0.3297271728515625,0,0,SCALAR_BEKK_INTERNAL
2018-03-08,funded_assets,USD,0.3304901123046875,0,0,SCALAR_BEKK_INTERNAL
2018-03-08,net_cashflows,EUR,0.65936279296875,0,0,SCALAR_BEKK_INTERNAL
2018-03-08,net_cashflows,USD,0.6573944091796875,0,0,SCALAR_BEKK_INTERNAL
2018-03-09,funded_assets,EUR,0.8822479248046875,0,0,SCALAR_BEKK_INTERNAL
2018-03-09,funded_assets,USD,0.882476806640625,0,0,SCALAR_BEKK_INTERNAL
2018-03-09,net_cashflows,EUR,0.4167327880859375,0,0,SCALAR_BEKK_INTERNAL
2018-03-09,net_cashflows,USD,0.4168243408203125,0,0,SCALAR_BEKK_INTERNAL
2018-03-12,funded_assets,EUR,0.3881988525390625,0,0,SCALAR_BEKK_INTERNAL
2018-03-12,funded_assets,USD,0.38702392578125,0,0,SCALAR_BEKK_INTERNAL
2018-03-12,net_cashflows,EUR,0.62542724609375,0,0,SCALAR_BEKK_INTERNAL
2018-03-12,net_cashflows,USD,0.625946044921875,0,0,SCALAR_BEKK_INTERNAL
2018-03-13,funded_assets,EUR,0.1963043212890625,0,0,SCALAR_BEKK_INTERNAL
2018-03-13,funded_assets,USD,0.196441650390625,0,0,SCALAR_BEKK_INTERNAL
2018-03-13,net_cashflows,EUR,0.7079620361328125,0,0,SCALAR_BEKK_INTERNAL
2018-03-13,net_cashflows,USD,0.70733642578125,0,0,SCALAR_BEKK_INTERNAL
2018-03-14,funded_assets,EUR,0.229339599609375,0,0,SCALAR_BEKK_INTERNAL
2018-03-14,funded_assets,USD,0.230804443359375,0,0,SCALAR_BEKK_INTERNAL
2018-03-14,net_cashflows,EUR,0.472686767578125,0,0,SCALAR_BEKK_INTERNAL
2018-03-14,net_cashflows,USD,0.472320556640625,0,0,SCALAR_BEKK_INTERNAL
2018-03-15,funded_assets,EUR,0.432037353515625,0,0,SCALAR_BEKK_INTERNAL
2018-03-15,funded_assets,USD,0.431884765625,0,0,SCALAR_BEKK_INTERNAL
2018-03-15,net_cashflows,EUR,0.2219696044921875,0,0,SCALAR_BEKK_INTERNAL
2018-03-15,net_cashflows,USD,0.221923828125,0,0,SCALAR_BEKK_INTERNAL
2018-03-16,funded_assets,EUR,0.4885406494140625,0,0,SCALAR_BEKK_INTERNAL
2018-03-16,funded_assets,USD,0.4887542724609375,0,0,SCALAR_BEKK_INTERNAL
2018-03-16,net_cashflows,EUR,0.3026123046875,0,0,SCALAR_BEKK_INTERNAL
2018-03-16,net_cashflows,USD,0.3035430908203125,0,0,SCALAR_BEKK_INTERNAL
2018-03-19,funded_assets,EUR,0.336090087890625,0,0,SCALAR_BEKK_INTERNAL
2018-03-19,funded_assets,USD,0.3360137939453125,0,0,SCALAR_BEKK_INTERNAL
2018-03-19,net_cashflows,EUR,0.632965087890625,0,0,SCALAR_BEKK_INTERNAL
2018-03-19,net_cashflows,USD,0.632415771484375,0,0,SCALAR_BEKK_INTERNAL
2018-03-20,funded_assets,EUR,0.243804931640625,0,0,SCALAR_BEKK_INTERNAL
2018-03-20,funded_assets,USD,0.242706298828125,0,0,SCALAR_BEKK_INTERNAL
2018-03-20,net_cashflows,EUR,0.9131011962890625,0,0,SCALAR_BEKK_INTERNAL
2018-03-20,net_cashflows,USD,0.9134674072265625,0,0,SCALAR_BEKK_INTERNAL
2018-03-21,funded_assets,EUR,0.688018798828125,0,0,SCALAR_BEKK_INTERNAL
2018-03-21,funded_assets,USD,0.6880645751953125,0,0,SCALAR_BEKK_INTERNAL
2018-03-21,net_cashflows,EUR,0.609375,0,0,SCALAR_BEKK_INTERNAL
2018-03-21,net_cashflows,USD,0.611236572265625,0,0,SCALAR_BEKK_INTERNAL
2018-03-22,funded_assets,EUR,0.849853515625,0,0,SCALAR_BEKK_INTERNAL
2018-03-22,funded_assets,USD,0.8514556884765625,0,0,SCALAR_BEKK_INTERNAL
2018-03-22,net_cashflows,EUR,0.461761474609375,0,0,SCALAR_BEKK_INTERNAL
2018-03-22,net_cashflows,USD,0.4622650146484375,0,0,SCALAR_BEKK_INTERNAL
2018-03-23,funded_assets,EUR,0.8165130615234375,0,0,SCALAR_BEKK_INTERNAL
2018-03-23,funded_assets,USD,0.815673828125,0,0,SCALAR_BEKK_INTERNAL
2018-03-23,net_cashflows,EUR,0.1861419677734375,0,0,SCALAR_BEKK_INTERNAL
2018-03-23,net_cashflows,USD,0.18511962890625,0,0,SCALAR_BEKK_INTERNAL
2018-03-26,funded_assets,EUR,0.6680755615234375,0,0,SCALAR_BEKK_INTERNAL
2018-03-26,funded_assets,USD,0.6684722900390625,0,0,SCALAR_BEKK_INTERNAL
2018-03-26,net_cashflows,EUR,0.2440948486328125,0,0,SCALAR_BEKK_INTERNAL
2018-03-26,net_cashflows,USD,0.243194580078125,0,0,SCALAR_BEKK_INTERNAL
2018-03-27,funded_assets,EUR,0.1655731201171875,0,0,SCALAR_BEKK_INTERNAL
2018-03-27,funded_assets,USD,0.165313720703125,0,0,SCALAR_BEKK_INTERNAL
2018-03-27,net_cashflows,EUR,0.291748046875,0,0,SCALAR_BEKK_INTERNAL
2018-03-27,net_cashflows,USD,0.2937164306640625,0,0,SCALAR_BEKK_INTERNAL
2018-03-28,funded_assets,EUR,0.3719329833984375,0,0,SCALAR_BEKK_INTERNAL
2018-03-28,funded_assets,USD,0.3731231689453125,0,0,SCALAR_BEKK_INTERNAL
2018-03-28,net_cashflows,EUR,0.6149749755859375,0,0,SCALAR_BEKK_INTERNAL
2018-03-28,net_cashflows,USD,0.6143035888671875,0,0,SCALAR_BEKK_INTERNAL
2018-03-29,funded_assets,EUR,0.3599090576171875,0,0,SCALAR_BEKK_INTERNAL
2018-03-29,funded_assets,USD,0.3604583740234375,0,0,SCALAR_BEKK_INTERNAL
2018-03-29,net_cashflows,EUR,0.461273193359375,0,0,SCALAR_BEKK_INTERNAL
2018-03-29,net_cashflows,USD,0.4613189697265625,0,0,SCALAR_BEKK_INTERNAL
2018-04-03,funded_assets,EUR,0.6491851806640625,0,0,SCALAR_BEKK_INTERNAL
2018-04-03,funded_assets,USD,0.6484832763671875,0,0,SCALAR_BEKK_INTERNAL
2018-04-03,net_cashflows,EUR,0.1034393310546875,0,0,SCALAR_BEKK_INTERNAL
2018-04-03,net_cashflows,USD,0.1036834716796875,0,0,SCALAR_BEKK_INTERNAL
2018-04-04,funded_assets,EUR,0.41461181640625,0,0,SCALAR_BEKK_INTERNAL
2018-04-04,funded_assets,USD,0.4146575927734375,0,0,SCALAR_BEKK_INTERNAL
2018-04-04,net_cashflows,EUR,0.3045501708984375,0,0,SCALAR_BEKK_INTERNAL
2018-04-04,net_cashflows,USD,0.3057403564453125,0,0,SCALAR_BEKK_INTERNAL
2018-04-05,funded_assets,EUR,0.6681671142578125,0,0,SCALAR_BEKK_INTERNAL
2018-04-05,funded_assets,USD,0.66815185546875,0,0,SCALAR_BEKK_INTERNAL
2018-04-05,net_cashflows,EUR,0.7435455322265625,0,0,SCALAR_BEKK_INTERNAL
2018-04-05,net_cashflows,USD,0.742950439453125,0,0,SCALAR_BEKK_INTERNAL
2018-04-06,funded_assets,EUR,0.8003997802734375,0,0,SCALAR_BEKK_INTERNAL
2018-04-06,funded_assets,USD,0.802703857421875,0,0,SCALAR_BEKK_INTERNAL
2018-04-06,net_cashflows,EUR,0.601837158203125,0,0,SCALAR_BEKK_INTERNAL
2018-04-06,net_cashflows,USD,0.6038055419921875,0,0,SCALAR_BEKK_INTERNAL
2018-04-09,funded_assets,EUR,0.769683837890625,0,0,SCALAR_BEKK_INTERNAL
2018-04-09,funded_assets,USD,0.7710418701171875,0,0,SCALAR_BEKK_INTERNAL
2018-04-09,net_cashflows,EUR,0.4932098388671875,0,0,SCALAR_BEKK_INTERNAL
2018-04-09,net_cashflows,USD,0.4931793212890625,0,0,SCALAR_BEKK_INTERNAL
2018-04-10,funded_assets,EUR,0.174835205078125,0,0,SCALAR_BEKK_INTERNAL
2018-04-10,funded_assets,USD,0.1741180419921875,0,0,SCALAR_BEKK_INTERNAL
2018-04-10,net_cashflows,EUR,0.136871337890625,0,0,SCALAR_BEKK_INTERNAL
2018-04-10,net_cashflows,USD,0.1368255615234375,0,0,SCALAR_BEKK_INTERNAL
2018-04-11,funded_assets,EUR,0.4409637451171875,0,0,SCALAR_BEKK_INTERNAL
2018-04-11,funded_assets,USD,0.4411773681640625,0,0,SCALAR_BEKK_INTERNAL
2018-04-11,net_cashflows,EUR,0.2393341064453125,0,0,SCALAR_BEKK_INTERNAL
2018-04-11,net_cashflows,USD,0.2401885986328125,0,0,SCALAR_BEKK_INTERNAL
2018-04-12,funded_assets,EUR,0.7415924072265625,0,0,SCALAR_BEKK_INTERNAL
2018-04-12,funded_assets,USD,0.74151611328125,0,0,SCALAR_BEKK_INTERNAL
2018-04-12,net_cashflows,EUR,0.7003936767578125,0,0,SCALAR_BEKK_INTERNAL
2018-04-12,net_cashflows,USD,0.69976806640625,0,0,SCALAR_BEKK_INTERNAL
2018-04-13,funded_assets,EUR,0.3769989013671875,0,0,SCALAR_BEKK_INTERNAL
2018-04-13,funded_assets,USD,0.376007080078125,0,0,SCALAR_BEKK_INTERNAL
2018-04-13,net_cashflows,EUR,0.4727020263671875,0,0,SCALAR_BEKK_INTERNAL
2018-04-13,net_cashflows,USD,0.4722747802734375,0,0,SCALAR_BEKK_INTERNAL
2018-04-16,funded_assets,EUR,0.9435882568359375,0,0,SCALAR_BEKK_INTERNAL
2018-04-16,funded_assets,USD,0.9427947998046875,0,0,SCALAR_BEKK_INTERNAL
2018-04-16,net_cashflows,EUR,0.452117919921875,0,0,SCALAR_BEKK_INTERNAL
2018-04-16,net_cashflows,USD,0.451873779296875,0,0,SCALAR_BEKK_INTERNAL
2018-04-17,funded_assets,EUR,0.442626953125,0,0,SCALAR_BEKK_INTERNAL
2018-04-17,funded_assets,USD,0.44195556640625,0,0,SCALAR_BEKK_INTERNAL
2018-04-17,net_cashflows,EUR,0.4264068603515625,0,0,SCALAR_BEKK_INTERNAL
2018-04-17,net_cashflows,USD,0.4261474609375,0,0,SCALAR_BEKK_INTERNAL
2018-04-18,funded_assets,EUR,0.4150543212890625,0,0,SCALAR_BEKK_INTERNAL
2018-04-18,funded_assets,USD,0.4158477783203125,0,0,SCALAR_BEKK_INTERNAL
2018-04-18,net_cashflows,EUR,0.4159698486328125,0,0,SCALAR_BEKK_INTERNAL
2018-04-18,net_cashflows,USD,0.4171905517578125,0,0,SCALAR_BEKK_INTERNAL
2018-04-19,funded_assets,EUR,0.261505126953125,0,0,SCALAR_BEKK_INTERNAL
2018-04-19,funded_assets,USD,0.263336181640625,0,0,SCALAR_BEKK_INTERNAL
2018-04-19,net_cashflows,EUR,0.2178955078125,0,0,SCALAR_BEKK_INTERNAL
2018-04-19,net_cashflows,USD,0.220428466796875,0,0,SCALAR_BEKK_INTERNAL
2018-04-20,funded_assets,EUR,0.5116424560546875,0,0,SCALAR_BEKK_INTERNAL
2018-04-20,funded_assets,USD,0.511993408203125,0,0,SCALAR_BEKK_INTERNAL
2018-04-20,net_cashflows,EUR,0.155792236328125,0,0,SCALAR_BEKK_INTERNAL
2018-04-20,net_cashflows,USD,0.1572418212890625,0,0,SCALAR_BEKK_INTERNAL
2018-04-23,funded_assets,EUR,0.5348358154296875,0,0,SCALAR_BEKK_INTERNAL
2018-04-23,funded_assets,USD,0.5347900390625,0,0,SCALAR_BEKK_INTERNAL
2018-04-23,net_cashflows,EUR,0.19000244140625,0,0,SCALAR_BEKK_INTERNAL
2018-04-23,net_cashflows,USD,0.1910858154296875,0,0,SCALAR_BEKK_INTERNAL
2018-04-24,funded_assets,EUR,0.2945098876953125,0,0,SCALAR_BEKK_INTERNAL
2018-04-24,funded_assets,USD,0.2947845458984375,0,0,SCALAR_BEKK_INTERNAL
2018-04-24,net_cashflows,EUR,0.4407501220703125,0,0,SCALAR_BEKK_INTERNAL
2018-04-24,net_cashflows,USD,0.441497802734375,0,0,SCALAR_BEKK_INTERNAL
2018-04-25,funded_assets,EUR,0.2222442626953125,0,0,SCALAR_BEKK_INTERNAL
2018-04-25,funded_assets,USD,0.2252655029296875,0,0,SCALAR_BEKK_INTERNAL
2018-04-25,net_cashflows,EUR,0.4691925048828125,0,0,SCALAR_BEKK_INTERNAL
2018-04-25,net_cashflows,USD,0.470001220703125,0,0,SCALAR_BEKK_INTERNAL
2018-04-26,funded_assets,EUR,0.68145751953125,0,0,SCALAR_BEKK_INTERNAL
2018-04-26,funded_assets,USD,0.6797332763671875,0,0,SCALAR_BEKK_INTERNAL
2018-04-26,net_cashflows,EUR,0.5222320556640625,0,0,SCALAR_BEKK_INTERNAL
2018-04-26,net_cashflows,USD,0.5220794677734375,0,0,SCALAR_BEKK_INTERNAL
2018-04-27,funded_assets,EUR,0.2574615478515625,0,0,SCALAR_BEKK_INTERNAL
2018-04-27,funded_assets,USD,0.2572479248046875,0,0,SCALAR_BEKK_INTERNAL
2018-04-27,net_cashflows,EUR,0.251556396484375,0,0,SCALAR_BEKK_INTERNAL
2018-04-27,net_cashflows,USD,0.2520751953125,0,0,SCALAR_BEKK_INTERNAL
2018-04-30,funded_assets,EUR,0.31756591796875,0,0,SCALAR_BEKK_INTERNAL
2018-04-30,funded_assets,USD,0.31854248046875,0,0,SCALAR_BEKK_INTERNAL
2018-04-30,net_cashflows,EUR,0.7620086669921875,0,0,SCALAR_BEKK_INTERNAL
2018-04-30,net_cashflows,USD,0.76068115234375,0,0,SCALAR_BEKK_INTERNAL
2018-05-02,funded_assets,EUR,0.28228759765625,0,0,SCALAR_BEKK_INTERNAL
2018-05-02,funded_assets,USD,0.2827606201171875,0,0,SCALAR_BEKK_INTERNAL
2018-05-02,net_cashflows,EUR,0.6827239990234375,0,0,SCALAR_BEKK_INTERNAL
2018-05-02,net_cashflows,USD,0.6816864013671875,0,0,SCALAR_BEKK_INTERNAL
2018-05-03,funded_assets,EUR,0.2416534423828125,0,0,SCALAR_BEKK_INTERNAL
2018-05-03,funded_assets,USD,0.243804931640625,0,0,SCALAR_BEKK_INTERNAL
2018-05-03,net_cashflows,EUR,0.16241455078125,0,0,SCALAR_BEKK_INTERNAL
2018-05-03,net_cashflows,USD,0.163055419921875,0,0,SCALAR_BEKK_INTERNAL
2018-05-04,funded_assets,EUR,0.13885498046875,0,0,SCALAR_BEKK_INTERNAL
2018-05-04,funded_assets,USD,0.139984130859375,0,0,SCALAR_BEKK_INTERNAL
2018-05-04,net_cashflows,EUR,0.7520599365234375,0,0,SCALAR_BEKK_INTERNAL
2018-05-04,net_cashflows,USD,0.751312255859375,0,0,SCALAR_BEKK_INTERNAL
2018-05-07,funded_assets,EUR,0.514190673828125,0,0,SCALAR_BEKK_INTERNAL
2018-05-07,funded_assets,USD,0.5137481689453125,0,0,SCALAR_BEKK_INTERNAL
2018-05-07,net_cashflows,EUR,0.201263427734375,0,0,SCALAR_BEKK_INTERNAL
2018-05-07,net_cashflows,USD,0.201385498046875,0,0,SCALAR_BEKK_INTERNAL
2018-05-08,funded_assets,EUR,0.6600494384765625,0,0,SCALAR_BEKK_INTERNAL
2018-05-08,funded_assets,USD,0.6599578857421875,0,0,SCALAR_BEKK_INTERNAL
2018-05-08,net_cashflows,EUR,0.548583984375,0,0,SCALAR_BEKK_INTERNAL
2018-05-08,net_cashflows,USD,0.548736572265625,0,0,SCALAR_BEKK_INTERNAL
2018-05-09,funded_assets,EUR,0.8006744384765625,0,0,SCALAR_BEKK_INTERNAL
2018-05-09,funded_assets,USD,0.80145263671875,0,0,SCALAR_BEKK_INTERNAL
2018-05-09,net_cashflows,EUR,0.7113037109375,0,0,SCALAR_BEKK_INTERNAL
2018-05-09,net_cashflows,USD,0.71221923828125,0,0,SCALAR_BEKK_INTERNAL
2018-05-10,funded_assets,EUR,0.8935394287109375,0,0,SCALAR_BEKK_INTERNAL
2018-05-10,funded_assets,USD,0.894744873046875,0,0,SCALAR_BEKK_INTERNAL
2018-05-10,net_cashflows,EUR,0.439208984375,0,0,SCALAR_BEKK_INTERNAL
2018-05-10,net_cashflows,USD,0.439697265625,0,0,SCALAR_BEKK_INTERNAL
2018-05-11,funded_assets,EUR,0.0615997314453125,0,0,SCALAR_BEKK_INTERNAL
2018-05-11,funded_assets,USD,0.0602569580078125,0,0,SCALAR_BEKK_INTERNAL
2018-05-11,net_cashflows,EUR,0.207489013671875,0,0,SCALAR_BEKK_INTERNAL
2018-05-11,net_cashflows,USD,0.20849609375,0,0,SCALAR_BEKK_INTERNAL
2018-05-14,funded_assets,EUR,0.016571044921875,0,0,SCALAR_BEKK_INTERNAL
2018-05-14,funded_assets,USD,0.0177001953125,0,0,SCALAR_BEKK_INTERNAL
2018-05-14,net_cashflows,EUR,0.5560760498046875,0,0,SCALAR_BEKK_INTERNAL
2018-05-14,net_cashflows,USD,0.5582275390625,0,0,SCALAR_BEKK_INTERNAL
2018-05-15,funded_assets,EUR,0.7697296142578125,0,0,SCALAR_BEKK_INTERNAL
2018-05-15,funded_assets,USD,0.76666259765625,0,0,SCALAR_BEKK_INTERNAL
2018-05-15,net_cashflows,EUR,0.219268798828125,0,0,SCALAR_BEKK_INTERNAL
2018-05-15,net_cashflows,USD,0.220367431640625,0,0,SCALAR_BEKK_INTERNAL
2018-05-16,funded_assets,EUR,0.3338775634765625,0,0,SCALAR_BEKK_INTERNAL
2018-05-16,funded_assets,USD,0.3333892822265625,0,0,SCALAR_BEKK_INTERNAL
2018-05-16,net_cashflows,EUR,0.482391357421875,0,0,SCALAR_BEKK_INTERNAL
2018-05-16,net_cashflows,USD,0.483184814453125,0,0,SCALAR_BEKK_INTERNAL
2018-05-17,funded_assets,EUR,0.53619384765625,0,0,SCALAR_BEKK_INTERNAL
2018-05-17,funded_assets,USD,0.5364532470703125,0,0,SCALAR_BEKK_INTERNAL
2018-05-17,net_cashflows,EUR,0.4327239990234375,0,0,SCALAR_BEKK_INTERNAL
2018-05-17,net_cashflows,USD,0.43280029296875,0,0,SCALAR_BEKK_INTERNAL
2018-05-18,funded_assets,EUR,0.5362091064453125,0,0,SCALAR_BEKK_INTERNAL
2018-05-18,funded_assets,USD,0.5362548828125,0,0,SCALAR_BEKK_INTERNAL
2018-05-18,net_cashflows,EUR,0.803253173828125,0,0,SCALAR_BEKK_INTERNAL
2018-05-18,net_cashflows,USD,0.8031005859375,0,0,SCALAR_BEKK_INTERNAL
2018-05-21,funded_assets,EUR,0.018096923828125,0,0,SCALAR_BEKK_INTERNAL
2018-05-21,funded_assets,USD,0.0179443359375,0,0,SCALAR_BEKK_INTERNAL
2018-05-21,net_cashflows,EUR,0.9732818603515625,0,0,SCALAR_BEKK_INTERNAL
2018-05-21,net_cashflows,USD,0.972076416015625,0,0,SCALAR_BEKK_INTERNAL
2018-05-22,funded_assets,EUR,0.373504638671875,0,0,SCALAR_BEKK_INTERNAL
2018-05-22,funded_assets,USD,0.37261962890625,0,0,SCALAR_BEKK_INTERNAL
2018-05-22,net_cashflows,EUR,0.57427978515625,0,0,SCALAR_BEKK_INTERNAL
2018-05-22,net_cashflows,USD,0.5752716064453125,0,0,SCALAR_BEKK_INTERNAL
2018-05-23,funded_assets,EUR,0.2280426025390625,0,0,SCALAR_BEKK_INTERNAL
2018-05-23,funded_assets,USD,0.2284088134765625,0,0,SCALAR_BEKK_INTERNAL
2018-05-23,net_cashflows,EUR,0.5514984130859375,0,0,SCALAR_BEKK_INTERNAL
2018-05-23,net_cashflows,USD,0.551025390625,0,0,SCALAR_BEKK_INTERNAL
2018-05-24,funded_assets,EUR,0.282135009765625,0,0,SCALAR_BEKK_INTERNAL
2018-05-24,funded_assets,USD,0.2837066650390625,0,0,SCALAR_BEKK_INTERNAL
2018-05-24,net_cashflows,EUR,0.5161895751953125,0,0,SCALAR_BEKK_INTERNAL
2018-05-24,net_cashflows,USD,0.515960693359375,0,0,SCALAR_BEKK_INTERNAL
2018-05-25,funded_assets,EUR,0.03607177734375,0,0,SCALAR_BEKK_INTERNAL
2018-05-25,funded_assets,USD,0.03662109375,0,0,SCALAR_BEKK_INTERNAL
2018-05-25,net_cashflows,EUR,0.7054290771484375,0,0,SCALAR_BEKK_INTERNAL
2018-05-25,net_cashflows,USD,0.7037200927734375,0,0,SCALAR_BEKK_INTERNAL
2018-05-28,funded_assets,EUR,0.88726806640625,0,0,SCALAR_BEKK_INTERNAL
2018-05-28,funded_assets,USD,0.8841705322265625,0,0,SCALAR_BEKK_INTERNAL
2018-05-28,net_cashflows,EUR,0.6735992431640625,0,0,SCALAR_BEKK_INTERNAL
2018-05-28,net_cashflows,USD,0.6744232177734375,0,0,SCALAR_BEKK_INTERNAL
2018-05-29,funded_assets,EUR,0.8204498291015625,0,0,SCALAR_BEKK_INTERNAL
2018-05-29,funded_assets,USD,0.8238372802734375,0,0,SCALAR_BEKK_INTERNAL
2018-05-29,net_cashflows,EUR,0.672119140625,0,0,SCALAR_BEKK_INTERNAL
2018-05-29,net_cashflows,USD,0.67510986328125,0,0,SCALAR_BEKK_INTERNAL
2018-05-30,funded_assets,EUR,0.5323333740234375,0,0,SCALAR_BEKK_INTERNAL
2018-05-30,funded_assets,USD,0.531585693359375,0,0,SCALAR_BEKK_INTERNAL
2018-05-30,net_cashflows,EUR,0.183258056640625,0,0,SCALAR_BEKK_INTERNAL
2018-05-30,net_cashflows,USD,0.1817779541015625,0,0,SCALAR_BEKK_INTERNAL
2018-05-31,funded_assets,EUR,0.808441162109375,0,0,SCALAR_BEKK_INTERNAL
2018-05-31,funded_assets,USD,0.8083343505859375,0,0,SCALAR_BEKK_INTERNAL
2018-05-31,net_cashflows,EUR,0.58843994140625,0,0,SCALAR_BEKK_INTERNAL
2018-05-31,net_cashflows,USD,0.5861358642578125,0,0,SCALAR_BEKK_INTERNAL
2018-06-01,funded_assets,EUR,0.1618194580078125,0,0,SCALAR_BEKK_INTERNAL
2018-06-01,funded_assets,USD,0.1597900390625,0,0,SCALAR_BEKK_INTERNAL
2018-06-01,net_cashflows,EUR,0.3197021484375,0,0,SCALAR_BEKK_INTERNAL
2018-06-01,net_cashflows,USD,0.31903076171875,0,0,SCALAR_BEKK_INTERNAL
2018-06-04,funded_assets,EUR,0.9818878173828125,0,0,SCALAR_BEKK_INTERNAL
2018-06-04,funded_assets,USD,0.9810791015625,0,0,SCALAR_BEKK_INTERNAL
2018-06-04,net_cashflows,EUR,0.18902587890625,0,0,SCALAR_BEKK_INTERNAL
2018-06-04,net_cashflows,USD,0.1870880126953125,0,0,SCALAR_BEKK_INTERNAL
2018-06-05,funded_assets,EUR,0.85400390625,0,0,SCALAR_BEKK_INTERNAL
2018-06-05,funded_assets,USD,0.858551025390625,0,0,SCALAR_BEKK_INTERNAL
2018-06-05,net_cashflows,EUR,0.7720947265625,0,0,SCALAR_BEKK_INTERNAL
2018-06-05,net_cashflows,USD,0.7729949951171875,0,0,SCALAR_BEKK_INTERNAL
2018-06-06,funded_assets,EUR,0.0463409423828125,0,0,SCALAR_BEKK_INTERNAL
2018-06-06,funded_assets,USD,0.0446929931640625,0,0,SCALAR_BEKK_INTERNAL
2018-06-06,net_cashflows,EUR,0.7229156494140625,0,0,SCALAR_BEKK_INTERNAL
2018-06-06,net_cashflows,USD,0.7213134765625,0,0,SCALAR_BEKK_INTERNAL
2018-06-07,funded_assets,EUR,0.9124908447265625,0,0,SCALAR_BEKK_INTERNAL
2018-06-07,funded_assets,USD,0.9099884033203125,0,0,SCALAR_BEKK_INTERNAL
2018-06-07,net_cashflows,EUR,0.243316650390625,0,0,SCALAR_BEKK_INTERNAL
2018-06-07,net_cashflows,USD,0.2441558837890625,0,0,SCALAR_BEKK_INTERNAL
2018-06-08,funded_assets,EUR,0.543243408203125,0,0,SCALAR_BEKK_INTERNAL
2018-06-08,funded_assets,USD,0.5433807373046875,0,0,SCALAR_BEKK_INTERNAL
2018-06-08,net_cashflows,EUR,0.371368408203125,0,0,SCALAR_BEKK_INTERNAL
2018-06-08,net_cashflows,USD,0.370941162109375,0,0,SCALAR_BEKK_INTERNAL
2018-06-11,funded_assets,EUR,0.4586029052734375,0,0,SCALAR_BEKK_INTERNAL
2018-06-11,funded_assets,USD,0.4587249755859375,0,0,SCALAR_BEKK_INTERNAL
2018-06-11,net_cashflows,EUR,0.3628997802734375,0,0,SCALAR_BEKK_INTERNAL
2018-06-11,net_cashflows,USD,0.3634185791015625,0,0,SCALAR_BEKK_INTERNAL
2018-06-12,funded_assets,EUR,0.1148681640625,0,0,SCALAR_BEKK_INTERNAL
2018-06-12,funded_assets,USD,0.1147918701171875,0,0,SCALAR_BEKK_INTERNAL
2018-06-12,net_cashflows,EUR,0.6569976806640625,0,0,SCALAR_BEKK_INTERNAL
2018-06-12,net_cashflows,USD,0.656646728515625,0,0,SCALAR_BEKK_INTERNAL
2018-06-13,funded_assets,EUR,0.065185546875,0,0,SCALAR_BEKK_INTERNAL
2018-06-13,funded_assets,USD,0.06781005859375,0,0,SCALAR_BEKK_INTERNAL
2018-06-13,net_cashflows,EUR,0.1054840087890625,0,0,SCALAR_BEKK_INTERNAL
2018-06-13,net_cashflows,USD,0.10699462890625,0,0,SCALAR_BEKK_INTERNAL
2018-06-14,funded_assets,EUR,0.593536376953125,0,0,SCALAR_BEKK_INTERNAL
2018-06-14,funded_assets,USD,0.5916748046875,0,0,SCALAR_BEKK_INTERNAL
2018-06-14,net_cashflows,EUR,0.75323486328125,0,0,SCALAR_BEKK_INTERNAL
2018-06-14,net_cashflows,USD,0.7501068115234375,0,0,SCALAR_BEKK_INTERNAL
2018-06-15,funded_assets,EUR,0.0734405517578125,0,0,SCALAR_BEKK_INTERNAL
2018-06-15,funded_assets,USD,0.0729827880859375,0,0,SCALAR_BEKK_INTERNAL
2018-06-15,net_cashflows,EUR,0.7887420654296875,0,0,SCALAR_BEKK_INTERNAL
2018-06-15,net_cashflows,USD,0.7861175537109375,0,0,SCALAR_BEKK_INTERNAL
2018-06-18,funded_assets,EUR,0.8341217041015625,0,0,SCALAR_BEKK_INTERNAL
2018-06-18,funded_assets,USD,0.8310546875,0,0,SCALAR_BEKK_INTERNAL
2018-06-18,net_cashflows,EUR,0.443115234375,0,0,SCALAR_BEKK_INTERNAL
2018-06-18,net_cashflows,USD,0.4447021484375,0,0,SCALAR_BEKK_INTERNAL
2018-06-19,funded_assets,EUR,0.218841552734375,0,0,SCALAR_BEKK_INTERNAL
2018-06-19,funded_assets,USD,0.2174072265625,0,0,SCALAR_BEKK_INTERNAL
2018-06-19,net_cashflows,EUR,0.2266693115234375,0,0,SCALAR_BEKK_INTERNAL
2018-06-19,net_cashflows,USD,0.226531982421875,0,0,SCALAR_BEKK_INTERNAL
2018-06-20,funded_assets,EUR,0.9226531982421875,0,0,SCALAR_BEKK_INTERNAL
2018-06-20,funded_assets,USD,0.9219970703125,0,0,SCALAR_BEKK_INTERNAL
2018-06-20,net_cashflows,EUR,0.7979278564453125,0,0,SCALAR_BEKK_INTERNAL
2018-06-20,net_cashflows,USD,0.7969512939453125,0,0,SCALAR_BEKK_INTERNAL
2018-06-21,funded_assets,EUR,0.7492828369140625,0,0,SCALAR_BEKK_INTERNAL
2018-06-21,funded_assets,USD,0.7537841796875,0,0,SCALAR_BEKK_INTERNAL
2018-06-21,net_cashflows,EUR,0.8327484130859375,0,0,SCALAR_BEKK_INTERNAL
2018-06-21,net_cashflows,USD,0.836151123046875,0,0,SCALAR_BEKK_INTERNAL
2018-06-22,funded_assets,EUR,0.3987579345703125,0,0,SCALAR_BEKK_INTERNAL
2018-06-22,funded_assets,USD,0.3976898193359375,0,0,SCALAR_BEKK_INTERNAL
2018-06-22,net_cashflows,EUR,0.4869384765625,0,0,SCALAR_BEKK_INTERNAL
2018-06-22,net_cashflows,USD,0.4857635498046875,0,0,SCALAR_BEKK_INTERNAL
2018-06-25,funded_assets,EUR,0.37762451171875,0,0,SCALAR_BEKK_INTERNAL
2018-06-25,funded_assets,USD,0.3788299560546875,0,0,SCALAR_BEKK_INTERNAL
2018-06-25,net_cashflows,EUR,0.1818695068359375,0,0,SCALAR_BEKK_INTERNAL
2018-06-25,net_cashflows,USD,0.1832122802734375,0,0,SCALAR_BEKK_INTERNAL
2018-06-26,funded_assets,EUR,0.47906494140625,0,0,SCALAR_BEKK_INTERNAL
2018-06-26,funded_assets,USD,0.47943115234375,0,0,SCALAR_BEKK_INTERNAL
2018-06-26,net_cashflows,EUR,0.499298095703125,0,0,SCALAR_BEKK_INTERNAL
2018-06-26,net_cashflows,USD,0.500732421875,0,0,SCALAR_BEKK_INTERNAL
2018-06-27,funded_assets,EUR,0.915618896484375,0,0,SCALAR_BEKK_INTERNAL
2018-06-27,funded_assets,USD,0.9152374267578125,0,0,SCALAR_BEKK_INTERNAL
2018-06-27,net_cashflows,EUR,0.35577392578125,0,0,SCALAR_BEKK_INTERNAL
2018-06-27,net_cashflows,USD,0.355194091796875,0,0,SCALAR_BEKK_INTERNAL
2018-06-28,funded_assets,EUR,0.408111572265625,0,0,SCALAR_BEKK_INTERNAL
2018-06-28,funded_assets,USD,0.40667724609375,0,0,SCALAR_BEKK_INTERNAL
2018-06-28,net_cashflows,EUR,0.492828369140625,0,0,SCALAR_BEKK_INTERNAL
2018-06-28,net_cashflows,USD,0.492767333984375,0,0,SCALAR_BEKK_INTERNAL
2018-06-29,funded_assets,EUR,0.54693603515625,0,0,SCALAR_BEKK_INTERNAL
2018-06-29,funded_assets,USD,0.5467529296875,0,0,SCALAR_BEKK_INTERNAL
2018-06-29,net_cashflows,EUR,0.4777374267578125,0,0,SCALAR_BEKK_INTERNAL
2018-06-29,net_cashflows,USD,0.4777679443359375,0,0,SCALAR_BEKK_INTERNAL
2018-07-02,funded_assets,EUR,0.2362823486328125,0,0,SCALAR_BEKK_INTERNAL
2018-07-02,funded_assets,USD,0.2352752685546875,0,0,SCALAR_BEKK_INTERNAL
2018-07-02,net_cashflows,EUR,0.5592193603515625,0,0,SCALAR_BEKK_INTERNAL
2018-07-02,net_cashflows,USD,0.559112548828125,0,0,SCALAR_BEKK_INTERNAL
2018-07-03,funded_assets,EUR,0.923004150390625,0,0,SCALAR_BEKK_INTERNAL
2018-07-03,funded_assets,USD,0.9220123291015625,0,0,SCALAR_BEKK_INTERNAL
2018-07-03,net_cashflows,EUR,0.409912109375,0,0,SCALAR_BEKK_INTERNAL
2018-07-03,net_cashflows,USD,0.4096221923828125,0,0,SCALAR_BEKK_INTERNAL
2018-07-04,funded_assets,EUR,0.7148284912109375,0,0,SCALAR_BEKK_INTERNAL
2018-07-04,funded_assets,USD,0.71649169921875,0,0,SCALAR_BEKK_INTERNAL
2018-07-04,net_cashflows,EUR,0.546112060546875,0,0,SCALAR_BEKK_INTERNAL
2018-07-04,net_cashflows,USD,0.54644775390625,0,0,SCALAR_BEKK_INTERNAL
2018-07-05,funded_assets,EUR,0.7299346923828125,0,0,SCALAR_BEKK_INTERNAL
2018-07-05,funded_assets,USD,0.7319488525390625,0,0,SCALAR_BEKK_INTERNAL
2018-07-05,net_cashflows,EUR,0.5902862548828125,0,0,SCALAR_BEKK_INTERNAL
2018-07-05,net_cashflows,USD,0.5908203125,0,0,SCALAR_BEKK_INTERNAL
2018-07-06,funded_assets,EUR,0.3337860107421875,0,0,SCALAR_BEKK_INTERNAL
2018-07-06,funded_assets,USD,0.3320770263671875,0,0,SCALAR_BEKK_INTERNAL
2018-07-06,net_cashflows,EUR,0.1062164306640625,0,0,SCALAR_BEKK_INTERNAL
2018-07-06,net_cashflows,USD,0.1055450439453125,0,0,SCALAR_BEKK_INTERNAL
2018-07-09,funded_assets,EUR,0.672088623046875,0,0,SCALAR_BEKK_INTERNAL
2018-07-09,funded_assets,USD,0.67083740234375,0,0,SCALAR_BEKK_INTERNAL
2018-07-09,net_cashflows,EUR,0.5713348388671875,0,0,SCALAR_BEKK_INTERNAL
2018-07-09,net_cashflows,USD,0.5700225830078125,0,0,SCALAR_BEKK_INTERNAL
2018-07-10,funded_assets,EUR,0.33331298828125,0,0,SCALAR_BEKK_INTERNAL
2018-07-10,funded_assets,USD,0.33282470703125,0,0,SCALAR_BEKK_INTERNAL
2018-07-10,net_cashflows,EUR,0.04840087890625,0,0,SCALAR_BEKK_INTERNAL
2018-07-10,net_cashflows,USD,0.0482635498046875,0,0,SCALAR_BEKK_INTERNAL
2018-07-11,funded_assets,EUR,0.6818695068359375,0,0,SCALAR_BEKK_INTERNAL
2018-07-11,funded_assets,USD,0.6806793212890625,0,0,SCALAR_BEKK_INTERNAL
2018-07-11,net_cashflows,EUR,0.3050079345703125,0,0,SCALAR_BEKK_INTERNAL
2018-07-11,net_cashflows,USD,0.30706787109375,0,0,SCALAR_BEKK_INTERNAL
2018-07-12,funded_assets,EUR,0.7416229248046875,0,0,SCALAR_BEKK_INTERNAL
2018-07-12,funded_assets,USD,0.743316650390625,0,0,SCALAR_BEKK_INTERNAL
2018-07-12,net_cashflows,EUR,0.698333740234375,0,0,SCALAR_BEKK_INTERNAL
2018-07-12,net_cashflows,USD,0.6979827880859375,0,0,SCALAR_BEKK_INTERNAL
2018-07-13,funded_assets,EUR,0.5382080078125,0,0,SCALAR_BEKK_INTERNAL
2018-07-13,funded_assets,USD,0.538116455078125,0,0,SCALAR_BEKK_INTERNAL
2018-07-13,net_cashflows,EUR,0.6048583984375,0,0,SCALAR_BEKK_INTERNAL
2018-07-13,net_cashflows,USD,0.60491943359375,0,0,SCALAR_BEKK_INTERNAL
2018-07-16,funded_assets,EUR,0.144256591796875,0,0,SCALAR_BEKK_INTERNAL
2018-07-16,funded_assets,USD,0.1455230712890625,0,0,SCALAR_BEKK_INTERNAL
2018-07-16,net_cashflows,EUR,0.47113037109375,0,0,SCALAR_BEKK_INTERNAL
2018-07-16,net_cashflows,USD,0.47064208984375,0,0,SCALAR_BEKK_INTERNAL
2018-07-17,funded_assets,EUR,0.5484619140625,0,0,SCALAR_BEKK_INTERNAL
2018-07-17,funded_assets,USD,0.5489501953125,0,0,SCALAR_BEKK_INTERNAL
2018-07-17,net_cashflows,EUR,0.3414154052734375,0,0,SCALAR_BEKK_INTERNAL
2018-07-17,net_cashflows,USD,0.342681884765625,0,0,SCALAR_BEKK_INTERNAL
2018-07-18,funded_assets,EUR,0.7705078125,0,0,SCALAR_BEKK_INTERNAL
2018-07-18,funded_assets,USD,0.771270751953125,0,0,SCALAR_BEKK_INTERNAL
2018-07-18,net_cashflows,EUR,0.8945159912109375,0,0,SCALAR_BEKK_INTERNAL
2018-07-18,net_cashflows,USD,0.8944549560546875,0,0,SCALAR_BEKK_INTERNAL
2018-07-19,funded_assets,EUR,0.2962188720703125,0,0,SCALAR_BEKK_INTERNAL
2018-07-19,funded_assets,USD,0.294952392578125,0,0,SCALAR_BEKK_INTERNAL
2018-07-19,net_cashflows,EUR,0.92425537109375,0,0,SCALAR_BEKK_INTERNAL
2018-07-19,net_cashflows,USD,0.9260101318359375,0,0,SCALAR_BEKK_INTERNAL
2018-07-20,funded_assets,EUR,0.480224609375,0,0,SCALAR_BEKK_INTERNAL
2018-07-20,funded_assets,USD,0.480377197265625,0,0,SCALAR_BEKK_INTERNAL
2018-07-20,net_cashflows,EUR,0.460113525390625,0,0,SCALAR_BEKK_INTERNAL
2018-07-20,net_cashflows,USD,0.45941162109375,0,0,SCALAR_BEKK_INTERNAL
2018-07-23,funded_assets,EUR,0.2279205322265625,0,0,SCALAR_BEKK_INTERNAL
2018-07-23,funded_assets,USD,0.2276458740234375,0,0,SCALAR_BEKK_INTERNAL
2018-07-23,net_cashflows,EUR,0.5385284423828125,0,0,SCALAR_BEKK_INTERNAL
2018-07-23,net_cashflows,USD,0.5386810302734375,0,0,SCALAR_BEKK_INTERNAL
2018-07-24,funded_assets,EUR,0.6522979736328125,0,0,SCALAR_BEKK_INTERNAL
2018-07-24,funded_assets,USD,0.6515960693359375,0,0,SCALAR_BEKK_INTERNAL
2018-07-24,net_cashflows,EUR,0.5679931640625,0,0,SCALAR_BEKK_INTERNAL
2018-07-24,net_cashflows,USD,0.5681610107421875,0,0,SCALAR_BEKK_INTERNAL
2018-07-25,funded_assets,EUR,0.1259918212890625,0,0,SCALAR_BEKK_INTERNAL
2018-07-25,funded_assets,USD,0.125946044921875,0,0,SCALAR_BEKK_INTERNAL
2018-07-25,net_cashflows,EUR,0.2828369140625,0,0,SCALAR_BEKK_INTERNAL
2018-07-25,net_cashflows,USD,0.2833404541015625,0,0,SCALAR_BEKK_INTERNAL
2018-07-26,funded_assets,EUR,0.832061767578125,0,0,SCALAR_BEKK_INTERNAL
2018-07-26,funded_assets,USD,0.8294830322265625,0,0,SCALAR_BEKK_INTERNAL
2018-07-26,net_cashflows,EUR,0.6915283203125,0,0,SCALAR_BEKK_INTERNAL
2018-07-26,net_cashflows,USD,0.6901702880859375,0,0,SCALAR_BEKK_INTERNAL
2018-07-27,funded_assets,EUR,0.85125732421875,0,0,SCALAR_BEKK_INTERNAL
2018-07-27,funded_assets,USD,0.853363037109375,0,0,SCALAR_BEKK_INTERNAL
2018-07-27,net_cashflows,EUR,0.4394378662109375,0,0,SCALAR_BEKK_INTERNAL
2018-07-27,net_cashflows,USD,0.4392852783203125,0,0,SCALAR_BEKK_INTERNAL
2018-07-30,funded_assets,EUR,0.319244384765625,0,0,SCALAR_BEKK_INTERNAL
2018-07-30,funded_assets,USD,0.3175201416015625,0,0,SCALAR_BEKK_INTERNAL
2018-07-30,net_cashflows,EUR,0.2597808837890625,0,0,SCALAR_BEKK_INTERNAL
2018-07-30,net_cashflows,USD,0.259613037109375,0,0,SCALAR_BEKK_INTERNAL
2018-07-31,funded_assets,EUR,0.077667236328125,0,0,SCALAR_BEKK_INTERNAL
2018-07-31,funded_assets,USD,0.0786285400390625,0,0,SCALAR_BEKK_INTERNAL
2018-07-31,net_cashflows,EUR,0.728363037109375,0,0,SCALAR_BEKK_INTERNAL
2018-07-31,net_cashflows,USD,0.7275848388671875,0,0,SCALAR_BEKK_INTERNAL
2018-08-01,funded_assets,EUR,0.3025360107421875,0,0,SCALAR_BEKK_INTERNAL
2018-08-01,funded_assets,USD,0.3052825927734375,0,0,SCALAR_BEKK_INTERNAL
2018-08-01,net_cashflows,EUR,0.42803955078125,0,0,SCALAR_BEKK_INTERNAL
2018-08-01,net_cashflows,USD,0.42803955078125,0,0,SCALAR_BEKK_INTERNAL
2018-08-02,funded_assets,EUR,0.284393310546875,0,0,SCALAR_BEKK_INTERNAL
2018-08-02,funded_assets,USD,0.2856597900390625,0,0,SCALAR_BEKK_INTERNAL
2018-08-02,net_cashflows,EUR,0.5847015380859375,0,0,SCALAR_BEKK_INTERNAL
2018-08-02,net_cashflows,USD,0.584228515625,0,0,SCALAR_BEKK_INTERNAL
2018-08-03,funded_assets,EUR,0.788421630859375,0,0,SCALAR_BEKK_INTERNAL
2018-08-03,funded_assets,USD,0.7871856689453125,0,0,SCALAR_BEKK_INTERNAL
2018-08-03,net_cashflows,EUR,0.7622833251953125,0,0,SCALAR_BEKK_INTERNAL
2018-08-03,net_cashflows,USD,0.7626190185546875,0,0,SCALAR_BEKK_INTERNAL
2018-08-06,funded_assets,EUR,0.670684814453125,0,0,SCALAR_BEKK_INTERNAL
2018-08-06,funded_assets,USD,0.6707611083984375,0,0,SCALAR_BEKK_INTERNAL
2018-08-06,net_cashflows,EUR,0.5763397216796875,0,0,SCALAR_BEKK_INTERNAL
2018-08-06,net_cashflows,USD,0.5764312744140625,0,0,SCALAR_BEKK_INTERNAL
2018-08-07,funded_assets,EUR,0.403289794921875,0,0,SCALAR_BEKK_INTERNAL
2018-08-07,funded_assets,USD,0.40350341796875,0,0,SCALAR_BEKK_INTERNAL
2018-08-07,net_cashflows,EUR,0.5567474365234375,0,0,SCALAR_BEKK_INTERNAL
2018-08-07,net_cashflows,USD,0.556427001953125,0,0,SCALAR_BEKK_INTERNAL
2018-08-08,funded_assets,EUR,0.005584716796875,0,0,SCALAR_BEKK_INTERNAL
2018-08-08,funded_assets,USD,0.0056610107421875,0,0,SCALAR_BEKK_INTERNAL
2018-08-08,net_cashflows,EUR,0.7257843017578125,0,0,SCALAR_BEKK_INTERNAL
2018-08-08,net_cashflows,USD,0.72308349609375,0,0,SCALAR_BEKK_INTERNAL
2018-08-09,funded_assets,EUR,0.0630645751953125,0,0,SCALAR_BEKK_INTERNAL
2018-08-09,funded_assets,USD,0.066375732421875,0,0,SCALAR_BEKK_INTERNAL
2018-08-09,net_cashflows,EUR,0.688934326171875,0,0,SCALAR_BEKK_INTERNAL
2018-08-09,net_cashflows,USD,0.68499755859375,0,0,SCALAR_BEKK_INTERNAL
2018-08-10,funded_assets,EUR,0.4678955078125,0,0,SCALAR_BEKK_INTERNAL
2018-08-10,funded_assets,USD,0.467987060546875,0,0,SCALAR_BEKK_INTERNAL
2018-08-10,net_cashflows,EUR,0.5163421630859375,0,0,SCALAR_BEKK_INTERNAL
2018-08-10,net_cashflows,USD,0.516387939453125,0,0,SCALAR_BEKK_INTERNAL
2018-08-13,funded_assets,EUR,0.1439208984375,0,0,SCALAR_BEKK_INTERNAL
2018-08-13,funded_assets,USD,0.14447021484375,0,0,SCALAR_BEKK_INTERNAL
2018-08-13,net_cashflows,EUR,0.2847747802734375,0,0,SCALAR_BEKK_INTERNAL
2018-08-13,net_cashflows,USD,0.285888671875,0,0,SCALAR_BEKK_INTERNAL
2018-08-14,funded_assets,EUR,0.80126953125,0,0,SCALAR_BEKK_INTERNAL
2018-08-14,funded_assets,USD,0.7986602783203125,0,0,SCALAR_BEKK_INTERNAL
2018-08-14,net_cashflows,EUR,0.7114715576171875,0,0,SCALAR_BEKK_INTERNAL
2018-08-14,net_cashflows,USD,0.7099609375,0,0,SCALAR_BEKK_INTERNAL
2018-08-15,funded_assets,EUR,0.61590576171875,0,0,SCALAR_BEKK_INTERNAL
2018-08-15,funded_assets,USD,0.61749267578125,0,0,SCALAR_BEKK_INTERNAL
2018-08-15,net_cashflows,EUR,0.65228271484375,0,0,SCALAR_BEKK_INTERNAL
2018-08-15,net_cashflows,USD,0.653289794921875,0,0,SCALAR_BEKK_INTERNAL
2018-08-16,funded_assets,EUR,0.7177734375,0,0,SCALAR_BEKK_INTERNAL
2018-08-16,funded_assets,USD,0.718505859375,0,0,SCALAR_BEKK_INTERNAL
2018-08-16,net_cashflows,EUR,0.3620758056640625,0,0,SCALAR_BEKK_INTERNAL
2018-08-16,net_cashflows,USD,0.3619842529296875,0,0,SCALAR_BEKK_INTERNAL
2018-08-17,funded_assets,EUR,0.878173828125,0,0,SCALAR_BEKK_INTERNAL
2018-08-17,funded_assets,USD,0.8799285888671875,0,0,SCALAR_BEKK_INTERNAL
2018-08-17,net_cashflows,EUR,0.72894287109375,0,0,SCALAR_BEKK_INTERNAL
2018-08-17,net_cashflows,USD,0.7295379638671875,0,0,SCALAR_BEKK_INTERNAL
2018-08-20,funded_assets,EUR,0.9398956298828125,0,0,SCALAR_BEKK_INTERNAL
2018-08-20,funded_assets,USD,0.9426727294921875,0,0,SCALAR_BEKK_INTERNAL
2018-08-20,net_cashflows,EUR,0.708251953125,0,0,SCALAR_BEKK_INTERNAL
2018-08-20,net_cashflows,USD,0.7135162353515625,0,0,SCALAR_BEKK_INTERNAL
2018-08-21,funded_assets,EUR,0.3955230712890625,0,0,SCALAR_BEKK_INTERNAL
2018-08-21,funded_assets,USD,0.392578125,0,0,SCALAR_BEKK_INTERNAL
2018-08-21,net_cashflows,EUR,0.2430419921875,0,0,SCALAR_BEKK_INTERNAL
2018-08-21,net_cashflows,USD,0.24078369140625,0,0,SCALAR_BEKK_INTERNAL
2018-08-22,funded_assets,EUR,0.7791290283203125,0,0,SCALAR_BEKK_INTERNAL
2018-08-22,funded_assets,USD,0.7778167724609375,0,0,SCALAR_BEKK_INTERNAL
2018-08-22,net_cashflows,EUR,0.3033294677734375,0,0,SCALAR_BEKK_INTERNAL
2018-08-22,net_cashflows,USD,0.303314208984375,0,0,SCALAR_BEKK_INTERNAL
2018-08-23,funded_assets,EUR,0.7645111083984375,0,0,SCALAR_BEKK_INTERNAL
2018-08-23,funded_assets,USD,0.7656707763671875,0,0,SCALAR_BEKK_INTERNAL
2018-08-23,net_cashflows,EUR,0.6510009765625,0,0,SCALAR_BEKK_INTERNAL
2018-08-23,net_cashflows,USD,0.650787353515625,0,0,SCALAR_BEKK_INTERNAL
2018-08-24,funded_assets,EUR,0.880706787109375,0,0,SCALAR_BEKK_INTERNAL
2018-08-24,funded_assets,USD,0.8828277587890625,0,0,SCALAR_BEKK_INTERNAL
2018-08-24,net_cashflows,EUR,0.685028076171875,0,0,SCALAR_BEKK_INTERNAL
2018-08-24,net_cashflows,USD,0.687530517578125,0,0,SCALAR_BEKK_INTERNAL
2018-08-27,funded_assets,EUR,0.1848297119140625,0,0,SCALAR_BEKK_INTERNAL
2018-08-27,funded_assets,USD,0.18231201171875,0,0,SCALAR_BEKK_INTERNAL
2018-08-27,net_cashflows,EUR,0.4163055419921875,0,0,SCALAR_BEKK_INTERNAL
2018-08-27,net_cashflows,USD,0.4154052734375,0,0,SCALAR_BEKK_INTERNAL
2018-08-28,funded_assets,EUR,0.35064697265625,0,0,SCALAR_BEKK_INTERNAL
2018-08-28,funded_assets,USD,0.34954833984375,0,0,SCALAR_BEKK_INTERNAL
2018-08-28,net_cashflows,EUR,0.454559326171875,0,0,SCALAR_BEKK_INTERNAL
2018-08-28,net_cashflows,USD,0.4542999267578125,0,0,SCALAR_BEKK_INTERNAL
2018-08-29,funded_assets,EUR,0.096221923828125,0,0,SCALAR_BEKK_INTERNAL
2018-08-29,funded_assets,USD,0.095458984375,0,0,SCALAR_BEKK_INTERNAL
2018-08-29,net_cashflows,EUR,0.8761749267578125,0,0,SCALAR_BEKK_INTERNAL
2018-08-29,net_cashflows,USD,0.8756561279296875,0,0,SCALAR_BEKK_INTERNAL
2018-08-30,funded_assets,EUR,0.4919586181640625,0,0,SCALAR_BEKK_INTERNAL
2018-08-30,funded_assets,USD,0.494049072265625,0,0,SCALAR_BEKK_INTERNAL
2018-08-30,net_cashflows,EUR,0.3732757568359375,0,0,SCALAR_BEKK_INTERNAL
2018-08-30,net_cashflows,USD,0.3723907470703125,0,0,SCALAR_BEKK_INTERNAL
2018-08-31,funded_assets,EUR,0.2485504150390625,0,0,SCALAR_BEKK_INTERNAL
2018-08-31,funded_assets,USD,0.2495269775390625,0,0,SCALAR_BEKK_INTERNAL
2018-08-31,net_cashflows,EUR,0.39288330078125,0,0,SCALAR_BEKK_INTERNAL
2018-08-31,net_cashflows,USD,0.3941192626953125,0,0,SCALAR_BEKK_INTERNAL
2018-09-03,funded_assets,EUR,0.806915283203125,0,0,SCALAR_BEKK_INTERNAL
2018-09-03,funded_assets,USD,0.805328369140625,0,0,SCALAR_BEKK_INTERNAL
2018-09-03,net_cashflows,EUR,0.3569183349609375,0,0,SCALAR_BEKK_INTERNAL
2018-09-03,net_cashflows,USD,0.3571014404296875,0,0,SCALAR_BEKK_INTERNAL
2018-09-04,funded_assets,EUR,0.5214691162109375,0,0,SCALAR_BEKK_INTERNAL
2018-09-04,funded_assets,USD,0.5230712890625,0,0,SCALAR_BEKK_INTERNAL
2018-09-04,net_cashflows,EUR,0.6178436279296875,0,0,SCALAR_BEKK_INTERNAL
2018-09-04,net_cashflows,USD,0.6178741455078125,0,0,SCALAR_BEKK_INTERNAL
2018-09-05,funded_assets,EUR,0.0854034423828125,0,0,SCALAR_BEKK_INTERNAL
2018-09-05,funded_assets,USD,0.083526611328125,0,0,SCALAR_BEKK_INTERNAL
2018-09-05,net_cashflows,EUR,0.782135009765625,0,0,SCALAR_BEKK_INTERNAL
2018-09-05,net_cashflows,USD,0.7820587158203125,0,0,SCALAR_BEKK_INTERNAL
2018-09-06,funded_assets,EUR,0.4958953857421875,0,0,SCALAR_BEKK_INTERNAL
2018-09-06,funded_assets,USD,0.49835205078125,0,0,SCALAR_BEKK_INTERNAL
2018-09-06,net_cashflows,EUR,0.1998291015625,0,0,SCALAR_BEKK_INTERNAL
2018-09-06,net_cashflows,USD,0.1999053955078125,0,0,SCALAR_BEKK_INTERNAL
2018-09-07,funded_assets,EUR,0.507171630859375,0,0,SCALAR_BEKK_INTERNAL
2018-09-07,funded_assets,USD,0.507232666015625,0,0,SCALAR_BEKK_INTERNAL
2018-09-07,net_cashflows,EUR,0.3246307373046875,0,0,SCALAR_BEKK_INTERNAL
2018-09-07,net_cashflows,USD,0.3249664306640625,0,0,SCALAR_BEKK_INTERNAL
2018-09-10,funded_assets,EUR,0.5942535400390625,0,0,SCALAR_BEKK_INTERNAL
2018-09-10,funded_assets,USD,0.5944671630859375,0,0,SCALAR_BEKK_INTERNAL
2018-09-10,net_cashflows,EUR,0.431121826171875,0,0,SCALAR_BEKK_INTERNAL
2018-09-10,net_cashflows,USD,0.430816650390625,0,0,SCALAR_BEKK_INTERNAL
2018-09-11,funded_assets,EUR,0.6818695068359375,0,0,SCALAR_BEKK_INTERNAL
2018-09-11,funded_assets,USD,0.682403564453125,0,0,SCALAR_BEKK_INTERNAL
2018-09-11,net_cashflows,EUR,0.53045654296875,0,0,SCALAR_BEKK_INTERNAL
2018-09-11,net_cashflows,USD,0.5301361083984375,0,0,SCALAR_BEKK_INTERNAL
2018-09-12,funded_assets,EUR,0.903045654296875,0,0,SCALAR_BEKK_INTERNAL
2018-09-12,funded_assets,USD,0.9042816162109375,0,0,SCALAR_BEKK_INTERNAL
2018-09-12,net_cashflows,EUR,0.5089263916015625,0,0,SCALAR_BEKK_INTERNAL
2018-09-12,net_cashflows,USD,0.5090179443359375,0,0,SCALAR_BEKK_INTERNAL
2018-09-13,funded_assets,EUR,0.2500152587890625,0,0,SCALAR_BEKK_INTERNAL
2018-09-13,funded_assets,USD,0.2479400634765625,0,0,SCALAR_BEKK_INTERNAL
2018-09-13,net_cashflows,EUR,0.4256439208984375,0,0,SCALAR_BEKK_INTERNAL
2018-09-13,net_cashflows,USD,0.42529296875,0,0,SCALAR_BEKK_INTERNAL
2018-09-14,funded_assets,EUR,0.7169342041015625,0,0,SCALAR_BEKK_INTERNAL
2018-09-14,funded_assets,USD,0.71636962890625,0,0,SCALAR_BEKK_INTERNAL
2018-09-14,net_cashflows,EUR,0.4821319580078125,0,0,SCALAR_BEKK_INTERNAL
2018-09-14,net_cashflows,USD,0.48187255859375,0,0,SCALAR_BEKK_INTERNAL
2018-09-17,funded_assets,EUR,0.465850830078125,0,0,SCALAR_BEKK_INTERNAL
2018-09-17,funded_assets,USD,0.4654693603515625,0,0,SCALAR_BEKK_INTERNAL
2018-09-17,net_cashflows,EUR,0.23150634765625,0,0,SCALAR_BEKK_INTERNAL
2018-09-17,net_cashflows,USD,0.23138427734375,0,0,SCALAR_BEKK_INTERNAL
2018-09-18,funded_assets,EUR,0.8668975830078125,0,0,SCALAR_BEKK_INTERNAL
2018-09-18,funded_assets,USD,0.8673095703125,0,0,SCALAR_BEKK_INTERNAL
2018-09-18,net_cashflows,EUR,0.6443328857421875,0,0,SCALAR_BEKK_INTERNAL
2018-09-18,net_cashflows,USD,0.6425628662109375,0,0,SCALAR_BEKK_INTERNAL
2018-09-19,funded_assets,EUR,0.633941650390625,0,0,SCALAR_BEKK_INTERNAL
2018-09-19,funded_assets,USD,0.6342010498046875,0,0,SCALAR_BEKK_INTERNAL
2018-09-19,net_cashflows,EUR,0.6957244873046875,0,0,SCALAR_BEKK_INTERNAL
2018-09-19,net_cashflows,USD,0.6969146728515625,0,0,SCALAR_BEKK_INTERNAL
2018-09-20,funded_assets,EUR,0.7427825927734375,0,0,SCALAR_BEKK_INTERNAL
2018-09-20,funded_assets,USD,0.7427215576171875,0,0,SCALAR_BEKK_INTERNAL
2018-09-20,net_cashflows,EUR,0.35162353515625,0,0,SCALAR_BEKK_INTERNAL
2018-09-20,net_cashflows,USD,0.351959228515625,0,0,SCALAR_BEKK_INTERNAL
2018-09-21,funded_assets,EUR,0.765838623046875,0,0,SCALAR_BEKK_INTERNAL
2018-09-21,funded_assets,USD,0.76580810546875,0,0,SCALAR_BEKK_INTERNAL
2018-09-21,net_cashflows,EUR,0.196441650390625,0,0,SCALAR_BEKK_INTERNAL
2018-09-21,net_cashflows,USD,0.1957855224609375,0,0,SCALAR_BEKK_INTERNAL
2018-09-24,funded_assets,EUR,0.236724853515625,0,0,SCALAR_BEKK_INTERNAL
2018-09-24,funded_assets,USD,0.2357940673828125,0,0,SCALAR_BEKK_INTERNAL
2018-09-24,net_cashflows,EUR,0.28460693359375,0,0,SCALAR_BEKK_INTERNAL
2018-09-24,net_cashflows,USD,0.2858123779296875,0,0,SCALAR_BEKK_INTERNAL
2018-09-25,funded_assets,EUR,0.286163330078125,0,0,SCALAR_BEKK_INTERNAL
2018-09-25,funded_assets,USD,0.287445068359375,0,0,SCALAR_BEKK_INTERNAL
2018-09-25,net_cashflows,EUR,0.4801788330078125,0,0,SCALAR_BEKK_INTERNAL
2018-09-25,net_cashflows,USD,0.4809722900390625,0,0,SCALAR_BEKK_INTERNAL
2018-09-26,funded_assets,EUR,0.034210205078125,0,0,SCALAR_BEKK_INTERNAL
2018-09-26,funded_assets,USD,0.0352630615234375,0,0,SCALAR_BEKK_INTERNAL
2018-09-26,net_cashflows,EUR,0.2181243896484375,0,0,SCALAR_BEKK_INTERNAL
2018-09-26,net_cashflows,USD,0.2211456298828125,0,0,SCALAR_BEKK_INTERNAL
2018-09-27,funded_assets,EUR,0.951019287109375,0,0,SCALAR_BEKK_INTERNAL
2018-09-27,funded_assets,USD,0.9486846923828125,0,0,SCALAR_BEKK_INTERNAL
2018-09-27,net_cashflows,EUR,0.1246185302734375,0,0,SCALAR_BEKK_INTERNAL
2018-09-27,net_cashflows,USD,0.125457763671875,0,0,SCALAR_BEKK_INTERNAL
2018-09-28,funded_assets,EUR,0.1124267578125,0,0,SCALAR_BEKK_INTERNAL
2018-09-28,funded_assets,USD,0.110504150390625,0,0,SCALAR_BEKK_INTERNAL
2018-09-28,net_cashflows,EUR,0.6238861083984375,0,0,SCALAR_BEKK_INTERNAL
2018-09-28,net_cashflows,USD,0.6260223388671875,0,0,SCALAR_BEKK_INTERNAL
2018-10-01,funded_assets,EUR,0.6180267333984375,0,0,SCALAR_BEKK_INTERNAL
2018-10-01,funded_assets,USD,0.61712646484375,0,0,SCALAR_BEKK_INTERNAL
2018-10-01,net_cashflows,EUR,0.323394775390625,0,0,SCALAR_BEKK_INTERNAL
2018-10-01,net_cashflows,USD,0.32403564453125,0,0,SCALAR_BEKK_INTERNAL
2018-10-02,funded_assets,EUR,0.258331298828125,0,0,SCALAR_BEKK_INTERNAL
2018-10-02,funded_assets,USD,0.258148193359375,0,0,SCALAR_BEKK_INTERNAL
2018-10-02,net_cashflows,EUR,0.246337890625,0,0,SCALAR_BEKK_INTERNAL
2018-10-02,net_cashflows,USD,0.2472381591796875,0,0,SCALAR_BEKK_INTERNAL
2018-10-03,funded_assets,EUR,0.3681640625,0,0,SCALAR_BEKK_INTERNAL
2018-10-03,funded_assets,USD,0.3685150146484375,0,0,SCALAR_BEKK_INTERNAL
2018-10-03,net_cashflows,EUR,0.48638916015625,0,0,SCALAR_BEKK_INTERNAL
2018-10-03,net_cashflows,USD,0.4862518310546875,0,0,SCALAR_BEKK_INTERNAL
2018-10-04,funded_assets,EUR,0.1497955322265625,0,0,SCALAR_BEKK_INTERNAL
2018-10-04,funded_assets,USD,0.1495819091796875,0,0,SCALAR_BEKK_INTERNAL
2018-10-04,net_cashflows,EUR,0.7758026123046875,0,0,SCALAR_BEKK_INTERNAL
2018-10-04,net_cashflows,USD,0.775115966796875,0,0,SCALAR_BEKK_INTERNAL
2018-10-05,funded_assets,EUR,0.1520233154296875,0,0,SCALAR_BEKK_INTERNAL
2018-10-05,funded_assets,USD,0.15325927734375,0,0,SCALAR_BEKK_INTERNAL
2018-10-05,net_cashflows,EUR,0.49151611328125,0,0,SCALAR_BEKK_INTERNAL
2018-10-05,net_cashflows,USD,0.490325927734375,0,0,SCALAR_BEKK_INTERNAL
2018-10-08,funded_assets,EUR,0.8084564208984375,0,0,SCALAR_BEKK_INTERNAL
2018-10-08,funded_assets,USD,0.8067626953125,0,0,SCALAR_BEKK_INTERNAL
2018-10-08,net_cashflows,EUR,0.4417877197265625,0,0,SCALAR_BEKK_INTERNAL
2018-10-08,net_cashflows,USD,0.4415283203125,0,0,SCALAR_BEKK_INTERNAL
2018-10-09,funded_assets,EUR,0.69818115234375,0,0,SCALAR_BEKK_INTERNAL
2018-10-09,funded_assets,USD,0.702239990234375,0,0,SCALAR_BEKK_INTERNAL
2018-10-09,net_cashflows,EUR,0.8957366943359375,0,0,SCALAR_BEKK_INTERNAL
2018-10-09,net_cashflows,USD,0.89715576171875,0,0,SCALAR_BEKK_INTERNAL
2018-10-10,funded_assets,EUR,0.6520233154296875,0,0,SCALAR_BEKK_INTERNAL
2018-10-10,funded_assets,USD,0.65277099609375,0,0,SCALAR_BEKK_INTERNAL
2018-10-10,net_cashflows,EUR,0.406951904296875,0,0,SCALAR_BEKK_INTERNAL
2018-10-10,net_cashflows,USD,0.406097412109375,0,0,SCALAR_BEKK_INTERNAL
2018-10-11,funded_assets,EUR,0.43780517578125,0,0,SCALAR_BEKK_INTERNAL
2018-10-11,funded_assets,USD,0.4378204345703125,0,0,SCALAR_BEKK_INTERNAL
2018-10-11,net_cashflows,EUR,0.8668670654296875,0,0,SCALAR_BEKK_INTERNAL
2018-10-11,net_cashflows,USD,0.866119384765625,0,0,SCALAR_BEKK_INTERNAL
2018-10-12,funded_assets,EUR,0.49578857421875,0,0,SCALAR_BEKK_INTERNAL
2018-10-12,funded_assets,USD,0.4956512451171875,0,0,SCALAR_BEKK_INTERNAL
2018-10-12,net_cashflows,EUR,0.2549896240234375,0,0,SCALAR_BEKK_INTERNAL
2018-10-12,net_cashflows,USD,0.254547119140625,0,0,SCALAR_BEKK_INTERNAL
2018-10-15,funded_assets,EUR,0.3771209716796875,0,0,SCALAR_BEKK_INTERNAL
2018-10-15,funded_assets,USD,0.377471923828125,0,0,SCALAR_BEKK_INTERNAL
2018-10-15,net_cashflows,EUR,0.39837646484375,0,0,SCALAR_BEKK_INTERNAL
2018-10-15,net_cashflows,USD,0.400146484375,0,0,SCALAR_BEKK_INTERNAL
2018-10-16,funded_assets,EUR,0.390380859375,0,0,SCALAR_BEKK_INTERNAL
2018-10-16,funded_assets,USD,0.39111328125,0,0,SCALAR_BEKK_INTERNAL
2018-10-16,net_cashflows,EUR,0.3342437744140625,0,0,SCALAR_BEKK_INTERNAL
2018-10-16,net_cashflows,USD,0.3352508544921875,0,0,SCALAR_BEKK_INTERNAL
2018-10-17,funded_assets,EUR,0.295013427734375,0,0,SCALAR_BEKK_INTERNAL
2018-10-17,funded_assets,USD,0.2956695556640625,0,0,SCALAR_BEKK_INTERNAL
2018-10-17,net_cashflows,EUR,0.58502197265625,0,0,SCALAR_BEKK_INTERNAL
2018-10-17,net_cashflows,USD,0.585235595703125,0,0,SCALAR_BEKK_INTERNAL
2018-10-18,funded_assets,EUR,0.864959716796875,0,0,SCALAR_BEKK_INTERNAL
2018-10-18,funded_assets,USD,0.863800048828125,0,0,SCALAR_BEKK_INTERNAL
2018-10-18,net_cashflows,EUR,0.3847808837890625,0,0,SCALAR_BEKK_INTERNAL
2018-10-18,net_cashflows,USD,0.384918212890625,0,0,SCALAR_BEKK_INTERNAL
2018-10-19,funded_assets,EUR,0.130279541015625,0,0,SCALAR_BEKK_INTERNAL
2018-10-19,funded_assets,USD,0.1289520263671875,0,0,SCALAR_BEKK_INTERNAL
2018-10-19,net_cashflows,EUR,0.7809600830078125,0,0,SCALAR_BEKK_INTERNAL
2018-10-19,net_cashflows,USD,0.781036376953125,0,0,SCALAR_BEKK_INTERNAL
2018-10-22,funded_assets,EUR,0.1451873779296875,0,0,SCALAR_BEKK_INTERNAL
2018-10-22,funded_assets,USD,0.1483001708984375,0,0,SCALAR_BEKK_INTERNAL
2018-10-22,net_cashflows,EUR,0.29998779296875,0,0,SCALAR_BEKK_INTERNAL
2018-10-22,net_cashflows,USD,0.299285888671875,0,0,SCALAR_BEKK_INTERNAL
2018-10-23,funded_assets,EUR,0.7360076904296875,0,0,SCALAR_BEKK_INTERNAL
2018-10-23,funded_assets,USD,0.733795166015625,0,0,SCALAR_BEKK_INTERNAL
2018-10-23,net_cashflows,EUR,0.67523193359375,0,0,SCALAR_BEKK_INTERNAL
2018-10-23,net_cashflows,USD,0.6739501953125,0,0,SCALAR_BEKK_INTERNAL
2018-10-24,funded_assets,EUR,0.106781005859375,0,0,SCALAR_BEKK_INTERNAL
2018-10-24,funded_assets,USD,0.1058807373046875,0,0,SCALAR_BEKK_INTERNAL
2018-10-24,net_cashflows,EUR,0.69781494140625,0,0,SCALAR_BEKK_INTERNAL
2018-10-24,net_cashflows,USD,0.696197509765625,0,0,SCALAR_BEKK_INTERNAL
2018-10-25,funded_assets,EUR,0.823486328125,0,0,SCALAR_BEKK_INTERNAL
2018-10-25,funded_assets,USD,0.820770263671875,0,0,SCALAR_BEKK_INTERNAL
2018-10-25,net_cashflows,EUR,0.3638458251953125,0,0,SCALAR_BEKK_INTERNAL
2018-10-25,net_cashflows,USD,0.3646087646484375,0,0,SCALAR_BEKK_INTERNAL
2018-10-26,funded_assets,EUR,0.6862945556640625,0,0,SCALAR_BEKK_INTERNAL
2018-10-26,funded_assets,USD,0.68621826171875,0,0,SCALAR_BEKK_INTERNAL
2018-10-26,net_cashflows,EUR,0.3634033203125,0,0,SCALAR_BEKK_INTERNAL
2018-10-26,net_cashflows,USD,0.363067626953125,0,0,SCALAR_BEKK_INTERNAL
2018-10-29,funded_assets,EUR,0.2772369384765625,0,0,SCALAR_BEKK_INTERNAL
2018-10-29,funded_assets,USD,0.2770538330078125,0,0,SCALAR_BEKK_INTERNAL
2018-10-29,net_cashflows,EUR,0.1717376708984375,0,0,SCALAR_BEKK_INTERNAL
2018-10-29,net_cashflows,USD,0.1728973388671875,0,0,SCALAR_BEKK_INTERNAL
2018-10-30,funded_assets,EUR,0.6334686279296875,0,0,SCALAR_BEKK_INTERNAL
2018-10-30,funded_assets,USD,0.6319427490234375,0,0,SCALAR_BEKK_INTERNAL
2018-10-30,net_cashflows,EUR,0.593353271484375,0,0,SCALAR_BEKK_INTERNAL
2018-10-30,net_cashflows,USD,0.5908966064453125,0,0,SCALAR_BEKK_INTERNAL
2018-10-31,funded_assets,EUR,0.5257415771484375,0,0,SCALAR_BEKK_INTERNAL
2018-10-31,funded_assets,USD,0.526458740234375,0,0,SCALAR_BEKK_INTERNAL
2018-10-31,net_cashflows,EUR,0.4636383056640625,0,0,SCALAR_BEKK_INTERNAL
2018-10-31,net_cashflows,USD,0.4635162353515625,0,0,SCALAR_BEKK_INTERNAL
2018-11-01,funded_assets,EUR,0.2835845947265625,0,0,SCALAR_BEKK_INTERNAL
2018-11-01,funded_assets,USD,0.2835540771484375,0,0,SCALAR_BEKK_INTERNAL
2018-11-01,net_cashflows,EUR,0.1754608154296875,0,0,SCALAR_BEKK_INTERNAL
2018-11-01,net_cashflows,USD,0.1755828857421875,0,0,SCALAR_BEKK_INTERNAL
2018-11-02,funded_assets,EUR,0.750732421875,0,0,SCALAR_BEKK_INTERNAL
2018-11-02,funded_assets,USD,0.7495574951171875,0,0,SCALAR_BEKK_INTERNAL
2018-11-02,net_cashflows,EUR,0.55133056640625,0,0,SCALAR_BEKK_INTERNAL
2018-11-02,net_cashflows,USD,0.549285888671875,0,0,SCALAR_BEKK_INTERNAL
2018-11-05,funded_assets,EUR,0.7899627685546875,0,0,SCALAR_BEKK_INTERNAL
2018-11-05,funded_assets,USD,0.7927398681640625,0,0,SCALAR_BEKK_INTERNAL
2018-11-05,net_cashflows,EUR,0.65185546875,0,0,SCALAR_BEKK_INTERNAL
2018-11-05,net_cashflows,USD,0.65338134765625,0,0,SCALAR_BEKK_INTERNAL
2018-11-06,funded_assets,EUR,0.2585906982421875,0,0,SCALAR_BEKK_INTERNAL
2018-11-06,funded_assets,USD,0.256683349609375,0,0,SCALAR_BEKK_INTERNAL
2018-11-06,net_cashflows,EUR,0.1460418701171875,0,0,SCALAR_BEKK_INTERNAL
2018-11-06,net_cashflows,USD,0.1450653076171875,0,0,SCALAR_BEKK_INTERNAL
2018-11-07,funded_assets,EUR,0.10302734375,0,0,SCALAR_BEKK_INTERNAL
2018-11-07,funded_assets,USD,0.10504150390625,0,0,SCALAR_BEKK_INTERNAL
2018-11-07,net_cashflows,EUR,0.3828277587890625,0,0,SCALAR_BEKK_INTERNAL
2018-11-07,net_cashflows,USD,0.386962890625,0,0,SCALAR_BEKK_INTERNAL
2018-11-08,funded_assets,EUR,0.147003173828125,0,0,SCALAR_BEKK_INTERNAL
2018-11-08,funded_assets,USD,0.150543212890625,0,0,SCALAR_BEKK_INTERNAL
2018-11-08,net_cashflows,EUR,0.68548583984375,0,0,SCALAR_BEKK_INTERNAL
2018-11-08,net_cashflows,USD,0.68408203125,0,0,SCALAR_BEKK_INTERNAL
2018-11-09,funded_assets,EUR,0.3048248291015625,0,0,SCALAR_BEKK_INTERNAL
2018-11-09,funded_assets,USD,0.305816650390625,0,0,SCALAR_BEKK_INTERNAL
2018-11-09,net_cashflows,EUR,0.3064117431640625,0,0,SCALAR_BEKK_INTERNAL
2018-11-09,net_cashflows,USD,0.3074493408203125,0,0,SCALAR_BEKK_INTERNAL
2018-11-12,funded_assets,EUR,0.7602386474609375,0,0,SCALAR_BEKK_INTERNAL
2018-11-12,funded_assets,USD,0.7599945068359375,0,0,SCALAR_BEKK_INTERNAL
2018-11-12,net_cashflows,EUR,0.5359039306640625,0,0,SCALAR_BEKK_INTERNAL
2018-11-12,net_cashflows,USD,0.5352630615234375,0,0,SCALAR_BEKK_INTERNAL
2018-11-13,funded_assets,EUR,0.76776123046875,0,0,SCALAR_BEKK_INTERNAL
2018-11-13,funded_assets,USD,0.7682037353515625,0,0,SCALAR_BEKK_INTERNAL
2018-11-13,net_cashflows,EUR,0.931854248046875,0,0,SCALAR_BEKK_INTERNAL
2018-11-13,net_cashflows,USD,0.93194580078125,0,0,SCALAR_BEKK_INTERNAL
2018-11-14,funded_assets,EUR,0.799591064453125,0,0,SCALAR_BEKK_INTERNAL
2018-11-14,funded_assets,USD,0.80072021484375,0,0,SCALAR_BEKK_INTERNAL
2018-11-14,net_cashflows,EUR,0.4633636474609375,0,0,SCALAR_BEKK_INTERNAL
2018-11-14,net_cashflows,USD,0.4654083251953125,0,0,SCALAR_BEKK_INTERNAL
2018-11-15,funded_assets,EUR,0.8829803466796875,0,0,SCALAR_BEKK_INTERNAL
2018-11-15,funded_assets,USD,0.8849639892578125,0,0,SCALAR_BEKK_INTERNAL
2018-11-15,net_cashflows,EUR,0.9072113037109375,0,0,SCALAR_BEKK_INTERNAL
2018-11-15,net_cashflows,USD,0.9087677001953125,0,0,SCALAR_BEKK_INTERNAL
2018-11-16,funded_assets,EUR,0.1761932373046875,0,0,SCALAR_BEKK_INTERNAL
2018-11-16,funded_assets,USD,0.173583984375,0,0,SCALAR_BEKK_INTERNAL
2018-11-16,net_cashflows,EUR,0.8159942626953125,0,0,SCALAR_BEKK_INTERNAL
2018-11-16,net_cashflows,USD,0.816558837890625,0,0,SCALAR_BEKK_INTERNAL
2018-11-19,funded_assets,EUR,0.7284088134765625,0,0,SCALAR_BEKK_INTERNAL
2018-11-19,funded_assets,USD,0.7281341552734375,0,0,SCALAR_BEKK_INTERNAL
2018-11-19,net_cashflows,EUR,0.1936187744140625,0,0,SCALAR_BEKK_INTERNAL
2018-11-19,net_cashflows,USD,0.1931304931640625,0,0,SCALAR_BEKK_INTERNAL
2018-11-20,funded_assets,EUR,0.2895660400390625,0,0,SCALAR_BEKK_INTERNAL
2018-11-20,funded_assets,USD,0.2894287109375,0,0,SCALAR_BEKK_INTERNAL
2018-11-20,net_cashflows,EUR,0.434234619140625,0,0,SCALAR_BEKK_INTERNAL
2018-11-20,net_cashflows,USD,0.434417724609375,0,0,SCALAR_BEKK_INTERNAL
2018-11-21,funded_assets,EUR,0.138641357421875,0,0,SCALAR_BEKK_INTERNAL
2018-11-21,funded_assets,USD,0.13934326171875,0,0,SCALAR_BEKK_INTERNAL
2018-11-21,net_cashflows,EUR,0.5800933837890625,0,0,SCALAR_BEKK_INTERNAL
2018-11-21,net_cashflows,USD,0.580047607421875,0,0,SCALAR_BEKK_INTERNAL
2018-11-22,funded_assets,EUR,0.7069854736328125,0,0,SCALAR_BEKK_INTERNAL
2018-11-22,funded_assets,USD,0.7056884765625,0,0,SCALAR_BEKK_INTERNAL
2018-11-22,net_cashflows,EUR,0.270172119140625,0,0,SCALAR_BEKK_INTERNAL
2018-11-22,net_cashflows,USD,0.270477294921875,0,0,SCALAR_BEKK_INTERNAL
2018-11-23,funded_assets,EUR,0.4385528564453125,0,0,SCALAR_BEKK_INTERNAL
2018-11-23,funded_assets,USD,0.438140869140625,0,0,SCALAR_BEKK_INTERNAL
2018-11-23,net_cashflows,EUR,0.43609619140625,0,0,SCALAR_BEKK_INTERNAL
2018-11-23,net_cashflows,USD,0.4368743896484375,0,0,SCALAR_BEKK_INTERNAL
2018-11-26,funded_assets,EUR,0.143463134765625,0,0,SCALAR_BEKK_INTERNAL
2018-11-26,funded_assets,USD,0.1439666748046875,0,0,SCALAR_BEKK_INTERNAL
2018-11-26,net_cashflows,EUR,0.3226470947265625,0,0,SCALAR_BEKK_INTERNAL
2018-11-26,net_cashflows,USD,0.3239593505859375,0,0,SCALAR_BEKK_INTERNAL
2018-11-27,funded_assets,EUR,0.973968505859375,0,0,SCALAR_BEKK_INTERNAL
2018-11-27,funded_assets,USD,0.973236083984375,0,0,SCALAR_BEKK_INTERNAL
2018-11-27,net_cashflows,EUR,0.869171142578125,0,0,SCALAR_BEKK_INTERNAL
2018-11-27,net_cashflows,USD,0.8692169189453125,0,0,SCALAR_BEKK_INTERNAL
2018-11-28,funded_assets,EUR,0.4451446533203125,0,0,SCALAR_BEKK_INTERNAL
2018-11-28,funded_assets,USD,0.4427490234375,0,0,SCALAR_BEKK_INTERNAL
2018-11-28,net_cashflows,EUR,0.276763916015625,0,0,SCALAR_BEKK_INTERNAL
2018-11-28,net_cashflows,USD,0.274200439453125,0,0,SCALAR_BEKK_INTERNAL
2018-11-29,funded_assets,EUR,0.3506011962890625,0,0,SCALAR_BEKK_INTERNAL
2018-11-29,funded_assets,USD,0.351318359375,0,0,SCALAR_BEKK_INTERNAL
2018-11-29,net_cashflows,EUR,0.529144287109375,0,0,SCALAR_BEKK_INTERNAL
2018-11-29,net_cashflows,USD,0.529541015625,0,0,SCALAR_BEKK_INTERNAL
2018-11-30,funded_assets,EUR,0.720855712890625,0,0,SCALAR_BEKK_INTERNAL
2018-11-30,funded_assets,USD,0.7202911376953125,0,0,SCALAR_BEKK_INTERNAL
2018-11-30,net_cashflows,EUR,0.837310791015625,0,0,SCALAR_BEKK_INTERNAL
2018-11-30,net_cashflows,USD,0.837982177734375,0,0,SCALAR_BEKK_INTERNAL
2018-12-03,funded_assets,EUR,0.199615478515625,0,0,SCALAR_BEKK_INTERNAL
2018-12-03,funded_assets,USD,0.19757080078125,0,0,SCALAR_BEKK_INTERNAL
2018-12-03,net_cashflows,EUR,0.345184326171875,0,0,SCALAR_BEKK_INTERNAL
2018-12-03,net_cashflows,USD,0.3428497314453125,0,0,SCALAR_BEKK_INTERNAL
2018-12-04,funded_assets,EUR,0.3785400390625,0,0,SCALAR_BEKK_INTERNAL
2018-12-04,funded_assets,USD,0.3789825439453125,0,0,SCALAR_BEKK_INTERNAL
2018-12-04,net_cashflows,EUR,0.6829986572265625,0,0,SCALAR_BEKK_INTERNAL
2018-12-04,net_cashflows,USD,0.68212890625,0,0,SCALAR_BEKK_INTERNAL
2018-12-05,funded_assets,EUR,0.668670654296875,0,0,SCALAR_BEKK_INTERNAL
2018-12-05,funded_assets,USD,0.6685943603515625,0,0,SCALAR_BEKK_INTERNAL
2018-12-05,net_cashflows,EUR,0.549163818359375,0,0,SCALAR_BEKK_INTERNAL
2018-12-05,net_cashflows,USD,0.5494842529296875,0,0,SCALAR_BEKK_INTERNAL
2018-12-06,funded_assets,EUR,0.9312286376953125,0,0,SCALAR_BEKK_INTERNAL
2018-12-06,funded_assets,USD,0.9312286376953125,0,0,SCALAR_BEKK_INTERNAL
2018-12-06,net_cashflows,EUR,0.84368896484375,0,0,SCALAR_BEKK_INTERNAL
2018-12-06,net_cashflows,USD,0.844757080078125,0,0,SCALAR_BEKK_INTERNAL
2018-12-07,funded_assets,EUR,0.249908447265625,0,0,SCALAR_BEKK_INTERNAL
2018-12-07,funded_assets,USD,0.2469940185546875,0,0,SCALAR_BEKK_INTERNAL
2018-12-07,net_cashflows,EUR,0.3775177001953125,0,0,SCALAR_BEKK_INTERNAL
2018-12-07,net_cashflows,USD,0.37579345703125,0,0,SCALAR_BEKK_INTERNAL
2018-12-10,funded_assets,EUR,0.46392822265625,0,0,SCALAR_BEKK_INTERNAL
2018-12-10,funded_assets,USD,0.464996337890625,0,0,SCALAR_BEKK_INTERNAL
2018-12-10,net_cashflows,EUR,0.2204132080078125,0,0,SCALAR_BEKK_INTERNAL
2018-12-10,net_cashflows,USD,0.2216949462890625,0,0,SCALAR_BEKK_INTERNAL
2018-12-11,funded_assets,EUR,0.5668182373046875,0,0,SCALAR_BEKK_INTERNAL
2018-12-11,funded_assets,USD,0.566802978515625,0,0,SCALAR_BEKK_INTERNAL
2018-12-11,net_cashflows,EUR,0.439483642578125,0,0,SCALAR_BEKK_INTERNAL
2018-12-11,net_cashflows,USD,0.438690185546875,0,0,SCALAR_BEKK_INTERNAL
2018-12-12,funded_assets,EUR,0.0974578857421875,0,0,SCALAR_BEKK_INTERNAL
2018-12-12,funded_assets,USD,0.0973052978515625,0,0,SCALAR_BEKK_INTERNAL
2018-12-12,net_cashflows,EUR,0.450531005859375,0,0,SCALAR_BEKK_INTERNAL
2018-12-12,net_cashflows,USD,0.451385498046875,0,0,SCALAR_BEKK_INTERNAL
2018-12-13,funded_assets,EUR,0.7373809814453125,0,0,SCALAR_BEKK_INTERNAL
2018-12-13,funded_assets,USD,0.7341156005859375,0,0,SCALAR_BEKK_INTERNAL
2018-12-13,net_cashflows,EUR,0.734344482421875,0,0,SCALAR_BEKK_INTERNAL
2018-12-13,net_cashflows,USD,0.7334442138671875,0,0,SCALAR_BEKK_INTERNAL
2018-12-14,funded_assets,EUR,0.47137451171875,0,0,SCALAR_BEKK_INTERNAL
2018-12-14,funded_assets,USD,0.471923828125,0,0,SCALAR_BEKK_INTERNAL
2018-12-14,net_cashflows,EUR,0.8142852783203125,0,0,SCALAR_BEKK_INTERNAL
2018-12-14,net_cashflows,USD,0.81610107421875,0,0,SCALAR_BEKK_INTERNAL
2018-12-17,funded_assets,EUR,0.8717193603515625,0,0,SCALAR_BEKK_INTERNAL
2018-12-17,funded_assets,USD,0.87200927734375,0,0,SCALAR_BEKK_INTERNAL
2018-12-17,net_cashflows,EUR,0.5534515380859375,0,0,SCALAR_BEKK_INTERNAL
2018-12-17,net_cashflows,USD,0.5547943115234375,0,0,SCALAR_BEKK_INTERNAL
2018-12-18,funded_assets,EUR,0.600921630859375,0,0,SCALAR_BEKK_INTERNAL
2018-12-18,funded_assets,USD,0.603607177734375,0,0,SCALAR_BEKK_INTERNAL
2018-12-18,net_cashflows,EUR,0.8150482177734375,0,0,SCALAR_BEKK_INTERNAL
2018-12-18,net_cashflows,USD,0.8164215087890625,0,0,SCALAR_BEKK_INTERNAL
2018-12-19,funded_assets,EUR,0.1527252197265625,0,0,SCALAR_BEKK_INTERNAL
2018-12-19,funded_assets,USD,0.1514129638671875,0,0,SCALAR_BEKK_INTERNAL
2018-12-19,net_cashflows,EUR,0.7145843505859375,0,0,SCALAR_BEKK_INTERNAL
2018-12-19,net_cashflows,USD,0.7134246826171875,0,0,SCALAR_BEKK_INTERNAL
2018-12-20,funded_assets,EUR,0.3034210205078125,0,0,SCALAR_BEKK_INTERNAL
2018-12-20,funded_assets,USD,0.3036346435546875,0,0,SCALAR_BEKK_INTERNAL
2018-12-20,net_cashflows,EUR,0.6538848876953125,0,0,SCALAR_BEKK_INTERNAL
2018-12-20,net_cashflows,USD,0.6529541015625,0,0,SCALAR_BEKK_INTERNAL
2018-12-21,funded_assets,EUR,0.271942138671875,0,0,SCALAR_BEKK_INTERNAL
2018-12-21,funded_assets,USD,0.2724761962890625,0,0,SCALAR_BEKK_INTERNAL
2018-12-21,net_cashflows,EUR,0.568634033203125,0,0,SCALAR_BEKK_INTERNAL
2018-12-21,net_cashflows,USD,0.5678558349609375,0,0,SCALAR_BEKK_INTERNAL
2018-12-24,funded_assets,EUR,0.6951446533203125,0,0,SCALAR_BEKK_INTERNAL
2018-12-24,funded_assets,USD,0.6942596435546875,0,0,SCALAR_BEKK_INTERNAL
2018-12-24,net_cashflows,EUR,0.9195556640625,0,0,SCALAR_BEKK_INTERNAL
2018-12-24,net_cashflows,USD,0.9197998046875,0,0,SCALAR_BEKK_INTERNAL
2018-12-27,funded_assets,EUR,0.217864990234375,0,0,SCALAR_BEKK_INTERNAL
2018-12-27,funded_assets,USD,0.2156524658203125,0,0,SCALAR_BEKK_INTERNAL
2018-12-27,net_cashflows,EUR,0.414306640625,0,0,SCALAR_BEKK_INTERNAL
2018-12-27,net_cashflows,USD,0.413421630859375,0,0,SCALAR_BEKK_INTERNAL
2018-12-28,funded_assets,EUR,0.1783599853515625,0,0,SCALAR_BEKK_INTERNAL
2018-12-28,funded_assets,USD,0.1793975830078125,0,0,SCALAR_BEKK_INTERNAL
2018-12-28,net_cashflows,EUR,0.91741943359375,0,0,SCALAR_BEKK_INTERNAL
2018-12-28,net_cashflows,USD,0.915985107421875,0,0,SCALAR_BEKK_INTERNAL
2018-12-31,funded_assets,EUR,0.0587005615234375,0,0,SCALAR_BEKK_INTERNAL
2018-12-31,funded_assets,USD,0.059661865234375,0,0,SCALAR_BEKK_INTERNAL
2018-12-31,net_cashflows,EUR,0.949554443359375,0,0,SCALAR_BEKK_INTERNAL
2018-12-31,net_cashflows,USD,0.94732666015625,0,0,SCALAR_BEKK_INTERNAL
2019-01-02,funded_assets,EUR,0.847259521484375,0,0,SCALAR_BEKK_INTERNAL
2019-01-02,funded_assets,USD,0.8447723388671875,0,0,SCALAR_BEKK_INTERNAL
2019-01-02,net_cashflows,EUR,0.2353515625,0,0,SCALAR_BEKK_INTERNAL
2019-01-02,net_cashflows,USD,0.2374267578125,0,0,SCALAR_BEKK_INTERNAL
2019-01-03,funded_assets,EUR,0.6251678466796875,0,0,SCALAR_BEKK_INTERNAL
2019-01-03,funded_assets,USD,0.62744140625,0,0,SCALAR_BEKK_INTERNAL
2019-01-03,net_cashflows,EUR,0.50018310546875,0,0,SCALAR_BEKK_INTERNAL
2019-01-03,net_cashflows,USD,0.499237060546875,0,0,SCALAR_BEKK_INTERNAL
2019-01-04,funded_assets,EUR,0.6563568115234375,0,0,SCALAR_BEKK_INTERNAL
2019-01-04,funded_assets,USD,0.656524658203125,0,0,SCALAR_BEKK_INTERNAL
2019-01-04,net_cashflows,EUR,0.233489990234375,0,0,SCALAR_BEKK_INTERNAL
2019-01-04,net_cashflows,USD,0.232330322265625,0,0,SCALAR_BEKK_INTERNAL
2019-01-07,funded_assets,EUR,0.662933349609375,0,0,SCALAR_BEKK_INTERNAL
2019-01-07,funded_assets,USD,0.66314697265625,0,0,SCALAR_BEKK_INTERNAL
2019-01-07,net_cashflows,EUR,0.536224365234375,0,0,SCALAR_BEKK_INTERNAL
2019-01-07,net_cashflows,USD,0.5361175537109375,0,0,SCALAR_BEKK_INTERNAL
2019-01-08,funded_assets,EUR,0.8989715576171875,0,0,SCALAR_BEKK_INTERNAL
2019-01-08,funded_assets,USD,0.8997955322265625,0,0,SCALAR_BEKK_INTERNAL
2019-01-08,net_cashflows,EUR,0.8748931884765625,0,0,SCALAR_BEKK_INTERNAL
2019-01-08,net_cashflows,USD,0.8765411376953125,0,0,SCALAR_BEKK_INTERNAL
2019-01-09,funded_assets,EUR,0.55859375,0,0,SCALAR_BEKK_INTERNAL
2019-01-09,funded_assets,USD,0.55889892578125,0,0,SCALAR_BEKK_INTERNAL
2019-01-09,net_cashflows,EUR,0.184478759765625,0,0,SCALAR_BEKK_INTERNAL
2019-01-09,net_cashflows,USD,0.1827392578125,0,0,SCALAR_BEKK_INTERNAL
2019-01-10,funded_assets,EUR,0.0259246826171875,0,0,SCALAR_BEKK_INTERNAL
2019-01-10,funded_assets,USD,0.0257110595703125,0,0,SCALAR_BEKK_INTERNAL
2019-01-10,net_cashflows,EUR,0.587554931640625,0,0,SCALAR_BEKK_INTERNAL
2019-01-10,net_cashflows,USD,0.5892791748046875,0,0,SCALAR_BEKK_INTERNAL
2019-01-11,funded_assets,EUR,0.3468780517578125,0,0,SCALAR_BEKK_INTERNAL
2019-01-11,funded_assets,USD,0.3514251708984375,0,0,SCALAR_BEKK_INTERNAL
2019-01-11,net_cashflows,EUR,0.162109375,0,0,SCALAR_BEKK_INTERNAL
2019-01-11,net_cashflows,USD,0.1635589599609375,0,0,SCALAR_BEKK_INTERNAL
2019-01-14,funded_assets,EUR,0.2613677978515625,0,0,SCALAR_BEKK_INTERNAL
2019-01-14,funded_assets,USD,0.262481689453125,0,0,SCALAR_BEKK_INTERNAL
2019-01-14,net_cashflows,EUR,0.2353363037109375,0,0,SCALAR_BEKK_INTERNAL
2019-01-14,net_cashflows,USD,0.237457275390625,0,0,SCALAR_BEKK_INTERNAL
2019-01-15,funded_assets,EUR,0.5392608642578125,0,0,SCALAR_BEKK_INTERNAL
2019-01-15,funded_assets,USD,0.539215087890625,0,0,SCALAR_BEKK_INTERNAL
2019-01-15,net_cashflows,EUR,0.3172607421875,0,0,SCALAR_BEKK_INTERNAL
2019-01-15,net_cashflows,USD,0.317352294921875,0,0,SCALAR_BEKK_INTERNAL
2019-01-16,funded_assets,EUR,0.723724365234375,0,0,SCALAR_BEKK_INTERNAL
2019-01-16,funded_assets,USD,0.7236328125,0,0,SCALAR_BEKK_INTERNAL
2019-01-16,net_cashflows,EUR,0.14642333984375,0,0,SCALAR_BEKK_INTERNAL
2019-01-16,net_cashflows,USD,0.1454010009765625,0,0,SCALAR_BEKK_INTERNAL
2019-01-17,funded_assets,EUR,0.4470672607421875,0,0,SCALAR_BEKK_INTERNAL
2019-01-17,funded_assets,USD,0.4463958740234375,0,0,SCALAR_BEKK_INTERNAL
2019-01-17,net_cashflows,EUR,0.3161773681640625,0,0,SCALAR_BEKK_INTERNAL
2019-01-17,net_cashflows,USD,0.3176116943359375,0,0,SCALAR_BEKK_INTERNAL
2019-01-18,funded_assets,EUR,0.2574310302734375,0,0,SCALAR_BEKK_INTERNAL
2019-01-18,funded_assets,USD,0.257965087890625,0,0,SCALAR_BEKK_INTERNAL
2019-01-18,net_cashflows,EUR,0.6043701171875,0,0,SCALAR_BEKK_INTERNAL
2019-01-18,net_cashflows,USD,0.6041259765625,0,0,SCALAR_BEKK_INTERNAL
2019-01-21,funded_assets,EUR,0.3951263427734375,0,0,SCALAR_BEKK_INTERNAL
2019-01-21,funded_assets,USD,0.3944244384765625,0,0,SCALAR_BEKK_INTERNAL
2019-01-21,net_cashflows,EUR,0.21142578125,0,0,SCALAR_BEKK_INTERNAL
2019-01-21,net_cashflows,USD,0.21087646484375,0,0,SCALAR_BEKK_INTERNAL
2019-01-22,funded_assets,EUR,0.208251953125,0,0,SCALAR_BEKK_INTERNAL
2019-01-22,funded_assets,USD,0.20794677734375,0,0,SCALAR_BEKK_INTERNAL
2019-01-22,net_cashflows,EUR,0.6033782958984375,0,0,SCALAR_BEKK_INTERNAL
2019-01-22,net_cashflows,USD,0.6041412353515625,0,0,SCALAR_BEKK_INTERNAL
2019-01-23,funded_assets,EUR,0.4871978759765625,0,0,SCALAR_BEKK_INTERNAL
2019-01-23,funded_assets,USD,0.4870147705078125,0,0,SCALAR_BEKK_INTERNAL
2019-01-23,net_cashflows,EUR,0.2239837646484375,0,0,SCALAR_BEKK_INTERNAL
2019-01-23,net_cashflows,USD,0.2239227294921875,0,0,SCALAR_BEKK_INTERNAL
2019-01-24,funded_assets,EUR,0.8590087890625,0,0,SCALAR_BEKK_INTERNAL
2019-01-24,funded_assets,USD,0.8595733642578125,0,0,SCALAR_BEKK_INTERNAL
2019-01-24,net_cashflows,EUR,0.83056640625,0,0,SCALAR_BEKK_INTERNAL
2019-01-24,net_cashflows,USD,0.8305511474609375,0,0,SCALAR_BEKK_INTERNAL
2019-01-25,funded_assets,EUR,0.548065185546875,0,0,SCALAR_BEKK_INTERNAL
2019-01-25,funded_assets,USD,0.5484771728515625,0,0,SCALAR_BEKK_INTERNAL
2019-01-25,net_cashflows,EUR,0.3791351318359375,0,0,SCALAR_BEKK_INTERNAL
2019-01-25,net_cashflows,USD,0.3784942626953125,0,0,SCALAR_BEKK_INTERNAL
2019-01-28,funded_assets,EUR,0.84051513671875,0,0,SCALAR_BEKK_INTERNAL
2019-01-28,funded_assets,USD,0.83990478515625,0,0,SCALAR_BEKK_INTERNAL
2019-01-28,net_cashflows,EUR,0.4873504638671875,0,0,SCALAR_BEKK_INTERNAL
2019-01-28,net_cashflows,USD,0.4870147705078125,0,0,SCALAR_BEKK_INTERNAL
2019-01-29,funded_assets,EUR,0.7026824951171875,0,0,SCALAR_BEKK_INTERNAL
2019-01-29,funded_assets,USD,0.705078125,0,0,SCALAR_BEKK_INTERNAL
2019-01-29,net_cashflows,EUR,0.9088287353515625,0,0,SCALAR_BEKK_INTERNAL
2019-01-29,net_cashflows,USD,0.9094390869140625,0,0,SCALAR_BEKK_INTERNAL
2019-01-30,funded_assets,EUR,0.5655975341796875,0,0,SCALAR_BEKK_INTERNAL
2019-01-30,funded_assets,USD,0.56549072265625,0,0,SCALAR_BEKK_INTERNAL
2019-01-30,net_cashflows,EUR,0.4503173828125,0,0,SCALAR_BEKK_INTERNAL
2019-01-30,net_cashflows,USD,0.449676513671875,0,0,SCALAR_BEKK_INTERNAL
2019-01-31,funded_assets,EUR,0.6485595703125,0,0,SCALAR_BEKK_INTERNAL
2019-01-31,funded_assets,USD,0.647796630859375,0,0,SCALAR_BEKK_INTERNAL
2019-01-31,net_cashflows,EUR,0.0538787841796875,0,0,SCALAR_BEKK_INTERNAL
2019-01-31,net_cashflows,USD,0.053741455078125,0,0,SCALAR_BEKK_INTERNAL
2019-02-01,funded_assets,EUR,0.488128662109375,0,0,SCALAR_BEKK_INTERNAL
2019-02-01,funded_assets,USD,0.4876861572265625,0,0,SCALAR_BEKK_INTERNAL
2019-02-01,net_cashflows,EUR,0.409271240234375,0,0,SCALAR_BEKK_INTERNAL
2019-02-01,net_cashflows,USD,0.4111480712890625,0,0,SCALAR_BEKK_INTERNAL
2019-02-04,funded_assets,EUR,0.2183685302734375,0,0,SCALAR_BEKK_INTERNAL
2019-02-04,funded_assets,USD,0.21875,0,0,SCALAR_BEKK_INTERNAL
2019-02-04,net_cashflows,EUR,0.7007904052734375,0,0,SCALAR_BEKK_INTERNAL
2019-02-04,net_cashflows,USD,0.699981689453125,0,0,SCALAR_BEKK_INTERNAL
2019-02-05,funded_assets,EUR,0.1351470947265625,0,0,SCALAR_BEKK_INTERNAL
2019-02-05,funded_assets,USD,0.1363372802734375,0,0,SCALAR_BEKK_INTERNAL
2019-02-05,net_cashflows,EUR,0.5670623779296875,0,0,SCALAR_BEKK_INTERNAL
2019-02-05,net_cashflows,USD,0.565704345703125,0,0,SCALAR_BEKK_INTERNAL
2019-02-06,funded_assets,EUR,0.4539031982421875,0,0,SCALAR_BEKK_INTERNAL
2019-02-06,funded_assets,USD,0.4540557861328125,0,0,SCALAR_BEKK_INTERNAL
2019-02-06,net_cashflows,EUR,0.37603759765625,0,0,SCALAR_BEKK_INTERNAL
2019-02-06,net_cashflows,USD,0.376220703125,0,0,SCALAR_BEKK_INTERNAL
2019-02-07,funded_assets,EUR,0.4444427490234375,0,0,SCALAR_BEKK_INTERNAL
2019-02-07,funded_assets,USD,0.444580078125,0,0,SCALAR_BEKK_INTERNAL
2019-02-07,net_cashflows,EUR,0.279876708984375,0,0,SCALAR_BEKK_INTERNAL
2019-02-07,net_cashflows,USD,0.2803802490234375,0,0,SCALAR_BEKK_INTERNAL
2019-02-08,funded_assets,EUR,0.610595703125,0,0,SCALAR_BEKK_INTERNAL
2019-02-08,funded_assets,USD,0.61041259765625,0,0,SCALAR_BEKK_INTERNAL
2019-02-08,net_cashflows,EUR,0.3014678955078125,0,0,SCALAR_BEKK_INTERNAL
2019-02-08,net_cashflows,USD,0.3021697998046875,0,0,SCALAR_BEKK_INTERNAL
2019-02-11,funded_assets,EUR,0.579437255859375,0,0,SCALAR_BEKK_INTERNAL
2019-02-11,funded_assets,USD,0.579498291015625,0,0,SCALAR_BEKK_INTERNAL
2019-02-11,net_cashflows,EUR,0.33746337890625,0,0,SCALAR_BEKK_INTERNAL
2019-02-11,net_cashflows,USD,0.3368988037109375,0,0,SCALAR_BEKK_INTERNAL
2019-02-12,funded_assets,EUR,0.5272979736328125,0,0,SCALAR_BEKK_INTERNAL
2019-02-12,funded_assets,USD,0.527099609375,0,0,SCALAR_BEKK_INTERNAL
2019-02-12,net_cashflows,EUR,0.3666534423828125,0,0,SCALAR_BEKK_INTERNAL
2019-02-12,net_cashflows,USD,0.36749267578125,0,0,SCALAR_BEKK_INTERNAL
2019-02-13,funded_assets,EUR,0.2380828857421875,0,0,SCALAR_BEKK_INTERNAL
2019-02-13,funded_assets,USD,0.23822021484375,0,0,SCALAR_BEKK_INTERNAL
2019-02-13,net_cashflows,EUR,0.8165130615234375,0,0,SCALAR_BEKK_INTERNAL
2019-02-13,net_cashflows,USD,0.815338134765625,0,0,SCALAR_BEKK_INTERNAL
2019-02-14,funded_assets,EUR,0.811981201171875,0,0,SCALAR_BEKK_INTERNAL
2019-02-14,funded_assets,USD,0.811431884765625,0,0,SCALAR_BEKK_INTERNAL
2019-02-14,net_cashflows,EUR,0.459930419921875,0,0,SCALAR_BEKK_INTERNAL
2019-02-14,net_cashflows,USD,0.46197509765625,0,0,SCALAR_BEKK_INTERNAL
2019-02-15,funded_assets,EUR,0.21142578125,0,0,SCALAR_BEKK_INTERNAL
2019-02-15,funded_assets,USD,0.20953369140625,0,0,SCALAR_BEKK_INTERNAL
2019-02-15,net_cashflows,EUR,0.279754638671875,0,0,SCALAR_BEKK_INTERNAL
2019-02-15,net_cashflows,USD,0.2791290283203125,0,0,SCALAR_BEKK_INTERNAL
2019-02-18,funded_assets,EUR,0.6651153564453125,0,0,SCALAR_BEKK_INTERNAL
2019-02-18,funded_assets,USD,0.6638641357421875,0,0,SCALAR_BEKK_INTERNAL
2019-02-18,net_cashflows,EUR,0.5708465576171875,0,0,SCALAR_BEKK_INTERNAL
2019-02-18,net_cashflows,USD,0.5696258544921875,0,0,SCALAR_BEKK_INTERNAL
2019-02-19,funded_assets,EUR,0.5863189697265625,0,0,SCALAR_BEKK_INTERNAL
2019-02-19,funded_assets,USD,0.5867767333984375,0,0,SCALAR_BEKK_INTERNAL
2019-02-19,net_cashflows,EUR,0.421051025390625,0,0,SCALAR_BEKK_INTERNAL
2019-02-19,net_cashflows,USD,0.420501708984375,0,0,SCALAR_BEKK_INTERNAL
2019-02-20,funded_assets,EUR,0.500213623046875,0,0,SCALAR_BEKK_INTERNAL
2019-02-20,funded_assets,USD,0.49993896484375,0,0,SCALAR_BEKK_INTERNAL
2019-02-20,net_cashflows,EUR,0.5444183349609375,0,0,SCALAR_BEKK_INTERNAL
2019-02-20,net_cashflows,USD,0.5446014404296875,0,0,SCALAR_BEKK_INTERNAL
2019-02-21,funded_assets,EUR,0.4959716796875,0,0,SCALAR_BEKK_INTERNAL
2019-02-21,funded_assets,USD,0.49591064453125,0,0,SCALAR_BEKK_INTERNAL
2019-02-21,net_cashflows,EUR,0.5062255859375,0,0,SCALAR_BEKK_INTERNAL
2019-02-21,net_cashflows,USD,0.5062255859375,0,0,SCALAR_BEKK_INTERNAL
2019-02-22,funded_assets,EUR,0.3337554931640625,0,0,SCALAR_BEKK_INTERNAL
2019-02-22,funded_assets,USD,0.3330078125,0,0,SCALAR_BEKK_INTERNAL
2019-02-22,net_cashflows,EUR,0.23284912109375,0,0,SCALAR_BEKK_INTERNAL
2019-02-22,net_cashflows,USD,0.2317657470703125,0,0,SCALAR_BEKK_INTERNAL
2019-02-25,funded_assets,EUR,0.3116302490234375,0,0,SCALAR_BEKK_INTERNAL
2019-02-25,funded_assets,USD,0.3106231689453125,0,0,SCALAR_BEKK_INTERNAL
2019-02-25,net_cashflows,EUR,0.624176025390625,0,0,SCALAR_BEKK_INTERNAL
2019-02-25,net_cashflows,USD,0.6237030029296875,0,0,SCALAR_BEKK_INTERNAL
2019-02-26,funded_assets,EUR,0.7816162109375,0,0,SCALAR_BEKK_INTERNAL
2019-02-26,funded_assets,USD,0.7818145751953125,0,0,SCALAR_BEKK_INTERNAL
2019-02-26,net_cashflows,EUR,0.6020050048828125,0,0,SCALAR_BEKK_INTERNAL
2019-02-26,net_cashflows,USD,0.6025390625,0,0,SCALAR_BEKK_INTERNAL
2019-02-27,funded_assets,EUR,0.760040283203125,0,0,SCALAR_BEKK_INTERNAL
2019-02-27,funded_assets,USD,0.758819580078125,0,0,SCALAR_BEKK_INTERNAL
2019-02-27,net_cashflows,EUR,0.0481414794921875,0,0,SCALAR_BEKK_INTERNAL
2019-02-27,net_cashflows,USD,0.047393798828125,0,0,SCALAR_BEKK_INTERNAL
2019-02-28,funded_assets,EUR,0.1959228515625,0,0,SCALAR_BEKK_INTERNAL
2019-02-28,funded_assets,USD,0.1960906982421875,0,0,SCALAR_BEKK_INTERNAL
2019-02-28,net_cashflows,EUR,0.3743438720703125,0,0,SCALAR_BEKK_INTERNAL
2019-02-28,net_cashflows,USD,0.3778533935546875,0,0,SCALAR_BEKK_INTERNAL
2019-03-01,funded_assets,EUR,0.64642333984375,0,0,SCALAR_BEKK_INTERNAL
2019-03-01,funded_assets,USD,0.646087646484375,0,0,SCALAR_BEKK_INTERNAL
2019-03-01,net_cashflows,EUR,0.6648406982421875,0,0,SCALAR_BEKK_INTERNAL
2019-03-01,net_cashflows,USD,0.6640777587890625,0,0,SCALAR_BEKK_INTERNAL
2019-03-04,funded_assets,EUR,0.2588043212890625,0,0,SCALAR_BEKK_INTERNAL
2019-03-04,funded_assets,USD,0.2587432861328125,0,0,SCALAR_BEKK_INTERNAL
2019-03-04,net_cashflows,EUR,0.3695526123046875,0,0,SCALAR_BEKK_INTERNAL
2019-03-04,net_cashflows,USD,0.3695526123046875,0,0,SCALAR_BEKK_INTERNAL
2019-03-05,funded_assets,EUR,0.2625274658203125,0,0,SCALAR_BEKK_INTERNAL
2019-03-05,funded_assets,USD,0.263427734375,0,0,SCALAR_BEKK_INTERNAL
2019-03-05,net_cashflows,EUR,0.4621734619140625,0,0,SCALAR_BEKK_INTERNAL
2019-03-05,net_cashflows,USD,0.462738037109375,0,0,SCALAR_BEKK_INTERNAL
2019-03-06,funded_assets,EUR,0.0968170166015625,0,0,SCALAR_BEKK_INTERNAL
2019-03-06,funded_assets,USD,0.0974884033203125,0,0,SCALAR_BEKK_INTERNAL
2019-03-06,net_cashflows,EUR,0.8144683837890625,0,0,SCALAR_BEKK_INTERNAL
2019-03-06,net_cashflows,USD,0.81268310546875,0,0,SCALAR_BEKK_INTERNAL
2019-03-07,funded_assets,EUR,0.7904510498046875,0,0,SCALAR_BEKK_INTERNAL
2019-03-07,funded_assets,USD,0.78875732421875,0,0,SCALAR_BEKK_INTERNAL
2019-03-07,net_cashflows,EUR,0.5571136474609375,0,0,SCALAR_BEKK_INTERNAL
2019-03-07,net_cashflows,USD,0.5575103759765625,0,0,SCALAR_BEKK_INTERNAL
2019-03-08,funded_assets,EUR,0.702301025390625,0,0,SCALAR_BEKK_INTERNAL
2019-03-08,funded_assets,USD,0.7038116455078125,0,0,SCALAR_BEKK_INTERNAL
2019-03-08,net_cashflows,EUR,0.457366943359375,0,0,SCALAR_BEKK_INTERNAL
2019-03-08,net_cashflows,USD,0.4571533203125,0,0,SCALAR_BEKK_INTERNAL
2019-03-11,funded_assets,EUR,0.656951904296875,0,0,SCALAR_BEKK_INTERNAL
2019-03-11,funded_assets,USD,0.6580352783203125,0,0,SCALAR_BEKK_INTERNAL
2019-03-11,net_cashflows,EUR,0.3333892822265625,0,0,SCALAR_BEKK_INTERNAL
2019-03-11,net_cashflows,USD,0.3323516845703125,0,0,SCALAR_BEKK_INTERNAL
2019-03-12,funded_assets,EUR,0.24658203125,0,0,SCALAR_BEKK_INTERNAL
2019-03-12,funded_assets,USD,0.2456512451171875,0,0,SCALAR_BEKK_INTERNAL
2019-03-12,net_cashflows,EUR,0.2857818603515625,0,0,SCALAR_BEKK_INTERNAL
2019-03-12,net_cashflows,USD,0.285186767578125,0,0,SCALAR_BEKK_INTERNAL
2019-03-13,funded_assets,EUR,0.658966064453125,0,0,SCALAR_BEKK_INTERNAL
2019-03-13,funded_assets,USD,0.658599853515625,0,0,SCALAR_BEKK_INTERNAL
2019-03-13,net_cashflows,EUR,0.5748291015625,0,0,SCALAR_BEKK_INTERNAL
2019-03-13,net_cashflows,USD,0.5745391845703125,0,0,SCALAR_BEKK_INTERNAL
2019-03-14,funded_assets,EUR,0.7848052978515625,0,0,SCALAR_BEKK_INTERNAL
2019-03-14,funded_assets,USD,0.78558349609375,0,0,SCALAR_BEKK_INTERNAL
2019-03-14,net_cashflows,EUR,0.66485595703125,0,0,SCALAR_BEKK_INTERNAL
2019-03-14,net_cashflows,USD,0.6658935546875,0,0,SCALAR_BEKK_INTERNAL
2019-03-15,funded_assets,EUR,0.4837493896484375,0,0,SCALAR_BEKK_INTERNAL
2019-03-15,funded_assets,USD,0.4840545654296875,0,0,SCALAR_BEKK_INTERNAL
2019-03-15,net_cashflows,EUR,0.5417022705078125,0,0,SCALAR_BEKK_INTERNAL
2019-03-15,net_cashflows,USD,0.5419921875,0,0,SCALAR_BEKK_INTERNAL
2019-03-18,funded_assets,EUR,0.7283477783203125,0,0,SCALAR_BEKK_INTERNAL
2019-03-18,funded_assets,USD,0.728057861328125,0,0,SCALAR_BEKK_INTERNAL
2019-03-18,net_cashflows,EUR,0.674591064453125,0,0,SCALAR_BEKK_INTERNAL
2019-03-18,net_cashflows,USD,0.67449951171875,0,0,SCALAR_BEKK_INTERNAL
2019-03-19,funded_assets,EUR,0.471923828125,0,0,SCALAR_BEKK_INTERNAL
2019-03-19,funded_assets,USD,0.4725799560546875,0,0,SCALAR_BEKK_INTERNAL
2019-03-19,net_cashflows,EUR,0.96002197265625,0,0,SCALAR_BEKK_INTERNAL
2019-03-19,net_cashflows,USD,0.9597930908203125,0,0,SCALAR_BEKK_INTERNAL
2019-03-20,funded_assets,EUR,0.0111541748046875,0,0,SCALAR_BEKK_INTERNAL
2019-03-20,funded_assets,USD,0.010986328125,0,0,SCALAR_BEKK_INTERNAL
2019-03-20,net_cashflows,EUR,0.6040802001953125,0,0,SCALAR_BEKK_INTERNAL
2019-03-20,net_cashflows,USD,0.598388671875,0,0,SCALAR_BEKK_INTERNAL
2019-03-21,funded_assets,EUR,0.473052978515625,0,0,SCALAR_BEKK_INTERNAL
2019-03-21,funded_assets,USD,0.470855712890625,0,0,SCALAR_BEKK_INTERNAL
2019-03-21,net_cashflows,EUR,0.6019744873046875,0,0,SCALAR_BEKK_INTERNAL
2019-03-21,net_cashflows,USD,0.60150146484375,0,0,SCALAR_BEKK_INTERNAL
2019-03-22,funded_assets,EUR,0.2933349609375,0,0,SCALAR_BEKK_INTERNAL
2019-03-22,funded_assets,USD,0.2930450439453125,0,0,SCALAR_BEKK_INTERNAL
2019-03-22,net_cashflows,EUR,0.2409515380859375,0,0,SCALAR_BEKK_INTERNAL
2019-03-22,net_cashflows,USD,0.24066162109375,0,0,SCALAR_BEKK_INTERNAL
2019-03-25,funded_assets,EUR,0.230316162109375,0,0,SCALAR_BEKK_INTERNAL
2019-03-25,funded_assets,USD,0.230987548828125,0,0,SCALAR_BEKK_INTERNAL
2019-03-25,net_cashflows,EUR,0.475921630859375,0,0,SCALAR_BEKK_INTERNAL
2019-03-25,net_cashflows,USD,0.4765777587890625,0,0,SCALAR_BEKK_INTERNAL
2019-03-26,funded_assets,EUR,0.4505767822265625,0,0,SCALAR_BEKK_INTERNAL
2019-03-26,funded_assets,USD,0.452362060546875,0,0,SCALAR_BEKK_INTERNAL
2019-03-26,net_cashflows,EUR,0.462066650390625,0,0,SCALAR_BEKK_INTERNAL
2019-03-26,net_cashflows,USD,0.4624786376953125,0,0,SCALAR_BEKK_INTERNAL
2019-03-27,funded_assets,EUR,0.7078857421875,0,0,SCALAR_BEKK_INTERNAL
2019-03-27,funded_assets,USD,0.70697021484375,0,0,SCALAR_BEKK_INTERNAL
2019-03-27,net_cashflows,EUR,0.562042236328125,0,0,SCALAR_BEKK_INTERNAL
2019-03-27,net_cashflows,USD,0.5618743896484375,0,0,SCALAR_BEKK_INTERNAL
2019-03-28,funded_assets,EUR,0.503662109375,0,0,SCALAR_BEKK_INTERNAL
2019-03-28,funded_assets,USD,0.50347900390625,0,0,SCALAR_BEKK_INTERNAL
2019-03-28,net_cashflows,EUR,0.3638458251953125,0,0,SCALAR_BEKK_INTERNAL
2019-03-28,net_cashflows,USD,0.36358642578125,0,0,SCALAR_BEKK_INTERNAL
2019-03-29,funded_assets,EUR,0.588897705078125,0,0,SCALAR_BEKK_INTERNAL
2019-03-29,funded_assets,USD,0.5886688232421875,0,0,SCALAR_BEKK_INTERNAL
2019-03-29,net_cashflows,EUR,0.2646331787109375,0,0,SCALAR_BEKK_INTERNAL
2019-03-29,net_cashflows,USD,0.2652587890625,0,0,SCALAR_BEKK_INTERNAL
2019-04-01,funded_assets,EUR,0.5814361572265625,0,0,SCALAR_BEKK_INTERNAL
2019-04-01,funded_assets,USD,0.582061767578125,0,0,SCALAR_BEKK_INTERNAL
2019-04-01,net_cashflows,EUR,0.3550262451171875,0,0,SCALAR_BEKK_INTERNAL
2019-04-01,net_cashflows,USD,0.353729248046875,0,0,SCALAR_BEKK_INTERNAL
2019-04-02,funded_assets,EUR,0.3781280517578125,0,0,SCALAR_BEKK_INTERNAL
2019-04-02,funded_assets,USD,0.3775787353515625,0,0,SCALAR_BEKK_INTERNAL
2019-04-02,net_cashflows,EUR,0.47235107421875,0,0,SCALAR_BEKK_INTERNAL
2019-04-02,net_cashflows,USD,0.472625732421875,0,0,SCALAR_BEKK_INTERNAL
2019-04-03,funded_assets,EUR,0.8570709228515625,0,0,SCALAR_BEKK_INTERNAL
2019-04-03,funded_assets,USD,0.85614013671875,0,0,SCALAR_BEKK_INTERNAL
2019-04-03,net_cashflows,EUR,0.4154510498046875,0,0,SCALAR_BEKK_INTERNAL
2019-04-03,net_cashflows,USD,0.4152374267578125,0,0,SCALAR_BEKK_INTERNAL
2019-04-04,funded_assets,EUR,0.6461944580078125,0,0,SCALAR_BEKK_INTERNAL
2019-04-04,funded_assets,USD,0.6468048095703125,0,0,SCALAR_BEKK_INTERNAL
2019-04-04,net_cashflows,EUR,0.65362548828125,0,0,SCALAR_BEKK_INTERNAL
2019-04-04,net_cashflows,USD,0.65350341796875,0,0,SCALAR_BEKK_INTERNAL
2019-04-05,funded_assets,EUR,0.7452392578125,0,0,SCALAR_BEKK_INTERNAL
2019-04-05,funded_assets,USD,0.7459869384765625,0,0,SCALAR_BEKK_INTERNAL
2019-04-05,net_cashflows,EUR,0.599639892578125,0,0,SCALAR_BEKK_INTERNAL
2019-04-05,net_cashflows,USD,0.60028076171875,0,0,SCALAR_BEKK_INTERNAL
2019-04-08,funded_assets,EUR,0.4122314453125,0,0,SCALAR_BEKK_INTERNAL
2019-04-08,funded_assets,USD,0.411895751953125,0,0,SCALAR_BEKK_INTERNAL
2019-04-08,net_cashflows,EUR,0.483612060546875,0,0,SCALAR_BEKK_INTERNAL
2019-04-08,net_cashflows,USD,0.4835357666015625,0,0,SCALAR_BEKK_INTERNAL
2019-04-09,funded_assets,EUR,0.546875,0,0,SCALAR_BEKK_INTERNAL
2019-04-09,funded_assets,USD,0.5468902587890625,0,0,SCALAR_BEKK_INTERNAL
2019-04-09,net_cashflows,EUR,0.368133544921875,0,0,SCALAR_BEKK_INTERNAL
2019-04-09,net_cashflows,USD,0.36822509765625,0,0,SCALAR_BEKK_INTERNAL
2019-04-10,funded_assets,EUR,0.938446044921875,0,0,SCALAR_BEKK_INTERNAL
2019-04-10,funded_assets,USD,0.93798828125,0,0,SCALAR_BEKK_INTERNAL
2019-04-10,net_cashflows,EUR,0.2020721435546875,0,0,SCALAR_BEKK_INTERNAL
2019-04-10,net_cashflows,USD,0.2003631591796875,0,0,SCALAR_BEKK_INTERNAL
2019-04-11,funded_assets,EUR,0.521942138671875,0,0,SCALAR_BEKK_INTERNAL
2019-04-11,funded_assets,USD,0.521392822265625,0,0,SCALAR_BEKK_INTERNAL
2019-04-11,net_cashflows,EUR,0.426971435546875,0,0,SCALAR_BEKK_INTERNAL
2019-04-11,net_cashflows,USD,0.4269256591796875,0,0,SCALAR_BEKK_INTERNAL
2019-04-12,funded_assets,EUR,0.5721893310546875,0,0,SCALAR_BEKK_INTERNAL
2019-04-12,funded_assets,USD,0.5722808837890625,0,0,SCALAR_BEKK_INTERNAL
2019-04-12,net_cashflows,EUR,0.4054107666015625,0,0,SCALAR_BEKK_INTERNAL
2019-04-12,net_cashflows,USD,0.4057464599609375,0,0,SCALAR_BEKK_INTERNAL
2019-04-15,funded_assets,EUR,0.632568359375,0,0,SCALAR_BEKK_INTERNAL
2019-04-15,funded_assets,USD,0.632415771484375,0,0,SCALAR_BEKK_INTERNAL
2019-04-15,net_cashflows,EUR,0.4559783935546875,0,0,SCALAR_BEKK_INTERNAL
2019-04-15,net_cashflows,USD,0.4560089111328125,0,0,SCALAR_BEKK_INTERNAL
2019-04-16,funded_assets,EUR,0.1638641357421875,0,0,SCALAR_BEKK_INTERNAL
2019-04-16,funded_assets,USD,0.1634979248046875,0,0,SCALAR_BEKK_INTERNAL
2019-04-16,net_cashflows,EUR,0.479522705078125,0,0,SCALAR_BEKK_INTERNAL
2019-04-16,net_cashflows,USD,0.4798736572265625,0,0,SCALAR_BEKK_INTERNAL
2019-04-17,funded_assets,EUR,0.7140655517578125,0,0,SCALAR_BEKK_INTERNAL
2019-04-17,funded_assets,USD,0.712677001953125,0,0,SCALAR_BEKK_INTERNAL
2019-04-17,net_cashflows,EUR,0.209930419921875,0,0,SCALAR_BEKK_INTERNAL
2019-04-17,net_cashflows,USD,0.2104339599609375,0,0,SCALAR_BEKK_INTERNAL
2019-04-18,funded_assets,EUR,0.20318603515625,0,0,SCALAR_BEKK_INTERNAL
2019-04-18,funded_assets,USD,0.2030181884765625,0,0,SCALAR_BEKK_INTERNAL
2019-04-18,net_cashflows,EUR,0.683563232421875,0,0,SCALAR_BEKK_INTERNAL
2019-04-18,net_cashflows,USD,0.6839752197265625,0,0,SCALAR_BEKK_INTERNAL
2019-04-23,funded_assets,EUR,0.06427001953125,0,0,SCALAR_BEKK_INTERNAL
2019-04-23,funded_assets,USD,0.066131591796875,0,0,SCALAR_BEKK_INTERNAL
2019-04-23,net_cashflows,EUR,0.454254150390625,0,0,SCALAR_BEKK_INTERNAL
2019-04-23,net_cashflows,USD,0.4532470703125,0,0,SCALAR_BEKK_INTERNAL
2019-04-24,funded_assets,EUR,0.5143890380859375,0,0,SCALAR_BEKK_INTERNAL
2019-04-24,funded_assets,USD,0.5138397216796875,0,0,SCALAR_BEKK_INTERNAL
2019-04-24,net_cashflows,EUR,0.5395965576171875,0,0,SCALAR_BEKK_INTERNAL
2019-04-24,net_cashflows,USD,0.53936767578125,0,0,SCALAR_BEKK_INTERNAL
2019-04-25,funded_assets,EUR,0.6239013671875,0,0,SCALAR_BEKK_INTERNAL
2019-04-25,funded_assets,USD,0.6240081787109375,0,0,SCALAR_BEKK_INTERNAL
2019-04-25,net_cashflows,EUR,0.507171630859375,0,0,SCALAR_BEKK_INTERNAL
2019-04-25,net_cashflows,USD,0.5072784423828125,0,0,SCALAR_BEKK_INTERNAL
2019-04-26,funded_assets,EUR,0.8375091552734375,0,0,SCALAR_BEKK_INTERNAL
2019-04-26,funded_assets,USD,0.8387908935546875,0,0,SCALAR_BEKK_INTERNAL
2019-04-26,net_cashflows,EUR,0.62457275390625,0,0,SCALAR_BEKK_INTERNAL
2019-04-26,net_cashflows,USD,0.62548828125,0,0,SCALAR_BEKK_INTERNAL
2019-04-29,funded_assets,EUR,0.344818115234375,0,0,SCALAR_BEKK_INTERNAL
2019-04-29,funded_assets,USD,0.3434295654296875,0,0,SCALAR_BEKK_INTERNAL
2019-04-29,net_cashflows,EUR,0.407989501953125,0,0,SCALAR_BEKK_INTERNAL
2019-04-29,net_cashflows,USD,0.4075164794921875,0,0,SCALAR_BEKK_INTERNAL
2019-04-30,funded_assets,EUR,0.1300811767578125,0,0,SCALAR_BEKK_INTERNAL
2019-04-30,funded_assets,USD,0.130615234375,0,0,SCALAR_BEKK_INTERNAL
2019-04-30,net_cashflows,EUR,0.4789276123046875,0,0,SCALAR_BEKK_INTERNAL
2019-04-30,net_cashflows,USD,0.4793243408203125,0,0,SCALAR_BEKK_INTERNAL
2019-05-02,funded_assets,EUR,0.50347900390625,0,0,SCALAR_BEKK_INTERNAL
2019-05-02,funded_assets,USD,0.50140380859375,0,0,SCALAR_BEKK_INTERNAL
2019-05-02,net_cashflows,EUR,0.77935791015625,0,0,SCALAR_BEKK_INTERNAL
2019-05-02,net_cashflows,USD,0.778656005859375,0,0,SCALAR_BEKK_INTERNAL
2019-05-03,funded_assets,EUR,0.463043212890625,0,0,SCALAR_BEKK_INTERNAL
2019-05-03,funded_assets,USD,0.4629058837890625,0,0,SCALAR_BEKK_INTERNAL
2019-05-03,net_cashflows,EUR,0.59869384765625,0,0,SCALAR_BEKK_INTERNAL
2019-05-03,net_cashflows,USD,0.59857177734375,0,0,SCALAR_BEKK_INTERNAL
2019-05-06,funded_assets,EUR,0.5938720703125,0,0,SCALAR_BEKK_INTERNAL
2019-05-06,funded_assets,USD,0.5938262939453125,0,0,SCALAR_BEKK_INTERNAL
2019-05-06,net_cashflows,EUR,0.8681182861328125,0,0,SCALAR_BEKK_INTERNAL
2019-05-06,net_cashflows,USD,0.86767578125,0,0,SCALAR_BEKK_INTERNAL
2019-05-07,funded_assets,EUR,0.3396148681640625,0,0,SCALAR_BEKK_INTERNAL
2019-05-07,funded_assets,USD,0.339202880859375,0,0,SCALAR_BEKK_INTERNAL
2019-05-07,net_cashflows,EUR,0.696075439453125,0,0,SCALAR_BEKK_INTERNAL
2019-05-07,net_cashflows,USD,0.6954193115234375,0,0,SCALAR_BEKK_INTERNAL
2019-05-08,funded_assets,EUR,0.7104644775390625,0,0,SCALAR_BEKK_INTERNAL
2019-05-08,funded_assets,USD,0.7101287841796875,0,0,SCALAR_BEKK_INTERNAL
2019-05-08,net_cashflows,EUR,0.6688385009765625,0,0,SCALAR_BEKK_INTERNAL
2019-05-08,net_cashflows,USD,0.669921875,0,0,SCALAR_BEKK_INTERNAL
2019-05-09,funded_assets,EUR,0.3680572509765625,0,0,SCALAR_BEKK_INTERNAL
2019-05-09,funded_assets,USD,0.367462158203125,0,0,SCALAR_BEKK_INTERNAL
2019-05-09,net_cashflows,EUR,0.8520355224609375,0,0,SCALAR_BEKK_INTERNAL
2019-05-09,net_cashflows,USD,0.85272216796875,0,0,SCALAR_BEKK_INTERNAL
2019-05-10,funded_assets,EUR,0.5431060791015625,0,0,SCALAR_BEKK_INTERNAL
2019-05-10,funded_assets,USD,0.543426513671875,0,0,SCALAR_BEKK_INTERNAL
2019-05-10,net_cashflows,EUR,0.525054931640625,0,0,SCALAR_BEKK_INTERNAL
2019-05-10,net_cashflows,USD,0.5242919921875,0,0,SCALAR_BEKK_INTERNAL
2019-05-13,funded_assets,EUR,0.17828369140625,0,0,SCALAR_BEKK_INTERNAL
2019-05-13,funded_assets,USD,0.17864990234375,0,0,SCALAR_BEKK_INTERNAL
2019-05-13,net_cashflows,EUR,0.6898345947265625,0,0,SCALAR_BEKK_INTERNAL
2019-05-13,net_cashflows,USD,0.6888275146484375,0,0,SCALAR_BEKK_INTERNAL
2019-05-14,funded_assets,EUR,0.9056243896484375,0,0,SCALAR_BEKK_INTERNAL
2019-05-14,funded_assets,USD,0.9042510986328125,0,0,SCALAR_BEKK_INTERNAL
2019-05-14,net_cashflows,EUR,0.40594482421875,0,0,SCALAR_BEKK_INTERNAL
2019-05-14,net_cashflows,USD,0.4064178466796875,0,0,SCALAR_BEKK_INTERNAL
2019-05-15,funded_assets,EUR,0.2851715087890625,0,0,SCALAR_BEKK_INTERNAL
2019-05-15,funded_assets,USD,0.28387451171875,0,0,SCALAR_BEKK_INTERNAL
2019-05-15,net_cashflows,EUR,0.6209869384765625,0,0,SCALAR_BEKK_INTERNAL
2019-05-15,net_cashflows,USD,0.6208648681640625,0,0,SCALAR_BEKK_INTERNAL
2019-05-16,funded_assets,EUR,0.5329132080078125,0,0,SCALAR_BEKK_INTERNAL
2019-05-16,funded_assets,USD,0.532867431640625,0,0,SCALAR_BEKK_INTERNAL
2019-05-16,net_cashflows,EUR,0.382080078125,0,0,SCALAR_BEKK_INTERNAL
2019-05-16,net_cashflows,USD,0.3822174072265625,0,0,SCALAR_BEKK_INTERNAL
2019-05-17,funded_assets,EUR,0.671478271484375,0,0,SCALAR_BEKK_INTERNAL
2019-05-17,funded_assets,USD,0.67095947265625,0,0,SCALAR_BEKK_INTERNAL
2019-05-17,net_cashflows,EUR,0.17919921875,0,0,SCALAR_BEKK_INTERNAL
2019-05-17,net_cashflows,USD,0.1791229248046875,0,0,SCALAR_BEKK_INTERNAL
2019-05-20,funded_assets,EUR,0.7108154296875,0,0,SCALAR_BEKK_INTERNAL
2019-05-20,funded_assets,USD,0.7105560302734375,0,0,SCALAR_BEKK_INTERNAL
2019-05-20,net_cashflows,EUR,0.7747955322265625,0,0,SCALAR_BEKK_INTERNAL
2019-05-20,net_cashflows,USD,0.7744903564453125,0,0,SCALAR_BEKK_INTERNAL
2019-05-21,funded_assets,EUR,0.151702880859375,0,0,SCALAR_BEKK_INTERNAL
2019-05-21,funded_assets,USD,0.15142822265625,0,0,SCALAR_BEKK_INTERNAL
2019-05-21,net_cashflows,EUR,0.6752777099609375,0,0,SCALAR_BEKK_INTERNAL
2019-05-21,net_cashflows,USD,0.6740875244140625,0,0,SCALAR_BEKK_INTERNAL
2019-05-22,funded_assets,EUR,0.70672607421875,0,0,SCALAR_BEKK_INTERNAL
2019-05-22,funded_assets,USD,0.705413818359375,0,0,SCALAR_BEKK_INTERNAL
2019-05-22,net_cashflows,EUR,0.8350372314453125,0,0,SCALAR_BEKK_INTERNAL
2019-05-22,net_cashflows,USD,0.8352508544921875,0,0,SCALAR_BEKK_INTERNAL
2019-05-23,funded_assets,EUR,0.6140594482421875,0,0,SCALAR_BEKK_INTERNAL
2019-05-23,funded_assets,USD,0.614593505859375,0,0,SCALAR_BEKK_INTERNAL
2019-05-23,net_cashflows,EUR,0.4339752197265625,0,0,SCALAR_BEKK_INTERNAL
2019-05-23,net_cashflows,USD,0.4339752197265625,0,0,SCALAR_BEKK_INTERNAL
2019-05-24,funded_assets,EUR,0.5082244873046875,0,0,SCALAR_BEKK_INTERNAL
2019-05-24,funded_assets,USD,0.5081329345703125,0,0,SCALAR_BEKK_INTERNAL
2019-05-24,net_cashflows,EUR,0.55780029296875,0,0,SCALAR_BEKK_INTERNAL
2019-05-24,net_cashflows,USD,0.5579833984375,0,0,SCALAR_BEKK_INTERNAL
2019-05-27,funded_assets,EUR,0.16119384765625,0,0,SCALAR_BEKK_INTERNAL
2019-05-27,funded_assets,USD,0.1610107421875,0,0,SCALAR_BEKK_INTERNAL
2019-05-27,net_cashflows,EUR,0.6090240478515625,0,0,SCALAR_BEKK_INTERNAL
2019-05-27,net_cashflows,USD,0.608428955078125,0,0,SCALAR_BEKK_INTERNAL
2019-05-28,funded_assets,EUR,0.509735107421875,0,0,SCALAR_BEKK_INTERNAL
2019-05-28,funded_assets,USD,0.5106201171875,0,0,SCALAR_BEKK_INTERNAL
2019-05-28,net_cashflows,EUR,0.2282867431640625,0,0,SCALAR_BEKK_INTERNAL
2019-05-28,net_cashflows,USD,0.228607177734375,0,0,SCALAR_BEKK_INTERNAL
2019-05-29,funded_assets,EUR,0.483154296875,0,0,SCALAR_BEKK_INTERNAL
2019-05-29,funded_assets,USD,0.48309326171875,0,0,SCALAR_BEKK_INTERNAL
2019-05-29,net_cashflows,EUR,0.94744873046875,0,0,SCALAR_BEKK_INTERNAL
2019-05-29,net_cashflows,USD,0.94671630859375,0,0,SCALAR_BEKK_INTERNAL
2019-05-30,funded_assets,EUR,0.4000701904296875,0,0,SCALAR_BEKK_INTERNAL
2019-05-30,funded_assets,USD,0.39935302734375,0,0,SCALAR_BEKK_INTERNAL
2019-05-30,net_cashflows,EUR,0.86773681640625,0,0,SCALAR_BEKK_INTERNAL
2019-05-30,net_cashflows,USD,0.8694610595703125,0,0,SCALAR_BEKK_INTERNAL
2019-05-31,funded_assets,EUR,0.8332977294921875,0,0,SCALAR_BEKK_INTERNAL
2019-05-31,funded_assets,USD,0.833984375,0,0,SCALAR_BEKK_INTERNAL
2019-05-31,net_cashflows,EUR,0.658447265625,0,0,SCALAR_BEKK_INTERNAL
2019-05-31,net_cashflows,USD,0.6614990234375,0,0,SCALAR_BEKK_INTERNAL
2019-06-03,funded_assets,EUR,0.5548095703125,0,0,SCALAR_BEKK_INTERNAL
2019-06-03,funded_assets,USD,0.555572509765625,0,0,SCALAR_BEKK_INTERNAL
2019-06-03,net_cashflows,EUR,0.458770751953125,0,0,SCALAR_BEKK_INTERNAL
2019-06-03,net_cashflows,USD,0.4587249755859375,0,0,SCALAR_BEKK_INTERNAL
2019-06-04,funded_assets,EUR,0.50299072265625,0,0,SCALAR_BEKK_INTERNAL
2019-06-04,funded_assets,USD,0.5028533935546875,0,0,SCALAR_BEKK_INTERNAL
2019-06-04,net_cashflows,EUR,0.576446533203125,0,0,SCALAR_BEKK_INTERNAL
2019-06-04,net_cashflows,USD,0.5762939453125,0,0,SCALAR_BEKK_INTERNAL
2019-06-05,funded_assets,EUR,0.729888916015625,0,0,SCALAR_BEKK_INTERNAL
2019-06-05,funded_assets,USD,0.729736328125,0,0,SCALAR_BEKK_INTERNAL
2019-06-05,net_cashflows,EUR,0.3085174560546875,0,0,SCALAR_BEKK_INTERNAL
2019-06-05,net_cashflows,USD,0.3082122802734375,0,0,SCALAR_BEKK_INTERNAL
2019-06-06,funded_assets,EUR,0.8695526123046875,0,0,SCALAR_BEKK_INTERNAL
2019-06-06,funded_assets,USD,0.8694915771484375,0,0,SCALAR_BEKK_INTERNAL
2019-06-06,net_cashflows,EUR,0.54766845703125,0,0,SCALAR_BEKK_INTERNAL
2019-06-06,net_cashflows,USD,0.5474395751953125,0,0,SCALAR_BEKK_INTERNAL
2019-06-07,funded_assets,EUR,0.680084228515625,0,0,SCALAR_BEKK_INTERNAL
2019-06-07,funded_assets,USD,0.681243896484375,0,0,SCALAR_BEKK_INTERNAL
2019-06-07,net_cashflows,EUR,0.338653564453125,0,0,SCALAR_BEKK_INTERNAL
2019-06-07,net_cashflows,USD,0.3379058837890625,0,0,SCALAR_BEKK_INTERNAL
2019-06-10,funded_assets,EUR,0.371795654296875,0,0,SCALAR_BEKK_INTERNAL
2019-06-10,funded_assets,USD,0.3713531494140625,0,0,SCALAR_BEKK_INTERNAL
2019-06-10,net_cashflows,EUR,0.5728302001953125,0,0,SCALAR_BEKK_INTERNAL
2019-06-10,net_cashflows,USD,0.5727691650390625,0,0,SCALAR_BEKK_INTERNAL
2019-06-11,funded_assets,EUR,0.2712249755859375,0,0,SCALAR_BEKK_INTERNAL
2019-06-11,funded_assets,USD,0.2716522216796875,0,0,SCALAR_BEKK_INTERNAL
2019-06-11,net_cashflows,EUR,0.5909881591796875,0,0,SCALAR_BEKK_INTERNAL
2019-06-11,net_cashflows,USD,0.59027099609375,0,0,SCALAR_BEKK_INTERNAL
2019-06-12,funded_assets,EUR,0.3596954345703125,0,0,SCALAR_BEKK_INTERNAL
2019-06-12,funded_assets,USD,0.361083984375,0,0,SCALAR_BEKK_INTERNAL
2019-06-12,net_cashflows,EUR,0.6154937744140625,0,0,SCALAR_BEKK_INTERNAL
2019-06-12,net_cashflows,USD,0.614715576171875,0,0,SCALAR_BEKK_INTERNAL
2019-06-13,funded_assets,EUR,0.51287841796875,0,0,SCALAR_BEKK_INTERNAL
2019-06-13,funded_assets,USD,0.513031005859375,0,0,SCALAR_BEKK_INTERNAL
2019-06-13,net_cashflows,EUR,0.2425689697265625,0,0,SCALAR_BEKK_INTERNAL
2019-06-13,net_cashflows,USD,0.24322509765625,0,0,SCALAR_BEKK_INTERNAL
2019-06-14,funded_assets,EUR,0.1440277099609375,0,0,SCALAR_BEKK_INTERNAL
2019-06-14,funded_assets,USD,0.1446380615234375,0,0,SCALAR_BEKK_INTERNAL
2019-06-14,net_cashflows,EUR,0.792724609375,0,0,SCALAR_BEKK_INTERNAL
2019-06-14,net_cashflows,USD,0.7918853759765625,0,0,SCALAR_BEKK_INTERNAL
2019-06-17,funded_assets,EUR,0.5422210693359375,0,0,SCALAR_BEKK_INTERNAL
2019-06-17,funded_assets,USD,0.5414886474609375,0,0,SCALAR_BEKK_INTERNAL
2019-06-17,net_cashflows,EUR,0.35491943359375,0,0,SCALAR_BEKK_INTERNAL
2019-06-17,net_cashflows,USD,0.3556671142578125,0,0,SCALAR_BEKK_INTERNAL
2019-06-18,funded_assets,EUR,0.775360107421875,0,0,SCALAR_BEKK_INTERNAL
2019-06-18,funded_assets,USD,0.77752685546875,0,0,SCALAR_BEKK_INTERNAL
2019-06-18,net_cashflows,EUR,0.955963134765625,0,0,SCALAR_BEKK_INTERNAL
2019-06-18,net_cashflows,USD,0.9568939208984375,0,0,SCALAR_BEKK_INTERNAL
2019-06-19,funded_assets,EUR,0.511260986328125,0,0,SCALAR_BEKK_INTERNAL
2019-06-19,funded_assets,USD,0.5115203857421875,0,0,SCALAR_BEKK_INTERNAL
2019-06-19,net_cashflows,EUR,0.7601776123046875,0,0,SCALAR_BEKK_INTERNAL
2019-06-19,net_cashflows,USD,0.7622528076171875,0,0,SCALAR_BEKK_INTERNAL
2019-06-20,funded_assets,EUR,0.8242034912109375,0,0,SCALAR_BEKK_INTERNAL
2019-06-20,funded_assets,USD,0.8252105712890625,0,0,SCALAR_BEKK_INTERNAL
2019-06-20,net_cashflows,EUR,0.70672607421875,0,0,SCALAR_BEKK_INTERNAL
2019-06-20,net_cashflows,USD,0.709716796875,0,0,SCALAR_BEKK_INTERNAL
2019-06-21,funded_assets,EUR,0.4569549560546875,0,0,SCALAR_BEKK_INTERNAL
2019-06-21,funded_assets,USD,0.4561767578125,0,0,SCALAR_BEKK_INTERNAL
2019-06-21,net_cashflows,EUR,0.6222076416015625,0,0,SCALAR_BEKK_INTERNAL
2019-06-21,net_cashflows,USD,0.6228179931640625,0,0,SCALAR_BEKK_INTERNAL
2019-06-24,funded_assets,EUR,0.6054534912109375,0,0,SCALAR_BEKK_INTERNAL
2019-06-24,funded_assets,USD,0.6051788330078125,0,0,SCALAR_BEKK_INTERNAL
2019-06-24,net_cashflows,EUR,0.183197021484375,0,0,SCALAR_BEKK_INTERNAL
2019-06-24,net_cashflows,USD,0.1831512451171875,0,0,SCALAR_BEKK_INTERNAL
2019-06-25,funded_assets,EUR,0.555145263671875,0,0,SCALAR_BEKK_INTERNAL
2019-06-25,funded_assets,USD,0.5550689697265625,0,0,SCALAR_BEKK_INTERNAL
2019-06-25,net_cashflows,EUR,0.3785247802734375,0,0,SCALAR_BEKK_INTERNAL
2019-06-25,net_cashflows,USD,0.378387451171875,0,0,SCALAR_BEKK_INTERNAL
2019-06-26,funded_assets,EUR,0.56207275390625,0,0,SCALAR_BEKK_INTERNAL
2019-06-26,funded_assets,USD,0.5622406005859375,0,0,SCALAR_BEKK_INTERNAL
2019-06-26,net_cashflows,EUR,0.6862945556640625,0,0,SCALAR_BEKK_INTERNAL
2019-06-26,net_cashflows,USD,0.6862945556640625,0,0,SCALAR_BEKK_INTERNAL
2019-06-27,funded_assets,EUR,0.6355743408203125,0,0,SCALAR_BEKK_INTERNAL
2019-06-27,funded_assets,USD,0.6349639892578125,0,0,SCALAR_BEKK_INTERNAL
2019-06-27,net_cashflows,EUR,0.1260833740234375,0,0,SCALAR_BEKK_INTERNAL
2019-06-27,net_cashflows,USD,0.125457763671875,0,0,SCALAR_BEKK_INTERNAL
2019-06-28,funded_assets,EUR,0.225189208984375,0,0,SCALAR_BEKK_INTERNAL
2019-06-28,funded_assets,USD,0.2257080078125,0,0,SCALAR_BEKK_INTERNAL
2019-06-28,net_cashflows,EUR,0.294403076171875,0,0,SCALAR_BEKK_INTERNAL
2019-06-28,net_cashflows,USD,0.297027587890625,0,0,SCALAR_BEKK_INTERNAL
2019-07-01,funded_assets,EUR,0.2535552978515625,0,0,SCALAR_BEKK_INTERNAL
2019-07-01,funded_assets,USD,0.2542572021484375,0,0,SCALAR_BEKK_INTERNAL
2019-07-01,net_cashflows,EUR,0.9073638916015625,0,0,SCALAR_BEKK_INTERNAL
2019-07-01,net_cashflows,USD,0.90582275390625,0,0,SCALAR_BEKK_INTERNAL
2019-07-02,funded_assets,EUR,0.509429931640625,0,0,SCALAR_BEKK_INTERNAL
2019-07-02,funded_assets,USD,0.5094757080078125,0,0,SCALAR_BEKK_INTERNAL
2019-07-02,net_cashflows,EUR,0.4314727783203125,0,0,SCALAR_BEKK_INTERNAL
2019-07-02,net_cashflows,USD,0.431396484375,0,0,SCALAR_BEKK_INTERNAL
2019-07-03,funded_assets,EUR,0.4666748046875,0,0,SCALAR_BEKK_INTERNAL
2019-07-03,funded_assets,USD,0.466766357421875,0,0,SCALAR_BEKK_INTERNAL
2019-07-03,net_cashflows,EUR,0.252685546875,0,0,SCALAR_BEKK_INTERNAL
2019-07-03,net_cashflows,USD,0.2529449462890625,0,0,SCALAR_BEKK_INTERNAL
2019-07-04,funded_assets,EUR,0.3605194091796875,0,0,SCALAR_BEKK_INTERNAL
2019-07-04,funded_assets,USD,0.361175537109375,0,0,SCALAR_BEKK_INTERNAL
2019-07-04,net_cashflows,EUR,0.2027740478515625,0,0,SCALAR_BEKK_INTERNAL
2019-07-04,net_cashflows,USD,0.204620361328125,0,0,SCALAR_BEKK_INTERNAL
2019-07-05,funded_assets,EUR,0.6690216064453125,0,0,SCALAR_BEKK_INTERNAL
2019-07-05,funded_assets,USD,0.6682891845703125,0,0,SCALAR_BEKK_INTERNAL
2019-07-05,net_cashflows,EUR,0.4124908447265625,0,0,SCALAR_BEKK_INTERNAL
2019-07-05,net_cashflows,USD,0.413238525390625,0,0,SCALAR_BEKK_INTERNAL
2019-07-08,funded_assets,EUR,0.596466064453125,0,0,SCALAR_BEKK_INTERNAL
2019-07-08,funded_assets,USD,0.5966796875,0,0,SCALAR_BEKK_INTERNAL
2019-07-08,net_cashflows,EUR,0.4810638427734375,0,0,SCALAR_BEKK_INTERNAL
2019-07-08,net_cashflows,USD,0.4809417724609375,0,0,SCALAR_BEKK_INTERNAL
2019-07-09,funded_assets,EUR,0.5218353271484375,0,0,SCALAR_BEKK_INTERNAL
2019-07-09,funded_assets,USD,0.5225067138671875,0,0,SCALAR_BEKK_INTERNAL
2019-07-09,net_cashflows,EUR,0.9245147705078125,0,0,SCALAR_BEKK_INTERNAL
2019-07-09,net_cashflows,USD,0.92510986328125,0,0,SCALAR_BEKK_INTERNAL
2019-07-10,funded_assets,EUR,0.31011962890625,0,0,SCALAR_BEKK_INTERNAL
2019-07-10,funded_assets,USD,0.3092498779296875,0,0,SCALAR_BEKK_INTERNAL
2019-07-10,net_cashflows,EUR,0.428436279296875,0,0,SCALAR_BEKK_INTERNAL
2019-07-10,net_cashflows,USD,0.4260711669921875,0,0,SCALAR_BEKK_INTERNAL
2019-07-11,funded_assets,EUR,0.4808807373046875,0,0,SCALAR_BEKK_INTERNAL
2019-07-11,funded_assets,USD,0.4804534912109375,0,0,SCALAR_BEKK_INTERNAL
2019-07-11,net_cashflows,EUR,0.7587890625,0,0,SCALAR_BEKK_INTERNAL
2019-07-11,net_cashflows,USD,0.7582550048828125,0,0,SCALAR_BEKK_INTERNAL
2019-07-12,funded_assets,EUR,0.3921661376953125,0,0,SCALAR_BEKK_INTERNAL
2019-07-12,funded_assets,USD,0.392547607421875,0,0,SCALAR_BEKK_INTERNAL
2019-07-12,net_cashflows,EUR,0.4886322021484375,0,0,SCALAR_BEKK_INTERNAL
2019-07-12,net_cashflows,USD,0.4875335693359375,0,0,SCALAR_BEKK_INTERNAL
2019-07-15,funded_assets,EUR,0.650726318359375,0,0,SCALAR_BEKK_INTERNAL
2019-07-15,funded_assets,USD,0.6500244140625,0,0,SCALAR_BEKK_INTERNAL
2019-07-15,net_cashflows,EUR,0.2711639404296875,0,0,SCALAR_BEKK_INTERNAL
2019-07-15,net_cashflows,USD,0.2719573974609375,0,0,SCALAR_BEKK_INTERNAL
2019-07-16,funded_assets,EUR,0.159515380859375,0,0,SCALAR_BEKK_INTERNAL
2019-07-16,funded_assets,USD,0.1589813232421875,0,0,SCALAR_BEKK_INTERNAL
2019-07-16,net_cashflows,EUR,0.7465667724609375,0,0,SCALAR_BEKK_INTERNAL
2019-07-16,net_cashflows,USD,0.7459564208984375,0,0,SCALAR_BEKK_INTERNAL
2019-07-17,funded_assets,EUR,0.374725341796875,0,0,SCALAR_BEKK_INTERNAL
2019-07-17,funded_assets,USD,0.3742218017578125,0,0,SCALAR_BEKK_INTERNAL
2019-07-17,net_cashflows,EUR,0.6133880615234375,0,0,SCALAR_BEKK_INTERNAL
2019-07-17,net_cashflows,USD,0.613525390625,0,0,SCALAR_BEKK_INTERNAL
2019-07-18,funded_assets,EUR,0.5486602783203125,0,0,SCALAR_BEKK_INTERNAL
2019-07-18,funded_assets,USD,0.5487823486328125,0,0,SCALAR_BEKK_INTERNAL
2019-07-18,net_cashflows,EUR,0.542236328125,0,0,SCALAR_BEKK_INTERNAL
2019-07-18,net_cashflows,USD,0.5421600341796875,0,0,SCALAR_BEKK_INTERNAL
2019-07-19,funded_assets,EUR,0.23431396484375,0,0,SCALAR_BEKK_INTERNAL
2019-07-19,funded_assets,USD,0.23468017578125,0,0,SCALAR_BEKK_INTERNAL
2019-07-19,net_cashflows,EUR,0.3612518310546875,0,0,SCALAR_BEKK_INTERNAL
2019-07-19,net_cashflows,USD,0.36151123046875,0,0,SCALAR_BEKK_INTERNAL
2019-07-22,funded_assets,EUR,0.1286163330078125,0,0,SCALAR_BEKK_INTERNAL
2019-07-22,funded_assets,USD,0.129425048828125,0,0,SCALAR_BEKK_INTERNAL
2019-07-22,net_cashflows,EUR,0.334320068359375,0,0,SCALAR_BEKK_INTERNAL
2019-07-22,net_cashflows,USD,0.335784912109375,0,0,SCALAR_BEKK_INTERNAL
2019-07-23,funded_assets,EUR,0.3221893310546875,0,0,SCALAR_BEKK_INTERNAL
2019-07-23,funded_assets,USD,0.3237762451171875,0,0,SCALAR_BEKK_INTERNAL
2019-07-23,net_cashflows,EUR,0.3884735107421875,0,0,SCALAR_BEKK_INTERNAL
2019-07-23,net_cashflows,USD,0.3894500732421875,0,0,SCALAR_BEKK_INTERNAL
2019-07-24,funded_assets,EUR,0.9587860107421875,0,0,SCALAR_BEKK_INTERNAL
2019-07-24,funded_assets,USD,0.957794189453125,0,0,SCALAR_BEKK_INTERNAL
2019-07-24,net_cashflows,EUR,0.187255859375,0,0,SCALAR_BEKK_INTERNAL
2019-07-24,net_cashflows,USD,0.1868133544921875,0,0,SCALAR_BEKK_INTERNAL
2019-07-25,funded_assets,EUR,0.626800537109375,0,0,SCALAR_BEKK_INTERNAL
2019-07-25,funded_assets,USD,0.6255035400390625,0,0,SCALAR_BEKK_INTERNAL
2019-07-25,net_cashflows,EUR,0.711151123046875,0,0,SCALAR_BEKK_INTERNAL
2019-07-25,net_cashflows,USD,0.7113037109375,0,0,SCALAR_BEKK_INTERNAL
2019-07-26,funded_assets,EUR,0.9123992919921875,0,0,SCALAR_BEKK_INTERNAL
2019-07-26,funded_assets,USD,0.9119873046875,0,0,SCALAR_BEKK_INTERNAL
2019-07-26,net_cashflows,EUR,0.841552734375,0,0,SCALAR_BEKK_INTERNAL
2019-07-26,net_cashflows,USD,0.8417510986328125,0,0,SCALAR_BEKK_INTERNAL
2019-07-29,funded_assets,EUR,0.5084228515625,0,0,SCALAR_BEKK_INTERNAL
2019-07-29,funded_assets,USD,0.5080718994140625,0,0,SCALAR_BEKK_INTERNAL
2019-07-29,net_cashflows,EUR,0.4446563720703125,0,0,SCALAR_BEKK_INTERNAL
2019-07-29,net_cashflows,USD,0.4442901611328125,0,0,SCALAR_BEKK_INTERNAL
2019-07-30,funded_assets,EUR,0.0287628173828125,0,0,SCALAR_BEKK_INTERNAL
2019-07-30,funded_assets,USD,0.029083251953125,0,0,SCALAR_BEKK_INTERNAL
2019-07-30,net_cashflows,EUR,0.2302398681640625,0,0,SCALAR_BEKK_INTERNAL
2019-07-30,net_cashflows,USD,0.2324371337890625,0,0,SCALAR_BEKK_INTERNAL
2019-07-31,funded_assets,EUR,0.2531585693359375,0,0,SCALAR_BEKK_INTERNAL
2019-07-31,funded_assets,USD,0.2496490478515625,0,0,SCALAR_BEKK_INTERNAL
2019-07-31,net_cashflows,EUR,0.998931884765625,0,0,SCALAR_BEKK_INTERNAL
2019-07-31,net_cashflows,USD,0.9987945556640625,0,0,SCALAR_BEKK_INTERNAL
2019-08-01,funded_assets,EUR,0.7229156494140625,0,0,SCALAR_BEKK_INTERNAL
2019-08-01,funded_assets,USD,0.7233428955078125,0,0,SCALAR_BEKK_INTERNAL
2019-08-01,net_cashflows,EUR,0.9537353515625,0,0,SCALAR_BEKK_INTERNAL
2019-08-01,net_cashflows,USD,0.956817626953125,0,0,SCALAR_BEKK_INTERNAL
2019-08-02,funded_assets,EUR,0.6943511962890625,0,0,SCALAR_BEKK_INTERNAL
2019-08-02,funded_assets,USD,0.6953887939453125,0,0,SCALAR_BEKK_INTERNAL
2019-08-02,net_cashflows,EUR,0.2574920654296875,0,0,SCALAR_BEKK_INTERNAL
2019-08-02,net_cashflows,USD,0.255615234375,0,0,SCALAR_BEKK_INTERNAL
2019-08-05,funded_assets,EUR,0.57000732421875,0,0,SCALAR_BEKK_INTERNAL
2019-08-05,funded_assets,USD,0.5702362060546875,0,0,SCALAR_BEKK_INTERNAL
2019-08-05,net_cashflows,EUR,0.8519744873046875,0,0,SCALAR_BEKK_INTERNAL
2019-08-05,net_cashflows,USD,0.8519134521484375,0,0,SCALAR_BEKK_INTERNAL
2019-08-06,funded_assets,EUR,0.45123291015625,0,0,SCALAR_BEKK_INTERNAL
2019-08-06,funded_assets,USD,0.4512786865234375,0,0,SCALAR_BEKK_INTERNAL
2019-08-06,net_cashflows,EUR,0.33563232421875,0,0,SCALAR_BEKK_INTERNAL
2019-08-06,net_cashflows,USD,0.33514404296875,0,0,SCALAR_BEKK_INTERNAL
2019-08-07,funded_assets,EUR,0.646759033203125,0,0,SCALAR_BEKK_INTERNAL
2019-08-07,funded_assets,USD,0.6465301513671875,0,0,SCALAR_BEKK_INTERNAL
2019-08-07,net_cashflows,EUR,0.7676239013671875,0,0,SCALAR_BEKK_INTERNAL
2019-08-07,net_cashflows,USD,0.7672119140625,0,0,SCALAR_BEKK_INTERNAL
2019-08-08,funded_assets,EUR,0.192138671875,0,0,SCALAR_BEKK_INTERNAL
2019-08-08,funded_assets,USD,0.191375732421875,0,0,SCALAR_BEKK_INTERNAL
2019-08-08,net_cashflows,EUR,0.8155975341796875,0,0,SCALAR_BEKK_INTERNAL
2019-08-08,net_cashflows,USD,0.815155029296875,0,0,SCALAR_BEKK_INTERNAL
2019-08-09,funded_assets,EUR,0.6761627197265625,0,0,SCALAR_BEKK_INTERNAL
2019-08-09,funded_assets,USD,0.6756134033203125,0,0,SCALAR_BEKK_INTERNAL
2019-08-09,net_cashflows,EUR,0.644256591796875,0,0,SCALAR_BEKK_INTERNAL
2019-08-09,net_cashflows,USD,0.6450347900390625,0,0,SCALAR_BEKK_INTERNAL
2019-08-12,funded_assets,EUR,0.510040283203125,0,0,SCALAR_BEKK_INTERNAL
2019-08-12,funded_assets,USD,0.50958251953125,0,0,SCALAR_BEKK_INTERNAL
2019-08-12,net_cashflows,EUR,0.1246185302734375,0,0,SCALAR_BEKK_INTERNAL
2019-08-12,net_cashflows,USD,0.123931884765625,0,0,SCALAR_BEKK_INTERNAL
2019-08-13,funded_assets,EUR,0.159942626953125,0,0,SCALAR_BEKK_INTERNAL
2019-08-13,funded_assets,USD,0.1602020263671875,0,0,SCALAR_BEKK_INTERNAL
2019-08-13,net_cashflows,EUR,0.1933135986328125,0,0,SCALAR_BEKK_INTERNAL
2019-08-13,net_cashflows,USD,0.19512939453125,0,0,SCALAR_BEKK_INTERNAL
2019-08-14,funded_assets,EUR,0.05413818359375,0,0,SCALAR_BEKK_INTERNAL
2019-08-14,funded_assets,USD,0.0554962158203125,0,0,SCALAR_BEKK_INTERNAL
2019-08-14,net_cashflows,EUR,0.20245361328125,0,0,SCALAR_BEKK_INTERNAL
2019-08-14,net_cashflows,USD,0.20587158203125,0,0,SCALAR_BEKK_INTERNAL
2019-08-15,funded_assets,EUR,0.8948974609375,0,0,SCALAR_BEKK_INTERNAL
2019-08-15,funded_assets,USD,0.8925018310546875,0,0,SCALAR_BEKK_INTERNAL
2019-08-15,net_cashflows,EUR,0.4264068603515625,0,0,SCALAR_BEKK_INTERNAL
2019-08-15,net_cashflows,USD,0.42572021484375,0,0,SCALAR_BEKK_INTERNAL
2019-08-16,funded_assets,EUR,0.2541351318359375,0,0,SCALAR_BEKK_INTERNAL
2019-08-16,funded_assets,USD,0.252685546875,0,0,SCALAR_BEKK_INTERNAL
2019-08-16,net_cashflows,EUR,0.66107177734375,0,0,SCALAR_BEKK_INTERNAL
2019-08-16,net_cashflows,USD,0.6611175537109375,0,0,SCALAR_BEKK_INTERNAL
2019-08-19,funded_assets,EUR,0.708038330078125,0,0,SCALAR_BEKK_INTERNAL
2019-08-19,funded_assets,USD,0.7071380615234375,0,0,SCALAR_BEKK_INTERNAL
2019-08-19,net_cashflows,EUR,0.4108734130859375,0,0,SCALAR_BEKK_INTERNAL
2019-08-19,net_cashflows,USD,0.4111480712890625,0,0,SCALAR_BEKK_INTERNAL
2019-08-20,funded_assets,EUR,0.37188720703125,0,0,SCALAR_BEKK_INTERNAL
2019-08-20,funded_assets,USD,0.3711090087890625,0,0,SCALAR_BEKK_INTERNAL
2019-08-20,net_cashflows,EUR,0.252197265625,0,0,SCALAR_BEKK_INTERNAL
2019-08-20,net_cashflows,USD,0.252044677734375,0,0,SCALAR_BEKK_INTERNAL
2019-08-21,funded_assets,EUR,0.1597442626953125,0,0,SCALAR_BEKK_INTERNAL
2019-08-21,funded_assets,USD,0.1598052978515625,0,0,SCALAR_BEKK_INTERNAL
2019-08-21,net_cashflows,EUR,0.4387969970703125,0,0,SCALAR_BEKK_INTERNAL
2019-08-21,net_cashflows,USD,0.439422607421875,0,0,SCALAR_BEKK_INTERNAL
2019-08-22,funded_assets,EUR,0.7104339599609375,0,0,SCALAR_BEKK_INTERNAL
2019-08-22,funded_assets,USD,0.70904541015625,0,0,SCALAR_BEKK_INTERNAL
2019-08-22,net_cashflows,EUR,0.888946533203125,0,0,SCALAR_BEKK_INTERNAL
2019-08-22,net_cashflows,USD,0.888763427734375,0,0,SCALAR_BEKK_INTERNAL
2019-08-23,funded_assets,EUR,0.2907562255859375,0,0,SCALAR_BEKK_INTERNAL
2019-08-23,funded_assets,USD,0.2895355224609375,0,0,SCALAR_BEKK_INTERNAL
2019-08-23,net_cashflows,EUR,0.4612274169921875,0,0,SCALAR_BEKK_INTERNAL
2019-08-23,net_cashflows,USD,0.4607391357421875,0,0,SCALAR_BEKK_INTERNAL
2019-08-26,funded_assets,EUR,0.4814453125,0,0,SCALAR_BEKK_INTERNAL
2019-08-26,funded_assets,USD,0.4820098876953125,0,0,SCALAR_BEKK_INTERNAL
2019-08-26,net_cashflows,EUR,0.602386474609375,0,0,SCALAR_BEKK_INTERNAL
2019-08-26,net_cashflows,USD,0.6024322509765625,0,0,SCALAR_BEKK_INTERNAL
2019-08-27,funded_assets,EUR,0.5338287353515625,0,0,SCALAR_BEKK_INTERNAL
2019-08-27,funded_assets,USD,0.5339202880859375,0,0,SCALAR_BEKK_INTERNAL
2019-08-27,net_cashflows,EUR,0.1613006591796875,0,0,SCALAR_BEKK_INTERNAL
2019-08-27,net_cashflows,USD,0.161224365234375,0,0,SCALAR_BEKK_INTERNAL
2019-08-28,funded_assets,EUR,0.39239501953125,0,0,SCALAR_BEKK_INTERNAL
2019-08-28,funded_assets,USD,0.3926849365234375,0,0,SCALAR_BEKK_INTERNAL
2019-08-28,net_cashflows,EUR,0.3552398681640625,0,0,SCALAR_BEKK_INTERNAL
2019-08-28,net_cashflows,USD,0.3571624755859375,0,0,SCALAR_BEKK_INTERNAL
2019-08-29,funded_assets,EUR,0.1795806884765625,0,0,SCALAR_BEKK_INTERNAL
2019-08-29,funded_assets,USD,0.1816558837890625,0,0,SCALAR_BEKK_INTERNAL
2019-08-29,net_cashflows,EUR,0.5046844482421875,0,0,SCALAR_BEKK_INTERNAL
2019-08-29,net_cashflows,USD,0.505615234375,0,0,SCALAR_BEKK_INTERNAL
2019-08-30,funded_assets,EUR,0.18182373046875,0,0,SCALAR_BEKK_INTERNAL
2019-08-30,funded_assets,USD,0.183685302734375,0,0,SCALAR_BEKK_INTERNAL
2019-08-30,net_cashflows,EUR,0.744659423828125,0,0,SCALAR_BEKK_INTERNAL
2019-08-30,net_cashflows,USD,0.7425994873046875,0,0,SCALAR_BEKK_INTERNAL
2019-09-02,funded_assets,EUR,0.8045196533203125,0,0,SCALAR_BEKK_INTERNAL
2019-09-02,funded_assets,USD,0.803009033203125,0,0,SCALAR_BEKK_INTERNAL
2019-09-02,net_cashflows,EUR,0.3823699951171875,0,0,SCALAR_BEKK_INTERNAL
2019-09-02,net_cashflows,USD,0.3835906982421875,0,0,SCALAR_BEKK_INTERNAL
2019-09-03,funded_assets,EUR,0.6726837158203125,0,0,SCALAR_BEKK_INTERNAL
2019-09-03,funded_assets,USD,0.6753997802734375,0,0,SCALAR_BEKK_INTERNAL
2019-09-03,net_cashflows,EUR,0.1771087646484375,0,0,SCALAR_BEKK_INTERNAL
2019-09-03,net_cashflows,USD,0.1739349365234375,0,0,SCALAR_BEKK_INTERNAL
2019-09-04,funded_assets,EUR,0.636810302734375,0,0,SCALAR_BEKK_INTERNAL
2019-09-04,funded_assets,USD,0.636016845703125,0,0,SCALAR_BEKK_INTERNAL
2019-09-04,net_cashflows,EUR,0.13427734375,0,0,SCALAR_BEKK_INTERNAL
2019-09-04,net_cashflows,USD,0.1339263916015625,0,0,SCALAR_BEKK_INTERNAL
2019-09-05,funded_assets,EUR,0.3835296630859375,0,0,SCALAR_BEKK_INTERNAL
2019-09-05,funded_assets,USD,0.38360595703125,0,0,SCALAR_BEKK_INTERNAL
2019-09-05,net_cashflows,EUR,0.483367919921875,0,0,SCALAR_BEKK_INTERNAL
2019-09-05,net_cashflows,USD,0.483154296875,0,0,SCALAR_BEKK_INTERNAL
2019-09-06,funded_assets,EUR,0.7218475341796875,0,0,SCALAR_BEKK_INTERNAL
2019-09-06,funded_assets,USD,0.7215423583984375,0,0,SCALAR_BEKK_INTERNAL
2019-09-06,net_cashflows,EUR,0.258514404296875,0,0,SCALAR_BEKK_INTERNAL
2019-09-06,net_cashflows,USD,0.25775146484375,0,0,SCALAR_BEKK_INTERNAL
2019-09-09,funded_assets,EUR,0.3165130615234375,0,0,SCALAR_BEKK_INTERNAL
2019-09-09,funded_assets,USD,0.3159637451171875,0,0,SCALAR_BEKK_INTERNAL
2019-09-09,net_cashflows,EUR,0.25982666015625,0,0,SCALAR_BEKK_INTERNAL
2019-09-09,net_cashflows,USD,0.2609100341796875,0,0,SCALAR_BEKK_INTERNAL
2019-09-10,funded_assets,EUR,0.1543121337890625,0,0,SCALAR_BEKK_INTERNAL
2019-09-10,funded_assets,USD,0.1554412841796875,0,0,SCALAR_BEKK_INTERNAL
2019-09-10,net_cashflows,EUR,0.50390625,0,0,SCALAR_BEKK_INTERNAL
2019-09-10,net_cashflows,USD,0.504791259765625,0,0,SCALAR_BEKK_INTERNAL
2019-09-11,funded_assets,EUR,0.990020751953125,0,0,SCALAR_BEKK_INTERNAL
2019-09-11,funded_assets,USD,0.98968505859375,0,0,SCALAR_BEKK_INTERNAL
2019-09-11,net_cashflows,EUR,0.478729248046875,0,0,SCALAR_BEKK_INTERNAL
2019-09-11,net_cashflows,USD,0.4786529541015625,0,0,SCALAR_BEKK_INTERNAL
2019-09-12,funded_assets,EUR,0.065093994140625,0,0,SCALAR_BEKK_INTERNAL
2019-09-12,funded_assets,USD,0.0612030029296875,0,0,SCALAR_BEKK_INTERNAL
2019-09-12,net_cashflows,EUR,0.3715972900390625,0,0,SCALAR_BEKK_INTERNAL
2019-09-12,net_cashflows,USD,0.3709869384765625,0,0,SCALAR_BEKK_INTERNAL
2019-09-13,funded_assets,EUR,0.737884521484375,0,0,SCALAR_BEKK_INTERNAL
2019-09-13,funded_assets,USD,0.7366485595703125,0,0,SCALAR_BEKK_INTERNAL
2019-09-13,net_cashflows,EUR,0.2890777587890625,0,0,SCALAR_BEKK_INTERNAL
2019-09-13,net_cashflows,USD,0.2899169921875,0,0,SCALAR_BEKK_INTERNAL
2019-09-16,funded_assets,EUR,0.701568603515625,0,0,SCALAR_BEKK_INTERNAL
2019-09-16,funded_assets,USD,0.7019805908203125,0,0,SCALAR_BEKK_INTERNAL
2019-09-16,net_cashflows,EUR,0.403472900390625,0,0,SCALAR_BEKK_INTERNAL
2019-09-16,net_cashflows,USD,0.4028167724609375,0,0,SCALAR_BEKK_INTERNAL
2019-09-17,funded_assets,EUR,0.4524993896484375,0,0,SCALAR_BEKK_INTERNAL
2019-09-17,funded_assets,USD,0.4525146484375,0,0,SCALAR_BEKK_INTERNAL
2019-09-17,net_cashflows,EUR,0.7320709228515625,0,0,SCALAR_BEKK_INTERNAL
2019-09-17,net_cashflows,USD,0.7324371337890625,0,0,SCALAR_BEKK_INTERNAL
2019-09-18,funded_assets,EUR,0.1483306884765625,0,0,SCALAR_BEKK_INTERNAL
2019-09-18,funded_assets,USD,0.1479644775390625,0,0,SCALAR_BEKK_INTERNAL
2019-09-18,net_cashflows,EUR,0.4000091552734375,0,0,SCALAR_BEKK_INTERNAL
2019-09-18,net_cashflows,USD,0.3994293212890625,0,0,SCALAR_BEKK_INTERNAL
2019-09-19,funded_assets,EUR,0.1182861328125,0,0,SCALAR_BEKK_INTERNAL
2019-09-19,funded_assets,USD,0.1195831298828125,0,0,SCALAR_BEKK_INTERNAL
2019-09-19,net_cashflows,EUR,0.843048095703125,0,0,SCALAR_BEKK_INTERNAL
2019-09-19,net_cashflows,USD,0.84088134765625,0,0,SCALAR_BEKK_INTERNAL
2019-09-20,funded_assets,EUR,0.5546417236328125,0,0,SCALAR_BEKK_INTERNAL
2019-09-20,funded_assets,USD,0.5537261962890625,0,0,SCALAR_BEKK_INTERNAL
2019-09-20,net_cashflows,EUR,0.4447174072265625,0,0,SCALAR_BEKK_INTERNAL
2019-09-20,net_cashflows,USD,0.4455108642578125,0,0,SCALAR_BEKK_INTERNAL
2019-09-23,funded_assets,EUR,0.4085693359375,0,0,SCALAR_BEKK_INTERNAL
2019-09-23,funded_assets,USD,0.40826416015625,0,0,SCALAR_BEKK_INTERNAL
2019-09-23,net_cashflows,EUR,0.788787841796875,0,0,SCALAR_BEKK_INTERNAL
2019-09-23,net_cashflows,USD,0.78851318359375,0,0,SCALAR_BEKK_INTERNAL
2019-09-24,funded_assets,EUR,0.327972412109375,0,0,SCALAR_BEKK_INTERNAL
2019-09-24,funded_assets,USD,0.3287353515625,0,0,SCALAR_BEKK_INTERNAL
2019-09-24,net_cashflows,EUR,0.22882080078125,0,0,SCALAR_BEKK_INTERNAL
2019-09-24,net_cashflows,USD,0.22894287109375,0,0,SCALAR_BEKK_INTERNAL
2019-09-25,funded_assets,EUR,0.7010650634765625,0,0,SCALAR_BEKK_INTERNAL
2019-09-25,funded_assets,USD,0.69976806640625,0,0,SCALAR_BEKK_INTERNAL
2019-09-25,net_cashflows,EUR,0.3218841552734375,0,0,SCALAR_BEKK_INTERNAL
2019-09-25,net_cashflows,USD,0.3221893310546875,0,0,SCALAR_BEKK_INTERNAL
2019-09-26,funded_assets,EUR,0.166229248046875,0,0,SCALAR_BEKK_INTERNAL
2019-09-26,funded_assets,USD,0.1655120849609375,0,0,SCALAR_BEKK_INTERNAL
2019-09-26,net_cashflows,EUR,0.4811553955078125,0,0,SCALAR_BEKK_INTERNAL
2019-09-26,net_cashflows,USD,0.482025146484375,0,0,SCALAR_BEKK_INTERNAL
2019-09-27,funded_assets,EUR,0.8635406494140625,0,0,SCALAR_BEKK_INTERNAL
2019-09-27,funded_assets,USD,0.8616180419921875,0,0,SCALAR_BEKK_INTERNAL
2019-09-27,net_cashflows,EUR,0.2550811767578125,0,0,SCALAR_BEKK_INTERNAL
2019-09-27,net_cashflows,USD,0.2552642822265625,0,0,SCALAR_BEKK_INTERNAL
2019-09-30,funded_assets,EUR,0.5470123291015625,0,0,SCALAR_BEKK_INTERNAL
2019-09-30,funded_assets,USD,0.548370361328125,0,0,SCALAR_BEKK_INTERNAL
2019-09-30,net_cashflows,EUR,0.8011016845703125,0,0,SCALAR_BEKK_INTERNAL
2019-09-30,net_cashflows,USD,0.801025390625,0,0,SCALAR_BEKK_INTERNAL
2019-10-01,funded_assets,EUR,0.4865570068359375,0,0,SCALAR_BEKK_INTERNAL
2019-10-01,funded_assets,USD,0.486724853515625,0,0,SCALAR_BEKK_INTERNAL
2019-10-01,net_cashflows,EUR,0.724822998046875,0,0,SCALAR_BEKK_INTERNAL
2019-10-01,net_cashflows,USD,0.726318359375,0,0,SCALAR_BEKK_INTERNAL
2019-10-02,funded_assets,EUR,0.5678863525390625,0,0,SCALAR_BEKK_INTERNAL
2019-10-02,funded_assets,USD,0.5681915283203125,0,0,SCALAR_BEKK_INTERNAL
2019-10-02,net_cashflows,EUR,0.8281707763671875,0,0,SCALAR_BEKK_INTERNAL
2019-10-02,net_cashflows,USD,0.829559326171875,0,0,SCALAR_BEKK_INTERNAL
2019-10-03,funded_assets,EUR,0.67071533203125,0,0,SCALAR_BEKK_INTERNAL
2019-10-03,funded_assets,USD,0.67144775390625,0,0,SCALAR_BEKK_INTERNAL
2019-10-03,net_cashflows,EUR,0.4808197021484375,0,0,SCALAR_BEKK_INTERNAL
2019-10-03,net_cashflows,USD,0.481170654296875,0,0,SCALAR_BEKK_INTERNAL
2019-10-04,funded_assets,EUR,0.6346893310546875,0,0,SCALAR_BEKK_INTERNAL
2019-10-04,funded_assets,USD,0.63458251953125,0,0,SCALAR_BEKK_INTERNAL
2019-10-04,net_cashflows,EUR,0.6817474365234375,0,0,SCALAR_BEKK_INTERNAL
2019-10-04,net_cashflows,USD,0.681640625,0,0,SCALAR_BEKK_INTERNAL
2019-10-07,funded_assets,EUR,0.7170867919921875,0,0,SCALAR_BEKK_INTERNAL
2019-10-07,funded_assets,USD,0.7168121337890625,0,0,SCALAR_BEKK_INTERNAL
2019-10-07,net_cashflows,EUR,0.1846923828125,0,0,SCALAR_BEKK_INTERNAL
2019-10-07,net_cashflows,USD,0.18408203125,0,0,SCALAR_BEKK_INTERNAL
2019-10-08,funded_assets,EUR,0.8826141357421875,0,0,SCALAR_BEKK_INTERNAL
2019-10-08,funded_assets,USD,0.883087158203125,0,0,SCALAR_BEKK_INTERNAL
2019-10-08,net_cashflows,EUR,0.5409088134765625,0,0,SCALAR_BEKK_INTERNAL
2019-10-08,net_cashflows,USD,0.5391845703125,0,0,SCALAR_BEKK_INTERNAL
2019-10-09,funded_assets,EUR,0.1817779541015625,0,0,SCALAR_BEKK_INTERNAL
2019-10-09,funded_assets,USD,0.1800689697265625,0,0,SCALAR_BEKK_INTERNAL
2019-10-09,net_cashflows,EUR,0.002532958984375,0,0,SCALAR_BEKK_INTERNAL
2019-10-09,net_cashflows,USD,0.002349853515625,0,0,SCALAR_BEKK_INTERNAL
2019-10-10,funded_assets,EUR,0.4325103759765625,0,0,SCALAR_BEKK_INTERNAL
2019-10-10,funded_assets,USD,0.4328765869140625,0,0,SCALAR_BEKK_INTERNAL
2019-10-10,net_cashflows,EUR,0.8011016845703125,0,0,SCALAR_BEKK_INTERNAL
2019-10-10,net_cashflows,USD,0.8017120361328125,0,0,SCALAR_BEKK_INTERNAL
2019-10-11,funded_assets,EUR,0.132049560546875,0,0,SCALAR_BEKK_INTERNAL
2019-10-11,funded_assets,USD,0.132080078125,0,0,SCALAR_BEKK_INTERNAL
2019-10-11,net_cashflows,EUR,0.2795562744140625,0,0,SCALAR_BEKK_INTERNAL
2019-10-11,net_cashflows,USD,0.2792816162109375,0,0,SCALAR_BEKK_INTERNAL
2019-10-14,funded_assets,EUR,0.612060546875,0,0,SCALAR_BEKK_INTERNAL
2019-10-14,funded_assets,USD,0.611114501953125,0,0,SCALAR_BEKK_INTERNAL
2019-10-14,net_cashflows,EUR,0.2019195556640625,0,0,SCALAR_BEKK_INTERNAL
2019-10-14,net_cashflows,USD,0.2012176513671875,0,0,SCALAR_BEKK_INTERNAL
2019-10-15,funded_assets,EUR,0.9185943603515625,0,0,SCALAR_BEKK_INTERNAL
2019-10-15,funded_assets,USD,0.9196014404296875,0,0,SCALAR_BEKK_INTERNAL
2019-10-15,net_cashflows,EUR,0.7248687744140625,0,0,SCALAR_BEKK_INTERNAL
2019-10-15,net_cashflows,USD,0.7242584228515625,0,0,SCALAR_BEKK_INTERNAL
2019-10-16,funded_assets,EUR,0.504425048828125,0,0,SCALAR_BEKK_INTERNAL
2019-10-16,funded_assets,USD,0.5060882568359375,0,0,SCALAR_BEKK_INTERNAL
2019-10-16,net_cashflows,EUR,0.5291595458984375,0,0,SCALAR_BEKK_INTERNAL
2019-10-16,net_cashflows,USD,0.53021240234375,0,0,SCALAR_BEKK_INTERNAL
2019-10-17,funded_assets,EUR,0.505401611328125,0,0,SCALAR_BEKK_INTERNAL
2019-10-17,funded_assets,USD,0.5051422119140625,0,0,SCALAR_BEKK_INTERNAL
2019-10-17,net_cashflows,EUR,0.4199981689453125,0,0,SCALAR_BEKK_INTERNAL
2019-10-17,net_cashflows,USD,0.4196624755859375,0,0,SCALAR_BEKK_INTERNAL
2019-10-18,funded_assets,EUR,0.3379058837890625,0,0,SCALAR_BEKK_INTERNAL
2019-10-18,funded_assets,USD,0.3376617431640625,0,0,SCALAR_BEKK_INTERNAL
2019-10-18,net_cashflows,EUR,0.431732177734375,0,0,SCALAR_BEKK_INTERNAL
2019-10-18,net_cashflows,USD,0.43212890625,0,0,SCALAR_BEKK_INTERNAL
2019-10-21,funded_assets,EUR,0.5507659912109375,0,0,SCALAR_BEKK_INTERNAL
2019-10-21,funded_assets,USD,0.550537109375,0,0,SCALAR_BEKK_INTERNAL
2019-10-21,net_cashflows,EUR,0.6371307373046875,0,0,SCALAR_BEKK_INTERNAL
2019-10-21,net_cashflows,USD,0.636688232421875,0,0,SCALAR_BEKK_INTERNAL
2019-10-22,funded_assets,EUR,0.5830078125,0,0,SCALAR_BEKK_INTERNAL
2019-10-22,funded_assets,USD,0.5829315185546875,0,0,SCALAR_BEKK_INTERNAL
2019-10-22,net_cashflows,EUR,0.35662841796875,0,0,SCALAR_BEKK_INTERNAL
2019-10-22,net_cashflows,USD,0.356689453125,0,0,SCALAR_BEKK_INTERNAL
2019-10-23,funded_assets,EUR,0.4911651611328125,0,0,SCALAR_BEKK_INTERNAL
2019-10-23,funded_assets,USD,0.4910125732421875,0,0,SCALAR_BEKK_INTERNAL
2019-10-23,net_cashflows,EUR,0.553741455078125,0,0,SCALAR_BEKK_INTERNAL
2019-10-23,net_cashflows,USD,0.554290771484375,0,0,SCALAR_BEKK_INTERNAL
2019-10-24,funded_assets,EUR,0.45709228515625,0,0,SCALAR_BEKK_INTERNAL
2019-10-24,funded_assets,USD,0.4574432373046875,0,0,SCALAR_BEKK_INTERNAL
2019-10-24,net_cashflows,EUR,0.2011566162109375,0,0,SCALAR_BEKK_INTERNAL
2019-10-24,net_cashflows,USD,0.2017974853515625,0,0,SCALAR_BEKK_INTERNAL
2019-10-25,funded_assets,EUR,0.56622314453125,0,0,SCALAR_BEKK_INTERNAL
2019-10-25,funded_assets,USD,0.566070556640625,0,0,SCALAR_BEKK_INTERNAL
2019-10-25,net_cashflows,EUR,0.4871826171875,0,0,SCALAR_BEKK_INTERNAL
2019-10-25,net_cashflows,USD,0.4869537353515625,0,0,SCALAR_BEKK_INTERNAL
2019-10-28,funded_assets,EUR,0.4958343505859375,0,0,SCALAR_BEKK_INTERNAL
2019-10-28,funded_assets,USD,0.495849609375,0,0,SCALAR_BEKK_INTERNAL
2019-10-28,net_cashflows,EUR,0.5286102294921875,0,0,SCALAR_BEKK_INTERNAL
2019-10-28,net_cashflows,USD,0.5286102294921875,0,0,SCALAR_BEKK_INTERNAL
2019-10-29,funded_assets,EUR,0.4785003662109375,0,0,SCALAR_BEKK_INTERNAL
2019-10-29,funded_assets,USD,0.4781341552734375,0,0,SCALAR_BEKK_INTERNAL
2019-10-29,net_cashflows,EUR,0.900421142578125,0,0,SCALAR_BEKK_INTERNAL
2019-10-29,net_cashflows,USD,0.9006805419921875,0,0,SCALAR_BEKK_INTERNAL
2019-10-30,funded_assets,EUR,0.3524017333984375,0,0,SCALAR_BEKK_INTERNAL
2019-10-30,funded_assets,USD,0.351959228515625,0,0,SCALAR_BEKK_INTERNAL
2019-10-30,net_cashflows,EUR,0.4937896728515625,0,0,SCALAR_BEKK_INTERNAL
2019-10-30,net_cashflows,USD,0.493011474609375,0,0,SCALAR_BEKK_INTERNAL
2019-10-31,funded_assets,EUR,0.815765380859375,0,0,SCALAR_BEKK_INTERNAL
2019-10-31,funded_assets,USD,0.8149566650390625,0,0,SCALAR_BEKK_INTERNAL
2019-10-31,net_cashflows,EUR,0.4466094970703125,0,0,SCALAR_BEKK_INTERNAL
2019-10-31,net_cashflows,USD,0.4463958740234375,0,0,SCALAR_BEKK_INTERNAL
2019-11-01,funded_assets,EUR,0.249053955078125,0,0,SCALAR_BEKK_INTERNAL
2019-11-01,funded_assets,USD,0.24810791015625,0,0,SCALAR_BEKK_INTERNAL
2019-11-01,net_cashflows,EUR,0.1923370361328125,0,0,SCALAR_BEKK_INTERNAL
2019-11-01,net_cashflows,USD,0.19244384765625,0,0,SCALAR_BEKK_INTERNAL
2019-11-04,funded_assets,EUR,0.410797119140625,0,0,SCALAR_BEKK_INTERNAL
2019-11-04,funded_assets,USD,0.41162109375,0,0,SCALAR_BEKK_INTERNAL
2019-11-04,net_cashflows,EUR,0.373626708984375,0,0,SCALAR_BEKK_INTERNAL
2019-11-04,net_cashflows,USD,0.3748931884765625,0,0,SCALAR_BEKK_INTERNAL
2019-11-05,funded_assets,EUR,0.595489501953125,0,0,SCALAR_BEKK_INTERNAL
2019-11-05,funded_assets,USD,0.5954437255859375,0,0,SCALAR_BEKK_INTERNAL
2019-11-05,net_cashflows,EUR,0.535430908203125,0,0,SCALAR_BEKK_INTERNAL
2019-11-05,net_cashflows,USD,0.5352630615234375,0,0,SCALAR_BEKK_INTERNAL
2019-11-06,funded_assets,EUR,0.230194091796875,0,0,SCALAR_BEKK_INTERNAL
2019-11-06,funded_assets,USD,0.230133056640625,0,0,SCALAR_BEKK_INTERNAL
2019-11-06,net_cashflows,EUR,0.2635040283203125,0,0,SCALAR_BEKK_INTERNAL
2019-11-06,net_cashflows,USD,0.2644500732421875,0,0,SCALAR_BEKK_INTERNAL
2019-11-07,funded_assets,EUR,0.222747802734375,0,0,SCALAR_BEKK_INTERNAL
2019-11-07,funded_assets,USD,0.2227630615234375,0,0,SCALAR_BEKK_INTERNAL
2019-11-07,net_cashflows,EUR,0.7233123779296875,0,0,SCALAR_BEKK_INTERNAL
2019-11-07,net_cashflows,USD,0.722381591796875,0,0,SCALAR_BEKK_INTERNAL
2019-11-08,funded_assets,EUR,0.4195556640625,0,0,SCALAR_BEKK_INTERNAL
2019-11-08,funded_assets,USD,0.4202423095703125,0,0,SCALAR_BEKK_INTERNAL
2019-11-08,net_cashflows,EUR,0.392578125,0,0,SCALAR_BEKK_INTERNAL
2019-11-08,net_cashflows,USD,0.3920135498046875,0,0,SCALAR_BEKK_INTERNAL
2019-11-11,funded_assets,EUR,0.180389404296875,0,0,SCALAR_BEKK_INTERNAL
2019-11-11,funded_assets,USD,0.1805267333984375,0,0,SCALAR_BEKK_INTERNAL
2019-11-11,net_cashflows,EUR,0.8323211669921875,0,0,SCALAR_BEKK_INTERNAL
2019-11-11,net_cashflows,USD,0.8314971923828125,0,0,SCALAR_BEKK_INTERNAL
2019-11-12,funded_assets,EUR,0.2987823486328125,0,0,SCALAR_BEKK_INTERNAL
2019-11-12,funded_assets,USD,0.2990264892578125,0,0,SCALAR_BEKK_INTERNAL
2019-11-12,net_cashflows,EUR,0.6331939697265625,0,0,SCALAR_BEKK_INTERNAL
2019-11-12,net_cashflows,USD,0.6325836181640625,0,0,SCALAR_BEKK_INTERNAL
2019-11-13,funded_assets,EUR,0.837188720703125,0,0,SCALAR_BEKK_INTERNAL
2019-11-13,funded_assets,USD,0.8366851806640625,0,0,SCALAR_BEKK_INTERNAL
2019-11-13,net_cashflows,EUR,0.362945556640625,0,0,SCALAR_BEKK_INTERNAL
2019-11-13,net_cashflows,USD,0.3629913330078125,0,0,SCALAR_BEKK_INTERNAL
2019-11-14,funded_assets,EUR,0.7169952392578125,0,0,SCALAR_BEKK_INTERNAL
2019-11-14,funded_assets,USD,0.7186279296875,0,0,SCALAR_BEKK_INTERNAL
2019-11-14,net_cashflows,EUR,0.2275543212890625,0,0,SCALAR_BEKK_INTERNAL
2019-11-14,net_cashflows,USD,0.2259979248046875,0,0,SCALAR_BEKK_INTERNAL
2019-11-15,funded_assets,EUR,0.673004150390625,0,0,SCALAR_BEKK_INTERNAL
2019-11-15,funded_assets,USD,0.6733551025390625,0,0,SCALAR_BEKK_INTERNAL
2019-11-15,net_cashflows,EUR,0.6456298828125,0,0,SCALAR_BEKK_INTERNAL
2019-11-15,net_cashflows,USD,0.6457977294921875,0,0,SCALAR_BEKK_INTERNAL
2019-11-18,funded_assets,EUR,0.3708038330078125,0,0,SCALAR_BEKK_INTERNAL
2019-11-18,funded_assets,USD,0.3702850341796875,0,0,SCALAR_BEKK_INTERNAL
2019-11-18,net_cashflows,EUR,0.6555023193359375,0,0,SCALAR_BEKK_INTERNAL
2019-11-18,net_cashflows,USD,0.6549530029296875,0,0,SCALAR_BEKK_INTERNAL
2019-11-19,funded_assets,EUR,0.722412109375,0,0,SCALAR_BEKK_INTERNAL
2019-11-19,funded_assets,USD,0.7220001220703125,0,0,SCALAR_BEKK_INTERNAL
2019-11-19,net_cashflows,EUR,0.3728179931640625,0,0,SCALAR_BEKK_INTERNAL
2019-11-19,net_cashflows,USD,0.373046875,0,0,SCALAR_BEKK_INTERNAL
2019-11-20,funded_assets,EUR,0.44708251953125,0,0,SCALAR_BEKK_INTERNAL
2019-11-20,funded_assets,USD,0.446319580078125,0,0,SCALAR_BEKK_INTERNAL
2019-11-20,net_cashflows,EUR,0.592132568359375,0,0,SCALAR_BEKK_INTERNAL
2019-11-20,net_cashflows,USD,0.592315673828125,0,0,SCALAR_BEKK_INTERNAL
2019-11-21,funded_assets,EUR,0.175048828125,0,0,SCALAR_BEKK_INTERNAL
2019-11-21,funded_assets,USD,0.1762847900390625,0,0,SCALAR_BEKK_INTERNAL
2019-11-21,net_cashflows,EUR,0.186279296875,0,0,SCALAR_BEKK_INTERNAL
2019-11-21,net_cashflows,USD,0.1874237060546875,0,0,SCALAR_BEKK_INTERNAL
2019-11-22,funded_assets,EUR,0.690826416015625,0,0,SCALAR_BEKK_INTERNAL
2019-11-22,funded_assets,USD,0.689788818359375,0,0,SCALAR_BEKK_INTERNAL
2019-11-22,net_cashflows,EUR,0.50506591796875,0,0,SCALAR_BEKK_INTERNAL
2019-11-22,net_cashflows,USD,0.5047149658203125,0,0,SCALAR_BEKK_INTERNAL
2019-11-25,funded_assets,EUR,0.3805999755859375,0,0,SCALAR_BEKK_INTERNAL
2019-11-25,funded_assets,USD,0.3801116943359375,0,0,SCALAR_BEKK_INTERNAL
2019-11-25,net_cashflows,EUR,0.3462371826171875,0,0,SCALAR_BEKK_INTERNAL
2019-11-25,net_cashflows,USD,0.3462371826171875,0,0,SCALAR_BEKK_INTERNAL
2019-11-26,funded_assets,EUR,0.4945526123046875,0,0,SCALAR_BEKK_INTERNAL
2019-11-26,funded_assets,USD,0.494537353515625,0,0,SCALAR_BEKK_INTERNAL
2019-11-26,net_cashflows,EUR,0.255218505859375,0,0,SCALAR_BEKK_INTERNAL
2019-11-26,net_cashflows,USD,0.255523681640625,0,0,SCALAR_BEKK_INTERNAL
2019-11-27,funded_assets,EUR,0.4585113525390625,0,0,SCALAR_BEKK_INTERNAL
2019-11-27,funded_assets,USD,0.4584503173828125,0,0,SCALAR_BEKK_INTERNAL
2019-11-27,net_cashflows,EUR,0.359405517578125,0,0,SCALAR_BEKK_INTERNAL
2019-11-27,net_cashflows,USD,0.360321044921875,0,0,SCALAR_BEKK_INTERNAL
2019-11-28,funded_assets,EUR,0.6975860595703125,0,0,SCALAR_BEKK_INTERNAL
2019-11-28,funded_assets,USD,0.697479248046875,0,0,SCALAR_BEKK_INTERNAL
2019-11-28,net_cashflows,EUR,0.64556884765625,0,0,SCALAR_BEKK_INTERNAL
2019-11-28,net_cashflows,USD,0.64532470703125,0,0,SCALAR_BEKK_INTERNAL
2019-11-29,funded_assets,EUR,0.4019622802734375,0,0,SCALAR_BEKK_INTERNAL
2019-11-29,funded_assets,USD,0.4018096923828125,0,0,SCALAR_BEKK_INTERNAL
2019-11-29,net_cashflows,EUR,0.947235107421875,0,0,SCALAR_BEKK_INTERNAL
2019-11-29,net_cashflows,USD,0.9480743408203125,0,0,SCALAR_BEKK_INTERNAL
2019-12-02,funded_assets,EUR,0.3542633056640625,0,0,SCALAR_BEKK_INTERNAL
2019-12-02,funded_assets,USD,0.353179931640625,0,0,SCALAR_BEKK_INTERNAL
2019-12-02,net_cashflows,EUR,0.373809814453125,0,0,SCALAR_BEKK_INTERNAL
2019-12-02,net_cashflows,USD,0.37347412109375,0,0,SCALAR_BEKK_INTERNAL
2019-12-03,funded_assets,EUR,0.5824127197265625,0,0,SCALAR_BEKK_INTERNAL
2019-12-03,funded_assets,USD,0.582244873046875,0,0,SCALAR_BEKK_INTERNAL
2019-12-03,net_cashflows,EUR,0.4185943603515625,0,0,SCALAR_BEKK_INTERNAL
2019-12-03,net_cashflows,USD,0.4180145263671875,0,0,SCALAR_BEKK_INTERNAL
2019-12-04,funded_assets,EUR,0.4454498291015625,0,0,SCALAR_BEKK_INTERNAL
2019-12-04,funded_assets,USD,0.4453277587890625,0,0,SCALAR_BEKK_INTERNAL
2019-12-04,net_cashflows,EUR,0.6035003662109375,0,0,SCALAR_BEKK_INTERNAL
2019-12-04,net_cashflows,USD,0.6036529541015625,0,0,SCALAR_BEKK_INTERNAL
2019-12-05,funded_assets,EUR,0.261505126953125,0,0,SCALAR_BEKK_INTERNAL
2019-12-05,funded_assets,USD,0.26129150390625,0,0,SCALAR_BEKK_INTERNAL
2019-12-05,net_cashflows,EUR,0.4823455810546875,0,0,SCALAR_BEKK_INTERNAL
2019-12-05,net_cashflows,USD,0.4822998046875,0,0,SCALAR_BEKK_INTERNAL
2019-12-06,funded_assets,EUR,0.3885345458984375,0,0,SCALAR_BEKK_INTERNAL
2019-12-06,funded_assets,USD,0.3886260986328125,0,0,SCALAR_BEKK_INTERNAL
2019-12-06,net_cashflows,EUR,0.5622100830078125,0,0,SCALAR_BEKK_INTERNAL
2019-12-06,net_cashflows,USD,0.562225341796875,0,0,SCALAR_BEKK_INTERNAL
2019-12-09,funded_assets,EUR,0.5981903076171875,0,0,SCALAR_BEKK_INTERNAL
2019-12-09,funded_assets,USD,0.5981597900390625,0,0,SCALAR_BEKK_INTERNAL
2019-12-09,net_cashflows,EUR,0.4662017822265625,0,0,SCALAR_BEKK_INTERNAL
2019-12-09,net_cashflows,USD,0.466094970703125,0,0,SCALAR_BEKK_INTERNAL
2019-12-10,funded_assets,EUR,0.897735595703125,0,0,SCALAR_BEKK_INTERNAL
2019-12-10,funded_assets,USD,0.898223876953125,0,0,SCALAR_BEKK_INTERNAL
2019-12-10,net_cashflows,EUR,0.6763458251953125,0,0,SCALAR_BEKK_INTERNAL
2019-12-10,net_cashflows,USD,0.676849365234375,0,0,SCALAR_BEKK_INTERNAL
2019-12-11,funded_assets,EUR,0.718597412109375,0,0,SCALAR_BEKK_INTERNAL
2019-12-11,funded_assets,USD,0.721038818359375,0,0,SCALAR_BEKK_INTERNAL
2019-12-11,net_cashflows,EUR,0.0260772705078125,0,0,SCALAR_BEKK_INTERNAL
2019-12-11,net_cashflows,USD,0.0244903564453125,0,0,SCALAR_BEKK_INTERNAL
2019-12-12,funded_assets,EUR,0.2165679931640625,0,0,SCALAR_BEKK_INTERNAL
2019-12-12,funded_assets,USD,0.2153167724609375,0,0,SCALAR_BEKK_INTERNAL
2019-12-12,net_cashflows,EUR,0.6075897216796875,0,0,SCALAR_BEKK_INTERNAL
2019-12-12,net_cashflows,USD,0.609619140625,0,0,SCALAR_BEKK_INTERNAL
2019-12-13,funded_assets,EUR,0.933990478515625,0,0,SCALAR_BEKK_INTERNAL
2019-12-13,funded_assets,USD,0.932830810546875,0,0,SCALAR_BEKK_INTERNAL
2019-12-13,net_cashflows,EUR,0.75091552734375,0,0,SCALAR_BEKK_INTERNAL
2019-12-13,net_cashflows,USD,0.7505035400390625,0,0,SCALAR_BEKK_INTERNAL
2019-12-16,funded_assets,EUR,0.2714691162109375,0,0,SCALAR_BEKK_INTERNAL
2019-12-16,funded_assets,USD,0.269500732421875,0,0,SCALAR_BEKK_INTERNAL
2019-12-16,net_cashflows,EUR,0.595611572265625,0,0,SCALAR_BEKK_INTERNAL
2019-12-16,net_cashflows,USD,0.5943756103515625,0,0,SCALAR_BEKK_INTERNAL
2019-12-17,funded_assets,EUR,0.4589691162109375,0,0,SCALAR_BEKK_INTERNAL
2019-12-17,funded_assets,USD,0.4588623046875,0,0,SCALAR_BEKK_INTERNAL
2019-12-17,net_cashflows,EUR,0.604705810546875,0,0,SCALAR_BEKK_INTERNAL
2019-12-17,net_cashflows,USD,0.60443115234375,0,0,SCALAR_BEKK_INTERNAL
2019-12-18,funded_assets,EUR,0.3241729736328125,0,0,SCALAR_BEKK_INTERNAL
2019-12-18,funded_assets,USD,0.3242340087890625,0,0,SCALAR_BEKK_INTERNAL
2019-12-18,net_cashflows,EUR,0.6315460205078125,0,0,SCALAR_BEKK_INTERNAL
2019-12-18,net_cashflows,USD,0.63104248046875,0,0,SCALAR_BEKK_INTERNAL
2019-12-19,funded_assets,EUR,0.585540771484375,0,0,SCALAR_BEKK_INTERNAL
2019-12-19,funded_assets,USD,0.585601806640625,0,0,SCALAR_BEKK_INTERNAL
2019-12-19,net_cashflows,EUR,0.5859222412109375,0,0,SCALAR_BEKK_INTERNAL
2019-12-19,net_cashflows,USD,0.5852813720703125,0,0,SCALAR_BEKK_INTERNAL
2019-12-20,funded_assets,EUR,0.483978271484375,0,0,SCALAR_BEKK_INTERNAL
2019-12-20,funded_assets,USD,0.483917236328125,0,0,SCALAR_BEKK_INTERNAL
2019-12-20,net_cashflows,EUR,0.463592529296875,0,0,SCALAR_BEKK_INTERNAL
2019-12-20,net_cashflows,USD,0.4636688232421875,0,0,SCALAR_BEKK_INTERNAL
2019-12-23,funded_assets,EUR,0.8242340087890625,0,0,SCALAR_BEKK_INTERNAL
2019-12-23,funded_assets,USD,0.824920654296875,0,0,SCALAR_BEKK_INTERNAL
2019-12-23,net_cashflows,EUR,0.3809814453125,0,0,SCALAR_BEKK_INTERNAL
2019-12-23,net_cashflows,USD,0.3798828125,0,0,SCALAR_BEKK_INTERNAL
2019-12-24,funded_assets,EUR,0.5752716064453125,0,0,SCALAR_BEKK_INTERNAL
2019-12-24,funded_assets,USD,0.57733154296875,0,0,SCALAR_BEKK_INTERNAL
2019-12-24,net_cashflows,EUR,0.8112030029296875,0,0,SCALAR_BEKK_INTERNAL
2019-12-24,net_cashflows,USD,0.8130950927734375,0,0,SCALAR_BEKK_INTERNAL
2019-12-27,funded_assets,EUR,0.472076416015625,0,0,SCALAR_BEKK_INTERNAL
2019-12-27,funded_assets,USD,0.4722442626953125,0,0,SCALAR_BEKK_INTERNAL
2019-12-27,net_cashflows,EUR,0.8733367919921875,0,0,SCALAR_BEKK_INTERNAL
2019-12-27,net_cashflows,USD,0.8753662109375,0,0,SCALAR_BEKK_INTERNAL
2019-12-30,funded_assets,EUR,0.2876129150390625,0,0,SCALAR_BEKK_INTERNAL
2019-12-30,funded_assets,USD,0.287200927734375,0,0,SCALAR_BEKK_INTERNAL
2019-12-30,net_cashflows,EUR,0.235748291015625,0,0,SCALAR_BEKK_INTERNAL
2019-12-30,net_cashflows,USD,0.23406982421875,0,0,SCALAR_BEKK_INTERNAL
2019-12-31,funded_assets,EUR,0.1523590087890625,0,0,SCALAR_BEKK_INTERNAL
2019-12-31,funded_assets,USD,0.153717041015625,0,0,SCALAR_BEKK_INTERNAL
2019-12-31,net_cashflows,EUR,0.8464508056640625,0,0,SCALAR_BEKK_INTERNAL
2019-12-31,net_cashflows,USD,0.84503173828125,0,0,SCALAR_BEKK_INTERNAL
2020-01-02,funded_assets,EUR,0.87017822265625,0,0,SCALAR_BEKK_INTERNAL
2020-01-02,funded_assets,USD,0.86859130859375,0,0,SCALAR_BEKK_INTERNAL
2020-01-02,net_cashflows,EUR,0.597869873046875,0,0,SCALAR_BEKK_INTERNAL
2020-01-02,net_cashflows,USD,0.5997161865234375,0,0,SCALAR_BEKK_INTERNAL
2020-01-03,funded_assets,EUR,0.4429473876953125,0,0,SCALAR_BEKK_INTERNAL
2020-01-03,funded_assets,USD,0.441650390625,0,0,SCALAR_BEKK_INTERNAL
2020-01-03,net_cashflows,EUR,0.237518310546875,0,0,SCALAR_BEKK_INTERNAL
2020-01-03,net_cashflows,USD,0.2368927001953125,0,0,SCALAR_BEKK_INTERNAL
2020-01-06,funded_assets,EUR,0.0405120849609375,0,0,SCALAR_BEKK_INTERNAL
2020-01-06,funded_assets,USD,0.0412445068359375,0,0,SCALAR_BEKK_INTERNAL
2020-01-06,net_cashflows,EUR,0.3389434814453125,0,0,SCALAR_BEKK_INTERNAL
2020-01-06,net_cashflows,USD,0.3410797119140625,0,0,SCALAR_BEKK_INTERNAL
2020-01-07,funded_assets,EUR,0.8919525146484375,0,0,SCALAR_BEKK_INTERNAL
2020-01-07,funded_assets,USD,0.890289306640625,0,0,SCALAR_BEKK_INTERNAL
2020-01-07,net_cashflows,EUR,0.14776611328125,0,0,SCALAR_BEKK_INTERNAL
2020-01-07,net_cashflows,USD,0.148681640625,0,0,SCALAR_BEKK_INTERNAL
2020-01-08,funded_assets,EUR,0.27825927734375,0,0,SCALAR_BEKK_INTERNAL
2020-01-08,funded_assets,USD,0.2772674560546875,0,0,SCALAR_BEKK_INTERNAL
2020-01-08,net_cashflows,EUR,0.1480712890625,0,0,SCALAR_BEKK_INTERNAL
2020-01-08,net_cashflows,USD,0.1486053466796875,0,0,SCALAR_BEKK_INTERNAL
2020-01-09,funded_assets,EUR,0.968719482421875,0,0,SCALAR_BEKK_INTERNAL
2020-01-09,funded_assets,USD,0.968017578125,0,0,SCALAR_BEKK_INTERNAL
2020-01-09,net_cashflows,EUR,0.7270965576171875,0,0,SCALAR_BEKK_INTERNAL
2020-01-09,net_cashflows,USD,0.726226806640625,0,0,SCALAR_BEKK_INTERNAL
2020-01-10,funded_assets,EUR,0.2574615478515625,0,0,SCALAR_BEKK_INTERNAL
2020-01-10,funded_assets,USD,0.2561187744140625,0,0,SCALAR_BEKK_INTERNAL
2020-01-10,net_cashflows,EUR,0.515655517578125,0,0,SCALAR_BEKK_INTERNAL
2020-01-10,net_cashflows,USD,0.51531982421875,0,0,SCALAR_BEKK_INTERNAL
2020-01-13,funded_assets,EUR,0.6043853759765625,0,0,SCALAR_BEKK_INTERNAL
2020-01-13,funded_assets,USD,0.6038818359375,0,0,SCALAR_BEKK_INTERNAL
2020-01-13,net_cashflows,EUR,0.7459869384765625,0,0,SCALAR_BEKK_INTERNAL
2020-01-13,net_cashflows,USD,0.74615478515625,0,0,SCALAR_BEKK_INTERNAL
2020-01-14,funded_assets,EUR,0.57305908203125,0,0,SCALAR_BEKK_INTERNAL
2020-01-14,funded_assets,USD,0.5735015869140625,0,0,SCALAR_BEKK_INTERNAL
2020-01-14,net_cashflows,EUR,0.502471923828125,0,0,SCALAR_BEKK_INTERNAL
2020-01-14,net_cashflows,USD,0.502960205078125,0,0,SCALAR_BEKK_INTERNAL
2020-01-15,funded_assets,EUR,0.0788726806640625,0,0,SCALAR_BEKK_INTERNAL
2020-01-15,funded_assets,USD,0.078338623046875,0,0,SCALAR_BEKK_INTERNAL
2020-01-15,net_cashflows,EUR,0.189422607421875,0,0,SCALAR_BEKK_INTERNAL
2020-01-15,net_cashflows,USD,0.1895599365234375,0,0,SCALAR_BEKK_INTERNAL
2020-01-16,funded_assets,EUR,0.439361572265625,0,0,SCALAR_BEKK_INTERNAL
2020-01-16,funded_assets,USD,0.441070556640625,0,0,SCALAR_BEKK_INTERNAL
2020-01-16,net_cashflows,EUR,0.4324188232421875,0,0,SCALAR_BEKK_INTERNAL
2020-01-16,net_cashflows,USD,0.4334869384765625,0,0,SCALAR_BEKK_INTERNAL
2020-01-17,funded_assets,EUR,0.571624755859375,0,0,SCALAR_BEKK_INTERNAL
2020-01-17,funded_assets,USD,0.5715789794921875,0,0,SCALAR_BEKK_INTERNAL
2020-01-17,net_cashflows,EUR,0.561798095703125,0,0,SCALAR_BEKK_INTERNAL
2020-01-17,net_cashflows,USD,0.5618438720703125,0,0,SCALAR_BEKK_INTERNAL
2020-01-20,funded_assets,EUR,0.1266937255859375,0,0,SCALAR_BEKK_INTERNAL
2020-01-20,funded_assets,USD,0.1256561279296875,0,0,SCALAR_BEKK_INTERNAL
2020-01-20,net_cashflows,EUR,0.253814697265625,0,0,SCALAR_BEKK_INTERNAL
2020-01-20,net_cashflows,USD,0.2535552978515625,0,0,SCALAR_BEKK_INTERNAL
2020-01-21,funded_assets,EUR,0.305419921875,0,0,SCALAR_BEKK_INTERNAL
2020-01-21,funded_assets,USD,0.3056488037109375,0,0,SCALAR_BEKK_INTERNAL
2020-01-21,net_cashflows,EUR,0.8564453125,0,0,SCALAR_BEKK_INTERNAL
2020-01-21,net_cashflows,USD,0.8558349609375,0,0,SCALAR_BEKK_INTERNAL
2020-01-22,funded_assets,EUR,0.0808258056640625,0,0,SCALAR_BEKK_INTERNAL
2020-01-22,funded_assets,USD,0.0812530517578125,0,0,SCALAR_BEKK_INTERNAL
2020-01-22,net_cashflows,EUR,0.3636627197265625,0,0,SCALAR_BEKK_INTERNAL
2020-01-22,net_cashflows,USD,0.3621978759765625,0,0,SCALAR_BEKK_INTERNAL
2020-01-23,funded_assets,EUR,0.1587371826171875,0,0,SCALAR_BEKK_INTERNAL
2020-01-23,funded_assets,USD,0.1596527099609375,0,0,SCALAR_BEKK_INTERNAL
2020-01-23,net_cashflows,EUR,0.923583984375,0,0,SCALAR_BEKK_INTERNAL
2020-01-23,net_cashflows,USD,0.9219512939453125,0,0,SCALAR_BEKK_INTERNAL
2020-01-24,funded_assets,EUR,0.567596435546875,0,0,SCALAR_BEKK_INTERNAL
2020-01-24,funded_assets,USD,0.5680694580078125,0,0,SCALAR_BEKK_INTERNAL
2020-01-24,net_cashflows,EUR,0.367919921875,0,0,SCALAR_BEKK_INTERNAL
2020-01-24,net_cashflows,USD,0.3672637939453125,0,0,SCALAR_BEKK_INTERNAL
2020-01-27,funded_assets,EUR,0.5858917236328125,0,0,SCALAR_BEKK_INTERNAL
2020-01-27,funded_assets,USD,0.5858612060546875,0,0,SCALAR_BEKK_INTERNAL
2020-01-27,net_cashflows,EUR,0.304046630859375,0,0,SCALAR_BEKK_INTERNAL
2020-01-27,net_cashflows,USD,0.304473876953125,0,0,SCALAR_BEKK_INTERNAL
2020-01-28,funded_assets,EUR,0.2623443603515625,0,0,SCALAR_BEKK_INTERNAL
2020-01-28,funded_assets,USD,0.2616729736328125,0,0,SCALAR_BEKK_INTERNAL
2020-01-28,net_cashflows,EUR,0.8058624267578125,0,0,SCALAR_BEKK_INTERNAL
2020-01-28,net_cashflows,USD,0.8058013916015625,0,0,SCALAR_BEKK_INTERNAL
2020-01-29,funded_assets,EUR,0.70037841796875,0,0,SCALAR_BEKK_INTERNAL
2020-01-29,funded_assets,USD,0.70050048828125,0,0,SCALAR_BEKK_INTERNAL
2020-01-29,net_cashflows,EUR,0.4792938232421875,0,0,SCALAR_BEKK_INTERNAL
2020-01-29,net_cashflows,USD,0.4801025390625,0,0,SCALAR_BEKK_INTERNAL
2020-01-30,funded_assets,EUR,0.672607421875,0,0,SCALAR_BEKK_INTERNAL
2020-01-30,funded_assets,USD,0.6732177734375,0,0,SCALAR_BEKK_INTERNAL
2020-01-30,net_cashflows,EUR,0.92376708984375,0,0,SCALAR_BEKK_INTERNAL
2020-01-30,net_cashflows,USD,0.9240264892578125,0,0,SCALAR_BEKK_INTERNAL
2020-01-31,funded_assets,EUR,0.734161376953125,0,0,SCALAR_BEKK_INTERNAL
2020-01-31,funded_assets,USD,0.733428955078125,0,0,SCALAR_BEKK_INTERNAL
2020-01-31,net_cashflows,EUR,0.0797119140625,0,0,SCALAR_BEKK_INTERNAL
2020-01-31,net_cashflows,USD,0.0791778564453125,0,0,SCALAR_BEKK_INTERNAL
2020-02-03,funded_assets,EUR,0.388427734375,0,0,SCALAR_BEKK_INTERNAL
2020-02-03,funded_assets,USD,0.388275146484375,0,0,SCALAR_BEKK_INTERNAL
2020-02-03,net_cashflows,EUR,0.0411224365234375,0,0,SCALAR_BEKK_INTERNAL
2020-02-03,net_cashflows,USD,0.041717529296875,0,0,SCALAR_BEKK_INTERNAL
2020-02-04,funded_assets,EUR,0.5879058837890625,0,0,SCALAR_BEKK_INTERNAL
2020-02-04,funded_assets,USD,0.5877532958984375,0,0,SCALAR_BEKK_INTERNAL
2020-02-04,net_cashflows,EUR,0.4790802001953125,0,0,SCALAR_BEKK_INTERNAL
2020-02-04,net_cashflows,USD,0.4805755615234375,0,0,SCALAR_BEKK_INTERNAL
2020-02-05,funded_assets,EUR,0.181732177734375,0,0,SCALAR_BEKK_INTERNAL
2020-02-05,funded_assets,USD,0.182098388671875,0,0,SCALAR_BEKK_INTERNAL
2020-02-05,net_cashflows,EUR,0.420562744140625,0,0,SCALAR_BEKK_INTERNAL
2020-02-05,net_cashflows,USD,0.4211273193359375,0,0,SCALAR_BEKK_INTERNAL
2020-02-06,funded_assets,EUR,0.254302978515625,0,0,SCALAR_BEKK_INTERNAL
2020-02-06,funded_assets,USD,0.2554931640625,0,0,SCALAR_BEKK_INTERNAL
2020-02-06,net_cashflows,EUR,0.5311279296875,0,0,SCALAR_BEKK_INTERNAL
2020-02-06,net_cashflows,USD,0.5311737060546875,0,0,SCALAR_BEKK_INTERNAL
2020-02-07,funded_assets,EUR,0.05364990234375,0,0,SCALAR_BEKK_INTERNAL
2020-02-07,funded_assets,USD,0.0543670654296875,0,0,SCALAR_BEKK_INTERNAL
2020-02-07,net_cashflows,EUR,0.380401611328125,0,0,SCALAR_BEKK_INTERNAL
2020-02-07,net_cashflows,USD,0.3807830810546875,0,0,SCALAR_BEKK_INTERNAL
2020-02-10,funded_assets,EUR,0.427886962890625,0,0,SCALAR_BEKK_INTERNAL
2020-02-10,funded_assets,USD,0.4272003173828125,0,0,SCALAR_BEKK_INTERNAL
2020-02-10,net_cashflows,EUR,0.448699951171875,0,0,SCALAR_BEKK_INTERNAL
2020-02-10,net_cashflows,USD,0.4485015869140625,0,0,SCALAR_BEKK_INTERNAL
2020-02-11,funded_assets,EUR,0.018341064453125,0,0,SCALAR_BEKK_INTERNAL
2020-02-11,funded_assets,USD,0.0181427001953125,0,0,SCALAR_BEKK_INTERNAL
2020-02-11,net_cashflows,EUR,0.4245758056640625,0,0,SCALAR_BEKK_INTERNAL
2020-02-11,net_cashflows,USD,0.425323486328125,0,0,SCALAR_BEKK_INTERNAL
2020-02-12,funded_assets,EUR,0.3135833740234375,0,0,SCALAR_BEKK_INTERNAL
2020-02-12,funded_assets,USD,0.316436767578125,0,0,SCALAR_BEKK_INTERNAL
2020-02-12,net_cashflows,EUR,0.2436981201171875,0,0,SCALAR_BEKK_INTERNAL
2020-02-12,net_cashflows,USD,0.245025634765625,0,0,SCALAR_BEKK_INTERNAL
2020-02-13,funded_assets,EUR,0.4651641845703125,0,0,SCALAR_BEKK_INTERNAL
2020-02-13,funded_assets,USD,0.4654998779296875,0,0,SCALAR_BEKK_INTERNAL
2020-02-13,net_cashflows,EUR,0.4735870361328125,0,0,SCALAR_BEKK_INTERNAL
2020-02-13,net_cashflows,USD,0.4740142822265625,0,0,SCALAR_BEKK_INTERNAL
2020-02-14,funded_assets,EUR,0.156585693359375,0,0,SCALAR_BEKK_INTERNAL
2020-02-14,funded_assets,USD,0.156341552734375,0,0,SCALAR_BEKK_INTERNAL
2020-02-14,net_cashflows,EUR,0.569915771484375,0,0,SCALAR_BEKK_INTERNAL
2020-02-14,net_cashflows,USD,0.57000732421875,0,0,SCALAR_BEKK_INTERNAL
2020-02-17,funded_assets,EUR,0.739959716796875,0,0,SCALAR_BEKK_INTERNAL
2020-02-17,funded_assets,USD,0.7393798828125,0,0,SCALAR_BEKK_INTERNAL
2020-02-17,net_cashflows,EUR,0.0839080810546875,0,0,SCALAR_BEKK_INTERNAL
2020-02-17,net_cashflows,USD,0.0840606689453125,0,0,SCALAR_BEKK_INTERNAL
2020-02-18,funded_assets,EUR,0.972442626953125,0,0,SCALAR_BEKK_INTERNAL
2020-02-18,funded_assets,USD,0.97161865234375,0,0,SCALAR_BEKK_INTERNAL
2020-02-18,net_cashflows,EUR,0.0202178955078125,0,0,SCALAR_BEKK_INTERNAL
2020-02-18,net_cashflows,USD,0.020172119140625,0,0,SCALAR_BEKK_INTERNAL
2020-02-19,funded_assets,EUR,0.3868560791015625,0,0,SCALAR_BEKK_INTERNAL
2020-02-19,funded_assets,USD,0.3874969482421875,0,0,SCALAR_BEKK_INTERNAL
2020-02-19,net_cashflows,EUR,0.4622344970703125,0,0,SCALAR_BEKK_INTERNAL
2020-02-19,net_cashflows,USD,0.46124267578125,0,0,SCALAR_BEKK_INTERNAL
2020-02-20,funded_assets,EUR,0.5330047607421875,0,0,SCALAR_BEKK_INTERNAL
2020-02-20,funded_assets,USD,0.532958984375,0,0,SCALAR_BEKK_INTERNAL
2020-02-20,net_cashflows,EUR,0.919708251953125,0,0,SCALAR_BEKK_INTERNAL
2020-02-20,net_cashflows,USD,0.9198150634765625,0,0,SCALAR_BEKK_INTERNAL
2020-02-21,funded_assets,EUR,0.304656982421875,0,0,SCALAR_BEKK_INTERNAL
2020-02-21,funded_assets,USD,0.303955078125,0,0,SCALAR_BEKK_INTERNAL
2020-02-21,net_cashflows,EUR,0.890655517578125,0,0,SCALAR_BEKK_INTERNAL
2020-02-21,net_cashflows,USD,0.8914642333984375,0,0,SCALAR_BEKK_INTERNAL
2020-02-24,funded_assets,EUR,0.87249755859375,0,0,SCALAR_BEKK_INTERNAL
2020-02-24,funded_assets,USD,0.8726043701171875,0,0,SCALAR_BEKK_INTERNAL
2020-02-24,net_cashflows,EUR,0.7975921630859375,0,0,SCALAR_BEKK_INTERNAL
2020-02-24,net_cashflows,USD,0.7997283935546875,0,0,SCALAR_BEKK_INTERNAL
2020-02-25,funded_assets,EUR,0.98663330078125,0,0,SCALAR_BEKK_INTERNAL
2020-02-25,funded_assets,USD,0.987274169921875,0,0,SCALAR_BEKK_INTERNAL
2020-02-25,net_cashflows,EUR,0.9623565673828125,0,0,SCALAR_BEKK_INTERNAL
2020-02-25,net_cashflows,USD,0.964111328125,0,0,SCALAR_BEKK_INTERNAL
2020-02-26,funded_assets,EUR,0.2824249267578125,0,0,SCALAR_BEKK_INTERNAL
2020-02-26,funded_assets,USD,0.2812042236328125,0,0,SCALAR_BEKK_INTERNAL
2020-02-26,net_cashflows,EUR,0.9868316650390625,0,0,SCALAR_BEKK_INTERNAL
2020-02-26,net_cashflows,USD,0.987274169921875,0,0,SCALAR_BEKK_INTERNAL
2020-02-27,funded_assets,EUR,0.999603271484375,0,0,SCALAR_BEKK_INTERNAL
2020-02-27,funded_assets,USD,0.999603271484375,0,0,SCALAR_BEKK_INTERNAL
2020-02-27,net_cashflows,EUR,0.99749755859375,0,0,SCALAR_BEKK_INTERNAL
2020-02-27,net_cashflows,USD,0.9977569580078125,0,0,SCALAR_BEKK_INTERNAL
2020-02-28,funded_assets,EUR,0.3850555419921875,0,0,SCALAR_BEKK_INTERNAL
2020-02-28,funded_assets,USD,0.38287353515625,0,0,SCALAR_BEKK_INTERNAL
2020-02-28,net_cashflows,EUR,0.4942474365234375,0,0,SCALAR_BEKK_INTERNAL
2020-02-28,net_cashflows,USD,0.493438720703125,0,0,SCALAR_BEKK_INTERNAL
2020-03-02,funded_assets,EUR,0.4123382568359375,0,0,SCALAR_BEKK_INTERNAL
2020-03-02,funded_assets,USD,0.4122314453125,0,0,SCALAR_BEKK_INTERNAL
2020-03-02,net_cashflows,EUR,0.609771728515625,0,0,SCALAR_BEKK_INTERNAL
2020-03-02,net_cashflows,USD,0.609649658203125,0,0,SCALAR_BEKK_INTERNAL
2020-03-03,funded_assets,EUR,0.67236328125,0,0,SCALAR_BEKK_INTERNAL
2020-03-03,funded_assets,USD,0.672760009765625,0,0,SCALAR_BEKK_INTERNAL
2020-03-03,net_cashflows,EUR,0.7899169921875,0,0,SCALAR_BEKK_INTERNAL
2020-03-03,net_cashflows,USD,0.7913970947265625,0,0,SCALAR_BEKK_INTERNAL
2020-03-04,funded_assets,EUR,0.72760009765625,0,0,SCALAR_BEKK_INTERNAL
2020-03-04,funded_assets,USD,0.73248291015625,0,0,SCALAR_BEKK_INTERNAL
2020-03-04,net_cashflows,EUR,0.999969482421875,0,0,SCALAR_BEKK_INTERNAL
2020-03-04,net_cashflows,USD,0.999969482421875,0,0,SCALAR_BEKK_INTERNAL
2020-03-05,funded_assets,EUR,0.379425048828125,0,0,SCALAR_BEKK_INTERNAL
2020-03-05,funded_assets,USD,0.379150390625,0,0,SCALAR_BEKK_INTERNAL
2020-03-05,net_cashflows,EUR,0.999969482421875,0,0,SCALAR_BEKK_INTERNAL
2020-03-05,net_cashflows,USD,1,0,1,SCALAR_BEKK_INTERNAL
2020-03-06,funded_assets,EUR,0.736907958984375,0,0,SCALAR_BEKK_INTERNAL
2020-03-06,funded_assets,USD,0.7378082275390625,0,0,SCALAR_BEKK_INTERNAL
2020-03-06,net_cashflows,EUR,0.0074005126953125,0,0,SCALAR_BEKK_INTERNAL
2020-03-06,net_cashflows,USD,0.00640869140625,0,0,SCALAR_BEKK_INTERNAL
2020-03-09,funded_assets,EUR,0.4132537841796875,0,0,SCALAR_BEKK_INTERNAL
2020-03-09,funded_assets,USD,0.4130859375,0,0,SCALAR_BEKK_INTERNAL
2020-03-09,net_cashflows,EUR,0.3195953369140625,0,0,SCALAR_BEKK_INTERNAL
2020-03-09,net_cashflows,USD,0.3248138427734375,0,0,SCALAR_BEKK_INTERNAL
2020-03-10,funded_assets,EUR,0.0755615234375,0,0,SCALAR_BEKK_INTERNAL
2020-03-10,funded_assets,USD,0.0775909423828125,0,0,SCALAR_BEKK_INTERNAL
2020-03-10,net_cashflows,EUR,0.8274383544921875,0,0,SCALAR_BEKK_INTERNAL
2020-03-10,net_cashflows,USD,0.82452392578125,0,0,SCALAR_BEKK_INTERNAL
2020-03-11,funded_assets,EUR,0.9347686767578125,0,0,SCALAR_BEKK_INTERNAL
2020-03-11,funded_assets,USD,0.9321746826171875,0,0,SCALAR_BEKK_INTERNAL
2020-03-11,net_cashflows,EUR,0.00048828125,0,0,SCALAR_BEKK_INTERNAL
2020-03-11,net_cashflows,USD,0.00048828125,0,0,SCALAR_BEKK_INTERNAL
2020-03-12,funded_assets,EUR,0.7575225830078125,0,0,SCALAR_BEKK_INTERNAL
2020-03-12,funded_assets,USD,0.75738525390625,0,0,SCALAR_BEKK_INTERNAL
2020-03-12,net_cashflows,EUR,0.9958953857421875,0,0,SCALAR_BEKK_INTERNAL
2020-03-12,net_cashflows,USD,0.99530029296875,0,0,SCALAR_BEKK_INTERNAL
2020-03-13,funded_assets,EUR,0.0691375732421875,0,0,SCALAR_BEKK_INTERNAL
2020-03-13,funded_assets,USD,0.0693817138671875,0,0,SCALAR_BEKK_INTERNAL
2020-03-13,net_cashflows,EUR,0.0408782958984375,0,0,SCALAR_BEKK_INTERNAL
2020-03-13,net_cashflows,USD,0.0384063720703125,0,0,SCALAR_BEKK_INTERNAL
2020-03-16,funded_assets,EUR,0.836822509765625,0,0,SCALAR_BEKK_INTERNAL
2020-03-16,funded_assets,USD,0.8330535888671875,0,0,SCALAR_BEKK_INTERNAL
2020-03-16,net_cashflows,EUR,0.4156036376953125,0,0,SCALAR_BEKK_INTERNAL
2020-03-16,net_cashflows,USD,0.4195098876953125,0,0,SCALAR_BEKK_INTERNAL
2020-03-17,funded_assets,EUR,0.5750885009765625,0,0,SCALAR_BEKK_INTERNAL
2020-03-17,funded_assets,USD,0.5688629150390625,0,0,SCALAR_BEKK_INTERNAL
2020-03-17,net_cashflows,EUR,0.0556793212890625,0,0,SCALAR_BEKK_INTERNAL
2020-03-17,net_cashflows,USD,0.0573272705078125,0,0,SCALAR_BEKK_INTERNAL
2020-03-18,funded_assets,EUR,0.007781982421875,0,0,SCALAR_BEKK_INTERNAL
2020-03-18,funded_assets,USD,0.0081787109375,0,0,SCALAR_BEKK_INTERNAL
2020-03-18,net_cashflows,EUR,0.0779266357421875,0,0,SCALAR_BEKK_INTERNAL
2020-03-18,net_cashflows,USD,0.082611083984375,0,0,SCALAR_BEKK_INTERNAL
2020-03-19,funded_assets,EUR,0.9981536865234375,0,0,SCALAR_BEKK_INTERNAL
2020-03-19,funded_assets,USD,0.9979705810546875,0,0,SCALAR_BEKK_INTERNAL
2020-03-19,net_cashflows,EUR,0.731170654296875,0,0,SCALAR_BEKK_INTERNAL
2020-03-19,net_cashflows,USD,0.72711181640625,0,0,SCALAR_BEKK_INTERNAL
2020-03-20,funded_assets,EUR,0.56011962890625,0,0,SCALAR_BEKK_INTERNAL
2020-03-20,funded_assets,USD,0.5675048828125,0,0,SCALAR_BEKK_INTERNAL
2020-03-20,net_cashflows,EUR,0.4345703125,0,0,SCALAR_BEKK_INTERNAL
2020-03-20,net_cashflows,USD,0.4350128173828125,0,0,SCALAR_BEKK_INTERNAL
2020-03-23,funded_assets,EUR,0.5114898681640625,0,0,SCALAR_BEKK_INTERNAL
2020-03-23,funded_assets,USD,0.511383056640625,0,0,SCALAR_BEKK_INTERNAL
2020-03-23,net_cashflows,EUR,0.1702117919921875,0,0,SCALAR_BEKK_INTERNAL
2020-03-23,net_cashflows,USD,0.1681976318359375,0,0,SCALAR_BEKK_INTERNAL
2020-03-24,funded_assets,EUR,0.79571533203125,0,0,SCALAR_BEKK_INTERNAL
2020-03-24,funded_assets,USD,0.798248291015625,0,0,SCALAR_BEKK_INTERNAL
2020-03-24,net_cashflows,EUR,0.9479827880859375,0,0,SCALAR_BEKK_INTERNAL
2020-03-24,net_cashflows,USD,0.9474334716796875,0,0,SCALAR_BEKK_INTERNAL
2020-03-25,funded_assets,EUR,0.0184478759765625,0,0,SCALAR_BEKK_INTERNAL
2020-03-25,funded_assets,USD,0.016815185546875,0,0,SCALAR_BEKK_INTERNAL
2020-03-25,net_cashflows,EUR,0.6237030029296875,0,0,SCALAR_BEKK_INTERNAL
2020-03-25,net_cashflows,USD,0.6249237060546875,0,0,SCALAR_BEKK_INTERNAL
2020-03-26,funded_assets,EUR,0.336273193359375,0,0,SCALAR_BEKK_INTERNAL
2020-03-26,funded_assets,USD,0.3309783935546875,0,0,SCALAR_BEKK_INTERNAL
2020-03-26,net_cashflows,EUR,0.641693115234375,0,0,SCALAR_BEKK_INTERNAL
2020-03-26,net_cashflows,USD,0.6423492431640625,0,0,SCALAR_BEKK_INTERNAL
2020-03-27,funded_assets,EUR,0.190826416015625,0,0,SCALAR_BEKK_INTERNAL
2020-03-27,funded_assets,USD,0.191497802734375,0,0,SCALAR_BEKK_INTERNAL
2020-03-27,net_cashflows,EUR,0.2584228515625,0,0,SCALAR_BEKK_INTERNAL
2020-03-27,net_cashflows,USD,0.2573394775390625,0,0,SCALAR_BEKK_INTERNAL
2020-03-30,funded_assets,EUR,0.1095428466796875,0,0,SCALAR_BEKK_INTERNAL
2020-03-30,funded_assets,USD,0.1109771728515625,0,0,SCALAR_BEKK_INTERNAL
2020-03-30,net_cashflows,EUR,0.794586181640625,0,0,SCALAR_BEKK_INTERNAL
2020-03-30,net_cashflows,USD,0.792205810546875,0,0,SCALAR_BEKK_INTERNAL
2020-03-31,funded_assets,EUR,0.1201629638671875,0,0,SCALAR_BEKK_INTERNAL
2020-03-31,funded_assets,USD,0.121124267578125,0,0,SCALAR_BEKK_INTERNAL
2020-03-31,net_cashflows,EUR,0.4497222900390625,0,0,SCALAR_BEKK_INTERNAL
2020-03-31,net_cashflows,USD,0.449005126953125,0,0,SCALAR_BEKK_INTERNAL
2020-04-01,funded_assets,EUR,0.2350616455078125,0,0,SCALAR_BEKK_INTERNAL
2020-04-01,funded_assets,USD,0.2412109375,0,0,SCALAR_BEKK_INTERNAL
2020-04-01,net_cashflows,EUR,0.1053466796875,0,0,SCALAR_BEKK_INTERNAL
2020-04-01,net_cashflows,USD,0.10772705078125,0,0,SCALAR_BEKK_INTERNAL
2020-04-02,funded_assets,EUR,0.6404571533203125,0,0,SCALAR_BEKK_INTERNAL
2020-04-02,funded_assets,USD,0.638458251953125,0,0,SCALAR_BEKK_INTERNAL
2020-04-02,net_cashflows,EUR,0.356719970703125,0,0,SCALAR_BEKK_INTERNAL
2020-04-02,net_cashflows,USD,0.3572845458984375,0,0,SCALAR_BEKK_INTERNAL
2020-04-03,funded_assets,EUR,0.9439697265625,0,0,SCALAR_BEKK_INTERNAL
2020-04-03,funded_assets,USD,0.9448089599609375,0,0,SCALAR_BEKK_INTERNAL
2020-04-03,net_cashflows,EUR,0.5944061279296875,0,0,SCALAR_BEKK_INTERNAL
2020-04-03,net_cashflows,USD,0.5941009521484375,0,0,SCALAR_BEKK_INTERNAL
2020-04-06,funded_assets,EUR,0.30499267578125,0,0,SCALAR_BEKK_INTERNAL
2020-04-06,funded_assets,USD,0.302581787109375,0,0,SCALAR_BEKK_INTERNAL
2020-04-06,net_cashflows,EUR,0.5303802490234375,0,0,SCALAR_BEKK_INTERNAL
2020-04-06,net_cashflows,USD,0.5304718017578125,0,0,SCALAR_BEKK_INTERNAL
2020-04-07,funded_assets,EUR,0.3595733642578125,0,0,SCALAR_BEKK_INTERNAL
2020-04-07,funded_assets,USD,0.3596649169921875,0,0,SCALAR_BEKK_INTERNAL
2020-04-07,net_cashflows,EUR,0.43267822265625,0,0,SCALAR_BEKK_INTERNAL
2020-04-07,net_cashflows,USD,0.4324951171875,0,0,SCALAR_BEKK_INTERNAL
2020-04-08,funded_assets,EUR,0.4424591064453125,0,0,SCALAR_BEKK_INTERNAL
2020-04-08,funded_assets,USD,0.4409332275390625,0,0,SCALAR_BEKK_INTERNAL
2020-04-08,net_cashflows,EUR,0.9378814697265625,0,0,SCALAR_BEKK_INTERNAL
2020-04-08,net_cashflows,USD,0.9380035400390625,0,0,SCALAR_BEKK_INTERNAL
2020-04-09,funded_assets,EUR,0.2421875,0,0,SCALAR_BEKK_INTERNAL
2020-04-09,funded_assets,USD,0.2409210205078125,0,0,SCALAR_BEKK_INTERNAL
2020-04-09,net_cashflows,EUR,0.43743896484375,0,0,SCALAR_BEKK_INTERNAL
2020-04-09,net_cashflows,USD,0.4329986572265625,0,0,SCALAR_BEKK_INTERNAL
2020-04-14,funded_assets,EUR,0.3335113525390625,0,0,SCALAR_BEKK_INTERNAL
2020-04-14,funded_assets,USD,0.3345947265625,0,0,SCALAR_BEKK_INTERNAL
2020-04-14,net_cashflows,EUR,0.4381866455078125,0,0,SCALAR_BEKK_INTERNAL
2020-04-14,net_cashflows,USD,0.4387054443359375,0,0,SCALAR_BEKK_INTERNAL
2020-04-15,funded_assets,EUR,0.295684814453125,0,0,SCALAR_BEKK_INTERNAL
2020-04-15,funded_assets,USD,0.2967376708984375,0,0,SCALAR_BEKK_INTERNAL
2020-04-15,net_cashflows,EUR,0.4256439208984375,0,0,SCALAR_BEKK_INTERNAL
2020-04-15,net_cashflows,USD,0.4261016845703125,0,0,SCALAR_BEKK_INTERNAL
2020-04-16,funded_assets,EUR,0.6957244873046875,0,0,SCALAR_BEKK_INTERNAL
2020-04-16,funded_assets,USD,0.6949462890625,0,0,SCALAR_BEKK_INTERNAL
2020-04-16,net_cashflows,EUR,0.4599761962890625,0,0,SCALAR_BEKK_INTERNAL
2020-04-16,net_cashflows,USD,0.4600372314453125,0,0,SCALAR_BEKK_INTERNAL
2020-04-17,funded_assets,EUR,0.512481689453125,0,0,SCALAR_BEKK_INTERNAL
2020-04-17,funded_assets,USD,0.5118865966796875,0,0,SCALAR_BEKK_INTERNAL
2020-04-17,net_cashflows,EUR,0.732025146484375,0,0,SCALAR_BEKK_INTERNAL
2020-04-17,net_cashflows,USD,0.7313690185546875,0,0,SCALAR_BEKK_INTERNAL
2020-04-20,funded_assets,EUR,0.6947174072265625,0,0,SCALAR_BEKK_INTERNAL
2020-04-20,funded_assets,USD,0.69439697265625,0,0,SCALAR_BEKK_INTERNAL
2020-04-20,net_cashflows,EUR,0.3853607177734375,0,0,SCALAR_BEKK_INTERNAL
2020-04-20,net_cashflows,USD,0.3857421875,0,0,SCALAR_BEKK_INTERNAL
2020-04-21,funded_assets,EUR,0.0155181884765625,0,0,SCALAR_BEKK_INTERNAL
2020-04-21,funded_assets,USD,0.0152435302734375,0,0,SCALAR_BEKK_INTERNAL
2020-04-21,net_cashflows,EUR,0.37939453125,0,0,SCALAR_BEKK_INTERNAL
2020-04-21,net_cashflows,USD,0.38104248046875,0,0,SCALAR_BEKK_INTERNAL
2020-04-22,funded_assets,EUR,0.822784423828125,0,0,SCALAR_BEKK_INTERNAL
2020-04-22,funded_assets,USD,0.8187255859375,0,0,SCALAR_BEKK_INTERNAL
2020-04-22,net_cashflows,EUR,0.4825897216796875,0,0,SCALAR_BEKK_INTERNAL
2020-04-22,net_cashflows,USD,0.4822845458984375,0,0,SCALAR_BEKK_INTERNAL
2020-04-23,funded_assets,EUR,0.6544342041015625,0,0,SCALAR_BEKK_INTERNAL
2020-04-23,funded_assets,USD,0.6566009521484375,0,0,SCALAR_BEKK_INTERNAL
2020-04-23,net_cashflows,EUR,0.639892578125,0,0,SCALAR_BEKK_INTERNAL
2020-04-23,net_cashflows,USD,0.640716552734375,0,0,SCALAR_BEKK_INTERNAL
2020-04-24,funded_assets,EUR,0.545379638671875,0,0,SCALAR_BEKK_INTERNAL
2020-04-24,funded_assets,USD,0.5460052490234375,0,0,SCALAR_BEKK_INTERNAL
2020-04-24,net_cashflows,EUR,0.5789642333984375,0,0,SCALAR_BEKK_INTERNAL
2020-04-24,net_cashflows,USD,0.58001708984375,0,0,SCALAR_BEKK_INTERNAL
2020-04-27,funded_assets,EUR,0.3223724365234375,0,0,SCALAR_BEKK_INTERNAL
2020-04-27,funded_assets,USD,0.3219451904296875,0,0,SCALAR_BEKK_INTERNAL
2020-04-27,net_cashflows,EUR,0.6035919189453125,0,0,SCALAR_BEKK_INTERNAL
2020-04-27,net_cashflows,USD,0.602996826171875,0,0,SCALAR_BEKK_INTERNAL
2020-04-28,funded_assets,EUR,0.4842376708984375,0,0,SCALAR_BEKK_INTERNAL
2020-04-28,funded_assets,USD,0.483673095703125,0,0,SCALAR_BEKK_INTERNAL
2020-04-28,net_cashflows,EUR,0.5030059814453125,0,0,SCALAR_BEKK_INTERNAL
2020-04-28,net_cashflows,USD,0.5035400390625,0,0,SCALAR_BEKK_INTERNAL
2020-04-29,funded_assets,EUR,0.96990966796875,0,0,SCALAR_BEKK_INTERNAL
2020-04-29,funded_assets,USD,0.9699859619140625,0,0,SCALAR_BEKK_INTERNAL
2020-04-29,net_cashflows,EUR,0.677276611328125,0,0,SCALAR_BEKK_INTERNAL
2020-04-29,net_cashflows,USD,0.678436279296875,0,0,SCALAR_BEKK_INTERNAL
2020-04-30,funded_assets,EUR,0.0117950439453125,0,0,SCALAR_BEKK_INTERNAL
2020-04-30,funded_assets,USD,0.0110321044921875,0,0,SCALAR_BEKK_INTERNAL
2020-04-30,net_cashflows,EUR,0.3152618408203125,0,0,SCALAR_BEKK_INTERNAL
2020-04-30,net_cashflows,USD,0.3140716552734375,0,0,SCALAR_BEKK_INTERNAL
2020-05-04,funded_assets,EUR,0.2171478271484375,0,0,SCALAR_BEKK_INTERNAL
2020-05-04,funded_assets,USD,0.2216949462890625,0,0,SCALAR_BEKK_INTERNAL
2020-05-04,net_cashflows,EUR,0.727569580078125,0,0,SCALAR_BEKK_INTERNAL
2020-05-04,net_cashflows,USD,0.725677490234375,0,0,SCALAR_BEKK_INTERNAL
2020-05-05,funded_assets,EUR,0.5762481689453125,0,0,SCALAR_BEKK_INTERNAL
2020-05-05,funded_assets,USD,0.5764007568359375,0,0,SCALAR_BEKK_INTERNAL
2020-05-05,net_cashflows,EUR,0.296905517578125,0,0,SCALAR_BEKK_INTERNAL
2020-05-05,net_cashflows,USD,0.2970733642578125,0,0,SCALAR_BEKK_INTERNAL
2020-05-06,funded_assets,EUR,0.768096923828125,0,0,SCALAR_BEKK_INTERNAL
2020-05-06,funded_assets,USD,0.7685699462890625,0,0,SCALAR_BEKK_INTERNAL
2020-05-06,net_cashflows,EUR,0.6795196533203125,0,0,SCALAR_BEKK_INTERNAL
2020-05-06,net_cashflows,USD,0.6787261962890625,0,0,SCALAR_BEKK_INTERNAL
2020-05-07,funded_assets,EUR,0.734130859375,0,0,SCALAR_BEKK_INTERNAL
2020-05-07,funded_assets,USD,0.734039306640625,0,0,SCALAR_BEKK_INTERNAL
2020-05-07,net_cashflows,EUR,0.1862640380859375,0,0,SCALAR_BEKK_INTERNAL
2020-05-07,net_cashflows,USD,0.184234619140625,0,0,SCALAR_BEKK_INTERNAL
2020-05-08,funded_assets,EUR,0.6636962890625,0,0,SCALAR_BEKK_INTERNAL
2020-05-08,funded_assets,USD,0.6643829345703125,0,0,SCALAR_BEKK_INTERNAL
2020-05-08,net_cashflows,EUR,0.511871337890625,0,0,SCALAR_BEKK_INTERNAL
2020-05-08,net_cashflows,USD,0.510772705078125,0,0,SCALAR_BEKK_INTERNAL
2020-05-11,funded_assets,EUR,0.66082763671875,0,0,SCALAR_BEKK_INTERNAL
2020-05-11,funded_assets,USD,0.6614990234375,0,0,SCALAR_BEKK_INTERNAL
2020-05-11,net_cashflows,EUR,0.7561187744140625,0,0,SCALAR_BEKK_INTERNAL
2020-05-11,net_cashflows,USD,0.7564697265625,0,0,SCALAR_BEKK_INTERNAL
2020-05-12,funded_assets,EUR,0.1519317626953125,0,0,SCALAR_BEKK_INTERNAL
2020-05-12,funded_assets,USD,0.151641845703125,0,0,SCALAR_BEKK_INTERNAL
2020-05-12,net_cashflows,EUR,0.4275360107421875,0,0,SCALAR_BEKK_INTERNAL
2020-05-12,net_cashflows,USD,0.425689697265625,0,0,SCALAR_BEKK_INTERNAL
2020-05-13,funded_assets,EUR,0.619842529296875,0,0,SCALAR_BEKK_INTERNAL
2020-05-13,funded_assets,USD,0.61871337890625,0,0,SCALAR_BEKK_INTERNAL
2020-05-13,net_cashflows,EUR,0.5549163818359375,0,0,SCALAR_BEKK_INTERNAL
2020-05-13,net_cashflows,USD,0.5543975830078125,0,0,SCALAR_BEKK_INTERNAL
2020-05-14,funded_assets,EUR,0.8821868896484375,0,0,SCALAR_BEKK_INTERNAL
2020-05-14,funded_assets,USD,0.88201904296875,0,0,SCALAR_BEKK_INTERNAL
2020-05-14,net_cashflows,EUR,0.4184417724609375,0,0,SCALAR_BEKK_INTERNAL
2020-05-14,net_cashflows,USD,0.4184112548828125,0,0,SCALAR_BEKK_INTERNAL
2020-05-15,funded_assets,EUR,0.9971771240234375,0,0,SCALAR_BEKK_INTERNAL
2020-05-15,funded_assets,USD,0.997344970703125,0,0,SCALAR_BEKK_INTERNAL
2020-05-15,net_cashflows,EUR,0.233856201171875,0,0,SCALAR_BEKK_INTERNAL
2020-05-15,net_cashflows,USD,0.2296295166015625,0,0,SCALAR_BEKK_INTERNAL
2020-05-18,funded_assets,EUR,0.30706787109375,0,0,SCALAR_BEKK_INTERNAL
2020-05-18,funded_assets,USD,0.3054962158203125,0,0,SCALAR_BEKK_INTERNAL
2020-05-18,net_cashflows,EUR,0.68865966796875,0,0,SCALAR_BEKK_INTERNAL
2020-05-18,net_cashflows,USD,0.6905059814453125,0,0,SCALAR_BEKK_INTERNAL
2020-05-19,funded_assets,EUR,0.90130615234375,0,0,SCALAR_BEKK_INTERNAL
2020-05-19,funded_assets,USD,0.9005889892578125,0,0,SCALAR_BEKK_INTERNAL
2020-05-19,net_cashflows,EUR,0.523345947265625,0,0,SCALAR_BEKK_INTERNAL
2020-05-19,net_cashflows,USD,0.5241851806640625,0,0,SCALAR_BEKK_INTERNAL
2020-05-20,funded_assets,EUR,0.0356903076171875,0,0,SCALAR_BEKK_INTERNAL
2020-05-20,funded_assets,USD,0.03466796875,0,0,SCALAR_BEKK_INTERNAL
2020-05-20,net_cashflows,EUR,0.444305419921875,0,0,SCALAR_BEKK_INTERNAL
2020-05-20,net_cashflows,USD,0.444366455078125,0,0,SCALAR_BEKK_INTERNAL
2020-05-21,funded_assets,EUR,0.5689239501953125,0,0,SCALAR_BEKK_INTERNAL
2020-05-21,funded_assets,USD,0.56793212890625,0,0,SCALAR_BEKK_INTERNAL
2020-05-21,net_cashflows,EUR,0.4052734375,0,0,SCALAR_BEKK_INTERNAL
2020-05-21,net_cashflows,USD,0.405975341796875,0,0,SCALAR_BEKK_INTERNAL
2020-05-22,funded_assets,EUR,0.57952880859375,0,0,SCALAR_BEKK_INTERNAL
2020-05-22,funded_assets,USD,0.5804290771484375,0,0,SCALAR_BEKK_INTERNAL
2020-05-22,net_cashflows,EUR,0.5802459716796875,0,0,SCALAR_BEKK_INTERNAL
2020-05-22,net_cashflows,USD,0.58013916015625,0,0,SCALAR_BEKK_INTERNAL
2020-05-25,funded_assets,EUR,0.9349212646484375,0,0,SCALAR_BEKK_INTERNAL
2020-05-25,funded_assets,USD,0.9351806640625,0,0,SCALAR_BEKK_INTERNAL
2020-05-25,net_cashflows,EUR,0.211151123046875,0,0,SCALAR_BEKK_INTERNAL
2020-05-25,net_cashflows,USD,0.2088165283203125,0,0,SCALAR_BEKK_INTERNAL
2020-05-26,funded_assets,EUR,0.650970458984375,0,0,SCALAR_BEKK_INTERNAL
2020-05-26,funded_assets,USD,0.6530303955078125,0,0,SCALAR_BEKK_INTERNAL
2020-05-26,net_cashflows,EUR,0.6191864013671875,0,0,SCALAR_BEKK_INTERNAL
2020-05-26,net_cashflows,USD,0.6187896728515625,0,0,SCALAR_BEKK_INTERNAL
2020-05-27,funded_assets,EUR,0.94488525390625,0,0,SCALAR_BEKK_INTERNAL
2020-05-27,funded_assets,USD,0.94580078125,0,0,SCALAR_BEKK_INTERNAL
2020-05-27,net_cashflows,EUR,0.8751068115234375,0,0,SCALAR_BEKK_INTERNAL
2020-05-27,net_cashflows,USD,0.8780975341796875,0,0,SCALAR_BEKK_INTERNAL
2020-05-28,funded_assets,EUR,0.3377838134765625,0,0,SCALAR_BEKK_INTERNAL
2020-05-28,funded_assets,USD,0.335296630859375,0,0,SCALAR_BEKK_INTERNAL
2020-05-28,net_cashflows,EUR,0.2034454345703125,0,0,SCALAR_BEKK_INTERNAL
2020-05-28,net_cashflows,USD,0.2004852294921875,0,0,SCALAR_BEKK_INTERNAL
2020-05-29,funded_assets,EUR,0.809173583984375,0,0,SCALAR_BEKK_INTERNAL
2020-05-29,funded_assets,USD,0.8084869384765625,0,0,SCALAR_BEKK_INTERNAL
2020-05-29,net_cashflows,EUR,0.134246826171875,0,0,SCALAR_BEKK_INTERNAL
2020-05-29,net_cashflows,USD,0.1318511962890625,0,0,SCALAR_BEKK_INTERNAL
2020-06-01,funded_assets,EUR,0.80364990234375,0,0,SCALAR_BEKK_INTERNAL
2020-06-01,funded_assets,USD,0.8050537109375,0,0,SCALAR_BEKK_INTERNAL
2020-06-01,net_cashflows,EUR,0.1640167236328125,0,0,SCALAR_BEKK_INTERNAL
2020-06-01,net_cashflows,USD,0.161376953125,0,0,SCALAR_BEKK_INTERNAL
2020-06-02,funded_assets,EUR,0.90533447265625,0,0,SCALAR_BEKK_INTERNAL
2020-06-02,funded_assets,USD,0.9063720703125,0,0,SCALAR_BEKK_INTERNAL
2020-06-02,net_cashflows,EUR,0.595458984375,0,0,SCALAR_BEKK_INTERNAL
2020-06-02,net_cashflows,USD,0.59375,0,0,SCALAR_BEKK_INTERNAL
2020-06-03,funded_assets,EUR,0.937744140625,0,0,SCALAR_BEKK_INTERNAL
2020-06-03,funded_assets,USD,0.93951416015625,0,0,SCALAR_BEKK_INTERNAL
2020-06-03,net_cashflows,EUR,0.160797119140625,0,0,SCALAR_BEKK_INTERNAL
2020-06-03,net_cashflows,USD,0.1576995849609375,0,0,SCALAR_BEKK_INTERNAL
2020-06-04,funded_assets,EUR,0.230224609375,0,0,SCALAR_BEKK_INTERNAL
2020-06-04,funded_assets,USD,0.2269287109375,0,0,SCALAR_BEKK_INTERNAL
2020-06-04,net_cashflows,EUR,0.3155975341796875,0,0,SCALAR_BEKK_INTERNAL
2020-06-04,net_cashflows,USD,0.3163299560546875,0,0,SCALAR_BEKK_INTERNAL
2020-06-05,funded_assets,EUR,0.1001129150390625,0,0,SCALAR_BEKK_INTERNAL
2020-06-05,funded_assets,USD,0.09942626953125,0,0,SCALAR_BEKK_INTERNAL
2020-06-05,net_cashflows,EUR,0.9889068603515625,0,0,SCALAR_BEKK_INTERNAL
2020-06-05,net_cashflows,USD,0.9885711669921875,0,0,SCALAR_BEKK_INTERNAL
2020-06-08,funded_assets,EUR,0.6329803466796875,0,0,SCALAR_BEKK_INTERNAL
2020-06-08,funded_assets,USD,0.6305999755859375,0,0,SCALAR_BEKK_INTERNAL
2020-06-08,net_cashflows,EUR,0.909423828125,0,0,SCALAR_BEKK_INTERNAL
2020-06-08,net_cashflows,USD,0.913360595703125,0,0,SCALAR_BEKK_INTERNAL
2020-06-09,funded_assets,EUR,0.337738037109375,0,0,SCALAR_BEKK_INTERNAL
2020-06-09,funded_assets,USD,0.3362884521484375,0,0,SCALAR_BEKK_INTERNAL
2020-06-09,net_cashflows,EUR,0.88330078125,0,0,SCALAR_BEKK_INTERNAL
2020-06-09,net_cashflows,USD,0.8830718994140625,0,0,SCALAR_BEKK_INTERNAL
2020-06-10,funded_assets,EUR,0.3267974853515625,0,0,SCALAR_BEKK_INTERNAL
2020-06-10,funded_assets,USD,0.328033447265625,0,0,SCALAR_BEKK_INTERNAL
2020-06-10,net_cashflows,EUR,0.3279266357421875,0,0,SCALAR_BEKK_INTERNAL
2020-06-10,net_cashflows,USD,0.326934814453125,0,0,SCALAR_BEKK_INTERNAL
2020-06-11,funded_assets,EUR,0.2371826171875,0,0,SCALAR_BEKK_INTERNAL
2020-06-11,funded_assets,USD,0.2392425537109375,0,0,SCALAR_BEKK_INTERNAL
2020-06-11,net_cashflows,EUR,0.4181671142578125,0,0,SCALAR_BEKK_INTERNAL
2020-06-11,net_cashflows,USD,0.4197540283203125,0,0,SCALAR_BEKK_INTERNAL
2020-06-12,funded_assets,EUR,0.7662811279296875,0,0,SCALAR_BEKK_INTERNAL
2020-06-12,funded_assets,USD,0.7646942138671875,0,0,SCALAR_BEKK_INTERNAL
2020-06-12,net_cashflows,EUR,0.409759521484375,0,0,SCALAR_BEKK_INTERNAL
2020-06-12,net_cashflows,USD,0.409210205078125,0,0,SCALAR_BEKK_INTERNAL
2020-06-15,funded_assets,EUR,0.11669921875,0,0,SCALAR_BEKK_INTERNAL
2020-06-15,funded_assets,USD,0.1150665283203125,0,0,SCALAR_BEKK_INTERNAL
2020-06-15,net_cashflows,EUR,0.518768310546875,0,0,SCALAR_BEKK_INTERNAL
2020-06-15,net_cashflows,USD,0.5191192626953125,0,0,SCALAR_BEKK_INTERNAL
2020-06-16,funded_assets,EUR,0.4959564208984375,0,0,SCALAR_BEKK_INTERNAL
2020-06-16,funded_assets,USD,0.496246337890625,0,0,SCALAR_BEKK_INTERNAL
2020-06-16,net_cashflows,EUR,0.8216400146484375,0,0,SCALAR_BEKK_INTERNAL
2020-06-16,net_cashflows,USD,0.8191375732421875,0,0,SCALAR_BEKK_INTERNAL
2020-06-17,funded_assets,EUR,0.5364990234375,0,0,SCALAR_BEKK_INTERNAL
2020-06-17,funded_assets,USD,0.536346435546875,0,0,SCALAR_BEKK_INTERNAL
2020-06-17,net_cashflows,EUR,0.6631927490234375,0,0,SCALAR_BEKK_INTERNAL
2020-06-17,net_cashflows,USD,0.6622314453125,0,0,SCALAR_BEKK_INTERNAL
2020-06-18,funded_assets,EUR,0.4710540771484375,0,0,SCALAR_BEKK_INTERNAL
2020-06-18,funded_assets,USD,0.4710845947265625,0,0,SCALAR_BEKK_INTERNAL
2020-06-18,net_cashflows,EUR,0.425140380859375,0,0,SCALAR_BEKK_INTERNAL
2020-06-18,net_cashflows,USD,0.4251251220703125,0,0,SCALAR_BEKK_INTERNAL
2020-06-19,funded_assets,EUR,0.974090576171875,0,0,SCALAR_BEKK_INTERNAL
2020-06-19,funded_assets,USD,0.974151611328125,0,0,SCALAR_BEKK_INTERNAL
2020-06-19,net_cashflows,EUR,0.5385894775390625,0,0,SCALAR_BEKK_INTERNAL
2020-06-19,net_cashflows,USD,0.53826904296875,0,0,SCALAR_BEKK_INTERNAL
2020-06-22,funded_assets,EUR,0.1252593994140625,0,0,SCALAR_BEKK_INTERNAL
2020-06-22,funded_assets,USD,0.12176513671875,0,0,SCALAR_BEKK_INTERNAL
2020-06-22,net_cashflows,EUR,0.6324920654296875,0,0,SCALAR_BEKK_INTERNAL
2020-06-22,net_cashflows,USD,0.633026123046875,0,0,SCALAR_BEKK_INTERNAL
2020-06-23,funded_assets,EUR,0.153594970703125,0,0,SCALAR_BEKK_INTERNAL
2020-06-23,funded_assets,USD,0.1568450927734375,0,0,SCALAR_BEKK_INTERNAL
2020-06-23,net_cashflows,EUR,0.133758544921875,0,0,SCALAR_BEKK_INTERNAL
2020-06-23,net_cashflows,USD,0.13519287109375,0,0,SCALAR_BEKK_INTERNAL
2020-06-24,funded_assets,EUR,0.5832061767578125,0,0,SCALAR_BEKK_INTERNAL
2020-06-24,funded_assets,USD,0.5822601318359375,0,0,SCALAR_BEKK_INTERNAL
2020-06-24,net_cashflows,EUR,0.8285675048828125,0,0,SCALAR_BEKK_INTERNAL
2020-06-24,net_cashflows,USD,0.8268280029296875,0,0,SCALAR_BEKK_INTERNAL
2020-06-25,funded_assets,EUR,0.9802398681640625,0,0,SCALAR_BEKK_INTERNAL
2020-06-25,funded_assets,USD,0.980255126953125,0,0,SCALAR_BEKK_INTERNAL
2020-06-25,net_cashflows,EUR,0.4987030029296875,0,0,SCALAR_BEKK_INTERNAL
2020-06-25,net_cashflows,USD,0.501007080078125,0,0,SCALAR_BEKK_INTERNAL
2020-06-26,funded_assets,EUR,0.1191558837890625,0,0,SCALAR_BEKK_INTERNAL
2020-06-26,funded_assets,USD,0.1151580810546875,0,0,SCALAR_BEKK_INTERNAL
2020-06-26,net_cashflows,EUR,0.14776611328125,0,0,SCALAR_BEKK_INTERNAL
2020-06-26,net_cashflows,USD,0.1478118896484375,0,0,SCALAR_BEKK_INTERNAL
2020-06-29,funded_assets,EUR,0.1494293212890625,0,0,SCALAR_BEKK_INTERNAL
2020-06-29,funded_assets,USD,0.150177001953125,0,0,SCALAR_BEKK_INTERNAL
2020-06-29,net_cashflows,EUR,0.6256561279296875,0,0,SCALAR_BEKK_INTERNAL
2020-06-29,net_cashflows,USD,0.6248016357421875,0,0,SCALAR_BEKK_INTERNAL
2020-06-30,funded_assets,EUR,0.8655548095703125,0,0,SCALAR_BEKK_INTERNAL
2020-06-30,funded_assets,USD,0.8646087646484375,0,0,SCALAR_BEKK_INTERNAL
2020-06-30,net_cashflows,EUR,0.49072265625,0,0,SCALAR_BEKK_INTERNAL
2020-06-30,net_cashflows,USD,0.4916839599609375,0,0,SCALAR_BEKK_INTERNAL
2020-07-01,funded_assets,EUR,0.1670074462890625,0,0,SCALAR_BEKK_INTERNAL
2020-07-01,funded_assets,USD,0.1640472412109375,0,0,SCALAR_BEKK_INTERNAL
2020-07-01,net_cashflows,EUR,0.395721435546875,0,0,SCALAR_BEKK_INTERNAL
2020-07-01,net_cashflows,USD,0.3956146240234375,0,0,SCALAR_BEKK_INTERNAL
2020-07-02,funded_assets,EUR,0.9510955810546875,0,0,SCALAR_BEKK_INTERNAL
2020-07-02,funded_assets,USD,0.9498138427734375,0,0,SCALAR_BEKK_INTERNAL
2020-07-02,net_cashflows,EUR,0.6891326904296875,0,0,SCALAR_BEKK_INTERNAL
2020-07-02,net_cashflows,USD,0.6885833740234375,0,0,SCALAR_BEKK_INTERNAL
2020-07-03,funded_assets,EUR,0.2749481201171875,0,0,SCALAR_BEKK_INTERNAL
2020-07-03,funded_assets,USD,0.2717132568359375,0,0,SCALAR_BEKK_INTERNAL
2020-07-03,net_cashflows,EUR,0.2467498779296875,0,0,SCALAR_BEKK_INTERNAL
2020-07-03,net_cashflows,USD,0.244781494140625,0,0,SCALAR_BEKK_INTERNAL
2020-07-06,funded_assets,EUR,0.3223724365234375,0,0,SCALAR_BEKK_INTERNAL
2020-07-06,funded_assets,USD,0.32269287109375,0,0,SCALAR_BEKK_INTERNAL
2020-07-06,net_cashflows,EUR,0.6062774658203125,0,0,SCALAR_BEKK_INTERNAL
2020-07-06,net_cashflows,USD,0.6059417724609375,0,0,SCALAR_BEKK_INTERNAL
2020-07-07,funded_assets,EUR,0.6449737548828125,0,0,SCALAR_BEKK_INTERNAL
2020-07-07,funded_assets,USD,0.6445465087890625,0,0,SCALAR_BEKK_INTERNAL
2020-07-07,net_cashflows,EUR,0.666778564453125,0,0,SCALAR_BEKK_INTERNAL
2020-07-07,net_cashflows,USD,0.667999267578125,0,0,SCALAR_BEKK_INTERNAL
2020-07-08,funded_assets,EUR,0.1092376708984375,0,0,SCALAR_BEKK_INTERNAL
2020-07-08,funded_assets,USD,0.107818603515625,0,0,SCALAR_BEKK_INTERNAL
2020-07-08,net_cashflows,EUR,0.64923095703125,0,0,SCALAR_BEKK_INTERNAL
2020-07-08,net_cashflows,USD,0.648223876953125,0,0,SCALAR_BEKK_INTERNAL
2020-07-09,funded_assets,EUR,0.9404296875,0,0,SCALAR_BEKK_INTERNAL
2020-07-09,funded_assets,USD,0.93853759765625,0,0,SCALAR_BEKK_INTERNAL
2020-07-09,net_cashflows,EUR,0.255126953125,0,0,SCALAR_BEKK_INTERNAL
2020-07-09,net_cashflows,USD,0.2556915283203125,0,0,SCALAR_BEKK_INTERNAL
2020-07-10,funded_assets,EUR,0.920684814453125,0,0,SCALAR_BEKK_INTERNAL
2020-07-10,funded_assets,USD,0.9222259521484375,0,0,SCALAR_BEKK_INTERNAL
2020-07-10,net_cashflows,EUR,0.6196136474609375,0,0,SCALAR_BEKK_INTERNAL
2020-07-10,net_cashflows,USD,0.61956787109375,0,0,SCALAR_BEKK_INTERNAL
2020-07-13,funded_assets,EUR,0.8126678466796875,0,0,SCALAR_BEKK_INTERNAL
2020-07-13,funded_assets,USD,0.816253662109375,0,0,SCALAR_BEKK_INTERNAL
2020-07-13,net_cashflows,EUR,0.5502777099609375,0,0,SCALAR_BEKK_INTERNAL
2020-07-13,net_cashflows,USD,0.551483154296875,0,0,SCALAR_BEKK_INTERNAL
2020-07-14,funded_assets,EUR,0.5385894775390625,0,0,SCALAR_BEKK_INTERNAL
2020-07-14,funded_assets,USD,0.5378875732421875,0,0,SCALAR_BEKK_INTERNAL
2020-07-14,net_cashflows,EUR,0.3290863037109375,0,0,SCALAR_BEKK_INTERNAL
2020-07-14,net_cashflows,USD,0.3281707763671875,0,0,SCALAR_BEKK_INTERNAL
2020-07-15,funded_assets,EUR,0.575958251953125,0,0,SCALAR_BEKK_INTERNAL
2020-07-15,funded_assets,USD,0.57586669921875,0,0,SCALAR_BEKK_INTERNAL
2020-07-15,net_cashflows,EUR,0.643035888671875,0,0,SCALAR_BEKK_INTERNAL
2020-07-15,net_cashflows,USD,0.642486572265625,0,0,SCALAR_BEKK_INTERNAL
2020-07-16,funded_assets,EUR,0.368377685546875,0,0,SCALAR_BEKK_INTERNAL
2020-07-16,funded_assets,USD,0.3678741455078125,0,0,SCALAR_BEKK_INTERNAL
2020-07-16,net_cashflows,EUR,0.5458221435546875,0,0,SCALAR_BEKK_INTERNAL
2020-07-16,net_cashflows,USD,0.546295166015625,0,0,SCALAR_BEKK_INTERNAL
2020-07-17,funded_assets,EUR,0.3459320068359375,0,0,SCALAR_BEKK_INTERNAL
2020-07-17,funded_assets,USD,0.3456573486328125,0,0,SCALAR_BEKK_INTERNAL
2020-07-17,net_cashflows,EUR,0.2651824951171875,0,0,SCALAR_BEKK_INTERNAL
2020-07-17,net_cashflows,USD,0.264739990234375,0,0,SCALAR_BEKK_INTERNAL
2020-07-20,funded_assets,EUR,0.9938507080078125,0,0,SCALAR_BEKK_INTERNAL
2020-07-20,funded_assets,USD,0.9937896728515625,0,0,SCALAR_BEKK_INTERNAL
2020-07-20,net_cashflows,EUR,0.8832244873046875,0,0,SCALAR_BEKK_INTERNAL
2020-07-20,net_cashflows,USD,0.8837738037109375,0,0,SCALAR_BEKK_INTERNAL
2020-07-21,funded_assets,EUR,0.3582305908203125,0,0,SCALAR_BEKK_INTERNAL
2020-07-21,funded_assets,USD,0.3554534912109375,0,0,SCALAR_BEKK_INTERNAL
2020-07-21,net_cashflows,EUR,0.657501220703125,0,0,SCALAR_BEKK_INTERNAL
2020-07-21,net_cashflows,USD,0.65875244140625,0,0,SCALAR_BEKK_INTERNAL
2020-07-22,funded_assets,EUR,0.3874969482421875,0,0,SCALAR_BEKK_INTERNAL
2020-07-22,funded_assets,USD,0.38641357421875,0,0,SCALAR_BEKK_INTERNAL
2020-07-22,net_cashflows,EUR,0.93804931640625,0,0,SCALAR_BEKK_INTERNAL
2020-07-22,net_cashflows,USD,0.9381103515625,0,0,SCALAR_BEKK_INTERNAL
2020-07-23,funded_assets,EUR,0.9782562255859375,0,0,SCALAR_BEKK_INTERNAL
2020-07-23,funded_assets,USD,0.9787750244140625,0,0,SCALAR_BEKK_INTERNAL
2020-07-23,net_cashflows,EUR,0.9120635986328125,0,0,SCALAR_BEKK_INTERNAL
2020-07-23,net_cashflows,USD,0.91815185546875,0,0,SCALAR_BEKK_INTERNAL
2020-07-24,funded_assets,EUR,0.0897369384765625,0,0,SCALAR_BEKK_INTERNAL
2020-07-24,funded_assets,USD,0.085296630859375,0,0,SCALAR_BEKK_INTERNAL
2020-07-24,net_cashflows,EUR,0.7065887451171875,0,0,SCALAR_BEKK_INTERNAL
2020-07-24,net_cashflows,USD,0.7062835693359375,0,0,SCALAR_BEKK_INTERNAL
2020-07-27,funded_assets,EUR,0.351531982421875,0,0,SCALAR_BEKK_INTERNAL
2020-07-27,funded_assets,USD,0.351043701171875,0,0,SCALAR_BEKK_INTERNAL
2020-07-27,net_cashflows,EUR,0.404205322265625,0,0,SCALAR_BEKK_INTERNAL
2020-07-27,net_cashflows,USD,0.404510498046875,0,0,SCALAR_BEKK_INTERNAL
2020-07-28,funded_assets,EUR,0.5159454345703125,0,0,SCALAR_BEKK_INTERNAL
2020-07-28,funded_assets,USD,0.51556396484375,0,0,SCALAR_BEKK_INTERNAL
2020-07-28,net_cashflows,EUR,0.533447265625,0,0,SCALAR_BEKK_INTERNAL
2020-07-28,net_cashflows,USD,0.533355712890625,0,0,SCALAR_BEKK_INTERNAL
2020-07-29,funded_assets,EUR,0.83843994140625,0,0,SCALAR_BEKK_INTERNAL
2020-07-29,funded_assets,USD,0.8401947021484375,0,0,SCALAR_BEKK_INTERNAL
2020-07-29,net_cashflows,EUR,0.74041748046875,0,0,SCALAR_BEKK_INTERNAL
2020-07-29,net_cashflows,USD,0.7428436279296875,0,0,SCALAR_BEKK_INTERNAL
2020-07-30,funded_assets,EUR,0.2928924560546875,0,0,SCALAR_BEKK_INTERNAL
2020-07-30,funded_assets,USD,0.289093017578125,0,0,SCALAR_BEKK_INTERNAL
2020-07-30,net_cashflows,EUR,0.0035400390625,0,0,SCALAR_BEKK_INTERNAL
2020-07-30,net_cashflows,USD,0.003326416015625,0,0,SCALAR_BEKK_INTERNAL
2020-07-31,funded_assets,EUR,0.6876983642578125,0,0,SCALAR_BEKK_INTERNAL
2020-07-31,funded_assets,USD,0.685394287109375,0,0,SCALAR_BEKK_INTERNAL
2020-07-31,net_cashflows,EUR,0.8128509521484375,0,0,SCALAR_BEKK_INTERNAL
2020-07-31,net_cashflows,USD,0.8083953857421875,0,0,SCALAR_BEKK_INTERNAL
2020-08-03,funded_assets,EUR,0.804840087890625,0,0,SCALAR_BEKK_INTERNAL
2020-08-03,funded_assets,USD,0.8073272705078125,0,0,SCALAR_BEKK_INTERNAL
2020-08-03,net_cashflows,EUR,0.7670745849609375,0,0,SCALAR_BEKK_INTERNAL
2020-08-03,net_cashflows,USD,0.7704925537109375,0,0,SCALAR_BEKK_INTERNAL
2020-08-04,funded_assets,EUR,0.286163330078125,0,0,SCALAR_BEKK_INTERNAL
2020-08-04,funded_assets,USD,0.284210205078125,0,0,SCALAR_BEKK_INTERNAL
2020-08-04,net_cashflows,EUR,0.6174163818359375,0,0,SCALAR_BEKK_INTERNAL
2020-08-04,net_cashflows,USD,0.6178436279296875,0,0,SCALAR_BEKK_INTERNAL
2020-08-05,funded_assets,EUR,0.6512603759765625,0,0,SCALAR_BEKK_INTERNAL
2020-08-05,funded_assets,USD,0.6508636474609375,0,0,SCALAR_BEKK_INTERNAL
2020-08-05,net_cashflows,EUR,0.2417755126953125,0,0,SCALAR_BEKK_INTERNAL
2020-08-05,net_cashflows,USD,0.2416839599609375,0,0,SCALAR_BEKK_INTERNAL
2020-08-06,funded_assets,EUR,0.2394561767578125,0,0,SCALAR_BEKK_INTERNAL
2020-08-06,funded_assets,USD,0.239654541015625,0,0,SCALAR_BEKK_INTERNAL
2020-08-06,net_cashflows,EUR,0.2080841064453125,0,0,SCALAR_BEKK_INTERNAL
2020-08-06,net_cashflows,USD,0.209930419921875,0,0,SCALAR_BEKK_INTERNAL
2020-08-07,funded_assets,EUR,0.3725738525390625,0,0,SCALAR_BEKK_INTERNAL
2020-08-07,funded_assets,USD,0.3724365234375,0,0,SCALAR_BEKK_INTERNAL
2020-08-07,net_cashflows,EUR,0.6436920166015625,0,0,SCALAR_BEKK_INTERNAL
2020-08-07,net_cashflows,USD,0.6423797607421875,0,0,SCALAR_BEKK_INTERNAL
2020-08-10,funded_assets,EUR,0.858062744140625,0,0,SCALAR_BEKK_INTERNAL
2020-08-10,funded_assets,USD,0.857269287109375,0,0,SCALAR_BEKK_INTERNAL
2020-08-10,net_cashflows,EUR,0.10693359375,0,0,SCALAR_BEKK_INTERNAL
2020-08-10,net_cashflows,USD,0.1058807373046875,0,0,SCALAR_BEKK_INTERNAL
2020-08-11,funded_assets,EUR,0.8138580322265625,0,0,SCALAR_BEKK_INTERNAL
2020-08-11,funded_assets,USD,0.8151702880859375,0,0,SCALAR_BEKK_INTERNAL
2020-08-11,net_cashflows,EUR,0.468963623046875,0,0,SCALAR_BEKK_INTERNAL
2020-08-11,net_cashflows,USD,0.4658355712890625,0,0,SCALAR_BEKK_INTERNAL
2020-08-12,funded_assets,EUR,0.199737548828125,0,0,SCALAR_BEKK_INTERNAL
2020-08-12,funded_assets,USD,0.1978302001953125,0,0,SCALAR_BEKK_INTERNAL
2020-08-12,net_cashflows,EUR,0.71429443359375,0,0,SCALAR_BEKK_INTERNAL
2020-08-12,net_cashflows,USD,0.7151031494140625,0,0,SCALAR_BEKK_INTERNAL
2020-08-13,funded_assets,EUR,0.75830078125,0,0,SCALAR_BEKK_INTERNAL
2020-08-13,funded_assets,USD,0.7571563720703125,0,0,SCALAR_BEKK_INTERNAL
2020-08-13,net_cashflows,EUR,0.83221435546875,0,0,SCALAR_BEKK_INTERNAL
2020-08-13,net_cashflows,USD,0.83221435546875,0,0,SCALAR_BEKK_INTERNAL
2020-08-14,funded_assets,EUR,0.46307373046875,0,0,SCALAR_BEKK_INTERNAL
2020-08-14,funded_assets,USD,0.4641571044921875,0,0,SCALAR_BEKK_INTERNAL
2020-08-14,net_cashflows,EUR,0.914703369140625,0,0,SCALAR_BEKK_INTERNAL
2020-08-14,net_cashflows,USD,0.916015625,0,0,SCALAR_BEKK_INTERNAL
2020-08-17,funded_assets,EUR,0.7070770263671875,0,0,SCALAR_BEKK_INTERNAL
2020-08-17,funded_assets,USD,0.70758056640625,0,0,SCALAR_BEKK_INTERNAL
2020-08-17,net_cashflows,EUR,0.419158935546875,0,0,SCALAR_BEKK_INTERNAL
2020-08-17,net_cashflows,USD,0.4199676513671875,0,0,SCALAR_BEKK_INTERNAL
2020-08-18,funded_assets,EUR,0.1505584716796875,0,0,SCALAR_BEKK_INTERNAL
2020-08-18,funded_assets,USD,0.1496124267578125,0,0,SCALAR_BEKK_INTERNAL
2020-08-18,net_cashflows,EUR,0.141204833984375,0,0,SCALAR_BEKK_INTERNAL
2020-08-18,net_cashflows,USD,0.1420135498046875,0,0,SCALAR_BEKK_INTERNAL
2020-08-19,funded_assets,EUR,0.0422821044921875,0,0,SCALAR_BEKK_INTERNAL
2020-08-19,funded_assets,USD,0.043670654296875,0,0,SCALAR_BEKK_INTERNAL
2020-08-19,net_cashflows,EUR,0.443572998046875,0,0,SCALAR_BEKK_INTERNAL
2020-08-19,net_cashflows,USD,0.4476318359375,0,0,SCALAR_BEKK_INTERNAL
2020-08-20,funded_assets,EUR,0.9254608154296875,0,0,SCALAR_BEKK_INTERNAL
2020-08-20,funded_assets,USD,0.922454833984375,0,0,SCALAR_BEKK_INTERNAL
2020-08-20,net_cashflows,EUR,0.725494384765625,0,0,SCALAR_BEKK_INTERNAL
2020-08-20,net_cashflows,USD,0.7249908447265625,0,0,SCALAR_BEKK_INTERNAL
2020-08-21,funded_assets,EUR,0.408294677734375,0,0,SCALAR_BEKK_INTERNAL
2020-08-21,funded_assets,USD,0.4062042236328125,0,0,SCALAR_BEKK_INTERNAL
2020-08-21,net_cashflows,EUR,0.101318359375,0,0,SCALAR_BEKK_INTERNAL
2020-08-21,net_cashflows,USD,0.099334716796875,0,0,SCALAR_BEKK_INTERNAL
2020-08-24,funded_assets,EUR,0.248626708984375,0,0,SCALAR_BEKK_INTERNAL
2020-08-24,funded_assets,USD,0.249298095703125,0,0,SCALAR_BEKK_INTERNAL
2020-08-24,net_cashflows,EUR,0.472259521484375,0,0,SCALAR_BEKK_INTERNAL
2020-08-24,net_cashflows,USD,0.473602294921875,0,0,SCALAR_BEKK_INTERNAL
2020-08-25,funded_assets,EUR,0.51446533203125,0,0,SCALAR_BEKK_INTERNAL
2020-08-25,funded_assets,USD,0.5138702392578125,0,0,SCALAR_BEKK_INTERNAL
2020-08-25,net_cashflows,EUR,0.5281982421875,0,0,SCALAR_BEKK_INTERNAL
2020-08-25,net_cashflows,USD,0.528076171875,0,0,SCALAR_BEKK_INTERNAL
2020-08-26,funded_assets,EUR,0.776336669921875,0,0,SCALAR_BEKK_INTERNAL
2020-08-26,funded_assets,USD,0.7779388427734375,0,0,SCALAR_BEKK_INTERNAL
2020-08-26,net_cashflows,EUR,0.96966552734375,0,0,SCALAR_BEKK_INTERNAL
2020-08-26,net_cashflows,USD,0.97003173828125,0,0,SCALAR_BEKK_INTERNAL
2020-08-27,funded_assets,EUR,0.8534393310546875,0,0,SCALAR_BEKK_INTERNAL
2020-08-27,funded_assets,USD,0.855316162109375,0,0,SCALAR_BEKK_INTERNAL
2020-08-27,net_cashflows,EUR,0.128387451171875,0,0,SCALAR_BEKK_INTERNAL
2020-08-27,net_cashflows,USD,0.126068115234375,0,0,SCALAR_BEKK_INTERNAL
2020-08-28,funded_assets,EUR,0.7564544677734375,0,0,SCALAR_BEKK_INTERNAL
2020-08-28,funded_assets,USD,0.7584228515625,0,0,SCALAR_BEKK_INTERNAL
2020-08-28,net_cashflows,EUR,0.14013671875,0,0,SCALAR_BEKK_INTERNAL
2020-08-28,net_cashflows,USD,0.137176513671875,0,0,SCALAR_BEKK_INTERNAL
2020-08-31,funded_assets,EUR,0.028076171875,0,0,SCALAR_BEKK_INTERNAL
2020-08-31,funded_assets,USD,0.02764892578125,0,0,SCALAR_BEKK_INTERNAL
2020-08-31,net_cashflows,EUR,0.27691650390625,0,0,SCALAR_BEKK_INTERNAL
2020-08-31,net_cashflows,USD,0.2819976806640625,0,0,SCALAR_BEKK_INTERNAL
2020-09-01,funded_assets,EUR,0.367156982421875,0,0,SCALAR_BEKK_INTERNAL
2020-09-01,funded_assets,USD,0.3720245361328125,0,0,SCALAR_BEKK_INTERNAL
2020-09-01,net_cashflows,EUR,0.3746795654296875,0,0,SCALAR_BEKK_INTERNAL
2020-09-01,net_cashflows,USD,0.3770751953125,0,0,SCALAR_BEKK_INTERNAL
2020-09-02,funded_assets,EUR,0.6703338623046875,0,0,SCALAR_BEKK_INTERNAL
2020-09-02,funded_assets,USD,0.6694488525390625,0,0,SCALAR_BEKK_INTERNAL
2020-09-02,net_cashflows,EUR,0.718292236328125,0,0,SCALAR_BEKK_INTERNAL
2020-09-02,net_cashflows,USD,0.71746826171875,0,0,SCALAR_BEKK_INTERNAL
2020-09-03,funded_assets,EUR,0.6234893798828125,0,0,SCALAR_BEKK_INTERNAL
2020-09-03,funded_assets,USD,0.6230926513671875,0,0,SCALAR_BEKK_INTERNAL
2020-09-03,net_cashflows,EUR,0.527313232421875,0,0,SCALAR_BEKK_INTERNAL
2020-09-03,net_cashflows,USD,0.5269622802734375,0,0,SCALAR_BEKK_INTERNAL
2020-09-04,funded_assets,EUR,0.5428924560546875,0,0,SCALAR_BEKK_INTERNAL
2020-09-04,funded_assets,USD,0.5421905517578125,0,0,SCALAR_BEKK_INTERNAL
2020-09-04,net_cashflows,EUR,0.51519775390625,0,0,SCALAR_BEKK_INTERNAL
2020-09-04,net_cashflows,USD,0.514923095703125,0,0,SCALAR_BEKK_INTERNAL
2020-09-07,funded_assets,EUR,0.648773193359375,0,0,SCALAR_BEKK_INTERNAL
2020-09-07,funded_assets,USD,0.64764404296875,0,0,SCALAR_BEKK_INTERNAL
2020-09-07,net_cashflows,EUR,0.728790283203125,0,0,SCALAR_BEKK_INTERNAL
2020-09-07,net_cashflows,USD,0.72784423828125,0,0,SCALAR_BEKK_INTERNAL
2020-09-08,funded_assets,EUR,0.841339111328125,0,0,SCALAR_BEKK_INTERNAL
2020-09-08,funded_assets,USD,0.8421783447265625,0,0,SCALAR_BEKK_INTERNAL
2020-09-08,net_cashflows,EUR,0.88153076171875,0,0,SCALAR_BEKK_INTERNAL
2020-09-08,net_cashflows,USD,0.882659912109375,0,0,SCALAR_BEKK_INTERNAL
2020-09-09,funded_assets,EUR,0.809722900390625,0,0,SCALAR_BEKK_INTERNAL
2020-09-09,funded_assets,USD,0.8105621337890625,0,0,SCALAR_BEKK_INTERNAL
2020-09-09,net_cashflows,EUR,0.6613311767578125,0,0,SCALAR_BEKK_INTERNAL
2020-09-09,net_cashflows,USD,0.662200927734375,0,0,SCALAR_BEKK_INTERNAL
2020-09-10,funded_assets,EUR,0.45465087890625,0,0,SCALAR_BEKK_INTERNAL
2020-09-10,funded_assets,USD,0.4552001953125,0,0,SCALAR_BEKK_INTERNAL
2020-09-10,net_cashflows,EUR,0.654541015625,0,0,SCALAR_BEKK_INTERNAL
2020-09-10,net_cashflows,USD,0.654937744140625,0,0,SCALAR_BEKK_INTERNAL
2020-09-11,funded_assets,EUR,0.395263671875,0,0,SCALAR_BEKK_INTERNAL
2020-09-11,funded_assets,USD,0.3947601318359375,0,0,SCALAR_BEKK_INTERNAL
2020-09-11,net_cashflows,EUR,0.80859375,0,0,SCALAR_BEKK_INTERNAL
2020-09-11,net_cashflows,USD,0.8090057373046875,0,0,SCALAR_BEKK_INTERNAL
2020-09-14,funded_assets,EUR,0.09423828125,0,0,SCALAR_BEKK_INTERNAL
2020-09-14,funded_assets,USD,0.0931243896484375,0,0,SCALAR_BEKK_INTERNAL
2020-09-14,net_cashflows,EUR,0.5884552001953125,0,0,SCALAR_BEKK_INTERNAL
2020-09-14,net_cashflows,USD,0.5877227783203125,0,0,SCALAR_BEKK_INTERNAL
2020-09-15,funded_assets,EUR,0.080963134765625,0,0,SCALAR_BEKK_INTERNAL
2020-09-15,funded_assets,USD,0.0826568603515625,0,0,SCALAR_BEKK_INTERNAL
2020-09-15,net_cashflows,EUR,0.75836181640625,0,0,SCALAR_BEKK_INTERNAL
2020-09-15,net_cashflows,USD,0.7558746337890625,0,0,SCALAR_BEKK_INTERNAL
2020-09-16,funded_assets,EUR,0.65728759765625,0,0,SCALAR_BEKK_INTERNAL
2020-09-16,funded_assets,USD,0.6554107666015625,0,0,SCALAR_BEKK_INTERNAL
2020-09-16,net_cashflows,EUR,0.5172576904296875,0,0,SCALAR_BEKK_INTERNAL
2020-09-16,net_cashflows,USD,0.518096923828125,0,0,SCALAR_BEKK_INTERNAL
2020-09-17,funded_assets,EUR,0.2374267578125,0,0,SCALAR_BEKK_INTERNAL
2020-09-17,funded_assets,USD,0.2364959716796875,0,0,SCALAR_BEKK_INTERNAL
2020-09-17,net_cashflows,EUR,0.7237091064453125,0,0,SCALAR_BEKK_INTERNAL
2020-09-17,net_cashflows,USD,0.7230377197265625,0,0,SCALAR_BEKK_INTERNAL
2020-09-18,funded_assets,EUR,0.393218994140625,0,0,SCALAR_BEKK_INTERNAL
2020-09-18,funded_assets,USD,0.3951263427734375,0,0,SCALAR_BEKK_INTERNAL
2020-09-18,net_cashflows,EUR,0.182525634765625,0,0,SCALAR_BEKK_INTERNAL
2020-09-18,net_cashflows,USD,0.1832275390625,0,0,SCALAR_BEKK_INTERNAL
2020-09-21,funded_assets,EUR,0.5267181396484375,0,0,SCALAR_BEKK_INTERNAL
2020-09-21,funded_assets,USD,0.5268402099609375,0,0,SCALAR_BEKK_INTERNAL
2020-09-21,net_cashflows,EUR,0.0762481689453125,0,0,SCALAR_BEKK_INTERNAL
2020-09-21,net_cashflows,USD,0.077789306640625,0,0,SCALAR_BEKK_INTERNAL
2020-09-22,funded_assets,EUR,0.138824462890625,0,0,SCALAR_BEKK_INTERNAL
2020-09-22,funded_assets,USD,0.1395111083984375,0,0,SCALAR_BEKK_INTERNAL
2020-09-22,net_cashflows,EUR,0.1162261962890625,0,0,SCALAR_BEKK_INTERNAL
2020-09-22,net_cashflows,USD,0.1187896728515625,0,0,SCALAR_BEKK_INTERNAL
2020-09-23,funded_assets,EUR,0.59814453125,0,0,SCALAR_BEKK_INTERNAL
2020-09-23,funded_assets,USD,0.59796142578125,0,0,SCALAR_BEKK_INTERNAL
2020-09-23,net_cashflows,EUR,0.3083953857421875,0,0,SCALAR_BEKK_INTERNAL
2020-09-23,net_cashflows,USD,0.309417724609375,0,0,SCALAR_BEKK_INTERNAL
2020-09-24,funded_assets,EUR,0.421173095703125,0,0,SCALAR_BEKK_INTERNAL
2020-09-24,funded_assets,USD,0.421142578125,0,0,SCALAR_BEKK_INTERNAL
2020-09-24,net_cashflows,EUR,0.3240509033203125,0,0,SCALAR_BEKK_INTERNAL
2020-09-24,net_cashflows,USD,0.3231658935546875,0,0,SCALAR_BEKK_INTERNAL
2020-09-25,funded_assets,EUR,0.8217315673828125,0,0,SCALAR_BEKK_INTERNAL
2020-09-25,funded_assets,USD,0.822357177734375,0,0,SCALAR_BEKK_INTERNAL
2020-09-25,net_cashflows,EUR,0.630767822265625,0,0,SCALAR_BEKK_INTERNAL
2020-09-25,net_cashflows,USD,0.6311492919921875,0,0,SCALAR_BEKK_INTERNAL
2020-09-28,funded_assets,EUR,0.6898651123046875,0,0,SCALAR_BEKK_INTERNAL
2020-09-28,funded_assets,USD,0.6904144287109375,0,0,SCALAR_BEKK_INTERNAL
2020-09-28,net_cashflows,EUR,0.486907958984375,0,0,SCALAR_BEKK_INTERNAL
2020-09-28,net_cashflows,USD,0.4870147705078125,0,0,SCALAR_BEKK_INTERNAL
2020-09-29,funded_assets,EUR,0.4373321533203125,0,0,SCALAR_BEKK_INTERNAL
2020-09-29,funded_assets,USD,0.437896728515625,0,0,SCALAR_BEKK_INTERNAL
2020-09-29,net_cashflows,EUR,0.67236328125,0,0,SCALAR_BEKK_INTERNAL
2020-09-29,net_cashflows,USD,0.6729278564453125,0,0,SCALAR_BEKK_INTERNAL
2020-09-30,funded_assets,EUR,0.266815185546875,0,0,SCALAR_BEKK_INTERNAL
2020-09-30,funded_assets,USD,0.26617431640625,0,0,SCALAR_BEKK_INTERNAL
2020-09-30,net_cashflows,EUR,0.6327972412109375,0,0,SCALAR_BEKK_INTERNAL
2020-09-30,net_cashflows,USD,0.632537841796875,0,0,SCALAR_BEKK_INTERNAL
2020-10-01,funded_assets,EUR,0.8348846435546875,0,0,SCALAR_BEKK_INTERNAL
2020-10-01,funded_assets,USD,0.8337554931640625,0,0,SCALAR_BEKK_INTERNAL
2020-10-01,net_cashflows,EUR,0.3761444091796875,0,0,SCALAR_BEKK_INTERNAL
2020-10-01,net_cashflows,USD,0.376220703125,0,0,SCALAR_BEKK_INTERNAL
2020-10-02,funded_assets,EUR,0.7595977783203125,0,0,SCALAR_BEKK_INTERNAL
2020-10-02,funded_assets,USD,0.76104736328125,0,0,SCALAR_BEKK_INTERNAL
2020-10-02,net_cashflows,EUR,0.597076416015625,0,0,SCALAR_BEKK_INTERNAL
2020-10-02,net_cashflows,USD,0.5973358154296875,0,0,SCALAR_BEKK_INTERNAL
2020-10-05,funded_assets,EUR,0.6276092529296875,0,0,SCALAR_BEKK_INTERNAL
2020-10-05,funded_assets,USD,0.6273956298828125,0,0,SCALAR_BEKK_INTERNAL
2020-10-05,net_cashflows,EUR,0.2624359130859375,0,0,SCALAR_BEKK_INTERNAL
2020-10-05,net_cashflows,USD,0.2617950439453125,0,0,SCALAR_BEKK_INTERNAL
2020-10-06,funded_assets,EUR,0.3597259521484375,0,0,SCALAR_BEKK_INTERNAL
2020-10-06,funded_assets,USD,0.3599700927734375,0,0,SCALAR_BEKK_INTERNAL
2020-10-06,net_cashflows,EUR,0.3089447021484375,0,0,SCALAR_BEKK_INTERNAL
2020-10-06,net_cashflows,USD,0.30926513671875,0,0,SCALAR_BEKK_INTERNAL
2020-10-07,funded_assets,EUR,0.6373748779296875,0,0,SCALAR_BEKK_INTERNAL
2020-10-07,funded_assets,USD,0.6371307373046875,0,0,SCALAR_BEKK_INTERNAL
2020-10-07,net_cashflows,EUR,0.74951171875,0,0,SCALAR_BEKK_INTERNAL
2020-10-07,net_cashflows,USD,0.74908447265625,0,0,SCALAR_BEKK_INTERNAL
2020-10-08,funded_assets,EUR,0.1096038818359375,0,0,SCALAR_BEKK_INTERNAL
2020-10-08,funded_assets,USD,0.108062744140625,0,0,SCALAR_BEKK_INTERNAL
2020-10-08,net_cashflows,EUR,0.8202362060546875,0,0,SCALAR_BEKK_INTERNAL
2020-10-08,net_cashflows,USD,0.820465087890625,0,0,SCALAR_BEKK_INTERNAL
2020-10-09,funded_assets,EUR,0.4172515869140625,0,0,SCALAR_BEKK_INTERNAL
2020-10-09,funded_assets,USD,0.4178924560546875,0,0,SCALAR_BEKK_INTERNAL
2020-10-09,net_cashflows,EUR,0.4403228759765625,0,0,SCALAR_BEKK_INTERNAL
2020-10-09,net_cashflows,USD,0.439849853515625,0,0,SCALAR_BEKK_INTERNAL
2020-10-12,funded_assets,EUR,0.1628570556640625,0,0,SCALAR_BEKK_INTERNAL
2020-10-12,funded_assets,USD,0.1634979248046875,0,0,SCALAR_BEKK_INTERNAL
2020-10-12,net_cashflows,EUR,0.5199127197265625,0,0,SCALAR_BEKK_INTERNAL
2020-10-12,net_cashflows,USD,0.5198974609375,0,0,SCALAR_BEKK_INTERNAL
2020-10-13,funded_assets,EUR,0.1399383544921875,0,0,SCALAR_BEKK_INTERNAL
2020-10-13,funded_assets,USD,0.1418914794921875,0,0,SCALAR_BEKK_INTERNAL
2020-10-13,net_cashflows,EUR,0.62469482421875,0,0,SCALAR_BEKK_INTERNAL
2020-10-13,net_cashflows,USD,0.623321533203125,0,0,SCALAR_BEKK_INTERNAL
2020-10-14,funded_assets,EUR,0.901275634765625,0,0,SCALAR_BEKK_INTERNAL
2020-10-14,funded_assets,USD,0.899627685546875,0,0,SCALAR_BEKK_INTERNAL
2020-10-14,net_cashflows,EUR,0.5948486328125,0,0,SCALAR_BEKK_INTERNAL
2020-10-14,net_cashflows,USD,0.5951385498046875,0,0,SCALAR_BEKK_INTERNAL
2020-10-15,funded_assets,EUR,0.671844482421875,0,0,SCALAR_BEKK_INTERNAL
2020-10-15,funded_assets,USD,0.6744232177734375,0,0,SCALAR_BEKK_INTERNAL
2020-10-15,net_cashflows,EUR,0.44146728515625,0,0,SCALAR_BEKK_INTERNAL
2020-10-15,net_cashflows,USD,0.4414825439453125,0,0,SCALAR_BEKK_INTERNAL
2020-10-16,funded_assets,EUR,0.9256134033203125,0,0,SCALAR_BEKK_INTERNAL
2020-10-16,funded_assets,USD,0.925933837890625,0,0,SCALAR_BEKK_INTERNAL
2020-10-16,net_cashflows,EUR,0.5013427734375,0,0,SCALAR_BEKK_INTERNAL
2020-10-16,net_cashflows,USD,0.5011138916015625,0,0,SCALAR_BEKK_INTERNAL
2020-10-19,funded_assets,EUR,0.22772216796875,0,0,SCALAR_BEKK_INTERNAL
2020-10-19,funded_assets,USD,0.2274932861328125,0,0,SCALAR_BEKK_INTERNAL
2020-10-19,net_cashflows,EUR,0.93231201171875,0,0,SCALAR_BEKK_INTERNAL
2020-10-19,net_cashflows,USD,0.9329376220703125,0,0,SCALAR_BEKK_INTERNAL
2020-10-20,funded_assets,EUR,0.1427154541015625,0,0,SCALAR_BEKK_INTERNAL
2020-10-20,funded_assets,USD,0.1424560546875,0,0,SCALAR_BEKK_INTERNAL
2020-10-20,net_cashflows,EUR,0.3657379150390625,0,0,SCALAR_BEKK_INTERNAL
2020-10-20,net_cashflows,USD,0.3637847900390625,0,0,SCALAR_BEKK_INTERNAL
2020-10-21,funded_assets,EUR,0.8250732421875,0,0,SCALAR_BEKK_INTERNAL
2020-10-21,funded_assets,USD,0.823577880859375,0,0,SCALAR_BEKK_INTERNAL
2020-10-21,net_cashflows,EUR,0.694580078125,0,0,SCALAR_BEKK_INTERNAL
2020-10-21,net_cashflows,USD,0.694122314453125,0,0,SCALAR_BEKK_INTERNAL
2020-10-22,funded_assets,EUR,0.417694091796875,0,0,SCALAR_BEKK_INTERNAL
2020-10-22,funded_assets,USD,0.4163665771484375,0,0,SCALAR_BEKK_INTERNAL
2020-10-22,net_cashflows,EUR,0.20172119140625,0,0,SCALAR_BEKK_INTERNAL
2020-10-22,net_cashflows,USD,0.2011260986328125,0,0,SCALAR_BEKK_INTERNAL
2020-10-23,funded_assets,EUR,0.44708251953125,0,0,SCALAR_BEKK_INTERNAL
2020-10-23,funded_assets,USD,0.4471282958984375,0,0,SCALAR_BEKK_INTERNAL
2020-10-23,net_cashflows,EUR,0.7823638916015625,0,0,SCALAR_BEKK_INTERNAL
2020-10-23,net_cashflows,USD,0.7813568115234375,0,0,SCALAR_BEKK_INTERNAL
2020-10-26,funded_assets,EUR,0.0146026611328125,0,0,SCALAR_BEKK_INTERNAL
2020-10-26,funded_assets,USD,0.0146942138671875,0,0,SCALAR_BEKK_INTERNAL
2020-10-26,net_cashflows,EUR,0.6288909912109375,0,0,SCALAR_BEKK_INTERNAL
2020-10-26,net_cashflows,USD,0.62481689453125,0,0,SCALAR_BEKK_INTERNAL
2020-10-27,funded_assets,EUR,0.22784423828125,0,0,SCALAR_BEKK_INTERNAL
2020-10-27,funded_assets,USD,0.231170654296875,0,0,SCALAR_BEKK_INTERNAL
2020-10-27,net_cashflows,EUR,0.4319915771484375,0,0,SCALAR_BEKK_INTERNAL
2020-10-27,net_cashflows,USD,0.4322967529296875,0,0,SCALAR_BEKK_INTERNAL
2020-10-28,funded_assets,EUR,0.518524169921875,0,0,SCALAR_BEKK_INTERNAL
2020-10-28,funded_assets,USD,0.51861572265625,0,0,SCALAR_BEKK_INTERNAL
2020-10-28,net_cashflows,EUR,0.1613311767578125,0,0,SCALAR_BEKK_INTERNAL
2020-10-28,net_cashflows,USD,0.1614227294921875,0,0,SCALAR_BEKK_INTERNAL
2020-10-29,funded_assets,EUR,0.1921234130859375,0,0,SCALAR_BEKK_INTERNAL
2020-10-29,funded_assets,USD,0.192413330078125,0,0,SCALAR_BEKK_INTERNAL
2020-10-29,net_cashflows,EUR,0.3138580322265625,0,0,SCALAR_BEKK_INTERNAL
2020-10-29,net_cashflows,USD,0.3157196044921875,0,0,SCALAR_BEKK_INTERNAL
2020-10-30,funded_assets,EUR,0.83673095703125,0,0,SCALAR_BEKK_INTERNAL
2020-10-30,funded_assets,USD,0.835205078125,0,0,SCALAR_BEKK_INTERNAL
2020-10-30,net_cashflows,EUR,0.46234130859375,0,0,SCALAR_BEKK_INTERNAL
2020-10-30,net_cashflows,USD,0.461578369140625,0,0,SCALAR_BEKK_INTERNAL
2020-11-02,funded_assets,EUR,0.33038330078125,0,0,SCALAR_BEKK_INTERNAL
2020-11-02,funded_assets,USD,0.3298187255859375,0,0,SCALAR_BEKK_INTERNAL
2020-11-02,net_cashflows,EUR,0.8935394287109375,0,0,SCALAR_BEKK_INTERNAL
2020-11-02,net_cashflows,USD,0.8943634033203125,0,0,SCALAR_BEKK_INTERNAL
2020-11-03,funded_assets,EUR,0.987579345703125,0,0,SCALAR_BEKK_INTERNAL
2020-11-03,funded_assets,USD,0.98779296875,0,0,SCALAR_BEKK_INTERNAL
2020-11-03,net_cashflows,EUR,0.9716644287109375,0,0,SCALAR_BEKK_INTERNAL
2020-11-03,net_cashflows,USD,0.9733123779296875,0,0,SCALAR_BEKK_INTERNAL
2020-11-04,funded_assets,EUR,0.3321075439453125,0,0,SCALAR_BEKK_INTERNAL
2020-11-04,funded_assets,USD,0.330902099609375,0,0,SCALAR_BEKK_INTERNAL
2020-11-04,net_cashflows,EUR,0.8870086669921875,0,0,SCALAR_BEKK_INTERNAL
2020-11-04,net_cashflows,USD,0.8896942138671875,0,0,SCALAR_BEKK_INTERNAL
2020-11-05,funded_assets,EUR,0.9769287109375,0,0,SCALAR_BEKK_INTERNAL
2020-11-05,funded_assets,USD,0.9765167236328125,0,0,SCALAR_BEKK_INTERNAL
2020-11-05,net_cashflows,EUR,0.000213623046875,0,0,SCALAR_BEKK_INTERNAL
2020-11-05,net_cashflows,USD,0.0001678466796875,0,0,SCALAR_BEKK_INTERNAL
2020-11-06,funded_assets,EUR,0.070953369140625,0,0,SCALAR_BEKK_INTERNAL
2020-11-06,funded_assets,USD,0.0692291259765625,0,0,SCALAR_BEKK_INTERNAL
2020-11-06,net_cashflows,EUR,0.01043701171875,0,0,SCALAR_BEKK_INTERNAL
2020-11-06,net_cashflows,USD,0.0108642578125,0,0,SCALAR_BEKK_INTERNAL
2020-11-09,funded_assets,EUR,0.174041748046875,0,0,SCALAR_BEKK_INTERNAL
2020-11-09,funded_assets,USD,0.1765289306640625,0,0,SCALAR_BEKK_INTERNAL
2020-11-09,net_cashflows,EUR,0.36822509765625,0,0,SCALAR_BEKK_INTERNAL
2020-11-09,net_cashflows,USD,0.372039794921875,0,0,SCALAR_BEKK_INTERNAL
2020-11-10,funded_assets,EUR,0.8770904541015625,0,0,SCALAR_BEKK_INTERNAL
2020-11-10,funded_assets,USD,0.8755645751953125,0,0,SCALAR_BEKK_INTERNAL
2020-11-10,net_cashflows,EUR,0.7202606201171875,0,0,SCALAR_BEKK_INTERNAL
2020-11-10,net_cashflows,USD,0.7194976806640625,0,0,SCALAR_BEKK_INTERNAL
2020-11-11,funded_assets,EUR,0.4349365234375,0,0,SCALAR_BEKK_INTERNAL
2020-11-11,funded_assets,USD,0.4354705810546875,0,0,SCALAR_BEKK_INTERNAL
2020-11-11,net_cashflows,EUR,0.803375244140625,0,0,SCALAR_BEKK_INTERNAL
2020-11-11,net_cashflows,USD,0.8043212890625,0,0,SCALAR_BEKK_INTERNAL
2020-11-12,funded_assets,EUR,0.701995849609375,0,0,SCALAR_BEKK_INTERNAL
2020-11-12,funded_assets,USD,0.70233154296875,0,0,SCALAR_BEKK_INTERNAL
2020-11-12,net_cashflows,EUR,0.4384307861328125,0,0,SCALAR_BEKK_INTERNAL
2020-11-12,net_cashflows,USD,0.438568115234375,0,0,SCALAR_BEKK_INTERNAL
2020-11-13,funded_assets,EUR,0.4452667236328125,0,0,SCALAR_BEKK_INTERNAL
2020-11-13,funded_assets,USD,0.445892333984375,0,0,SCALAR_BEKK_INTERNAL
2020-11-13,net_cashflows,EUR,0.9000701904296875,0,0,SCALAR_BEKK_INTERNAL
2020-11-13,net_cashflows,USD,0.9009246826171875,0,0,SCALAR_BEKK_INTERNAL
2020-11-16,funded_assets,EUR,0.2440185546875,0,0,SCALAR_BEKK_INTERNAL
2020-11-16,funded_assets,USD,0.242828369140625,0,0,SCALAR_BEKK_INTERNAL
2020-11-16,net_cashflows,EUR,0.62255859375,0,0,SCALAR_BEKK_INTERNAL
2020-11-16,net_cashflows,USD,0.622467041015625,0,0,SCALAR_BEKK_INTERNAL
2020-11-17,funded_assets,EUR,0.2969970703125,0,0,SCALAR_BEKK_INTERNAL
2020-11-17,funded_assets,USD,0.2978668212890625,0,0,SCALAR_BEKK_INTERNAL
2020-11-17,net_cashflows,EUR,0.3961944580078125,0,0,SCALAR_BEKK_INTERNAL
2020-11-17,net_cashflows,USD,0.3962554931640625,0,0,SCALAR_BEKK_INTERNAL
2020-11-18,funded_assets,EUR,0.670166015625,0,0,SCALAR_BEKK_INTERNAL
2020-11-18,funded_assets,USD,0.6692657470703125,0,0,SCALAR_BEKK_INTERNAL
2020-11-18,net_cashflows,EUR,0.61669921875,0,0,SCALAR_BEKK_INTERNAL
2020-11-18,net_cashflows,USD,0.6164398193359375,0,0,SCALAR_BEKK_INTERNAL
2020-11-19,funded_assets,EUR,0.4754486083984375,0,0,SCALAR_BEKK_INTERNAL
2020-11-19,funded_assets,USD,0.4760894775390625,0,0,SCALAR_BEKK_INTERNAL
2020-11-19,net_cashflows,EUR,0.516021728515625,0,0,SCALAR_BEKK_INTERNAL
2020-11-19,net_cashflows,USD,0.51641845703125,0,0,SCALAR_BEKK_INTERNAL
2020-11-20,funded_assets,EUR,0.695770263671875,0,0,SCALAR_BEKK_INTERNAL
2020-11-20,funded_assets,USD,0.6955413818359375,0,0,SCALAR_BEKK_INTERNAL
2020-11-20,net_cashflows,EUR,0.0499267578125,0,0,SCALAR_BEKK_INTERNAL
2020-11-20,net_cashflows,USD,0.0494537353515625,0,0,SCALAR_BEKK_INTERNAL
2020-11-23,funded_assets,EUR,0.6652069091796875,0,0,SCALAR_BEKK_INTERNAL
2020-11-23,funded_assets,USD,0.66522216796875,0,0,SCALAR_BEKK_INTERNAL
2020-11-23,net_cashflows,EUR,0.6349334716796875,0,0,SCALAR_BEKK_INTERNAL
2020-11-23,net_cashflows,USD,0.633392333984375,0,0,SCALAR_BEKK_INTERNAL
2020-11-24,funded_assets,EUR,0.4088592529296875,0,0,SCALAR_BEKK_INTERNAL
2020-11-24,funded_assets,USD,0.4087982177734375,0,0,SCALAR_BEKK_INTERNAL
2020-11-24,net_cashflows,EUR,0.727813720703125,0,0,SCALAR_BEKK_INTERNAL
2020-11-24,net_cashflows,USD,0.7281494140625,0,0,SCALAR_BEKK_INTERNAL
2020-11-25,funded_assets,EUR,0.774017333984375,0,0,SCALAR_BEKK_INTERNAL
2020-11-25,funded_assets,USD,0.7738494873046875,0,0,SCALAR_BEKK_INTERNAL
2020-11-25,net_cashflows,EUR,0.5821990966796875,0,0,SCALAR_BEKK_INTERNAL
2020-11-25,net_cashflows,USD,0.58282470703125,0,0,SCALAR_BEKK_INTERNAL
2020-11-26,funded_assets,EUR,0.9174041748046875,0,0,SCALAR_BEKK_INTERNAL
2020-11-26,funded_assets,USD,0.9182891845703125,0,0,SCALAR_BEKK_INTERNAL
2020-11-26,net_cashflows,EUR,0.67047119140625,0,0,SCALAR_BEKK_INTERNAL
2020-11-26,net_cashflows,USD,0.67181396484375,0,0,SCALAR_BEKK_INTERNAL
2020-11-27,funded_assets,EUR,0.46783447265625,0,0,SCALAR_BEKK_INTERNAL
2020-11-27,funded_assets,USD,0.46734619140625,0,0,SCALAR_BEKK_INTERNAL
2020-11-27,net_cashflows,EUR,0.334259033203125,0,0,SCALAR_BEKK_INTERNAL
2020-11-27,net_cashflows,USD,0.3332366943359375,0,0,SCALAR_BEKK_INTERNAL
2020-11-30,funded_assets,EUR,0.9814453125,0,0,SCALAR_BEKK_INTERNAL
2020-11-30,funded_assets,USD,0.981414794921875,0,0,SCALAR_BEKK_INTERNAL
2020-11-30,net_cashflows,EUR,0.796661376953125,0,0,SCALAR_BEKK_INTERNAL
2020-11-30,net_cashflows,USD,0.797027587890625,0,0,SCALAR_BEKK_INTERNAL
2020-12-01,funded_assets,EUR,0.8129425048828125,0,0,SCALAR_BEKK_INTERNAL
2020-12-01,funded_assets,USD,0.8195343017578125,0,0,SCALAR_BEKK_INTERNAL
2020-12-01,net_cashflows,EUR,0.8156280517578125,0,0,SCALAR_BEKK_INTERNAL
2020-12-01,net_cashflows,USD,0.819671630859375,0,0,SCALAR_BEKK_INTERNAL
2020-12-02,funded_assets,EUR,0.4453277587890625,0,0,SCALAR_BEKK_INTERNAL
2020-12-02,funded_assets,USD,0.4450225830078125,0,0,SCALAR_BEKK_INTERNAL
2020-12-02,net_cashflows,EUR,0.6030120849609375,0,0,SCALAR_BEKK_INTERNAL
2020-12-02,net_cashflows,USD,0.6041259765625,0,0,SCALAR_BEKK_INTERNAL
2020-12-03,funded_assets,EUR,0.667510986328125,0,0,SCALAR_BEKK_INTERNAL
2020-12-03,funded_assets,USD,0.667327880859375,0,0,SCALAR_BEKK_INTERNAL
2020-12-03,net_cashflows,EUR,0.657470703125,0,0,SCALAR_BEKK_INTERNAL
2020-12-03,net_cashflows,USD,0.6569061279296875,0,0,SCALAR_BEKK_INTERNAL
2020-12-04,funded_assets,EUR,0.3252105712890625,0,0,SCALAR_BEKK_INTERNAL
2020-12-04,funded_assets,USD,0.325408935546875,0,0,SCALAR_BEKK_INTERNAL
2020-12-04,net_cashflows,EUR,0.52587890625,0,0,SCALAR_BEKK_INTERNAL
2020-12-04,net_cashflows,USD,0.5256195068359375,0,0,SCALAR_BEKK_INTERNAL
2020-12-07,funded_assets,EUR,0.078460693359375,0,0,SCALAR_BEKK_INTERNAL
2020-12-07,funded_assets,USD,0.0780792236328125,0,0,SCALAR_BEKK_INTERNAL
2020-12-07,net_cashflows,EUR,0.304229736328125,0,0,SCALAR_BEKK_INTERNAL
2020-12-07,net_cashflows,USD,0.3042144775390625,0,0,SCALAR_BEKK_INTERNAL
2020-12-08,funded_assets,EUR,0.9246368408203125,0,0,SCALAR_BEKK_INTERNAL
2020-12-08,funded_assets,USD,0.9238433837890625,0,0,SCALAR_BEKK_INTERNAL
2020-12-08,net_cashflows,EUR,0.59478759765625,0,0,SCALAR_BEKK_INTERNAL
2020-12-08,net_cashflows,USD,0.5946807861328125,0,0,SCALAR_BEKK_INTERNAL
2020-12-09,funded_assets,EUR,0.90313720703125,0,0,SCALAR_BEKK_INTERNAL
2020-12-09,funded_assets,USD,0.9028167724609375,0,0,SCALAR_BEKK_INTERNAL
2020-12-09,net_cashflows,EUR,0.850555419921875,0,0,SCALAR_BEKK_INTERNAL
2020-12-09,net_cashflows,USD,0.8507080078125,0,0,SCALAR_BEKK_INTERNAL
2020-12-10,funded_assets,EUR,0.0702972412109375,0,0,SCALAR_BEKK_INTERNAL
2020-12-10,funded_assets,USD,0.069122314453125,0,0,SCALAR_BEKK_INTERNAL
2020-12-10,net_cashflows,EUR,0.4953155517578125,0,0,SCALAR_BEKK_INTERNAL
2020-12-10,net_cashflows,USD,0.4967498779296875,0,0,SCALAR_BEKK_INTERNAL
2020-12-11,funded_assets,EUR,0.44287109375,0,0,SCALAR_BEKK_INTERNAL
2020-12-11,funded_assets,USD,0.4441680908203125,0,0,SCALAR_BEKK_INTERNAL
2020-12-11,net_cashflows,EUR,0.3859100341796875,0,0,SCALAR_BEKK_INTERNAL
2020-12-11,net_cashflows,USD,0.3857879638671875,0,0,SCALAR_BEKK_INTERNAL
2020-12-14,funded_assets,EUR,0.33575439453125,0,0,SCALAR_BEKK_INTERNAL
2020-12-14,funded_assets,USD,0.3347625732421875,0,0,SCALAR_BEKK_INTERNAL
2020-12-14,net_cashflows,EUR,0.65234375,0,0,SCALAR_BEKK_INTERNAL
2020-12-14,net_cashflows,USD,0.6520538330078125,0,0,SCALAR_BEKK_INTERNAL
2020-12-15,funded_assets,EUR,0.8300018310546875,0,0,SCALAR_BEKK_INTERNAL
2020-12-15,funded_assets,USD,0.8306732177734375,0,0,SCALAR_BEKK_INTERNAL
2020-12-15,net_cashflows,EUR,0.6898651123046875,0,0,SCALAR_BEKK_INTERNAL
2020-12-15,net_cashflows,USD,0.691558837890625,0,0,SCALAR_BEKK_INTERNAL
2020-12-16,funded_assets,EUR,0.9176788330078125,0,0,SCALAR_BEKK_INTERNAL
2020-12-16,funded_assets,USD,0.91815185546875,0,0,SCALAR_BEKK_INTERNAL
2020-12-16,net_cashflows,EUR,0.404876708984375,0,0,SCALAR_BEKK_INTERNAL
2020-12-16,net_cashflows,USD,0.4046173095703125,0,0,SCALAR_BEKK_INTERNAL
2020-12-17,funded_assets,EUR,0.26287841796875,0,0,SCALAR_BEKK_INTERNAL
2020-12-17,funded_assets,USD,0.260498046875,0,0,SCALAR_BEKK_INTERNAL
2020-12-17,net_cashflows,EUR,0.548919677734375,0,0,SCALAR_BEKK_INTERNAL
2020-12-17,net_cashflows,USD,0.549072265625,0,0,SCALAR_BEKK_INTERNAL
2020-12-18,funded_assets,EUR,0.7267303466796875,0,0,SCALAR_BEKK_INTERNAL
2020-12-18,funded_assets,USD,0.7250518798828125,0,0,SCALAR_BEKK_INTERNAL
2020-12-18,net_cashflows,EUR,0.5011444091796875,0,0,SCALAR_BEKK_INTERNAL
2020-12-18,net_cashflows,USD,0.501434326171875,0,0,SCALAR_BEKK_INTERNAL
2020-12-21,funded_assets,EUR,0.0919342041015625,0,0,SCALAR_BEKK_INTERNAL
2020-12-21,funded_assets,USD,0.0906524658203125,0,0,SCALAR_BEKK_INTERNAL
2020-12-21,net_cashflows,EUR,0.1419525146484375,0,0,SCALAR_BEKK_INTERNAL
2020-12-21,net_cashflows,USD,0.141632080078125,0,0,SCALAR_BEKK_INTERNAL
2020-12-22,funded_assets,EUR,0.370391845703125,0,0,SCALAR_BEKK_INTERNAL
2020-12-22,funded_assets,USD,0.369720458984375,0,0,SCALAR_BEKK_INTERNAL
2020-12-22,net_cashflows,EUR,0.1883697509765625,0,0,SCALAR_BEKK_INTERNAL
2020-12-22,net_cashflows,USD,0.1880340576171875,0,0,SCALAR_BEKK_INTERNAL
2020-12-23,funded_assets,EUR,0.823516845703125,0,0,SCALAR_BEKK_INTERNAL
2020-12-23,funded_assets,USD,0.8237152099609375,0,0,SCALAR_BEKK_INTERNAL
2020-12-23,net_cashflows,EUR,0.7627105712890625,0,0,SCALAR_BEKK_INTERNAL
2020-12-23,net_cashflows,USD,0.762908935546875,0,0,SCALAR_BEKK_INTERNAL
2020-12-24,funded_assets,EUR,0.897705078125,0,0,SCALAR_BEKK_INTERNAL
2020-12-24,funded_assets,USD,0.898651123046875,0,0,SCALAR_BEKK_INTERNAL
2020-12-24,net_cashflows,EUR,0.5004730224609375,0,0,SCALAR_BEKK_INTERNAL
2020-12-24,net_cashflows,USD,0.5013885498046875,0,0,SCALAR_BEKK_INTERNAL
2020-12-28,funded_assets,EUR,0.1816253662109375,0,0,SCALAR_BEKK_INTERNAL
2020-12-28,funded_assets,USD,0.1806640625,0,0,SCALAR_BEKK_INTERNAL
2020-12-28,net_cashflows,EUR,0.8704681396484375,0,0,SCALAR_BEKK_INTERNAL
2020-12-28,net_cashflows,USD,0.8711090087890625,0,0,SCALAR_BEKK_INTERNAL
2020-12-29,funded_assets,EUR,0.161529541015625,0,0,SCALAR_BEKK_INTERNAL
2020-12-29,funded_assets,USD,0.1607208251953125,0,0,SCALAR_BEKK_INTERNAL
2020-12-29,net_cashflows,EUR,0.6097412109375,0,0,SCALAR_BEKK_INTERNAL
2020-12-29,net_cashflows,USD,0.6092071533203125,0,0,SCALAR_BEKK_INTERNAL
2020-12-30,funded_assets,EUR,0.7294158935546875,0,0,SCALAR_BEKK_INTERNAL
2020-12-30,funded_assets,USD,0.7288360595703125,0,0,SCALAR_BEKK_INTERNAL
2020-12-30,net_cashflows,EUR,0.6573638916015625,0,0,SCALAR_BEKK_INTERNAL
2020-12-30,net_cashflows,USD,0.657745361328125,0,0,SCALAR_BEKK_INTERNAL
2020-12-31,funded_assets,EUR,0.3633270263671875,0,0,SCALAR_BEKK_INTERNAL
2020-12-31,funded_assets,USD,0.3629608154296875,0,0,SCALAR_BEKK_INTERNAL
2020-12-31,net_cashflows,EUR,0.60198974609375,0,0,SCALAR_BEKK_INTERNAL
2020-12-31,net_cashflows,USD,0.60150146484375,0,0,SCALAR_BEKK_INTERNAL
2021-01-04,funded_assets,EUR,0.928009033203125,0,0,SCALAR_BEKK_INTERNAL
2021-01-04,funded_assets,USD,0.9276885986328125,0,0,SCALAR_BEKK_INTERNAL
2021-01-04,net_cashflows,EUR,0.5743560791015625,0,0,SCALAR_BEKK_INTERNAL
2021-01-04,net_cashflows,USD,0.5753173828125,0,0,SCALAR_BEKK_INTERNAL
2021-01-05,funded_assets,EUR,0.225830078125,0,0,SCALAR_BEKK_INTERNAL
2021-01-05,funded_assets,USD,0.2229461669921875,0,0,SCALAR_BEKK_INTERNAL
2021-01-05,net_cashflows,EUR,0.0306854248046875,0,0,SCALAR_BEKK_INTERNAL
2021-01-05,net_cashflows,USD,0.030059814453125,0,0,SCALAR_BEKK_INTERNAL
2021-01-06,funded_assets,EUR,0.410797119140625,0,0,SCALAR_BEKK_INTERNAL
2021-01-06,funded_assets,USD,0.4118499755859375,0,0,SCALAR_BEKK_INTERNAL
2021-01-06,net_cashflows,EUR,0.2280731201171875,0,0,SCALAR_BEKK_INTERNAL
2021-01-06,net_cashflows,USD,0.2304534912109375,0,0,SCALAR_BEKK_INTERNAL
2021-01-07,funded_assets,EUR,0.2073516845703125,0,0,SCALAR_BEKK_INTERNAL
2021-01-07,funded_assets,USD,0.20904541015625,0,0,SCALAR_BEKK_INTERNAL
2021-01-07,net_cashflows,EUR,0.1422882080078125,0,0,SCALAR_BEKK_INTERNAL
2021-01-07,net_cashflows,USD,0.144866943359375,0,0,SCALAR_BEKK_INTERNAL
2021-01-08,funded_assets,EUR,0.142822265625,0,0,SCALAR_BEKK_INTERNAL
2021-01-08,funded_assets,USD,0.1439666748046875,0,0,SCALAR_BEKK_INTERNAL
2021-01-08,net_cashflows,EUR,0.3876495361328125,0,0,SCALAR_BEKK_INTERNAL
2021-01-08,net_cashflows,USD,0.388397216796875,0,0,SCALAR_BEKK_INTERNAL
2021-01-11,funded_assets,EUR,0.2496185302734375,0,0,SCALAR_BEKK_INTERNAL
2021-01-11,funded_assets,USD,0.2491912841796875,0,0,SCALAR_BEKK_INTERNAL
2021-01-11,net_cashflows,EUR,0.57611083984375,0,0,SCALAR_BEKK_INTERNAL
2021-01-11,net_cashflows,USD,0.5761260986328125,0,0,SCALAR_BEKK_INTERNAL
2021-01-12,funded_assets,EUR,0.2729339599609375,0,0,SCALAR_BEKK_INTERNAL
2021-01-12,funded_assets,USD,0.2741851806640625,0,0,SCALAR_BEKK_INTERNAL
2021-01-12,net_cashflows,EUR,0.315521240234375,0,0,SCALAR_BEKK_INTERNAL
2021-01-12,net_cashflows,USD,0.3155975341796875,0,0,SCALAR_BEKK_INTERNAL
2021-01-13,funded_assets,EUR,0.2687835693359375,0,0,SCALAR_BEKK_INTERNAL
2021-01-13,funded_assets,USD,0.2689971923828125,0,0,SCALAR_BEKK_INTERNAL
2021-01-13,net_cashflows,EUR,0.855438232421875,0,0,SCALAR_BEKK_INTERNAL
2021-01-13,net_cashflows,USD,0.8538970947265625,0,0,SCALAR_BEKK_INTERNAL
2021-01-14,funded_assets,EUR,0.1543731689453125,0,0,SCALAR_BEKK_INTERNAL
2021-01-14,funded_assets,USD,0.15545654296875,0,0,SCALAR_BEKK_INTERNAL
2021-01-14,net_cashflows,EUR,0.4662017822265625,0,0,SCALAR_BEKK_INTERNAL
2021-01-14,net_cashflows,USD,0.46429443359375,0,0,SCALAR_BEKK_INTERNAL
2021-01-15,funded_assets,EUR,0.9305572509765625,0,0,SCALAR_BEKK_INTERNAL
2021-01-15,funded_assets,USD,0.92938232421875,0,0,SCALAR_BEKK_INTERNAL
2021-01-15,net_cashflows,EUR,0.378204345703125,0,0,SCALAR_BEKK_INTERNAL
2021-01-15,net_cashflows,USD,0.3777923583984375,0,0,SCALAR_BEKK_INTERNAL
2021-01-18,funded_assets,EUR,0.1260833740234375,0,0,SCALAR_BEKK_INTERNAL
2021-01-18,funded_assets,USD,0.124053955078125,0,0,SCALAR_BEKK_INTERNAL
2021-01-18,net_cashflows,EUR,0.366241455078125,0,0,SCALAR_BEKK_INTERNAL
2021-01-18,net_cashflows,USD,0.3662261962890625,0,0,SCALAR_BEKK_INTERNAL
2021-01-19,funded_assets,EUR,0.69830322265625,0,0,SCALAR_BEKK_INTERNAL
2021-01-19,funded_assets,USD,0.69671630859375,0,0,SCALAR_BEKK_INTERNAL
2021-01-19,net_cashflows,EUR,0.85986328125,0,0,SCALAR_BEKK_INTERNAL
2021-01-19,net_cashflows,USD,0.8594207763671875,0,0,SCALAR_BEKK_INTERNAL
2021-01-20,funded_assets,EUR,0.7775421142578125,0,0,SCALAR_BEKK_INTERNAL
2021-01-20,funded_assets,USD,0.7780609130859375,0,0,SCALAR_BEKK_INTERNAL
2021-01-20,net_cashflows,EUR,0.33258056640625,0,0,SCALAR_BEKK_INTERNAL
2021-01-20,net_cashflows,USD,0.3318939208984375,0,0,SCALAR_BEKK_INTERNAL
2021-01-21,funded_assets,EUR,0.3363189697265625,0,0,SCALAR_BEKK_INTERNAL
2021-01-21,funded_assets,USD,0.3360748291015625,0,0,SCALAR_BEKK_INTERNAL
2021-01-21,net_cashflows,EUR,0.4534912109375,0,0,SCALAR_BEKK_INTERNAL
2021-01-21,net_cashflows,USD,0.45361328125,0,0,SCALAR_BEKK_INTERNAL
2021-01-22,funded_assets,EUR,0.44378662109375,0,0,SCALAR_BEKK_INTERNAL
2021-01-22,funded_assets,USD,0.443878173828125,0,0,SCALAR_BEKK_INTERNAL
2021-01-22,net_cashflows,EUR,0.3877105712890625,0,0,SCALAR_BEKK_INTERNAL
2021-01-22,net_cashflows,USD,0.3881378173828125,0,0,SCALAR_BEKK_INTERNAL
2021-01-25,funded_assets,EUR,0.19110107421875,0,0,SCALAR_BEKK_INTERNAL
2021-01-25,funded_assets,USD,0.191497802734375,0,0,SCALAR_BEKK_INTERNAL
2021-01-25,net_cashflows,EUR,0.342010498046875,0,0,SCALAR_BEKK_INTERNAL
2021-01-25,net_cashflows,USD,0.342681884765625,0,0,SCALAR_BEKK_INTERNAL
2021-01-26,funded_assets,EUR,0.694366455078125,0,0,SCALAR_BEKK_INTERNAL
2021-01-26,funded_assets,USD,0.6937255859375,0,0,SCALAR_BEKK_INTERNAL
2021-01-26,net_cashflows,EUR,0.12982177734375,0,0,SCALAR_BEKK_INTERNAL
2021-01-26,net_cashflows,USD,0.1304473876953125,0,0,SCALAR_BEKK_INTERNAL
2021-01-27,funded_assets,EUR,0.814056396484375,0,0,SCALAR_BEKK_INTERNAL
2021-01-27,funded_assets,USD,0.814422607421875,0,0,SCALAR_BEKK_INTERNAL
2021-01-27,net_cashflows,EUR,0.2438201904296875,0,0,SCALAR_BEKK_INTERNAL
2021-01-27,net_cashflows,USD,0.2418670654296875,0,0,SCALAR_BEKK_INTERNAL
2021-01-28,funded_assets,EUR,0.243560791015625,0,0,SCALAR_BEKK_INTERNAL
2021-01-28,funded_assets,USD,0.2418060302734375,0,0,SCALAR_BEKK_INTERNAL
2021-01-28,net_cashflows,EUR,0.1553497314453125,0,0,SCALAR_BEKK_INTERNAL
2021-01-28,net_cashflows,USD,0.1558074951171875,0,0,SCALAR_BEKK_INTERNAL
2021-01-29,funded_assets,EUR,0.213134765625,0,0,SCALAR_BEKK_INTERNAL
2021-01-29,funded_assets,USD,0.21484375,0,0,SCALAR_BEKK_INTERNAL
2021-01-29,net_cashflows,EUR,0.346527099609375,0,0,SCALAR_BEKK_INTERNAL
2021-01-29,net_cashflows,USD,0.3487548828125,0,0,SCALAR_BEKK_INTERNAL
2021-02-01,funded_assets,EUR,0.358306884765625,0,0,SCALAR_BEKK_INTERNAL
2021-02-01,funded_assets,USD,0.359649658203125,0,0,SCALAR_BEKK_INTERNAL
2021-02-01,net_cashflows,EUR,0.428741455078125,0,0,SCALAR_BEKK_INTERNAL
2021-02-01,net_cashflows,USD,0.4293212890625,0,0,SCALAR_BEKK_INTERNAL
2021-02-02,funded_assets,EUR,0.2807159423828125,0,0,SCALAR_BEKK_INTERNAL
2021-02-02,funded_assets,USD,0.2814483642578125,0,0,SCALAR_BEKK_INTERNAL
2021-02-02,net_cashflows,EUR,0.17913818359375,0,0,SCALAR_BEKK_INTERNAL
2021-02-02,net_cashflows,USD,0.179656982421875,0,0,SCALAR_BEKK_INTERNAL
2021-02-03,funded_assets,EUR,0.5592041015625,0,0,SCALAR_BEKK_INTERNAL
2021-02-03,funded_assets,USD,0.5591888427734375,0,0,SCALAR_BEKK_INTERNAL
2021-02-03,net_cashflows,EUR,0.11669921875,0,0,SCALAR_BEKK_INTERNAL
2021-02-03,net_cashflows,USD,0.11700439453125,0,0,SCALAR_BEKK_INTERNAL
2021-02-04,funded_assets,EUR,0.8515472412109375,0,0,SCALAR_BEKK_INTERNAL
2021-02-04,funded_assets,USD,0.8514556884765625,0,0,SCALAR_BEKK_INTERNAL
2021-02-04,net_cashflows,EUR,0.689697265625,0,0,SCALAR_BEKK_INTERNAL
2021-02-04,net_cashflows,USD,0.6884613037109375,0,0,SCALAR_BEKK_INTERNAL
2021-02-05,funded_assets,EUR,0.540435791015625,0,0,SCALAR_BEKK_INTERNAL
2021-02-05,funded_assets,USD,0.5436859130859375,0,0,SCALAR_BEKK_INTERNAL
2021-02-05,net_cashflows,EUR,0.989013671875,0,0,SCALAR_BEKK_INTERNAL
2021-02-05,net_cashflows,USD,0.98944091796875,0,0,SCALAR_BEKK_INTERNAL
2021-02-08,funded_assets,EUR,0.5925750732421875,0,0,SCALAR_BEKK_INTERNAL
2021-02-08,funded_assets,USD,0.593292236328125,0,0,SCALAR_BEKK_INTERNAL
2021-02-08,net_cashflows,EUR,0.412445068359375,0,0,SCALAR_BEKK_INTERNAL
2021-02-08,net_cashflows,USD,0.4136505126953125,0,0,SCALAR_BEKK_INTERNAL
2021-02-09,funded_assets,EUR,0.62774658203125,0,0,SCALAR_BEKK_INTERNAL
2021-02-09,funded_assets,USD,0.6280670166015625,0,0,SCALAR_BEKK_INTERNAL
2021-02-09,net_cashflows,EUR,0.63140869140625,0,0,SCALAR_BEKK_INTERNAL
2021-02-09,net_cashflows,USD,0.631683349609375,0,0,SCALAR_BEKK_INTERNAL
2021-02-10,funded_assets,EUR,0.37310791015625,0,0,SCALAR_BEKK_INTERNAL
2021-02-10,funded_assets,USD,0.3726959228515625,0,0,SCALAR_BEKK_INTERNAL
2021-02-10,net_cashflows,EUR,0.2154998779296875,0,0,SCALAR_BEKK_INTERNAL
2021-02-10,net_cashflows,USD,0.215179443359375,0,0,SCALAR_BEKK_INTERNAL
2021-02-11,funded_assets,EUR,0.4963531494140625,0,0,SCALAR_BEKK_INTERNAL
2021-02-11,funded_assets,USD,0.4960784912109375,0,0,SCALAR_BEKK_INTERNAL
2021-02-11,net_cashflows,EUR,0.235504150390625,0,0,SCALAR_BEKK_INTERNAL
2021-02-11,net_cashflows,USD,0.2353057861328125,0,0,SCALAR_BEKK_INTERNAL
2021-02-12,funded_assets,EUR,0.7250213623046875,0,0,SCALAR_BEKK_INTERNAL
2021-02-12,funded_assets,USD,0.725433349609375,0,0,SCALAR_BEKK_INTERNAL
2021-02-12,net_cashflows,EUR,0.3990478515625,0,0,SCALAR_BEKK_INTERNAL
2021-02-12,net_cashflows,USD,0.3984527587890625,0,0,SCALAR_BEKK_INTERNAL
2021-02-15,funded_assets,EUR,0.08892822265625,0,0,SCALAR_BEKK_INTERNAL
2021-02-15,funded_assets,USD,0.0886383056640625,0,0,SCALAR_BEKK_INTERNAL
2021-02-15,net_cashflows,EUR,0.0577850341796875,0,0,SCALAR_BEKK_INTERNAL
2021-02-15,net_cashflows,USD,0.058441162109375,0,0,SCALAR_BEKK_INTERNAL
2021-02-16,funded_assets,EUR,0.3761444091796875,0,0,SCALAR_BEKK_INTERNAL
2021-02-16,funded_assets,USD,0.3756256103515625,0,0,SCALAR_BEKK_INTERNAL
2021-02-16,net_cashflows,EUR,0.6017303466796875,0,0,SCALAR_BEKK_INTERNAL
2021-02-16,net_cashflows,USD,0.5999755859375,0,0,SCALAR_BEKK_INTERNAL
2021-02-17,funded_assets,EUR,0.7731781005859375,0,0,SCALAR_BEKK_INTERNAL
2021-02-17,funded_assets,USD,0.773712158203125,0,0,SCALAR_BEKK_INTERNAL
2021-02-17,net_cashflows,EUR,0.719390869140625,0,0,SCALAR_BEKK_INTERNAL
2021-02-17,net_cashflows,USD,0.7209625244140625,0,0,SCALAR_BEKK_INTERNAL
2021-02-18,funded_assets,EUR,0.6896820068359375,0,0,SCALAR_BEKK_INTERNAL
2021-02-18,funded_assets,USD,0.6900482177734375,0,0,SCALAR_BEKK_INTERNAL
2021-02-18,net_cashflows,EUR,0.225555419921875,0,0,SCALAR_BEKK_INTERNAL
2021-02-18,net_cashflows,USD,0.224395751953125,0,0,SCALAR_BEKK_INTERNAL
2021-02-19,funded_assets,EUR,0.6399078369140625,0,0,SCALAR_BEKK_INTERNAL
2021-02-19,funded_assets,USD,0.6400299072265625,0,0,SCALAR_BEKK_INTERNAL
2021-02-19,net_cashflows,EUR,0.2883148193359375,0,0,SCALAR_BEKK_INTERNAL
2021-02-19,net_cashflows,USD,0.2877655029296875,0,0,SCALAR_BEKK_INTERNAL
2021-02-22,funded_assets,EUR,0.858612060546875,0,0,SCALAR_BEKK_INTERNAL
2021-02-22,funded_assets,USD,0.858245849609375,0,0,SCALAR_BEKK_INTERNAL
2021-02-22,net_cashflows,EUR,0.02935791015625,0,0,SCALAR_BEKK_INTERNAL
2021-02-22,net_cashflows,USD,0.0286102294921875,0,0,SCALAR_BEKK_INTERNAL
2021-02-23,funded_assets,EUR,0.991973876953125,0,0,SCALAR_BEKK_INTERNAL
2021-02-23,funded_assets,USD,0.99224853515625,0,0,SCALAR_BEKK_INTERNAL
2021-02-23,net_cashflows,EUR,0.44219970703125,0,0,SCALAR_BEKK_INTERNAL
2021-02-23,net_cashflows,USD,0.4371795654296875,0,0,SCALAR_BEKK_INTERNAL
2021-02-24,funded_assets,EUR,0.0413665771484375,0,0,SCALAR_BEKK_INTERNAL
2021-02-24,funded_assets,USD,0.0391845703125,0,0,SCALAR_BEKK_INTERNAL
2021-02-24,net_cashflows,EUR,0.7031402587890625,0,0,SCALAR_BEKK_INTERNAL
2021-02-24,net_cashflows,USD,0.7028350830078125,0,0,SCALAR_BEKK_INTERNAL
2021-02-25,funded_assets,EUR,0.159271240234375,0,0,SCALAR_BEKK_INTERNAL
2021-02-25,funded_assets,USD,0.1636810302734375,0,0,SCALAR_BEKK_INTERNAL
2021-02-25,net_cashflows,EUR,0.0580902099609375,0,0,SCALAR_BEKK_INTERNAL
2021-02-25,net_cashflows,USD,0.05987548828125,0,0,SCALAR_BEKK_INTERNAL
2021-02-26,funded_assets,EUR,0.4702301025390625,0,0,SCALAR_BEKK_INTERNAL
2021-02-26,funded_assets,USD,0.471160888671875,0,0,SCALAR_BEKK_INTERNAL
2021-02-26,net_cashflows,EUR,0.1949462890625,0,0,SCALAR_BEKK_INTERNAL
2021-02-26,net_cashflows,USD,0.1974639892578125,0,0,SCALAR_BEKK_INTERNAL
2021-03-01,funded_assets,EUR,0.633514404296875,0,0,SCALAR_BEKK_INTERNAL
2021-03-01,funded_assets,USD,0.633209228515625,0,0,SCALAR_BEKK_INTERNAL
2021-03-01,net_cashflows,EUR,0.4443359375,0,0,SCALAR_BEKK_INTERNAL
2021-03-01,net_cashflows,USD,0.4440460205078125,0,0,SCALAR_BEKK_INTERNAL
2021-03-02,funded_assets,EUR,0.6999969482421875,0,0,SCALAR_BEKK_INTERNAL
2021-03-02,funded_assets,USD,0.699493408203125,0,0,SCALAR_BEKK_INTERNAL
2021-03-02,net_cashflows,EUR,0.096649169921875,0,0,SCALAR_BEKK_INTERNAL
2021-03-02,net_cashflows,USD,0.0962066650390625,0,0,SCALAR_BEKK_INTERNAL
2021-03-03,funded_assets,EUR,0.1339263916015625,0,0,SCALAR_BEKK_INTERNAL
2021-03-03,funded_assets,USD,0.134124755859375,0,0,SCALAR_BEKK_INTERNAL
2021-03-03,net_cashflows,EUR,0.0879364013671875,0,0,SCALAR_BEKK_INTERNAL
2021-03-03,net_cashflows,USD,0.091461181640625,0,0,SCALAR_BEKK_INTERNAL
2021-03-04,funded_assets,EUR,0.08642578125,0,0,SCALAR_BEKK_INTERNAL
2021-03-04,funded_assets,USD,0.0894927978515625,0,0,SCALAR_BEKK_INTERNAL
2021-03-04,net_cashflows,EUR,0.08685302734375,0,0,SCALAR_BEKK_INTERNAL
2021-03-04,net_cashflows,USD,0.09039306640625,0,0,SCALAR_BEKK_INTERNAL
2021-03-05,funded_assets,EUR,0.693115234375,0,0,SCALAR_BEKK_INTERNAL
2021-03-05,funded_assets,USD,0.6909637451171875,0,0,SCALAR_BEKK_INTERNAL
2021-03-05,net_cashflows,EUR,0.452850341796875,0,0,SCALAR_BEKK_INTERNAL
2021-03-05,net_cashflows,USD,0.4518585205078125,0,0,SCALAR_BEKK_INTERNAL
2021-03-08,funded_assets,EUR,0.3517608642578125,0,0,SCALAR_BEKK_INTERNAL
2021-03-08,funded_assets,USD,0.351226806640625,0,0,SCALAR_BEKK_INTERNAL
2021-03-08,net_cashflows,EUR,0.6500244140625,0,0,SCALAR_BEKK_INTERNAL
2021-03-08,net_cashflows,USD,0.649993896484375,0,0,SCALAR_BEKK_INTERNAL
2021-03-09,funded_assets,EUR,0.8659820556640625,0,0,SCALAR_BEKK_INTERNAL
2021-03-09,funded_assets,USD,0.8657989501953125,0,0,SCALAR_BEKK_INTERNAL
2021-03-09,net_cashflows,EUR,0.6968841552734375,0,0,SCALAR_BEKK_INTERNAL
2021-03-09,net_cashflows,USD,0.69879150390625,0,0,SCALAR_BEKK_INTERNAL
2021-03-10,funded_assets,EUR,0.6450347900390625,0,0,SCALAR_BEKK_INTERNAL
2021-03-10,funded_assets,USD,0.6439208984375,0,0,SCALAR_BEKK_INTERNAL
2021-03-10,net_cashflows,EUR,0.1161651611328125,0,0,SCALAR_BEKK_INTERNAL
2021-03-10,net_cashflows,USD,0.11444091796875,0,0,SCALAR_BEKK_INTERNAL
2021-03-11,funded_assets,EUR,0.354949951171875,0,0,SCALAR_BEKK_INTERNAL
2021-03-11,funded_assets,USD,0.3553314208984375,0,0,SCALAR_BEKK_INTERNAL
2021-03-11,net_cashflows,EUR,0.379974365234375,0,0,SCALAR_BEKK_INTERNAL
2021-03-11,net_cashflows,USD,0.38043212890625,0,0,SCALAR_BEKK_INTERNAL
2021-03-12,funded_assets,EUR,0.3721771240234375,0,0,SCALAR_BEKK_INTERNAL
2021-03-12,funded_assets,USD,0.3719329833984375,0,0,SCALAR_BEKK_INTERNAL
2021-03-12,net_cashflows,EUR,0.8631134033203125,0,0,SCALAR_BEKK_INTERNAL
2021-03-12,net_cashflows,USD,0.8624114990234375,0,0,SCALAR_BEKK_INTERNAL
2021-03-15,funded_assets,EUR,0.396881103515625,0,0,SCALAR_BEKK_INTERNAL
2021-03-15,funded_assets,USD,0.39697265625,0,0,SCALAR_BEKK_INTERNAL
2021-03-15,net_cashflows,EUR,0.197601318359375,0,0,SCALAR_BEKK_INTERNAL
2021-03-15,net_cashflows,USD,0.19696044921875,0,0,SCALAR_BEKK_INTERNAL
2021-03-16,funded_assets,EUR,0.567169189453125,0,0,SCALAR_BEKK_INTERNAL
2021-03-16,funded_assets,USD,0.56695556640625,0,0,SCALAR_BEKK_INTERNAL
2021-03-16,net_cashflows,EUR,0.3904876708984375,0,0,SCALAR_BEKK_INTERNAL
2021-03-16,net_cashflows,USD,0.3904571533203125,0,0,SCALAR_BEKK_INTERNAL
2021-03-17,funded_assets,EUR,0.33392333984375,0,0,SCALAR_BEKK_INTERNAL
2021-03-17,funded_assets,USD,0.3336334228515625,0,0,SCALAR_BEKK_INTERNAL
2021-03-17,net_cashflows,EUR,0.66387939453125,0,0,SCALAR_BEKK_INTERNAL
2021-03-17,net_cashflows,USD,0.6636505126953125,0,0,SCALAR_BEKK_INTERNAL
2021-03-18,funded_assets,EUR,0.7402191162109375,0,0,SCALAR_BEKK_INTERNAL
2021-03-18,funded_assets,USD,0.7396087646484375,0,0,SCALAR_BEKK_INTERNAL
2021-03-18,net_cashflows,EUR,0.8516998291015625,0,0,SCALAR_BEKK_INTERNAL
2021-03-18,net_cashflows,USD,0.85186767578125,0,0,SCALAR_BEKK_INTERNAL
2021-03-19,funded_assets,EUR,0.252899169921875,0,0,SCALAR_BEKK_INTERNAL
2021-03-19,funded_assets,USD,0.252044677734375,0,0,SCALAR_BEKK_INTERNAL
2021-03-19,net_cashflows,EUR,0.3901214599609375,0,0,SCALAR_BEKK_INTERNAL
2021-03-19,net_cashflows,USD,0.3884429931640625,0,0,SCALAR_BEKK_INTERNAL
2021-03-22,funded_assets,EUR,0.2183837890625,0,0,SCALAR_BEKK_INTERNAL
2021-03-22,funded_assets,USD,0.2208099365234375,0,0,SCALAR_BEKK_INTERNAL
2021-03-22,net_cashflows,EUR,0.2783660888671875,0,0,SCALAR_BEKK_INTERNAL
2021-03-22,net_cashflows,USD,0.2803497314453125,0,0,SCALAR_BEKK_INTERNAL
2021-03-23,funded_assets,EUR,0.29168701171875,0,0,SCALAR_BEKK_INTERNAL
2021-03-23,funded_assets,USD,0.2931365966796875,0,0,SCALAR_BEKK_INTERNAL
2021-03-23,net_cashflows,EUR,0.2929229736328125,0,0,SCALAR_BEKK_INTERNAL
2021-03-23,net_cashflows,USD,0.2942962646484375,0,0,SCALAR_BEKK_INTERNAL
2021-03-24,funded_assets,EUR,0.5075531005859375,0,0,SCALAR_BEKK_INTERNAL
2021-03-24,funded_assets,USD,0.5078582763671875,0,0,SCALAR_BEKK_INTERNAL
2021-03-24,net_cashflows,EUR,0.0255889892578125,0,0,SCALAR_BEKK_INTERNAL
2021-03-24,net_cashflows,USD,0.0255279541015625,0,0,SCALAR_BEKK_INTERNAL
2021-03-25,funded_assets,EUR,0.226531982421875,0,0,SCALAR_BEKK_INTERNAL
2021-03-25,funded_assets,USD,0.2263031005859375,0,0,SCALAR_BEKK_INTERNAL
2021-03-25,net_cashflows,EUR,0.5449981689453125,0,0,SCALAR_BEKK_INTERNAL
2021-03-25,net_cashflows,USD,0.544921875,0,0,SCALAR_BEKK_INTERNAL
2021-03-26,funded_assets,EUR,0.4934234619140625,0,0,SCALAR_BEKK_INTERNAL
2021-03-26,funded_assets,USD,0.494598388671875,0,0,SCALAR_BEKK_INTERNAL
2021-03-26,net_cashflows,EUR,0.208526611328125,0,0,SCALAR_BEKK_INTERNAL
2021-03-26,net_cashflows,USD,0.2088623046875,0,0,SCALAR_BEKK_INTERNAL
2021-03-29,funded_assets,EUR,0.544769287109375,0,0,SCALAR_BEKK_INTERNAL
2021-03-29,funded_assets,USD,0.544647216796875,0,0,SCALAR_BEKK_INTERNAL
2021-03-29,net_cashflows,EUR,0.1397247314453125,0,0,SCALAR_BEKK_INTERNAL
2021-03-29,net_cashflows,USD,0.140777587890625,0,0,SCALAR_BEKK_INTERNAL
2021-03-30,funded_assets,EUR,0.7114410400390625,0,0,SCALAR_BEKK_INTERNAL
2021-03-30,funded_assets,USD,0.711273193359375,0,0,SCALAR_BEKK_INTERNAL
2021-03-30,net_cashflows,EUR,0.47003173828125,0,0,SCALAR_BEKK_INTERNAL
2021-03-30,net_cashflows,USD,0.4691162109375,0,0,SCALAR_BEKK_INTERNAL
2021-03-31,funded_assets,EUR,0.7695770263671875,0,0,SCALAR_BEKK_INTERNAL
2021-03-31,funded_assets,USD,0.771942138671875,0,0,SCALAR_BEKK_INTERNAL
2021-03-31,net_cashflows,EUR,0.894012451171875,0,0,SCALAR_BEKK_INTERNAL
2021-03-31,net_cashflows,USD,0.8950653076171875,0,0,SCALAR_BEKK_INTERNAL
2021-04-01,funded_assets,EUR,0.9382476806640625,0,0,SCALAR_BEKK_INTERNAL
2021-04-01,funded_assets,USD,0.939666748046875,0,0,SCALAR_BEKK_INTERNAL
2021-04-01,net_cashflows,EUR,0.946380615234375,0,0,SCALAR_BEKK_INTERNAL
2021-04-01,net_cashflows,USD,0.948760986328125,0,0,SCALAR_BEKK_INTERNAL
2021-04-06,funded_assets,EUR,0.2149505615234375,0,0,SCALAR_BEKK_INTERNAL
2021-04-06,funded_assets,USD,0.21246337890625,0,0,SCALAR_BEKK_INTERNAL
2021-04-06,net_cashflows,EUR,0.8828125,0,0,SCALAR_BEKK_INTERNAL
2021-04-06,net_cashflows,USD,0.883270263671875,0,0,SCALAR_BEKK_INTERNAL
2021-04-07,funded_assets,EUR,0.85296630859375,0,0,SCALAR_BEKK_INTERNAL
2021-04-07,funded_assets,USD,0.8522491455078125,0,0,SCALAR_BEKK_INTERNAL
2021-04-07,net_cashflows,EUR,0.386749267578125,0,0,SCALAR_BEKK_INTERNAL
2021-04-07,net_cashflows,USD,0.387176513671875,0,0,SCALAR_BEKK_INTERNAL
2021-04-08,funded_assets,EUR,0.367645263671875,0,0,SCALAR_BEKK_INTERNAL
2021-04-08,funded_assets,USD,0.3677520751953125,0,0,SCALAR_BEKK_INTERNAL
2021-04-08,net_cashflows,EUR,0.7057342529296875,0,0,SCALAR_BEKK_INTERNAL
2021-04-08,net_cashflows,USD,0.705780029296875,0,0,SCALAR_BEKK_INTERNAL
2021-04-09,funded_assets,EUR,0.576324462890625,0,0,SCALAR_BEKK_INTERNAL
2021-04-09,funded_assets,USD,0.5762939453125,0,0,SCALAR_BEKK_INTERNAL
2021-04-09,net_cashflows,EUR,0.45294189453125,0,0,SCALAR_BEKK_INTERNAL
2021-04-09,net_cashflows,USD,0.4528350830078125,0,0,SCALAR_BEKK_INTERNAL
2021-04-12,funded_assets,EUR,0.894378662109375,0,0,SCALAR_BEKK_INTERNAL
2021-04-12,funded_assets,USD,0.8946990966796875,0,0,SCALAR_BEKK_INTERNAL
2021-04-12,net_cashflows,EUR,0.8104705810546875,0,0,SCALAR_BEKK_INTERNAL
2021-04-12,net_cashflows,USD,0.8108062744140625,0,0,SCALAR_BEKK_INTERNAL
2021-04-13,funded_assets,EUR,0.4215240478515625,0,0,SCALAR_BEKK_INTERNAL
2021-04-13,funded_assets,USD,0.42120361328125,0,0,SCALAR_BEKK_INTERNAL
2021-04-13,net_cashflows,EUR,0.53826904296875,0,0,SCALAR_BEKK_INTERNAL
2021-04-13,net_cashflows,USD,0.538665771484375,0,0,SCALAR_BEKK_INTERNAL
2021-04-14,funded_assets,EUR,0.511505126953125,0,0,SCALAR_BEKK_INTERNAL
2021-04-14,funded_assets,USD,0.51141357421875,0,0,SCALAR_BEKK_INTERNAL
2021-04-14,net_cashflows,EUR,0.6374359130859375,0,0,SCALAR_BEKK_INTERNAL
2021-04-14,net_cashflows,USD,0.63775634765625,0,0,SCALAR_BEKK_INTERNAL
2021-04-15,funded_assets,EUR,0.31365966796875,0,0,SCALAR_BEKK_INTERNAL
2021-04-15,funded_assets,USD,0.31280517578125,0,0,SCALAR_BEKK_INTERNAL
2021-04-15,net_cashflows,EUR,0.85931396484375,0,0,SCALAR_BEKK_INTERNAL
2021-04-15,net_cashflows,USD,0.8604278564453125,0,0,SCALAR_BEKK_INTERNAL
2021-04-16,funded_assets,EUR,0.7942657470703125,0,0,SCALAR_BEKK_INTERNAL
2021-04-16,funded_assets,USD,0.7949066162109375,0,0,SCALAR_BEKK_INTERNAL
2021-04-16,net_cashflows,EUR,0.214752197265625,0,0,SCALAR_BEKK_INTERNAL
2021-04-16,net_cashflows,USD,0.2135009765625,0,0,SCALAR_BEKK_INTERNAL
2021-04-19,funded_assets,EUR,0.11639404296875,0,0,SCALAR_BEKK_INTERNAL
2021-04-19,funded_assets,USD,0.1155853271484375,0,0,SCALAR_BEKK_INTERNAL
2021-04-19,net_cashflows,EUR,0.5970001220703125,0,0,SCALAR_BEKK_INTERNAL
2021-04-19,net_cashflows,USD,0.597564697265625,0,0,SCALAR_BEKK_INTERNAL
2021-04-20,funded_assets,EUR,0.944091796875,0,0,SCALAR_BEKK_INTERNAL
2021-04-20,funded_assets,USD,0.9427337646484375,0,0,SCALAR_BEKK_INTERNAL
2021-04-20,net_cashflows,EUR,0.639556884765625,0,0,SCALAR_BEKK_INTERNAL
2021-04-20,net_cashflows,USD,0.6394805908203125,0,0,SCALAR_BEKK_INTERNAL
2021-04-21,funded_assets,EUR,0.4959259033203125,0,0,SCALAR_BEKK_INTERNAL
2021-04-21,funded_assets,USD,0.4969482421875,0,0,SCALAR_BEKK_INTERNAL
2021-04-21,net_cashflows,EUR,0.7788543701171875,0,0,SCALAR_BEKK_INTERNAL
2021-04-21,net_cashflows,USD,0.77978515625,0,0,SCALAR_BEKK_INTERNAL
2021-04-22,funded_assets,EUR,0.8258514404296875,0,0,SCALAR_BEKK_INTERNAL
2021-04-22,funded_assets,USD,0.8260955810546875,0,0,SCALAR_BEKK_INTERNAL
2021-04-22,net_cashflows,EUR,0.255615234375,0,0,SCALAR_BEKK_INTERNAL
2021-04-22,net_cashflows,USD,0.2551727294921875,0,0,SCALAR_BEKK_INTERNAL
2021-04-23,funded_assets,EUR,0.46435546875,0,0,SCALAR_BEKK_INTERNAL
2021-04-23,funded_assets,USD,0.4643707275390625,0,0,SCALAR_BEKK_INTERNAL
2021-04-23,net_cashflows,EUR,0.4337310791015625,0,0,SCALAR_BEKK_INTERNAL
2021-04-23,net_cashflows,USD,0.43365478515625,0,0,SCALAR_BEKK_INTERNAL
2021-04-26,funded_assets,EUR,0.6786956787109375,0,0,SCALAR_BEKK_INTERNAL
2021-04-26,funded_assets,USD,0.678192138671875,0,0,SCALAR_BEKK_INTERNAL
2021-04-26,net_cashflows,EUR,0.1284942626953125,0,0,SCALAR_BEKK_INTERNAL
2021-04-26,net_cashflows,USD,0.1283721923828125,0,0,SCALAR_BEKK_INTERNAL
2021-04-27,funded_assets,EUR,0.7743377685546875,0,0,SCALAR_BEKK_INTERNAL
2021-04-27,funded_assets,USD,0.7750701904296875,0,0,SCALAR_BEKK_INTERNAL
2021-04-27,net_cashflows,EUR,0.6394500732421875,0,0,SCALAR_BEKK_INTERNAL
2021-04-27,net_cashflows,USD,0.6376495361328125,0,0,SCALAR_BEKK_INTERNAL
2021-04-28,funded_assets,EUR,0.124481201171875,0,0,SCALAR_BEKK_INTERNAL
2021-04-28,funded_assets,USD,0.123077392578125,0,0,SCALAR_BEKK_INTERNAL
2021-04-28,net_cashflows,EUR,0.517822265625,0,0,SCALAR_BEKK_INTERNAL
2021-04-28,net_cashflows,USD,0.517059326171875,0,0,SCALAR_BEKK_INTERNAL
2021-04-29,funded_assets,EUR,0.5080413818359375,0,0,SCALAR_BEKK_INTERNAL
2021-04-29,funded_assets,USD,0.509552001953125,0,0,SCALAR_BEKK_INTERNAL
2021-04-29,net_cashflows,EUR,0.0923919677734375,0,0,SCALAR_BEKK_INTERNAL
2021-04-29,net_cashflows,USD,0.093170166015625,0,0,SCALAR_BEKK_INTERNAL
2021-04-30,funded_assets,EUR,0.128326416015625,0,0,SCALAR_BEKK_INTERNAL
2021-04-30,funded_assets,USD,0.1282958984375,0,0,SCALAR_BEKK_INTERNAL
2021-04-30,net_cashflows,EUR,0.76727294921875,0,0,SCALAR_BEKK_INTERNAL
2021-04-30,net_cashflows,USD,0.766265869140625,0,0,SCALAR_BEKK_INTERNAL
2021-05-03,funded_assets,EUR,0.170074462890625,0,0,SCALAR_BEKK_INTERNAL
2021-05-03,funded_assets,USD,0.1707916259765625,0,0,SCALAR_BEKK_INTERNAL
2021-05-03,net_cashflows,EUR,0.3327789306640625,0,0,SCALAR_BEKK_INTERNAL
2021-05-03,net_cashflows,USD,0.332763671875,0,0,SCALAR_BEKK_INTERNAL
2021-05-04,funded_assets,EUR,0.893890380859375,0,0,SCALAR_BEKK_INTERNAL
2021-05-04,funded_assets,USD,0.893218994140625,0,0,SCALAR_BEKK_INTERNAL
2021-05-04,net_cashflows,EUR,0.7900238037109375,0,0,SCALAR_BEKK_INTERNAL
2021-05-04,net_cashflows,USD,0.789794921875,0,0,SCALAR_BEKK_INTERNAL
2021-05-05,funded_assets,EUR,0.599700927734375,0,0,SCALAR_BEKK_INTERNAL
2021-05-05,funded_assets,USD,0.5998687744140625,0,0,SCALAR_BEKK_INTERNAL
2021-05-05,net_cashflows,EUR,0.4299468994140625,0,0,SCALAR_BEKK_INTERNAL
2021-05-05,net_cashflows,USD,0.429779052734375,0,0,SCALAR_BEKK_INTERNAL
2021-05-06,funded_assets,EUR,0.648223876953125,0,0,SCALAR_BEKK_INTERNAL
2021-05-06,funded_assets,USD,0.649993896484375,0,0,SCALAR_BEKK_INTERNAL
2021-05-06,net_cashflows,EUR,0.8841400146484375,0,0,SCALAR_BEKK_INTERNAL
2021-05-06,net_cashflows,USD,0.885406494140625,0,0,SCALAR_BEKK_INTERNAL
2021-05-07,funded_assets,EUR,0.4897918701171875,0,0,SCALAR_BEKK_INTERNAL
2021-05-07,funded_assets,USD,0.4896392822265625,0,0,SCALAR_BEKK_INTERNAL
2021-05-07,net_cashflows,EUR,0.3894195556640625,0,0,SCALAR_BEKK_INTERNAL
2021-05-07,net_cashflows,USD,0.388702392578125,0,0,SCALAR_BEKK_INTERNAL
2021-05-10,funded_assets,EUR,0.1474151611328125,0,0,SCALAR_BEKK_INTERNAL
2021-05-10,funded_assets,USD,0.147613525390625,0,0,SCALAR_BEKK_INTERNAL
2021-05-10,net_cashflows,EUR,0.252410888671875,0,0,SCALAR_BEKK_INTERNAL
2021-05-10,net_cashflows,USD,0.2532806396484375,0,0,SCALAR_BEKK_INTERNAL
2021-05-11,funded_assets,EUR,0.646514892578125,0,0,SCALAR_BEKK_INTERNAL
2021-05-11,funded_assets,USD,0.646636962890625,0,0,SCALAR_BEKK_INTERNAL
2021-05-11,net_cashflows,EUR,0.1106719970703125,0,0,SCALAR_BEKK_INTERNAL
2021-05-11,net_cashflows,USD,0.112060546875,0,0,SCALAR_BEKK_INTERNAL
2021-05-12,funded_assets,EUR,0.6546478271484375,0,0,SCALAR_BEKK_INTERNAL
2021-05-12,funded_assets,USD,0.6550445556640625,0,0,SCALAR_BEKK_INTERNAL
2021-05-12,net_cashflows,EUR,0.7691802978515625,0,0,SCALAR_BEKK_INTERNAL
2021-05-12,net_cashflows,USD,0.7676239013671875,0,0,SCALAR_BEKK_INTERNAL
2021-05-13,funded_assets,EUR,0.654205322265625,0,0,SCALAR_BEKK_INTERNAL
2021-05-13,funded_assets,USD,0.655059814453125,0,0,SCALAR_BEKK_INTERNAL
2021-05-13,net_cashflows,EUR,0.627716064453125,0,0,SCALAR_BEKK_INTERNAL
2021-05-13,net_cashflows,USD,0.628875732421875,0,0,SCALAR_BEKK_INTERNAL
2021-05-14,funded_assets,EUR,0.8223724365234375,0,0,SCALAR_BEKK_INTERNAL
2021-05-14,funded_assets,USD,0.8241424560546875,0,0,SCALAR_BEKK_INTERNAL
2021-05-14,net_cashflows,EUR,0.711944580078125,0,0,SCALAR_BEKK_INTERNAL
2021-05-14,net_cashflows,USD,0.7141265869140625,0,0,SCALAR_BEKK_INTERNAL
2021-05-17,funded_assets,EUR,0.788970947265625,0,0,SCALAR_BEKK_INTERNAL
2021-05-17,funded_assets,USD,0.7895355224609375,0,0,SCALAR_BEKK_INTERNAL
2021-05-17,net_cashflows,EUR,0.2084197998046875,0,0,SCALAR_BEKK_INTERNAL
2021-05-17,net_cashflows,USD,0.2067108154296875,0,0,SCALAR_BEKK_INTERNAL
2021-05-18,funded_assets,EUR,0.36822509765625,0,0,SCALAR_BEKK_INTERNAL
2021-05-18,funded_assets,USD,0.3679656982421875,0,0,SCALAR_BEKK_INTERNAL
2021-05-18,net_cashflows,EUR,0.714324951171875,0,0,SCALAR_BEKK_INTERNAL
2021-05-18,net_cashflows,USD,0.7139434814453125,0,0,SCALAR_BEKK_INTERNAL
2021-05-19,funded_assets,EUR,0.0736846923828125,0,0,SCALAR_BEKK_INTERNAL
2021-05-19,funded_assets,USD,0.073272705078125,0,0,SCALAR_BEKK_INTERNAL
2021-05-19,net_cashflows,EUR,0.584197998046875,0,0,SCALAR_BEKK_INTERNAL
2021-05-19,net_cashflows,USD,0.5835723876953125,0,0,SCALAR_BEKK_INTERNAL
2021-05-20,funded_assets,EUR,0.8878631591796875,0,0,SCALAR_BEKK_INTERNAL
2021-05-20,funded_assets,USD,0.8866729736328125,0,0,SCALAR_BEKK_INTERNAL
2021-05-20,net_cashflows,EUR,0.6063995361328125,0,0,SCALAR_BEKK_INTERNAL
2021-05-20,net_cashflows,USD,0.6067657470703125,0,0,SCALAR_BEKK_INTERNAL
2021-05-21,funded_assets,EUR,0.8865814208984375,0,0,SCALAR_BEKK_INTERNAL
2021-05-21,funded_assets,USD,0.8881988525390625,0,0,SCALAR_BEKK_INTERNAL
2021-05-21,net_cashflows,EUR,0.576416015625,0,0,SCALAR_BEKK_INTERNAL
2021-05-21,net_cashflows,USD,0.577392578125,0,0,SCALAR_BEKK_INTERNAL
2021-05-24,funded_assets,EUR,0.1551666259765625,0,0,SCALAR_BEKK_INTERNAL
2021-05-24,funded_assets,USD,0.1531524658203125,0,0,SCALAR_BEKK_INTERNAL
2021-05-24,net_cashflows,EUR,0.408538818359375,0,0,SCALAR_BEKK_INTERNAL
2021-05-24,net_cashflows,USD,0.4081268310546875,0,0,SCALAR_BEKK_INTERNAL
2021-05-25,funded_assets,EUR,0.38336181640625,0,0,SCALAR_BEKK_INTERNAL
2021-05-25,funded_assets,USD,0.3847198486328125,0,0,SCALAR_BEKK_INTERNAL
2021-05-25,net_cashflows,EUR,0.098724365234375,0,0,SCALAR_BEKK_INTERNAL
2021-05-25,net_cashflows,USD,0.099700927734375,0,0,SCALAR_BEKK_INTERNAL
2021-05-26,funded_assets,EUR,0.23431396484375,0,0,SCALAR_BEKK_INTERNAL
2021-05-26,funded_assets,USD,0.235992431640625,0,0,SCALAR_BEKK_INTERNAL
2021-05-26,net_cashflows,EUR,0.0535125732421875,0,0,SCALAR_BEKK_INTERNAL
2021-05-26,net_cashflows,USD,0.0549468994140625,0,0,SCALAR_BEKK_INTERNAL
2021-05-27,funded_assets,EUR,0.8586883544921875,0,0,SCALAR_BEKK_INTERNAL
2021-05-27,funded_assets,USD,0.857391357421875,0,0,SCALAR_BEKK_INTERNAL
2021-05-27,net_cashflows,EUR,0.81396484375,0,0,SCALAR_BEKK_INTERNAL
2021-05-27,net_cashflows,USD,0.8118133544921875,0,0,SCALAR_BEKK_INTERNAL
2021-05-28,funded_assets,EUR,0.7706146240234375,0,0,SCALAR_BEKK_INTERNAL
2021-05-28,funded_assets,USD,0.7720489501953125,0,0,SCALAR_BEKK_INTERNAL
2021-05-28,net_cashflows,EUR,0.592987060546875,0,0,SCALAR_BEKK_INTERNAL
2021-05-28,net_cashflows,USD,0.5941314697265625,0,0,SCALAR_BEKK_INTERNAL
2021-05-31,funded_assets,EUR,0.212310791015625,0,0,SCALAR_BEKK_INTERNAL
2021-05-31,funded_assets,USD,0.211395263671875,0,0,SCALAR_BEKK_INTERNAL
2021-05-31,net_cashflows,EUR,0.3453826904296875,0,0,SCALAR_BEKK_INTERNAL
2021-05-31,net_cashflows,USD,0.3449554443359375,0,0,SCALAR_BEKK_INTERNAL
2021-06-01,funded_assets,EUR,0.37005615234375,0,0,SCALAR_BEKK_INTERNAL
2021-06-01,funded_assets,USD,0.3702392578125,0,0,SCALAR_BEKK_INTERNAL
2021-06-01,net_cashflows,EUR,0.4958343505859375,0,0,SCALAR_BEKK_INTERNAL
2021-06-01,net_cashflows,USD,0.495758056640625,0,0,SCALAR_BEKK_INTERNAL
2021-06-02,funded_assets,EUR,0.09552001953125,0,0,SCALAR_BEKK_INTERNAL
2021-06-02,funded_assets,USD,0.09613037109375,0,0,SCALAR_BEKK_INTERNAL
2021-06-02,net_cashflows,EUR,0.1826629638671875,0,0,SCALAR_BEKK_INTERNAL
2021-06-02,net_cashflows,USD,0.183502197265625,0,0,SCALAR_BEKK_INTERNAL
2021-06-03,funded_assets,EUR,0.5206756591796875,0,0,SCALAR_BEKK_INTERNAL
2021-06-03,funded_assets,USD,0.5186920166015625,0,0,SCALAR_BEKK_INTERNAL
2021-06-03,net_cashflows,EUR,0.9541778564453125,0,0,SCALAR_BEKK_INTERNAL
2021-06-03,net_cashflows,USD,0.9528350830078125,0,0,SCALAR_BEKK_INTERNAL
2021-06-04,funded_assets,EUR,0.6959991455078125,0,0,SCALAR_BEKK_INTERNAL
2021-06-04,funded_assets,USD,0.6967620849609375,0,0,SCALAR_BEKK_INTERNAL
2021-06-04,net_cashflows,EUR,0.6464385986328125,0,0,SCALAR_BEKK_INTERNAL
2021-06-04,net_cashflows,USD,0.6480560302734375,0,0,SCALAR_BEKK_INTERNAL
2021-06-07,funded_assets,EUR,0.543212890625,0,0,SCALAR_BEKK_INTERNAL
2021-06-07,funded_assets,USD,0.54351806640625,0,0,SCALAR_BEKK_INTERNAL
2021-06-07,net_cashflows,EUR,0.5286865234375,0,0,SCALAR_BEKK_INTERNAL
2021-06-07,net_cashflows,USD,0.528961181640625,0,0,SCALAR_BEKK_INTERNAL
2021-06-08,funded_assets,EUR,0.5141143798828125,0,0,SCALAR_BEKK_INTERNAL
2021-06-08,funded_assets,USD,0.5140380859375,0,0,SCALAR_BEKK_INTERNAL
2021-06-08,net_cashflows,EUR,0.4288482666015625,0,0,SCALAR_BEKK_INTERNAL
2021-06-08,net_cashflows,USD,0.4288177490234375,0,0,SCALAR_BEKK_INTERNAL
2021-06-09,funded_assets,EUR,0.0411224365234375,0,0,SCALAR_BEKK_INTERNAL
2021-06-09,funded_assets,USD,0.0413360595703125,0,0,SCALAR_BEKK_INTERNAL
2021-06-09,net_cashflows,EUR,0.3200836181640625,0,0,SCALAR_BEKK_INTERNAL
2021-06-09,net_cashflows,USD,0.321014404296875,0,0,SCALAR_BEKK_INTERNAL
2021-06-10,funded_assets,EUR,0.5879974365234375,0,0,SCALAR_BEKK_INTERNAL
2021-06-10,funded_assets,USD,0.58807373046875,0,0,SCALAR_BEKK_INTERNAL
2021-06-10,net_cashflows,EUR,0.3772430419921875,0,0,SCALAR_BEKK_INTERNAL
2021-06-10,net_cashflows,USD,0.37799072265625,0,0,SCALAR_BEKK_INTERNAL
2021-06-11,funded_assets,EUR,0.7217254638671875,0,0,SCALAR_BEKK_INTERNAL
2021-06-11,funded_assets,USD,0.720794677734375,0,0,SCALAR_BEKK_INTERNAL
2021-06-11,net_cashflows,EUR,0.313507080078125,0,0,SCALAR_BEKK_INTERNAL
2021-06-11,net_cashflows,USD,0.3136444091796875,0,0,SCALAR_BEKK_INTERNAL
2021-06-14,funded_assets,EUR,0.361114501953125,0,0,SCALAR_BEKK_INTERNAL
2021-06-14,funded_assets,USD,0.361083984375,0,0,SCALAR_BEKK_INTERNAL
2021-06-14,net_cashflows,EUR,0.5904693603515625,0,0,SCALAR_BEKK_INTERNAL
2021-06-14,net_cashflows,USD,0.5903167724609375,0,0,SCALAR_BEKK_INTERNAL
2021-06-15,funded_assets,EUR,0.006744384765625,0,0,SCALAR_BEKK_INTERNAL
2021-06-15,funded_assets,USD,0.0072021484375,0,0,SCALAR_BEKK_INTERNAL
2021-06-15,net_cashflows,EUR,0.002685546875,0,0,SCALAR_BEKK_INTERNAL
2021-06-15,net_cashflows,USD,0.0028533935546875,0,0,SCALAR_BEKK_INTERNAL
2021-06-16,funded_assets,EUR,0.2506866455078125,0,0,SCALAR_BEKK_INTERNAL
2021-06-16,funded_assets,USD,0.2567291259765625,0,0,SCALAR_BEKK_INTERNAL
2021-06-16,net_cashflows,EUR,0.7064056396484375,0,0,SCALAR_BEKK_INTERNAL
2021-06-16,net_cashflows,USD,0.7056121826171875,0,0,SCALAR_BEKK_INTERNAL
2021-06-17,funded_assets,EUR,0.409576416015625,0,0,SCALAR_BEKK_INTERNAL
2021-06-17,funded_assets,USD,0.4098358154296875,0,0,SCALAR_BEKK_INTERNAL
2021-06-17,net_cashflows,EUR,0.465850830078125,0,0,SCALAR_BEKK_INTERNAL
2021-06-17,net_cashflows,USD,0.46600341796875,0,0,SCALAR_BEKK_INTERNAL
2021-06-18,funded_assets,EUR,0.586456298828125,0,0,SCALAR_BEKK_INTERNAL
2021-06-18,funded_assets,USD,0.586334228515625,0,0,SCALAR_BEKK_INTERNAL
2021-06-18,net_cashflows,EUR,0.25750732421875,0,0,SCALAR_BEKK_INTERNAL
2021-06-18,net_cashflows,USD,0.25714111328125,0,0,SCALAR_BEKK_INTERNAL
2021-06-21,funded_assets,EUR,0.8726654052734375,0,0,SCALAR_BEKK_INTERNAL
2021-06-21,funded_assets,USD,0.87274169921875,0,0,SCALAR_BEKK_INTERNAL
2021-06-21,net_cashflows,EUR,0.3376922607421875,0,0,SCALAR_BEKK_INTERNAL
2021-06-21,net_cashflows,USD,0.335693359375,0,0,SCALAR_BEKK_INTERNAL
2021-06-22,funded_assets,EUR,0.592376708984375,0,0,SCALAR_BEKK_INTERNAL
2021-06-22,funded_assets,USD,0.5920867919921875,0,0,SCALAR_BEKK_INTERNAL
2021-06-22,net_cashflows,EUR,0.597259521484375,0,0,SCALAR_BEKK_INTERNAL
2021-06-22,net_cashflows,USD,0.59759521484375,0,0,SCALAR_BEKK_INTERNAL
2021-06-23,funded_assets,EUR,0.5519561767578125,0,0,SCALAR_BEKK_INTERNAL
2021-06-23,funded_assets,USD,0.5517578125,0,0,SCALAR_BEKK_INTERNAL
2021-06-23,net_cashflows,EUR,0.6213836669921875,0,0,SCALAR_BEKK_INTERNAL
2021-06-23,net_cashflows,USD,0.621337890625,0,0,SCALAR_BEKK_INTERNAL
2021-06-24,funded_assets,EUR,0.274505615234375,0,0,SCALAR_BEKK_INTERNAL
2021-06-24,funded_assets,USD,0.2742156982421875,0,0,SCALAR_BEKK_INTERNAL
2021-06-24,net_cashflows,EUR,0.1854248046875,0,0,SCALAR_BEKK_INTERNAL
2021-06-24,net_cashflows,USD,0.185028076171875,0,0,SCALAR_BEKK_INTERNAL
2021-06-25,funded_assets,EUR,0.3427734375,0,0,SCALAR_BEKK_INTERNAL
2021-06-25,funded_assets,USD,0.3437957763671875,0,0,SCALAR_BEKK_INTERNAL
2021-06-25,net_cashflows,EUR,0.700714111328125,0,0,SCALAR_BEKK_INTERNAL
2021-06-25,net_cashflows,USD,0.699951171875,0,0,SCALAR_BEKK_INTERNAL
2021-06-28,funded_assets,EUR,0.4350433349609375,0,0,SCALAR_BEKK_INTERNAL
2021-06-28,funded_assets,USD,0.4352569580078125,0,0,SCALAR_BEKK_INTERNAL
2021-06-28,net_cashflows,EUR,0.4170074462890625,0,0,SCALAR_BEKK_INTERNAL
2021-06-28,net_cashflows,USD,0.4170379638671875,0,0,SCALAR_BEKK_INTERNAL
2021-06-29,funded_assets,EUR,0.8548431396484375,0,0,SCALAR_BEKK_INTERNAL
2021-06-29,funded_assets,USD,0.8538970947265625,0,0,SCALAR_BEKK_INTERNAL
2021-06-29,net_cashflows,EUR,0.1134490966796875,0,0,SCALAR_BEKK_INTERNAL
2021-06-29,net_cashflows,USD,0.1130523681640625,0,0,SCALAR_BEKK_INTERNAL
2021-06-30,funded_assets,EUR,0.0719146728515625,0,0,SCALAR_BEKK_INTERNAL
2021-06-30,funded_assets,USD,0.070892333984375,0,0,SCALAR_BEKK_INTERNAL
2021-06-30,net_cashflows,EUR,0.53131103515625,0,0,SCALAR_BEKK_INTERNAL
2021-06-30,net_cashflows,USD,0.533447265625,0,0,SCALAR_BEKK_INTERNAL
2021-07-01,funded_assets,EUR,0.39593505859375,0,0,SCALAR_BEKK_INTERNAL
2021-07-01,funded_assets,USD,0.3939056396484375,0,0,SCALAR_BEKK_INTERNAL
2021-07-01,net_cashflows,EUR,0.816619873046875,0,0,SCALAR_BEKK_INTERNAL
2021-07-01,net_cashflows,USD,0.815887451171875,0,0,SCALAR_BEKK_INTERNAL
2021-07-02,funded_assets,EUR,0.1640625,0,0,SCALAR_BEKK_INTERNAL
2021-07-02,funded_assets,USD,0.1630401611328125,0,0,SCALAR_BEKK_INTERNAL
2021-07-02,net_cashflows,EUR,0.549346923828125,0,0,SCALAR_BEKK_INTERNAL
2021-07-02,net_cashflows,USD,0.5485382080078125,0,0,SCALAR_BEKK_INTERNAL
2021-07-05,funded_assets,EUR,0.406707763671875,0,0,SCALAR_BEKK_INTERNAL
2021-07-05,funded_assets,USD,0.4073944091796875,0,0,SCALAR_BEKK_INTERNAL
2021-07-05,net_cashflows,EUR,0.573333740234375,0,0,SCALAR_BEKK_INTERNAL
2021-07-05,net_cashflows,USD,0.57305908203125,0,0,SCALAR_BEKK_INTERNAL
2021-07-06,funded_assets,EUR,0.2877960205078125,0,0,SCALAR_BEKK_INTERNAL
2021-07-06,funded_assets,USD,0.2875518798828125,0,0,SCALAR_BEKK_INTERNAL
2021-07-06,net_cashflows,EUR,0.9932861328125,0,0,SCALAR_BEKK_INTERNAL
2021-07-06,net_cashflows,USD,0.9930877685546875,0,0,SCALAR_BEKK_INTERNAL
2021-07-07,funded_assets,EUR,0.5636749267578125,0,0,SCALAR_BEKK_INTERNAL
2021-07-07,funded_assets,USD,0.5634307861328125,0,0,SCALAR_BEKK_INTERNAL
2021-07-07,net_cashflows,EUR,0.2560272216796875,0,0,SCALAR_BEKK_INTERNAL
2021-07-07,net_cashflows,USD,0.2568206787109375,0,0,SCALAR_BEKK_INTERNAL
2021-07-08,funded_assets,EUR,0.412506103515625,0,0,SCALAR_BEKK_INTERNAL
2021-07-08,funded_assets,USD,0.4123382568359375,0,0,SCALAR_BEKK_INTERNAL
2021-07-08,net_cashflows,EUR,0.3606109619140625,0,0,SCALAR_BEKK_INTERNAL
2021-07-08,net_cashflows,USD,0.360443115234375,0,0,SCALAR_BEKK_INTERNAL
2021-07-09,funded_assets,EUR,0.4607391357421875,0,0,SCALAR_BEKK_INTERNAL
2021-07-09,funded_assets,USD,0.46087646484375,0,0,SCALAR_BEKK_INTERNAL
2021-07-09,net_cashflows,EUR,0.4014434814453125,0,0,SCALAR_BEKK_INTERNAL
2021-07-09,net_cashflows,USD,0.4015960693359375,0,0,SCALAR_BEKK_INTERNAL
2021-07-12,funded_assets,EUR,0.13507080078125,0,0,SCALAR_BEKK_INTERNAL
2021-07-12,funded_assets,USD,0.1349639892578125,0,0,SCALAR_BEKK_INTERNAL
2021-07-12,net_cashflows,EUR,0.3580322265625,0,0,SCALAR_BEKK_INTERNAL
2021-07-12,net_cashflows,USD,0.3586273193359375,0,0,SCALAR_BEKK_INTERNAL
2021-07-13,funded_assets,EUR,0.333251953125,0,0,SCALAR_BEKK_INTERNAL
2021-07-13,funded_assets,USD,0.3334808349609375,0,0,SCALAR_BEKK_INTERNAL
2021-07-13,net_cashflows,EUR,0.7051849365234375,0,0,SCALAR_BEKK_INTERNAL
2021-07-13,net_cashflows,USD,0.7046051025390625,0,0,SCALAR_BEKK_INTERNAL
2021-07-14,funded_assets,EUR,0.65087890625,0,0,SCALAR_BEKK_INTERNAL
2021-07-14,funded_assets,USD,0.650634765625,0,0,SCALAR_BEKK_INTERNAL
2021-07-14,net_cashflows,EUR,0.317413330078125,0,0,SCALAR_BEKK_INTERNAL
2021-07-14,net_cashflows,USD,0.317230224609375,0,0,SCALAR_BEKK_INTERNAL
2021-07-15,funded_assets,EUR,0.276397705078125,0,0,SCALAR_BEKK_INTERNAL
2021-07-15,funded_assets,USD,0.276397705078125,0,0,SCALAR_BEKK_INTERNAL
2021-07-15,net_cashflows,EUR,0.8888702392578125,0,0,SCALAR_BEKK_INTERNAL
2021-07-15,net_cashflows,USD,0.8878173828125,0,0,SCALAR_BEKK_INTERNAL
2021-07-16,funded_assets,EUR,0.8135833740234375,0,0,SCALAR_BEKK_INTERNAL
2021-07-16,funded_assets,USD,0.812286376953125,0,0,SCALAR_BEKK_INTERNAL
2021-07-16,net_cashflows,EUR,0.69097900390625,0,0,SCALAR_BEKK_INTERNAL
2021-07-16,net_cashflows,USD,0.6906585693359375,0,0,SCALAR_BEKK_INTERNAL
2021-07-19,funded_assets,EUR,0.6307373046875,0,0,SCALAR_BEKK_INTERNAL
2021-07-19,funded_assets,USD,0.6306304931640625,0,0,SCALAR_BEKK_INTERNAL
2021-07-19,net_cashflows,EUR,0.142913818359375,0,0,SCALAR_BEKK_INTERNAL
2021-07-19,net_cashflows,USD,0.14239501953125,0,0,SCALAR_BEKK_INTERNAL
2021-07-20,funded_assets,EUR,0.15472412109375,0,0,SCALAR_BEKK_INTERNAL
2021-07-20,funded_assets,USD,0.154266357421875,0,0,SCALAR_BEKK_INTERNAL
2021-07-20,net_cashflows,EUR,0.2878875732421875,0,0,SCALAR_BEKK_INTERNAL
2021-07-20,net_cashflows,USD,0.2877197265625,0,0,SCALAR_BEKK_INTERNAL
2021-07-21,funded_assets,EUR,0.58502197265625,0,0,SCALAR_BEKK_INTERNAL
2021-07-21,funded_assets,USD,0.5852813720703125,0,0,SCALAR_BEKK_INTERNAL
2021-07-21,net_cashflows,EUR,0.2599639892578125,0,0,SCALAR_BEKK_INTERNAL
2021-07-21,net_cashflows,USD,0.25994873046875,0,0,SCALAR_BEKK_INTERNAL
2021-07-22,funded_assets,EUR,0.4617462158203125,0,0,SCALAR_BEKK_INTERNAL
2021-07-22,funded_assets,USD,0.461822509765625,0,0,SCALAR_BEKK_INTERNAL
2021-07-22,net_cashflows,EUR,0.6976776123046875,0,0,SCALAR_BEKK_INTERNAL
2021-07-22,net_cashflows,USD,0.697265625,0,0,SCALAR_BEKK_INTERNAL
2021-07-23,funded_assets,EUR,0.4919281005859375,0,0,SCALAR_BEKK_INTERNAL
2021-07-23,funded_assets,USD,0.491912841796875,0,0,SCALAR_BEKK_INTERNAL
2021-07-23,net_cashflows,EUR,0.7724609375,0,0,SCALAR_BEKK_INTERNAL
2021-07-23,net_cashflows,USD,0.7733306884765625,0,0,SCALAR_BEKK_INTERNAL
2021-07-26,funded_assets,EUR,0.26629638671875,0,0,SCALAR_BEKK_INTERNAL
2021-07-26,funded_assets,USD,0.265838623046875,0,0,SCALAR_BEKK_INTERNAL
2021-07-26,net_cashflows,EUR,0.37957763671875,0,0,SCALAR_BEKK_INTERNAL
2021-07-26,net_cashflows,USD,0.37921142578125,0,0,SCALAR_BEKK_INTERNAL
2021-07-27,funded_assets,EUR,0.7939605712890625,0,0,SCALAR_BEKK_INTERNAL
2021-07-27,funded_assets,USD,0.793701171875,0,0,SCALAR_BEKK_INTERNAL
2021-07-27,net_cashflows,EUR,0.7920989990234375,0,0,SCALAR_BEKK_INTERNAL
2021-07-27,net_cashflows,USD,0.7925872802734375,0,0,SCALAR_BEKK_INTERNAL
2021-07-28,funded_assets,EUR,0.5158538818359375,0,0,SCALAR_BEKK_INTERNAL
2021-07-28,funded_assets,USD,0.5164642333984375,0,0,SCALAR_BEKK_INTERNAL
2021-07-28,net_cashflows,EUR,0.7212677001953125,0,0,SCALAR_BEKK_INTERNAL
2021-07-28,net_cashflows,USD,0.72283935546875,0,0,SCALAR_BEKK_INTERNAL
2021-07-29,funded_assets,EUR,0.58245849609375,0,0,SCALAR_BEKK_INTERNAL
2021-07-29,funded_assets,USD,0.58270263671875,0,0,SCALAR_BEKK_INTERNAL
2021-07-29,net_cashflows,EUR,0.7182769775390625,0,0,SCALAR_BEKK_INTERNAL
2021-07-29,net_cashflows,USD,0.7182159423828125,0,0,SCALAR_BEKK_INTERNAL
2021-07-30,funded_assets,EUR,0.162506103515625,0,0,SCALAR_BEKK_INTERNAL
2021-07-30,funded_assets,USD,0.161956787109375,0,0,SCALAR_BEKK_INTERNAL
2021-07-30,net_cashflows,EUR,0.7698974609375,0,0,SCALAR_BEKK_INTERNAL
2021-07-30,net_cashflows,USD,0.7692718505859375,0,0,SCALAR_BEKK_INTERNAL
2021-08-02,funded_assets,EUR,0.178924560546875,0,0,SCALAR_BEKK_INTERNAL
2021-08-02,funded_assets,USD,0.1795654296875,0,0,SCALAR_BEKK_INTERNAL
2021-08-02,net_cashflows,EUR,0.4835662841796875,0,0,SCALAR_BEKK_INTERNAL
2021-08-02,net_cashflows,USD,0.48309326171875,0,0,SCALAR_BEKK_INTERNAL
2021-08-03,funded_assets,EUR,0.5858612060546875,0,0,SCALAR_BEKK_INTERNAL
2021-08-03,funded_assets,USD,0.585906982421875,0,0,SCALAR_BEKK_INTERNAL
2021-08-03,net_cashflows,EUR,0.155059814453125,0,0,SCALAR_BEKK_INTERNAL
2021-08-03,net_cashflows,USD,0.155487060546875,0,0,SCALAR_BEKK_INTERNAL
2021-08-04,funded_assets,EUR,0.1768035888671875,0,0,SCALAR_BEKK_INTERNAL
2021-08-04,funded_assets,USD,0.177154541015625,0,0,SCALAR_BEKK_INTERNAL
2021-08-04,net_cashflows,EUR,0.22705078125,0,0,SCALAR_BEKK_INTERNAL
2021-08-04,net_cashflows,USD,0.2289581298828125,0,0,SCALAR_BEKK_INTERNAL
2021-08-05,funded_assets,EUR,0.477081298828125,0,0,SCALAR_BEKK_INTERNAL
2021-08-05,funded_assets,USD,0.47869873046875,0,0,SCALAR_BEKK_INTERNAL
2021-08-05,net_cashflows,EUR,0.0674591064453125,0,0,SCALAR_BEKK_INTERNAL
2021-08-05,net_cashflows,USD,0.0691070556640625,0,0,SCALAR_BEKK_INTERNAL
2021-08-06,funded_assets,EUR,0.3585357666015625,0,0,SCALAR_BEKK_INTERNAL
2021-08-06,funded_assets,USD,0.3594207763671875,0,0,SCALAR_BEKK_INTERNAL
2021-08-06,net_cashflows,EUR,0.1150360107421875,0,0,SCALAR_BEKK_INTERNAL
2021-08-06,net_cashflows,USD,0.1171112060546875,0,0,SCALAR_BEKK_INTERNAL
2021-08-09,funded_assets,EUR,0.6348114013671875,0,0,SCALAR_BEKK_INTERNAL
2021-08-09,funded_assets,USD,0.63427734375,0,0,SCALAR_BEKK_INTERNAL
2021-08-09,net_cashflows,EUR,0.3696441650390625,0,0,SCALAR_BEKK_INTERNAL
2021-08-09,net_cashflows,USD,0.370086669921875,0,0,SCALAR_BEKK_INTERNAL
2021-08-10,funded_assets,EUR,0.599456787109375,0,0,SCALAR_BEKK_INTERNAL
2021-08-10,funded_assets,USD,0.5998992919921875,0,0,SCALAR_BEKK_INTERNAL
2021-08-10,net_cashflows,EUR,0.6713104248046875,0,0,SCALAR_BEKK_INTERNAL
2021-08-10,net_cashflows,USD,0.67120361328125,0,0,SCALAR_BEKK_INTERNAL
2021-08-11,funded_assets,EUR,0.784332275390625,0,0,SCALAR_BEKK_INTERNAL
2021-08-11,funded_assets,USD,0.7850494384765625,0,0,SCALAR_BEKK_INTERNAL
2021-08-11,net_cashflows,EUR,0.7344512939453125,0,0,SCALAR_BEKK_INTERNAL
2021-08-11,net_cashflows,USD,0.7352752685546875,0,0,SCALAR_BEKK_INTERNAL
2021-08-12,funded_assets,EUR,0.039031982421875,0,0,SCALAR_BEKK_INTERNAL
2021-08-12,funded_assets,USD,0.0381622314453125,0,0,SCALAR_BEKK_INTERNAL
2021-08-12,net_cashflows,EUR,0.9709014892578125,0,0,SCALAR_BEKK_INTERNAL
2021-08-12,net_cashflows,USD,0.970855712890625,0,0,SCALAR_BEKK_INTERNAL
2021-08-13,funded_assets,EUR,0.458251953125,0,0,SCALAR_BEKK_INTERNAL
2021-08-13,funded_assets,USD,0.45849609375,0,0,SCALAR_BEKK_INTERNAL
2021-08-13,net_cashflows,EUR,0.82098388671875,0,0,SCALAR_BEKK_INTERNAL
2021-08-13,net_cashflows,USD,0.82037353515625,0,0,SCALAR_BEKK_INTERNAL
2021-08-16,funded_assets,EUR,0.35064697265625,0,0,SCALAR_BEKK_INTERNAL
2021-08-16,funded_assets,USD,0.351409912109375,0,0,SCALAR_BEKK_INTERNAL
2021-08-16,net_cashflows,EUR,0.1196746826171875,0,0,SCALAR_BEKK_INTERNAL
2021-08-16,net_cashflows,USD,0.119659423828125,0,0,SCALAR_BEKK_INTERNAL
2021-08-17,funded_assets,EUR,0.3982391357421875,0,0,SCALAR_BEKK_INTERNAL
2021-08-17,funded_assets,USD,0.399139404296875,0,0,SCALAR_BEKK_INTERNAL
2021-08-17,net_cashflows,EUR,0.6215362548828125,0,0,SCALAR_BEKK_INTERNAL
2021-08-17,net_cashflows,USD,0.6215362548828125,0,0,SCALAR_BEKK_INTERNAL
2021-08-18,funded_assets,EUR,0.384246826171875,0,0,SCALAR_BEKK_INTERNAL
2021-08-18,funded_assets,USD,0.3846893310546875,0,0,SCALAR_BEKK_INTERNAL
2021-08-18,net_cashflows,EUR,0.53411865234375,0,0,SCALAR_BEKK_INTERNAL
2021-08-18,net_cashflows,USD,0.53375244140625,0,0,SCALAR_BEKK_INTERNAL
2021-08-19,funded_assets,EUR,0.9357147216796875,0,0,SCALAR_BEKK_INTERNAL
2021-08-19,funded_assets,USD,0.9351806640625,0,0,SCALAR_BEKK_INTERNAL
2021-08-19,net_cashflows,EUR,0.1872711181640625,0,0,SCALAR_BEKK_INTERNAL
2021-08-19,net_cashflows,USD,0.1865234375,0,0,SCALAR_BEKK_INTERNAL
2021-08-20,funded_assets,EUR,0.3180389404296875,0,0,SCALAR_BEKK_INTERNAL
2021-08-20,funded_assets,USD,0.3179168701171875,0,0,SCALAR_BEKK_INTERNAL
2021-08-20,net_cashflows,EUR,0.85418701171875,0,0,SCALAR_BEKK_INTERNAL
2021-08-20,net_cashflows,USD,0.85479736328125,0,0,SCALAR_BEKK_INTERNAL
2021-08-23,funded_assets,EUR,0.679290771484375,0,0,SCALAR_BEKK_INTERNAL
2021-08-23,funded_assets,USD,0.6794586181640625,0,0,SCALAR_BEKK_INTERNAL
2021-08-23,net_cashflows,EUR,0.2355194091796875,0,0,SCALAR_BEKK_INTERNAL
2021-08-23,net_cashflows,USD,0.2350006103515625,0,0,SCALAR_BEKK_INTERNAL
2021-08-24,funded_assets,EUR,0.9220733642578125,0,0,SCALAR_BEKK_INTERNAL
2021-08-24,funded_assets,USD,0.9219512939453125,0,0,SCALAR_BEKK_INTERNAL
2021-08-24,net_cashflows,EUR,0.2631683349609375,0,0,SCALAR_BEKK_INTERNAL
2021-08-24,net_cashflows,USD,0.261962890625,0,0,SCALAR_BEKK_INTERNAL
2021-08-25,funded_assets,EUR,0.49017333984375,0,0,SCALAR_BEKK_INTERNAL
2021-08-25,funded_assets,USD,0.4899749755859375,0,0,SCALAR_BEKK_INTERNAL
2021-08-25,net_cashflows,EUR,0.4170989990234375,0,0,SCALAR_BEKK_INTERNAL
2021-08-25,net_cashflows,USD,0.4168853759765625,0,0,SCALAR_BEKK_INTERNAL
2021-08-26,funded_assets,EUR,0.6829833984375,0,0,SCALAR_BEKK_INTERNAL
2021-08-26,funded_assets,USD,0.6834564208984375,0,0,SCALAR_BEKK_INTERNAL
2021-08-26,net_cashflows,EUR,0.743865966796875,0,0,SCALAR_BEKK_INTERNAL
2021-08-26,net_cashflows,USD,0.7441864013671875,0,0,SCALAR_BEKK_INTERNAL
2021-08-27,funded_assets,EUR,0.755523681640625,0,0,SCALAR_BEKK_INTERNAL
2021-08-27,funded_assets,USD,0.75677490234375,0,0,SCALAR_BEKK_INTERNAL
2021-08-27,net_cashflows,EUR,0.6199188232421875,0,0,SCALAR_BEKK_INTERNAL
2021-08-27,net_cashflows,USD,0.6213836669921875,0,0,SCALAR_BEKK_INTERNAL
2021-08-30,funded_assets,EUR,0.7286834716796875,0,0,SCALAR_BEKK_INTERNAL
2021-08-30,funded_assets,USD,0.728271484375,0,0,SCALAR_BEKK_INTERNAL
2021-08-30,net_cashflows,EUR,0.0867462158203125,0,0,SCALAR_BEKK_INTERNAL
2021-08-30,net_cashflows,USD,0.0859527587890625,0,0,SCALAR_BEKK_INTERNAL
2021-08-31,funded_assets,EUR,0.6233673095703125,0,0,SCALAR_BEKK_INTERNAL
2021-08-31,funded_assets,USD,0.6240234375,0,0,SCALAR_BEKK_INTERNAL
2021-08-31,net_cashflows,EUR,0.7278900146484375,0,0,SCALAR_BEKK_INTERNAL
2021-08-31,net_cashflows,USD,0.726837158203125,0,0,SCALAR_BEKK_INTERNAL
2021-09-01,funded_assets,EUR,0.68280029296875,0,0,SCALAR_BEKK_INTERNAL
2021-09-01,funded_assets,USD,0.6833953857421875,0,0,SCALAR_BEKK_INTERNAL
2021-09-01,net_cashflows,EUR,0.4862213134765625,0,0,SCALAR_BEKK_INTERNAL
2021-09-01,net_cashflows,USD,0.4868316650390625,0,0,SCALAR_BEKK_INTERNAL
2021-09-02,funded_assets,EUR,0.35736083984375,0,0,SCALAR_BEKK_INTERNAL
2021-09-02,funded_assets,USD,0.3570709228515625,0,0,SCALAR_BEKK_INTERNAL
2021-09-02,net_cashflows,EUR,0.474273681640625,0,0,SCALAR_BEKK_INTERNAL
2021-09-02,net_cashflows,USD,0.4742431640625,0,0,SCALAR_BEKK_INTERNAL
2021-09-03,funded_assets,EUR,0.6738128662109375,0,0,SCALAR_BEKK_INTERNAL
2021-09-03,funded_assets,USD,0.673614501953125,0,0,SCALAR_BEKK_INTERNAL
2021-09-03,net_cashflows,EUR,0.547698974609375,0,0,SCALAR_BEKK_INTERNAL
2021-09-03,net_cashflows,USD,0.547637939453125,0,0,SCALAR_BEKK_INTERNAL
2021-09-06,funded_assets,EUR,0.3241424560546875,0,0,SCALAR_BEKK_INTERNAL
2021-09-06,funded_assets,USD,0.3239898681640625,0,0,SCALAR_BEKK_INTERNAL
2021-09-06,net_cashflows,EUR,0.1708984375,0,0,SCALAR_BEKK_INTERNAL
2021-09-06,net_cashflows,USD,0.1710205078125,0,0,SCALAR_BEKK_INTERNAL
2021-09-07,funded_assets,EUR,0.215087890625,0,0,SCALAR_BEKK_INTERNAL
2021-09-07,funded_assets,USD,0.215087890625,0,0,SCALAR_BEKK_INTERNAL
2021-09-07,net_cashflows,EUR,0.7127532958984375,0,0,SCALAR_BEKK_INTERNAL
2021-09-07,net_cashflows,USD,0.711822509765625,0,0,SCALAR_BEKK_INTERNAL
2021-09-08,funded_assets,EUR,0.3039093017578125,0,0,SCALAR_BEKK_INTERNAL
2021-09-08,funded_assets,USD,0.3035430908203125,0,0,SCALAR_BEKK_INTERNAL
2021-09-08,net_cashflows,EUR,0.50164794921875,0,0,SCALAR_BEKK_INTERNAL
2021-09-08,net_cashflows,USD,0.501800537109375,0,0,SCALAR_BEKK_INTERNAL
2021-09-09,funded_assets,EUR,0.173095703125,0,0,SCALAR_BEKK_INTERNAL
2021-09-09,funded_assets,USD,0.1743316650390625,0,0,SCALAR_BEKK_INTERNAL
2021-09-09,net_cashflows,EUR,0.1588897705078125,0,0,SCALAR_BEKK_INTERNAL
2021-09-09,net_cashflows,USD,0.160003662109375,0,0,SCALAR_BEKK_INTERNAL
2021-09-10,funded_assets,EUR,0.8516082763671875,0,0,SCALAR_BEKK_INTERNAL
2021-09-10,funded_assets,USD,0.84991455078125,0,0,SCALAR_BEKK_INTERNAL
2021-09-10,net_cashflows,EUR,0.4902496337890625,0,0,SCALAR_BEKK_INTERNAL
2021-09-10,net_cashflows,USD,0.488983154296875,0,0,SCALAR_BEKK_INTERNAL
2021-09-13,funded_assets,EUR,0.1948699951171875,0,0,SCALAR_BEKK_INTERNAL
2021-09-13,funded_assets,USD,0.193603515625,0,0,SCALAR_BEKK_INTERNAL
2021-09-13,net_cashflows,EUR,0.982208251953125,0,0,SCALAR_BEKK_INTERNAL
2021-09-13,net_cashflows,USD,0.9822235107421875,0,0,SCALAR_BEKK_INTERNAL
2021-09-14,funded_assets,EUR,0.1214141845703125,0,0,SCALAR_BEKK_INTERNAL
2021-09-14,funded_assets,USD,0.122344970703125,0,0,SCALAR_BEKK_INTERNAL
2021-09-14,net_cashflows,EUR,0.0751495361328125,0,0,SCALAR_BEKK_INTERNAL
2021-09-14,net_cashflows,USD,0.074066162109375,0,0,SCALAR_BEKK_INTERNAL
2021-09-15,funded_assets,EUR,0.9631805419921875,0,0,SCALAR_BEKK_INTERNAL
2021-09-15,funded_assets,USD,0.9618682861328125,0,0,SCALAR_BEKK_INTERNAL
2021-09-15,net_cashflows,EUR,0.1273345947265625,0,0,SCALAR_BEKK_INTERNAL
2021-09-15,net_cashflows,USD,0.12744140625,0,0,SCALAR_BEKK_INTERNAL
2021-09-16,funded_assets,EUR,0.03338623046875,0,0,SCALAR_BEKK_INTERNAL
2021-09-16,funded_assets,USD,0.032745361328125,0,0,SCALAR_BEKK_INTERNAL
2021-09-16,net_cashflows,EUR,0.8822784423828125,0,0,SCALAR_BEKK_INTERNAL
2021-09-16,net_cashflows,USD,0.8817901611328125,0,0,SCALAR_BEKK_INTERNAL
2021-09-17,funded_assets,EUR,0.56781005859375,0,0,SCALAR_BEKK_INTERNAL
2021-09-17,funded_assets,USD,0.566070556640625,0,0,SCALAR_BEKK_INTERNAL
2021-09-17,net_cashflows,EUR,0.7707061767578125,0,0,SCALAR_BEKK_INTERNAL
2021-09-17,net_cashflows,USD,0.770355224609375,0,0,SCALAR_BEKK_INTERNAL
2021-09-20,funded_assets,EUR,0.48883056640625,0,0,SCALAR_BEKK_INTERNAL
2021-09-20,funded_assets,USD,0.4888153076171875,0,0,SCALAR_BEKK_INTERNAL
2021-09-20,net_cashflows,EUR,0.48101806640625,0,0,SCALAR_BEKK_INTERNAL
2021-09-20,net_cashflows,USD,0.480499267578125,0,0,SCALAR_BEKK_INTERNAL
2021-09-21,funded_assets,EUR,0.37347412109375,0,0,SCALAR_BEKK_INTERNAL
2021-09-21,funded_assets,USD,0.373565673828125,0,0,SCALAR_BEKK_INTERNAL
2021-09-21,net_cashflows,EUR,0.1238861083984375,0,0,SCALAR_BEKK_INTERNAL
2021-09-21,net_cashflows,USD,0.1241302490234375,0,0,SCALAR_BEKK_INTERNAL
2021-09-22,funded_assets,EUR,0.765869140625,0,0,SCALAR_BEKK_INTERNAL
2021-09-22,funded_assets,USD,0.7651824951171875,0,0,SCALAR_BEKK_INTERNAL
2021-09-22,net_cashflows,EUR,0.283538818359375,0,0,SCALAR_BEKK_INTERNAL
2021-09-22,net_cashflows,USD,0.2834625244140625,0,0,SCALAR_BEKK_INTERNAL
2021-09-23,funded_assets,EUR,0.44122314453125,0,0,SCALAR_BEKK_INTERNAL
2021-09-23,funded_assets,USD,0.44073486328125,0,0,SCALAR_BEKK_INTERNAL
2021-09-23,net_cashflows,EUR,0.140838623046875,0,0,SCALAR_BEKK_INTERNAL
2021-09-23,net_cashflows,USD,0.141143798828125,0,0,SCALAR_BEKK_INTERNAL
2021-09-24,funded_assets,EUR,0.753387451171875,0,0,SCALAR_BEKK_INTERNAL
2021-09-24,funded_assets,USD,0.7523651123046875,0,0,SCALAR_BEKK_INTERNAL
2021-09-24,net_cashflows,EUR,0.3104095458984375,0,0,SCALAR_BEKK_INTERNAL
2021-09-24,net_cashflows,USD,0.31158447265625,0,0,SCALAR_BEKK_INTERNAL
2021-09-27,funded_assets,EUR,0.513671875,0,0,SCALAR_BEKK_INTERNAL
2021-09-27,funded_assets,USD,0.5130157470703125,0,0,SCALAR_BEKK_INTERNAL
2021-09-27,net_cashflows,EUR,0.617950439453125,0,0,SCALAR_BEKK_INTERNAL
2021-09-27,net_cashflows,USD,0.617889404296875,0,0,SCALAR_BEKK_INTERNAL
2021-09-28,funded_assets,EUR,0.0954437255859375,0,0,SCALAR_BEKK_INTERNAL
2021-09-28,funded_assets,USD,0.0964202880859375,0,0,SCALAR_BEKK_INTERNAL
2021-09-28,net_cashflows,EUR,0.081695556640625,0,0,SCALAR_BEKK_INTERNAL
2021-09-28,net_cashflows,USD,0.082611083984375,0,0,SCALAR_BEKK_INTERNAL
2021-09-29,funded_assets,EUR,0.1036529541015625,0,0,SCALAR_BEKK_INTERNAL
2021-09-29,funded_assets,USD,0.1035614013671875,0,0,SCALAR_BEKK_INTERNAL
2021-09-29,net_cashflows,EUR,0.9204559326171875,0,0,SCALAR_BEKK_INTERNAL
2021-09-29,net_cashflows,USD,0.9189300537109375,0,0,SCALAR_BEKK_INTERNAL
2021-09-30,funded_assets,EUR,0.551605224609375,0,0,SCALAR_BEKK_INTERNAL
2021-09-30,funded_assets,USD,0.55035400390625,0,0,SCALAR_BEKK_INTERNAL
2021-09-30,net_cashflows,EUR,0.6905364990234375,0,0,SCALAR_BEKK_INTERNAL
2021-09-30,net_cashflows,USD,0.6932373046875,0,0,SCALAR_BEKK_INTERNAL
2021-10-01,funded_assets,EUR,0.148040771484375,0,0,SCALAR_BEKK_INTERNAL
2021-10-01,funded_assets,USD,0.147430419921875,0,0,SCALAR_BEKK_INTERNAL
2021-10-01,net_cashflows,EUR,0.332977294921875,0,0,SCALAR_BEKK_INTERNAL
2021-10-01,net_cashflows,USD,0.3324127197265625,0,0,SCALAR_BEKK_INTERNAL
2021-10-04,funded_assets,EUR,0.0668487548828125,0,0,SCALAR_BEKK_INTERNAL
2021-10-04,funded_assets,USD,0.0684814453125,0,0,SCALAR_BEKK_INTERNAL
2021-10-04,net_cashflows,EUR,0.3784332275390625,0,0,SCALAR_BEKK_INTERNAL
2021-10-04,net_cashflows,USD,0.380126953125,0,0,SCALAR_BEKK_INTERNAL
2021-10-05,funded_assets,EUR,0.6580352783203125,0,0,SCALAR_BEKK_INTERNAL
2021-10-05,funded_assets,USD,0.656341552734375,0,0,SCALAR_BEKK_INTERNAL
2021-10-05,net_cashflows,EUR,0.536865234375,0,0,SCALAR_BEKK_INTERNAL
2021-10-05,net_cashflows,USD,0.536590576171875,0,0,SCALAR_BEKK_INTERNAL
2021-10-06,funded_assets,EUR,0.6934814453125,0,0,SCALAR_BEKK_INTERNAL
2021-10-06,funded_assets,USD,0.693603515625,0,0,SCALAR_BEKK_INTERNAL
2021-10-06,net_cashflows,EUR,0.1871185302734375,0,0,SCALAR_BEKK_INTERNAL
2021-10-06,net_cashflows,USD,0.186187744140625,0,0,SCALAR_BEKK_INTERNAL
2021-10-07,funded_assets,EUR,0.8287811279296875,0,0,SCALAR_BEKK_INTERNAL
2021-10-07,funded_assets,USD,0.8285980224609375,0,0,SCALAR_BEKK_INTERNAL
2021-10-07,net_cashflows,EUR,0.0613861083984375,0,0,SCALAR_BEKK_INTERNAL
2021-10-07,net_cashflows,USD,0.0606842041015625,0,0,SCALAR_BEKK_INTERNAL
2021-10-08,funded_assets,EUR,0.5057220458984375,0,0,SCALAR_BEKK_INTERNAL
2021-10-08,funded_assets,USD,0.504791259765625,0,0,SCALAR_BEKK_INTERNAL
2021-10-08,net_cashflows,EUR,0.1587982177734375,0,0,SCALAR_BEKK_INTERNAL
2021-10-08,net_cashflows,USD,0.159210205078125,0,0,SCALAR_BEKK_INTERNAL
2021-10-11,funded_assets,EUR,0.6316070556640625,0,0,SCALAR_BEKK_INTERNAL
2021-10-11,funded_assets,USD,0.631195068359375,0,0,SCALAR_BEKK_INTERNAL
2021-10-11,net_cashflows,EUR,0.49017333984375,0,0,SCALAR_BEKK_INTERNAL
2021-10-11,net_cashflows,USD,0.489990234375,0,0,SCALAR_BEKK_INTERNAL
2021-10-12,funded_assets,EUR,0.4710235595703125,0,0,SCALAR_BEKK_INTERNAL
2021-10-12,funded_assets,USD,0.471343994140625,0,0,SCALAR_BEKK_INTERNAL
2021-10-12,net_cashflows,EUR,0.683380126953125,0,0,SCALAR_BEKK_INTERNAL
2021-10-12,net_cashflows,USD,0.6840667724609375,0,0,SCALAR_BEKK_INTERNAL
2021-10-13,funded_assets,EUR,0.8093109130859375,0,0,SCALAR_BEKK_INTERNAL
2021-10-13,funded_assets,USD,0.8096466064453125,0,0,SCALAR_BEKK_INTERNAL
2021-10-13,net_cashflows,EUR,0.034759521484375,0,0,SCALAR_BEKK_INTERNAL
2021-10-13,net_cashflows,USD,0.0337982177734375,0,0,SCALAR_BEKK_INTERNAL
2021-10-14,funded_assets,EUR,0.411041259765625,0,0,SCALAR_BEKK_INTERNAL
2021-10-14,funded_assets,USD,0.4110870361328125,0,0,SCALAR_BEKK_INTERNAL
2021-10-14,net_cashflows,EUR,0.681365966796875,0,0,SCALAR_BEKK_INTERNAL
2021-10-14,net_cashflows,USD,0.6811065673828125,0,0,SCALAR_BEKK_INTERNAL
2021-10-15,funded_assets,EUR,0.7881317138671875,0,0,SCALAR_BEKK_INTERNAL
2021-10-15,funded_assets,USD,0.7881622314453125,0,0,SCALAR_BEKK_INTERNAL
2021-10-15,net_cashflows,EUR,0.489593505859375,0,0,SCALAR_BEKK_INTERNAL
2021-10-15,net_cashflows,USD,0.4904022216796875,0,0,SCALAR_BEKK_INTERNAL
2021-10-18,funded_assets,EUR,0.47613525390625,0,0,SCALAR_BEKK_INTERNAL
2021-10-18,funded_assets,USD,0.4751739501953125,0,0,SCALAR_BEKK_INTERNAL
2021-10-18,net_cashflows,EUR,0.3885955810546875,0,0,SCALAR_BEKK_INTERNAL
2021-10-18,net_cashflows,USD,0.388092041015625,0,0,SCALAR_BEKK_INTERNAL
2021-10-19,funded_assets,EUR,0.280059814453125,0,0,SCALAR_BEKK_INTERNAL
2021-10-19,funded_assets,USD,0.2800140380859375,0,0,SCALAR_BEKK_INTERNAL
2021-10-19,net_cashflows,EUR,0.6950836181640625,0,0,SCALAR_BEKK_INTERNAL
2021-10-19,net_cashflows,USD,0.694549560546875,0,0,SCALAR_BEKK_INTERNAL
2021-10-20,funded_assets,EUR,0.2929229736328125,0,0,SCALAR_BEKK_INTERNAL
2021-10-20,funded_assets,USD,0.2927398681640625,0,0,SCALAR_BEKK_INTERNAL
2021-10-20,net_cashflows,EUR,0.740936279296875,0,0,SCALAR_BEKK_INTERNAL
2021-10-20,net_cashflows,USD,0.74072265625,0,0,SCALAR_BEKK_INTERNAL
2021-10-21,funded_assets,EUR,0.2337493896484375,0,0,SCALAR_BEKK_INTERNAL
2021-10-21,funded_assets,USD,0.2346343994140625,0,0,SCALAR_BEKK_INTERNAL
2021-10-21,net_cashflows,EUR,0.57476806640625,0,0,SCALAR_BEKK_INTERNAL
2021-10-21,net_cashflows,USD,0.57373046875,0,0,SCALAR_BEKK_INTERNAL
2021-10-22,funded_assets,EUR,0.7042694091796875,0,0,SCALAR_BEKK_INTERNAL
2021-10-22,funded_assets,USD,0.7035675048828125,0,0,SCALAR_BEKK_INTERNAL
2021-10-22,net_cashflows,EUR,0.2103424072265625,0,0,SCALAR_BEKK_INTERNAL
2021-10-22,net_cashflows,USD,0.2106781005859375,0,0,SCALAR_BEKK_INTERNAL
2021-10-25,funded_assets,EUR,0.462646484375,0,0,SCALAR_BEKK_INTERNAL
2021-10-25,funded_assets,USD,0.4624786376953125,0,0,SCALAR_BEKK_INTERNAL
2021-10-25,net_cashflows,EUR,0.8282012939453125,0,0,SCALAR_BEKK_INTERNAL
2021-10-25,net_cashflows,USD,0.82830810546875,0,0,SCALAR_BEKK_INTERNAL
2021-10-26,funded_assets,EUR,0.2008819580078125,0,0,SCALAR_BEKK_INTERNAL
2021-10-26,funded_assets,USD,0.2010345458984375,0,0,SCALAR_BEKK_INTERNAL
2021-10-26,net_cashflows,EUR,0.4749908447265625,0,0,SCALAR_BEKK_INTERNAL
2021-10-26,net_cashflows,USD,0.474273681640625,0,0,SCALAR_BEKK_INTERNAL
2021-10-27,funded_assets,EUR,0.8234405517578125,0,0,SCALAR_BEKK_INTERNAL
2021-10-27,funded_assets,USD,0.822479248046875,0,0,SCALAR_BEKK_INTERNAL
2021-10-27,net_cashflows,EUR,0.6457977294921875,0,0,SCALAR_BEKK_INTERNAL
2021-10-27,net_cashflows,USD,0.645965576171875,0,0,SCALAR_BEKK_INTERNAL
2021-10-28,funded_assets,EUR,0.082611083984375,0,0,SCALAR_BEKK_INTERNAL
2021-10-28,funded_assets,USD,0.0812225341796875,0,0,SCALAR_BEKK_INTERNAL
2021-10-28,net_cashflows,EUR,0.420135498046875,0,0,SCALAR_BEKK_INTERNAL
2021-10-28,net_cashflows,USD,0.419403076171875,0,0,SCALAR_BEKK_INTERNAL
2021-10-29,funded_assets,EUR,0.81732177734375,0,0,SCALAR_BEKK_INTERNAL
2021-10-29,funded_assets,USD,0.8153076171875,0,0,SCALAR_BEKK_INTERNAL
2021-10-29,net_cashflows,EUR,0.7269439697265625,0,0,SCALAR_BEKK_INTERNAL
2021-10-29,net_cashflows,USD,0.725799560546875,0,0,SCALAR_BEKK_INTERNAL
2021-11-01,funded_assets,EUR,0.221160888671875,0,0,SCALAR_BEKK_INTERNAL
2021-11-01,funded_assets,USD,0.2200927734375,0,0,SCALAR_BEKK_INTERNAL
2021-11-01,net_cashflows,EUR,0.4348907470703125,0,0,SCALAR_BEKK_INTERNAL
2021-11-01,net_cashflows,USD,0.4342193603515625,0,0,SCALAR_BEKK_INTERNAL
2021-11-02,funded_assets,EUR,0.6229705810546875,0,0,SCALAR_BEKK_INTERNAL
2021-11-02,funded_assets,USD,0.6226806640625,0,0,SCALAR_BEKK_INTERNAL
2021-11-02,net_cashflows,EUR,0.69091796875,0,0,SCALAR_BEKK_INTERNAL
2021-11-02,net_cashflows,USD,0.6903839111328125,0,0,SCALAR_BEKK_INTERNAL
2021-11-03,funded_assets,EUR,0.205963134765625,0,0,SCALAR_BEKK_INTERNAL
2021-11-03,funded_assets,USD,0.206085205078125,0,0,SCALAR_BEKK_INTERNAL
2021-11-03,net_cashflows,EUR,0.5400238037109375,0,0,SCALAR_BEKK_INTERNAL
2021-11-03,net_cashflows,USD,0.538818359375,0,0,SCALAR_BEKK_INTERNAL
2021-11-04,funded_assets,EUR,0.848602294921875,0,0,SCALAR_BEKK_INTERNAL
2021-11-04,funded_assets,USD,0.8471221923828125,0,0,SCALAR_BEKK_INTERNAL
2021-11-04,net_cashflows,EUR,0.6529541015625,0,0,SCALAR_BEKK_INTERNAL
2021-11-04,net_cashflows,USD,0.6532440185546875,0,0,SCALAR_BEKK_INTERNAL
2021-11-05,funded_assets,EUR,0.322265625,0,0,SCALAR_BEKK_INTERNAL
2021-11-05,funded_assets,USD,0.3209686279296875,0,0,SCALAR_BEKK_INTERNAL
2021-11-05,net_cashflows,EUR,0.6568756103515625,0,0,SCALAR_BEKK_INTERNAL
2021-11-05,net_cashflows,USD,0.6574249267578125,0,0,SCALAR_BEKK_INTERNAL
2021-11-08,funded_assets,EUR,0.3629913330078125,0,0,SCALAR_BEKK_INTERNAL
2021-11-08,funded_assets,USD,0.3633270263671875,0,0,SCALAR_BEKK_INTERNAL
2021-11-08,net_cashflows,EUR,0.5507965087890625,0,0,SCALAR_BEKK_INTERNAL
2021-11-08,net_cashflows,USD,0.5502777099609375,0,0,SCALAR_BEKK_INTERNAL
2021-11-09,funded_assets,EUR,0.13140869140625,0,0,SCALAR_BEKK_INTERNAL
2021-11-09,funded_assets,USD,0.1337127685546875,0,0,SCALAR_BEKK_INTERNAL
2021-11-09,net_cashflows,EUR,0.0388031005859375,0,0,SCALAR_BEKK_INTERNAL
2021-11-09,net_cashflows,USD,0.039703369140625,0,0,SCALAR_BEKK_INTERNAL
2021-11-10,funded_assets,EUR,0.4307403564453125,0,0,SCALAR_BEKK_INTERNAL
2021-11-10,funded_assets,USD,0.43182373046875,0,0,SCALAR_BEKK_INTERNAL
2021-11-10,net_cashflows,EUR,0.391937255859375,0,0,SCALAR_BEKK_INTERNAL
2021-11-10,net_cashflows,USD,0.3935394287109375,0,0,SCALAR_BEKK_INTERNAL
2021-11-11,funded_assets,EUR,0.1660919189453125,0,0,SCALAR_BEKK_INTERNAL
2021-11-11,funded_assets,USD,0.165740966796875,0,0,SCALAR_BEKK_INTERNAL
2021-11-11,net_cashflows,EUR,0.617156982421875,0,0,SCALAR_BEKK_INTERNAL
2021-11-11,net_cashflows,USD,0.61688232421875,0,0,SCALAR_BEKK_INTERNAL
2021-11-12,funded_assets,EUR,0.0289459228515625,0,0,SCALAR_BEKK_INTERNAL
2021-11-12,funded_assets,USD,0.029541015625,0,0,SCALAR_BEKK_INTERNAL
2021-11-12,net_cashflows,EUR,0.0793609619140625,0,0,SCALAR_BEKK_INTERNAL
2021-11-12,net_cashflows,USD,0.0798492431640625,0,0,SCALAR_BEKK_INTERNAL
2021-11-15,funded_assets,EUR,0.129364013671875,0,0,SCALAR_BEKK_INTERNAL
2021-11-15,funded_assets,USD,0.132904052734375,0,0,SCALAR_BEKK_INTERNAL
2021-11-15,net_cashflows,EUR,0.0920867919921875,0,0,SCALAR_BEKK_INTERNAL
2021-11-15,net_cashflows,USD,0.0949859619140625,0,0,SCALAR_BEKK_INTERNAL
2021-11-16,funded_assets,EUR,0.5031280517578125,0,0,SCALAR_BEKK_INTERNAL
2021-11-16,funded_assets,USD,0.5020751953125,0,0,SCALAR_BEKK_INTERNAL
2021-11-16,net_cashflows,EUR,0.86834716796875,0,0,SCALAR_BEKK_INTERNAL
2021-11-16,net_cashflows,USD,0.8668212890625,0,0,SCALAR_BEKK_INTERNAL
2021-11-17,funded_assets,EUR,0.00921630859375,0,0,SCALAR_BEKK_INTERNAL
2021-11-17,funded_assets,USD,0.008880615234375,0,0,SCALAR_BEKK_INTERNAL
2021-11-17,net_cashflows,EUR,0.7494354248046875,0,0,SCALAR_BEKK_INTERNAL
2021-11-17,net_cashflows,USD,0.7461700439453125,0,0,SCALAR_BEKK_INTERNAL
2021-11-18,funded_assets,EUR,0.6323394775390625,0,0,SCALAR_BEKK_INTERNAL
2021-11-18,funded_assets,USD,0.6308135986328125,0,0,SCALAR_BEKK_INTERNAL
2021-11-18,net_cashflows,EUR,0.3343353271484375,0,0,SCALAR_BEKK_INTERNAL
2021-11-18,net_cashflows,USD,0.33526611328125,0,0,SCALAR_BEKK_INTERNAL
2021-11-19,funded_assets,EUR,0.8161773681640625,0,0,SCALAR_BEKK_INTERNAL
2021-11-19,funded_assets,USD,0.81500244140625,0,0,SCALAR_BEKK_INTERNAL
2021-11-19,net_cashflows,EUR,0.0663909912109375,0,0,SCALAR_BEKK_INTERNAL
2021-11-19,net_cashflows,USD,0.06597900390625,0,0,SCALAR_BEKK_INTERNAL
2021-11-22,funded_assets,EUR,0.161895751953125,0,0,SCALAR_BEKK_INTERNAL
2021-11-22,funded_assets,USD,0.1614990234375,0,0,SCALAR_BEKK_INTERNAL
2021-11-22,net_cashflows,EUR,0.2126617431640625,0,0,SCALAR_BEKK_INTERNAL
2021-11-22,net_cashflows,USD,0.2158203125,0,0,SCALAR_BEKK_INTERNAL
2021-11-23,funded_assets,EUR,0.7688140869140625,0,0,SCALAR_BEKK_INTERNAL
2021-11-23,funded_assets,USD,0.7668609619140625,0,0,SCALAR_BEKK_INTERNAL
2021-11-23,net_cashflows,EUR,0.5582275390625,0,0,SCALAR_BEKK_INTERNAL
2021-11-23,net_cashflows,USD,0.557403564453125,0,0,SCALAR_BEKK_INTERNAL
2021-11-24,funded_assets,EUR,0.5692596435546875,0,0,SCALAR_BEKK_INTERNAL
2021-11-24,funded_assets,USD,0.57171630859375,0,0,SCALAR_BEKK_INTERNAL
2021-11-24,net_cashflows,EUR,0.995269775390625,0,0,SCALAR_BEKK_INTERNAL
2021-11-24,net_cashflows,USD,0.99530029296875,0,0,SCALAR_BEKK_INTERNAL
2021-11-25,funded_assets,EUR,0.2514801025390625,0,0,SCALAR_BEKK_INTERNAL
2021-11-25,funded_assets,USD,0.2496795654296875,0,0,SCALAR_BEKK_INTERNAL
2021-11-25,net_cashflows,EUR,0.703338623046875,0,0,SCALAR_BEKK_INTERNAL
2021-11-25,net_cashflows,USD,0.7027435302734375,0,0,SCALAR_BEKK_INTERNAL
2021-11-26,funded_assets,EUR,0.89520263671875,0,0,SCALAR_BEKK_INTERNAL
2021-11-26,funded_assets,USD,0.8946990966796875,0,0,SCALAR_BEKK_INTERNAL
2021-11-26,net_cashflows,EUR,0.9711761474609375,0,0,SCALAR_BEKK_INTERNAL
2021-11-26,net_cashflows,USD,0.97149658203125,0,0,SCALAR_BEKK_INTERNAL
2021-11-29,funded_assets,EUR,0.27734375,0,0,SCALAR_BEKK_INTERNAL
2021-11-29,funded_assets,USD,0.274200439453125,0,0,SCALAR_BEKK_INTERNAL
2021-11-29,net_cashflows,EUR,0.1503143310546875,0,0,SCALAR_BEKK_INTERNAL
2021-11-29,net_cashflows,USD,0.1472625732421875,0,0,SCALAR_BEKK_INTERNAL
2021-11-30,funded_assets,EUR,0.4940643310546875,0,0,SCALAR_BEKK_INTERNAL
2021-11-30,funded_assets,USD,0.4936676025390625,0,0,SCALAR_BEKK_INTERNAL
2021-11-30,net_cashflows,EUR,0.828765869140625,0,0,SCALAR_BEKK_INTERNAL
2021-11-30,net_cashflows,USD,0.82696533203125,0,0,SCALAR_BEKK_INTERNAL
2021-12-01,funded_assets,EUR,0.2310333251953125,0,0,SCALAR_BEKK_INTERNAL
2021-12-01,funded_assets,USD,0.2310028076171875,0,0,SCALAR_BEKK_INTERNAL
2021-12-01,net_cashflows,EUR,0.2554779052734375,0,0,SCALAR_BEKK_INTERNAL
2021-12-01,net_cashflows,USD,0.2540130615234375,0,0,SCALAR_BEKK_INTERNAL
2021-12-02,funded_assets,EUR,0.567657470703125,0,0,SCALAR_BEKK_INTERNAL
2021-12-02,funded_assets,USD,0.5675506591796875,0,0,SCALAR_BEKK_INTERNAL
2021-12-02,net_cashflows,EUR,0.46185302734375,0,0,SCALAR_BEKK_INTERNAL
2021-12-02,net_cashflows,USD,0.4621429443359375,0,0,SCALAR_BEKK_INTERNAL
2021-12-03,funded_assets,EUR,0.3139190673828125,0,0,SCALAR_BEKK_INTERNAL
2021-12-03,funded_assets,USD,0.3140716552734375,0,0,SCALAR_BEKK_INTERNAL
2021-12-03,net_cashflows,EUR,0.2421875,0,0,SCALAR_BEKK_INTERNAL
2021-12-03,net_cashflows,USD,0.2422637939453125,0,0,SCALAR_BEKK_INTERNAL
2021-12-06,funded_assets,EUR,0.968414306640625,0,0,SCALAR_BEKK_INTERNAL
2021-12-06,funded_assets,USD,0.9676361083984375,0,0,SCALAR_BEKK_INTERNAL
2021-12-06,net_cashflows,EUR,0.54034423828125,0,0,SCALAR_BEKK_INTERNAL
2021-12-06,net_cashflows,USD,0.53936767578125,0,0,SCALAR_BEKK_INTERNAL
2021-12-07,funded_assets,EUR,0.5438079833984375,0,0,SCALAR_BEKK_INTERNAL
2021-12-07,funded_assets,USD,0.5448455810546875,0,0,SCALAR_BEKK_INTERNAL
2021-12-07,net_cashflows,EUR,0.7089691162109375,0,0,SCALAR_BEKK_INTERNAL
2021-12-07,net_cashflows,USD,0.709930419921875,0,0,SCALAR_BEKK_INTERNAL
2021-12-08,funded_assets,EUR,0.170562744140625,0,0,SCALAR_BEKK_INTERNAL
2021-12-08,funded_assets,USD,0.170196533203125,0,0,SCALAR_BEKK_INTERNAL
2021-12-08,net_cashflows,EUR,0.2382049560546875,0,0,SCALAR_BEKK_INTERNAL
2021-12-08,net_cashflows,USD,0.23797607421875,0,0,SCALAR_BEKK_INTERNAL
2021-12-09,funded_assets,EUR,0.398590087890625,0,0,SCALAR_BEKK_INTERNAL
2021-12-09,funded_assets,USD,0.39849853515625,0,0,SCALAR_BEKK_INTERNAL
2021-12-09,net_cashflows,EUR,0.51031494140625,0,0,SCALAR_BEKK_INTERNAL
2021-12-09,net_cashflows,USD,0.5100555419921875,0,0,SCALAR_BEKK_INTERNAL
2021-12-10,funded_assets,EUR,0.7008056640625,0,0,SCALAR_BEKK_INTERNAL
2021-12-10,funded_assets,USD,0.7008209228515625,0,0,SCALAR_BEKK_INTERNAL
2021-12-10,net_cashflows,EUR,0.6881256103515625,0,0,SCALAR_BEKK_INTERNAL
2021-12-10,net_cashflows,USD,0.6884307861328125,0,0,SCALAR_BEKK_INTERNAL
2021-12-13,funded_assets,EUR,0.190826416015625,0,0,SCALAR_BEKK_INTERNAL
2021-12-13,funded_assets,USD,0.1899566650390625,0,0,SCALAR_BEKK_INTERNAL
2021-12-13,net_cashflows,EUR,0.15789794921875,0,0,SCALAR_BEKK_INTERNAL
2021-12-13,net_cashflows,USD,0.1571502685546875,0,0,SCALAR_BEKK_INTERNAL
2021-12-14,funded_assets,EUR,0.9531402587890625,0,0,SCALAR_BEKK_INTERNAL
2021-12-14,funded_assets,USD,0.95233154296875,0,0,SCALAR_BEKK_INTERNAL
2021-12-14,net_cashflows,EUR,0.2989044189453125,0,0,SCALAR_BEKK_INTERNAL
2021-12-14,net_cashflows,USD,0.29608154296875,0,0,SCALAR_BEKK_INTERNAL
2021-12-15,funded_assets,EUR,0.181243896484375,0,0,SCALAR_BEKK_INTERNAL
2021-12-15,funded_assets,USD,0.1790008544921875,0,0,SCALAR_BEKK_INTERNAL
2021-12-15,net_cashflows,EUR,0.9726104736328125,0,0,SCALAR_BEKK_INTERNAL
2021-12-15,net_cashflows,USD,0.9727020263671875,0,0,SCALAR_BEKK_INTERNAL
2021-12-16,funded_assets,EUR,0.23529052734375,0,0,SCALAR_BEKK_INTERNAL
2021-12-16,funded_assets,USD,0.2372894287109375,0,0,SCALAR_BEKK_INTERNAL
2021-12-16,net_cashflows,EUR,0.2314300537109375,0,0,SCALAR_BEKK_INTERNAL
2021-12-16,net_cashflows,USD,0.229248046875,0,0,SCALAR_BEKK_INTERNAL
2021-12-17,funded_assets,EUR,0.75030517578125,0,0,SCALAR_BEKK_INTERNAL
2021-12-17,funded_assets,USD,0.7489166259765625,0,0,SCALAR_BEKK_INTERNAL
2021-12-17,net_cashflows,EUR,0.4141998291015625,0,0,SCALAR_BEKK_INTERNAL
2021-12-17,net_cashflows,USD,0.413818359375,0,0,SCALAR_BEKK_INTERNAL
2021-12-20,funded_assets,EUR,0.585845947265625,0,0,SCALAR_BEKK_INTERNAL
2021-12-20,funded_assets,USD,0.5862884521484375,0,0,SCALAR_BEKK_INTERNAL
2021-12-20,net_cashflows,EUR,0.1489105224609375,0,0,SCALAR_BEKK_INTERNAL
2021-12-20,net_cashflows,USD,0.1477508544921875,0,0,SCALAR_BEKK_INTERNAL
2021-12-21,funded_assets,EUR,0.257598876953125,0,0,SCALAR_BEKK_INTERNAL
2021-12-21,funded_assets,USD,0.2571563720703125,0,0,SCALAR_BEKK_INTERNAL
2021-12-21,net_cashflows,EUR,0.3201446533203125,0,0,SCALAR_BEKK_INTERNAL
2021-12-21,net_cashflows,USD,0.319732666015625,0,0,SCALAR_BEKK_INTERNAL
2021-12-22,funded_assets,EUR,0.5713653564453125,0,0,SCALAR_BEKK_INTERNAL
2021-12-22,funded_assets,USD,0.570953369140625,0,0,SCALAR_BEKK_INTERNAL
2021-12-22,net_cashflows,EUR,0.5979766845703125,0,0,SCALAR_BEKK_INTERNAL
2021-12-22,net_cashflows,USD,0.597930908203125,0,0,SCALAR_BEKK_INTERNAL
2021-12-23,funded_assets,EUR,0.5310211181640625,0,0,SCALAR_BEKK_INTERNAL
2021-12-23,funded_assets,USD,0.5310211181640625,0,0,SCALAR_BEKK_INTERNAL
2021-12-23,net_cashflows,EUR,0.3041534423828125,0,0,SCALAR_BEKK_INTERNAL
2021-12-23,net_cashflows,USD,0.303802490234375,0,0,SCALAR_BEKK_INTERNAL
2021-12-24,funded_assets,EUR,0.5791473388671875,0,0,SCALAR_BEKK_INTERNAL
2021-12-24,funded_assets,USD,0.579315185546875,0,0,SCALAR_BEKK_INTERNAL
2021-12-24,net_cashflows,EUR,0.4937286376953125,0,0,SCALAR_BEKK_INTERNAL
2021-12-24,net_cashflows,USD,0.4931640625,0,0,SCALAR_BEKK_INTERNAL
2021-12-27,funded_assets,EUR,0.27838134765625,0,0,SCALAR_BEKK_INTERNAL
2021-12-27,funded_assets,USD,0.278106689453125,0,0,SCALAR_BEKK_INTERNAL
2021-12-27,net_cashflows,EUR,0.3438262939453125,0,0,SCALAR_BEKK_INTERNAL
2021-12-27,net_cashflows,USD,0.34393310546875,0,0,SCALAR_BEKK_INTERNAL
2021-12-28,funded_assets,EUR,0.598052978515625,0,0,SCALAR_BEKK_INTERNAL
2021-12-28,funded_assets,USD,0.59747314453125,0,0,SCALAR_BEKK_INTERNAL
2021-12-28,net_cashflows,EUR,0.5178375244140625,0,0,SCALAR_BEKK_INTERNAL
2021-12-28,net_cashflows,USD,0.51715087890625,0,0,SCALAR_BEKK_INTERNAL
2021-12-29,funded_assets,EUR,0.367645263671875,0,0,SCALAR_BEKK_INTERNAL
2021-12-29,funded_assets,USD,0.367462158203125,0,0,SCALAR_BEKK_INTERNAL
2021-12-29,net_cashflows,EUR,0.622711181640625,0,0,SCALAR_BEKK_INTERNAL
2021-12-29,net_cashflows,USD,0.622894287109375,0,0,SCALAR_BEKK_INTERNAL
2021-12-30,funded_assets,EUR,0.82958984375,0,0,SCALAR_BEKK_INTERNAL
2021-12-30,funded_assets,USD,0.8286590576171875,0,0,SCALAR_BEKK_INTERNAL
2021-12-30,net_cashflows,EUR,0.477752685546875,0,0,SCALAR_BEKK_INTERNAL
2021-12-30,net_cashflows,USD,0.4781036376953125,0,0,SCALAR_BEKK_INTERNAL
2021-12-31,funded_assets,EUR,0.142822265625,0,0,SCALAR_BEKK_INTERNAL
2021-12-31,funded_assets,USD,0.141448974609375,0,0,SCALAR_BEKK_INTERNAL
2021-12-31,net_cashflows,EUR,0.0064849853515625,0,0,SCALAR_BEKK_INTERNAL
2021-12-31,net_cashflows,USD,0.0065155029296875,0,0,SCALAR_BEKK_INTERNAL
2022-01-03,funded_assets,EUR,0.6025848388671875,0,0,SCALAR_BEKK_INTERNAL
2022-01-03,funded_assets,USD,0.600860595703125,0,0,SCALAR_BEKK_INTERNAL
2022-01-03,net_cashflows,EUR,0.8289794921875,0,0,SCALAR_BEKK_INTERNAL
2022-01-03,net_cashflows,USD,0.82525634765625,0,0,SCALAR_BEKK_INTERNAL
2022-01-04,funded_assets,EUR,0.6346282958984375,0,0,SCALAR_BEKK_INTERNAL
2022-01-04,funded_assets,USD,0.6348724365234375,0,0,SCALAR_BEKK_INTERNAL
2022-01-04,net_cashflows,EUR,0.3375396728515625,0,0,SCALAR_BEKK_INTERNAL
2022-01-04,net_cashflows,USD,0.3368377685546875,0,0,SCALAR_BEKK_INTERNAL
2022-01-05,funded_assets,EUR,0.41259765625,0,0,SCALAR_BEKK_INTERNAL
2022-01-05,funded_assets,USD,0.4124298095703125,0,0,SCALAR_BEKK_INTERNAL
2022-01-05,net_cashflows,EUR,0.2873992919921875,0,0,SCALAR_BEKK_INTERNAL
2022-01-05,net_cashflows,USD,0.287567138671875,0,0,SCALAR_BEKK_INTERNAL
2022-01-06,funded_assets,EUR,0.5071563720703125,0,0,SCALAR_BEKK_INTERNAL
2022-01-06,funded_assets,USD,0.5070648193359375,0,0,SCALAR_BEKK_INTERNAL
2022-01-06,net_cashflows,EUR,0.7662506103515625,0,0,SCALAR_BEKK_INTERNAL
2022-01-06,net_cashflows,USD,0.7657012939453125,0,0,SCALAR_BEKK_INTERNAL
2022-01-07,funded_assets,EUR,0.8915863037109375,0,0,SCALAR_BEKK_INTERNAL
2022-01-07,funded_assets,USD,0.8914642333984375,0,0,SCALAR_BEKK_INTERNAL
2022-01-07,net_cashflows,EUR,0.1888427734375,0,0,SCALAR_BEKK_INTERNAL
2022-01-07,net_cashflows,USD,0.1878204345703125,0,0,SCALAR_BEKK_INTERNAL
2022-01-10,funded_assets,EUR,0.5691070556640625,0,0,SCALAR_BEKK_INTERNAL
2022-01-10,funded_assets,USD,0.57080078125,0,0,SCALAR_BEKK_INTERNAL
2022-01-10,net_cashflows,EUR,0.6790618896484375,0,0,SCALAR_BEKK_INTERNAL
2022-01-10,net_cashflows,USD,0.678680419921875,0,0,SCALAR_BEKK_INTERNAL
2022-01-11,funded_assets,EUR,0.7293701171875,0,0,SCALAR_BEKK_INTERNAL
2022-01-11,funded_assets,USD,0.7316131591796875,0,0,SCALAR_BEKK_INTERNAL
2022-01-11,net_cashflows,EUR,0.9953765869140625,0,0,SCALAR_BEKK_INTERNAL
2022-01-11,net_cashflows,USD,0.995635986328125,0,0,SCALAR_BEKK_INTERNAL
2022-01-12,funded_assets,EUR,0.1326446533203125,0,0,SCALAR_BEKK_INTERNAL
2022-01-12,funded_assets,USD,0.1304473876953125,0,0,SCALAR_BEKK_INTERNAL
2022-01-12,net_cashflows,EUR,0.8511810302734375,0,0,SCALAR_BEKK_INTERNAL
2022-01-12,net_cashflows,USD,0.85113525390625,0,0,SCALAR_BEKK_INTERNAL
2022-01-13,funded_assets,EUR,0.52056884765625,0,0,SCALAR_BEKK_INTERNAL
2022-01-13,funded_assets,USD,0.5220794677734375,0,0,SCALAR_BEKK_INTERNAL
2022-01-13,net_cashflows,EUR,0.0876617431640625,0,0,SCALAR_BEKK_INTERNAL
2022-01-13,net_cashflows,USD,0.08740234375,0,0,SCALAR_BEKK_INTERNAL
2022-01-14,funded_assets,EUR,0.282470703125,0,0,SCALAR_BEKK_INTERNAL
2022-01-14,funded_assets,USD,0.283599853515625,0,0,SCALAR_BEKK_INTERNAL
2022-01-14,net_cashflows,EUR,0.4356536865234375,0,0,SCALAR_BEKK_INTERNAL
2022-01-14,net_cashflows,USD,0.4382171630859375,0,0,SCALAR_BEKK_INTERNAL
2022-01-17,funded_assets,EUR,0.0546417236328125,0,0,SCALAR_BEKK_INTERNAL
2022-01-17,funded_assets,USD,0.054901123046875,0,0,SCALAR_BEKK_INTERNAL
2022-01-17,net_cashflows,EUR,0.593414306640625,0,0,SCALAR_BEKK_INTERNAL
2022-01-17,net_cashflows,USD,0.5929718017578125,0,0,SCALAR_BEKK_INTERNAL
2022-01-18,funded_assets,EUR,0.4078826904296875,0,0,SCALAR_BEKK_INTERNAL
2022-01-18,funded_assets,USD,0.40869140625,0,0,SCALAR_BEKK_INTERNAL
2022-01-18,net_cashflows,EUR,0.639923095703125,0,0,SCALAR_BEKK_INTERNAL
2022-01-18,net_cashflows,USD,0.639434814453125,0,0,SCALAR_BEKK_INTERNAL
2022-01-19,funded_assets,EUR,0.4752655029296875,0,0,SCALAR_BEKK_INTERNAL
2022-01-19,funded_assets,USD,0.4751434326171875,0,0,SCALAR_BEKK_INTERNAL
2022-01-19,net_cashflows,EUR,0.8945465087890625,0,0,SCALAR_BEKK_INTERNAL
2022-01-19,net_cashflows,USD,0.8939208984375,0,0,SCALAR_BEKK_INTERNAL
2022-01-20,funded_assets,EUR,0.141876220703125,0,0,SCALAR_BEKK_INTERNAL
2022-01-20,funded_assets,USD,0.1420135498046875,0,0,SCALAR_BEKK_INTERNAL
2022-01-20,net_cashflows,EUR,0.6624298095703125,0,0,SCALAR_BEKK_INTERNAL
2022-01-20,net_cashflows,USD,0.6600189208984375,0,0,SCALAR_BEKK_INTERNAL
2022-01-21,funded_assets,EUR,0.503143310546875,0,0,SCALAR_BEKK_INTERNAL
2022-01-21,funded_assets,USD,0.50445556640625,0,0,SCALAR_BEKK_INTERNAL
2022-01-21,net_cashflows,EUR,0.111236572265625,0,0,SCALAR_BEKK_INTERNAL
2022-01-21,net_cashflows,USD,0.1121368408203125,0,0,SCALAR_BEKK_INTERNAL
2022-01-24,funded_assets,EUR,0.6101837158203125,0,0,SCALAR_BEKK_INTERNAL
2022-01-24,funded_assets,USD,0.6097869873046875,0,0,SCALAR_BEKK_INTERNAL
2022-01-24,net_cashflows,EUR,0.2315826416015625,0,0,SCALAR_BEKK_INTERNAL
2022-01-24,net_cashflows,USD,0.2316741943359375,0,0,SCALAR_BEKK_INTERNAL
2022-01-25,funded_assets,EUR,0.1036834716796875,0,0,SCALAR_BEKK_INTERNAL
2022-01-25,funded_assets,USD,0.1044769287109375,0,0,SCALAR_BEKK_INTERNAL
2022-01-25,net_cashflows,EUR,0.0116424560546875,0,0,SCALAR_BEKK_INTERNAL
2022-01-25,net_cashflows,USD,0.012176513671875,0,0,SCALAR_BEKK_INTERNAL
2022-01-26,funded_assets,EUR,0.2585601806640625,0,0,SCALAR_BEKK_INTERNAL
2022-01-26,funded_assets,USD,0.2615509033203125,0,0,SCALAR_BEKK_INTERNAL
2022-01-26,net_cashflows,EUR,0.355010986328125,0,0,SCALAR_BEKK_INTERNAL
2022-01-26,net_cashflows,USD,0.3585968017578125,0,0,SCALAR_BEKK_INTERNAL
2022-01-27,funded_assets,EUR,0.6848907470703125,0,0,SCALAR_BEKK_INTERNAL
2022-01-27,funded_assets,USD,0.6841583251953125,0,0,SCALAR_BEKK_INTERNAL
2022-01-27,net_cashflows,EUR,0.4687042236328125,0,0,SCALAR_BEKK_INTERNAL
2022-01-27,net_cashflows,USD,0.4684295654296875,0,0,SCALAR_BEKK_INTERNAL
2022-01-28,funded_assets,EUR,0.9106903076171875,0,0,SCALAR_BEKK_INTERNAL
2022-01-28,funded_assets,USD,0.9128265380859375,0,0,SCALAR_BEKK_INTERNAL
2022-01-28,net_cashflows,EUR,0.980682373046875,0,0,SCALAR_BEKK_INTERNAL
2022-01-28,net_cashflows,USD,0.9810028076171875,0,0,SCALAR_BEKK_INTERNAL
2022-01-31,funded_assets,EUR,0.816162109375,0,0,SCALAR_BEKK_INTERNAL
2022-01-31,funded_assets,USD,0.8218536376953125,0,0,SCALAR_BEKK_INTERNAL
2022-01-31,net_cashflows,EUR,0.716064453125,0,0,SCALAR_BEKK_INTERNAL
2022-01-31,net_cashflows,USD,0.72271728515625,0,0,SCALAR_BEKK_INTERNAL
2022-02-01,funded_assets,EUR,0.386474609375,0,0,SCALAR_BEKK_INTERNAL
2022-02-01,funded_assets,USD,0.3847808837890625,0,0,SCALAR_BEKK_INTERNAL
2022-02-01,net_cashflows,EUR,0.119354248046875,0,0,SCALAR_BEKK_INTERNAL
2022-02-01,net_cashflows,USD,0.11785888671875,0,0,SCALAR_BEKK_INTERNAL
2022-02-02,funded_assets,EUR,1,0,1,SCALAR_BEKK_INTERNAL
2022-02-02,funded_assets,USD,1,0,1,SCALAR_BEKK_INTERNAL
2022-02-02,net_cashflows,EUR,0.5198822021484375,0,0,SCALAR_BEKK_INTERNAL
2022-02-02,net_cashflows,USD,0.512298583984375,0,0,SCALAR_BEKK_INTERNAL
2022-02-03,funded_assets,EUR,0.457244873046875,0,0,SCALAR_BEKK_INTERNAL
2022-02-03,funded_assets,USD,0.4524993896484375,0,0,SCALAR_BEKK_INTERNAL
2022-02-03,net_cashflows,EUR,0.4423370361328125,0,0,SCALAR_BEKK_INTERNAL
2022-02-03,net_cashflows,USD,0.44146728515625,0,0,SCALAR_BEKK_INTERNAL
2022-02-04,funded_assets,EUR,0.2849273681640625,0,0,SCALAR_BEKK_INTERNAL
2022-02-04,funded_assets,USD,0.2856597900390625,0,0,SCALAR_BEKK_INTERNAL
2022-02-04,net_cashflows,EUR,0.212066650390625,0,0,SCALAR_BEKK_INTERNAL
2022-02-04,net_cashflows,USD,0.2130126953125,0,0,SCALAR_BEKK_INTERNAL
2022-02-07,funded_assets,EUR,0.6212310791015625,0,0,SCALAR_BEKK_INTERNAL
2022-02-07,funded_assets,USD,0.6203155517578125,0,0,SCALAR_BEKK_INTERNAL
2022-02-07,net_cashflows,EUR,0.45654296875,0,0,SCALAR_BEKK_INTERNAL
2022-02-07,net_cashflows,USD,0.4556732177734375,0,0,SCALAR_BEKK_INTERNAL
2022-02-08,funded_assets,EUR,0.6234893798828125,0,0,SCALAR_BEKK_INTERNAL
2022-02-08,funded_assets,USD,0.62359619140625,0,0,SCALAR_BEKK_INTERNAL
2022-02-08,net_cashflows,EUR,0.27899169921875,0,0,SCALAR_BEKK_INTERNAL
2022-02-08,net_cashflows,USD,0.278106689453125,0,0,SCALAR_BEKK_INTERNAL
2022-02-09,funded_assets,EUR,0.283355712890625,0,0,SCALAR_BEKK_INTERNAL
2022-02-09,funded_assets,USD,0.282958984375,0,0,SCALAR_BEKK_INTERNAL
2022-02-09,net_cashflows,EUR,0.396575927734375,0,0,SCALAR_BEKK_INTERNAL
2022-02-09,net_cashflows,USD,0.397125244140625,0,0,SCALAR_BEKK_INTERNAL
2022-02-10,funded_assets,EUR,0.0113525390625,0,0,SCALAR_BEKK_INTERNAL
2022-02-10,funded_assets,USD,0.011627197265625,0,0,SCALAR_BEKK_INTERNAL
2022-02-10,net_cashflows,EUR,0.8154449462890625,0,0,SCALAR_BEKK_INTERNAL
2022-02-10,net_cashflows,USD,0.812896728515625,0,0,SCALAR_BEKK_INTERNAL
2022-02-11,funded_assets,EUR,0.74066162109375,0,0,SCALAR_BEKK_INTERNAL
2022-02-11,funded_assets,USD,0.7366485595703125,0,0,SCALAR_BEKK_INTERNAL
2022-02-11,net_cashflows,EUR,0.388153076171875,0,0,SCALAR_BEKK_INTERNAL
2022-02-11,net_cashflows,USD,0.389862060546875,0,0,SCALAR_BEKK_INTERNAL
2022-02-14,funded_assets,EUR,0.7642059326171875,0,0,SCALAR_BEKK_INTERNAL
2022-02-14,funded_assets,USD,0.7647552490234375,0,0,SCALAR_BEKK_INTERNAL
2022-02-14,net_cashflows,EUR,0.4184417724609375,0,0,SCALAR_BEKK_INTERNAL
2022-02-14,net_cashflows,USD,0.417724609375,0,0,SCALAR_BEKK_INTERNAL
2022-02-15,funded_assets,EUR,0.13165283203125,0,0,SCALAR_BEKK_INTERNAL
2022-02-15,funded_assets,USD,0.1302032470703125,0,0,SCALAR_BEKK_INTERNAL
2022-02-15,net_cashflows,EUR,0.885345458984375,0,0,SCALAR_BEKK_INTERNAL
2022-02-15,net_cashflows,USD,0.885345458984375,0,0,SCALAR_BEKK_INTERNAL
2022-02-16,funded_assets,EUR,0.341644287109375,0,0,SCALAR_BEKK_INTERNAL
2022-02-16,funded_assets,USD,0.34234619140625,0,0,SCALAR_BEKK_INTERNAL
2022-02-16,net_cashflows,EUR,0.54840087890625,0,0,SCALAR_BEKK_INTERNAL
2022-02-16,net_cashflows,USD,0.5478668212890625,0,0,SCALAR_BEKK_INTERNAL
2022-02-17,funded_assets,EUR,0.1841583251953125,0,0,SCALAR_BEKK_INTERNAL
2022-02-17,funded_assets,USD,0.1844024658203125,0,0,SCALAR_BEKK_INTERNAL
2022-02-17,net_cashflows,EUR,0.807342529296875,0,0,SCALAR_BEKK_INTERNAL
2022-02-17,net_cashflows,USD,0.806243896484375,0,0,SCALAR_BEKK_INTERNAL
2022-02-18,funded_assets,EUR,0.79656982421875,0,0,SCALAR_BEKK_INTERNAL
2022-02-18,funded_assets,USD,0.7953338623046875,0,0,SCALAR_BEKK_INTERNAL
2022-02-18,net_cashflows,EUR,0.294708251953125,0,0,SCALAR_BEKK_INTERNAL
2022-02-18,net_cashflows,USD,0.294952392578125,0,0,SCALAR_BEKK_INTERNAL
2022-02-21,funded_assets,EUR,0.4573516845703125,0,0,SCALAR_BEKK_INTERNAL
2022-02-21,funded_assets,USD,0.4574737548828125,0,0,SCALAR_BEKK_INTERNAL
2022-02-21,net_cashflows,EUR,0.3868255615234375,0,0,SCALAR_BEKK_INTERNAL
2022-02-21,net_cashflows,USD,0.3865814208984375,0,0,SCALAR_BEKK_INTERNAL
2022-02-22,funded_assets,EUR,0.00042724609375,0,0,SCALAR_BEKK_INTERNAL
2022-02-22,funded_assets,USD,0.0004730224609375,0,0,SCALAR_BEKK_INTERNAL
2022-02-22,net_cashflows,EUR,0.743133544921875,0,0,SCALAR_BEKK_INTERNAL
2022-02-22,net_cashflows,USD,0.74102783203125,0,0,SCALAR_BEKK_INTERNAL
2022-02-23,funded_assets,EUR,0.9810791015625,0,0,SCALAR_BEKK_INTERNAL
2022-02-23,funded_assets,USD,0.9788360595703125,0,0,SCALAR_BEKK_INTERNAL
2022-02-23,net_cashflows,EUR,0.061004638671875,0,0,SCALAR_BEKK_INTERNAL
2022-02-23,net_cashflows,USD,0.063018798828125,0,0,SCALAR_BEKK_INTERNAL
2022-02-24,funded_assets,EUR,0.2056121826171875,0,0,SCALAR_BEKK_INTERNAL
2022-02-24,funded_assets,USD,0.20318603515625,0,0,SCALAR_BEKK_INTERNAL
2022-02-24,net_cashflows,EUR,0.7620391845703125,0,0,SCALAR_BEKK_INTERNAL
2022-02-24,net_cashflows,USD,0.763427734375,0,0,SCALAR_BEKK_INTERNAL
2022-02-25,funded_assets,EUR,0.059417724609375,0,0,SCALAR_BEKK_INTERNAL
2022-02-25,funded_assets,USD,0.0593109130859375,0,0,SCALAR_BEKK_INTERNAL
2022-02-25,net_cashflows,EUR,0.9561309814453125,0,0,SCALAR_BEKK_INTERNAL
2022-02-25,net_cashflows,USD,0.9549407958984375,0,0,SCALAR_BEKK_INTERNAL
2022-02-28,funded_assets,EUR,0.2861480712890625,0,0,SCALAR_BEKK_INTERNAL
2022-02-28,funded_assets,USD,0.2900848388671875,0,0,SCALAR_BEKK_INTERNAL
2022-02-28,net_cashflows,EUR,0.2240753173828125,0,0,SCALAR_BEKK_INTERNAL
2022-02-28,net_cashflows,USD,0.2233428955078125,0,0,SCALAR_BEKK_INTERNAL
2022-03-01,funded_assets,EUR,0.2342987060546875,0,0,SCALAR_BEKK_INTERNAL
2022-03-01,funded_assets,USD,0.2358551025390625,0,0,SCALAR_BEKK_INTERNAL
2022-03-01,net_cashflows,EUR,0.183685302734375,0,0,SCALAR_BEKK_INTERNAL
2022-03-01,net_cashflows,USD,0.18603515625,0,0,SCALAR_BEKK_INTERNAL
2022-03-02,funded_assets,EUR,0.0011138916015625,0,0,SCALAR_BEKK_INTERNAL
2022-03-02,funded_assets,USD,0.0011749267578125,0,0,SCALAR_BEKK_INTERNAL
2022-03-02,net_cashflows,EUR,0.8329925537109375,0,0,SCALAR_BEKK_INTERNAL
2022-03-02,net_cashflows,USD,0.8320770263671875,0,0,SCALAR_BEKK_INTERNAL
2022-03-03,funded_assets,EUR,0.387420654296875,0,0,SCALAR_BEKK_INTERNAL
2022-03-03,funded_assets,USD,0.3931121826171875,0,0,SCALAR_BEKK_INTERNAL
2022-03-03,net_cashflows,EUR,0.5629119873046875,0,0,SCALAR_BEKK_INTERNAL
2022-03-03,net_cashflows,USD,0.560882568359375,0,0,SCALAR_BEKK_INTERNAL
2022-03-04,funded_assets,EUR,0.8046722412109375,0,0,SCALAR_BEKK_INTERNAL
2022-03-04,funded_assets,USD,0.80303955078125,0,0,SCALAR_BEKK_INTERNAL
2022-03-04,net_cashflows,EUR,0.1970367431640625,0,0,SCALAR_BEKK_INTERNAL
2022-03-04,net_cashflows,USD,0.1978912353515625,0,0,SCALAR_BEKK_INTERNAL
2022-03-07,funded_assets,EUR,0.9749298095703125,0,0,SCALAR_BEKK_INTERNAL
2022-03-07,funded_assets,USD,0.9754791259765625,0,0,SCALAR_BEKK_INTERNAL
2022-03-07,net_cashflows,EUR,0.3614501953125,0,0,SCALAR_BEKK_INTERNAL
2022-03-07,net_cashflows,USD,0.357452392578125,0,0,SCALAR_BEKK_INTERNAL
2022-03-08,funded_assets,EUR,0.9759368896484375,0,0,SCALAR_BEKK_INTERNAL
2022-03-08,funded_assets,USD,0.9776611328125,0,0,SCALAR_BEKK_INTERNAL
2022-03-08,net_cashflows,EUR,0.434173583984375,0,0,SCALAR_BEKK_INTERNAL
2022-03-08,net_cashflows,USD,0.4320220947265625,0,0,SCALAR_BEKK_INTERNAL
2022-03-09,funded_assets,EUR,0.173187255859375,0,0,SCALAR_BEKK_INTERNAL
2022-03-09,funded_assets,USD,0.168212890625,0,0,SCALAR_BEKK_INTERNAL
2022-03-09,net_cashflows,EUR,0.0511932373046875,0,0,SCALAR_BEKK_INTERNAL
2022-03-09,net_cashflows,USD,0.051300048828125,0,0,SCALAR_BEKK_INTERNAL
2022-03-10,funded_assets,EUR,0.6145782470703125,0,0,SCALAR_BEKK_INTERNAL
2022-03-10,funded_assets,USD,0.6141510009765625,0,0,SCALAR_BEKK_INTERNAL
2022-03-10,net_cashflows,EUR,0.0156402587890625,0,0,SCALAR_BEKK_INTERNAL
2022-03-10,net_cashflows,USD,0.0165863037109375,0,0,SCALAR_BEKK_INTERNAL
2022-03-11,funded_assets,EUR,0.807342529296875,0,0,SCALAR_BEKK_INTERNAL
2022-03-11,funded_assets,USD,0.8065338134765625,0,0,SCALAR_BEKK_INTERNAL
2022-03-11,net_cashflows,EUR,0.2771759033203125,0,0,SCALAR_BEKK_INTERNAL
2022-03-11,net_cashflows,USD,0.2752838134765625,0,0,SCALAR_BEKK_INTERNAL
2022-03-14,funded_assets,EUR,0.5921630859375,0,0,SCALAR_BEKK_INTERNAL
2022-03-14,funded_assets,USD,0.59246826171875,0,0,SCALAR_BEKK_INTERNAL
2022-03-14,net_cashflows,EUR,0.263031005859375,0,0,SCALAR_BEKK_INTERNAL
2022-03-14,net_cashflows,USD,0.26226806640625,0,0,SCALAR_BEKK_INTERNAL
2022-03-15,funded_assets,EUR,0.9283599853515625,0,0,SCALAR_BEKK_INTERNAL
2022-03-15,funded_assets,USD,0.9285430908203125,0,0,SCALAR_BEKK_INTERNAL
2022-03-15,net_cashflows,EUR,0.2311553955078125,0,0,SCALAR_BEKK_INTERNAL
2022-03-15,net_cashflows,USD,0.2288818359375,0,0,SCALAR_BEKK_INTERNAL
2022-03-16,funded_assets,EUR,0.1681671142578125,0,0,SCALAR_BEKK_INTERNAL
2022-03-16,funded_assets,USD,0.1656646728515625,0,0,SCALAR_BEKK_INTERNAL
2022-03-16,net_cashflows,EUR,0.28955078125,0,0,SCALAR_BEKK_INTERNAL
2022-03-16,net_cashflows,USD,0.29022216796875,0,0,SCALAR_BEKK_INTERNAL
2022-03-17,funded_assets,EUR,0.463897705078125,0,0,SCALAR_BEKK_INTERNAL
2022-03-17,funded_assets,USD,0.46270751953125,0,0,SCALAR_BEKK_INTERNAL
2022-03-17,net_cashflows,EUR,0.763946533203125,0,0,SCALAR_BEKK_INTERNAL
2022-03-17,net_cashflows,USD,0.763092041015625,0,0,SCALAR_BEKK_INTERNAL
2022-03-18,funded_assets,EUR,0.56072998046875,0,0,SCALAR_BEKK_INTERNAL
2022-03-18,funded_assets,USD,0.56097412109375,0,0,SCALAR_BEKK_INTERNAL
2022-03-18,net_cashflows,EUR,0.007080078125,0,0,SCALAR_BEKK_INTERNAL
2022-03-18,net_cashflows,USD,0.00665283203125,0,0,SCALAR_BEKK_INTERNAL
2022-03-21,funded_assets,EUR,0.33795166015625,0,0,SCALAR_BEKK_INTERNAL
2022-03-21,funded_assets,USD,0.3383331298828125,0,0,SCALAR_BEKK_INTERNAL
2022-03-21,net_cashflows,EUR,0.36944580078125,0,0,SCALAR_BEKK_INTERNAL
2022-03-21,net_cashflows,USD,0.373199462890625,0,0,SCALAR_BEKK_INTERNAL
2022-03-22,funded_assets,EUR,0.5875396728515625,0,0,SCALAR_BEKK_INTERNAL
2022-03-22,funded_assets,USD,0.5869903564453125,0,0,SCALAR_BEKK_INTERNAL
2022-03-22,net_cashflows,EUR,0.16827392578125,0,0,SCALAR_BEKK_INTERNAL
2022-03-22,net_cashflows,USD,0.1692962646484375,0,0,SCALAR_BEKK_INTERNAL
2022-03-23,funded_assets,EUR,0.6229705810546875,0,0,SCALAR_BEKK_INTERNAL
2022-03-23,funded_assets,USD,0.6231231689453125,0,0,SCALAR_BEKK_INTERNAL
2022-03-23,net_cashflows,EUR,0.6175537109375,0,0,SCALAR_BEKK_INTERNAL
2022-03-23,net_cashflows,USD,0.6168365478515625,0,0,SCALAR_BEKK_INTERNAL
2022-03-24,funded_assets,EUR,0.9221649169921875,0,0,SCALAR_BEKK_INTERNAL
2022-03-24,funded_assets,USD,0.9210205078125,0,0,SCALAR_BEKK_INTERNAL
2022-03-24,net_cashflows,EUR,0.000701904296875,0,0,SCALAR_BEKK_INTERNAL
2022-03-24,net_cashflows,USD,0.0006866455078125,0,0,SCALAR_BEKK_INTERNAL
2022-03-25,funded_assets,EUR,0.9969482421875,0,0,SCALAR_BEKK_INTERNAL
2022-03-25,funded_assets,USD,0.997039794921875,0,0,SCALAR_BEKK_INTERNAL
2022-03-25,net_cashflows,EUR,0.8251800537109375,0,0,SCALAR_BEKK_INTERNAL
2022-03-25,net_cashflows,USD,0.816864013671875,0,0,SCALAR_BEKK_INTERNAL
2022-03-28,funded_assets,EUR,0.2426300048828125,0,0,SCALAR_BEKK_INTERNAL
2022-03-28,funded_assets,USD,0.2423248291015625,0,0,SCALAR_BEKK_INTERNAL
2022-03-28,net_cashflows,EUR,0.9918365478515625,0,0,SCALAR_BEKK_INTERNAL
2022-03-28,net_cashflows,USD,0.992279052734375,0,0,SCALAR_BEKK_INTERNAL
2022-03-29,funded_assets,EUR,0.278900146484375,0,0,SCALAR_BEKK_INTERNAL
2022-03-29,funded_assets,USD,0.2787933349609375,0,0,SCALAR_BEKK_INTERNAL
2022-03-29,net_cashflows,EUR,0.6190643310546875,0,0,SCALAR_BEKK_INTERNAL
2022-03-29,net_cashflows,USD,0.616973876953125,0,0,SCALAR_BEKK_INTERNAL
2022-03-30,funded_assets,EUR,0.1675872802734375,0,0,SCALAR_BEKK_INTERNAL
2022-03-30,funded_assets,USD,0.1689300537109375,0,0,SCALAR_BEKK_INTERNAL
2022-03-30,net_cashflows,EUR,0.2230987548828125,0,0,SCALAR_BEKK_INTERNAL
2022-03-30,net_cashflows,USD,0.2240753173828125,0,0,SCALAR_BEKK_INTERNAL
2022-03-31,funded_assets,EUR,0.2108306884765625,0,0,SCALAR_BEKK_INTERNAL
2022-03-31,funded_assets,USD,0.21337890625,0,0,SCALAR_BEKK_INTERNAL
2022-03-31,net_cashflows,EUR,0.29736328125,0,0,SCALAR_BEKK_INTERNAL
2022-03-31,net_cashflows,USD,0.300384521484375,0,0,SCALAR_BEKK_INTERNAL
2022-04-01,funded_assets,EUR,0.1077423095703125,0,0,SCALAR_BEKK_INTERNAL
2022-04-01,funded_assets,USD,0.1087646484375,0,0,SCALAR_BEKK_INTERNAL
2022-04-01,net_cashflows,EUR,0.524505615234375,0,0,SCALAR_BEKK_INTERNAL
2022-04-01,net_cashflows,USD,0.52496337890625,0,0,SCALAR_BEKK_INTERNAL
2022-04-04,funded_assets,EUR,0.622802734375,0,0,SCALAR_BEKK_INTERNAL
2022-04-04,funded_assets,USD,0.6239013671875,0,0,SCALAR_BEKK_INTERNAL
2022-04-04,net_cashflows,EUR,0.0362396240234375,0,0,SCALAR_BEKK_INTERNAL
2022-04-04,net_cashflows,USD,0.0367431640625,0,0,SCALAR_BEKK_INTERNAL
2022-04-05,funded_assets,EUR,0.4693603515625,0,0,SCALAR_BEKK_INTERNAL
2022-04-05,funded_assets,USD,0.4693756103515625,0,0,SCALAR_BEKK_INTERNAL
2022-04-05,net_cashflows,EUR,0.4414825439453125,0,0,SCALAR_BEKK_INTERNAL
2022-04-05,net_cashflows,USD,0.4419708251953125,0,0,SCALAR_BEKK_INTERNAL
2022-04-06,funded_assets,EUR,0.1613616943359375,0,0,SCALAR_BEKK_INTERNAL
2022-04-06,funded_assets,USD,0.162017822265625,0,0,SCALAR_BEKK_INTERNAL
2022-04-06,net_cashflows,EUR,0.395172119140625,0,0,SCALAR_BEKK_INTERNAL
2022-04-06,net_cashflows,USD,0.3957977294921875,0,0,SCALAR_BEKK_INTERNAL
2022-04-07,funded_assets,EUR,0.97955322265625,0,0,SCALAR_BEKK_INTERNAL
2022-04-07,funded_assets,USD,0.978668212890625,0,0,SCALAR_BEKK_INTERNAL
2022-04-07,net_cashflows,EUR,0.0527496337890625,0,0,SCALAR_BEKK_INTERNAL
2022-04-07,net_cashflows,USD,0.0523834228515625,0,0,SCALAR_BEKK_INTERNAL
2022-04-08,funded_assets,EUR,0.0892486572265625,0,0,SCALAR_BEKK_INTERNAL
2022-04-08,funded_assets,USD,0.0868682861328125,0,0,SCALAR_BEKK_INTERNAL
2022-04-08,net_cashflows,EUR,0.6596527099609375,0,0,SCALAR_BEKK_INTERNAL
2022-04-08,net_cashflows,USD,0.6617889404296875,0,0,SCALAR_BEKK_INTERNAL
2022-04-11,funded_assets,EUR,0.2882537841796875,0,0,SCALAR_BEKK_INTERNAL
2022-04-11,funded_assets,USD,0.2905731201171875,0,0,SCALAR_BEKK_INTERNAL
2022-04-11,net_cashflows,EUR,0.283966064453125,0,0,SCALAR_BEKK_INTERNAL
2022-04-11,net_cashflows,USD,0.2846527099609375,0,0,SCALAR_BEKK_INTERNAL
2022-04-12,funded_assets,EUR,0.7306060791015625,0,0,SCALAR_BEKK_INTERNAL
2022-04-12,funded_assets,USD,0.729766845703125,0,0,SCALAR_BEKK_INTERNAL
2022-04-12,net_cashflows,EUR,0.478363037109375,0,0,SCALAR_BEKK_INTERNAL
2022-04-12,net_cashflows,USD,0.477203369140625,0,0,SCALAR_BEKK_INTERNAL
2022-04-13,funded_assets,EUR,0.79827880859375,0,0,SCALAR_BEKK_INTERNAL
2022-04-13,funded_assets,USD,0.796295166015625,0,0,SCALAR_BEKK_INTERNAL
2022-04-13,net_cashflows,EUR,6.103515625e-05,0,0,SCALAR_BEKK_INTERNAL
2022-04-13,net_cashflows,USD,7.62939453125e-05,0,0,SCALAR_BEKK_INTERNAL
2022-04-14,funded_assets,EUR,0.74407958984375,0,0,SCALAR_BEKK_INTERNAL
2022-04-14,funded_assets,USD,0.7432708740234375,0,0,SCALAR_BEKK_INTERNAL
2022-04-14,net_cashflows,EUR,0.4647979736328125,0,0,SCALAR_BEKK_INTERNAL
2022-04-14,net_cashflows,USD,0.4608001708984375,0,0,SCALAR_BEKK_INTERNAL
2022-04-19,funded_assets,EUR,0.9861907958984375,0,0,SCALAR_BEKK_INTERNAL
2022-04-19,funded_assets,USD,0.9864044189453125,0,0,SCALAR_BEKK_INTERNAL
2022-04-19,net_cashflows,EUR,0.317535400390625,0,0,SCALAR_BEKK_INTERNAL
2022-04-19,net_cashflows,USD,0.31597900390625,0,0,SCALAR_BEKK_INTERNAL
2022-04-20,funded_assets,EUR,0.270904541015625,0,0,SCALAR_BEKK_INTERNAL
2022-04-20,funded_assets,USD,0.2657623291015625,0,0,SCALAR_BEKK_INTERNAL
2022-04-20,net_cashflows,EUR,0.4212493896484375,0,0,SCALAR_BEKK_INTERNAL
2022-04-20,net_cashflows,USD,0.4224395751953125,0,0,SCALAR_BEKK_INTERNAL
2022-04-21,funded_assets,EUR,0.0984344482421875,0,0,SCALAR_BEKK_INTERNAL
2022-04-21,funded_assets,USD,0.1013946533203125,0,0,SCALAR_BEKK_INTERNAL
2022-04-21,net_cashflows,EUR,0.760498046875,0,0,SCALAR_BEKK_INTERNAL
2022-04-21,net_cashflows,USD,0.7577667236328125,0,0,SCALAR_BEKK_INTERNAL
2022-04-22,funded_assets,EUR,0.0284423828125,0,0,SCALAR_BEKK_INTERNAL
2022-04-22,funded_assets,USD,0.0298614501953125,0,0,SCALAR_BEKK_INTERNAL
2022-04-22,net_cashflows,EUR,0.7291107177734375,0,0,SCALAR_BEKK_INTERNAL
2022-04-22,net_cashflows,USD,0.7243194580078125,0,0,SCALAR_BEKK_INTERNAL
2022-04-25,funded_assets,EUR,0.1685791015625,0,0,SCALAR_BEKK_INTERNAL
2022-04-25,funded_assets,USD,0.175445556640625,0,0,SCALAR_BEKK_INTERNAL
2022-04-25,net_cashflows,EUR,0.16168212890625,0,0,SCALAR_BEKK_INTERNAL
2022-04-25,net_cashflows,USD,0.1632843017578125,0,0,SCALAR_BEKK_INTERNAL
2022-04-26,funded_assets,EUR,0.57000732421875,0,0,SCALAR_BEKK_INTERNAL
2022-04-26,funded_assets,USD,0.5721282958984375,0,0,SCALAR_BEKK_INTERNAL
2022-04-26,net_cashflows,EUR,0.0007781982421875,0,0,SCALAR_BEKK_INTERNAL
2022-04-26,net_cashflows,USD,0.000885009765625,0,0,SCALAR_BEKK_INTERNAL
2022-04-27,funded_assets,EUR,0.511383056640625,0,0,SCALAR_BEKK_INTERNAL
2022-04-27,funded_assets,USD,0.511749267578125,0,0,SCALAR_BEKK_INTERNAL
2022-04-27,net_cashflows,EUR,0.7827911376953125,0,0,SCALAR_BEKK_INTERNAL
2022-04-27,net_cashflows,USD,0.7764892578125,0,0,SCALAR_BEKK_INTERNAL
2022-04-28,funded_assets,EUR,0.3985137939453125,0,0,SCALAR_BEKK_INTERNAL
2022-04-28,funded_assets,USD,0.398101806640625,0,0,SCALAR_BEKK_INTERNAL
2022-04-28,net_cashflows,EUR,0.4394073486328125,0,0,SCALAR_BEKK_INTERNAL
2022-04-28,net_cashflows,USD,0.438720703125,0,0,SCALAR_BEKK_INTERNAL
2022-04-29,funded_assets,EUR,0.8348236083984375,0,0,SCALAR_BEKK_INTERNAL
2022-04-29,funded_assets,USD,0.8341064453125,0,0,SCALAR_BEKK_INTERNAL
2022-04-29,net_cashflows,EUR,0.5486297607421875,0,0,SCALAR_BEKK_INTERNAL
2022-04-29,net_cashflows,USD,0.5485382080078125,0,0,SCALAR_BEKK_INTERNAL
2022-05-02,funded_assets,EUR,0.561004638671875,0,0,SCALAR_BEKK_INTERNAL
2022-05-02,funded_assets,USD,0.5599365234375,0,0,SCALAR_BEKK_INTERNAL
2022-05-02,net_cashflows,EUR,0.264495849609375,0,0,SCALAR_BEKK_INTERNAL
2022-05-02,net_cashflows,USD,0.264007568359375,0,0,SCALAR_BEKK_INTERNAL
2022-05-03,funded_assets,EUR,0.9582061767578125,0,0,SCALAR_BEKK_INTERNAL
2022-05-03,funded_assets,USD,0.9575653076171875,0,0,SCALAR_BEKK_INTERNAL
2022-05-03,net_cashflows,EUR,0.716033935546875,0,0,SCALAR_BEKK_INTERNAL
2022-05-03,net_cashflows,USD,0.715301513671875,0,0,SCALAR_BEKK_INTERNAL
2022-05-04,funded_assets,EUR,0.923980712890625,0,0,SCALAR_BEKK_INTERNAL
2022-05-04,funded_assets,USD,0.9237823486328125,0,0,SCALAR_BEKK_INTERNAL
2022-05-04,net_cashflows,EUR,0.14727783203125,0,0,SCALAR_BEKK_INTERNAL
2022-05-04,net_cashflows,USD,0.14599609375,0,0,SCALAR_BEKK_INTERNAL
2022-05-05,funded_assets,EUR,0.495758056640625,0,0,SCALAR_BEKK_INTERNAL
2022-05-05,funded_assets,USD,0.495269775390625,0,0,SCALAR_BEKK_INTERNAL
2022-05-05,net_cashflows,EUR,0.14990234375,0,0,SCALAR_BEKK_INTERNAL
2022-05-05,net_cashflows,USD,0.1497802734375,0,0,SCALAR_BEKK_INTERNAL
2022-05-06,funded_assets,EUR,0.50286865234375,0,0,SCALAR_BEKK_INTERNAL
2022-05-06,funded_assets,USD,0.50286865234375,0,0,SCALAR_BEKK_INTERNAL
2022-05-06,net_cashflows,EUR,0.76519775390625,0,0,SCALAR_BEKK_INTERNAL
2022-05-06,net_cashflows,USD,0.764495849609375,0,0,SCALAR_BEKK_INTERNAL
2022-05-09,funded_assets,EUR,0.2474365234375,0,0,SCALAR_BEKK_INTERNAL
2022-05-09,funded_assets,USD,0.247283935546875,0,0,SCALAR_BEKK_INTERNAL
2022-05-09,net_cashflows,EUR,0.6975555419921875,0,0,SCALAR_BEKK_INTERNAL
2022-05-09,net_cashflows,USD,0.697174072265625,0,0,SCALAR_BEKK_INTERNAL
2022-05-10,funded_assets,EUR,9.1552734375e-05,0,0,SCALAR_BEKK_INTERNAL
2022-05-10,funded_assets,USD,7.62939453125e-05,0,0,SCALAR_BEKK_INTERNAL
2022-05-10,net_cashflows,EUR,0.9236297607421875,0,0,SCALAR_BEKK_INTERNAL
2022-05-10,net_cashflows,USD,0.919464111328125,0,0,SCALAR_BEKK_INTERNAL
2022-05-11,funded_assets,EUR,0.3880157470703125,0,0,SCALAR_BEKK_INTERNAL
2022-05-11,funded_assets,USD,0.392822265625,0,0,SCALAR_BEKK_INTERNAL
2022-05-11,net_cashflows,EUR,0.23248291015625,0,0,SCALAR_BEKK_INTERNAL
2022-05-11,net_cashflows,USD,0.23468017578125,0,0,SCALAR_BEKK_INTERNAL
2022-05-12,funded_assets,EUR,0.9152069091796875,0,0,SCALAR_BEKK_INTERNAL
2022-05-12,funded_assets,USD,0.91424560546875,0,0,SCALAR_BEKK_INTERNAL
2022-05-12,net_cashflows,EUR,0.071746826171875,0,0,SCALAR_BEKK_INTERNAL
2022-05-12,net_cashflows,USD,0.070831298828125,0,0,SCALAR_BEKK_INTERNAL
2022-05-13,funded_assets,EUR,0.788299560546875,0,0,SCALAR_BEKK_INTERNAL
2022-05-13,funded_assets,USD,0.795745849609375,0,0,SCALAR_BEKK_INTERNAL
2022-05-13,net_cashflows,EUR,0.7496795654296875,0,0,SCALAR_BEKK_INTERNAL
2022-05-13,net_cashflows,USD,0.747100830078125,0,0,SCALAR_BEKK_INTERNAL
2022-05-16,funded_assets,EUR,0.504364013671875,0,0,SCALAR_BEKK_INTERNAL
2022-05-16,funded_assets,USD,0.503936767578125,0,0,SCALAR_BEKK_INTERNAL
2022-05-16,net_cashflows,EUR,0.5637359619140625,0,0,SCALAR_BEKK_INTERNAL
2022-05-16,net_cashflows,USD,0.5641632080078125,0,0,SCALAR_BEKK_INTERNAL
2022-05-17,funded_assets,EUR,0.01507568359375,0,0,SCALAR_BEKK_INTERNAL
2022-05-17,funded_assets,USD,0.0146026611328125,0,0,SCALAR_BEKK_INTERNAL
2022-05-17,net_cashflows,EUR,0.99981689453125,0,0,SCALAR_BEKK_INTERNAL
2022-05-17,net_cashflows,USD,0.9998016357421875,0,0,SCALAR_BEKK_INTERNAL
2022-05-18,funded_assets,EUR,0.8571929931640625,0,0,SCALAR_BEKK_INTERNAL
2022-05-18,funded_assets,USD,0.854827880859375,0,0,SCALAR_BEKK_INTERNAL
2022-05-18,net_cashflows,EUR,0.4580078125,0,0,SCALAR_BEKK_INTERNAL
2022-05-18,net_cashflows,USD,0.4648590087890625,0,0,SCALAR_BEKK_INTERNAL
2022-05-19,funded_assets,EUR,0.861572265625,0,0,SCALAR_BEKK_INTERNAL
2022-05-19,funded_assets,USD,0.8653564453125,0,0,SCALAR_BEKK_INTERNAL
2022-05-19,net_cashflows,EUR,0.6473541259765625,0,0,SCALAR_BEKK_INTERNAL
2022-05-19,net_cashflows,USD,0.64886474609375,0,0,SCALAR_BEKK_INTERNAL
2022-05-20,funded_assets,EUR,0.9458770751953125,0,0,SCALAR_BEKK_INTERNAL
2022-05-20,funded_assets,USD,0.9477691650390625,0,0,SCALAR_BEKK_INTERNAL
2022-05-20,net_cashflows,EUR,0.8064727783203125,0,0,SCALAR_BEKK_INTERNAL
2022-05-20,net_cashflows,USD,0.809906005859375,0,0,SCALAR_BEKK_INTERNAL
2022-05-23,funded_assets,EUR,0.0319671630859375,0,0,SCALAR_BEKK_INTERNAL
2022-05-23,funded_assets,USD,0.0305328369140625,0,0,SCALAR_BEKK_INTERNAL
2022-05-23,net_cashflows,EUR,0.659027099609375,0,0,SCALAR_BEKK_INTERNAL
2022-05-23,net_cashflows,USD,0.6571807861328125,0,0,SCALAR_BEKK_INTERNAL
2022-05-24,funded_assets,EUR,0.69610595703125,0,0,SCALAR_BEKK_INTERNAL
2022-05-24,funded_assets,USD,0.6928863525390625,0,0,SCALAR_BEKK_INTERNAL
2022-05-24,net_cashflows,EUR,0.4328765869140625,0,0,SCALAR_BEKK_INTERNAL
2022-05-24,net_cashflows,USD,0.4336700439453125,0,0,SCALAR_BEKK_INTERNAL
2022-05-25,funded_assets,EUR,0.4510345458984375,0,0,SCALAR_BEKK_INTERNAL
2022-05-25,funded_assets,USD,0.4510498046875,0,0,SCALAR_BEKK_INTERNAL
2022-05-25,net_cashflows,EUR,0.6788482666015625,0,0,SCALAR_BEKK_INTERNAL
2022-05-25,net_cashflows,USD,0.6796875,0,0,SCALAR_BEKK_INTERNAL
2022-05-26,funded_assets,EUR,0.943328857421875,0,0,SCALAR_BEKK_INTERNAL
2022-05-26,funded_assets,USD,0.94329833984375,0,0,SCALAR_BEKK_INTERNAL
2022-05-26,net_cashflows,EUR,0.1504364013671875,0,0,SCALAR_BEKK_INTERNAL
2022-05-26,net_cashflows,USD,0.1490936279296875,0,0,SCALAR_BEKK_INTERNAL
2022-05-27,funded_assets,EUR,0.260223388671875,0,0,SCALAR_BEKK_INTERNAL
2022-05-27,funded_assets,USD,0.2573394775390625,0,0,SCALAR_BEKK_INTERNAL
2022-05-27,net_cashflows,EUR,0.2577667236328125,0,0,SCALAR_BEKK_INTERNAL
2022-05-27,net_cashflows,USD,0.25970458984375,0,0,SCALAR_BEKK_INTERNAL
2022-05-30,funded_assets,EUR,0.807220458984375,0,0,SCALAR_BEKK_INTERNAL
2022-05-30,funded_assets,USD,0.80560302734375,0,0,SCALAR_BEKK_INTERNAL
2022-05-30,net_cashflows,EUR,0.0453643798828125,0,0,SCALAR_BEKK_INTERNAL
2022-05-30,net_cashflows,USD,0.045867919921875,0,0,SCALAR_BEKK_INTERNAL
2022-05-31,funded_assets,EUR,0.3477020263671875,0,0,SCALAR_BEKK_INTERNAL
2022-05-31,funded_assets,USD,0.3473052978515625,0,0,SCALAR_BEKK_INTERNAL
2022-05-31,net_cashflows,EUR,0.5001983642578125,0,0,SCALAR_BEKK_INTERNAL
2022-05-31,net_cashflows,USD,0.5013275146484375,0,0,SCALAR_BEKK_INTERNAL
2022-06-01,funded_assets,EUR,0.8790435791015625,0,0,SCALAR_BEKK_INTERNAL
2022-06-01,funded_assets,USD,0.87841796875,0,0,SCALAR_BEKK_INTERNAL
2022-06-01,net_cashflows,EUR,0.338623046875,0,0,SCALAR_BEKK_INTERNAL
2022-06-01,net_cashflows,USD,0.3384246826171875,0,0,SCALAR_BEKK_INTERNAL
2022-06-02,funded_assets,EUR,0.6780853271484375,0,0,SCALAR_BEKK_INTERNAL
2022-06-02,funded_assets,USD,0.678131103515625,0,0,SCALAR_BEKK_INTERNAL
2022-06-02,net_cashflows,EUR,0.1690673828125,0,0,SCALAR_BEKK_INTERNAL
2022-06-02,net_cashflows,USD,0.16796875,0,0,SCALAR_BEKK_INTERNAL
2022-06-03,funded_assets,EUR,0.858978271484375,0,0,SCALAR_BEKK_INTERNAL
2022-06-03,funded_assets,USD,0.8566131591796875,0,0,SCALAR_BEKK_INTERNAL
2022-06-03,net_cashflows,EUR,0.0001068115234375,0,0,SCALAR_BEKK_INTERNAL
2022-06-03,net_cashflows,USD,0.0001068115234375,0,0,SCALAR_BEKK_INTERNAL
2022-06-06,funded_assets,EUR,0.9921417236328125,0,0,SCALAR_BEKK_INTERNAL
2022-06-06,funded_assets,USD,0.992034912109375,0,0,SCALAR_BEKK_INTERNAL
2022-06-06,net_cashflows,EUR,0.0735015869140625,0,0,SCALAR_BEKK_INTERNAL
2022-06-06,net_cashflows,USD,0.0691680908203125,0,0,SCALAR_BEKK_INTERNAL
2022-06-07,funded_assets,EUR,0.57073974609375,0,0,SCALAR_BEKK_INTERNAL
2022-06-07,funded_assets,USD,0.5717010498046875,0,0,SCALAR_BEKK_INTERNAL
2022-06-07,net_cashflows,EUR,0.5073394775390625,0,0,SCALAR_BEKK_INTERNAL
2022-06-07,net_cashflows,USD,0.5071563720703125,0,0,SCALAR_BEKK_INTERNAL
2022-06-08,funded_assets,EUR,0.00054931640625,0,0,SCALAR_BEKK_INTERNAL
2022-06-08,funded_assets,USD,0.000640869140625,0,0,SCALAR_BEKK_INTERNAL
2022-06-08,net_cashflows,EUR,0.4221038818359375,0,0,SCALAR_BEKK_INTERNAL
2022-06-08,net_cashflows,USD,0.4229736328125,0,0,SCALAR_BEKK_INTERNAL
2022-06-09,funded_assets,EUR,0.1452178955078125,0,0,SCALAR_BEKK_INTERNAL
2022-06-09,funded_assets,USD,0.160064697265625,0,0,SCALAR_BEKK_INTERNAL
2022-06-09,net_cashflows,EUR,0.37322998046875,0,0,SCALAR_BEKK_INTERNAL
2022-06-09,net_cashflows,USD,0.3771820068359375,0,0,SCALAR_BEKK_INTERNAL
2022-06-10,funded_assets,EUR,0.751434326171875,0,0,SCALAR_BEKK_INTERNAL
2022-06-10,funded_assets,USD,0.74822998046875,0,0,SCALAR_BEKK_INTERNAL
2022-06-10,net_cashflows,EUR,0.52105712890625,0,0,SCALAR_BEKK_INTERNAL
2022-06-10,net_cashflows,USD,0.5208740234375,0,0,SCALAR_BEKK_INTERNAL
2022-06-13,funded_assets,EUR,0.4501190185546875,0,0,SCALAR_BEKK_INTERNAL
2022-06-13,funded_assets,USD,0.4495391845703125,0,0,SCALAR_BEKK_INTERNAL
2022-06-13,net_cashflows,EUR,0.2232666015625,0,0,SCALAR_BEKK_INTERNAL
2022-06-13,net_cashflows,USD,0.2235870361328125,0,0,SCALAR_BEKK_INTERNAL
2022-06-14,funded_assets,EUR,0.000152587890625,0,0,SCALAR_BEKK_INTERNAL
2022-06-14,funded_assets,USD,0.0001373291015625,0,0,SCALAR_BEKK_INTERNAL
2022-06-14,net_cashflows,EUR,0.99993896484375,0,0,SCALAR_BEKK_INTERNAL
2022-06-14,net_cashflows,USD,0.99993896484375,0,0,SCALAR_BEKK_INTERNAL
2022-06-15,funded_assets,EUR,0.9574432373046875,0,0,SCALAR_BEKK_INTERNAL
2022-06-15,funded_assets,USD,0.9542236328125,0,0,SCALAR_BEKK_INTERNAL
2022-06-15,net_cashflows,EUR,0.11456298828125,0,0,SCALAR_BEKK_INTERNAL
2022-06-15,net_cashflows,USD,0.1195831298828125,0,0,SCALAR_BEKK_INTERNAL
2022-06-16,funded_assets,EUR,0.82037353515625,0,0,SCALAR_BEKK_INTERNAL
2022-06-16,funded_assets,USD,0.8233184814453125,0,0,SCALAR_BEKK_INTERNAL
2022-06-16,net_cashflows,EUR,0.3211822509765625,0,0,SCALAR_BEKK_INTERNAL
2022-06-16,net_cashflows,USD,0.3183441162109375,0,0,SCALAR_BEKK_INTERNAL
2022-06-17,funded_assets,EUR,0.9063873291015625,0,0,SCALAR_BEKK_INTERNAL
2022-06-17,funded_assets,USD,0.9070892333984375,0,0,SCALAR_BEKK_INTERNAL
2022-06-17,net_cashflows,EUR,0.1019287109375,0,0,SCALAR_BEKK_INTERNAL
2022-06-17,net_cashflows,USD,0.0999755859375,0,0,SCALAR_BEKK_INTERNAL
2022-06-20,funded_assets,EUR,0.2000274658203125,0,0,SCALAR_BEKK_INTERNAL
2022-06-20,funded_assets,USD,0.1980743408203125,0,0,SCALAR_BEKK_INTERNAL
2022-06-20,net_cashflows,EUR,0.7002410888671875,0,0,SCALAR_BEKK_INTERNAL
2022-06-20,net_cashflows,USD,0.7013092041015625,0,0,SCALAR_BEKK_INTERNAL
2022-06-21,funded_assets,EUR,0.2280120849609375,0,0,SCALAR_BEKK_INTERNAL
2022-06-21,funded_assets,USD,0.229339599609375,0,0,SCALAR_BEKK_INTERNAL
2022-06-21,net_cashflows,EUR,0.7230224609375,0,0,SCALAR_BEKK_INTERNAL
2022-06-21,net_cashflows,USD,0.72149658203125,0,0,SCALAR_BEKK_INTERNAL
2022-06-22,funded_assets,EUR,0.43206787109375,0,0,SCALAR_BEKK_INTERNAL
2022-06-22,funded_assets,USD,0.431182861328125,0,0,SCALAR_BEKK_INTERNAL
2022-06-22,net_cashflows,EUR,0.8145751953125,0,0,SCALAR_BEKK_INTERNAL
2022-06-22,net_cashflows,USD,0.8151702880859375,0,0,SCALAR_BEKK_INTERNAL
2022-06-23,funded_assets,EUR,0.9271697998046875,0,0,SCALAR_BEKK_INTERNAL
2022-06-23,funded_assets,USD,0.9275665283203125,0,0,SCALAR_BEKK_INTERNAL
2022-06-23,net_cashflows,EUR,0.278076171875,0,0,SCALAR_BEKK_INTERNAL
2022-06-23,net_cashflows,USD,0.277862548828125,0,0,SCALAR_BEKK_INTERNAL
2022-06-24,funded_assets,EUR,0.485260009765625,0,0,SCALAR_BEKK_INTERNAL
2022-06-24,funded_assets,USD,0.4846649169921875,0,0,SCALAR_BEKK_INTERNAL
2022-06-24,net_cashflows,EUR,0.4459991455078125,0,0,SCALAR_BEKK_INTERNAL
2022-06-24,net_cashflows,USD,0.4464874267578125,0,0,SCALAR_BEKK_INTERNAL
2022-06-27,funded_assets,EUR,0.1945343017578125,0,0,SCALAR_BEKK_INTERNAL
2022-06-27,funded_assets,USD,0.1953582763671875,0,0,SCALAR_BEKK_INTERNAL
2022-06-27,net_cashflows,EUR,0.622314453125,0,0,SCALAR_BEKK_INTERNAL
2022-06-27,net_cashflows,USD,0.621917724609375,0,0,SCALAR_BEKK_INTERNAL
2022-06-28,funded_assets,EUR,0.00732421875,0,0,SCALAR_BEKK_INTERNAL
2022-06-28,funded_assets,USD,0.0081939697265625,0,0,SCALAR_BEKK_INTERNAL
2022-06-28,net_cashflows,EUR,0.3774261474609375,0,0,SCALAR_BEKK_INTERNAL
2022-06-28,net_cashflows,USD,0.3778533935546875,0,0,SCALAR_BEKK_INTERNAL
2022-06-29,funded_assets,EUR,0.8664703369140625,0,0,SCALAR_BEKK_INTERNAL
2022-06-29,funded_assets,USD,0.861175537109375,0,0,SCALAR_BEKK_INTERNAL
2022-06-29,net_cashflows,EUR,0.853912353515625,0,0,SCALAR_BEKK_INTERNAL
2022-06-29,net_cashflows,USD,0.8511962890625,0,0,SCALAR_BEKK_INTERNAL
2022-06-30,funded_assets,EUR,0.478363037109375,0,0,SCALAR_BEKK_INTERNAL
2022-06-30,funded_assets,USD,0.479217529296875,0,0,SCALAR_BEKK_INTERNAL
2022-06-30,net_cashflows,EUR,0.335784912109375,0,0,SCALAR_BEKK_INTERNAL
2022-06-30,net_cashflows,USD,0.33599853515625,0,0,SCALAR_BEKK_INTERNAL
2022-07-01,funded_assets,EUR,0.00799560546875,0,0,SCALAR_BEKK_INTERNAL
2022-07-01,funded_assets,USD,0.00799560546875,0,0,SCALAR_BEKK_INTERNAL
2022-07-01,net_cashflows,EUR,0.3589019775390625,0,0,SCALAR_BEKK_INTERNAL
2022-07-01,net_cashflows,USD,0.3632354736328125,0,0,SCALAR_BEKK_INTERNAL
2022-07-04,funded_assets,EUR,0.0206756591796875,0,0,SCALAR_BEKK_INTERNAL
2022-07-04,funded_assets,USD,0.0237274169921875,0,0,SCALAR_BEKK_INTERNAL
2022-07-04,net_cashflows,EUR,0.6175994873046875,0,0,SCALAR_BEKK_INTERNAL
2022-07-04,net_cashflows,USD,0.6157989501953125,0,0,SCALAR_BEKK_INTERNAL
2022-07-05,funded_assets,EUR,0.4389801025390625,0,0,SCALAR_BEKK_INTERNAL
2022-07-05,funded_assets,USD,0.4393310546875,0,0,SCALAR_BEKK_INTERNAL
2022-07-05,net_cashflows,EUR,0.1884002685546875,0,0,SCALAR_BEKK_INTERNAL
2022-07-05,net_cashflows,USD,0.190673828125,0,0,SCALAR_BEKK_INTERNAL
2022-07-06,funded_assets,EUR,0.325775146484375,0,0,SCALAR_BEKK_INTERNAL
2022-07-06,funded_assets,USD,0.325653076171875,0,0,SCALAR_BEKK_INTERNAL
2022-07-06,net_cashflows,EUR,0.2359161376953125,0,0,SCALAR_BEKK_INTERNAL
2022-07-06,net_cashflows,USD,0.236572265625,0,0,SCALAR_BEKK_INTERNAL
2022-07-07,funded_assets,EUR,0.442657470703125,0,0,SCALAR_BEKK_INTERNAL
2022-07-07,funded_assets,USD,0.4440460205078125,0,0,SCALAR_BEKK_INTERNAL
2022-07-07,net_cashflows,EUR,0.0144805908203125,0,0,SCALAR_BEKK_INTERNAL
2022-07-07,net_cashflows,USD,0.01513671875,0,0,SCALAR_BEKK_INTERNAL
2022-07-08,funded_assets,EUR,0.16571044921875,0,0,SCALAR_BEKK_INTERNAL
2022-07-08,funded_assets,USD,0.1677398681640625,0,0,SCALAR_BEKK_INTERNAL
2022-07-08,net_cashflows,EUR,0.8382720947265625,0,0,SCALAR_BEKK_INTERNAL
2022-07-08,net_cashflows,USD,0.83831787109375,0,0,SCALAR_BEKK_INTERNAL
2022-07-11,funded_assets,EUR,0.41552734375,0,0,SCALAR_BEKK_INTERNAL
2022-07-11,funded_assets,USD,0.414825439453125,0,0,SCALAR_BEKK_INTERNAL
2022-07-11,net_cashflows,EUR,0.5005950927734375,0,0,SCALAR_BEKK_INTERNAL
2022-07-11,net_cashflows,USD,0.501800537109375,0,0,SCALAR_BEKK_INTERNAL
2022-07-12,funded_assets,EUR,0.6207733154296875,0,0,SCALAR_BEKK_INTERNAL
2022-07-12,funded_assets,USD,0.6207275390625,0,0,SCALAR_BEKK_INTERNAL
2022-07-12,net_cashflows,EUR,0.009002685546875,0,0,SCALAR_BEKK_INTERNAL
2022-07-12,net_cashflows,USD,0.009002685546875,0,0,SCALAR_BEKK_INTERNAL
2022-07-13,funded_assets,EUR,0.8406219482421875,0,0,SCALAR_BEKK_INTERNAL
2022-07-13,funded_assets,USD,0.8398895263671875,0,0,SCALAR_BEKK_INTERNAL
2022-07-13,net_cashflows,EUR,0.7972412109375,0,0,SCALAR_BEKK_INTERNAL
2022-07-13,net_cashflows,USD,0.7928924560546875,0,0,SCALAR_BEKK_INTERNAL
2022-07-14,funded_assets,EUR,0.85577392578125,0,0,SCALAR_BEKK_INTERNAL
2022-07-14,funded_assets,USD,0.8592987060546875,0,0,SCALAR_BEKK_INTERNAL
2022-07-14,net_cashflows,EUR,0.4629974365234375,0,0,SCALAR_BEKK_INTERNAL
2022-07-14,net_cashflows,USD,0.4647674560546875,0,0,SCALAR_BEKK_INTERNAL
2022-07-15,funded_assets,EUR,0.9627227783203125,0,0,SCALAR_BEKK_INTERNAL
2022-07-15,funded_assets,USD,0.96527099609375,0,0,SCALAR_BEKK_INTERNAL
2022-07-15,net_cashflows,EUR,0.94097900390625,0,0,SCALAR_BEKK_INTERNAL
2022-07-15,net_cashflows,USD,0.943695068359375,0,0,SCALAR_BEKK_INTERNAL
2022-07-18,funded_assets,EUR,0.2563323974609375,0,0,SCALAR_BEKK_INTERNAL
2022-07-18,funded_assets,USD,0.2514190673828125,0,0,SCALAR_BEKK_INTERNAL
2022-07-18,net_cashflows,EUR,0.2498016357421875,0,0,SCALAR_BEKK_INTERNAL
2022-07-18,net_cashflows,USD,0.2459564208984375,0,0,SCALAR_BEKK_INTERNAL
2022-07-19,funded_assets,EUR,0.7836761474609375,0,0,SCALAR_BEKK_INTERNAL
2022-07-19,funded_assets,USD,0.7818756103515625,0,0,SCALAR_BEKK_INTERNAL
2022-07-19,net_cashflows,EUR,0.25732421875,0,0,SCALAR_BEKK_INTERNAL
2022-07-19,net_cashflows,USD,0.2577972412109375,0,0,SCALAR_BEKK_INTERNAL
2022-07-20,funded_assets,EUR,0.020721435546875,0,0,SCALAR_BEKK_INTERNAL
2022-07-20,funded_assets,USD,0.0200042724609375,0,0,SCALAR_BEKK_INTERNAL
2022-07-20,net_cashflows,EUR,0.9948883056640625,0,0,SCALAR_BEKK_INTERNAL
2022-07-20,net_cashflows,USD,0.99456787109375,0,0,SCALAR_BEKK_INTERNAL
2022-07-21,funded_assets,EUR,0.69635009765625,0,0,SCALAR_BEKK_INTERNAL
2022-07-21,funded_assets,USD,0.692962646484375,0,0,SCALAR_BEKK_INTERNAL
2022-07-21,net_cashflows,EUR,0.485107421875,0,0,SCALAR_BEKK_INTERNAL
2022-07-21,net_cashflows,USD,0.489898681640625,0,0,SCALAR_BEKK_INTERNAL
2022-07-22,funded_assets,EUR,0.0079345703125,0,0,SCALAR_BEKK_INTERNAL
2022-07-22,funded_assets,USD,0.007720947265625,0,0,SCALAR_BEKK_INTERNAL
2022-07-22,net_cashflows,EUR,0.6180572509765625,0,0,SCALAR_BEKK_INTERNAL
2022-07-22,net_cashflows,USD,0.617462158203125,0,0,SCALAR_BEKK_INTERNAL
2022-07-25,funded_assets,EUR,0.558074951171875,0,0,SCALAR_BEKK_INTERNAL
2022-07-25,funded_assets,USD,0.5548553466796875,0,0,SCALAR_BEKK_INTERNAL
2022-07-25,net_cashflows,EUR,0.3775787353515625,0,0,SCALAR_BEKK_INTERNAL
2022-07-25,net_cashflows,USD,0.3788299560546875,0,0,SCALAR_BEKK_INTERNAL
2022-07-26,funded_assets,EUR,0.0596466064453125,0,0,SCALAR_BEKK_INTERNAL
2022-07-26,funded_assets,USD,0.0585479736328125,0,0,SCALAR_BEKK_INTERNAL
2022-07-26,net_cashflows,EUR,0.859588623046875,0,0,SCALAR_BEKK_INTERNAL
2022-07-26,net_cashflows,USD,0.859222412109375,0,0,SCALAR_BEKK_INTERNAL
2022-07-27,funded_assets,EUR,0.6598968505859375,0,0,SCALAR_BEKK_INTERNAL
2022-07-27,funded_assets,USD,0.6556549072265625,0,0,SCALAR_BEKK_INTERNAL
2022-07-27,net_cashflows,EUR,0.995330810546875,0,0,SCALAR_BEKK_INTERNAL
2022-07-27,net_cashflows,USD,0.9954986572265625,0,0,SCALAR_BEKK_INTERNAL
2022-07-28,funded_assets,EUR,0.2329559326171875,0,0,SCALAR_BEKK_INTERNAL
2022-07-28,funded_assets,USD,0.2306365966796875,0,0,SCALAR_BEKK_INTERNAL
2022-07-28,net_cashflows,EUR,0.9744110107421875,0,0,SCALAR_BEKK_INTERNAL
2022-07-28,net_cashflows,USD,0.975860595703125,0,0,SCALAR_BEKK_INTERNAL
2022-07-29,funded_assets,EUR,0.2464141845703125,0,0,SCALAR_BEKK_INTERNAL
2022-07-29,funded_assets,USD,0.245513916015625,0,0,SCALAR_BEKK_INTERNAL
2022-07-29,net_cashflows,EUR,0.86346435546875,0,0,SCALAR_BEKK_INTERNAL
2022-07-29,net_cashflows,USD,0.863250732421875,0,0,SCALAR_BEKK_INTERNAL
2022-08-01,funded_assets,EUR,0.8817138671875,0,0,SCALAR_BEKK_INTERNAL
2022-08-01,funded_assets,USD,0.8803558349609375,0,0,SCALAR_BEKK_INTERNAL
2022-08-01,net_cashflows,EUR,0.0017547607421875,0,0,SCALAR_BEKK_INTERNAL
2022-08-01,net_cashflows,USD,0.001617431640625,0,0,SCALAR_BEKK_INTERNAL
2022-08-02,funded_assets,EUR,0.5694122314453125,0,0,SCALAR_BEKK_INTERNAL
2022-08-02,funded_assets,USD,0.5687408447265625,0,0,SCALAR_BEKK_INTERNAL
2022-08-02,net_cashflows,EUR,0.7030792236328125,0,0,SCALAR_BEKK_INTERNAL
2022-08-02,net_cashflows,USD,0.703399658203125,0,0,SCALAR_BEKK_INTERNAL
2022-08-03,funded_assets,EUR,0.763916015625,0,0,SCALAR_BEKK_INTERNAL
2022-08-03,funded_assets,USD,0.76458740234375,0,0,SCALAR_BEKK_INTERNAL
2022-08-03,net_cashflows,EUR,0.6461944580078125,0,0,SCALAR_BEKK_INTERNAL
2022-08-03,net_cashflows,USD,0.64776611328125,0,0,SCALAR_BEKK_INTERNAL
2022-08-04,funded_assets,EUR,0.6293792724609375,0,0,SCALAR_BEKK_INTERNAL
2022-08-04,funded_assets,USD,0.628631591796875,0,0,SCALAR_BEKK_INTERNAL
2022-08-04,net_cashflows,EUR,0.0444793701171875,0,0,SCALAR_BEKK_INTERNAL
2022-08-04,net_cashflows,USD,0.043701171875,0,0,SCALAR_BEKK_INTERNAL
2022-08-05,funded_assets,EUR,0.8314666748046875,0,0,SCALAR_BEKK_INTERNAL
2022-08-05,funded_assets,USD,0.831390380859375,0,0,SCALAR_BEKK_INTERNAL
2022-08-05,net_cashflows,EUR,0.5704193115234375,0,0,SCALAR_BEKK_INTERNAL
2022-08-05,net_cashflows,USD,0.567718505859375,0,0,SCALAR_BEKK_INTERNAL
2022-08-08,funded_assets,EUR,0.3983001708984375,0,0,SCALAR_BEKK_INTERNAL
2022-08-08,funded_assets,USD,0.3982391357421875,0,0,SCALAR_BEKK_INTERNAL
2022-08-08,net_cashflows,EUR,0.8006744384765625,0,0,SCALAR_BEKK_INTERNAL
2022-08-08,net_cashflows,USD,0.801666259765625,0,0,SCALAR_BEKK_INTERNAL
2022-08-09,funded_assets,EUR,0.3737945556640625,0,0,SCALAR_BEKK_INTERNAL
2022-08-09,funded_assets,USD,0.3714447021484375,0,0,SCALAR_BEKK_INTERNAL
2022-08-09,net_cashflows,EUR,0.997100830078125,0,0,SCALAR_BEKK_INTERNAL
2022-08-09,net_cashflows,USD,0.9972991943359375,0,0,SCALAR_BEKK_INTERNAL
2022-08-10,funded_assets,EUR,0.525177001953125,0,0,SCALAR_BEKK_INTERNAL
2022-08-10,funded_assets,USD,0.5260467529296875,0,0,SCALAR_BEKK_INTERNAL
2022-08-10,net_cashflows,EUR,0.07080078125,0,0,SCALAR_BEKK_INTERNAL
2022-08-10,net_cashflows,USD,0.0678558349609375,0,0,SCALAR_BEKK_INTERNAL
2022-08-11,funded_assets,EUR,0.003631591796875,0,0,SCALAR_BEKK_INTERNAL
2022-08-11,funded_assets,USD,0.0038299560546875,0,0,SCALAR_BEKK_INTERNAL
2022-08-11,net_cashflows,EUR,0.699676513671875,0,0,SCALAR_BEKK_INTERNAL
2022-08-11,net_cashflows,USD,0.7006988525390625,0,0,SCALAR_BEKK_INTERNAL
2022-08-12,funded_assets,EUR,0.3211517333984375,0,0,SCALAR_BEKK_INTERNAL
2022-08-12,funded_assets,USD,0.329498291015625,0,0,SCALAR_BEKK_INTERNAL
2022-08-12,net_cashflows,EUR,0.075775146484375,0,0,SCALAR_BEKK_INTERNAL
2022-08-12,net_cashflows,USD,0.0776519775390625,0,0,SCALAR_BEKK_INTERNAL
2022-08-15,funded_assets,EUR,0.9232635498046875,0,0,SCALAR_BEKK_INTERNAL
2022-08-15,funded_assets,USD,0.9216766357421875,0,0,SCALAR_BEKK_INTERNAL
2022-08-15,net_cashflows,EUR,0.1410675048828125,0,0,SCALAR_BEKK_INTERNAL
2022-08-15,net_cashflows,USD,0.1399078369140625,0,0,SCALAR_BEKK_INTERNAL
2022-08-16,funded_assets,EUR,0.5587158203125,0,0,SCALAR_BEKK_INTERNAL
2022-08-16,funded_assets,USD,0.5599517822265625,0,0,SCALAR_BEKK_INTERNAL
2022-08-16,net_cashflows,EUR,0.690704345703125,0,0,SCALAR_BEKK_INTERNAL
2022-08-16,net_cashflows,USD,0.6906890869140625,0,0,SCALAR_BEKK_INTERNAL
2022-08-17,funded_assets,EUR,0.230682373046875,0,0,SCALAR_BEKK_INTERNAL
2022-08-17,funded_assets,USD,0.23199462890625,0,0,SCALAR_BEKK_INTERNAL
2022-08-17,net_cashflows,EUR,0.0552215576171875,0,0,SCALAR_BEKK_INTERNAL
2022-08-17,net_cashflows,USD,0.05615234375,0,0,SCALAR_BEKK_INTERNAL
2022-08-18,funded_assets,EUR,0.0870208740234375,0,0,SCALAR_BEKK_INTERNAL
2022-08-18,funded_assets,USD,0.0903778076171875,0,0,SCALAR_BEKK_INTERNAL
2022-08-18,net_cashflows,EUR,0.4257659912109375,0,0,SCALAR_BEKK_INTERNAL
2022-08-18,net_cashflows,USD,0.430877685546875,0,0,SCALAR_BEKK_INTERNAL
2022-08-19,funded_assets,EUR,0.116363525390625,0,0,SCALAR_BEKK_INTERNAL
2022-08-19,funded_assets,USD,0.120574951171875,0,0,SCALAR_BEKK_INTERNAL
2022-08-19,net_cashflows,EUR,0.1815643310546875,0,0,SCALAR_BEKK_INTERNAL
2022-08-19,net_cashflows,USD,0.1841583251953125,0,0,SCALAR_BEKK_INTERNAL
2022-08-22,funded_assets,EUR,0.2743377685546875,0,0,SCALAR_BEKK_INTERNAL
2022-08-22,funded_assets,USD,0.2750244140625,0,0,SCALAR_BEKK_INTERNAL
2022-08-22,net_cashflows,EUR,0.8155059814453125,0,0,SCALAR_BEKK_INTERNAL
2022-08-22,net_cashflows,USD,0.8131256103515625,0,0,SCALAR_BEKK_INTERNAL
2022-08-23,funded_assets,EUR,0.80267333984375,0,0,SCALAR_BEKK_INTERNAL
2022-08-23,funded_assets,USD,0.80218505859375,0,0,SCALAR_BEKK_INTERNAL
2022-08-23,net_cashflows,EUR,0.4799652099609375,0,0,SCALAR_BEKK_INTERNAL
2022-08-23,net_cashflows,USD,0.4813385009765625,0,0,SCALAR_BEKK_INTERNAL
2022-08-24,funded_assets,EUR,0.9191131591796875,0,0,SCALAR_BEKK_INTERNAL
2022-08-24,funded_assets,USD,0.9196929931640625,0,0,SCALAR_BEKK_INTERNAL
2022-08-24,net_cashflows,EUR,0.3603363037109375,0,0,SCALAR_BEKK_INTERNAL
2022-08-24,net_cashflows,USD,0.35906982421875,0,0,SCALAR_BEKK_INTERNAL
2022-08-25,funded_assets,EUR,0.9607696533203125,0,0,SCALAR_BEKK_INTERNAL
2022-08-25,funded_assets,USD,0.95977783203125,0,0,SCALAR_BEKK_INTERNAL
2022-08-25,net_cashflows,EUR,0.0508270263671875,0,0,SCALAR_BEKK_INTERNAL
2022-08-25,net_cashflows,USD,0.0501556396484375,0,0,SCALAR_BEKK_INTERNAL
2022-08-26,funded_assets,EUR,0.9127349853515625,0,0,SCALAR_BEKK_INTERNAL
2022-08-26,funded_assets,USD,0.9133758544921875,0,0,SCALAR_BEKK_INTERNAL
2022-08-26,net_cashflows,EUR,0.5474395751953125,0,0,SCALAR_BEKK_INTERNAL
2022-08-26,net_cashflows,USD,0.54443359375,0,0,SCALAR_BEKK_INTERNAL
2022-08-29,funded_assets,EUR,0.7080535888671875,0,0,SCALAR_BEKK_INTERNAL
2022-08-29,funded_assets,USD,0.70648193359375,0,0,SCALAR_BEKK_INTERNAL
2022-08-29,net_cashflows,EUR,0.170867919921875,0,0,SCALAR_BEKK_INTERNAL
2022-08-29,net_cashflows,USD,0.1699066162109375,0,0,SCALAR_BEKK_INTERNAL
2022-08-30,funded_assets,EUR,0.8013153076171875,0,0,SCALAR_BEKK_INTERNAL
2022-08-30,funded_assets,USD,0.800018310546875,0,0,SCALAR_BEKK_INTERNAL
2022-08-30,net_cashflows,EUR,0.3475189208984375,0,0,SCALAR_BEKK_INTERNAL
2022-08-30,net_cashflows,USD,0.347900390625,0,0,SCALAR_BEKK_INTERNAL
2022-08-31,funded_assets,EUR,0.794158935546875,0,0,SCALAR_BEKK_INTERNAL
2022-08-31,funded_assets,USD,0.7934722900390625,0,0,SCALAR_BEKK_INTERNAL
2022-08-31,net_cashflows,EUR,0.0538482666015625,0,0,SCALAR_BEKK_INTERNAL
2022-08-31,net_cashflows,USD,0.0536651611328125,0,0,SCALAR_BEKK_INTERNAL
2022-09-01,funded_assets,EUR,0.0230560302734375,0,0,SCALAR_BEKK_INTERNAL
2022-09-01,funded_assets,USD,0.0229644775390625,0,0,SCALAR_BEKK_INTERNAL
2022-09-01,net_cashflows,EUR,0.636077880859375,0,0,SCALAR_BEKK_INTERNAL
2022-09-01,net_cashflows,USD,0.6397705078125,0,0,SCALAR_BEKK_INTERNAL
2022-09-02,funded_assets,EUR,0.6236572265625,0,0,SCALAR_BEKK_INTERNAL
2022-09-02,funded_assets,USD,0.6224212646484375,0,0,SCALAR_BEKK_INTERNAL
2022-09-02,net_cashflows,EUR,0.0499420166015625,0,0,SCALAR_BEKK_INTERNAL
2022-09-02,net_cashflows,USD,0.0505218505859375,0,0,SCALAR_BEKK_INTERNAL
2022-09-05,funded_assets,EUR,0.94989013671875,0,0,SCALAR_BEKK_INTERNAL
2022-09-05,funded_assets,USD,0.948211669921875,0,0,SCALAR_BEKK_INTERNAL
2022-09-05,net_cashflows,EUR,0.0032196044921875,0,0,SCALAR_BEKK_INTERNAL
2022-09-05,net_cashflows,USD,0.0032501220703125,0,0,SCALAR_BEKK_INTERNAL
2022-09-06,funded_assets,EUR,0.9053497314453125,0,0,SCALAR_BEKK_INTERNAL
2022-09-06,funded_assets,USD,0.9099578857421875,0,0,SCALAR_BEKK_INTERNAL
2022-09-06,net_cashflows,EUR,0.9815826416015625,0,0,SCALAR_BEKK_INTERNAL
2022-09-06,net_cashflows,USD,0.9804534912109375,0,0,SCALAR_BEKK_INTERNAL
2022-09-07,funded_assets,EUR,0.3508148193359375,0,0,SCALAR_BEKK_INTERNAL
2022-09-07,funded_assets,USD,0.350341796875,0,0,SCALAR_BEKK_INTERNAL
2022-09-07,net_cashflows,EUR,0.9627685546875,0,0,SCALAR_BEKK_INTERNAL
2022-09-07,net_cashflows,USD,0.9650726318359375,0,0,SCALAR_BEKK_INTERNAL
2022-09-08,funded_assets,EUR,0.9293212890625,0,0,SCALAR_BEKK_INTERNAL
2022-09-08,funded_assets,USD,0.9304962158203125,0,0,SCALAR_BEKK_INTERNAL
2022-09-08,net_cashflows,EUR,0.719146728515625,0,0,SCALAR_BEKK_INTERNAL
2022-09-08,net_cashflows,USD,0.727783203125,0,0,SCALAR_BEKK_INTERNAL
2022-09-09,funded_assets,EUR,0.578277587890625,0,0,SCALAR_BEKK_INTERNAL
2022-09-09,funded_assets,USD,0.5801544189453125,0,0,SCALAR_BEKK_INTERNAL
2022-09-09,net_cashflows,EUR,0.6182708740234375,0,0,SCALAR_BEKK_INTERNAL
2022-09-09,net_cashflows,USD,0.6201324462890625,0,0,SCALAR_BEKK_INTERNAL
2022-09-12,funded_assets,EUR,0.00201416015625,0,0,SCALAR_BEKK_INTERNAL
2022-09-12,funded_assets,USD,0.0021209716796875,0,0,SCALAR_BEKK_INTERNAL
2022-09-12,net_cashflows,EUR,0.068695068359375,0,0,SCALAR_BEKK_INTERNAL
2022-09-12,net_cashflows,USD,0.0705413818359375,0,0,SCALAR_BEKK_INTERNAL
2022-09-13,funded_assets,EUR,0.614166259765625,0,0,SCALAR_BEKK_INTERNAL
2022-09-13,funded_assets,USD,0.61181640625,0,0,SCALAR_BEKK_INTERNAL
2022-09-13,net_cashflows,EUR,0.61810302734375,0,0,SCALAR_BEKK_INTERNAL
2022-09-13,net_cashflows,USD,0.6156768798828125,0,0,SCALAR_BEKK_INTERNAL
2022-09-14,funded_assets,EUR,0.3818359375,0,0,SCALAR_BEKK_INTERNAL
2022-09-14,funded_assets,USD,0.3817291259765625,0,0,SCALAR_BEKK_INTERNAL
2022-09-14,net_cashflows,EUR,0.6275634765625,0,0,SCALAR_BEKK_INTERNAL
2022-09-14,net_cashflows,USD,0.6264495849609375,0,0,SCALAR_BEKK_INTERNAL
2022-09-15,funded_assets,EUR,0.948394775390625,0,0,SCALAR_BEKK_INTERNAL
2022-09-15,funded_assets,USD,0.9474334716796875,0,0,SCALAR_BEKK_INTERNAL
2022-09-15,net_cashflows,EUR,0.2316131591796875,0,0,SCALAR_BEKK_INTERNAL
2022-09-15,net_cashflows,USD,0.231597900390625,0,0,SCALAR_BEKK_INTERNAL
2022-09-16,funded_assets,EUR,0.2962188720703125,0,0,SCALAR_BEKK_INTERNAL
2022-09-16,funded_assets,USD,0.2946929931640625,0,0,SCALAR_BEKK_INTERNAL
2022-09-16,net_cashflows,EUR,0.4709930419921875,0,0,SCALAR_BEKK_INTERNAL
2022-09-16,net_cashflows,USD,0.4709930419921875,0,0,SCALAR_BEKK_INTERNAL
2022-09-19,funded_assets,EUR,0.042877197265625,0,0,SCALAR_BEKK_INTERNAL
2022-09-19,funded_assets,USD,0.0434112548828125,0,0,SCALAR_BEKK_INTERNAL
2022-09-19,net_cashflows,EUR,0.522430419921875,0,0,SCALAR_BEKK_INTERNAL
2022-09-19,net_cashflows,USD,0.5224761962890625,0,0,SCALAR_BEKK_INTERNAL
2022-09-20,funded_assets,EUR,0.13800048828125,0,0,SCALAR_BEKK_INTERNAL
2022-09-20,funded_assets,USD,0.1402740478515625,0,0,SCALAR_BEKK_INTERNAL
2022-09-20,net_cashflows,EUR,0.9633941650390625,0,0,SCALAR_BEKK_INTERNAL
2022-09-20,net_cashflows,USD,0.9611358642578125,0,0,SCALAR_BEKK_INTERNAL
2022-09-21,funded_assets,EUR,0.1641082763671875,0,0,SCALAR_BEKK_INTERNAL
2022-09-21,funded_assets,USD,0.1705780029296875,0,0,SCALAR_BEKK_INTERNAL
2022-09-21,net_cashflows,EUR,0.1165618896484375,0,0,SCALAR_BEKK_INTERNAL
2022-09-21,net_cashflows,USD,0.1145172119140625,0,0,SCALAR_BEKK_INTERNAL
2022-09-22,funded_assets,EUR,0.447662353515625,0,0,SCALAR_BEKK_INTERNAL
2022-09-22,funded_assets,USD,0.45330810546875,0,0,SCALAR_BEKK_INTERNAL
2022-09-22,net_cashflows,EUR,0.13848876953125,0,0,SCALAR_BEKK_INTERNAL
2022-09-22,net_cashflows,USD,0.14605712890625,0,0,SCALAR_BEKK_INTERNAL
2022-09-23,funded_assets,EUR,0.3311920166015625,0,0,SCALAR_BEKK_INTERNAL
2022-09-23,funded_assets,USD,0.3328857421875,0,0,SCALAR_BEKK_INTERNAL
2022-09-23,net_cashflows,EUR,0.581634521484375,0,0,SCALAR_BEKK_INTERNAL
2022-09-23,net_cashflows,USD,0.580963134765625,0,0,SCALAR_BEKK_INTERNAL
2022-09-26,funded_assets,EUR,0.1966705322265625,0,0,SCALAR_BEKK_INTERNAL
2022-09-26,funded_assets,USD,0.198486328125,0,0,SCALAR_BEKK_INTERNAL
2022-09-26,net_cashflows,EUR,0.71356201171875,0,0,SCALAR_BEKK_INTERNAL
2022-09-26,net_cashflows,USD,0.7111663818359375,0,0,SCALAR_BEKK_INTERNAL
2022-09-27,funded_assets,EUR,0.99298095703125,0,0,SCALAR_BEKK_INTERNAL
2022-09-27,funded_assets,USD,0.9925537109375,0,0,SCALAR_BEKK_INTERNAL
2022-09-27,net_cashflows,EUR,0.2068328857421875,0,0,SCALAR_BEKK_INTERNAL
2022-09-27,net_cashflows,USD,0.20721435546875,0,0,SCALAR_BEKK_INTERNAL
2022-09-28,funded_assets,EUR,0.3975677490234375,0,0,SCALAR_BEKK_INTERNAL
2022-09-28,funded_assets,USD,0.4000396728515625,0,0,SCALAR_BEKK_INTERNAL
2022-09-28,net_cashflows,EUR,0.2483367919921875,0,0,SCALAR_BEKK_INTERNAL
2022-09-28,net_cashflows,USD,0.243377685546875,0,0,SCALAR_BEKK_INTERNAL
2022-09-29,funded_assets,EUR,0.5212860107421875,0,0,SCALAR_BEKK_INTERNAL
2022-09-29,funded_assets,USD,0.52117919921875,0,0,SCALAR_BEKK_INTERNAL
2022-09-29,net_cashflows,EUR,0.02557373046875,0,0,SCALAR_BEKK_INTERNAL
2022-09-29,net_cashflows,USD,0.0244903564453125,0,0,SCALAR_BEKK_INTERNAL
2022-09-30,funded_assets,EUR,0.9979705810546875,0,0,SCALAR_BEKK_INTERNAL
2022-09-30,funded_assets,USD,0.9980316162109375,0,0,SCALAR_BEKK_INTERNAL
2022-09-30,net_cashflows,EUR,0.3666229248046875,0,0,SCALAR_BEKK_INTERNAL
2022-09-30,net_cashflows,USD,0.3539581298828125,0,0,SCALAR_BEKK_INTERNAL
2022-10-03,funded_assets,EUR,0.5381317138671875,0,0,SCALAR_BEKK_INTERNAL
2022-10-03,funded_assets,USD,0.541717529296875,0,0,SCALAR_BEKK_INTERNAL
2022-10-03,net_cashflows,EUR,0.7784271240234375,0,0,SCALAR_BEKK_INTERNAL
2022-10-03,net_cashflows,USD,0.7811431884765625,0,0,SCALAR_BEKK_INTERNAL
2022-10-04,funded_assets,EUR,0.2192230224609375,0,0,SCALAR_BEKK_INTERNAL
2022-10-04,funded_assets,USD,0.2188873291015625,0,0,SCALAR_BEKK_INTERNAL
2022-10-04,net_cashflows,EUR,0.5144805908203125,0,0,SCALAR_BEKK_INTERNAL
2022-10-04,net_cashflows,USD,0.5128021240234375,0,0,SCALAR_BEKK_INTERNAL
2022-10-05,funded_assets,EUR,0.141357421875,0,0,SCALAR_BEKK_INTERNAL
2022-10-05,funded_assets,USD,0.144012451171875,0,0,SCALAR_BEKK_INTERNAL
2022-10-05,net_cashflows,EUR,0.29095458984375,0,0,SCALAR_BEKK_INTERNAL
2022-10-05,net_cashflows,USD,0.2929229736328125,0,0,SCALAR_BEKK_INTERNAL
2022-10-06,funded_assets,EUR,0.1530609130859375,0,0,SCALAR_BEKK_INTERNAL
2022-10-06,funded_assets,USD,0.158111572265625,0,0,SCALAR_BEKK_INTERNAL
2022-10-06,net_cashflows,EUR,0.173187255859375,0,0,SCALAR_BEKK_INTERNAL
2022-10-06,net_cashflows,USD,0.1786956787109375,0,0,SCALAR_BEKK_INTERNAL
2022-10-07,funded_assets,EUR,0.635528564453125,0,0,SCALAR_BEKK_INTERNAL
2022-10-07,funded_assets,USD,0.6329345703125,0,0,SCALAR_BEKK_INTERNAL
2022-10-07,net_cashflows,EUR,0.577880859375,0,0,SCALAR_BEKK_INTERNAL
2022-10-07,net_cashflows,USD,0.5760040283203125,0,0,SCALAR_BEKK_INTERNAL
2022-10-10,funded_assets,EUR,0.6266937255859375,0,0,SCALAR_BEKK_INTERNAL
2022-10-10,funded_assets,USD,0.62640380859375,0,0,SCALAR_BEKK_INTERNAL
2022-10-10,net_cashflows,EUR,0.13348388671875,0,0,SCALAR_BEKK_INTERNAL
2022-10-10,net_cashflows,USD,0.132568359375,0,0,SCALAR_BEKK_INTERNAL
2022-10-11,funded_assets,EUR,0.4527130126953125,0,0,SCALAR_BEKK_INTERNAL
2022-10-11,funded_assets,USD,0.4529571533203125,0,0,SCALAR_BEKK_INTERNAL
2022-10-11,net_cashflows,EUR,0.064453125,0,0,SCALAR_BEKK_INTERNAL
2022-10-11,net_cashflows,USD,0.063201904296875,0,0,SCALAR_BEKK_INTERNAL
2022-10-12,funded_assets,EUR,0.7753448486328125,0,0,SCALAR_BEKK_INTERNAL
2022-10-12,funded_assets,USD,0.7751312255859375,0,0,SCALAR_BEKK_INTERNAL
2022-10-12,net_cashflows,EUR,0.0711517333984375,0,0,SCALAR_BEKK_INTERNAL
2022-10-12,net_cashflows,USD,0.0706787109375,0,0,SCALAR_BEKK_INTERNAL
2022-10-13,funded_assets,EUR,0.6789703369140625,0,0,SCALAR_BEKK_INTERNAL
2022-10-13,funded_assets,USD,0.6791534423828125,0,0,SCALAR_BEKK_INTERNAL
2022-10-13,net_cashflows,EUR,0.0706024169921875,0,0,SCALAR_BEKK_INTERNAL
2022-10-13,net_cashflows,USD,0.069915771484375,0,0,SCALAR_BEKK_INTERNAL
2022-10-14,funded_assets,EUR,0.9947509765625,0,0,SCALAR_BEKK_INTERNAL
2022-10-14,funded_assets,USD,0.9949188232421875,0,0,SCALAR_BEKK_INTERNAL
2022-10-14,net_cashflows,EUR,0.6545257568359375,0,0,SCALAR_BEKK_INTERNAL
2022-10-14,net_cashflows,USD,0.6508026123046875,0,0,SCALAR_BEKK_INTERNAL
2022-10-17,funded_assets,EUR,0.3212890625,0,0,SCALAR_BEKK_INTERNAL
2022-10-17,funded_assets,USD,0.3143310546875,0,0,SCALAR_BEKK_INTERNAL
2022-10-17,net_cashflows,EUR,0.1459197998046875,0,0,SCALAR_BEKK_INTERNAL
2022-10-17,net_cashflows,USD,0.144287109375,0,0,SCALAR_BEKK_INTERNAL
2022-10-18,funded_assets,EUR,0.8493499755859375,0,0,SCALAR_BEKK_INTERNAL
2022-10-18,funded_assets,USD,0.847564697265625,0,0,SCALAR_BEKK_INTERNAL
2022-10-18,net_cashflows,EUR,0.4529571533203125,0,0,SCALAR_BEKK_INTERNAL
2022-10-18,net_cashflows,USD,0.451873779296875,0,0,SCALAR_BEKK_INTERNAL
2022-10-19,funded_assets,EUR,0.5944976806640625,0,0,SCALAR_BEKK_INTERNAL
2022-10-19,funded_assets,USD,0.5902557373046875,0,0,SCALAR_BEKK_INTERNAL
2022-10-19,net_cashflows,EUR,0.010467529296875,0,0,SCALAR_BEKK_INTERNAL
2022-10-19,net_cashflows,USD,0.010406494140625,0,0,SCALAR_BEKK_INTERNAL
2022-10-20,funded_assets,EUR,0.477325439453125,0,0,SCALAR_BEKK_INTERNAL
2022-10-20,funded_assets,USD,0.47845458984375,0,0,SCALAR_BEKK_INTERNAL
2022-10-20,net_cashflows,EUR,0.99896240234375,0,0,SCALAR_BEKK_INTERNAL
2022-10-20,net_cashflows,USD,0.998779296875,0,0,SCALAR_BEKK_INTERNAL
2022-10-21,funded_assets,EUR,0.6790924072265625,0,0,SCALAR_BEKK_INTERNAL
2022-10-21,funded_assets,USD,0.6809844970703125,0,0,SCALAR_BEKK_INTERNAL
2022-10-21,net_cashflows,EUR,0.4308319091796875,0,0,SCALAR_BEKK_INTERNAL
2022-10-21,net_cashflows,USD,0.431243896484375,0,0,SCALAR_BEKK_INTERNAL
2022-10-24,funded_assets,EUR,0.9111175537109375,0,0,SCALAR_BEKK_INTERNAL
2022-10-24,funded_assets,USD,0.915130615234375,0,0,SCALAR_BEKK_INTERNAL
2022-10-24,net_cashflows,EUR,0.968597412109375,0,0,SCALAR_BEKK_INTERNAL
2022-10-24,net_cashflows,USD,0.9698028564453125,0,0,SCALAR_BEKK_INTERNAL
2022-10-25,funded_assets,EUR,0.71771240234375,0,0,SCALAR_BEKK_INTERNAL
2022-10-25,funded_assets,USD,0.7215423583984375,0,0,SCALAR_BEKK_INTERNAL
2022-10-25,net_cashflows,EUR,0.493133544921875,0,0,SCALAR_BEKK_INTERNAL
2022-10-25,net_cashflows,USD,0.4941864013671875,0,0,SCALAR_BEKK_INTERNAL
2022-10-26,funded_assets,EUR,0.029998779296875,0,0,SCALAR_BEKK_INTERNAL
2022-10-26,funded_assets,USD,0.0295562744140625,0,0,SCALAR_BEKK_INTERNAL
2022-10-26,net_cashflows,EUR,0.143524169921875,0,0,SCALAR_BEKK_INTERNAL
2022-10-26,net_cashflows,USD,0.1443328857421875,0,0,SCALAR_BEKK_INTERNAL
2022-10-27,funded_assets,EUR,0.5287017822265625,0,0,SCALAR_BEKK_INTERNAL
2022-10-27,funded_assets,USD,0.531158447265625,0,0,SCALAR_BEKK_INTERNAL
2022-10-27,net_cashflows,EUR,0.096160888671875,0,0,SCALAR_BEKK_INTERNAL
2022-10-27,net_cashflows,USD,0.0985260009765625,0,0,SCALAR_BEKK_INTERNAL
2022-10-28,funded_assets,EUR,0.2192535400390625,0,0,SCALAR_BEKK_INTERNAL
2022-10-28,funded_assets,USD,0.218597412109375,0,0,SCALAR_BEKK_INTERNAL
2022-10-28,net_cashflows,EUR,0.975616455078125,0,0,SCALAR_BEKK_INTERNAL
2022-10-28,net_cashflows,USD,0.9745025634765625,0,0,SCALAR_BEKK_INTERNAL
2022-10-31,funded_assets,EUR,0.209625244140625,0,0,SCALAR_BEKK_INTERNAL
2022-10-31,funded_assets,USD,0.20989990234375,0,0,SCALAR_BEKK_INTERNAL
2022-10-31,net_cashflows,EUR,0.512298583984375,0,0,SCALAR_BEKK_INTERNAL
2022-10-31,net_cashflows,USD,0.5091094970703125,0,0,SCALAR_BEKK_INTERNAL
2022-11-01,funded_assets,EUR,0.231689453125,0,0,SCALAR_BEKK_INTERNAL
2022-11-01,funded_assets,USD,0.2396392822265625,0,0,SCALAR_BEKK_INTERNAL
2022-11-01,net_cashflows,EUR,0.08013916015625,0,0,SCALAR_BEKK_INTERNAL
2022-11-01,net_cashflows,USD,0.0830078125,0,0,SCALAR_BEKK_INTERNAL
2022-11-02,funded_assets,EUR,0.9254150390625,0,0,SCALAR_BEKK_INTERNAL
2022-11-02,funded_assets,USD,0.922454833984375,0,0,SCALAR_BEKK_INTERNAL
2022-11-02,net_cashflows,EUR,0.9748382568359375,0,0,SCALAR_BEKK_INTERNAL
2022-11-02,net_cashflows,USD,0.9727630615234375,0,0,SCALAR_BEKK_INTERNAL
2022-11-03,funded_assets,EUR,0.9194793701171875,0,0,SCALAR_BEKK_INTERNAL
2022-11-03,funded_assets,USD,0.9259185791015625,0,0,SCALAR_BEKK_INTERNAL
2022-11-03,net_cashflows,EUR,0.83502197265625,0,0,SCALAR_BEKK_INTERNAL
2022-11-03,net_cashflows,USD,0.84625244140625,0,0,SCALAR_BEKK_INTERNAL
2022-11-04,funded_assets,EUR,0.7382049560546875,0,0,SCALAR_BEKK_INTERNAL
2022-11-04,funded_assets,USD,0.7405242919921875,0,0,SCALAR_BEKK_INTERNAL
2022-11-04,net_cashflows,EUR,0.4136962890625,0,0,SCALAR_BEKK_INTERNAL
2022-11-04,net_cashflows,USD,0.4126129150390625,0,0,SCALAR_BEKK_INTERNAL
2022-11-07,funded_assets,EUR,0.7961883544921875,0,0,SCALAR_BEKK_INTERNAL
2022-11-07,funded_assets,USD,0.7969512939453125,0,0,SCALAR_BEKK_INTERNAL
2022-11-07,net_cashflows,EUR,0.7656707763671875,0,0,SCALAR_BEKK_INTERNAL
2022-11-07,net_cashflows,USD,0.7655181884765625,0,0,SCALAR_BEKK_INTERNAL
2022-11-08,funded_assets,EUR,0.00958251953125,0,0,SCALAR_BEKK_INTERNAL
2022-11-08,funded_assets,USD,0.009063720703125,0,0,SCALAR_BEKK_INTERNAL
2022-11-08,net_cashflows,EUR,0.4560394287109375,0,0,SCALAR_BEKK_INTERNAL
2022-11-08,net_cashflows,USD,0.453460693359375,0,0,SCALAR_BEKK_INTERNAL
2022-11-09,funded_assets,EUR,0.9900360107421875,0,0,SCALAR_BEKK_INTERNAL
2022-11-09,funded_assets,USD,0.988677978515625,0,0,SCALAR_BEKK_INTERNAL
2022-11-09,net_cashflows,EUR,1,0,1,SCALAR_BEKK_INTERNAL
2022-11-09,net_cashflows,USD,1,0,1,SCALAR_BEKK_INTERNAL
2022-11-10,funded_assets,EUR,0.431640625,0,0,SCALAR_BEKK_INTERNAL
2022-11-10,funded_assets,USD,0.4300537109375,0,0,SCALAR_BEKK_INTERNAL
2022-11-10,net_cashflows,EUR,0.5500946044921875,0,0,SCALAR_BEKK_INTERNAL
2022-11-10,net_cashflows,USD,0.5546722412109375,0,0,SCALAR_BEKK_INTERNAL
2022-11-11,funded_assets,EUR,0.8072509765625,0,0,SCALAR_BEKK_INTERNAL
2022-11-11,funded_assets,USD,0.8077545166015625,0,0,SCALAR_BEKK_INTERNAL
2022-11-11,net_cashflows,EUR,0.7303466796875,0,0,SCALAR_BEKK_INTERNAL
2022-11-11,net_cashflows,USD,0.7317657470703125,0,0,SCALAR_BEKK_INTERNAL
2022-11-14,funded_assets,EUR,0.643768310546875,0,0,SCALAR_BEKK_INTERNAL
2022-11-14,funded_assets,USD,0.6448211669921875,0,0,SCALAR_BEKK_INTERNAL
2022-11-14,net_cashflows,EUR,0.425506591796875,0,0,SCALAR_BEKK_INTERNAL
2022-11-14,net_cashflows,USD,0.4248809814453125,0,0,SCALAR_BEKK_INTERNAL
2022-11-15,funded_assets,EUR,0.207244873046875,0,0,SCALAR_BEKK_INTERNAL
2022-11-15,funded_assets,USD,0.2068939208984375,0,0,SCALAR_BEKK_INTERNAL
2022-11-15,net_cashflows,EUR,0.199676513671875,0,0,SCALAR_BEKK_INTERNAL
2022-11-15,net_cashflows,USD,0.2002716064453125,0,0,SCALAR_BEKK_INTERNAL
2022-11-16,funded_assets,EUR,0.7575836181640625,0,0,SCALAR_BEKK_INTERNAL
2022-11-16,funded_assets,USD,0.75421142578125,0,0,SCALAR_BEKK_INTERNAL
2022-11-16,net_cashflows,EUR,0.4311676025390625,0,0,SCALAR_BEKK_INTERNAL
2022-11-16,net_cashflows,USD,0.4300689697265625,0,0,SCALAR_BEKK_INTERNAL
2022-11-17,funded_assets,EUR,0.0532379150390625,0,0,SCALAR_BEKK_INTERNAL
2022-11-17,funded_assets,USD,0.051727294921875,0,0,SCALAR_BEKK_INTERNAL
2022-11-17,net_cashflows,EUR,0.1121978759765625,0,0,SCALAR_BEKK_INTERNAL
2022-11-17,net_cashflows,USD,0.11248779296875,0,0,SCALAR_BEKK_INTERNAL
2022-11-18,funded_assets,EUR,0.3054656982421875,0,0,SCALAR_BEKK_INTERNAL
2022-11-18,funded_assets,USD,0.3053131103515625,0,0,SCALAR_BEKK_INTERNAL
2022-11-18,net_cashflows,EUR,0.6717529296875,0,0,SCALAR_BEKK_INTERNAL
2022-11-18,net_cashflows,USD,0.6689453125,0,0,SCALAR_BEKK_INTERNAL
2022-11-21,funded_assets,EUR,0.7775421142578125,0,0,SCALAR_BEKK_INTERNAL
2022-11-21,funded_assets,USD,0.777740478515625,0,0,SCALAR_BEKK_INTERNAL
2022-11-21,net_cashflows,EUR,0.59716796875,0,0,SCALAR_BEKK_INTERNAL
2022-11-21,net_cashflows,USD,0.5984344482421875,0,0,SCALAR_BEKK_INTERNAL
2022-11-22,funded_assets,EUR,0.269744873046875,0,0,SCALAR_BEKK_INTERNAL
2022-11-22,funded_assets,USD,0.268707275390625,0,0,SCALAR_BEKK_INTERNAL
2022-11-22,net_cashflows,EUR,0.9769744873046875,0,0,SCALAR_BEKK_INTERNAL
2022-11-22,net_cashflows,USD,0.9771575927734375,0,0,SCALAR_BEKK_INTERNAL
2022-11-23,funded_assets,EUR,0.5917510986328125,0,0,SCALAR_BEKK_INTERNAL
2022-11-23,funded_assets,USD,0.592987060546875,0,0,SCALAR_BEKK_INTERNAL
2022-11-23,net_cashflows,EUR,0.1228179931640625,0,0,SCALAR_BEKK_INTERNAL
2022-11-23,net_cashflows,USD,0.1186370849609375,0,0,SCALAR_BEKK_INTERNAL
2022-11-24,funded_assets,EUR,0.9704742431640625,0,0,SCALAR_BEKK_INTERNAL
2022-11-24,funded_assets,USD,0.9700927734375,0,0,SCALAR_BEKK_INTERNAL
2022-11-24,net_cashflows,EUR,0.8314971923828125,0,0,SCALAR_BEKK_INTERNAL
2022-11-24,net_cashflows,USD,0.8291473388671875,0,0,SCALAR_BEKK_INTERNAL
2022-11-25,funded_assets,EUR,0.0147247314453125,0,0,SCALAR_BEKK_INTERNAL
2022-11-25,funded_assets,USD,0.0135345458984375,0,0,SCALAR_BEKK_INTERNAL
2022-11-25,net_cashflows,EUR,0.399017333984375,0,0,SCALAR_BEKK_INTERNAL
2022-11-25,net_cashflows,USD,0.3955841064453125,0,0,SCALAR_BEKK_INTERNAL
2022-11-28,funded_assets,EUR,0.796783447265625,0,0,SCALAR_BEKK_INTERNAL
2022-11-28,funded_assets,USD,0.793365478515625,0,0,SCALAR_BEKK_INTERNAL
2022-11-28,net_cashflows,EUR,0.3524932861328125,0,0,SCALAR_BEKK_INTERNAL
2022-11-28,net_cashflows,USD,0.35357666015625,0,0,SCALAR_BEKK_INTERNAL
2022-11-29,funded_assets,EUR,0.15496826171875,0,0,SCALAR_BEKK_INTERNAL
2022-11-29,funded_assets,USD,0.1534271240234375,0,0,SCALAR_BEKK_INTERNAL
2022-11-29,net_cashflows,EUR,0.9730682373046875,0,0,SCALAR_BEKK_INTERNAL
2022-11-29,net_cashflows,USD,0.97283935546875,0,0,SCALAR_BEKK_INTERNAL
2022-11-30,funded_assets,EUR,0.425079345703125,0,0,SCALAR_BEKK_INTERNAL
2022-11-30,funded_assets,USD,0.420745849609375,0,0,SCALAR_BEKK_INTERNAL
2022-11-30,net_cashflows,EUR,0.990478515625,0,0,SCALAR_BEKK_INTERNAL
2022-11-30,net_cashflows,USD,0.9910125732421875,0,0,SCALAR_BEKK_INTERNAL
2022-12-01,funded_assets,EUR,0.97833251953125,0,0,SCALAR_BEKK_INTERNAL
2022-12-01,funded_assets,USD,0.978851318359375,0,0,SCALAR_BEKK_INTERNAL
2022-12-01,net_cashflows,EUR,0.15753173828125,0,0,SCALAR_BEKK_INTERNAL
2022-12-01,net_cashflows,USD,0.156005859375,0,0,SCALAR_BEKK_INTERNAL
2022-12-02,funded_assets,EUR,0.30029296875,0,0,SCALAR_BEKK_INTERNAL
2022-12-02,funded_assets,USD,0.2953338623046875,0,0,SCALAR_BEKK_INTERNAL
2022-12-02,net_cashflows,EUR,0.18048095703125,0,0,SCALAR_BEKK_INTERNAL
2022-12-02,net_cashflows,USD,0.1816864013671875,0,0,SCALAR_BEKK_INTERNAL
2022-12-05,funded_assets,EUR,0.8615875244140625,0,0,SCALAR_BEKK_INTERNAL
2022-12-05,funded_assets,USD,0.8590240478515625,0,0,SCALAR_BEKK_INTERNAL
2022-12-05,net_cashflows,EUR,0.2467498779296875,0,0,SCALAR_BEKK_INTERNAL
2022-12-05,net_cashflows,USD,0.24700927734375,0,0,SCALAR_BEKK_INTERNAL
2022-12-06,funded_assets,EUR,0.2584075927734375,0,0,SCALAR_BEKK_INTERNAL
2022-12-06,funded_assets,USD,0.2574615478515625,0,0,SCALAR_BEKK_INTERNAL
2022-12-06,net_cashflows,EUR,0.635162353515625,0,0,SCALAR_BEKK_INTERNAL
2022-12-06,net_cashflows,USD,0.635406494140625,0,0,SCALAR_BEKK_INTERNAL
2022-12-07,funded_assets,EUR,0.298797607421875,0,0,SCALAR_BEKK_INTERNAL
2022-12-07,funded_assets,USD,0.297210693359375,0,0,SCALAR_BEKK_INTERNAL
2022-12-07,net_cashflows,EUR,0.8456573486328125,0,0,SCALAR_BEKK_INTERNAL
2022-12-07,net_cashflows,USD,0.8457794189453125,0,0,SCALAR_BEKK_INTERNAL
2022-12-08,funded_assets,EUR,0.8347930908203125,0,0,SCALAR_BEKK_INTERNAL
2022-12-08,funded_assets,USD,0.83489990234375,0,0,SCALAR_BEKK_INTERNAL
2022-12-08,net_cashflows,EUR,0.1240081787109375,0,0,SCALAR_BEKK_INTERNAL
2022-12-08,net_cashflows,USD,0.1223297119140625,0,0,SCALAR_BEKK_INTERNAL
2022-12-09,funded_assets,EUR,0.3881683349609375,0,0,SCALAR_BEKK_INTERNAL
2022-12-09,funded_assets,USD,0.387786865234375,0,0,SCALAR_BEKK_INTERNAL
2022-12-09,net_cashflows,EUR,0.315093994140625,0,0,SCALAR_BEKK_INTERNAL
2022-12-09,net_cashflows,USD,0.315704345703125,0,0,SCALAR_BEKK_INTERNAL
2022-12-12,funded_assets,EUR,0.6820220947265625,0,0,SCALAR_BEKK_INTERNAL
2022-12-12,funded_assets,USD,0.68218994140625,0,0,SCALAR_BEKK_INTERNAL
2022-12-12,net_cashflows,EUR,0.9948577880859375,0,0,SCALAR_BEKK_INTERNAL
2022-12-12,net_cashflows,USD,0.99481201171875,0,0,SCALAR_BEKK_INTERNAL
2022-12-13,funded_assets,EUR,0.75103759765625,0,0,SCALAR_BEKK_INTERNAL
2022-12-13,funded_assets,USD,0.75189208984375,0,0,SCALAR_BEKK_INTERNAL
2022-12-13,net_cashflows,EUR,0.0632476806640625,0,0,SCALAR_BEKK_INTERNAL
2022-12-13,net_cashflows,USD,0.060028076171875,0,0,SCALAR_BEKK_INTERNAL
2022-12-14,funded_assets,EUR,0.9289398193359375,0,0,SCALAR_BEKK_INTERNAL
2022-12-14,funded_assets,USD,0.927459716796875,0,0,SCALAR_BEKK_INTERNAL
2022-12-14,net_cashflows,EUR,0.4735565185546875,0,0,SCALAR_BEKK_INTERNAL
2022-12-14,net_cashflows,USD,0.473846435546875,0,0,SCALAR_BEKK_INTERNAL
2022-12-15,funded_assets,EUR,0.2062225341796875,0,0,SCALAR_BEKK_INTERNAL
2022-12-15,funded_assets,USD,0.205291748046875,0,0,SCALAR_BEKK_INTERNAL
2022-12-15,net_cashflows,EUR,0.616302490234375,0,0,SCALAR_BEKK_INTERNAL
2022-12-15,net_cashflows,USD,0.6159210205078125,0,0,SCALAR_BEKK_INTERNAL
2022-12-16,funded_assets,EUR,0.0099945068359375,0,0,SCALAR_BEKK_INTERNAL
2022-12-16,funded_assets,USD,0.0096435546875,0,0,SCALAR_BEKK_INTERNAL
2022-12-16,net_cashflows,EUR,0.9996185302734375,0,0,SCALAR_BEKK_INTERNAL
2022-12-16,net_cashflows,USD,0.9995880126953125,0,0,SCALAR_BEKK_INTERNAL
2022-12-19,funded_assets,EUR,0.529937744140625,0,0,SCALAR_BEKK_INTERNAL
2022-12-19,funded_assets,USD,0.5263824462890625,0,0,SCALAR_BEKK_INTERNAL
2022-12-19,net_cashflows,EUR,0.845611572265625,0,0,SCALAR_BEKK_INTERNAL
2022-12-19,net_cashflows,USD,0.8485565185546875,0,0,SCALAR_BEKK_INTERNAL
2022-12-20,funded_assets,EUR,0.7736663818359375,0,0,SCALAR_BEKK_INTERNAL
2022-12-20,funded_assets,USD,0.7737274169921875,0,0,SCALAR_BEKK_INTERNAL
2022-12-20,net_cashflows,EUR,0.493438720703125,0,0,SCALAR_BEKK_INTERNAL
2022-12-20,net_cashflows,USD,0.4933929443359375,0,0,SCALAR_BEKK_INTERNAL
2022-12-21,funded_assets,EUR,0.5405731201171875,0,0,SCALAR_BEKK_INTERNAL
2022-12-21,funded_assets,USD,0.5401763916015625,0,0,SCALAR_BEKK_INTERNAL
2022-12-21,net_cashflows,EUR,0.2599029541015625,0,0,SCALAR_BEKK_INTERNAL
2022-12-21,net_cashflows,USD,0.260009765625,0,0,SCALAR_BEKK_INTERNAL
2022-12-22,funded_assets,EUR,0.8342742919921875,0,0,SCALAR_BEKK_INTERNAL
2022-12-22,funded_assets,USD,0.833740234375,0,0,SCALAR_BEKK_INTERNAL
2022-12-22,net_cashflows,EUR,0.275146484375,0,0,SCALAR_BEKK_INTERNAL
2022-12-22,net_cashflows,USD,0.27496337890625,0,0,SCALAR_BEKK_INTERNAL
2022-12-23,funded_assets,EUR,0.4941253662109375,0,0,SCALAR_BEKK_INTERNAL
2022-12-23,funded_assets,USD,0.4947967529296875,0,0,SCALAR_BEKK_INTERNAL
2022-12-23,net_cashflows,EUR,0.4433746337890625,0,0,SCALAR_BEKK_INTERNAL
2022-12-23,net_cashflows,USD,0.4427947998046875,0,0,SCALAR_BEKK_INTERNAL
2022-12-27,funded_assets,EUR,0.64984130859375,0,0,SCALAR_BEKK_INTERNAL
2022-12-27,funded_assets,USD,0.6500091552734375,0,0,SCALAR_BEKK_INTERNAL
2022-12-27,net_cashflows,EUR,0.6896820068359375,0,0,SCALAR_BEKK_INTERNAL
2022-12-27,net_cashflows,USD,0.68975830078125,0,0,SCALAR_BEKK_INTERNAL
2022-12-28,funded_assets,EUR,0.2475738525390625,0,0,SCALAR_BEKK_INTERNAL
2022-12-28,funded_assets,USD,0.246978759765625,0,0,SCALAR_BEKK_INTERNAL
2022-12-28,net_cashflows,EUR,0.939727783203125,0,0,SCALAR_BEKK_INTERNAL
2022-12-28,net_cashflows,USD,0.9395294189453125,0,0,SCALAR_BEKK_INTERNAL
2022-12-29,funded_assets,EUR,0.3484344482421875,0,0,SCALAR_BEKK_INTERNAL
2022-12-29,funded_assets,USD,0.3472747802734375,0,0,SCALAR_BEKK_INTERNAL
2022-12-29,net_cashflows,EUR,0.823822021484375,0,0,SCALAR_BEKK_INTERNAL
2022-12-29,net_cashflows,USD,0.8250274658203125,0,0,SCALAR_BEKK_INTERNAL
2022-12-30,funded_assets,EUR,0.002960205078125,0,0,SCALAR_BEKK_INTERNAL
2022-12-30,funded_assets,USD,0.00311279296875,0,0,SCALAR_BEKK_INTERNAL
2022-12-30,net_cashflows,EUR,0.1763458251953125,0,0,SCALAR_BEKK_INTERNAL
2022-12-30,net_cashflows,USD,0.17547607421875,0,0,SCALAR_BEKK_INTERNAL
2023-01-02,funded_assets,EUR,0.7562408447265625,0,0,SCALAR_BEKK_INTERNAL
2023-01-02,funded_assets,USD,0.7496185302734375,0,0,SCALAR_BEKK_INTERNAL
2023-01-02,net_cashflows,EUR,0.638458251953125,0,0,SCALAR_BEKK_INTERNAL
2023-01-02,net_cashflows,USD,0.6357879638671875,0,0,SCALAR_BEKK_INTERNAL
2023-01-03,funded_assets,EUR,0.9189453125,0,0,SCALAR_BEKK_INTERNAL
2023-01-03,funded_assets,USD,0.9190673828125,0,0,SCALAR_BEKK_INTERNAL
2023-01-03,net_cashflows,EUR,0.0890350341796875,0,0,SCALAR_BEKK_INTERNAL
2023-01-03,net_cashflows,USD,0.086883544921875,0,0,SCALAR_BEKK_INTERNAL
2023-01-04,funded_assets,EUR,0.41949462890625,0,0,SCALAR_BEKK_INTERNAL
2023-01-04,funded_assets,USD,0.4148712158203125,0,0,SCALAR_BEKK_INTERNAL
2023-01-04,net_cashflows,EUR,0.05938720703125,0,0,SCALAR_BEKK_INTERNAL
2023-01-04,net_cashflows,USD,0.06146240234375,0,0,SCALAR_BEKK_INTERNAL
2023-01-05,funded_assets,EUR,0.8671722412109375,0,0,SCALAR_BEKK_INTERNAL
2023-01-05,funded_assets,USD,0.867645263671875,0,0,SCALAR_BEKK_INTERNAL
2023-01-05,net_cashflows,EUR,0.981781005859375,0,0,SCALAR_BEKK_INTERNAL
2023-01-05,net_cashflows,USD,0.9808807373046875,0,0,SCALAR_BEKK_INTERNAL
2023-01-06,funded_assets,EUR,0.8724822998046875,0,0,SCALAR_BEKK_INTERNAL
2023-01-06,funded_assets,USD,0.876678466796875,0,0,SCALAR_BEKK_INTERNAL
2023-01-06,net_cashflows,EUR,0.406158447265625,0,0,SCALAR_BEKK_INTERNAL
2023-01-06,net_cashflows,USD,0.4061279296875,0,0,SCALAR_BEKK_INTERNAL
2023-01-09,funded_assets,EUR,0.908843994140625,0,0,SCALAR_BEKK_INTERNAL
2023-01-09,funded_assets,USD,0.9087982177734375,0,0,SCALAR_BEKK_INTERNAL
2023-01-09,net_cashflows,EUR,0.3430328369140625,0,0,SCALAR_BEKK_INTERNAL
2023-01-09,net_cashflows,USD,0.3418121337890625,0,0,SCALAR_BEKK_INTERNAL
2023-01-10,funded_assets,EUR,0.4157867431640625,0,0,SCALAR_BEKK_INTERNAL
2023-01-10,funded_assets,USD,0.4163818359375,0,0,SCALAR_BEKK_INTERNAL
2023-01-10,net_cashflows,EUR,0.8570709228515625,0,0,SCALAR_BEKK_INTERNAL
2023-01-10,net_cashflows,USD,0.8568115234375,0,0,SCALAR_BEKK_INTERNAL
2023-01-11,funded_assets,EUR,0.294677734375,0,0,SCALAR_BEKK_INTERNAL
2023-01-11,funded_assets,USD,0.2926788330078125,0,0,SCALAR_BEKK_INTERNAL
2023-01-11,net_cashflows,EUR,0.94671630859375,0,0,SCALAR_BEKK_INTERNAL
2023-01-11,net_cashflows,USD,0.9471435546875,0,0,SCALAR_BEKK_INTERNAL
2023-01-12,funded_assets,EUR,0.38287353515625,0,0,SCALAR_BEKK_INTERNAL
2023-01-12,funded_assets,USD,0.382476806640625,0,0,SCALAR_BEKK_INTERNAL
2023-01-12,net_cashflows,EUR,0.5817413330078125,0,0,SCALAR_BEKK_INTERNAL
2023-01-12,net_cashflows,USD,0.5818634033203125,0,0,SCALAR_BEKK_INTERNAL
2023-01-13,funded_assets,EUR,0.5862884521484375,0,0,SCALAR_BEKK_INTERNAL
2023-01-13,funded_assets,USD,0.586181640625,0,0,SCALAR_BEKK_INTERNAL
2023-01-13,net_cashflows,EUR,0.538787841796875,0,0,SCALAR_BEKK_INTERNAL
2023-01-13,net_cashflows,USD,0.53912353515625,0,0,SCALAR_BEKK_INTERNAL
2023-01-16,funded_assets,EUR,0.05828857421875,0,0,SCALAR_BEKK_INTERNAL
2023-01-16,funded_assets,USD,0.0567779541015625,0,0,SCALAR_BEKK_INTERNAL
2023-01-16,net_cashflows,EUR,0.488525390625,0,0,SCALAR_BEKK_INTERNAL
2023-01-16,net_cashflows,USD,0.488555908203125,0,0,SCALAR_BEKK_INTERNAL
2023-01-17,funded_assets,EUR,0.3466339111328125,0,0,SCALAR_BEKK_INTERNAL
2023-01-17,funded_assets,USD,0.34765625,0,0,SCALAR_BEKK_INTERNAL
2023-01-17,net_cashflows,EUR,0.5841827392578125,0,0,SCALAR_BEKK_INTERNAL
2023-01-17,net_cashflows,USD,0.583984375,0,0,SCALAR_BEKK_INTERNAL
2023-01-18,funded_assets,EUR,0.9261016845703125,0,0,SCALAR_BEKK_INTERNAL
2023-01-18,funded_assets,USD,0.925048828125,0,0,SCALAR_BEKK_INTERNAL
2023-01-18,net_cashflows,EUR,0.080108642578125,0,0,SCALAR_BEKK_INTERNAL
2023-01-18,net_cashflows,USD,0.0788116455078125,0,0,SCALAR_BEKK_INTERNAL
2023-01-19,funded_assets,EUR,0.940887451171875,0,0,SCALAR_BEKK_INTERNAL
2023-01-19,funded_assets,USD,0.941619873046875,0,0,SCALAR_BEKK_INTERNAL
2023-01-19,net_cashflows,EUR,0.4231414794921875,0,0,SCALAR_BEKK_INTERNAL
2023-01-19,net_cashflows,USD,0.4198455810546875,0,0,SCALAR_BEKK_INTERNAL
2023-01-20,funded_assets,EUR,0.6985015869140625,0,0,SCALAR_BEKK_INTERNAL
2023-01-20,funded_assets,USD,0.698211669921875,0,0,SCALAR_BEKK_INTERNAL
2023-01-20,net_cashflows,EUR,0.4443817138671875,0,0,SCALAR_BEKK_INTERNAL
2023-01-20,net_cashflows,USD,0.444091796875,0,0,SCALAR_BEKK_INTERNAL
2023-01-23,funded_assets,EUR,0.3502960205078125,0,0,SCALAR_BEKK_INTERNAL
2023-01-23,funded_assets,USD,0.3503265380859375,0,0,SCALAR_BEKK_INTERNAL
2023-01-23,net_cashflows,EUR,0.747894287109375,0,0,SCALAR_BEKK_INTERNAL
2023-01-23,net_cashflows,USD,0.7476806640625,0,0,SCALAR_BEKK_INTERNAL
2023-01-24,funded_assets,EUR,0.4335479736328125,0,0,SCALAR_BEKK_INTERNAL
2023-01-24,funded_assets,USD,0.433135986328125,0,0,SCALAR_BEKK_INTERNAL
2023-01-24,net_cashflows,EUR,0.533294677734375,0,0,SCALAR_BEKK_INTERNAL
2023-01-24,net_cashflows,USD,0.5337677001953125,0,0,SCALAR_BEKK_INTERNAL
2023-01-25,funded_assets,EUR,0.3780517578125,0,0,SCALAR_BEKK_INTERNAL
2023-01-25,funded_assets,USD,0.378021240234375,0,0,SCALAR_BEKK_INTERNAL
2023-01-25,net_cashflows,EUR,0.3813629150390625,0,0,SCALAR_BEKK_INTERNAL
2023-01-25,net_cashflows,USD,0.3810577392578125,0,0,SCALAR_BEKK_INTERNAL
2023-01-26,funded_assets,EUR,0.85186767578125,0,0,SCALAR_BEKK_INTERNAL
2023-01-26,funded_assets,USD,0.851226806640625,0,0,SCALAR_BEKK_INTERNAL
2023-01-26,net_cashflows,EUR,0.4295501708984375,0,0,SCALAR_BEKK_INTERNAL
2023-01-26,net_cashflows,USD,0.428955078125,0,0,SCALAR_BEKK_INTERNAL
2023-01-27,funded_assets,EUR,0.1944122314453125,0,0,SCALAR_BEKK_INTERNAL
2023-01-27,funded_assets,USD,0.1920928955078125,0,0,SCALAR_BEKK_INTERNAL
2023-01-27,net_cashflows,EUR,0.3424835205078125,0,0,SCALAR_BEKK_INTERNAL
2023-01-27,net_cashflows,USD,0.34307861328125,0,0,SCALAR_BEKK_INTERNAL
2023-01-30,funded_assets,EUR,0.674713134765625,0,0,SCALAR_BEKK_INTERNAL
2023-01-30,funded_assets,USD,0.6727447509765625,0,0,SCALAR_BEKK_INTERNAL
2023-01-30,net_cashflows,EUR,0.9029083251953125,0,0,SCALAR_BEKK_INTERNAL
2023-01-30,net_cashflows,USD,0.9017791748046875,0,0,SCALAR_BEKK_INTERNAL
2023-01-31,funded_assets,EUR,0.9344024658203125,0,0,SCALAR_BEKK_INTERNAL
2023-01-31,funded_assets,USD,0.936798095703125,0,0,SCALAR_BEKK_INTERNAL
2023-01-31,net_cashflows,EUR,0.958648681640625,0,0,SCALAR_BEKK_INTERNAL
2023-01-31,net_cashflows,USD,0.960723876953125,0,0,SCALAR_BEKK_INTERNAL
2023-02-01,funded_assets,EUR,0.1921844482421875,0,0,SCALAR_BEKK_INTERNAL
2023-02-01,funded_assets,USD,0.188140869140625,0,0,SCALAR_BEKK_INTERNAL
2023-02-01,net_cashflows,EUR,0.443084716796875,0,0,SCALAR_BEKK_INTERNAL
2023-02-01,net_cashflows,USD,0.4394683837890625,0,0,SCALAR_BEKK_INTERNAL
2023-02-02,funded_assets,EUR,0.3911285400390625,0,0,SCALAR_BEKK_INTERNAL
2023-02-02,funded_assets,USD,0.3979034423828125,0,0,SCALAR_BEKK_INTERNAL
2023-02-02,net_cashflows,EUR,0.0011138916015625,0,0,SCALAR_BEKK_INTERNAL
2023-02-02,net_cashflows,USD,0.0012054443359375,0,0,SCALAR_BEKK_INTERNAL
2023-02-03,funded_assets,EUR,0.049560546875,0,0,SCALAR_BEKK_INTERNAL
2023-02-03,funded_assets,USD,0.0521697998046875,0,0,SCALAR_BEKK_INTERNAL
2023-02-03,net_cashflows,EUR,0.6091461181640625,0,0,SCALAR_BEKK_INTERNAL
2023-02-03,net_cashflows,USD,0.6165618896484375,0,0,SCALAR_BEKK_INTERNAL
2023-02-06,funded_assets,EUR,0.22515869140625,0,0,SCALAR_BEKK_INTERNAL
2023-02-06,funded_assets,USD,0.2235565185546875,0,0,SCALAR_BEKK_INTERNAL
2023-02-06,net_cashflows,EUR,0.771392822265625,0,0,SCALAR_BEKK_INTERNAL
2023-02-06,net_cashflows,USD,0.7704925537109375,0,0,SCALAR_BEKK_INTERNAL
2023-02-07,funded_assets,EUR,0.5401458740234375,0,0,SCALAR_BEKK_INTERNAL
2023-02-07,funded_assets,USD,0.5396575927734375,0,0,SCALAR_BEKK_INTERNAL
2023-02-07,net_cashflows,EUR,0.6162567138671875,0,0,SCALAR_BEKK_INTERNAL
2023-02-07,net_cashflows,USD,0.61785888671875,0,0,SCALAR_BEKK_INTERNAL
2023-02-08,funded_assets,EUR,0.071197509765625,0,0,SCALAR_BEKK_INTERNAL
2023-02-08,funded_assets,USD,0.070953369140625,0,0,SCALAR_BEKK_INTERNAL
2023-02-08,net_cashflows,EUR,0.386932373046875,0,0,SCALAR_BEKK_INTERNAL
2023-02-08,net_cashflows,USD,0.386383056640625,0,0,SCALAR_BEKK_INTERNAL
2023-02-09,funded_assets,EUR,0.7930755615234375,0,0,SCALAR_BEKK_INTERNAL
2023-02-09,funded_assets,USD,0.791107177734375,0,0,SCALAR_BEKK_INTERNAL
2023-02-09,net_cashflows,EUR,0.1201934814453125,0,0,SCALAR_BEKK_INTERNAL
2023-02-09,net_cashflows,USD,0.1207733154296875,0,0,SCALAR_BEKK_INTERNAL
2023-02-10,funded_assets,EUR,0.82293701171875,0,0,SCALAR_BEKK_INTERNAL
2023-02-10,funded_assets,USD,0.8255462646484375,0,0,SCALAR_BEKK_INTERNAL
2023-02-10,net_cashflows,EUR,0.65533447265625,0,0,SCALAR_BEKK_INTERNAL
2023-02-10,net_cashflows,USD,0.6532440185546875,0,0,SCALAR_BEKK_INTERNAL
2023-02-13,funded_assets,EUR,0.81829833984375,0,0,SCALAR_BEKK_INTERNAL
2023-02-13,funded_assets,USD,0.8165283203125,0,0,SCALAR_BEKK_INTERNAL
2023-02-13,net_cashflows,EUR,0.1114654541015625,0,0,SCALAR_BEKK_INTERNAL
2023-02-13,net_cashflows,USD,0.1095428466796875,0,0,SCALAR_BEKK_INTERNAL
2023-02-14,funded_assets,EUR,0.551422119140625,0,0,SCALAR_BEKK_INTERNAL
2023-02-14,funded_assets,USD,0.551116943359375,0,0,SCALAR_BEKK_INTERNAL
2023-02-14,net_cashflows,EUR,0.4712066650390625,0,0,SCALAR_BEKK_INTERNAL
2023-02-14,net_cashflows,USD,0.471343994140625,0,0,SCALAR_BEKK_INTERNAL
2023-02-15,funded_assets,EUR,0.3188629150390625,0,0,SCALAR_BEKK_INTERNAL
2023-02-15,funded_assets,USD,0.3194732666015625,0,0,SCALAR_BEKK_INTERNAL
2023-02-15,net_cashflows,EUR,0.150115966796875,0,0,SCALAR_BEKK_INTERNAL
2023-02-15,net_cashflows,USD,0.1509857177734375,0,0,SCALAR_BEKK_INTERNAL
2023-02-16,funded_assets,EUR,0.4637908935546875,0,0,SCALAR_BEKK_INTERNAL
2023-02-16,funded_assets,USD,0.4627685546875,0,0,SCALAR_BEKK_INTERNAL
2023-02-16,net_cashflows,EUR,0.8248291015625,0,0,SCALAR_BEKK_INTERNAL
2023-02-16,net_cashflows,USD,0.8226470947265625,0,0,SCALAR_BEKK_INTERNAL
2023-02-17,funded_assets,EUR,0.290802001953125,0,0,SCALAR_BEKK_INTERNAL
2023-02-17,funded_assets,USD,0.2898406982421875,0,0,SCALAR_BEKK_INTERNAL
2023-02-17,net_cashflows,EUR,0.1843719482421875,0,0,SCALAR_BEKK_INTERNAL
2023-02-17,net_cashflows,USD,0.1824951171875,0,0,SCALAR_BEKK_INTERNAL
2023-02-20,funded_assets,EUR,0.379241943359375,0,0,SCALAR_BEKK_INTERNAL
2023-02-20,funded_assets,USD,0.3799285888671875,0,0,SCALAR_BEKK_INTERNAL
2023-02-20,net_cashflows,EUR,0.507476806640625,0,0,SCALAR_BEKK_INTERNAL
2023-02-20,net_cashflows,USD,0.5080413818359375,0,0,SCALAR_BEKK_INTERNAL
2023-02-21,funded_assets,EUR,0.59698486328125,0,0,SCALAR_BEKK_INTERNAL
2023-02-21,funded_assets,USD,0.5968475341796875,0,0,SCALAR_BEKK_INTERNAL
2023-02-21,net_cashflows,EUR,0.300384521484375,0,0,SCALAR_BEKK_INTERNAL
2023-02-21,net_cashflows,USD,0.3004608154296875,0,0,SCALAR_BEKK_INTERNAL
2023-02-22,funded_assets,EUR,0.4712371826171875,0,0,SCALAR_BEKK_INTERNAL
2023-02-22,funded_assets,USD,0.4712371826171875,0,0,SCALAR_BEKK_INTERNAL
2023-02-22,net_cashflows,EUR,0.2052459716796875,0,0,SCALAR_BEKK_INTERNAL
2023-02-22,net_cashflows,USD,0.2067718505859375,0,0,SCALAR_BEKK_INTERNAL
2023-02-23,funded_assets,EUR,0.582427978515625,0,0,SCALAR_BEKK_INTERNAL
2023-02-23,funded_assets,USD,0.582275390625,0,0,SCALAR_BEKK_INTERNAL
2023-02-23,net_cashflows,EUR,0.2130889892578125,0,0,SCALAR_BEKK_INTERNAL
2023-02-23,net_cashflows,USD,0.2142181396484375,0,0,SCALAR_BEKK_INTERNAL
2023-02-24,funded_assets,EUR,0.895538330078125,0,0,SCALAR_BEKK_INTERNAL
2023-02-24,funded_assets,USD,0.8959808349609375,0,0,SCALAR_BEKK_INTERNAL
2023-02-24,net_cashflows,EUR,0.3373260498046875,0,0,SCALAR_BEKK_INTERNAL
2023-02-24,net_cashflows,USD,0.334686279296875,0,0,SCALAR_BEKK_INTERNAL
2023-02-27,funded_assets,EUR,0.958160400390625,0,0,SCALAR_BEKK_INTERNAL
2023-02-27,funded_assets,USD,0.9600677490234375,0,0,SCALAR_BEKK_INTERNAL
2023-02-27,net_cashflows,EUR,0.894775390625,0,0,SCALAR_BEKK_INTERNAL
2023-02-27,net_cashflows,USD,0.8963470458984375,0,0,SCALAR_BEKK_INTERNAL
2023-02-28,funded_assets,EUR,0.3464202880859375,0,0,SCALAR_BEKK_INTERNAL
2023-02-28,funded_assets,USD,0.3420562744140625,0,0,SCALAR_BEKK_INTERNAL
2023-02-28,net_cashflows,EUR,0.1198577880859375,0,0,SCALAR_BEKK_INTERNAL
2023-02-28,net_cashflows,USD,0.1177520751953125,0,0,SCALAR_BEKK_INTERNAL
2023-03-01,funded_assets,EUR,0.21697998046875,0,0,SCALAR_BEKK_INTERNAL
2023-03-01,funded_assets,USD,0.217864990234375,0,0,SCALAR_BEKK_INTERNAL
2023-03-01,net_cashflows,EUR,0.76275634765625,0,0,SCALAR_BEKK_INTERNAL
2023-03-01,net_cashflows,USD,0.76068115234375,0,0,SCALAR_BEKK_INTERNAL
2023-03-02,funded_assets,EUR,0.6431121826171875,0,0,SCALAR_BEKK_INTERNAL
2023-03-02,funded_assets,USD,0.6423797607421875,0,0,SCALAR_BEKK_INTERNAL
2023-03-02,net_cashflows,EUR,0.7035064697265625,0,0,SCALAR_BEKK_INTERNAL
2023-03-02,net_cashflows,USD,0.7044677734375,0,0,SCALAR_BEKK_INTERNAL
2023-03-03,funded_assets,EUR,0.851104736328125,0,0,SCALAR_BEKK_INTERNAL
2023-03-03,funded_assets,USD,0.85174560546875,0,0,SCALAR_BEKK_INTERNAL
2023-03-03,net_cashflows,EUR,0.453826904296875,0,0,SCALAR_BEKK_INTERNAL
2023-03-03,net_cashflows,USD,0.4538116455078125,0,0,SCALAR_BEKK_INTERNAL
2023-03-06,funded_assets,EUR,0.06341552734375,0,0,SCALAR_BEKK_INTERNAL
2023-03-06,funded_assets,USD,0.06292724609375,0,0,SCALAR_BEKK_INTERNAL
2023-03-06,net_cashflows,EUR,0.1345977783203125,0,0,SCALAR_BEKK_INTERNAL
2023-03-06,net_cashflows,USD,0.1362457275390625,0,0,SCALAR_BEKK_INTERNAL
2023-03-07,funded_assets,EUR,0.1673736572265625,0,0,SCALAR_BEKK_INTERNAL
2023-03-07,funded_assets,USD,0.1690826416015625,0,0,SCALAR_BEKK_INTERNAL
2023-03-07,net_cashflows,EUR,0.831329345703125,0,0,SCALAR_BEKK_INTERNAL
2023-03-07,net_cashflows,USD,0.828033447265625,0,0,SCALAR_BEKK_INTERNAL
2023-03-08,funded_assets,EUR,0.2882843017578125,0,0,SCALAR_BEKK_INTERNAL
2023-03-08,funded_assets,USD,0.28619384765625,0,0,SCALAR_BEKK_INTERNAL
2023-03-08,net_cashflows,EUR,0.5926513671875,0,0,SCALAR_BEKK_INTERNAL
2023-03-08,net_cashflows,USD,0.593994140625,0,0,SCALAR_BEKK_INTERNAL
2023-03-09,funded_assets,EUR,0.09393310546875,0,0,SCALAR_BEKK_INTERNAL
2023-03-09,funded_assets,USD,0.0890655517578125,0,0,SCALAR_BEKK_INTERNAL
2023-03-09,net_cashflows,EUR,1,0,1,SCALAR_BEKK_INTERNAL
2023-03-09,net_cashflows,USD,1,0,1,SCALAR_BEKK_INTERNAL
2023-03-10,funded_assets,EUR,0.9520111083984375,0,0,SCALAR_BEKK_INTERNAL
2023-03-10,funded_assets,USD,0.9530029296875,0,0,SCALAR_BEKK_INTERNAL
2023-03-10,net_cashflows,EUR,0.0382080078125,0,0,SCALAR_BEKK_INTERNAL
2023-03-10,net_cashflows,USD,0.0364532470703125,0,0,SCALAR_BEKK_INTERNAL
2023-03-13,funded_assets,EUR,0,1,0,SCALAR_BEKK_INTERNAL
2023-03-13,funded_assets,USD,0,1,0,SCALAR_BEKK_INTERNAL
2023-03-13,net_cashflows,EUR,0.8187255859375,0,0,SCALAR_BEKK_INTERNAL
2023-03-13,net_cashflows,USD,0.820648193359375,0,0,SCALAR_BEKK_INTERNAL
2023-03-14,funded_assets,EUR,0.9866943359375,0,0,SCALAR_BEKK_INTERNAL
2023-03-14,funded_assets,USD,0.984344482421875,0,0,SCALAR_BEKK_INTERNAL
2023-03-14,net_cashflows,EUR,0.383331298828125,0,0,SCALAR_BEKK_INTERNAL
2023-03-14,net_cashflows,USD,0.386474609375,0,0,SCALAR_BEKK_INTERNAL
2023-03-15,funded_assets,EUR,0.64312744140625,0,0,SCALAR_BEKK_INTERNAL
2023-03-15,funded_assets,USD,0.6456298828125,0,0,SCALAR_BEKK_INTERNAL
2023-03-15,net_cashflows,EUR,0.3875885009765625,0,0,SCALAR_BEKK_INTERNAL
2023-03-15,net_cashflows,USD,0.38641357421875,0,0,SCALAR_BEKK_INTERNAL
2023-03-16,funded_assets,EUR,0.8695220947265625,0,0,SCALAR_BEKK_INTERNAL
2023-03-16,funded_assets,USD,0.871429443359375,0,0,SCALAR_BEKK_INTERNAL
2023-03-16,net_cashflows,EUR,0.7198333740234375,0,0,SCALAR_BEKK_INTERNAL
2023-03-16,net_cashflows,USD,0.7208251953125,0,0,SCALAR_BEKK_INTERNAL
2023-03-17,funded_assets,EUR,0.9576873779296875,0,0,SCALAR_BEKK_INTERNAL
2023-03-17,funded_assets,USD,0.95904541015625,0,0,SCALAR_BEKK_INTERNAL
2023-03-17,net_cashflows,EUR,0.2527618408203125,0,0,SCALAR_BEKK_INTERNAL
2023-03-17,net_cashflows,USD,0.2506561279296875,0,0,SCALAR_BEKK_INTERNAL
2023-03-20,funded_assets,EUR,0.5593109130859375,0,0,SCALAR_BEKK_INTERNAL
2023-03-20,funded_assets,USD,0.5602264404296875,0,0,SCALAR_BEKK_INTERNAL
2023-03-20,net_cashflows,EUR,0.4192657470703125,0,0,SCALAR_BEKK_INTERNAL
2023-03-20,net_cashflows,USD,0.4183349609375,0,0,SCALAR_BEKK_INTERNAL
2023-03-21,funded_assets,EUR,0.8177337646484375,0,0,SCALAR_BEKK_INTERNAL
2023-03-21,funded_assets,USD,0.8195343017578125,0,0,SCALAR_BEKK_INTERNAL
2023-03-21,net_cashflows,EUR,0.933074951171875,0,0,SCALAR_BEKK_INTERNAL
2023-03-21,net_cashflows,USD,0.93377685546875,0,0,SCALAR_BEKK_INTERNAL
2023-03-22,funded_assets,EUR,0.002899169921875,0,0,SCALAR_BEKK_INTERNAL
2023-03-22,funded_assets,USD,0.00262451171875,0,0,SCALAR_BEKK_INTERNAL
2023-03-22,net_cashflows,EUR,0.837921142578125,0,0,SCALAR_BEKK_INTERNAL
2023-03-22,net_cashflows,USD,0.831939697265625,0,0,SCALAR_BEKK_INTERNAL
2023-03-23,funded_assets,EUR,0.819976806640625,0,0,SCALAR_BEKK_INTERNAL
2023-03-23,funded_assets,USD,0.8150634765625,0,0,SCALAR_BEKK_INTERNAL
2023-03-23,net_cashflows,EUR,0.15838623046875,0,0,SCALAR_BEKK_INTERNAL
2023-03-23,net_cashflows,USD,0.160491943359375,0,0,SCALAR_BEKK_INTERNAL
2023-03-24,funded_assets,EUR,0.8080596923828125,0,0,SCALAR_BEKK_INTERNAL
2023-03-24,funded_assets,USD,0.81048583984375,0,0,SCALAR_BEKK_INTERNAL
2023-03-24,net_cashflows,EUR,0.65301513671875,0,0,SCALAR_BEKK_INTERNAL
2023-03-24,net_cashflows,USD,0.65191650390625,0,0,SCALAR_BEKK_INTERNAL
2023-03-27,funded_assets,EUR,0.833160400390625,0,0,SCALAR_BEKK_INTERNAL
2023-03-27,funded_assets,USD,0.8339996337890625,0,0,SCALAR_BEKK_INTERNAL
2023-03-27,net_cashflows,EUR,0.0796661376953125,0,0,SCALAR_BEKK_INTERNAL
2023-03-27,net_cashflows,USD,0.0778656005859375,0,0,SCALAR_BEKK_INTERNAL
2023-03-28,funded_assets,EUR,0.729583740234375,0,0,SCALAR_BEKK_INTERNAL
2023-03-28,funded_assets,USD,0.7311859130859375,0,0,SCALAR_BEKK_INTERNAL
2023-03-28,net_cashflows,EUR,0.5205230712890625,0,0,SCALAR_BEKK_INTERNAL
2023-03-28,net_cashflows,USD,0.5183868408203125,0,0,SCALAR_BEKK_INTERNAL
2023-03-29,funded_assets,EUR,0.4940338134765625,0,0,SCALAR_BEKK_INTERNAL
2023-03-29,funded_assets,USD,0.4938201904296875,0,0,SCALAR_BEKK_INTERNAL
2023-03-29,net_cashflows,EUR,0.287078857421875,0,0,SCALAR_BEKK_INTERNAL
2023-03-29,net_cashflows,USD,0.2865447998046875,0,0,SCALAR_BEKK_INTERNAL
2023-03-30,funded_assets,EUR,0.3650665283203125,0,0,SCALAR_BEKK_INTERNAL
2023-03-30,funded_assets,USD,0.365234375,0,0,SCALAR_BEKK_INTERNAL
2023-03-30,net_cashflows,EUR,0.607147216796875,0,0,SCALAR_BEKK_INTERNAL
2023-03-30,net_cashflows,USD,0.607147216796875,0,0,SCALAR_BEKK_INTERNAL
2023-03-31,funded_assets,EUR,0.532257080078125,0,0,SCALAR_BEKK_INTERNAL
2023-03-31,funded_assets,USD,0.5321044921875,0,0,SCALAR_BEKK_INTERNAL
2023-03-31,net_cashflows,EUR,0.4499664306640625,0,0,SCALAR_BEKK_INTERNAL
2023-03-31,net_cashflows,USD,0.4503936767578125,0,0,SCALAR_BEKK_INTERNAL
2023-04-03,funded_assets,EUR,0.3582611083984375,0,0,SCALAR_BEKK_INTERNAL
2023-04-03,funded_assets,USD,0.357025146484375,0,0,SCALAR_BEKK_INTERNAL
2023-04-03,net_cashflows,EUR,0.97039794921875,0,0,SCALAR_BEKK_INTERNAL
2023-04-03,net_cashflows,USD,0.9708099365234375,0,0,SCALAR_BEKK_INTERNAL
2023-04-04,funded_assets,EUR,0.2999114990234375,0,0,SCALAR_BEKK_INTERNAL
2023-04-04,funded_assets,USD,0.2994232177734375,0,0,SCALAR_BEKK_INTERNAL
2023-04-04,net_cashflows,EUR,0.485198974609375,0,0,SCALAR_BEKK_INTERNAL
2023-04-04,net_cashflows,USD,0.48345947265625,0,0,SCALAR_BEKK_INTERNAL
2023-04-05,funded_assets,EUR,0.8025970458984375,0,0,SCALAR_BEKK_INTERNAL
2023-04-05,funded_assets,USD,0.8015289306640625,0,0,SCALAR_BEKK_INTERNAL
2023-04-05,net_cashflows,EUR,0.1035308837890625,0,0,SCALAR_BEKK_INTERNAL
2023-04-05,net_cashflows,USD,0.10357666015625,0,0,SCALAR_BEKK_INTERNAL
2023-04-06,funded_assets,EUR,0.72332763671875,0,0,SCALAR_BEKK_INTERNAL
2023-04-06,funded_assets,USD,0.7234344482421875,0,0,SCALAR_BEKK_INTERNAL
2023-04-06,net_cashflows,EUR,0.448699951171875,0,0,SCALAR_BEKK_INTERNAL
2023-04-06,net_cashflows,USD,0.4476165771484375,0,0,SCALAR_BEKK_INTERNAL
2023-04-11,funded_assets,EUR,0.717620849609375,0,0,SCALAR_BEKK_INTERNAL
2023-04-11,funded_assets,USD,0.72076416015625,0,0,SCALAR_BEKK_INTERNAL
2023-04-11,net_cashflows,EUR,0.8594207763671875,0,0,SCALAR_BEKK_INTERNAL
2023-04-11,net_cashflows,USD,0.8608245849609375,0,0,SCALAR_BEKK_INTERNAL
2023-04-12,funded_assets,EUR,0.7311553955078125,0,0,SCALAR_BEKK_INTERNAL
2023-04-12,funded_assets,USD,0.734039306640625,0,0,SCALAR_BEKK_INTERNAL
2023-04-12,net_cashflows,EUR,0.766265869140625,0,0,SCALAR_BEKK_INTERNAL
2023-04-12,net_cashflows,USD,0.770263671875,0,0,SCALAR_BEKK_INTERNAL
2023-04-13,funded_assets,EUR,0.33135986328125,0,0,SCALAR_BEKK_INTERNAL
2023-04-13,funded_assets,USD,0.330047607421875,0,0,SCALAR_BEKK_INTERNAL
2023-04-13,net_cashflows,EUR,0.1147918701171875,0,0,SCALAR_BEKK_INTERNAL
2023-04-13,net_cashflows,USD,0.1139068603515625,0,0,SCALAR_BEKK_INTERNAL
2023-04-14,funded_assets,EUR,0.449432373046875,0,0,SCALAR_BEKK_INTERNAL
2023-04-14,funded_assets,USD,0.450103759765625,0,0,SCALAR_BEKK_INTERNAL
2023-04-14,net_cashflows,EUR,0.38177490234375,0,0,SCALAR_BEKK_INTERNAL
2023-04-14,net_cashflows,USD,0.38311767578125,0,0,SCALAR_BEKK_INTERNAL
2023-04-17,funded_assets,EUR,0.4527740478515625,0,0,SCALAR_BEKK_INTERNAL
2023-04-17,funded_assets,USD,0.453094482421875,0,0,SCALAR_BEKK_INTERNAL
2023-04-17,net_cashflows,EUR,0.2140960693359375,0,0,SCALAR_BEKK_INTERNAL
2023-04-17,net_cashflows,USD,0.2151031494140625,0,0,SCALAR_BEKK_INTERNAL
2023-04-18,funded_assets,EUR,0.53985595703125,0,0,SCALAR_BEKK_INTERNAL
2023-04-18,funded_assets,USD,0.5399017333984375,0,0,SCALAR_BEKK_INTERNAL
2023-04-18,net_cashflows,EUR,0.564178466796875,0,0,SCALAR_BEKK_INTERNAL
2023-04-18,net_cashflows,USD,0.5635528564453125,0,0,SCALAR_BEKK_INTERNAL
2023-04-19,funded_assets,EUR,0.582366943359375,0,0,SCALAR_BEKK_INTERNAL
2023-04-19,funded_assets,USD,0.582672119140625,0,0,SCALAR_BEKK_INTERNAL
2023-04-19,net_cashflows,EUR,0.8866729736328125,0,0,SCALAR_BEKK_INTERNAL
2023-04-19,net_cashflows,USD,0.886566162109375,0,0,SCALAR_BEKK_INTERNAL
2023-04-20,funded_assets,EUR,0.7740936279296875,0,0,SCALAR_BEKK_INTERNAL
2023-04-20,funded_assets,USD,0.775054931640625,0,0,SCALAR_BEKK_INTERNAL
2023-04-20,net_cashflows,EUR,0.228668212890625,0,0,SCALAR_BEKK_INTERNAL
2023-04-20,net_cashflows,USD,0.2277069091796875,0,0,SCALAR_BEKK_INTERNAL
2023-04-21,funded_assets,EUR,0.5284881591796875,0,0,SCALAR_BEKK_INTERNAL
2023-04-21,funded_assets,USD,0.529052734375,0,0,SCALAR_BEKK_INTERNAL
2023-04-21,net_cashflows,EUR,0.7610321044921875,0,0,SCALAR_BEKK_INTERNAL
2023-04-21,net_cashflows,USD,0.761138916015625,0,0,SCALAR_BEKK_INTERNAL
2023-04-24,funded_assets,EUR,0.5933685302734375,0,0,SCALAR_BEKK_INTERNAL
2023-04-24,funded_assets,USD,0.5937042236328125,0,0,SCALAR_BEKK_INTERNAL
2023-04-24,net_cashflows,EUR,0.5438690185546875,0,0,SCALAR_BEKK_INTERNAL
2023-04-24,net_cashflows,USD,0.5443115234375,0,0,SCALAR_BEKK_INTERNAL
2023-04-25,funded_assets,EUR,0.479217529296875,0,0,SCALAR_BEKK_INTERNAL
2023-04-25,funded_assets,USD,0.479156494140625,0,0,SCALAR_BEKK_INTERNAL
2023-04-25,net_cashflows,EUR,0.5440216064453125,0,0,SCALAR_BEKK_INTERNAL
2023-04-25,net_cashflows,USD,0.5442047119140625,0,0,SCALAR_BEKK_INTERNAL
2023-04-26,funded_assets,EUR,0.588165283203125,0,0,SCALAR_BEKK_INTERNAL
2023-04-26,funded_assets,USD,0.5876922607421875,0,0,SCALAR_BEKK_INTERNAL
2023-04-26,net_cashflows,EUR,0.0068817138671875,0,0,SCALAR_BEKK_INTERNAL
2023-04-26,net_cashflows,USD,0.0067901611328125,0,0,SCALAR_BEKK_INTERNAL
2023-04-27,funded_assets,EUR,0.6770782470703125,0,0,SCALAR_BEKK_INTERNAL
2023-04-27,funded_assets,USD,0.675811767578125,0,0,SCALAR_BEKK_INTERNAL
2023-04-27,net_cashflows,EUR,0.07818603515625,0,0,SCALAR_BEKK_INTERNAL
2023-04-27,net_cashflows,USD,0.079437255859375,0,0,SCALAR_BEKK_INTERNAL
2023-04-28,funded_assets,EUR,0.5553741455078125,0,0,SCALAR_BEKK_INTERNAL
2023-04-28,funded_assets,USD,0.55706787109375,0,0,SCALAR_BEKK_INTERNAL
2023-04-28,net_cashflows,EUR,0.984619140625,0,0,SCALAR_BEKK_INTERNAL
2023-04-28,net_cashflows,USD,0.984283447265625,0,0,SCALAR_BEKK_INTERNAL
2023-05-02,funded_assets,EUR,0.32000732421875,0,0,SCALAR_BEKK_INTERNAL
2023-05-02,funded_assets,USD,0.31829833984375,0,0,SCALAR_BEKK_INTERNAL
2023-05-02,net_cashflows,EUR,0.8301239013671875,0,0,SCALAR_BEKK_INTERNAL
2023-05-02,net_cashflows,USD,0.8331146240234375,0,0,SCALAR_BEKK_INTERNAL
2023-05-03,funded_assets,EUR,0.0768585205078125,0,0,SCALAR_BEKK_INTERNAL
2023-05-03,funded_assets,USD,0.076751708984375,0,0,SCALAR_BEKK_INTERNAL
2023-05-03,net_cashflows,EUR,0.3423004150390625,0,0,SCALAR_BEKK_INTERNAL
2023-05-03,net_cashflows,USD,0.3406982421875,0,0,SCALAR_BEKK_INTERNAL
2023-05-04,funded_assets,EUR,0.759063720703125,0,0,SCALAR_BEKK_INTERNAL
2023-05-04,funded_assets,USD,0.7566680908203125,0,0,SCALAR_BEKK_INTERNAL
2023-05-04,net_cashflows,EUR,0.263458251953125,0,0,SCALAR_BEKK_INTERNAL
2023-05-04,net_cashflows,USD,0.263580322265625,0,0,SCALAR_BEKK_INTERNAL
2023-05-05,funded_assets,EUR,0.053314208984375,0,0,SCALAR_BEKK_INTERNAL
2023-05-05,funded_assets,USD,0.052825927734375,0,0,SCALAR_BEKK_INTERNAL
2023-05-05,net_cashflows,EUR,0.468841552734375,0,0,SCALAR_BEKK_INTERNAL
2023-05-05,net_cashflows,USD,0.47100830078125,0,0,SCALAR_BEKK_INTERNAL
2023-05-08,funded_assets,EUR,0.39837646484375,0,0,SCALAR_BEKK_INTERNAL
2023-05-08,funded_assets,USD,0.399566650390625,0,0,SCALAR_BEKK_INTERNAL
2023-05-08,net_cashflows,EUR,0.4127044677734375,0,0,SCALAR_BEKK_INTERNAL
2023-05-08,net_cashflows,USD,0.41314697265625,0,0,SCALAR_BEKK_INTERNAL
2023-05-09,funded_assets,EUR,0.121734619140625,0,0,SCALAR_BEKK_INTERNAL
2023-05-09,funded_assets,USD,0.121337890625,0,0,SCALAR_BEKK_INTERNAL
2023-05-09,net_cashflows,EUR,0.8642120361328125,0,0,SCALAR_BEKK_INTERNAL
2023-05-09,net_cashflows,USD,0.8635101318359375,0,0,SCALAR_BEKK_INTERNAL
2023-05-10,funded_assets,EUR,0.5401611328125,0,0,SCALAR_BEKK_INTERNAL
2023-05-10,funded_assets,USD,0.5419158935546875,0,0,SCALAR_BEKK_INTERNAL
2023-05-10,net_cashflows,EUR,0.238494873046875,0,0,SCALAR_BEKK_INTERNAL
2023-05-10,net_cashflows,USD,0.23809814453125,0,0,SCALAR_BEKK_INTERNAL
2023-05-11,funded_assets,EUR,0.6874542236328125,0,0,SCALAR_BEKK_INTERNAL
2023-05-11,funded_assets,USD,0.6865997314453125,0,0,SCALAR_BEKK_INTERNAL
2023-05-11,net_cashflows,EUR,0.1249847412109375,0,0,SCALAR_BEKK_INTERNAL
2023-05-11,net_cashflows,USD,0.1255035400390625,0,0,SCALAR_BEKK_INTERNAL
2023-05-12,funded_assets,EUR,0.4075927734375,0,0,SCALAR_BEKK_INTERNAL
2023-05-12,funded_assets,USD,0.4077301025390625,0,0,SCALAR_BEKK_INTERNAL
2023-05-12,net_cashflows,EUR,0.6629180908203125,0,0,SCALAR_BEKK_INTERNAL
2023-05-12,net_cashflows,USD,0.6624755859375,0,0,SCALAR_BEKK_INTERNAL
2023-05-15,funded_assets,EUR,0.47161865234375,0,0,SCALAR_BEKK_INTERNAL
2023-05-15,funded_assets,USD,0.4723052978515625,0,0,SCALAR_BEKK_INTERNAL
2023-05-15,net_cashflows,EUR,0.1157073974609375,0,0,SCALAR_BEKK_INTERNAL
2023-05-15,net_cashflows,USD,0.1157379150390625,0,0,SCALAR_BEKK_INTERNAL
2023-05-16,funded_assets,EUR,0.595733642578125,0,0,SCALAR_BEKK_INTERNAL
2023-05-16,funded_assets,USD,0.595062255859375,0,0,SCALAR_BEKK_INTERNAL
2023-05-16,net_cashflows,EUR,0.2229766845703125,0,0,SCALAR_BEKK_INTERNAL
2023-05-16,net_cashflows,USD,0.2247772216796875,0,0,SCALAR_BEKK_INTERNAL
2023-05-17,funded_assets,EUR,0.5935516357421875,0,0,SCALAR_BEKK_INTERNAL
2023-05-17,funded_assets,USD,0.59326171875,0,0,SCALAR_BEKK_INTERNAL
2023-05-17,net_cashflows,EUR,0.31201171875,0,0,SCALAR_BEKK_INTERNAL
2023-05-17,net_cashflows,USD,0.3125,0,0,SCALAR_BEKK_INTERNAL
2023-05-18,funded_assets,EUR,0.436431884765625,0,0,SCALAR_BEKK_INTERNAL
2023-05-18,funded_assets,USD,0.4365081787109375,0,0,SCALAR_BEKK_INTERNAL
2023-05-18,net_cashflows,EUR,0.6849365234375,0,0,SCALAR_BEKK_INTERNAL
2023-05-18,net_cashflows,USD,0.6844482421875,0,0,SCALAR_BEKK_INTERNAL
2023-05-19,funded_assets,EUR,0.3831634521484375,0,0,SCALAR_BEKK_INTERNAL
2023-05-19,funded_assets,USD,0.3834381103515625,0,0,SCALAR_BEKK_INTERNAL
2023-05-19,net_cashflows,EUR,0.357635498046875,0,0,SCALAR_BEKK_INTERNAL
2023-05-19,net_cashflows,USD,0.3574676513671875,0,0,SCALAR_BEKK_INTERNAL
2023-05-22,funded_assets,EUR,0.609039306640625,0,0,SCALAR_BEKK_INTERNAL
2023-05-22,funded_assets,USD,0.608612060546875,0,0,SCALAR_BEKK_INTERNAL
2023-05-22,net_cashflows,EUR,0.460662841796875,0,0,SCALAR_BEKK_INTERNAL
2023-05-22,net_cashflows,USD,0.4607086181640625,0,0,SCALAR_BEKK_INTERNAL
2023-05-23,funded_assets,EUR,0.2523193359375,0,0,SCALAR_BEKK_INTERNAL
2023-05-23,funded_assets,USD,0.2523956298828125,0,0,SCALAR_BEKK_INTERNAL
2023-05-23,net_cashflows,EUR,0.171722412109375,0,0,SCALAR_BEKK_INTERNAL
2023-05-23,net_cashflows,USD,0.1723480224609375,0,0,SCALAR_BEKK_INTERNAL
2023-05-24,funded_assets,EUR,0.7181243896484375,0,0,SCALAR_BEKK_INTERNAL
2023-05-24,funded_assets,USD,0.7171173095703125,0,0,SCALAR_BEKK_INTERNAL
2023-05-24,net_cashflows,EUR,0.4044342041015625,0,0,SCALAR_BEKK_INTERNAL
2023-05-24,net_cashflows,USD,0.40399169921875,0,0,SCALAR_BEKK_INTERNAL
2023-05-25,funded_assets,EUR,0.298736572265625,0,0,SCALAR_BEKK_INTERNAL
2023-05-25,funded_assets,USD,0.2982635498046875,0,0,SCALAR_BEKK_INTERNAL
2023-05-25,net_cashflows,EUR,0.3411407470703125,0,0,SCALAR_BEKK_INTERNAL
2023-05-25,net_cashflows,USD,0.3415069580078125,0,0,SCALAR_BEKK_INTERNAL
2023-05-26,funded_assets,EUR,0.370391845703125,0,0,SCALAR_BEKK_INTERNAL
2023-05-26,funded_assets,USD,0.3698883056640625,0,0,SCALAR_BEKK_INTERNAL
2023-05-26,net_cashflows,EUR,0.6798553466796875,0,0,SCALAR_BEKK_INTERNAL
2023-05-26,net_cashflows,USD,0.679046630859375,0,0,SCALAR_BEKK_INTERNAL
2023-05-29,funded_assets,EUR,0.228363037109375,0,0,SCALAR_BEKK_INTERNAL
2023-05-29,funded_assets,USD,0.2290496826171875,0,0,SCALAR_BEKK_INTERNAL
2023-05-29,net_cashflows,EUR,0.303741455078125,0,0,SCALAR_BEKK_INTERNAL
2023-05-29,net_cashflows,USD,0.303314208984375,0,0,SCALAR_BEKK_INTERNAL
2023-05-30,funded_assets,EUR,0.355377197265625,0,0,SCALAR_BEKK_INTERNAL
2023-05-30,funded_assets,USD,0.3553924560546875,0,0,SCALAR_BEKK_INTERNAL
2023-05-30,net_cashflows,EUR,0.4028472900390625,0,0,SCALAR_BEKK_INTERNAL
2023-05-30,net_cashflows,USD,0.4028778076171875,0,0,SCALAR_BEKK_INTERNAL
2023-05-31,funded_assets,EUR,0.8787689208984375,0,0,SCALAR_BEKK_INTERNAL
2023-05-31,funded_assets,USD,0.8792266845703125,0,0,SCALAR_BEKK_INTERNAL
2023-05-31,net_cashflows,EUR,0.7819061279296875,0,0,SCALAR_BEKK_INTERNAL
2023-05-31,net_cashflows,USD,0.7825775146484375,0,0,SCALAR_BEKK_INTERNAL
2023-06-01,funded_assets,EUR,0.4427947998046875,0,0,SCALAR_BEKK_INTERNAL
2023-06-01,funded_assets,USD,0.4396514892578125,0,0,SCALAR_BEKK_INTERNAL
2023-06-01,net_cashflows,EUR,0.10430908203125,0,0,SCALAR_BEKK_INTERNAL
2023-06-01,net_cashflows,USD,0.1031341552734375,0,0,SCALAR_BEKK_INTERNAL
2023-06-02,funded_assets,EUR,0.1095428466796875,0,0,SCALAR_BEKK_INTERNAL
2023-06-02,funded_assets,USD,0.1103057861328125,0,0,SCALAR_BEKK_INTERNAL
2023-06-02,net_cashflows,EUR,0.826934814453125,0,0,SCALAR_BEKK_INTERNAL
2023-06-02,net_cashflows,USD,0.824951171875,0,0,SCALAR_BEKK_INTERNAL
2023-06-05,funded_assets,EUR,0.6882171630859375,0,0,SCALAR_BEKK_INTERNAL
2023-06-05,funded_assets,USD,0.68695068359375,0,0,SCALAR_BEKK_INTERNAL
2023-06-05,net_cashflows,EUR,0.5693817138671875,0,0,SCALAR_BEKK_INTERNAL
2023-06-05,net_cashflows,USD,0.5703277587890625,0,0,SCALAR_BEKK_INTERNAL
2023-06-06,funded_assets,EUR,0.892303466796875,0,0,SCALAR_BEKK_INTERNAL
2023-06-06,funded_assets,USD,0.892852783203125,0,0,SCALAR_BEKK_INTERNAL
2023-06-06,net_cashflows,EUR,0.2910308837890625,0,0,SCALAR_BEKK_INTERNAL
2023-06-06,net_cashflows,USD,0.2898101806640625,0,0,SCALAR_BEKK_INTERNAL
2023-06-07,funded_assets,EUR,0.4423675537109375,0,0,SCALAR_BEKK_INTERNAL
2023-06-07,funded_assets,USD,0.4437255859375,0,0,SCALAR_BEKK_INTERNAL
2023-06-07,net_cashflows,EUR,0.7635498046875,0,0,SCALAR_BEKK_INTERNAL
2023-06-07,net_cashflows,USD,0.7634735107421875,0,0,SCALAR_BEKK_INTERNAL
2023-06-08,funded_assets,EUR,0.4858856201171875,0,0,SCALAR_BEKK_INTERNAL
2023-06-08,funded_assets,USD,0.4859619140625,0,0,SCALAR_BEKK_INTERNAL
2023-06-08,net_cashflows,EUR,0.3160552978515625,0,0,SCALAR_BEKK_INTERNAL
2023-06-08,net_cashflows,USD,0.31500244140625,0,0,SCALAR_BEKK_INTERNAL
2023-06-09,funded_assets,EUR,0.891876220703125,0,0,SCALAR_BEKK_INTERNAL
2023-06-09,funded_assets,USD,0.891448974609375,0,0,SCALAR_BEKK_INTERNAL
2023-06-09,net_cashflows,EUR,0.3841552734375,0,0,SCALAR_BEKK_INTERNAL
2023-06-09,net_cashflows,USD,0.3833160400390625,0,0,SCALAR_BEKK_INTERNAL
2023-06-12,funded_assets,EUR,0.3989105224609375,0,0,SCALAR_BEKK_INTERNAL
2023-06-12,funded_assets,USD,0.3990936279296875,0,0,SCALAR_BEKK_INTERNAL
2023-06-12,net_cashflows,EUR,0.4324798583984375,0,0,SCALAR_BEKK_INTERNAL
2023-06-12,net_cashflows,USD,0.4319915771484375,0,0,SCALAR_BEKK_INTERNAL
2023-06-13,funded_assets,EUR,0.9225921630859375,0,0,SCALAR_BEKK_INTERNAL
2023-06-13,funded_assets,USD,0.9225006103515625,0,0,SCALAR_BEKK_INTERNAL
2023-06-13,net_cashflows,EUR,0.07232666015625,0,0,SCALAR_BEKK_INTERNAL
2023-06-13,net_cashflows,USD,0.0713043212890625,0,0,SCALAR_BEKK_INTERNAL
2023-06-14,funded_assets,EUR,0.9913330078125,0,0,SCALAR_BEKK_INTERNAL
2023-06-14,funded_assets,USD,0.9919281005859375,0,0,SCALAR_BEKK_INTERNAL
2023-06-14,net_cashflows,EUR,0.8034515380859375,0,0,SCALAR_BEKK_INTERNAL
2023-06-14,net_cashflows,USD,0.8011322021484375,0,0,SCALAR_BEKK_INTERNAL
2023-06-15,funded_assets,EUR,0.3539886474609375,0,0,SCALAR_BEKK_INTERNAL
2023-06-15,funded_assets,USD,0.34814453125,0,0,SCALAR_BEKK_INTERNAL
2023-06-15,net_cashflows,EUR,0.1175079345703125,0,0,SCALAR_BEKK_INTERNAL
2023-06-15,net_cashflows,USD,0.1142120361328125,0,0,SCALAR_BEKK_INTERNAL
2023-06-16,funded_assets,EUR,0.75634765625,0,0,SCALAR_BEKK_INTERNAL
2023-06-16,funded_assets,USD,0.7552947998046875,0,0,SCALAR_BEKK_INTERNAL
2023-06-16,net_cashflows,EUR,0.708709716796875,0,0,SCALAR_BEKK_INTERNAL
2023-06-16,net_cashflows,USD,0.7075653076171875,0,0,SCALAR_BEKK_INTERNAL
2023-06-19,funded_assets,EUR,0.60382080078125,0,0,SCALAR_BEKK_INTERNAL
2023-06-19,funded_assets,USD,0.6034698486328125,0,0,SCALAR_BEKK_INTERNAL
2023-06-19,net_cashflows,EUR,0.3342132568359375,0,0,SCALAR_BEKK_INTERNAL
2023-06-19,net_cashflows,USD,0.333953857421875,0,0,SCALAR_BEKK_INTERNAL
2023-06-20,funded_assets,EUR,0.96136474609375,0,0,SCALAR_BEKK_INTERNAL
2023-06-20,funded_assets,USD,0.9611053466796875,0,0,SCALAR_BEKK_INTERNAL
2023-06-20,net_cashflows,EUR,0.4905548095703125,0,0,SCALAR_BEKK_INTERNAL
2023-06-20,net_cashflows,USD,0.48956298828125,0,0,SCALAR_BEKK_INTERNAL
2023-06-21,funded_assets,EUR,0.0178985595703125,0,0,SCALAR_BEKK_INTERNAL
2023-06-21,funded_assets,USD,0.0167694091796875,0,0,SCALAR_BEKK_INTERNAL
2023-06-21,net_cashflows,EUR,0.0670623779296875,0,0,SCALAR_BEKK_INTERNAL
2023-06-21,net_cashflows,USD,0.067108154296875,0,0,SCALAR_BEKK_INTERNAL
2023-06-22,funded_assets,EUR,0.7771148681640625,0,0,SCALAR_BEKK_INTERNAL
2023-06-22,funded_assets,USD,0.7733917236328125,0,0,SCALAR_BEKK_INTERNAL
2023-06-22,net_cashflows,EUR,0.7757720947265625,0,0,SCALAR_BEKK_INTERNAL
2023-06-22,net_cashflows,USD,0.772735595703125,0,0,SCALAR_BEKK_INTERNAL
2023-06-23,funded_assets,EUR,0.8998870849609375,0,0,SCALAR_BEKK_INTERNAL
2023-06-23,funded_assets,USD,0.9007568359375,0,0,SCALAR_BEKK_INTERNAL
2023-06-23,net_cashflows,EUR,0.2829437255859375,0,0,SCALAR_BEKK_INTERNAL
2023-06-23,net_cashflows,USD,0.2820892333984375,0,0,SCALAR_BEKK_INTERNAL
2023-06-26,funded_assets,EUR,0.852630615234375,0,0,SCALAR_BEKK_INTERNAL
2023-06-26,funded_assets,USD,0.851959228515625,0,0,SCALAR_BEKK_INTERNAL
2023-06-26,net_cashflows,EUR,0.157928466796875,0,0,SCALAR_BEKK_INTERNAL
2023-06-26,net_cashflows,USD,0.1570892333984375,0,0,SCALAR_BEKK_INTERNAL
2023-06-27,funded_assets,EUR,0.3413848876953125,0,0,SCALAR_BEKK_INTERNAL
2023-06-27,funded_assets,USD,0.3412628173828125,0,0,SCALAR_BEKK_INTERNAL
2023-06-27,net_cashflows,EUR,0.7002410888671875,0,0,SCALAR_BEKK_INTERNAL
2023-06-27,net_cashflows,USD,0.6997222900390625,0,0,SCALAR_BEKK_INTERNAL
2023-06-28,funded_assets,EUR,0.0789794921875,0,0,SCALAR_BEKK_INTERNAL
2023-06-28,funded_assets,USD,0.0795135498046875,0,0,SCALAR_BEKK_INTERNAL
2023-06-28,net_cashflows,EUR,0.114349365234375,0,0,SCALAR_BEKK_INTERNAL
2023-06-28,net_cashflows,USD,0.114501953125,0,0,SCALAR_BEKK_INTERNAL
2023-06-29,funded_assets,EUR,0.8283233642578125,0,0,SCALAR_BEKK_INTERNAL
2023-06-29,funded_assets,USD,0.8258514404296875,0,0,SCALAR_BEKK_INTERNAL
2023-06-29,net_cashflows,EUR,0.4883880615234375,0,0,SCALAR_BEKK_INTERNAL
2023-06-29,net_cashflows,USD,0.4867706298828125,0,0,SCALAR_BEKK_INTERNAL
2023-06-30,funded_assets,EUR,0.1729736328125,0,0,SCALAR_BEKK_INTERNAL
2023-06-30,funded_assets,USD,0.17156982421875,0,0,SCALAR_BEKK_INTERNAL
2023-06-30,net_cashflows,EUR,0.745819091796875,0,0,SCALAR_BEKK_INTERNAL
2023-06-30,net_cashflows,USD,0.7461700439453125,0,0,SCALAR_BEKK_INTERNAL
2023-07-03,funded_assets,EUR,0.514984130859375,0,0,SCALAR_BEKK_INTERNAL
2023-07-03,funded_assets,USD,0.51544189453125,0,0,SCALAR_BEKK_INTERNAL
2023-07-03,net_cashflows,EUR,0.3287506103515625,0,0,SCALAR_BEKK_INTERNAL
2023-07-03,net_cashflows,USD,0.3285064697265625,0,0,SCALAR_BEKK_INTERNAL
2023-07-04,funded_assets,EUR,0.2011871337890625,0,0,SCALAR_BEKK_INTERNAL
2023-07-04,funded_assets,USD,0.200653076171875,0,0,SCALAR_BEKK_INTERNAL
2023-07-04,net_cashflows,EUR,0.88232421875,0,0,SCALAR_BEKK_INTERNAL
2023-07-04,net_cashflows,USD,0.8817901611328125,0,0,SCALAR_BEKK_INTERNAL
2023-07-05,funded_assets,EUR,0.326171875,0,0,SCALAR_BEKK_INTERNAL
2023-07-05,funded_assets,USD,0.325958251953125,0,0,SCALAR_BEKK_INTERNAL
2023-07-05,net_cashflows,EUR,0.6695556640625,0,0,SCALAR_BEKK_INTERNAL
2023-07-05,net_cashflows,USD,0.6689605712890625,0,0,SCALAR_BEKK_INTERNAL
2023-07-06,funded_assets,EUR,0.8119049072265625,0,0,SCALAR_BEKK_INTERNAL
2023-07-06,funded_assets,USD,0.8119049072265625,0,0,SCALAR_BEKK_INTERNAL
2023-07-06,net_cashflows,EUR,0.9716339111328125,0,0,SCALAR_BEKK_INTERNAL
2023-07-06,net_cashflows,USD,0.9719390869140625,0,0,SCALAR_BEKK_INTERNAL
2023-07-07,funded_assets,EUR,0.0403900146484375,0,0,SCALAR_BEKK_INTERNAL
2023-07-07,funded_assets,USD,0.0386810302734375,0,0,SCALAR_BEKK_INTERNAL
2023-07-07,net_cashflows,EUR,0.991424560546875,0,0,SCALAR_BEKK_INTERNAL
2023-07-07,net_cashflows,USD,0.991729736328125,0,0,SCALAR_BEKK_INTERNAL
2023-07-10,funded_assets,EUR,0.59405517578125,0,0,SCALAR_BEKK_INTERNAL
2023-07-10,funded_assets,USD,0.5925140380859375,0,0,SCALAR_BEKK_INTERNAL
2023-07-10,net_cashflows,EUR,0.915252685546875,0,0,SCALAR_BEKK_INTERNAL
2023-07-10,net_cashflows,USD,0.9166717529296875,0,0,SCALAR_BEKK_INTERNAL
2023-07-11,funded_assets,EUR,0.95050048828125,0,0,SCALAR_BEKK_INTERNAL
2023-07-11,funded_assets,USD,0.95269775390625,0,0,SCALAR_BEKK_INTERNAL
2023-07-11,net_cashflows,EUR,0.9869232177734375,0,0,SCALAR_BEKK_INTERNAL
2023-07-11,net_cashflows,USD,0.988189697265625,0,0,SCALAR_BEKK_INTERNAL
2023-07-12,funded_assets,EUR,0.792510986328125,0,0,SCALAR_BEKK_INTERNAL
2023-07-12,funded_assets,USD,0.7978363037109375,0,0,SCALAR_BEKK_INTERNAL
2023-07-12,net_cashflows,EUR,0.5127105712890625,0,0,SCALAR_BEKK_INTERNAL
2023-07-12,net_cashflows,USD,0.51654052734375,0,0,SCALAR_BEKK_INTERNAL
2023-07-13,funded_assets,EUR,0.634796142578125,0,0,SCALAR_BEKK_INTERNAL
2023-07-13,funded_assets,USD,0.6356201171875,0,0,SCALAR_BEKK_INTERNAL
2023-07-13,net_cashflows,EUR,0.6607513427734375,0,0,SCALAR_BEKK_INTERNAL
2023-07-13,net_cashflows,USD,0.660980224609375,0,0,SCALAR_BEKK_INTERNAL
2023-07-14,funded_assets,EUR,0.560302734375,0,0,SCALAR_BEKK_INTERNAL
2023-07-14,funded_assets,USD,0.560638427734375,0,0,SCALAR_BEKK_INTERNAL
2023-07-14,net_cashflows,EUR,0.6749114990234375,0,0,SCALAR_BEKK_INTERNAL
2023-07-14,net_cashflows,USD,0.6759033203125,0,0,SCALAR_BEKK_INTERNAL
2023-07-17,funded_assets,EUR,0.925811767578125,0,0,SCALAR_BEKK_INTERNAL
2023-07-17,funded_assets,USD,0.9249725341796875,0,0,SCALAR_BEKK_INTERNAL
2023-07-17,net_cashflows,EUR,0.156524658203125,0,0,SCALAR_BEKK_INTERNAL
2023-07-17,net_cashflows,USD,0.155670166015625,0,0,SCALAR_BEKK_INTERNAL
2023-07-18,funded_assets,EUR,0.3575286865234375,0,0,SCALAR_BEKK_INTERNAL
2023-07-18,funded_assets,USD,0.3568267822265625,0,0,SCALAR_BEKK_INTERNAL
2023-07-18,net_cashflows,EUR,0.4556884765625,0,0,SCALAR_BEKK_INTERNAL
2023-07-18,net_cashflows,USD,0.4567718505859375,0,0,SCALAR_BEKK_INTERNAL
2023-07-19,funded_assets,EUR,0.45086669921875,0,0,SCALAR_BEKK_INTERNAL
2023-07-19,funded_assets,USD,0.4523162841796875,0,0,SCALAR_BEKK_INTERNAL
2023-07-19,net_cashflows,EUR,0.009613037109375,0,0,SCALAR_BEKK_INTERNAL
2023-07-19,net_cashflows,USD,0.0096893310546875,0,0,SCALAR_BEKK_INTERNAL
2023-07-20,funded_assets,EUR,0.0623626708984375,0,0,SCALAR_BEKK_INTERNAL
2023-07-20,funded_assets,USD,0.06304931640625,0,0,SCALAR_BEKK_INTERNAL
2023-07-20,net_cashflows,EUR,0.7855987548828125,0,0,SCALAR_BEKK_INTERNAL
2023-07-20,net_cashflows,USD,0.785003662109375,0,0,SCALAR_BEKK_INTERNAL
2023-07-21,funded_assets,EUR,0.2324981689453125,0,0,SCALAR_BEKK_INTERNAL
2023-07-21,funded_assets,USD,0.235565185546875,0,0,SCALAR_BEKK_INTERNAL
2023-07-21,net_cashflows,EUR,0.26666259765625,0,0,SCALAR_BEKK_INTERNAL
2023-07-21,net_cashflows,USD,0.2666473388671875,0,0,SCALAR_BEKK_INTERNAL
2023-07-24,funded_assets,EUR,0.088348388671875,0,0,SCALAR_BEKK_INTERNAL
2023-07-24,funded_assets,USD,0.0879364013671875,0,0,SCALAR_BEKK_INTERNAL
2023-07-24,net_cashflows,EUR,0.877166748046875,0,0,SCALAR_BEKK_INTERNAL
2023-07-24,net_cashflows,USD,0.87567138671875,0,0,SCALAR_BEKK_INTERNAL
2023-07-25,funded_assets,EUR,0.860137939453125,0,0,SCALAR_BEKK_INTERNAL
2023-07-25,funded_assets,USD,0.8592987060546875,0,0,SCALAR_BEKK_INTERNAL
2023-07-25,net_cashflows,EUR,0.76568603515625,0,0,SCALAR_BEKK_INTERNAL
2023-07-25,net_cashflows,USD,0.76885986328125,0,0,SCALAR_BEKK_INTERNAL
2023-07-26,funded_assets,EUR,0.0077362060546875,0,0,SCALAR_BEKK_INTERNAL
2023-07-26,funded_assets,USD,0.007354736328125,0,0,SCALAR_BEKK_INTERNAL
2023-07-26,net_cashflows,EUR,0.5617218017578125,0,0,SCALAR_BEKK_INTERNAL
2023-07-26,net_cashflows,USD,0.5584259033203125,0,0,SCALAR_BEKK_INTERNAL
2023-07-27,funded_assets,EUR,0.9959259033203125,0,0,SCALAR_BEKK_INTERNAL
2023-07-27,funded_assets,USD,0.9951934814453125,0,0,SCALAR_BEKK_INTERNAL
2023-07-27,net_cashflows,EUR,0.0015869140625,0,0,SCALAR_BEKK_INTERNAL
2023-07-27,net_cashflows,USD,0.0015716552734375,0,0,SCALAR_BEKK_INTERNAL
2023-07-28,funded_assets,EUR,0.3793792724609375,0,0,SCALAR_BEKK_INTERNAL
2023-07-28,funded_assets,USD,0.3746185302734375,0,0,SCALAR_BEKK_INTERNAL
2023-07-28,net_cashflows,EUR,0.190673828125,0,0,SCALAR_BEKK_INTERNAL
2023-07-28,net_cashflows,USD,0.1953887939453125,0,0,SCALAR_BEKK_INTERNAL
2023-07-31,funded_assets,EUR,0.7087249755859375,0,0,SCALAR_BEKK_INTERNAL
2023-07-31,funded_assets,USD,0.7076263427734375,0,0,SCALAR_BEKK_INTERNAL
2023-07-31,net_cashflows,EUR,0.5116119384765625,0,0,SCALAR_BEKK_INTERNAL
2023-07-31,net_cashflows,USD,0.511199951171875,0,0,SCALAR_BEKK_INTERNAL
2023-08-01,funded_assets,EUR,0.2108917236328125,0,0,SCALAR_BEKK_INTERNAL
2023-08-01,funded_assets,USD,0.2100830078125,0,0,SCALAR_BEKK_INTERNAL
2023-08-01,net_cashflows,EUR,0.6861114501953125,0,0,SCALAR_BEKK_INTERNAL
2023-08-01,net_cashflows,USD,0.6851806640625,0,0,SCALAR_BEKK_INTERNAL
2023-08-02,funded_assets,EUR,0.483062744140625,0,0,SCALAR_BEKK_INTERNAL
2023-08-02,funded_assets,USD,0.4827728271484375,0,0,SCALAR_BEKK_INTERNAL
2023-08-02,net_cashflows,EUR,0.5157470703125,0,0,SCALAR_BEKK_INTERNAL
2023-08-02,net_cashflows,USD,0.515838623046875,0,0,SCALAR_BEKK_INTERNAL
2023-08-03,funded_assets,EUR,0.707427978515625,0,0,SCALAR_BEKK_INTERNAL
2023-08-03,funded_assets,USD,0.7079925537109375,0,0,SCALAR_BEKK_INTERNAL
2023-08-03,net_cashflows,EUR,0.6107025146484375,0,0,SCALAR_BEKK_INTERNAL
2023-08-03,net_cashflows,USD,0.611328125,0,0,SCALAR_BEKK_INTERNAL
2023-08-04,funded_assets,EUR,0.3740234375,0,0,SCALAR_BEKK_INTERNAL
2023-08-04,funded_assets,USD,0.373138427734375,0,0,SCALAR_BEKK_INTERNAL
2023-08-04,net_cashflows,EUR,0.2408599853515625,0,0,SCALAR_BEKK_INTERNAL
2023-08-04,net_cashflows,USD,0.2400970458984375,0,0,SCALAR_BEKK_INTERNAL
2023-08-07,funded_assets,EUR,0.8064422607421875,0,0,SCALAR_BEKK_INTERNAL
2023-08-07,funded_assets,USD,0.805572509765625,0,0,SCALAR_BEKK_INTERNAL
2023-08-07,net_cashflows,EUR,0.297882080078125,0,0,SCALAR_BEKK_INTERNAL
2023-08-07,net_cashflows,USD,0.297698974609375,0,0,SCALAR_BEKK_INTERNAL
2023-08-08,funded_assets,EUR,0.8465118408203125,0,0,SCALAR_BEKK_INTERNAL
2023-08-08,funded_assets,USD,0.8479766845703125,0,0,SCALAR_BEKK_INTERNAL
2023-08-08,net_cashflows,EUR,0.536163330078125,0,0,SCALAR_BEKK_INTERNAL
2023-08-08,net_cashflows,USD,0.5352020263671875,0,0,SCALAR_BEKK_INTERNAL
2023-08-09,funded_assets,EUR,0.611175537109375,0,0,SCALAR_BEKK_INTERNAL
2023-08-09,funded_assets,USD,0.6111297607421875,0,0,SCALAR_BEKK_INTERNAL
2023-08-09,net_cashflows,EUR,0.25665283203125,0,0,SCALAR_BEKK_INTERNAL
2023-08-09,net_cashflows,USD,0.2559661865234375,0,0,SCALAR_BEKK_INTERNAL
2023-08-10,funded_assets,EUR,0.1653594970703125,0,0,SCALAR_BEKK_INTERNAL
2023-08-10,funded_assets,USD,0.1660308837890625,0,0,SCALAR_BEKK_INTERNAL
2023-08-10,net_cashflows,EUR,0.1519012451171875,0,0,SCALAR_BEKK_INTERNAL
2023-08-10,net_cashflows,USD,0.1541748046875,0,0,SCALAR_BEKK_INTERNAL
2023-08-11,funded_assets,EUR,0.3891448974609375,0,0,SCALAR_BEKK_INTERNAL
2023-08-11,funded_assets,USD,0.3898468017578125,0,0,SCALAR_BEKK_INTERNAL
2023-08-11,net_cashflows,EUR,0.376800537109375,0,0,SCALAR_BEKK_INTERNAL
2023-08-11,net_cashflows,USD,0.3776702880859375,0,0,SCALAR_BEKK_INTERNAL
2023-08-14,funded_assets,EUR,0.4248504638671875,0,0,SCALAR_BEKK_INTERNAL
2023-08-14,funded_assets,USD,0.4249114990234375,0,0,SCALAR_BEKK_INTERNAL
2023-08-14,net_cashflows,EUR,0.2877655029296875,0,0,SCALAR_BEKK_INTERNAL
2023-08-14,net_cashflows,USD,0.2877349853515625,0,0,SCALAR_BEKK_INTERNAL
2023-08-15,funded_assets,EUR,0.1780548095703125,0,0,SCALAR_BEKK_INTERNAL
2023-08-15,funded_assets,USD,0.1781768798828125,0,0,SCALAR_BEKK_INTERNAL
2023-08-15,net_cashflows,EUR,0.6112213134765625,0,0,SCALAR_BEKK_INTERNAL
2023-08-15,net_cashflows,USD,0.6111297607421875,0,0,SCALAR_BEKK_INTERNAL
2023-08-16,funded_assets,EUR,0.3302764892578125,0,0,SCALAR_BEKK_INTERNAL
2023-08-16,funded_assets,USD,0.33172607421875,0,0,SCALAR_BEKK_INTERNAL
2023-08-16,net_cashflows,EUR,0.51171875,0,0,SCALAR_BEKK_INTERNAL
2023-08-16,net_cashflows,USD,0.511505126953125,0,0,SCALAR_BEKK_INTERNAL
2023-08-17,funded_assets,EUR,0.857391357421875,0,0,SCALAR_BEKK_INTERNAL
2023-08-17,funded_assets,USD,0.8567047119140625,0,0,SCALAR_BEKK_INTERNAL
2023-08-17,net_cashflows,EUR,0.33978271484375,0,0,SCALAR_BEKK_INTERNAL
2023-08-17,net_cashflows,USD,0.339385986328125,0,0,SCALAR_BEKK_INTERNAL
2023-08-18,funded_assets,EUR,0.2054443359375,0,0,SCALAR_BEKK_INTERNAL
2023-08-18,funded_assets,USD,0.2038726806640625,0,0,SCALAR_BEKK_INTERNAL
2023-08-18,net_cashflows,EUR,0.578765869140625,0,0,SCALAR_BEKK_INTERNAL
2023-08-18,net_cashflows,USD,0.579132080078125,0,0,SCALAR_BEKK_INTERNAL
2023-08-21,funded_assets,EUR,0.0752716064453125,0,0,SCALAR_BEKK_INTERNAL
2023-08-21,funded_assets,USD,0.0774383544921875,0,0,SCALAR_BEKK_INTERNAL
2023-08-21,net_cashflows,EUR,0.7017822265625,0,0,SCALAR_BEKK_INTERNAL
2023-08-21,net_cashflows,USD,0.699981689453125,0,0,SCALAR_BEKK_INTERNAL
2023-08-22,funded_assets,EUR,0.854248046875,0,0,SCALAR_BEKK_INTERNAL
2023-08-22,funded_assets,USD,0.8514404296875,0,0,SCALAR_BEKK_INTERNAL
2023-08-22,net_cashflows,EUR,0.33941650390625,0,0,SCALAR_BEKK_INTERNAL
2023-08-22,net_cashflows,USD,0.340423583984375,0,0,SCALAR_BEKK_INTERNAL
2023-08-23,funded_assets,EUR,0.360809326171875,0,0,SCALAR_BEKK_INTERNAL
2023-08-23,funded_assets,USD,0.3592987060546875,0,0,SCALAR_BEKK_INTERNAL
2023-08-23,net_cashflows,EUR,0.3311767578125,0,0,SCALAR_BEKK_INTERNAL
2023-08-23,net_cashflows,USD,0.3314666748046875,0,0,SCALAR_BEKK_INTERNAL
2023-08-24,funded_assets,EUR,0.6905670166015625,0,0,SCALAR_BEKK_INTERNAL
2023-08-24,funded_assets,USD,0.690032958984375,0,0,SCALAR_BEKK_INTERNAL
2023-08-24,net_cashflows,EUR,0.3299560546875,0,0,SCALAR_BEKK_INTERNAL
2023-08-24,net_cashflows,USD,0.33038330078125,0,0,SCALAR_BEKK_INTERNAL
2023-08-25,funded_assets,EUR,0.6375579833984375,0,0,SCALAR_BEKK_INTERNAL
2023-08-25,funded_assets,USD,0.6372833251953125,0,0,SCALAR_BEKK_INTERNAL
2023-08-25,net_cashflows,EUR,0.25555419921875,0,0,SCALAR_BEKK_INTERNAL
2023-08-25,net_cashflows,USD,0.2554473876953125,0,0,SCALAR_BEKK_INTERNAL
2023-08-28,funded_assets,EUR,0.8409576416015625,0,0,SCALAR_BEKK_INTERNAL
2023-08-28,funded_assets,USD,0.84271240234375,0,0,SCALAR_BEKK_INTERNAL
2023-08-28,net_cashflows,EUR,0.9169158935546875,0,0,SCALAR_BEKK_INTERNAL
2023-08-28,net_cashflows,USD,0.91705322265625,0,0,SCALAR_BEKK_INTERNAL
2023-08-29,funded_assets,EUR,0.278533935546875,0,0,SCALAR_BEKK_INTERNAL
2023-08-29,funded_assets,USD,0.2763671875,0,0,SCALAR_BEKK_INTERNAL
2023-08-29,net_cashflows,EUR,0.5130157470703125,0,0,SCALAR_BEKK_INTERNAL
2023-08-29,net_cashflows,USD,0.5121917724609375,0,0,SCALAR_BEKK_INTERNAL
2023-08-30,funded_assets,EUR,0.142242431640625,0,0,SCALAR_BEKK_INTERNAL
2023-08-30,funded_assets,USD,0.1429443359375,0,0,SCALAR_BEKK_INTERNAL
2023-08-30,net_cashflows,EUR,0.7334136962890625,0,0,SCALAR_BEKK_INTERNAL
2023-08-30,net_cashflows,USD,0.732666015625,0,0,SCALAR_BEKK_INTERNAL
2023-08-31,funded_assets,EUR,0.4135284423828125,0,0,SCALAR_BEKK_INTERNAL
2023-08-31,funded_assets,USD,0.4155731201171875,0,0,SCALAR_BEKK_INTERNAL
2023-08-31,net_cashflows,EUR,0.1071929931640625,0,0,SCALAR_BEKK_INTERNAL
2023-08-31,net_cashflows,USD,0.1075286865234375,0,0,SCALAR_BEKK_INTERNAL
2023-09-01,funded_assets,EUR,0.2859649658203125,0,0,SCALAR_BEKK_INTERNAL
2023-09-01,funded_assets,USD,0.28802490234375,0,0,SCALAR_BEKK_INTERNAL
2023-09-01,net_cashflows,EUR,0.062286376953125,0,0,SCALAR_BEKK_INTERNAL
2023-09-01,net_cashflows,USD,0.06494140625,0,0,SCALAR_BEKK_INTERNAL
2023-09-04,funded_assets,EUR,0.591949462890625,0,0,SCALAR_BEKK_INTERNAL
2023-09-04,funded_assets,USD,0.5910797119140625,0,0,SCALAR_BEKK_INTERNAL
2023-09-04,net_cashflows,EUR,0.5661773681640625,0,0,SCALAR_BEKK_INTERNAL
2023-09-04,net_cashflows,USD,0.5649261474609375,0,0,SCALAR_BEKK_INTERNAL
2023-09-05,funded_assets,EUR,0.426177978515625,0,0,SCALAR_BEKK_INTERNAL
2023-09-05,funded_assets,USD,0.4258270263671875,0,0,SCALAR_BEKK_INTERNAL
2023-09-05,net_cashflows,EUR,0.5424957275390625,0,0,SCALAR_BEKK_INTERNAL
2023-09-05,net_cashflows,USD,0.5423126220703125,0,0,SCALAR_BEKK_INTERNAL
2023-09-06,funded_assets,EUR,0.389739990234375,0,0,SCALAR_BEKK_INTERNAL
2023-09-06,funded_assets,USD,0.3899078369140625,0,0,SCALAR_BEKK_INTERNAL
2023-09-06,net_cashflows,EUR,0.4191436767578125,0,0,SCALAR_BEKK_INTERNAL
2023-09-06,net_cashflows,USD,0.4195098876953125,0,0,SCALAR_BEKK_INTERNAL
2023-09-07,funded_assets,EUR,0.4408416748046875,0,0,SCALAR_BEKK_INTERNAL
2023-09-07,funded_assets,USD,0.4403228759765625,0,0,SCALAR_BEKK_INTERNAL
2023-09-07,net_cashflows,EUR,0.8243408203125,0,0,SCALAR_BEKK_INTERNAL
2023-09-07,net_cashflows,USD,0.8244476318359375,0,0,SCALAR_BEKK_INTERNAL
2023-09-08,funded_assets,EUR,0.6641998291015625,0,0,SCALAR_BEKK_INTERNAL
2023-09-08,funded_assets,USD,0.664154052734375,0,0,SCALAR_BEKK_INTERNAL
2023-09-08,net_cashflows,EUR,0.367156982421875,0,0,SCALAR_BEKK_INTERNAL
2023-09-08,net_cashflows,USD,0.366455078125,0,0,SCALAR_BEKK_INTERNAL
2023-09-11,funded_assets,EUR,0.892974853515625,0,0,SCALAR_BEKK_INTERNAL
2023-09-11,funded_assets,USD,0.892547607421875,0,0,SCALAR_BEKK_INTERNAL
2023-09-11,net_cashflows,EUR,0.232879638671875,0,0,SCALAR_BEKK_INTERNAL
2023-09-11,net_cashflows,USD,0.232269287109375,0,0,SCALAR_BEKK_INTERNAL
2023-09-12,funded_assets,EUR,0.407928466796875,0,0,SCALAR_BEKK_INTERNAL
2023-09-12,funded_assets,USD,0.4073638916015625,0,0,SCALAR_BEKK_INTERNAL
2023-09-12,net_cashflows,EUR,0.529022216796875,0,0,SCALAR_BEKK_INTERNAL
2023-09-12,net_cashflows,USD,0.5290679931640625,0,0,SCALAR_BEKK_INTERNAL
2023-09-13,funded_assets,EUR,0.06341552734375,0,0,SCALAR_BEKK_INTERNAL
2023-09-13,funded_assets,USD,0.064178466796875,0,0,SCALAR_BEKK_INTERNAL
2023-09-13,net_cashflows,EUR,0.29412841796875,0,0,SCALAR_BEKK_INTERNAL
2023-09-13,net_cashflows,USD,0.2949676513671875,0,0,SCALAR_BEKK_INTERNAL
2023-09-14,funded_assets,EUR,0.6781158447265625,0,0,SCALAR_BEKK_INTERNAL
2023-09-14,funded_assets,USD,0.6765899658203125,0,0,SCALAR_BEKK_INTERNAL
2023-09-14,net_cashflows,EUR,0.607025146484375,0,0,SCALAR_BEKK_INTERNAL
2023-09-14,net_cashflows,USD,0.6064605712890625,0,0,SCALAR_BEKK_INTERNAL
2023-09-15,funded_assets,EUR,0.9213714599609375,0,0,SCALAR_BEKK_INTERNAL
2023-09-15,funded_assets,USD,0.9220733642578125,0,0,SCALAR_BEKK_INTERNAL
2023-09-15,net_cashflows,EUR,0.4888458251953125,0,0,SCALAR_BEKK_INTERNAL
2023-09-15,net_cashflows,USD,0.4891204833984375,0,0,SCALAR_BEKK_INTERNAL
2023-09-18,funded_assets,EUR,0.6391448974609375,0,0,SCALAR_BEKK_INTERNAL
2023-09-18,funded_assets,USD,0.639007568359375,0,0,SCALAR_BEKK_INTERNAL
2023-09-18,net_cashflows,EUR,0.4143524169921875,0,0,SCALAR_BEKK_INTERNAL
2023-09-18,net_cashflows,USD,0.4138641357421875,0,0,SCALAR_BEKK_INTERNAL
2023-09-19,funded_assets,EUR,0.23431396484375,0,0,SCALAR_BEKK_INTERNAL
2023-09-19,funded_assets,USD,0.2349395751953125,0,0,SCALAR_BEKK_INTERNAL
2023-09-19,net_cashflows,EUR,0.252288818359375,0,0,SCALAR_BEKK_INTERNAL
2023-09-19,net_cashflows,USD,0.2541961669921875,0,0,SCALAR_BEKK_INTERNAL
2023-09-20,funded_assets,EUR,0.7936553955078125,0,0,SCALAR_BEKK_INTERNAL
2023-09-20,funded_assets,USD,0.791656494140625,0,0,SCALAR_BEKK_INTERNAL
2023-09-20,net_cashflows,EUR,0.282684326171875,0,0,SCALAR_BEKK_INTERNAL
2023-09-20,net_cashflows,USD,0.28326416015625,0,0,SCALAR_BEKK_INTERNAL
2023-09-21,funded_assets,EUR,0.6936187744140625,0,0,SCALAR_BEKK_INTERNAL
2023-09-21,funded_assets,USD,0.692962646484375,0,0,SCALAR_BEKK_INTERNAL
2023-09-21,net_cashflows,EUR,0.21240234375,0,0,SCALAR_BEKK_INTERNAL
2023-09-21,net_cashflows,USD,0.212249755859375,0,0,SCALAR_BEKK_INTERNAL
2023-09-22,funded_assets,EUR,0.3669586181640625,0,0,SCALAR_BEKK_INTERNAL
2023-09-22,funded_assets,USD,0.3668975830078125,0,0,SCALAR_BEKK_INTERNAL
2023-09-22,net_cashflows,EUR,0.3591766357421875,0,0,SCALAR_BEKK_INTERNAL
2023-09-22,net_cashflows,USD,0.36029052734375,0,0,SCALAR_BEKK_INTERNAL
2023-09-25,funded_assets,EUR,0.102203369140625,0,0,SCALAR_BEKK_INTERNAL
2023-09-25,funded_assets,USD,0.1036834716796875,0,0,SCALAR_BEKK_INTERNAL
2023-09-25,net_cashflows,EUR,0.14105224609375,0,0,SCALAR_BEKK_INTERNAL
2023-09-25,net_cashflows,USD,0.1430206298828125,0,0,SCALAR_BEKK_INTERNAL
2023-09-26,funded_assets,EUR,0.3185272216796875,0,0,SCALAR_BEKK_INTERNAL
2023-09-26,funded_assets,USD,0.319366455078125,0,0,SCALAR_BEKK_INTERNAL
2023-09-26,net_cashflows,EUR,0.34002685546875,0,0,SCALAR_BEKK_INTERNAL
2023-09-26,net_cashflows,USD,0.3406219482421875,0,0,SCALAR_BEKK_INTERNAL
2023-09-27,funded_assets,EUR,0.867645263671875,0,0,SCALAR_BEKK_INTERNAL
2023-09-27,funded_assets,USD,0.867706298828125,0,0,SCALAR_BEKK_INTERNAL
2023-09-27,net_cashflows,EUR,0.74566650390625,0,0,SCALAR_BEKK_INTERNAL
2023-09-27,net_cashflows,USD,0.7459716796875,0,0,SCALAR_BEKK_INTERNAL
2023-09-28,funded_assets,EUR,0.1433868408203125,0,0,SCALAR_BEKK_INTERNAL
2023-09-28,funded_assets,USD,0.1410980224609375,0,0,SCALAR_BEKK_INTERNAL
2023-09-28,net_cashflows,EUR,0.331512451171875,0,0,SCALAR_BEKK_INTERNAL
2023-09-28,net_cashflows,USD,0.329986572265625,0,0,SCALAR_BEKK_INTERNAL
2023-09-29,funded_assets,EUR,0.280975341796875,0,0,SCALAR_BEKK_INTERNAL
2023-09-29,funded_assets,USD,0.2850189208984375,0,0,SCALAR_BEKK_INTERNAL
2023-09-29,net_cashflows,EUR,0.171142578125,0,0,SCALAR_BEKK_INTERNAL
2023-09-29,net_cashflows,USD,0.17401123046875,0,0,SCALAR_BEKK_INTERNAL
2023-10-02,funded_assets,EUR,0.2851104736328125,0,0,SCALAR_BEKK_INTERNAL
2023-10-02,funded_assets,USD,0.2847900390625,0,0,SCALAR_BEKK_INTERNAL
2023-10-02,net_cashflows,EUR,0.9450225830078125,0,0,SCALAR_BEKK_INTERNAL
2023-10-02,net_cashflows,USD,0.9438934326171875,0,0,SCALAR_BEKK_INTERNAL
2023-10-03,funded_assets,EUR,0.6545867919921875,0,0,SCALAR_BEKK_INTERNAL
2023-10-03,funded_assets,USD,0.6544189453125,0,0,SCALAR_BEKK_INTERNAL
2023-10-03,net_cashflows,EUR,0.7315673828125,0,0,SCALAR_BEKK_INTERNAL
2023-10-03,net_cashflows,USD,0.733734130859375,0,0,SCALAR_BEKK_INTERNAL
2023-10-04,funded_assets,EUR,0.7988739013671875,0,0,SCALAR_BEKK_INTERNAL
2023-10-04,funded_assets,USD,0.8000946044921875,0,0,SCALAR_BEKK_INTERNAL
2023-10-04,net_cashflows,EUR,0.44415283203125,0,0,SCALAR_BEKK_INTERNAL
2023-10-04,net_cashflows,USD,0.4445037841796875,0,0,SCALAR_BEKK_INTERNAL
2023-10-05,funded_assets,EUR,0.136566162109375,0,0,SCALAR_BEKK_INTERNAL
2023-10-05,funded_assets,USD,0.1353607177734375,0,0,SCALAR_BEKK_INTERNAL
2023-10-05,net_cashflows,EUR,0.661712646484375,0,0,SCALAR_BEKK_INTERNAL
2023-10-05,net_cashflows,USD,0.662017822265625,0,0,SCALAR_BEKK_INTERNAL
2023-10-06,funded_assets,EUR,0.821197509765625,0,0,SCALAR_BEKK_INTERNAL
2023-10-06,funded_assets,USD,0.819793701171875,0,0,SCALAR_BEKK_INTERNAL
2023-10-06,net_cashflows,EUR,0.6106719970703125,0,0,SCALAR_BEKK_INTERNAL
2023-10-06,net_cashflows,USD,0.6115875244140625,0,0,SCALAR_BEKK_INTERNAL
2023-10-09,funded_assets,EUR,0.5203094482421875,0,0,SCALAR_BEKK_INTERNAL
2023-10-09,funded_assets,USD,0.5212554931640625,0,0,SCALAR_BEKK_INTERNAL
2023-10-09,net_cashflows,EUR,0.681915283203125,0,0,SCALAR_BEKK_INTERNAL
2023-10-09,net_cashflows,USD,0.6832733154296875,0,0,SCALAR_BEKK_INTERNAL
2023-10-10,funded_assets,EUR,0.6519775390625,0,0,SCALAR_BEKK_INTERNAL
2023-10-10,funded_assets,USD,0.6524200439453125,0,0,SCALAR_BEKK_INTERNAL
2023-10-10,net_cashflows,EUR,0.4697265625,0,0,SCALAR_BEKK_INTERNAL
2023-10-10,net_cashflows,USD,0.4697265625,0,0,SCALAR_BEKK_INTERNAL
2023-10-11,funded_assets,EUR,0.06024169921875,0,0,SCALAR_BEKK_INTERNAL
2023-10-11,funded_assets,USD,0.0602874755859375,0,0,SCALAR_BEKK_INTERNAL
2023-10-11,net_cashflows,EUR,0.193267822265625,0,0,SCALAR_BEKK_INTERNAL
2023-10-11,net_cashflows,USD,0.1947479248046875,0,0,SCALAR_BEKK_INTERNAL
2023-10-12,funded_assets,EUR,0.4701995849609375,0,0,SCALAR_BEKK_INTERNAL
2023-10-12,funded_assets,USD,0.469573974609375,0,0,SCALAR_BEKK_INTERNAL
2023-10-12,net_cashflows,EUR,0.8356781005859375,0,0,SCALAR_BEKK_INTERNAL
2023-10-12,net_cashflows,USD,0.8333740234375,0,0,SCALAR_BEKK_INTERNAL
2023-10-13,funded_assets,EUR,0.8697967529296875,0,0,SCALAR_BEKK_INTERNAL
2023-10-13,funded_assets,USD,0.8699951171875,0,0,SCALAR_BEKK_INTERNAL
2023-10-13,net_cashflows,EUR,0.59710693359375,0,0,SCALAR_BEKK_INTERNAL
2023-10-13,net_cashflows,USD,0.5987548828125,0,0,SCALAR_BEKK_INTERNAL
2023-10-16,funded_assets,EUR,0.299835205078125,0,0,SCALAR_BEKK_INTERNAL
2023-10-16,funded_assets,USD,0.2985992431640625,0,0,SCALAR_BEKK_INTERNAL
2023-10-16,net_cashflows,EUR,0.5104522705078125,0,0,SCALAR_BEKK_INTERNAL
2023-10-16,net_cashflows,USD,0.5103302001953125,0,0,SCALAR_BEKK_INTERNAL
2023-10-17,funded_assets,EUR,0.650360107421875,0,0,SCALAR_BEKK_INTERNAL
2023-10-17,funded_assets,USD,0.650146484375,0,0,SCALAR_BEKK_INTERNAL
2023-10-17,net_cashflows,EUR,0.6648712158203125,0,0,SCALAR_BEKK_INTERNAL
2023-10-17,net_cashflows,USD,0.6647491455078125,0,0,SCALAR_BEKK_INTERNAL
2023-10-18,funded_assets,EUR,0.723480224609375,0,0,SCALAR_BEKK_INTERNAL
2023-10-18,funded_assets,USD,0.7240753173828125,0,0,SCALAR_BEKK_INTERNAL
2023-10-18,net_cashflows,EUR,0.7411651611328125,0,0,SCALAR_BEKK_INTERNAL
2023-10-18,net_cashflows,USD,0.741607666015625,0,0,SCALAR_BEKK_INTERNAL
2023-10-19,funded_assets,EUR,0.6222381591796875,0,0,SCALAR_BEKK_INTERNAL
2023-10-19,funded_assets,USD,0.622711181640625,0,0,SCALAR_BEKK_INTERNAL
2023-10-19,net_cashflows,EUR,0.379791259765625,0,0,SCALAR_BEKK_INTERNAL
2023-10-19,net_cashflows,USD,0.3793792724609375,0,0,SCALAR_BEKK_INTERNAL
2023-10-20,funded_assets,EUR,0.8261871337890625,0,0,SCALAR_BEKK_INTERNAL
2023-10-20,funded_assets,USD,0.8267669677734375,0,0,SCALAR_BEKK_INTERNAL
2023-10-20,net_cashflows,EUR,0.41302490234375,0,0,SCALAR_BEKK_INTERNAL
2023-10-20,net_cashflows,USD,0.412139892578125,0,0,SCALAR_BEKK_INTERNAL
2023-10-23,funded_assets,EUR,0.1361846923828125,0,0,SCALAR_BEKK_INTERNAL
2023-10-23,funded_assets,USD,0.135009765625,0,0,SCALAR_BEKK_INTERNAL
2023-10-23,net_cashflows,EUR,0.5232086181640625,0,0,SCALAR_BEKK_INTERNAL
2023-10-23,net_cashflows,USD,0.5238189697265625,0,0,SCALAR_BEKK_INTERNAL
2023-10-24,funded_assets,EUR,0.27459716796875,0,0,SCALAR_BEKK_INTERNAL
2023-10-24,funded_assets,USD,0.2771453857421875,0,0,SCALAR_BEKK_INTERNAL
2023-10-24,net_cashflows,EUR,0.202423095703125,0,0,SCALAR_BEKK_INTERNAL
2023-10-24,net_cashflows,USD,0.204193115234375,0,0,SCALAR_BEKK_INTERNAL
2023-10-25,funded_assets,EUR,0.494171142578125,0,0,SCALAR_BEKK_INTERNAL
2023-10-25,funded_assets,USD,0.494171142578125,0,0,SCALAR_BEKK_INTERNAL
2023-10-25,net_cashflows,EUR,0.4707183837890625,0,0,SCALAR_BEKK_INTERNAL
2023-10-25,net_cashflows,USD,0.470794677734375,0,0,SCALAR_BEKK_INTERNAL
2023-10-26,funded_assets,EUR,0.9851531982421875,0,0,SCALAR_BEKK_INTERNAL
2023-10-26,funded_assets,USD,0.9851837158203125,0,0,SCALAR_BEKK_INTERNAL
2023-10-26,net_cashflows,EUR,0.5508880615234375,0,0,SCALAR_BEKK_INTERNAL
2023-10-26,net_cashflows,USD,0.550811767578125,0,0,SCALAR_BEKK_INTERNAL
2023-10-27,funded_assets,EUR,0.9545745849609375,0,0,SCALAR_BEKK_INTERNAL
2023-10-27,funded_assets,USD,0.9551544189453125,0,0,SCALAR_BEKK_INTERNAL
2023-10-27,net_cashflows,EUR,0.0155487060546875,0,0,SCALAR_BEKK_INTERNAL
2023-10-27,net_cashflows,USD,0.014678955078125,0,0,SCALAR_BEKK_INTERNAL
2023-10-30,funded_assets,EUR,0.0157623291015625,0,0,SCALAR_BEKK_INTERNAL
2023-10-30,funded_assets,USD,0.0153961181640625,0,0,SCALAR_BEKK_INTERNAL
2023-10-30,net_cashflows,EUR,0.2167205810546875,0,0,SCALAR_BEKK_INTERNAL
2023-10-30,net_cashflows,USD,0.22344970703125,0,0,SCALAR_BEKK_INTERNAL
2023-10-31,funded_assets,EUR,0.9899139404296875,0,0,SCALAR_BEKK_INTERNAL
2023-10-31,funded_assets,USD,0.989013671875,0,0,SCALAR_BEKK_INTERNAL
2023-10-31,net_cashflows,EUR,0.977294921875,0,0,SCALAR_BEKK_INTERNAL
2023-10-31,net_cashflows,USD,0.976898193359375,0,0,SCALAR_BEKK_INTERNAL
2023-11-01,funded_assets,EUR,0.518798828125,0,0,SCALAR_BEKK_INTERNAL
2023-11-01,funded_assets,USD,0.52264404296875,0,0,SCALAR_BEKK_INTERNAL
2023-11-01,net_cashflows,EUR,0.79705810546875,0,0,SCALAR_BEKK_INTERNAL
2023-11-01,net_cashflows,USD,0.8025054931640625,0,0,SCALAR_BEKK_INTERNAL
2023-11-02,funded_assets,EUR,0.7734832763671875,0,0,SCALAR_BEKK_INTERNAL
2023-11-02,funded_assets,USD,0.7748870849609375,0,0,SCALAR_BEKK_INTERNAL
2023-11-02,net_cashflows,EUR,0.2064056396484375,0,0,SCALAR_BEKK_INTERNAL
2023-11-02,net_cashflows,USD,0.2049713134765625,0,0,SCALAR_BEKK_INTERNAL
2023-11-03,funded_assets,EUR,0.3164825439453125,0,0,SCALAR_BEKK_INTERNAL
2023-11-03,funded_assets,USD,0.314910888671875,0,0,SCALAR_BEKK_INTERNAL
2023-11-03,net_cashflows,EUR,0.213836669921875,0,0,SCALAR_BEKK_INTERNAL
2023-11-03,net_cashflows,USD,0.2147369384765625,0,0,SCALAR_BEKK_INTERNAL
2023-11-06,funded_assets,EUR,0.4642181396484375,0,0,SCALAR_BEKK_INTERNAL
2023-11-06,funded_assets,USD,0.46453857421875,0,0,SCALAR_BEKK_INTERNAL
2023-11-06,net_cashflows,EUR,0.4568023681640625,0,0,SCALAR_BEKK_INTERNAL
2023-11-06,net_cashflows,USD,0.457275390625,0,0,SCALAR_BEKK_INTERNAL
2023-11-07,funded_assets,EUR,0.865966796875,0,0,SCALAR_BEKK_INTERNAL
2023-11-07,funded_assets,USD,0.8653717041015625,0,0,SCALAR_BEKK_INTERNAL
2023-11-07,net_cashflows,EUR,0.268585205078125,0,0,SCALAR_BEKK_INTERNAL
2023-11-07,net_cashflows,USD,0.2681427001953125,0,0,SCALAR_BEKK_INTERNAL
2023-11-08,funded_assets,EUR,0.6219482421875,0,0,SCALAR_BEKK_INTERNAL
2023-11-08,funded_assets,USD,0.621856689453125,0,0,SCALAR_BEKK_INTERNAL
2023-11-08,net_cashflows,EUR,0.4031524658203125,0,0,SCALAR_BEKK_INTERNAL
2023-11-08,net_cashflows,USD,0.4031982421875,0,0,SCALAR_BEKK_INTERNAL
2023-11-09,funded_assets,EUR,0.4624786376953125,0,0,SCALAR_BEKK_INTERNAL
2023-11-09,funded_assets,USD,0.4624481201171875,0,0,SCALAR_BEKK_INTERNAL
2023-11-09,net_cashflows,EUR,0.14501953125,0,0,SCALAR_BEKK_INTERNAL
2023-11-09,net_cashflows,USD,0.1450042724609375,0,0,SCALAR_BEKK_INTERNAL
2023-11-10,funded_assets,EUR,0.8684234619140625,0,0,SCALAR_BEKK_INTERNAL
2023-11-10,funded_assets,USD,0.8681640625,0,0,SCALAR_BEKK_INTERNAL
2023-11-10,net_cashflows,EUR,0.6609954833984375,0,0,SCALAR_BEKK_INTERNAL
2023-11-10,net_cashflows,USD,0.65936279296875,0,0,SCALAR_BEKK_INTERNAL
2023-11-13,funded_assets,EUR,0.9154510498046875,0,0,SCALAR_BEKK_INTERNAL
2023-11-13,funded_assets,USD,0.9202880859375,0,0,SCALAR_BEKK_INTERNAL
2023-11-13,net_cashflows,EUR,0.997161865234375,0,0,SCALAR_BEKK_INTERNAL
2023-11-13,net_cashflows,USD,0.997467041015625,0,0,SCALAR_BEKK_INTERNAL
2023-11-14,funded_assets,EUR,0.7665252685546875,0,0,SCALAR_BEKK_INTERNAL
2023-11-14,funded_assets,USD,0.767425537109375,0,0,SCALAR_BEKK_INTERNAL
2023-11-14,net_cashflows,EUR,0.12017822265625,0,0,SCALAR_BEKK_INTERNAL
2023-11-14,net_cashflows,USD,0.1159210205078125,0,0,SCALAR_BEKK_INTERNAL
2023-11-15,funded_assets,EUR,0.1552581787109375,0,0,SCALAR_BEKK_INTERNAL
2023-11-15,funded_assets,USD,0.154449462890625,0,0,SCALAR_BEKK_INTERNAL
2023-11-15,net_cashflows,EUR,0.990447998046875,0,0,SCALAR_BEKK_INTERNAL
2023-11-15,net_cashflows,USD,0.99005126953125,0,0,SCALAR_BEKK_INTERNAL
2023-11-16,funded_assets,EUR,0.8142242431640625,0,0,SCALAR_BEKK_INTERNAL
2023-11-16,funded_assets,USD,0.8140106201171875,0,0,SCALAR_BEKK_INTERNAL
2023-11-16,net_cashflows,EUR,0.908233642578125,0,0,SCALAR_BEKK_INTERNAL
2023-11-16,net_cashflows,USD,0.9107513427734375,0,0,SCALAR_BEKK_INTERNAL
2023-11-17,funded_assets,EUR,0.378875732421875,0,0,SCALAR_BEKK_INTERNAL
2023-11-17,funded_assets,USD,0.3784637451171875,0,0,SCALAR_BEKK_INTERNAL
2023-11-17,net_cashflows,EUR,0.7962188720703125,0,0,SCALAR_BEKK_INTERNAL
2023-11-17,net_cashflows,USD,0.79833984375,0,0,SCALAR_BEKK_INTERNAL
2023-11-20,funded_assets,EUR,0.2565765380859375,0,0,SCALAR_BEKK_INTERNAL
2023-11-20,funded_assets,USD,0.2568206787109375,0,0,SCALAR_BEKK_INTERNAL
2023-11-20,net_cashflows,EUR,0.0928955078125,0,0,SCALAR_BEKK_INTERNAL
2023-11-20,net_cashflows,USD,0.0918426513671875,0,0,SCALAR_BEKK_INTERNAL
2023-11-21,funded_assets,EUR,0.6192626953125,0,0,SCALAR_BEKK_INTERNAL
2023-11-21,funded_assets,USD,0.61895751953125,0,0,SCALAR_BEKK_INTERNAL
2023-11-21,net_cashflows,EUR,0.1450042724609375,0,0,SCALAR_BEKK_INTERNAL
2023-11-21,net_cashflows,USD,0.145477294921875,0,0,SCALAR_BEKK_INTERNAL
2023-11-22,funded_assets,EUR,0.5720367431640625,0,0,SCALAR_BEKK_INTERNAL
2023-11-22,funded_assets,USD,0.57232666015625,0,0,SCALAR_BEKK_INTERNAL
2023-11-22,net_cashflows,EUR,0.4940185546875,0,0,SCALAR_BEKK_INTERNAL
2023-11-22,net_cashflows,USD,0.49359130859375,0,0,SCALAR_BEKK_INTERNAL
2023-11-23,funded_assets,EUR,0.4593048095703125,0,0,SCALAR_BEKK_INTERNAL
2023-11-23,funded_assets,USD,0.459259033203125,0,0,SCALAR_BEKK_INTERNAL
2023-11-23,net_cashflows,EUR,0.85986328125,0,0,SCALAR_BEKK_INTERNAL
2023-11-23,net_cashflows,USD,0.86041259765625,0,0,SCALAR_BEKK_INTERNAL
2023-11-24,funded_assets,EUR,0.56341552734375,0,0,SCALAR_BEKK_INTERNAL
2023-11-24,funded_assets,USD,0.5634918212890625,0,0,SCALAR_BEKK_INTERNAL
2023-11-24,net_cashflows,EUR,0.5579071044921875,0,0,SCALAR_BEKK_INTERNAL
2023-11-24,net_cashflows,USD,0.5579833984375,0,0,SCALAR_BEKK_INTERNAL
2023-11-27,funded_assets,EUR,0.2824859619140625,0,0,SCALAR_BEKK_INTERNAL
2023-11-27,funded_assets,USD,0.281494140625,0,0,SCALAR_BEKK_INTERNAL
2023-11-27,net_cashflows,EUR,0.916259765625,0,0,SCALAR_BEKK_INTERNAL
2023-11-27,net_cashflows,USD,0.9161834716796875,0,0,SCALAR_BEKK_INTERNAL
2023-11-28,funded_assets,EUR,0.0283355712890625,0,0,SCALAR_BEKK_INTERNAL
2023-11-28,funded_assets,USD,0.02801513671875,0,0,SCALAR_BEKK_INTERNAL
2023-11-28,net_cashflows,EUR,0.721466064453125,0,0,SCALAR_BEKK_INTERNAL
2023-11-28,net_cashflows,USD,0.7185821533203125,0,0,SCALAR_BEKK_INTERNAL
2023-11-29,funded_assets,EUR,0.0992431640625,0,0,SCALAR_BEKK_INTERNAL
2023-11-29,funded_assets,USD,0.10235595703125,0,0,SCALAR_BEKK_INTERNAL
2023-11-29,net_cashflows,EUR,0.176513671875,0,0,SCALAR_BEKK_INTERNAL
2023-11-29,net_cashflows,USD,0.177581787109375,0,0,SCALAR_BEKK_INTERNAL
2023-11-30,funded_assets,EUR,0.0316009521484375,0,0,SCALAR_BEKK_INTERNAL
2023-11-30,funded_assets,USD,0.031463623046875,0,0,SCALAR_BEKK_INTERNAL
2023-11-30,net_cashflows,EUR,0.9775848388671875,0,0,SCALAR_BEKK_INTERNAL
2023-11-30,net_cashflows,USD,0.976806640625,0,0,SCALAR_BEKK_INTERNAL
2023-12-01,funded_assets,EUR,0.170318603515625,0,0,SCALAR_BEKK_INTERNAL
2023-12-01,funded_assets,USD,0.172943115234375,0,0,SCALAR_BEKK_INTERNAL
2023-12-01,net_cashflows,EUR,0.3094940185546875,0,0,SCALAR_BEKK_INTERNAL
2023-12-01,net_cashflows,USD,0.306488037109375,0,0,SCALAR_BEKK_INTERNAL
2023-12-04,funded_assets,EUR,0.1624603271484375,0,0,SCALAR_BEKK_INTERNAL
2023-12-04,funded_assets,USD,0.1640625,0,0,SCALAR_BEKK_INTERNAL
2023-12-04,net_cashflows,EUR,0.46435546875,0,0,SCALAR_BEKK_INTERNAL
2023-12-04,net_cashflows,USD,0.465606689453125,0,0,SCALAR_BEKK_INTERNAL
2023-12-05,funded_assets,EUR,0.1067047119140625,0,0,SCALAR_BEKK_INTERNAL
2023-12-05,funded_assets,USD,0.1068115234375,0,0,SCALAR_BEKK_INTERNAL
2023-12-05,net_cashflows,EUR,0.9873809814453125,0,0,SCALAR_BEKK_INTERNAL
2023-12-05,net_cashflows,USD,0.986968994140625,0,0,SCALAR_BEKK_INTERNAL
2023-12-06,funded_assets,EUR,0.3120269775390625,0,0,SCALAR_BEKK_INTERNAL
2023-12-06,funded_assets,USD,0.31134033203125,0,0,SCALAR_BEKK_INTERNAL
2023-12-06,net_cashflows,EUR,0.820159912109375,0,0,SCALAR_BEKK_INTERNAL
2023-12-06,net_cashflows,USD,0.820098876953125,0,0,SCALAR_BEKK_INTERNAL
2023-12-07,funded_assets,EUR,0.9055328369140625,0,0,SCALAR_BEKK_INTERNAL
2023-12-07,funded_assets,USD,0.9045257568359375,0,0,SCALAR_BEKK_INTERNAL
2023-12-07,net_cashflows,EUR,0.0048980712890625,0,0,SCALAR_BEKK_INTERNAL
2023-12-07,net_cashflows,USD,0.0048065185546875,0,0,SCALAR_BEKK_INTERNAL
2023-12-08,funded_assets,EUR,0.520721435546875,0,0,SCALAR_BEKK_INTERNAL
2023-12-08,funded_assets,USD,0.5232391357421875,0,0,SCALAR_BEKK_INTERNAL
2023-12-08,net_cashflows,EUR,0.980255126953125,0,0,SCALAR_BEKK_INTERNAL
2023-12-08,net_cashflows,USD,0.9796905517578125,0,0,SCALAR_BEKK_INTERNAL
2023-12-11,funded_assets,EUR,0.6392364501953125,0,0,SCALAR_BEKK_INTERNAL
2023-12-11,funded_assets,USD,0.6396331787109375,0,0,SCALAR_BEKK_INTERNAL
2023-12-11,net_cashflows,EUR,0.2960662841796875,0,0,SCALAR_BEKK_INTERNAL
2023-12-11,net_cashflows,USD,0.294097900390625,0,0,SCALAR_BEKK_INTERNAL
2023-12-12,funded_assets,EUR,0.4753570556640625,0,0,SCALAR_BEKK_INTERNAL
2023-12-12,funded_assets,USD,0.4767913818359375,0,0,SCALAR_BEKK_INTERNAL
2023-12-12,net_cashflows,EUR,0.999359130859375,0,0,SCALAR_BEKK_INTERNAL
2023-12-12,net_cashflows,USD,0.9993743896484375,0,0,SCALAR_BEKK_INTERNAL
2023-12-13,funded_assets,EUR,0.63006591796875,0,0,SCALAR_BEKK_INTERNAL
2023-12-13,funded_assets,USD,0.6316680908203125,0,0,SCALAR_BEKK_INTERNAL
2023-12-13,net_cashflows,EUR,0.5422821044921875,0,0,SCALAR_BEKK_INTERNAL
2023-12-13,net_cashflows,USD,0.5466156005859375,0,0,SCALAR_BEKK_INTERNAL
2023-12-14,funded_assets,EUR,0.757965087890625,0,0,SCALAR_BEKK_INTERNAL
2023-12-14,funded_assets,USD,0.757293701171875,0,0,SCALAR_BEKK_INTERNAL
2023-12-14,net_cashflows,EUR,0.235321044921875,0,0,SCALAR_BEKK_INTERNAL
2023-12-14,net_cashflows,USD,0.2347412109375,0,0,SCALAR_BEKK_INTERNAL
2023-12-15,funded_assets,EUR,0.93341064453125,0,0,SCALAR_BEKK_INTERNAL
2023-12-15,funded_assets,USD,0.9333953857421875,0,0,SCALAR_BEKK_INTERNAL
2023-12-15,net_cashflows,EUR,0.1558990478515625,0,0,SCALAR_BEKK_INTERNAL
2023-12-15,net_cashflows,USD,0.154266357421875,0,0,SCALAR_BEKK_INTERNAL
2023-12-18,funded_assets,EUR,0.342193603515625,0,0,SCALAR_BEKK_INTERNAL
2023-12-18,funded_assets,USD,0.3407440185546875,0,0,SCALAR_BEKK_INTERNAL
2023-12-18,net_cashflows,EUR,0.8061370849609375,0,0,SCALAR_BEKK_INTERNAL
2023-12-18,net_cashflows,USD,0.8065185546875,0,0,SCALAR_BEKK_INTERNAL
2023-12-19,funded_assets,EUR,0.564178466796875,0,0,SCALAR_BEKK_INTERNAL
2023-12-19,funded_assets,USD,0.5634765625,0,0,SCALAR_BEKK_INTERNAL
2023-12-19,net_cashflows,EUR,0.8785247802734375,0,0,SCALAR_BEKK_INTERNAL
2023-12-19,net_cashflows,USD,0.878509521484375,0,0,SCALAR_BEKK_INTERNAL
2023-12-20,funded_assets,EUR,0.4877777099609375,0,0,SCALAR_BEKK_INTERNAL
2023-12-20,funded_assets,USD,0.48779296875,0,0,SCALAR_BEKK_INTERNAL
2023-12-20,net_cashflows,EUR,0.7787933349609375,0,0,SCALAR_BEKK_INTERNAL
2023-12-20,net_cashflows,USD,0.78082275390625,0,0,SCALAR_BEKK_INTERNAL
2023-12-21,funded_assets,EUR,0.93646240234375,0,0,SCALAR_BEKK_INTERNAL
2023-12-21,funded_assets,USD,0.93731689453125,0,0,SCALAR_BEKK_INTERNAL
2023-12-21,net_cashflows,EUR,0.3574066162109375,0,0,SCALAR_BEKK_INTERNAL
2023-12-21,net_cashflows,USD,0.3573150634765625,0,0,SCALAR_BEKK_INTERNAL
2023-12-22,funded_assets,EUR,0.06439208984375,0,0,SCALAR_BEKK_INTERNAL
2023-12-22,funded_assets,USD,0.06298828125,0,0,SCALAR_BEKK_INTERNAL
2023-12-22,net_cashflows,EUR,0.9956207275390625,0,0,SCALAR_BEKK_INTERNAL
2023-12-22,net_cashflows,USD,0.99566650390625,0,0,SCALAR_BEKK_INTERNAL
2023-12-27,funded_assets,EUR,0.0923309326171875,0,0,SCALAR_BEKK_INTERNAL
2023-12-27,funded_assets,USD,0.0931396484375,0,0,SCALAR_BEKK_INTERNAL
2023-12-27,net_cashflows,EUR,0.3267822265625,0,0,SCALAR_BEKK_INTERNAL
2023-12-27,net_cashflows,USD,0.320770263671875,0,0,SCALAR_BEKK_INTERNAL
2023-12-28,funded_assets,EUR,0.1453857421875,0,0,SCALAR_BEKK_INTERNAL
2023-12-28,funded_assets,USD,0.150634765625,0,0,SCALAR_BEKK_INTERNAL
2023-12-28,net_cashflows,EUR,0.1074066162109375,0,0,SCALAR_BEKK_INTERNAL
2023-12-28,net_cashflows,USD,0.1103515625,0,0,SCALAR_BEKK_INTERNAL
2023-12-29,funded_assets,EUR,0.487640380859375,0,0,SCALAR_BEKK_INTERNAL
2023-12-29,funded_assets,USD,0.4891357421875,0,0,SCALAR_BEKK_INTERNAL
2023-12-29,net_cashflows,EUR,0.144744873046875,0,0,SCALAR_BEKK_INTERNAL
2023-12-29,net_cashflows,USD,0.147735595703125,0,0,SCALAR_BEKK_INTERNAL
2024-01-02,funded_assets,EUR,0.8589324951171875,0,0,SCALAR_BEKK_INTERNAL
2024-01-02,funded_assets,USD,0.85833740234375,0,0,SCALAR_BEKK_INTERNAL
2024-01-02,net_cashflows,EUR,0.2195587158203125,0,0,SCALAR_BEKK_INTERNAL
2024-01-02,net_cashflows,USD,0.218505859375,0,0,SCALAR_BEKK_INTERNAL
2024-01-03,funded_assets,EUR,0.5475616455078125,0,0,SCALAR_BEKK_INTERNAL
2024-01-03,funded_assets,USD,0.546661376953125,0,0,SCALAR_BEKK_INTERNAL
2024-01-03,net_cashflows,EUR,0.167449951171875,0,0,SCALAR_BEKK_INTERNAL
2024-01-03,net_cashflows,USD,0.1673126220703125,0,0,SCALAR_BEKK_INTERNAL
2024-01-04,funded_assets,EUR,0.4168701171875,0,0,SCALAR_BEKK_INTERNAL
2024-01-04,funded_assets,USD,0.4170074462890625,0,0,SCALAR_BEKK_INTERNAL
2024-01-04,net_cashflows,EUR,0.758209228515625,0,0,SCALAR_BEKK_INTERNAL
2024-01-04,net_cashflows,USD,0.757080078125,0,0,SCALAR_BEKK_INTERNAL
2024-01-05,funded_assets,EUR,0.2688140869140625,0,0,SCALAR_BEKK_INTERNAL
2024-01-05,funded_assets,USD,0.2682952880859375,0,0,SCALAR_BEKK_INTERNAL
2024-01-05,net_cashflows,EUR,0.5803985595703125,0,0,SCALAR_BEKK_INTERNAL
2024-01-05,net_cashflows,USD,0.58026123046875,0,0,SCALAR_BEKK_INTERNAL
2024-01-08,funded_assets,EUR,0.9033966064453125,0,0,SCALAR_BEKK_INTERNAL
2024-01-08,funded_assets,USD,0.9026641845703125,0,0,SCALAR_BEKK_INTERNAL
2024-01-08,net_cashflows,EUR,0.1452789306640625,0,0,SCALAR_BEKK_INTERNAL
2024-01-08,net_cashflows,USD,0.144805908203125,0,0,SCALAR_BEKK_INTERNAL
2024-01-09,funded_assets,EUR,0.8395843505859375,0,0,SCALAR_BEKK_INTERNAL
2024-01-09,funded_assets,USD,0.8412017822265625,0,0,SCALAR_BEKK_INTERNAL
2024-01-09,net_cashflows,EUR,0.5559844970703125,0,0,SCALAR_BEKK_INTERNAL
2024-01-09,net_cashflows,USD,0.554840087890625,0,0,SCALAR_BEKK_INTERNAL
2024-01-10,funded_assets,EUR,0.1926727294921875,0,0,SCALAR_BEKK_INTERNAL
2024-01-10,funded_assets,USD,0.19146728515625,0,0,SCALAR_BEKK_INTERNAL
2024-01-10,net_cashflows,EUR,0.334320068359375,0,0,SCALAR_BEKK_INTERNAL
2024-01-10,net_cashflows,USD,0.3340301513671875,0,0,SCALAR_BEKK_INTERNAL
2024-01-11,funded_assets,EUR,0.6978912353515625,0,0,SCALAR_BEKK_INTERNAL
2024-01-11,funded_assets,USD,0.696624755859375,0,0,SCALAR_BEKK_INTERNAL
2024-01-11,net_cashflows,EUR,0.3909912109375,0,0,SCALAR_BEKK_INTERNAL
2024-01-11,net_cashflows,USD,0.391387939453125,0,0,SCALAR_BEKK_INTERNAL
2024-01-12,funded_assets,EUR,0.305084228515625,0,0,SCALAR_BEKK_INTERNAL
2024-01-12,funded_assets,USD,0.3050384521484375,0,0,SCALAR_BEKK_INTERNAL
2024-01-12,net_cashflows,EUR,0.1621856689453125,0,0,SCALAR_BEKK_INTERNAL
2024-01-12,net_cashflows,USD,0.1631927490234375,0,0,SCALAR_BEKK_INTERNAL
2024-01-15,funded_assets,EUR,0.7876739501953125,0,0,SCALAR_BEKK_INTERNAL
2024-01-15,funded_assets,USD,0.7859954833984375,0,0,SCALAR_BEKK_INTERNAL
2024-01-15,net_cashflows,EUR,0.0926361083984375,0,0,SCALAR_BEKK_INTERNAL
2024-01-15,net_cashflows,USD,0.093170166015625,0,0,SCALAR_BEKK_INTERNAL
2024-01-16,funded_assets,EUR,0.648162841796875,0,0,SCALAR_BEKK_INTERNAL
2024-01-16,funded_assets,USD,0.6479339599609375,0,0,SCALAR_BEKK_INTERNAL
2024-01-16,net_cashflows,EUR,0.3230133056640625,0,0,SCALAR_BEKK_INTERNAL
2024-01-16,net_cashflows,USD,0.3230438232421875,0,0,SCALAR_BEKK_INTERNAL
2024-01-17,funded_assets,EUR,0.7507476806640625,0,0,SCALAR_BEKK_INTERNAL
2024-01-17,funded_assets,USD,0.750701904296875,0,0,SCALAR_BEKK_INTERNAL
2024-01-17,net_cashflows,EUR,0.406524658203125,0,0,SCALAR_BEKK_INTERNAL
2024-01-17,net_cashflows,USD,0.4063873291015625,0,0,SCALAR_BEKK_INTERNAL
2024-01-18,funded_assets,EUR,0.32672119140625,0,0,SCALAR_BEKK_INTERNAL
2024-01-18,funded_assets,USD,0.326385498046875,0,0,SCALAR_BEKK_INTERNAL
2024-01-18,net_cashflows,EUR,0.54730224609375,0,0,SCALAR_BEKK_INTERNAL
2024-01-18,net_cashflows,USD,0.5471649169921875,0,0,SCALAR_BEKK_INTERNAL
2024-01-19,funded_assets,EUR,0.3191070556640625,0,0,SCALAR_BEKK_INTERNAL
2024-01-19,funded_assets,USD,0.31927490234375,0,0,SCALAR_BEKK_INTERNAL
2024-01-19,net_cashflows,EUR,0.4402313232421875,0,0,SCALAR_BEKK_INTERNAL
2024-01-19,net_cashflows,USD,0.4402008056640625,0,0,SCALAR_BEKK_INTERNAL
2024-01-22,funded_assets,EUR,0.4007110595703125,0,0,SCALAR_BEKK_INTERNAL
2024-01-22,funded_assets,USD,0.3996734619140625,0,0,SCALAR_BEKK_INTERNAL
2024-01-22,net_cashflows,EUR,0.879150390625,0,0,SCALAR_BEKK_INTERNAL
2024-01-22,net_cashflows,USD,0.8787841796875,0,0,SCALAR_BEKK_INTERNAL
2024-01-23,funded_assets,EUR,0.570831298828125,0,0,SCALAR_BEKK_INTERNAL
2024-01-23,funded_assets,USD,0.571136474609375,0,0,SCALAR_BEKK_INTERNAL
2024-01-23,net_cashflows,EUR,0.298736572265625,0,0,SCALAR_BEKK_INTERNAL
2024-01-23,net_cashflows,USD,0.2975311279296875,0,0,SCALAR_BEKK_INTERNAL
2024-01-24,funded_assets,EUR,0.1940460205078125,0,0,SCALAR_BEKK_INTERNAL
2024-01-24,funded_assets,USD,0.1939849853515625,0,0,SCALAR_BEKK_INTERNAL
2024-01-24,net_cashflows,EUR,0.4788970947265625,0,0,SCALAR_BEKK_INTERNAL
2024-01-24,net_cashflows,USD,0.479400634765625,0,0,SCALAR_BEKK_INTERNAL
2024-01-25,funded_assets,EUR,0.05316162109375,0,0,SCALAR_BEKK_INTERNAL
2024-01-25,funded_assets,USD,0.0538787841796875,0,0,SCALAR_BEKK_INTERNAL
2024-01-25,net_cashflows,EUR,0.5460968017578125,0,0,SCALAR_BEKK_INTERNAL
2024-01-25,net_cashflows,USD,0.5457305908203125,0,0,SCALAR_BEKK_INTERNAL
2024-01-26,funded_assets,EUR,0.82904052734375,0,0,SCALAR_BEKK_INTERNAL
2024-01-26,funded_assets,USD,0.8272247314453125,0,0,SCALAR_BEKK_INTERNAL
2024-01-26,net_cashflows,EUR,0.688232421875,0,0,SCALAR_BEKK_INTERNAL
2024-01-26,net_cashflows,USD,0.687774658203125,0,0,SCALAR_BEKK_INTERNAL
2024-01-29,funded_assets,EUR,0.3475341796875,0,0,SCALAR_BEKK_INTERNAL
2024-01-29,funded_assets,USD,0.347015380859375,0,0,SCALAR_BEKK_INTERNAL
2024-01-29,net_cashflows,EUR,0.3921356201171875,0,0,SCALAR_BEKK_INTERNAL
2024-01-29,net_cashflows,USD,0.3919525146484375,0,0,SCALAR_BEKK_INTERNAL
2024-01-30,funded_assets,EUR,0.097381591796875,0,0,SCALAR_BEKK_INTERNAL
2024-01-30,funded_assets,USD,0.0976409912109375,0,0,SCALAR_BEKK_INTERNAL
2024-01-30,net_cashflows,EUR,0.782623291015625,0,0,SCALAR_BEKK_INTERNAL
2024-01-30,net_cashflows,USD,0.78167724609375,0,0,SCALAR_BEKK_INTERNAL
2024-01-31,funded_assets,EUR,0.7843780517578125,0,0,SCALAR_BEKK_INTERNAL
2024-01-31,funded_assets,USD,0.7825775146484375,0,0,SCALAR_BEKK_INTERNAL
2024-01-31,net_cashflows,EUR,0.7986297607421875,0,0,SCALAR_BEKK_INTERNAL
2024-01-31,net_cashflows,USD,0.8002777099609375,0,0,SCALAR_BEKK_INTERNAL
2024-02-01,funded_assets,EUR,0.3105926513671875,0,0,SCALAR_BEKK_INTERNAL
2024-02-01,funded_assets,USD,0.3079071044921875,0,0,SCALAR_BEKK_INTERNAL
2024-02-01,net_cashflows,EUR,0.0081024169921875,0,0,SCALAR_BEKK_INTERNAL
2024-02-01,net_cashflows,USD,0.0079345703125,0,0,SCALAR_BEKK_INTERNAL
2024-02-02,funded_assets,EUR,0.4634246826171875,0,0,SCALAR_BEKK_INTERNAL
2024-02-02,funded_assets,USD,0.464141845703125,0,0,SCALAR_BEKK_INTERNAL
2024-02-02,net_cashflows,EUR,0.43133544921875,0,0,SCALAR_BEKK_INTERNAL
2024-02-02,net_cashflows,USD,0.4324798583984375,0,0,SCALAR_BEKK_INTERNAL
2024-02-05,funded_assets,EUR,0.71783447265625,0,0,SCALAR_BEKK_INTERNAL
2024-02-05,funded_assets,USD,0.7180023193359375,0,0,SCALAR_BEKK_INTERNAL
2024-02-05,net_cashflows,EUR,0.538787841796875,0,0,SCALAR_BEKK_INTERNAL
2024-02-05,net_cashflows,USD,0.5387725830078125,0,0,SCALAR_BEKK_INTERNAL
2024-02-06,funded_assets,EUR,0.758880615234375,0,0,SCALAR_BEKK_INTERNAL
2024-02-06,funded_assets,USD,0.7584991455078125,0,0,SCALAR_BEKK_INTERNAL
2024-02-06,net_cashflows,EUR,0.1371307373046875,0,0,SCALAR_BEKK_INTERNAL
2024-02-06,net_cashflows,USD,0.1360626220703125,0,0,SCALAR_BEKK_INTERNAL
2024-02-07,funded_assets,EUR,0.7980194091796875,0,0,SCALAR_BEKK_INTERNAL
2024-02-07,funded_assets,USD,0.797760009765625,0,0,SCALAR_BEKK_INTERNAL
2024-02-07,net_cashflows,EUR,0.3713836669921875,0,0,SCALAR_BEKK_INTERNAL
2024-02-07,net_cashflows,USD,0.3705291748046875,0,0,SCALAR_BEKK_INTERNAL
2024-02-08,funded_assets,EUR,0.3316650390625,0,0,SCALAR_BEKK_INTERNAL
2024-02-08,funded_assets,USD,0.3311309814453125,0,0,SCALAR_BEKK_INTERNAL
2024-02-08,net_cashflows,EUR,0.6743316650390625,0,0,SCALAR_BEKK_INTERNAL
2024-02-08,net_cashflows,USD,0.674346923828125,0,0,SCALAR_BEKK_INTERNAL
2024-02-09,funded_assets,EUR,0.8205718994140625,0,0,SCALAR_BEKK_INTERNAL
2024-02-09,funded_assets,USD,0.820159912109375,0,0,SCALAR_BEKK_INTERNAL
2024-02-09,net_cashflows,EUR,0.1893157958984375,0,0,SCALAR_BEKK_INTERNAL
2024-02-09,net_cashflows,USD,0.188446044921875,0,0,SCALAR_BEKK_INTERNAL
2024-02-12,funded_assets,EUR,0.3340301513671875,0,0,SCALAR_BEKK_INTERNAL
2024-02-12,funded_assets,USD,0.3323211669921875,0,0,SCALAR_BEKK_INTERNAL
2024-02-12,net_cashflows,EUR,0.070831298828125,0,0,SCALAR_BEKK_INTERNAL
2024-02-12,net_cashflows,USD,0.0719757080078125,0,0,SCALAR_BEKK_INTERNAL
2024-02-13,funded_assets,EUR,0.76324462890625,0,0,SCALAR_BEKK_INTERNAL
2024-02-13,funded_assets,USD,0.761505126953125,0,0,SCALAR_BEKK_INTERNAL
2024-02-13,net_cashflows,EUR,0.8068389892578125,0,0,SCALAR_BEKK_INTERNAL
2024-02-13,net_cashflows,USD,0.8042144775390625,0,0,SCALAR_BEKK_INTERNAL
2024-02-14,funded_assets,EUR,0.782867431640625,0,0,SCALAR_BEKK_INTERNAL
2024-02-14,funded_assets,USD,0.7840118408203125,0,0,SCALAR_BEKK_INTERNAL
2024-02-14,net_cashflows,EUR,0.4283447265625,0,0,SCALAR_BEKK_INTERNAL
2024-02-14,net_cashflows,USD,0.428802490234375,0,0,SCALAR_BEKK_INTERNAL
2024-02-15,funded_assets,EUR,0.3695831298828125,0,0,SCALAR_BEKK_INTERNAL
2024-02-15,funded_assets,USD,0.36944580078125,0,0,SCALAR_BEKK_INTERNAL
2024-02-15,net_cashflows,EUR,0.623443603515625,0,0,SCALAR_BEKK_INTERNAL
2024-02-15,net_cashflows,USD,0.6237640380859375,0,0,SCALAR_BEKK_INTERNAL
2024-02-16,funded_assets,EUR,0.9188079833984375,0,0,SCALAR_BEKK_INTERNAL
2024-02-16,funded_assets,USD,0.91876220703125,0,0,SCALAR_BEKK_INTERNAL
2024-02-16,net_cashflows,EUR,0.3902435302734375,0,0,SCALAR_BEKK_INTERNAL
2024-02-16,net_cashflows,USD,0.3899993896484375,0,0,SCALAR_BEKK_INTERNAL
2024-02-19,funded_assets,EUR,0.410675048828125,0,0,SCALAR_BEKK_INTERNAL
2024-02-19,funded_assets,USD,0.4108123779296875,0,0,SCALAR_BEKK_INTERNAL
2024-02-19,net_cashflows,EUR,0.6331787109375,0,0,SCALAR_BEKK_INTERNAL
2024-02-19,net_cashflows,USD,0.6334686279296875,0,0,SCALAR_BEKK_INTERNAL
2024-02-20,funded_assets,EUR,0.9161529541015625,0,0,SCALAR_BEKK_INTERNAL
2024-02-20,funded_assets,USD,0.9161224365234375,0,0,SCALAR_BEKK_INTERNAL
2024-02-20,net_cashflows,EUR,0.299957275390625,0,0,SCALAR_BEKK_INTERNAL
2024-02-20,net_cashflows,USD,0.299468994140625,0,0,SCALAR_BEKK_INTERNAL
2024-02-21,funded_assets,EUR,0.2063140869140625,0,0,SCALAR_BEKK_INTERNAL
2024-02-21,funded_assets,USD,0.2047271728515625,0,0,SCALAR_BEKK_INTERNAL
2024-02-21,net_cashflows,EUR,0.49615478515625,0,0,SCALAR_BEKK_INTERNAL
2024-02-21,net_cashflows,USD,0.496429443359375,0,0,SCALAR_BEKK_INTERNAL
2024-02-22,funded_assets,EUR,0.8499755859375,0,0,SCALAR_BEKK_INTERNAL
2024-02-22,funded_assets,USD,0.849212646484375,0,0,SCALAR_BEKK_INTERNAL
2024-02-22,net_cashflows,EUR,0.398040771484375,0,0,SCALAR_BEKK_INTERNAL
2024-02-22,net_cashflows,USD,0.3977813720703125,0,0,SCALAR_BEKK_INTERNAL
2024-02-23,funded_assets,EUR,0.4796905517578125,0,0,SCALAR_BEKK_INTERNAL
2024-02-23,funded_assets,USD,0.4796905517578125,0,0,SCALAR_BEKK_INTERNAL
2024-02-23,net_cashflows,EUR,0.6981048583984375,0,0,SCALAR_BEKK_INTERNAL
2024-02-23,net_cashflows,USD,0.6981964111328125,0,0,SCALAR_BEKK_INTERNAL
2024-02-26,funded_assets,EUR,0.154510498046875,0,0,SCALAR_BEKK_INTERNAL
2024-02-26,funded_assets,USD,0.1546478271484375,0,0,SCALAR_BEKK_INTERNAL
2024-02-26,net_cashflows,EUR,0.293731689453125,0,0,SCALAR_BEKK_INTERNAL
2024-02-26,net_cashflows,USD,0.2934722900390625,0,0,SCALAR_BEKK_INTERNAL
2024-02-27,funded_assets,EUR,0.61151123046875,0,0,SCALAR_BEKK_INTERNAL
2024-02-27,funded_assets,USD,0.61041259765625,0,0,SCALAR_BEKK_INTERNAL
2024-02-27,net_cashflows,EUR,0.73406982421875,0,0,SCALAR_BEKK_INTERNAL
2024-02-27,net_cashflows,USD,0.73284912109375,0,0,SCALAR_BEKK_INTERNAL
2024-02-28,funded_assets,EUR,0.717315673828125,0,0,SCALAR_BEKK_INTERNAL
2024-02-28,funded_assets,USD,0.7172088623046875,0,0,SCALAR_BEKK_INTERNAL
2024-02-28,net_cashflows,EUR,0.134521484375,0,0,SCALAR_BEKK_INTERNAL
2024-02-28,net_cashflows,USD,0.1338958740234375,0,0,SCALAR_BEKK_INTERNAL
2024-02-29,funded_assets,EUR,0.8209075927734375,0,0,SCALAR_BEKK_INTERNAL
2024-02-29,funded_assets,USD,0.8212432861328125,0,0,SCALAR_BEKK_INTERNAL
2024-02-29,net_cashflows,EUR,0.511077880859375,0,0,SCALAR_BEKK_INTERNAL
2024-02-29,net_cashflows,USD,0.509735107421875,0,0,SCALAR_BEKK_INTERNAL
2024-03-01,funded_assets,EUR,0.4552764892578125,0,0,SCALAR_BEKK_INTERNAL
2024-03-01,funded_assets,USD,0.4552001953125,0,0,SCALAR_BEKK_INTERNAL
2024-03-01,net_cashflows,EUR,0.581787109375,0,0,SCALAR_BEKK_INTERNAL
2024-03-01,net_cashflows,USD,0.5817718505859375,0,0,SCALAR_BEKK_INTERNAL
2024-03-04,funded_assets,EUR,0.53668212890625,0,0,SCALAR_BEKK_INTERNAL
2024-03-04,funded_assets,USD,0.536773681640625,0,0,SCALAR_BEKK_INTERNAL
2024-03-04,net_cashflows,EUR,0.76788330078125,0,0,SCALAR_BEKK_INTERNAL
2024-03-04,net_cashflows,USD,0.7682647705078125,0,0,SCALAR_BEKK_INTERNAL
2024-03-05,funded_assets,EUR,0.0675048828125,0,0,SCALAR_BEKK_INTERNAL
2024-03-05,funded_assets,USD,0.0662384033203125,0,0,SCALAR_BEKK_INTERNAL
2024-03-05,net_cashflows,EUR,0.98907470703125,0,0,SCALAR_BEKK_INTERNAL
2024-03-05,net_cashflows,USD,0.9890899658203125,0,0,SCALAR_BEKK_INTERNAL
2024-03-06,funded_assets,EUR,0.5344085693359375,0,0,SCALAR_BEKK_INTERNAL
2024-03-06,funded_assets,USD,0.5323333740234375,0,0,SCALAR_BEKK_INTERNAL
2024-03-06,net_cashflows,EUR,0.7192230224609375,0,0,SCALAR_BEKK_INTERNAL
2024-03-06,net_cashflows,USD,0.7226715087890625,0,0,SCALAR_BEKK_INTERNAL
2024-03-07,funded_assets,EUR,0.361114501953125,0,0,SCALAR_BEKK_INTERNAL
2024-03-07,funded_assets,USD,0.3607940673828125,0,0,SCALAR_BEKK_INTERNAL
2024-03-07,net_cashflows,EUR,0.66094970703125,0,0,SCALAR_BEKK_INTERNAL
2024-03-07,net_cashflows,USD,0.6614227294921875,0,0,SCALAR_BEKK_INTERNAL
2024-03-08,funded_assets,EUR,0.8151397705078125,0,0,SCALAR_BEKK_INTERNAL
2024-03-08,funded_assets,USD,0.81427001953125,0,0,SCALAR_BEKK_INTERNAL
2024-03-08,net_cashflows,EUR,0.1829071044921875,0,0,SCALAR_BEKK_INTERNAL
2024-03-08,net_cashflows,USD,0.1828155517578125,0,0,SCALAR_BEKK_INTERNAL
2024-03-11,funded_assets,EUR,0.7660675048828125,0,0,SCALAR_BEKK_INTERNAL
2024-03-11,funded_assets,USD,0.766387939453125,0,0,SCALAR_BEKK_INTERNAL
2024-03-11,net_cashflows,EUR,0.46185302734375,0,0,SCALAR_BEKK_INTERNAL
2024-03-11,net_cashflows,USD,0.4609375,0,0,SCALAR_BEKK_INTERNAL
2024-03-12,funded_assets,EUR,0.4678497314453125,0,0,SCALAR_BEKK_INTERNAL
2024-03-12,funded_assets,USD,0.4673309326171875,0,0,SCALAR_BEKK_INTERNAL
2024-03-12,net_cashflows,EUR,0.36474609375,0,0,SCALAR_BEKK_INTERNAL
2024-03-12,net_cashflows,USD,0.3646087646484375,0,0,SCALAR_BEKK_INTERNAL
2024-03-13,funded_assets,EUR,0.431121826171875,0,0,SCALAR_BEKK_INTERNAL
2024-03-13,funded_assets,USD,0.4313507080078125,0,0,SCALAR_BEKK_INTERNAL
2024-03-13,net_cashflows,EUR,0.1707763671875,0,0,SCALAR_BEKK_INTERNAL
2024-03-13,net_cashflows,USD,0.171722412109375,0,0,SCALAR_BEKK_INTERNAL
2024-03-14,funded_assets,EUR,0.7767486572265625,0,0,SCALAR_BEKK_INTERNAL
2024-03-14,funded_assets,USD,0.775787353515625,0,0,SCALAR_BEKK_INTERNAL
2024-03-14,net_cashflows,EUR,0.27349853515625,0,0,SCALAR_BEKK_INTERNAL
2024-03-14,net_cashflows,USD,0.2737884521484375,0,0,SCALAR_BEKK_INTERNAL
2024-03-15,funded_assets,EUR,0.5422515869140625,0,0,SCALAR_BEKK_INTERNAL
2024-03-15,funded_assets,USD,0.54107666015625,0,0,SCALAR_BEKK_INTERNAL
2024-03-15,net_cashflows,EUR,0.0537261962890625,0,0,SCALAR_BEKK_INTERNAL
2024-03-15,net_cashflows,USD,0.054168701171875,0,0,SCALAR_BEKK_INTERNAL
2024-03-18,funded_assets,EUR,0.8672027587890625,0,0,SCALAR_BEKK_INTERNAL
2024-03-18,funded_assets,USD,0.8660888671875,0,0,SCALAR_BEKK_INTERNAL
2024-03-18,net_cashflows,EUR,0.0510406494140625,0,0,SCALAR_BEKK_INTERNAL
2024-03-18,net_cashflows,USD,0.051422119140625,0,0,SCALAR_BEKK_INTERNAL
2024-03-19,funded_assets,EUR,0.9939727783203125,0,0,SCALAR_BEKK_INTERNAL
2024-03-19,funded_assets,USD,0.9940032958984375,0,0,SCALAR_BEKK_INTERNAL
2024-03-19,net_cashflows,EUR,0.423248291015625,0,0,SCALAR_BEKK_INTERNAL
2024-03-19,net_cashflows,USD,0.4191436767578125,0,0,SCALAR_BEKK_INTERNAL
2024-03-20,funded_assets,EUR,0.020416259765625,0,0,SCALAR_BEKK_INTERNAL
2024-03-20,funded_assets,USD,0.019439697265625,0,0,SCALAR_BEKK_INTERNAL
2024-03-20,net_cashflows,EUR,0.512725830078125,0,0,SCALAR_BEKK_INTERNAL
2024-03-20,net_cashflows,USD,0.513397216796875,0,0,SCALAR_BEKK_INTERNAL
2024-03-21,funded_assets,EUR,0.4873504638671875,0,0,SCALAR_BEKK_INTERNAL
2024-03-21,funded_assets,USD,0.486785888671875,0,0,SCALAR_BEKK_INTERNAL
2024-03-21,net_cashflows,EUR,0.58477783203125,0,0,SCALAR_BEKK_INTERNAL
2024-03-21,net_cashflows,USD,0.584228515625,0,0,SCALAR_BEKK_INTERNAL
2024-03-22,funded_assets,EUR,0.952728271484375,0,0,SCALAR_BEKK_INTERNAL
2024-03-22,funded_assets,USD,0.9524993896484375,0,0,SCALAR_BEKK_INTERNAL
2024-03-22,net_cashflows,EUR,0.145965576171875,0,0,SCALAR_BEKK_INTERNAL
2024-03-22,net_cashflows,USD,0.1448822021484375,0,0,SCALAR_BEKK_INTERNAL
2024-03-25,funded_assets,EUR,0.1437225341796875,0,0,SCALAR_BEKK_INTERNAL
2024-03-25,funded_assets,USD,0.142242431640625,0,0,SCALAR_BEKK_INTERNAL
2024-03-25,net_cashflows,EUR,0.5190277099609375,0,0,SCALAR_BEKK_INTERNAL
2024-03-25,net_cashflows,USD,0.520416259765625,0,0,SCALAR_BEKK_INTERNAL
2024-03-26,funded_assets,EUR,0.182647705078125,0,0,SCALAR_BEKK_INTERNAL
2024-03-26,funded_assets,USD,0.1829376220703125,0,0,SCALAR_BEKK_INTERNAL
2024-03-26,net_cashflows,EUR,0.6313629150390625,0,0,SCALAR_BEKK_INTERNAL
2024-03-26,net_cashflows,USD,0.6309356689453125,0,0,SCALAR_BEKK_INTERNAL
2024-03-27,funded_assets,EUR,0.182373046875,0,0,SCALAR_BEKK_INTERNAL
2024-03-27,funded_assets,USD,0.1846160888671875,0,0,SCALAR_BEKK_INTERNAL
2024-03-27,net_cashflows,EUR,0.2049560546875,0,0,SCALAR_BEKK_INTERNAL
2024-03-27,net_cashflows,USD,0.2054290771484375,0,0,SCALAR_BEKK_INTERNAL
2024-03-28,funded_assets,EUR,0.899749755859375,0,0,SCALAR_BEKK_INTERNAL
2024-03-28,funded_assets,USD,0.8980865478515625,0,0,SCALAR_BEKK_INTERNAL
2024-03-28,net_cashflows,EUR,0.4501190185546875,0,0,SCALAR_BEKK_INTERNAL
2024-03-28,net_cashflows,USD,0.4492950439453125,0,0,SCALAR_BEKK_INTERNAL
2024-04-02,funded_assets,EUR,0.97064208984375,0,0,SCALAR_BEKK_INTERNAL
2024-04-02,funded_assets,USD,0.97174072265625,0,0,SCALAR_BEKK_INTERNAL
2024-04-02,net_cashflows,EUR,0.426483154296875,0,0,SCALAR_BEKK_INTERNAL
2024-04-02,net_cashflows,USD,0.4254302978515625,0,0,SCALAR_BEKK_INTERNAL
2024-04-03,funded_assets,EUR,0.1463623046875,0,0,SCALAR_BEKK_INTERNAL
2024-04-03,funded_assets,USD,0.14447021484375,0,0,SCALAR_BEKK_INTERNAL
2024-04-03,net_cashflows,EUR,0.8466339111328125,0,0,SCALAR_BEKK_INTERNAL
2024-04-03,net_cashflows,USD,0.8473052978515625,0,0,SCALAR_BEKK_INTERNAL
2024-04-04,funded_assets,EUR,0.5851593017578125,0,0,SCALAR_BEKK_INTERNAL
2024-04-04,funded_assets,USD,0.5856475830078125,0,0,SCALAR_BEKK_INTERNAL
2024-04-04,net_cashflows,EUR,0.186431884765625,0,0,SCALAR_BEKK_INTERNAL
2024-04-04,net_cashflows,USD,0.1862030029296875,0,0,SCALAR_BEKK_INTERNAL
2024-04-05,funded_assets,EUR,0.762451171875,0,0,SCALAR_BEKK_INTERNAL
2024-04-05,funded_assets,USD,0.7630615234375,0,0,SCALAR_BEKK_INTERNAL
2024-04-05,net_cashflows,EUR,0.5661773681640625,0,0,SCALAR_BEKK_INTERNAL
2024-04-05,net_cashflows,USD,0.56475830078125,0,0,SCALAR_BEKK_INTERNAL
2024-04-08,funded_assets,EUR,0.3482666015625,0,0,SCALAR_BEKK_INTERNAL
2024-04-08,funded_assets,USD,0.3471832275390625,0,0,SCALAR_BEKK_INTERNAL
2024-04-08,net_cashflows,EUR,0.4821319580078125,0,0,SCALAR_BEKK_INTERNAL
2024-04-08,net_cashflows,USD,0.4819183349609375,0,0,SCALAR_BEKK_INTERNAL
2024-04-09,funded_assets,EUR,0.0358734130859375,0,0,SCALAR_BEKK_INTERNAL
2024-04-09,funded_assets,USD,0.037261962890625,0,0,SCALAR_BEKK_INTERNAL
2024-04-09,net_cashflows,EUR,0.0398101806640625,0,0,SCALAR_BEKK_INTERNAL
2024-04-09,net_cashflows,USD,0.041015625,0,0,SCALAR_BEKK_INTERNAL
2024-04-10,funded_assets,EUR,0.0173187255859375,0,0,SCALAR_BEKK_INTERNAL
2024-04-10,funded_assets,USD,0.0187225341796875,0,0,SCALAR_BEKK_INTERNAL
2024-04-10,net_cashflows,EUR,0.5816650390625,0,0,SCALAR_BEKK_INTERNAL
2024-04-10,net_cashflows,USD,0.58514404296875,0,0,SCALAR_BEKK_INTERNAL
2024-04-11,funded_assets,EUR,0.746795654296875,0,0,SCALAR_BEKK_INTERNAL
2024-04-11,funded_assets,USD,0.7441864013671875,0,0,SCALAR_BEKK_INTERNAL
2024-04-11,net_cashflows,EUR,0.1645965576171875,0,0,SCALAR_BEKK_INTERNAL
2024-04-11,net_cashflows,USD,0.1655426025390625,0,0,SCALAR_BEKK_INTERNAL
2024-04-12,funded_assets,EUR,0.5113525390625,0,0,SCALAR_BEKK_INTERNAL
2024-04-12,funded_assets,USD,0.511138916015625,0,0,SCALAR_BEKK_INTERNAL
2024-04-12,net_cashflows,EUR,0.22369384765625,0,0,SCALAR_BEKK_INTERNAL
2024-04-12,net_cashflows,USD,0.2241668701171875,0,0,SCALAR_BEKK_INTERNAL
2024-04-15,funded_assets,EUR,0.4106903076171875,0,0,SCALAR_BEKK_INTERNAL
2024-04-15,funded_assets,USD,0.410888671875,0,0,SCALAR_BEKK_INTERNAL
2024-04-15,net_cashflows,EUR,0.5986328125,0,0,SCALAR_BEKK_INTERNAL
2024-04-15,net_cashflows,USD,0.598480224609375,0,0,SCALAR_BEKK_INTERNAL
2024-04-16,funded_assets,EUR,0.8174591064453125,0,0,SCALAR_BEKK_INTERNAL
2024-04-16,funded_assets,USD,0.817474365234375,0,0,SCALAR_BEKK_INTERNAL
2024-04-16,net_cashflows,EUR,0.745941162109375,0,0,SCALAR_BEKK_INTERNAL
2024-04-16,net_cashflows,USD,0.7466278076171875,0,0,SCALAR_BEKK_INTERNAL
2024-04-17,funded_assets,EUR,0.2784423828125,0,0,SCALAR_BEKK_INTERNAL
2024-04-17,funded_assets,USD,0.2772216796875,0,0,SCALAR_BEKK_INTERNAL
2024-04-17,net_cashflows,EUR,0.4492950439453125,0,0,SCALAR_BEKK_INTERNAL
2024-04-17,net_cashflows,USD,0.4482421875,0,0,SCALAR_BEKK_INTERNAL
2024-04-18,funded_assets,EUR,0.7454071044921875,0,0,SCALAR_BEKK_INTERNAL
2024-04-18,funded_assets,USD,0.7442779541015625,0,0,SCALAR_BEKK_INTERNAL
2024-04-18,net_cashflows,EUR,0.52410888671875,0,0,SCALAR_BEKK_INTERNAL
2024-04-18,net_cashflows,USD,0.5242462158203125,0,0,SCALAR_BEKK_INTERNAL
2024-04-19,funded_assets,EUR,0.799102783203125,0,0,SCALAR_BEKK_INTERNAL
2024-04-19,funded_assets,USD,0.7996978759765625,0,0,SCALAR_BEKK_INTERNAL
2024-04-19,net_cashflows,EUR,0.3375091552734375,0,0,SCALAR_BEKK_INTERNAL
2024-04-19,net_cashflows,USD,0.3370361328125,0,0,SCALAR_BEKK_INTERNAL
2024-04-22,funded_assets,EUR,0.765167236328125,0,0,SCALAR_BEKK_INTERNAL
2024-04-22,funded_assets,USD,0.76611328125,0,0,SCALAR_BEKK_INTERNAL
2024-04-22,net_cashflows,EUR,0.209228515625,0,0,SCALAR_BEKK_INTERNAL
2024-04-22,net_cashflows,USD,0.207489013671875,0,0,SCALAR_BEKK_INTERNAL
2024-04-23,funded_assets,EUR,0.8190460205078125,0,0,SCALAR_BEKK_INTERNAL
2024-04-23,funded_assets,USD,0.8200225830078125,0,0,SCALAR_BEKK_INTERNAL
2024-04-23,net_cashflows,EUR,0.1680450439453125,0,0,SCALAR_BEKK_INTERNAL
2024-04-23,net_cashflows,USD,0.1657562255859375,0,0,SCALAR_BEKK_INTERNAL
2024-04-24,funded_assets,EUR,0.7081298828125,0,0,SCALAR_BEKK_INTERNAL
2024-04-24,funded_assets,USD,0.707977294921875,0,0,SCALAR_BEKK_INTERNAL
2024-04-24,net_cashflows,EUR,0.084716796875,0,0,SCALAR_BEKK_INTERNAL
2024-04-24,net_cashflows,USD,0.0840911865234375,0,0,SCALAR_BEKK_INTERNAL
2024-04-25,funded_assets,EUR,0.3201904296875,0,0,SCALAR_BEKK_INTERNAL
2024-04-25,funded_assets,USD,0.32000732421875,0,0,SCALAR_BEKK_INTERNAL
2024-04-25,net_cashflows,EUR,0.7457427978515625,0,0,SCALAR_BEKK_INTERNAL
2024-04-25,net_cashflows,USD,0.74517822265625,0,0,SCALAR_BEKK_INTERNAL
2024-04-26,funded_assets,EUR,0.7064208984375,0,0,SCALAR_BEKK_INTERNAL
2024-04-26,funded_assets,USD,0.7060699462890625,0,0,SCALAR_BEKK_INTERNAL
2024-04-26,net_cashflows,EUR,0.1578521728515625,0,0,SCALAR_BEKK_INTERNAL
2024-04-26,net_cashflows,USD,0.15728759765625,0,0,SCALAR_BEKK_INTERNAL
2024-04-29,funded_assets,EUR,0.0266571044921875,0,0,SCALAR_BEKK_INTERNAL
2024-04-29,funded_assets,USD,0.026153564453125,0,0,SCALAR_BEKK_INTERNAL
2024-04-29,net_cashflows,EUR,0.99530029296875,0,0,SCALAR_BEKK_INTERNAL
2024-04-29,net_cashflows,USD,0.9951324462890625,0,0,SCALAR_BEKK_INTERNAL
2024-04-30,funded_assets,EUR,0.370880126953125,0,0,SCALAR_BEKK_INTERNAL
2024-04-30,funded_assets,USD,0.3668670654296875,0,0,SCALAR_BEKK_INTERNAL
2024-04-30,net_cashflows,EUR,0.9875640869140625,0,0,SCALAR_BEKK_INTERNAL
2024-04-30,net_cashflows,USD,0.9879608154296875,0,0,SCALAR_BEKK_INTERNAL
2024-05-02,funded_assets,EUR,0.8751373291015625,0,0,SCALAR_BEKK_INTERNAL
2024-05-02,funded_assets,USD,0.875885009765625,0,0,SCALAR_BEKK_INTERNAL
2024-05-02,net_cashflows,EUR,0.31060791015625,0,0,SCALAR_BEKK_INTERNAL
2024-05-02,net_cashflows,USD,0.3116912841796875,0,0,SCALAR_BEKK_INTERNAL
2024-05-03,funded_assets,EUR,0.7616424560546875,0,0,SCALAR_BEKK_INTERNAL
2024-05-03,funded_assets,USD,0.7616119384765625,0,0,SCALAR_BEKK_INTERNAL
2024-05-03,net_cashflows,EUR,0.164215087890625,0,0,SCALAR_BEKK_INTERNAL
2024-05-03,net_cashflows,USD,0.163665771484375,0,0,SCALAR_BEKK_INTERNAL
2024-05-06,funded_assets,EUR,0.7073974609375,0,0,SCALAR_BEKK_INTERNAL
2024-05-06,funded_assets,USD,0.7062225341796875,0,0,SCALAR_BEKK_INTERNAL
2024-05-06,net_cashflows,EUR,0.17120361328125,0,0,SCALAR_BEKK_INTERNAL
2024-05-06,net_cashflows,USD,0.17254638671875,0,0,SCALAR_BEKK_INTERNAL
2024-05-07,funded_assets,EUR,0.4154510498046875,0,0,SCALAR_BEKK_INTERNAL
2024-05-07,funded_assets,USD,0.4154205322265625,0,0,SCALAR_BEKK_INTERNAL
2024-05-07,net_cashflows,EUR,0.37408447265625,0,0,SCALAR_BEKK_INTERNAL
2024-05-07,net_cashflows,USD,0.3746337890625,0,0,SCALAR_BEKK_INTERNAL
2024-05-08,funded_assets,EUR,0.854583740234375,0,0,SCALAR_BEKK_INTERNAL
2024-05-08,funded_assets,USD,0.8549957275390625,0,0,SCALAR_BEKK_INTERNAL
2024-05-08,net_cashflows,EUR,0.602630615234375,0,0,SCALAR_BEKK_INTERNAL
2024-05-08,net_cashflows,USD,0.6023101806640625,0,0,SCALAR_BEKK_INTERNAL
2024-05-09,funded_assets,EUR,0.6620635986328125,0,0,SCALAR_BEKK_INTERNAL
2024-05-09,funded_assets,USD,0.663177490234375,0,0,SCALAR_BEKK_INTERNAL
2024-05-09,net_cashflows,EUR,0.4554443359375,0,0,SCALAR_BEKK_INTERNAL
2024-05-09,net_cashflows,USD,0.455352783203125,0,0,SCALAR_BEKK_INTERNAL
2024-05-10,funded_assets,EUR,0.7083587646484375,0,0,SCALAR_BEKK_INTERNAL
2024-05-10,funded_assets,USD,0.708160400390625,0,0,SCALAR_BEKK_INTERNAL
2024-05-10,net_cashflows,EUR,0.2060089111328125,0,0,SCALAR_BEKK_INTERNAL
2024-05-10,net_cashflows,USD,0.2054595947265625,0,0,SCALAR_BEKK_INTERNAL
2024-05-13,funded_assets,EUR,0.451324462890625,0,0,SCALAR_BEKK_INTERNAL
2024-05-13,funded_assets,USD,0.451995849609375,0,0,SCALAR_BEKK_INTERNAL
2024-05-13,net_cashflows,EUR,0.8695068359375,0,0,SCALAR_BEKK_INTERNAL
2024-05-13,net_cashflows,USD,0.86932373046875,0,0,SCALAR_BEKK_INTERNAL
2024-05-14,funded_assets,EUR,0.7029571533203125,0,0,SCALAR_BEKK_INTERNAL
2024-05-14,funded_assets,USD,0.7039947509765625,0,0,SCALAR_BEKK_INTERNAL
2024-05-14,net_cashflows,EUR,0.721343994140625,0,0,SCALAR_BEKK_INTERNAL
2024-05-14,net_cashflows,USD,0.723663330078125,0,0,SCALAR_BEKK_INTERNAL
2024-05-15,funded_assets,EUR,0.636993408203125,0,0,SCALAR_BEKK_INTERNAL
2024-05-15,funded_assets,USD,0.636810302734375,0,0,SCALAR_BEKK_INTERNAL
2024-05-15,net_cashflows,EUR,0.0675811767578125,0,0,SCALAR_BEKK_INTERNAL
2024-05-15,net_cashflows,USD,0.066619873046875,0,0,SCALAR_BEKK_INTERNAL
2024-05-16,funded_assets,EUR,0.6815185546875,0,0,SCALAR_BEKK_INTERNAL
2024-05-16,funded_assets,USD,0.6814422607421875,0,0,SCALAR_BEKK_INTERNAL
2024-05-16,net_cashflows,EUR,0.38140869140625,0,0,SCALAR_BEKK_INTERNAL
2024-05-16,net_cashflows,USD,0.3806304931640625,0,0,SCALAR_BEKK_INTERNAL
2024-05-17,funded_assets,EUR,0.6343536376953125,0,0,SCALAR_BEKK_INTERNAL
2024-05-17,funded_assets,USD,0.634490966796875,0,0,SCALAR_BEKK_INTERNAL
2024-05-17,net_cashflows,EUR,0.2586212158203125,0,0,SCALAR_BEKK_INTERNAL
2024-05-17,net_cashflows,USD,0.2578277587890625,0,0,SCALAR_BEKK_INTERNAL
2024-05-20,funded_assets,EUR,0.244842529296875,0,0,SCALAR_BEKK_INTERNAL
2024-05-20,funded_assets,USD,0.2447052001953125,0,0,SCALAR_BEKK_INTERNAL
2024-05-20,net_cashflows,EUR,0.2106781005859375,0,0,SCALAR_BEKK_INTERNAL
2024-05-20,net_cashflows,USD,0.2115936279296875,0,0,SCALAR_BEKK_INTERNAL
2024-05-21,funded_assets,EUR,0.704833984375,0,0,SCALAR_BEKK_INTERNAL
2024-05-21,funded_assets,USD,0.7041168212890625,0,0,SCALAR_BEKK_INTERNAL
2024-05-21,net_cashflows,EUR,0.55853271484375,0,0,SCALAR_BEKK_INTERNAL
2024-05-21,net_cashflows,USD,0.55792236328125,0,0,SCALAR_BEKK_INTERNAL
2024-05-22,funded_assets,EUR,0.6551666259765625,0,0,SCALAR_BEKK_INTERNAL
2024-05-22,funded_assets,USD,0.6549224853515625,0,0,SCALAR_BEKK_INTERNAL
2024-05-22,net_cashflows,EUR,0.20538330078125,0,0,SCALAR_BEKK_INTERNAL
2024-05-22,net_cashflows,USD,0.2049102783203125,0,0,SCALAR_BEKK_INTERNAL
2024-05-23,funded_assets,EUR,0.3551788330078125,0,0,SCALAR_BEKK_INTERNAL
2024-05-23,funded_assets,USD,0.3554229736328125,0,0,SCALAR_BEKK_INTERNAL
2024-05-23,net_cashflows,EUR,0.5828094482421875,0,0,SCALAR_BEKK_INTERNAL
2024-05-23,net_cashflows,USD,0.5824737548828125,0,0,SCALAR_BEKK_INTERNAL
2024-05-24,funded_assets,EUR,0.7246246337890625,0,0,SCALAR_BEKK_INTERNAL
2024-05-24,funded_assets,USD,0.724700927734375,0,0,SCALAR_BEKK_INTERNAL
2024-05-24,net_cashflows,EUR,0.7095184326171875,0,0,SCALAR_BEKK_INTERNAL
2024-05-24,net_cashflows,USD,0.710235595703125,0,0,SCALAR_BEKK_INTERNAL
2024-05-27,funded_assets,EUR,0.4713592529296875,0,0,SCALAR_BEKK_INTERNAL
2024-05-27,funded_assets,USD,0.4707183837890625,0,0,SCALAR_BEKK_INTERNAL
2024-05-27,net_cashflows,EUR,0.2421722412109375,0,0,SCALAR_BEKK_INTERNAL
2024-05-27,net_cashflows,USD,0.241241455078125,0,0,SCALAR_BEKK_INTERNAL
2024-05-28,funded_assets,EUR,0.0109405517578125,0,0,SCALAR_BEKK_INTERNAL
2024-05-28,funded_assets,USD,0.0110626220703125,0,0,SCALAR_BEKK_INTERNAL
2024-05-28,net_cashflows,EUR,0.9365234375,0,0,SCALAR_BEKK_INTERNAL
2024-05-28,net_cashflows,USD,0.9354248046875,0,0,SCALAR_BEKK_INTERNAL
2024-05-29,funded_assets,EUR,0.9409332275390625,0,0,SCALAR_BEKK_INTERNAL
2024-05-29,funded_assets,USD,0.9390106201171875,0,0,SCALAR_BEKK_INTERNAL
2024-05-29,net_cashflows,EUR,0.4236297607421875,0,0,SCALAR_BEKK_INTERNAL
2024-05-29,net_cashflows,USD,0.42578125,0,0,SCALAR_BEKK_INTERNAL
2024-05-30,funded_assets,EUR,0.1297454833984375,0,0,SCALAR_BEKK_INTERNAL
2024-05-30,funded_assets,USD,0.128387451171875,0,0,SCALAR_BEKK_INTERNAL
2024-05-30,net_cashflows,EUR,0.750518798828125,0,0,SCALAR_BEKK_INTERNAL
2024-05-30,net_cashflows,USD,0.7511138916015625,0,0,SCALAR_BEKK_INTERNAL
2024-05-31,funded_assets,EUR,0.0495452880859375,0,0,SCALAR_BEKK_INTERNAL
2024-05-31,funded_assets,USD,0.048553466796875,0,0,SCALAR_BEKK_INTERNAL
2024-05-31,net_cashflows,EUR,0.997314453125,0,0,SCALAR_BEKK_INTERNAL
2024-05-31,net_cashflows,USD,0.997283935546875,0,0,SCALAR_BEKK_INTERNAL
2024-06-03,funded_assets,EUR,0.812469482421875,0,0,SCALAR_BEKK_INTERNAL
2024-06-03,funded_assets,USD,0.8123321533203125,0,0,SCALAR_BEKK_INTERNAL
2024-06-03,net_cashflows,EUR,0.0805816650390625,0,0,SCALAR_BEKK_INTERNAL
2024-06-03,net_cashflows,USD,0.0800323486328125,0,0,SCALAR_BEKK_INTERNAL
2024-06-04,funded_assets,EUR,0.42401123046875,0,0,SCALAR_BEKK_INTERNAL
2024-06-04,funded_assets,USD,0.423614501953125,0,0,SCALAR_BEKK_INTERNAL
2024-06-04,net_cashflows,EUR,0.52874755859375,0,0,SCALAR_BEKK_INTERNAL
2024-06-04,net_cashflows,USD,0.5292510986328125,0,0,SCALAR_BEKK_INTERNAL
2024-06-05,funded_assets,EUR,0.6280670166015625,0,0,SCALAR_BEKK_INTERNAL
2024-06-05,funded_assets,USD,0.628082275390625,0,0,SCALAR_BEKK_INTERNAL
2024-06-05,net_cashflows,EUR,0.7820587158203125,0,0,SCALAR_BEKK_INTERNAL
2024-06-05,net_cashflows,USD,0.7824249267578125,0,0,SCALAR_BEKK_INTERNAL
2024-06-06,funded_assets,EUR,0.002838134765625,0,0,SCALAR_BEKK_INTERNAL
2024-06-06,funded_assets,USD,0.0028839111328125,0,0,SCALAR_BEKK_INTERNAL
2024-06-06,net_cashflows,EUR,0.0493621826171875,0,0,SCALAR_BEKK_INTERNAL
2024-06-06,net_cashflows,USD,0.0495758056640625,0,0,SCALAR_BEKK_INTERNAL
2024-06-07,funded_assets,EUR,0.1414794921875,0,0,SCALAR_BEKK_INTERNAL
2024-06-07,funded_assets,USD,0.1465301513671875,0,0,SCALAR_BEKK_INTERNAL
2024-06-07,net_cashflows,EUR,0.3753204345703125,0,0,SCALAR_BEKK_INTERNAL
2024-06-07,net_cashflows,USD,0.3789215087890625,0,0,SCALAR_BEKK_INTERNAL
2024-06-10,funded_assets,EUR,0.8770751953125,0,0,SCALAR_BEKK_INTERNAL
2024-06-10,funded_assets,USD,0.87591552734375,0,0,SCALAR_BEKK_INTERNAL
2024-06-10,net_cashflows,EUR,0.4067535400390625,0,0,SCALAR_BEKK_INTERNAL
2024-06-10,net_cashflows,USD,0.4063262939453125,0,0,SCALAR_BEKK_INTERNAL
2024-06-11,funded_assets,EUR,0.7551116943359375,0,0,SCALAR_BEKK_INTERNAL
2024-06-11,funded_assets,USD,0.7565155029296875,0,0,SCALAR_BEKK_INTERNAL
2024-06-11,net_cashflows,EUR,0.4755706787109375,0,0,SCALAR_BEKK_INTERNAL
2024-06-11,net_cashflows,USD,0.4751129150390625,0,0,SCALAR_BEKK_INTERNAL
2024-06-12,funded_assets,EUR,0.0018157958984375,0,0,SCALAR_BEKK_INTERNAL
2024-06-12,funded_assets,USD,0.0017852783203125,0,0,SCALAR_BEKK_INTERNAL
2024-06-12,net_cashflows,EUR,0.8584747314453125,0,0,SCALAR_BEKK_INTERNAL
2024-06-12,net_cashflows,USD,0.8568878173828125,0,0,SCALAR_BEKK_INTERNAL
2024-06-13,funded_assets,EUR,0.9445037841796875,0,0,SCALAR_BEKK_INTERNAL
2024-06-13,funded_assets,USD,0.9415283203125,0,0,SCALAR_BEKK_INTERNAL
2024-06-13,net_cashflows,EUR,0.209136962890625,0,0,SCALAR_BEKK_INTERNAL
2024-06-13,net_cashflows,USD,0.21136474609375,0,0,SCALAR_BEKK_INTERNAL
2024-06-14,funded_assets,EUR,0.38702392578125,0,0,SCALAR_BEKK_INTERNAL
2024-06-14,funded_assets,USD,0.3867340087890625,0,0,SCALAR_BEKK_INTERNAL
2024-06-14,net_cashflows,EUR,0.6296844482421875,0,0,SCALAR_BEKK_INTERNAL
2024-06-14,net_cashflows,USD,0.62982177734375,0,0,SCALAR_BEKK_INTERNAL
2024-06-17,funded_assets,EUR,0.6201019287109375,0,0,SCALAR_BEKK_INTERNAL
2024-06-17,funded_assets,USD,0.620025634765625,0,0,SCALAR_BEKK_INTERNAL
2024-06-17,net_cashflows,EUR,0.6452178955078125,0,0,SCALAR_BEKK_INTERNAL
2024-06-17,net_cashflows,USD,0.6459197998046875,0,0,SCALAR_BEKK_INTERNAL
2024-06-18,funded_assets,EUR,0.578155517578125,0,0,SCALAR_BEKK_INTERNAL
2024-06-18,funded_assets,USD,0.5777435302734375,0,0,SCALAR_BEKK_INTERNAL
2024-06-18,net_cashflows,EUR,0.14471435546875,0,0,SCALAR_BEKK_INTERNAL
2024-06-18,net_cashflows,USD,0.14404296875,0,0,SCALAR_BEKK_INTERNAL
2024-06-19,funded_assets,EUR,0.3795166015625,0,0,SCALAR_BEKK_INTERNAL
2024-06-19,funded_assets,USD,0.3797760009765625,0,0,SCALAR_BEKK_INTERNAL
2024-06-19,net_cashflows,EUR,0.2982177734375,0,0,SCALAR_BEKK_INTERNAL
2024-06-19,net_cashflows,USD,0.3000030517578125,0,0,SCALAR_BEKK_INTERNAL
2024-06-20,funded_assets,EUR,0.94207763671875,0,0,SCALAR_BEKK_INTERNAL
2024-06-20,funded_assets,USD,0.9415740966796875,0,0,SCALAR_BEKK_INTERNAL
2024-06-20,net_cashflows,EUR,0.1904449462890625,0,0,SCALAR_BEKK_INTERNAL
2024-06-20,net_cashflows,USD,0.189239501953125,0,0,SCALAR_BEKK_INTERNAL
2024-06-21,funded_assets,EUR,0.2504730224609375,0,0,SCALAR_BEKK_INTERNAL
2024-06-21,funded_assets,USD,0.248870849609375,0,0,SCALAR_BEKK_INTERNAL
2024-06-21,net_cashflows,EUR,0.481842041015625,0,0,SCALAR_BEKK_INTERNAL
2024-06-21,net_cashflows,USD,0.4823760986328125,0,0,SCALAR_BEKK_INTERNAL
2024-06-24,funded_assets,EUR,0.567413330078125,0,0,SCALAR_BEKK_INTERNAL
2024-06-24,funded_assets,USD,0.5679931640625,0,0,SCALAR_BEKK_INTERNAL
2024-06-24,net_cashflows,EUR,0.1144866943359375,0,0,SCALAR_BEKK_INTERNAL
2024-06-24,net_cashflows,USD,0.11474609375,0,0,SCALAR_BEKK_INTERNAL
2024-06-25,funded_assets,EUR,0.6880035400390625,0,0,SCALAR_BEKK_INTERNAL
2024-06-25,funded_assets,USD,0.6875457763671875,0,0,SCALAR_BEKK_INTERNAL
2024-06-25,net_cashflows,EUR,0.415435791015625,0,0,SCALAR_BEKK_INTERNAL
2024-06-25,net_cashflows,USD,0.4150543212890625,0,0,SCALAR_BEKK_INTERNAL
2024-06-26,funded_assets,EUR,0.706390380859375,0,0,SCALAR_BEKK_INTERNAL
2024-06-26,funded_assets,USD,0.70635986328125,0,0,SCALAR_BEKK_INTERNAL
2024-06-26,net_cashflows,EUR,0.3427276611328125,0,0,SCALAR_BEKK_INTERNAL
2024-06-26,net_cashflows,USD,0.3424530029296875,0,0,SCALAR_BEKK_INTERNAL
2024-06-27,funded_assets,EUR,0.937713623046875,0,0,SCALAR_BEKK_INTERNAL
2024-06-27,funded_assets,USD,0.9378509521484375,0,0,SCALAR_BEKK_INTERNAL
2024-06-27,net_cashflows,EUR,0.1861572265625,0,0,SCALAR_BEKK_INTERNAL
2024-06-27,net_cashflows,USD,0.1843414306640625,0,0,SCALAR_BEKK_INTERNAL
2024-06-28,funded_assets,EUR,0.49615478515625,0,0,SCALAR_BEKK_INTERNAL
2024-06-28,funded_assets,USD,0.49493408203125,0,0,SCALAR_BEKK_INTERNAL
2024-06-28,net_cashflows,EUR,0.2651519775390625,0,0,SCALAR_BEKK_INTERNAL
2024-06-28,net_cashflows,USD,0.2647857666015625,0,0,SCALAR_BEKK_INTERNAL
2024-07-01,funded_assets,EUR,0.7853240966796875,0,0,SCALAR_BEKK_INTERNAL
2024-07-01,funded_assets,USD,0.78521728515625,0,0,SCALAR_BEKK_INTERNAL
2024-07-01,net_cashflows,EUR,0.293365478515625,0,0,SCALAR_BEKK_INTERNAL
2024-07-01,net_cashflows,USD,0.2926177978515625,0,0,SCALAR_BEKK_INTERNAL
2024-07-02,funded_assets,EUR,0.560211181640625,0,0,SCALAR_BEKK_INTERNAL
2024-07-02,funded_assets,USD,0.56201171875,0,0,SCALAR_BEKK_INTERNAL
2024-07-02,net_cashflows,EUR,0.8960418701171875,0,0,SCALAR_BEKK_INTERNAL
2024-07-02,net_cashflows,USD,0.8967132568359375,0,0,SCALAR_BEKK_INTERNAL
2024-07-03,funded_assets,EUR,0.650360107421875,0,0,SCALAR_BEKK_INTERNAL
2024-07-03,funded_assets,USD,0.6512451171875,0,0,SCALAR_BEKK_INTERNAL
2024-07-03,net_cashflows,EUR,0.551025390625,0,0,SCALAR_BEKK_INTERNAL
2024-07-03,net_cashflows,USD,0.552215576171875,0,0,SCALAR_BEKK_INTERNAL
2024-07-04,funded_assets,EUR,0.4434356689453125,0,0,SCALAR_BEKK_INTERNAL
2024-07-04,funded_assets,USD,0.4433135986328125,0,0,SCALAR_BEKK_INTERNAL
2024-07-04,net_cashflows,EUR,0.512664794921875,0,0,SCALAR_BEKK_INTERNAL
2024-07-04,net_cashflows,USD,0.51263427734375,0,0,SCALAR_BEKK_INTERNAL
2024-07-05,funded_assets,EUR,0.4306640625,0,0,SCALAR_BEKK_INTERNAL
2024-07-05,funded_assets,USD,0.4305572509765625,0,0,SCALAR_BEKK_INTERNAL
2024-07-05,net_cashflows,EUR,0.407562255859375,0,0,SCALAR_BEKK_INTERNAL
2024-07-05,net_cashflows,USD,0.4074859619140625,0,0,SCALAR_BEKK_INTERNAL
2024-07-08,funded_assets,EUR,0.7132568359375,0,0,SCALAR_BEKK_INTERNAL
2024-07-08,funded_assets,USD,0.71270751953125,0,0,SCALAR_BEKK_INTERNAL
2024-07-08,net_cashflows,EUR,0.31591796875,0,0,SCALAR_BEKK_INTERNAL
2024-07-08,net_cashflows,USD,0.3159332275390625,0,0,SCALAR_BEKK_INTERNAL
2024-07-09,funded_assets,EUR,0.73089599609375,0,0,SCALAR_BEKK_INTERNAL
2024-07-09,funded_assets,USD,0.7320098876953125,0,0,SCALAR_BEKK_INTERNAL
2024-07-09,net_cashflows,EUR,0.33526611328125,0,0,SCALAR_BEKK_INTERNAL
2024-07-09,net_cashflows,USD,0.334014892578125,0,0,SCALAR_BEKK_INTERNAL
2024-07-10,funded_assets,EUR,0.081939697265625,0,0,SCALAR_BEKK_INTERNAL
2024-07-10,funded_assets,USD,0.080474853515625,0,0,SCALAR_BEKK_INTERNAL
2024-07-10,net_cashflows,EUR,0.9977264404296875,0,0,SCALAR_BEKK_INTERNAL
2024-07-10,net_cashflows,USD,0.9977874755859375,0,0,SCALAR_BEKK_INTERNAL
2024-07-11,funded_assets,EUR,0.4795379638671875,0,0,SCALAR_BEKK_INTERNAL
2024-07-11,funded_assets,USD,0.478546142578125,0,0,SCALAR_BEKK_INTERNAL
2024-07-11,net_cashflows,EUR,0.81964111328125,0,0,SCALAR_BEKK_INTERNAL
2024-07-11,net_cashflows,USD,0.8218841552734375,0,0,SCALAR_BEKK_INTERNAL
2024-07-12,funded_assets,EUR,0.582733154296875,0,0,SCALAR_BEKK_INTERNAL
2024-07-12,funded_assets,USD,0.582763671875,0,0,SCALAR_BEKK_INTERNAL
2024-07-12,net_cashflows,EUR,0.3262481689453125,0,0,SCALAR_BEKK_INTERNAL
2024-07-12,net_cashflows,USD,0.3258819580078125,0,0,SCALAR_BEKK_INTERNAL
2024-07-15,funded_assets,EUR,0.0895843505859375,0,0,SCALAR_BEKK_INTERNAL
2024-07-15,funded_assets,USD,0.088165283203125,0,0,SCALAR_BEKK_INTERNAL
2024-07-15,net_cashflows,EUR,0.9919281005859375,0,0,SCALAR_BEKK_INTERNAL
2024-07-15,net_cashflows,USD,0.9918670654296875,0,0,SCALAR_BEKK_INTERNAL
2024-07-16,funded_assets,EUR,0.4529876708984375,0,0,SCALAR_BEKK_INTERNAL
2024-07-16,funded_assets,USD,0.45318603515625,0,0,SCALAR_BEKK_INTERNAL
2024-07-16,net_cashflows,EUR,0.7312469482421875,0,0,SCALAR_BEKK_INTERNAL
2024-07-16,net_cashflows,USD,0.7310791015625,0,0,SCALAR_BEKK_INTERNAL
2024-07-17,funded_assets,EUR,0.630279541015625,0,0,SCALAR_BEKK_INTERNAL
2024-07-17,funded_assets,USD,0.6296234130859375,0,0,SCALAR_BEKK_INTERNAL
2024-07-17,net_cashflows,EUR,0.0841522216796875,0,0,SCALAR_BEKK_INTERNAL
2024-07-17,net_cashflows,USD,0.0840606689453125,0,0,SCALAR_BEKK_INTERNAL
2024-07-18,funded_assets,EUR,0.2283935546875,0,0,SCALAR_BEKK_INTERNAL
2024-07-18,funded_assets,USD,0.228973388671875,0,0,SCALAR_BEKK_INTERNAL
2024-07-18,net_cashflows,EUR,0.80450439453125,0,0,SCALAR_BEKK_INTERNAL
2024-07-18,net_cashflows,USD,0.803558349609375,0,0,SCALAR_BEKK_INTERNAL
2024-07-19,funded_assets,EUR,0.1552276611328125,0,0,SCALAR_BEKK_INTERNAL
2024-07-19,funded_assets,USD,0.1558837890625,0,0,SCALAR_BEKK_INTERNAL
2024-07-19,net_cashflows,EUR,0.6388702392578125,0,0,SCALAR_BEKK_INTERNAL
2024-07-19,net_cashflows,USD,0.6375885009765625,0,0,SCALAR_BEKK_INTERNAL
2024-07-22,funded_assets,EUR,0.012725830078125,0,0,SCALAR_BEKK_INTERNAL
2024-07-22,funded_assets,USD,0.012786865234375,0,0,SCALAR_BEKK_INTERNAL
2024-07-22,net_cashflows,EUR,0.9914398193359375,0,0,SCALAR_BEKK_INTERNAL
2024-07-22,net_cashflows,USD,0.9911651611328125,0,0,SCALAR_BEKK_INTERNAL
2024-07-23,funded_assets,EUR,0.0874786376953125,0,0,SCALAR_BEKK_INTERNAL
2024-07-23,funded_assets,USD,0.0869903564453125,0,0,SCALAR_BEKK_INTERNAL
2024-07-23,net_cashflows,EUR,0.9894561767578125,0,0,SCALAR_BEKK_INTERNAL
2024-07-23,net_cashflows,USD,0.9893035888671875,0,0,SCALAR_BEKK_INTERNAL
2024-07-24,funded_assets,EUR,0.97174072265625,0,0,SCALAR_BEKK_INTERNAL
2024-07-24,funded_assets,USD,0.97149658203125,0,0,SCALAR_BEKK_INTERNAL
2024-07-24,net_cashflows,EUR,0.01800537109375,0,0,SCALAR_BEKK_INTERNAL
2024-07-24,net_cashflows,USD,0.0179595947265625,0,0,SCALAR_BEKK_INTERNAL
2024-07-25,funded_assets,EUR,0.0971221923828125,0,0,SCALAR_BEKK_INTERNAL
2024-07-25,funded_assets,USD,0.0960540771484375,0,0,SCALAR_BEKK_INTERNAL
2024-07-25,net_cashflows,EUR,0.7092437744140625,0,0,SCALAR_BEKK_INTERNAL
2024-07-25,net_cashflows,USD,0.7112274169921875,0,0,SCALAR_BEKK_INTERNAL
2024-07-26,funded_assets,EUR,0.7693328857421875,0,0,SCALAR_BEKK_INTERNAL
2024-07-26,funded_assets,USD,0.7679443359375,0,0,SCALAR_BEKK_INTERNAL
2024-07-26,net_cashflows,EUR,0.174072265625,0,0,SCALAR_BEKK_INTERNAL
2024-07-26,net_cashflows,USD,0.174835205078125,0,0,SCALAR_BEKK_INTERNAL
2024-07-29,funded_assets,EUR,0.0047760009765625,0,0,SCALAR_BEKK_INTERNAL
2024-07-29,funded_assets,USD,0.004608154296875,0,0,SCALAR_BEKK_INTERNAL
2024-07-29,net_cashflows,EUR,0.9997711181640625,0,0,SCALAR_BEKK_INTERNAL
2024-07-29,net_cashflows,USD,0.9997711181640625,0,0,SCALAR_BEKK_INTERNAL
2024-07-30,funded_assets,EUR,0.146942138671875,0,0,SCALAR_BEKK_INTERNAL
2024-07-30,funded_assets,USD,0.14947509765625,0,0,SCALAR_BEKK_INTERNAL
2024-07-30,net_cashflows,EUR,0.5213470458984375,0,0,SCALAR_BEKK_INTERNAL
2024-07-30,net_cashflows,USD,0.514495849609375,0,0,SCALAR_BEKK_INTERNAL
2024-07-31,funded_assets,EUR,0.518402099609375,0,0,SCALAR_BEKK_INTERNAL
2024-07-31,funded_assets,USD,0.5170135498046875,0,0,SCALAR_BEKK_INTERNAL
2024-07-31,net_cashflows,EUR,0.964385986328125,0,0,SCALAR_BEKK_INTERNAL
2024-07-31,net_cashflows,USD,0.9643096923828125,0,0,SCALAR_BEKK_INTERNAL
2024-08-01,funded_assets,EUR,0.0241851806640625,0,0,SCALAR_BEKK_INTERNAL
2024-08-01,funded_assets,USD,0.022613525390625,0,0,SCALAR_BEKK_INTERNAL
2024-08-01,net_cashflows,EUR,1,0,1,SCALAR_BEKK_INTERNAL
2024-08-01,net_cashflows,USD,1,0,1,SCALAR_BEKK_INTERNAL
2024-08-02,funded_assets,EUR,0.8742523193359375,0,0,SCALAR_BEKK_INTERNAL
2024-08-02,funded_assets,USD,0.8777313232421875,0,0,SCALAR_BEKK_INTERNAL
2024-08-02,net_cashflows,EUR,0.01953125,0,0,SCALAR_BEKK_INTERNAL
2024-08-02,net_cashflows,USD,0.0179901123046875,0,0,SCALAR_BEKK_INTERNAL
2024-08-05,funded_assets,EUR,0.9481353759765625,0,0,SCALAR_BEKK_INTERNAL
2024-08-05,funded_assets,USD,0.9473114013671875,0,0,SCALAR_BEKK_INTERNAL
2024-08-05,net_cashflows,EUR,0.092437744140625,0,0,SCALAR_BEKK_INTERNAL
2024-08-05,net_cashflows,USD,0.0925445556640625,0,0,SCALAR_BEKK_INTERNAL
2024-08-06,funded_assets,EUR,0.325164794921875,0,0,SCALAR_BEKK_INTERNAL
2024-08-06,funded_assets,USD,0.325439453125,0,0,SCALAR_BEKK_INTERNAL
2024-08-06,net_cashflows,EUR,0.762237548828125,0,0,SCALAR_BEKK_INTERNAL
2024-08-06,net_cashflows,USD,0.7619781494140625,0,0,SCALAR_BEKK_INTERNAL
2024-08-07,funded_assets,EUR,0.6580352783203125,0,0,SCALAR_BEKK_INTERNAL
2024-08-07,funded_assets,USD,0.6580963134765625,0,0,SCALAR_BEKK_INTERNAL
2024-08-07,net_cashflows,EUR,0.2194671630859375,0,0,SCALAR_BEKK_INTERNAL
2024-08-07,net_cashflows,USD,0.21881103515625,0,0,SCALAR_BEKK_INTERNAL
2024-08-08,funded_assets,EUR,0.7953338623046875,0,0,SCALAR_BEKK_INTERNAL
2024-08-08,funded_assets,USD,0.7951202392578125,0,0,SCALAR_BEKK_INTERNAL
2024-08-08,net_cashflows,EUR,0.2652435302734375,0,0,SCALAR_BEKK_INTERNAL
2024-08-08,net_cashflows,USD,0.2649993896484375,0,0,SCALAR_BEKK_INTERNAL
2024-08-09,funded_assets,EUR,0.4300689697265625,0,0,SCALAR_BEKK_INTERNAL
2024-08-09,funded_assets,USD,0.4300689697265625,0,0,SCALAR_BEKK_INTERNAL
2024-08-09,net_cashflows,EUR,0.5482940673828125,0,0,SCALAR_BEKK_INTERNAL
2024-08-09,net_cashflows,USD,0.5481414794921875,0,0,SCALAR_BEKK_INTERNAL
2024-08-12,funded_assets,EUR,0.940673828125,0,0,SCALAR_BEKK_INTERNAL
2024-08-12,funded_assets,USD,0.9416656494140625,0,0,SCALAR_BEKK_INTERNAL
2024-08-12,net_cashflows,EUR,0.6267852783203125,0,0,SCALAR_BEKK_INTERNAL
2024-08-12,net_cashflows,USD,0.6283721923828125,0,0,SCALAR_BEKK_INTERNAL
2024-08-13,funded_assets,EUR,0.535400390625,0,0,SCALAR_BEKK_INTERNAL
2024-08-13,funded_assets,USD,0.5351409912109375,0,0,SCALAR_BEKK_INTERNAL
2024-08-13,net_cashflows,EUR,0.3762054443359375,0,0,SCALAR_BEKK_INTERNAL
2024-08-13,net_cashflows,USD,0.37493896484375,0,0,SCALAR_BEKK_INTERNAL
2024-08-14,funded_assets,EUR,0.380279541015625,0,0,SCALAR_BEKK_INTERNAL
2024-08-14,funded_assets,USD,0.38037109375,0,0,SCALAR_BEKK_INTERNAL
2024-08-14,net_cashflows,EUR,0.2911224365234375,0,0,SCALAR_BEKK_INTERNAL
2024-08-14,net_cashflows,USD,0.2915496826171875,0,0,SCALAR_BEKK_INTERNAL
2024-08-15,funded_assets,EUR,0.39208984375,0,0,SCALAR_BEKK_INTERNAL
2024-08-15,funded_assets,USD,0.3914337158203125,0,0,SCALAR_BEKK_INTERNAL
2024-08-15,net_cashflows,EUR,0.8697052001953125,0,0,SCALAR_BEKK_INTERNAL
2024-08-15,net_cashflows,USD,0.8695068359375,0,0,SCALAR_BEKK_INTERNAL
2024-08-16,funded_assets,EUR,0.7378997802734375,0,0,SCALAR_BEKK_INTERNAL
2024-08-16,funded_assets,USD,0.73895263671875,0,0,SCALAR_BEKK_INTERNAL
2024-08-16,net_cashflows,EUR,0.5060882568359375,0,0,SCALAR_BEKK_INTERNAL
2024-08-16,net_cashflows,USD,0.5078125,0,0,SCALAR_BEKK_INTERNAL
2024-08-19,funded_assets,EUR,0.5727081298828125,0,0,SCALAR_BEKK_INTERNAL
2024-08-19,funded_assets,USD,0.5739593505859375,0,0,SCALAR_BEKK_INTERNAL
2024-08-19,net_cashflows,EUR,0.6652069091796875,0,0,SCALAR_BEKK_INTERNAL
2024-08-19,net_cashflows,USD,0.6662445068359375,0,0,SCALAR_BEKK_INTERNAL
2024-08-20,funded_assets,EUR,0.44720458984375,0,0,SCALAR_BEKK_INTERNAL
2024-08-20,funded_assets,USD,0.4469757080078125,0,0,SCALAR_BEKK_INTERNAL
2024-08-20,net_cashflows,EUR,0.4854278564453125,0,0,SCALAR_BEKK_INTERNAL
2024-08-20,net_cashflows,USD,0.4855804443359375,0,0,SCALAR_BEKK_INTERNAL
2024-08-21,funded_assets,EUR,0.2746429443359375,0,0,SCALAR_BEKK_INTERNAL
2024-08-21,funded_assets,USD,0.2745513916015625,0,0,SCALAR_BEKK_INTERNAL
2024-08-21,net_cashflows,EUR,0.5072021484375,0,0,SCALAR_BEKK_INTERNAL
2024-08-21,net_cashflows,USD,0.507110595703125,0,0,SCALAR_BEKK_INTERNAL
2024-08-22,funded_assets,EUR,0.2433319091796875,0,0,SCALAR_BEKK_INTERNAL
2024-08-22,funded_assets,USD,0.242279052734375,0,0,SCALAR_BEKK_INTERNAL
2024-08-22,net_cashflows,EUR,0.87847900390625,0,0,SCALAR_BEKK_INTERNAL
2024-08-22,net_cashflows,USD,0.878662109375,0,0,SCALAR_BEKK_INTERNAL
2024-08-23,funded_assets,EUR,0.4019317626953125,0,0,SCALAR_BEKK_INTERNAL
2024-08-23,funded_assets,USD,0.4013671875,0,0,SCALAR_BEKK_INTERNAL
2024-08-23,net_cashflows,EUR,0.45697021484375,0,0,SCALAR_BEKK_INTERNAL
2024-08-23,net_cashflows,USD,0.4568939208984375,0,0,SCALAR_BEKK_INTERNAL
2024-08-26,funded_assets,EUR,0.059478759765625,0,0,SCALAR_BEKK_INTERNAL
2024-08-26,funded_assets,USD,0.05975341796875,0,0,SCALAR_BEKK_INTERNAL
2024-08-26,net_cashflows,EUR,0.5800018310546875,0,0,SCALAR_BEKK_INTERNAL
2024-08-26,net_cashflows,USD,0.579803466796875,0,0,SCALAR_BEKK_INTERNAL
2024-08-27,funded_assets,EUR,0.3235931396484375,0,0,SCALAR_BEKK_INTERNAL
2024-08-27,funded_assets,USD,0.3265838623046875,0,0,SCALAR_BEKK_INTERNAL
2024-08-27,net_cashflows,EUR,0.45684814453125,0,0,SCALAR_BEKK_INTERNAL
2024-08-27,net_cashflows,USD,0.45709228515625,0,0,SCALAR_BEKK_INTERNAL
2024-08-28,funded_assets,EUR,0.81396484375,0,0,SCALAR_BEKK_INTERNAL
2024-08-28,funded_assets,USD,0.8132476806640625,0,0,SCALAR_BEKK_INTERNAL
2024-08-28,net_cashflows,EUR,0.2150421142578125,0,0,SCALAR_BEKK_INTERNAL
2024-08-28,net_cashflows,USD,0.215179443359375,0,0,SCALAR_BEKK_INTERNAL
2024-08-29,funded_assets,EUR,0.743560791015625,0,0,SCALAR_BEKK_INTERNAL
2024-08-29,funded_assets,USD,0.74224853515625,0,0,SCALAR_BEKK_INTERNAL
2024-08-29,net_cashflows,EUR,0.1666259765625,0,0,SCALAR_BEKK_INTERNAL
2024-08-29,net_cashflows,USD,0.167083740234375,0,0,SCALAR_BEKK_INTERNAL
2024-08-30,funded_assets,EUR,0.132080078125,0,0,SCALAR_BEKK_INTERNAL
2024-08-30,funded_assets,USD,0.132720947265625,0,0,SCALAR_BEKK_INTERNAL
2024-08-30,net_cashflows,EUR,0.6680908203125,0,0,SCALAR_BEKK_INTERNAL
2024-08-30,net_cashflows,USD,0.6681671142578125,0,0,SCALAR_BEKK_INTERNAL
2024-09-02,funded_assets,EUR,0.34295654296875,0,0,SCALAR_BEKK_INTERNAL
2024-09-02,funded_assets,USD,0.3425140380859375,0,0,SCALAR_BEKK_INTERNAL
2024-09-02,net_cashflows,EUR,0.8091888427734375,0,0,SCALAR_BEKK_INTERNAL
2024-09-02,net_cashflows,USD,0.8088531494140625,0,0,SCALAR_BEKK_INTERNAL
2024-09-03,funded_assets,EUR,0.4169921875,0,0,SCALAR_BEKK_INTERNAL
2024-09-03,funded_assets,USD,0.4160003662109375,0,0,SCALAR_BEKK_INTERNAL
2024-09-03,net_cashflows,EUR,0.8795013427734375,0,0,SCALAR_BEKK_INTERNAL
2024-09-03,net_cashflows,USD,0.8806915283203125,0,0,SCALAR_BEKK_INTERNAL
2024-09-04,funded_assets,EUR,0.3498992919921875,0,0,SCALAR_BEKK_INTERNAL
2024-09-04,funded_assets,USD,0.3488311767578125,0,0,SCALAR_BEKK_INTERNAL
2024-09-04,net_cashflows,EUR,0.6534423828125,0,0,SCALAR_BEKK_INTERNAL
2024-09-04,net_cashflows,USD,0.6543426513671875,0,0,SCALAR_BEKK_INTERNAL
2024-09-05,funded_assets,EUR,0.2853546142578125,0,0,SCALAR_BEKK_INTERNAL
2024-09-05,funded_assets,USD,0.2869110107421875,0,0,SCALAR_BEKK_INTERNAL
2024-09-05,net_cashflows,EUR,0.3160858154296875,0,0,SCALAR_BEKK_INTERNAL
2024-09-05,net_cashflows,USD,0.3159637451171875,0,0,SCALAR_BEKK_INTERNAL
2024-09-06,funded_assets,EUR,0.178314208984375,0,0,SCALAR_BEKK_INTERNAL
2024-09-06,funded_assets,USD,0.1797332763671875,0,0,SCALAR_BEKK_INTERNAL
2024-09-06,net_cashflows,EUR,0.6733551025390625,0,0,SCALAR_BEKK_INTERNAL
2024-09-06,net_cashflows,USD,0.67236328125,0,0,SCALAR_BEKK_INTERNAL
2024-09-09,funded_assets,EUR,0.3326568603515625,0,0,SCALAR_BEKK_INTERNAL
2024-09-09,funded_assets,USD,0.33233642578125,0,0,SCALAR_BEKK_INTERNAL
2024-09-09,net_cashflows,EUR,0.8078765869140625,0,0,SCALAR_BEKK_INTERNAL
2024-09-09,net_cashflows,USD,0.8077239990234375,0,0,SCALAR_BEKK_INTERNAL
2024-09-10,funded_assets,EUR,0.7592010498046875,0,0,SCALAR_BEKK_INTERNAL
2024-09-10,funded_assets,USD,0.7591400146484375,0,0,SCALAR_BEKK_INTERNAL
2024-09-10,net_cashflows,EUR,0.17828369140625,0,0,SCALAR_BEKK_INTERNAL
2024-09-10,net_cashflows,USD,0.17767333984375,0,0,SCALAR_BEKK_INTERNAL
2024-09-11,funded_assets,EUR,0.414581298828125,0,0,SCALAR_BEKK_INTERNAL
2024-09-11,funded_assets,USD,0.4158782958984375,0,0,SCALAR_BEKK_INTERNAL
2024-09-11,net_cashflows,EUR,0.92523193359375,0,0,SCALAR_BEKK_INTERNAL
2024-09-11,net_cashflows,USD,0.92474365234375,0,0,SCALAR_BEKK_INTERNAL
2024-09-12,funded_assets,EUR,0.4675445556640625,0,0,SCALAR_BEKK_INTERNAL
2024-09-12,funded_assets,USD,0.4669189453125,0,0,SCALAR_BEKK_INTERNAL
2024-09-12,net_cashflows,EUR,0.7721710205078125,0,0,SCALAR_BEKK_INTERNAL
2024-09-12,net_cashflows,USD,0.7762298583984375,0,0,SCALAR_BEKK_INTERNAL
2024-09-13,funded_assets,EUR,0.81976318359375,0,0,SCALAR_BEKK_INTERNAL
2024-09-13,funded_assets,USD,0.82049560546875,0,0,SCALAR_BEKK_INTERNAL
2024-09-13,net_cashflows,EUR,0.281951904296875,0,0,SCALAR_BEKK_INTERNAL
2024-09-13,net_cashflows,USD,0.2808990478515625,0,0,SCALAR_BEKK_INTERNAL
2024-09-16,funded_assets,EUR,0.66058349609375,0,0,SCALAR_BEKK_INTERNAL
2024-09-16,funded_assets,USD,0.659515380859375,0,0,SCALAR_BEKK_INTERNAL
2024-09-16,net_cashflows,EUR,0.2021942138671875,0,0,SCALAR_BEKK_INTERNAL
2024-09-16,net_cashflows,USD,0.2017822265625,0,0,SCALAR_BEKK_INTERNAL
2024-09-17,funded_assets,EUR,0.9522705078125,0,0,SCALAR_BEKK_INTERNAL
2024-09-17,funded_assets,USD,0.9522247314453125,0,0,SCALAR_BEKK_INTERNAL
2024-09-17,net_cashflows,EUR,0.1152191162109375,0,0,SCALAR_BEKK_INTERNAL
2024-09-17,net_cashflows,USD,0.113983154296875,0,0,SCALAR_BEKK_INTERNAL
2024-09-18,funded_assets,EUR,0.89990234375,0,0,SCALAR_BEKK_INTERNAL
2024-09-18,funded_assets,USD,0.900665283203125,0,0,SCALAR_BEKK_INTERNAL
2024-09-18,net_cashflows,EUR,0.151397705078125,0,0,SCALAR_BEKK_INTERNAL
2024-09-18,net_cashflows,USD,0.1501617431640625,0,0,SCALAR_BEKK_INTERNAL
2024-09-19,funded_assets,EUR,0.0207977294921875,0,0,SCALAR_BEKK_INTERNAL
2024-09-19,funded_assets,USD,0.0206146240234375,0,0,SCALAR_BEKK_INTERNAL
2024-09-19,net_cashflows,EUR,0.691558837890625,0,0,SCALAR_BEKK_INTERNAL
2024-09-19,net_cashflows,USD,0.6925201416015625,0,0,SCALAR_BEKK_INTERNAL
2024-09-20,funded_assets,EUR,0.5101776123046875,0,0,SCALAR_BEKK_INTERNAL
2024-09-20,funded_assets,USD,0.5091094970703125,0,0,SCALAR_BEKK_INTERNAL
2024-09-20,net_cashflows,EUR,0.4054107666015625,0,0,SCALAR_BEKK_INTERNAL
2024-09-20,net_cashflows,USD,0.4058990478515625,0,0,SCALAR_BEKK_INTERNAL
2024-09-23,funded_assets,EUR,0.9832305908203125,0,0,SCALAR_BEKK_INTERNAL
2024-09-23,funded_assets,USD,0.9834747314453125,0,0,SCALAR_BEKK_INTERNAL
2024-09-23,net_cashflows,EUR,0.369232177734375,0,0,SCALAR_BEKK_INTERNAL
2024-09-23,net_cashflows,USD,0.3677215576171875,0,0,SCALAR_BEKK_INTERNAL
2024-09-24,funded_assets,EUR,0.0834197998046875,0,0,SCALAR_BEKK_INTERNAL
2024-09-24,funded_assets,USD,0.08154296875,0,0,SCALAR_BEKK_INTERNAL
2024-09-24,net_cashflows,EUR,0.5828704833984375,0,0,SCALAR_BEKK_INTERNAL
2024-09-24,net_cashflows,USD,0.5834808349609375,0,0,SCALAR_BEKK_INTERNAL
2024-09-25,funded_assets,EUR,0.1562042236328125,0,0,SCALAR_BEKK_INTERNAL
2024-09-25,funded_assets,USD,0.1562957763671875,0,0,SCALAR_BEKK_INTERNAL
2024-09-25,net_cashflows,EUR,0.845733642578125,0,0,SCALAR_BEKK_INTERNAL
2024-09-25,net_cashflows,USD,0.8444366455078125,0,0,SCALAR_BEKK_INTERNAL
2024-09-26,funded_assets,EUR,0.7903289794921875,0,0,SCALAR_BEKK_INTERNAL
2024-09-26,funded_assets,USD,0.789764404296875,0,0,SCALAR_BEKK_INTERNAL
2024-09-26,net_cashflows,EUR,0.6256256103515625,0,0,SCALAR_BEKK_INTERNAL
2024-09-26,net_cashflows,USD,0.62750244140625,0,0,SCALAR_BEKK_INTERNAL
2024-09-27,funded_assets,EUR,0.037567138671875,0,0,SCALAR_BEKK_INTERNAL
2024-09-27,funded_assets,USD,0.0374755859375,0,0,SCALAR_BEKK_INTERNAL
2024-09-27,net_cashflows,EUR,0.175628662109375,0,0,SCALAR_BEKK_INTERNAL
2024-09-27,net_cashflows,USD,0.1761322021484375,0,0,SCALAR_BEKK_INTERNAL
2024-09-30,funded_assets,EUR,0.665771484375,0,0,SCALAR_BEKK_INTERNAL
2024-09-30,funded_assets,USD,0.665069580078125,0,0,SCALAR_BEKK_INTERNAL
2024-09-30,net_cashflows,EUR,0.2311248779296875,0,0,SCALAR_BEKK_INTERNAL
2024-09-30,net_cashflows,USD,0.2342071533203125,0,0,SCALAR_BEKK_INTERNAL
2024-10-01,funded_assets,EUR,0.9413299560546875,0,0,SCALAR_BEKK_INTERNAL
2024-10-01,funded_assets,USD,0.9398040771484375,0,0,SCALAR_BEKK_INTERNAL
2024-10-01,net_cashflows,EUR,0.124420166015625,0,0,SCALAR_BEKK_INTERNAL
2024-10-01,net_cashflows,USD,0.1253204345703125,0,0,SCALAR_BEKK_INTERNAL
2024-10-02,funded_assets,EUR,0.239593505859375,0,0,SCALAR_BEKK_INTERNAL
2024-10-02,funded_assets,USD,0.2396697998046875,0,0,SCALAR_BEKK_INTERNAL
2024-10-02,net_cashflows,EUR,0.41290283203125,0,0,SCALAR_BEKK_INTERNAL
2024-10-02,net_cashflows,USD,0.413604736328125,0,0,SCALAR_BEKK_INTERNAL
2024-10-03,funded_assets,EUR,0.6047210693359375,0,0,SCALAR_BEKK_INTERNAL
2024-10-03,funded_assets,USD,0.6052398681640625,0,0,SCALAR_BEKK_INTERNAL
2024-10-03,net_cashflows,EUR,0.1259613037109375,0,0,SCALAR_BEKK_INTERNAL
2024-10-03,net_cashflows,USD,0.1267242431640625,0,0,SCALAR_BEKK_INTERNAL
2024-10-04,funded_assets,EUR,0.4947509765625,0,0,SCALAR_BEKK_INTERNAL
2024-10-04,funded_assets,USD,0.494720458984375,0,0,SCALAR_BEKK_INTERNAL
2024-10-04,net_cashflows,EUR,0.444854736328125,0,0,SCALAR_BEKK_INTERNAL
2024-10-04,net_cashflows,USD,0.44500732421875,0,0,SCALAR_BEKK_INTERNAL
2024-10-07,funded_assets,EUR,0.4595947265625,0,0,SCALAR_BEKK_INTERNAL
2024-10-07,funded_assets,USD,0.4596099853515625,0,0,SCALAR_BEKK_INTERNAL
2024-10-07,net_cashflows,EUR,0.2741546630859375,0,0,SCALAR_BEKK_INTERNAL
2024-10-07,net_cashflows,USD,0.2748565673828125,0,0,SCALAR_BEKK_INTERNAL
2024-10-08,funded_assets,EUR,0.3575592041015625,0,0,SCALAR_BEKK_INTERNAL
2024-10-08,funded_assets,USD,0.358154296875,0,0,SCALAR_BEKK_INTERNAL
2024-10-08,net_cashflows,EUR,0.397918701171875,0,0,SCALAR_BEKK_INTERNAL
2024-10-08,net_cashflows,USD,0.39892578125,0,0,SCALAR_BEKK_INTERNAL
2024-10-09,funded_assets,EUR,0.4913787841796875,0,0,SCALAR_BEKK_INTERNAL
2024-10-09,funded_assets,USD,0.4914093017578125,0,0,SCALAR_BEKK_INTERNAL
2024-10-09,net_cashflows,EUR,0.569000244140625,0,0,SCALAR_BEKK_INTERNAL
2024-10-09,net_cashflows,USD,0.5688629150390625,0,0,SCALAR_BEKK_INTERNAL
2024-10-10,funded_assets,EUR,0.6285858154296875,0,0,SCALAR_BEKK_INTERNAL
2024-10-10,funded_assets,USD,0.6283721923828125,0,0,SCALAR_BEKK_INTERNAL
2024-10-10,net_cashflows,EUR,0.1700592041015625,0,0,SCALAR_BEKK_INTERNAL
2024-10-10,net_cashflows,USD,0.1700592041015625,0,0,SCALAR_BEKK_INTERNAL
2024-10-11,funded_assets,EUR,0.200408935546875,0,0,SCALAR_BEKK_INTERNAL
2024-10-11,funded_assets,USD,0.2006072998046875,0,0,SCALAR_BEKK_INTERNAL
2024-10-11,net_cashflows,EUR,0.563323974609375,0,0,SCALAR_BEKK_INTERNAL
2024-10-11,net_cashflows,USD,0.5636444091796875,0,0,SCALAR_BEKK_INTERNAL
2024-10-14,funded_assets,EUR,0.5121612548828125,0,0,SCALAR_BEKK_INTERNAL
2024-10-14,funded_assets,USD,0.5121612548828125,0,0,SCALAR_BEKK_INTERNAL
2024-10-14,net_cashflows,EUR,0.61767578125,0,0,SCALAR_BEKK_INTERNAL
2024-10-14,net_cashflows,USD,0.617584228515625,0,0,SCALAR_BEKK_INTERNAL
2024-10-15,funded_assets,EUR,0.25439453125,0,0,SCALAR_BEKK_INTERNAL
2024-10-15,funded_assets,USD,0.2550048828125,0,0,SCALAR_BEKK_INTERNAL
2024-10-15,net_cashflows,EUR,0.3645782470703125,0,0,SCALAR_BEKK_INTERNAL
2024-10-15,net_cashflows,USD,0.3646697998046875,0,0,SCALAR_BEKK_INTERNAL
2024-10-16,funded_assets,EUR,0.442840576171875,0,0,SCALAR_BEKK_INTERNAL
2024-10-16,funded_assets,USD,0.4433441162109375,0,0,SCALAR_BEKK_INTERNAL
2024-10-16,net_cashflows,EUR,0.2006072998046875,0,0,SCALAR_BEKK_INTERNAL
2024-10-16,net_cashflows,USD,0.2015533447265625,0,0,SCALAR_BEKK_INTERNAL
2024-10-17,funded_assets,EUR,0.5155487060546875,0,0,SCALAR_BEKK_INTERNAL
2024-10-17,funded_assets,USD,0.51544189453125,0,0,SCALAR_BEKK_INTERNAL
2024-10-17,net_cashflows,EUR,0.6407012939453125,0,0,SCALAR_BEKK_INTERNAL
2024-10-17,net_cashflows,USD,0.6403961181640625,0,0,SCALAR_BEKK_INTERNAL
2024-10-18,funded_assets,EUR,0.43536376953125,0,0,SCALAR_BEKK_INTERNAL
2024-10-18,funded_assets,USD,0.43548583984375,0,0,SCALAR_BEKK_INTERNAL
2024-10-18,net_cashflows,EUR,0.2386322021484375,0,0,SCALAR_BEKK_INTERNAL
2024-10-18,net_cashflows,USD,0.238494873046875,0,0,SCALAR_BEKK_INTERNAL
2024-10-21,funded_assets,EUR,0.4481964111328125,0,0,SCALAR_BEKK_INTERNAL
2024-10-21,funded_assets,USD,0.4487457275390625,0,0,SCALAR_BEKK_INTERNAL
2024-10-21,net_cashflows,EUR,0.0347442626953125,0,0,SCALAR_BEKK_INTERNAL
2024-10-21,net_cashflows,USD,0.035400390625,0,0,SCALAR_BEKK_INTERNAL
2024-10-22,funded_assets,EUR,0.5677490234375,0,0,SCALAR_BEKK_INTERNAL
2024-10-22,funded_assets,USD,0.56744384765625,0,0,SCALAR_BEKK_INTERNAL
2024-10-22,net_cashflows,EUR,0.83428955078125,0,0,SCALAR_BEKK_INTERNAL
2024-10-22,net_cashflows,USD,0.8322601318359375,0,0,SCALAR_BEKK_INTERNAL
2024-10-23,funded_assets,EUR,0.838226318359375,0,0,SCALAR_BEKK_INTERNAL
2024-10-23,funded_assets,USD,0.8390960693359375,0,0,SCALAR_BEKK_INTERNAL
2024-10-23,net_cashflows,EUR,0.4613189697265625,0,0,SCALAR_BEKK_INTERNAL
2024-10-23,net_cashflows,USD,0.4619598388671875,0,0,SCALAR_BEKK_INTERNAL
2024-10-24,funded_assets,EUR,0.5591278076171875,0,0,SCALAR_BEKK_INTERNAL
2024-10-24,funded_assets,USD,0.5589599609375,0,0,SCALAR_BEKK_INTERNAL
2024-10-24,net_cashflows,EUR,0.2798004150390625,0,0,SCALAR_BEKK_INTERNAL
2024-10-24,net_cashflows,USD,0.2791748046875,0,0,SCALAR_BEKK_INTERNAL
2024-10-25,funded_assets,EUR,0.325592041015625,0,0,SCALAR_BEKK_INTERNAL
2024-10-25,funded_assets,USD,0.326080322265625,0,0,SCALAR_BEKK_INTERNAL
2024-10-25,net_cashflows,EUR,0.106475830078125,0,0,SCALAR_BEKK_INTERNAL
2024-10-25,net_cashflows,USD,0.1074066162109375,0,0,SCALAR_BEKK_INTERNAL
2024-10-28,funded_assets,EUR,0.909149169921875,0,0,SCALAR_BEKK_INTERNAL
2024-10-28,funded_assets,USD,0.9083404541015625,0,0,SCALAR_BEKK_INTERNAL
2024-10-28,net_cashflows,EUR,0.69024658203125,0,0,SCALAR_BEKK_INTERNAL
2024-10-28,net_cashflows,USD,0.6885833740234375,0,0,SCALAR_BEKK_INTERNAL
2024-10-29,funded_assets,EUR,0.9352264404296875,0,0,SCALAR_BEKK_INTERNAL
2024-10-29,funded_assets,USD,0.9372711181640625,0,0,SCALAR_BEKK_INTERNAL
2024-10-29,net_cashflows,EUR,0.7855224609375,0,0,SCALAR_BEKK_INTERNAL
2024-10-29,net_cashflows,USD,0.78826904296875,0,0,SCALAR_BEKK_INTERNAL
2024-10-30,funded_assets,EUR,0.508758544921875,0,0,SCALAR_BEKK_INTERNAL
2024-10-30,funded_assets,USD,0.5090179443359375,0,0,SCALAR_BEKK_INTERNAL
2024-10-30,net_cashflows,EUR,0.753173828125,0,0,SCALAR_BEKK_INTERNAL
2024-10-30,net_cashflows,USD,0.75445556640625,0,0,SCALAR_BEKK_INTERNAL
2024-10-31,funded_assets,EUR,0.5135955810546875,0,0,SCALAR_BEKK_INTERNAL
2024-10-31,funded_assets,USD,0.513519287109375,0,0,SCALAR_BEKK_INTERNAL
2024-10-31,net_cashflows,EUR,0.726104736328125,0,0,SCALAR_BEKK_INTERNAL
2024-10-31,net_cashflows,USD,0.726654052734375,0,0,SCALAR_BEKK_INTERNAL
2024-11-01,funded_assets,EUR,0.4838714599609375,0,0,SCALAR_BEKK_INTERNAL
2024-11-01,funded_assets,USD,0.48370361328125,0,0,SCALAR_BEKK_INTERNAL
2024-11-01,net_cashflows,EUR,0.30865478515625,0,0,SCALAR_BEKK_INTERNAL
2024-11-01,net_cashflows,USD,0.3081512451171875,0,0,SCALAR_BEKK_INTERNAL
2024-11-04,funded_assets,EUR,0.0006256103515625,0,0,SCALAR_BEKK_INTERNAL
2024-11-04,funded_assets,USD,0.000701904296875,0,0,SCALAR_BEKK_INTERNAL
2024-11-04,net_cashflows,EUR,0.006195068359375,0,0,SCALAR_BEKK_INTERNAL
2024-11-04,net_cashflows,USD,0.00689697265625,0,0,SCALAR_BEKK_INTERNAL
2024-11-05,funded_assets,EUR,0.973236083984375,0,0,SCALAR_BEKK_INTERNAL
2024-11-05,funded_assets,USD,0.9700164794921875,0,0,SCALAR_BEKK_INTERNAL
2024-11-05,net_cashflows,EUR,0.6538238525390625,0,0,SCALAR_BEKK_INTERNAL
2024-11-05,net_cashflows,USD,0.64312744140625,0,0,SCALAR_BEKK_INTERNAL
2024-11-06,funded_assets,EUR,0.099273681640625,0,0,SCALAR_BEKK_INTERNAL
2024-11-06,funded_assets,USD,0.096405029296875,0,0,SCALAR_BEKK_INTERNAL
2024-11-06,net_cashflows,EUR,0.9089813232421875,0,0,SCALAR_BEKK_INTERNAL
2024-11-06,net_cashflows,USD,0.90948486328125,0,0,SCALAR_BEKK_INTERNAL
2024-11-07,funded_assets,EUR,0.033477783203125,0,0,SCALAR_BEKK_INTERNAL
2024-11-07,funded_assets,USD,0.0349578857421875,0,0,SCALAR_BEKK_INTERNAL
2024-11-07,net_cashflows,EUR,0.0494384765625,0,0,SCALAR_BEKK_INTERNAL
2024-11-07,net_cashflows,USD,0.0489044189453125,0,0,SCALAR_BEKK_INTERNAL
2024-11-08,funded_assets,EUR,0.372589111328125,0,0,SCALAR_BEKK_INTERNAL
2024-11-08,funded_assets,USD,0.377197265625,0,0,SCALAR_BEKK_INTERNAL
2024-11-08,net_cashflows,EUR,0.4027862548828125,0,0,SCALAR_BEKK_INTERNAL
2024-11-08,net_cashflows,USD,0.406646728515625,0,0,SCALAR_BEKK_INTERNAL
2024-11-11,funded_assets,EUR,0.9151153564453125,0,0,SCALAR_BEKK_INTERNAL
2024-11-11,funded_assets,USD,0.91357421875,0,0,SCALAR_BEKK_INTERNAL
2024-11-11,net_cashflows,EUR,0.3053741455078125,0,0,SCALAR_BEKK_INTERNAL
2024-11-11,net_cashflows,USD,0.305206298828125,0,0,SCALAR_BEKK_INTERNAL
2024-11-12,funded_assets,EUR,0.0929718017578125,0,0,SCALAR_BEKK_INTERNAL
2024-11-12,funded_assets,USD,0.09136962890625,0,0,SCALAR_BEKK_INTERNAL
2024-11-12,net_cashflows,EUR,0.113250732421875,0,0,SCALAR_BEKK_INTERNAL
2024-11-12,net_cashflows,USD,0.1150054931640625,0,0,SCALAR_BEKK_INTERNAL
2024-11-13,funded_assets,EUR,0.8284912109375,0,0,SCALAR_BEKK_INTERNAL
2024-11-13,funded_assets,USD,0.8250579833984375,0,0,SCALAR_BEKK_INTERNAL
2024-11-13,net_cashflows,EUR,0.7658538818359375,0,0,SCALAR_BEKK_INTERNAL
2024-11-13,net_cashflows,USD,0.7625274658203125,0,0,SCALAR_BEKK_INTERNAL
2024-11-14,funded_assets,EUR,0.2473907470703125,0,0,SCALAR_BEKK_INTERNAL
2024-11-14,funded_assets,USD,0.2457275390625,0,0,SCALAR_BEKK_INTERNAL
2024-11-14,net_cashflows,EUR,0.613983154296875,0,0,SCALAR_BEKK_INTERNAL
2024-11-14,net_cashflows,USD,0.613250732421875,0,0,SCALAR_BEKK_INTERNAL
2024-11-15,funded_assets,EUR,0.2854461669921875,0,0,SCALAR_BEKK_INTERNAL
2024-11-15,funded_assets,USD,0.2843475341796875,0,0,SCALAR_BEKK_INTERNAL
2024-11-15,net_cashflows,EUR,0.943878173828125,0,0,SCALAR_BEKK_INTERNAL
2024-11-15,net_cashflows,USD,0.942901611328125,0,0,SCALAR_BEKK_INTERNAL
2024-11-18,funded_assets,EUR,0.732025146484375,0,0,SCALAR_BEKK_INTERNAL
2024-11-18,funded_assets,USD,0.7320404052734375,0,0,SCALAR_BEKK_INTERNAL
2024-11-18,net_cashflows,EUR,0.0359344482421875,0,0,SCALAR_BEKK_INTERNAL
2024-11-18,net_cashflows,USD,0.0350189208984375,0,0,SCALAR_BEKK_INTERNAL
2024-11-19,funded_assets,EUR,0.0424957275390625,0,0,SCALAR_BEKK_INTERNAL
2024-11-19,funded_assets,USD,0.041961669921875,0,0,SCALAR_BEKK_INTERNAL
2024-11-19,net_cashflows,EUR,0.9010009765625,0,0,SCALAR_BEKK_INTERNAL
2024-11-19,net_cashflows,USD,0.900146484375,0,0,SCALAR_BEKK_INTERNAL
2024-11-20,funded_assets,EUR,0.023681640625,0,0,SCALAR_BEKK_INTERNAL
2024-11-20,funded_assets,USD,0.0253143310546875,0,0,SCALAR_BEKK_INTERNAL
2024-11-20,net_cashflows,EUR,0.3682403564453125,0,0,SCALAR_BEKK_INTERNAL
2024-11-20,net_cashflows,USD,0.3646087646484375,0,0,SCALAR_BEKK_INTERNAL
2024-11-21,funded_assets,EUR,0.9578094482421875,0,0,SCALAR_BEKK_INTERNAL
2024-11-21,funded_assets,USD,0.9550323486328125,0,0,SCALAR_BEKK_INTERNAL
2024-11-21,net_cashflows,EUR,0.6522064208984375,0,0,SCALAR_BEKK_INTERNAL
2024-11-21,net_cashflows,USD,0.6504058837890625,0,0,SCALAR_BEKK_INTERNAL
2024-11-22,funded_assets,EUR,0.453094482421875,0,0,SCALAR_BEKK_INTERNAL
2024-11-22,funded_assets,USD,0.4542999267578125,0,0,SCALAR_BEKK_INTERNAL
2024-11-22,net_cashflows,EUR,0.8265838623046875,0,0,SCALAR_BEKK_INTERNAL
2024-11-22,net_cashflows,USD,0.8286285400390625,0,0,SCALAR_BEKK_INTERNAL
2024-11-25,funded_assets,EUR,0.21929931640625,0,0,SCALAR_BEKK_INTERNAL
2024-11-25,funded_assets,USD,0.21771240234375,0,0,SCALAR_BEKK_INTERNAL
2024-11-25,net_cashflows,EUR,0.9098663330078125,0,0,SCALAR_BEKK_INTERNAL
2024-11-25,net_cashflows,USD,0.9097442626953125,0,0,SCALAR_BEKK_INTERNAL
2024-11-26,funded_assets,EUR,0.5351715087890625,0,0,SCALAR_BEKK_INTERNAL
2024-11-26,funded_assets,USD,0.53485107421875,0,0,SCALAR_BEKK_INTERNAL
2024-11-26,net_cashflows,EUR,0.4436492919921875,0,0,SCALAR_BEKK_INTERNAL
2024-11-26,net_cashflows,USD,0.444244384765625,0,0,SCALAR_BEKK_INTERNAL
2024-11-27,funded_assets,EUR,0.2911529541015625,0,0,SCALAR_BEKK_INTERNAL
2024-11-27,funded_assets,USD,0.2903900146484375,0,0,SCALAR_BEKK_INTERNAL
2024-11-27,net_cashflows,EUR,0.9108123779296875,0,0,SCALAR_BEKK_INTERNAL
2024-11-27,net_cashflows,USD,0.9106903076171875,0,0,SCALAR_BEKK_INTERNAL
2024-11-28,funded_assets,EUR,0.131744384765625,0,0,SCALAR_BEKK_INTERNAL
2024-11-28,funded_assets,USD,0.1319580078125,0,0,SCALAR_BEKK_INTERNAL
2024-11-28,net_cashflows,EUR,0.3506317138671875,0,0,SCALAR_BEKK_INTERNAL
2024-11-28,net_cashflows,USD,0.3480987548828125,0,0,SCALAR_BEKK_INTERNAL
2024-11-29,funded_assets,EUR,0.4888763427734375,0,0,SCALAR_BEKK_INTERNAL
2024-11-29,funded_assets,USD,0.4887237548828125,0,0,SCALAR_BEKK_INTERNAL
2024-11-29,net_cashflows,EUR,0.7426910400390625,0,0,SCALAR_BEKK_INTERNAL
2024-11-29,net_cashflows,USD,0.741485595703125,0,0,SCALAR_BEKK_INTERNAL
2024-12-02,funded_assets,EUR,0.577392578125,0,0,SCALAR_BEKK_INTERNAL
2024-12-02,funded_assets,USD,0.5771942138671875,0,0,SCALAR_BEKK_INTERNAL
2024-12-02,net_cashflows,EUR,0.0722198486328125,0,0,SCALAR_BEKK_INTERNAL
2024-12-02,net_cashflows,USD,0.07159423828125,0,0,SCALAR_BEKK_INTERNAL
2024-12-03,funded_assets,EUR,0.627899169921875,0,0,SCALAR_BEKK_INTERNAL
2024-12-03,funded_assets,USD,0.6282806396484375,0,0,SCALAR_BEKK_INTERNAL
2024-12-03,net_cashflows,EUR,0.808197021484375,0,0,SCALAR_BEKK_INTERNAL
2024-12-03,net_cashflows,USD,0.8065643310546875,0,0,SCALAR_BEKK_INTERNAL
2024-12-04,funded_assets,EUR,0.724578857421875,0,0,SCALAR_BEKK_INTERNAL
2024-12-04,funded_assets,USD,0.7262420654296875,0,0,SCALAR_BEKK_INTERNAL
2024-12-04,net_cashflows,EUR,0.625457763671875,0,0,SCALAR_BEKK_INTERNAL
2024-12-04,net_cashflows,USD,0.6280670166015625,0,0,SCALAR_BEKK_INTERNAL
2024-12-05,funded_assets,EUR,0.51123046875,0,0,SCALAR_BEKK_INTERNAL
2024-12-05,funded_assets,USD,0.511077880859375,0,0,SCALAR_BEKK_INTERNAL
2024-12-05,net_cashflows,EUR,0.3202667236328125,0,0,SCALAR_BEKK_INTERNAL
2024-12-05,net_cashflows,USD,0.31939697265625,0,0,SCALAR_BEKK_INTERNAL
2024-12-06,funded_assets,EUR,0.24407958984375,0,0,SCALAR_BEKK_INTERNAL
2024-12-06,funded_assets,USD,0.2444915771484375,0,0,SCALAR_BEKK_INTERNAL
2024-12-06,net_cashflows,EUR,0.20025634765625,0,0,SCALAR_BEKK_INTERNAL
2024-12-06,net_cashflows,USD,0.2012939453125,0,0,SCALAR_BEKK_INTERNAL
2024-12-09,funded_assets,EUR,0.5778045654296875,0,0,SCALAR_BEKK_INTERNAL
2024-12-09,funded_assets,USD,0.577667236328125,0,0,SCALAR_BEKK_INTERNAL
2024-12-09,net_cashflows,EUR,0.1503753662109375,0,0,SCALAR_BEKK_INTERNAL
2024-12-09,net_cashflows,USD,0.1514434814453125,0,0,SCALAR_BEKK_INTERNAL
2024-12-10,funded_assets,EUR,0.4147796630859375,0,0,SCALAR_BEKK_INTERNAL
2024-12-10,funded_assets,USD,0.4146728515625,0,0,SCALAR_BEKK_INTERNAL
2024-12-10,net_cashflows,EUR,0.490020751953125,0,0,SCALAR_BEKK_INTERNAL
2024-12-10,net_cashflows,USD,0.490509033203125,0,0,SCALAR_BEKK_INTERNAL
2024-12-11,funded_assets,EUR,0.9903717041015625,0,0,SCALAR_BEKK_INTERNAL
2024-12-11,funded_assets,USD,0.990142822265625,0,0,SCALAR_BEKK_INTERNAL
2024-12-11,net_cashflows,EUR,0.0858001708984375,0,0,SCALAR_BEKK_INTERNAL
2024-12-11,net_cashflows,USD,0.084686279296875,0,0,SCALAR_BEKK_INTERNAL
2024-12-12,funded_assets,EUR,0.3970184326171875,0,0,SCALAR_BEKK_INTERNAL
2024-12-12,funded_assets,USD,0.39459228515625,0,0,SCALAR_BEKK_INTERNAL
2024-12-12,net_cashflows,EUR,0.302520751953125,0,0,SCALAR_BEKK_INTERNAL
2024-12-12,net_cashflows,USD,0.3032989501953125,0,0,SCALAR_BEKK_INTERNAL
2024-12-13,funded_assets,EUR,0.5038299560546875,0,0,SCALAR_BEKK_INTERNAL
2024-12-13,funded_assets,USD,0.5037994384765625,0,0,SCALAR_BEKK_INTERNAL
2024-12-13,net_cashflows,EUR,0.309295654296875,0,0,SCALAR_BEKK_INTERNAL
2024-12-13,net_cashflows,USD,0.3094635009765625,0,0,SCALAR_BEKK_INTERNAL
2024-12-16,funded_assets,EUR,0.3093414306640625,0,0,SCALAR_BEKK_INTERNAL
2024-12-16,funded_assets,USD,0.3092041015625,0,0,SCALAR_BEKK_INTERNAL
2024-12-16,net_cashflows,EUR,0.6311798095703125,0,0,SCALAR_BEKK_INTERNAL
2024-12-16,net_cashflows,USD,0.6310577392578125,0,0,SCALAR_BEKK_INTERNAL
2024-12-17,funded_assets,EUR,0.2387237548828125,0,0,SCALAR_BEKK_INTERNAL
2024-12-17,funded_assets,USD,0.242034912109375,0,0,SCALAR_BEKK_INTERNAL
2024-12-17,net_cashflows,EUR,0.0104217529296875,0,0,SCALAR_BEKK_INTERNAL
2024-12-17,net_cashflows,USD,0.010589599609375,0,0,SCALAR_BEKK_INTERNAL
2024-12-18,funded_assets,EUR,0.5845947265625,0,0,SCALAR_BEKK_INTERNAL
2024-12-18,funded_assets,USD,0.5840911865234375,0,0,SCALAR_BEKK_INTERNAL
2024-12-18,net_cashflows,EUR,0.7328948974609375,0,0,SCALAR_BEKK_INTERNAL
2024-12-18,net_cashflows,USD,0.731109619140625,0,0,SCALAR_BEKK_INTERNAL
2024-12-19,funded_assets,EUR,0.76202392578125,0,0,SCALAR_BEKK_INTERNAL
2024-12-19,funded_assets,USD,0.7615509033203125,0,0,SCALAR_BEKK_INTERNAL
2024-12-19,net_cashflows,EUR,0.2484130859375,0,0,SCALAR_BEKK_INTERNAL
2024-12-19,net_cashflows,USD,0.24774169921875,0,0,SCALAR_BEKK_INTERNAL
2024-12-20,funded_assets,EUR,0.4855499267578125,0,0,SCALAR_BEKK_INTERNAL
2024-12-20,funded_assets,USD,0.4857330322265625,0,0,SCALAR_BEKK_INTERNAL
2024-12-20,net_cashflows,EUR,0.4277191162109375,0,0,SCALAR_BEKK_INTERNAL
2024-12-20,net_cashflows,USD,0.42755126953125,0,0,SCALAR_BEKK_INTERNAL
2024-12-23,funded_assets,EUR,0.96051025390625,0,0,SCALAR_BEKK_INTERNAL
2024-12-23,funded_assets,USD,0.96044921875,0,0,SCALAR_BEKK_INTERNAL
2024-12-23,net_cashflows,EUR,0.2510833740234375,0,0,SCALAR_BEKK_INTERNAL
2024-12-23,net_cashflows,USD,0.2496337890625,0,0,SCALAR_BEKK_INTERNAL
2024-12-24,funded_assets,EUR,0.6038818359375,0,0,SCALAR_BEKK_INTERNAL
2024-12-24,funded_assets,USD,0.6050567626953125,0,0,SCALAR_BEKK_INTERNAL
2024-12-24,net_cashflows,EUR,0.4084625244140625,0,0,SCALAR_BEKK_INTERNAL
2024-12-24,net_cashflows,USD,0.40765380859375,0,0,SCALAR_BEKK_INTERNAL
2024-12-27,funded_assets,EUR,0.0652618408203125,0,0,SCALAR_BEKK_INTERNAL
2024-12-27,funded_assets,USD,0.0650482177734375,0,0,SCALAR_BEKK_INTERNAL
2024-12-27,net_cashflows,EUR,0.706329345703125,0,0,SCALAR_BEKK_INTERNAL
2024-12-27,net_cashflows,USD,0.7057342529296875,0,0,SCALAR_BEKK_INTERNAL
2024-12-30,funded_assets,EUR,0.089019775390625,0,0,SCALAR_BEKK_INTERNAL
2024-12-30,funded_assets,USD,0.092041015625,0,0,SCALAR_BEKK_INTERNAL
2024-12-30,net_cashflows,EUR,0.57855224609375,0,0,SCALAR_BEKK_INTERNAL
2024-12-30,net_cashflows,USD,0.57586669921875,0,0,SCALAR_BEKK_INTERNAL
2024-12-31,funded_assets,EUR,0.2813262939453125,0,0,SCALAR_BEKK_INTERNAL
2024-12-31,funded_assets,USD,0.2836761474609375,0,0,SCALAR_BEKK_INTERNAL
2024-12-31,net_cashflows,EUR,0.443603515625,0,0,SCALAR_BEKK_INTERNAL
2024-12-31,net_cashflows,USD,0.444122314453125,0,0,SCALAR_BEKK_INTERNAL
2025-01-02,funded_assets,EUR,0.9830169677734375,0,0,SCALAR_BEKK_INTERNAL
2025-01-02,funded_assets,USD,0.9830322265625,0,0,SCALAR_BEKK_INTERNAL
2025-01-02,net_cashflows,EUR,0.785980224609375,0,0,SCALAR_BEKK_INTERNAL
2025-01-02,net_cashflows,USD,0.7873687744140625,0,0,SCALAR_BEKK_INTERNAL
2025-01-03,funded_assets,EUR,0.5528411865234375,0,0,SCALAR_BEKK_INTERNAL
2025-01-03,funded_assets,USD,0.5503082275390625,0,0,SCALAR_BEKK_INTERNAL
2025-01-03,net_cashflows,EUR,0.067779541015625,0,0,SCALAR_BEKK_INTERNAL
2025-01-03,net_cashflows,USD,0.06512451171875,0,0,SCALAR_BEKK_INTERNAL
2025-01-06,funded_assets,EUR,0.1056060791015625,0,0,SCALAR_BEKK_INTERNAL
2025-01-06,funded_assets,USD,0.10711669921875,0,0,SCALAR_BEKK_INTERNAL
2025-01-06,net_cashflows,EUR,0.337249755859375,0,0,SCALAR_BEKK_INTERNAL
2025-01-06,net_cashflows,USD,0.3447265625,0,0,SCALAR_BEKK_INTERNAL
2025-01-07,funded_assets,EUR,0.70428466796875,0,0,SCALAR_BEKK_INTERNAL
2025-01-07,funded_assets,USD,0.7015228271484375,0,0,SCALAR_BEKK_INTERNAL
2025-01-07,net_cashflows,EUR,0.7855224609375,0,0,SCALAR_BEKK_INTERNAL
2025-01-07,net_cashflows,USD,0.7828826904296875,0,0,SCALAR_BEKK_INTERNAL
2025-01-08,funded_assets,EUR,0.5782012939453125,0,0,SCALAR_BEKK_INTERNAL
2025-01-08,funded_assets,USD,0.57818603515625,0,0,SCALAR_BEKK_INTERNAL
2025-01-08,net_cashflows,EUR,0.2987060546875,0,0,SCALAR_BEKK_INTERNAL
2025-01-08,net_cashflows,USD,0.298309326171875,0,0,SCALAR_BEKK_INTERNAL
2025-01-09,funded_assets,EUR,0.01300048828125,0,0,SCALAR_BEKK_INTERNAL
2025-01-09,funded_assets,USD,0.0129241943359375,0,0,SCALAR_BEKK_INTERNAL
2025-01-09,net_cashflows,EUR,0.9186553955078125,0,0,SCALAR_BEKK_INTERNAL
2025-01-09,net_cashflows,USD,0.9166259765625,0,0,SCALAR_BEKK_INTERNAL
2025-01-10,funded_assets,EUR,0.9531707763671875,0,0,SCALAR_BEKK_INTERNAL
2025-01-10,funded_assets,USD,0.950286865234375,0,0,SCALAR_BEKK_INTERNAL
2025-01-10,net_cashflows,EUR,0.205535888671875,0,0,SCALAR_BEKK_INTERNAL
2025-01-10,net_cashflows,USD,0.208648681640625,0,0,SCALAR_BEKK_INTERNAL
2025-01-13,funded_assets,EUR,0.6937255859375,0,0,SCALAR_BEKK_INTERNAL
2025-01-13,funded_assets,USD,0.6979217529296875,0,0,SCALAR_BEKK_INTERNAL
2025-01-13,net_cashflows,EUR,0.841156005859375,0,0,SCALAR_BEKK_INTERNAL
2025-01-13,net_cashflows,USD,0.842010498046875,0,0,SCALAR_BEKK_INTERNAL
2025-01-14,funded_assets,EUR,0.1478118896484375,0,0,SCALAR_BEKK_INTERNAL
2025-01-14,funded_assets,USD,0.1458892822265625,0,0,SCALAR_BEKK_INTERNAL
2025-01-14,net_cashflows,EUR,0.8035888671875,0,0,SCALAR_BEKK_INTERNAL
2025-01-14,net_cashflows,USD,0.8030853271484375,0,0,SCALAR_BEKK_INTERNAL
2025-01-15,funded_assets,EUR,0.6639556884765625,0,0,SCALAR_BEKK_INTERNAL
2025-01-15,funded_assets,USD,0.662841796875,0,0,SCALAR_BEKK_INTERNAL
2025-01-15,net_cashflows,EUR,0.7530975341796875,0,0,SCALAR_BEKK_INTERNAL
2025-01-15,net_cashflows,USD,0.7533111572265625,0,0,SCALAR_BEKK_INTERNAL
2025-01-16,funded_assets,EUR,0.8658294677734375,0,0,SCALAR_BEKK_INTERNAL
2025-01-16,funded_assets,USD,0.865936279296875,0,0,SCALAR_BEKK_INTERNAL
2025-01-16,net_cashflows,EUR,0.1702880859375,0,0,SCALAR_BEKK_INTERNAL
2025-01-16,net_cashflows,USD,0.1690826416015625,0,0,SCALAR_BEKK_INTERNAL
2025-01-17,funded_assets,EUR,0.5852508544921875,0,0,SCALAR_BEKK_INTERNAL
2025-01-17,funded_assets,USD,0.587493896484375,0,0,SCALAR_BEKK_INTERNAL
2025-01-17,net_cashflows,EUR,0.82354736328125,0,0,SCALAR_BEKK_INTERNAL
2025-01-17,net_cashflows,USD,0.8236083984375,0,0,SCALAR_BEKK_INTERNAL
2025-01-20,funded_assets,EUR,0.9259796142578125,0,0,SCALAR_BEKK_INTERNAL
2025-01-20,funded_assets,USD,0.927154541015625,0,0,SCALAR_BEKK_INTERNAL
2025-01-20,net_cashflows,EUR,0.5174560546875,0,0,SCALAR_BEKK_INTERNAL
2025-01-20,net_cashflows,USD,0.5203704833984375,0,0,SCALAR_BEKK_INTERNAL
2025-01-21,funded_assets,EUR,0.324981689453125,0,0,SCALAR_BEKK_INTERNAL
2025-01-21,funded_assets,USD,0.3220367431640625,0,0,SCALAR_BEKK_INTERNAL
2025-01-21,net_cashflows,EUR,0.302093505859375,0,0,SCALAR_BEKK_INTERNAL
2025-01-21,net_cashflows,USD,0.3013153076171875,0,0,SCALAR_BEKK_INTERNAL
2025-01-22,funded_assets,EUR,0.9354248046875,0,0,SCALAR_BEKK_INTERNAL
2025-01-22,funded_assets,USD,0.9344482421875,0,0,SCALAR_BEKK_INTERNAL
2025-01-22,net_cashflows,EUR,0.319488525390625,0,0,SCALAR_BEKK_INTERNAL
2025-01-22,net_cashflows,USD,0.317657470703125,0,0,SCALAR_BEKK_INTERNAL
2025-01-23,funded_assets,EUR,0.1461029052734375,0,0,SCALAR_BEKK_INTERNAL
2025-01-23,funded_assets,USD,0.144256591796875,0,0,SCALAR_BEKK_INTERNAL
2025-01-23,net_cashflows,EUR,0.9961090087890625,0,0,SCALAR_BEKK_INTERNAL
2025-01-23,net_cashflows,USD,0.9962158203125,0,0,SCALAR_BEKK_INTERNAL
2025-01-24,funded_assets,EUR,0.093536376953125,0,0,SCALAR_BEKK_INTERNAL
2025-01-24,funded_assets,USD,0.0950164794921875,0,0,SCALAR_BEKK_INTERNAL
2025-01-24,net_cashflows,EUR,0.0418548583984375,0,0,SCALAR_BEKK_INTERNAL
2025-01-24,net_cashflows,USD,0.0396728515625,0,0,SCALAR_BEKK_INTERNAL
2025-01-27,funded_assets,EUR,0.2664337158203125,0,0,SCALAR_BEKK_INTERNAL
2025-01-27,funded_assets,USD,0.2693939208984375,0,0,SCALAR_BEKK_INTERNAL
2025-01-27,net_cashflows,EUR,0.4676361083984375,0,0,SCALAR_BEKK_INTERNAL
2025-01-27,net_cashflows,USD,0.4697418212890625,0,0,SCALAR_BEKK_INTERNAL
2025-01-28,funded_assets,EUR,0.3114166259765625,0,0,SCALAR_BEKK_INTERNAL
2025-01-28,funded_assets,USD,0.3113250732421875,0,0,SCALAR_BEKK_INTERNAL
2025-01-28,net_cashflows,EUR,0.847015380859375,0,0,SCALAR_BEKK_INTERNAL
2025-01-28,net_cashflows,USD,0.84619140625,0,0,SCALAR_BEKK_INTERNAL
2025-01-29,funded_assets,EUR,0.5975494384765625,0,0,SCALAR_BEKK_INTERNAL
2025-01-29,funded_assets,USD,0.597564697265625,0,0,SCALAR_BEKK_INTERNAL
2025-01-29,net_cashflows,EUR,0.198944091796875,0,0,SCALAR_BEKK_INTERNAL
2025-01-29,net_cashflows,USD,0.19818115234375,0,0,SCALAR_BEKK_INTERNAL
2025-01-30,funded_assets,EUR,0.00445556640625,0,0,SCALAR_BEKK_INTERNAL
2025-01-30,funded_assets,USD,0.004486083984375,0,0,SCALAR_BEKK_INTERNAL
2025-01-30,net_cashflows,EUR,0.5083465576171875,0,0,SCALAR_BEKK_INTERNAL
2025-01-30,net_cashflows,USD,0.51251220703125,0,0,SCALAR_BEKK_INTERNAL
2025-01-31,funded_assets,EUR,0.91925048828125,0,0,SCALAR_BEKK_INTERNAL
2025-01-31,funded_assets,USD,0.9144744873046875,0,0,SCALAR_BEKK_INTERNAL
2025-01-31,net_cashflows,EUR,0.37615966796875,0,0,SCALAR_BEKK_INTERNAL
2025-01-31,net_cashflows,USD,0.3766632080078125,0,0,SCALAR_BEKK_INTERNAL
2025-02-03,funded_assets,EUR,0.4685211181640625,0,0,SCALAR_BEKK_INTERNAL
2025-02-03,funded_assets,USD,0.4727935791015625,0,0,SCALAR_BEKK_INTERNAL
2025-02-03,net_cashflows,EUR,0.9917144775390625,0,0,SCALAR_BEKK_INTERNAL
2025-02-03,net_cashflows,USD,0.9920501708984375,0,0,SCALAR_BEKK_INTERNAL
2025-02-04,funded_assets,EUR,0.2721710205078125,0,0,SCALAR_BEKK_INTERNAL
2025-02-04,funded_assets,USD,0.27142333984375,0,0,SCALAR_BEKK_INTERNAL
2025-02-04,net_cashflows,EUR,0.7071685791015625,0,0,SCALAR_BEKK_INTERNAL
2025-02-04,net_cashflows,USD,0.7020416259765625,0,0,SCALAR_BEKK_INTERNAL
2025-02-05,funded_assets,EUR,0.497772216796875,0,0,SCALAR_BEKK_INTERNAL
2025-02-05,funded_assets,USD,0.4972991943359375,0,0,SCALAR_BEKK_INTERNAL
2025-02-05,net_cashflows,EUR,0.495361328125,0,0,SCALAR_BEKK_INTERNAL
2025-02-05,net_cashflows,USD,0.4956817626953125,0,0,SCALAR_BEKK_INTERNAL
2025-02-06,funded_assets,EUR,0.1436309814453125,0,0,SCALAR_BEKK_INTERNAL
2025-02-06,funded_assets,USD,0.1433868408203125,0,0,SCALAR_BEKK_INTERNAL
2025-02-06,net_cashflows,EUR,0.4767303466796875,0,0,SCALAR_BEKK_INTERNAL
2025-02-06,net_cashflows,USD,0.477020263671875,0,0,SCALAR_BEKK_INTERNAL
2025-02-07,funded_assets,EUR,0.707550048828125,0,0,SCALAR_BEKK_INTERNAL
2025-02-07,funded_assets,USD,0.7061767578125,0,0,SCALAR_BEKK_INTERNAL
2025-02-07,net_cashflows,EUR,0.31219482421875,0,0,SCALAR_BEKK_INTERNAL
2025-02-07,net_cashflows,USD,0.3127899169921875,0,0,SCALAR_BEKK_INTERNAL
2025-02-10,funded_assets,EUR,0.92572021484375,0,0,SCALAR_BEKK_INTERNAL
2025-02-10,funded_assets,USD,0.9257965087890625,0,0,SCALAR_BEKK_INTERNAL
2025-02-10,net_cashflows,EUR,0.1348419189453125,0,0,SCALAR_BEKK_INTERNAL
2025-02-10,net_cashflows,USD,0.1325836181640625,0,0,SCALAR_BEKK_INTERNAL
2025-02-11,funded_assets,EUR,0.5386962890625,0,0,SCALAR_BEKK_INTERNAL
2025-02-11,funded_assets,USD,0.5402374267578125,0,0,SCALAR_BEKK_INTERNAL
2025-02-11,net_cashflows,EUR,0.59552001953125,0,0,SCALAR_BEKK_INTERNAL
2025-02-11,net_cashflows,USD,0.595123291015625,0,0,SCALAR_BEKK_INTERNAL
2025-02-12,funded_assets,EUR,0.80743408203125,0,0,SCALAR_BEKK_INTERNAL
2025-02-12,funded_assets,USD,0.80926513671875,0,0,SCALAR_BEKK_INTERNAL
2025-02-12,net_cashflows,EUR,0.855804443359375,0,0,SCALAR_BEKK_INTERNAL
2025-02-12,net_cashflows,USD,0.8578033447265625,0,0,SCALAR_BEKK_INTERNAL
2025-02-13,funded_assets,EUR,0.1992950439453125,0,0,SCALAR_BEKK_INTERNAL
2025-02-13,funded_assets,USD,0.1967926025390625,0,0,SCALAR_BEKK_INTERNAL
2025-02-13,net_cashflows,EUR,0.8771514892578125,0,0,SCALAR_BEKK_INTERNAL
2025-02-13,net_cashflows,USD,0.8785247802734375,0,0,SCALAR_BEKK_INTERNAL
2025-02-14,funded_assets,EUR,0.3076629638671875,0,0,SCALAR_BEKK_INTERNAL
2025-02-14,funded_assets,USD,0.3085479736328125,0,0,SCALAR_BEKK_INTERNAL
2025-02-14,net_cashflows,EUR,0.4049224853515625,0,0,SCALAR_BEKK_INTERNAL
2025-02-14,net_cashflows,USD,0.4041748046875,0,0,SCALAR_BEKK_INTERNAL
2025-02-17,funded_assets,EUR,0.389678955078125,0,0,SCALAR_BEKK_INTERNAL
2025-02-17,funded_assets,USD,0.3899383544921875,0,0,SCALAR_BEKK_INTERNAL
2025-02-17,net_cashflows,EUR,0.387725830078125,0,0,SCALAR_BEKK_INTERNAL
2025-02-17,net_cashflows,USD,0.3883819580078125,0,0,SCALAR_BEKK_INTERNAL
2025-02-18,funded_assets,EUR,0.1606597900390625,0,0,SCALAR_BEKK_INTERNAL
2025-02-18,funded_assets,USD,0.159881591796875,0,0,SCALAR_BEKK_INTERNAL
2025-02-18,net_cashflows,EUR,0.967437744140625,0,0,SCALAR_BEKK_INTERNAL
2025-02-18,net_cashflows,USD,0.9669952392578125,0,0,SCALAR_BEKK_INTERNAL
2025-02-19,funded_assets,EUR,0.7046356201171875,0,0,SCALAR_BEKK_INTERNAL
2025-02-19,funded_assets,USD,0.70391845703125,0,0,SCALAR_BEKK_INTERNAL
2025-02-19,net_cashflows,EUR,0.35455322265625,0,0,SCALAR_BEKK_INTERNAL
2025-02-19,net_cashflows,USD,0.355255126953125,0,0,SCALAR_BEKK_INTERNAL
2025-02-20,funded_assets,EUR,0.3748626708984375,0,0,SCALAR_BEKK_INTERNAL
2025-02-20,funded_assets,USD,0.3745269775390625,0,0,SCALAR_BEKK_INTERNAL
2025-02-20,net_cashflows,EUR,0.7629547119140625,0,0,SCALAR_BEKK_INTERNAL
2025-02-20,net_cashflows,USD,0.76312255859375,0,0,SCALAR_BEKK_INTERNAL
2025-02-21,funded_assets,EUR,0.604156494140625,0,0,SCALAR_BEKK_INTERNAL
2025-02-21,funded_assets,USD,0.60400390625,0,0,SCALAR_BEKK_INTERNAL
2025-02-21,net_cashflows,EUR,0.7211151123046875,0,0,SCALAR_BEKK_INTERNAL
2025-02-21,net_cashflows,USD,0.7222137451171875,0,0,SCALAR_BEKK_INTERNAL
2025-02-24,funded_assets,EUR,0.3643798828125,0,0,SCALAR_BEKK_INTERNAL
2025-02-24,funded_assets,USD,0.3639984130859375,0,0,SCALAR_BEKK_INTERNAL
2025-02-24,net_cashflows,EUR,0.585418701171875,0,0,SCALAR_BEKK_INTERNAL
2025-02-24,net_cashflows,USD,0.5851593017578125,0,0,SCALAR_BEKK_INTERNAL
2025-02-25,funded_assets,EUR,0.4421539306640625,0,0,SCALAR_BEKK_INTERNAL
2025-02-25,funded_assets,USD,0.44244384765625,0,0,SCALAR_BEKK_INTERNAL
2025-02-25,net_cashflows,EUR,0.326202392578125,0,0,SCALAR_BEKK_INTERNAL
2025-02-25,net_cashflows,USD,0.32647705078125,0,0,SCALAR_BEKK_INTERNAL
2025-02-26,funded_assets,EUR,0.26177978515625,0,0,SCALAR_BEKK_INTERNAL
2025-02-26,funded_assets,USD,0.2630767822265625,0,0,SCALAR_BEKK_INTERNAL
2025-02-26,net_cashflows,EUR,0.09698486328125,0,0,SCALAR_BEKK_INTERNAL
2025-02-26,net_cashflows,USD,0.0985260009765625,0,0,SCALAR_BEKK_INTERNAL
2025-02-27,funded_assets,EUR,0.924041748046875,0,0,SCALAR_BEKK_INTERNAL
2025-02-27,funded_assets,USD,0.9224395751953125,0,0,SCALAR_BEKK_INTERNAL
2025-02-27,net_cashflows,EUR,0.263214111328125,0,0,SCALAR_BEKK_INTERNAL
2025-02-27,net_cashflows,USD,0.2612457275390625,0,0,SCALAR_BEKK_INTERNAL
2025-02-28,funded_assets,EUR,0.291595458984375,0,0,SCALAR_BEKK_INTERNAL
2025-02-28,funded_assets,USD,0.293701171875,0,0,SCALAR_BEKK_INTERNAL
2025-02-28,net_cashflows,EUR,0.9997711181640625,0,0,SCALAR_BEKK_INTERNAL
2025-02-28,net_cashflows,USD,0.999786376953125,0,0,SCALAR_BEKK_INTERNAL
2025-03-03,funded_assets,EUR,1,0,1,SCALAR_BEKK_INTERNAL
2025-03-03,funded_assets,USD,1,0,1,SCALAR_BEKK_INTERNAL
2025-03-03,net_cashflows,EUR,0.036773681640625,0,0,SCALAR_BEKK_INTERNAL
2025-03-03,net_cashflows,USD,0.037200927734375,0,0,SCALAR_BEKK_INTERNAL
2025-03-04,funded_assets,EUR,0.872100830078125,0,0,SCALAR_BEKK_INTERNAL
2025-03-04,funded_assets,USD,0.8855438232421875,0,0,SCALAR_BEKK_INTERNAL
2025-03-04,net_cashflows,EUR,0.95904541015625,0,0,SCALAR_BEKK_INTERNAL
2025-03-04,net_cashflows,USD,0.9605255126953125,0,0,SCALAR_BEKK_INTERNAL
2025-03-05,funded_assets,EUR,0.8380889892578125,0,0,SCALAR_BEKK_INTERNAL
2025-03-05,funded_assets,USD,0.8420257568359375,0,0,SCALAR_BEKK_INTERNAL
2025-03-05,net_cashflows,EUR,0.6117706298828125,0,0,SCALAR_BEKK_INTERNAL
2025-03-05,net_cashflows,USD,0.6171722412109375,0,0,SCALAR_BEKK_INTERNAL
2025-03-06,funded_assets,EUR,0.16656494140625,0,0,SCALAR_BEKK_INTERNAL
2025-03-06,funded_assets,USD,0.164215087890625,0,0,SCALAR_BEKK_INTERNAL
2025-03-06,net_cashflows,EUR,0.783447265625,0,0,SCALAR_BEKK_INTERNAL
2025-03-06,net_cashflows,USD,0.7838897705078125,0,0,SCALAR_BEKK_INTERNAL
2025-03-07,funded_assets,EUR,0.984832763671875,0,0,SCALAR_BEKK_INTERNAL
2025-03-07,funded_assets,USD,0.984344482421875,0,0,SCALAR_BEKK_INTERNAL
2025-03-07,net_cashflows,EUR,0.141204833984375,0,0,SCALAR_BEKK_INTERNAL
2025-03-07,net_cashflows,USD,0.1406097412109375,0,0,SCALAR_BEKK_INTERNAL
2025-03-10,funded_assets,EUR,0.4860992431640625,0,0,SCALAR_BEKK_INTERNAL
2025-03-10,funded_assets,USD,0.483673095703125,0,0,SCALAR_BEKK_INTERNAL
2025-03-10,net_cashflows,EUR,0.145172119140625,0,0,SCALAR_BEKK_INTERNAL
2025-03-10,net_cashflows,USD,0.144500732421875,0,0,SCALAR_BEKK_INTERNAL
2025-03-11,funded_assets,EUR,0.083648681640625,0,0,SCALAR_BEKK_INTERNAL
2025-03-11,funded_assets,USD,0.084136962890625,0,0,SCALAR_BEKK_INTERNAL
2025-03-11,net_cashflows,EUR,0.71051025390625,0,0,SCALAR_BEKK_INTERNAL
2025-03-11,net_cashflows,USD,0.7111053466796875,0,0,SCALAR_BEKK_INTERNAL
2025-03-12,funded_assets,EUR,0.931304931640625,0,0,SCALAR_BEKK_INTERNAL
2025-03-12,funded_assets,USD,0.929412841796875,0,0,SCALAR_BEKK_INTERNAL
2025-03-12,net_cashflows,EUR,0.36517333984375,0,0,SCALAR_BEKK_INTERNAL
2025-03-12,net_cashflows,USD,0.365966796875,0,0,SCALAR_BEKK_INTERNAL
2025-03-13,funded_assets,EUR,0.4762115478515625,0,0,SCALAR_BEKK_INTERNAL
2025-03-13,funded_assets,USD,0.476776123046875,0,0,SCALAR_BEKK_INTERNAL
2025-03-13,net_cashflows,EUR,0.5344390869140625,0,0,SCALAR_BEKK_INTERNAL
2025-03-13,net_cashflows,USD,0.5344390869140625,0,0,SCALAR_BEKK_INTERNAL
2025-03-14,funded_assets,EUR,0.7130584716796875,0,0,SCALAR_BEKK_INTERNAL
2025-03-14,funded_assets,USD,0.712982177734375,0,0,SCALAR_BEKK_INTERNAL
2025-03-14,net_cashflows,EUR,0.3197174072265625,0,0,SCALAR_BEKK_INTERNAL
2025-03-14,net_cashflows,USD,0.3191986083984375,0,0,SCALAR_BEKK_INTERNAL
2025-03-17,funded_assets,EUR,0.3415985107421875,0,0,SCALAR_BEKK_INTERNAL
2025-03-17,funded_assets,USD,0.341033935546875,0,0,SCALAR_BEKK_INTERNAL
2025-03-17,net_cashflows,EUR,0.4972381591796875,0,0,SCALAR_BEKK_INTERNAL
2025-03-17,net_cashflows,USD,0.497650146484375,0,0,SCALAR_BEKK_INTERNAL
2025-03-18,funded_assets,EUR,0.047088623046875,0,0,SCALAR_BEKK_INTERNAL
2025-03-18,funded_assets,USD,0.0475616455078125,0,0,SCALAR_BEKK_INTERNAL
2025-03-18,net_cashflows,EUR,0.813568115234375,0,0,SCALAR_BEKK_INTERNAL
2025-03-18,net_cashflows,USD,0.811431884765625,0,0,SCALAR_BEKK_INTERNAL
2025-03-19,funded_assets,EUR,0.483306884765625,0,0,SCALAR_BEKK_INTERNAL
2025-03-19,funded_assets,USD,0.48382568359375,0,0,SCALAR_BEKK_INTERNAL
2025-03-19,net_cashflows,EUR,0.5051727294921875,0,0,SCALAR_BEKK_INTERNAL
2025-03-19,net_cashflows,USD,0.504730224609375,0,0,SCALAR_BEKK_INTERNAL
2025-03-20,funded_assets,EUR,0.6307373046875,0,0,SCALAR_BEKK_INTERNAL
2025-03-20,funded_assets,USD,0.6305999755859375,0,0,SCALAR_BEKK_INTERNAL
2025-03-20,net_cashflows,EUR,0.169647216796875,0,0,SCALAR_BEKK_INTERNAL
2025-03-20,net_cashflows,USD,0.1698150634765625,0,0,SCALAR_BEKK_INTERNAL
2025-03-21,funded_assets,EUR,0.48345947265625,0,0,SCALAR_BEKK_INTERNAL
2025-03-21,funded_assets,USD,0.4832763671875,0,0,SCALAR_BEKK_INTERNAL
2025-03-21,net_cashflows,EUR,0.4616241455078125,0,0,SCALAR_BEKK_INTERNAL
2025-03-21,net_cashflows,USD,0.4613037109375,0,0,SCALAR_BEKK_INTERNAL
2025-03-24,funded_assets,EUR,0.386932373046875,0,0,SCALAR_BEKK_INTERNAL
2025-03-24,funded_assets,USD,0.38702392578125,0,0,SCALAR_BEKK_INTERNAL
2025-03-24,net_cashflows,EUR,0.3521728515625,0,0,SCALAR_BEKK_INTERNAL
2025-03-24,net_cashflows,USD,0.3525848388671875,0,0,SCALAR_BEKK_INTERNAL
2025-03-25,funded_assets,EUR,0.42596435546875,0,0,SCALAR_BEKK_INTERNAL
2025-03-25,funded_assets,USD,0.4262542724609375,0,0,SCALAR_BEKK_INTERNAL
2025-03-25,net_cashflows,EUR,0.34600830078125,0,0,SCALAR_BEKK_INTERNAL
2025-03-25,net_cashflows,USD,0.3467559814453125,0,0,SCALAR_BEKK_INTERNAL
2025-03-26,funded_assets,EUR,0.559661865234375,0,0,SCALAR_BEKK_INTERNAL
2025-03-26,funded_assets,USD,0.5597381591796875,0,0,SCALAR_BEKK_INTERNAL
2025-03-26,net_cashflows,EUR,0.5678558349609375,0,0,SCALAR_BEKK_INTERNAL
2025-03-26,net_cashflows,USD,0.56768798828125,0,0,SCALAR_BEKK_INTERNAL
2025-03-27,funded_assets,EUR,0.440887451171875,0,0,SCALAR_BEKK_INTERNAL
2025-03-27,funded_assets,USD,0.440765380859375,0,0,SCALAR_BEKK_INTERNAL
2025-03-27,net_cashflows,EUR,0.89044189453125,0,0,SCALAR_BEKK_INTERNAL
2025-03-27,net_cashflows,USD,0.890625,0,0,SCALAR_BEKK_INTERNAL
2025-03-28,funded_assets,EUR,0.32171630859375,0,0,SCALAR_BEKK_INTERNAL
2025-03-28,funded_assets,USD,0.3216400146484375,0,0,SCALAR_BEKK_INTERNAL
2025-03-28,net_cashflows,EUR,0.630950927734375,0,0,SCALAR_BEKK_INTERNAL
2025-03-28,net_cashflows,USD,0.6297607421875,0,0,SCALAR_BEKK_INTERNAL
2025-03-31,funded_assets,EUR,0.5878143310546875,0,0,SCALAR_BEKK_INTERNAL
2025-03-31,funded_assets,USD,0.587432861328125,0,0,SCALAR_BEKK_INTERNAL
2025-03-31,net_cashflows,EUR,0.3807830810546875,0,0,SCALAR_BEKK_INTERNAL
2025-03-31,net_cashflows,USD,0.3809967041015625,0,0,SCALAR_BEKK_INTERNAL
2025-04-01,funded_assets,EUR,0.9956817626953125,0,0,SCALAR_BEKK_INTERNAL
2025-04-01,funded_assets,USD,0.996337890625,0,0,SCALAR_BEKK_INTERNAL
2025-04-01,net_cashflows,EUR,0.9998931884765625,0,0,SCALAR_BEKK_INTERNAL
2025-04-01,net_cashflows,USD,0.9999542236328125,0,0,SCALAR_BEKK_INTERNAL
2025-04-02,funded_assets,EUR,0.0943756103515625,0,0,SCALAR_BEKK_INTERNAL
2025-04-02,funded_assets,USD,0.0872802734375,0,0,SCALAR_BEKK_INTERNAL
2025-04-02,net_cashflows,EUR,0.9892578125,0,0,SCALAR_BEKK_INTERNAL
2025-04-02,net_cashflows,USD,0.9898681640625,0,0,SCALAR_BEKK_INTERNAL
2025-04-03,funded_assets,EUR,0.3813934326171875,0,0,SCALAR_BEKK_INTERNAL
2025-04-03,funded_assets,USD,0.3863525390625,0,0,SCALAR_BEKK_INTERNAL
2025-04-03,net_cashflows,EUR,0.2416229248046875,0,0,SCALAR_BEKK_INTERNAL
2025-04-03,net_cashflows,USD,0.238922119140625,0,0,SCALAR_BEKK_INTERNAL
2025-04-04,funded_assets,EUR,0.403289794921875,0,0,SCALAR_BEKK_INTERNAL
2025-04-04,funded_assets,USD,0.404205322265625,0,0,SCALAR_BEKK_INTERNAL
2025-04-04,net_cashflows,EUR,0.497100830078125,0,0,SCALAR_BEKK_INTERNAL
2025-04-04,net_cashflows,USD,0.4974517822265625,0,0,SCALAR_BEKK_INTERNAL
2025-04-07,funded_assets,EUR,0.595184326171875,0,0,SCALAR_BEKK_INTERNAL
2025-04-07,funded_assets,USD,0.59503173828125,0,0,SCALAR_BEKK_INTERNAL
2025-04-07,net_cashflows,EUR,0.9934234619140625,0,0,SCALAR_BEKK_INTERNAL
2025-04-07,net_cashflows,USD,0.99334716796875,0,0,SCALAR_BEKK_INTERNAL
2025-04-08,funded_assets,EUR,0.7157440185546875,0,0,SCALAR_BEKK_INTERNAL
2025-04-08,funded_assets,USD,0.7177276611328125,0,0,SCALAR_BEKK_INTERNAL
2025-04-08,net_cashflows,EUR,0.143585205078125,0,0,SCALAR_BEKK_INTERNAL
2025-04-08,net_cashflows,USD,0.1418304443359375,0,0,SCALAR_BEKK_INTERNAL
2025-04-09,funded_assets,EUR,0.9853057861328125,0,0,SCALAR_BEKK_INTERNAL
2025-04-09,funded_assets,USD,0.986297607421875,0,0,SCALAR_BEKK_INTERNAL
2025-04-09,net_cashflows,EUR,0.9976806640625,0,0,SCALAR_BEKK_INTERNAL
2025-04-09,net_cashflows,USD,0.9976959228515625,0,0,SCALAR_BEKK_INTERNAL
2025-04-10,funded_assets,EUR,0.8261260986328125,0,0,SCALAR_BEKK_INTERNAL
2025-04-10,funded_assets,USD,0.8332061767578125,0,0,SCALAR_BEKK_INTERNAL
2025-04-10,net_cashflows,EUR,0.204010009765625,0,0,SCALAR_BEKK_INTERNAL
2025-04-10,net_cashflows,USD,0.1998138427734375,0,0,SCALAR_BEKK_INTERNAL
2025-04-11,funded_assets,EUR,0.0281982421875,0,0,SCALAR_BEKK_INTERNAL
2025-04-11,funded_assets,USD,0.02691650390625,0,0,SCALAR_BEKK_INTERNAL
2025-04-11,net_cashflows,EUR,0.632080078125,0,0,SCALAR_BEKK_INTERNAL
2025-04-11,net_cashflows,USD,0.6331329345703125,0,0,SCALAR_BEKK_INTERNAL
2025-04-14,funded_assets,EUR,0.6765289306640625,0,0,SCALAR_BEKK_INTERNAL
2025-04-14,funded_assets,USD,0.673553466796875,0,0,SCALAR_BEKK_INTERNAL
2025-04-14,net_cashflows,EUR,0.5450286865234375,0,0,SCALAR_BEKK_INTERNAL
2025-04-14,net_cashflows,USD,0.5452117919921875,0,0,SCALAR_BEKK_INTERNAL
2025-04-15,funded_assets,EUR,0.6522369384765625,0,0,SCALAR_BEKK_INTERNAL
2025-04-15,funded_assets,USD,0.6523590087890625,0,0,SCALAR_BEKK_INTERNAL
2025-04-15,net_cashflows,EUR,0.5092010498046875,0,0,SCALAR_BEKK_INTERNAL
2025-04-15,net_cashflows,USD,0.50921630859375,0,0,SCALAR_BEKK_INTERNAL
2025-04-16,funded_assets,EUR,0.67852783203125,0,0,SCALAR_BEKK_INTERNAL
2025-04-16,funded_assets,USD,0.6808624267578125,0,0,SCALAR_BEKK_INTERNAL
2025-04-16,net_cashflows,EUR,0.935699462890625,0,0,SCALAR_BEKK_INTERNAL
2025-04-16,net_cashflows,USD,0.936248779296875,0,0,SCALAR_BEKK_INTERNAL
2025-04-17,funded_assets,EUR,0.623565673828125,0,0,SCALAR_BEKK_INTERNAL
2025-04-17,funded_assets,USD,0.6228485107421875,0,0,SCALAR_BEKK_INTERNAL
2025-04-17,net_cashflows,EUR,0.0833282470703125,0,0,SCALAR_BEKK_INTERNAL
2025-04-17,net_cashflows,USD,0.0802001953125,0,0,SCALAR_BEKK_INTERNAL
2025-04-22,funded_assets,EUR,0.4187164306640625,0,0,SCALAR_BEKK_INTERNAL
2025-04-22,funded_assets,USD,0.4186859130859375,0,0,SCALAR_BEKK_INTERNAL
2025-04-22,net_cashflows,EUR,0.201934814453125,0,0,SCALAR_BEKK_INTERNAL
2025-04-22,net_cashflows,USD,0.2045745849609375,0,0,SCALAR_BEKK_INTERNAL
2025-04-23,funded_assets,EUR,0.5828399658203125,0,0,SCALAR_BEKK_INTERNAL
2025-04-23,funded_assets,USD,0.582794189453125,0,0,SCALAR_BEKK_INTERNAL
2025-04-23,net_cashflows,EUR,0.21795654296875,0,0,SCALAR_BEKK_INTERNAL
2025-04-23,net_cashflows,USD,0.218841552734375,0,0,SCALAR_BEKK_INTERNAL
2025-04-24,funded_assets,EUR,0.439422607421875,0,0,SCALAR_BEKK_INTERNAL
2025-04-24,funded_assets,USD,0.43927001953125,0,0,SCALAR_BEKK_INTERNAL
2025-04-24,net_cashflows,EUR,0.4908447265625,0,0,SCALAR_BEKK_INTERNAL
2025-04-24,net_cashflows,USD,0.49078369140625,0,0,SCALAR_BEKK_INTERNAL
2025-04-25,funded_assets,EUR,0.3084259033203125,0,0,SCALAR_BEKK_INTERNAL
2025-04-25,funded_assets,USD,0.307525634765625,0,0,SCALAR_BEKK_INTERNAL
2025-04-25,net_cashflows,EUR,0.7280426025390625,0,0,SCALAR_BEKK_INTERNAL
2025-04-25,net_cashflows,USD,0.72796630859375,0,0,SCALAR_BEKK_INTERNAL
2025-04-28,funded_assets,EUR,0.6297149658203125,0,0,SCALAR_BEKK_INTERNAL
2025-04-28,funded_assets,USD,0.629852294921875,0,0,SCALAR_BEKK_INTERNAL
2025-04-28,net_cashflows,EUR,0.453643798828125,0,0,SCALAR_BEKK_INTERNAL
2025-04-28,net_cashflows,USD,0.453582763671875,0,0,SCALAR_BEKK_INTERNAL
2025-04-29,funded_assets,EUR,0.551849365234375,0,0,SCALAR_BEKK_INTERNAL
2025-04-29,funded_assets,USD,0.5514068603515625,0,0,SCALAR_BEKK_INTERNAL
2025-04-29,net_cashflows,EUR,0.2488555908203125,0,0,SCALAR_BEKK_INTERNAL
2025-04-29,net_cashflows,USD,0.248504638671875,0,0,SCALAR_BEKK_INTERNAL
2025-04-30,funded_assets,EUR,0.282379150390625,0,0,SCALAR_BEKK_INTERNAL
2025-04-30,funded_assets,USD,0.282318115234375,0,0,SCALAR_BEKK_INTERNAL
2025-04-30,net_cashflows,EUR,0.6726837158203125,0,0,SCALAR_BEKK_INTERNAL
2025-04-30,net_cashflows,USD,0.6722412109375,0,0,SCALAR_BEKK_INTERNAL
2025-05-02,funded_assets,EUR,0.1154022216796875,0,0,SCALAR_BEKK_INTERNAL
2025-05-02,funded_assets,USD,0.1146087646484375,0,0,SCALAR_BEKK_INTERNAL
2025-05-02,net_cashflows,EUR,0.69976806640625,0,0,SCALAR_BEKK_INTERNAL
2025-05-02,net_cashflows,USD,0.698883056640625,0,0,SCALAR_BEKK_INTERNAL
2025-05-05,funded_assets,EUR,0.9068450927734375,0,0,SCALAR_BEKK_INTERNAL
2025-05-05,funded_assets,USD,0.905548095703125,0,0,SCALAR_BEKK_INTERNAL
2025-05-05,net_cashflows,EUR,0.3915863037109375,0,0,SCALAR_BEKK_INTERNAL
2025-05-05,net_cashflows,USD,0.3918914794921875,0,0,SCALAR_BEKK_INTERNAL
2025-05-06,funded_assets,EUR,0.2150421142578125,0,0,SCALAR_BEKK_INTERNAL
2025-05-06,funded_assets,USD,0.212432861328125,0,0,SCALAR_BEKK_INTERNAL
2025-05-06,net_cashflows,EUR,0.164703369140625,0,0,SCALAR_BEKK_INTERNAL
2025-05-06,net_cashflows,USD,0.1645050048828125,0,0,SCALAR_BEKK_INTERNAL
2025-05-07,funded_assets,EUR,0.450592041015625,0,0,SCALAR_BEKK_INTERNAL
2025-05-07,funded_assets,USD,0.4525146484375,0,0,SCALAR_BEKK_INTERNAL
2025-05-07,net_cashflows,EUR,0.2447967529296875,0,0,SCALAR_BEKK_INTERNAL
2025-05-07,net_cashflows,USD,0.247406005859375,0,0,SCALAR_BEKK_INTERNAL
2025-05-08,funded_assets,EUR,0.2019195556640625,0,0,SCALAR_BEKK_INTERNAL
2025-05-08,funded_assets,USD,0.2055511474609375,0,0,SCALAR_BEKK_INTERNAL
2025-05-08,net_cashflows,EUR,0.006134033203125,0,0,SCALAR_BEKK_INTERNAL
2025-05-08,net_cashflows,USD,0.006439208984375,0,0,SCALAR_BEKK_INTERNAL
2025-05-09,funded_assets,EUR,0.416290283203125,0,0,SCALAR_BEKK_INTERNAL
2025-05-09,funded_assets,USD,0.41693115234375,0,0,SCALAR_BEKK_INTERNAL
2025-05-09,net_cashflows,EUR,0.4958648681640625,0,0,SCALAR_BEKK_INTERNAL
2025-05-09,net_cashflows,USD,0.495361328125,0,0,SCALAR_BEKK_INTERNAL
2025-05-12,funded_assets,EUR,0.790283203125,0,0,SCALAR_BEKK_INTERNAL
2025-05-12,funded_assets,USD,0.7909698486328125,0,0,SCALAR_BEKK_INTERNAL
2025-05-12,net_cashflows,EUR,0.9065704345703125,0,0,SCALAR_BEKK_INTERNAL
2025-05-12,net_cashflows,USD,0.907379150390625,0,0,SCALAR_BEKK_INTERNAL
2025-05-13,funded_assets,EUR,0.2715606689453125,0,0,SCALAR_BEKK_INTERNAL
2025-05-13,funded_assets,USD,0.2688140869140625,0,0,SCALAR_BEKK_INTERNAL
2025-05-13,net_cashflows,EUR,0.5952911376953125,0,0,SCALAR_BEKK_INTERNAL
2025-05-13,net_cashflows,USD,0.594268798828125,0,0,SCALAR_BEKK_INTERNAL
2025-05-14,funded_assets,EUR,0.4982452392578125,0,0,SCALAR_BEKK_INTERNAL
2025-05-14,funded_assets,USD,0.4981536865234375,0,0,SCALAR_BEKK_INTERNAL
2025-05-14,net_cashflows,EUR,0.60400390625,0,0,SCALAR_BEKK_INTERNAL
2025-05-14,net_cashflows,USD,0.6041107177734375,0,0,SCALAR_BEKK_INTERNAL
2025-05-15,funded_assets,EUR,0.743804931640625,0,0,SCALAR_BEKK_INTERNAL
2025-05-15,funded_assets,USD,0.744873046875,0,0,SCALAR_BEKK_INTERNAL
2025-05-15,net_cashflows,EUR,0.7180633544921875,0,0,SCALAR_BEKK_INTERNAL
2025-05-15,net_cashflows,USD,0.719146728515625,0,0,SCALAR_BEKK_INTERNAL
2025-05-16,funded_assets,EUR,0.21466064453125,0,0,SCALAR_BEKK_INTERNAL
2025-05-16,funded_assets,USD,0.212860107421875,0,0,SCALAR_BEKK_INTERNAL
2025-05-16,net_cashflows,EUR,0.652984619140625,0,0,SCALAR_BEKK_INTERNAL
2025-05-16,net_cashflows,USD,0.652984619140625,0,0,SCALAR_BEKK_INTERNAL
2025-05-19,funded_assets,EUR,0.80584716796875,0,0,SCALAR_BEKK_INTERNAL
2025-05-19,funded_assets,USD,0.8047027587890625,0,0,SCALAR_BEKK_INTERNAL
2025-05-19,net_cashflows,EUR,0.8632354736328125,0,0,SCALAR_BEKK_INTERNAL
2025-05-19,net_cashflows,USD,0.8638153076171875,0,0,SCALAR_BEKK_INTERNAL
2025-05-20,funded_assets,EUR,0.24261474609375,0,0,SCALAR_BEKK_INTERNAL
2025-05-20,funded_assets,USD,0.2407073974609375,0,0,SCALAR_BEKK_INTERNAL
2025-05-20,net_cashflows,EUR,0.59375,0,0,SCALAR_BEKK_INTERNAL
2025-05-20,net_cashflows,USD,0.59368896484375,0,0,SCALAR_BEKK_INTERNAL
2025-05-21,funded_assets,EUR,0.0691375732421875,0,0,SCALAR_BEKK_INTERNAL
2025-05-21,funded_assets,USD,0.06829833984375,0,0,SCALAR_BEKK_INTERNAL
2025-05-21,net_cashflows,EUR,0.77862548828125,0,0,SCALAR_BEKK_INTERNAL
2025-05-21,net_cashflows,USD,0.777679443359375,0,0,SCALAR_BEKK_INTERNAL
2025-05-22,funded_assets,EUR,0.9749603271484375,0,0,SCALAR_BEKK_INTERNAL
2025-05-22,funded_assets,USD,0.974151611328125,0,0,SCALAR_BEKK_INTERNAL
2025-05-22,net_cashflows,EUR,0.3573455810546875,0,0,SCALAR_BEKK_INTERNAL
2025-05-22,net_cashflows,USD,0.358184814453125,0,0,SCALAR_BEKK_INTERNAL
2025-05-23,funded_assets,EUR,0.7077789306640625,0,0,SCALAR_BEKK_INTERNAL
2025-05-23,funded_assets,USD,0.7068939208984375,0,0,SCALAR_BEKK_INTERNAL
2025-05-23,net_cashflows,EUR,0.1060638427734375,0,0,SCALAR_BEKK_INTERNAL
2025-05-23,net_cashflows,USD,0.1043548583984375,0,0,SCALAR_BEKK_INTERNAL
2025-05-26,funded_assets,EUR,0.317626953125,0,0,SCALAR_BEKK_INTERNAL
2025-05-26,funded_assets,USD,0.317291259765625,0,0,SCALAR_BEKK_INTERNAL
2025-05-26,net_cashflows,EUR,0.4829864501953125,0,0,SCALAR_BEKK_INTERNAL
2025-05-26,net_cashflows,USD,0.485015869140625,0,0,SCALAR_BEKK_INTERNAL
2025-05-27,funded_assets,EUR,0.2425384521484375,0,0,SCALAR_BEKK_INTERNAL
2025-05-27,funded_assets,USD,0.2436065673828125,0,0,SCALAR_BEKK_INTERNAL
2025-05-27,net_cashflows,EUR,0.3574676513671875,0,0,SCALAR_BEKK_INTERNAL
2025-05-27,net_cashflows,USD,0.3582916259765625,0,0,SCALAR_BEKK_INTERNAL
2025-05-28,funded_assets,EUR,0.7080841064453125,0,0,SCALAR_BEKK_INTERNAL
2025-05-28,funded_assets,USD,0.7069549560546875,0,0,SCALAR_BEKK_INTERNAL
2025-05-28,net_cashflows,EUR,0.894744873046875,0,0,SCALAR_BEKK_INTERNAL
2025-05-28,net_cashflows,USD,0.89361572265625,0,0,SCALAR_BEKK_INTERNAL
2025-05-29,funded_assets,EUR,0.7841033935546875,0,0,SCALAR_BEKK_INTERNAL
2025-05-29,funded_assets,USD,0.7873077392578125,0,0,SCALAR_BEKK_INTERNAL
2025-05-29,net_cashflows,EUR,0.8822479248046875,0,0,SCALAR_BEKK_INTERNAL
2025-05-29,net_cashflows,USD,0.88555908203125,0,0,SCALAR_BEKK_INTERNAL
2025-05-30,funded_assets,EUR,0.4904022216796875,0,0,SCALAR_BEKK_INTERNAL
2025-05-30,funded_assets,USD,0.48968505859375,0,0,SCALAR_BEKK_INTERNAL
2025-05-30,net_cashflows,EUR,0.2752685546875,0,0,SCALAR_BEKK_INTERNAL
2025-05-30,net_cashflows,USD,0.2730865478515625,0,0,SCALAR_BEKK_INTERNAL
2025-06-02,funded_assets,EUR,0.711029052734375,0,0,SCALAR_BEKK_INTERNAL
2025-06-02,funded_assets,USD,0.7099609375,0,0,SCALAR_BEKK_INTERNAL
2025-06-02,net_cashflows,EUR,0.1712799072265625,0,0,SCALAR_BEKK_INTERNAL
2025-06-02,net_cashflows,USD,0.171478271484375,0,0,SCALAR_BEKK_INTERNAL
2025-06-03,funded_assets,EUR,0.4839324951171875,0,0,SCALAR_BEKK_INTERNAL
2025-06-03,funded_assets,USD,0.484619140625,0,0,SCALAR_BEKK_INTERNAL
2025-06-03,net_cashflows,EUR,0.8203277587890625,0,0,SCALAR_BEKK_INTERNAL
2025-06-03,net_cashflows,USD,0.8195953369140625,0,0,SCALAR_BEKK_INTERNAL
2025-06-04,funded_assets,EUR,0.75396728515625,0,0,SCALAR_BEKK_INTERNAL
2025-06-04,funded_assets,USD,0.7540283203125,0,0,SCALAR_BEKK_INTERNAL
2025-06-04,net_cashflows,EUR,0.179168701171875,0,0,SCALAR_BEKK_INTERNAL
2025-06-04,net_cashflows,USD,0.177490234375,0,0,SCALAR_BEKK_INTERNAL
2025-06-05,funded_assets,EUR,0.4863433837890625,0,0,SCALAR_BEKK_INTERNAL
2025-06-05,funded_assets,USD,0.4864044189453125,0,0,SCALAR_BEKK_INTERNAL
2025-06-05,net_cashflows,EUR,0.4746856689453125,0,0,SCALAR_BEKK_INTERNAL
2025-06-05,net_cashflows,USD,0.4748077392578125,0,0,SCALAR_BEKK_INTERNAL
2025-06-06,funded_assets,EUR,0.8386993408203125,0,0,SCALAR_BEKK_INTERNAL
2025-06-06,funded_assets,USD,0.838104248046875,0,0,SCALAR_BEKK_INTERNAL
2025-06-06,net_cashflows,EUR,0.5225830078125,0,0,SCALAR_BEKK_INTERNAL
2025-06-06,net_cashflows,USD,0.5223846435546875,0,0,SCALAR_BEKK_INTERNAL
2025-06-09,funded_assets,EUR,0.8067169189453125,0,0,SCALAR_BEKK_INTERNAL
2025-06-09,funded_assets,USD,0.806396484375,0,0,SCALAR_BEKK_INTERNAL
2025-06-09,net_cashflows,EUR,0.250640869140625,0,0,SCALAR_BEKK_INTERNAL
2025-06-09,net_cashflows,USD,0.24969482421875,0,0,SCALAR_BEKK_INTERNAL
2025-06-10,funded_assets,EUR,0.9881591796875,0,0,SCALAR_BEKK_INTERNAL
2025-06-10,funded_assets,USD,0.9886627197265625,0,0,SCALAR_BEKK_INTERNAL
2025-06-10,net_cashflows,EUR,0.9716339111328125,0,0,SCALAR_BEKK_INTERNAL
2025-06-10,net_cashflows,USD,0.9719696044921875,0,0,SCALAR_BEKK_INTERNAL
2025-06-11,funded_assets,EUR,0.0236968994140625,0,0,SCALAR_BEKK_INTERNAL
2025-06-11,funded_assets,USD,0.0217742919921875,0,0,SCALAR_BEKK_INTERNAL
2025-06-11,net_cashflows,EUR,0.431915283203125,0,0,SCALAR_BEKK_INTERNAL
2025-06-11,net_cashflows,USD,0.4253082275390625,0,0,SCALAR_BEKK_INTERNAL
2025-06-12,funded_assets,EUR,0.925018310546875,0,0,SCALAR_BEKK_INTERNAL
2025-06-12,funded_assets,USD,0.9219207763671875,0,0,SCALAR_BEKK_INTERNAL
2025-06-12,net_cashflows,EUR,0.499542236328125,0,0,SCALAR_BEKK_INTERNAL
2025-06-12,net_cashflows,USD,0.4990234375,0,0,SCALAR_BEKK_INTERNAL
2025-06-13,funded_assets,EUR,0.624755859375,0,0,SCALAR_BEKK_INTERNAL
2025-06-13,funded_assets,USD,0.6251983642578125,0,0,SCALAR_BEKK_INTERNAL
2025-06-13,net_cashflows,EUR,0.3150634765625,0,0,SCALAR_BEKK_INTERNAL
2025-06-13,net_cashflows,USD,0.3139495849609375,0,0,SCALAR_BEKK_INTERNAL
2025-06-16,funded_assets,EUR,0.29119873046875,0,0,SCALAR_BEKK_INTERNAL
2025-06-16,funded_assets,USD,0.290924072265625,0,0,SCALAR_BEKK_INTERNAL
2025-06-16,net_cashflows,EUR,0.4316253662109375,0,0,SCALAR_BEKK_INTERNAL
2025-06-16,net_cashflows,USD,0.4332122802734375,0,0,SCALAR_BEKK_INTERNAL
2025-06-17,funded_assets,EUR,0.4199981689453125,0,0,SCALAR_BEKK_INTERNAL
2025-06-17,funded_assets,USD,0.420867919921875,0,0,SCALAR_BEKK_INTERNAL
2025-06-17,net_cashflows,EUR,0.2324981689453125,0,0,SCALAR_BEKK_INTERNAL
2025-06-17,net_cashflows,USD,0.2336883544921875,0,0,SCALAR_BEKK_INTERNAL
2025-06-18,funded_assets,EUR,0.7625885009765625,0,0,SCALAR_BEKK_INTERNAL
2025-06-18,funded_assets,USD,0.7621002197265625,0,0,SCALAR_BEKK_INTERNAL
2025-06-18,net_cashflows,EUR,0.48626708984375,0,0,SCALAR_BEKK_INTERNAL
2025-06-18,net_cashflows,USD,0.4856109619140625,0,0,SCALAR_BEKK_INTERNAL
2025-06-19,funded_assets,EUR,0.706939697265625,0,0,SCALAR_BEKK_INTERNAL
2025-06-19,funded_assets,USD,0.705169677734375,0,0,SCALAR_BEKK_INTERNAL
2025-06-19,net_cashflows,EUR,0.08807373046875,0,0,SCALAR_BEKK_INTERNAL
2025-06-19,net_cashflows,USD,0.0871734619140625,0,0,SCALAR_BEKK_INTERNAL
2025-06-20,funded_assets,EUR,0.536346435546875,0,0,SCALAR_BEKK_INTERNAL
2025-06-20,funded_assets,USD,0.539154052734375,0,0,SCALAR_BEKK_INTERNAL
2025-06-20,net_cashflows,EUR,0.989898681640625,0,0,SCALAR_BEKK_INTERNAL
2025-06-20,net_cashflows,USD,0.9895782470703125,0,0,SCALAR_BEKK_INTERNAL
2025-06-23,funded_assets,EUR,0.536407470703125,0,0,SCALAR_BEKK_INTERNAL
2025-06-23,funded_assets,USD,0.537017822265625,0,0,SCALAR_BEKK_INTERNAL
2025-06-23,net_cashflows,EUR,0.313446044921875,0,0,SCALAR_BEKK_INTERNAL
2025-06-23,net_cashflows,USD,0.31011962890625,0,0,SCALAR_BEKK_INTERNAL
2025-06-24,funded_assets,EUR,0.8276824951171875,0,0,SCALAR_BEKK_INTERNAL
2025-06-24,funded_assets,USD,0.8288421630859375,0,0,SCALAR_BEKK_INTERNAL
2025-06-24,net_cashflows,EUR,0.9014892578125,0,0,SCALAR_BEKK_INTERNAL
2025-06-24,net_cashflows,USD,0.901458740234375,0,0,SCALAR_BEKK_INTERNAL
2025-06-25,funded_assets,EUR,0.4894561767578125,0,0,SCALAR_BEKK_INTERNAL
2025-06-25,funded_assets,USD,0.489959716796875,0,0,SCALAR_BEKK_INTERNAL
2025-06-25,net_cashflows,EUR,0.5261383056640625,0,0,SCALAR_BEKK_INTERNAL
2025-06-25,net_cashflows,USD,0.52685546875,0,0,SCALAR_BEKK_INTERNAL
2025-06-26,funded_assets,EUR,0.5983123779296875,0,0,SCALAR_BEKK_INTERNAL
2025-06-26,funded_assets,USD,0.5984039306640625,0,0,SCALAR_BEKK_INTERNAL
2025-06-26,net_cashflows,EUR,0.6978302001953125,0,0,SCALAR_BEKK_INTERNAL
2025-06-26,net_cashflows,USD,0.697906494140625,0,0,SCALAR_BEKK_INTERNAL
2025-06-27,funded_assets,EUR,0.721466064453125,0,0,SCALAR_BEKK_INTERNAL
2025-06-27,funded_assets,USD,0.7234954833984375,0,0,SCALAR_BEKK_INTERNAL
2025-06-27,net_cashflows,EUR,0.96539306640625,0,0,SCALAR_BEKK_INTERNAL
2025-06-27,net_cashflows,USD,0.9661102294921875,0,0,SCALAR_BEKK_INTERNAL
2025-06-30,funded_assets,EUR,0.5896759033203125,0,0,SCALAR_BEKK_INTERNAL
2025-06-30,funded_assets,USD,0.5887908935546875,0,0,SCALAR_BEKK_INTERNAL
2025-06-30,net_cashflows,EUR,0.109588623046875,0,0,SCALAR_BEKK_INTERNAL
2025-06-30,net_cashflows,USD,0.106414794921875,0,0,SCALAR_BEKK_INTERNAL
2025-07-01,funded_assets,EUR,0.7844696044921875,0,0,SCALAR_BEKK_INTERNAL
2025-07-01,funded_assets,USD,0.783233642578125,0,0,SCALAR_BEKK_INTERNAL
2025-07-01,net_cashflows,EUR,0.591552734375,0,0,SCALAR_BEKK_INTERNAL
2025-07-01,net_cashflows,USD,0.5907440185546875,0,0,SCALAR_BEKK_INTERNAL
2025-07-02,funded_assets,EUR,0.48626708984375,0,0,SCALAR_BEKK_INTERNAL
2025-07-02,funded_assets,USD,0.485687255859375,0,0,SCALAR_BEKK_INTERNAL
2025-07-02,net_cashflows,EUR,0.34906005859375,0,0,SCALAR_BEKK_INTERNAL
2025-07-02,net_cashflows,USD,0.3484649658203125,0,0,SCALAR_BEKK_INTERNAL
2025-07-03,funded_assets,EUR,0.51708984375,0,0,SCALAR_BEKK_INTERNAL
2025-07-03,funded_assets,USD,0.5171051025390625,0,0,SCALAR_BEKK_INTERNAL
2025-07-03,net_cashflows,EUR,0.1217498779296875,0,0,SCALAR_BEKK_INTERNAL
2025-07-03,net_cashflows,USD,0.1218719482421875,0,0,SCALAR_BEKK_INTERNAL
2025-07-04,funded_assets,EUR,0.7602386474609375,0,0,SCALAR_BEKK_INTERNAL
2025-07-04,funded_assets,USD,0.758880615234375,0,0,SCALAR_BEKK_INTERNAL
2025-07-04,net_cashflows,EUR,0.246185302734375,0,0,SCALAR_BEKK_INTERNAL
2025-07-04,net_cashflows,USD,0.24676513671875,0,0,SCALAR_BEKK_INTERNAL
2025-07-07,funded_assets,EUR,0.2268524169921875,0,0,SCALAR_BEKK_INTERNAL
2025-07-07,funded_assets,USD,0.22650146484375,0,0,SCALAR_BEKK_INTERNAL
2025-07-07,net_cashflows,EUR,0.474761962890625,0,0,SCALAR_BEKK_INTERNAL
2025-07-07,net_cashflows,USD,0.4752960205078125,0,0,SCALAR_BEKK_INTERNAL
2025-07-08,funded_assets,EUR,0.5073089599609375,0,0,SCALAR_BEKK_INTERNAL
2025-07-08,funded_assets,USD,0.5070648193359375,0,0,SCALAR_BEKK_INTERNAL
2025-07-08,net_cashflows,EUR,0.6963958740234375,0,0,SCALAR_BEKK_INTERNAL
2025-07-08,net_cashflows,USD,0.695953369140625,0,0,SCALAR_BEKK_INTERNAL
2025-07-09,funded_assets,EUR,0.619598388671875,0,0,SCALAR_BEKK_INTERNAL
2025-07-09,funded_assets,USD,0.619354248046875,0,0,SCALAR_BEKK_INTERNAL
2025-07-09,net_cashflows,EUR,0.321807861328125,0,0,SCALAR_BEKK_INTERNAL
2025-07-09,net_cashflows,USD,0.32122802734375,0,0,SCALAR_BEKK_INTERNAL
2025-07-10,funded_assets,EUR,0.6674652099609375,0,0,SCALAR_BEKK_INTERNAL
2025-07-10,funded_assets,USD,0.66705322265625,0,0,SCALAR_BEKK_INTERNAL
2025-07-10,net_cashflows,EUR,0.4473419189453125,0,0,SCALAR_BEKK_INTERNAL
2025-07-10,net_cashflows,USD,0.4472503662109375,0,0,SCALAR_BEKK_INTERNAL
2025-07-11,funded_assets,EUR,0.5027313232421875,0,0,SCALAR_BEKK_INTERNAL
2025-07-11,funded_assets,USD,0.502471923828125,0,0,SCALAR_BEKK_INTERNAL
2025-07-11,net_cashflows,EUR,0.329681396484375,0,0,SCALAR_BEKK_INTERNAL
2025-07-11,net_cashflows,USD,0.3295745849609375,0,0,SCALAR_BEKK_INTERNAL
2025-07-14,funded_assets,EUR,0.287933349609375,0,0,SCALAR_BEKK_INTERNAL
2025-07-14,funded_assets,USD,0.2890167236328125,0,0,SCALAR_BEKK_INTERNAL
2025-07-14,net_cashflows,EUR,0.1082000732421875,0,0,SCALAR_BEKK_INTERNAL
2025-07-14,net_cashflows,USD,0.109222412109375,0,0,SCALAR_BEKK_INTERNAL
2025-07-15,funded_assets,EUR,0.25823974609375,0,0,SCALAR_BEKK_INTERNAL
2025-07-15,funded_assets,USD,0.2599639892578125,0,0,SCALAR_BEKK_INTERNAL
2025-07-15,net_cashflows,EUR,0.43670654296875,0,0,SCALAR_BEKK_INTERNAL
2025-07-15,net_cashflows,USD,0.4383392333984375,0,0,SCALAR_BEKK_INTERNAL
2025-07-16,funded_assets,EUR,0.894805908203125,0,0,SCALAR_BEKK_INTERNAL
2025-07-16,funded_assets,USD,0.8943023681640625,0,0,SCALAR_BEKK_INTERNAL
2025-07-16,net_cashflows,EUR,0.7447967529296875,0,0,SCALAR_BEKK_INTERNAL
2025-07-16,net_cashflows,USD,0.7449951171875,0,0,SCALAR_BEKK_INTERNAL
2025-07-17,funded_assets,EUR,0.3290557861328125,0,0,SCALAR_BEKK_INTERNAL
2025-07-17,funded_assets,USD,0.3282318115234375,0,0,SCALAR_BEKK_INTERNAL
2025-07-17,net_cashflows,EUR,0.8418731689453125,0,0,SCALAR_BEKK_INTERNAL
2025-07-17,net_cashflows,USD,0.8432159423828125,0,0,SCALAR_BEKK_INTERNAL
2025-07-18,funded_assets,EUR,0.7435455322265625,0,0,SCALAR_BEKK_INTERNAL
2025-07-18,funded_assets,USD,0.743865966796875,0,0,SCALAR_BEKK_INTERNAL
2025-07-18,net_cashflows,EUR,0.693359375,0,0,SCALAR_BEKK_INTERNAL
2025-07-18,net_cashflows,USD,0.6951446533203125,0,0,SCALAR_BEKK_INTERNAL
2025-07-21,funded_assets,EUR,0.289794921875,0,0,SCALAR_BEKK_INTERNAL
2025-07-21,funded_assets,USD,0.2891845703125,0,0,SCALAR_BEKK_INTERNAL
2025-07-21,net_cashflows,EUR,0.86187744140625,0,0,SCALAR_BEKK_INTERNAL
2025-07-21,net_cashflows,USD,0.8624267578125,0,0,SCALAR_BEKK_INTERNAL
2025-07-22,funded_assets,EUR,0.8966064453125,0,0,SCALAR_BEKK_INTERNAL
2025-07-22,funded_assets,USD,0.8968505859375,0,0,SCALAR_BEKK_INTERNAL
2025-07-22,net_cashflows,EUR,0.3621673583984375,0,0,SCALAR_BEKK_INTERNAL
2025-07-22,net_cashflows,USD,0.3623504638671875,0,0,SCALAR_BEKK_INTERNAL
2025-07-23,funded_assets,EUR,0.7948760986328125,0,0,SCALAR_BEKK_INTERNAL
2025-07-23,funded_assets,USD,0.7933807373046875,0,0,SCALAR_BEKK_INTERNAL
2025-07-23,net_cashflows,EUR,0.163421630859375,0,0,SCALAR_BEKK_INTERNAL
2025-07-23,net_cashflows,USD,0.162994384765625,0,0,SCALAR_BEKK_INTERNAL
2025-07-24,funded_assets,EUR,0.066436767578125,0,0,SCALAR_BEKK_INTERNAL
2025-07-24,funded_assets,USD,0.06671142578125,0,0,SCALAR_BEKK_INTERNAL
2025-07-24,net_cashflows,EUR,0.2025146484375,0,0,SCALAR_BEKK_INTERNAL
2025-07-24,net_cashflows,USD,0.2058563232421875,0,0,SCALAR_BEKK_INTERNAL
2025-07-25,funded_assets,EUR,0.0093841552734375,0,0,SCALAR_BEKK_INTERNAL
2025-07-25,funded_assets,USD,0.0102386474609375,0,0,SCALAR_BEKK_INTERNAL
2025-07-25,net_cashflows,EUR,0.1762542724609375,0,0,SCALAR_BEKK_INTERNAL
2025-07-25,net_cashflows,USD,0.1811981201171875,0,0,SCALAR_BEKK_INTERNAL
2025-07-28,funded_assets,EUR,0.188995361328125,0,0,SCALAR_BEKK_INTERNAL
2025-07-28,funded_assets,USD,0.191680908203125,0,0,SCALAR_BEKK_INTERNAL
2025-07-28,net_cashflows,EUR,0.6326904296875,0,0,SCALAR_BEKK_INTERNAL
2025-07-28,net_cashflows,USD,0.6316986083984375,0,0,SCALAR_BEKK_INTERNAL
2025-07-29,funded_assets,EUR,0.45111083984375,0,0,SCALAR_BEKK_INTERNAL
2025-07-29,funded_assets,USD,0.45367431640625,0,0,SCALAR_BEKK_INTERNAL
2025-07-29,net_cashflows,EUR,0.0636138916015625,0,0,SCALAR_BEKK_INTERNAL
2025-07-29,net_cashflows,USD,0.063629150390625,0,0,SCALAR_BEKK_INTERNAL
2025-07-30,funded_assets,EUR,0.5069732666015625,0,0,SCALAR_BEKK_INTERNAL
2025-07-30,funded_assets,USD,0.5070648193359375,0,0,SCALAR_BEKK_INTERNAL
2025-07-30,net_cashflows,EUR,0.2037353515625,0,0,SCALAR_BEKK_INTERNAL
2025-07-30,net_cashflows,USD,0.207794189453125,0,0,SCALAR_BEKK_INTERNAL
2025-07-31,funded_assets,EUR,0.93109130859375,0,0,SCALAR_BEKK_INTERNAL
2025-07-31,funded_assets,USD,0.9321746826171875,0,0,SCALAR_BEKK_INTERNAL
2025-07-31,net_cashflows,EUR,0.9984893798828125,0,0,SCALAR_BEKK_INTERNAL
2025-07-31,net_cashflows,USD,0.998504638671875,0,0,SCALAR_BEKK_INTERNAL
2025-08-01,funded_assets,EUR,0.380950927734375,0,0,SCALAR_BEKK_INTERNAL
2025-08-01,funded_assets,USD,0.3783416748046875,0,0,SCALAR_BEKK_INTERNAL
2025-08-01,net_cashflows,EUR,0.3660888671875,0,0,SCALAR_BEKK_INTERNAL
2025-08-01,net_cashflows,USD,0.3619232177734375,0,0,SCALAR_BEKK_INTERNAL
2025-08-04,funded_assets,EUR,0.9268646240234375,0,0,SCALAR_BEKK_INTERNAL
2025-08-04,funded_assets,USD,0.9261627197265625,0,0,SCALAR_BEKK_INTERNAL
2025-08-04,net_cashflows,EUR,0.57672119140625,0,0,SCALAR_BEKK_INTERNAL
2025-08-04,net_cashflows,USD,0.5761566162109375,0,0,SCALAR_BEKK_INTERNAL
2025-08-05,funded_assets,EUR,0.7015838623046875,0,0,SCALAR_BEKK_INTERNAL
2025-08-05,funded_assets,USD,0.704681396484375,0,0,SCALAR_BEKK_INTERNAL
2025-08-05,net_cashflows,EUR,0.3863677978515625,0,0,SCALAR_BEKK_INTERNAL
2025-08-05,net_cashflows,USD,0.38507080078125,0,0,SCALAR_BEKK_INTERNAL
2025-08-06,funded_assets,EUR,0.6268768310546875,0,0,SCALAR_BEKK_INTERNAL
2025-08-06,funded_assets,USD,0.627288818359375,0,0,SCALAR_BEKK_INTERNAL
2025-08-06,net_cashflows,EUR,0.3779449462890625,0,0,SCALAR_BEKK_INTERNAL
2025-08-06,net_cashflows,USD,0.377044677734375,0,0,SCALAR_BEKK_INTERNAL
2025-08-07,funded_assets,EUR,0.34521484375,0,0,SCALAR_BEKK_INTERNAL
2025-08-07,funded_assets,USD,0.345245361328125,0,0,SCALAR_BEKK_INTERNAL
2025-08-07,net_cashflows,EUR,0.3538818359375,0,0,SCALAR_BEKK_INTERNAL
2025-08-07,net_cashflows,USD,0.354278564453125,0,0,SCALAR_BEKK_INTERNAL
2025-08-08,funded_assets,EUR,0.3250579833984375,0,0,SCALAR_BEKK_INTERNAL
2025-08-08,funded_assets,USD,0.3256683349609375,0,0,SCALAR_BEKK_INTERNAL
2025-08-08,net_cashflows,EUR,0.2684173583984375,0,0,SCALAR_BEKK_INTERNAL
2025-08-08,net_cashflows,USD,0.26885986328125,0,0,SCALAR_BEKK_INTERNAL
2025-08-11,funded_assets,EUR,0.8564300537109375,0,0,SCALAR_BEKK_INTERNAL
2025-08-11,funded_assets,USD,0.856201171875,0,0,SCALAR_BEKK_INTERNAL
2025-08-11,net_cashflows,EUR,0.9396514892578125,0,0,SCALAR_BEKK_INTERNAL
2025-08-11,net_cashflows,USD,0.9394683837890625,0,0,SCALAR_BEKK_INTERNAL
2025-08-12,funded_assets,EUR,0.1324310302734375,0,0,SCALAR_BEKK_INTERNAL
2025-08-12,funded_assets,USD,0.1295623779296875,0,0,SCALAR_BEKK_INTERNAL
2025-08-12,net_cashflows,EUR,0.6807098388671875,0,0,SCALAR_BEKK_INTERNAL
2025-08-12,net_cashflows,USD,0.68035888671875,0,0,SCALAR_BEKK_INTERNAL
2025-08-13,funded_assets,EUR,0.68353271484375,0,0,SCALAR_BEKK_INTERNAL
2025-08-13,funded_assets,USD,0.6828765869140625,0,0,SCALAR_BEKK_INTERNAL
2025-08-13,net_cashflows,EUR,0.3583984375,0,0,SCALAR_BEKK_INTERNAL
2025-08-13,net_cashflows,USD,0.3583221435546875,0,0,SCALAR_BEKK_INTERNAL
2025-08-14,funded_assets,EUR,0.5726776123046875,0,0,SCALAR_BEKK_INTERNAL
2025-08-14,funded_assets,USD,0.5720367431640625,0,0,SCALAR_BEKK_INTERNAL
2025-08-14,net_cashflows,EUR,0.2706146240234375,0,0,SCALAR_BEKK_INTERNAL
2025-08-14,net_cashflows,USD,0.2705078125,0,0,SCALAR_BEKK_INTERNAL
2025-08-15,funded_assets,EUR,0.656036376953125,0,0,SCALAR_BEKK_INTERNAL
2025-08-15,funded_assets,USD,0.656036376953125,0,0,SCALAR_BEKK_INTERNAL
2025-08-15,net_cashflows,EUR,0.536834716796875,0,0,SCALAR_BEKK_INTERNAL
2025-08-15,net_cashflows,USD,0.5366973876953125,0,0,SCALAR_BEKK_INTERNAL
2025-08-18,funded_assets,EUR,0.188812255859375,0,0,SCALAR_BEKK_INTERNAL
2025-08-18,funded_assets,USD,0.1884307861328125,0,0,SCALAR_BEKK_INTERNAL
2025-08-18,net_cashflows,EUR,0.6378173828125,0,0,SCALAR_BEKK_INTERNAL
2025-08-18,net_cashflows,USD,0.6374359130859375,0,0,SCALAR_BEKK_INTERNAL
2025-08-19,funded_assets,EUR,0.5128326416015625,0,0,SCALAR_BEKK_INTERNAL
2025-08-19,funded_assets,USD,0.5131378173828125,0,0,SCALAR_BEKK_INTERNAL
2025-08-19,net_cashflows,EUR,0.405731201171875,0,0,SCALAR_BEKK_INTERNAL
2025-08-19,net_cashflows,USD,0.406005859375,0,0,SCALAR_BEKK_INTERNAL
2025-08-20,funded_assets,EUR,0.4739532470703125,0,0,SCALAR_BEKK_INTERNAL
2025-08-20,funded_assets,USD,0.4739837646484375,0,0,SCALAR_BEKK_INTERNAL
2025-08-20,net_cashflows,EUR,0.2003173828125,0,0,SCALAR_BEKK_INTERNAL
2025-08-20,net_cashflows,USD,0.200653076171875,0,0,SCALAR_BEKK_INTERNAL
2025-08-21,funded_assets,EUR,0.7882537841796875,0,0,SCALAR_BEKK_INTERNAL
2025-08-21,funded_assets,USD,0.7886505126953125,0,0,SCALAR_BEKK_INTERNAL
2025-08-21,net_cashflows,EUR,0.94879150390625,0,0,SCALAR_BEKK_INTERNAL
2025-08-21,net_cashflows,USD,0.9484100341796875,0,0,SCALAR_BEKK_INTERNAL
2025-08-22,funded_assets,EUR,0.1312713623046875,0,0,SCALAR_BEKK_INTERNAL
2025-08-22,funded_assets,USD,0.1289825439453125,0,0,SCALAR_BEKK_INTERNAL
2025-08-22,net_cashflows,EUR,0.4412994384765625,0,0,SCALAR_BEKK_INTERNAL
2025-08-22,net_cashflows,USD,0.4387359619140625,0,0,SCALAR_BEKK_INTERNAL
2025-08-25,funded_assets,EUR,0.106903076171875,0,0,SCALAR_BEKK_INTERNAL
2025-08-25,funded_assets,USD,0.1088714599609375,0,0,SCALAR_BEKK_INTERNAL
2025-08-25,net_cashflows,EUR,0.2388153076171875,0,0,SCALAR_BEKK_INTERNAL
2025-08-25,net_cashflows,USD,0.2404022216796875,0,0,SCALAR_BEKK_INTERNAL
2025-08-26,funded_assets,EUR,0.8131103515625,0,0,SCALAR_BEKK_INTERNAL
2025-08-26,funded_assets,USD,0.811004638671875,0,0,SCALAR_BEKK_INTERNAL
2025-08-26,net_cashflows,EUR,0.931640625,0,0,SCALAR_BEKK_INTERNAL
2025-08-26,net_cashflows,USD,0.9305572509765625,0,0,SCALAR_BEKK_INTERNAL
2025-08-27,funded_assets,EUR,0.6963348388671875,0,0,SCALAR_BEKK_INTERNAL
2025-08-27,funded_assets,USD,0.6965789794921875,0,0,SCALAR_BEKK_INTERNAL
2025-08-27,net_cashflows,EUR,0.3399658203125,0,0,SCALAR_BEKK_INTERNAL
2025-08-27,net_cashflows,USD,0.338043212890625,0,0,SCALAR_BEKK_INTERNAL
2025-08-28,funded_assets,EUR,0.877227783203125,0,0,SCALAR_BEKK_INTERNAL
2025-08-28,funded_assets,USD,0.87744140625,0,0,SCALAR_BEKK_INTERNAL
2025-08-28,net_cashflows,EUR,0.545623779296875,0,0,SCALAR_BEKK_INTERNAL
2025-08-28,net_cashflows,USD,0.545196533203125,0,0,SCALAR_BEKK_INTERNAL
2025-08-29,funded_assets,EUR,0.5184478759765625,0,0,SCALAR_BEKK_INTERNAL
2025-08-29,funded_assets,USD,0.515899658203125,0,0,SCALAR_BEKK_INTERNAL
2025-08-29,net_cashflows,EUR,0.1148834228515625,0,0,SCALAR_BEKK_INTERNAL
2025-08-29,net_cashflows,USD,0.114013671875,0,0,SCALAR_BEKK_INTERNAL
2025-09-01,funded_assets,EUR,0.5025177001953125,0,0,SCALAR_BEKK_INTERNAL
2025-09-01,funded_assets,USD,0.5023193359375,0,0,SCALAR_BEKK_INTERNAL
2025-09-01,net_cashflows,EUR,0.4695892333984375,0,0,SCALAR_BEKK_INTERNAL
2025-09-01,net_cashflows,USD,0.469573974609375,0,0,SCALAR_BEKK_INTERNAL
2025-09-02,funded_assets,EUR,0.289794921875,0,0,SCALAR_BEKK_INTERNAL
2025-09-02,funded_assets,USD,0.2894439697265625,0,0,SCALAR_BEKK_INTERNAL
2025-09-02,net_cashflows,EUR,0.521331787109375,0,0,SCALAR_BEKK_INTERNAL
2025-09-02,net_cashflows,USD,0.5213775634765625,0,0,SCALAR_BEKK_INTERNAL
2025-09-03,funded_assets,EUR,0.8396759033203125,0,0,SCALAR_BEKK_INTERNAL
2025-09-03,funded_assets,USD,0.839141845703125,0,0,SCALAR_BEKK_INTERNAL
2025-09-03,net_cashflows,EUR,0.7314453125,0,0,SCALAR_BEKK_INTERNAL
2025-09-03,net_cashflows,USD,0.731658935546875,0,0,SCALAR_BEKK_INTERNAL
2025-09-04,funded_assets,EUR,0.3430023193359375,0,0,SCALAR_BEKK_INTERNAL
2025-09-04,funded_assets,USD,0.3429107666015625,0,0,SCALAR_BEKK_INTERNAL
2025-09-04,net_cashflows,EUR,0.8209075927734375,0,0,SCALAR_BEKK_INTERNAL
2025-09-04,net_cashflows,USD,0.8226318359375,0,0,SCALAR_BEKK_INTERNAL
2025-09-05,funded_assets,EUR,0.2733306884765625,0,0,SCALAR_BEKK_INTERNAL
2025-09-05,funded_assets,USD,0.2720489501953125,0,0,SCALAR_BEKK_INTERNAL
2025-09-05,net_cashflows,EUR,0.8720550537109375,0,0,SCALAR_BEKK_INTERNAL
2025-09-05,net_cashflows,USD,0.8722686767578125,0,0,SCALAR_BEKK_INTERNAL
2025-09-08,funded_assets,EUR,0.396636962890625,0,0,SCALAR_BEKK_INTERNAL
2025-09-08,funded_assets,USD,0.3974609375,0,0,SCALAR_BEKK_INTERNAL
2025-09-08,net_cashflows,EUR,0.1512451171875,0,0,SCALAR_BEKK_INTERNAL
2025-09-08,net_cashflows,USD,0.1499481201171875,0,0,SCALAR_BEKK_INTERNAL
2025-09-09,funded_assets,EUR,0.4869842529296875,0,0,SCALAR_BEKK_INTERNAL
2025-09-09,funded_assets,USD,0.4871673583984375,0,0,SCALAR_BEKK_INTERNAL
2025-09-09,net_cashflows,EUR,0.2602386474609375,0,0,SCALAR_BEKK_INTERNAL
2025-09-09,net_cashflows,USD,0.26123046875,0,0,SCALAR_BEKK_INTERNAL
2025-09-10,funded_assets,EUR,0.7705841064453125,0,0,SCALAR_BEKK_INTERNAL
2025-09-10,funded_assets,USD,0.7704010009765625,0,0,SCALAR_BEKK_INTERNAL
2025-09-10,net_cashflows,EUR,0.5943145751953125,0,0,SCALAR_BEKK_INTERNAL
2025-09-10,net_cashflows,USD,0.5935821533203125,0,0,SCALAR_BEKK_INTERNAL
2025-09-11,funded_assets,EUR,0.66754150390625,0,0,SCALAR_BEKK_INTERNAL
2025-09-11,funded_assets,USD,0.670013427734375,0,0,SCALAR_BEKK_INTERNAL
2025-09-11,net_cashflows,EUR,0.7565765380859375,0,0,SCALAR_BEKK_INTERNAL
2025-09-11,net_cashflows,USD,0.757720947265625,0,0,SCALAR_BEKK_INTERNAL
2025-09-12,funded_assets,EUR,0.7009124755859375,0,0,SCALAR_BEKK_INTERNAL
2025-09-12,funded_assets,USD,0.7025299072265625,0,0,SCALAR_BEKK_INTERNAL
2025-09-12,net_cashflows,EUR,0.81256103515625,0,0,SCALAR_BEKK_INTERNAL
2025-09-12,net_cashflows,USD,0.8142547607421875,0,0,SCALAR_BEKK_INTERNAL
2025-09-15,funded_assets,EUR,0.5501251220703125,0,0,SCALAR_BEKK_INTERNAL
2025-09-15,funded_assets,USD,0.551177978515625,0,0,SCALAR_BEKK_INTERNAL
2025-09-15,net_cashflows,EUR,0.87115478515625,0,0,SCALAR_BEKK_INTERNAL
2025-09-15,net_cashflows,USD,0.8722381591796875,0,0,SCALAR_BEKK_INTERNAL
2025-09-16,funded_assets,EUR,0.77099609375,0,0,SCALAR_BEKK_INTERNAL
2025-09-16,funded_assets,USD,0.7709808349609375,0,0,SCALAR_BEKK_INTERNAL
2025-09-16,net_cashflows,EUR,0.101898193359375,0,0,SCALAR_BEKK_INTERNAL
2025-09-16,net_cashflows,USD,0.1004791259765625,0,0,SCALAR_BEKK_INTERNAL
2025-09-17,funded_assets,EUR,0.2592926025390625,0,0,SCALAR_BEKK_INTERNAL
2025-09-17,funded_assets,USD,0.259185791015625,0,0,SCALAR_BEKK_INTERNAL
2025-09-17,net_cashflows,EUR,0.1587982177734375,0,0,SCALAR_BEKK_INTERNAL
2025-09-17,net_cashflows,USD,0.1623687744140625,0,0,SCALAR_BEKK_INTERNAL
2025-09-18,funded_assets,EUR,0.8632354736328125,0,0,SCALAR_BEKK_INTERNAL
2025-09-18,funded_assets,USD,0.8610992431640625,0,0,SCALAR_BEKK_INTERNAL
2025-09-18,net_cashflows,EUR,0.7186737060546875,0,0,SCALAR_BEKK_INTERNAL
2025-09-18,net_cashflows,USD,0.716705322265625,0,0,SCALAR_BEKK_INTERNAL
2025-09-19,funded_assets,EUR,0.5623626708984375,0,0,SCALAR_BEKK_INTERNAL
2025-09-19,funded_assets,USD,0.5632476806640625,0,0,SCALAR_BEKK_INTERNAL
2025-09-19,net_cashflows,EUR,0.570587158203125,0,0,SCALAR_BEKK_INTERNAL
2025-09-19,net_cashflows,USD,0.5711212158203125,0,0,SCALAR_BEKK_INTERNAL
2025-09-22,funded_assets,EUR,0.361572265625,0,0,SCALAR_BEKK_INTERNAL
2025-09-22,funded_assets,USD,0.3613739013671875,0,0,SCALAR_BEKK_INTERNAL
2025-09-22,net_cashflows,EUR,0.239776611328125,0,0,SCALAR_BEKK_INTERNAL
2025-09-22,net_cashflows,USD,0.2397308349609375,0,0,SCALAR_BEKK_INTERNAL
2025-09-23,funded_assets,EUR,0.6242828369140625,0,0,SCALAR_BEKK_INTERNAL
2025-09-23,funded_assets,USD,0.6236572265625,0,0,SCALAR_BEKK_INTERNAL
2025-09-23,net_cashflows,EUR,0.3254852294921875,0,0,SCALAR_BEKK_INTERNAL
2025-09-23,net_cashflows,USD,0.326080322265625,0,0,SCALAR_BEKK_INTERNAL
2025-09-24,funded_assets,EUR,0.166473388671875,0,0,SCALAR_BEKK_INTERNAL
2025-09-24,funded_assets,USD,0.16693115234375,0,0,SCALAR_BEKK_INTERNAL
2025-09-24,net_cashflows,EUR,0.1217803955078125,0,0,SCALAR_BEKK_INTERNAL
2025-09-24,net_cashflows,USD,0.122955322265625,0,0,SCALAR_BEKK_INTERNAL
2025-09-25,funded_assets,EUR,0.63641357421875,0,0,SCALAR_BEKK_INTERNAL
2025-09-25,funded_assets,USD,0.634490966796875,0,0,SCALAR_BEKK_INTERNAL
2025-09-25,net_cashflows,EUR,0.834991455078125,0,0,SCALAR_BEKK_INTERNAL
2025-09-25,net_cashflows,USD,0.8329925537109375,0,0,SCALAR_BEKK_INTERNAL
2025-09-26,funded_assets,EUR,0.492095947265625,0,0,SCALAR_BEKK_INTERNAL
2025-09-26,funded_assets,USD,0.4924468994140625,0,0,SCALAR_BEKK_INTERNAL
2025-09-26,net_cashflows,EUR,0.825927734375,0,0,SCALAR_BEKK_INTERNAL
2025-09-26,net_cashflows,USD,0.82733154296875,0,0,SCALAR_BEKK_INTERNAL
2025-09-29,funded_assets,EUR,0.06201171875,0,0,SCALAR_BEKK_INTERNAL
2025-09-29,funded_assets,USD,0.0611419677734375,0,0,SCALAR_BEKK_INTERNAL
2025-09-29,net_cashflows,EUR,0.7730712890625,0,0,SCALAR_BEKK_INTERNAL
2025-09-29,net_cashflows,USD,0.772369384765625,0,0,SCALAR_BEKK_INTERNAL
2025-09-30,funded_assets,EUR,0.6621246337890625,0,0,SCALAR_BEKK_INTERNAL
2025-09-30,funded_assets,USD,0.66058349609375,0,0,SCALAR_BEKK_INTERNAL
2025-09-30,net_cashflows,EUR,0.794189453125,0,0,SCALAR_BEKK_INTERNAL
2025-09-30,net_cashflows,USD,0.79443359375,0,0,SCALAR_BEKK_INTERNAL
2025-10-01,funded_assets,EUR,0.5079498291015625,0,0,SCALAR_BEKK_INTERNAL
2025-10-01,funded_assets,USD,0.5076751708984375,0,0,SCALAR_BEKK_INTERNAL
2025-10-01,net_cashflows,EUR,0.28253173828125,0,0,SCALAR_BEKK_INTERNAL
2025-10-01,net_cashflows,USD,0.2816314697265625,0,0,SCALAR_BEKK_INTERNAL
2025-10-02,funded_assets,EUR,0.583404541015625,0,0,SCALAR_BEKK_INTERNAL
2025-10-02,funded_assets,USD,0.582611083984375,0,0,SCALAR_BEKK_INTERNAL
2025-10-02,net_cashflows,EUR,0.0042877197265625,0,0,SCALAR_BEKK_INTERNAL
2025-10-02,net_cashflows,USD,0.004302978515625,0,0,SCALAR_BEKK_INTERNAL
2025-10-03,funded_assets,EUR,0.720947265625,0,0,SCALAR_BEKK_INTERNAL
2025-10-03,funded_assets,USD,0.7192840576171875,0,0,SCALAR_BEKK_INTERNAL
2025-10-03,net_cashflows,EUR,0.1819305419921875,0,0,SCALAR_BEKK_INTERNAL
2025-10-03,net_cashflows,USD,0.1832427978515625,0,0,SCALAR_BEKK_INTERNAL
2025-10-06,funded_assets,EUR,0.5100555419921875,0,0,SCALAR_BEKK_INTERNAL
2025-10-06,funded_assets,USD,0.5093841552734375,0,0,SCALAR_BEKK_INTERNAL
2025-10-06,net_cashflows,EUR,0.0368499755859375,0,0,SCALAR_BEKK_INTERNAL
2025-10-06,net_cashflows,USD,0.0368804931640625,0,0,SCALAR_BEKK_INTERNAL
2025-10-07,funded_assets,EUR,0.4796142578125,0,0,SCALAR_BEKK_INTERNAL
2025-10-07,funded_assets,USD,0.4796905517578125,0,0,SCALAR_BEKK_INTERNAL
2025-10-07,net_cashflows,EUR,0.4570465087890625,0,0,SCALAR_BEKK_INTERNAL
2025-10-07,net_cashflows,USD,0.458221435546875,0,0,SCALAR_BEKK_INTERNAL
2025-10-08,funded_assets,EUR,0.2681884765625,0,0,SCALAR_BEKK_INTERNAL
2025-10-08,funded_assets,USD,0.2688446044921875,0,0,SCALAR_BEKK_INTERNAL
2025-10-08,net_cashflows,EUR,0.5286712646484375,0,0,SCALAR_BEKK_INTERNAL
2025-10-08,net_cashflows,USD,0.52886962890625,0,0,SCALAR_BEKK_INTERNAL
2025-10-09,funded_assets,EUR,0.126220703125,0,0,SCALAR_BEKK_INTERNAL
2025-10-09,funded_assets,USD,0.1266632080078125,0,0,SCALAR_BEKK_INTERNAL
2025-10-09,net_cashflows,EUR,0.6842193603515625,0,0,SCALAR_BEKK_INTERNAL
2025-10-09,net_cashflows,USD,0.6832733154296875,0,0,SCALAR_BEKK_INTERNAL
2025-10-10,funded_assets,EUR,0.5115509033203125,0,0,SCALAR_BEKK_INTERNAL
2025-10-10,funded_assets,USD,0.5122222900390625,0,0,SCALAR_BEKK_INTERNAL
2025-10-10,net_cashflows,EUR,0.6043853759765625,0,0,SCALAR_BEKK_INTERNAL
2025-10-10,net_cashflows,USD,0.60382080078125,0,0,SCALAR_BEKK_INTERNAL
2025-10-13,funded_assets,EUR,0.8658294677734375,0,0,SCALAR_BEKK_INTERNAL
2025-10-13,funded_assets,USD,0.8662261962890625,0,0,SCALAR_BEKK_INTERNAL
2025-10-13,net_cashflows,EUR,0.7687225341796875,0,0,SCALAR_BEKK_INTERNAL
2025-10-13,net_cashflows,USD,0.7698974609375,0,0,SCALAR_BEKK_INTERNAL
2025-10-14,funded_assets,EUR,0.4515228271484375,0,0,SCALAR_BEKK_INTERNAL
2025-10-14,funded_assets,USD,0.452117919921875,0,0,SCALAR_BEKK_INTERNAL
2025-10-14,net_cashflows,EUR,0.6110076904296875,0,0,SCALAR_BEKK_INTERNAL
2025-10-14,net_cashflows,USD,0.6121978759765625,0,0,SCALAR_BEKK_INTERNAL
2025-10-15,funded_assets,EUR,0.339935302734375,0,0,SCALAR_BEKK_INTERNAL
2025-10-15,funded_assets,USD,0.3391265869140625,0,0,SCALAR_BEKK_INTERNAL
2025-10-15,net_cashflows,EUR,0.9410400390625,0,0,SCALAR_BEKK_INTERNAL
2025-10-15,net_cashflows,USD,0.941436767578125,0,0,SCALAR_BEKK_INTERNAL
2025-10-16,funded_assets,EUR,0.261993408203125,0,0,SCALAR_BEKK_INTERNAL
2025-10-16,funded_assets,USD,0.2619171142578125,0,0,SCALAR_BEKK_INTERNAL
2025-10-16,net_cashflows,EUR,0.3978118896484375,0,0,SCALAR_BEKK_INTERNAL
2025-10-16,net_cashflows,USD,0.39630126953125,0,0,SCALAR_BEKK_INTERNAL
2025-10-17,funded_assets,EUR,0.363739013671875,0,0,SCALAR_BEKK_INTERNAL
2025-10-17,funded_assets,USD,0.3656005859375,0,0,SCALAR_BEKK_INTERNAL
2025-10-17,net_cashflows,EUR,0.086578369140625,0,0,SCALAR_BEKK_INTERNAL
2025-10-17,net_cashflows,USD,0.0871124267578125,0,0,SCALAR_BEKK_INTERNAL
2025-10-20,funded_assets,EUR,0.302032470703125,0,0,SCALAR_BEKK_INTERNAL
2025-10-20,funded_assets,USD,0.302947998046875,0,0,SCALAR_BEKK_INTERNAL
2025-10-20,net_cashflows,EUR,0.591339111328125,0,0,SCALAR_BEKK_INTERNAL
2025-10-20,net_cashflows,USD,0.5919036865234375,0,0,SCALAR_BEKK_INTERNAL
2025-10-21,funded_assets,EUR,0.8802642822265625,0,0,SCALAR_BEKK_INTERNAL
2025-10-21,funded_assets,USD,0.879241943359375,0,0,SCALAR_BEKK_INTERNAL
2025-10-21,net_cashflows,EUR,0.1721649169921875,0,0,SCALAR_BEKK_INTERNAL
2025-10-21,net_cashflows,USD,0.1718292236328125,0,0,SCALAR_BEKK_INTERNAL
2025-10-22,funded_assets,EUR,0.8866729736328125,0,0,SCALAR_BEKK_INTERNAL
2025-10-22,funded_assets,USD,0.8871002197265625,0,0,SCALAR_BEKK_INTERNAL
2025-10-22,net_cashflows,EUR,0.524505615234375,0,0,SCALAR_BEKK_INTERNAL
2025-10-22,net_cashflows,USD,0.523773193359375,0,0,SCALAR_BEKK_INTERNAL
2025-10-23,funded_assets,EUR,0.77825927734375,0,0,SCALAR_BEKK_INTERNAL
2025-10-23,funded_assets,USD,0.7797698974609375,0,0,SCALAR_BEKK_INTERNAL
2025-10-23,net_cashflows,EUR,0.496978759765625,0,0,SCALAR_BEKK_INTERNAL
2025-10-23,net_cashflows,USD,0.4969329833984375,0,0,SCALAR_BEKK_INTERNAL
2025-10-24,funded_assets,EUR,0.4275970458984375,0,0,SCALAR_BEKK_INTERNAL
2025-10-24,funded_assets,USD,0.4273223876953125,0,0,SCALAR_BEKK_INTERNAL
2025-10-24,net_cashflows,EUR,0.796661376953125,0,0,SCALAR_BEKK_INTERNAL
2025-10-24,net_cashflows,USD,0.796661376953125,0,0,SCALAR_BEKK_INTERNAL
2025-10-27,funded_assets,EUR,0.8326568603515625,0,0,SCALAR_BEKK_INTERNAL
2025-10-27,funded_assets,USD,0.832000732421875,0,0,SCALAR_BEKK_INTERNAL
2025-10-27,net_cashflows,EUR,0.6107177734375,0,0,SCALAR_BEKK_INTERNAL
2025-10-27,net_cashflows,USD,0.61077880859375,0,0,SCALAR_BEKK_INTERNAL
2025-10-28,funded_assets,EUR,0.4658966064453125,0,0,SCALAR_BEKK_INTERNAL
2025-10-28,funded_assets,USD,0.462677001953125,0,0,SCALAR_BEKK_INTERNAL
2025-10-28,net_cashflows,EUR,0.0074310302734375,0,0,SCALAR_BEKK_INTERNAL
2025-10-28,net_cashflows,USD,0.007415771484375,0,0,SCALAR_BEKK_INTERNAL
2025-10-29,funded_assets,EUR,0.5700836181640625,0,0,SCALAR_BEKK_INTERNAL
2025-10-29,funded_assets,USD,0.569366455078125,0,0,SCALAR_BEKK_INTERNAL
2025-10-29,net_cashflows,EUR,0.6338043212890625,0,0,SCALAR_BEKK_INTERNAL
2025-10-29,net_cashflows,USD,0.6326141357421875,0,0,SCALAR_BEKK_INTERNAL
2025-10-30,funded_assets,EUR,0.069427490234375,0,0,SCALAR_BEKK_INTERNAL
2025-10-30,funded_assets,USD,0.0694580078125,0,0,SCALAR_BEKK_INTERNAL
2025-10-30,net_cashflows,EUR,0.28228759765625,0,0,SCALAR_BEKK_INTERNAL
2025-10-30,net_cashflows,USD,0.282470703125,0,0,SCALAR_BEKK_INTERNAL
2025-10-31,funded_assets,EUR,0.2153167724609375,0,0,SCALAR_BEKK_INTERNAL
2025-10-31,funded_assets,USD,0.2171783447265625,0,0,SCALAR_BEKK_INTERNAL
2025-10-31,net_cashflows,EUR,0.797454833984375,0,0,SCALAR_BEKK_INTERNAL
2025-10-31,net_cashflows,USD,0.7962188720703125,0,0,SCALAR_BEKK_INTERNAL
2025-11-03,funded_assets,EUR,0.7304534912109375,0,0,SCALAR_BEKK_INTERNAL
2025-11-03,funded_assets,USD,0.7296600341796875,0,0,SCALAR_BEKK_INTERNAL
2025-11-03,net_cashflows,EUR,0.407684326171875,0,0,SCALAR_BEKK_INTERNAL
2025-11-03,net_cashflows,USD,0.407928466796875,0,0,SCALAR_BEKK_INTERNAL
2025-11-04,funded_assets,EUR,0.8171234130859375,0,0,SCALAR_BEKK_INTERNAL
2025-11-04,funded_assets,USD,0.8179931640625,0,0,SCALAR_BEKK_INTERNAL
2025-11-04,net_cashflows,EUR,0.590545654296875,0,0,SCALAR_BEKK_INTERNAL
2025-11-04,net_cashflows,USD,0.590484619140625,0,0,SCALAR_BEKK_INTERNAL
2025-11-05,funded_assets,EUR,0.57611083984375,0,0,SCALAR_BEKK_INTERNAL
2025-11-05,funded_assets,USD,0.5775909423828125,0,0,SCALAR_BEKK_INTERNAL
2025-11-05,net_cashflows,EUR,0.770782470703125,0,0,SCALAR_BEKK_INTERNAL
2025-11-05,net_cashflows,USD,0.77203369140625,0,0,SCALAR_BEKK_INTERNAL
2025-11-06,funded_assets,EUR,0.751312255859375,0,0,SCALAR_BEKK_INTERNAL
2025-11-06,funded_assets,USD,0.7515716552734375,0,0,SCALAR_BEKK_INTERNAL
2025-11-06,net_cashflows,EUR,0.118316650390625,0,0,SCALAR_BEKK_INTERNAL
2025-11-06,net_cashflows,USD,0.117156982421875,0,0,SCALAR_BEKK_INTERNAL
2025-11-07,funded_assets,EUR,0.4856414794921875,0,0,SCALAR_BEKK_INTERNAL
2025-11-07,funded_assets,USD,0.48565673828125,0,0,SCALAR_BEKK_INTERNAL
2025-11-07,net_cashflows,EUR,0.7228240966796875,0,0,SCALAR_BEKK_INTERNAL
2025-11-07,net_cashflows,USD,0.7227020263671875,0,0,SCALAR_BEKK_INTERNAL
2025-11-10,funded_assets,EUR,0.666046142578125,0,0,SCALAR_BEKK_INTERNAL
2025-11-10,funded_assets,USD,0.665802001953125,0,0,SCALAR_BEKK_INTERNAL
2025-11-10,net_cashflows,EUR,0.439849853515625,0,0,SCALAR_BEKK_INTERNAL
2025-11-10,net_cashflows,USD,0.4398345947265625,0,0,SCALAR_BEKK_INTERNAL
2025-11-11,funded_assets,EUR,0.7371673583984375,0,0,SCALAR_BEKK_INTERNAL
2025-11-11,funded_assets,USD,0.7382659912109375,0,0,SCALAR_BEKK_INTERNAL
2025-11-11,net_cashflows,EUR,0.7015380859375,0,0,SCALAR_BEKK_INTERNAL
2025-11-11,net_cashflows,USD,0.7017669677734375,0,0,SCALAR_BEKK_INTERNAL
2025-11-12,funded_assets,EUR,0.341339111328125,0,0,SCALAR_BEKK_INTERNAL
2025-11-12,funded_assets,USD,0.3406524658203125,0,0,SCALAR_BEKK_INTERNAL
2025-11-12,net_cashflows,EUR,0.9493865966796875,0,0,SCALAR_BEKK_INTERNAL
2025-11-12,net_cashflows,USD,0.949798583984375,0,0,SCALAR_BEKK_INTERNAL
2025-11-13,funded_assets,EUR,0.275970458984375,0,0,SCALAR_BEKK_INTERNAL
2025-11-13,funded_assets,USD,0.276763916015625,0,0,SCALAR_BEKK_INTERNAL
2025-11-13,net_cashflows,EUR,0.027252197265625,0,0,SCALAR_BEKK_INTERNAL
2025-11-13,net_cashflows,USD,0.0265655517578125,0,0,SCALAR_BEKK_INTERNAL
2025-11-14,funded_assets,EUR,0.7785797119140625,0,0,SCALAR_BEKK_INTERNAL
2025-11-14,funded_assets,USD,0.777008056640625,0,0,SCALAR_BEKK_INTERNAL
2025-11-14,net_cashflows,EUR,0.3911590576171875,0,0,SCALAR_BEKK_INTERNAL
2025-11-14,net_cashflows,USD,0.3919830322265625,0,0,SCALAR_BEKK_INTERNAL
2025-11-17,funded_assets,EUR,0.9196319580078125,0,0,SCALAR_BEKK_INTERNAL
2025-11-17,funded_assets,USD,0.91888427734375,0,0,SCALAR_BEKK_INTERNAL
2025-11-17,net_cashflows,EUR,0.0959320068359375,0,0,SCALAR_BEKK_INTERNAL
2025-11-17,net_cashflows,USD,0.0952606201171875,0,0,SCALAR_BEKK_INTERNAL
2025-11-18,funded_assets,EUR,0.3385009765625,0,0,SCALAR_BEKK_INTERNAL
2025-11-18,funded_assets,USD,0.336395263671875,0,0,SCALAR_BEKK_INTERNAL
2025-11-18,net_cashflows,EUR,0.0397186279296875,0,0,SCALAR_BEKK_INTERNAL
2025-11-18,net_cashflows,USD,0.0405731201171875,0,0,SCALAR_BEKK_INTERNAL
2025-11-19,funded_assets,EUR,0.1894378662109375,0,0,SCALAR_BEKK_INTERNAL
2025-11-19,funded_assets,USD,0.1902313232421875,0,0,SCALAR_BEKK_INTERNAL
2025-11-19,net_cashflows,EUR,0.810211181640625,0,0,SCALAR_BEKK_INTERNAL
2025-11-19,net_cashflows,USD,0.8085479736328125,0,0,SCALAR_BEKK_INTERNAL
2025-11-20,funded_assets,EUR,0.89752197265625,0,0,SCALAR_BEKK_INTERNAL
2025-11-20,funded_assets,USD,0.8972320556640625,0,0,SCALAR_BEKK_INTERNAL
2025-11-20,net_cashflows,EUR,0.3255615234375,0,0,SCALAR_BEKK_INTERNAL
2025-11-20,net_cashflows,USD,0.3255462646484375,0,0,SCALAR_BEKK_INTERNAL
2025-11-21,funded_assets,EUR,0.3155364990234375,0,0,SCALAR_BEKK_INTERNAL
2025-11-21,funded_assets,USD,0.315277099609375,0,0,SCALAR_BEKK_INTERNAL
2025-11-21,net_cashflows,EUR,0.6879425048828125,0,0,SCALAR_BEKK_INTERNAL
2025-11-21,net_cashflows,USD,0.6879425048828125,0,0,SCALAR_BEKK_INTERNAL
2025-11-24,funded_assets,EUR,0.7075042724609375,0,0,SCALAR_BEKK_INTERNAL
2025-11-24,funded_assets,USD,0.7074737548828125,0,0,SCALAR_BEKK_INTERNAL
2025-11-24,net_cashflows,EUR,0.4608917236328125,0,0,SCALAR_BEKK_INTERNAL
2025-11-24,net_cashflows,USD,0.461273193359375,0,0,SCALAR_BEKK_INTERNAL
2025-11-25,funded_assets,EUR,0.3840179443359375,0,0,SCALAR_BEKK_INTERNAL
2025-11-25,funded_assets,USD,0.383941650390625,0,0,SCALAR_BEKK_INTERNAL
2025-11-25,net_cashflows,EUR,0.536163330078125,0,0,SCALAR_BEKK_INTERNAL
2025-11-25,net_cashflows,USD,0.5360870361328125,0,0,SCALAR_BEKK_INTERNAL
2025-11-26,funded_assets,EUR,0.1689453125,0,0,SCALAR_BEKK_INTERNAL
2025-11-26,funded_assets,USD,0.1686859130859375,0,0,SCALAR_BEKK_INTERNAL
2025-11-26,net_cashflows,EUR,0.632476806640625,0,0,SCALAR_BEKK_INTERNAL
2025-11-26,net_cashflows,USD,0.6322021484375,0,0,SCALAR_BEKK_INTERNAL
2025-11-27,funded_assets,EUR,0.8776092529296875,0,0,SCALAR_BEKK_INTERNAL
2025-11-27,funded_assets,USD,0.876922607421875,0,0,SCALAR_BEKK_INTERNAL
2025-11-27,net_cashflows,EUR,0.9547576904296875,0,0,SCALAR_BEKK_INTERNAL
2025-11-27,net_cashflows,USD,0.9550933837890625,0,0,SCALAR_BEKK_INTERNAL
2025-11-28,funded_assets,EUR,0.8299713134765625,0,0,SCALAR_BEKK_INTERNAL
2025-11-28,funded_assets,USD,0.82958984375,0,0,SCALAR_BEKK_INTERNAL
2025-11-28,net_cashflows,EUR,0.0694122314453125,0,0,SCALAR_BEKK_INTERNAL
2025-11-28,net_cashflows,USD,0.0674591064453125,0,0,SCALAR_BEKK_INTERNAL
2025-12-01,funded_assets,EUR,0.5095062255859375,0,0,SCALAR_BEKK_INTERNAL
2025-12-01,funded_assets,USD,0.5115509033203125,0,0,SCALAR_BEKK_INTERNAL
2025-12-01,net_cashflows,EUR,0.8131561279296875,0,0,SCALAR_BEKK_INTERNAL
2025-12-01,net_cashflows,USD,0.8113555908203125,0,0,SCALAR_BEKK_INTERNAL
2025-12-02,funded_assets,EUR,0.2005615234375,0,0,SCALAR_BEKK_INTERNAL
2025-12-02,funded_assets,USD,0.199432373046875,0,0,SCALAR_BEKK_INTERNAL
2025-12-02,net_cashflows,EUR,0.670135498046875,0,0,SCALAR_BEKK_INTERNAL
2025-12-02,net_cashflows,USD,0.6707763671875,0,0,SCALAR_BEKK_INTERNAL
2025-12-03,funded_assets,EUR,0.492279052734375,0,0,SCALAR_BEKK_INTERNAL
2025-12-03,funded_assets,USD,0.4928741455078125,0,0,SCALAR_BEKK_INTERNAL
2025-12-03,net_cashflows,EUR,0.1942596435546875,0,0,SCALAR_BEKK_INTERNAL
2025-12-03,net_cashflows,USD,0.194091796875,0,0,SCALAR_BEKK_INTERNAL
2025-12-04,funded_assets,EUR,0.86474609375,0,0,SCALAR_BEKK_INTERNAL
2025-12-04,funded_assets,USD,0.86419677734375,0,0,SCALAR_BEKK_INTERNAL
2025-12-04,net_cashflows,EUR,0.3548583984375,0,0,SCALAR_BEKK_INTERNAL
2025-12-04,net_cashflows,USD,0.3545989990234375,0,0,SCALAR_BEKK_INTERNAL
2025-12-05,funded_assets,EUR,0.5234375,0,0,SCALAR_BEKK_INTERNAL
2025-12-05,funded_assets,USD,0.5229339599609375,0,0,SCALAR_BEKK_INTERNAL
2025-12-05,net_cashflows,EUR,0.1932373046875,0,0,SCALAR_BEKK_INTERNAL
2025-12-05,net_cashflows,USD,0.193023681640625,0,0,SCALAR_BEKK_INTERNAL
2025-12-08,funded_assets,EUR,0.4561767578125,0,0,SCALAR_BEKK_INTERNAL
2025-12-08,funded_assets,USD,0.456298828125,0,0,SCALAR_BEKK_INTERNAL
2025-12-08,net_cashflows,EUR,0.5138092041015625,0,0,SCALAR_BEKK_INTERNAL
2025-12-08,net_cashflows,USD,0.513916015625,0,0,SCALAR_BEKK_INTERNAL
2025-12-09,funded_assets,EUR,0.7524871826171875,0,0,SCALAR_BEKK_INTERNAL
2025-12-09,funded_assets,USD,0.753570556640625,0,0,SCALAR_BEKK_INTERNAL
2025-12-09,net_cashflows,EUR,0.9564361572265625,0,0,SCALAR_BEKK_INTERNAL
2025-12-09,net_cashflows,USD,0.95684814453125,0,0,SCALAR_BEKK_INTERNAL
2025-12-10,funded_assets,EUR,0.8365631103515625,0,0,SCALAR_BEKK_INTERNAL
2025-12-10,funded_assets,USD,0.838409423828125,0,0,SCALAR_BEKK_INTERNAL
2025-12-10,net_cashflows,EUR,0.4193878173828125,0,0,SCALAR_BEKK_INTERNAL
2025-12-10,net_cashflows,USD,0.41943359375,0,0,SCALAR_BEKK_INTERNAL
2025-12-11,funded_assets,EUR,0.5985260009765625,0,0,SCALAR_BEKK_INTERNAL
2025-12-11,funded_assets,USD,0.5995941162109375,0,0,SCALAR_BEKK_INTERNAL
2025-12-11,net_cashflows,EUR,0.7879486083984375,0,0,SCALAR_BEKK_INTERNAL
2025-12-11,net_cashflows,USD,0.78826904296875,0,0,SCALAR_BEKK_INTERNAL
2025-12-12,funded_assets,EUR,0.4102325439453125,0,0,SCALAR_BEKK_INTERNAL
2025-12-12,funded_assets,USD,0.4101409912109375,0,0,SCALAR_BEKK_INTERNAL
2025-12-12,net_cashflows,EUR,0.7286529541015625,0,0,SCALAR_BEKK_INTERNAL
2025-12-12,net_cashflows,USD,0.7295989990234375,0,0,SCALAR_BEKK_INTERNAL
2025-12-15,funded_assets,EUR,0.3581695556640625,0,0,SCALAR_BEKK_INTERNAL
2025-12-15,funded_assets,USD,0.35882568359375,0,0,SCALAR_BEKK_INTERNAL
2025-12-15,net_cashflows,EUR,0.1987762451171875,0,0,SCALAR_BEKK_INTERNAL
2025-12-15,net_cashflows,USD,0.198028564453125,0,0,SCALAR_BEKK_INTERNAL
2025-12-16,funded_assets,EUR,0.2184600830078125,0,0,SCALAR_BEKK_INTERNAL
2025-12-16,funded_assets,USD,0.219085693359375,0,0,SCALAR_BEKK_INTERNAL
2025-12-16,net_cashflows,EUR,0.4145355224609375,0,0,SCALAR_BEKK_INTERNAL
2025-12-16,net_cashflows,USD,0.414825439453125,0,0,SCALAR_BEKK_INTERNAL
2025-12-17,funded_assets,EUR,0.9073638916015625,0,0,SCALAR_BEKK_INTERNAL
2025-12-17,funded_assets,USD,0.9068603515625,0,0,SCALAR_BEKK_INTERNAL
2025-12-17,net_cashflows,EUR,0.0892181396484375,0,0,SCALAR_BEKK_INTERNAL
2025-12-17,net_cashflows,USD,0.0887451171875,0,0,SCALAR_BEKK_INTERNAL
2025-12-18,funded_assets,EUR,0.699951171875,0,0,SCALAR_BEKK_INTERNAL
2025-12-18,funded_assets,USD,0.7011871337890625,0,0,SCALAR_BEKK_INTERNAL
2025-12-18,net_cashflows,EUR,0.5071563720703125,0,0,SCALAR_BEKK_INTERNAL
2025-12-18,net_cashflows,USD,0.5054473876953125,0,0,SCALAR_BEKK_INTERNAL
2025-12-19,funded_assets,EUR,0.2061920166015625,0,0,SCALAR_BEKK_INTERNAL
2025-12-19,funded_assets,USD,0.204925537109375,0,0,SCALAR_BEKK_INTERNAL
2025-12-19,net_cashflows,EUR,0.952178955078125,0,0,SCALAR_BEKK_INTERNAL
2025-12-19,net_cashflows,USD,0.952545166015625,0,0,SCALAR_BEKK_INTERNAL
2025-12-22,funded_assets,EUR,0.463531494140625,0,0,SCALAR_BEKK_INTERNAL
2025-12-22,funded_assets,USD,0.4635772705078125,0,0,SCALAR_BEKK_INTERNAL
2025-12-22,net_cashflows,EUR,0.5578155517578125,0,0,SCALAR_BEKK_INTERNAL
2025-12-22,net_cashflows,USD,0.557891845703125,0,0,SCALAR_BEKK_INTERNAL
2025-12-23,funded_assets,EUR,0.472015380859375,0,0,SCALAR_BEKK_INTERNAL
2025-12-23,funded_assets,USD,0.47222900390625,0,0,SCALAR_BEKK_INTERNAL
2025-12-23,net_cashflows,EUR,0.283416748046875,0,0,SCALAR_BEKK_INTERNAL
2025-12-23,net_cashflows,USD,0.2833251953125,0,0,SCALAR_BEKK_INTERNAL
2025-12-24,funded_assets,EUR,0.237762451171875,0,0,SCALAR_BEKK_INTERNAL
2025-12-24,funded_assets,USD,0.2380523681640625,0,0,SCALAR_BEKK_INTERNAL
2025-12-24,net_cashflows,EUR,0.58392333984375,0,0,SCALAR_BEKK_INTERNAL
2025-12-24,net_cashflows,USD,0.583892822265625,0,0,SCALAR_BEKK_INTERNAL
2025-12-29,funded_assets,EUR,0.818084716796875,0,0,SCALAR_BEKK_INTERNAL
2025-12-29,funded_assets,USD,0.8174896240234375,0,0,SCALAR_BEKK_INTERNAL
2025-12-29,net_cashflows,EUR,0.219390869140625,0,0,SCALAR_BEKK_INTERNAL
2025-12-29,net_cashflows,USD,0.2193756103515625,0,0,SCALAR_BEKK_INTERNAL
