origin_date,start_date_14,target_date_14,book,report,tau,model,train_reference,actual_loss_14,var_14,es_14,score_14,strict_hit_14,tail_residual_14,scenario_n_14,fit_cutoff_date_14,cash_identity_absolute_error_14,cash_identity_relative_error_14,minimum_scenario_loss_14,maximum_scenario_loss_14,start_date_16,target_date_16,actual_loss_16,var_16,es_16,score_16,strict_hit_16,tail_residual_16,scenario_n_16,fit_cutoff_date_16,cash_identity_absolute_error_16,cash_identity_relative_error_16,minimum_scenario_loss_16,maximum_scenario_loss_16,var_relative_change,es_relative_change,score_absolute_change
2015-01-13,2015-01-14,2015-01-15,funded_assets,EUR,0.95,HS1250,ALL_EQUIVARIANT,-0.0480071990023405,0.0072773080218551,0.0097212078891575,-4.884844186365896,0,0.0024438998673024,1249,2014-12-31,3.3068166260807885e-18,3.3068166260807885e-18,-0.0213820936382472,0.0205646951462876,2015-01-14,2015-01-15,-0.0480071990023405,0.0072773080218551,0.0097212078891575,-4.884844186365896,0,0.0024438998673024,1249,2014-12-31,3.3068166260807885e-18,3.3068166260807885e-18,-0.0213820936382472,0.0205646951462876,0.0,0.0,0.0
2015-01-13,2015-01-14,2015-01-15,funded_assets,EUR,0.99,HS1250,ALL_EQUIVARIANT,-0.0480071990023405,0.0109663742814851,0.0132458518232134,-4.4961607625789135,0,0.0022794775417283,1249,2014-12-31,3.3068166260807885e-18,3.3068166260807885e-18,-0.0213820936382472,0.0205646951462876,2015-01-14,2015-01-15,-0.0480071990023405,0.0109663742814851,0.0132458518232134,-4.4961607625789135,0,0.0022794775417283,1249,2014-12-31,3.3068166260807885e-18,3.3068166260807885e-18,-0.0213820936382472,0.0205646951462876,0.0,0.0,0.0
2015-01-13,2015-01-14,2015-01-15,funded_assets,USD,0.95,HS1250,ALL_EQUIVARIANT,-0.0476807556736478,0.0073832019423681,0.0098033346433133,-4.871900996067616,0,0.0024201327009452,1249,2014-12-31,3.3068166260807885e-18,3.3068166260807885e-18,-0.0214071174814694,0.0203512819840272,2015-01-14,2015-01-15,-0.0476807556736478,0.0073832019423681,0.0098033346433133,-4.871900996067616,0,0.0024201327009452,1249,2014-12-31,3.3068166260807885e-18,3.3068166260807885e-18,-0.0214071174814694,0.0203512819840272,0.0,0.0,0.0
2015-01-13,2015-01-14,2015-01-15,funded_assets,USD,0.99,HS1250,ALL_EQUIVARIANT,-0.0476807556736478,0.0111921647392261,0.0134005350105363,-4.4772578185350245,0,0.0022083702713101,1249,2014-12-31,3.3068166260807885e-18,3.3068166260807885e-18,-0.0214071174814694,0.0203512819840272,2015-01-14,2015-01-15,-0.0476807556736478,0.0111921647392261,0.0134005350105363,-4.4772578185350245,0,0.0022083702713101,1249,2014-12-31,3.3068166260807885e-18,3.3068166260807885e-18,-0.0214071174814694,0.0203512819840272,0.0,0.0,0.0
2015-01-13,2015-01-14,2015-01-15,net_cashflows,EUR,0.95,HS1250,ALL_EQUIVARIANT,0.0325408805856972,0.003547324289107,0.0053819861276243,102.17737466235786,1,-0.5780364640932856,1249,2014-12-31,3.3068166260807885e-18,3.3068166260807885e-18,-0.0174145363880673,0.0133581788481999,2015-01-14,2015-01-15,0.0325408805856972,0.003547324289107,0.0053819861276243,102.17737466235786,1,-0.5780364640932856,1249,2014-12-31,3.3068166260807885e-18,3.3068166260807885e-18,-0.0174145363880673,0.0133581788481999,0.0,0.0,0.0
2015-01-13,2015-01-14,2015-01-15,net_cashflows,EUR,0.99,HS1250,ALL_EQUIVARIANT,0.0325408805856972,0.0061553007669376,0.0080872904937399,321.2034714678972,1,-2.636625992149145,1249,2014-12-31,3.3068166260807885e-18,3.3068166260807885e-18,-0.0174145363880673,0.0133581788481999,2015-01-14,2015-01-15,0.0325408805856972,0.0061553007669376,0.0080872904937399,321.2034714678972,1,-2.636625992149145,1249,2014-12-31,3.3068166260807885e-18,3.3068166260807885e-18,-0.0174145363880673,0.0133581788481999,0.0,0.0,0.0
2015-01-13,2015-01-14,2015-01-15,net_cashflows,USD,0.95,HS1250,ALL_EQUIVARIANT,0.0323130672283478,0.0035680531859376,0.0054091485324758,100.72292276744967,1,-0.5730591855016633,1249,2014-12-31,3.3068166260807885e-18,3.3068166260807885e-18,-0.0172221688343973,0.0135766103777195,2015-01-14,2015-01-15,0.0323130672283478,0.0035680531859376,0.0054091485324758,100.72292276744967,1,-0.5730591855016633,1249,2014-12-31,3.3068166260807885e-18,3.3068166260807885e-18,-0.0172221688343973,0.0135766103777195,0.0,0.0,0.0
2015-01-13,2015-01-14,2015-01-15,net_cashflows,USD,0.99,HS1250,ALL_EQUIVARIANT,0.0323130672283478,0.0062564122629867,0.0081399105814651,315.0674761616125,1,-2.6037819982176256,1249,2014-12-31,3.3068166260807885e-18,3.3068166260807885e-18,-0.0172221688343973,0.0135766103777195,2015-01-14,2015-01-15,0.0323130672283478,0.0062564122629867,0.0081399105814651,315.0674761616125,1,-2.6037819982176256,1249,2014-12-31,3.3068166260807885e-18,3.3068166260807885e-18,-0.0172221688343973,0.0135766103777195,0.0,0.0,0.0
2015-01-13,2015-01-14,2015-01-15,funded_assets,EUR,0.95,EWMA_GAUSS,ALL_EQUIVARIANT,-0.0480071990023405,0.0041700373378992,0.0052360395164322,-5.455779290583611,0,0.001066002178533,16384,2014-12-31,3.4558944247975454e-18,3.4558944247975454e-18,-0.0101069032567225,0.0101454839831029,2015-01-14,2015-01-15,-0.0480071990023405,0.0041718735154646,0.0052378053617588,-5.455360034321364,0,0.0010659318462942,65536,2014-12-31,3.4558944247975454e-18,3.4558944247975454e-18,-0.0106225098450874,0.0101454839831029,0.00044013260675188927,0.00033713458302455116,0.00041925626224692536
2015-01-13,2015-01-14,2015-01-15,funded_assets,EUR,0.99,EWMA_GAUSS,ALL_EQUIVARIANT,-0.0480071990023405,0.0059005948636078,0.0067717803075815,-5.1236406521673326,0,0.0008711854439736,16384,2014-12-31,3.4558944247975454e-18,3.4558944247975454e-18,-0.0101069032567225,0.0101454839831029,2015-01-14,2015-01-15,-0.0480071990023405,0.0058988777560289,0.0067623967531923,-5.1240721252021615,0,0.0008635189971634,65536,2014-12-31,3.4558944247975454e-18,3.4558944247975454e-18,-0.0106225098450874,0.0101454839831029,0.00029109055144342725,0.001387607786362231,0.00043147303482893307
2015-01-13,2015-01-14,2015-01-15,funded_assets,USD,0.95,EWMA_GAUSS,ALL_EQUIVARIANT,-0.0476807556736478,0.0042025157560051,0.0052823805961637,-5.447806098070702,0,0.0010798648401585,16384,2014-12-31,3.4558944247975454e-18,3.4558944247975454e-18,-0.0098181026946999,0.010175264678643,2015-01-14,2015-01-15,-0.0476807556736478,0.004194777291582,0.0052847223541193,-5.4491797227923024,0,0.0010899450625372,65536,2014-12-31,3.4558944247975454e-18,3.4558944247975454e-18,-0.0104932633748935,0.010175264678643,0.001844785523805852,0.0004431184457164864,0.0013736247216007413
2015-01-13,2015-01-14,2015-01-15,funded_assets,USD,0.99,EWMA_GAUSS,ALL_EQUIVARIANT,-0.0476807556736478,0.0059664715648587,0.0068487522549283,-5.1125123621481485,0,0.0008822806900696,16384,2014-12-31,3.4558944247975454e-18,3.4558944247975454e-18,-0.0098181026946999,0.010175264678643,2015-01-14,2015-01-15,-0.0476807556736478,0.005959252282194,0.0068386835042213,-5.113756603101036,0,0.0008794312220272,65536,2014-12-31,3.4558944247975454e-18,3.4558944247975454e-18,-0.0104932633748935,0.010175264678643,0.001211441020255322,0.0014723229552566876,0.0012442409528876652
2015-01-13,2015-01-14,2015-01-15,net_cashflows,EUR,0.95,EWMA_GAUSS,ALL_EQUIVARIANT,0.0325408805856972,0.0040834697956063,0.0051116472848392,105.86602775926384,1,-0.5681200383125832,16384,2014-12-31,3.4558944247975454e-18,3.4558944247975454e-18,-0.0096914920403958,0.0105819449622334,2015-01-14,2015-01-15,0.0325408805856972,0.0040846067228312,0.0051149293339632,105.790489095868,1,-0.5680951546461862,65536,2014-12-31,3.4558944247975454e-18,3.4558944247975454e-18,-0.012058812616102,0.0105819449622334,0.0002783443552949407,0.0006416606974815025,0.07553866339584658
2015-01-13,2015-01-14,2015-01-15,net_cashflows,EUR,0.99,EWMA_GAUSS,ALL_EQUIVARIANT,0.0325408805856972,0.005783641837171,0.0066064629042277,399.87185045639046,1,-2.6749010537855598,16384,2014-12-31,3.4558944247975454e-18,3.4558944247975454e-18,-0.0096914920403958,0.0105819449622334,2015-01-14,2015-01-15,0.0325408805856972,0.0057657063140832,0.0066118096245178,399.8129826156124,1,-2.6766713238509574,65536,2014-12-31,3.4558944247975454e-18,3.4558944247975454e-18,-0.012058812616102,0.0105819449622334,0.0031107243606894887,0.0008086621656911204,0.05886784077807761
2015-01-13,2015-01-14,2015-01-15,net_cashflows,USD,0.95,EWMA_GAUSS,ALL_EQUIVARIANT,0.0323130672283478,0.004096228009028,0.0051504542183115,104.09693784607956,1,-0.5632825581771119,16384,2014-12-31,3.4558944247975454e-18,3.4558944247975454e-18,-0.0096003498479977,0.0107277742624319,2015-01-14,2015-01-15,0.0323130672283478,0.0041076672697959,0.0051541902992359,103.9754942582098,1,-0.5630614761415969,65536,2014-12-31,3.4558944247975454e-18,3.4558944247975454e-18,-0.0119254392121482,0.0107277742624319,0.0027848557384415637,0.0007248628218004625,0.12144358786974863
2015-01-13,2015-01-14,2015-01-15,net_cashflows,USD,0.99,EWMA_GAUSS,ALL_EQUIVARIANT,0.0323130672283478,0.0058150895585773,0.0066723181565612,391.99474276313674,1,-2.6489405383790547,16384,2014-12-31,3.4558944247975454e-18,3.4558944247975454e-18,-0.0096003498479977,0.0107277742624319,2015-01-14,2015-01-15,0.0323130672283478,0.0058105579601255,0.0066774746397806,391.75535331606847,1,-2.649384010142568,65536,2014-12-31,3.4558944247975454e-18,3.4558944247975454e-18,-0.0119254392121482,0.0107277742624319,0.0007798904137773804,0.0007722205620491532,0.2393894470682767
2015-01-13,2015-01-14,2015-01-15,funded_assets,EUR,0.95,EWMA_SELFNORMALIZED,ALL_EQUIVARIANT,-0.0480071990023405,0.0041601770239474,0.0052476945277181,-5.457203633240256,0,0.0010875175037707,16384,2014-12-31,3.1035287187397564e-18,3.1035287187397564e-18,-0.0095686986764441,0.0093606776487227,2015-01-14,2015-01-15,-0.0480071990023405,0.0041871683745771,0.0053004285738662,-5.4499997090799415,0,0.001113260199289,65536,2014-12-31,3.4118487115403218e-18,3.4118487115403218e-18,-0.0103476410889824,0.0097201110403798,0.006446206174459457,0.009949015520764732,0.0072039241603141235
2015-01-13,2015-01-14,2015-01-15,funded_assets,EUR,0.99,EWMA_SELFNORMALIZED,ALL_EQUIVARIANT,-0.0480071990023405,0.0059789196513248,0.0068412644245783,-5.110833202930239,0,0.0008623447732534,16384,2014-12-31,3.1035287187397564e-18,3.1035287187397564e-18,-0.0095686986764441,0.0093606776487227,2015-01-14,2015-01-15,-0.0480071990023405,0.006025709577945,0.006889307291467,-5.103138082231002,0,0.0008635977135219,65536,2014-12-31,3.4118487115403218e-18,3.4118487115403218e-18,-0.0103476410889824,0.0097201110403798,0.007765048417112267,0.006973541004362632,0.007695120699237279
2015-01-13,2015-01-14,2015-01-15,funded_assets,USD,0.95,EWMA_SELFNORMALIZED,ALL_EQUIVARIANT,-0.0476807556736478,0.0041930892082278,0.0052948255378326,-5.4491031774307,0,0.0011017363296047,16384,2014-12-31,3.1035287187397564e-18,3.1035287187397564e-18,-0.0094625039156036,0.0095375653058855,2015-01-14,2015-01-15,-0.0476807556736478,0.0042128746679367,0.0053491766583267,-5.443238212328837,0,0.00113630199039,65536,2014-12-31,3.4118487115403218e-18,3.4118487115403218e-18,-0.0101695019902639,0.0098509550114992,0.004696427325380182,0.01016065162280544,0.005864965101863184
2015-01-13,2015-01-14,2015-01-15,funded_assets,USD,0.99,EWMA_SELFNORMALIZED,ALL_EQUIVARIANT,-0.0476807556736478,0.0060260041800634,0.006922980224738,-5.102473949906059,0,0.0008969760446746,16384,2014-12-31,3.1035287187397564e-18,3.1035287187397564e-18,-0.0094625039156036,0.0095375653058855,2015-01-14,2015-01-15,-0.0476807556736478,0.0060892103317556,0.0069702515057198,-5.092504169332943,0,0.0008810411739641,65536,2014-12-31,3.4118487115403218e-18,3.4118487115403218e-18,-0.0101695019902639,0.0098509550114992,0.010380024378953745,0.006781861593230652,0.00996978057311626
2015-01-13,2015-01-14,2015-01-15,net_cashflows,EUR,0.95,EWMA_SELFNORMALIZED,ALL_EQUIVARIANT,0.0325408805856972,0.0041266882751524,0.0052300237708882,103.19368403043526,1,-0.567180510715158,16384,2014-12-31,3.1035287187397564e-18,3.1035287187397564e-18,-0.0094465254679607,0.0098268727206038,2015-01-14,2015-01-15,0.0325408805856972,0.004093074015653,0.0051913303645117,104.12504436170494,1,-0.5678578750520236,65536,2014-12-31,3.4118487115403218e-18,3.4118487115403218e-18,-0.0099312173320026,0.0100172565811676,0.008212472916651383,0.007453466387153931,0.9313603312696728
2015-01-13,2015-01-14,2015-01-15,net_cashflows,EUR,0.99,EWMA_SELFNORMALIZED,ALL_EQUIVARIANT,0.0325408805856972,0.005942015331953,0.0068261775426299,384.54321833364133,1,-2.65900236316374,16384,2014-12-31,3.1035287187397564e-18,3.1035287187397564e-18,-0.0094465254679607,0.0098268727206038,2015-01-14,2015-01-15,0.0325408805856972,0.0058888110997332,0.006818038774542,385.7807472117888,1,-2.664277720921586,65536,2014-12-31,3.4118487115403218e-18,3.4118487115403218e-18,-0.0099312173320026,0.0100172565811676,0.009034800287992015,0.0011937110299650418,1.2375288781474865
2015-01-13,2015-01-14,2015-01-15,net_cashflows,USD,0.95,EWMA_SELFNORMALIZED,ALL_EQUIVARIANT,0.0323130672283478,0.0041581177129404,0.0052705272761892,101.3825266033691,1,-0.5619865807448968,16384,2014-12-31,3.1035287187397564e-18,3.1035287187397564e-18,-0.0091787763927664,0.009709766043734,2015-01-14,2015-01-15,0.0323130672283478,0.004113806336838,0.0052325194093297,102.31797695208412,1,-0.562866504757702,65536,2014-12-31,3.4118487115403218e-18,3.4118487115403218e-18,-0.0096408980532734,0.0101388666691864,0.010771381167266909,0.007263779431325323,0.9354503487150225
2015-01-13,2015-01-14,2015-01-15,net_cashflows,USD,0.99,EWMA_SELFNORMALIZED,ALL_EQUIVARIANT,0.0323130672283478,0.0059905238549867,0.0069004884444166,376.35110004583765,1,-2.6313443727466725,16384,2014-12-31,3.1035287187397564e-18,3.1035287187397564e-18,-0.0091787763927664,0.009709766043734,2015-01-14,2015-01-15,0.0323130672283478,0.0059529629389635,0.0068868428387193,377.6466117731096,1,-2.6350765490386614,65536,2014-12-31,3.4118487115403218e-18,3.4118487115403218e-18,-0.0096408980532734,0.0101388666691864,0.00630961697701074,0.001981402221142717,1.2955117272719576
2015-01-13,2015-01-14,2015-01-15,funded_assets,EUR,0.95,IN_FHS1250,EUR,-0.0480071990023405,0.0051504770562118,0.0065249970642845,-5.242769277836284,0,0.0013745200080727,1249,2014-12-31,2.436066756303368e-18,2.436066756303368e-18,-0.0122345622745566,0.0096503062267915,2015-01-14,2015-01-15,-0.0480071990023405,0.0051504770562118,0.0065249970642845,-5.242769277836284,0,0.0013745200080727,1249,2014-12-31,2.436066756303368e-18,2.436066756303368e-18,-0.0122345622745566,0.0096503062267915,0.0,0.0,0.0
2015-01-13,2015-01-14,2015-01-15,funded_assets,EUR,0.99,IN_FHS1250,EUR,-0.0480071990023405,0.0075849571381996,0.0084732025020168,-4.8756766887320095,0,0.0008882453638171,1249,2014-12-31,2.436066756303368e-18,2.436066756303368e-18,-0.0122345622745566,0.0096503062267915,2015-01-14,2015-01-15,-0.0480071990023405,0.0075849571381996,0.0084732025020168,-4.8756766887320095,0,0.0008882453638171,1249,2014-12-31,2.436066756303368e-18,2.436066756303368e-18,-0.0122345622745566,0.0096503062267915,0.0,0.0,0.0
2015-01-13,2015-01-14,2015-01-15,funded_assets,USD,0.95,IN_FHS1250,EUR,-0.0476807556736478,0.0052452465520093,0.0065824078975618,-5.226496330623926,0,0.0013371613455525,1249,2014-12-31,2.436066756303368e-18,2.436066756303368e-18,-0.0119370827191539,0.0097859667565562,2015-01-14,2015-01-15,-0.0476807556736478,0.0052452465520093,0.0065824078975618,-5.226496330623926,0,0.0013371613455525,1249,2014-12-31,2.436066756303368e-18,2.436066756303368e-18,-0.0119370827191539,0.0097859667565562,0.0,0.0,0.0
2015-01-13,2015-01-14,2015-01-15,funded_assets,USD,0.99,IN_FHS1250,EUR,-0.0476807556736478,0.0076981477268872,0.0085716248877054,-4.861201297324399,0,0.0008734771608182,1249,2014-12-31,2.436066756303368e-18,2.436066756303368e-18,-0.0119370827191539,0.0097859667565562,2015-01-14,2015-01-15,-0.0476807556736478,0.0076981477268872,0.0085716248877054,-4.861201297324399,0,0.0008734771608182,1249,2014-12-31,2.436066756303368e-18,2.436066756303368e-18,-0.0119370827191539,0.0097859667565562,0.0,0.0,0.0
2015-01-13,2015-01-14,2015-01-15,net_cashflows,EUR,0.95,IN_FHS1250,EUR,0.0325408805856972,0.0028125693573616,0.0039562991310931,144.46189824107785,1,-0.5934224947929782,1249,2014-12-31,2.436066756303368e-18,2.436066756303368e-18,-0.0099466073738971,0.0097034732576079,2015-01-14,2015-01-15,0.0325408805856972,0.0028125693573616,0.0039562991310931,144.46189824107785,1,-0.5934224947929782,1249,2014-12-31,2.436066756303368e-18,2.436066756303368e-18,-0.0099466073738971,0.0097034732576079,0.0,0.0,0.0
2015-01-13,2015-01-14,2015-01-15,net_cashflows,EUR,0.99,IN_FHS1250,EUR,0.0325408805856972,0.0050248927665675,0.0061421508094782,442.7117164626943,1,-2.750481523870054,1249,2014-12-31,2.436066756303368e-18,2.436066756303368e-18,-0.0099466073738971,0.0097034732576079,2015-01-14,2015-01-15,0.0325408805856972,0.0050248927665675,0.0061421508094782,442.7117164626943,1,-2.750481523870054,1249,2014-12-31,2.436066756303368e-18,2.436066756303368e-18,-0.0099466073738971,0.0097034732576079,0.0,0.0,0.0
2015-01-13,2015-01-14,2015-01-15,net_cashflows,USD,0.95,IN_FHS1250,EUR,0.0323130672283478,0.0028266755864879,0.003976753914899,142.4772809448007,1,-0.5885777545087845,1249,2014-12-31,2.436066756303368e-18,2.436066756303368e-18,-0.0097221229016452,0.0098760652208222,2015-01-14,2015-01-15,0.0323130672283478,0.0028266755864879,0.003976753914899,142.4772809448007,1,-0.5885777545087845,1249,2014-12-31,2.436066756303368e-18,2.436066756303368e-18,-0.0097221229016452,0.0098760652208222,0.0,0.0,0.0
2015-01-13,2015-01-14,2015-01-15,net_cashflows,USD,0.99,IN_FHS1250,EUR,0.0323130672283478,0.0050612977368981,0.0061828162222138,435.4989127132763,1,-2.7240554306596483,1249,2014-12-31,2.436066756303368e-18,2.436066756303368e-18,-0.0097221229016452,0.0098760652208222,2015-01-14,2015-01-15,0.0323130672283478,0.0050612977368981,0.0061828162222138,435.4989127132763,1,-2.7240554306596483,1249,2014-12-31,2.436066756303368e-18,2.436066756303368e-18,-0.0097221229016452,0.0098760652208222,0.0,0.0,0.0
2015-01-13,2015-01-14,2015-01-15,funded_assets,EUR,0.95,IN_TCOP1250,EUR,-0.0480071990023405,0.0049646910244085,0.0065152770438999,-5.271597883778496,0,0.0015505860194914,16384,2014-12-31,3.6591823321385775e-18,3.6591823321385775e-18,-0.0135532673834452,0.0135865804733751,2015-01-14,2015-01-15,-0.0480071990023405,0.004966990184033,0.0064950170768345,-5.271981412303632,0,0.0015280268928014,65536,2014-12-31,5.068645156369733e-18,5.068645156369733e-18,-0.0135532673834452,0.0139952629169388,0.00046288789373714857,0.0031193092836753642,0.00038352852513678926
2015-01-13,2015-01-14,2015-01-15,funded_assets,EUR,0.99,IN_TCOP1250,EUR,-0.0480071990023405,0.0075356134801087,0.0089136399548312,-4.874770098696792,0,0.0013780264747225,16384,2014-12-31,3.6591823321385775e-18,3.6591823321385775e-18,-0.0135532673834452,0.0135865804733751,2015-01-14,2015-01-15,-0.0480071990023405,0.0074783075331511,0.0088732681428488,-4.881921439391162,0,0.0013949606096976,65536,2014-12-31,5.068645156369733e-18,5.068645156369733e-18,-0.0135532673834452,0.0139952629169388,0.007662956718958817,0.004549824408826813,0.0071513406943699565
2015-01-13,2015-01-14,2015-01-15,funded_assets,USD,0.95,IN_TCOP1250,EUR,-0.0476807556736478,0.0050018276932222,0.0065748871722324,-5.263750556749994,0,0.0015730594790101,16384,2014-12-31,3.6591823321385775e-18,3.6591823321385775e-18,-0.0136132786015053,0.0138809571047026,2015-01-14,2015-01-15,-0.0476807556736478,0.0049990336152487,0.0065547310858868,-5.264907819927327,0,0.0015556974706381,65536,2014-12-31,5.068645156369733e-18,5.068645156369733e-18,-0.0136132786015053,0.0142768662645912,0.0005589236217529591,0.0030750439768610785,0.0011572631773333342
2015-01-13,2015-01-14,2015-01-15,funded_assets,USD,0.99,IN_TCOP1250,EUR,-0.0476807556736478,0.0076311259686921,0.0090192199904128,-4.862301422915379,0,0.0013880940217206,16384,2014-12-31,3.6591823321385775e-18,3.6591823321385775e-18,-0.0136132786015053,0.0138809571047026,2015-01-14,2015-01-15,-0.0476807556736478,0.0075528410321157,0.0089799869256822,-4.871682016459998,0,0.0014271458935664,65536,2014-12-31,5.068645156369733e-18,5.068645156369733e-18,-0.0136132786015053,0.0142768662645912,0.010364965480343378,0.004368944526900881,0.009380593544618954
2015-01-13,2015-01-14,2015-01-15,net_cashflows,EUR,0.95,IN_TCOP1250,EUR,0.0325408805856972,0.002982501968067,0.0039493058903356,143.90996154226167,1,-0.5902007684303345,16384,2014-12-31,3.6591823321385775e-18,3.6591823321385775e-18,-0.0102691363068026,0.0134479478886632,2015-01-14,2015-01-15,0.0325408805856972,0.002977655256835,0.003950499090415,143.88813414571445,1,-0.5902916627436624,65536,2014-12-31,5.068645156369733e-18,5.068645156369733e-18,-0.0154750539767175,0.0134479478886632,0.0016276938778842336,0.00030203780638632627,0.021827396547223543
2015-01-13,2015-01-14,2015-01-15,net_cashflows,EUR,0.99,IN_TCOP1250,EUR,0.0325408805856972,0.0044737978835062,0.0055703959232858,498.474389418412,1,-2.8056116721793174,16384,2014-12-31,3.6591823321385775e-18,3.6591823321385775e-18,-0.0102691363068026,0.0134479478886632,2015-01-14,2015-01-15,0.0325408805856972,0.0045034057750694,0.0055440732852635,500.3370386861517,1,-2.8027068135525823,65536,2014-12-31,5.068645156369733e-18,5.068645156369733e-18,-0.0154750539767175,0.0134479478886632,0.006574555579048126,0.004747887819640985,1.8626492677396982
2015-01-13,2015-01-14,2015-01-15,net_cashflows,USD,0.95,IN_TCOP1250,EUR,0.0323130672283478,0.0029941041213763,0.0039713200219494,141.87876522601778,1,-0.5854020462388558,16384,2014-12-31,3.6591823321385775e-18,3.6591823321385775e-18,-0.0100414247736389,0.0135826856706617,2015-01-14,2015-01-15,0.0323130672283478,0.0029900273950802,0.0039724078742762,141.85789638248693,1,-0.5854784161861551,65536,2014-12-31,5.068645156369733e-18,5.068645156369733e-18,-0.0153595816982877,0.0135826856706617,0.0013634411185689923,0.0002738521222466212,0.020868843530848835
2015-01-13,2015-01-14,2015-01-15,net_cashflows,USD,0.99,IN_TCOP1250,EUR,0.0323130672283478,0.0045137576673458,0.005613717472354,489.82473424116216,1,-2.778830996295187,16384,2014-12-31,3.6591823321385775e-18,3.6591823321385775e-18,-0.0100414247736389,0.0135826856706617,2015-01-14,2015-01-15,0.0323130672283478,0.0045261696430746,0.0055863761021413,492.02749647376135,1,-2.7776295520682455,65536,2014-12-31,5.068645156369733e-18,5.068645156369733e-18,-0.0153595816982877,0.0135826856706617,0.002742269227091532,0.0048942945682121045,2.2027622325991842
2015-01-13,2015-01-14,2015-01-15,funded_assets,EUR,0.95,IN_FHS1250,USD,-0.0480071990023405,0.0060558026486571,0.0079248888848734,-5.073597130656163,0,0.0018690862362163,1249,2014-12-31,3.8014838672773e-18,3.8014838672773e-18,-0.0177540981177825,0.0137611558125272,2015-01-14,2015-01-15,-0.0480071990023405,0.0060558026486571,0.0079248888848734,-5.073597130656163,0,0.0018690862362163,1249,2014-12-31,3.8014838672773e-18,3.8014838672773e-18,-0.0177540981177825,0.0137611558125272,0.0,0.0,0.0
2015-01-13,2015-01-14,2015-01-15,funded_assets,EUR,0.99,IN_FHS1250,USD,-0.0480071990023405,0.0091152048307886,0.0105832869871535,-4.687196253176177,0,0.0014680821563649,1249,2014-12-31,3.8014838672773e-18,3.8014838672773e-18,-0.0177540981177825,0.0137611558125272,2015-01-14,2015-01-15,-0.0480071990023405,0.0091152048307886,0.0105832869871535,-4.687196253176177,0,0.0014680821563649,1249,2014-12-31,3.8014838672773e-18,3.8014838672773e-18,-0.0177540981177825,0.0137611558125272,0.0,0.0,0.0
2015-01-13,2015-01-14,2015-01-15,funded_assets,USD,0.95,IN_FHS1250,USD,-0.0476807556736478,0.0060589423628014,0.0079892116031647,-5.071272674428633,0,0.0019302692403633,1249,2014-12-31,3.8014838672773e-18,3.8014838672773e-18,-0.0176880800645063,0.0138711831250812,2015-01-14,2015-01-15,-0.0476807556736478,0.0060589423628014,0.0079892116031647,-5.071272674428633,0,0.0019302692403633,1249,2014-12-31,3.8014838672773e-18,3.8014838672773e-18,-0.0176880800645063,0.0138711831250812,0.0,0.0,0.0
2015-01-13,2015-01-14,2015-01-15,funded_assets,USD,0.99,IN_FHS1250,USD,-0.0476807556736478,0.0091376938872232,0.0106959539637404,-4.683576615300151,0,0.0015582600765172,1249,2014-12-31,3.8014838672773e-18,3.8014838672773e-18,-0.0176880800645063,0.0138711831250812,2015-01-14,2015-01-15,-0.0476807556736478,0.0091376938872232,0.0106959539637404,-4.683576615300151,0,0.0015582600765172,1249,2014-12-31,3.8014838672773e-18,3.8014838672773e-18,-0.0176880800645063,0.0138711831250812,0.0,0.0,0.0
2015-01-13,2015-01-14,2015-01-15,net_cashflows,EUR,0.95,IN_FHS1250,USD,0.0325408805856972,0.0039369682168961,0.0053553557942292,101.32906209221233,1,-0.5706598597986872,1249,2014-12-31,3.8014838672773e-18,3.8014838672773e-18,-0.0091141645080889,0.0086736070261361,2015-01-14,2015-01-15,0.0325408805856972,0.0039369682168961,0.0053553557942292,101.32906209221233,1,-0.5706598597986872,1249,2014-12-31,3.8014838672773e-18,3.8014838672773e-18,-0.0091141645080889,0.0086736070261361,0.0,0.0,0.0
2015-01-13,2015-01-14,2015-01-15,net_cashflows,EUR,0.99,IN_FHS1250,USD,0.0325408805856972,0.0061977270261407,0.0071353979247397,364.115592718362,1,-2.6333776850570447,1249,2014-12-31,3.8014838672773e-18,3.8014838672773e-18,-0.0091141645080889,0.0086736070261361,2015-01-14,2015-01-15,0.0325408805856972,0.0061977270261407,0.0071353979247397,364.115592718362,1,-2.6333776850570447,1249,2014-12-31,3.8014838672773e-18,3.8014838672773e-18,-0.0091141645080889,0.0086736070261361,0.0,0.0,0.0
2015-01-13,2015-01-14,2015-01-15,net_cashflows,USD,0.95,IN_FHS1250,USD,0.0323130672283478,0.0039446815001374,0.0053771024617545,100.02351276612735,1,-0.5659352936025887,1249,2014-12-31,3.8014838672773e-18,3.8014838672773e-18,-0.0090334342823937,0.0088285636088758,2015-01-14,2015-01-15,0.0323130672283478,0.0039446815001374,0.0053771024617545,100.02351276612735,1,-0.5659352936025887,1249,2014-12-31,3.8014838672773e-18,3.8014838672773e-18,-0.0090334342823937,0.0088285636088758,0.0,0.0,0.0
2015-01-13,2015-01-14,2015-01-15,net_cashflows,USD,0.99,IN_FHS1250,USD,0.0323130672283478,0.0062412504073497,0.007186974426189,357.6977739402618,1,-2.606235958080967,1249,2014-12-31,3.8014838672773e-18,3.8014838672773e-18,-0.0090334342823937,0.0088285636088758,2015-01-14,2015-01-15,0.0323130672283478,0.0062412504073497,0.007186974426189,357.6977739402618,1,-2.606235958080967,1249,2014-12-31,3.8014838672773e-18,3.8014838672773e-18,-0.0090334342823937,0.0088285636088758,0.0,0.0,0.0
2015-01-13,2015-01-14,2015-01-15,funded_assets,EUR,0.95,IN_TCOP1250,USD,-0.0480071990023405,0.0059948596733729,0.0078022059139116,-5.08499432071798,0,0.0018073462405386,16384,2014-12-31,4.851804721872632e-18,4.851804721872632e-18,-0.0213718536113481,0.0191077810414989,2015-01-14,2015-01-15,-0.0480071990023405,0.0059803042489202,0.0078188587601739,-5.086360262735919,0,0.0018385545112537,65536,2014-12-31,4.851804721872632e-18,4.851804721872632e-18,-0.0213718536113481,0.0218944597123139,0.002433893635984819,0.002129830806910401,0.001365942017939048
2015-01-13,2015-01-14,2015-01-15,funded_assets,EUR,0.99,IN_TCOP1250,USD,-0.0480071990023405,0.0090336905312834,0.0105829040895548,-4.694903722345951,0,0.0015492135582713,16384,2014-12-31,4.851804721872632e-18,4.851804721872632e-18,-0.0213718536113481,0.0191077810414989,2015-01-14,2015-01-15,-0.0480071990023405,0.0089327257959417,0.0106737533503607,-4.703080473645043,0,0.0017410275544189,65536,2014-12-31,4.851804721872632e-18,4.851804721872632e-18,-0.0213718536113481,0.0218944597123139,0.011302791292168553,0.008511463383480737,0.008176751299092011
2015-01-13,2015-01-14,2015-01-15,funded_assets,USD,0.95,IN_TCOP1250,USD,-0.0476807556736478,0.0060258484733071,0.0078621616290395,-5.079257088121768,0,0.0018363131557323,16384,2014-12-31,4.851804721872632e-18,4.851804721872632e-18,-0.021227593888721,0.0195047163079651,2015-01-14,2015-01-15,-0.0476807556736478,0.0060209460326259,0.0078796090269306,-5.079359634101444,0,0.0018586629943047,65536,2014-12-31,4.851804721872632e-18,4.851804721872632e-18,-0.021227593888721,0.0219691216555975,0.0008142309621503085,0.002214246649988324,0.00010254597967662704
2015-01-13,2015-01-14,2015-01-15,funded_assets,USD,0.99,IN_TCOP1250,USD,-0.0476807556736478,0.0091099876848149,0.0106955572356203,-4.686172458837602,0,0.0015855695508054,16384,2014-12-31,4.851804721872632e-18,4.851804721872632e-18,-0.021227593888721,0.0195047163079651,2015-01-14,2015-01-15,-0.0476807556736478,0.008998480160576,0.0107820646972508,-4.695292629267304,0,0.0017835845366748,65536,2014-12-31,4.851804721872632e-18,4.851804721872632e-18,-0.021227593888721,0.0219691216555975,0.012391817534635917,0.008023274211344382,0.00912017042970259
2015-01-13,2015-01-14,2015-01-15,net_cashflows,EUR,0.95,IN_TCOP1250,USD,0.0325408805856972,0.0039617397751331,0.0051657383855597,105.15003105242204,1,-0.570378817600853,16384,2014-12-31,4.851804721872632e-18,4.851804721872632e-18,-0.011887895909948,0.0106184470825342,2015-01-14,2015-01-15,0.0325408805856972,0.0039590436399384,0.0051606030792469,105.26983250787292,1,-0.5704351794758665,65536,2014-12-31,4.851804721872632e-18,4.851804721872632e-18,-0.0128430817427543,0.0106184470825342,0.0006810066874488788,0.0009950980987960515,0.11980145545088305
2015-01-13,2015-01-14,2015-01-15,net_cashflows,EUR,0.99,IN_TCOP1250,USD,0.0325408805856972,0.0059334146396146,0.0068869355818161,381.2303728339325,1,-2.6597930736660462,16384,2014-12-31,4.851804721872632e-18,4.851804721872632e-18,-0.011887895909948,0.0106184470825342,2015-01-14,2015-01-15,0.0325408805856972,0.0059308747877067,0.0068683949474411,382.30952174734153,1,-2.660063059639304,65536,2014-12-31,4.851804721872632e-18,4.851804721872632e-18,-0.0128430817427543,0.0106184470825342,0.00042824237550318173,0.0026994129657478645,1.0791489134090284
2015-01-13,2015-01-14,2015-01-15,net_cashflows,USD,0.95,IN_TCOP1250,USD,0.0323130672283478,0.0039671167266551,0.0051829988360253,103.88353919888723,1,-0.5657031279244829,16384,2014-12-31,4.851804721872632e-18,4.851804721872632e-18,-0.0117791379753123,0.010631017967792,2015-01-14,2015-01-15,0.0323130672283478,0.0039672186716405,0.0051791241859123,103.96482064607724,1,-0.5657050656198733,65536,2014-12-31,4.851804721872632e-18,4.851804721872632e-18,-0.0127111716537678,0.010631017967792,2.5696840491380933e-05,0.0007481284429400952,0.0812814471900083
2015-01-13,2015-01-14,2015-01-15,net_cashflows,USD,0.99,IN_TCOP1250,USD,0.0323130672283478,0.0059295593068213,0.0069152254824739,376.41123859169886,1,-2.637365125976992,16384,2014-12-31,4.851804721872632e-18,4.851804721872632e-18,-0.0117791379753123,0.010631017967792,2015-01-14,2015-01-15,0.0323130672283478,0.0059648149094813,0.0068984418388995,376.83318171975225,1,-2.6338916049572227,65536,2014-12-31,4.851804721872632e-18,4.851804721872632e-18,-0.0127111716537678,0.010631017967792,0.005910594577538285,0.002432961524696601,0.4219431280533854
2015-01-13,2015-01-14,2015-01-15,funded_assets,EUR,0.95,IN_FHS1250,GBP,-0.0480071990023405,0.0060070679254516,0.0078238961727445,-5.082787897567692,0,0.0018168282472929,1249,2014-12-31,4.241940999849536e-18,4.241940999849536e-18,-0.0155035182933309,0.0122471410177141,2015-01-14,2015-01-15,-0.0480071990023405,0.0060070679254516,0.0078238961727445,-5.082787897567692,0,0.0018168282472929,1249,2014-12-31,4.241940999849536e-18,4.241940999849536e-18,-0.0155035182933309,0.0122471410177141,0.0,0.0,0.0
2015-01-13,2015-01-14,2015-01-15,funded_assets,EUR,0.99,IN_FHS1250,GBP,-0.0480071990023405,0.009065998394553,0.010345785405513,-4.694877340388209,0,0.0012797870109599,1249,2014-12-31,4.241940999849536e-18,4.241940999849536e-18,-0.0155035182933309,0.0122471410177141,2015-01-14,2015-01-15,-0.0480071990023405,0.009065998394553,0.010345785405513,-4.694877340388209,0,0.0012797870109599,1249,2014-12-31,4.241940999849536e-18,4.241940999849536e-18,-0.0155035182933309,0.0122471410177141,0.0,0.0,0.0
2015-01-13,2015-01-14,2015-01-15,funded_assets,USD,0.95,IN_FHS1250,GBP,-0.0476807556736478,0.006034389145679,0.0078887484536596,-5.077381596196831,0,0.0018543593079806,1249,2014-12-31,4.241940999849536e-18,4.241940999849536e-18,-0.0153680533520446,0.0124672212745177,2015-01-14,2015-01-15,-0.0476807556736478,0.006034389145679,0.0078887484536596,-5.077381596196831,0,0.0018543593079806,1249,2014-12-31,4.241940999849536e-18,4.241940999849536e-18,-0.0153680533520446,0.0124672212745177,0.0,0.0,0.0
2015-01-13,2015-01-14,2015-01-15,funded_assets,USD,0.99,IN_FHS1250,GBP,-0.0476807556736478,0.0092158737660563,0.010478944939872,-4.678921472024058,0,0.0012630711738156,1249,2014-12-31,4.241940999849536e-18,4.241940999849536e-18,-0.0153680533520446,0.0124672212745177,2015-01-14,2015-01-15,-0.0476807556736478,0.0092158737660563,0.010478944939872,-4.678921472024058,0,0.0012630711738156,1249,2014-12-31,4.241940999849536e-18,4.241940999849536e-18,-0.0153680533520446,0.0124672212745177,0.0,0.0,0.0
2015-01-13,2015-01-14,2015-01-15,net_cashflows,EUR,0.95,IN_FHS1250,GBP,0.0325408805856972,0.0032907117086341,0.0045402577299721,123.17806868638766,1,-0.5837538315199217,1249,2014-12-31,4.241940999849536e-18,4.241940999849536e-18,-0.0101534263592785,0.0111161806447929,2015-01-14,2015-01-15,0.0325408805856972,0.0032907117086341,0.0045402577299721,123.17806868638766,1,-0.5837538315199217,1249,2014-12-31,4.241940999849536e-18,4.241940999849536e-18,-0.0101534263592785,0.0111161806447929,0.0,0.0,0.0
2015-01-13,2015-01-14,2015-01-15,net_cashflows,EUR,0.99,IN_FHS1250,GBP,0.0325408805856972,0.0053397150292727,0.0064256507176629,418.10511338088014,1,-2.719030619954053,1249,2014-12-31,4.241940999849536e-18,4.241940999849536e-18,-0.0101534263592785,0.0111161806447929,2015-01-14,2015-01-15,0.0325408805856972,0.0053397150292727,0.0064256507176629,418.10511338088014,1,-2.719030619954053,1249,2014-12-31,4.241940999849536e-18,4.241940999849536e-18,-0.0101534263592785,0.0111161806447929,0.0,0.0,0.0
2015-01-13,2015-01-14,2015-01-15,net_cashflows,USD,0.95,IN_FHS1250,GBP,0.0323130672283478,0.0033014617133748,0.0045586233627765,121.61579842480026,1,-0.5789749486500575,1249,2014-12-31,4.241940999849536e-18,4.241940999849536e-18,-0.0101060795223792,0.0113133264772186,2015-01-14,2015-01-15,0.0323130672283478,0.0033014617133748,0.0045586233627765,121.61579842480026,1,-0.5789749486500575,1249,2014-12-31,4.241940999849536e-18,4.241940999849536e-18,-0.0101060795223792,0.0113133264772186,0.0,0.0,0.0
2015-01-13,2015-01-14,2015-01-15,net_cashflows,USD,0.99,IN_FHS1250,GBP,0.0323130672283478,0.0053697126486382,0.0064595196860907,411.8998916375536,1,-2.693245650933497,1249,2014-12-31,4.241940999849536e-18,4.241940999849536e-18,-0.0101060795223792,0.0113133264772186,2015-01-14,2015-01-15,0.0323130672283478,0.0053697126486382,0.0064595196860907,411.8998916375536,1,-2.693245650933497,1249,2014-12-31,4.241940999849536e-18,4.241940999849536e-18,-0.0101060795223792,0.0113133264772186,0.0,0.0,0.0
2015-01-13,2015-01-14,2015-01-15,funded_assets,EUR,0.95,IN_TCOP1250,GBP,-0.0480071990023405,0.005735487702176,0.0077848740938167,-5.118824995718084,0,0.0020493863916406,16384,2014-12-31,5.570088661144279e-18,5.570088661144279e-18,-0.0282834022718428,0.018501165280935,2015-01-14,2015-01-15,-0.0480071990023405,0.0057223860408701,0.0078512971437178,-5.118230580372835,0,0.0021289111028476,65536,2014-12-31,5.570088661144279e-18,5.570088661144279e-18,-0.0282834022718428,0.0232157243658707,0.002289545167404924,0.00846013705572822,0.0005944153452492884
2015-01-13,2015-01-14,2015-01-15,funded_assets,EUR,0.99,IN_TCOP1250,GBP,-0.0480071990023405,0.009172348513687,0.0110488597241699,-4.675265593715073,0,0.0018765112104829,16384,2014-12-31,5.570088661144279e-18,5.570088661144279e-18,-0.0282834022718428,0.018501165280935,2015-01-14,2015-01-15,-0.0480071990023405,0.0090727101708768,0.0113631449450059,-4.678947037107685,0,0.002290434774129,65536,2014-12-31,5.570088661144279e-18,5.570088661144279e-18,-0.0282834022718428,0.0232157243658707,0.01098220277442967,0.027658295512117712,0.003681443392611783
2015-01-13,2015-01-14,2015-01-15,funded_assets,USD,0.95,IN_TCOP1250,GBP,-0.0476807556736478,0.0057794146370684,0.0078593135752469,-5.1106973047602935,0,0.0020798989381785,16384,2014-12-31,5.570088661144279e-18,5.570088661144279e-18,-0.0275934898296999,0.0193754931253611,2015-01-14,2015-01-15,-0.0476807556736478,0.0057604067628582,0.0079252359900304,-5.110859618961303,0,0.0021648292271722,65536,2014-12-31,5.570088661144279e-18,5.570088661144279e-18,-0.0275934898296999,0.0236214881701883,0.003299745138270108,0.008318038083210137,0.0001623142010096501
2015-01-13,2015-01-14,2015-01-15,funded_assets,USD,0.99,IN_TCOP1250,GBP,-0.0476807556736478,0.0092635893707992,0.0111884023824365,-4.664913987374206,0,0.0019248130116373,16384,2014-12-31,5.570088661144279e-18,5.570088661144279e-18,-0.0275934898296999,0.0193754931253611,2015-01-14,2015-01-15,-0.0476807556736478,0.0091407162078377,0.0115133583169103,-4.670324652167432,0,0.0023726421090725,65536,2014-12-31,5.570088661144279e-18,5.570088661144279e-18,-0.0275934898296999,0.0236214881701883,0.013442399935372868,0.028224252692328693,0.005410664793226161
2015-01-13,2015-01-14,2015-01-15,net_cashflows,EUR,0.95,IN_TCOP1250,GBP,0.0325408805856972,0.0033900546682798,0.0047191809686271,117.90412278998808,1,-0.5816873920479999,16384,2014-12-31,5.570088661144279e-18,5.570088661144279e-18,-0.0124951431686457,0.014323889110271,2015-01-14,2015-01-15,0.0325408805856972,0.0033923950907941,0.0046967990854099,118.48204435798286,1,-0.5816653059034445,65536,2014-12-31,5.570088661144279e-18,5.570088661144279e-18,-0.0169683621585177,0.014323889110271,0.000689902694603933,0.004765348231889872,0.5779215679947782
2015-01-13,2015-01-14,2015-01-15,net_cashflows,EUR,0.99,IN_TCOP1250,GBP,0.0325408805856972,0.005401800207194,0.0068614595888003,390.3346924435242,1,-2.712448378468708,16384,2014-12-31,5.570088661144279e-18,5.570088661144279e-18,-0.0124951431686457,0.014323889110271,2015-01-14,2015-01-15,0.0325408805856972,0.0054390730195201,0.0067707141811847,395.08806895316576,1,-2.70884911545604,65536,2014-12-31,5.570088661144279e-18,5.570088661144279e-18,-0.0169683621585177,0.014323889110271,0.006852787633542156,0.013402634520856667,4.753376509641555
2015-01-13,2015-01-14,2015-01-15,net_cashflows,USD,0.95,IN_TCOP1250,GBP,0.0323130672283478,0.0033991456884534,0.0047406573630545,116.3481923012498,1,-0.5769369191232852,16384,2014-12-31,5.570088661144279e-18,5.570088661144279e-18,-0.0124905706870532,0.0147295178921384,2015-01-14,2015-01-15,0.0323130672283478,0.0034029184638133,0.0047168692304723,116.94676462106132,1,-0.576889024524029,65536,2014-12-31,5.570088661144279e-18,5.570088661144279e-18,-0.016956070965418,0.0147295178921384,0.0011086881451964614,0.005043203748054286,0.5985723198115238
2015-01-13,2015-01-14,2015-01-15,net_cashflows,USD,0.99,IN_TCOP1250,GBP,0.0323130672283478,0.0054353203567424,0.0069090815647562,383.8323202527757,1,-2.686300925952517,16384,2014-12-31,5.570088661144279e-18,5.570088661144279e-18,-0.0124905706870532,0.0147295178921384,2015-01-14,2015-01-15,0.0323130672283478,0.0054733315691981,0.0068150325987456,388.6458631549913,1,-2.6826318648854155,65536,2014-12-31,5.570088661144279e-18,5.570088661144279e-18,-0.016956070965418,0.0147295178921384,0.006944803539696553,0.013800222471116404,4.813542902215602
2015-01-13,2015-01-14,2015-01-15,funded_assets,EUR,0.95,IN_FHS1250,JPY,-0.0480071990023405,0.005332141365424,0.0068147628314894,-5.206224259635846,0,0.0014826214660654,1249,2014-12-31,3.672734859294646e-18,3.672734859294646e-18,-0.0134004444245571,0.0112689361226468,2015-01-14,2015-01-15,-0.0480071990023405,0.005332141365424,0.0068147628314894,-5.206224259635846,0,0.0014826214660654,1249,2014-12-31,3.672734859294646e-18,3.672734859294646e-18,-0.0134004444245571,0.0112689361226468,0.0,0.0,0.0
2015-01-13,2015-01-14,2015-01-15,funded_assets,EUR,0.99,IN_FHS1250,JPY,-0.0480071990023405,0.0077109403289102,0.0088656230879791,-4.855816763631967,0,0.0011546827590689,1249,2014-12-31,3.672734859294646e-18,3.672734859294646e-18,-0.0134004444245571,0.0112689361226468,2015-01-14,2015-01-15,-0.0480071990023405,0.0077109403289102,0.0088656230879791,-4.855816763631967,0,0.0011546827590689,1249,2014-12-31,3.672734859294646e-18,3.672734859294646e-18,-0.0134004444245571,0.0112689361226468,0.0,0.0,0.0
2015-01-13,2015-01-14,2015-01-15,funded_assets,USD,0.95,IN_FHS1250,JPY,-0.0476807556736478,0.0053413377083055,0.0068670942942025,-5.203197942310643,0,0.0015257565858969,1249,2014-12-31,3.672734859294646e-18,3.672734859294646e-18,-0.0129143210891387,0.0115218523491877,2015-01-14,2015-01-15,-0.0476807556736478,0.0053413377083055,0.0068670942942025,-5.203197942310643,0,0.0015257565858969,1249,2014-12-31,3.672734859294646e-18,3.672734859294646e-18,-0.0129143210891387,0.0115218523491877,0.0,0.0,0.0
2015-01-13,2015-01-14,2015-01-15,funded_assets,USD,0.99,IN_FHS1250,JPY,-0.0476807556736478,0.0078044222456756,0.0089667010553174,-4.843859120842723,0,0.0011622788096418,1249,2014-12-31,3.672734859294646e-18,3.672734859294646e-18,-0.0129143210891387,0.0115218523491877,2015-01-14,2015-01-15,-0.0476807556736478,0.0078044222456756,0.0089667010553174,-4.843859120842723,0,0.0011622788096418,1249,2014-12-31,3.672734859294646e-18,3.672734859294646e-18,-0.0129143210891387,0.0115218523491877,0.0,0.0,0.0
2015-01-13,2015-01-14,2015-01-15,net_cashflows,EUR,0.95,IN_FHS1250,JPY,0.0325408805856972,0.0041694245201864,0.0056757209870005,94.53785829616521,1,-0.5659228248433995,1249,2014-12-31,3.672734859294646e-18,3.672734859294646e-18,-0.0099262969141518,0.0092712901680327,2015-01-14,2015-01-15,0.0325408805856972,0.0041694245201864,0.0056757209870005,94.53785829616521,1,-0.5659228248433995,1249,2014-12-31,3.672734859294646e-18,3.672734859294646e-18,-0.0099262969141518,0.0092712901680327,0.0,0.0,0.0
2015-01-13,2015-01-14,2015-01-15,net_cashflows,EUR,0.99,IN_FHS1250,JPY,0.0325408805856972,0.0065480769793038,0.0074220760907918,345.18828569440046,1,-2.598406361527848,1249,2014-12-31,3.672734859294646e-18,3.672734859294646e-18,-0.0099262969141518,0.0092712901680327,2015-01-14,2015-01-15,0.0325408805856972,0.0065480769793038,0.0074220760907918,345.18828569440046,1,-2.598406361527848,1249,2014-12-31,3.672734859294646e-18,3.672734859294646e-18,-0.0099262969141518,0.0092712901680327,0.0,0.0,0.0
2015-01-13,2015-01-14,2015-01-15,net_cashflows,USD,0.95,IN_FHS1250,JPY,0.0323130672283478,0.0041490846883375,0.0057244315626139,92.96101964222865,1,-0.5617043039259281,1249,2014-12-31,3.672734859294646e-18,3.672734859294646e-18,-0.0098872985000569,0.0092378512857573,2015-01-14,2015-01-15,0.0323130672283478,0.0041490846883375,0.0057244315626139,92.96101964222865,1,-0.5617043039259281,1249,2014-12-31,3.672734859294646e-18,3.672734859294646e-18,-0.0098872985000569,0.0092378512857573,0.0,0.0,0.0
2015-01-13,2015-01-14,2015-01-15,net_cashflows,USD,0.99,IN_FHS1250,JPY,0.0323130672283478,0.0066140252020332,0.0075106342264378,337.1579197424057,1,-2.5690075936070493,1249,2014-12-31,3.672734859294646e-18,3.672734859294646e-18,-0.0098872985000569,0.0092378512857573,2015-01-14,2015-01-15,0.0323130672283478,0.0066140252020332,0.0075106342264378,337.1579197424057,1,-2.5690075936070493,1249,2014-12-31,3.672734859294646e-18,3.672734859294646e-18,-0.0098872985000569,0.0092378512857573,0.0,0.0,0.0
2015-01-13,2015-01-14,2015-01-15,funded_assets,EUR,0.95,IN_TCOP1250,JPY,-0.0480071990023405,0.0054259745883729,0.0073244154174163,-5.175735428510113,0,0.0018984408290433,16384,2014-12-31,4.580754178751256e-18,4.580754178751256e-18,-0.0312916243701259,0.0190506872242131,2015-01-14,2015-01-15,-0.0480071990023405,0.0053738430538576,0.0073527491738625,-5.181819258586053,0,0.0019789061200049,65536,2014-12-31,4.716279450311944e-18,4.716279450311944e-18,-0.0312916243701259,0.0252669269577442,0.009700978237143922,0.0038534915004201096,0.006083830075939822
2015-01-13,2015-01-14,2015-01-15,funded_assets,EUR,0.99,IN_TCOP1250,JPY,-0.0480071990023405,0.0084522458354085,0.0104970675411467,-4.751458670882821,0,0.0020448217057382,16384,2014-12-31,4.580754178751256e-18,4.580754178751256e-18,-0.0312916243701259,0.0190506872242131,2015-01-14,2015-01-15,-0.0480071990023405,0.0084423955560591,0.0107318100078761,-4.747872809761726,0,0.0022894144518169,65536,2014-12-31,4.716279450311944e-18,4.716279450311944e-18,-0.0312916243701259,0.0252669269577442,0.0011667635428821458,0.021873520548455778,0.0035858611210946023
2015-01-13,2015-01-14,2015-01-15,funded_assets,USD,0.95,IN_TCOP1250,JPY,-0.0476807556736478,0.0054718725038823,0.007400426359087,-5.1668180354022075,0,0.0019285538552046,16384,2014-12-31,4.580754178751256e-18,4.580754178751256e-18,-0.0304313777141269,0.019866606209024,2015-01-14,2015-01-15,-0.0476807556736478,0.0054088860079262,0.0074289193828132,-5.174289703766035,0,0.0020200333748869,65536,2014-12-31,4.716279450311944e-18,4.716279450311944e-18,-0.0304313777141269,0.0258915776807086,0.01164500340066302,0.0038354196967218916,0.0074716683638271775
2015-01-13,2015-01-14,2015-01-15,funded_assets,USD,0.99,IN_TCOP1250,JPY,-0.0476807556736478,0.008569294875497,0.0106518877962624,-4.737532119338054,0,0.0020825929207653,16384,2014-12-31,4.580754178751256e-18,4.580754178751256e-18,-0.0304313777141269,0.019866606209024,2015-01-14,2015-01-15,-0.0476807556736478,0.0085312464565693,0.0108993319213022,-4.736322647233735,0,0.0023680854647329,65536,2014-12-31,4.716279450311944e-18,4.716279450311944e-18,-0.0304313777141269,0.0258915776807086,0.004459889785319744,0.02270268735978046,0.001209472104318543
2015-01-13,2015-01-14,2015-01-15,net_cashflows,EUR,0.95,IN_TCOP1250,JPY,0.0325408805856972,0.004253589032669,0.0055948839476223,95.69278246015244,1,-0.5644045361456095,16384,2014-12-31,4.580754178751256e-18,4.580754178751256e-18,-0.0163821598196821,0.0135856740084572,2015-01-14,2015-01-15,0.0325408805856972,0.0042863103162854,0.0056139622430833,95.23922307586643,1,-0.563763753461436,65536,2014-12-31,4.716279450311944e-18,4.716279450311944e-18,-0.0163821598196821,0.0163366105811871,0.0076339045010529105,0.0033983654743145785,0.4535593842860095
2015-01-13,2015-01-14,2015-01-15,net_cashflows,EUR,0.99,IN_TCOP1250,JPY,0.0325408805856972,0.0064194581806633,0.0075535935634683,340.778630827727,1,-2.611008105120576,16384,2014-12-31,4.580754178751256e-18,4.580754178751256e-18,-0.0163821598196821,0.0135856740084572,2015-01-14,2015-01-15,0.0325408805856972,0.0064466002282764,0.0076156397716557,337.60962962563883,1,-2.608258996198689,65536,2014-12-31,4.716279450311944e-18,4.716279450311944e-18,-0.0163821598196821,0.0163366105811871,0.004210288625320406,0.008147208907953741,3.169001202088168
2015-01-13,2015-01-14,2015-01-15,net_cashflows,USD,0.95,IN_TCOP1250,JPY,0.0323130672283478,0.004268161418541,0.0056346253121282,94.12354621566304,1,-0.5595316523025479,16384,2014-12-31,4.580754178751256e-18,4.580754178751256e-18,-0.0155428502265151,0.0135947806279181,2015-01-14,2015-01-15,0.0323130672283478,0.00431030871279,0.005654210701543,93.63795408983549,1,-0.5587112683224013,65536,2014-12-31,4.716279450311944e-18,4.716279450311944e-18,-0.0155428502265151,0.0164915961318905,0.009778254194168617,0.0034638591394294993,0.4855921258275515
2015-01-13,2015-01-14,2015-01-15,net_cashflows,USD,0.99,IN_TCOP1250,JPY,0.0323130672283478,0.0064810635745999,0.0076243306616051,333.7837566727378,1,-2.582057098287781,16384,2014-12-31,4.580754178751256e-18,4.580754178751256e-18,-0.0155428502265151,0.0135947806279181,2015-01-14,2015-01-15,0.0323130672283478,0.0064987137622725,0.0076907032348437,330.6338721250437,1,-2.5802433571349535,65536,2014-12-31,4.716279450311944e-18,4.716279450311944e-18,-0.0155428502265151,0.0164915961318905,0.0027159509278691196,0.008630234610781861,3.149884547694114
2015-01-13,2015-01-14,2015-01-15,funded_assets,EUR,0.95,IN_FHS1250,CHF,-0.0480071990023405,0.0050616394606464,0.0066936458136307,-5.250410856416236,0,0.0016320063529842,1249,2014-12-31,2.1955093992831465e-18,2.1955093992831465e-18,-0.0134300372085505,0.0099716761688096,2015-01-14,2015-01-15,-0.0480071990023405,0.0050616394606464,0.0066936458136307,-5.250410856416236,0,0.0016320063529842,1249,2014-12-31,2.1955093992831465e-18,2.1955093992831465e-18,-0.0134300372085505,0.0099716761688096,0.0,0.0,0.0
2015-01-13,2015-01-14,2015-01-15,funded_assets,EUR,0.99,IN_FHS1250,CHF,-0.0480071990023405,0.0077299402033727,0.0085861605592153,-4.8573245904523015,0,0.0008562203558425,1249,2014-12-31,2.1955093992831465e-18,2.1955093992831465e-18,-0.0134300372085505,0.0099716761688096,2015-01-14,2015-01-15,-0.0480071990023405,0.0077299402033727,0.0085861605592153,-4.8573245904523015,0,0.0008562203558425,1249,2014-12-31,2.1955093992831465e-18,2.1955093992831465e-18,-0.0134300372085505,0.0099716761688096,0.0,0.0,0.0
2015-01-13,2015-01-14,2015-01-15,funded_assets,USD,0.95,IN_FHS1250,CHF,-0.0476807556736478,0.0051369431207609,0.0067683787209075,-5.236531572126413,0,0.0016314356001466,1249,2014-12-31,2.1955093992831465e-18,2.1955093992831465e-18,-0.0130510927108476,0.0101041021894696,2015-01-14,2015-01-15,-0.0476807556736478,0.0051369431207609,0.0067683787209075,-5.236531572126413,0,0.0016314356001466,1249,2014-12-31,2.1955093992831465e-18,2.1955093992831465e-18,-0.0130510927108476,0.0101041021894696,0.0,0.0,0.0
2015-01-13,2015-01-14,2015-01-15,funded_assets,USD,0.99,IN_FHS1250,CHF,-0.0476807556736478,0.0078092134863152,0.0086770837657638,-4.84708843712062,0,0.0008678702794485,1249,2014-12-31,2.1955093992831465e-18,2.1955093992831465e-18,-0.0130510927108476,0.0101041021894696,2015-01-14,2015-01-15,-0.0476807556736478,0.0078092134863152,0.0086770837657638,-4.84708843712062,0,0.0008678702794485,1249,2014-12-31,2.1955093992831465e-18,2.1955093992831465e-18,-0.0130510927108476,0.0101041021894696,0.0,0.0,0.0
2015-01-13,2015-01-14,2015-01-15,net_cashflows,EUR,0.95,IN_FHS1250,CHF,0.0325408805856972,0.0033525181009121,0.0046417855695143,120.11310217099908,1,-0.5824779822270979,1249,2014-12-31,2.1955093992831465e-18,2.1955093992831465e-18,-0.0105226510919164,0.0109518411600784,2015-01-14,2015-01-15,0.0325408805856972,0.0033525181009121,0.0046417855695143,120.11310217099908,1,-0.5824779822270979,1249,2014-12-31,2.1955093992831465e-18,2.1955093992831465e-18,-0.0105226510919164,0.0109518411600784,0.0,0.0,0.0
2015-01-13,2015-01-14,2015-01-15,net_cashflows,EUR,0.99,IN_FHS1250,CHF,0.0325408805856972,0.0051965908600801,0.0067070610381765,402.4642636714268,1,-2.732918502383602,1249,2014-12-31,2.1955093992831465e-18,2.1955093992831465e-18,-0.0105226510919164,0.0109518411600784,2015-01-14,2015-01-15,0.0325408805856972,0.0051965908600801,0.0067070610381765,402.4642636714268,1,-2.732918502383602,1249,2014-12-31,2.1955093992831465e-18,2.1955093992831465e-18,-0.0105226510919164,0.0109518411600784,0.0,0.0,0.0
2015-01-13,2015-01-14,2015-01-15,net_cashflows,USD,0.95,IN_FHS1250,CHF,0.0323130672283478,0.0033851937129614,0.0046779947616063,118.03513899725742,1,-0.5772646692590812,1249,2014-12-31,2.1955093992831465e-18,2.1955093992831465e-18,-0.010671458049616,0.0111723698748815,2015-01-14,2015-01-15,0.0323130672283478,0.0033851937129614,0.0046779947616063,118.03513899725742,1,-0.5772646692590812,1249,2014-12-31,2.1955093992831465e-18,2.1955093992831465e-18,-0.010671458049616,0.0111723698748815,0.0,0.0,0.0
2015-01-13,2015-01-14,2015-01-15,net_cashflows,USD,0.99,IN_FHS1250,CHF,0.0323130672283478,0.0052049615563387,0.0067518861446067,396.26233442645287,1,-2.7092636426126315,1249,2014-12-31,2.1955093992831465e-18,2.1955093992831465e-18,-0.010671458049616,0.0111723698748815,2015-01-14,2015-01-15,0.0323130672283478,0.0052049615563387,0.0067518861446067,396.26233442645287,1,-2.7092636426126315,1249,2014-12-31,2.1955093992831465e-18,2.1955093992831465e-18,-0.010671458049616,0.0111723698748815,0.0,0.0,0.0
2015-01-13,2015-01-14,2015-01-15,funded_assets,EUR,0.95,IN_TCOP1250,CHF,-0.0480071990023405,0.0051717084762623,0.0066562144071758,-5.2352299211529685,0,0.0014845059309135,16384,2014-12-31,3.5236570605778894e-18,3.5236570605778894e-18,-0.0137507268626088,0.0132062453867285,2015-01-14,2015-01-15,-0.0480071990023405,0.0051624297866522,0.0066721423294764,-5.236085315638534,0,0.0015097125428242,65536,2014-12-31,4.214835945537399e-18,4.214835945537399e-18,-0.0144727377391505,0.0139498881759034,0.0017973493090581438,0.00238722759708428,0.000855394485565597
2015-01-13,2015-01-14,2015-01-15,funded_assets,EUR,0.99,IN_TCOP1250,CHF,-0.0480071990023405,0.0076739067851104,0.0089028546664337,-4.859423060126172,0,0.0012289478813233,16384,2014-12-31,3.5236570605778894e-18,3.5236570605778894e-18,-0.0137507268626088,0.0132062453867285,2015-01-14,2015-01-15,-0.0480071990023405,0.0076443023066841,0.0089073661058924,-4.8626766119853615,0,0.0012630637992083,65536,2014-12-31,4.214835945537399e-18,4.214835945537399e-18,-0.0144727377391505,0.0139498881759034,0.0038727508722952394,0.0005064841171978292,0.0032535518591894075
2015-01-13,2015-01-14,2015-01-15,funded_assets,USD,0.95,IN_TCOP1250,CHF,-0.0476807556736478,0.0052221405867968,0.0067265617093505,-5.225344961266679,0,0.0015044211225536,16384,2014-12-31,3.5236570605778894e-18,3.5236570605778894e-18,-0.01326905123885,0.0132250607835453,2015-01-14,2015-01-15,-0.0476807556736478,0.005200924186558,0.0067429793290714,-5.22794388930356,0,0.0015420551425133,65536,2014-12-31,4.214835945537399e-18,4.214835945537399e-18,-0.0144142321382276,0.013930806100335,0.004079351953184462,0.002434772363918972,0.0025989280368809986
2015-01-13,2015-01-14,2015-01-15,funded_assets,USD,0.99,IN_TCOP1250,CHF,-0.0476807556736478,0.0077517931039348,0.0090258529727099,-4.848818994545392,0,0.001274059868775,16384,2014-12-31,3.5236570605778894e-18,3.5236570605778894e-18,-0.01326905123885,0.0132250607835453,2015-01-14,2015-01-15,-0.0476807556736478,0.0077261377428596,0.0090290898707854,-4.851609737704333,0,0.0013029521279258,65536,2014-12-31,4.214835945537399e-18,4.214835945537399e-18,-0.0144142321382276,0.013930806100335,0.0033205932807643655,0.00035849660617211595,0.0027907431589406784
2015-01-13,2015-01-14,2015-01-15,net_cashflows,EUR,0.95,IN_TCOP1250,CHF,0.0325408805856972,0.0033529104767021,0.004428977419036,126.1420088471964,1,-0.5826833352375658,16384,2014-12-31,3.5236570605778894e-18,3.5236570605778894e-18,-0.0107514685379662,0.0113284051737202,2015-01-14,2015-01-15,0.0325408805856972,0.0033751910966285,0.0044527727207491,125.34389583981216,1,-0.5822362081572521,65536,2014-12-31,4.214835945537399e-18,4.214835945537399e-18,-0.0148918289936475,0.0132298149278145,0.006601291390184205,0.005343929098877686,0.7981130073842309
2015-01-13,2015-01-14,2015-01-15,net_cashflows,EUR,0.99,IN_TCOP1250,CHF,0.0325408805856972,0.0051122212014982,0.0061147760821654,443.30259117344326,1,-2.741863383539222,16384,2014-12-31,3.5236570605778894e-18,3.5236570605778894e-18,-0.0107514685379662,0.0113284051737202,2015-01-14,2015-01-15,0.0325408805856972,0.0050942855954222,0.0061421643118823,441.59225170368273,1,-2.7436116203110283,65536,2014-12-31,4.214835945537399e-18,4.214835945537399e-18,-0.0148918289936475,0.0132298149278145,0.0035207303831017098,0.004459051944265956,1.7103394697605268
2015-01-13,2015-01-14,2015-01-15,net_cashflows,USD,0.95,IN_TCOP1250,CHF,0.0323130672283478,0.0033794501236674,0.0044620855513189,124.03174995710526,1,-0.5775897066659541,16384,2014-12-31,3.5236570605778894e-18,3.5236570605778894e-18,-0.0105992281037541,0.0114972248341001,2015-01-14,2015-01-15,0.0323130672283478,0.0033905227656825,0.0044859359689275,123.29665088271588,1,-0.5773554760500594,65536,2014-12-31,4.214835945537399e-18,4.214835945537399e-18,-0.0147238307871002,0.0133513374236496,0.0032657624739089596,0.005316709327507943,0.7350990743893817
2015-01-13,2015-01-14,2015-01-15,net_cashflows,USD,0.99,IN_TCOP1250,CHF,0.0323130672283478,0.00517016980695,0.0061750582409886,434.3069756590956,1,-2.7132848537057326,16384,2014-12-31,3.5236570605778894e-18,3.5236570605778894e-18,-0.0105992281037541,0.0114972248341001,2015-01-14,2015-01-15,0.0323130672283478,0.0051451222026995,0.0062004864509674,432.90494966219137,1,-2.715739138316555,65536,2014-12-31,4.214835945537399e-18,4.214835945537399e-18,-0.0147238307871002,0.0133513374236496,0.0048682233897882595,0.0041010024261617,1.4020259969042286
2015-01-13,2015-01-14,2015-01-15,funded_assets,EUR,0.95,IN_FHS_REF_POOL,ALL_FIVE,-0.0480071990023405,0.00546219766036,0.0072017917987113,-5.174975607577879,0,0.0017395941383513,6245,2014-12-31,0.0,0.0,-0.0177540981177825,0.0137611558125272,2015-01-14,2015-01-15,-0.0480071990023405,0.00546219766036,0.0072017917987113,-5.174975607577879,0,0.0017395941383513,6245,2014-12-31,0.0,0.0,-0.0177540981177825,0.0137611558125272,0.0,0.0,0.0
2015-01-13,2015-01-14,2015-01-15,funded_assets,EUR,0.99,IN_FHS_REF_POOL,ALL_FIVE,-0.0480071990023405,0.0081888191595083,0.0095166154060837,-4.794240017822611,0,0.0013277962465753,6245,2014-12-31,0.0,0.0,-0.0177540981177825,0.0137611558125272,2015-01-14,2015-01-15,-0.0480071990023405,0.0081888191595083,0.0095166154060837,-4.794240017822611,0,0.0013277962465753,6245,2014-12-31,0.0,0.0,-0.0177540981177825,0.0137611558125272,0.0,0.0,0.0
2015-01-13,2015-01-14,2015-01-15,funded_assets,USD,0.95,IN_FHS_REF_POOL,ALL_FIVE,-0.0476807556736478,0.0055214999609058,0.0072626621347218,-5.1647504229614665,0,0.0017411621738159,6245,2014-12-31,0.0,0.0,-0.0176880800645063,0.0138711831250812,2015-01-14,2015-01-15,-0.0476807556736478,0.0055214999609058,0.0072626621347218,-5.1647504229614665,0,0.0017411621738159,6245,2014-12-31,0.0,0.0,-0.0176880800645063,0.0138711831250812,0.0,0.0,0.0
2015-01-13,2015-01-14,2015-01-15,funded_assets,USD,0.99,IN_FHS_REF_POOL,ALL_FIVE,-0.0476807556736478,0.0082079989455162,0.0096167385970409,-4.790738391104613,0,0.0014087396515247,6245,2014-12-31,0.0,0.0,-0.0176880800645063,0.0138711831250812,2015-01-14,2015-01-15,-0.0476807556736478,0.0082079989455162,0.0096167385970409,-4.790738391104613,0,0.0014087396515247,6245,2014-12-31,0.0,0.0,-0.0176880800645063,0.0138711831250812,0.0,0.0,0.0
2015-01-13,2015-01-14,2015-01-15,net_cashflows,EUR,0.95,IN_FHS_REF_POOL,ALL_FIVE,0.0325408805856972,0.0035158772729457,0.0049261255201727,112.2416213963908,1,-0.5790898180078023,6245,2014-12-31,0.0,0.0,-0.0105226510919164,0.0111161806447929,2015-01-14,2015-01-15,0.0325408805856972,0.0035158772729457,0.0049261255201727,112.2416213963908,1,-0.5790898180078023,6245,2014-12-31,0.0,0.0,-0.0105226510919164,0.0111161806447929,0.0,0.0,0.0
2015-01-13,2015-01-14,2015-01-15,net_cashflows,EUR,0.99,IN_FHS_REF_POOL,ALL_FIVE,0.0325408805856972,0.0057849602479834,0.0069901462798823,377.63057767170767,1,-2.674386847739476,6245,2014-12-31,0.0,0.0,-0.0105226510919164,0.0111161806447929,2015-01-14,2015-01-15,0.0325408805856972,0.0057849602479834,0.0069901462798823,377.63057767170767,1,-2.674386847739476,6245,2014-12-31,0.0,0.0,-0.0105226510919164,0.0111161806447929,0.0,0.0,0.0
2015-01-13,2015-01-14,2015-01-15,net_cashflows,USD,0.95,IN_FHS_REF_POOL,ALL_FIVE,0.0323130672283478,0.003530375473188,0.004955609130249,110.5672388397026,1,-0.574228601446134,6245,2014-12-31,0.0,0.0,-0.010671458049616,0.0113133264772186,2015-01-14,2015-01-15,0.0323130672283478,0.003530375473188,0.004955609130249,110.5672388397026,1,-0.574228601446134,6245,2014-12-31,0.0,0.0,-0.010671458049616,0.0113133264772186,0.0,0.0,0.0
2015-01-13,2015-01-14,2015-01-15,net_cashflows,USD,0.99,IN_FHS_REF_POOL,ALL_FIVE,0.0323130672283478,0.0058052364658067,0.0070504299009546,370.843393864342,1,-2.6495378828189526,6245,2014-12-31,0.0,0.0,-0.010671458049616,0.0113133264772186,2015-01-14,2015-01-15,0.0323130672283478,0.0058052364658067,0.0070504299009546,370.843393864342,1,-2.6495378828189526,6245,2014-12-31,0.0,0.0,-0.010671458049616,0.0113133264772186,0.0,0.0,0.0
2015-01-13,2015-01-14,2015-01-15,funded_assets,EUR,0.95,IN_TCOP_REF_POOL,ALL_FIVE,-0.0480071990023405,0.0054573901582713,0.0072555769746552,-5.173819991555048,0,0.0017981868163839,81920,2014-12-31,0.0,0.0,-0.0312916243701259,0.0191077810414989,2015-01-14,2015-01-15,-0.0480071990023405,0.0054436355383937,0.0072757203528032,-5.175020484020365,0,0.0018320848144094,327680,2014-12-31,0.0,0.0,-0.0312916243701259,0.0252669269577442,0.002526734161497306,0.0027685750923947022,0.0012004924653172822
2015-01-13,2015-01-14,2015-01-15,funded_assets,EUR,0.99,IN_TCOP_REF_POOL,ALL_FIVE,-0.0480071990023405,0.0083256193226312,0.010115267455476,-4.770634806012179,0,0.0017896481328448,81920,2014-12-31,0.0,0.0,-0.0312916243701259,0.0191077810414989,2015-01-14,2015-01-15,-0.0480071990023405,0.0083374044693755,0.0102356456983289,-4.76733295421832,0,0.0018982412289533,327680,2014-12-31,0.0,0.0,-0.0312916243701259,0.0252669269577442,0.00141352705000553,0.011760688714787517,0.003301851793859001
2015-01-13,2015-01-14,2015-01-15,funded_assets,USD,0.95,IN_TCOP_REF_POOL,ALL_FIVE,-0.0476807556736478,0.0054924915341976,0.0073233212597956,-5.166691249418832,0,0.0018308297255979,81920,2014-12-31,0.0,0.0,-0.0304313777141269,0.019866606209024,2015-01-14,2015-01-15,-0.0476807556736478,0.0054803043533192,0.0073434392674479,-5.167662194006355,0,0.0018631349141287,327680,2014-12-31,0.0,0.0,-0.0304313777141269,0.0258915776807086,0.0022238146082193566,0.0027395893013617716,0.0009709445875225597
2015-01-13,2015-01-14,2015-01-15,funded_assets,USD,0.99,IN_TCOP_REF_POOL,ALL_FIVE,-0.0476807556736478,0.0084001902692926,0.0102392589288756,-4.761135579387715,0,0.0018390686595829,81920,2014-12-31,0.0,0.0,-0.0304313777141269,0.019866606209024,2015-01-14,2015-01-15,-0.0476807556736478,0.0084272859073774,0.0103638564339703,-4.75628896920513,0,0.0019365705265928,327680,2014-12-31,0.0,0.0,-0.0304313777141269,0.0258915776807086,0.003215227106639376,0.01202231098901542,0.004846610182585032
2015-01-13,2015-01-14,2015-01-15,net_cashflows,EUR,0.95,IN_TCOP_REF_POOL,ALL_FIVE,0.0325408805856972,0.0036084780676293,0.0048543688173188,113.61697149852382,1,-0.5774021596116674,81920,2014-12-31,0.0,0.0,-0.0163821598196821,0.014323889110271,2015-01-14,2015-01-15,0.0325408805856972,0.0036105938793894,0.0048598633941305,113.4742207953172,1,-0.5773564646114125,327680,2014-12-31,0.0,0.0,-0.0169683621585177,0.0163366105811871,0.0005860010377177912,0.00113060313965533,0.1427507032066302
2015-01-13,2015-01-14,2015-01-15,net_cashflows,EUR,0.99,IN_TCOP_REF_POOL,ALL_FIVE,0.0325408805856972,0.0056306213249197,0.0067845689811562,391.475998519589,1,-2.6898719784215053,81920,2014-12-31,0.0,0.0,-0.0163821598196821,0.014323889110271,2015-01-14,2015-01-15,0.0325408805856972,0.00563231343565,0.0067786750273995,391.79601004824633,1,-2.6897103534129614,327680,2014-12-31,0.0,0.0,-0.0169683621585177,0.0163366105811871,0.0003004290776130851,0.0008694846312703854,0.3200115286573464
2015-01-13,2015-01-14,2015-01-15,net_cashflows,USD,0.95,IN_TCOP_REF_POOL,ALL_FIVE,0.0323130672283478,0.0036215939651898,0.0048814518581466,111.97262834187892,1,-0.5725696073702013,81920,2014-12-31,0.0,0.0,-0.0155428502265151,0.0147295178921384,2015-01-14,2015-01-15,0.0323130672283478,0.0036247112290772,0.004886916548275,111.82934669278622,1,-0.5725049146662127,327680,2014-12-31,0.0,0.0,-0.016956070965418,0.0164915961318905,0.0008600033741705232,0.0011182286569491038,0.14328164909269958
2015-01-13,2015-01-14,2015-01-15,net_cashflows,USD,0.99,IN_TCOP_REF_POOL,ALL_FIVE,0.0323130672283478,0.0056702201222234,0.0068335723073442,384.72554021937503,1,-2.663121358427316,81920,2014-12-31,0.0,0.0,-0.0155428502265151,0.0147295178921384,2015-01-14,2015-01-15,0.0323130672283478,0.0056628418489583,0.0068289531722358,385.0961065978764,1,-2.663856426615668,327680,2014-12-31,0.0,0.0,-0.016956070965418,0.0164915961318905,0.0013029276575076468,0.0006764045662488902,0.37056637850139396
2015-01-15,2015-01-16,2015-01-19,funded_assets,EUR,0.95,HS1250,ALL_EQUIVARIANT,0.0032973938282431,0.0072773080218551,0.0097212078891575,-4.884844186365896,0,0.0024438998673024,1249,2014-12-31,3.3068166260807885e-18,3.3068166260807885e-18,-0.0480071990023426,0.0205646951462876,2015-01-16,2015-01-19,0.0032973938282431,0.0072773080218551,0.0097212078891575,-4.884844186365896,0,0.0024438998673024,1249,2014-12-31,3.3068166260807885e-18,3.3068166260807885e-18,-0.0480071990023426,0.0205646951462876,0.0,0.0,0.0
2015-01-15,2015-01-16,2015-01-19,funded_assets,EUR,0.99,HS1250,ALL_EQUIVARIANT,0.0032973938282431,0.0109663742814851,0.0132458518232134,-4.4961607625789135,0,0.0022794775417283,1249,2014-12-31,3.3068166260807885e-18,3.3068166260807885e-18,-0.0480071990023426,0.0205646951462876,2015-01-16,2015-01-19,0.0032973938282431,0.0109663742814851,0.0132458518232134,-4.4961607625789135,0,0.0022794775417283,1249,2014-12-31,3.3068166260807885e-18,3.3068166260807885e-18,-0.0480071990023426,0.0205646951462876,0.0,0.0,0.0
2015-01-15,2015-01-16,2015-01-19,funded_assets,USD,0.95,HS1250,ALL_EQUIVARIANT,0.0032536982723604,0.0073832019423681,0.0098033346433133,-4.871900996067616,0,0.0024201327009452,1249,2014-12-31,3.3068166260807885e-18,3.3068166260807885e-18,-0.0476807556736499,0.0203512819840272,2015-01-16,2015-01-19,0.0032536982723604,0.0073832019423681,0.0098033346433133,-4.871900996067616,0,0.0024201327009452,1249,2014-12-31,3.3068166260807885e-18,3.3068166260807885e-18,-0.0476807556736499,0.0203512819840272,0.0,0.0,0.0
2015-01-15,2015-01-16,2015-01-19,funded_assets,USD,0.99,HS1250,ALL_EQUIVARIANT,0.0032536982723604,0.0111921647392261,0.0134005350105363,-4.4772578185350245,0,0.0022083702713101,1249,2014-12-31,3.3068166260807885e-18,3.3068166260807885e-18,-0.0476807556736499,0.0203512819840272,2015-01-16,2015-01-19,0.0032536982723604,0.0111921647392261,0.0134005350105363,-4.4772578185350245,0,0.0022083702713101,1249,2014-12-31,3.3068166260807885e-18,3.3068166260807885e-18,-0.0476807556736499,0.0203512819840272,0.0,0.0,0.0
2015-01-15,2015-01-16,2015-01-19,net_cashflows,EUR,0.95,HS1250,ALL_EQUIVARIANT,-0.0015854274822191,0.0036624215590236,0.0058538882100273,-5.51501005173646,0,0.0021914666510037,1249,2014-12-31,3.3068166260807885e-18,3.3068166260807885e-18,-0.0174145363880673,0.0325408805856996,2015-01-16,2015-01-19,-0.0015854274822191,0.0036624215590236,0.0058538882100273,-5.51501005173646,0,0.0021914666510037,1249,2014-12-31,3.3068166260807885e-18,3.3068166260807885e-18,-0.0174145363880673,0.0325408805856996,0.0,0.0,0.0
2015-01-15,2015-01-16,2015-01-19,net_cashflows,EUR,0.99,HS1250,ALL_EQUIVARIANT,-0.0015854274822191,0.0064528529520965,0.0101876770593389,-4.953178550266577,0,0.0037348241072423,1249,2014-12-31,3.3068166260807885e-18,3.3068166260807885e-18,-0.0174145363880673,0.0325408805856996,2015-01-16,2015-01-19,-0.0015854274822191,0.0064528529520965,0.0101876770593389,-4.953178550266577,0,0.0037348241072423,1249,2014-12-31,3.3068166260807885e-18,3.3068166260807885e-18,-0.0174145363880673,0.0325408805856996,0.0,0.0,0.0
2015-01-15,2015-01-16,2015-01-19,net_cashflows,USD,0.95,HS1250,ALL_EQUIVARIANT,-0.001569221656365,0.0036924235711941,0.0058760932421803,-5.508482454801152,0,0.0021836696709862,1249,2014-12-31,3.3068166260807885e-18,3.3068166260807885e-18,-0.0172221688343973,0.0323130672283502,2015-01-16,2015-01-19,-0.001569221656365,0.0036924235711941,0.0058760932421803,-5.508482454801152,0,0.0021836696709862,1249,2014-12-31,3.3068166260807885e-18,3.3068166260807885e-18,-0.0172221688343973,0.0323130672283502,0.0,0.0,0.0
2015-01-15,2015-01-16,2015-01-19,net_cashflows,USD,0.99,HS1250,ALL_EQUIVARIANT,-0.001569221656365,0.0065411952628783,0.010214483490626,-4.94356427636504,0,0.0036732882277476,1249,2014-12-31,3.3068166260807885e-18,3.3068166260807885e-18,-0.0172221688343973,0.0323130672283502,2015-01-16,2015-01-19,-0.001569221656365,0.0065411952628783,0.010214483490626,-4.94356427636504,0,0.0036732882277476,1249,2014-12-31,3.3068166260807885e-18,3.3068166260807885e-18,-0.0172221688343973,0.0323130672283502,0.0,0.0,0.0
2015-01-15,2015-01-16,2015-01-19,funded_assets,EUR,0.95,EWMA_GAUSS,ALL_EQUIVARIANT,0.0032973938282431,0.0181342311068215,0.0225216796653813,-3.988086899342579,0,0.0043874485585598,16384,2014-12-31,1.2976968268409508e-17,1.2976968268409508e-17,-0.0444549748065118,0.0416359786330745,2015-01-16,2015-01-19,0.0032973938282431,0.0180201637120847,0.0225255024697408,-3.9931177460429614,0,0.004505338757656,65536,2014-12-31,1.2976968268409508e-17,1.2976968268409508e-17,-0.0523010047203374,0.0420433394817767,0.0063299865949777824,0.00016971005928213958,0.005030846700382341
2015-01-15,2015-01-16,2015-01-19,funded_assets,EUR,0.99,EWMA_GAUSS,ALL_EQUIVARIANT,0.0032973938282431,0.0252757421350749,0.029073875031013,-3.6685525857232153,0,0.0037981328959381,16384,2014-12-31,1.2976968268409508e-17,1.2976968268409508e-17,-0.0444549748065118,0.0416359786330745,2015-01-16,2015-01-19,0.0032973938282431,0.0253883715713961,0.0289674432938186,-3.6651376993443785,0,0.0035790717224224,65536,2014-12-31,1.2976968268409508e-17,1.2976968268409508e-17,-0.0523010047203374,0.0420433394817767,0.004436260750496312,0.0036741847084969166,0.003414886378836801
2015-01-15,2015-01-16,2015-01-19,funded_assets,USD,0.95,EWMA_GAUSS,ALL_EQUIVARIANT,0.0032536982723604,0.0182548841878013,0.0226216166828085,-3.981882956651317,0,0.0043667324950071,16384,2014-12-31,1.2976968268409508e-17,1.2976968268409508e-17,-0.0444526645154499,0.041896978508509,2015-01-16,2015-01-19,0.0032536982723604,0.0180801034604777,0.0226256530654608,-3.98957339587052,0,0.004545549604983,65536,2014-12-31,1.2976968268409508e-17,1.2976968268409508e-17,-0.0513685537430453,0.042132655517563,0.009667020308023286,0.0001783985037081386,0.0076904392192029825
2015-01-15,2015-01-16,2015-01-19,funded_assets,USD,0.99,EWMA_GAUSS,ALL_EQUIVARIANT,0.0032536982723604,0.0254036624030014,0.0292352178763034,-3.663440788123542,0,0.0038315554733019,16384,2014-12-31,1.2976968268409508e-17,1.2976968268409508e-17,-0.0444526645154499,0.041896978508509,2015-01-16,2015-01-19,0.0032536982723604,0.0255576846416061,0.0291333972969783,-3.6586059523056087,0,0.0035757126553721,65536,2014-12-31,1.2976968268409508e-17,1.2976968268409508e-17,-0.0513685537430453,0.042132655517563,0.006026455086387653,0.0034949778869647337,0.004834835817933314
2015-01-15,2015-01-16,2015-01-19,net_cashflows,EUR,0.95,EWMA_GAUSS,ALL_EQUIVARIANT,-0.0015854274822191,0.0131999116178165,0.0166640683490547,-4.3023822858850975,0,0.0034641567312382,16384,2014-12-31,1.2976968268409508e-17,1.2976968268409508e-17,-0.0269335629529072,0.0299216861202668,2015-01-16,2015-01-19,-0.0015854274822191,0.0131397349290091,0.0166741568583268,-4.305865305656822,0,0.0035344219293177,65536,2014-12-31,1.2976968268409508e-17,1.2976968268409508e-17,-0.0314252284982197,0.0355753373406149,0.004579749068951475,0.000605038645001351,0.003483019771724827
2015-01-15,2015-01-16,2015-01-19,net_cashflows,EUR,0.99,EWMA_GAUSS,ALL_EQUIVARIANT,-0.0015854274822191,0.0188190462964146,0.021712402834616,-3.963129860225072,0,0.0028933565382013,16384,2014-12-31,1.2976968268409508e-17,1.2976968268409508e-17,-0.0269335629529072,0.0299216861202668,2015-01-16,2015-01-19,-0.0015854274822191,0.0187900978095154,0.0217424958564198,-3.96427588777545,0,0.0029523980469044,65536,2014-12-31,1.2976968268409508e-17,1.2976968268409508e-17,-0.0314252284982197,0.0355753373406149,0.0015406245988000787,0.0013840647367498427,0.0011460275503778483
2015-01-15,2015-01-16,2015-01-19,net_cashflows,USD,0.95,EWMA_GAUSS,ALL_EQUIVARIANT,-0.001569221656365,0.0132034244650983,0.0166504709329463,-4.302340741063611,0,0.003447046467848,16384,2014-12-31,1.2976968268409508e-17,1.2976968268409508e-17,-0.0269922227182766,0.0300123868014906,2015-01-16,2015-01-19,-0.001569221656365,0.013143398336945,0.0166585196476233,-4.3058439278744505,0,0.0035151213106783,65536,2014-12-31,1.2976968268409508e-17,1.2976968268409508e-17,-0.0314890559454301,0.0355258727954496,0.004567017343191334,0.0004831590589831639,0.003503186810839054
2015-01-15,2015-01-16,2015-01-19,net_cashflows,USD,0.99,EWMA_GAUSS,ALL_EQUIVARIANT,-0.001569221656365,0.0188313052543831,0.021680878707193,-3.962757135283633,0,0.0028495734528099,16384,2014-12-31,1.2976968268409508e-17,1.2976968268409508e-17,-0.0269922227182766,0.0300123868014906,2015-01-16,2015-01-19,-0.001569221656365,0.0188016491556081,0.0217139461796762,-3.963921582852145,0,0.0029122970240681,65536,2014-12-31,1.2976968268409508e-17,1.2976968268409508e-17,-0.0314890559454301,0.0355258727954496,0.0015773136988972995,0.0015228679397828696,0.0011644475685117506
2015-01-15,2015-01-16,2015-01-19,funded_assets,EUR,0.95,EWMA_SELFNORMALIZED,ALL_EQUIVARIANT,0.0032973938282431,0.0181520751959041,0.0230737883840621,-3.982361220260761,0,0.0049217131881579,16384,2014-12-31,1.1655173354219173e-17,1.1655173354219173e-17,-0.046547374738019,0.0433400249791211,2015-01-16,2015-01-19,0.0032973938282431,0.0181788028053508,0.0228975494730862,-3.9828062432021007,0,0.0047187466677354,65536,2014-12-31,1.389811659854856e-17,1.389811659854856e-17,-0.05095655254895,0.0462111847560237,0.0014702623562666652,0.007696845952142278,0.00044502294133996756
2015-01-15,2015-01-16,2015-01-19,funded_assets,EUR,0.99,EWMA_SELFNORMALIZED,ALL_EQUIVARIANT,0.0032973938282431,0.0262508295530104,0.0297064801537862,-3.632716561128949,0,0.0034556506007758,16384,2014-12-31,1.1655173354219173e-17,1.1655173354219173e-17,-0.046547374738019,0.0433400249791211,2015-01-16,2015-01-19,0.0032973938282431,0.0259519790114555,0.0295901594078278,-3.6432658010594654,0,0.0036381803963723,65536,2014-12-31,1.389811659854856e-17,1.389811659854856e-17,-0.05095655254895,0.0462111847560237,0.011515520316311345,0.0039310618221146615,0.010549239930516485
2015-01-15,2015-01-16,2015-01-19,funded_assets,USD,0.95,EWMA_SELFNORMALIZED,ALL_EQUIVARIANT,0.0032536982723604,0.0182119171848828,0.0231861847801594,-3.978734499874226,0,0.0049742675952765,16384,2014-12-31,1.1655173354219173e-17,1.1655173354219173e-17,-0.0465089305015881,0.0432243187604098,2015-01-16,2015-01-19,0.0032536982723604,0.0182566824609421,0.0230081657943093,-3.9784190041972174,0,0.0047514833333672,65536,2014-12-31,1.389811659854856e-17,1.389811659854856e-17,-0.0505028720221913,0.0465190168686135,0.0024519940112377398,0.0077372089301499915,0.00031549567700839276
2015-01-15,2015-01-16,2015-01-19,funded_assets,USD,0.99,EWMA_SELFNORMALIZED,ALL_EQUIVARIANT,0.0032536982723604,0.0263056532561681,0.0299000141006809,-3.6301090075739433,0,0.0035943608445128,16384,2014-12-31,1.1655173354219173e-17,1.1655173354219173e-17,-0.0465089305015881,0.0432243187604098,2015-01-16,2015-01-19,0.0032536982723604,0.0260712828560416,0.0297684515346305,-3.6385036672676008,0,0.0036971686785889,65536,2014-12-31,1.389811659854856e-17,1.389811659854856e-17,-0.0505028720221913,0.0465190168686135,0.00898959983751576,0.004419530048358367,0.008394659693657491
2015-01-15,2015-01-16,2015-01-19,net_cashflows,EUR,0.95,EWMA_SELFNORMALIZED,ALL_EQUIVARIANT,-0.0015854274822191,0.0130457793188119,0.016863040142513,-4.308999509255367,0,0.003817260823701,16384,2014-12-31,1.1655173354219173e-17,1.1655173354219173e-17,-0.0323973048064717,0.0334841734390547,2015-01-16,2015-01-19,-0.0015854274822191,0.0131830320242967,0.0169111999688552,-4.300234709713258,0,0.0037281679445585,65536,2014-12-31,1.389811659854856e-17,1.389811659854856e-17,-0.0323973048064717,0.0344899587905062,0.01041131548735079,0.0028478065678894993,0.00876479954210918
2015-01-15,2015-01-16,2015-01-19,net_cashflows,EUR,0.99,EWMA_SELFNORMALIZED,ALL_EQUIVARIANT,-0.0015854274822191,0.0192709438800763,0.0223150174120918,-3.9389090755763694,0,0.0030440735320154,16384,2014-12-31,1.1655173354219173e-17,1.1655173354219173e-17,-0.0323973048064717,0.0334841734390547,2015-01-16,2015-01-19,-0.0015854274822191,0.0192903602806769,0.0223635916944701,-3.9377422046141377,0,0.0030732314137931,65536,2014-12-31,1.389811659854856e-17,1.389811659854856e-17,-0.0323973048064717,0.0344899587905062,0.0010065338499691953,0.002172025095159984,0.0011668709622316698
2015-01-15,2015-01-16,2015-01-19,net_cashflows,USD,0.95,EWMA_SELFNORMALIZED,ALL_EQUIVARIANT,-0.001569221656365,0.0130371021314246,0.0168474584016548,-4.309723487972335,0,0.0038103562702301,16384,2014-12-31,1.1655173354219173e-17,1.1655173354219173e-17,-0.0323108811056938,0.0334449774758108,2015-01-16,2015-01-19,-0.001569221656365,0.0131884255095659,0.0168937220731032,-4.300142993927387,0,0.0037052965635372,65536,2014-12-31,1.389811659854856e-17,1.389811659854856e-17,-0.0323108811056938,0.0342727312414007,0.011473953280589932,0.002738512640861946,0.00958049404494865
2015-01-15,2015-01-16,2015-01-19,net_cashflows,USD,0.99,EWMA_SELFNORMALIZED,ALL_EQUIVARIANT,-0.001569221656365,0.019250637502144,0.0222959447978726,-3.9399361677469513,0,0.0030453072957286,16384,2014-12-31,1.1655173354219173e-17,1.1655173354219173e-17,-0.0323108811056938,0.0334449774758108,2015-01-16,2015-01-19,-0.001569221656365,0.0192699469444755,0.0223338499473381,-3.9388383298574334,0,0.0030639030028625,65536,2014-12-31,1.389811659854856e-17,1.389811659854856e-17,-0.0323108811056938,0.0342727312414007,0.0010020495846272018,0.0016972062387308226,0.0010978378895178942
2015-01-15,2015-01-16,2015-01-19,funded_assets,EUR,0.95,IN_FHS1250,EUR,0.0032973938282431,0.0260837329233103,0.0324905541095565,-3.623996146180191,0,0.0064068211862461,1249,2014-12-31,1.2685165418080403e-17,1.2685165418080403e-17,-0.0562461392145778,0.0487590826686915,2015-01-16,2015-01-19,0.0032973938282431,0.0260837329233103,0.0324905541095565,-3.623996146180191,0,0.0064068211862461,1249,2014-12-31,1.2685165418080403e-17,1.2685165418080403e-17,-0.0562461392145778,0.0487590826686915,0.0,0.0,0.0
2015-01-15,2015-01-16,2015-01-19,funded_assets,EUR,0.99,IN_FHS1250,EUR,0.0032973938282431,0.0366109277075964,0.0409293722228976,-3.3014169954109374,0,0.0043184445153011,1249,2014-12-31,1.2685165418080403e-17,1.2685165418080403e-17,-0.0562461392145778,0.0487590826686915,2015-01-16,2015-01-19,0.0032973938282431,0.0366109277075964,0.0409293722228976,-3.3014169954109374,0,0.0043184445153011,1249,2014-12-31,1.2685165418080403e-17,1.2685165418080403e-17,-0.0562461392145778,0.0487590826686915,0.0,0.0,0.0
2015-01-15,2015-01-16,2015-01-19,funded_assets,USD,0.95,IN_FHS1250,EUR,0.0032536982723604,0.0259992849265497,0.0326326596702308,-3.6257157684305046,0,0.006633374743681,1249,2014-12-31,1.2685165418080403e-17,1.2685165418080403e-17,-0.0563206302015466,0.0495066635487395,2015-01-16,2015-01-19,0.0032536982723604,0.0259992849265497,0.0326326596702308,-3.6257157684305046,0,0.006633374743681,1249,2014-12-31,1.2685165418080403e-17,1.2685165418080403e-17,-0.0563206302015466,0.0495066635487395,0.0,0.0,0.0
2015-01-15,2015-01-16,2015-01-19,funded_assets,USD,0.99,IN_FHS1250,EUR,0.0032536982723604,0.0368924120964212,0.041293231071105,-3.2936315164430026,0,0.0044008189746838,1249,2014-12-31,1.2685165418080403e-17,1.2685165418080403e-17,-0.0563206302015466,0.0495066635487395,2015-01-16,2015-01-19,0.0032536982723604,0.0368924120964212,0.041293231071105,-3.2936315164430026,0,0.0044008189746838,1249,2014-12-31,1.2685165418080403e-17,1.2685165418080403e-17,-0.0563206302015466,0.0495066635487395,0.0,0.0,0.0
2015-01-15,2015-01-16,2015-01-19,net_cashflows,EUR,0.95,IN_FHS1250,EUR,-0.0015854274822191,0.0203822680166275,0.0250606662380288,-3.873138659002296,0,0.0046783982214013,1249,2014-12-31,1.2685165418080403e-17,1.2685165418080403e-17,-0.0382970545115884,0.0434546854328227,2015-01-16,2015-01-19,-0.0015854274822191,0.0203822680166275,0.0250606662380288,-3.873138659002296,0,0.0046783982214013,1249,2014-12-31,1.2685165418080403e-17,1.2685165418080403e-17,-0.0382970545115884,0.0434546854328227,0.0,0.0,0.0
2015-01-15,2015-01-16,2015-01-19,net_cashflows,EUR,0.99,IN_FHS1250,EUR,-0.0015854274822191,0.0273288314127249,0.0321343461489673,-3.5873743476383653,0,0.0048055147362423,1249,2014-12-31,1.2685165418080403e-17,1.2685165418080403e-17,-0.0382970545115884,0.0434546854328227,2015-01-16,2015-01-19,-0.0015854274822191,0.0273288314127249,0.0321343461489673,-3.5873743476383653,0,0.0048055147362423,1249,2014-12-31,1.2685165418080403e-17,1.2685165418080403e-17,-0.0382970545115884,0.0434546854328227,0.0,0.0,0.0
2015-01-15,2015-01-16,2015-01-19,net_cashflows,USD,0.95,IN_FHS1250,EUR,-0.001569221656365,0.0205776233165067,0.0250254454351375,-3.865594140369697,0,0.0044478221186307,1249,2014-12-31,1.2685165418080403e-17,1.2685165418080403e-17,-0.038084641826085,0.0434955106100776,2015-01-16,2015-01-19,-0.001569221656365,0.0205776233165067,0.0250254454351375,-3.865594140369697,0,0.0044478221186307,1249,2014-12-31,1.2685165418080403e-17,1.2685165418080403e-17,-0.038084641826085,0.0434955106100776,0.0,0.0,0.0
2015-01-15,2015-01-16,2015-01-19,net_cashflows,USD,0.99,IN_FHS1250,EUR,-0.001569221656365,0.0274355291716729,0.0321064776600751,-3.584180528972,0,0.0046709484884021,1249,2014-12-31,1.2685165418080403e-17,1.2685165418080403e-17,-0.038084641826085,0.0434955106100776,2015-01-16,2015-01-19,-0.001569221656365,0.0274355291716729,0.0321064776600751,-3.584180528972,0,0.0046709484884021,1249,2014-12-31,1.2685165418080403e-17,1.2685165418080403e-17,-0.038084641826085,0.0434955106100776,0.0,0.0,0.0
2015-01-15,2015-01-16,2015-01-19,funded_assets,EUR,0.95,IN_TCOP1250,EUR,0.0032973938282431,0.0256689539140619,0.0324072790884971,-3.6372985040126182,0,0.0067383251744352,16384,2014-12-31,2.439454888092385e-17,2.439454888092385e-17,-0.0639690252467799,0.0588021315657071,2015-01-16,2015-01-19,0.0032973938282431,0.0256014617439569,0.0324514928895065,-3.639094070452808,0,0.0068500311455495,65536,2014-12-31,2.439454888092385e-17,2.439454888092385e-17,-0.0761725547125768,0.0612148400917073,0.0026362623657976507,0.0013624581513072987,0.0017955664401898552
2015-01-15,2015-01-16,2015-01-19,funded_assets,EUR,0.99,IN_TCOP1250,EUR,0.0032973938282431,0.0369494299313076,0.0417669254477167,-3.290992864273646,0,0.004817495516409,16384,2014-12-31,2.439454888092385e-17,2.439454888092385e-17,-0.0639690252467799,0.0588021315657071,2015-01-16,2015-01-19,0.0032973938282431,0.0369294530236584,0.0418187317472033,-3.291326909099612,0,0.0048892787235448,65536,2014-12-31,2.439454888092385e-17,2.439454888092385e-17,-0.0761725547125768,0.0612148400917073,0.0005409478346835745,0.0012388300008658523,0.00033404482596566254
2015-01-15,2015-01-16,2015-01-19,funded_assets,USD,0.95,IN_TCOP1250,EUR,0.0032536982723604,0.0257694158666358,0.0325278686774439,-3.63343228756196,0,0.0067584528108081,16384,2014-12-31,2.439454888092385e-17,2.439454888092385e-17,-0.0638092105743381,0.0593679783355123,2015-01-16,2015-01-19,0.0032536982723604,0.0256989996383225,0.0325681368689489,-3.635336744707592,0,0.0068691372306263,65536,2014-12-31,2.439454888092385e-17,2.439454888092385e-17,-0.073285819461854,0.0615388322088005,0.00274003771758872,0.0012364290799635781,0.0019044571456321435
2015-01-15,2015-01-16,2015-01-19,funded_assets,USD,0.99,IN_TCOP1250,EUR,0.0032536982723604,0.0369372194066692,0.0420065179700674,-3.2906093396955223,0,0.0050692985633981,16384,2014-12-31,2.439454888092385e-17,2.439454888092385e-17,-0.0638092105743381,0.0593679783355123,2015-01-16,2015-01-19,0.0032536982723604,0.0369819594359557,0.0420393744440372,-3.289450474748965,0,0.0050574150080815,65536,2014-12-31,2.439454888092385e-17,2.439454888092385e-17,-0.073285819461854,0.0615388322088005,0.0012097798485766497,0.0007815642931018683,0.0011588649465572587
2015-01-15,2015-01-16,2015-01-19,net_cashflows,EUR,0.95,IN_TCOP1250,EUR,-0.0015854274822191,0.0201998894805217,0.0255156216068091,-3.876796858770595,0,0.0053157321262873,16384,2014-12-31,2.439454888092385e-17,2.439454888092385e-17,-0.0419072800790041,0.0502175328122865,2015-01-16,2015-01-19,-0.0015854274822191,0.020293650764223,0.0253780719324591,-3.8742168108491217,0,0.0050844211682361,65536,2014-12-31,2.439454888092385e-17,2.439454888092385e-17,-0.0526866327541368,0.0544611913163585,0.004620227517987925,0.005420020666505841,0.002580047921473483
2015-01-15,2015-01-16,2015-01-19,net_cashflows,EUR,0.99,IN_TCOP1250,EUR,-0.0015854274822191,0.0289036789601825,0.0331431877590482,-3.534833018677256,0,0.0042395087988657,16384,2014-12-31,2.439454888092385e-17,2.439454888092385e-17,-0.0419072800790041,0.0502175328122865,2015-01-16,2015-01-19,-0.0015854274822191,0.0285798573388806,0.0330120562173313,-3.5451424506997773,0,0.0044321988784506,65536,2014-12-31,2.439454888092385e-17,2.439454888092385e-17,-0.0526866327541368,0.0544611913163585,0.011330414195642867,0.003972231867461082,0.010309432022521214
2015-01-15,2015-01-16,2015-01-19,net_cashflows,USD,0.95,IN_TCOP1250,EUR,-0.001569221656365,0.0201675922916635,0.025488766835837,-3.878282916234373,0,0.0053211745441734,16384,2014-12-31,2.439454888092385e-17,2.439454888092385e-17,-0.0423500704826066,0.0509017976992393,2015-01-16,2015-01-19,-0.001569221656365,0.0202561221336535,0.0253463847650761,-3.8759471274222146,0,0.0050902626314226,65536,2014-12-31,2.439454888092385e-17,2.439454888092385e-17,-0.0529737539136998,0.054191163544711,0.004370522719297568,0.005617450854651423,0.002335788812158235
2015-01-15,2015-01-16,2015-01-19,net_cashflows,USD,0.99,IN_TCOP1250,EUR,-0.001569221656365,0.0288537505744697,0.0330797317256966,-3.5365858918686266,0,0.0042259811512269,16384,2014-12-31,2.439454888092385e-17,2.439454888092385e-17,-0.0423500704826066,0.0509017976992393,2015-01-16,2015-01-19,-0.001569221656365,0.0285466237044788,0.0329506937033239,-3.5463993316893903,0,0.004404069998845,65536,2014-12-31,2.439454888092385e-17,2.439454888092385e-17,-0.0529737539136998,0.054191163544711,0.010758780904191962,0.003916094256907319,0.009813439820763659
2015-01-15,2015-01-16,2015-01-19,funded_assets,EUR,0.95,IN_FHS1250,USD,0.0032973938282431,0.0084529827136084,0.0125948680363643,-4.703320846270394,0,0.0041418853227558,1249,2014-12-31,7.199780051661553e-18,7.199780051661553e-18,-0.0490929776447043,0.0303888284257761,2015-01-16,2015-01-19,0.0032973938282431,0.0084529827136084,0.0125948680363643,-4.703320846270394,0,0.0041418853227558,1249,2014-12-31,7.199780051661553e-18,7.199780051661553e-18,-0.0490929776447043,0.0303888284257761,0.0,0.0,0.0
2015-01-15,2015-01-16,2015-01-19,funded_assets,EUR,0.99,IN_FHS1250,USD,0.0032973938282431,0.0149742386741172,0.0194172340856341,-4.1704113635651865,0,0.0044429954115169,1249,2014-12-31,7.199780051661553e-18,7.199780051661553e-18,-0.0490929776447043,0.0303888284257761,2015-01-16,2015-01-19,0.0032973938282431,0.0149742386741172,0.0194172340856341,-4.1704113635651865,0,0.0044429954115169,1249,2014-12-31,7.199780051661553e-18,7.199780051661553e-18,-0.0490929776447043,0.0303888284257761,0.0,0.0,0.0
2015-01-15,2015-01-16,2015-01-19,funded_assets,USD,0.95,IN_FHS1250,USD,0.0032536982723604,0.0083752292741549,0.0125824003207803,-4.709825752727772,0,0.0042071710466253,1249,2014-12-31,7.199780051661553e-18,7.199780051661553e-18,-0.0487655858015765,0.0301491066229996,2015-01-16,2015-01-19,0.0032536982723604,0.0083752292741549,0.0125824003207803,-4.709825752727772,0,0.0042071710466253,1249,2014-12-31,7.199780051661553e-18,7.199780051661553e-18,-0.0487655858015765,0.0301491066229996,0.0,0.0,0.0
2015-01-15,2015-01-16,2015-01-19,funded_assets,USD,0.99,IN_FHS1250,USD,0.0032536982723604,0.0152519036508654,0.0194501558254872,-4.155746908935152,0,0.0041982521746218,1249,2014-12-31,7.199780051661553e-18,7.199780051661553e-18,-0.0487655858015765,0.0301491066229996,2015-01-16,2015-01-19,0.0032536982723604,0.0152519036508654,0.0194501558254872,-4.155746908935152,0,0.0041982521746218,1249,2014-12-31,7.199780051661553e-18,7.199780051661553e-18,-0.0487655858015765,0.0301491066229996,0.0,0.0,0.0
2015-01-15,2015-01-16,2015-01-19,net_cashflows,EUR,0.95,IN_FHS1250,USD,-0.0015854274822191,0.0106725226926935,0.014824631750502,-4.491546941305788,0,0.0041521090578084,1249,2014-12-31,7.199780051661553e-18,7.199780051661553e-18,-0.0260796997008261,0.033409290811114,2015-01-16,2015-01-19,-0.0015854274822191,0.0106725226926935,0.014824631750502,-4.491546941305788,0,0.0041521090578084,1249,2014-12-31,7.199780051661553e-18,7.199780051661553e-18,-0.0260796997008261,0.033409290811114,0.0,0.0,0.0
2015-01-15,2015-01-16,2015-01-19,net_cashflows,EUR,0.99,IN_FHS1250,USD,-0.0015854274822191,0.0170414879437661,0.0205687202534525,-4.055469049975136,0,0.0035272323096863,1249,2014-12-31,7.199780051661553e-18,7.199780051661553e-18,-0.0260796997008261,0.033409290811114,2015-01-16,2015-01-19,-0.0015854274822191,0.0170414879437661,0.0205687202534525,-4.055469049975136,0,0.0035272323096863,1249,2014-12-31,7.199780051661553e-18,7.199780051661553e-18,-0.0260796997008261,0.033409290811114,0.0,0.0,0.0
2015-01-15,2015-01-16,2015-01-19,net_cashflows,USD,0.95,IN_FHS1250,USD,-0.001569221656365,0.0107726197106997,0.0149295263527749,-4.482849658516413,0,0.0041569066420752,1249,2014-12-31,7.199780051661553e-18,7.199780051661553e-18,-0.0258746060737863,0.0331794471623261,2015-01-16,2015-01-19,-0.001569221656365,0.0107726197106997,0.0149295263527749,-4.482849658516413,0,0.0041569066420752,1249,2014-12-31,7.199780051661553e-18,7.199780051661553e-18,-0.0258746060737863,0.0331794471623261,0.0,0.0,0.0
2015-01-15,2015-01-16,2015-01-19,net_cashflows,USD,0.99,IN_FHS1250,USD,-0.001569221656365,0.0172888244320327,0.0207310734354887,-4.042164542083017,0,0.0034422490034559,1249,2014-12-31,7.199780051661553e-18,7.199780051661553e-18,-0.0258746060737863,0.0331794471623261,2015-01-16,2015-01-19,-0.001569221656365,0.0172888244320327,0.0207310734354887,-4.042164542083017,0,0.0034422490034559,1249,2014-12-31,7.199780051661553e-18,7.199780051661553e-18,-0.0258746060737863,0.0331794471623261,0.0,0.0,0.0
2015-01-15,2015-01-16,2015-01-19,funded_assets,EUR,0.95,IN_TCOP1250,USD,0.0032973938282431,0.0095513813622625,0.0125428467497566,-4.617104471991514,0,0.002991465387494,16384,2014-12-31,9.269928574751064e-18,9.269928574751064e-18,-0.0428886032415404,0.0308315969274708,2015-01-16,2015-01-19,0.0032973938282431,0.0094950185888471,0.0125710925351033,-4.621049585065872,0,0.0030760739462562,65536,2014-12-31,1.11829524861249e-17,1.11829524861249e-17,-0.0470981836065055,0.0329460076692979,0.005936036131788538,0.0022468838939675093,0.0039451130743586305
2015-01-15,2015-01-16,2015-01-19,funded_assets,EUR,0.99,IN_TCOP1250,USD,0.0032973938282431,0.0142539554718881,0.0172878327457517,-4.233244388185261,0,0.0030338772738636,16384,2014-12-31,9.269928574751064e-18,9.269928574751064e-18,-0.0428886032415404,0.0308315969274708,2015-01-16,2015-01-19,0.0032973938282431,0.0143327873157957,0.0173320969672537,-4.228244619112478,0,0.002999309651458,65536,2014-12-31,1.11829524861249e-17,1.11829524861249e-17,-0.0470981836065055,0.0329460076692979,0.005500105608957284,0.002553887252398244,0.004999769072782989
2015-01-15,2015-01-16,2015-01-19,funded_assets,USD,0.95,IN_TCOP1250,USD,0.0032536982723604,0.0095146236794817,0.0125180669998491,-4.620511000525326,0,0.0030034433203674,16384,2014-12-31,9.269928574751064e-18,9.269928574751064e-18,-0.0429702999678357,0.0307818908925056,2015-01-16,2015-01-19,0.0032536982723604,0.0094793191702166,0.012546561312603,-4.622777398469875,0,0.0030672421423864,65536,2014-12-31,1.11829524861249e-17,1.11829524861249e-17,-0.0472962917984173,0.0332969489071488,0.0037243718278866405,0.0022710854427720455,0.00226639794454897
2015-01-15,2015-01-16,2015-01-19,funded_assets,USD,0.99,IN_TCOP1250,USD,0.0032536982723604,0.0142323466643983,0.0172574729041245,-4.23480371526201,0,0.0030251262397262,16384,2014-12-31,9.269928574751064e-18,9.269928574751064e-18,-0.0429702999678357,0.0307818908925056,2015-01-16,2015-01-19,0.0032536982723604,0.0143151818051492,0.0173015579140588,-4.229566081384322,0,0.0029863761089095,65536,2014-12-31,1.11829524861249e-17,1.11829524861249e-17,-0.0472962917984173,0.0332969489071488,0.005786523837308472,0.0025480370122321085,0.005237633877688275
2015-01-15,2015-01-16,2015-01-19,net_cashflows,EUR,0.95,IN_TCOP1250,USD,-0.0015854274822191,0.0107510242386767,0.0144485683122914,-4.493070706398784,0,0.0036975440736146,16384,2014-12-31,9.269928574751064e-18,9.269928574751064e-18,-0.0307034604372729,0.040481765842445,2015-01-16,2015-01-19,-0.0015854274822191,0.0108498161384967,0.014440333012918,-4.486375102812459,0,0.0035905168744212,65536,2014-12-31,1.11829524861249e-17,1.11829524861249e-17,-0.0324190420396874,0.0408734696732722,0.009105398520945697,0.000570298438826359,0.006695603586325483
2015-01-15,2015-01-16,2015-01-19,net_cashflows,EUR,0.99,IN_TCOP1250,USD,-0.0015854274822191,0.0164802647060742,0.0201107451904324,-4.08702543385826,0,0.0036304804843582,16384,2014-12-31,9.269928574751064e-18,9.269928574751064e-18,-0.0307034604372729,0.040481765842445,2015-01-16,2015-01-19,-0.0015854274822191,0.0164193262762222,0.0202184968058483,-4.089063096961782,0,0.0037991705296261,65536,2014-12-31,1.11829524861249e-17,1.11829524861249e-17,-0.0324190420396874,0.0408734696732722,0.0037113843057159862,0.005329358381614911,0.002037663103521936
2015-01-15,2015-01-16,2015-01-19,net_cashflows,USD,0.95,IN_TCOP1250,USD,-0.001569221656365,0.0108260140742697,0.0145564030835358,-4.485995653570708,0,0.003730389009266,16384,2014-12-31,9.269928574751064e-18,9.269928574751064e-18,-0.0300255403983381,0.0407362755932901,2015-01-16,2015-01-19,-0.001569221656365,0.0109075349469743,0.0145514522618657,-4.480480536622745,0,0.0036439173148914,65536,2014-12-31,1.11829524861249e-17,1.11829524861249e-17,-0.0320873878695926,0.0417124173386751,0.007473812653445858,0.0003402286988958821,0.005515116947962362
2015-01-15,2015-01-16,2015-01-19,net_cashflows,USD,0.99,IN_TCOP1250,USD,-0.001569221656365,0.016722319079172,0.0203213257590891,-4.073189329776955,0,0.0035990066799171,16384,2014-12-31,9.269928574751064e-18,9.269928574751064e-18,-0.0300255403983381,0.0407362755932901,2015-01-16,2015-01-19,-0.001569221656365,0.0166004490602719,0.020424814919171,-4.078245850980945,0,0.003824365858899,65536,2014-12-31,1.11829524861249e-17,1.11829524861249e-17,-0.0320873878695926,0.0417124173386751,0.007341368806206693,0.005066834656345629,0.0050565212039899166
2015-01-15,2015-01-16,2015-01-19,funded_assets,EUR,0.95,IN_FHS1250,GBP,0.0032973938282431,0.0130657086278049,0.0172853042835946,-4.302013231630896,0,0.0042195956557896,1249,2014-12-31,8.917562868693274e-18,8.917562868693274e-18,-0.0491279637293331,0.0304551185453313,2015-01-16,2015-01-19,0.0032973938282431,0.0130657086278049,0.0172853042835946,-4.302013231630896,0,0.0042195956557896,1249,2014-12-31,8.917562868693274e-18,8.917562868693274e-18,-0.0491279637293331,0.0304551185453313,0.0,0.0,0.0
2015-01-15,2015-01-16,2015-01-19,funded_assets,EUR,0.99,IN_FHS1250,GBP,0.0032973938282431,0.0208901909858096,0.0244209633074604,-3.8568929314549214,0,0.0035307723216508,1249,2014-12-31,8.917562868693274e-18,8.917562868693274e-18,-0.0491279637293331,0.0304551185453313,2015-01-16,2015-01-19,0.0032973938282431,0.0208901909858096,0.0244209633074604,-3.8568929314549214,0,0.0035307723216508,1249,2014-12-31,8.917562868693274e-18,8.917562868693274e-18,-0.0491279637293331,0.0304551185453313,0.0,0.0,0.0
2015-01-15,2015-01-16,2015-01-19,funded_assets,USD,0.95,IN_FHS1250,GBP,0.0032536982723604,0.0129053902955954,0.0173062691797698,-4.310980374345341,0,0.0044008788841744,1249,2014-12-31,8.917562868693274e-18,8.917562868693274e-18,-0.0488073199940741,0.030155596100789,2015-01-16,2015-01-19,0.0032536982723604,0.0129053902955954,0.0173062691797698,-4.310980374345341,0,0.0044008788841744,1249,2014-12-31,8.917562868693274e-18,8.917562868693274e-18,-0.0488073199940741,0.030155596100789,0.0,0.0,0.0
2015-01-15,2015-01-16,2015-01-19,funded_assets,USD,0.99,IN_FHS1250,GBP,0.0032536982723604,0.0209772253288579,0.0244848066168535,-3.85295791321074,0,0.0035075812879955,1249,2014-12-31,8.917562868693274e-18,8.917562868693274e-18,-0.0488073199940741,0.030155596100789,2015-01-16,2015-01-19,0.0032536982723604,0.0209772253288579,0.0244848066168535,-3.85295791321074,0,0.0035075812879955,1249,2014-12-31,8.917562868693274e-18,8.917562868693274e-18,-0.0488073199940741,0.030155596100789,0.0,0.0,0.0
2015-01-15,2015-01-16,2015-01-19,net_cashflows,EUR,0.95,IN_FHS1250,GBP,-0.0015854274822191,0.0128462317961261,0.017009066704186,-4.318750853542457,0,0.0041628349080598,1249,2014-12-31,8.917562868693274e-18,8.917562868693274e-18,-0.0254333315357995,0.0332700919344103,2015-01-16,2015-01-19,-0.0015854274822191,0.0128462317961261,0.017009066704186,-4.318750853542457,0,0.0041628349080598,1249,2014-12-31,8.917562868693274e-18,8.917562868693274e-18,-0.0254333315357995,0.0332700919344103,0.0,0.0,0.0
2015-01-15,2015-01-16,2015-01-19,net_cashflows,EUR,0.99,IN_FHS1250,GBP,-0.0015854274822191,0.0191657299800904,0.023521721033596,-3.935021135730748,0,0.0043559910535056,1249,2014-12-31,8.917562868693274e-18,8.917562868693274e-18,-0.0254333315357995,0.0332700919344103,2015-01-16,2015-01-19,-0.0015854274822191,0.0191657299800904,0.023521721033596,-3.935021135730748,0,0.0043559910535056,1249,2014-12-31,8.917562868693274e-18,8.917562868693274e-18,-0.0254333315357995,0.0332700919344103,0.0,0.0,0.0
2015-01-15,2015-01-16,2015-01-19,net_cashflows,USD,0.95,IN_FHS1250,GBP,-0.001569221656365,0.0128168352039116,0.0170389794846218,-4.320044909193729,0,0.0042221442807102,1249,2014-12-31,8.917562868693274e-18,8.917562868693274e-18,-0.0251729335572341,0.0330490502240468,2015-01-16,2015-01-19,-0.001569221656365,0.0128168352039116,0.0170389794846218,-4.320044909193729,0,0.0042221442807102,1249,2014-12-31,8.917562868693274e-18,8.917562868693274e-18,-0.0251729335572341,0.0330490502240468,0.0,0.0,0.0
2015-01-15,2015-01-16,2015-01-19,net_cashflows,USD,0.99,IN_FHS1250,GBP,-0.001569221656365,0.0193815876771333,0.023614757643717,-3.9251429519956784,0,0.0042331699665837,1249,2014-12-31,8.917562868693274e-18,8.917562868693274e-18,-0.0251729335572341,0.0330490502240468,2015-01-16,2015-01-19,-0.001569221656365,0.0193815876771333,0.023614757643717,-3.9251429519956784,0,0.0042331699665837,1249,2014-12-31,8.917562868693274e-18,8.917562868693274e-18,-0.0251729335572341,0.0330490502240468,0.0,0.0,0.0
2015-01-15,2015-01-16,2015-01-19,funded_assets,EUR,0.95,IN_TCOP1250,GBP,0.0032973938282431,0.0131525890458098,0.0171171750204429,-4.299287434759536,0,0.0039645859746331,16384,2014-12-31,1.227858960339834e-17,1.227858960339834e-17,-0.0666613733895718,0.0347247681913844,2015-01-16,2015-01-19,0.0032973938282431,0.0132338071229344,0.0171560892475199,-4.294025432707144,0,0.0039222821245854,65536,2014-12-31,1.3105293759918536e-17,1.3105293759918536e-17,-0.0666613733895718,0.0489574012590254,0.006137166453321572,0.002268245782332127,0.005262002052391246
2015-01-15,2015-01-16,2015-01-19,funded_assets,EUR,0.99,IN_TCOP1250,GBP,0.0032973938282431,0.0195063661686906,0.0233696827758842,-3.9216288858781008,0,0.0038633166071935,16384,2014-12-31,1.227858960339834e-17,1.227858960339834e-17,-0.0666613733895718,0.0347247681913844,2015-01-16,2015-01-19,0.0032973938282431,0.0195696207132619,0.0233054493659731,-3.919366570714069,0,0.0037358286527112,65536,2014-12-31,1.3105293759918536e-17,1.3105293759918536e-17,-0.0666613733895718,0.0489574012590254,0.0032322826026175222,0.0027561541038072343,0.0022623151640317474
2015-01-15,2015-01-16,2015-01-19,funded_assets,USD,0.95,IN_TCOP1250,GBP,0.0032536982723604,0.0131785594623484,0.0171622984938221,-4.29716178175592,0,0.0039837390314736,16384,2014-12-31,1.227858960339834e-17,1.227858960339834e-17,-0.0650447826037487,0.0347776287334842,2015-01-16,2015-01-19,0.0032536982723604,0.0132413716531232,0.0171978677958408,-4.293027232855588,0,0.0039564961427176,65536,2014-12-31,1.3105293759918536e-17,1.3105293759918536e-17,-0.0650447826037487,0.0492855375130972,0.0047436317339513735,0.002068239065502243,0.004134548900331936
2015-01-15,2015-01-16,2015-01-19,funded_assets,USD,0.99,IN_TCOP1250,GBP,0.0032536982723604,0.0196786375140719,0.0234859851397793,-3.9134628849078945,0,0.0038073476257074,16384,2014-12-31,1.227858960339834e-17,1.227858960339834e-17,-0.0650447826037487,0.0347776287334842,2015-01-16,2015-01-19,0.0032536982723604,0.0196619746228623,0.0234228736562806,-3.914607454721592,0,0.0037608990334182,65536,2014-12-31,1.3105293759918536e-17,1.3105293759918536e-17,-0.0650447826037487,0.0492855375130972,0.0008474678423307867,0.002694438113138088,0.0011445698136975935
2015-01-15,2015-01-16,2015-01-19,net_cashflows,EUR,0.95,IN_TCOP1250,GBP,-0.0015854274822191,0.0128543225991983,0.0168303749037391,-4.320812641351366,0,0.0039760523045408,16384,2014-12-31,1.227858960339834e-17,1.227858960339834e-17,-0.0316494701139924,0.0437092116871984,2015-01-16,2015-01-19,-0.0015854274822191,0.0128543183430686,0.0168442676084287,-4.320617707051751,0,0.00398994926536,65536,2014-12-31,1.3105293759918536e-17,1.3105293759918536e-17,-0.0377993944938987,0.0437092116871984,3.311050486552053e-07,0.0008247734489000894,0.00019493429961503494
2015-01-15,2015-01-16,2015-01-19,net_cashflows,EUR,0.99,IN_TCOP1250,GBP,-0.0015854274822191,0.0190679471738813,0.0231603902953802,-3.942011867390351,0,0.0040924431214989,16384,2014-12-31,1.227858960339834e-17,1.227858960339834e-17,-0.0316494701139924,0.0437092116871984,2015-01-16,2015-01-19,-0.0015854274822191,0.0191348808453349,0.0233059147999105,-3.938016997382473,0,0.0041710339545755,65536,2014-12-31,1.3105293759918536e-17,1.3105293759918536e-17,-0.0377993944938987,0.0437092116871984,0.0034979925924084197,0.006244101799035984,0.003994870007878237
2015-01-15,2015-01-16,2015-01-19,net_cashflows,USD,0.95,IN_TCOP1250,GBP,-0.001569221656365,0.0128951869776644,0.0168934539868636,-4.317504590277183,0,0.0039982670091992,16384,2014-12-31,1.227858960339834e-17,1.227858960339834e-17,-0.0305200874713087,0.044898911935388,2015-01-16,2015-01-19,-0.001569221656365,0.0128921304736383,0.0169058877785193,-4.317511046922936,0,0.004013757304881,65536,2014-12-31,1.3105293759918536e-17,1.3105293759918536e-17,-0.0378141548587363,0.044898911935388,0.00023708292685602463,0.0007354710866764985,6.456645753161183e-06
2015-01-15,2015-01-16,2015-01-19,net_cashflows,USD,0.99,IN_TCOP1250,GBP,-0.001569221656365,0.0191060500276806,0.023296736499367,-3.939324976312713,0,0.0041906864716863,16384,2014-12-31,1.227858960339834e-17,1.227858960339834e-17,-0.0305200874713087,0.044898911935388,2015-01-16,2015-01-19,-0.001569221656365,0.0191799197955668,0.0234239317328691,-3.9351797872653034,0,0.0042440119373023,65536,2014-12-31,1.3105293759918536e-17,1.3105293759918536e-17,-0.0378141548587363,0.044898911935388,0.0038514117198380497,0.0054301402067192615,0.00414518904740957
2015-01-15,2015-01-16,2015-01-19,funded_assets,EUR,0.95,IN_FHS1250,JPY,0.0032973938282431,0.010042071302557,0.013984718430536,-4.551715471231113,0,0.003942647127979,1249,2014-12-31,6.001228431296718e-18,6.001228431296718e-18,-0.0545455425782407,0.0316273806447932,2015-01-16,2015-01-19,0.0032973938282431,0.010042071302557,0.013984718430536,-4.551715471231113,0,0.003942647127979,1249,2014-12-31,6.001228431296718e-18,6.001228431296718e-18,-0.0545455425782407,0.0316273806447932,0.0,0.0,0.0
2015-01-15,2015-01-16,2015-01-19,funded_assets,EUR,0.99,IN_FHS1250,JPY,0.0032973938282431,0.0156804734713939,0.0204210034696249,-4.123331240384129,0,0.004740529998231,1249,2014-12-31,6.001228431296718e-18,6.001228431296718e-18,-0.0545455425782407,0.0316273806447932,2015-01-16,2015-01-19,0.0032973938282431,0.0156804734713939,0.0204210034696249,-4.123331240384129,0,0.004740529998231,1249,2014-12-31,6.001228431296718e-18,6.001228431296718e-18,-0.0545455425782407,0.0316273806447932,0.0,0.0,0.0
2015-01-15,2015-01-16,2015-01-19,funded_assets,USD,0.95,IN_FHS1250,JPY,0.0032536982723604,0.0099980732102348,0.0140520935147961,-4.55348327238352,0,0.0040540203045613,1249,2014-12-31,6.001228431296718e-18,6.001228431296718e-18,-0.0542536405717635,0.0312606760426288,2015-01-16,2015-01-19,0.0032536982723604,0.0099980732102348,0.0140520935147961,-4.55348327238352,0,0.0040540203045613,1249,2014-12-31,6.001228431296718e-18,6.001228431296718e-18,-0.0542536405717635,0.0312606760426288,0.0,0.0,0.0
2015-01-15,2015-01-16,2015-01-19,funded_assets,USD,0.99,IN_FHS1250,JPY,0.0032536982723604,0.0158457734136684,0.0205787081844925,-4.113490151777924,0,0.004732934770824,1249,2014-12-31,6.001228431296718e-18,6.001228431296718e-18,-0.0542536405717635,0.0312606760426288,2015-01-16,2015-01-19,0.0032536982723604,0.0158457734136684,0.0205787081844925,-4.113490151777924,0,0.004732934770824,1249,2014-12-31,6.001228431296718e-18,6.001228431296718e-18,-0.0542536405717635,0.0312606760426288,0.0,0.0,0.0
2015-01-15,2015-01-16,2015-01-19,net_cashflows,EUR,0.95,IN_FHS1250,JPY,-0.0015854274822191,0.0098615572514388,0.013422121106399,-4.576126899896299,0,0.0035605638549601,1249,2014-12-31,6.001228431296718e-18,6.001228431296718e-18,-0.0274447814401917,0.0368981630627754,2015-01-16,2015-01-19,-0.0015854274822191,0.0098615572514388,0.013422121106399,-4.576126899896299,0,0.0035605638549601,1249,2014-12-31,6.001228431296718e-18,6.001228431296718e-18,-0.0274447814401917,0.0368981630627754,0.0,0.0,0.0
2015-01-15,2015-01-16,2015-01-19,net_cashflows,EUR,0.99,IN_FHS1250,JPY,-0.0015854274822191,0.014863171489504,0.0192768782276909,-4.177812691875428,0,0.0044137067381868,1249,2014-12-31,6.001228431296718e-18,6.001228431296718e-18,-0.0274447814401917,0.0368981630627754,2015-01-16,2015-01-19,-0.0015854274822191,0.014863171489504,0.0192768782276909,-4.177812691875428,0,0.0044137067381868,1249,2014-12-31,6.001228431296718e-18,6.001228431296718e-18,-0.0274447814401917,0.0368981630627754,0.0,0.0,0.0
2015-01-15,2015-01-16,2015-01-19,net_cashflows,USD,0.95,IN_FHS1250,JPY,-0.001569221656365,0.0097995446817878,0.0134918861092055,-4.579338059924569,0,0.0036923414274177,1249,2014-12-31,6.001228431296718e-18,6.001228431296718e-18,-0.0271083586536372,0.0367050518504335,2015-01-16,2015-01-19,-0.001569221656365,0.0097995446817878,0.0134918861092055,-4.579338059924569,0,0.0036923414274177,1249,2014-12-31,6.001228431296718e-18,6.001228431296718e-18,-0.0271083586536372,0.0367050518504335,0.0,0.0,0.0
2015-01-15,2015-01-16,2015-01-19,net_cashflows,USD,0.99,IN_FHS1250,JPY,-0.001569221656365,0.0151342452452913,0.0194503820459371,-4.161793554961976,0,0.0043161368006457,1249,2014-12-31,6.001228431296718e-18,6.001228431296718e-18,-0.0271083586536372,0.0367050518504335,2015-01-16,2015-01-19,-0.001569221656365,0.0151342452452913,0.0194503820459371,-4.161793554961976,0,0.0043161368006457,1249,2014-12-31,6.001228431296718e-18,6.001228431296718e-18,-0.0271083586536372,0.0367050518504335,0.0,0.0,0.0
2015-01-15,2015-01-16,2015-01-19,funded_assets,EUR,0.95,IN_TCOP1250,JPY,0.0032973938282431,0.0107259505548693,0.0139644375160115,-4.503150947246241,0,0.0032384869611421,16384,2014-12-31,1.0347354483658533e-17,1.0347354483658533e-17,-0.0574273488234249,0.0323138872677465,2015-01-16,2015-01-19,0.0032973938282431,0.0107837123988509,0.0140002483894066,-4.498428701956895,0,0.0032165359905556,65536,2014-12-31,1.1052085895774112e-17,1.1052085895774112e-17,-0.0574273488234249,0.0472926189321993,0.005356396929479949,0.0025578741461613342,0.004722245289346283
2015-01-15,2015-01-16,2015-01-19,funded_assets,EUR,0.99,IN_TCOP1250,JPY,0.0032973938282431,0.0158520761177461,0.0192826054435299,-4.126459838819262,0,0.0034305293257837,16384,2014-12-31,1.0347354483658533e-17,1.0347354483658533e-17,-0.0574273488234249,0.0323138872677465,2015-01-16,2015-01-19,0.0032973938282431,0.0157613561839197,0.0193137736659834,-4.130868593081674,0,0.0035524174820636,65536,2014-12-31,1.1052085895774112e-17,1.1052085895774112e-17,-0.0574273488234249,0.0472926189321993,0.005755845675193666,0.0016137821117989766,0.004408754262412273
2015-01-15,2015-01-16,2015-01-19,funded_assets,USD,0.95,IN_TCOP1250,JPY,0.0032536982723604,0.0107350365794034,0.0140257810733441,-4.50147925973315,0,0.0032907444939407,16384,2014-12-31,1.0347354483658533e-17,1.0347354483658533e-17,-0.0557455132096394,0.0326760821328777,2015-01-16,2015-01-19,0.0032536982723604,0.0107990944589566,0.0140575066094048,-4.496390361958706,0,0.0032584121504481,65536,2014-12-31,1.1052085895774112e-17,1.1052085895774112e-17,-0.0557455132096394,0.0487301795081201,0.005931782502381189,0.002256839490971729,0.005088897774444767
2015-01-15,2015-01-16,2015-01-19,funded_assets,USD,0.99,IN_TCOP1250,JPY,0.0032536982723604,0.0159280216783637,0.0194117522405457,-4.1213416337246365,0,0.0034837305621819,16384,2014-12-31,1.0347354483658533e-17,1.0347354483658533e-17,-0.0557455132096394,0.0326760821328777,2015-01-16,2015-01-19,0.0032536982723604,0.0158602531292499,0.0194555050704539,-4.124418766662371,0,0.0035952519412039,65536,2014-12-31,1.1052085895774112e-17,1.1052085895774112e-17,-0.0557455132096394,0.0487301795081201,0.004272854194793292,0.002248866310576922,0.0030771329377348167
2015-01-15,2015-01-16,2015-01-19,net_cashflows,EUR,0.95,IN_TCOP1250,JPY,-0.0015854274822191,0.0102843427713028,0.0136697236042071,-4.540227245100809,0,0.0033853808329043,16384,2014-12-31,1.0347354483658533e-17,1.0347354483658533e-17,-0.037662833018758,0.0311146019502759,2015-01-16,2015-01-19,-0.0015854274822191,0.010236650728469,0.0136994120742186,-4.5431695112918975,0,0.0034627613457495,65536,2014-12-31,1.1052085895774112e-17,1.1052085895774112e-17,-0.037662833018758,0.0508580762381668,0.004658949894731055,0.0021671346077231962,0.002942266191088727
2015-01-15,2015-01-16,2015-01-19,net_cashflows,EUR,0.99,IN_TCOP1250,JPY,-0.0015854274822191,0.0157712322419979,0.0192291448086585,-4.131154835512854,0,0.0034579125666605,16384,2014-12-31,1.0347354483658533e-17,1.0347354483658533e-17,-0.037662833018758,0.0311146019502759,2015-01-16,2015-01-19,-0.0015854274822191,0.0157202698628842,0.0194308216564456,-4.131856894604299,0,0.0037105517935613,65536,2014-12-31,1.1052085895774112e-17,1.1052085895774112e-17,-0.037662833018758,0.0508580762381668,0.003241825971068305,0.010379223861601266,0.0007020590914450509
2015-01-15,2015-01-16,2015-01-19,net_cashflows,USD,0.95,IN_TCOP1250,JPY,-0.001569221656365,0.0103114549692863,0.0137791368447057,-4.536261416947529,0,0.0034676818754194,16384,2014-12-31,1.0347354483658533e-17,1.0347354483658533e-17,-0.0353734734111778,0.0314678980783712,2015-01-16,2015-01-19,-0.001569221656365,0.0102934989769197,0.0138093013945583,-4.537009589141211,0,0.0035158024176385,65536,2014-12-31,1.1052085895774112e-17,1.1052085895774112e-17,-0.0354782706042665,0.0515574207273847,0.0017444012387684412,0.0021843646532681803,0.0007481721936821728
2015-01-15,2015-01-16,2015-01-19,net_cashflows,USD,0.99,IN_TCOP1250,JPY,-0.001569221656365,0.0159254472614229,0.0194691708673097,-4.120940227067326,0,0.0035437236058867,16384,2014-12-31,1.0347354483658533e-17,1.0347354483658533e-17,-0.0353734734111778,0.0314678980783712,2015-01-16,2015-01-19,-0.001569221656365,0.015862414364396,0.0196760217929495,-4.1221745974197255,0,0.0038136074285535,65536,2014-12-31,1.1052085895774112e-17,1.1052085895774112e-17,-0.0354782706042665,0.0515574207273847,0.003973726544956411,0.01051284288137553,0.0012343703523995941
2015-01-15,2015-01-16,2015-01-19,funded_assets,EUR,0.95,IN_FHS1250,CHF,0.0032973938282431,0.0892105584065664,0.1108949381877796,-2.3947118805227214,0,0.0216843797812132,1249,2014-12-31,5.898059818321144e-17,5.898059818321144e-17,-0.1987431815612315,0.1949575864151259,2015-01-16,2015-01-19,0.0032973938282431,0.0892105584065664,0.1108949381877796,-2.3947118805227214,0,0.0216843797812132,1249,2014-12-31,5.898059818321144e-17,5.898059818321144e-17,-0.1987431815612315,0.1949575864151259,0.0,0.0,0.0
2015-01-15,2015-01-16,2015-01-19,funded_assets,EUR,0.99,IN_FHS1250,CHF,0.0032973938282431,0.1262498021448752,0.1492255380549834,-2.056262953378719,0,0.0229757359101081,1249,2014-12-31,5.898059818321144e-17,5.898059818321144e-17,-0.1987431815612315,0.1949575864151259,2015-01-16,2015-01-19,0.0032973938282431,0.1262498021448752,0.1492255380549834,-2.056262953378719,0,0.0229757359101081,1249,2014-12-31,5.898059818321144e-17,5.898059818321144e-17,-0.1987431815612315,0.1949575864151259,0.0,0.0,0.0
2015-01-15,2015-01-16,2015-01-19,funded_assets,USD,0.95,IN_FHS1250,CHF,0.0032536982723604,0.0947406527566028,0.1318197578868994,-2.307606159943376,0,0.0370791051302965,1249,2014-12-31,5.898059818321144e-17,5.898059818321144e-17,-0.192767395421123,0.3042681945060403,2015-01-16,2015-01-19,0.0032536982723604,0.0947406527566028,0.1318197578868994,-2.307606159943376,0,0.0370791051302965,1249,2014-12-31,5.898059818321144e-17,5.898059818321144e-17,-0.192767395421123,0.3042681945060403,0.0,0.0,0.0
2015-01-15,2015-01-16,2015-01-19,funded_assets,USD,0.99,IN_FHS1250,CHF,0.0032536982723604,0.1487307670254401,0.2111614127306161,-1.8507861143075537,0,0.062430645705176,1249,2014-12-31,5.898059818321144e-17,5.898059818321144e-17,-0.192767395421123,0.3042681945060403,2015-01-16,2015-01-19,0.0032536982723604,0.1487307670254401,0.2111614127306161,-1.8507861143075537,0,0.062430645705176,1249,2014-12-31,5.898059818321144e-17,5.898059818321144e-17,-0.192767395421123,0.3042681945060403,0.0,0.0,0.0
2015-01-15,2015-01-16,2015-01-19,net_cashflows,EUR,0.95,IN_FHS1250,CHF,-0.0015854274822191,0.0201374461434242,0.0285833911201232,-3.850413817984664,0,0.008445944976699,1249,2014-12-31,5.898059818321144e-17,5.898059818321144e-17,-0.0678392359948755,0.0702303779745737,2015-01-16,2015-01-19,-0.0015854274822191,0.0201374461434242,0.0285833911201232,-3.850413817984664,0,0.008445944976699,1249,2014-12-31,5.898059818321144e-17,5.898059818321144e-17,-0.0678392359948755,0.0702303779745737,0.0,0.0,0.0
2015-01-15,2015-01-16,2015-01-19,net_cashflows,EUR,0.99,IN_FHS1250,CHF,-0.0015854274822191,0.0323886260159925,0.0424314189561353,-3.3965491169403106,0,0.0100427929401428,1249,2014-12-31,5.898059818321144e-17,5.898059818321144e-17,-0.0678392359948755,0.0702303779745737,2015-01-16,2015-01-19,-0.0015854274822191,0.0323886260159925,0.0424314189561353,-3.3965491169403106,0,0.0100427929401428,1249,2014-12-31,5.898059818321144e-17,5.898059818321144e-17,-0.0678392359948755,0.0702303779745737,0.0,0.0,0.0
2015-01-15,2015-01-16,2015-01-19,net_cashflows,USD,0.95,IN_FHS1250,CHF,-0.001569221656365,0.0200665062156899,0.0282654953832799,-3.8561840612952354,0,0.00819898916759,1249,2014-12-31,5.898059818321144e-17,5.898059818321144e-17,-0.0666846681482036,0.0701696326446671,2015-01-16,2015-01-19,-0.001569221656365,0.0200665062156899,0.0282654953832799,-3.8561840612952354,0,0.00819898916759,1249,2014-12-31,5.898059818321144e-17,5.898059818321144e-17,-0.0666846681482036,0.0701696326446671,0.0,0.0,0.0
2015-01-15,2015-01-16,2015-01-19,net_cashflows,USD,0.99,IN_FHS1250,CHF,-0.001569221656365,0.0314716188014628,0.0412805237495199,-3.424980276769467,0,0.0098089049480571,1249,2014-12-31,5.898059818321144e-17,5.898059818321144e-17,-0.0666846681482036,0.0701696326446671,2015-01-16,2015-01-19,-0.001569221656365,0.0314716188014628,0.0412805237495199,-3.424980276769467,0,0.0098089049480571,1249,2014-12-31,5.898059818321144e-17,5.898059818321144e-17,-0.0666846681482036,0.0701696326446671,0.0,0.0,0.0
2015-01-15,2015-01-16,2015-01-19,funded_assets,EUR,0.95,IN_TCOP1250,CHF,0.0032973938282431,0.0889213581995673,0.1126751326497646,-2.394063009591178,0,0.0237537744501972,16384,2014-12-31,5.377642775528102e-17,5.377642775528102e-17,-0.2689429396221324,0.2209616327712948,2015-01-16,2015-01-19,0.0032973938282431,0.0887100915746059,0.1126530885147299,-2.395979616922131,0,0.023942996940124,65536,2014-12-31,6.93889390390723e-17,6.93889390390723e-17,-0.2689429396221324,0.2356253471809405,0.002381539926421187,0.00019568158605631227,0.0019166073309526688
2015-01-15,2015-01-16,2015-01-19,funded_assets,EUR,0.99,IN_TCOP1250,CHF,0.0032973938282431,0.1268669908452099,0.1469413692956236,-2.05433650633461,0,0.0200743784504137,16384,2014-12-31,5.377642775528102e-17,5.377642775528102e-17,-0.2689429396221324,0.2209616327712948,2015-01-16,2015-01-19,0.0032973938282431,0.1281842811146312,0.1470111245107575,-2.045311091224647,0,0.0188268433961262,65536,2014-12-31,6.93889390390723e-17,6.93889390390723e-17,-0.2689429396221324,0.2356253471809405,0.010276535141179328,0.00047448936511475384,0.00902541510996313
2015-01-15,2015-01-16,2015-01-19,funded_assets,USD,0.95,IN_TCOP1250,CHF,0.0032536982723604,0.0973022214853697,0.1273688163066083,-2.2967276452066847,0,0.0300665948212386,16384,2014-12-31,5.377642775528102e-17,5.377642775528102e-17,-0.2422559221840722,0.3118199462870183,2015-01-16,2015-01-19,0.0032536982723604,0.0972265835874827,0.1274711155042356,-2.2971312515354727,0,0.0302445319167528,65536,2014-12-31,6.93889390390723e-17,6.93889390390723e-17,-0.2440352628040513,0.3367734152093241,0.0007779549079695141,0.0008025284569185743,0.0004036063287879976
2015-01-15,2015-01-16,2015-01-19,funded_assets,USD,0.99,IN_TCOP1250,CHF,0.0032536982723604,0.146395735448454,0.1726954562011482,-1.9085151976198904,0,0.0262997207526941,16384,2014-12-31,5.377642775528102e-17,5.377642775528102e-17,-0.2422559221840722,0.3118199462870183,2015-01-16,2015-01-19,0.0032536982723604,0.1465778668043572,0.1726972606440083,-1.907458978415724,0,0.0261193938396511,65536,2014-12-31,6.93889390390723e-17,6.93889390390723e-17,-0.2440352628040513,0.3367734152093241,0.0012425570099631425,1.0448589939266321e-05,0.0010562192041663199
2015-01-15,2015-01-16,2015-01-19,net_cashflows,EUR,0.95,IN_TCOP1250,CHF,-0.0015854274822191,0.0206456605169226,0.0278584949576886,-3.839527029000094,0,0.0072128344407659,16384,2014-12-31,5.377642775528102e-17,5.377642775528102e-17,-0.062826525508084,0.0729634845114998,2015-01-16,2015-01-19,-0.0015854274822191,0.0207113646501873,0.0279406246714231,-3.836410088771245,0,0.0072292600212357,65536,2014-12-31,6.93889390390723e-17,6.93889390390723e-17,-0.0758693927977781,0.0965711061491155,0.003172371032736535,0.0029394372781686167,0.0031169402288488968
2015-01-15,2015-01-16,2015-01-19,net_cashflows,EUR,0.99,IN_TCOP1250,CHF,-0.0015854274822191,0.0321253697080352,0.0398442766439889,-3.416503374896275,0,0.0077189069359537,16384,2014-12-31,5.377642775528102e-17,5.377642775528102e-17,-0.062826525508084,0.0729634845114998,2015-01-16,2015-01-19,-0.0015854274822191,0.0322611168506584,0.0399109447381769,-3.412777121641817,0,0.0076498278875184,65536,2014-12-31,6.93889390390723e-17,6.93889390390723e-17,-0.0758693927977781,0.0965711061491155,0.004207763272784096,0.0016704213499668193,0.0037262532544581894
2015-01-15,2015-01-16,2015-01-19,net_cashflows,USD,0.95,IN_TCOP1250,CHF,-0.001569221656365,0.0201955497445774,0.0273350070219647,-3.860770753307976,0,0.0071394572773873,16384,2014-12-31,5.377642775528102e-17,5.377642775528102e-17,-0.054568226061389,0.074201080562311,2015-01-16,2015-01-19,-0.001569221656365,0.020406371882845,0.0274422905251133,-3.8520596330438734,0,0.0070359186422683,65536,2014-12-31,6.93889390390723e-17,6.93889390390723e-17,-0.0756460591480902,0.1149700294986078,0.010331191623770868,0.003909422322106233,0.00871112026410259
2015-01-15,2015-01-16,2015-01-19,net_cashflows,USD,0.99,IN_TCOP1250,CHF,-0.001569221656365,0.0316209223331135,0.0389288646124893,-3.4337448264448325,0,0.0073079422793758,16384,2014-12-31,5.377642775528102e-17,5.377642775528102e-17,-0.054568226061389,0.074201080562311,2015-01-16,2015-01-19,-0.001569221656365,0.031541542787127,0.0389749044840583,-3.4355590572379584,0,0.0074333616969312,65536,2014-12-31,6.93889390390723e-17,6.93889390390723e-17,-0.0756460591480902,0.1149700294986078,0.002516666560105411,0.0011812696446203402,0.001814230793125926
2015-01-15,2015-01-16,2015-01-19,funded_assets,EUR,0.95,IN_FHS_REF_POOL,ALL_FIVE,0.0032973938282431,0.0350469606305373,0.0659793493476033,-3.1872327191385965,0,0.0309323887170659,6245,2014-12-31,0.0,0.0,-0.1987431815612315,0.1949575864151259,2015-01-16,2015-01-19,0.0032973938282431,0.0350469606305373,0.0659793493476033,-3.1872327191385965,0,0.0309323887170659,6245,2014-12-31,0.0,0.0,-0.1987431815612315,0.1949575864151259,0.0,0.0,0.0
2015-01-15,2015-01-16,2015-01-19,funded_assets,EUR,0.99,IN_FHS_REF_POOL,ALL_FIVE,0.0032973938282431,0.0892105584065664,0.1108949381877796,-2.3947118805227214,0,0.0216843797812132,6245,2014-12-31,0.0,0.0,-0.1987431815612315,0.1949575864151259,2015-01-16,2015-01-19,0.0032973938282431,0.0892105584065664,0.1108949381877796,-2.3947118805227214,0,0.0216843797812132,6245,2014-12-31,0.0,0.0,-0.1987431815612315,0.1949575864151259,0.0,0.0,0.0
2015-01-15,2015-01-16,2015-01-19,funded_assets,USD,0.95,IN_FHS_REF_POOL,ALL_FIVE,0.0032536982723604,0.0360090592964096,0.072624775548637,-3.1266258072465387,0,0.0366157162522274,6245,2014-12-31,0.0,0.0,-0.192767395421123,0.3042681945060403,2015-01-16,2015-01-19,0.0032536982723604,0.0360090592964096,0.072624775548637,-3.1266258072465387,0,0.0366157162522274,6245,2014-12-31,0.0,0.0,-0.192767395421123,0.3042681945060403,0.0,0.0,0.0
2015-01-15,2015-01-16,2015-01-19,funded_assets,USD,0.99,IN_FHS_REF_POOL,ALL_FIVE,0.0032536982723604,0.0947406527566028,0.1318197578868994,-2.307606159943376,0,0.0370791051302965,6245,2014-12-31,0.0,0.0,-0.192767395421123,0.3042681945060403,2015-01-16,2015-01-19,0.0032536982723604,0.0947406527566028,0.1318197578868994,-2.307606159943376,0,0.0370791051302965,6245,2014-12-31,0.0,0.0,-0.192767395421123,0.3042681945060403,0.0,0.0,0.0
2015-01-15,2015-01-16,2015-01-19,net_cashflows,EUR,0.95,IN_FHS_REF_POOL,ALL_FIVE,-0.0015854274822191,0.0151906897602071,0.0216233994012404,-4.131467605749488,0,0.0064327096410332,6245,2014-12-31,0.0,0.0,-0.0678392359948755,0.0702303779745737,2015-01-16,2015-01-19,-0.0015854274822191,0.0151906897602071,0.0216233994012404,-4.131467605749488,0,0.0064327096410332,6245,2014-12-31,0.0,0.0,-0.0678392359948755,0.0702303779745737,0.0,0.0,0.0
2015-01-15,2015-01-16,2015-01-19,net_cashflows,EUR,0.99,IN_FHS_REF_POOL,ALL_FIVE,-0.0015854274822191,0.0250847510128939,0.0319157512683284,-3.6586878771875666,0,0.0068310002554344,6245,2014-12-31,0.0,0.0,-0.0678392359948755,0.0702303779745737,2015-01-16,2015-01-19,-0.0015854274822191,0.0250847510128939,0.0319157512683284,-3.6586878771875666,0,0.0068310002554344,6245,2014-12-31,0.0,0.0,-0.0678392359948755,0.0702303779745737,0.0,0.0,0.0
2015-01-15,2015-01-16,2015-01-19,net_cashflows,USD,0.95,IN_FHS_REF_POOL,ALL_FIVE,-0.001569221656365,0.0152508472410014,0.0215495702762233,-4.129689363463873,0,0.0062987230352218,6245,2014-12-31,0.0,0.0,-0.0666846681482036,0.0701696326446671,2015-01-16,2015-01-19,-0.001569221656365,0.0152508472410014,0.0215495702762233,-4.129689363463873,0,0.0062987230352218,6245,2014-12-31,0.0,0.0,-0.0666846681482036,0.0701696326446671,0.0,0.0,0.0
2015-01-15,2015-01-16,2015-01-19,net_cashflows,USD,0.99,IN_FHS_REF_POOL,ALL_FIVE,-0.001569221656365,0.0249754053902657,0.0315463928661337,-3.6645920281094,0,0.006570987475868,6245,2014-12-31,0.0,0.0,-0.0666846681482036,0.0701696326446671,2015-01-16,2015-01-19,-0.001569221656365,0.0249754053902657,0.0315463928661337,-3.6645920281094,0,0.006570987475868,6245,2014-12-31,0.0,0.0,-0.0666846681482036,0.0701696326446671,0.0,0.0,0.0
2015-01-15,2015-01-16,2015-01-19,funded_assets,EUR,0.95,IN_TCOP_REF_POOL,ALL_FIVE,0.0032973938282431,0.0347996973216354,0.0671467408609362,-3.182611505738484,0,0.0323470435393008,81920,2014-12-31,0.0,0.0,-0.2689429396221324,0.2209616327712948,2015-01-16,2015-01-19,0.0032973938282431,0.0346938230565177,0.0671665022918331,-3.184046023681273,0,0.0324726792353153,327680,2014-12-31,0.0,0.0,-0.2689429396221324,0.2356253471809405,0.003051674787907657,0.00029421557208750683,0.0014345179427888155
2015-01-15,2015-01-16,2015-01-19,funded_assets,EUR,0.99,IN_TCOP_REF_POOL,ALL_FIVE,0.0032973938282431,0.0889213581995673,0.1126751326497646,-2.394063009591178,0,0.0237537744501972,81920,2014-12-31,0.0,0.0,-0.2689429396221324,0.2209616327712948,2015-01-16,2015-01-19,0.0032973938282431,0.0887100915746059,0.1126530885147299,-2.395979616922131,0,0.023942996940124,327680,2014-12-31,0.0,0.0,-0.2689429396221324,0.2356253471809405,0.002381539926421187,0.00019568158605631227,0.0019166073309526688
2015-01-15,2015-01-16,2015-01-19,funded_assets,USD,0.95,IN_TCOP_REF_POOL,ALL_FIVE,0.0032536982723604,0.0356025329021602,0.0728076624380613,-3.130939762675609,0,0.037205129535901,81920,2014-12-31,0.0,0.0,-0.2422559221840722,0.3118199462870183,2015-01-16,2015-01-19,0.0032536982723604,0.0355959751512639,0.0728380923769026,-3.130816221835818,0,0.0372421172256387,327680,2014-12-31,0.0,0.0,-0.2440352628040513,0.3367734152093241,0.00018422731413969816,0.0004177750658794625,0.00012354083979104757
2015-01-15,2015-01-16,2015-01-19,funded_assets,USD,0.99,IN_TCOP_REF_POOL,ALL_FIVE,0.0032536982723604,0.0973022214853697,0.1273688163066083,-2.2967276452066847,0,0.0300665948212386,81920,2014-12-31,0.0,0.0,-0.2422559221840722,0.3118199462870183,2015-01-16,2015-01-19,0.0032536982723604,0.0972265835874827,0.1274711155042356,-2.2971312515354727,0,0.0302445319167528,327680,2014-12-31,0.0,0.0,-0.2440352628040513,0.3367734152093241,0.0007779549079695141,0.0008025284569185743,0.0004036063287879976
2015-01-15,2015-01-16,2015-01-19,net_cashflows,EUR,0.95,IN_TCOP_REF_POOL,ALL_FIVE,-0.0015854274822191,0.0155665285917867,0.0216092245959884,-4.114270013240904,0,0.0060426960042016,81920,2014-12-31,0.0,0.0,-0.062826525508084,0.0729634845114998,2015-01-16,2015-01-19,-0.0015854274822191,0.0155714288543545,0.0216445343222992,-4.113586102420323,0,0.0060731054679446,327680,2014-12-31,0.0,0.0,-0.0758693927977781,0.0965711061491155,0.0003146957555169478,0.0016313460841900725,0.0006839108205811684
2015-01-15,2015-01-16,2015-01-19,net_cashflows,EUR,0.99,IN_TCOP_REF_POOL,ALL_FIVE,-0.0015854274822191,0.0251606294169542,0.0315000216025793,-3.659017454913255,0,0.006339392185625,81920,2014-12-31,0.0,0.0,-0.062826525508084,0.0729634845114998,2015-01-16,2015-01-19,-0.0015854274822191,0.0252776089574867,0.0314492114736484,-3.655621662864044,0,0.0061716025161616,327680,2014-12-31,0.0,0.0,-0.0758693927977781,0.0965711061491155,0.004627792950244746,0.0016156248932814525,0.0033957920492109217
2015-01-15,2015-01-16,2015-01-19,net_cashflows,USD,0.95,IN_TCOP_REF_POOL,ALL_FIVE,-0.001569221656365,0.0155719280237644,0.0214872234758347,-4.115590393594976,0,0.0059152954520703,81920,2014-12-31,0.0,0.0,-0.054568226061389,0.074201080562311,2015-01-16,2015-01-19,-0.001569221656365,0.0155593080769086,0.0215284083072627,-4.115648111802196,0,0.0059691002303541,327680,2014-12-31,0.0,0.0,-0.0756460591480902,0.1149700294986078,0.0008110866365921284,0.0019130458155657123,5.771820721989229e-05
2015-01-15,2015-01-16,2015-01-19,net_cashflows,USD,0.99,IN_TCOP_REF_POOL,ALL_FIVE,-0.001569221656365,0.0250027096185381,0.0311457456423013,-3.666312776314277,0,0.0061430360237632,81920,2014-12-31,0.0,0.0,-0.054568226061389,0.074201080562311,2015-01-16,2015-01-19,-0.001569221656365,0.025094402479194,0.0311178083925035,-3.663542813047161,0,0.0060234059133094,327680,2014-12-31,0.0,0.0,-0.0756460591480902,0.1149700294986078,0.003653916873769818,0.0008977897622293016,0.0027699632671160934
2015-01-16,2015-01-19,2015-01-20,funded_assets,EUR,0.95,HS1250,ALL_EQUIVARIANT,-0.0002756938054018,0.0072773080218551,0.0097212078891575,-4.884844186365896,0,0.0024438998673024,1249,2014-12-31,3.3068166260807885e-18,3.3068166260807885e-18,-0.0480071990023426,0.0205646951462876,2015-01-19,2015-01-20,-0.0002756938054018,0.0072773080218551,0.0097212078891575,-4.884844186365896,0,0.0024438998673024,1249,2014-12-31,3.3068166260807885e-18,3.3068166260807885e-18,-0.0480071990023426,0.0205646951462876,0.0,0.0,0.0
2015-01-16,2015-01-19,2015-01-20,funded_assets,EUR,0.99,HS1250,ALL_EQUIVARIANT,-0.0002756938054018,0.0109663742814851,0.0132458518232134,-4.4961607625789135,0,0.0022794775417283,1249,2014-12-31,3.3068166260807885e-18,3.3068166260807885e-18,-0.0480071990023426,0.0205646951462876,2015-01-19,2015-01-20,-0.0002756938054018,0.0109663742814851,0.0132458518232134,-4.4961607625789135,0,0.0022794775417283,1249,2014-12-31,3.3068166260807885e-18,3.3068166260807885e-18,-0.0480071990023426,0.0205646951462876,0.0,0.0,0.0
2015-01-16,2015-01-19,2015-01-20,funded_assets,USD,0.95,HS1250,ALL_EQUIVARIANT,-0.0002828147703249,0.0073832019423681,0.0098033346433133,-4.871900996067616,0,0.0024201327009452,1249,2014-12-31,3.3068166260807885e-18,3.3068166260807885e-18,-0.0476807556736499,0.0203512819840272,2015-01-19,2015-01-20,-0.0002828147703249,0.0073832019423681,0.0098033346433133,-4.871900996067616,0,0.0024201327009452,1249,2014-12-31,3.3068166260807885e-18,3.3068166260807885e-18,-0.0476807556736499,0.0203512819840272,0.0,0.0,0.0
2015-01-16,2015-01-19,2015-01-20,funded_assets,USD,0.99,HS1250,ALL_EQUIVARIANT,-0.0002828147703249,0.0111921647392261,0.0134005350105363,-4.4772578185350245,0,0.0022083702713101,1249,2014-12-31,3.3068166260807885e-18,3.3068166260807885e-18,-0.0476807556736499,0.0203512819840272,2015-01-19,2015-01-20,-0.0002828147703249,0.0111921647392261,0.0134005350105363,-4.4772578185350245,0,0.0022083702713101,1249,2014-12-31,3.3068166260807885e-18,3.3068166260807885e-18,-0.0476807556736499,0.0203512819840272,0.0,0.0,0.0
2015-01-16,2015-01-19,2015-01-20,net_cashflows,EUR,0.95,HS1250,ALL_EQUIVARIANT,-0.0029752741326333,0.0036624215590236,0.0058538882100273,-5.51501005173646,0,0.0021914666510037,1249,2014-12-31,3.3068166260807885e-18,3.3068166260807885e-18,-0.0174145363880673,0.0325408805856996,2015-01-19,2015-01-20,-0.0029752741326333,0.0036624215590236,0.0058538882100273,-5.51501005173646,0,0.0021914666510037,1249,2014-12-31,3.3068166260807885e-18,3.3068166260807885e-18,-0.0174145363880673,0.0325408805856996,0.0,0.0,0.0
2015-01-16,2015-01-19,2015-01-20,net_cashflows,EUR,0.99,HS1250,ALL_EQUIVARIANT,-0.0029752741326333,0.0064528529520965,0.0101876770593389,-4.953178550266577,0,0.0037348241072423,1249,2014-12-31,3.3068166260807885e-18,3.3068166260807885e-18,-0.0174145363880673,0.0325408805856996,2015-01-19,2015-01-20,-0.0029752741326333,0.0064528529520965,0.0101876770593389,-4.953178550266577,0,0.0037348241072423,1249,2014-12-31,3.3068166260807885e-18,3.3068166260807885e-18,-0.0174145363880673,0.0325408805856996,0.0,0.0,0.0
2015-01-16,2015-01-19,2015-01-20,net_cashflows,USD,0.95,HS1250,ALL_EQUIVARIANT,-0.0029694463941813,0.0036924235711941,0.0058760932421803,-5.508482454801152,0,0.0021836696709862,1249,2014-12-31,3.3068166260807885e-18,3.3068166260807885e-18,-0.0172221688343973,0.0323130672283502,2015-01-19,2015-01-20,-0.0029694463941813,0.0036924235711941,0.0058760932421803,-5.508482454801152,0,0.0021836696709862,1249,2014-12-31,3.3068166260807885e-18,3.3068166260807885e-18,-0.0172221688343973,0.0323130672283502,0.0,0.0,0.0
2015-01-16,2015-01-19,2015-01-20,net_cashflows,USD,0.99,HS1250,ALL_EQUIVARIANT,-0.0029694463941813,0.0065411952628783,0.010214483490626,-4.94356427636504,0,0.0036732882277476,1249,2014-12-31,3.3068166260807885e-18,3.3068166260807885e-18,-0.0172221688343973,0.0323130672283502,2015-01-19,2015-01-20,-0.0029694463941813,0.0065411952628783,0.010214483490626,-4.94356427636504,0,0.0036732882277476,1249,2014-12-31,3.3068166260807885e-18,3.3068166260807885e-18,-0.0172221688343973,0.0323130672283502,0.0,0.0,0.0
2015-01-16,2015-01-19,2015-01-20,funded_assets,EUR,0.95,EWMA_GAUSS,ALL_EQUIVARIANT,-0.0002756938054018,0.0180322984240097,0.0224186135479531,-3.9935187607679214,0,0.0043863151239433,16384,2014-12-31,1.1655173354219173e-17,1.1655173354219173e-17,-0.0446423984800614,0.0412371596003663,2015-01-19,2015-01-20,-0.0002756938054018,0.0179241023921246,0.0224221496748243,-3.9983133006970815,0,0.0044980472826996,65536,2014-12-31,1.1899118843028413e-17,1.1899118843028413e-17,-0.0518350701350822,0.0412371596003663,0.006036343104837356,0.00015770686229830386,0.004794539929160013
2015-01-16,2015-01-19,2015-01-20,funded_assets,EUR,0.99,EWMA_GAUSS,ALL_EQUIVARIANT,-0.0002756938054018,0.0252108884121148,0.0289284244770061,-3.671438693634293,0,0.0037175360648913,16384,2014-12-31,1.1655173354219173e-17,1.1655173354219173e-17,-0.0446423984800614,0.0412371596003663,2015-01-19,2015-01-20,-0.0002756938054018,0.0253520496303234,0.028840592343475,-3.6669308960455473,0,0.0034885427131516,65536,2014-12-31,1.1899118843028413e-17,1.1899118843028413e-17,-0.0518350701350822,0.0412371596003663,0.005568039675961974,0.0030454344517292942,0.004507797588745532
2015-01-16,2015-01-19,2015-01-20,funded_assets,USD,0.95,EWMA_GAUSS,ALL_EQUIVARIANT,-0.0002828147703249,0.0181740924989046,0.0225380057781574,-3.9861768901490446,0,0.0043639132792527,16384,2014-12-31,1.1655173354219173e-17,1.1655173354219173e-17,-0.0446501901222385,0.0415172497886086,2015-01-19,2015-01-20,-0.0002828147703249,0.0179967297186623,0.0225415217288856,-3.9940149471106783,0,0.0045447920102233,65536,2014-12-31,1.1899118843028413e-17,1.1899118843028413e-17,-0.0508263499232676,0.0415172497886086,0.009855278320837341,0.0001559766359382305,0.007838056961633644
2015-01-16,2015-01-19,2015-01-20,funded_assets,USD,0.99,EWMA_GAUSS,ALL_EQUIVARIANT,-0.0002828147703249,0.0252775636563009,0.0291203933983407,-3.668280070493104,0,0.0038428297420397,16384,2014-12-31,1.1655173354219173e-17,1.1655173354219173e-17,-0.0446501901222385,0.0415172497886086,2015-01-19,2015-01-20,-0.0002828147703249,0.0255197733930213,0.0290412226903767,-3.6602959090339846,0,0.0035214492973553,65536,2014-12-31,1.1899118843028413e-17,1.1899118843028413e-17,-0.0508263499232676,0.0415172497886086,0.009491061420891591,0.002726149267476759,0.007984161459119399
2015-01-16,2015-01-19,2015-01-20,net_cashflows,EUR,0.95,EWMA_GAUSS,ALL_EQUIVARIANT,-0.0029752741326333,0.0127802930297003,0.0161613464199443,-4.3343390815220495,0,0.0033810533902439,16384,2014-12-31,1.1655173354219173e-17,1.1655173354219173e-17,-0.0261268344976283,0.0288483926391964,2015-01-19,2015-01-20,-0.0029752741326333,0.012744577963522,0.0161697407584669,-4.336439099055049,0,0.0034251627949448,65536,2014-12-31,1.1899118843028413e-17,1.1899118843028413e-17,-0.0305849491683981,0.0342829256653273,0.002802373392082839,0.0005191387201555301,0.0021000175329994875
2015-01-16,2015-01-19,2015-01-20,net_cashflows,EUR,0.99,EWMA_GAUSS,ALL_EQUIVARIANT,-0.0029752741326333,0.0182298817617701,0.0210497627319028,-3.99482859175724,0,0.0028198809701326,16384,2014-12-31,1.1655173354219173e-17,1.1655173354219173e-17,-0.0261268344976283,0.0288483926391964,2015-01-19,2015-01-20,-0.0029752741326333,0.0182056104966697,0.0210776346740508,-3.995802089168079,0,0.0028720241773811,65536,2014-12-31,1.1899118843028413e-17,1.1899118843028413e-17,-0.0305849491683981,0.0342829256653273,0.0013331750179343138,0.001322346770831671,0.0009734974108388528
2015-01-16,2015-01-19,2015-01-20,net_cashflows,USD,0.95,EWMA_GAUSS,ALL_EQUIVARIANT,-0.0029694463941813,0.0127698059817087,0.0161442145852399,-4.33521010872094,0,0.0033744086035312,16384,2014-12-31,1.1655173354219173e-17,1.1655173354219173e-17,-0.0264068524832076,0.0289438506266068,2015-01-19,2015-01-20,-0.0029694463941813,0.0127345414575505,0.0161502893330735,-4.337314941498155,0,0.003415747875523,65536,2014-12-31,1.1899118843028413e-17,1.1899118843028413e-17,-0.0306528863675344,0.0342308776609208,0.0027692025092346364,0.0003761386380343121,0.002104832777215293
2015-01-16,2015-01-19,2015-01-20,net_cashflows,USD,0.99,EWMA_GAUSS,ALL_EQUIVARIANT,-0.0029694463941813,0.0182289742973823,0.0210142815583421,-3.995096537848348,0,0.0027853072609598,16384,2014-12-31,1.1655173354219173e-17,1.1655173354219173e-17,-0.0264068524832076,0.0289438506266068,2015-01-19,2015-01-20,-0.0029694463941813,0.0182204654754113,0.0210424317485135,-3.9953226927889687,0,0.0028219662731022,65536,2014-12-31,1.1899118843028413e-17,1.1899118843028413e-17,-0.0306528863675344,0.0342308776609208,0.0004669925684656762,0.0013377821778316646,0.0002261549406208374
2015-01-16,2015-01-19,2015-01-20,funded_assets,EUR,0.95,EWMA_SELFNORMALIZED,ALL_EQUIVARIANT,-0.0002756938054018,0.0180128560023328,0.0226156077194094,-3.9926360313542943,0,0.0046027517170765,16384,2014-12-31,9.920449878242366e-18,9.920449878242366e-18,-0.0455406702288265,0.0466814213591562,2015-01-19,2015-01-20,-0.0002756938054018,0.0180068922886792,0.022732342343947,-3.991840029191765,0,0.0047254500552678,65536,2014-12-31,1.7564075194265172e-17,1.7564075194265172e-17,-0.0502789453553493,0.0466814213591562,0.0003311906106836672,0.005135178010755334,0.0007960021625295077
2015-01-16,2015-01-19,2015-01-20,funded_assets,EUR,0.99,EWMA_SELFNORMALIZED,ALL_EQUIVARIANT,-0.0002756938054018,0.0254619649565498,0.0294342499378636,-3.660550835730045,0,0.0039722849813137,16384,2014-12-31,9.920449878242366e-18,9.920449878242366e-18,-0.0455406702288265,0.0466814213591562,2015-01-19,2015-01-20,-0.0002756938054018,0.0258083699711221,0.0295502928651466,-3.6482905857263006,0,0.0037419228940245,65536,2014-12-31,1.7564075194265172e-17,1.7564075194265172e-17,-0.0502789453553493,0.0466814213591562,0.013422196557159715,0.003926963695844404,0.01226025000374431
2015-01-16,2015-01-19,2015-01-20,funded_assets,USD,0.95,EWMA_SELFNORMALIZED,ALL_EQUIVARIANT,-0.0002828147703249,0.0181058484689633,0.0227355635751862,-3.987458082970372,0,0.0046297151062228,16384,2014-12-31,9.920449878242366e-18,9.920449878242366e-18,-0.0448645690388774,0.0470586105213945,2015-01-19,2015-01-20,-0.0002828147703249,0.0180896907315305,0.022857280400024,-3.987066388182124,0,0.0047675896684935,65536,2014-12-31,1.7564075194265172e-17,1.7564075194265172e-17,-0.0487429975807738,0.0470586105213945,0.0008932014191174118,0.005325079042985002,0.00039169478824785386
2015-01-16,2015-01-19,2015-01-20,funded_assets,USD,0.99,EWMA_SELFNORMALIZED,ALL_EQUIVARIANT,-0.0002828147703249,0.0256204027728964,0.0296725716187344,-3.6540949535820695,0,0.004052168845838,16384,2014-12-31,9.920449878242366e-18,9.920449878242366e-18,-0.0448645690388774,0.0470586105213945,2015-01-19,2015-01-20,-0.0002828147703249,0.0259064476926918,0.0297649200755363,-3.644056296067248,0,0.0038584723828444,65536,2014-12-31,1.7564075194265172e-17,1.7564075194265172e-17,-0.0487429975807738,0.0470586105213945,0.011041456674744795,0.003102593810685278,0.01003865751482147
2015-01-16,2015-01-19,2015-01-20,net_cashflows,EUR,0.95,EWMA_SELFNORMALIZED,ALL_EQUIVARIANT,-0.0029752741326333,0.0126586620797091,0.0162713846751799,-4.340376459833609,0,0.0036127225954708,16384,2014-12-31,9.920449878242366e-18,9.920449878242366e-18,-0.0268827820479211,0.0322524117668117,2015-01-19,2015-01-20,-0.0029752741326333,0.0127200745504606,0.0163942197398766,-4.334938693872783,0,0.0036741451894159,65536,2014-12-31,1.7564075194265172e-17,1.7564075194265172e-17,-0.0280578188452303,0.0337236763997957,0.004827996133818003,0.007492583767065099,0.005437765960826013
2015-01-16,2015-01-19,2015-01-20,net_cashflows,EUR,0.99,EWMA_SELFNORMALIZED,ALL_EQUIVARIANT,-0.0029752741326333,0.01864529634042,0.0216718591289218,-3.971394719292259,0,0.0030265627885018,16384,2014-12-31,9.920449878242366e-18,9.920449878242366e-18,-0.0268827820479211,0.0322524117668117,2015-01-19,2015-01-20,-0.0029752741326333,0.0188027791551397,0.0218389252982095,-3.963085858929857,0,0.0030361461430698,65536,2014-12-31,1.7564075194265172e-17,1.7564075194265172e-17,-0.0280578188452303,0.0337236763997957,0.008375507334332054,0.007649926313058983,0.008308860362402193
2015-01-16,2015-01-19,2015-01-20,net_cashflows,USD,0.95,EWMA_SELFNORMALIZED,ALL_EQUIVARIANT,-0.0029694463941813,0.012648729860453,0.0162539709365347,-4.341224822143114,0,0.0036052410760816,16384,2014-12-31,9.920449878242366e-18,9.920449878242366e-18,-0.0271364121776272,0.0322409967110886,2015-01-19,2015-01-20,-0.0029694463941813,0.0127035642860141,0.0163768467675813,-4.3361840222326204,0,0.0036732824815672,65536,2014-12-31,1.7564075194265172e-17,1.7564075194265172e-17,-0.0282331012355054,0.0333281879877419,0.004316459879017573,0.007503021356335777,0.005040799910493554
2015-01-16,2015-01-19,2015-01-20,net_cashflows,USD,0.99,EWMA_SELFNORMALIZED,ALL_EQUIVARIANT,-0.0029694463941813,0.0185216584158769,0.0216388975088434,-3.977319978146312,0,0.0031172390929665,16384,2014-12-31,9.920449878242366e-18,9.920449878242366e-18,-0.0271364121776272,0.0322409967110886,2015-01-19,2015-01-20,-0.0029694463941813,0.0187331766886267,0.0218061712216192,-3.9664854246297088,0,0.0030729945329924,65536,2014-12-31,1.7564075194265172e-17,1.7564075194265172e-17,-0.0282331012355054,0.0333281879877419,0.01129110541503726,0.007670934575161146,0.01083455351660323
2015-01-16,2015-01-19,2015-01-20,funded_assets,EUR,0.95,IN_FHS1250,EUR,-0.0002756938054018,0.0244915220358446,0.0308802053287804,-3.68452594129902,0,0.0063886832929358,1249,2014-12-31,1.694065894508601e-17,1.694065894508601e-17,-0.0520841592283466,0.0468588573097829,2015-01-19,2015-01-20,-0.0002756938054018,0.0244915220358446,0.0308802053287804,-3.68452594129902,0,0.0063886832929358,1249,2014-12-31,1.694065894508601e-17,1.694065894508601e-17,-0.0520841592283466,0.0468588573097829,0.0,0.0,0.0
2015-01-16,2015-01-19,2015-01-20,funded_assets,EUR,0.99,IN_FHS1250,EUR,-0.0002756938054018,0.0347997260610075,0.0389368319083342,-3.3520663731085207,0,0.0041371058473266,1249,2014-12-31,1.694065894508601e-17,1.694065894508601e-17,-0.0520841592283466,0.0468588573097829,2015-01-19,2015-01-20,-0.0002756938054018,0.0347997260610075,0.0389368319083342,-3.3520663731085207,0,0.0041371058473266,1249,2014-12-31,1.694065894508601e-17,1.694065894508601e-17,-0.0520841592283466,0.0468588573097829,0.0,0.0,0.0
2015-01-16,2015-01-19,2015-01-20,funded_assets,USD,0.95,IN_FHS1250,EUR,-0.0002828147703249,0.0246774390263455,0.031027990066744,-3.677537262499971,0,0.0063505510403984,1249,2014-12-31,1.694065894508601e-17,1.694065894508601e-17,-0.0521584882227879,0.0476099210611115,2015-01-19,2015-01-20,-0.0002828147703249,0.0246774390263455,0.031027990066744,-3.677537262499971,0,0.0063505510403984,1249,2014-12-31,1.694065894508601e-17,1.694065894508601e-17,-0.0521584882227879,0.0476099210611115,0.0,0.0,0.0
2015-01-16,2015-01-19,2015-01-20,funded_assets,USD,0.99,IN_FHS1250,EUR,-0.0002828147703249,0.0350061802425112,0.0393204572092049,-3.3457312816362763,0,0.0043142769666937,1249,2014-12-31,1.694065894508601e-17,1.694065894508601e-17,-0.0521584882227879,0.0476099210611115,2015-01-19,2015-01-20,-0.0002828147703249,0.0350061802425112,0.0393204572092049,-3.3457312816362763,0,0.0043142769666937,1249,2014-12-31,1.694065894508601e-17,1.694065894508601e-17,-0.0521584882227879,0.0476099210611115,0.0,0.0,0.0
2015-01-16,2015-01-19,2015-01-20,net_cashflows,EUR,0.95,IN_FHS1250,EUR,-0.0029752741326333,0.0193104202089141,0.0234975983018782,-3.929053065782072,0,0.004187178092964,1249,2014-12-31,1.694065894508601e-17,1.694065894508601e-17,-0.0366310394221989,0.0400340224751824,2015-01-19,2015-01-20,-0.0029752741326333,0.0193104202089141,0.0234975983018782,-3.929053065782072,0,0.004187178092964,1249,2014-12-31,1.694065894508601e-17,1.694065894508601e-17,-0.0366310394221989,0.0400340224751824,0.0,0.0,0.0
2015-01-16,2015-01-19,2015-01-20,net_cashflows,EUR,0.99,IN_FHS1250,EUR,-0.0029752741326333,0.025575898920572,0.0300896585034558,-3.653584066950184,0,0.0045137595828838,1249,2014-12-31,1.694065894508601e-17,1.694065894508601e-17,-0.0366310394221989,0.0400340224751824,2015-01-19,2015-01-20,-0.0029752741326333,0.025575898920572,0.0300896585034558,-3.653584066950184,0,0.0045137595828838,1249,2014-12-31,1.694065894508601e-17,1.694065894508601e-17,-0.0366310394221989,0.0400340224751824,0.0,0.0,0.0
2015-01-16,2015-01-19,2015-01-20,net_cashflows,USD,0.95,IN_FHS1250,EUR,-0.0029694463941813,0.0193282395339108,0.0234669352634635,-3.928525714875229,0,0.0041386957295526,1249,2014-12-31,1.694065894508601e-17,1.694065894508601e-17,-0.0364153653499555,0.0402344205979449,2015-01-19,2015-01-20,-0.0029694463941813,0.0193282395339108,0.0234669352634635,-3.928525714875229,0,0.0041386957295526,1249,2014-12-31,1.694065894508601e-17,1.694065894508601e-17,-0.0364153653499555,0.0402344205979449,0.0,0.0,0.0
2015-01-16,2015-01-19,2015-01-20,net_cashflows,USD,0.99,IN_FHS1250,EUR,-0.0029694463941813,0.02567429286253,0.0300662746695456,-3.650427865692518,0,0.0043919818070155,1249,2014-12-31,1.694065894508601e-17,1.694065894508601e-17,-0.0364153653499555,0.0402344205979449,2015-01-19,2015-01-20,-0.0029694463941813,0.02567429286253,0.0300662746695456,-3.650427865692518,0,0.0043919818070155,1249,2014-12-31,1.694065894508601e-17,1.694065894508601e-17,-0.0364153653499555,0.0402344205979449,0.0,0.0,0.0
2015-01-16,2015-01-19,2015-01-20,funded_assets,EUR,0.95,IN_TCOP1250,EUR,-0.0002756938054018,0.0243240049983054,0.0307558990124215,-3.6908006318416766,0,0.0064318940141161,16384,2014-12-31,1.577514160966409e-17,1.577514160966409e-17,-0.0600309919858703,0.0560956314120692,2015-01-19,2015-01-20,-0.0002756938054018,0.0242801368407967,0.030792483787764,-3.6919760984524186,0,0.0065123469469672,65536,2014-12-31,2.183989751200488e-17,2.183989751200488e-17,-0.0710825394120764,0.0577339110841449,0.0018067508349042763,0.001188107318482553,0.001175466610741971
2015-01-16,2015-01-19,2015-01-20,funded_assets,EUR,0.99,IN_TCOP1250,EUR,-0.0002756938054018,0.0349389300016679,0.0397615839391497,-3.346143341737031,0,0.0048226539374818,16384,2014-12-31,1.577514160966409e-17,1.577514160966409e-17,-0.0600309919858703,0.0560956314120692,2015-01-19,2015-01-20,-0.0002756938054018,0.0349850624413379,0.0397831797709519,-3.3449177572937563,0,0.0047981173296139,65536,2014-12-31,2.183989751200488e-17,2.183989751200488e-17,-0.0710825394120764,0.0577339110841449,0.0013186324805723266,0.0005428382529133877,0.0012255844432749186
2015-01-16,2015-01-19,2015-01-20,funded_assets,USD,0.95,IN_TCOP1250,EUR,-0.0002828147703249,0.0243635482106343,0.0308829203619689,-3.688651587510896,0,0.0065193721513345,16384,2014-12-31,1.577514160966409e-17,1.577514160966409e-17,-0.0598781097041389,0.0566696525579735,2015-01-19,2015-01-20,-0.0002828147703249,0.0243505894749309,0.0309155909898721,-3.688847110358476,0,0.0065650015149412,65536,2014-12-31,2.183989751200488e-17,2.183989751200488e-17,-0.0682563706769372,0.0580539122868244,0.0005321733881121235,0.0010567686677541773,0.00019552284758006522
2015-01-16,2015-01-19,2015-01-20,funded_assets,USD,0.99,IN_TCOP1250,EUR,-0.0002828147703249,0.0349931441255998,0.0400127831720413,-3.3440071812767607,0,0.0050196390464414,16384,2014-12-31,1.577514160966409e-17,1.577514160966409e-17,-0.0598781097041389,0.0566696525579735,2015-01-19,2015-01-20,-0.0002828147703249,0.0351563420808876,0.0400137342724943,-3.339925650623498,0,0.0048573921916067,65536,2014-12-31,2.183989751200488e-17,2.183989751200488e-17,-0.0682563706769372,0.0580539122868244,0.004642063014187276,2.376934995674506e-05,0.004081530653262444
2015-01-16,2015-01-19,2015-01-20,net_cashflows,EUR,0.95,IN_TCOP1250,EUR,-0.0029752741326333,0.0189091202872026,0.0239257287323487,-3.9424751003687417,0,0.0050166084451461,16384,2014-12-31,1.577514160966409e-17,1.577514160966409e-17,-0.039088367902802,0.0470490295988906,2015-01-19,2015-01-20,-0.0029752741326333,0.0190084922864061,0.0237898088929604,-3.9394797034433138,0,0.0047813166065542,65536,2014-12-31,2.183989751200488e-17,2.183989751200488e-17,-0.0500275847973842,0.0505805885731952,0.005227768605012633,0.00571336407113888,0.00299539692542794
2015-01-16,2015-01-19,2015-01-20,net_cashflows,EUR,0.99,IN_TCOP1250,EUR,-0.0029752741326333,0.0270376559227318,0.0310414628320403,-3.6014140035104085,0,0.0040038069093085,16384,2014-12-31,1.577514160966409e-17,1.577514160966409e-17,-0.039088367902802,0.0470490295988906,2015-01-19,2015-01-20,-0.0029752741326333,0.0267771961840518,0.0309096139045187,-3.610381619145338,0,0.0041324177204668,65536,2014-12-31,2.183989751200488e-17,2.183989751200488e-17,-0.0500275847973842,0.0505805885731952,0.009726923494519082,0.004265628419976041,0.008967615634929427
2015-01-16,2015-01-19,2015-01-20,net_cashflows,USD,0.95,IN_TCOP1250,EUR,-0.0029694463941813,0.0189216762360993,0.0239040480750652,-3.9421395965193606,0,0.0049823718389658,16384,2014-12-31,1.577514160966409e-17,1.577514160966409e-17,-0.0395218973690589,0.0477222785835883,2015-01-19,2015-01-20,-0.0029694463941813,0.0189942593542868,0.0237636391025644,-3.94029936671928,0,0.0047693797482776,65536,2014-12-31,2.183989751200488e-17,2.183989751200488e-17,-0.0503138279736177,0.050318502910075,0.0038213186854857708,0.00590856357878488,0.001840229800080806
2015-01-16,2015-01-19,2015-01-20,net_cashflows,USD,0.99,IN_TCOP1250,EUR,-0.0029694463941813,0.0270687015170542,0.0309955908676549,-3.6006021841018407,0,0.0039268893506006,16384,2014-12-31,1.577514160966409e-17,1.577514160966409e-17,-0.0395218973690589,0.0477222785835883,2015-01-19,2015-01-20,-0.0029694463941813,0.0267157115615651,0.0308663589451931,-3.612559953635959,0,0.004150647383628,65536,2014-12-31,2.183989751200488e-17,2.183989751200488e-17,-0.0503138279736177,0.050318502910075,0.013212822524889532,0.004186821085417463,0.011957769534118423
2015-01-16,2015-01-19,2015-01-20,funded_assets,EUR,0.95,IN_FHS1250,USD,-0.0002756938054018,0.0080714066769007,0.0122430268470172,-4.743533121706002,0,0.0041716201701165,1249,2014-12-31,7.806255641895632e-18,7.806255641895632e-18,-0.0484163871938992,0.0297301993864004,2015-01-19,2015-01-20,-0.0002756938054018,0.0080714066769007,0.0122430268470172,-4.743533121706002,0,0.0041716201701165,1249,2014-12-31,7.806255641895632e-18,7.806255641895632e-18,-0.0484163871938992,0.0297301993864004,0.0,0.0,0.0
2015-01-16,2015-01-19,2015-01-20,funded_assets,EUR,0.99,IN_FHS1250,USD,-0.0002756938054018,0.015008692254821,0.019049602376999,-4.172834744096236,0,0.004040910122178,1249,2014-12-31,7.806255641895632e-18,7.806255641895632e-18,-0.0484163871938992,0.0297301993864004,2015-01-19,2015-01-20,-0.0002756938054018,0.015008692254821,0.019049602376999,-4.172834744096236,0,0.004040910122178,1249,2014-12-31,7.806255641895632e-18,7.806255641895632e-18,-0.0484163871938992,0.0297301993864004,0.0,0.0,0.0
2015-01-16,2015-01-19,2015-01-20,funded_assets,USD,0.95,IN_FHS1250,USD,-0.0002828147703249,0.0080401373445939,0.0122362140302114,-4.7462781535630585,0,0.0041960766856175,1249,2014-12-31,7.806255641895632e-18,7.806255641895632e-18,-0.0480797239923765,0.029485956574259,2015-01-19,2015-01-20,-0.0002828147703249,0.0080401373445939,0.0122362140302114,-4.7462781535630585,0,0.0041960766856175,1249,2014-12-31,7.806255641895632e-18,7.806255641895632e-18,-0.0480797239923765,0.029485956574259,0.0,0.0,0.0
2015-01-16,2015-01-19,2015-01-20,funded_assets,USD,0.99,IN_FHS1250,USD,-0.0002828147703249,0.0153021368773991,0.0190853092193998,-4.157060705454697,0,0.0037831723420007,1249,2014-12-31,7.806255641895632e-18,7.806255641895632e-18,-0.0480797239923765,0.029485956574259,2015-01-19,2015-01-20,-0.0002828147703249,0.0153021368773991,0.0190853092193998,-4.157060705454697,0,0.0037831723420007,1249,2014-12-31,7.806255641895632e-18,7.806255641895632e-18,-0.0480797239923765,0.029485956574259,0.0,0.0,0.0
2015-01-16,2015-01-19,2015-01-20,net_cashflows,EUR,0.95,IN_FHS1250,USD,-0.0029752741326333,0.0104512728512943,0.0144602037972436,-4.513593865129719,0,0.0040089309459492,1249,2014-12-31,7.806255641895632e-18,7.806255641895632e-18,-0.0254555960997268,0.0326363028734007,2015-01-19,2015-01-20,-0.0029752741326333,0.0104512728512943,0.0144602037972436,-4.513593865129719,0,0.0040089309459492,1249,2014-12-31,7.806255641895632e-18,7.806255641895632e-18,-0.0254555960997268,0.0326363028734007,0.0,0.0,0.0
2015-01-16,2015-01-19,2015-01-20,net_cashflows,EUR,0.99,IN_FHS1250,USD,-0.0029752741326333,0.0166058228519923,0.0200600436350149,-4.081219402448536,0,0.0034542207830225,1249,2014-12-31,7.806255641895632e-18,7.806255641895632e-18,-0.0254555960997268,0.0326363028734007,2015-01-19,2015-01-20,-0.0029752741326333,0.0166058228519923,0.0200600436350149,-4.081219402448536,0,0.0034542207830225,1249,2014-12-31,7.806255641895632e-18,7.806255641895632e-18,-0.0254555960997268,0.0326363028734007,0.0,0.0,0.0
2015-01-16,2015-01-19,2015-01-20,net_cashflows,USD,0.95,IN_FHS1250,USD,-0.0029694463941813,0.0105023346198505,0.0145674506387038,-4.508020378372909,0,0.0040651160188532,1249,2014-12-31,7.806255641895632e-18,7.806255641895632e-18,-0.0252465704975324,0.032402303940505,2015-01-19,2015-01-20,-0.0029694463941813,0.0105023346198505,0.0145674506387038,-4.508020378372909,0,0.0040651160188532,1249,2014-12-31,7.806255641895632e-18,7.806255641895632e-18,-0.0252465704975324,0.032402303940505,0.0,0.0,0.0
2015-01-16,2015-01-19,2015-01-20,net_cashflows,USD,0.99,IN_FHS1250,USD,-0.0029694463941813,0.016847922112334,0.020225782935029,-4.067804772609502,0,0.003377860822695,1249,2014-12-31,7.806255641895632e-18,7.806255641895632e-18,-0.0252465704975324,0.032402303940505,2015-01-19,2015-01-20,-0.0029694463941813,0.016847922112334,0.020225782935029,-4.067804772609502,0,0.003377860822695,1249,2014-12-31,7.806255641895632e-18,7.806255641895632e-18,-0.0252465704975324,0.032402303940505,0.0,0.0,0.0
2015-01-16,2015-01-19,2015-01-20,funded_assets,EUR,0.95,IN_TCOP1250,USD,-0.0002756938054018,0.0092382149499728,0.0121349607769392,-4.650375441703661,0,0.0028967458269663,16384,2014-12-31,9.415618241678803e-18,9.415618241678803e-18,-0.0415723625926246,0.030149177459643,2015-01-19,2015-01-20,-0.0002756938054018,0.0091890324370818,0.0121610736284805,-4.653904819102383,0,0.0029720411913987,65536,2014-12-31,1.5720931501039814e-17,1.5720931501039814e-17,-0.0460769778362192,0.0328191725024065,0.0053523059394727365,0.00214724886461871,0.0035293773987223886
2015-01-16,2015-01-19,2015-01-20,funded_assets,EUR,0.99,IN_TCOP1250,USD,-0.0002756938054018,0.0138180538297828,0.0167822230372792,-4.264060645422197,0,0.0029641692074964,16384,2014-12-31,9.415618241678803e-18,9.415618241678803e-18,-0.0415723625926246,0.030149177459643,2015-01-19,2015-01-20,-0.0002756938054018,0.0139124813373628,0.0168193726419305,-4.2580538717976095,0,0.0029068913045676,65536,2014-12-31,1.5720931501039814e-17,1.5720931501039814e-17,-0.0460769778362192,0.0328191725024065,0.00678725133858108,0.0022087390203061395,0.00600677362458768
2015-01-16,2015-01-19,2015-01-20,funded_assets,USD,0.95,IN_TCOP1250,USD,-0.0002828147703249,0.0092121166842431,0.0121164030117882,-4.652893846451716,0,0.0029042863275451,16384,2014-12-31,9.415618241678803e-18,9.415618241678803e-18,-0.0416557313878283,0.0300983049907099,2015-01-19,2015-01-20,-0.0002828147703249,0.0091763740313225,0.0121430219867986,-4.655309464237928,0,0.0029666479554761,65536,2014-12-31,1.5720931501039814e-17,1.5720931501039814e-17,-0.0462833220737582,0.0331861329442992,0.0038950736749175535,0.0021921211243246283,0.002415617786211577
2015-01-16,2015-01-19,2015-01-20,funded_assets,USD,0.99,IN_TCOP1250,USD,-0.0002828147703249,0.0137742781774963,0.0167686486368189,-4.266813863510963,0,0.0029943704593226,16384,2014-12-31,9.415618241678803e-18,9.415618241678803e-18,-0.0416557313878283,0.0300983049907099,2015-01-19,2015-01-20,-0.0002828147703249,0.0139222987774306,0.0168033504690989,-4.257633957770239,0,0.0028810516916683,65536,2014-12-31,1.5720931501039814e-17,1.5720931501039814e-17,-0.0462833220737582,0.0331861329442992,0.010631908013226693,0.002065173391688526,0.009179905740723804
2015-01-16,2015-01-19,2015-01-20,net_cashflows,EUR,0.95,IN_TCOP1250,USD,-0.0029752741326333,0.0104887360282266,0.0140945700754955,-4.517797088898638,0,0.0036058340472688,16384,2014-12-31,9.415618241678803e-18,9.415618241678803e-18,-0.0300365904247854,0.0395160898160318,2015-01-19,2015-01-20,-0.0029752741326333,0.0105787467267738,0.0140858660737172,-4.511564839568102,0,0.0035071193469433,65536,2014-12-31,1.5720931501039814e-17,1.5720931501039814e-17,-0.0317042565491436,0.0398116681253044,0.00850863536787323,0.0006179245019616166,0.006232249330535566
2015-01-16,2015-01-19,2015-01-20,net_cashflows,EUR,0.99,IN_TCOP1250,USD,-0.0029752741326333,0.0160487791139819,0.0196075900602794,-4.113340240623517,0,0.0035588109462974,16384,2014-12-31,9.415618241678803e-18,9.415618241678803e-18,-0.0300365904247854,0.0395160898160318,2015-01-19,2015-01-20,-0.0029752741326333,0.0160182274014863,0.0197144822577289,-4.113891092502558,0,0.0036962548562426,65536,2014-12-31,1.5720931501039814e-17,1.5720931501039814e-17,-0.0317042565491436,0.0398116681253044,0.001907309200315515,0.005422013931286089,0.0005508518790415806
2015-01-16,2015-01-19,2015-01-20,net_cashflows,USD,0.95,IN_TCOP1250,USD,-0.0029694463941813,0.0105674712028972,0.0142047144376832,-4.510240244368657,0,0.0036372432347859,16384,2014-12-31,9.415618241678803e-18,9.415618241678803e-18,-0.0293425829956408,0.0397206994551561,2015-01-19,2015-01-20,-0.0029694463941813,0.0106476466128834,0.0141993052171931,-4.504691285464498,0,0.0035516586043097,65536,2014-12-31,1.5720931501039814e-17,1.5720931501039814e-17,-0.0313648374953343,0.0406683506198485,0.007529871426160117,0.000380949659674319,0.00554895890415974
2015-01-16,2015-01-19,2015-01-20,net_cashflows,USD,0.99,IN_TCOP1250,USD,-0.0029694463941813,0.0163280742907428,0.0198220541142615,-4.097227410147486,0,0.0034939798235186,16384,2014-12-31,9.415618241678803e-18,9.415618241678803e-18,-0.0293425829956408,0.0397206994551561,2015-01-19,2015-01-20,-0.0029694463941813,0.0161943758262996,0.019924960662861,-4.103013757638344,0,0.0037305848365613,65536,2014-12-31,1.5720931501039814e-17,1.5720931501039814e-17,-0.0313648374953343,0.0406683506198485,0.008255857828498395,0.00516470523283446,0.005786347490857935
2015-01-16,2015-01-19,2015-01-20,funded_assets,EUR,0.95,IN_FHS1250,GBP,-0.0002756938054018,0.0125526799401577,0.0167170005418687,-4.3404360059373,0,0.0041643206017109,1249,2014-12-31,7.359022245745361e-18,7.359022245745361e-18,-0.0476186532461453,0.0294908999366783,2015-01-19,2015-01-20,-0.0002756938054018,0.0125526799401577,0.0167170005418687,-4.3404360059373,0,0.0041643206017109,1249,2014-12-31,7.359022245745361e-18,7.359022245745361e-18,-0.0476186532461453,0.0294908999366783,0.0,0.0,0.0
2015-01-16,2015-01-19,2015-01-20,funded_assets,EUR,0.99,IN_FHS1250,GBP,-0.0002756938054018,0.020055673036151,0.0237019880043743,-3.8960364001463335,0,0.0036463149682233,1249,2014-12-31,7.359022245745361e-18,7.359022245745361e-18,-0.0476186532461453,0.0294908999366783,2015-01-19,2015-01-20,-0.0002756938054018,0.020055673036151,0.0237019880043743,-3.8960364001463335,0,0.0036463149682233,1249,2014-12-31,7.359022245745361e-18,7.359022245745361e-18,-0.0476186532461453,0.0294908999366783,0.0,0.0,0.0
2015-01-16,2015-01-19,2015-01-20,funded_assets,USD,0.95,IN_FHS1250,GBP,-0.0002828147703249,0.0124620275330124,0.0167407257354098,-4.345497045149896,0,0.0042786982023974,1249,2014-12-31,7.359022245745361e-18,7.359022245745361e-18,-0.0473088839913079,0.0291990829072733,2015-01-19,2015-01-20,-0.0002828147703249,0.0124620275330124,0.0167407257354098,-4.345497045149896,0,0.0042786982023974,1249,2014-12-31,7.359022245745361e-18,7.359022245745361e-18,-0.0473088839913079,0.0291990829072733,0.0,0.0,0.0
2015-01-16,2015-01-19,2015-01-20,funded_assets,USD,0.99,IN_FHS1250,GBP,-0.0002828147703249,0.0201387684475171,0.0237655745536471,-3.892124742709711,0,0.0036268061061299,1249,2014-12-31,7.359022245745361e-18,7.359022245745361e-18,-0.0473088839913079,0.0291990829072733,2015-01-19,2015-01-20,-0.0002828147703249,0.0201387684475171,0.0237655745536471,-3.892124742709711,0,0.0036268061061299,1249,2014-12-31,7.359022245745361e-18,7.359022245745361e-18,-0.0473088839913079,0.0291990829072733,0.0,0.0,0.0
2015-01-16,2015-01-19,2015-01-20,net_cashflows,EUR,0.95,IN_FHS1250,GBP,-0.0029752741326333,0.0124074712266856,0.0164205396953691,-4.353615521139208,0,0.0040130684686835,1249,2014-12-31,7.359022245745361e-18,7.359022245745361e-18,-0.0246741483150263,0.0320718296271669,2015-01-19,2015-01-20,-0.0029752741326333,0.0124074712266856,0.0164205396953691,-4.353615521139208,0,0.0040130684686835,1249,2014-12-31,7.359022245745361e-18,7.359022245745361e-18,-0.0246741483150263,0.0320718296271669,0.0,0.0,0.0
2015-01-16,2015-01-19,2015-01-20,net_cashflows,EUR,0.99,IN_FHS1250,GBP,-0.0029752741326333,0.0185719772140351,0.0226964707352887,-3.9672698440304583,0,0.0041244935212536,1249,2014-12-31,7.359022245745361e-18,7.359022245745361e-18,-0.0246741483150263,0.0320718296271669,2015-01-19,2015-01-20,-0.0029752741326333,0.0185719772140351,0.0226964707352887,-3.9672698440304583,0,0.0041244935212536,1249,2014-12-31,7.359022245745361e-18,7.359022245745361e-18,-0.0246741483150263,0.0320718296271669,0.0,0.0,0.0
2015-01-16,2015-01-19,2015-01-20,net_cashflows,USD,0.95,IN_FHS1250,GBP,-0.0029694463941813,0.0124842896513278,0.016450579907225,-4.348497919783353,0,0.0039662902558972,1249,2014-12-31,7.359022245745361e-18,7.359022245745361e-18,-0.0244194994725182,0.0318592114078312,2015-01-19,2015-01-20,-0.0029694463941813,0.0124842896513278,0.016450579907225,-4.348497919783353,0,0.0039662902558972,1249,2014-12-31,7.359022245745361e-18,7.359022245745361e-18,-0.0244194994725182,0.0318592114078312,0.0,0.0,0.0
2015-01-16,2015-01-19,2015-01-20,net_cashflows,USD,0.99,IN_FHS1250,GBP,-0.0029694463941813,0.0188041122230522,0.0227881734353906,-3.956343799429172,0,0.0039840612123384,1249,2014-12-31,7.359022245745361e-18,7.359022245745361e-18,-0.0244194994725182,0.0318592114078312,2015-01-19,2015-01-20,-0.0029694463941813,0.0188041122230522,0.0227881734353906,-3.956343799429172,0,0.0039840612123384,1249,2014-12-31,7.359022245745361e-18,7.359022245745361e-18,-0.0244194994725182,0.0318592114078312,0.0,0.0,0.0
2015-01-16,2015-01-19,2015-01-20,funded_assets,EUR,0.95,IN_TCOP1250,GBP,-0.0002756938054018,0.0127062611316609,0.0165616124127439,-4.333456168421598,0,0.003855351281083,16384,2014-12-31,9.351243737687476e-18,9.351243737687476e-18,-0.0651801376898129,0.033986964696708,2015-01-19,2015-01-20,-0.0002756938054018,0.0127719644235675,0.0165953120815673,-4.329022238737291,0,0.0038233476579997,65536,2014-12-31,1.2498818169684457e-17,1.2498818169684457e-17,-0.0651801376898129,0.0480270824188825,0.005144337216079497,0.002030674003463207,0.004433929684307003
2015-01-16,2015-01-19,2015-01-20,funded_assets,EUR,0.99,IN_TCOP1250,GBP,-0.0002756938054018,0.0190302065626327,0.0226766798086081,-3.9472209877961566,0,0.0036464732459754,16384,2014-12-31,9.351243737687476e-18,9.351243737687476e-18,-0.0651801376898129,0.033986964696708,2015-01-19,2015-01-20,-0.0002756938054018,0.0189638517511175,0.0226173600652939,-3.95057310035083,0,0.0036535083141764,65536,2014-12-31,1.2498818169684457e-17,1.2498818169684457e-17,-0.0651801376898129,0.0480270824188825,0.003499015515731911,0.0026227527502303873,0.003352112554673603
2015-01-16,2015-01-19,2015-01-20,funded_assets,USD,0.95,IN_TCOP1250,GBP,-0.0002828147703249,0.0127060883411803,0.0166093944346148,-4.332792738337783,0,0.0039033060934345,16384,2014-12-31,9.351243737687476e-18,9.351243737687476e-18,-0.0635867030900254,0.0340357315980656,2015-01-19,2015-01-20,-0.0002828147703249,0.0127759499922981,0.0166395287522933,-4.3281669634628175,0,0.0038635787599952,65536,2014-12-31,1.2498818169684457e-17,1.2498818169684457e-17,-0.0635867030900254,0.0483215268764251,0.005468215761639263,0.0018110078793156614,0.004625774874965849
2015-01-16,2015-01-19,2015-01-20,funded_assets,USD,0.99,IN_TCOP1250,GBP,-0.0002828147703249,0.0189730231850482,0.022794362723047,-3.948886083722369,0,0.0038213395379987,16384,2014-12-31,9.351243737687476e-18,9.351243737687476e-18,-0.0635867030900254,0.0340357315980656,2015-01-19,2015-01-20,-0.0002828147703249,0.0190175911260146,0.022739360972089,-3.947328712083944,0,0.0037217698460743,65536,2014-12-31,1.2498818169684457e-17,1.2498818169684457e-17,-0.0635867030900254,0.0483215268764251,0.0023435113664543915,0.0024187905291406593,0.0015573716384249536
2015-01-16,2015-01-19,2015-01-20,net_cashflows,EUR,0.95,IN_TCOP1250,GBP,-0.0029752741326333,0.0123685729843725,0.0162445262101283,-4.358599846338175,0,0.0038759532257557,16384,2014-12-31,9.351243737687476e-18,9.351243737687476e-18,-0.0308001263431921,0.0424828041291228,2015-01-19,2015-01-20,-0.0029752741326333,0.0124035344785109,0.016256314867587,-4.356275915525673,0,0.003852780389076,65536,2014-12-31,1.2498818169684457e-17,1.2498818169684457e-17,-0.0370915979371476,0.0424828041291228,0.0028186719034780836,0.0007251740357346189,0.0023239308125022617
2015-01-16,2015-01-19,2015-01-20,net_cashflows,EUR,0.99,IN_TCOP1250,GBP,-0.0029752741326333,0.0183445012579358,0.0223537530953346,-3.98011580005516,0,0.0040092518373987,16384,2014-12-31,9.351243737687476e-18,9.351243737687476e-18,-0.0308001263431921,0.0424828041291228,2015-01-19,2015-01-20,-0.0029752741326333,0.0184589471389186,0.0224897115257403,-3.973924378076213,0,0.0040307643868217,65536,2014-12-31,1.2498818169684457e-17,1.2498818169684457e-17,-0.0370915979371476,0.0424828041291228,0.006200022142189365,0.006045361242188155,0.006191421978947176
2015-01-16,2015-01-19,2015-01-20,net_cashflows,USD,0.95,IN_TCOP1250,GBP,-0.0029694463941813,0.0124109297771796,0.016306413550508,-4.3550895167902,0,0.0038954837733284,16384,2014-12-31,9.351243737687476e-18,9.351243737687476e-18,-0.029697521558514,0.0436484397947213,2015-01-19,2015-01-20,-0.0029694463941813,0.0124414313920566,0.0163169393116275,-4.3530658811937935,0,0.0038755079195708,65536,2014-12-31,1.2498818169684457e-17,1.2498818169684457e-17,-0.037102459670835,0.0436484397947213,0.0024516162100507717,0.0006450818329636662,0.0020236355964069475
2015-01-16,2015-01-19,2015-01-20,net_cashflows,USD,0.99,IN_TCOP1250,GBP,-0.0029694463941813,0.0183831258814292,0.0224865686465429,-3.977321264813588,0,0.0041034427651136,16384,2014-12-31,9.351243737687476e-18,9.351243737687476e-18,-0.029697521558514,0.0436484397947213,2015-01-19,2015-01-20,-0.0029694463941813,0.0185100016451494,0.0226049555051533,-3.9707390538456577,0,0.0040949538600039,65536,2014-12-31,1.2498818169684457e-17,1.2498818169684457e-17,-0.037102459670835,0.0436484397947213,0.00685444367604626,0.005237208212305958,0.006582210967930102
2015-01-16,2015-01-19,2015-01-20,funded_assets,EUR,0.95,IN_FHS1250,JPY,-0.0002756938054018,0.0091846592811157,0.0133294747546952,-4.628728696544185,0,0.0041448154735794,1249,2014-12-31,6.0173220572945496e-18,6.0173220572945496e-18,-0.0533017343326508,0.0309153236556498,2015-01-19,2015-01-20,-0.0002756938054018,0.0091846592811157,0.0133294747546952,-4.628728696544185,0,0.0041448154735794,1249,2014-12-31,6.0173220572945496e-18,6.0173220572945496e-18,-0.0533017343326508,0.0309153236556498,0.0,0.0,0.0
2015-01-16,2015-01-19,2015-01-20,funded_assets,EUR,0.99,IN_FHS1250,JPY,-0.0002756938054018,0.0146667968447626,0.0198780087430563,-4.180300900802084,0,0.0052112118982936,1249,2014-12-31,6.0173220572945496e-18,6.0173220572945496e-18,-0.0533017343326508,0.0309153236556498,2015-01-19,2015-01-20,-0.0002756938054018,0.0146667968447626,0.0198780087430563,-4.180300900802084,0,0.0052112118982936,1249,2014-12-31,6.0173220572945496e-18,6.0173220572945496e-18,-0.0533017343326508,0.0309153236556498,0.0,0.0,0.0
2015-01-16,2015-01-19,2015-01-20,funded_assets,USD,0.95,IN_FHS1250,JPY,-0.0002828147703249,0.0091809525881831,0.0133991835985765,-4.627374038450104,0,0.0042182310103934,1249,2014-12-31,6.0173220572945496e-18,6.0173220572945496e-18,-0.052944451258664,0.0305617673006664,2015-01-19,2015-01-20,-0.0002828147703249,0.0091809525881831,0.0133991835985765,-4.627374038450104,0,0.0042182310103934,1249,2014-12-31,6.0173220572945496e-18,6.0173220572945496e-18,-0.052944451258664,0.0305617673006664,0.0,0.0,0.0
2015-01-16,2015-01-19,2015-01-20,funded_assets,USD,0.99,IN_FHS1250,JPY,-0.0002828147703249,0.0147620900290517,0.0200273283746008,-4.173560201527052,0,0.0052652383455491,1249,2014-12-31,6.0173220572945496e-18,6.0173220572945496e-18,-0.052944451258664,0.0305617673006664,2015-01-19,2015-01-20,-0.0002828147703249,0.0147620900290517,0.0200273283746008,-4.173560201527052,0,0.0052652383455491,1249,2014-12-31,6.0173220572945496e-18,6.0173220572945496e-18,-0.052944451258664,0.0305617673006664,0.0,0.0,0.0
2015-01-16,2015-01-19,2015-01-20,net_cashflows,EUR,0.95,IN_FHS1250,JPY,-0.0029752741326333,0.0094490559120751,0.0129215818130263,-4.617594809324568,0,0.0034725259009511,1249,2014-12-31,6.0173220572945496e-18,6.0173220572945496e-18,-0.0266020805950759,0.0356544723837767,2015-01-19,2015-01-20,-0.0029752741326333,0.0094490559120751,0.0129215818130263,-4.617594809324568,0,0.0034725259009511,1249,2014-12-31,6.0173220572945496e-18,6.0173220572945496e-18,-0.0266020805950759,0.0356544723837767,0.0,0.0,0.0
2015-01-16,2015-01-19,2015-01-20,net_cashflows,EUR,0.99,IN_FHS1250,JPY,-0.0029752741326333,0.0143094121178279,0.0186053918836985,-4.215203573483642,0,0.0042959797658705,1249,2014-12-31,6.0173220572945496e-18,6.0173220572945496e-18,-0.0266020805950759,0.0356544723837767,2015-01-19,2015-01-20,-0.0029752741326333,0.0143094121178279,0.0186053918836985,-4.215203573483642,0,0.0042959797658705,1249,2014-12-31,6.0173220572945496e-18,6.0173220572945496e-18,-0.0266020805950759,0.0356544723837767,0.0,0.0,0.0
2015-01-16,2015-01-19,2015-01-20,net_cashflows,USD,0.95,IN_FHS1250,JPY,-0.0029694463941813,0.0094177223707249,0.0129928754132253,-4.618516690899204,0,0.0035751530425003,1249,2014-12-31,6.0173220572945496e-18,6.0173220572945496e-18,-0.0262808367632699,0.0354243378397959,2015-01-19,2015-01-20,-0.0029694463941813,0.0094177223707249,0.0129928754132253,-4.618516690899204,0,0.0035751530425003,1249,2014-12-31,6.0173220572945496e-18,6.0173220572945496e-18,-0.0262808367632699,0.0354243378397959,0.0,0.0,0.0
2015-01-16,2015-01-19,2015-01-20,net_cashflows,USD,0.99,IN_FHS1250,JPY,-0.0029694463941813,0.0145789429498927,0.0187685043651121,-4.19879809059843,0,0.0041895614152194,1249,2014-12-31,6.0173220572945496e-18,6.0173220572945496e-18,-0.0262808367632699,0.0354243378397959,2015-01-19,2015-01-20,-0.0029694463941813,0.0145789429498927,0.0187685043651121,-4.19879809059843,0,0.0041895614152194,1249,2014-12-31,6.0173220572945496e-18,6.0173220572945496e-18,-0.0262808367632699,0.0354243378397959,0.0,0.0,0.0
2015-01-16,2015-01-19,2015-01-20,funded_assets,EUR,0.95,IN_TCOP1250,JPY,-0.0002756938054018,0.0101618616560209,0.0132910105383366,-4.556100853046884,0,0.0031291488823156,16384,2014-12-31,1.2414114874959027e-17,1.2414114874959027e-17,-0.056911584346986,0.0311153287747266,2015-01-19,2015-01-20,-0.0002756938054018,0.0101412365928524,0.0133205567832505,-4.557124539322186,0,0.0031793201903981,65536,2014-12-31,1.2668648275608945e-17,1.2668648275608945e-17,-0.056911584346986,0.0466664453602943,0.002033781874592731,0.002218093837567809,0.0010236862753023601
2015-01-16,2015-01-19,2015-01-20,funded_assets,EUR,0.99,IN_TCOP1250,JPY,-0.0002756938054018,0.0151096120482687,0.0185296101038534,-4.172954628253722,0,0.0034199980555846,16384,2014-12-31,1.2414114874959027e-17,1.2414114874959027e-17,-0.056911584346986,0.0311153287747266,2015-01-19,2015-01-20,-0.0002756938054018,0.0151105746102525,0.0185903036744829,-4.17229492805583,0,0.0034797290642304,65536,2014-12-31,1.2668648275608945e-17,1.2668648275608945e-17,-0.056911584346986,0.0466664453602943,6.37012164412902e-05,0.003264797159435713,0.0006597001978914108
2015-01-16,2015-01-19,2015-01-20,funded_assets,USD,0.95,IN_TCOP1250,JPY,-0.0002828147703249,0.0101830546212412,0.0133491640627321,-4.5534781203303965,0,0.0031661094414908,16384,2014-12-31,1.2414114874959027e-17,1.2414114874959027e-17,-0.0552591710590622,0.0314434833606859,2015-01-19,2015-01-20,-0.0002828147703249,0.0101596259475142,0.0133770306173519,-4.554733280286836,0,0.0032174046698376,65536,2014-12-31,1.2668648275608945e-17,1.2668648275608945e-17,-0.0552591710590622,0.0480399099041046,0.002306056723745092,0.00208316444934007,0.0012551599564396554
2015-01-16,2015-01-19,2015-01-20,funded_assets,USD,0.99,IN_TCOP1250,JPY,-0.0002828147703249,0.0152470986444094,0.0186597547713068,-4.164274809539916,0,0.0034126561268973,16384,2014-12-31,1.2414114874959027e-17,1.2414114874959027e-17,-0.0552591710590622,0.0314434833606859,2015-01-19,2015-01-20,-0.0002828147703249,0.0151966104758295,0.0187313423026055,-4.166263907781128,0,0.0035347318267759,65536,2014-12-31,1.2668648275608945e-17,1.2668648275608945e-17,-0.0552591710590622,0.0480399099041046,0.003322330901367908,0.0038218046599224867,0.001989098241212517
2015-01-16,2015-01-19,2015-01-20,net_cashflows,EUR,0.95,IN_TCOP1250,JPY,-0.0029752741326333,0.009896969406968,0.0131627279048858,-4.578472598127465,0,0.0032657584979177,16384,2014-12-31,1.2414114874959027e-17,1.2414114874959027e-17,-0.0365877130675789,0.0301653573494832,2015-01-19,2015-01-20,-0.0029752741326333,0.0098541353095524,0.0131918553755461,-4.581169351336098,0,0.0033377200659937,65536,2014-12-31,1.2668648275608945e-17,1.2668648275608945e-17,-0.0365877130675789,0.0490570883999498,0.004346814415474655,0.0022079889318899894,0.0026967532086326074
2015-01-16,2015-01-19,2015-01-20,net_cashflows,EUR,0.99,IN_TCOP1250,JPY,-0.0029752741326333,0.0152288247285939,0.0185180245266384,-4.16663224972998,0,0.0032891997980445,16384,2014-12-31,1.2414114874959027e-17,1.2414114874959027e-17,-0.0365877130675789,0.0301653573494832,2015-01-19,2015-01-20,-0.0029752741326333,0.0151151289529133,0.018709893769511,-4.1708345763037835,0,0.0035947648165976,65536,2014-12-31,1.2668648275608945e-17,1.2668648275608945e-17,-0.0365877130675789,0.0490570883999498,0.007521985160350635,0.010254961638812794,0.004202326573803816
2015-01-16,2015-01-19,2015-01-20,net_cashflows,USD,0.95,IN_TCOP1250,JPY,-0.0029694463941813,0.0099387753912219,0.0132727861664347,-4.573230970951784,0,0.0033340107752127,16384,2014-12-31,1.2414114874959027e-17,1.2414114874959027e-17,-0.0343942282957865,0.0302551079549758,2015-01-19,2015-01-20,-0.0029694463941813,0.0099090395403555,0.013302466694184,-4.574903382147344,0,0.0033934271538285,65536,2014-12-31,1.2668648275608945e-17,1.2668648275608945e-17,-0.0343942282957865,0.0496987557959954,0.0030008812403360652,0.0022312048157412958,0.0016724111955594978
2015-01-16,2015-01-19,2015-01-20,net_cashflows,USD,0.99,IN_TCOP1250,JPY,-0.0029694463941813,0.0153568925164918,0.0187568002748635,-4.157461584185784,0,0.0033999077583716,16384,2014-12-31,1.2414114874959027e-17,1.2414114874959027e-17,-0.0343942282957865,0.0302551079549758,2015-01-19,2015-01-20,-0.0029694463941813,0.0152512363624391,0.018953412330046,-4.161101606728455,0,0.0037021759676068,65536,2014-12-31,1.2668648275608945e-17,1.2668648275608945e-17,-0.0343942282957865,0.0496987557959954,0.006927710746973362,0.010373438395091495,0.003640022542671595
2015-01-16,2015-01-19,2015-01-20,funded_assets,EUR,0.95,IN_FHS1250,CHF,-0.0002756938054018,0.0834506273577181,0.104210778704065,-2.4605528036050672,0,0.0207601513463468,1249,2014-12-31,2.775557561562892e-17,2.775557561562892e-17,-0.1855149482085705,0.1847431607322598,2015-01-19,2015-01-20,-0.0002756938054018,0.0834506273577181,0.104210778704065,-2.4605528036050672,0,0.0207601513463468,1249,2014-12-31,2.775557561562892e-17,2.775557561562892e-17,-0.1855149482085705,0.1847431607322598,0.0,0.0,0.0
2015-01-16,2015-01-19,2015-01-20,funded_assets,EUR,0.99,IN_FHS1250,CHF,-0.0002756938054018,0.1175983540469177,0.1412858539394008,-2.124626665449182,0,0.0236874998924831,1249,2014-12-31,2.775557561562892e-17,2.775557561562892e-17,-0.1855149482085705,0.1847431607322598,2015-01-19,2015-01-20,-0.0002756938054018,0.1175983540469177,0.1412858539394008,-2.124626665449182,0,0.0236874998924831,1249,2014-12-31,2.775557561562892e-17,2.775557561562892e-17,-0.1855149482085705,0.1847431607322598,0.0,0.0,0.0
2015-01-16,2015-01-19,2015-01-20,funded_assets,USD,0.95,IN_FHS1250,CHF,-0.0002828147703249,0.0887803437306589,0.1225241640756698,-2.374852442749219,0,0.0337438203450109,1249,2014-12-31,2.775557561562892e-17,2.775557561562892e-17,-0.1805911739902091,0.2791250089458725,2015-01-19,2015-01-20,-0.0002828147703249,0.0887803437306589,0.1225241640756698,-2.374852442749219,0,0.0337438203450109,1249,2014-12-31,2.775557561562892e-17,2.775557561562892e-17,-0.1805911739902091,0.2791250089458725,0.0,0.0,0.0
2015-01-16,2015-01-19,2015-01-20,funded_assets,USD,0.99,IN_FHS1250,CHF,-0.0002828147703249,0.1400059121542731,0.1954388591303563,-1.9161408790360936,0,0.0554329469760832,1249,2014-12-31,2.775557561562892e-17,2.775557561562892e-17,-0.1805911739902091,0.2791250089458725,2015-01-19,2015-01-20,-0.0002828147703249,0.1400059121542731,0.1954388591303563,-1.9161408790360936,0,0.0554329469760832,1249,2014-12-31,2.775557561562892e-17,2.775557561562892e-17,-0.1805911739902091,0.2791250089458725,0.0,0.0,0.0
2015-01-16,2015-01-19,2015-01-20,net_cashflows,EUR,0.95,IN_FHS1250,CHF,-0.0029752741326333,0.0195098871618579,0.0276981022787807,-3.8820150648680825,0,0.0081882151169228,1249,2014-12-31,2.775557561562892e-17,2.775557561562892e-17,-0.0654318781801152,0.0677520455693691,2015-01-19,2015-01-20,-0.0029752741326333,0.0195098871618579,0.0276981022787807,-3.8820150648680825,0,0.0081882151169228,1249,2014-12-31,2.775557561562892e-17,2.775557561562892e-17,-0.0654318781801152,0.0677520455693691,0.0,0.0,0.0
2015-01-16,2015-01-19,2015-01-20,net_cashflows,EUR,0.99,IN_FHS1250,CHF,-0.0029752741326333,0.0313274911913185,0.0409914398676047,-3.430147304933556,0,0.0096639486762862,1249,2014-12-31,2.775557561562892e-17,2.775557561562892e-17,-0.0654318781801152,0.0677520455693691,2015-01-19,2015-01-20,-0.0029752741326333,0.0313274911913185,0.0409914398676047,-3.430147304933556,0,0.0096639486762862,1249,2014-12-31,2.775557561562892e-17,2.775557561562892e-17,-0.0654318781801152,0.0677520455693691,0.0,0.0,0.0
2015-01-16,2015-01-19,2015-01-20,net_cashflows,USD,0.95,IN_FHS1250,CHF,-0.0029694463941813,0.0197607126474232,0.0274939780116912,-3.875059522460897,0,0.007733265364268,1249,2014-12-31,2.775557561562892e-17,2.775557561562892e-17,-0.064600219712281,0.0680066636603071,2015-01-19,2015-01-20,-0.0029694463941813,0.0197607126474232,0.0274939780116912,-3.875059522460897,0,0.007733265364268,1249,2014-12-31,2.775557561562892e-17,2.775557561562892e-17,-0.064600219712281,0.0680066636603071,0.0,0.0,0.0
2015-01-16,2015-01-19,2015-01-20,net_cashflows,USD,0.99,IN_FHS1250,CHF,-0.0029694463941813,0.0306706465056245,0.040041406283766,-3.451867943193092,0,0.0093707597781415,1249,2014-12-31,2.775557561562892e-17,2.775557561562892e-17,-0.064600219712281,0.0680066636603071,2015-01-19,2015-01-20,-0.0029694463941813,0.0306706465056245,0.040041406283766,-3.451867943193092,0,0.0093707597781415,1249,2014-12-31,2.775557561562892e-17,2.775557561562892e-17,-0.064600219712281,0.0680066636603071,0.0,0.0,0.0
2015-01-16,2015-01-19,2015-01-20,funded_assets,EUR,0.95,IN_TCOP1250,CHF,-0.0002756938054018,0.0833059997978417,0.1058362742757957,-2.458740528965379,0,0.0225302744779539,16384,2014-12-31,7.28583859910259e-17,7.28583859910259e-17,-0.2490105996701094,0.2057484375020069,2015-01-19,2015-01-20,-0.0002756938054018,0.0831167207212353,0.1058148494276864,-2.4605723871585288,0,0.022698128706451,65536,2014-12-31,7.632783294297951e-17,7.632783294297951e-17,-0.2490105996701094,0.2205087692451839,0.0022772683397992125,0.00020247487214862796,0.0018318581931495714
2015-01-16,2015-01-19,2015-01-20,funded_assets,EUR,0.99,IN_TCOP1250,CHF,-0.0002756938054018,0.1192147704972782,0.1382902828508559,-2.116338501700767,0,0.0190755123535776,16384,2014-12-31,7.28583859910259e-17,7.28583859910259e-17,-0.2490105996701094,0.2057484375020069,2015-01-19,2015-01-20,-0.0002756938054018,0.1202943475954506,0.1383430712141458,-2.108482172545576,0,0.0180487236186952,65536,2014-12-31,7.632783294297951e-17,7.632783294297951e-17,-0.2490105996701094,0.2205087692451839,0.008974462389563077,0.00038157576542581864,0.007856329155190966
2015-01-16,2015-01-19,2015-01-20,funded_assets,USD,0.95,IN_TCOP1250,CHF,-0.0002828147703249,0.0908212365886359,0.1187411224600055,-2.365942003566819,0,0.0279198858713696,16384,2014-12-31,7.28583859910259e-17,7.28583859910259e-17,-0.2280596343402133,0.2881163647407272,2015-01-19,2015-01-20,-0.0002828147703249,0.0907643277070839,0.1188220383471969,-2.3662605923663502,0,0.0280577106401129,65536,2014-12-31,7.632783294297951e-17,7.632783294297951e-17,-0.2285124105332844,0.3112480175894181,0.0006269961227021216,0.000680983833613164,0.0003185887995313941
2015-01-16,2015-01-19,2015-01-20,funded_assets,USD,0.99,IN_TCOP1250,CHF,-0.0002828147703249,0.1364888626462572,0.1609316568919061,-1.9786585663238043,0,0.0244427942456489,16384,2014-12-31,7.28583859910259e-17,7.28583859910259e-17,-0.2280596343402133,0.2881163647407272,2015-01-19,2015-01-20,-0.0002828147703249,0.1365776262560825,0.1609610222951987,-1.9780793801634968,0,0.0243833960391161,65536,2014-12-31,7.632783294297951e-17,7.632783294297951e-17,-0.2285124105332844,0.3112480175894181,0.0006499132563547536,0.00018243797705721405,0.0005791861603074988
2015-01-16,2015-01-19,2015-01-20,net_cashflows,EUR,0.95,IN_TCOP1250,CHF,-0.0029752741326333,0.0199936751175177,0.0269745501301652,-3.8716563085325055,0,0.0069808750126475,16384,2014-12-31,7.28583859910259e-17,7.28583859910259e-17,-0.0606670949809759,0.0704323154391462,2015-01-19,2015-01-20,-0.0029752741326333,0.0200558732921,0.0270579557116487,-3.868555116251484,0,0.0070020824195486,65536,2014-12-31,7.632783294297951e-17,7.632783294297951e-17,-0.0739563189691793,0.0943572904796352,0.00310124489103146,0.0030824790450666444,0.0031011922810213477
2015-01-16,2015-01-19,2015-01-20,net_cashflows,EUR,0.99,IN_TCOP1250,CHF,-0.0029752741326333,0.0310972294342424,0.0385402577856162,-3.4491753980967665,0,0.0074430283513738,16384,2014-12-31,7.28583859910259e-17,7.28583859910259e-17,-0.0606670949809759,0.0704323154391462,2015-01-19,2015-01-20,-0.0029752741326333,0.031191746891244,0.038594508883933,-3.4464539544056234,0,0.0074027619926889,65536,2014-12-31,7.632783294297951e-17,7.632783294297951e-17,-0.0739563189691793,0.0943572904796352,0.003030207231776895,0.0014056688343918578,0.0027214436911431328
2015-01-16,2015-01-19,2015-01-20,net_cashflows,USD,0.95,IN_TCOP1250,CHF,-0.0029694463941813,0.019626257130232,0.0265783237053497,-3.8892283321458176,0,0.0069520665751177,16384,2014-12-31,7.28583859910259e-17,7.28583859910259e-17,-0.0531900308430121,0.0724692322320135,2015-01-19,2015-01-20,-0.0029694463941813,0.0198379858261571,0.0266843672441088,-3.880246381464964,0,0.0068463814179516,65536,2014-12-31,7.632783294297951e-17,7.632783294297951e-17,-0.07391126588784,0.1115861273207767,0.01067289279166276,0.003973994878312565,0.008981950680853501
2015-01-16,2015-01-19,2015-01-20,net_cashflows,USD,0.99,IN_TCOP1250,CHF,-0.0029694463941813,0.0307662299363213,0.03787040886771,-3.4611770607190238,0,0.0071041789313886,16384,2014-12-31,7.28583859910259e-17,7.28583859910259e-17,-0.0531900308430121,0.0724692322320135,2015-01-19,2015-01-20,-0.0029694463941813,0.0306213711985933,0.0379101701371876,-3.464800863575805,0,0.0072887989385943,65536,2014-12-31,7.632783294297951e-17,7.632783294297951e-17,-0.07391126588784,0.1115861273207767,0.004730641772653734,0.00104882856852694,0.003623802856781211
2015-01-16,2015-01-19,2015-01-20,funded_assets,EUR,0.95,IN_FHS_REF_POOL,ALL_FIVE,-0.0002756938054018,0.032969463100488,0.0618729235650817,-3.2498149275875665,0,0.0289034604645936,6245,2014-12-31,0.0,0.0,-0.1855149482085705,0.1847431607322598,2015-01-19,2015-01-20,-0.0002756938054018,0.032969463100488,0.0618729235650817,-3.2498149275875665,0,0.0289034604645936,6245,2014-12-31,0.0,0.0,-0.1855149482085705,0.1847431607322598,0.0,0.0,0.0
2015-01-16,2015-01-19,2015-01-20,funded_assets,EUR,0.99,IN_FHS_REF_POOL,ALL_FIVE,-0.0002756938054018,0.0834506273577181,0.104210778704065,-2.4605528036050672,0,0.0207601513463468,6245,2014-12-31,0.0,0.0,-0.1855149482085705,0.1847431607322598,2015-01-19,2015-01-20,-0.0002756938054018,0.0834506273577181,0.104210778704065,-2.4605528036050672,0,0.0207601513463468,6245,2014-12-31,0.0,0.0,-0.1855149482085705,0.1847431607322598,0.0,0.0,0.0
2015-01-16,2015-01-19,2015-01-20,funded_assets,USD,0.95,IN_FHS_REF_POOL,ALL_FIVE,-0.0002828147703249,0.0338645657979844,0.0676633621511024,-3.1927244201524694,0,0.033798796353118,6245,2014-12-31,0.0,0.0,-0.1805911739902091,0.2791250089458725,2015-01-19,2015-01-20,-0.0002828147703249,0.0338645657979844,0.0676633621511024,-3.1927244201524694,0,0.033798796353118,6245,2014-12-31,0.0,0.0,-0.1805911739902091,0.2791250089458725,0.0,0.0,0.0
2015-01-16,2015-01-19,2015-01-20,funded_assets,USD,0.99,IN_FHS_REF_POOL,ALL_FIVE,-0.0002828147703249,0.0887803437306589,0.1225241640756698,-2.374852442749219,0,0.0337438203450109,6245,2014-12-31,0.0,0.0,-0.1805911739902091,0.2791250089458725,2015-01-19,2015-01-20,-0.0002828147703249,0.0887803437306589,0.1225241640756698,-2.374852442749219,0,0.0337438203450109,6245,2014-12-31,0.0,0.0,-0.1805911739902091,0.2791250089458725,0.0,0.0,0.0
2015-01-16,2015-01-19,2015-01-20,net_cashflows,EUR,0.95,IN_FHS_REF_POOL,ALL_FIVE,-0.0029752741326333,0.0145175872051863,0.0206826195911899,-4.176539492320721,0,0.0061650323860036,6245,2014-12-31,0.0,0.0,-0.0654318781801152,0.0677520455693691,2015-01-19,2015-01-20,-0.0029752741326333,0.0145175872051863,0.0206826195911899,-4.176539492320721,0,0.0061650323860036,6245,2014-12-31,0.0,0.0,-0.0654318781801152,0.0677520455693691,0.0,0.0,0.0
2015-01-16,2015-01-19,2015-01-20,net_cashflows,EUR,0.99,IN_FHS_REF_POOL,ALL_FIVE,-0.0029752741326333,0.0239886586765133,0.0305529043796587,-3.7031440290411783,0,0.0065642457031454,6245,2014-12-31,0.0,0.0,-0.0654318781801152,0.0677520455693691,2015-01-19,2015-01-20,-0.0029752741326333,0.0239886586765133,0.0305529043796587,-3.7031440290411783,0,0.0065642457031454,6245,2014-12-31,0.0,0.0,-0.0654318781801152,0.0677520455693691,0.0,0.0,0.0
2015-01-16,2015-01-19,2015-01-20,net_cashflows,USD,0.95,IN_FHS_REF_POOL,ALL_FIVE,-0.0029694463941813,0.0145780825814375,0.0206395890454232,-4.17422773532742,0,0.0060615064639856,6245,2014-12-31,0.0,0.0,-0.064600219712281,0.0680066636603071,2015-01-19,2015-01-20,-0.0029694463941813,0.0145780825814375,0.0206395890454232,-4.17422773532742,0,0.0060615064639856,6245,2014-12-31,0.0,0.0,-0.064600219712281,0.0680066636603071,0.0,0.0,0.0
2015-01-16,2015-01-19,2015-01-20,net_cashflows,USD,0.99,IN_FHS_REF_POOL,ALL_FIVE,-0.0029694463941813,0.0238797150981151,0.0302475492039844,-3.7088640846697034,0,0.0063678341058692,6245,2014-12-31,0.0,0.0,-0.064600219712281,0.0680066636603071,2015-01-19,2015-01-20,-0.0029694463941813,0.0238797150981151,0.0302475492039844,-3.7088640846697034,0,0.0063678341058692,6245,2014-12-31,0.0,0.0,-0.064600219712281,0.0680066636603071,0.0,0.0,0.0
2015-01-16,2015-01-19,2015-01-20,funded_assets,EUR,0.95,IN_TCOP_REF_POOL,ALL_FIVE,-0.0002756938054018,0.0327737854061827,0.063007861879575,-3.2443418635765138,0,0.0302340764733922,81920,2014-12-31,0.0,0.0,-0.2490105996701094,0.2057484375020069,2015-01-19,2015-01-20,-0.0002756938054018,0.0326442303203308,0.06302806498712,-3.246243515879443,0,0.0303838346667892,327680,2014-12-31,0.0,0.0,-0.2490105996701094,0.2205087692451839,0.003968697824411919,0.00032054145322626596,0.0019016523029291577
2015-01-16,2015-01-19,2015-01-20,funded_assets,EUR,0.99,IN_TCOP_REF_POOL,ALL_FIVE,-0.0002756938054018,0.0833059997978417,0.1058362742757957,-2.458740528965379,0,0.0225302744779539,81920,2014-12-31,0.0,0.0,-0.2490105996701094,0.2057484375020069,2015-01-19,2015-01-20,-0.0002756938054018,0.0831167207212353,0.1058148494276864,-2.4605723871585288,0,0.022698128706451,327680,2014-12-31,0.0,0.0,-0.2490105996701094,0.2205087692451839,0.0022772683397992125,0.00020247487214862796,0.0018318581931495714
2015-01-16,2015-01-19,2015-01-20,funded_assets,USD,0.95,IN_TCOP_REF_POOL,ALL_FIVE,-0.0002828147703249,0.0334744318212794,0.0679688900231075,-3.196208805032484,0,0.034494458201828,81920,2014-12-31,0.0,0.0,-0.2280596343402133,0.2881163647407272,2015-01-19,2015-01-20,-0.0002828147703249,0.0334838950597694,0.0679986454411798,-3.1958474635214245,0,0.0345147503814103,327680,2014-12-31,0.0,0.0,-0.2285124105332844,0.3112480175894181,0.00028262059933910734,0.0004375883942869195,0.0003613415110597096
2015-01-16,2015-01-19,2015-01-20,funded_assets,USD,0.99,IN_TCOP_REF_POOL,ALL_FIVE,-0.0002828147703249,0.0908212365886359,0.1187411224600055,-2.365942003566819,0,0.0279198858713696,81920,2014-12-31,0.0,0.0,-0.2280596343402133,0.2881163647407272,2015-01-19,2015-01-20,-0.0002828147703249,0.0907643277070839,0.1188220383471969,-2.3662605923663502,0,0.0280577106401129,327680,2014-12-31,0.0,0.0,-0.2285124105332844,0.3112480175894181,0.0006269961227021216,0.000680983833613164,0.0003185887995313941
2015-01-16,2015-01-19,2015-01-20,net_cashflows,EUR,0.95,IN_TCOP_REF_POOL,ALL_FIVE,-0.0029752741326333,0.0149158844522397,0.0206640461007449,-4.157532118846234,0,0.0057481616485051,81920,2014-12-31,0.0,0.0,-0.0606670949809759,0.0704323154391462,2015-01-19,2015-01-20,-0.0029752741326333,0.014917739368895,0.0206968001087506,-4.157001016758404,0,0.0057790607398556,327680,2014-12-31,0.0,0.0,-0.0739563189691793,0.0943572904796352,0.0001243430126664333,0.0015825638665684996,0.0005311020878302486
2015-01-16,2015-01-19,2015-01-20,net_cashflows,EUR,0.99,IN_TCOP_REF_POOL,ALL_FIVE,-0.0029752741326333,0.0240073784502552,0.0301073891442186,-3.705593075788508,0,0.0061000106939633,81920,2014-12-31,0.0,0.0,-0.0606670949809759,0.0704323154391462,2015-01-19,2015-01-20,-0.0029752741326333,0.024081639449287,0.0300843822394897,-3.7032793038625353,0,0.0060027427902026,327680,2014-12-31,0.0,0.0,-0.0739563189691793,0.0943572904796352,0.0030837185810452185,0.0007647457922104963,0.0023137719259724854
2015-01-16,2015-01-19,2015-01-20,net_cashflows,USD,0.95,IN_TCOP_REF_POOL,ALL_FIVE,-0.0029694463941813,0.014917596979135,0.0205781079820941,-4.158601902004753,0,0.0056605110029591,81920,2014-12-31,0.0,0.0,-0.0531900308430121,0.0724692322320135,2015-01-19,2015-01-20,-0.0029694463941813,0.0149246550587833,0.0206163249828967,-4.157747915441982,0,0.0056916699241134,327680,2014-12-31,0.0,0.0,-0.07391126588784,0.1115861273207767,0.0004729140888348629,0.0018537251830433392,0.0008539865627703591
2015-01-16,2015-01-19,2015-01-20,net_cashflows,USD,0.99,IN_TCOP_REF_POOL,ALL_FIVE,-0.0029694463941813,0.0238933811520401,0.0298431626319192,-3.711167852403394,0,0.0059497814798791,81920,2014-12-31,0.0,0.0,-0.0531900308430121,0.0724692322320135,2015-01-19,2015-01-20,-0.0029694463941813,0.023997117538788,0.0298396284332879,-3.707714994772159,0,0.0058425108944998,327680,2014-12-31,0.0,0.0,-0.07391126588784,0.1115861273207767,0.004322868635377656,0.00011843976674184217,0.003452857631235151
2018-05-02,2018-05-03,2018-05-04,funded_assets,EUR,0.95,HS1250,ALL_EQUIVARIANT,-0.0017662246558688,0.0052229601669512,0.0073641336095277,-5.201890878505721,0,0.0021411734425764,1249,2017-12-29,3.848917712323541e-18,3.848917712323541e-18,-0.0480071990023426,0.0158579005713657,2018-05-03,2018-05-04,-0.0017662246558688,0.0052229601669512,0.0073641336095277,-5.201890878505721,0,0.0021411734425764,1249,2017-12-29,3.848917712323541e-18,3.848917712323541e-18,-0.0480071990023426,0.0158579005713657,0.0,0.0,0.0
2018-05-02,2018-05-03,2018-05-04,funded_assets,EUR,0.99,HS1250,ALL_EQUIVARIANT,-0.0017662246558688,0.0082304344029651,0.0109504942560314,-4.762766766731343,0,0.0027200598530663,1249,2017-12-29,3.848917712323541e-18,3.848917712323541e-18,-0.0480071990023426,0.0158579005713657,2018-05-03,2018-05-04,-0.0017662246558688,0.0082304344029651,0.0109504942560314,-4.762766766731343,0,0.0027200598530663,1249,2017-12-29,3.848917712323541e-18,3.848917712323541e-18,-0.0480071990023426,0.0158579005713657,0.0,0.0,0.0
2018-05-02,2018-05-03,2018-05-04,funded_assets,USD,0.95,HS1250,ALL_EQUIVARIANT,-0.0017578758407685,0.0053072881200842,0.0074418941175805,-5.187466260667393,0,0.0021346059974962,1249,2017-12-29,3.848917712323541e-18,3.848917712323541e-18,-0.0476807556736499,0.0159662234291164,2018-05-03,2018-05-04,-0.0017578758407685,0.0053072881200842,0.0074418941175805,-5.187466260667393,0,0.0021346059974962,1249,2017-12-29,3.848917712323541e-18,3.848917712323541e-18,-0.0476807556736499,0.0159662234291164,0.0,0.0,0.0
2018-05-02,2018-05-03,2018-05-04,funded_assets,USD,0.99,HS1250,ALL_EQUIVARIANT,-0.0017578758407685,0.0080236246759243,0.0111068320154488,-4.777790430893384,0,0.0030832073395244,1249,2017-12-29,3.848917712323541e-18,3.848917712323541e-18,-0.0476807556736499,0.0159662234291164,2018-05-03,2018-05-04,-0.0017578758407685,0.0080236246759243,0.0111068320154488,-4.777790430893384,0,0.0030832073395244,1249,2017-12-29,3.848917712323541e-18,3.848917712323541e-18,-0.0476807556736499,0.0159662234291164,0.0,0.0,0.0
2018-05-02,2018-05-03,2018-05-04,net_cashflows,EUR,0.95,HS1250,ALL_EQUIVARIANT,0.0009546437203515,0.0039072503315501,0.0059783263860852,-5.466045362190531,0,0.002071076054535,1249,2017-12-29,3.848917712323541e-18,3.848917712323541e-18,-0.0104938768751676,0.0325408805856996,2018-05-03,2018-05-04,0.0009546437203515,0.0039072503315501,0.0059783263860852,-5.466045362190531,0,0.002071076054535,1249,2017-12-29,3.848917712323541e-18,3.848917712323541e-18,-0.0104938768751676,0.0325408805856996,0.0,0.0,0.0
2018-05-02,2018-05-03,2018-05-04,net_cashflows,EUR,0.99,HS1250,ALL_EQUIVARIANT,0.0009546437203515,0.0068317421245577,0.0106490735845173,-4.900748438868638,0,0.0038173314599595,1249,2017-12-29,3.848917712323541e-18,3.848917712323541e-18,-0.0104938768751676,0.0325408805856996,2018-05-03,2018-05-04,0.0009546437203515,0.0068317421245577,0.0106490735845173,-4.900748438868638,0,0.0038173314599595,1249,2017-12-29,3.848917712323541e-18,3.848917712323541e-18,-0.0104938768751676,0.0325408805856996,0.0,0.0,0.0
2018-05-02,2018-05-03,2018-05-04,net_cashflows,USD,0.95,HS1250,ALL_EQUIVARIANT,0.0009487563142111,0.0039091746207436,0.0060108414100291,-5.463836560797839,0,0.0021016667892854,1249,2017-12-29,3.848917712323541e-18,3.848917712323541e-18,-0.0103725743476991,0.0323130672283502,2018-05-03,2018-05-04,0.0009487563142111,0.0039091746207436,0.0060108414100291,-5.463836560797839,0,0.0021016667892854,1249,2017-12-29,3.848917712323541e-18,3.848917712323541e-18,-0.0103725743476991,0.0323130672283502,0.0,0.0,0.0
2018-05-02,2018-05-03,2018-05-04,net_cashflows,USD,0.99,HS1250,ALL_EQUIVARIANT,0.0009487563142111,0.0068684630061137,0.0107151708645074,-4.895091112539469,0,0.0038467078583936,1249,2017-12-29,3.848917712323541e-18,3.848917712323541e-18,-0.0103725743476991,0.0323130672283502,2018-05-03,2018-05-04,0.0009487563142111,0.0068684630061137,0.0107151708645074,-4.895091112539469,0,0.0038467078583936,1249,2017-12-29,3.848917712323541e-18,3.848917712323541e-18,-0.0103725743476991,0.0323130672283502,0.0,0.0,0.0
2018-05-02,2018-05-03,2018-05-04,funded_assets,EUR,0.95,EWMA_GAUSS,ALL_EQUIVARIANT,-0.0017662246558688,0.0036474057247722,0.0045816233253579,-5.589607276071245,0,0.0009342176005857,16384,2017-12-29,3.191620145254204e-18,3.191620145254204e-18,-0.008667161742943,0.0084775391666942,2018-05-03,2018-05-04,-0.0017662246558688,0.0036522937356811,0.0045727090697454,-5.588933928186937,0,0.0009204153340643,65536,2017-12-29,3.191620145254204e-18,3.191620145254204e-18,-0.0092610790291727,0.0101878519302869,0.0013383400303065465,0.0019494473574713418,0.000673347884307951
2018-05-02,2018-05-03,2018-05-04,funded_assets,EUR,0.99,EWMA_GAUSS,ALL_EQUIVARIANT,-0.0017662246558688,0.0051971400994705,0.0058833468254299,-5.252264927651393,0,0.0006862067259593,16384,2017-12-29,3.191620145254204e-18,3.191620145254204e-18,-0.008667161742943,0.0084775391666942,2018-05-03,2018-05-04,-0.0017662246558688,0.0051641735021627,0.0059145625606768,-5.257209176745253,0,0.0007503890585141,65536,2017-12-29,3.191620145254204e-18,3.191620145254204e-18,-0.0092610790291727,0.0101878519302869,0.006383712184339685,0.0052777758163281745,0.004944249093859376
2018-05-02,2018-05-03,2018-05-04,funded_assets,USD,0.95,EWMA_GAUSS,ALL_EQUIVARIANT,-0.0017578758407685,0.0036721278949258,0.0046128443849416,-5.582844757112576,0,0.0009407164900158,16384,2017-12-29,3.191620145254204e-18,3.191620145254204e-18,-0.0085425852150627,0.0086307213334034,2018-05-03,2018-05-04,-0.0017578758407685,0.0036721075267499,0.004603661829018,-5.583253965970709,0,0.0009315543022681,65536,2017-12-29,3.191620145254204e-18,3.191620145254204e-18,-0.0090201762519971,0.0103868146916031,5.54672643745602e-06,0.0019946199926588323,0.0004092088581328923
2018-05-02,2018-05-03,2018-05-04,funded_assets,USD,0.99,EWMA_GAUSS,ALL_EQUIVARIANT,-0.0017578758407685,0.0052237507886836,0.0059315548305521,-5.246797487454463,0,0.0007078040418684,16384,2017-12-29,3.191620145254204e-18,3.191620145254204e-18,-0.0085425852150627,0.0086307213334034,2018-05-03,2018-05-04,-0.0017578758407685,0.0052011669809557,0.0059637800415359,-5.249924873040937,0,0.0007626130605801,65536,2017-12-29,3.191620145254204e-18,3.191620145254204e-18,-0.0090201762519971,0.0103868146916031,0.0043420655038748585,0.005403487512846126,0.003127385586473963
2018-05-02,2018-05-03,2018-05-04,net_cashflows,EUR,0.95,EWMA_GAUSS,ALL_EQUIVARIANT,0.0009546437203515,0.0023707835156361,0.0029858255199859,-6.01986626979178,0,0.0006150420043497,16384,2017-12-29,3.191620145254204e-18,3.191620145254204e-18,-0.0056691377267657,0.0059269838764837,2018-05-03,2018-05-04,0.0009546437203515,0.0023766750777834,0.0029872044587453,-6.017798810262096,0,0.0006105293809619,65536,2017-12-29,3.191620145254204e-18,3.191620145254204e-18,-0.0058123190185644,0.0066628521662346,0.0024789093815865103,0.0004616151249248808,0.0020674595296847897
2018-05-02,2018-05-03,2018-05-04,net_cashflows,EUR,0.99,EWMA_GAUSS,ALL_EQUIVARIANT,0.0009546437203515,0.0034012404627035,0.0038684035820664,-5.675677168879548,0,0.0004671631193629,16384,2017-12-29,3.191620145254204e-18,3.191620145254204e-18,-0.0056691377267657,0.0059269838764837,2018-05-03,2018-05-04,0.0009546437203515,0.0033693944572722,0.0038566068406566,-5.684299416537305,0,0.0004872123833844,65536,2017-12-29,3.191620145254204e-18,3.191620145254204e-18,-0.0058123190185644,0.0066628521662346,0.009451551557748378,0.003058839518054569,0.00862224765775732
2018-05-02,2018-05-03,2018-05-04,net_cashflows,USD,0.95,EWMA_GAUSS,ALL_EQUIVARIANT,0.0009487563142111,0.0023759072772749,0.0030011772461875,-6.017092218425519,0,0.0006252699689125,16384,2017-12-29,3.191620145254204e-18,3.191620145254204e-18,-0.005609134548422,0.0059769119747333,2018-05-03,2018-05-04,0.0009487563142111,0.0023901604992395,0.0030022814899721,-6.012268058860873,0,0.0006121209907325,65536,2017-12-29,3.191620145254204e-18,3.191620145254204e-18,-0.0057614875388069,0.006702114439218,0.005963290736808298,0.00036780154968428454,0.004824159564646102
2018-05-02,2018-05-03,2018-05-04,net_cashflows,USD,0.99,EWMA_GAUSS,ALL_EQUIVARIANT,0.0009487563142111,0.0034215010371547,0.0038928579378898,-5.669694184581974,0,0.000471356900735,16384,2017-12-29,3.191620145254204e-18,3.191620145254204e-18,-0.005609134548422,0.0059769119747333,2018-05-03,2018-05-04,0.0009487563142111,0.0033888345621725,0.0038815722654393,-5.678457797641404,0,0.0004927377032667,65536,2017-12-29,3.191620145254204e-18,3.191620145254204e-18,-0.0057614875388069,0.006702114439218,0.009639442227967115,0.002907500280488204,0.008763613059429964
2018-05-02,2018-05-03,2018-05-04,funded_assets,EUR,0.95,EWMA_SELFNORMALIZED,ALL_EQUIVARIANT,-0.0017662246558688,0.0036382668836434,0.0045740692953274,-5.591940628910123,0,0.0009358024116839,16384,2017-12-29,3.2526065174565133e-18,3.2526065174565133e-18,-0.0091520711139833,0.0079692258143213,2018-05-03,2018-05-04,-0.0017662246558688,0.0036728555162739,0.0046095118769048,-5.582834080663064,0,0.0009366563606308,65536,2017-12-29,3.2526065174565133e-18,3.2526065174565133e-18,-0.009532920631485,0.0085060474881742,0.009417368169600643,0.007689009709461707,0.009106548247059365
2018-05-02,2018-05-03,2018-05-04,funded_assets,EUR,0.99,EWMA_SELFNORMALIZED,ALL_EQUIVARIANT,-0.0017662246558688,0.0051844232188912,0.0058988549063677,-5.254110653271012,0,0.0007144316874764,16384,2017-12-29,3.2526065174565133e-18,3.2526065174565133e-18,-0.0091520711139833,0.0079692258143213,2018-05-03,2018-05-04,-0.0017662246558688,0.0052102617932187,0.0059758550249007,-5.248142516215426,0,0.0007655932316819,65536,2017-12-29,3.2526065174565133e-18,3.2526065174565133e-18,-0.009532920631485,0.0085060474881742,0.004959170067256408,0.012885205248813673,0.005968137055586631
2018-05-02,2018-05-03,2018-05-04,funded_assets,USD,0.95,EWMA_SELFNORMALIZED,ALL_EQUIVARIANT,-0.0017578758407685,0.0036684015014412,0.0046051017067829,-5.583995413189078,0,0.0009367002053417,16384,2017-12-29,3.2526065174565133e-18,3.2526065174565133e-18,-0.0089852352187842,0.0081556629514134,2018-05-03,2018-05-04,-0.0017578758407685,0.0036928538232681,0.0046409840828705,-5.577123938126364,0,0.0009481302596024,65536,2017-12-29,3.2526065174565133e-18,3.2526065174565133e-18,-0.0093437845321571,0.0085866651841213,0.006621524435337615,0.007731630931474075,0.006871475062713905
2018-05-02,2018-05-03,2018-05-04,funded_assets,USD,0.99,EWMA_SELFNORMALIZED,ALL_EQUIVARIANT,-0.0017578758407685,0.0052316877362638,0.0059521023890904,-5.245046105093793,0,0.0007204146528265,16384,2017-12-29,3.2526065174565133e-18,3.2526065174565133e-18,-0.0089852352187842,0.0081556629514134,2018-05-03,2018-05-04,-0.0017578758407685,0.0052497841725076,0.0060275521720343,-5.240449757643562,0,0.0007777679995266,65536,2017-12-29,3.2526065174565133e-18,3.2526065174565133e-18,-0.0093437845321571,0.0085866651841213,0.0034470819464479862,0.01251748318230423,0.004596347450230631
2018-05-02,2018-05-03,2018-05-04,net_cashflows,EUR,0.95,EWMA_SELFNORMALIZED,ALL_EQUIVARIANT,0.0009546437203515,0.0024194428936367,0.0030515479093419,-5.999248724866277,0,0.0006321050157051,16384,2017-12-29,3.2526065174565133e-18,3.2526065174565133e-18,-0.0052510432012681,0.0053531809363381,2018-05-03,2018-05-04,0.0009546437203515,0.0023876916672471,0.0030133923571771,-6.012328772987955,0,0.0006257006899299,65536,2017-12-29,3.2526065174565133e-18,3.2526065174565133e-18,-0.0061847190342432,0.0062293949913823,0.013297875443946216,0.012661992745127727,0.013080048121677734
2018-05-02,2018-05-03,2018-05-04,net_cashflows,EUR,0.99,EWMA_SELFNORMALIZED,ALL_EQUIVARIANT,0.0009546437203515,0.0034434547401102,0.0039390550949231,-5.662631474047318,0,0.0004956003548128,16384,2017-12-29,3.2526065174565133e-18,3.2526065174565133e-18,-0.0052510432012681,0.0053531809363381,2018-05-03,2018-05-04,0.0009546437203515,0.0034177369003508,0.0038901610928088,-5.670745488896388,0,0.000472424192458,65536,2017-12-29,3.2526065174565133e-18,3.2526065174565133e-18,-0.0061847190342432,0.0062293949913823,0.007524815545854359,0.01256863172187996,0.008114014849070372
2018-05-02,2018-05-03,2018-05-04,net_cashflows,USD,0.95,EWMA_SELFNORMALIZED,ALL_EQUIVARIANT,0.0009487563142111,0.002431335593293,0.0030669319261439,-5.994319337510706,0,0.0006355963328508,16384,2017-12-29,3.2526065174565133e-18,3.2526065174565133e-18,-0.0052313775971466,0.0053785253638905,2018-05-03,2018-05-04,0.0009487563142111,0.0024008553762571,0.0030284604571038,-6.006936574716524,0,0.0006276050808466,65536,2017-12-29,3.2526065174565133e-18,3.2526065174565133e-18,-0.0061845980000125,0.0062416296737286,0.012695565646031609,0.012703309019557574,0.0126172372058182
2018-05-02,2018-05-03,2018-05-04,net_cashflows,USD,0.99,EWMA_SELFNORMALIZED,ALL_EQUIVARIANT,0.0009487563142111,0.0034733899912393,0.0039641802088093,-5.6542624349369595,0,0.00049079021757,16384,2017-12-29,3.2526065174565133e-18,3.2526065174565133e-18,-0.0052313775971466,0.0053785253638905,2018-05-03,2018-05-04,0.0009487563142111,0.0034329285185005,0.0039142717887084,-5.666097318212715,0,0.0004813432702079,65536,2017-12-29,3.2526065174565133e-18,3.2526065174565133e-18,-0.0061845980000125,0.0062416296737286,0.01178628466067618,0.012750371664244647,0.011834883275755104
2018-05-02,2018-05-03,2018-05-04,funded_assets,EUR,0.95,IN_FHS1250,EUR,-0.0017662246558688,0.0044859536734641,0.0059664941142353,-5.369738220157717,0,0.0014805404407711,1249,2017-12-29,3.144186300207963e-18,3.144186300207963e-18,-0.0155989446086696,0.0125499404647073,2018-05-03,2018-05-04,-0.0017662246558688,0.0044859536734641,0.0059664941142353,-5.369738220157717,0,0.0014805404407711,1249,2017-12-29,3.144186300207963e-18,3.144186300207963e-18,-0.0155989446086696,0.0125499404647073,0.0,0.0,0.0
2018-05-02,2018-05-03,2018-05-04,funded_assets,EUR,0.99,IN_FHS1250,EUR,-0.0017662246558688,0.0067671065018509,0.0084691983405524,-4.972293796185323,0,0.0017020918387015,1249,2017-12-29,3.144186300207963e-18,3.144186300207963e-18,-0.0155989446086696,0.0125499404647073,2018-05-03,2018-05-04,-0.0017662246558688,0.0067671065018509,0.0084691983405524,-4.972293796185323,0,0.0017020918387015,1249,2017-12-29,3.144186300207963e-18,3.144186300207963e-18,-0.0155989446086696,0.0125499404647073,0.0,0.0,0.0
2018-05-02,2018-05-03,2018-05-04,funded_assets,USD,0.95,IN_FHS1250,EUR,-0.0017578758407685,0.004507990239298,0.0060229052362666,-5.3637111625421,0,0.0015149149969685,1249,2017-12-29,3.144186300207963e-18,3.144186300207963e-18,-0.0152944325869995,0.0126143677602037,2018-05-03,2018-05-04,-0.0017578758407685,0.004507990239298,0.0060229052362666,-5.3637111625421,0,0.0015149149969685,1249,2017-12-29,3.144186300207963e-18,3.144186300207963e-18,-0.0152944325869995,0.0126143677602037,0.0,0.0,0.0
2018-05-02,2018-05-03,2018-05-04,funded_assets,USD,0.99,IN_FHS1250,EUR,-0.0017578758407685,0.006870467046011,0.0085735074495893,-4.95771822924427,0,0.0017030404035783,1249,2017-12-29,3.144186300207963e-18,3.144186300207963e-18,-0.0152944325869995,0.0126143677602037,2018-05-03,2018-05-04,-0.0017578758407685,0.006870467046011,0.0085735074495893,-4.95771822924427,0,0.0017030404035783,1249,2017-12-29,3.144186300207963e-18,3.144186300207963e-18,-0.0152944325869995,0.0126143677602037,0.0,0.0,0.0
2018-05-02,2018-05-03,2018-05-04,net_cashflows,EUR,0.95,IN_FHS1250,EUR,0.0009546437203515,0.003181531770848,0.0043740140644155,-5.704702961393668,0,0.0011924822935675,1249,2017-12-29,3.144186300207963e-18,3.144186300207963e-18,-0.0090019151862746,0.0072852408889627,2018-05-03,2018-05-04,0.0009546437203515,0.003181531770848,0.0043740140644155,-5.704702961393668,0,0.0011924822935675,1249,2017-12-29,3.144186300207963e-18,3.144186300207963e-18,-0.0090019151862746,0.0072852408889627,0.0,0.0,0.0
2018-05-02,2018-05-03,2018-05-04,net_cashflows,EUR,0.99,IN_FHS1250,EUR,0.0009546437203515,0.0051897532904934,0.0062378808711057,-5.245140984205079,0,0.0010481275806123,1249,2017-12-29,3.144186300207963e-18,3.144186300207963e-18,-0.0090019151862746,0.0072852408889627,2018-05-03,2018-05-04,0.0009546437203515,0.0051897532904934,0.0062378808711057,-5.245140984205079,0,0.0010481275806123,1249,2017-12-29,3.144186300207963e-18,3.144186300207963e-18,-0.0090019151862746,0.0072852408889627,0.0,0.0,0.0
2018-05-02,2018-05-03,2018-05-04,net_cashflows,USD,0.95,IN_FHS1250,EUR,0.0009487563142111,0.0031968914379179,0.0044070819989632,-5.699143812845654,0,0.0012101905610453,1249,2017-12-29,3.144186300207963e-18,3.144186300207963e-18,-0.0088144898955178,0.0073767298183951,2018-05-03,2018-05-04,0.0009487563142111,0.0031968914379179,0.0044070819989632,-5.699143812845654,0,0.0012101905610453,1249,2017-12-29,3.144186300207963e-18,3.144186300207963e-18,-0.0088144898955178,0.0073767298183951,0.0,0.0,0.0
2018-05-02,2018-05-03,2018-05-04,net_cashflows,USD,0.99,IN_FHS1250,EUR,0.0009487563142111,0.0052113935605825,0.0063039785086879,-5.239891066695922,0,0.0010925849481053,1249,2017-12-29,3.144186300207963e-18,3.144186300207963e-18,-0.0088144898955178,0.0073767298183951,2018-05-03,2018-05-04,0.0009487563142111,0.0052113935605825,0.0063039785086879,-5.239891066695922,0,0.0010925849481053,1249,2017-12-29,3.144186300207963e-18,3.144186300207963e-18,-0.0088144898955178,0.0073767298183951,0.0,0.0,0.0
2018-05-02,2018-05-03,2018-05-04,funded_assets,EUR,0.95,IN_TCOP1250,EUR,-0.0017662246558688,0.0044521274610268,0.0059402956420781,-5.376517270491785,0,0.0014881681810513,16384,2017-12-29,3.903127820947816e-18,3.903127820947816e-18,-0.0171089976448438,0.0113170742352648,2018-05-03,2018-05-04,-0.0017662246558688,0.0044415566483143,0.0059853098267552,-5.376370861116024,0,0.0015437531784409,65536,2017-12-29,4.865357249028701e-18,4.865357249028701e-18,-0.0177381239068429,0.0158852832017272,0.0023799792616654354,0.007520777700743314,0.00014640937576082536
2018-05-02,2018-05-03,2018-05-04,funded_assets,EUR,0.99,IN_TCOP1250,EUR,-0.0017662246558688,0.0069181302823628,0.0082943684680488,-4.958102901240232,0,0.001376238185686,16384,2017-12-29,3.903127820947816e-18,3.903127820947816e-18,-0.0171089976448438,0.0113170742352648,2018-05-03,2018-05-04,-0.0017662246558688,0.0069365337159465,0.0084249857298516,-4.953224657959053,0,0.0014884520139051,65536,2017-12-29,4.865357249028701e-18,4.865357249028701e-18,-0.0177381239068429,0.0158852832017272,0.002653116720443878,0.015503558817909347,0.004878243281178918
2018-05-02,2018-05-03,2018-05-04,funded_assets,USD,0.95,IN_TCOP1250,EUR,-0.0017578758407685,0.0044707028381556,0.0059907100869146,-5.371272720849535,0,0.0015200072487589,16384,2017-12-29,3.903127820947816e-18,3.903127820947816e-18,-0.0167421634734855,0.0115204930630239,2018-05-03,2018-05-04,-0.0017578758407685,0.0044756457151181,0.0060361465895381,-5.368515459324692,0,0.0015605008744199,65536,2017-12-29,4.865357249028701e-18,4.865357249028701e-18,-0.0173156801562123,0.0161736209029862,0.0011043941538544126,0.007527402118141139,0.002757261524842569
2018-05-02,2018-05-03,2018-05-04,funded_assets,USD,0.99,IN_TCOP1250,EUR,-0.0017578758407685,0.0069907685015442,0.0083892588307612,-4.947503207154393,0,0.0013984903292169,16384,2017-12-29,3.903127820947816e-18,3.903127820947816e-18,-0.0167421634734855,0.0115204930630239,2018-05-03,2018-05-04,-0.0017578758407685,0.0070066585535951,0.0085211179994236,-4.942937860390099,0,0.0015144594458285,65536,2017-12-29,4.865357249028701e-18,4.865357249028701e-18,-0.0173156801562123,0.0161736209029862,0.0022678502069644986,0.015474397687171949,0.004565346764294098
2018-05-02,2018-05-03,2018-05-04,net_cashflows,EUR,0.95,IN_TCOP1250,EUR,0.0009546437203515,0.0032231785318933,0.0044113285484679,-5.692920008140459,0,0.0011881500165746,16384,2017-12-29,3.903127820947816e-18,3.903127820947816e-18,-0.0120867619331282,0.0127283493683153,2018-05-03,2018-05-04,0.0009546437203515,0.0032440518967646,0.0043856301165604,-5.689721668973344,0,0.0011415782197958,65536,2017-12-29,4.865357249028701e-18,4.865357249028701e-18,-0.0139065975563951,0.0155538190746235,0.006434349861085077,0.0058596897650947865,0.003198339167115094
2018-05-02,2018-05-03,2018-05-04,net_cashflows,EUR,0.99,IN_TCOP1250,EUR,0.0009546437203515,0.0050802994428479,0.006418004214297,-5.257078103506593,0,0.0013377047714491,16384,2017-12-29,3.903127820947816e-18,3.903127820947816e-18,-0.0120867619331282,0.0127283493683153,2018-05-03,2018-05-04,0.0009546437203515,0.0050881669775145,0.0063206504553022,-5.258926295765457,0,0.0012324834777877,65536,2017-12-29,4.865357249028701e-18,4.865357249028701e-18,-0.0139065975563951,0.0155538190746235,0.0015462414463534731,0.015402490563788852,0.00184819225886379
2018-05-02,2018-05-03,2018-05-04,net_cashflows,USD,0.95,IN_TCOP1250,EUR,0.0009487563142111,0.0032399358600394,0.0044417459019071,-5.687279301583189,0,0.0012018100418676,16384,2017-12-29,3.903127820947816e-18,3.903127820947816e-18,-0.0118118095709518,0.0128436549937433,2018-05-03,2018-05-04,0.0009487563142111,0.0032598253509132,0.0044157333036941,-5.684351692452927,0,0.0011559079527808,65536,2017-12-29,4.865357249028701e-18,4.865357249028701e-18,-0.0136781560098976,0.0157791777763097,0.006101397692434067,0.005890889785222801,0.002927609130261466
2018-05-02,2018-05-03,2018-05-04,net_cashflows,USD,0.99,IN_TCOP1250,EUR,0.0009487563142111,0.0051242730229842,0.0064811903707078,-5.248213451875687,0,0.0013569173477235,16384,2017-12-29,3.903127820947816e-18,3.903127820947816e-18,-0.0118118095709518,0.0128436549937433,2018-05-03,2018-05-04,0.0009487563142111,0.005134662062284,0.0063807905202678,-5.249757025359871,0,0.0012461284579837,65536,2017-12-29,4.865357249028701e-18,4.865357249028701e-18,-0.0136781560098976,0.0157791777763097,0.0020233151030739265,0.01573470404977126,0.001543573484184435
2018-05-02,2018-05-03,2018-05-04,funded_assets,EUR,0.95,IN_FHS1250,USD,-0.0017662246558688,0.0046728608582556,0.0062689833914187,-5.3267473548152795,0,0.0015961225331631,1249,2017-12-29,2.5614276324970042e-18,2.5614276324970042e-18,-0.0234262921039061,0.0143257110884696,2018-05-03,2018-05-04,-0.0017662246558688,0.0046728608582556,0.0062689833914187,-5.3267473548152795,0,0.0015961225331631,1249,2017-12-29,2.5614276324970042e-18,2.5614276324970042e-18,-0.0234262921039061,0.0143257110884696,0.0,0.0,0.0
2018-05-02,2018-05-03,2018-05-04,funded_assets,EUR,0.99,IN_FHS1250,USD,-0.0017662246558688,0.0074834422394076,0.0086711785486002,-4.884725751023804,0,0.0011877363091925,1249,2017-12-29,2.5614276324970042e-18,2.5614276324970042e-18,-0.0234262921039061,0.0143257110884696,2018-05-03,2018-05-04,-0.0017662246558688,0.0074834422394076,0.0086711785486002,-4.884725751023804,0,0.0011877363091925,1249,2017-12-29,2.5614276324970042e-18,2.5614276324970042e-18,-0.0234262921039061,0.0143257110884696,0.0,0.0,0.0
2018-05-02,2018-05-03,2018-05-04,funded_assets,USD,0.95,IN_FHS1250,USD,-0.0017578758407685,0.004724960479602,0.0063154779292542,-5.316596196924526,0,0.0015905174496521,1249,2017-12-29,2.5614276324970042e-18,2.5614276324970042e-18,-0.0232750910641051,0.0144086783878489,2018-05-03,2018-05-04,-0.0017578758407685,0.004724960479602,0.0063154779292542,-5.316596196924526,0,0.0015905174496521,1249,2017-12-29,2.5614276324970042e-18,2.5614276324970042e-18,-0.0232750910641051,0.0144086783878489,0.0,0.0,0.0
2018-05-02,2018-05-03,2018-05-04,funded_assets,USD,0.99,IN_FHS1250,USD,-0.0017578758407685,0.0076044800397412,0.0087644021895904,-4.86940166393851,0,0.0011599221498492,1249,2017-12-29,2.5614276324970042e-18,2.5614276324970042e-18,-0.0232750910641051,0.0144086783878489,2018-05-03,2018-05-04,-0.0017578758407685,0.0076044800397412,0.0087644021895904,-4.86940166393851,0,0.0011599221498492,1249,2017-12-29,2.5614276324970042e-18,2.5614276324970042e-18,-0.0232750910641051,0.0144086783878489,0.0,0.0,0.0
2018-05-02,2018-05-03,2018-05-04,net_cashflows,EUR,0.95,IN_FHS1250,USD,0.0009546437203515,0.0028018595171117,0.0039270333244805,-5.826391073260894,0,0.0011251738073688,1249,2017-12-29,2.5614276324970042e-18,2.5614276324970042e-18,-0.00664963973671,0.012659417829692,2018-05-03,2018-05-04,0.0009546437203515,0.0028018595171117,0.0039270333244805,-5.826391073260894,0,0.0011251738073688,1249,2017-12-29,2.5614276324970042e-18,2.5614276324970042e-18,-0.00664963973671,0.012659417829692,0.0,0.0,0.0
2018-05-02,2018-05-03,2018-05-04,net_cashflows,EUR,0.99,IN_FHS1250,USD,0.0009546437203515,0.004398306376546,0.0058349625525936,-5.390102580286097,0,0.0014366561760475,1249,2017-12-29,2.5614276324970042e-18,2.5614276324970042e-18,-0.00664963973671,0.012659417829692,2018-05-03,2018-05-04,0.0009546437203515,0.004398306376546,0.0058349625525936,-5.390102580286097,0,0.0014366561760475,1249,2017-12-29,2.5614276324970042e-18,2.5614276324970042e-18,-0.00664963973671,0.012659417829692,0.0,0.0,0.0
2018-05-02,2018-05-03,2018-05-04,net_cashflows,USD,0.95,IN_FHS1250,USD,0.0009487563142111,0.0028051826485129,0.0039504239104108,-5.823835771251228,0,0.0011452412618978,1249,2017-12-29,2.5614276324970042e-18,2.5614276324970042e-18,-0.0065787402711493,0.0125735730995797,2018-05-03,2018-05-04,0.0009487563142111,0.0028051826485129,0.0039504239104108,-5.823835771251228,0,0.0011452412618978,1249,2017-12-29,2.5614276324970042e-18,2.5614276324970042e-18,-0.0065787402711493,0.0125735730995797,0.0,0.0,0.0
2018-05-02,2018-05-03,2018-05-04,net_cashflows,USD,0.99,IN_FHS1250,USD,0.0009487563142111,0.0044291651262673,0.0058782778823937,-5.383011384811145,0,0.0014491127561263,1249,2017-12-29,2.5614276324970042e-18,2.5614276324970042e-18,-0.0065787402711493,0.0125735730995797,2018-05-03,2018-05-04,0.0009487563142111,0.0044291651262673,0.0058782778823937,-5.383011384811145,0,0.0014491127561263,1249,2017-12-29,2.5614276324970042e-18,2.5614276324970042e-18,-0.0065787402711493,0.0125735730995797,0.0,0.0,0.0
2018-05-02,2018-05-03,2018-05-04,funded_assets,EUR,0.95,IN_TCOP1250,USD,-0.0017662246558688,0.0048991254525007,0.0067156736383322,-5.2738049510595735,0,0.0018165481858314,16384,2017-12-29,4.299539240262829e-18,4.299539240262829e-18,-0.0173020015868444,0.0178518415748998,2018-05-03,2018-05-04,-0.0017662246558688,0.0049350601647607,0.006688365402474,-5.269528330484487,0,0.0017533052377133,65536,2017-12-29,6.240938755369685e-18,6.240938755369685e-18,-0.0248360455453102,0.0202820337074187,0.007281514522679016,0.004082946163213253,0.004276620575086376
2018-05-02,2018-05-03,2018-05-04,funded_assets,EUR,0.99,IN_TCOP1250,USD,-0.0017662246558688,0.0078615091873685,0.0095915815218351,-4.827243532687145,0,0.0017300723344665,16384,2017-12-29,4.299539240262829e-18,4.299539240262829e-18,-0.0173020015868444,0.0178518415748998,2018-05-03,2018-05-04,-0.0017662246558688,0.0078231952714013,0.0094434611902296,-4.834008144986311,0,0.0016202659188283,65536,2017-12-29,6.240938755369685e-18,6.240938755369685e-18,-0.0248360455453102,0.0202820337074187,0.004897476624067024,0.015684962178777014,0.006764612299165584
2018-05-02,2018-05-03,2018-05-04,funded_assets,USD,0.95,IN_TCOP1250,USD,-0.0017578758407685,0.0049345230859746,0.0067721729107569,-5.26628633927862,0,0.0018376498247822,16384,2017-12-29,4.299539240262829e-18,4.299539240262829e-18,-0.0174551680453027,0.0182316531847494,2018-05-03,2018-05-04,-0.0017578758407685,0.0049641701708948,0.0067442619327995,-5.263004890312675,0,0.0017800917619046,65536,2017-12-29,6.240938755369685e-18,6.240938755369685e-18,-0.0242214017175977,0.0205604391405239,0.005972213663025022,0.0041384777512363125,0.0032814489659456214
2018-05-02,2018-05-03,2018-05-04,funded_assets,USD,0.99,IN_TCOP1250,USD,-0.0017578758407685,0.0079281963041486,0.0097022716028643,-4.81824677447462,0,0.0017740752987156,16384,2017-12-29,4.299539240262829e-18,4.299539240262829e-18,-0.0174551680453027,0.0182316531847494,2018-05-03,2018-05-04,-0.0017578758407685,0.0078853710446612,0.0095516757190909,-4.8254902261166395,0,0.0016663046744296,65536,2017-12-29,6.240938755369685e-18,6.240938755369685e-18,-0.0242214017175977,0.0205604391405239,0.005430975821536644,0.015766435984882147,0.0072434516420196715
2018-05-02,2018-05-03,2018-05-04,net_cashflows,EUR,0.95,IN_TCOP1250,USD,0.0009546437203515,0.0027721205011438,0.0039373085677772,-5.833193060236473,0,0.0011651880666333,16384,2017-12-29,4.299539240262829e-18,4.299539240262829e-18,-0.0102105261158101,0.0175672798027803,2018-05-03,2018-05-04,0.0009546437203515,0.0027613095977796,0.0039269083858712,-5.836726357605156,0,0.0011655987880915,65536,2017-12-29,6.240938755369685e-18,6.240938755369685e-18,-0.0102105261158101,0.0175672798027803,0.0039151362718954094,0.0026484401682043083,0.0035332973686825753
2018-05-02,2018-05-03,2018-05-04,net_cashflows,EUR,0.99,IN_TCOP1250,USD,0.0009546437203515,0.0044099864905238,0.0061299643657198,-5.375151639643288,0,0.0017199778751959,16384,2017-12-29,4.299539240262829e-18,4.299539240262829e-18,-0.0102105261158101,0.0175672798027803,2018-05-03,2018-05-04,0.0009546437203515,0.0044574492343589,0.0060933206439987,-5.369031692929752,0,0.0016358714096397,65536,2017-12-29,6.240938755369685e-18,6.240938755369685e-18,-0.0102105261158101,0.0175672798027803,0.010647960602500624,0.0060137524121909045,0.006119946713535995
2018-05-02,2018-05-03,2018-05-04,net_cashflows,USD,0.95,IN_TCOP1250,USD,0.0009487563142111,0.0027881448422907,0.00396121393514,-5.827343539184422,0,0.0011730690928493,16384,2017-12-29,4.299539240262829e-18,4.299539240262829e-18,-0.0100186315432842,0.0177040321112208,2018-05-03,2018-05-04,0.0009487563142111,0.0027714224751444,0.0039510802097517,-5.832332145324271,0,0.0011796577346073,65536,2017-12-29,6.240938755369685e-18,6.240938755369685e-18,-0.0100186315432842,0.0177040321112208,0.006033857088291413,0.002564798700691641,0.004988606139848528
2018-05-02,2018-05-03,2018-05-04,net_cashflows,USD,0.99,IN_TCOP1250,USD,0.0009487563142111,0.0044511870676637,0.0061838889115126,-5.366004078288888,0,0.0017327018438488,16384,2017-12-29,4.299539240262829e-18,4.299539240262829e-18,-0.0100186315432842,0.0177040321112208,2018-05-03,2018-05-04,0.0009487563142111,0.0044815275831886,0.006149834524967,-5.362606824572145,0,0.0016683069417784,65536,2017-12-29,6.240938755369685e-18,6.240938755369685e-18,-0.0100186315432842,0.0177040321112208,0.006770128033734577,0.005537447618687344,0.0033972537167423766
2018-05-02,2018-05-03,2018-05-04,funded_assets,EUR,0.95,IN_FHS1250,GBP,-0.0017662246558688,0.0046820438769926,0.0065950765744426,-5.311501705324888,0,0.0019130326974499,1249,2017-12-29,2.574980159653073e-18,2.574980159653073e-18,-0.0266788429468551,0.0140601188379872,2018-05-03,2018-05-04,-0.0017662246558688,0.0046820438769926,0.0065950765744426,-5.311501705324888,0,0.0019130326974499,1249,2017-12-29,2.574980159653073e-18,2.574980159653073e-18,-0.0266788429468551,0.0140601188379872,0.0,0.0,0.0
2018-05-02,2018-05-03,2018-05-04,funded_assets,EUR,0.99,IN_FHS1250,GBP,-0.0017662246558688,0.0072771288373474,0.0098268303571835,-4.882102110811413,0,0.0025497015198361,1249,2017-12-29,2.574980159653073e-18,2.574980159653073e-18,-0.0266788429468551,0.0140601188379872,2018-05-03,2018-05-04,-0.0017662246558688,0.0072771288373474,0.0098268303571835,-4.882102110811413,0,0.0025497015198361,1249,2017-12-29,2.574980159653073e-18,2.574980159653073e-18,-0.0266788429468551,0.0140601188379872,0.0,0.0,0.0
2018-05-02,2018-05-03,2018-05-04,funded_assets,USD,0.95,IN_FHS1250,GBP,-0.0017578758407685,0.0046966018452229,0.0066712706324946,-5.305940842409055,0,0.0019746687872716,1249,2017-12-29,2.574980159653073e-18,2.574980159653073e-18,-0.0265071949902991,0.0144392742581951,2018-05-03,2018-05-04,-0.0017578758407685,0.0046966018452229,0.0066712706324946,-5.305940842409055,0,0.0019746687872716,1249,2017-12-29,2.574980159653073e-18,2.574980159653073e-18,-0.0265071949902991,0.0144392742581951,0.0,0.0,0.0
2018-05-02,2018-05-03,2018-05-04,funded_assets,USD,0.99,IN_FHS1250,GBP,-0.0017578758407685,0.0073214898259006,0.0099875064928198,-4.873355480123992,0,0.0026660166669191,1249,2017-12-29,2.574980159653073e-18,2.574980159653073e-18,-0.0265071949902991,0.0144392742581951,2018-05-03,2018-05-04,-0.0017578758407685,0.0073214898259006,0.0099875064928198,-4.873355480123992,0,0.0026660166669191,1249,2017-12-29,2.574980159653073e-18,2.574980159653073e-18,-0.0265071949902991,0.0144392742581951,0.0,0.0,0.0
2018-05-02,2018-05-03,2018-05-04,net_cashflows,EUR,0.95,IN_FHS1250,GBP,0.0009546437203515,0.0034845843535371,0.00499867005095,-5.601481098925753,0,0.0015140856974128,1249,2017-12-29,2.574980159653073e-18,2.574980159653073e-18,-0.0093358361242978,0.0155849475910692,2018-05-03,2018-05-04,0.0009546437203515,0.0034845843535371,0.00499867005095,-5.601481098925753,0,0.0015140856974128,1249,2017-12-29,2.574980159653073e-18,2.574980159653073e-18,-0.0093358361242978,0.0155849475910692,0.0,0.0,0.0
2018-05-02,2018-05-03,2018-05-04,net_cashflows,EUR,0.99,IN_FHS1250,GBP,0.0009546437203515,0.00553228185847,0.0075838269385077,-5.152253142638882,0,0.0020515450800377,1249,2017-12-29,2.574980159653073e-18,2.574980159653073e-18,-0.0093358361242978,0.0155849475910692,2018-05-03,2018-05-04,0.0009546437203515,0.00553228185847,0.0075838269385077,-5.152253142638882,0,0.0020515450800377,1249,2017-12-29,2.574980159653073e-18,2.574980159653073e-18,-0.0093358361242978,0.0155849475910692,0.0,0.0,0.0
2018-05-02,2018-05-03,2018-05-04,net_cashflows,USD,0.95,IN_FHS1250,GBP,0.0009487563142111,0.0035082399955989,0.0050436190790147,-5.5940514950575295,0,0.0015353790834158,1249,2017-12-29,2.574980159653073e-18,2.574980159653073e-18,-0.0092288347570809,0.0154772894224019,2018-05-03,2018-05-04,0.0009487563142111,0.0035082399955989,0.0050436190790147,-5.5940514950575295,0,0.0015353790834158,1249,2017-12-29,2.574980159653073e-18,2.574980159653073e-18,-0.0092288347570809,0.0154772894224019,0.0,0.0,0.0
2018-05-02,2018-05-03,2018-05-04,net_cashflows,USD,0.99,IN_FHS1250,GBP,0.0009487563142111,0.0055712799988863,0.0076628542280242,-5.144320510880872,0,0.0020915742291378,1249,2017-12-29,2.574980159653073e-18,2.574980159653073e-18,-0.0092288347570809,0.0154772894224019,2018-05-03,2018-05-04,0.0009487563142111,0.0055712799988863,0.0076628542280242,-5.144320510880872,0,0.0020915742291378,1249,2017-12-29,2.574980159653073e-18,2.574980159653073e-18,-0.0092288347570809,0.0154772894224019,0.0,0.0,0.0
2018-05-02,2018-05-03,2018-05-04,funded_assets,EUR,0.95,IN_TCOP1250,GBP,-0.0017662246558688,0.0050840965160114,0.0072542213506142,-5.225325104068673,0,0.0021701248346028,16384,2017-12-29,6.054591506973739e-18,6.054591506973739e-18,-0.0283853193331598,0.0256383684192501,2018-05-03,2018-05-04,-0.0017662246558688,0.0051201136059839,0.0071395191612773,-5.224958807243985,0,0.0020194055552934,65536,2017-12-29,6.179952383167375e-18,6.179952383167375e-18,-0.032717151303189,0.0295155884992109,0.007034431800576996,0.01606581434209345,0.0003662968246871401
2018-05-02,2018-05-03,2018-05-04,funded_assets,EUR,0.99,IN_TCOP1250,GBP,-0.0017662246558688,0.0085186658741659,0.0109695924740125,-4.73605729335355,0,0.0024509265998466,16384,2017-12-29,6.054591506973739e-18,6.054591506973739e-18,-0.0283853193331598,0.0256383684192501,2018-05-03,2018-05-04,-0.0017662246558688,0.008313769856197,0.0105201877498823,-4.764191023037395,0,0.0022064178936853,65536,2017-12-29,6.179952383167375e-18,6.179952383167375e-18,-0.032717151303189,0.0295155884992109,0.02464538007582337,0.0427183178489592,0.02813372968384531
2018-05-02,2018-05-03,2018-05-04,funded_assets,USD,0.95,IN_TCOP1250,GBP,-0.0017578758407685,0.005109337049267,0.007331190826863,-5.218685922049011,0,0.0022218537775959,16384,2017-12-29,6.054591506973739e-18,6.054591506973739e-18,-0.0277052341938948,0.0267692301963078,2018-05-03,2018-05-04,-0.0017578758407685,0.0051542242541015,0.0072123128010456,-5.217323240489947,0,0.002058088546944,65536,2017-12-29,6.179952383167375e-18,6.179952383167375e-18,-0.0319011607230771,0.030329847398437,0.008708818751683386,0.01648264975420454,0.0013626815590646046
2018-05-02,2018-05-03,2018-05-04,funded_assets,USD,0.99,IN_TCOP1250,GBP,-0.0017578758407685,0.008581796810002,0.0111350275051341,-4.726956714077168,0,0.0025532306951321,16384,2017-12-29,6.054591506973739e-18,6.054591506973739e-18,-0.0277052341938948,0.0267692301963078,2018-05-03,2018-05-04,-0.0017578758407685,0.0083702379567129,0.0106743492358972,-4.755766648090977,0,0.0023041112791842,65536,2017-12-29,6.179952383167375e-18,6.179952383167375e-18,-0.0319011607230771,0.030329847398437,0.025275130095845155,0.043157503942972526,0.02880993401380838
2018-05-02,2018-05-03,2018-05-04,net_cashflows,EUR,0.95,IN_TCOP1250,GBP,0.0009546437203515,0.0036523880315282,0.0051851129792523,-5.557564718479945,0,0.0015327249477241,16384,2017-12-29,6.054591506973739e-18,6.054591506973739e-18,-0.0206045901812183,0.0198889858043443,2018-05-03,2018-05-04,0.0009546437203515,0.0036492592218821,0.0052784764849008,-5.552770703114171,0,0.0016292172630187,65536,2017-12-29,6.179952383167375e-18,6.179952383167375e-18,-0.0206045901812183,0.0235972587792659,0.0008573821304166757,0.01768758578646092,0.0047940153657739515
2018-05-02,2018-05-03,2018-05-04,net_cashflows,EUR,0.99,IN_TCOP1250,GBP,0.0009546437203515,0.0059873346969629,0.0078853755408416,-5.083449357593782,0,0.0018980408438786,16384,2017-12-29,6.054591506973739e-18,6.054591506973739e-18,-0.0206045901812183,0.0198889858043443,2018-05-03,2018-05-04,0.0009546437203515,0.0060821492078496,0.0082434023238735,-5.06052186151322,0,0.0021612531160238,65536,2017-12-29,6.179952383167375e-18,6.179952383167375e-18,-0.0206045901812183,0.0235972587792659,0.01558898140222084,0.043431919123373,0.02292749608056166
2018-05-02,2018-05-03,2018-05-04,net_cashflows,USD,0.95,IN_TCOP1250,GBP,0.0009487563142111,0.0036668691560824,0.0052260380556523,-5.552448088212572,0,0.0015591688995698,16384,2017-12-29,6.054591506973739e-18,6.054591506973739e-18,-0.0198973384582748,0.020041834305656,2018-05-03,2018-05-04,0.0009487563142111,0.0036729531958996,0.0053214073052081,-5.5457953286784,0,0.0016484541093084,65536,2017-12-29,6.179952383167375e-18,6.179952383167375e-18,-0.0198973384582748,0.0241648513466169,0.0016564436007493687,0.01792180979314656,0.006652759534172326
2018-05-02,2018-05-03,2018-05-04,net_cashflows,USD,0.99,IN_TCOP1250,GBP,0.0009487563142111,0.006050606798614,0.0079640690957586,-5.073077107321635,0,0.0019134622971446,16384,2017-12-29,6.054591506973739e-18,6.054591506973739e-18,-0.0198973384582748,0.020041834305656,2018-05-03,2018-05-04,0.0009487563142111,0.006147804289256,0.0083366309774656,-5.049651408671485,0,0.0021888266882096,65536,2017-12-29,6.179952383167375e-18,6.179952383167375e-18,-0.0198973384582748,0.0241648513466169,0.015810114647251256,0.04468974130125899,0.023425698650149762
2018-05-02,2018-05-03,2018-05-04,funded_assets,EUR,0.95,IN_FHS1250,JPY,-0.0017662246558688,0.0046867470162889,0.0061525005986622,-5.329133726708832,0,0.0014657535823733,1249,2017-12-29,3.3203691532368573e-18,3.3203691532368573e-18,-0.0221813970619658,0.0116789128897577,2018-05-03,2018-05-04,-0.0017662246558688,0.0046867470162889,0.0061525005986622,-5.329133726708832,0,0.0014657535823733,1249,2017-12-29,3.3203691532368573e-18,3.3203691532368573e-18,-0.0221813970619658,0.0116789128897577,0.0,0.0,0.0
2018-05-02,2018-05-03,2018-05-04,funded_assets,EUR,0.99,IN_FHS1250,JPY,-0.0017662246558688,0.0069908917246462,0.0088445182359629,-4.937536558624908,0,0.0018536265113166,1249,2017-12-29,3.3203691532368573e-18,3.3203691532368573e-18,-0.0221813970619658,0.0116789128897577,2018-05-03,2018-05-04,-0.0017662246558688,0.0069908917246462,0.0088445182359629,-4.937536558624908,0,0.0018536265113166,1249,2017-12-29,3.3203691532368573e-18,3.3203691532368573e-18,-0.0221813970619658,0.0116789128897577,0.0,0.0,0.0
2018-05-02,2018-05-03,2018-05-04,funded_assets,USD,0.95,IN_FHS1250,JPY,-0.0017578758407685,0.0046902630588011,0.0062165587173721,-5.326059777477937,0,0.001526295658571,1249,2017-12-29,3.3203691532368573e-18,3.3203691532368573e-18,-0.0219923472259006,0.0120758395591281,2018-05-03,2018-05-04,-0.0017578758407685,0.0046902630588011,0.0062165587173721,-5.326059777477937,0,0.001526295658571,1249,2017-12-29,3.3203691532368573e-18,3.3203691532368573e-18,-0.0219923472259006,0.0120758395591281,0.0,0.0,0.0
2018-05-02,2018-05-03,2018-05-04,funded_assets,USD,0.99,IN_FHS1250,JPY,-0.0017578758407685,0.0069838491980366,0.0089673978140404,-4.935355307646376,0,0.0019835486160037,1249,2017-12-29,3.3203691532368573e-18,3.3203691532368573e-18,-0.0219923472259006,0.0120758395591281,2018-05-03,2018-05-04,-0.0017578758407685,0.0069838491980366,0.0089673978140404,-4.935355307646376,0,0.0019835486160037,1249,2017-12-29,3.3203691532368573e-18,3.3203691532368573e-18,-0.0219923472259006,0.0120758395591281,0.0,0.0,0.0
2018-05-02,2018-05-03,2018-05-04,net_cashflows,EUR,0.95,IN_FHS1250,JPY,0.0009546437203515,0.002816820026316,0.0039185573860267,-5.8231906259414,0,0.0011017373597106,1249,2017-12-29,3.3203691532368573e-18,3.3203691532368573e-18,-0.005907024240562,0.0124197341540132,2018-05-03,2018-05-04,0.0009546437203515,0.002816820026316,0.0039185573860267,-5.8231906259414,0,0.0011017373597106,1249,2017-12-29,3.3203691532368573e-18,3.3203691532368573e-18,-0.005907024240562,0.0124197341540132,0.0,0.0,0.0
2018-05-02,2018-05-03,2018-05-04,net_cashflows,EUR,0.99,IN_FHS1250,JPY,0.0009546437203515,0.0041893296730746,0.005620238584277,-5.43598048137462,0,0.0014309089112023,1249,2017-12-29,3.3203691532368573e-18,3.3203691532368573e-18,-0.005907024240562,0.0124197341540132,2018-05-03,2018-05-04,0.0009546437203515,0.0041893296730746,0.005620238584277,-5.43598048137462,0,0.0014309089112023,1249,2017-12-29,3.3203691532368573e-18,3.3203691532368573e-18,-0.005907024240562,0.0124197341540132,0.0,0.0,0.0
2018-05-02,2018-05-03,2018-05-04,net_cashflows,USD,0.95,IN_FHS1250,JPY,0.0009487563142111,0.0028263956309843,0.0039412594408088,-5.8191248887493945,0,0.0011148638098244,1249,2017-12-29,3.3203691532368573e-18,3.3203691532368573e-18,-0.0059411255794159,0.0123115110586122,2018-05-03,2018-05-04,0.0009487563142111,0.0028263956309843,0.0039412594408088,-5.8191248887493945,0,0.0011148638098244,1249,2017-12-29,3.3203691532368573e-18,3.3203691532368573e-18,-0.0059411255794159,0.0123115110586122,0.0,0.0,0.0
2018-05-02,2018-05-03,2018-05-04,net_cashflows,USD,0.99,IN_FHS1250,JPY,0.0009487563142111,0.0042360489150785,0.0056671600101204,-5.425594198388917,0,0.0014311110950419,1249,2017-12-29,3.3203691532368573e-18,3.3203691532368573e-18,-0.0059411255794159,0.0123115110586122,2018-05-03,2018-05-04,0.0009487563142111,0.0042360489150785,0.0056671600101204,-5.425594198388917,0,0.0014311110950419,1249,2017-12-29,3.3203691532368573e-18,3.3203691532368573e-18,-0.0059411255794159,0.0123115110586122,0.0,0.0,0.0
2018-05-02,2018-05-03,2018-05-04,funded_assets,EUR,0.95,IN_TCOP1250,JPY,-0.0017662246558688,0.0044038971513886,0.0062166115422516,-5.3721223206535935,0,0.0018127143908629,16384,2017-12-29,4.47911022508074e-18,4.47911022508074e-18,-0.021854864702905,0.0185149881549155,2018-05-03,2018-05-04,-0.0017662246558688,0.0044436939684958,0.0061458647760857,-5.368937786128583,0,0.0017021708075898,65536,2017-12-29,4.47911022508074e-18,4.47911022508074e-18,-0.0326375121302613,0.0223409641137108,0.008955796098774036,0.01151127933064587,0.0031845345250101076
2018-05-02,2018-05-03,2018-05-04,funded_assets,EUR,0.99,IN_TCOP1250,JPY,-0.0017662246558688,0.0072467333721142,0.009396950530381,-4.89619079231514,0,0.0021502171582668,16384,2017-12-29,4.47911022508074e-18,4.47911022508074e-18,-0.021854864702905,0.0185149881549155,2018-05-03,2018-05-04,-0.0017662246558688,0.007153034173733,0.0090637071350435,-4.914281865620142,0,0.0019106729613104,65536,2017-12-29,4.47911022508074e-18,4.47911022508074e-18,-0.0326375121302613,0.0223409641137108,0.01309922420408347,0.03676678762590024,0.01809107330500126
2018-05-02,2018-05-03,2018-05-04,funded_assets,USD,0.95,IN_TCOP1250,JPY,-0.0017578758407685,0.0044262923805202,0.0062686360721852,-5.366095132375049,0,0.0018423436916649,16384,2017-12-29,4.47911022508074e-18,4.47911022508074e-18,-0.021561670508418,0.018920859531913,2018-05-03,2018-05-04,-0.0017578758407685,0.0044675141296981,0.0061961252883443,-5.362813738335219,0,0.0017286111586462,65536,2017-12-29,4.47911022508074e-18,4.47911022508074e-18,-0.0318172143640031,0.0227429665156837,0.009226999172509846,0.011702601297830722,0.0032813940398304098
2018-05-02,2018-05-03,2018-05-04,funded_assets,USD,0.99,IN_TCOP1250,JPY,-0.0017578758407685,0.0072943875040433,0.0095124264706096,-4.888329069990758,0,0.0022180389665663,16384,2017-12-29,4.47911022508074e-18,4.47911022508074e-18,-0.021561670508418,0.018920859531913,2018-05-03,2018-05-04,-0.0017578758407685,0.0072033880836657,0.0091707657034178,-4.906261578774818,0,0.001967377619752,65536,2017-12-29,4.47911022508074e-18,4.47911022508074e-18,-0.0318172143640031,0.0227429665156837,0.012632863774749186,0.037255424273293626,0.017932508784060275
2018-05-02,2018-05-03,2018-05-04,net_cashflows,EUR,0.95,IN_TCOP1250,JPY,0.0009546437203515,0.0028438903488689,0.0038466953205443,-5.82123344904451,0,0.0010028049716753,16384,2017-12-29,4.47911022508074e-18,4.47911022508074e-18,-0.0110137831894695,0.0105513187825995,2018-05-03,2018-05-04,0.0009546437203515,0.0028164048886698,0.0038714727179505,-5.826643934996,0,0.0010550678292806,65536,2017-12-29,4.47911022508074e-18,4.47911022508074e-18,-0.0118349024355442,0.0167545175136688,0.009759058546472528,0.006399992770533297,0.005410485951490074
2018-05-02,2018-05-03,2018-05-04,net_cashflows,EUR,0.99,IN_TCOP1250,JPY,0.0009546437203515,0.0044627080866271,0.0053051146072933,-5.397875293147939,0,0.0008424065206661,16384,2017-12-29,4.47911022508074e-18,4.47911022508074e-18,-0.0110137831894695,0.0105513187825995,2018-05-03,2018-05-04,0.0009546437203515,0.0044854470240308,0.0054664890867088,-5.388583461148472,0,0.000981042062678,65536,2017-12-29,4.47911022508074e-18,4.47911022508074e-18,-0.0118349024355442,0.0167545175136688,0.005069491910589134,0.02952068079818626,0.009291831999466815
2018-05-02,2018-05-03,2018-05-04,net_cashflows,USD,0.95,IN_TCOP1250,JPY,0.0009487563142111,0.0028568265088835,0.0038656169716684,-5.816598909332555,0,0.0010087904627849,16384,2017-12-29,4.47911022508074e-18,4.47911022508074e-18,-0.0106336422739251,0.0107266396377803,2018-05-03,2018-05-04,0.0009487563142111,0.0028261366884294,0.0038900535044512,-5.822829072160888,0,0.0010639168160218,65536,2017-12-29,4.47911022508074e-18,4.47911022508074e-18,-0.011742235689605,0.0173879735694642,0.01085928383427046,0.006281798632033883,0.006230162828333441
2018-05-02,2018-05-03,2018-05-04,net_cashflows,USD,0.99,IN_TCOP1250,JPY,0.0009487563142111,0.0044928479566075,0.0053503071464519,-5.390864854117138,0,0.0008574591898443,16384,2017-12-29,4.47911022508074e-18,4.47911022508074e-18,-0.0106336422739251,0.0107266396377803,2018-05-03,2018-05-04,0.0009487563142111,0.0045061300853543,0.0055069917694249,-5.383480576584105,0,0.0010008616840705,65536,2017-12-29,4.47911022508074e-18,4.47911022508074e-18,-0.011742235689605,0.0173879735694642,0.0029475688662359677,0.028451944279800898,0.007384277533032169
2018-05-02,2018-05-03,2018-05-04,funded_assets,EUR,0.95,IN_FHS1250,CHF,-0.0017662246558688,0.0040711076108456,0.0060790803248164,-5.433210490137366,0,0.0020079727139708,1249,2017-12-29,6.071532165918825e-18,6.071532165918825e-18,-0.0098270978866921,0.0392716275449739,2018-05-03,2018-05-04,-0.0017662246558688,0.0040711076108456,0.0060790803248164,-5.433210490137366,0,0.0020079727139708,1249,2017-12-29,6.071532165918825e-18,6.071532165918825e-18,-0.0098270978866921,0.0392716275449739,0.0,0.0,0.0
2018-05-02,2018-05-03,2018-05-04,funded_assets,EUR,0.99,IN_FHS1250,CHF,-0.0017662246558688,0.0063665591892249,0.0104145270779755,-4.953238366448073,0,0.0040479678887505,1249,2017-12-29,6.071532165918825e-18,6.071532165918825e-18,-0.0098270978866921,0.0392716275449739,2018-05-03,2018-05-04,-0.0017662246558688,0.0063665591892249,0.0104145270779755,-4.953238366448073,0,0.0040479678887505,1249,2017-12-29,6.071532165918825e-18,6.071532165918825e-18,-0.0098270978866921,0.0392716275449739,0.0,0.0,0.0
2018-05-02,2018-05-03,2018-05-04,funded_assets,USD,0.95,IN_FHS1250,CHF,-0.0017578758407685,0.0040978274496879,0.0061498873420499,-5.424995903247677,0,0.002052059892362,1249,2017-12-29,6.071532165918825e-18,6.071532165918825e-18,-0.0098128285056567,0.0412631379774132,2018-05-03,2018-05-04,-0.0017578758407685,0.0040978274496879,0.0061498873420499,-5.424995903247677,0,0.002052059892362,1249,2017-12-29,6.071532165918825e-18,6.071532165918825e-18,-0.0098128285056567,0.0412631379774132,0.0,0.0,0.0
2018-05-02,2018-05-03,2018-05-04,funded_assets,USD,0.99,IN_FHS1250,CHF,-0.0017578758407685,0.0064831355579486,0.0106463009741006,-4.933586144022943,0,0.0041631654161519,1249,2017-12-29,6.071532165918825e-18,6.071532165918825e-18,-0.0098128285056567,0.0412631379774132,2018-05-03,2018-05-04,-0.0017578758407685,0.0064831355579486,0.0106463009741006,-4.933586144022943,0,0.0041631654161519,1249,2017-12-29,6.071532165918825e-18,6.071532165918825e-18,-0.0098128285056567,0.0412631379774132,0.0,0.0,0.0
2018-05-02,2018-05-03,2018-05-04,net_cashflows,EUR,0.95,IN_FHS1250,CHF,0.0009546437203515,0.0030728368134072,0.0046347950842528,-5.7111702664063175,0,0.0015619582708455,1249,2017-12-29,6.071532165918825e-18,6.071532165918825e-18,-0.0091610544796485,0.0133074610919282,2018-05-03,2018-05-04,0.0009546437203515,0.0030728368134072,0.0046347950842528,-5.7111702664063175,0,0.0015619582708455,1249,2017-12-29,6.071532165918825e-18,6.071532165918825e-18,-0.0091610544796485,0.0133074610919282,0.0,0.0,0.0
2018-05-02,2018-05-03,2018-05-04,net_cashflows,EUR,0.99,IN_FHS1250,CHF,0.0009546437203515,0.0054827284171733,0.0072408478897005,-5.170822713465811,0,0.0017581194725272,1249,2017-12-29,6.071532165918825e-18,6.071532165918825e-18,-0.0091610544796485,0.0133074610919282,2018-05-03,2018-05-04,0.0009546437203515,0.0054827284171733,0.0072408478897005,-5.170822713465811,0,0.0017581194725272,1249,2017-12-29,6.071532165918825e-18,6.071532165918825e-18,-0.0091610544796485,0.0133074610919282,0.0,0.0,0.0
2018-05-02,2018-05-03,2018-05-04,net_cashflows,USD,0.95,IN_FHS1250,CHF,0.0009487563142111,0.0031068545914924,0.0046731487778951,-5.701091088910503,0,0.0015662941864027,1249,2017-12-29,6.071532165918825e-18,6.071532165918825e-18,-0.0090325577320497,0.0142547613860246,2018-05-03,2018-05-04,0.0009487563142111,0.0031068545914924,0.0046731487778951,-5.701091088910503,0,0.0015662941864027,1249,2017-12-29,6.071532165918825e-18,6.071532165918825e-18,-0.0090325577320497,0.0142547613860246,0.0,0.0,0.0
2018-05-02,2018-05-03,2018-05-04,net_cashflows,USD,0.99,IN_FHS1250,CHF,0.0009487563142111,0.0055100170526632,0.0073669980130984,-5.162812506607972,0,0.0018569809604352,1249,2017-12-29,6.071532165918825e-18,6.071532165918825e-18,-0.0090325577320497,0.0142547613860246,2018-05-03,2018-05-04,0.0009487563142111,0.0055100170526632,0.0073669980130984,-5.162812506607972,0,0.0018569809604352,1249,2017-12-29,6.071532165918825e-18,6.071532165918825e-18,-0.0090325577320497,0.0142547613860246,0.0,0.0,0.0
2018-05-02,2018-05-03,2018-05-04,funded_assets,EUR,0.95,IN_TCOP1250,CHF,-0.0017662246558688,0.0043021292867012,0.0063039727555214,-5.3841279322823485,0,0.0020018434688201,16384,2017-12-29,6.3730758951413565e-18,6.3730758951413565e-18,-0.0179994795545042,0.0265655523276428,2018-05-03,2018-05-04,-0.0017662246558688,0.0042943191677974,0.0063236318424843,-5.384370941563056,0,0.0020293126746868,65536,2017-12-29,8.348356728138384e-18,8.348356728138384e-18,-0.0214931116970286,0.0377440080352981,0.0018187094621116265,0.0031088285106705845,0.00024300928070708494
2018-05-02,2018-05-03,2018-05-04,funded_assets,EUR,0.99,IN_TCOP1250,CHF,-0.0017662246558688,0.0071759891962014,0.0104690282772444,-4.873884664306553,0,0.003293039081043,16384,2017-12-29,6.3730758951413565e-18,6.3730758951413565e-18,-0.0179994795545042,0.0265655523276428,2018-05-03,2018-05-04,-0.0017662246558688,0.0070206153191335,0.0105599286053845,-4.885853270595024,0,0.0035393132862509,65536,2017-12-29,8.348356728138384e-18,8.348356728138384e-18,-0.0214931116970286,0.0377440080352981,0.022131091080358038,0.008608043817052874,0.011968606288470518
2018-05-02,2018-05-03,2018-05-04,funded_assets,USD,0.95,IN_TCOP1250,CHF,-0.0017578758407685,0.0043180502180652,0.00636622216548,-5.378473913938278,0,0.0020481719474148,16384,2017-12-29,6.3730758951413565e-18,6.3730758951413565e-18,-0.0176049089339858,0.0280903340880144,2018-05-03,2018-05-04,-0.0017578758407685,0.0043154995757763,0.0063870323816853,-5.377819698158584,0,0.002071532805909,65536,2017-12-29,8.348356728138384e-18,8.348356728138384e-18,-0.0212127381940089,0.0399474454223947,0.0005910421827444606,0.0032581980114853794,0.000654215779693601
2018-05-02,2018-05-03,2018-05-04,funded_assets,USD,0.99,IN_TCOP1250,CHF,-0.0017578758407685,0.0071949965325486,0.0106487524782892,-4.866646856745492,0,0.0034537559457406,16384,2017-12-29,6.3730758951413565e-18,6.3730758951413565e-18,-0.0176049089339858,0.0280903340880144,2018-05-03,2018-05-04,-0.0017578758407685,0.007082047064663,0.010748677099806,-4.874096435063309,0,0.003666630035143,65536,2017-12-29,8.348356728138384e-18,8.348356728138384e-18,-0.0212127381940089,0.0399474454223947,0.01594870336984621,0.00929645765604056,0.007449578317817007
2018-05-02,2018-05-03,2018-05-04,net_cashflows,EUR,0.95,IN_TCOP1250,CHF,0.0009546437203515,0.003210496169662,0.0048433540055981,-5.667281517679559,0,0.001632857835936,16384,2017-12-29,6.3730758951413565e-18,6.3730758951413565e-18,-0.0260281887126982,0.0299596131085013,2018-05-03,2018-05-04,0.0009546437203515,0.003177411036024,0.0048173307560892,-5.675956116388969,0,0.0016399197200652,65536,2017-12-29,8.348356728138384e-18,8.348356728138384e-18,-0.0260281887126982,0.0324923414825156,0.0104126073910162,0.005402005971046652,0.00867459870941012
2018-05-02,2018-05-03,2018-05-04,net_cashflows,EUR,0.99,IN_TCOP1250,CHF,0.0009546437203515,0.0053739603872856,0.0081935734291899,-5.148530109556823,0,0.0028196130419043,16384,2017-12-29,6.3730758951413565e-18,6.3730758951413565e-18,-0.0260281887126982,0.0299596131085013,2018-05-03,2018-05-04,0.0009546437203515,0.005322840038772,0.008223402883748,-5.153491687737006,0,0.0029005628449759,65536,2017-12-29,8.348356728138384e-18,8.348356728138384e-18,-0.0260281887126982,0.0324923414825156,0.009603961069886589,0.003627385764724246,0.004961578180182613
2018-05-02,2018-05-03,2018-05-04,net_cashflows,USD,0.95,IN_TCOP1250,CHF,0.0009487563142111,0.0032233955488023,0.0048967477467619,-5.66091128092056,0,0.0016733521979596,16384,2017-12-29,6.3730758951413565e-18,6.3730758951413565e-18,-0.0256963282492024,0.0321112557857287,2018-05-03,2018-05-04,0.0009487563142111,0.0031883605785271,0.004867733492508,-5.670127850389128,0,0.0016793729139808,65536,2017-12-29,8.348356728138384e-18,8.348356728138384e-18,-0.0256963282492024,0.0345625993394399,0.010988396516740597,0.005960526454161114,0.009216569468567748
2018-05-02,2018-05-03,2018-05-04,net_cashflows,USD,0.99,IN_TCOP1250,CHF,0.0009487563142111,0.0054321169997939,0.0083823828134104,-5.133583341007755,0,0.0029502658136164,16384,2017-12-29,6.3730758951413565e-18,6.3730758951413565e-18,-0.0256963282492024,0.0321112557857287,2018-05-03,2018-05-04,0.0009487563142111,0.0053694527393,0.0083921470519535,-5.140640170593897,0,0.0030226943126534,65536,2017-12-29,8.348356728138384e-18,8.348356728138384e-18,-0.0256963282492024,0.0345625993394399,0.011670511602653517,0.001163497074425814,0.007056829586141511
2018-05-02,2018-05-03,2018-05-04,funded_assets,EUR,0.95,IN_FHS_REF_POOL,ALL_FIVE,-0.0017662246558688,0.0044585303472954,0.0062303709416307,-5.362707063763193,0,0.0017718405943352,6245,2017-12-29,0.0,0.0,-0.0266788429468551,0.0392716275449739,2018-05-03,2018-05-04,-0.0017662246558688,0.0044585303472954,0.0062303709416307,-5.362707063763193,0,0.0017718405943352,6245,2017-12-29,0.0,0.0,-0.0266788429468551,0.0392716275449739,0.0,0.0,0.0
2018-05-02,2018-05-03,2018-05-04,funded_assets,EUR,0.99,IN_FHS_REF_POOL,ALL_FIVE,-0.0017662246558688,0.0069020506742786,0.0092975118423759,-4.935653859575127,0,0.0023954611680972,6245,2017-12-29,0.0,0.0,-0.0266788429468551,0.0392716275449739,2018-05-03,2018-05-04,-0.0017662246558688,0.0069020506742786,0.0092975118423759,-4.935653859575127,0,0.0023954611680972,6245,2017-12-29,0.0,0.0,-0.0266788429468551,0.0392716275449739,0.0,0.0,0.0
2018-05-02,2018-05-03,2018-05-04,funded_assets,USD,0.95,IN_FHS_REF_POOL,ALL_FIVE,-0.0017578758407685,0.0044759919388623,0.0062936994598505,-5.357020073677786,0,0.0018177075209882,6245,2017-12-29,0.0,0.0,-0.0265071949902991,0.0412631379774132,2018-05-03,2018-05-04,-0.0017578758407685,0.0044759919388623,0.0062936994598505,-5.357020073677786,0,0.0018177075209882,6245,2017-12-29,0.0,0.0,-0.0265071949902991,0.0412631379774132,0.0,0.0,0.0
2018-05-02,2018-05-03,2018-05-04,funded_assets,USD,0.99,IN_FHS_REF_POOL,ALL_FIVE,-0.0017578758407685,0.0069604083640007,0.0094425630671882,-4.925396569336602,0,0.0024821547031875,6245,2017-12-29,0.0,0.0,-0.0265071949902991,0.0412631379774132,2018-05-03,2018-05-04,-0.0017578758407685,0.0069604083640007,0.0094425630671882,-4.925396569336602,0,0.0024821547031875,6245,2017-12-29,0.0,0.0,-0.0265071949902991,0.0412631379774132,0.0,0.0,0.0
2018-05-02,2018-05-03,2018-05-04,net_cashflows,EUR,0.95,IN_FHS_REF_POOL,ALL_FIVE,0.0009546437203515,0.0031216918149008,0.0043960343867223,-5.716936997912371,0,0.0012743425718215,6245,2017-12-29,0.0,0.0,-0.0093358361242978,0.0155849475910692,2018-05-03,2018-05-04,0.0009546437203515,0.0031216918149008,0.0043960343867223,-5.716936997912371,0,0.0012743425718215,6245,2017-12-29,0.0,0.0,-0.0093358361242978,0.0155849475910692,0.0,0.0,0.0
2018-05-02,2018-05-03,2018-05-04,net_cashflows,EUR,0.99,IN_FHS_REF_POOL,ALL_FIVE,0.0009546437203515,0.005056229840674,0.0066516364905464,-5.252744115371988,0,0.0015954066498723,6245,2017-12-29,0.0,0.0,-0.0093358361242978,0.0155849475910692,2018-05-03,2018-05-04,0.0009546437203515,0.005056229840674,0.0066516364905464,-5.252744115371988,0,0.0015954066498723,6245,2017-12-29,0.0,0.0,-0.0093358361242978,0.0155849475910692,0.0,0.0,0.0
2018-05-02,2018-05-03,2018-05-04,net_cashflows,USD,0.95,IN_FHS_REF_POOL,ALL_FIVE,0.0009487563142111,0.0031363068442611,0.0044285657370755,-5.7114802788967545,0,0.0012922588928144,6245,2017-12-29,0.0,0.0,-0.0092288347570809,0.0154772894224019,2018-05-03,2018-05-04,0.0009487563142111,0.0031363068442611,0.0044285657370755,-5.7114802788967545,0,0.0012922588928144,6245,2017-12-29,0.0,0.0,-0.0092288347570809,0.0154772894224019,0.0,0.0,0.0
2018-05-02,2018-05-03,2018-05-04,net_cashflows,USD,0.99,IN_FHS_REF_POOL,ALL_FIVE,0.0009487563142111,0.0050895415341457,0.00672719177301,-5.245034916819908,0,0.0016376502388643,6245,2017-12-29,0.0,0.0,-0.0092288347570809,0.0154772894224019,2018-05-03,2018-05-04,0.0009487563142111,0.0050895415341457,0.00672719177301,-5.245034916819908,0,0.0016376502388643,6245,2017-12-29,0.0,0.0,-0.0092288347570809,0.0154772894224019,0.0,0.0,0.0
2018-05-02,2018-05-03,2018-05-04,funded_assets,EUR,0.95,IN_TCOP_REF_POOL,ALL_FIVE,-0.0017662246558688,0.0046457526131567,0.0065158765081543,-5.320523874836786,0,0.0018701238949976,81920,2017-12-29,0.0,0.0,-0.0283853193331598,0.0265655523276428,2018-05-03,2018-05-04,-0.0017662246558688,0.0046605671156644,0.006486590115089,-5.319525674030334,0,0.0018260229994245,327680,2017-12-29,0.0,0.0,-0.032717151303189,0.0377440080352981,0.0031786909489850226,0.004514913466965377,0.0009982008064515213
2018-05-02,2018-05-03,2018-05-04,funded_assets,EUR,0.99,IN_TCOP_REF_POOL,ALL_FIVE,-0.0017662246558688,0.0074742468978551,0.0098285139101169,-4.862001917977871,0,0.0023542670122617,81920,2017-12-29,0.0,0.0,-0.0283853193331598,0.0265655523276428,2018-05-03,2018-05-04,-0.0017662246558688,0.0074562829181971,0.0096796727923501,-4.867423981607243,0,0.0022233898741529,327680,2017-12-29,0.0,0.0,-0.032717151303189,0.0377440080352981,0.002409240616951199,0.015376668298584431,0.0054220636293722535
2018-05-02,2018-05-03,2018-05-04,funded_assets,USD,0.95,IN_TCOP_REF_POOL,ALL_FIVE,-0.0017578758407685,0.004663562427256,0.0065751594158166,-5.315186591061959,0,0.0019115969885605,81920,2017-12-29,0.0,0.0,-0.0277052341938948,0.0280903340880144,2018-05-03,2018-05-04,-0.0017578758407685,0.0046848823706487,0.0065455234334167,-5.313235523356307,0,0.001860641062768,327680,2017-12-29,0.0,0.0,-0.0319011607230771,0.0399474454223947,0.004550795880441172,0.00452767188160988,0.0019510677056517878
2018-05-02,2018-05-03,2018-05-04,funded_assets,USD,0.99,IN_TCOP_REF_POOL,ALL_FIVE,-0.0017578758407685,0.0075483726583638,0.0099638315199621,-4.851216282791051,0,0.0024154588615982,81920,2017-12-29,0.0,0.0,-0.0277052341938948,0.0280903340880144,2018-05-03,2018-05-04,-0.0017578758407685,0.0075270237987242,0.0098113529411327,-4.857040191533285,0,0.0022843291424085,327680,2017-12-29,0.0,0.0,-0.0319011607230771,0.0399474454223947,0.002836294956742202,0.015541034936186592,0.005823908742233819
2018-05-02,2018-05-03,2018-05-04,net_cashflows,EUR,0.95,IN_TCOP_REF_POOL,ALL_FIVE,0.0009546437203515,0.0031463090068669,0.0044855941443834,-5.705459065739998,0,0.0013392851375164,81920,2017-12-29,0.0,0.0,-0.0260281887126982,0.0299596131085013,2018-05-03,2018-05-04,0.0009546437203515,0.0031378715192608,0.0044974765148482,-5.706542781790513,0,0.0013596049955874,327680,2017-12-29,0.0,0.0,-0.0260281887126982,0.0324923414825156,0.0026889206757858925,0.0026420083408041774,0.001083716050515271
2018-05-02,2018-05-03,2018-05-04,net_cashflows,EUR,0.99,IN_TCOP_REF_POOL,ALL_FIVE,0.0009546437203515,0.0051329840122197,0.0069386936353968,-5.230879452022367,0,0.001805709623177,81920,2017-12-29,0.0,0.0,-0.0260281887126982,0.0299596131085013,2018-05-03,2018-05-04,0.0009546437203515,0.005142807923159,0.0070163908934621,-5.2265357564757275,0,0.0018735829703031,327680,2017-12-29,0.0,0.0,-0.0260281887126982,0.0324923414825156,0.00191022318664883,0.011073678654035433,0.004343695546639381
2018-05-02,2018-05-03,2018-05-04,net_cashflows,USD,0.95,IN_TCOP_REF_POOL,ALL_FIVE,0.0009487563142111,0.0031574839062186,0.0045196101319032,-5.700710897875051,0,0.0013621262256846,81920,2017-12-29,0.0,0.0,-0.0256963282492024,0.0321112557857287,2018-05-03,2018-05-04,0.0009487563142111,0.003150288201562,0.0045312302053635,-5.701522753813873,0,0.0013809420038014,327680,2017-12-29,0.0,0.0,-0.0256963282492024,0.0345625993394399,0.0022841417026646556,0.002564441207720222,0.0008118559388226032
2018-05-02,2018-05-03,2018-05-04,net_cashflows,USD,0.99,IN_TCOP_REF_POOL,ALL_FIVE,0.0009487563142111,0.0051781985677522,0.0070283712990926,-5.221043731878722,0,0.0018501727313404,81920,2017-12-29,0.0,0.0,-0.0256963282492024,0.0321112557857287,2018-05-03,2018-05-04,0.0009487563142111,0.005178697158874,0.0071036193194274,-5.218128524313924,0,0.0019249221605533,327680,2017-12-29,0.0,0.0,-0.0256963282492024,0.0345625993394399,9.627732738653517e-05,0.010592912845006635,0.002915207564798017
2019-09-02,2019-09-03,2019-09-04,funded_assets,EUR,0.95,HS1250,ALL_EQUIVARIANT,0.0026435164753918,0.0051201104100133,0.0072596664812367,-5.220139622556992,0,0.0021395560712233,1249,2018-12-31,3.848917712323541e-18,3.848917712323541e-18,-0.0480071990023426,0.0158579005713657,2019-09-03,2019-09-04,0.0026435164753918,0.0051201104100133,0.0072596664812367,-5.220139622556992,0,0.0021395560712233,1249,2018-12-31,3.848917712323541e-18,3.848917712323541e-18,-0.0480071990023426,0.0158579005713657,0.0,0.0,0.0
2019-09-02,2019-09-03,2019-09-04,funded_assets,EUR,0.99,HS1250,ALL_EQUIVARIANT,0.0026435164753918,0.0081010511604481,0.0109454183722177,-4.774702618895648,0,0.0028443672117696,1249,2018-12-31,3.848917712323541e-18,3.848917712323541e-18,-0.0480071990023426,0.0158579005713657,2019-09-03,2019-09-04,0.0026435164753918,0.0081010511604481,0.0109454183722177,-4.774702618895648,0,0.0028443672117696,1249,2018-12-31,3.848917712323541e-18,3.848917712323541e-18,-0.0480071990023426,0.0158579005713657,0.0,0.0,0.0
2019-09-02,2019-09-03,2019-09-04,funded_assets,USD,0.95,HS1250,ALL_EQUIVARIANT,0.0026341074026297,0.0051268225372386,0.0073364711003198,-5.216084170618696,0,0.0022096485630812,1249,2018-12-31,3.848917712323541e-18,3.848917712323541e-18,-0.0476807556736499,0.0159662234291164,2019-09-03,2019-09-04,0.0026341074026297,0.0051268225372386,0.0073364711003198,-5.216084170618696,0,0.0022096485630812,1249,2018-12-31,3.848917712323541e-18,3.848917712323541e-18,-0.0476807556736499,0.0159662234291164,0.0,0.0,0.0
2019-09-02,2019-09-03,2019-09-04,funded_assets,USD,0.99,HS1250,ALL_EQUIVARIANT,0.0026341074026297,0.0080236246759243,0.0110886608901939,-4.778243988947336,0,0.0030650362142695,1249,2018-12-31,3.848917712323541e-18,3.848917712323541e-18,-0.0476807556736499,0.0159662234291164,2019-09-03,2019-09-04,0.0026341074026297,0.0080236246759243,0.0110886608901939,-4.778243988947336,0,0.0030650362142695,1249,2018-12-31,3.848917712323541e-18,3.848917712323541e-18,-0.0476807556736499,0.0159662234291164,0.0,0.0,0.0
2019-09-02,2019-09-03,2019-09-04,net_cashflows,EUR,0.95,HS1250,ALL_EQUIVARIANT,-0.0006257097075901,0.00370711025944,0.0058163356470164,-5.509723011897555,0,0.0021092253875763,1249,2018-12-31,3.848917712323541e-18,3.848917712323541e-18,-0.0103540086170365,0.0325408805856996,2019-09-03,2019-09-04,-0.0006257097075901,0.00370711025944,0.0058163356470164,-5.509723011897555,0,0.0021092253875763,1249,2018-12-31,3.848917712323541e-18,3.848917712323541e-18,-0.0103540086170365,0.0325408805856996,0.0,0.0,0.0
2019-09-02,2019-09-03,2019-09-04,net_cashflows,EUR,0.99,HS1250,ALL_EQUIVARIANT,-0.0006257097075901,0.0067153640761734,0.0105537736792668,-4.914971988792028,0,0.0038384096030933,1249,2018-12-31,3.848917712323541e-18,3.848917712323541e-18,-0.0103540086170365,0.0325408805856996,2019-09-03,2019-09-04,-0.0006257097075901,0.0067153640761734,0.0105537736792668,-4.914971988792028,0,0.0038384096030933,1249,2018-12-31,3.848917712323541e-18,3.848917712323541e-18,-0.0103540086170365,0.0325408805856996,0.0,0.0,0.0
2019-09-02,2019-09-03,2019-09-04,net_cashflows,USD,0.95,HS1250,ALL_EQUIVARIANT,-0.0006184871383137,0.0037538479106527,0.0058473117152083,-5.49979484358427,0,0.0020934638045556,1249,2018-12-31,3.848917712323541e-18,3.848917712323541e-18,-0.0102429930477222,0.0323130672283502,2019-09-03,2019-09-04,-0.0006184871383137,0.0037538479106527,0.0058473117152083,-5.49979484358427,0,0.0020934638045556,1249,2018-12-31,3.848917712323541e-18,3.848917712323541e-18,-0.0102429930477222,0.0323130672283502,0.0,0.0,0.0
2019-09-02,2019-09-03,2019-09-04,net_cashflows,USD,0.99,HS1250,ALL_EQUIVARIANT,-0.0006184871383137,0.0067923875731671,0.0106131337421728,-4.905664710618753,0,0.0038207461690056,1249,2018-12-31,3.848917712323541e-18,3.848917712323541e-18,-0.0102429930477222,0.0323130672283502,2019-09-03,2019-09-04,-0.0006184871383137,0.0067923875731671,0.0106131337421728,-4.905664710618753,0,0.0038207461690056,1249,2018-12-31,3.848917712323541e-18,3.848917712323541e-18,-0.0102429930477222,0.0323130672283502,0.0,0.0,0.0
2019-09-02,2019-09-03,2019-09-04,funded_assets,EUR,0.95,EWMA_GAUSS,ALL_EQUIVARIANT,0.0026435164753918,0.0039236311572266,0.0049370293351541,-5.516256245183815,0,0.0010133981779274,16384,2018-12-31,2.551263237129953e-18,2.551263237129953e-18,-0.0093688592553138,0.0096511438408047,2019-09-03,2019-09-04,0.0026435164753918,0.003938465860745,0.0049432539499562,-5.512995979750344,0,0.0010047880892111,65536,2018-12-31,3.127245641262877e-18,3.127245641262877e-18,-0.0102951619973498,0.0096511438408047,0.0037666198065237724,0.001259214045063548,0.0032602654334707992
2019-09-02,2019-09-03,2019-09-04,funded_assets,EUR,0.99,EWMA_GAUSS,ALL_EQUIVARIANT,0.0026435164753918,0.0055853127832724,0.0064193864748333,-5.178363167765978,0,0.0008340736915609,16384,2018-12-31,2.551263237129953e-18,2.551263237129953e-18,-0.0093688592553138,0.0096511438408047,2019-09-03,2019-09-04,0.0026435164753918,0.0055638790330024,0.0063856752663532,-5.182391745671648,0,0.0008217962333508,65536,2018-12-31,3.127245641262877e-18,3.127245641262877e-18,-0.0102951619973498,0.0096511438408047,0.0038523034276742724,0.005279192422722768,0.004028577905669906
2019-09-02,2019-09-03,2019-09-04,funded_assets,USD,0.95,EWMA_GAUSS,ALL_EQUIVARIANT,0.0026341074026297,0.0039411699638994,0.0049646925192502,-5.511564224375066,0,0.0010235225553507,16384,2018-12-31,2.551263237129953e-18,2.551263237129953e-18,-0.0093062665367498,0.0097520571361521,2019-09-03,2019-09-04,0.0026341074026297,0.0039620977334189,0.0049707575802841,-5.507101756193606,0,0.0010086598468652,65536,2018-12-31,3.127245641262877e-18,3.127245641262877e-18,-0.010222567133718,0.0097520571361521,0.005281992249454478,0.0012201482240769266,0.004462468181460011
2019-09-02,2019-09-03,2019-09-04,funded_assets,USD,0.99,EWMA_GAUSS,ALL_EQUIVARIANT,0.0026341074026297,0.0056287383801672,0.0064616086154352,-5.170772165103733,0,0.000832870235268,16384,2018-12-31,2.551263237129953e-18,2.551263237129953e-18,-0.0093062665367498,0.0097520571361521,2019-09-03,2019-09-04,0.0026341074026297,0.0055981695403748,0.0064299278778237,-5.17614929276405,0,0.0008317583374488,65536,2018-12-31,3.127245641262877e-18,3.127245641262877e-18,-0.010222567133718,0.0097520571361521,0.005460506255113144,0.004927075110867733,0.005377127660317171
2019-09-02,2019-09-03,2019-09-04,net_cashflows,EUR,0.95,EWMA_GAUSS,ALL_EQUIVARIANT,-0.0006257097075901,0.0029822109504155,0.0037549003673802,-5.7904751305081215,0,0.0007726894169647,16384,2018-12-31,2.551263237129953e-18,2.551263237129953e-18,-0.0069923058001087,0.0071284859844248,2019-09-03,2019-09-04,-0.0006257097075901,0.0029942967520642,0.0037561681913589,-5.787188027832278,0,0.0007618714392946,65536,2018-12-31,3.127245641262877e-18,3.127245641262877e-18,-0.007099844952475,0.007275155322625,0.004036273839714859,0.00033753120576887114,0.003287102675843201
2019-09-02,2019-09-03,2019-09-04,net_cashflows,EUR,0.99,EWMA_GAUSS,ALL_EQUIVARIANT,-0.0006257097075901,0.0042351325412448,0.0048936343667896,-5.45438296682102,0,0.0006585018255448,16384,2018-12-31,2.551263237129953e-18,2.551263237129953e-18,-0.0069923058001087,0.0071284859844248,2019-09-03,2019-09-04,-0.0006257097075901,0.0042320225790605,0.0048508086817032,-5.456173343123017,0,0.0006187861026427,65536,2018-12-31,3.127245641262877e-18,3.127245641262877e-18,-0.007099844952475,0.007275155322625,0.0007348642702633987,0.008828566100315422,0.0017903763019964103
2019-09-02,2019-09-03,2019-09-04,net_cashflows,USD,0.95,EWMA_GAUSS,ALL_EQUIVARIANT,-0.0006184871383137,0.002993980247101,0.0037708396418457,-5.786475202024733,0,0.0007768593947446,16384,2018-12-31,2.551263237129953e-18,2.551263237129953e-18,-0.0069606996146511,0.0070843059135826,2019-09-03,2019-09-04,-0.0006184871383137,0.0030054913899556,0.0037721768775016,-5.783350514497996,0,0.0007666854875459,65536,2018-12-31,3.127245641262877e-18,3.127245641262877e-18,-0.0070769968240549,0.0073537185607742,0.0038300368761894224,0.00035449972239518906,0.0031246875267374463
2019-09-02,2019-09-03,2019-09-04,net_cashflows,USD,0.99,EWMA_GAUSS,ALL_EQUIVARIANT,-0.0006184871383137,0.0042573259242643,0.0049201809111102,-5.4491316481557455,0,0.0006628549868459,16384,2018-12-31,2.551263237129953e-18,2.551263237129953e-18,-0.0069606996146511,0.0070843059135826,2019-09-03,2019-09-04,-0.0006184871383137,0.0042507936227186,0.0048765369972405,-5.45163710199984,0,0.0006257433745219,65536,2018-12-31,3.127245641262877e-18,3.127245641262877e-18,-0.0070769968240549,0.0073537185607742,0.0015367251683985996,0.008949776018186013,0.0025054538440949514
2019-09-02,2019-09-03,2019-09-04,funded_assets,EUR,0.95,EWMA_SELFNORMALIZED,ALL_EQUIVARIANT,0.0026435164753918,0.0039473963671551,0.0049261064640079,-5.51188459355806,0,0.0009787100968528,16384,2018-12-31,2.439454888092385e-18,2.439454888092385e-18,-0.0090649050823392,0.0097812190283646,2019-09-03,2019-09-04,0.0026435164753918,0.0039339177698325,0.004939629079995,-5.5140656084338975,0,0.0010057113101625,65536,2018-12-31,2.690176640479658e-18,2.690176640479658e-18,-0.0102763139426004,0.0097812190283646,0.003426252939489902,0.00273757720835058,0.0021810148758376613
2019-09-02,2019-09-03,2019-09-04,funded_assets,EUR,0.99,EWMA_SELFNORMALIZED,ALL_EQUIVARIANT,0.0026435164753918,0.0055758014440264,0.0063675691574426,-5.180881285080076,0,0.0007917677134161,16384,2018-12-31,2.439454888092385e-18,2.439454888092385e-18,-0.0090649050823392,0.0097812190283646,2019-09-03,2019-09-04,0.0026435164753918,0.0055897270302473,0.0063565965609535,-5.178903706160577,0,0.0007668695307061,65536,2018-12-31,2.690176640479658e-18,2.690176640479658e-18,-0.0102763139426004,0.0097812190283646,0.002491281979521712,0.001726174751517361,0.0019775789194991233
2019-09-02,2019-09-03,2019-09-04,funded_assets,USD,0.95,EWMA_SELFNORMALIZED,ALL_EQUIVARIANT,0.0026341074026297,0.0039665732777829,0.0049529462696692,-5.506921410039058,0,0.0009863729918862,16384,2018-12-31,2.439454888092385e-18,2.439454888092385e-18,-0.0090281331776739,0.0098995132431465,2019-09-03,2019-09-04,0.0026341074026297,0.0039500870931404,0.0049666692700674,-5.509686698456002,0,0.0010165821769269,65536,2018-12-31,2.690176640479658e-18,2.690176640479658e-18,-0.0101304402063254,0.0098995132431465,0.004173625607174569,0.0027630187660982876,0.0027652884169437897
2019-09-02,2019-09-03,2019-09-04,funded_assets,USD,0.99,EWMA_SELFNORMALIZED,ALL_EQUIVARIANT,0.0026341074026297,0.0056224002539736,0.0064124301623993,-5.172719846356699,0,0.0007900299084257,16384,2018-12-31,2.439454888092385e-18,2.439454888092385e-18,-0.0090281331776739,0.0098995132431465,2019-09-03,2019-09-04,0.0026341074026297,0.0056282115710675,0.0064021705145674,-5.172008289118708,0,0.0007739589434998,65536,2018-12-31,2.690176640479658e-18,2.690176640479658e-18,-0.0101304402063254,0.0098995132431465,0.001032533518067099,0.0016025264882518985,0.0007115572379916557
2019-09-02,2019-09-03,2019-09-04,net_cashflows,EUR,0.95,EWMA_SELFNORMALIZED,ALL_EQUIVARIANT,-0.0006257097075901,0.0029812888153699,0.003770245238454,-5.789873878142537,0,0.0007889564230841,16384,2018-12-31,2.439454888092385e-18,2.439454888092385e-18,-0.0072082937774822,0.0066544909720472,2019-09-03,2019-09-04,-0.0006257097075901,0.0029958358171221,0.0037625355729459,-5.786434289245282,0,0.0007666997558237,65536,2018-12-31,2.690176640479658e-18,2.690176640479658e-18,-0.0072082937774822,0.0079678159302529,0.004855740648088804,0.002049061160653301,0.0034395888972555966
2019-09-02,2019-09-03,2019-09-04,net_cashflows,EUR,0.99,EWMA_SELFNORMALIZED,ALL_EQUIVARIANT,-0.0006257097075901,0.0042820405836522,0.0048790063661582,-5.445167660051943,0,0.000596965782506,16384,2018-12-31,2.439454888092385e-18,2.439454888092385e-18,-0.0072082937774822,0.0066544909720472,2019-09-03,2019-09-04,-0.0006257097075901,0.0042600716861972,0.0048649170097653,-5.4500336059997005,0,0.000604845323568,65536,2018-12-31,2.690176640479658e-18,2.690176640479658e-18,-0.0072082937774822,0.0079678159302529,0.005156931402394201,0.0028961144382562446,0.004865945947757133
2019-09-02,2019-09-03,2019-09-04,net_cashflows,USD,0.95,EWMA_SELFNORMALIZED,ALL_EQUIVARIANT,-0.0006184871383137,0.002994448881819,0.0037854596685994,-5.785548254339107,0,0.0007910107867803,16384,2018-12-31,2.439454888092385e-18,2.439454888092385e-18,-0.0072087938739701,0.0067051954767474,2019-09-03,2019-09-04,-0.0006184871383137,0.0030064776877331,0.0037781883392632,-5.782764810560552,0,0.0007717106515301,65536,2018-12-31,2.690176640479658e-18,2.690176640479658e-18,-0.0072087938739701,0.0080628420650532,0.0040009629751052165,0.0019245544910071678,0.0027834437785543287
2019-09-02,2019-09-03,2019-09-04,net_cashflows,USD,0.99,EWMA_SELFNORMALIZED,ALL_EQUIVARIANT,-0.0006184871383137,0.0042975259640851,0.0049030611897071,-5.441396998421621,0,0.000605535225622,16384,2018-12-31,2.439454888092385e-18,2.439454888092385e-18,-0.0072087938739701,0.0067051954767474,2019-09-03,2019-09-04,-0.0006184871383137,0.0042775614308389,0.0048902650389466,-5.445799247374507,0,0.0006127036081077,65536,2018-12-31,2.690176640479658e-18,2.690176640479658e-18,-0.0072087938739701,0.0080628420650532,0.00466726979121007,0.0026166579231576047,0.004402248952885657
2019-09-02,2019-09-03,2019-09-04,funded_assets,EUR,0.95,IN_FHS1250,EUR,0.0026435164753918,0.0042082163067653,0.0056268664796381,-5.432323384129272,0,0.0014186501728728,1249,2018-12-31,2.61563774112128e-18,2.61563774112128e-18,-0.0145894722397433,0.0119480425034505,2019-09-03,2019-09-04,0.0026435164753918,0.0042082163067653,0.0056268664796381,-5.432323384129272,0,0.0014186501728728,1249,2018-12-31,2.61563774112128e-18,2.61563774112128e-18,-0.0145894722397433,0.0119480425034505,0.0,0.0,0.0
2019-09-02,2019-09-03,2019-09-04,funded_assets,EUR,0.99,IN_FHS1250,EUR,0.0026435164753918,0.0063640010594743,0.0079174429509933,-5.034891984670713,0,0.001553441891519,1249,2018-12-31,2.61563774112128e-18,2.61563774112128e-18,-0.0145894722397433,0.0119480425034505,2019-09-03,2019-09-04,0.0026435164753918,0.0063640010594743,0.0079174429509933,-5.034891984670713,0,0.001553441891519,1249,2018-12-31,2.61563774112128e-18,2.61563774112128e-18,-0.0145894722397433,0.0119480425034505,0.0,0.0,0.0
2019-09-02,2019-09-03,2019-09-04,funded_assets,USD,0.95,IN_FHS1250,EUR,0.0026341074026297,0.0042065037943306,0.0056653617813406,-5.43088934774676,0,0.00145885798701,1249,2018-12-31,2.61563774112128e-18,2.61563774112128e-18,-0.0143541079473458,0.0119962312377522,2019-09-03,2019-09-04,0.0026341074026297,0.0042065037943306,0.0056653617813406,-5.43088934774676,0,0.00145885798701,1249,2018-12-31,2.61563774112128e-18,2.61563774112128e-18,-0.0143541079473458,0.0119962312377522,0.0,0.0,0.0
2019-09-02,2019-09-03,2019-09-04,funded_assets,USD,0.99,IN_FHS1250,EUR,0.0026341074026297,0.0063557081776863,0.0079944541994373,-5.033992556469352,0,0.0016387460217509,1249,2018-12-31,2.61563774112128e-18,2.61563774112128e-18,-0.0143541079473458,0.0119962312377522,2019-09-03,2019-09-04,0.0026341074026297,0.0063557081776863,0.0079944541994373,-5.033992556469352,0,0.0016387460217509,1249,2018-12-31,2.61563774112128e-18,2.61563774112128e-18,-0.0143541079473458,0.0119962312377522,0.0,0.0,0.0
2019-09-02,2019-09-03,2019-09-04,net_cashflows,EUR,0.95,IN_FHS1250,EUR,-0.0006257097075901,0.0027844306128794,0.0039162154127926,-5.831629176077921,0,0.0011317847999131,1249,2018-12-31,2.61563774112128e-18,2.61563774112128e-18,-0.0083602886181242,0.0084067328195017,2019-09-03,2019-09-04,-0.0006257097075901,0.0027844306128794,0.0039162154127926,-5.831629176077921,0,0.0011317847999131,1249,2018-12-31,2.61563774112128e-18,2.61563774112128e-18,-0.0083602886181242,0.0084067328195017,0.0,0.0,0.0
2019-09-02,2019-09-03,2019-09-04,net_cashflows,EUR,0.99,IN_FHS1250,EUR,-0.0006257097075901,0.0046433244219886,0.0057545727954714,-5.350867486167007,0,0.0011112483734828,1249,2018-12-31,2.61563774112128e-18,2.61563774112128e-18,-0.0083602886181242,0.0084067328195017,2019-09-03,2019-09-04,-0.0006257097075901,0.0046433244219886,0.0057545727954714,-5.350867486167007,0,0.0011112483734828,1249,2018-12-31,2.61563774112128e-18,2.61563774112128e-18,-0.0083602886181242,0.0084067328195017,0.0,0.0,0.0
2019-09-02,2019-09-03,2019-09-04,net_cashflows,USD,0.95,IN_FHS1250,EUR,-0.0006184871383137,0.0027958697279314,0.0039343374994985,-5.827379856752662,0,0.001138467771567,1249,2018-12-31,2.61563774112128e-18,2.61563774112128e-18,-0.0082171751710648,0.0083615658035244,2019-09-03,2019-09-04,-0.0006184871383137,0.0027958697279314,0.0039343374994985,-5.827379856752662,0,0.001138467771567,1249,2018-12-31,2.61563774112128e-18,2.61563774112128e-18,-0.0082171751710648,0.0083615658035244,0.0,0.0,0.0
2019-09-02,2019-09-03,2019-09-04,net_cashflows,USD,0.99,IN_FHS1250,EUR,-0.0006184871383137,0.0046709969663027,0.0057933759101358,-5.344774971157476,0,0.0011223789438331,1249,2018-12-31,2.61563774112128e-18,2.61563774112128e-18,-0.0082171751710648,0.0083615658035244,2019-09-03,2019-09-04,-0.0006184871383137,0.0046709969663027,0.0057933759101358,-5.344774971157476,0,0.0011223789438331,1249,2018-12-31,2.61563774112128e-18,2.61563774112128e-18,-0.0082171751710648,0.0083615658035244,0.0,0.0,0.0
2019-09-02,2019-09-03,2019-09-04,funded_assets,EUR,0.95,IN_TCOP1250,EUR,0.0026435164753918,0.0043270370652584,0.0057248481065952,-5.407104873454969,0,0.0013978110413368,16384,2018-12-31,3.713392440762853e-18,3.713392440762853e-18,-0.0156592027208327,0.0116728471831794,2019-09-03,2019-09-04,0.0026435164753918,0.0043201376850187,0.0057404667004057,-5.407638727377085,0,0.0014203290153869,65536,2018-12-31,3.713392440762853e-18,3.713392440762853e-18,-0.0160015839864434,0.0141182138800248,0.0015970278594651828,0.0027207881563699877,0.0005338539221160232
2019-09-02,2019-09-03,2019-09-04,funded_assets,EUR,0.99,IN_TCOP1250,EUR,0.0026435164753918,0.0066254047830219,0.0078278492535171,-5.0036785788046405,0,0.0012024444704951,16384,2018-12-31,3.713392440762853e-18,3.713392440762853e-18,-0.0156592027208327,0.0116728471831794,2019-09-03,2019-09-04,0.0026435164753918,0.0066147561643487,0.0080406695436696,-5.000580564974422,0,0.0014259133793209,65536,2018-12-31,3.713392440762853e-18,3.713392440762853e-18,-0.0160015839864434,0.0141182138800248,0.0016098278468059317,0.02646798117950922,0.003098013830218349
2019-09-02,2019-09-03,2019-09-04,funded_assets,USD,0.95,IN_TCOP1250,EUR,0.0026341074026297,0.0043418573415227,0.0057630831157356,-5.402891269641022,0,0.0014212257742128,16384,2018-12-31,3.713392440762853e-18,3.713392440762853e-18,-0.0153491321386791,0.0117109338693781,2019-09-03,2019-09-04,0.0026341074026297,0.0043355060764961,0.0057782701756945,-5.403338810586531,0,0.0014427640991983,65536,2018-12-31,3.713392440762853e-18,3.713392440762853e-18,-0.0158928823661802,0.0143731053582484,0.0014649420193486222,0.002628305616927008,0.0004475409455091395
2019-09-02,2019-09-03,2019-09-04,funded_assets,USD,0.99,IN_TCOP1250,EUR,0.0026341074026297,0.0066708785987152,0.0078954694265061,-4.99656662012565,0,0.0012245908277909,16384,2018-12-31,3.713392440762853e-18,3.713392440762853e-18,-0.0153491321386791,0.0117109338693781,2019-09-03,2019-09-04,0.0026341074026297,0.0066692635073887,0.0081122678235845,-4.992257091596745,0,0.0014430043161957,65536,2018-12-31,3.713392440762853e-18,3.713392440762853e-18,-0.0158928823661802,0.0143731053582484,0.00024216936768354516,0.026724758328134864,0.004309528528905204
2019-09-02,2019-09-03,2019-09-04,net_cashflows,EUR,0.95,IN_TCOP1250,EUR,-0.0006257097075901,0.0027972683619257,0.0037799984688277,-5.838013289496463,0,0.0009827301069019,16384,2018-12-31,3.713392440762853e-18,3.713392440762853e-18,-0.0085636549281065,0.0092702400953167,2019-09-03,2019-09-04,-0.0006257097075901,0.0028009025934105,0.0037784750859612,-5.837156201151345,0,0.0009775724925506,65536,2018-12-31,3.713392440762853e-18,3.713392440762853e-18,-0.0114202864647947,0.0102965436938182,0.001297521553712823,0.00040317398734746295,0.0008570883451186617
2019-09-02,2019-09-03,2019-09-04,net_cashflows,EUR,0.99,IN_TCOP1250,EUR,-0.0006257097075901,0.0044691627511043,0.0054354520622255,-5.392587920723857,0,0.0009662893111211,16384,2018-12-31,3.713392440762853e-18,3.713392440762853e-18,-0.0085636549281065,0.0092702400953167,2019-09-03,2019-09-04,-0.0006257097075901,0.0044097595570559,0.0053382680236541,-5.40678842266787,0,0.0009285084665982,65536,2018-12-31,3.713392440762853e-18,3.713392440762853e-18,-0.0114202864647947,0.0102965436938182,0.013470846489430746,0.018205162824491732,0.014200501944013233
2019-09-02,2019-09-03,2019-09-04,net_cashflows,USD,0.95,IN_TCOP1250,EUR,-0.0006184871383137,0.0028031328889971,0.0037955965707256,-5.835391334004162,0,0.0009924636817285,16384,2018-12-31,3.713392440762853e-18,3.713392440762853e-18,-0.00846215046921,0.0093596460505881,2019-09-03,2019-09-04,-0.0006184871383137,0.0028089743154212,0.0037942233844515,-5.833946343350373,0,0.0009852490690303,65536,2018-12-31,3.713392440762853e-18,3.713392440762853e-18,-0.0110001731412383,0.0104058329105951,0.00207955850362556,0.0003619149783661584,0.0014449906537885582
2019-09-02,2019-09-03,2019-09-04,net_cashflows,USD,0.99,IN_TCOP1250,EUR,-0.0006184871383137,0.0044681427753629,0.005467835068243,-5.39170398810858,0,0.0009996922928801,16384,2018-12-31,3.713392440762853e-18,3.713392440762853e-18,-0.00846215046921,0.0093596460505881,2019-09-03,2019-09-04,-0.0006184871383137,0.0044250071120737,0.0053675795750024,-5.402982951782414,0,0.0009425724629286,65536,2018-12-31,3.713392440762853e-18,3.713392440762853e-18,-0.0110001731412383,0.0104058329105951,0.009748156827026075,0.018677970552594007,0.011278963673833964
2019-09-02,2019-09-03,2019-09-04,funded_assets,EUR,0.95,IN_FHS1250,USD,0.0026435164753918,0.003646662908485,0.005074914511451,-5.564879227273483,0,0.001428251602966,1249,2018-12-31,2.56650983018053e-18,2.56650983018053e-18,-0.0201027567251808,0.0124333534897319,2019-09-03,2019-09-04,0.0026435164753918,0.003646662908485,0.005074914511451,-5.564879227273483,0,0.001428251602966,1249,2018-12-31,2.56650983018053e-18,2.56650983018053e-18,-0.0201027567251808,0.0124333534897319,0.0,0.0,0.0
2019-09-02,2019-09-03,2019-09-04,funded_assets,EUR,0.99,IN_FHS1250,USD,0.0026435164753918,0.0058726184728009,0.0069191754088236,-5.124713252057796,0,0.0010465569360227,1249,2018-12-31,2.56650983018053e-18,2.56650983018053e-18,-0.0201027567251808,0.0124333534897319,2019-09-03,2019-09-04,0.0026435164753918,0.0058726184728009,0.0069191754088236,-5.124713252057796,0,0.0010465569360227,1249,2018-12-31,2.56650983018053e-18,2.56650983018053e-18,-0.0201027567251808,0.0124333534897319,0.0,0.0,0.0
2019-09-02,2019-09-03,2019-09-04,funded_assets,USD,0.95,IN_FHS1250,USD,0.0026341074026297,0.0036775795782456,0.005099976041711,-5.557422014514445,0,0.0014223964634654,1249,2018-12-31,2.56650983018053e-18,2.56650983018053e-18,-0.0199863153773122,0.0124911088549309,2019-09-03,2019-09-04,0.0026341074026297,0.0036775795782456,0.005099976041711,-5.557422014514445,0,0.0014223964634654,1249,2018-12-31,2.56650983018053e-18,2.56650983018053e-18,-0.0199863153773122,0.0124911088549309,0.0,0.0,0.0
2019-09-02,2019-09-03,2019-09-04,funded_assets,USD,0.99,IN_FHS1250,USD,0.0026341074026297,0.0059865956382228,0.0069658278540665,-5.107315393801145,0,0.0009792322158437,1249,2018-12-31,2.56650983018053e-18,2.56650983018053e-18,-0.0199863153773122,0.0124911088549309,2019-09-03,2019-09-04,0.0026341074026297,0.0059865956382228,0.0069658278540665,-5.107315393801145,0,0.0009792322158437,1249,2018-12-31,2.56650983018053e-18,2.56650983018053e-18,-0.0199863153773122,0.0124911088549309,0.0,0.0,0.0
2019-09-02,2019-09-03,2019-09-04,net_cashflows,EUR,0.95,IN_FHS1250,USD,-0.0006257097075901,0.0030854606215637,0.0041797638551672,-5.739310350661666,0,0.0010943032336035,1249,2018-12-31,2.56650983018053e-18,2.56650983018053e-18,-0.0069896998832529,0.0109443098586334,2019-09-03,2019-09-04,-0.0006257097075901,0.0030854606215637,0.0041797638551672,-5.739310350661666,0,0.0010943032336035,1249,2018-12-31,2.56650983018053e-18,2.56650983018053e-18,-0.0069896998832529,0.0109443098586334,0.0,0.0,0.0
2019-09-02,2019-09-03,2019-09-04,net_cashflows,EUR,0.99,IN_FHS1250,USD,-0.0006257097075901,0.0048533657367841,0.0061416346165878,-5.302424283353179,0,0.0012882688798036,1249,2018-12-31,2.56650983018053e-18,2.56650983018053e-18,-0.0069896998832529,0.0109443098586334,2019-09-03,2019-09-04,-0.0006257097075901,0.0048533657367841,0.0061416346165878,-5.302424283353179,0,0.0012882688798036,1249,2018-12-31,2.56650983018053e-18,2.56650983018053e-18,-0.0069896998832529,0.0109443098586334,0.0,0.0,0.0
2019-09-02,2019-09-03,2019-09-04,net_cashflows,USD,0.95,IN_FHS1250,USD,-0.0006184871383137,0.0030679633592101,0.0041994551171773,-5.742238250869527,0,0.0011314917579672,1249,2018-12-31,2.56650983018053e-18,2.56650983018053e-18,-0.00692812329855,0.0108769295707796,2019-09-03,2019-09-04,-0.0006184871383137,0.0030679633592101,0.0041994551171773,-5.742238250869527,0,0.0011314917579672,1249,2018-12-31,2.56650983018053e-18,2.56650983018053e-18,-0.00692812329855,0.0108769295707796,0.0,0.0,0.0
2019-09-02,2019-09-03,2019-09-04,net_cashflows,USD,0.99,IN_FHS1250,USD,-0.0006184871383137,0.0048220819139609,0.0061736593498606,-5.306389997341578,0,0.0013515774358996,1249,2018-12-31,2.56650983018053e-18,2.56650983018053e-18,-0.00692812329855,0.0108769295707796,2019-09-03,2019-09-04,-0.0006184871383137,0.0048220819139609,0.0061736593498606,-5.306389997341578,0,0.0013515774358996,1249,2018-12-31,2.56650983018053e-18,2.56650983018053e-18,-0.00692812329855,0.0108769295707796,0.0,0.0,0.0
2019-09-02,2019-09-03,2019-09-04,funded_assets,EUR,0.95,IN_TCOP1250,USD,0.0026435164753918,0.0039905418926999,0.005284378351313,-5.487842044601829,0,0.001293836458613,16384,2018-12-31,2.930733997499879e-18,2.930733997499879e-18,-0.0159870939861879,0.014342014216337,2019-09-03,2019-09-04,0.0026435164753918,0.0040073947397079,0.0052706584974044,-5.485278516757036,0,0.0012632637576965,65536,2018-12-31,4.546872860861084e-18,4.546872860861084e-18,-0.0182015101533488,0.014342014216337,0.0042054372235933255,0.0026030625803884467,0.0025635278447921905
2019-09-02,2019-09-03,2019-09-04,funded_assets,EUR,0.99,IN_TCOP1250,USD,0.0026435164753918,0.0059931492692952,0.0074005242449537,-5.096376772337792,0,0.0014073749756585,16384,2018-12-31,2.930733997499879e-18,2.930733997499879e-18,-0.0159870939861879,0.014342014216337,2019-09-03,2019-09-04,0.0026435164753918,0.0060045198209733,0.0073130684954451,-5.097025242981532,0,0.0013085486744718,65536,2018-12-31,4.546872860861084e-18,4.546872860861084e-18,-0.0182015101533488,0.014342014216337,0.001893665441553337,0.011958830901566367,0.0006484706437399623
2019-09-02,2019-09-03,2019-09-04,funded_assets,USD,0.95,IN_TCOP1250,USD,0.0026341074026297,0.0040027873587601,0.0053152802769326,-5.484097796884152,0,0.0013124929181724,16384,2018-12-31,2.930733997499879e-18,2.930733997499879e-18,-0.0158030365463079,0.0143936418347577,2019-09-03,2019-09-04,0.0026341074026297,0.0040227739588317,0.005301199965973,-5.480979929324104,0,0.0012784260071412,65536,2018-12-31,4.546872860861084e-18,4.546872860861084e-18,-0.0178881635871947,0.0143936418347577,0.004968362696025076,0.00265606108993766,0.0031178675600473937
2019-09-02,2019-09-03,2019-09-04,funded_assets,USD,0.99,IN_TCOP1250,USD,0.0026341074026297,0.0060524970126429,0.007452980830326,-5.087050435587637,0,0.0014004838176831,16384,2018-12-31,2.930733997499879e-18,2.930733997499879e-18,-0.0158030365463079,0.0143936418347577,2019-09-03,2019-09-04,0.0026341074026297,0.0060647143863057,0.0073678364235965,-5.087497490705681,0,0.0013031220372907,65536,2018-12-31,4.546872860861084e-18,4.546872860861084e-18,-0.0178881635871947,0.0143936418347577,0.002014501076981762,0.011556229242116979,0.00044705511804465914
2019-09-02,2019-09-03,2019-09-04,net_cashflows,EUR,0.95,IN_TCOP1250,USD,-0.0006257097075901,0.0030029795772643,0.0041778193246,-5.759174706360663,0,0.0011748397473356,16384,2018-12-31,2.930733997499879e-18,2.930733997499879e-18,-0.0104284449384546,0.0152683576780618,2019-09-03,2019-09-04,-0.0006257097075901,0.0029797941655556,0.0041788675004103,-5.764652392341296,0,0.0011990733348546,65536,2018-12-31,4.546872860861084e-18,4.546872860861084e-18,-0.0104284449384546,0.0170892822930798,0.00778087693999389,0.00025082772071558917,0.00547768598063314
2019-09-02,2019-09-03,2019-09-04,net_cashflows,EUR,0.99,IN_TCOP1250,USD,-0.0006257097075901,0.0047514908306758,0.0062826255210861,-5.313676676515263,0,0.0015311346904102,16384,2018-12-31,2.930733997499879e-18,2.930733997499879e-18,-0.0104284449384546,0.0152683576780618,2019-09-03,2019-09-04,-0.0006257097075901,0.0047974639860272,0.0062764139556357,-5.306592629693749,0,0.0014789499696084,65536,2018-12-31,4.546872860861084e-18,4.546872860861084e-18,-0.0104284449384546,0.0170892822930798,0.009582803640693967,0.0009896679050021013,0.007084046821514534
2019-09-02,2019-09-03,2019-09-04,net_cashflows,USD,0.95,IN_TCOP1250,USD,-0.0006184871383137,0.003018191563637,0.0041984242303585,-5.754159254111418,0,0.0011802326667215,16384,2018-12-31,2.930733997499879e-18,2.930733997499879e-18,-0.0104202814108971,0.0154013915917507,2019-09-03,2019-09-04,-0.0006184871383137,0.002986405381469,0.0041995523104116,-5.761652651039599,0,0.0012131469289425,65536,2018-12-31,4.546872860861084e-18,4.546872860861084e-18,-0.0104202814108971,0.0172035084137168,0.010643626068060517,0.0002686191216866675,0.007493396928181184
2019-09-02,2019-09-03,2019-09-04,net_cashflows,USD,0.99,IN_TCOP1250,USD,-0.0006184871383137,0.0048022240540517,0.0063283724273032,-5.303871892772766,0,0.0015261483732515,16384,2018-12-31,2.930733997499879e-18,2.930733997499879e-18,-0.0104202814108971,0.0154013915917507,2019-09-03,2019-09-04,-0.0006184871383137,0.0048294967295981,0.006322809384868,-5.299770307829382,0,0.0014933126552698,65536,2018-12-31,4.546872860861084e-18,4.546872860861084e-18,-0.0104202814108971,0.0172035084137168,0.005647105086386444,0.0008798371256476765,0.0041015849433838625
2019-09-02,2019-09-03,2019-09-04,funded_assets,EUR,0.95,IN_FHS1250,GBP,0.0026435164753918,0.0048593177420368,0.006523808876685,-5.287437892224106,0,0.0016644911346481,1249,2018-12-31,4.099639464710814e-18,4.099639464710814e-18,-0.0251051564064648,0.0146655810305611,2019-09-03,2019-09-04,0.0026435164753918,0.0048593177420368,0.006523808876685,-5.287437892224106,0,0.0016644911346481,1249,2018-12-31,4.099639464710814e-18,4.099639464710814e-18,-0.0251051564064648,0.0146655810305611,0.0,0.0,0.0
2019-09-02,2019-09-03,2019-09-04,funded_assets,EUR,0.99,IN_FHS1250,GBP,0.0026435164753918,0.006871396360522,0.0093499523046793,-4.937471586273548,0,0.0024785559441572,1249,2018-12-31,4.099639464710814e-18,4.099639464710814e-18,-0.0251051564064648,0.0146655810305611,2019-09-03,2019-09-04,0.0026435164753918,0.006871396360522,0.0093499523046793,-4.937471586273548,0,0.0024785559441572,1249,2018-12-31,4.099639464710814e-18,4.099639464710814e-18,-0.0251051564064648,0.0146655810305611,0.0,0.0,0.0
2019-09-02,2019-09-03,2019-09-04,funded_assets,USD,0.95,IN_FHS1250,GBP,0.0026341074026297,0.0048814391152671,0.0065842434334838,-5.281693911132232,0,0.0017028043182167,1249,2018-12-31,4.099639464710814e-18,4.099639464710814e-18,-0.024308297634208,0.014750863599667,2019-09-03,2019-09-04,0.0026341074026297,0.0048814391152671,0.0065842434334838,-5.281693911132232,0,0.0017028043182167,1249,2018-12-31,4.099639464710814e-18,4.099639464710814e-18,-0.024308297634208,0.014750863599667,0.0,0.0,0.0
2019-09-02,2019-09-03,2019-09-04,funded_assets,USD,0.99,IN_FHS1250,GBP,0.0026341074026297,0.0070598040625672,0.0094669611951557,-4.914216561829148,0,0.0024071571325885,1249,2018-12-31,4.099639464710814e-18,4.099639464710814e-18,-0.024308297634208,0.014750863599667,2019-09-03,2019-09-04,0.0026341074026297,0.0070598040625672,0.0094669611951557,-4.914216561829148,0,0.0024071571325885,1249,2018-12-31,4.099639464710814e-18,4.099639464710814e-18,-0.024308297634208,0.014750863599667,0.0,0.0,0.0
2019-09-02,2019-09-03,2019-09-04,net_cashflows,EUR,0.95,IN_FHS1250,GBP,-0.0006257097075901,0.0033107719783126,0.004603617267191,-5.661745409626293,0,0.0012928452888784,1249,2018-12-31,4.099639464710814e-18,4.099639464710814e-18,-0.0081221264957982,0.0104077357679854,2019-09-03,2019-09-04,-0.0006257097075901,0.0033107719783126,0.004603617267191,-5.661745409626293,0,0.0012928452888784,1249,2018-12-31,4.099639464710814e-18,4.099639464710814e-18,-0.0081221264957982,0.0104077357679854,0.0,0.0,0.0
2019-09-02,2019-09-03,2019-09-04,net_cashflows,EUR,0.99,IN_FHS1250,GBP,-0.0006257097075901,0.0055518886392975,0.0067080452838076,-5.176801417135369,0,0.0011561566445101,1249,2018-12-31,4.099639464710814e-18,4.099639464710814e-18,-0.0081221264957982,0.0104077357679854,2019-09-03,2019-09-04,-0.0006257097075901,0.0055518886392975,0.0067080452838076,-5.176801417135369,0,0.0011561566445101,1249,2018-12-31,4.099639464710814e-18,4.099639464710814e-18,-0.0081221264957982,0.0104077357679854,0.0,0.0,0.0
2019-09-02,2019-09-03,2019-09-04,net_cashflows,USD,0.95,IN_FHS1250,GBP,-0.0006184871383137,0.0033405116647997,0.004633710853476,-5.653482250615214,0,0.0012931991886763,1249,2018-12-31,4.099639464710814e-18,4.099639464710814e-18,-0.0079317845886943,0.0107504117478868,2019-09-03,2019-09-04,-0.0006184871383137,0.0033405116647997,0.004633710853476,-5.653482250615214,0,0.0012931991886763,1249,2018-12-31,4.099639464710814e-18,4.099639464710814e-18,-0.0079317845886943,0.0107504117478868,0.0,0.0,0.0
2019-09-02,2019-09-03,2019-09-04,net_cashflows,USD,0.99,IN_FHS1250,GBP,-0.0006184871383137,0.0055822767829906,0.0067696446708479,-5.170702574570406,0,0.0011873678878573,1249,2018-12-31,4.099639464710814e-18,4.099639464710814e-18,-0.0079317845886943,0.0107504117478868,2019-09-03,2019-09-04,-0.0006184871383137,0.0055822767829906,0.0067696446708479,-5.170702574570406,0,0.0011873678878573,1249,2018-12-31,4.099639464710814e-18,4.099639464710814e-18,-0.0079317845886943,0.0107504117478868,0.0,0.0,0.0
2019-09-02,2019-09-03,2019-09-04,funded_assets,EUR,0.95,IN_TCOP1250,GBP,0.0026435164753918,0.0052526129653751,0.0074048145464733,-5.196273827051732,0,0.0021522015810982,16384,2018-12-31,4.323256162785949e-18,4.323256162785949e-18,-0.0177511309874799,0.0241807446745137,2019-09-03,2019-09-04,0.0026435164753918,0.0052737101538703,0.0073384708745761,-5.195985951606849,0,0.0020647607207058,65536,2018-12-31,4.716279450311944e-18,4.716279450311944e-18,-0.031072378971305,0.0241807446745137,0.004000445204542928,0.009040530790555525,0.0002878754448829568
2019-09-02,2019-09-03,2019-09-04,funded_assets,EUR,0.99,IN_TCOP1250,GBP,0.0026435164753918,0.008688958548072,0.0112163075356495,-4.715714604871088,0,0.0025273489875774,16384,2018-12-31,4.323256162785949e-18,4.323256162785949e-18,-0.0177511309874799,0.0241807446745137,2019-09-03,2019-09-04,0.0026435164753918,0.0084812092220566,0.010807365087829,-4.742765444962992,0,0.0023261558657724,65536,2018-12-31,4.716279450311944e-18,4.716279450311944e-18,-0.031072378971305,0.0241807446745137,0.024495248327929105,0.03783923689975473,0.027050840091904504
2019-09-02,2019-09-03,2019-09-04,funded_assets,USD,0.95,IN_TCOP1250,GBP,0.0026341074026297,0.0052746699409899,0.0074811108047179,-5.190308921002887,0,0.002206440863728,16384,2018-12-31,4.323256162785949e-18,4.323256162785949e-18,-0.0171333401155806,0.0250462625774933,2019-09-03,2019-09-04,0.0026341074026297,0.0053027993159182,0.0074105204669037,-5.189277426677278,0,0.0021077211509854,65536,2018-12-31,4.716279450311944e-18,4.716279450311944e-18,-0.0296809412712161,0.0250462625774933,0.0053046274717317874,0.009525692308585491,0.001031494325609117
2019-09-02,2019-09-03,2019-09-04,funded_assets,USD,0.99,IN_TCOP1250,GBP,0.0026341074026297,0.0087629177546334,0.0113696510788555,-4.7060788400220845,0,0.002606733324222,16384,2018-12-31,4.323256162785949e-18,4.323256162785949e-18,-0.0171333401155806,0.0250462625774933,2019-09-03,2019-09-04,0.0026341074026297,0.0085428710744342,0.0109555653295426,-4.734133148034358,0,0.0024126942551083,65536,2018-12-31,4.716279450311944e-18,4.716279450311944e-18,-0.0296809412712161,0.0250462625774933,0.02575793059288006,0.03779683994912456,0.028054308012273488
2019-09-02,2019-09-03,2019-09-04,net_cashflows,EUR,0.95,IN_TCOP1250,GBP,-0.0006257097075901,0.0034050175726033,0.0046816742097082,-5.636791823464238,0,0.0012766566371049,16384,2018-12-31,4.323256162785949e-18,4.323256162785949e-18,-0.0136200142898089,0.0129309279192931,2019-09-03,2019-09-04,-0.0006257097075901,0.0033683284359334,0.0047221375834348,-5.6421878385625925,0,0.0013538091475014,65536,2018-12-31,4.716279450311944e-18,4.716279450311944e-18,-0.0136200142898089,0.0180181277405583,0.010892386941397885,0.008568868020395077,0.005396015098354745
2019-09-02,2019-09-03,2019-09-04,net_cashflows,EUR,0.99,IN_TCOP1250,GBP,-0.0006257097075901,0.0054813782275731,0.0067335156676049,-5.1866138546414735,0,0.0012521374400318,16384,2018-12-31,4.323256162785949e-18,4.323256162785949e-18,-0.0136200142898089,0.0129309279192931,2019-09-03,2019-09-04,-0.0006257097075901,0.0054885641127631,0.0069741767007457,-5.1785571895406575,0,0.0014856125879825,65536,2018-12-31,4.716279450311944e-18,4.716279450311944e-18,-0.0136200142898089,0.0180181277405583,0.0013092468343932082,0.03450744703888381,0.00805666510081604
2019-09-02,2019-09-03,2019-09-04,net_cashflows,USD,0.95,IN_TCOP1250,GBP,-0.0006184871383137,0.0034178009891238,0.0047119906248376,-5.632303610615929,0,0.0012941896357138,16384,2018-12-31,4.323256162785949e-18,4.323256162785949e-18,-0.0131615536245939,0.0129807871213626,2019-09-03,2019-09-04,-0.0006184871383137,0.0033786259389935,0.0047540886841341,-5.638072318449067,0,0.0013754627451405,65536,2018-12-31,4.716279450311944e-18,4.716279450311944e-18,-0.0131615536245939,0.0182971926045545,0.011594965183381814,0.008855127048217363,0.005768707833138542
2019-09-02,2019-09-03,2019-09-04,net_cashflows,USD,0.99,IN_TCOP1250,GBP,-0.0006184871383137,0.0054971891686622,0.0067890617265073,-5.18272988052593,0,0.0012918725578451,16384,2018-12-31,4.323256162785949e-18,4.323256162785949e-18,-0.0131615536245939,0.0129807871213626,2019-09-03,2019-09-04,-0.0006184871383137,0.0055224503921983,0.0070450497512917,-5.17155336579107,0,0.0015225993590933,65536,2018-12-31,4.716279450311944e-18,4.716279450311944e-18,-0.0131615536245939,0.0182971926045545,0.004574278036392482,0.03633587182794056,0.011176514734859921
2019-09-02,2019-09-03,2019-09-04,funded_assets,EUR,0.95,IN_FHS1250,JPY,0.0026435164753918,0.004491262706775,0.006015704313699,-5.366792172130876,0,0.0015244416069239,1249,2018-12-31,3.4457300294304938e-18,3.4457300294304938e-18,-0.0173643556275241,0.0109780432461361,2019-09-03,2019-09-04,0.0026435164753918,0.004491262706775,0.006015704313699,-5.366792172130876,0,0.0015244416069239,1249,2018-12-31,3.4457300294304938e-18,3.4457300294304938e-18,-0.0173643556275241,0.0109780432461361,0.0,0.0,0.0
2019-09-02,2019-09-03,2019-09-04,funded_assets,EUR,0.99,IN_FHS1250,JPY,0.0026435164753918,0.0069029670049015,0.008586454321581,-4.953632550432497,0,0.0016834873166795,1249,2018-12-31,3.4457300294304938e-18,3.4457300294304938e-18,-0.0173643556275241,0.0109780432461361,2019-09-03,2019-09-04,0.0026435164753918,0.0069029670049015,0.008586454321581,-4.953632550432497,0,0.0016834873166795,1249,2018-12-31,3.4457300294304938e-18,3.4457300294304938e-18,-0.0173643556275241,0.0109780432461361,0.0,0.0,0.0
2019-09-02,2019-09-03,2019-09-04,funded_assets,USD,0.95,IN_FHS1250,JPY,0.0026341074026297,0.0044898840742831,0.0060777855939211,-5.364378029026857,0,0.0015879015196379,1249,2018-12-31,3.4457300294304938e-18,3.4457300294304938e-18,-0.0172237447539198,0.0113410270593882,2019-09-03,2019-09-04,0.0026341074026297,0.0044898840742831,0.0060777855939211,-5.364378029026857,0,0.0015879015196379,1249,2018-12-31,3.4457300294304938e-18,3.4457300294304938e-18,-0.0172237447539198,0.0113410270593882,0.0,0.0,0.0
2019-09-02,2019-09-03,2019-09-04,funded_assets,USD,0.99,IN_FHS1250,JPY,0.0026341074026297,0.0069409238635337,0.0086965404216547,-4.946705268018286,0,0.0017556165581209,1249,2018-12-31,3.4457300294304938e-18,3.4457300294304938e-18,-0.0172237447539198,0.0113410270593882,2019-09-03,2019-09-04,0.0026341074026297,0.0069409238635337,0.0086965404216547,-4.946705268018286,0,0.0017556165581209,1249,2018-12-31,3.4457300294304938e-18,3.4457300294304938e-18,-0.0172237447539198,0.0113410270593882,0.0,0.0,0.0
2019-09-02,2019-09-03,2019-09-04,net_cashflows,EUR,0.95,IN_FHS1250,JPY,-0.0006257097075901,0.0031542345927362,0.004091770281359,-5.727904727200419,0,0.0009375356886227,1249,2018-12-31,3.4457300294304938e-18,3.4457300294304938e-18,-0.0061444572125564,0.0086171270759933,2019-09-03,2019-09-04,-0.0006257097075901,0.0031542345927362,0.004091770281359,-5.727904727200419,0,0.0009375356886227,1249,2018-12-31,3.4457300294304938e-18,3.4457300294304938e-18,-0.0061444572125564,0.0086171270759933,0.0,0.0,0.0
2019-09-02,2019-09-03,2019-09-04,net_cashflows,EUR,0.99,IN_FHS1250,JPY,-0.0006257097075901,0.0043814276250044,0.005613422976209,-5.40206769093428,0,0.0012319953512045,1249,2018-12-31,3.4457300294304938e-18,3.4457300294304938e-18,-0.0061444572125564,0.0086171270759933,2019-09-03,2019-09-04,-0.0006257097075901,0.0043814276250044,0.005613422976209,-5.40206769093428,0,0.0012319953512045,1249,2018-12-31,3.4457300294304938e-18,3.4457300294304938e-18,-0.0061444572125564,0.0086171270759933,0.0,0.0,0.0
2019-09-02,2019-09-03,2019-09-04,net_cashflows,USD,0.95,IN_FHS1250,JPY,-0.0006184871383137,0.0031916788811357,0.0041189797882852,-5.717278553538528,0,0.0009273009071494,1249,2018-12-31,3.4457300294304938e-18,3.4457300294304938e-18,-0.0061791308654049,0.0085429941437038,2019-09-03,2019-09-04,-0.0006184871383137,0.0031916788811357,0.0041189797882852,-5.717278553538528,0,0.0009273009071494,1249,2018-12-31,3.4457300294304938e-18,3.4457300294304938e-18,-0.0061791308654049,0.0085429941437038,0.0,0.0,0.0
2019-09-02,2019-09-03,2019-09-04,net_cashflows,USD,0.99,IN_FHS1250,JPY,-0.0006184871383137,0.0044018671947627,0.0056554612428095,-5.396794406301357,0,0.0012535940480467,1249,2018-12-31,3.4457300294304938e-18,3.4457300294304938e-18,-0.0061791308654049,0.0085429941437038,2019-09-03,2019-09-04,-0.0006184871383137,0.0044018671947627,0.0056554612428095,-5.396794406301357,0,0.0012535940480467,1249,2018-12-31,3.4457300294304938e-18,3.4457300294304938e-18,-0.0061791308654049,0.0085429941437038,0.0,0.0,0.0
2019-09-02,2019-09-03,2019-09-04,funded_assets,EUR,0.95,IN_TCOP1250,JPY,0.0026435164753918,0.0044826924247088,0.0060659880728066,-5.366069830883463,0,0.0015832956480977,16384,2018-12-31,4.594306705907325e-18,4.594306705907325e-18,-0.0206408354370694,0.0163290506601525,2019-09-03,2019-09-04,0.0026435164753918,0.0045134959267175,0.0060509126076617,-5.361626307208828,0,0.0015374166809441,65536,2018-12-31,5.529431079676073e-18,5.529431079676073e-18,-0.0221583215974948,0.0163290506601525,0.006824754582442236,0.0024914366017799033,0.00444352367463452
2019-09-02,2019-09-03,2019-09-04,funded_assets,EUR,0.99,IN_TCOP1250,JPY,0.0026435164753918,0.0069632732822922,0.0086598911748112,-4.944969891173479,0,0.0016966178925189,16384,2018-12-31,4.594306705907325e-18,4.594306705907325e-18,-0.0206408354370694,0.0163290506601525,2019-09-03,2019-09-04,0.0026435164753918,0.0069423306668546,0.0085787705484057,-4.949219261143988,0,0.001636439881551,65536,2018-12-31,5.529431079676073e-18,5.529431079676073e-18,-0.0221583215974948,0.0163290506601525,0.0030166548444008736,0.009455973434395538,0.004249369970508177
2019-09-02,2019-09-03,2019-09-04,funded_assets,USD,0.95,IN_TCOP1250,JPY,0.0026341074026297,0.0045017889073907,0.0061172843913114,-5.360724040680573,0,0.0016154954839207,16384,2018-12-31,4.594306705907325e-18,4.594306705907325e-18,-0.0200766894610319,0.0167526536369005,2019-09-03,2019-09-04,0.0026341074026297,0.0045284513017433,0.0061010950884499,-5.357051183534449,0,0.0015726437867065,65536,2018-12-31,5.529431079676073e-18,5.529431079676073e-18,-0.0217049682243731,0.0167526536369005,0.0058877511484633355,0.002653507710795695,0.0036728571461237536
2019-09-02,2019-09-03,2019-09-04,funded_assets,USD,0.99,IN_TCOP1250,JPY,0.0026341074026297,0.0070411363021123,0.008750640022973,-4.9339860000943006,0,0.0017095037208607,16384,2018-12-31,4.594306705907325e-18,4.594306705907325e-18,-0.0200766894610319,0.0167526536369005,2019-09-03,2019-09-04,0.0026341074026297,0.006995688055392,0.0086756367097195,-4.940876371088448,0,0.0016799486543274,65536,2018-12-31,5.529431079676073e-18,5.529431079676073e-18,-0.0217049682243731,0.0167526536369005,0.006496608533776852,0.00864528054401728,0.006890370994147688
2019-09-02,2019-09-03,2019-09-04,net_cashflows,EUR,0.95,IN_TCOP1250,JPY,-0.0006257097075901,0.0030769050979369,0.0040713832045517,-5.748032985870332,0,0.0009944781066148,16384,2018-12-31,4.594306705907325e-18,4.594306705907325e-18,-0.0090193112955377,0.0094380421965227,2019-09-03,2019-09-04,-0.0006257097075901,0.0030292824053354,0.0040810485201838,-5.759120914386817,0,0.0010517661148483,65536,2018-12-31,5.529431079676073e-18,5.529431079676073e-18,-0.0130048647547899,0.0108913131129249,0.015720783416436554,0.002368341269234619,0.01108792851648488
2019-09-02,2019-09-03,2019-09-04,net_cashflows,EUR,0.99,IN_TCOP1250,JPY,-0.0006257097075901,0.0047428427649899,0.0056241791315089,-5.337385162716928,0,0.0008813363665189,16384,2018-12-31,4.594306705907325e-18,4.594306705907325e-18,-0.0090193112955377,0.0094380421965227,2019-09-03,2019-09-04,-0.0006257097075901,0.0046995699138313,0.0056587281368775,-5.344056795025868,0,0.0009591582230462,65536,2018-12-31,5.529431079676073e-18,5.529431079676073e-18,-0.0130048647547899,0.0108913131129249,0.009207832195717205,0.006105436510272771,0.00667163230894019
2019-09-02,2019-09-03,2019-09-04,net_cashflows,USD,0.95,IN_TCOP1250,JPY,-0.0006184871383137,0.0030869941591294,0.0040948803580314,-5.744151025775894,0,0.001007886198902,16384,2018-12-31,4.594306705907325e-18,4.594306705907325e-18,-0.0087558028010556,0.0096355579785068,2019-09-03,2019-09-04,-0.0006184871383137,0.0030433977342319,0.0041051109489528,-5.754154547603553,0,0.0010617132147209,65536,2018-12-31,5.529431079676073e-18,5.529431079676073e-18,-0.0126844742669556,0.0111198600086362,0.01432491862865334,0.0024921594199567502,0.010003521827659512
2019-09-02,2019-09-03,2019-09-04,net_cashflows,USD,0.99,IN_TCOP1250,JPY,-0.0006184871383137,0.0047651392569159,0.0056736290017236,-5.332051312934944,0,0.0009084897448077,16384,2018-12-31,4.594306705907325e-18,4.594306705907325e-18,-0.0087558028010556,0.0096355579785068,2019-09-03,2019-09-04,-0.0006184871383137,0.0047387378437091,0.0057060269282095,-5.335752902718748,0,0.0009672890845004,65536,2018-12-31,5.529431079676073e-18,5.529431079676073e-18,-0.0126844742669556,0.0111198600086362,0.005571401938144603,0.005677843251270164,0.0037015897838044154
2019-09-02,2019-09-03,2019-09-04,funded_assets,EUR,0.95,IN_FHS1250,CHF,0.0026435164753918,0.004158902463617,0.0060423974579013,-5.420667606905523,0,0.0018834949942843,1249,2018-12-31,3.8014838672773e-18,3.8014838672773e-18,-0.0110505186466559,0.0243291683898305,2019-09-03,2019-09-04,0.0026435164753918,0.004158902463617,0.0060423974579013,-5.420667606905523,0,0.0018834949942843,1249,2018-12-31,3.8014838672773e-18,3.8014838672773e-18,-0.0110505186466559,0.0243291683898305,0.0,0.0,0.0
2019-09-02,2019-09-03,2019-09-04,funded_assets,EUR,0.99,IN_FHS1250,CHF,0.0026435164753918,0.0069815122737314,0.0098575713155106,-4.911276881348847,0,0.0028760590417792,1249,2018-12-31,3.8014838672773e-18,3.8014838672773e-18,-0.0110505186466559,0.0243291683898305,2019-09-03,2019-09-04,0.0026435164753918,0.0069815122737314,0.0098575713155106,-4.911276881348847,0,0.0028760590417792,1249,2018-12-31,3.8014838672773e-18,3.8014838672773e-18,-0.0110505186466559,0.0243291683898305,0.0,0.0,0.0
2019-09-02,2019-09-03,2019-09-04,funded_assets,USD,0.95,IN_FHS1250,CHF,0.0026341074026297,0.0042032800828899,0.0061052018992738,-5.410138903412442,0,0.0019019218163839,1249,2018-12-31,3.8014838672773e-18,3.8014838672773e-18,-0.0110042339040334,0.0253099235382965,2019-09-03,2019-09-04,0.0026341074026297,0.0042032800828899,0.0061052018992738,-5.410138903412442,0,0.0019019218163839,1249,2018-12-31,3.8014838672773e-18,3.8014838672773e-18,-0.0110042339040334,0.0253099235382965,0.0,0.0,0.0
2019-09-02,2019-09-03,2019-09-04,funded_assets,USD,0.99,IN_FHS1250,CHF,0.0026341074026297,0.0070469085808424,0.0100202419470182,-4.899880729082759,0,0.0029733333661757,1249,2018-12-31,3.8014838672773e-18,3.8014838672773e-18,-0.0110042339040334,0.0253099235382965,2019-09-03,2019-09-04,0.0026341074026297,0.0070469085808424,0.0100202419470182,-4.899880729082759,0,0.0029733333661757,1249,2018-12-31,3.8014838672773e-18,3.8014838672773e-18,-0.0110042339040334,0.0253099235382965,0.0,0.0,0.0
2019-09-02,2019-09-03,2019-09-04,net_cashflows,EUR,0.95,IN_FHS1250,CHF,-0.0006257097075901,0.0032336710221653,0.0046566245200014,-5.675040617797705,0,0.0014229534978361,1249,2018-12-31,3.8014838672773e-18,3.8014838672773e-18,-0.009662267063654,0.011515131356174,2019-09-03,2019-09-04,-0.0006257097075901,0.0032336710221653,0.0046566245200014,-5.675040617797705,0,0.0014229534978361,1249,2018-12-31,3.8014838672773e-18,3.8014838672773e-18,-0.009662267063654,0.011515131356174,0.0,0.0,0.0
2019-09-02,2019-09-03,2019-09-04,net_cashflows,EUR,0.99,IN_FHS1250,CHF,-0.0006257097075901,0.0053110821183617,0.0073210223686985,-5.1915489493951,0,0.0020099402503367,1249,2018-12-31,3.8014838672773e-18,3.8014838672773e-18,-0.009662267063654,0.011515131356174,2019-09-03,2019-09-04,-0.0006257097075901,0.0053110821183617,0.0073210223686985,-5.1915489493951,0,0.0020099402503367,1249,2018-12-31,3.8014838672773e-18,3.8014838672773e-18,-0.009662267063654,0.011515131356174,0.0,0.0,0.0
2019-09-02,2019-09-03,2019-09-04,net_cashflows,USD,0.95,IN_FHS1250,CHF,-0.0006184871383137,0.0032398150793568,0.0046950231952151,-5.671199175142838,0,0.0014552081158582,1249,2018-12-31,3.8014838672773e-18,3.8014838672773e-18,-0.0095256684924993,0.0122310895482589,2019-09-03,2019-09-04,-0.0006184871383137,0.0032398150793568,0.0046950231952151,-5.671199175142838,0,0.0014552081158582,1249,2018-12-31,3.8014838672773e-18,3.8014838672773e-18,-0.0095256684924993,0.0122310895482589,0.0,0.0,0.0
2019-09-02,2019-09-03,2019-09-04,net_cashflows,USD,0.99,IN_FHS1250,CHF,-0.0006184871383137,0.0053609773453908,0.007440300443329,-5.180311674289218,0,0.0020793230979381,1249,2018-12-31,3.8014838672773e-18,3.8014838672773e-18,-0.0095256684924993,0.0122310895482589,2019-09-03,2019-09-04,-0.0006184871383137,0.0053609773453908,0.007440300443329,-5.180311674289218,0,0.0020793230979381,1249,2018-12-31,3.8014838672773e-18,3.8014838672773e-18,-0.0095256684924993,0.0122310895482589,0.0,0.0,0.0
2019-09-02,2019-09-03,2019-09-04,funded_assets,EUR,0.95,IN_TCOP1250,CHF,0.0026435164753918,0.0043986875702455,0.0062082837455476,-5.373351697426808,0,0.0018095961753021,16384,2018-12-31,6.0681440341298084e-18,6.0681440341298084e-18,-0.0156710840730359,0.0229461848577927,2019-09-03,2019-09-04,0.0026435164753918,0.0043912743948723,0.0061705588611663,-5.376316486846528,0,0.001779284466294,65536,2018-12-31,6.0681440341298084e-18,6.0681440341298084e-18,-0.0224026589556499,0.0293257684092425,0.001688160362252979,0.006113690061157577,0.002964789419719338
2019-09-02,2019-09-03,2019-09-04,funded_assets,EUR,0.99,IN_TCOP1250,CHF,0.0026435164753918,0.0070389435657572,0.0096112272483133,-4.912456577350931,0,0.002572283682556,16384,2018-12-31,6.0681440341298084e-18,6.0681440341298084e-18,-0.0156710840730359,0.0229461848577927,2019-09-03,2019-09-04,0.0026435164753918,0.0070033037237703,0.0093709615896678,-4.922798572408995,0,0.0023676578658974,65536,2018-12-31,6.0681440341298084e-18,6.0681440341298084e-18,-0.0224026589556499,0.0293257684092425,0.005089004188970531,0.02563938143876421,0.01034199505806388
2019-09-02,2019-09-03,2019-09-04,funded_assets,USD,0.95,IN_TCOP1250,CHF,0.0026341074026297,0.0044259765549741,0.006270661876187,-5.366050498678641,0,0.0018446853212129,16384,2018-12-31,6.0681440341298084e-18,6.0681440341298084e-18,-0.0153839585087874,0.0242223133219918,2019-09-03,2019-09-04,0.0026341074026297,0.0044120511685088,0.006229416918305,-5.3702118461227775,0,0.0018173657497962,65536,2018-12-31,6.0681440341298084e-18,6.0681440341298084e-18,-0.0216720150179851,0.0310920746399996,0.003156215994205476,0.006620998148446642,0.004161347444136432
2019-09-02,2019-09-03,2019-09-04,funded_assets,USD,0.99,IN_TCOP1250,CHF,0.0026341074026297,0.0070939461158656,0.0097723992452106,-4.902276743860881,0,0.002678453129345,16384,2018-12-31,6.0681440341298084e-18,6.0681440341298084e-18,-0.0153839585087874,0.0242223133219918,2019-09-03,2019-09-04,0.0026341074026297,0.0070719306162242,0.0095251975806556,-4.911370108398946,0,0.0024532669644313,65536,2018-12-31,6.0681440341298084e-18,6.0681440341298084e-18,-0.0216720150179851,0.0310920746399996,0.003113081962497379,0.025952392321712252,0.009093364538064641
2019-09-02,2019-09-03,2019-09-04,net_cashflows,EUR,0.95,IN_TCOP1250,CHF,-0.0006257097075901,0.0032099284841039,0.0046287855406397,-5.681989759097569,0,0.0014188570565357,16384,2018-12-31,6.0681440341298084e-18,6.0681440341298084e-18,-0.0141468033259827,0.0239561096877287,2019-09-03,2019-09-04,-0.0006257097075901,0.0032021310996857,0.0046183245334137,-5.684369876983353,0,0.001416193433728,65536,2018-12-31,6.0681440341298084e-18,6.0681440341298084e-18,-0.0154740754012719,0.0256759639696861,0.002435060956425445,0.0022651087316004582,0.002380117885783406
2019-09-02,2019-09-03,2019-09-04,net_cashflows,EUR,0.99,IN_TCOP1250,CHF,-0.0006257097075901,0.0052084831461489,0.0073754230930017,-5.203407520340165,0,0.0021669399468527,16384,2018-12-31,6.0681440341298084e-18,6.0681440341298084e-18,-0.0141468033259827,0.0239561096877287,2019-09-03,2019-09-04,-0.0006257097075901,0.0052379375422075,0.0073586318575379,-5.200072638611199,0,0.0021206943153303,65536,2018-12-31,6.0681440341298084e-18,6.0681440341298084e-18,-0.0154740754012719,0.0256759639696861,0.005623281266959614,0.0022818420310834787,0.0033348817289660104
2019-09-02,2019-09-03,2019-09-04,net_cashflows,USD,0.95,IN_TCOP1250,CHF,-0.0006184871383137,0.003223301693717,0.0046731673157313,-5.676171519868806,0,0.0014498656220143,16384,2018-12-31,6.0681440341298084e-18,6.0681440341298084e-18,-0.0141078890175574,0.0252206015893816,2019-09-03,2019-09-04,-0.0006184871383137,0.003213200778597,0.0046596732757173,-5.679233533801953,0,0.0014464724971202,65536,2018-12-31,6.0681440341298084e-18,6.0681440341298084e-18,-0.0153671719416619,0.0266639118333559,0.0031435679921658893,0.0028959197813977337,0.0030620139331469787
2019-09-02,2019-09-03,2019-09-04,net_cashflows,USD,0.99,IN_TCOP1250,CHF,-0.0006184871383137,0.0052298257141357,0.0075174486128327,-5.194836897320073,0,0.0022876228986969,16384,2018-12-31,6.0681440341298084e-18,6.0681440341298084e-18,-0.0141078890175574,0.0252206015893816,2019-09-03,2019-09-04,-0.0006184871383137,0.0052717681171323,0.0074810194318556,-5.190700414752459,0,0.0022092513147233,65536,2018-12-31,6.0681440341298084e-18,6.0681440341298084e-18,-0.0153671719416619,0.0266639118333559,0.00795604094578722,0.00486954770121,0.00413648256761423
2019-09-02,2019-09-03,2019-09-04,funded_assets,EUR,0.95,IN_FHS_REF_POOL,ALL_FIVE,0.0026435164753918,0.0043078715321267,0.0059124743954863,-5.402083635829427,0,0.0016046028633596,6245,2018-12-31,0.0,0.0,-0.0251051564064648,0.0243291683898305,2019-09-03,2019-09-04,0.0026435164753918,0.0043078715321267,0.0059124743954863,-5.402083635829427,0,0.0016046028633596,6245,2018-12-31,0.0,0.0,-0.0251051564064648,0.0243291683898305,0.0,0.0,0.0
2019-09-02,2019-09-03,2019-09-04,funded_assets,EUR,0.99,IN_FHS_REF_POOL,ALL_FIVE,0.0026435164753918,0.0065560171755372,0.0086063479177061,-4.993489921282416,0,0.0020503307421689,6245,2018-12-31,0.0,0.0,-0.0251051564064648,0.0243291683898305,2019-09-03,2019-09-04,0.0026435164753918,0.0065560171755372,0.0086063479177061,-4.993489921282416,0,0.0020503307421689,6245,2018-12-31,0.0,0.0,-0.0251051564064648,0.0243291683898305,0.0,0.0,0.0
2019-09-02,2019-09-03,2019-09-04,funded_assets,USD,0.95,IN_FHS_REF_POOL,ALL_FIVE,0.0026341074026297,0.0043211524302773,0.0059626098694835,-5.397538768607513,0,0.0016414574392061,6245,2018-12-31,0.0,0.0,-0.024308297634208,0.0253099235382965,2019-09-03,2019-09-04,0.0026341074026297,0.0043211524302773,0.0059626098694835,-5.397538768607513,0,0.0016414574392061,6245,2018-12-31,0.0,0.0,-0.024308297634208,0.0253099235382965,0.0,0.0,0.0
2019-09-02,2019-09-03,2019-09-04,funded_assets,USD,0.99,IN_FHS_REF_POOL,ALL_FIVE,0.0026341074026297,0.0065914945487568,0.0087153964974034,-4.98635949509598,0,0.0021239019486465,6245,2018-12-31,0.0,0.0,-0.024308297634208,0.0253099235382965,2019-09-03,2019-09-04,0.0026341074026297,0.0065914945487568,0.0087153964974034,-4.98635949509598,0,0.0021239019486465,6245,2018-12-31,0.0,0.0,-0.024308297634208,0.0253099235382965,0.0,0.0,0.0
2019-09-02,2019-09-03,2019-09-04,net_cashflows,EUR,0.95,IN_FHS_REF_POOL,ALL_FIVE,-0.0006257097075901,0.0030974000846815,0.0043017731808237,-5.72869928908527,0,0.0012043730961421,6245,2018-12-31,0.0,0.0,-0.009662267063654,0.011515131356174,2019-09-03,2019-09-04,-0.0006257097075901,0.0030974000846815,0.0043017731808237,-5.72869928908527,0,0.0012043730961421,6245,2018-12-31,0.0,0.0,-0.009662267063654,0.011515131356174,0.0,0.0,0.0
2019-09-02,2019-09-03,2019-09-04,net_cashflows,EUR,0.99,IN_FHS_REF_POOL,ALL_FIVE,-0.0006257097075901,0.0049063701341094,0.0064054955643511,-5.284636359945083,0,0.0014991254302417,6245,2018-12-31,0.0,0.0,-0.009662267063654,0.011515131356174,2019-09-03,2019-09-04,-0.0006257097075901,0.0049063701341094,0.0064054955643511,-5.284636359945083,0,0.0014991254302417,6245,2018-12-31,0.0,0.0,-0.009662267063654,0.011515131356174,0.0,0.0,0.0
2019-09-02,2019-09-03,2019-09-04,net_cashflows,USD,0.95,IN_FHS_REF_POOL,ALL_FIVE,-0.0006184871383137,0.0031061538070533,0.004329074005695,-5.724891634456004,0,0.0012229201986417,6245,2018-12-31,0.0,0.0,-0.0095256684924993,0.0122310895482589,2019-09-03,2019-09-04,-0.0006184871383137,0.0031061538070533,0.004329074005695,-5.724891634456004,0,0.0012229201986417,6245,2018-12-31,0.0,0.0,-0.0095256684924993,0.0122310895482589,0.0,0.0,0.0
2019-09-02,2019-09-03,2019-09-04,net_cashflows,USD,0.99,IN_FHS_REF_POOL,ALL_FIVE,-0.0006184871383137,0.0049760184878513,0.0064698440286635,-5.271493780411984,0,0.0014938255408122,6245,2018-12-31,0.0,0.0,-0.0095256684924993,0.0122310895482589,2019-09-03,2019-09-04,-0.0006184871383137,0.0049760184878513,0.0064698440286635,-5.271493780411984,0,0.0014938255408122,6245,2018-12-31,0.0,0.0,-0.0095256684924993,0.0122310895482589,0.0,0.0,0.0
2019-09-02,2019-09-03,2019-09-04,funded_assets,EUR,0.95,IN_TCOP_REF_POOL,ALL_FIVE,0.0026435164753918,0.0044714302051524,0.0061917633463851,-5.362377561255867,0,0.0017203331412326,81920,2018-12-31,0.0,0.0,-0.0206408354370694,0.0241807446745137,2019-09-03,2019-09-04,0.0026435164753918,0.0044801630111317,0.0061679809554851,-5.362025616825295,0,0.0016878179443534,327680,2018-12-31,0.0,0.0,-0.031072378971305,0.0293257684092425,0.0019492161239674944,0.003855782154912539,0.00035194443057218194
2019-09-02,2019-09-03,2019-09-04,funded_assets,EUR,0.99,IN_TCOP_REF_POOL,ALL_FIVE,0.0026435164753918,0.0070715359409602,0.0091623455454517,-4.920848960062387,0,0.0020908096044914,81920,2018-12-31,0.0,0.0,-0.0206408354370694,0.0241807446745137,2019-09-03,2019-09-04,0.0026435164753918,0.0070979615603933,0.0090315241702314,-4.921124534810369,0,0.0019335626098381,327680,2018-12-31,0.0,0.0,-0.031072378971305,0.0293257684092425,0.0037229871151395907,0.014484972055048922,0.0002755747479818993
2019-09-02,2019-09-03,2019-09-04,funded_assets,USD,0.95,IN_TCOP_REF_POOL,ALL_FIVE,0.0026341074026297,0.0044927887345754,0.0062439818210253,-5.356598139868923,0,0.0017511930864498,81920,2018-12-31,0.0,0.0,-0.0200766894610319,0.0250462625774933,2019-09-03,2019-09-04,0.0026341074026297,0.0045048195643565,0.0062186584043925,-5.355797320630833,0,0.0017138388400359,327680,2018-12-31,0.0,0.0,-0.0296809412712161,0.0310920746399996,0.0026706574168456954,0.004072167175947976,0.0008008192380897228
2019-09-02,2019-09-03,2019-09-04,funded_assets,USD,0.99,IN_TCOP_REF_POOL,ALL_FIVE,0.0026341074026297,0.0071224644545433,0.0092751921421423,-4.912507166680077,0,0.002152727687599,81920,2018-12-31,0.0,0.0,-0.0200766894610319,0.0250462625774933,2019-09-03,2019-09-04,0.0026341074026297,0.0071496835853716,0.0091432376506938,-4.912776629165876,0,0.0019935540653221,327680,2018-12-31,0.0,0.0,-0.0296809412712161,0.0310920746399996,0.0038070399204785353,0.01443192187381099,0.0002694624857992878
2019-09-02,2019-09-03,2019-09-04,net_cashflows,EUR,0.95,IN_TCOP_REF_POOL,ALL_FIVE,-0.0006257097075901,0.0030909675328626,0.0042853297359206,-5.731267300860644,0,0.0011943622030579,81920,2018-12-31,0.0,0.0,-0.0141468033259827,0.0239561096877287,2019-09-03,2019-09-04,-0.0006257097075901,0.0030767009548243,0.0042923903413687,-5.734131184542196,0,0.0012156893865443,327680,2018-12-31,0.0,0.0,-0.0154740754012719,0.0256759639696861,0.004636972604025749,0.001644912248555853,0.002863883681552437
2019-09-02,2019-09-03,2019-09-04,net_cashflows,EUR,0.99,IN_TCOP_REF_POOL,ALL_FIVE,-0.0006257097075901,0.0049194700716353,0.0063492902377522,-5.284605946710792,0,0.0014298201661168,81920,2018-12-31,0.0,0.0,-0.0141468033259827,0.0239561096877287,2019-09-03,2019-09-04,-0.0006257097075901,0.0049169872163915,0.0063875795981652,-5.283626720081495,0,0.0014705923817736,327680,2018-12-31,0.0,0.0,-0.0154740754012719,0.0256759639696861,0.0005049545859145469,0.005994345718055354,0.0009792266292976137
2019-09-02,2019-09-03,2019-09-04,net_cashflows,USD,0.95,IN_TCOP_REF_POOL,ALL_FIVE,-0.0006184871383137,0.0031020438674565,0.0043124862805868,-5.726923869580936,0,0.0012104424131302,81920,2018-12-31,0.0,0.0,-0.0141078890175574,0.0252206015893816,2019-09-03,2019-09-04,-0.0006184871383137,0.0030875853418284,0.0043192500728553,-5.7298305642965115,0,0.0012316647310269,327680,2018-12-31,0.0,0.0,-0.0153671719416619,0.0266639118333559,0.004682793842886233,0.0015659644971722016,0.002906694715575142
2019-09-02,2019-09-03,2019-09-04,net_cashflows,USD,0.99,IN_TCOP_REF_POOL,ALL_FIVE,-0.0006184871383137,0.0049511713179628,0.0064157794828015,-5.277276964835457,0,0.0014646081648387,81920,2018-12-31,0.0,0.0,-0.0141078890175574,0.0252206015893816,2019-09-03,2019-09-04,-0.0006184871383137,0.0049493832834964,0.0064523195011255,-5.276245202901419,0,0.001502936217629,327680,2018-12-31,0.0,0.0,-0.0153671719416619,0.0266639118333559,0.00036126409372301825,0.005663082604267557,0.0010317619340387552
2020-03-10,2020-03-11,2020-03-12,funded_assets,EUR,0.95,HS1250,ALL_EQUIVARIANT,-0.0041801946900019,0.0050485074226634,0.0072610419961507,-5.229945028965643,0,0.0022125345734872,1249,2019-12-31,3.848917712323541e-18,3.848917712323541e-18,-0.0146470767797077,0.0158579005713657,2020-03-11,2020-03-12,-0.0041801946900019,0.0050485074226634,0.0072610419961507,-5.229945028965643,0,0.0022125345734872,1249,2019-12-31,3.848917712323541e-18,3.848917712323541e-18,-0.0146470767797077,0.0158579005713657,0.0,0.0,0.0
2020-03-10,2020-03-11,2020-03-12,funded_assets,EUR,0.99,HS1250,ALL_EQUIVARIANT,-0.0041801946900019,0.0081321119126782,0.0111009110065076,-4.768165529895043,0,0.0029687990938293,1249,2019-12-31,3.848917712323541e-18,3.848917712323541e-18,-0.0146470767797077,0.0158579005713657,2020-03-11,2020-03-12,-0.0041801946900019,0.0081321119126782,0.0111009110065076,-4.768165529895043,0,0.0029687990938293,1249,2019-12-31,3.848917712323541e-18,3.848917712323541e-18,-0.0146470767797077,0.0158579005713657,0.0,0.0,0.0
2020-03-10,2020-03-11,2020-03-12,funded_assets,USD,0.95,HS1250,ALL_EQUIVARIANT,-0.0041200610454964,0.0050973009235774,0.0073413257183001,-5.219906077159492,0,0.0022440247947226,1249,2019-12-31,3.848917712323541e-18,3.848917712323541e-18,-0.0142364098043845,0.0159662234291164,2020-03-11,2020-03-12,-0.0041200610454964,0.0050973009235774,0.0073413257183001,-5.219906077159492,0,0.0022440247947226,1249,2019-12-31,3.848917712323541e-18,3.848917712323541e-18,-0.0142364098043845,0.0159662234291164,0.0,0.0,0.0
2020-03-10,2020-03-11,2020-03-12,funded_assets,USD,0.99,HS1250,ALL_EQUIVARIANT,-0.0041200610454964,0.0081614651365257,0.0112834226411167,-4.76110598220696,0,0.0031219575045909,1249,2019-12-31,3.848917712323541e-18,3.848917712323541e-18,-0.0142364098043845,0.0159662234291164,2020-03-11,2020-03-12,-0.0041200610454964,0.0081614651365257,0.0112834226411167,-4.76110598220696,0,0.0031219575045909,1249,2019-12-31,3.848917712323541e-18,3.848917712323541e-18,-0.0142364098043845,0.0159662234291164,0.0,0.0,0.0
2020-03-10,2020-03-11,2020-03-12,net_cashflows,EUR,0.95,HS1250,ALL_EQUIVARIANT,0.0028073009309085,0.0036445348703508,0.0053969595064921,-5.546625446181705,0,0.0017524246361412,1249,2019-12-31,3.848917712323541e-18,3.848917712323541e-18,-0.0103540086170365,0.0134158655995835,2020-03-11,2020-03-12,0.0028073009309085,0.0036445348703508,0.0053969595064921,-5.546625446181705,0,0.0017524246361412,1249,2019-12-31,3.848917712323541e-18,3.848917712323541e-18,-0.0103540086170365,0.0134158655995835,0.0,0.0,0.0
2020-03-10,2020-03-11,2020-03-12,net_cashflows,EUR,0.99,HS1250,ALL_EQUIVARIANT,0.0028073009309085,0.0067153640761734,0.0087572804803279,-4.971037735979861,0,0.0020419164041545,1249,2019-12-31,3.848917712323541e-18,3.848917712323541e-18,-0.0103540086170365,0.0134158655995835,2020-03-11,2020-03-12,0.0028073009309085,0.0067153640761734,0.0087572804803279,-4.971037735979861,0,0.0020419164041545,1249,2019-12-31,3.848917712323541e-18,3.848917712323541e-18,-0.0103540086170365,0.0134158655995835,0.0,0.0,0.0
2020-03-10,2020-03-11,2020-03-12,net_cashflows,USD,0.95,HS1250,ALL_EQUIVARIANT,0.0027808482572055,0.0036866558798669,0.0054414287549056,-5.536197460273448,0,0.0017547728750387,1249,2019-12-31,3.848917712323541e-18,3.848917712323541e-18,-0.0102429930477222,0.0132519658509188,2020-03-11,2020-03-12,0.0027808482572055,0.0036866558798669,0.0054414287549056,-5.536197460273448,0,0.0017547728750387,1249,2019-12-31,3.848917712323541e-18,3.848917712323541e-18,-0.0102429930477222,0.0132519658509188,0.0,0.0,0.0
2020-03-10,2020-03-11,2020-03-12,net_cashflows,USD,0.99,HS1250,ALL_EQUIVARIANT,0.0027808482572055,0.0067923875731671,0.0088714366213072,-4.959271673916939,0,0.00207904904814,1249,2019-12-31,3.848917712323541e-18,3.848917712323541e-18,-0.0102429930477222,0.0132519658509188,2020-03-11,2020-03-12,0.0027808482572055,0.0067923875731671,0.0088714366213072,-4.959271673916939,0,0.00207904904814,1249,2019-12-31,3.848917712323541e-18,3.848917712323541e-18,-0.0102429930477222,0.0132519658509188,0.0,0.0,0.0
2020-03-10,2020-03-11,2020-03-12,funded_assets,EUR,0.95,EWMA_GAUSS,ALL_EQUIVARIANT,-0.0041801946900019,0.0049898972248857,0.006234750353943,-5.277280408809216,0,0.0012448531290572,16384,2019-12-31,4.472333961502706e-18,4.472333961502706e-18,-0.014265322551834,0.0139693862395562,2020-03-11,2020-03-12,-0.0041801946900019,0.0049686067145801,0.0062309054346681,-5.280820346209364,0,0.0012622987200879,65536,2019-12-31,4.51637967475993e-18,4.51637967475993e-18,-0.014265322551834,0.0139693862395562,0.0042850061453091545,0.0006170723204218084,0.0035399374001476858
2020-03-10,2020-03-11,2020-03-12,funded_assets,EUR,0.99,EWMA_GAUSS,ALL_EQUIVARIANT,-0.0041801946900019,0.0069966566949692,0.008052843614471,-4.952887019498937,0,0.0010561869195017,16384,2019-12-31,4.472333961502706e-18,4.472333961502706e-18,-0.014265322551834,0.0139693862395562,2020-03-11,2020-03-12,-0.0041801946900019,0.0070363933826237,0.0080702858936059,-4.947677384844075,0,0.0010338925109821,65536,2019-12-31,4.51637967475993e-18,4.51637967475993e-18,-0.014265322551834,0.0139693862395562,0.005647308996769539,0.002161296311536897,0.0052096346548617944
2020-03-10,2020-03-11,2020-03-12,funded_assets,USD,0.95,EWMA_GAUSS,ALL_EQUIVARIANT,-0.0041200610454964,0.0050170242495048,0.0062786672687701,-5.271538752731419,0,0.0012616430192653,16384,2019-12-31,4.472333961502706e-18,4.472333961502706e-18,-0.0136973427276218,0.0142404179642201,2020-03-11,2020-03-12,-0.0041200610454964,0.0049970707132788,0.0062742646629776,-5.274859724730385,0,0.0012771939496987,65536,2019-12-31,4.51637967475993e-18,4.51637967475993e-18,-0.0136973427276218,0.0142404179642201,0.003993046600876991,0.0007016927128494305,0.0033209719989661934
2020-03-10,2020-03-11,2020-03-12,funded_assets,USD,0.99,EWMA_GAUSS,ALL_EQUIVARIANT,-0.0041200610454964,0.007066760583952,0.0081286652479287,-4.942995572355996,0,0.0010619046639767,16384,2019-12-31,4.472333961502706e-18,4.472333961502706e-18,-0.0136973427276218,0.0142404179642201,2020-03-11,2020-03-12,-0.0041200610454964,0.0070900335513396,0.008143168557678,-4.939903340219939,0,0.0010531350063383,65536,2019-12-31,4.51637967475993e-18,4.51637967475993e-18,-0.0136973427276218,0.0142404179642201,0.003282490445084408,0.0017810401008616086,0.003092232136057582
2020-03-10,2020-03-11,2020-03-12,net_cashflows,EUR,0.95,EWMA_GAUSS,ALL_EQUIVARIANT,0.0028073009309085,0.0062997526662144,0.0079017466498967,-5.043410672977547,0,0.0016019939836823,16384,2019-12-31,4.472333961502706e-18,4.472333961502706e-18,-0.0152949418583434,0.0155699305358293,2020-03-11,2020-03-12,0.0028073009309085,0.0063111064728742,0.0079052439763868,-5.041884644710552,0,0.0015941375035126,65536,2019-12-31,4.51637967475993e-18,4.51637967475993e-18,-0.0175667493305984,0.0155699305358293,0.0017990199830410058,0.00044240588912209083,0.0015260282669951053
2020-03-10,2020-03-11,2020-03-12,net_cashflows,EUR,0.99,EWMA_GAUSS,ALL_EQUIVARIANT,0.0028073009309085,0.008961729192201,0.0102256048072945,-4.706459535199416,0,0.0012638756150934,16384,2019-12-31,4.472333961502706e-18,4.472333961502706e-18,-0.0152949418583434,0.0155699305358293,2020-03-11,2020-03-12,0.0028073009309085,0.0089074516240993,0.0102158825961233,-4.711889766109602,0,0.001308430972024,65536,2019-12-31,4.51637967475993e-18,4.51637967475993e-18,-0.0175667493305984,0.0155699305358293,0.006093501305676518,0.0009516760866934931,0.005430230910185685
2020-03-10,2020-03-11,2020-03-12,net_cashflows,USD,0.95,EWMA_GAUSS,ALL_EQUIVARIANT,0.0027808482572055,0.0063534135269897,0.0079884750063196,-5.034432948556746,0,0.0016350614793298,16384,2019-12-31,4.472333961502706e-18,4.472333961502706e-18,-0.0148966201269201,0.015856743615211,2020-03-11,2020-03-12,0.0027808482572055,0.0063604439065052,0.0079908431833027,-5.033492441655348,0,0.0016303992767975,65536,2019-12-31,4.51637967475993e-18,4.51637967475993e-18,-0.017275455290359,0.0162324255390324,0.001105328436009022,0.00029636133869443717,0.0009405069013981304
2020-03-10,2020-03-11,2020-03-12,net_cashflows,USD,0.99,EWMA_GAUSS,ALL_EQUIVARIANT,0.0027808482572055,0.0090392571418973,0.010366979930396,-4.697201813651682,0,0.0013277227884986,16384,2019-12-31,4.472333961502706e-18,4.472333961502706e-18,-0.0148966201269201,0.015856743615211,2020-03-11,2020-03-12,0.0027808482572055,0.0090299968476674,0.0103569216360229,-4.6982198383453095,0,0.0013269247883554,65536,2019-12-31,4.51637967475993e-18,4.51637967475993e-18,-0.017275455290359,0.0162324255390324,0.0010255035949754217,0.0009711664070253145,0.0010180246936277726
2020-03-10,2020-03-11,2020-03-12,funded_assets,EUR,0.95,EWMA_SELFNORMALIZED,ALL_EQUIVARIANT,-0.0041801946900019,0.004992966693849,0.0062496872602946,-5.276309207449764,0,0.0012567205664455,16384,2019-12-31,6.098637220230962e-18,6.098637220230962e-18,-0.012086043915652,0.0112369469257452,2020-03-11,2020-03-12,-0.0041801946900019,0.0049744287871,0.0062267844835666,-5.280019196660636,0,0.0012523556964666,65536,2019-12-31,6.098637220230962e-18,6.098637220230962e-18,-0.012086043915652,0.0112369469257452,0.0037266402922629476,0.003678106539329293,0.0037099892108711785
2020-03-10,2020-03-11,2020-03-12,funded_assets,EUR,0.99,EWMA_SELFNORMALIZED,ALL_EQUIVARIANT,-0.0041801946900019,0.0071197695391857,0.0079536112252047,-4.938967336060891,0,0.0008338416860189,16384,2019-12-31,6.098637220230962e-18,6.098637220230962e-18,-0.012086043915652,0.0112369469257452,2020-03-11,2020-03-12,-0.0041801946900019,0.0070483757279737,0.0080008787090849,-4.947253701070198,0,0.0009525029811111,65536,2019-12-31,6.098637220230962e-18,6.098637220230962e-18,-0.012086043915652,0.0112369469257452,0.010129115411462952,0.0059077865818073574,0.00828636500930724
2020-03-10,2020-03-11,2020-03-12,funded_assets,USD,0.95,EWMA_SELFNORMALIZED,ALL_EQUIVARIANT,-0.0041200610454964,0.0050231072802557,0.0062916469165771,-5.2701552383711805,0,0.0012685396363213,16384,2019-12-31,6.098637220230962e-18,6.098637220230962e-18,-0.0118582212474946,0.0114606554348112,2020-03-11,2020-03-12,-0.0041200610454964,0.0050037945406433,0.0062696090516742,-5.273938159232501,0,0.0012658145110308,65536,2019-12-31,6.098637220230962e-18,6.098637220230962e-18,-0.0118582212474946,0.0114606554348112,0.003859618826379225,0.003515030159179579,0.0037829208613207044
2020-03-10,2020-03-11,2020-03-12,funded_assets,USD,0.99,EWMA_SELFNORMALIZED,ALL_EQUIVARIANT,-0.0041200610454964,0.0071526312028822,0.0080224314005284,-4.933934756190704,0,0.0008698001976462,16384,2019-12-31,6.098637220230962e-18,6.098637220230962e-18,-0.0118582212474946,0.0114606554348112,2020-03-11,2020-03-12,-0.0041200610454964,0.0071031627607151,0.0080707962171382,-4.939396321799817,0,0.000967633456423,65536,2019-12-31,6.098637220230962e-18,6.098637220230962e-18,-0.0118582212474946,0.0114606554348112,0.006964283915989007,0.005992570659521473,0.0054615656091137055
2020-03-10,2020-03-11,2020-03-12,net_cashflows,EUR,0.95,EWMA_SELFNORMALIZED,ALL_EQUIVARIANT,0.0028073009309085,0.0062850453338233,0.0078722929338185,-5.0460304679332175,0,0.0015872475999952,16384,2019-12-31,6.098637220230962e-18,6.098637220230962e-18,-0.0139565985108377,0.014732006241276,2020-03-11,2020-03-12,0.0028073009309085,0.0063240107707883,0.0079081299398725,-5.040179210464202,0,0.0015841191690841,65536,2019-12-31,6.098637220230962e-18,6.098637220230962e-18,-0.014933032421247,0.0150451536668896,0.006161507052610987,0.004531666313841475,0.005851257469015714
2020-03-10,2020-03-11,2020-03-12,net_cashflows,EUR,0.99,EWMA_SELFNORMALIZED,ALL_EQUIVARIANT,0.0028073009309085,0.0088244424585439,0.0102221089834959,-4.71993211868981,0,0.0013976665249519,16384,2019-12-31,6.098637220230962e-18,6.098637220230962e-18,-0.0139565985108377,0.014732006241276,2020-03-11,2020-03-12,0.0028073009309085,0.0089105501093738,0.010224721399407,-4.711475635989688,0,0.0013141712900332,65536,2019-12-31,6.098637220230962e-18,6.098637220230962e-18,-0.014933032421247,0.0150451536668896,0.009663561707521801,0.00025549996024842983,0.008456482700122336
2020-03-10,2020-03-11,2020-03-12,net_cashflows,USD,0.95,EWMA_SELFNORMALIZED,ALL_EQUIVARIANT,0.0027808482572055,0.0063467307223216,0.0079627946341345,-5.0359271072626735,0,0.0016160639118129,16384,2019-12-31,6.098637220230962e-18,6.098637220230962e-18,-0.013650138923224,0.0151388120499724,2020-03-11,2020-03-12,0.0027808482572055,0.0063816789847482,0.0079935519476544,-5.0307667177251005,0,0.0016118729629062,65536,2019-12-31,6.098637220230962e-18,6.098637220230962e-18,-0.0145524634996681,0.015554118001269,0.005476342904449372,0.0038477655141684435,0.005160389537572918
2020-03-10,2020-03-11,2020-03-12,net_cashflows,USD,0.99,EWMA_SELFNORMALIZED,ALL_EQUIVARIANT,0.0027808482572055,0.0089232332374813,0.0103731942773578,-4.708309882540621,0,0.0014499610398764,16384,2019-12-31,6.098637220230962e-18,6.098637220230962e-18,-0.013650138923224,0.0151388120499724,2020-03-11,2020-03-12,0.0027808482572055,0.0090442893189539,0.0103707235924997,-4.696670287358137,0,0.0013264342735458,65536,2019-12-31,6.098637220230962e-18,6.098637220230962e-18,-0.0145524634996681,0.015554118001269,0.013384808601700358,0.00023823649681366878,0.011639595182483475
2020-03-10,2020-03-11,2020-03-12,funded_assets,EUR,0.95,IN_FHS1250,EUR,-0.0041801946900019,0.005002382110164,0.0067537870243028,-5.256973795345284,0,0.0017514049141388,1249,2019-12-31,2.78504433057214e-18,2.78504433057214e-18,-0.0122179811411778,0.0142774136811541,2020-03-11,2020-03-12,-0.0041801946900019,0.005002382110164,0.0067537870243028,-5.256973795345284,0,0.0017514049141388,1249,2019-12-31,2.78504433057214e-18,2.78504433057214e-18,-0.0122179811411778,0.0142774136811541,0.0,0.0,0.0
2020-03-10,2020-03-11,2020-03-12,funded_assets,EUR,0.99,IN_FHS1250,EUR,-0.0041801946900019,0.0075615547848275,0.0097891860055596,-4.854037385455668,0,0.002227631220732,1249,2019-12-31,2.78504433057214e-18,2.78504433057214e-18,-0.0122179811411778,0.0142774136811541,2020-03-11,2020-03-12,-0.0041801946900019,0.0075615547848275,0.0097891860055596,-4.854037385455668,0,0.002227631220732,1249,2019-12-31,2.78504433057214e-18,2.78504433057214e-18,-0.0122179811411778,0.0142774136811541,0.0,0.0,0.0
2020-03-10,2020-03-11,2020-03-12,funded_assets,USD,0.95,IN_FHS1250,EUR,-0.0041200610454964,0.0050140496334898,0.0068096582387256,-5.253098913975214,0,0.0017956086052358,1249,2019-12-31,2.78504433057214e-18,2.78504433057214e-18,-0.0119590915719051,0.014352772352246,2020-03-11,2020-03-12,-0.0041200610454964,0.0050140496334898,0.0068096582387256,-5.253098913975214,0,0.0017956086052358,1249,2019-12-31,2.78504433057214e-18,2.78504433057214e-18,-0.0119590915719051,0.014352772352246,0.0,0.0,0.0
2020-03-10,2020-03-11,2020-03-12,funded_assets,USD,0.99,IN_FHS1250,EUR,-0.0041200610454964,0.0076164152730975,0.0098952645429995,-4.845995917915687,0,0.002278849269902,1249,2019-12-31,2.78504433057214e-18,2.78504433057214e-18,-0.0119590915719051,0.014352772352246,2020-03-11,2020-03-12,-0.0041200610454964,0.0076164152730975,0.0098952645429995,-4.845995917915687,0,0.002278849269902,1249,2019-12-31,2.78504433057214e-18,2.78504433057214e-18,-0.0119590915719051,0.014352772352246,0.0,0.0,0.0
2020-03-10,2020-03-11,2020-03-12,net_cashflows,EUR,0.95,IN_FHS1250,EUR,0.0028073009309085,0.0033201070352339,0.0048138237744686,-5.646560892738468,0,0.0014937167392347,1249,2019-12-31,2.78504433057214e-18,2.78504433057214e-18,-0.0094506976548693,0.0102955975612903,2020-03-11,2020-03-12,0.0028073009309085,0.0033201070352339,0.0048138237744686,-5.646560892738468,0,0.0014937167392347,1249,2019-12-31,2.78504433057214e-18,2.78504433057214e-18,-0.0094506976548693,0.0102955975612903,0.0,0.0,0.0
2020-03-10,2020-03-11,2020-03-12,net_cashflows,EUR,0.99,IN_FHS1250,EUR,0.0028073009309085,0.0057129429349683,0.0073517824386325,-5.135729788167562,0,0.0016388395036642,1249,2019-12-31,2.78504433057214e-18,2.78504433057214e-18,-0.0094506976548693,0.0102955975612903,2020-03-11,2020-03-12,0.0028073009309085,0.0057129429349683,0.0073517824386325,-5.135729788167562,0,0.0016388395036642,1249,2019-12-31,2.78504433057214e-18,2.78504433057214e-18,-0.0094506976548693,0.0102955975612903,0.0,0.0,0.0
2020-03-10,2020-03-11,2020-03-12,net_cashflows,USD,0.95,IN_FHS1250,EUR,0.0027808482572055,0.0033221632359438,0.0048545724763503,-5.643497307271293,0,0.0015324092404065,1249,2019-12-31,2.78504433057214e-18,2.78504433057214e-18,-0.009341852741516,0.0106888555364231,2020-03-11,2020-03-12,0.0027808482572055,0.0033221632359438,0.0048545724763503,-5.643497307271293,0,0.0015324092404065,1249,2019-12-31,2.78504433057214e-18,2.78504433057214e-18,-0.009341852741516,0.0106888555364231,0.0,0.0,0.0
2020-03-10,2020-03-11,2020-03-12,net_cashflows,USD,0.99,IN_FHS1250,EUR,0.0027808482572055,0.0057157491380688,0.0074608168059166,-5.131988049437197,0,0.0017450676678478,1249,2019-12-31,2.78504433057214e-18,2.78504433057214e-18,-0.009341852741516,0.0106888555364231,2020-03-11,2020-03-12,0.0027808482572055,0.0057157491380688,0.0074608168059166,-5.131988049437197,0,0.0017450676678478,1249,2019-12-31,2.78504433057214e-18,2.78504433057214e-18,-0.009341852741516,0.0106888555364231,0.0,0.0,0.0
2020-03-10,2020-03-11,2020-03-12,funded_assets,EUR,0.95,IN_TCOP1250,EUR,-0.0041801946900019,0.0050378854264446,0.0067375082577936,-5.252327936873339,0,0.001699622831349,16384,2019-12-31,4.6214117602194634e-18,4.6214117602194634e-18,-0.0218080171252263,0.0156626501731464,2020-03-11,2020-03-12,-0.0041801946900019,0.00500932610952,0.0067809756230897,-5.25490193247578,0,0.0017716495135697,65536,2019-12-31,4.723055713889979e-18,4.723055713889979e-18,-0.0223986396972439,0.018825225612726,0.005701229327099259,0.006410193416429711,0.0025739956024413146
2020-03-10,2020-03-11,2020-03-12,funded_assets,EUR,0.99,IN_TCOP1250,EUR,-0.0041801946900019,0.0078044599293141,0.0094770446991522,-4.835370762988829,0,0.001672584769838,16384,2019-12-31,4.6214117602194634e-18,4.6214117602194634e-18,-0.0218080171252263,0.0156626501731464,2020-03-11,2020-03-12,-0.0041801946900019,0.0078823761028387,0.0095957683653368,-4.824990140753665,0,0.001713392262498,65536,2019-12-31,4.723055713889979e-18,4.723055713889979e-18,-0.0223986396972439,0.018825225612726,0.009884858640091912,0.012372502301480147,0.01038062223516345
2020-03-10,2020-03-11,2020-03-12,funded_assets,USD,0.95,IN_TCOP1250,EUR,-0.0041200610454964,0.0050689580791697,0.0067964352010075,-5.245531039560827,0,0.0017274771218378,16384,2019-12-31,4.6214117602194634e-18,4.6214117602194634e-18,-0.0211382291094742,0.0160085270207168,2020-03-11,2020-03-12,-0.0041200610454964,0.0050402810135471,0.0068402916777564,-5.2480731377256875,0,0.0018000106642092,65536,2019-12-31,4.723055713889979e-18,4.723055713889979e-18,-0.0220439336968425,0.0190489177116517,0.005689576740963945,0.006411492201643196,0.0025420981648602847
2020-03-10,2020-03-11,2020-03-12,funded_assets,USD,0.99,IN_TCOP1250,EUR,-0.0041200610454964,0.0078758721263485,0.0095888262586109,-4.825797437365992,0,0.0017129541322624,16384,2019-12-31,4.6214117602194634e-18,4.6214117602194634e-18,-0.0211382291094742,0.0160085270207168,2020-03-11,2020-03-12,-0.0041200610454964,0.0079493357105775,0.0097099783669176,-4.815924250234254,0,0.00176064265634,65536,2019-12-31,4.723055713889979e-18,4.723055713889979e-18,-0.0220439336968425,0.0190489177116517,0.009241474621740764,0.012477072937615526,0.009873187131738348
2020-03-10,2020-03-11,2020-03-12,net_cashflows,EUR,0.95,IN_TCOP1250,EUR,0.0028073009309085,0.0032590923549325,0.0044596218918608,-5.68189114249043,0,0.0012005295369282,16384,2019-12-31,4.6214117602194634e-18,4.6214117602194634e-18,-0.0086086778390679,0.0163750977542416,2020-03-11,2020-03-12,0.0028073009309085,0.0032658822914096,0.0044276383278222,-5.682276239191155,0,0.0011617560364126,65536,2019-12-31,4.723055713889979e-18,4.723055713889979e-18,-0.0130187922054076,0.0163750977542416,0.0020790511939024385,0.00722361712284017,0.0003850967007243966
2020-03-10,2020-03-11,2020-03-12,net_cashflows,EUR,0.99,IN_TCOP1250,EUR,0.0028073009309085,0.0051511795555707,0.0064656850007083,-5.244551217526395,0,0.0013145054451376,16384,2019-12-31,4.6214117602194634e-18,4.6214117602194634e-18,-0.0086086778390679,0.0163750977542416,2020-03-11,2020-03-12,0.0028073009309085,0.0050865266011049,0.0063036259078192,-5.259709511361458,0,0.0012170993067143,65536,2019-12-31,4.723055713889979e-18,4.723055713889979e-18,-0.0130187922054076,0.0163750977542416,0.012710629381502877,0.025708869031723036,0.015158293835063397
2020-03-10,2020-03-11,2020-03-12,net_cashflows,USD,0.95,IN_TCOP1250,EUR,0.0027808482572055,0.0032784510650359,0.0044833628011742,-5.676133669526456,0,0.0012049117361383,16384,2019-12-31,4.6214117602194634e-18,4.6214117602194634e-18,-0.0087025198300244,0.0167236849399155,2020-03-11,2020-03-12,0.0027808482572055,0.0032787692153529,0.0044511068231014,-5.677983633576195,0,0.0011723376077485,65536,2019-12-31,4.723055713889979e-18,4.723055713889979e-18,-0.0128429964838479,0.0167236849399155,9.703345862526937e-05,0.007246731960102667,0.001849964049739583
2020-03-10,2020-03-11,2020-03-12,net_cashflows,USD,0.99,IN_TCOP1250,EUR,0.0027808482572055,0.0051785362291035,0.0065108513123958,-5.238914996733097,0,0.0013323150832922,16384,2019-12-31,4.6214117602194634e-18,4.6214117602194634e-18,-0.0087025198300244,0.0167236849399155,2020-03-11,2020-03-12,0.0027808482572055,0.0051177633603083,0.0063465650064136,-5.253458362389867,0,0.0012288016461053,65536,2019-12-31,4.723055713889979e-18,4.723055713889979e-18,-0.0128429964838479,0.0167236849399155,0.011874888406629928,0.025885862008216815,0.014543365656769502
2020-03-10,2020-03-11,2020-03-12,funded_assets,EUR,0.95,IN_FHS1250,USD,-0.0041801946900019,0.0047442065353976,0.0065290764825971,-5.304862270482904,0,0.0017848699471994,1249,2019-12-31,2.656295322589486e-18,2.656295322589486e-18,-0.0152121721598378,0.0147796935696223,2020-03-11,2020-03-12,-0.0041801946900019,0.0047442065353976,0.0065290764825971,-5.304862270482904,0,0.0017848699471994,1249,2019-12-31,2.656295322589486e-18,2.656295322589486e-18,-0.0152121721598378,0.0147796935696223,0.0,0.0,0.0
2020-03-10,2020-03-11,2020-03-12,funded_assets,EUR,0.99,IN_FHS1250,USD,-0.0041801946900019,0.0076672286287173,0.0090779770962212,-4.857307293722543,0,0.0014107484675038,1249,2019-12-31,2.656295322589486e-18,2.656295322589486e-18,-0.0152121721598378,0.0147796935696223,2020-03-11,2020-03-12,-0.0041801946900019,0.0076672286287173,0.0090779770962212,-4.857307293722543,0,0.0014107484675038,1249,2019-12-31,2.656295322589486e-18,2.656295322589486e-18,-0.0152121721598378,0.0147796935696223,0.0,0.0,0.0
2020-03-10,2020-03-11,2020-03-12,funded_assets,USD,0.95,IN_FHS1250,USD,-0.0041200610454964,0.0047567506455628,0.0065754089547567,-5.301003325477479,0,0.0018186583091939,1249,2019-12-31,2.656295322589486e-18,2.656295322589486e-18,-0.0151686664612517,0.0148638309233587,2020-03-11,2020-03-12,-0.0041200610454964,0.0047567506455628,0.0065754089547567,-5.301003325477479,0,0.0018186583091939,1249,2019-12-31,2.656295322589486e-18,2.656295322589486e-18,-0.0151686664612517,0.0148638309233587,0.0,0.0,0.0
2020-03-10,2020-03-11,2020-03-12,funded_assets,USD,0.99,IN_FHS1250,USD,-0.0041200610454964,0.0077449164379367,0.0091578854639331,-4.847429848950684,0,0.0014129690259964,1249,2019-12-31,2.656295322589486e-18,2.656295322589486e-18,-0.0151686664612517,0.0148638309233587,2020-03-11,2020-03-12,-0.0041200610454964,0.0077449164379367,0.0091578854639331,-4.847429848950684,0,0.0014129690259964,1249,2019-12-31,2.656295322589486e-18,2.656295322589486e-18,-0.0151686664612517,0.0148638309233587,0.0,0.0,0.0
2020-03-10,2020-03-11,2020-03-12,net_cashflows,EUR,0.95,IN_FHS1250,USD,0.0028073009309085,0.0039402847301346,0.0055041216997699,-5.4863791416035275,0,0.0015638369696353,1249,2019-12-31,2.656295322589486e-18,2.656295322589486e-18,-0.0087820844062528,0.0115198705475332,2020-03-11,2020-03-12,0.0028073009309085,0.0039402847301346,0.0055041216997699,-5.4863791416035275,0,0.0015638369696353,1249,2019-12-31,2.656295322589486e-18,2.656295322589486e-18,-0.0087820844062528,0.0115198705475332,0.0,0.0,0.0
2020-03-10,2020-03-11,2020-03-12,net_cashflows,EUR,0.99,IN_FHS1250,USD,0.0028073009309085,0.0060921156774875,0.0083417679269246,-5.056165411047147,0,0.002249652249437,1249,2019-12-31,2.656295322589486e-18,2.656295322589486e-18,-0.0087820844062528,0.0115198705475332,2020-03-11,2020-03-12,0.0028073009309085,0.0060921156774875,0.0083417679269246,-5.056165411047147,0,0.002249652249437,1249,2019-12-31,2.656295322589486e-18,2.656295322589486e-18,-0.0087820844062528,0.0115198705475332,0.0,0.0,0.0
2020-03-10,2020-03-11,2020-03-12,net_cashflows,USD,0.95,IN_FHS1250,USD,0.0027808482572055,0.0039251951347887,0.0055543402133538,-5.486485915584937,0,0.0016291450785651,1249,2019-12-31,2.656295322589486e-18,2.656295322589486e-18,-0.0086819079699989,0.0115903263425429,2020-03-11,2020-03-12,0.0027808482572055,0.0039251951347887,0.0055543402133538,-5.486485915584937,0,0.0016291450785651,1249,2019-12-31,2.656295322589486e-18,2.656295322589486e-18,-0.0086819079699989,0.0115903263425429,0.0,0.0,0.0
2020-03-10,2020-03-11,2020-03-12,net_cashflows,USD,0.99,IN_FHS1250,USD,0.0027808482572055,0.0060543965770609,0.0084685060729489,-5.056470275295619,0,0.0024141094958879,1249,2019-12-31,2.656295322589486e-18,2.656295322589486e-18,-0.0086819079699989,0.0115903263425429,2020-03-11,2020-03-12,0.0027808482572055,0.0060543965770609,0.0084685060729489,-5.056470275295619,0,0.0024141094958879,1249,2019-12-31,2.656295322589486e-18,2.656295322589486e-18,-0.0086819079699989,0.0115903263425429,0.0,0.0,0.0
2020-03-10,2020-03-11,2020-03-12,funded_assets,EUR,0.95,IN_TCOP1250,USD,-0.0041801946900019,0.0050929523310445,0.0068898952902511,-5.238507848374436,0,0.0017969429592065,16384,2019-12-31,3.211948935988307e-18,3.211948935988307e-18,-0.0191684099561136,0.0170412880470324,2020-03-11,2020-03-12,-0.0041801946900019,0.0051063894938997,0.0068581142297876,-5.237746443031146,0,0.0017517247358878,65536,2019-12-31,4.526544070126981e-18,4.526544070126981e-18,-0.0200293589711817,0.0190338434845878,0.002631441035050737,0.004634081527172904,0.0007614053432902779
2020-03-10,2020-03-11,2020-03-12,funded_assets,EUR,0.99,IN_TCOP1250,USD,-0.0041801946900019,0.0079972382784858,0.0097492080630943,-4.810273026562473,0,0.0017519697846085,16384,2019-12-31,3.211948935988307e-18,3.211948935988307e-18,-0.0191684099561136,0.0170412880470324,2020-03-11,2020-03-12,-0.0041801946900019,0.0079659155239585,0.0096026070383687,-4.816163063847853,0,0.0016366915144101,65536,2019-12-31,4.526544070126981e-18,4.526544070126981e-18,-0.0200293589711817,0.0190338434845878,0.003932097250227316,0.01526679412578612,0.0058900372853800675
2020-03-10,2020-03-11,2020-03-12,funded_assets,USD,0.95,IN_TCOP1250,USD,-0.0041200610454964,0.005132323683876,0.0069471342534657,-5.230657580627052,0,0.0018148105695897,16384,2019-12-31,3.211948935988307e-18,3.211948935988307e-18,-0.0187019718778486,0.0171484249114672,2020-03-11,2020-03-12,-0.0041200610454964,0.0051357098228969,0.0069139380935172,-5.23141059663801,0,0.0017782282706203,65536,2019-12-31,4.526544070126981e-18,4.526544070126981e-18,-0.0194863199157813,0.0192853377802287,0.0006593322320905573,0.004801338904035888,0.0007530160109574524
2020-03-10,2020-03-11,2020-03-12,funded_assets,USD,0.99,IN_TCOP1250,USD,-0.0041200610454964,0.0080962280290035,0.0098619364741522,-4.798115504833109,0,0.0017657084451487,16384,2019-12-31,3.211948935988307e-18,3.211948935988307e-18,-0.0187019718778486,0.0171484249114672,2020-03-11,2020-03-12,-0.0041200610454964,0.0080139130843954,0.0097079792399648,-4.809309578911741,0,0.0016940661555694,65536,2019-12-31,4.526544070126981e-18,4.526544070126981e-18,-0.0194863199157813,0.0192853377802287,0.010271504537325567,0.015858834303394978,0.011194074078631822
2020-03-10,2020-03-11,2020-03-12,net_cashflows,EUR,0.95,IN_TCOP1250,USD,0.0028073009309085,0.0039177249830164,0.0054563595878848,-5.492962677525319,0,0.0015386346048684,16384,2019-12-31,3.211948935988307e-18,3.211948935988307e-18,-0.0114687135223068,0.0121890987906131,2020-03-11,2020-03-12,0.0028073009309085,0.0039045998822494,0.0054961122811976,-5.493284870635297,0,0.0015915123989482,65536,2019-12-31,4.526544070126981e-18,4.526544070126981e-18,-0.0143060211105075,0.0143266936469079,0.0033614457723741614,0.007232875035831324,0.0003221931099783859
2020-03-10,2020-03-11,2020-03-12,net_cashflows,EUR,0.99,IN_TCOP1250,USD,0.0028073009309085,0.0062397287127588,0.0081384397233649,-5.04445839771867,0,0.001898711010606,16384,2019-12-31,3.211948935988307e-18,3.211948935988307e-18,-0.0114687135223068,0.0121890987906131,2020-03-11,2020-03-12,0.0028073009309085,0.0063100003830023,0.00829640664799,-5.031362505180281,0,0.0019864062649876,65536,2019-12-31,4.526544070126981e-18,4.526544070126981e-18,-0.0143060211105075,0.0143266936469079,0.011136555622531442,0.01904040283070872,0.013095892538388831
2020-03-10,2020-03-11,2020-03-12,net_cashflows,USD,0.95,IN_TCOP1250,USD,0.0027808482572055,0.0039326598167503,0.0054847546518165,-5.488766374537423,0,0.0015520948350661,16384,2019-12-31,3.211948935988307e-18,3.211948935988307e-18,-0.0113843679607505,0.0123471027172177,2020-03-11,2020-03-12,0.0027808482572055,0.0039148987262718,0.0055258917344051,-5.489846035839809,0,0.0016109930081332,65536,2019-12-31,4.526544070126981e-18,4.526544070126981e-18,-0.0135801931997194,0.0145465568173449,0.004536794364388184,0.007444424278614433,0.0010796613023860147
2020-03-10,2020-03-11,2020-03-12,net_cashflows,USD,0.99,IN_TCOP1250,USD,0.0027808482572055,0.0062849813016767,0.0081919084053119,-5.037390181926532,0,0.0019069271036351,16384,2019-12-31,3.211948935988307e-18,3.211948935988307e-18,-0.0113843679607505,0.0123471027172177,2020-03-11,2020-03-12,0.0027808482572055,0.0063600713227115,0.0083540928126278,-5.023691677229144,0,0.0019940214899162,65536,2019-12-31,4.526544070126981e-18,4.526544070126981e-18,-0.0135801931997194,0.0145465568173449,0.011806474680033367,0.019413766515826537,0.013698504697387648
2020-03-10,2020-03-11,2020-03-12,funded_assets,EUR,0.95,IN_FHS1250,GBP,-0.0041801946900019,0.0054016879421842,0.0073357098669062,-5.178645916389087,0,0.0019340219247219,1249,2019-12-31,3.577867169202165e-18,3.577867169202165e-18,-0.0128929855621,0.0162986692076437,2020-03-11,2020-03-12,-0.0041801946900019,0.0054016879421842,0.0073357098669062,-5.178645916389087,0,0.0019340219247219,1249,2019-12-31,3.577867169202165e-18,3.577867169202165e-18,-0.0128929855621,0.0162986692076437,0.0,0.0,0.0
2020-03-10,2020-03-11,2020-03-12,funded_assets,EUR,0.99,IN_FHS1250,GBP,-0.0041801946900019,0.0080689211239081,0.0108357449081188,-4.780247173773353,0,0.0027668237842107,1249,2019-12-31,3.577867169202165e-18,3.577867169202165e-18,-0.0128929855621,0.0162986692076437,2020-03-11,2020-03-12,-0.0041801946900019,0.0080689211239081,0.0108357449081188,-4.780247173773353,0,0.0027668237842107,1249,2019-12-31,3.577867169202165e-18,3.577867169202165e-18,-0.0128929855621,0.0162986692076437,0.0,0.0,0.0
2020-03-10,2020-03-11,2020-03-12,funded_assets,USD,0.95,IN_FHS1250,GBP,-0.0041200610454964,0.0054316586315823,0.0074175409938262,-5.171635537223848,0,0.0019858823622438,1249,2019-12-31,3.577867169202165e-18,3.577867169202165e-18,-0.0126980800913129,0.0163993039845357,2020-03-11,2020-03-12,-0.0041200610454964,0.0054316586315823,0.0074175409938262,-5.171635537223848,0,0.0019858823622438,1249,2019-12-31,3.577867169202165e-18,3.577867169202165e-18,-0.0126980800913129,0.0163993039845357,0.0,0.0,0.0
2020-03-10,2020-03-11,2020-03-12,funded_assets,USD,0.99,IN_FHS1250,GBP,-0.0041200610454964,0.008065022972747,0.0109973798866794,-4.776739639826142,0,0.0029323569139323,1249,2019-12-31,3.577867169202165e-18,3.577867169202165e-18,-0.0126980800913129,0.0163993039845357,2020-03-11,2020-03-12,-0.0041200610454964,0.008065022972747,0.0109973798866794,-4.776739639826142,0,0.0029323569139323,1249,2019-12-31,3.577867169202165e-18,3.577867169202165e-18,-0.0126980800913129,0.0163993039845357,0.0,0.0,0.0
2020-03-10,2020-03-11,2020-03-12,net_cashflows,EUR,0.95,IN_FHS1250,GBP,0.0028073009309085,0.00422893767557,0.0058321072301029,-5.419263742655591,0,0.0016031695545329,1249,2019-12-31,3.577867169202165e-18,3.577867169202165e-18,-0.0103731588553684,0.0122044353876307,2020-03-11,2020-03-12,0.0028073009309085,0.00422893767557,0.0058321072301029,-5.419263742655591,0,0.0016031695545329,1249,2019-12-31,3.577867169202165e-18,3.577867169202165e-18,-0.0103731588553684,0.0122044353876307,0.0,0.0,0.0
2020-03-10,2020-03-11,2020-03-12,net_cashflows,EUR,0.99,IN_FHS1250,GBP,0.0028073009309085,0.0066854232452337,0.0085733160169834,-4.979306355054795,0,0.0018878927717497,1249,2019-12-31,3.577867169202165e-18,3.577867169202165e-18,-0.0103731588553684,0.0122044353876307,2020-03-11,2020-03-12,0.0028073009309085,0.0066854232452337,0.0085733160169834,-4.979306355054795,0,0.0018878927717497,1249,2019-12-31,3.577867169202165e-18,3.577867169202165e-18,-0.0103731588553684,0.0122044353876307,0.0,0.0,0.0
2020-03-10,2020-03-11,2020-03-12,net_cashflows,USD,0.95,IN_FHS1250,GBP,0.0027808482572055,0.0042741479149816,0.0058838806219716,-5.409122274014735,0,0.0016097327069899,1249,2019-12-31,3.577867169202165e-18,3.577867169202165e-18,-0.0102254955578356,0.0126414612657234,2020-03-11,2020-03-12,0.0027808482572055,0.0042741479149816,0.0058838806219716,-5.409122274014735,0,0.0016097327069899,1249,2019-12-31,3.577867169202165e-18,3.577867169202165e-18,-0.0102254955578356,0.0126414612657234,0.0,0.0,0.0
2020-03-10,2020-03-11,2020-03-12,net_cashflows,USD,0.99,IN_FHS1250,GBP,0.0027808482572055,0.0068304265653332,0.0087172102378135,-4.9588995395670725,0,0.0018867836724802,1249,2019-12-31,3.577867169202165e-18,3.577867169202165e-18,-0.0102254955578356,0.0126414612657234,2020-03-11,2020-03-12,0.0027808482572055,0.0068304265653332,0.0087172102378135,-4.9588995395670725,0,0.0018867836724802,1249,2019-12-31,3.577867169202165e-18,3.577867169202165e-18,-0.0102254955578356,0.0126414612657234,0.0,0.0,0.0
2020-03-10,2020-03-11,2020-03-12,funded_assets,EUR,0.95,IN_TCOP1250,GBP,-0.0041801946900019,0.0054021029187031,0.0078962499952103,-5.1572320721622855,0,0.0024941470765072,16384,2019-12-31,5.4752209710517974e-18,5.4752209710517974e-18,-0.025760359153452,0.0309229605886136,2020-03-11,2020-03-12,-0.0041801946900019,0.0054582861417761,0.0078494344070386,-5.151940622778552,0,0.0023911482652625,65536,2019-12-31,6.139294801699169e-18,6.139294801699169e-18,-0.0292854675353945,0.0384840398890019,0.010293198563371396,0.005964198914729623,0.005291449383733493
2020-03-10,2020-03-11,2020-03-12,funded_assets,EUR,0.99,IN_TCOP1250,GBP,-0.0041801946900019,0.0093328222788092,0.0125127090355515,-4.6351429865044205,0,0.0031798867567422,16384,2019-12-31,5.4752209710517974e-18,5.4752209710517974e-18,-0.025760359153452,0.0309229605886136,2020-03-11,2020-03-12,-0.0041801946900019,0.0091492639097913,0.0120328880896033,-4.65975692937347,0,0.0028836241798119,65536,2019-12-31,6.139294801699169e-18,6.139294801699169e-18,-0.0292854675353945,0.0384840398890019,0.020062637915762883,0.03987579227656704,0.024613942869049943
2020-03-10,2020-03-11,2020-03-12,funded_assets,USD,0.95,IN_TCOP1250,GBP,-0.0041200610454964,0.0054550723552024,0.0079814621810262,-5.147165858918237,0,0.0025263898258237,16384,2019-12-31,5.4752209710517974e-18,5.4752209710517974e-18,-0.0246604211993005,0.0326191464980875,2020-03-11,2020-03-12,-0.0041200610454964,0.005489524022122,0.0079324519686616,-5.144759397577492,0,0.0024429279465396,65536,2019-12-31,6.139294801699169e-18,6.139294801699169e-18,-0.0277326832589308,0.0398570412918078,0.006275893279775333,0.006178444263920041,0.0024064613407448476
2020-03-10,2020-03-11,2020-03-12,funded_assets,USD,0.99,IN_TCOP1250,GBP,-0.0041200610454964,0.0094475619461442,0.01271920890741,-4.621862862897372,0,0.0032716469612658,16384,2019-12-31,5.4752209710517974e-18,5.4752209710517974e-18,-0.0246604211993005,0.0326191464980875,2020-03-11,2020-03-12,-0.0041200610454964,0.0092442049367585,0.0122240400891698,-4.648119204512236,0,0.0029798351524113,65536,2019-12-31,6.139294801699169e-18,6.139294801699169e-18,-0.0277326832589308,0.0398570412918078,0.02199832335792067,0.040507787493179744,0.026256341614863565
2020-03-10,2020-03-11,2020-03-12,net_cashflows,EUR,0.95,IN_TCOP1250,GBP,0.0028073009309085,0.0041116549495128,0.0055795591945923,-5.45173156310096,0,0.0014679042450794,16384,2019-12-31,5.4752209710517974e-18,5.4752209710517974e-18,-0.0174337539060268,0.0147249192665738,2020-03-11,2020-03-12,0.0028073009309085,0.0040972865022811,0.0056173752318214,-5.452495569832358,0,0.0015200887295402,65536,2019-12-31,6.139294801699169e-18,6.139294801699169e-18,-0.0283903181381737,0.0224282348032482,0.0035068202391267725,0.006731976353453948,0.0007640067313978705
2020-03-10,2020-03-11,2020-03-12,net_cashflows,EUR,0.99,IN_TCOP1250,GBP,0.0028073009309085,0.0064687230956591,0.0078217322337411,-5.023829989523459,0,0.001353009138082,16384,2019-12-31,5.4752209710517974e-18,5.4752209710517974e-18,-0.0174337539060268,0.0147249192665738,2020-03-11,2020-03-12,0.0028073009309085,0.0065649288360961,0.00811335734563,-5.005092813025484,0,0.0015484285095338,65536,2019-12-31,6.139294801699169e-18,6.139294801699169e-18,-0.0283903181381737,0.0224282348032482,0.014654498599897979,0.035943826885176444,0.018737176497975128
2020-03-10,2020-03-11,2020-03-12,net_cashflows,USD,0.95,IN_TCOP1250,GBP,0.0027808482572055,0.0041317001069889,0.0056126807810924,-5.44659015186839,0,0.0014809806741034,16384,2019-12-31,5.4752209710517974e-18,5.4752209710517974e-18,-0.017256230372792,0.0147611667409101,2020-03-11,2020-03-12,0.0027808482572055,0.0041168903297573,0.0056531504789028,-5.447295202220206,0,0.0015362601491454,65536,2019-12-31,6.139294801699169e-18,6.139294801699169e-18,-0.025944633896156,0.0226552655229303,0.0035973212899437714,0.007158786584830977,0.0007050503518160056
2020-03-10,2020-03-11,2020-03-12,net_cashflows,USD,0.99,IN_TCOP1250,GBP,0.0027808482572055,0.0065111762196313,0.0078918705869153,-5.016873559858665,0,0.0013806943672839,16384,2019-12-31,5.4752209710517974e-18,5.4752209710517974e-18,-0.017256230372792,0.0147611667409101,2020-03-11,2020-03-12,0.0027808482572055,0.0065995235183169,0.0081980223515677,-4.998848238587326,0,0.0015984988332507,65536,2019-12-31,6.139294801699169e-18,6.139294801699169e-18,-0.025944633896156,0.0226552655229303,0.013386920804266183,0.03734458769728222,0.018025321271339045
2020-03-10,2020-03-11,2020-03-12,funded_assets,EUR,0.95,IN_FHS1250,JPY,-0.0041801946900019,0.0050860405546089,0.0072019289186402,-5.227201058196833,0,0.0021158883640313,1249,2019-12-31,3.808260130855334e-18,3.808260130855334e-18,-0.0147735926556674,0.013776764833198,2020-03-11,2020-03-12,-0.0041801946900019,0.0050860405546089,0.0072019289186402,-5.227201058196833,0,0.0021158883640313,1249,2019-12-31,3.808260130855334e-18,3.808260130855334e-18,-0.0147735926556674,0.013776764833198,0.0,0.0,0.0
2020-03-10,2020-03-11,2020-03-12,funded_assets,EUR,0.99,IN_FHS1250,JPY,-0.0041801946900019,0.0086548843654143,0.0109180844947142,-4.724623856835029,0,0.0022632001292998,1249,2019-12-31,3.808260130855334e-18,3.808260130855334e-18,-0.0147735926556674,0.013776764833198,2020-03-11,2020-03-12,-0.0041801946900019,0.0086548843654143,0.0109180844947142,-4.724623856835029,0,0.0022632001292998,1249,2019-12-31,3.808260130855334e-18,3.808260130855334e-18,-0.0147735926556674,0.013776764833198,0.0,0.0,0.0
2020-03-10,2020-03-11,2020-03-12,funded_assets,USD,0.95,IN_FHS1250,JPY,-0.0041200610454964,0.005120007974162,0.0072896846644616,-5.2189315529950555,0,0.0021696766902996,1249,2019-12-31,3.808260130855334e-18,3.808260130855334e-18,-0.0143564541146364,0.0141213692516739,2020-03-11,2020-03-12,-0.0041200610454964,0.005120007974162,0.0072896846644616,-5.2189315529950555,0,0.0021696766902996,1249,2019-12-31,3.808260130855334e-18,3.808260130855334e-18,-0.0143564541146364,0.0141213692516739,0.0,0.0,0.0
2020-03-10,2020-03-11,2020-03-12,funded_assets,USD,0.99,IN_FHS1250,JPY,-0.0041200610454964,0.0087845536207415,0.0111275536508368,-4.708889347975436,0,0.0023430000300953,1249,2019-12-31,3.808260130855334e-18,3.808260130855334e-18,-0.0143564541146364,0.0141213692516739,2020-03-11,2020-03-12,-0.0041200610454964,0.0087845536207415,0.0111275536508368,-4.708889347975436,0,0.0023430000300953,1249,2019-12-31,3.808260130855334e-18,3.808260130855334e-18,-0.0143564541146364,0.0141213692516739,0.0,0.0,0.0
2020-03-10,2020-03-11,2020-03-12,net_cashflows,EUR,0.95,IN_FHS1250,JPY,0.0028073009309085,0.004226417045056,0.0058432670340283,-5.419168295506944,0,0.0016168499889722,1249,2019-12-31,3.808260130855334e-18,3.808260130855334e-18,-0.0081769234415794,0.0117550714662398,2020-03-11,2020-03-12,0.0028073009309085,0.004226417045056,0.0058432670340283,-5.419168295506944,0,0.0016168499889722,1249,2019-12-31,3.808260130855334e-18,3.808260130855334e-18,-0.0081769234415794,0.0117550714662398,0.0,0.0,0.0
2020-03-10,2020-03-11,2020-03-12,net_cashflows,EUR,0.99,IN_FHS1250,JPY,0.0028073009309085,0.0068663869995589,0.0088385135486792,-4.951765324896576,0,0.0019721265491202,1249,2019-12-31,3.808260130855334e-18,3.808260130855334e-18,-0.0081769234415794,0.0117550714662398,2020-03-11,2020-03-12,0.0028073009309085,0.0068663869995589,0.0088385135486792,-4.951765324896576,0,0.0019721265491202,1249,2019-12-31,3.808260130855334e-18,3.808260130855334e-18,-0.0081769234415794,0.0117550714662398,0.0,0.0,0.0
2020-03-10,2020-03-11,2020-03-12,net_cashflows,USD,0.95,IN_FHS1250,JPY,0.0027808482572055,0.0042557402935246,0.0059175864160028,-5.410658358739113,0,0.0016618461224782,1249,2019-12-31,3.808260130855334e-18,3.808260130855334e-18,-0.0081915932479636,0.0123046354913073,2020-03-11,2020-03-12,0.0027808482572055,0.0042557402935246,0.0059175864160028,-5.410658358739113,0,0.0016618461224782,1249,2019-12-31,3.808260130855334e-18,3.808260130855334e-18,-0.0081915932479636,0.0123046354913073,0.0,0.0,0.0
2020-03-10,2020-03-11,2020-03-12,net_cashflows,USD,0.99,IN_FHS1250,JPY,0.0027808482572055,0.0069419663677024,0.0090217440496787,-4.938647058663041,0,0.0020797776819763,1249,2019-12-31,3.808260130855334e-18,3.808260130855334e-18,-0.0081915932479636,0.0123046354913073,2020-03-11,2020-03-12,0.0027808482572055,0.0069419663677024,0.0090217440496787,-4.938647058663041,0,0.0020797776819763,1249,2019-12-31,3.808260130855334e-18,3.808260130855334e-18,-0.0081915932479636,0.0123046354913073,0.0,0.0,0.0
2020-03-10,2020-03-11,2020-03-12,funded_assets,EUR,0.95,IN_TCOP1250,JPY,-0.0041801946900019,0.0052727998858021,0.0071758157610108,-5.202237370568205,0,0.0019030158752086,16384,2019-12-31,4.418123852878431e-18,4.418123852878431e-18,-0.0219303151254079,0.0182974724765023,2020-03-11,2020-03-12,-0.0041801946900019,0.005298717715832,0.0071626248171656,-5.199105593727466,0,0.0018639071013335,65536,2019-12-31,6.478107980600889e-18,6.478107980600889e-18,-0.0280549991320192,0.0198998412744352,0.0048913400222209335,0.0018416354593342465,0.0031317768407390645
2020-03-10,2020-03-11,2020-03-12,funded_assets,EUR,0.99,IN_TCOP1250,JPY,-0.0041801946900019,0.0083489746513481,0.0102571237020308,-4.765814411382718,0,0.0019081490506827,16384,2019-12-31,4.418123852878431e-18,4.418123852878431e-18,-0.0219303151254079,0.0182974724765023,2020-03-11,2020-03-12,-0.0041801946900019,0.0082829657329651,0.0101596756717032,-4.774050201261145,0,0.001876709938738,65536,2019-12-31,6.478107980600889e-18,6.478107980600889e-18,-0.0280549991320192,0.0198998412744352,0.0079692371683121,0.009591647752990061,0.008235789878427546
2020-03-10,2020-03-11,2020-03-12,funded_assets,USD,0.95,IN_TCOP1250,JPY,-0.0041200610454964,0.0053038747204049,0.0072504545708905,-5.195168051776768,0,0.0019465798504856,16384,2019-12-31,4.418123852878431e-18,4.418123852878431e-18,-0.0215377245365547,0.0188168844279839,2020-03-11,2020-03-12,-0.0041200610454964,0.0053404512469418,0.0072373045783528,-5.190600330662197,0,0.0018968533314109,65536,2019-12-31,6.478107980600889e-18,6.478107980600889e-18,-0.0270926035682238,0.0205540619398857,0.006848958045978881,0.001816973763551763,0.004567721114571377
2020-03-10,2020-03-11,2020-03-12,funded_assets,USD,0.99,IN_TCOP1250,JPY,-0.0041200610454964,0.0084547628577904,0.0104133833719289,-4.752750291084117,0,0.0019586205141384,16384,2019-12-31,4.418123852878431e-18,4.418123852878431e-18,-0.0215377245365547,0.0188168844279839,2020-03-11,2020-03-12,-0.0041200610454964,0.0083695316408753,0.0103106716248781,-4.762840974886473,0,0.0019411399840027,65536,2019-12-31,6.478107980600889e-18,6.478107980600889e-18,-0.0270926035682238,0.0205540619398857,0.010183510926566816,0.009961693164873161,0.010090683802356004
2020-03-10,2020-03-11,2020-03-12,net_cashflows,EUR,0.95,IN_TCOP1250,JPY,0.0028073009309085,0.0041835488231569,0.0058797530938597,-5.424722736469633,0,0.0016962042707027,16384,2019-12-31,4.418123852878431e-18,4.418123852878431e-18,-0.0116173205670626,0.013621360848961,2020-03-11,2020-03-12,0.0028073009309085,0.0041974965088907,0.0058962626926648,-5.421545542827708,0,0.001698766183774,65536,2019-12-31,6.478107980600889e-18,6.478107980600889e-18,-0.0139672981565925,0.015096113910466,0.0033228582094725592,0.0028000107297862396,0.0031771936419247027
2020-03-10,2020-03-11,2020-03-12,net_cashflows,EUR,0.99,IN_TCOP1250,JPY,0.0028073009309085,0.006729167444456,0.0088203291873049,-4.967780406303426,0,0.0020911617428488,16384,2019-12-31,4.418123852878431e-18,4.418123852878431e-18,-0.0116173205670626,0.013621360848961,2020-03-11,2020-03-12,0.0028073009309085,0.0067451413880309,0.008887523711895,-4.964161849099368,0,0.0021423823238641,65536,2019-12-31,6.478107980600889e-18,6.478107980600889e-18,-0.0139672981565925,0.015096113910466,0.0023682147869049704,0.007560545183149914,0.00361855720405746
2020-03-10,2020-03-11,2020-03-12,net_cashflows,USD,0.95,IN_TCOP1250,JPY,0.0027808482572055,0.0042145736720664,0.0059349880505424,-5.416766901605287,0,0.001720414378476,16384,2019-12-31,4.418123852878431e-18,4.418123852878431e-18,-0.0113369299156779,0.0141344370568791,2020-03-11,2020-03-12,0.0027808482572055,0.0042228971022373,0.0059513552000652,-5.4145673300043935,0,0.0017284580978279,65536,2019-12-31,6.478107980600889e-18,6.478107980600889e-18,-0.0136957616739663,0.0149891273221816,0.00197102367625538,0.002750155044118498,0.0021995716008937904
2020-03-10,2020-03-11,2020-03-12,net_cashflows,USD,0.99,IN_TCOP1250,JPY,0.0027808482572055,0.0068024857254152,0.0089469839589748,-4.95612830494005,0,0.0021444982335595,16384,2019-12-31,4.418123852878431e-18,4.418123852878431e-18,-0.0113369299156779,0.0141344370568791,2020-03-11,2020-03-12,0.0027808482572055,0.0068175514162837,0.0090134683470449,-4.952661524890967,0,0.0021959169307611,65536,2019-12-31,6.478107980600889e-18,6.478107980600889e-18,-0.0136957616739663,0.0149891273221816,0.0022098389800942232,0.007376115997777688,0.0034667800490826295
2020-03-10,2020-03-11,2020-03-12,funded_assets,EUR,0.95,IN_FHS1250,CHF,-0.0041801946900019,0.0051084248608342,0.0069284744618304,-5.234806873085949,0,0.0018200496009961,1249,2019-12-31,2.236166980751353e-18,2.236166980751353e-18,-0.0125009460819051,0.0137120055937236,2020-03-11,2020-03-12,-0.0041801946900019,0.0051084248608342,0.0069284744618304,-5.234806873085949,0,0.0018200496009961,1249,2019-12-31,2.236166980751353e-18,2.236166980751353e-18,-0.0125009460819051,0.0137120055937236,0.0,0.0,0.0
2020-03-10,2020-03-11,2020-03-12,funded_assets,EUR,0.99,IN_FHS1250,CHF,-0.0041801946900019,0.0079254218522278,0.0100525949913137,-4.811528850567409,0,0.0021271731390859,1249,2019-12-31,2.236166980751353e-18,2.236166980751353e-18,-0.0125009460819051,0.0137120055937236,2020-03-11,2020-03-12,-0.0041801946900019,0.0079254218522278,0.0100525949913137,-4.811528850567409,0,0.0021271731390859,1249,2019-12-31,2.236166980751353e-18,2.236166980751353e-18,-0.0125009460819051,0.0137120055937236,0.0,0.0,0.0
2020-03-10,2020-03-11,2020-03-12,funded_assets,USD,0.95,IN_FHS1250,CHF,-0.0041200610454964,0.0051465256708104,0.006993298215362,-5.226880462748297,0,0.0018467725445516,1249,2019-12-31,2.236166980751353e-18,2.236166980751353e-18,-0.0122112181702083,0.0141271973881325,2020-03-11,2020-03-12,-0.0041200610454964,0.0051465256708104,0.006993298215362,-5.226880462748297,0,0.0018467725445516,1249,2019-12-31,2.236166980751353e-18,2.236166980751353e-18,-0.0122112181702083,0.0141271973881325,0.0,0.0,0.0
2020-03-10,2020-03-11,2020-03-12,funded_assets,USD,0.99,IN_FHS1250,CHF,-0.0041200610454964,0.0079744110020668,0.0101719150381524,-4.804161196772313,0,0.0021975040360856,1249,2019-12-31,2.236166980751353e-18,2.236166980751353e-18,-0.0122112181702083,0.0141271973881325,2020-03-11,2020-03-12,-0.0041200610454964,0.0079744110020668,0.0101719150381524,-4.804161196772313,0,0.0021975040360856,1249,2019-12-31,2.236166980751353e-18,2.236166980751353e-18,-0.0122112181702083,0.0141271973881325,0.0,0.0,0.0
2020-03-10,2020-03-11,2020-03-12,net_cashflows,EUR,0.95,IN_FHS1250,CHF,0.0028073009309085,0.0035361914231533,0.0051274834274387,-5.58348591640295,0,0.0015912920042854,1249,2019-12-31,2.236166980751353e-18,2.236166980751353e-18,-0.0103383772411429,0.010909902987425,2020-03-11,2020-03-12,0.0028073009309085,0.0035361914231533,0.0051274834274387,-5.58348591640295,0,0.0015912920042854,1249,2019-12-31,2.236166980751353e-18,2.236166980751353e-18,-0.0103383772411429,0.010909902987425,0.0,0.0,0.0
2020-03-10,2020-03-11,2020-03-12,net_cashflows,EUR,0.99,IN_FHS1250,CHF,0.0028073009309085,0.005874878679344,0.0078988950257707,-5.097272840651392,0,0.0020240163464267,1249,2019-12-31,2.236166980751353e-18,2.236166980751353e-18,-0.0103383772411429,0.010909902987425,2020-03-11,2020-03-12,0.0028073009309085,0.005874878679344,0.0078988950257707,-5.097272840651392,0,0.0020240163464267,1249,2019-12-31,2.236166980751353e-18,2.236166980751353e-18,-0.0103383772411429,0.010909902987425,0.0,0.0,0.0
2020-03-10,2020-03-11,2020-03-12,net_cashflows,USD,0.95,IN_FHS1250,CHF,0.0027808482572055,0.0035530643126864,0.0051783963952401,-5.5771276851708285,0,0.0016253320825537,1249,2019-12-31,2.236166980751353e-18,2.236166980751353e-18,-0.0102144132502463,0.0113415973102224,2020-03-11,2020-03-12,0.0027808482572055,0.0035530643126864,0.0051783963952401,-5.5771276851708285,0,0.0016253320825537,1249,2019-12-31,2.236166980751353e-18,2.236166980751353e-18,-0.0102144132502463,0.0113415973102224,0.0,0.0,0.0
2020-03-10,2020-03-11,2020-03-12,net_cashflows,USD,0.99,IN_FHS1250,CHF,0.0027808482572055,0.0059672626305264,0.0080300305195855,-5.0814486501029865,0,0.0020627678890591,1249,2019-12-31,2.236166980751353e-18,2.236166980751353e-18,-0.0102144132502463,0.0113415973102224,2020-03-11,2020-03-12,0.0027808482572055,0.0059672626305264,0.0080300305195855,-5.0814486501029865,0,0.0020627678890591,1249,2019-12-31,2.236166980751353e-18,2.236166980751353e-18,-0.0102144132502463,0.0113415973102224,0.0,0.0,0.0
2020-03-10,2020-03-11,2020-03-12,funded_assets,EUR,0.95,IN_TCOP1250,CHF,-0.0041801946900019,0.0051196351696468,0.0068648368145251,-5.2355663363167295,0,0.0017452016448782,16384,2019-12-31,3.29326409892472e-18,3.29326409892472e-18,-0.0170771315497152,0.0170976715912883,2020-03-11,2020-03-12,-0.0041801946900019,0.0051566863704669,0.0068536111121407,-5.230575310670285,0,0.0016969247416737,65536,2019-12-31,4.147073309757055e-18,4.147073309757055e-18,-0.0170771315497152,0.0177734460826027,0.007185079362649928,0.0016379252047893905,0.004991025646444491
2020-03-10,2020-03-11,2020-03-12,funded_assets,EUR,0.99,IN_TCOP1250,CHF,-0.0041801946900019,0.0079105953357868,0.0096023962407097,-4.821927886849524,0,0.0016918009049229,16384,2019-12-31,3.29326409892472e-18,3.29326409892472e-18,-0.0170771315497152,0.0170976715912883,2020-03-11,2020-03-12,-0.0041801946900019,0.0078555823519613,0.0094924911499048,-4.829696686893364,0,0.0016369087979434,65536,2019-12-31,4.147073309757055e-18,4.147073309757055e-18,-0.0170771315497152,0.0177734460826027,0.007003043359575408,0.011578108324704729,0.007768800043839619
2020-03-10,2020-03-11,2020-03-12,funded_assets,USD,0.95,IN_TCOP1250,CHF,-0.0041200610454964,0.0051549451667144,0.0069281049511596,-5.228106159277222,0,0.0017731597844452,16384,2019-12-31,3.29326409892472e-18,3.29326409892472e-18,-0.0165905876589506,0.0175337505436123,2020-03-11,2020-03-12,-0.0041200610454964,0.0051820229004008,0.006915864792279,-5.224642262660908,0,0.0017338418918782,65536,2019-12-31,4.147073309757055e-18,4.147073309757055e-18,-0.0165905876589506,0.0181502268985047,0.00522532111625848,0.0017698667120075796,0.003463896616313633
2020-03-10,2020-03-11,2020-03-12,funded_assets,USD,0.99,IN_TCOP1250,CHF,-0.0041200610454964,0.0079938455038745,0.0097256374882207,-4.811054464327828,0,0.0017317919843461,16384,2019-12-31,3.29326409892472e-18,3.29326409892472e-18,-0.0165905876589506,0.0175337505436123,2020-03-11,2020-03-12,-0.0041200610454964,0.0079197299681012,0.0096145693521965,-4.820753932222304,0,0.0016948393840952,65536,2019-12-31,4.147073309757055e-18,4.147073309757055e-18,-0.0165905876589506,0.0181502268985047,0.009358341265651755,0.011552065615796624,0.00969946789447551
2020-03-10,2020-03-11,2020-03-12,net_cashflows,EUR,0.95,IN_TCOP1250,CHF,0.0028073009309085,0.003631857994709,0.0049267070257843,-5.575906873681383,0,0.0012948490310753,16384,2019-12-31,3.29326409892472e-18,3.29326409892472e-18,-0.0123026570153685,0.0114864135500804,2020-03-11,2020-03-12,0.0028073009309085,0.0036297235983659,0.0049189699038702,-5.5767529465248185,0,0.0012892463055043,65536,2019-12-31,4.147073309757055e-18,4.147073309757055e-18,-0.0136174021994429,0.0174662415277706,0.0005880327482955344,0.0015729150747624406,0.0008460728434354081
2020-03-10,2020-03-11,2020-03-12,net_cashflows,EUR,0.99,IN_TCOP1250,CHF,0.0028073009309085,0.0056961668462551,0.0069950983980004,-5.148237280978665,0,0.0012989315517452,16384,2019-12-31,3.29326409892472e-18,3.29326409892472e-18,-0.0123026570153685,0.0114864135500804,2020-03-11,2020-03-12,0.0028073009309085,0.0056768114491167,0.0069974842510031,-5.15093996048232,0,0.0013206728018864,65536,2019-12-31,4.147073309757055e-18,4.147073309757055e-18,-0.0136174021994429,0.0174662415277706,0.0034095543443514397,0.0003409586813086846,0.002702679503654437
2020-03-10,2020-03-11,2020-03-12,net_cashflows,USD,0.95,IN_TCOP1250,CHF,0.0027808482572055,0.0036467206894794,0.0049595423423888,-5.57114802139998,0,0.0013128216529094,16384,2019-12-31,3.29326409892472e-18,3.29326409892472e-18,-0.012008694714609,0.0117387908791601,2020-03-11,2020-03-12,0.0027808482572055,0.0036464045573045,0.0049516168129995,-5.571634273282582,0,0.001305212255695,65536,2019-12-31,4.147073309757055e-18,4.147073309757055e-18,-0.0133954508983959,0.0175028647009373,8.669695584556701e-05,0.0016005942480228827,0.0004862518826014295
2020-03-10,2020-03-11,2020-03-12,net_cashflows,USD,0.99,IN_TCOP1250,CHF,0.0027808482572055,0.0057264112001155,0.0070567172427606,-5.14229158958645,0,0.001330306042645,16384,2019-12-31,3.29326409892472e-18,3.29326409892472e-18,-0.012008694714609,0.0117387908791601,2020-03-11,2020-03-12,0.0027808482572055,0.005704329478901,0.0070592582109328,-5.1453517198859835,0,0.0013549287320318,65536,2019-12-31,4.147073309757055e-18,4.147073309757055e-18,-0.0133954508983959,0.0175028647009373,0.0038710458952583,0.00035994832548621244,0.003060130299533448
2020-03-10,2020-03-11,2020-03-12,funded_assets,EUR,0.95,IN_FHS_REF_POOL,ALL_FIVE,-0.0041801946900019,0.0050503370240448,0.0069603281164845,-5.241939733499771,0,0.0019099910924396,6245,2019-12-31,0.0,0.0,-0.0152121721598378,0.0162986692076437,2020-03-11,2020-03-12,-0.0041801946900019,0.0050503370240448,0.0069603281164845,-5.241939733499771,0,0.0019099910924396,6245,2019-12-31,0.0,0.0,-0.0152121721598378,0.0162986692076437,0.0,0.0,0.0
2020-03-10,2020-03-11,2020-03-12,funded_assets,EUR,0.99,IN_FHS_REF_POOL,ALL_FIVE,-0.0041801946900019,0.0079203045045788,0.01017219896158,-4.8094742225920895,0,0.0022518944570011,6245,2019-12-31,0.0,0.0,-0.0152121721598378,0.0162986692076437,2020-03-11,2020-03-12,-0.0041801946900019,0.0079203045045788,0.01017219896158,-4.8094742225920895,0,0.0022518944570011,6245,2019-12-31,0.0,0.0,-0.0152121721598378,0.0162986692076437,0.0,0.0,0.0
2020-03-10,2020-03-11,2020-03-12,funded_assets,USD,0.95,IN_FHS_REF_POOL,ALL_FIVE,-0.0041200610454964,0.0050867791261879,0.0070272754084865,-5.234094001978968,0,0.0019404962822985,6245,2019-12-31,0.0,0.0,-0.0151686664612517,0.0163993039845357,2020-03-11,2020-03-12,-0.0041200610454964,0.0050867791261879,0.0070272754084865,-5.234094001978968,0,0.0019404962822985,6245,2019-12-31,0.0,0.0,-0.0151686664612517,0.0163993039845357,0.0,0.0,0.0
2020-03-10,2020-03-11,2020-03-12,funded_assets,USD,0.99,IN_FHS_REF_POOL,ALL_FIVE,-0.0041200610454964,0.0079607601468398,0.0103103017454114,-4.802494627408388,0,0.0023495415985715,6245,2019-12-31,0.0,0.0,-0.0151686664612517,0.0163993039845357,2020-03-11,2020-03-12,-0.0041200610454964,0.0079607601468398,0.0103103017454114,-4.802494627408388,0,0.0023495415985715,6245,2019-12-31,0.0,0.0,-0.0151686664612517,0.0163993039845357,0.0,0.0,0.0
2020-03-10,2020-03-11,2020-03-12,net_cashflows,EUR,0.95,IN_FHS_REF_POOL,ALL_FIVE,0.0028073009309085,0.0038710574685785,0.0054697349572604,-5.500802074564376,0,0.0015986774886818,6245,2019-12-31,0.0,0.0,-0.0103731588553684,0.0122044353876307,2020-03-11,2020-03-12,0.0028073009309085,0.0038710574685785,0.0054697349572604,-5.500802074564376,0,0.0015986774886818,6245,2019-12-31,0.0,0.0,-0.0103731588553684,0.0122044353876307,0.0,0.0,0.0
2020-03-10,2020-03-11,2020-03-12,net_cashflows,EUR,0.99,IN_FHS_REF_POOL,ALL_FIVE,0.0028073009309085,0.0062094387485023,0.0082767972410001,-5.044076785043373,0,0.0020673584924978,6245,2019-12-31,0.0,0.0,-0.0103731588553684,0.0122044353876307,2020-03-11,2020-03-12,0.0028073009309085,0.0062094387485023,0.0082767972410001,-5.044076785043373,0,0.0020673584924978,6245,2019-12-31,0.0,0.0,-0.0103731588553684,0.0122044353876307,0.0,0.0,0.0
2020-03-10,2020-03-11,2020-03-12,net_cashflows,USD,0.95,IN_FHS_REF_POOL,ALL_FIVE,0.0027808482572055,0.0038900956915208,0.0055243131672776,-5.49441909617816,0,0.0016342174757568,6245,2019-12-31,0.0,0.0,-0.0102254955578356,0.0126414612657234,2020-03-11,2020-03-12,0.0027808482572055,0.0038900956915208,0.0055243131672776,-5.49441909617816,0,0.0016342174757568,6245,2019-12-31,0.0,0.0,-0.0102254955578356,0.0126414612657234,0.0,0.0,0.0
2020-03-10,2020-03-11,2020-03-12,net_cashflows,USD,0.99,IN_FHS_REF_POOL,ALL_FIVE,0.0027808482572055,0.0063582275491222,0.008420277631021,-5.022003463331302,0,0.0020620500818988,6245,2019-12-31,0.0,0.0,-0.0102254955578356,0.0126414612657234,2020-03-11,2020-03-12,0.0027808482572055,0.0063582275491222,0.008420277631021,-5.022003463331302,0,0.0020620500818988,6245,2019-12-31,0.0,0.0,-0.0102254955578356,0.0126414612657234,0.0,0.0,0.0
2020-03-10,2020-03-11,2020-03-12,funded_assets,EUR,0.95,IN_TCOP_REF_POOL,ALL_FIVE,-0.0041801946900019,0.0051861687963594,0.007117255816289,-5.216557707676407,0,0.0019310870199295,81920,2019-12-31,0.0,0.0,-0.025760359153452,0.0309229605886136,2020-03-11,2020-03-12,-0.0041801946900019,0.0052020257673948,0.0071070769599183,-5.214714125771156,0,0.0019050511925234,327680,2019-12-31,0.0,0.0,-0.0292854675353945,0.0384840398890019,0.0030482300058543594,0.0014322141758286945,0.0018435819052511349
2020-03-10,2020-03-11,2020-03-12,funded_assets,EUR,0.99,IN_TCOP_REF_POOL,ALL_FIVE,-0.0041801946900019,0.0082539683666849,0.0103836303927305,-4.772622732811996,0,0.0021296620260455,81920,2019-12-31,0.0,0.0,-0.025760359153452,0.0309229605886136,2020-03-11,2020-03-12,-0.0041801946900019,0.0082206769798773,0.0102364136475312,-4.7787222010257615,0,0.0020157366676538,327680,2019-12-31,0.0,0.0,-0.0292854675353945,0.0384840398890019,0.004049713531998707,0.014381672162574797,0.006099468213765391
2020-03-10,2020-03-11,2020-03-12,funded_assets,USD,0.95,IN_TCOP_REF_POOL,ALL_FIVE,-0.0041200610454964,0.0052202063833711,0.0071852714598479,-5.2092071333576575,0,0.0019650650764767,81920,2019-12-31,0.0,0.0,-0.0246604211993005,0.0326191464980875,2020-03-11,2020-03-12,-0.0041200610454964,0.0052351408998863,0.007174310407221,-5.207542137643589,0,0.0019391695073346,327680,2019-12-31,0.0,0.0,-0.0277326832589308,0.0398570412918078,0.002852743947259221,0.0015278196794869861,0.001664995714068418
2020-03-10,2020-03-11,2020-03-12,funded_assets,USD,0.99,IN_TCOP_REF_POOL,ALL_FIVE,-0.0041200610454964,0.0083171953469877,0.0105280151256636,-4.763709445881396,0,0.0022108197786758,81920,2019-12-31,0.0,0.0,-0.0246604211993005,0.0326191464980875,2020-03-11,2020-03-12,-0.0041200610454964,0.008315005262124,0.0103741362755019,-4.766926450157008,0,0.0020591310133779,327680,2019-12-31,0.0,0.0,-0.0277326832589308,0.0398570412918078,0.00026338947416863496,0.01483293125087223,0.003217004275612112
2020-03-10,2020-03-11,2020-03-12,net_cashflows,EUR,0.95,IN_TCOP_REF_POOL,ALL_FIVE,0.0028073009309085,0.0038080045360621,0.005300290065105,-5.521541629113558,0,0.0014922855290429,81920,2019-12-31,0.0,0.0,-0.0174337539060268,0.0163750977542416,2020-03-11,2020-03-12,0.0028073009309085,0.003810065760174,0.0053112327508195,-5.520571345455064,0,0.0015011669906454,327680,2019-12-31,0.0,0.0,-0.0283903181381737,0.0224282348032482,0.0005409943664085635,0.002060291127857544,0.0009702836584937202
2020-03-10,2020-03-11,2020-03-12,net_cashflows,EUR,0.99,IN_TCOP_REF_POOL,ALL_FIVE,0.0028073009309085,0.0061272686538948,0.007757864091137,-5.069234359545908,0,0.0016305954372421,81920,2019-12-31,0.0,0.0,-0.0174337539060268,0.0163750977542416,2020-03-11,2020-03-12,0.0028073009309085,0.0061258858891407,0.0078415518953996,-5.06711015924911,0,0.0017156660062588,327680,2019-12-31,0.0,0.0,-0.0283903181381737,0.0224282348032482,0.00022572486316662068,0.010672352281657138,0.002124200296798051
2020-03-10,2020-03-11,2020-03-12,net_cashflows,USD,0.95,IN_TCOP_REF_POOL,ALL_FIVE,0.0027808482572055,0.0038259781199678,0.0053351837090551,-5.516309864886798,0,0.0015092055890873,81920,2019-12-31,0.0,0.0,-0.017256230372792,0.0167236849399155,2020-03-11,2020-03-12,0.0027808482572055,0.0038262764934508,0.0053468531278328,-5.515634299868353,0,0.001520576634382,327680,2019-12-31,0.0,0.0,-0.025944633896156,0.0226552655229303,7.798011552772384e-05,0.002182483509217038,0.0006755650184455675
2020-03-10,2020-03-11,2020-03-12,net_cashflows,USD,0.99,IN_TCOP_REF_POOL,ALL_FIVE,0.0027808482572055,0.006180850473499,0.007830600076713,-5.060395977846065,0,0.0016497496032139,81920,2019-12-31,0.0,0.0,-0.017256230372792,0.0167236849399155,2020-03-11,2020-03-12,0.0027808482572055,0.006167163890972,0.0079183497164344,-5.059727867362056,0,0.0017511858254623,327680,2019-12-31,0.0,0.0,-0.025944633896156,0.0226552655229303,0.0022192668735520177,0.011081809071816575,0.0006681104840096097
2020-03-17,2020-03-18,2020-03-19,funded_assets,EUR,0.95,HS1250,ALL_EQUIVARIANT,0.0005394339890733,0.0049922141176121,0.0071332513730121,-5.2431369937283545,0,0.0021410372553999,1249,2019-12-31,3.848917712323541e-18,3.848917712323541e-18,-0.0146470767797077,0.0158579005713657,2020-03-18,2020-03-19,0.0005394339890733,0.0049922141176121,0.0071332513730121,-5.2431369937283545,0,0.0021410372553999,1249,2019-12-31,3.848917712323541e-18,3.848917712323541e-18,-0.0146470767797077,0.0158579005713657,0.0,0.0,0.0
2020-03-17,2020-03-18,2020-03-19,funded_assets,EUR,0.99,HS1250,ALL_EQUIVARIANT,0.0005394339890733,0.0081010511604481,0.010784426195563,-4.7784716582530535,0,0.0026833750351149,1249,2019-12-31,3.848917712323541e-18,3.848917712323541e-18,-0.0146470767797077,0.0158579005713657,2020-03-18,2020-03-19,0.0005394339890733,0.0081010511604481,0.010784426195563,-4.7784716582530535,0,0.0026833750351149,1249,2019-12-31,3.848917712323541e-18,3.848917712323541e-18,-0.0146470767797077,0.0158579005713657,0.0,0.0,0.0
2020-03-17,2020-03-18,2020-03-19,funded_assets,USD,0.95,HS1250,ALL_EQUIVARIANT,0.000496048711539,0.0050763854738745,0.0072082928815734,-5.228280727339278,0,0.0021319074076989,1249,2019-12-31,3.848917712323541e-18,3.848917712323541e-18,-0.0142364098043845,0.0159662234291164,2020-03-18,2020-03-19,0.000496048711539,0.0050763854738745,0.0072082928815734,-5.228280727339278,0,0.0021319074076989,1249,2019-12-31,3.848917712323541e-18,3.848917712323541e-18,-0.0142364098043845,0.0159662234291164,0.0,0.0,0.0
2020-03-17,2020-03-18,2020-03-19,funded_assets,USD,0.99,HS1250,ALL_EQUIVARIANT,0.000496048711539,0.0080934397975748,0.0109348035261118,-4.775650480100049,0,0.0028413637285369,1249,2019-12-31,3.848917712323541e-18,3.848917712323541e-18,-0.0142364098043845,0.0159662234291164,2020-03-18,2020-03-19,0.000496048711539,0.0080934397975748,0.0109348035261118,-4.775650480100049,0,0.0028413637285369,1249,2019-12-31,3.848917712323541e-18,3.848917712323541e-18,-0.0142364098043845,0.0159662234291164,0.0,0.0,0.0
2020-03-17,2020-03-18,2020-03-19,net_cashflows,EUR,0.95,HS1250,ALL_EQUIVARIANT,-0.0060400993204992,0.0036445348703508,0.0054608561941907,-5.542757115640489,0,0.0018163213238398,1249,2019-12-31,3.848917712323541e-18,3.848917712323541e-18,-0.0113622868915228,0.0134158655995835,2020-03-18,2020-03-19,-0.0060400993204992,0.0036445348703508,0.0054608561941907,-5.542757115640489,0,0.0018163213238398,1249,2019-12-31,3.848917712323541e-18,3.848917712323541e-18,-0.0113622868915228,0.0134158655995835,0.0,0.0,0.0
2020-03-17,2020-03-18,2020-03-19,net_cashflows,EUR,0.99,HS1250,ALL_EQUIVARIANT,-0.0060400993204992,0.0068317421245577,0.0088945121945354,-4.954235718199692,0,0.0020627700699776,1249,2019-12-31,3.848917712323541e-18,3.848917712323541e-18,-0.0113622868915228,0.0134158655995835,2020-03-18,2020-03-19,-0.0060400993204992,0.0068317421245577,0.0088945121945354,-4.954235718199692,0,0.0020627700699776,1249,2019-12-31,3.848917712323541e-18,3.848917712323541e-18,-0.0113622868915228,0.0134158655995835,0.0,0.0,0.0
2020-03-17,2020-03-18,2020-03-19,net_cashflows,USD,0.95,HS1250,ALL_EQUIVARIANT,-0.005932048700178,0.0036866558798669,0.0055016293002634,-5.532608433912623,0,0.0018149734203965,1249,2019-12-31,3.848917712323541e-18,3.848917712323541e-18,-0.0111636206321082,0.0132519658509188,2020-03-18,2020-03-19,-0.005932048700178,0.0036866558798669,0.0055016293002634,-5.532608433912623,0,0.0018149734203965,1249,2019-12-31,3.848917712323541e-18,3.848917712323541e-18,-0.0111636206321082,0.0132519658509188,0.0,0.0,0.0
2020-03-17,2020-03-18,2020-03-19,net_cashflows,USD,0.99,HS1250,ALL_EQUIVARIANT,-0.005932048700178,0.0068684630061137,0.008994889961821,-4.947502532537126,0,0.0021264269557072,1249,2019-12-31,3.848917712323541e-18,3.848917712323541e-18,-0.0111636206321082,0.0132519658509188,2020-03-18,2020-03-19,-0.005932048700178,0.0068684630061137,0.008994889961821,-4.947502532537126,0,0.0021264269557072,1249,2019-12-31,3.848917712323541e-18,3.848917712323541e-18,-0.0111636206321082,0.0132519658509188,0.0,0.0,0.0
2020-03-17,2020-03-18,2020-03-19,funded_assets,EUR,0.95,EWMA_GAUSS,ALL_EQUIVARIANT,0.0005394339890733,0.0052302695651804,0.0065087357244741,-5.231033163858351,0,0.0012784661592936,16384,2019-12-31,5.339695699491109e-18,5.339695699491109e-18,-0.0129721809891989,0.0120958730048091,2020-03-18,2020-03-19,0.0005394339890733,0.0051945550049746,0.0065033731049982,-5.236686490567073,0,0.0013088181000236,65536,2019-12-31,6.139294801699169e-18,6.139294801699169e-18,-0.0130213437454781,0.0151999681226505,0.006875383968712994,0.0008245904685645163,0.005653326708721984
2020-03-17,2020-03-18,2020-03-19,funded_assets,EUR,0.99,EWMA_GAUSS,ALL_EQUIVARIANT,0.0005394339890733,0.0072415783885334,0.008407399019032,-4.9173091535651645,0,0.0011658206304986,16384,2019-12-31,5.339695699491109e-18,5.339695699491109e-18,-0.0129721809891989,0.0120958730048091,2020-03-18,2020-03-19,0.0005394339890733,0.0073291834444257,0.0083932521216036,-4.907103899445604,0,0.0010640686771779,65536,2019-12-31,6.139294801699169e-18,6.139294801699169e-18,-0.0130213437454781,0.0151999681226505,0.011952908063575447,0.0016855084564879812,0.010205254119560081
2020-03-17,2020-03-18,2020-03-19,funded_assets,USD,0.95,EWMA_GAUSS,ALL_EQUIVARIANT,0.000496048711539,0.0052346380302435,0.0065560616379676,-5.228922749041599,0,0.001321423607724,16384,2019-12-31,5.339695699491109e-18,5.339695699491109e-18,-0.0128231893122563,0.0123988297286512,2020-03-18,2020-03-19,0.000496048711539,0.0052220477209431,0.0065518197556694,-5.230974685839453,0,0.0013297720347262,65536,2019-12-31,6.139294801699169e-18,6.139294801699169e-18,-0.01302693136065,0.0154848528246867,0.00241099085515948,0.0006474357440205097,0.0020519367978533154
2020-03-17,2020-03-18,2020-03-19,funded_assets,USD,0.99,EWMA_GAUSS,ALL_EQUIVARIANT,0.000496048711539,0.0073284842318682,0.0084952903870552,-4.905590753897569,0,0.001166806155187,16384,2019-12-31,5.339695699491109e-18,5.339695699491109e-18,-0.0128231893122563,0.0123988297286512,2020-03-18,2020-03-19,0.000496048711539,0.0073829611407434,0.0084740151737309,-4.899503736715016,0,0.0010910540329875,65536,2019-12-31,6.139294801699169e-18,6.139294801699169e-18,-0.01302693136065,0.0154848528246867,0.007378734336628911,0.00251064140057843,0.006087017182553112
2020-03-17,2020-03-18,2020-03-19,net_cashflows,EUR,0.95,EWMA_GAUSS,ALL_EQUIVARIANT,-0.0060400993204992,0.0081061578094853,0.0101566381973469,-4.791513514669445,0,0.0020504803878616,16384,2019-12-31,5.339695699491109e-18,5.339695699491109e-18,-0.018553785409093,0.020181187258593,2020-03-18,2020-03-19,-0.0060400993204992,0.0080942824521177,0.0101635220085402,-4.792544976183208,0,0.0020692395564224,65536,2019-12-31,6.139294801699169e-18,6.139294801699169e-18,-0.0222183583762588,0.020181187258593,0.0014671291047536705,0.000677305680797946,0.001031461513763432
2020-03-17,2020-03-18,2020-03-19,net_cashflows,EUR,0.99,EWMA_GAUSS,ALL_EQUIVARIANT,-0.0060400993204992,0.0114882301819163,0.0131316319094915,-4.457879633984344,0,0.0016434017275752,16384,2019-12-31,5.339695699491109e-18,5.339695699491109e-18,-0.018553785409093,0.020181187258593,2020-03-18,2020-03-19,-0.0060400993204992,0.0115026869226797,0.0131402431828686,-4.456697216745077,0,0.0016375562601889,65536,2019-12-31,6.139294801699169e-18,6.139294801699169e-18,-0.0222183583762588,0.020181187258593,0.0012568142435395334,0.0006553359216613236,0.0011824172392671528
2020-03-17,2020-03-18,2020-03-19,net_cashflows,USD,0.95,EWMA_GAUSS,ALL_EQUIVARIANT,-0.005932048700178,0.0081955048979237,0.0102850340676446,-4.780227548378752,0,0.0020895291697209,16384,2019-12-31,5.339695699491109e-18,5.339695699491109e-18,-0.0182865724438095,0.0206578587235212,2020-03-18,2020-03-19,-0.005932048700178,0.0081683763329128,0.0102915278574866,-4.782735166659956,0,0.0021231515245737,65536,2019-12-31,6.139294801699169e-18,6.139294801699169e-18,-0.0216860723138856,0.0207082433568136,0.003321169826810188,0.0006309840416237792,0.002507618281203605
2020-03-17,2020-03-18,2020-03-19,net_cashflows,USD,0.99,EWMA_GAUSS,ALL_EQUIVARIANT,-0.005932048700178,0.011553935744286,0.0133428014236814,-4.450847980903218,0,0.0017888656793953,16384,2019-12-31,5.339695699491109e-18,5.339695699491109e-18,-0.0182865724438095,0.0206578587235212,2020-03-18,2020-03-19,-0.005932048700178,0.0116722864173593,0.0133531453020202,-4.441880694191361,0,0.0016808588846608,65536,2019-12-31,6.139294801699169e-18,6.139294801699169e-18,-0.0216860723138856,0.0207082433568136,0.010139459300560514,0.0007746398398911702,0.008967286711857092
2020-03-17,2020-03-18,2020-03-19,funded_assets,EUR,0.95,EWMA_SELFNORMALIZED,ALL_EQUIVARIANT,0.0005394339890733,0.0051761994538892,0.0064794206278693,-5.240256543694795,0,0.0013032211739801,16384,2019-12-31,6.3696877633523385e-18,6.3696877633523385e-18,-0.012071127670586,0.0115983935639311,2020-03-18,2020-03-19,0.0005394339890733,0.0052040487668223,0.0065274391443801,-5.234483240767723,0,0.0013233903775578,65536,2019-12-31,6.3696877633523385e-18,6.3696877633523385e-18,-0.0121898779103261,0.0125148421173909,0.005351470399480083,0.007356409680531901,0.0057733029270723435
2020-03-17,2020-03-18,2020-03-19,funded_assets,EUR,0.99,EWMA_SELFNORMALIZED,ALL_EQUIVARIANT,0.0005394339890733,0.0074297289672743,0.0083769729145687,-4.895345774235665,0,0.0009472439472943,16384,2019-12-31,6.3696877633523385e-18,6.3696877633523385e-18,-0.012071127670586,0.0115983935639311,2020-03-18,2020-03-19,0.0005394339890733,0.0073890639391135,0.0083927522216908,-4.899976662474767,0,0.0010036882825773,65536,2019-12-31,6.3696877633523385e-18,6.3696877633523385e-18,-0.0121898779103261,0.0125148421173909,0.005503407264557854,0.001880111160832076,0.004630888239102404
2020-03-17,2020-03-18,2020-03-19,funded_assets,USD,0.95,EWMA_SELFNORMALIZED,ALL_EQUIVARIANT,0.000496048711539,0.0052170113097149,0.0065256501347928,-5.232552386484512,0,0.0013086388250778,16384,2019-12-31,6.3696877633523385e-18,6.3696877633523385e-18,-0.0120110463135954,0.0117040907101562,2020-03-18,2020-03-19,0.000496048711539,0.0052304216082529,0.0065768966958338,-5.228920299164441,0,0.0013464750875808,65536,2019-12-31,6.3696877633523385e-18,6.3696877633523385e-18,-0.0120370443533549,0.0125649635117981,0.00256390393402329,0.007791906032743732,0.0036320873200708093
2020-03-17,2020-03-18,2020-03-19,funded_assets,USD,0.99,EWMA_SELFNORMALIZED,ALL_EQUIVARIANT,0.000496048711539,0.0074876805258696,0.008457746883211,-4.887368067160493,0,0.0009700663573414,16384,2019-12-31,6.3696877633523385e-18,6.3696877633523385e-18,-0.0120110463135954,0.0117040907101562,2020-03-18,2020-03-19,0.000496048711539,0.0074653695350355,0.0084751369022499,-4.88976313956779,0,0.0010097673672143,65536,2019-12-31,6.3696877633523385e-18,6.3696877633523385e-18,-0.0120370443533549,0.0125649635117981,0.0029885983177916162,0.0020518865051351795,0.002395072407296972
2020-03-17,2020-03-18,2020-03-19,net_cashflows,EUR,0.95,EWMA_SELFNORMALIZED,ALL_EQUIVARIANT,-0.0060400993204992,0.0081054871287292,0.0101678771594635,-4.7913557116799685,0,0.0020623900307343,16384,2019-12-31,6.3696877633523385e-18,6.3696877633523385e-18,-0.016969410354316,0.0195458997128906,2020-03-18,2020-03-19,-0.0060400993204992,0.0081172236253515,0.0101358526005571,-4.790833672130858,0,0.0020186289752055,65536,2019-12-31,6.3696877633523385e-18,6.3696877633523385e-18,-0.0183997026470625,0.0195458997128906,0.0014458757284502746,0.003159532815684439,0.0005220395491107865
2020-03-17,2020-03-18,2020-03-19,net_cashflows,EUR,0.99,EWMA_SELFNORMALIZED,ALL_EQUIVARIANT,-0.0060400993204992,0.0115741819464841,0.0131814295801534,-4.450879015343,0,0.0016072476336692,16384,2019-12-31,6.3696877633523385e-18,6.3696877633523385e-18,-0.016969410354316,0.0195458997128906,2020-03-18,2020-03-19,-0.0060400993204992,0.0114356547218762,0.0130360800201694,-4.462803286830129,0,0.0016004252982932,65536,2019-12-31,6.3696877633523385e-18,6.3696877633523385e-18,-0.0183997026470625,0.0195458997128906,0.01211362427224224,0.011149790409319118,0.01192427148712838
2020-03-17,2020-03-18,2020-03-19,net_cashflows,USD,0.95,EWMA_SELFNORMALIZED,ALL_EQUIVARIANT,-0.005932048700178,0.0081664751559429,0.010292605112708,-4.7828982820077846,0,0.002126129956765,16384,2019-12-31,6.3696877633523385e-18,6.3696877633523385e-18,-0.0165401621772639,0.0198091241493704,2020-03-18,2020-03-19,-0.005932048700178,0.008193820510371,0.0102609111007175,-4.780866570445392,0,0.0020670905903465,65536,2019-12-31,6.3696877633523385e-18,6.3696877633523385e-18,-0.018099039325232,0.019950095695411,0.0033373143082019224,0.0030888106991088637,0.0020317115623926796
2020-03-17,2020-03-18,2020-03-19,net_cashflows,USD,0.99,EWMA_SELFNORMALIZED,ALL_EQUIVARIANT,-0.005932048700178,0.011728939820262,0.0133933642925745,-4.437268218148745,0,0.0016644244723124,16384,2019-12-31,6.3696877633523385e-18,6.3696877633523385e-18,-0.0165401621772639,0.0198091241493704,2020-03-18,2020-03-19,-0.005932048700178,0.0116217080306372,0.0132437436091765,-4.446705628601501,0,0.0016220355785392,65536,2019-12-31,6.3696877633523385e-18,6.3696877633523385e-18,-0.018099039325232,0.019950095695411,0.009226852829387379,0.011297461489237064,0.009437410452756367
2020-03-17,2020-03-18,2020-03-19,funded_assets,EUR,0.95,IN_FHS1250,EUR,0.0005394339890733,0.005811069401607,0.0077238801568034,-5.111087373033636,0,0.0019128107551963,1249,2019-12-31,3.2187251995663413e-18,3.2187251995663413e-18,-0.0141435313637411,0.0165531050151995,2020-03-18,2020-03-19,0.0005394339890733,0.005811069401607,0.0077238801568034,-5.111087373033636,0,0.0019128107551963,1249,2019-12-31,3.2187251995663413e-18,3.2187251995663413e-18,-0.0141435313637411,0.0165531050151995,0.0,0.0,0.0
2020-03-17,2020-03-18,2020-03-19,funded_assets,EUR,0.99,IN_FHS1250,EUR,0.0005394339890733,0.0086708757709592,0.0111253385537529,-4.7191491738736,0,0.0024544627827937,1249,2019-12-31,3.2187251995663413e-18,3.2187251995663413e-18,-0.0141435313637411,0.0165531050151995,2020-03-18,2020-03-19,0.0005394339890733,0.0086708757709592,0.0111253385537529,-4.7191491738736,0,0.0024544627827937,1249,2019-12-31,3.2187251995663413e-18,3.2187251995663413e-18,-0.0141435313637411,0.0165531050151995,0.0,0.0,0.0
2020-03-17,2020-03-18,2020-03-19,funded_assets,USD,0.95,IN_FHS1250,EUR,0.000496048711539,0.00581555080243,0.0078006211022546,-5.108027848712772,0,0.0019850702998245,1249,2019-12-31,3.2187251995663413e-18,3.2187251995663413e-18,-0.0137886407533082,0.0166590529860633,2020-03-18,2020-03-19,0.000496048711539,0.00581555080243,0.0078006211022546,-5.108027848712772,0,0.0019850702998245,1249,2019-12-31,3.2187251995663413e-18,3.2187251995663413e-18,-0.0137886407533082,0.0166590529860633,0.0,0.0,0.0
2020-03-17,2020-03-18,2020-03-19,funded_assets,USD,0.99,IN_FHS1250,EUR,0.000496048711539,0.0087483619768351,0.0112549904717998,-4.70965627821024,0,0.0025066284949646,1249,2019-12-31,3.2187251995663413e-18,3.2187251995663413e-18,-0.0137886407533082,0.0166590529860633,2020-03-18,2020-03-19,0.000496048711539,0.0087483619768351,0.0112549904717998,-4.70965627821024,0,0.0025066284949646,1249,2019-12-31,3.2187251995663413e-18,3.2187251995663413e-18,-0.0137886407533082,0.0166590529860633,0.0,0.0,0.0
2020-03-17,2020-03-18,2020-03-19,net_cashflows,EUR,0.95,IN_FHS1250,EUR,-0.0060400993204992,0.0039570448764638,0.0057297257999105,-5.471470806370528,0,0.0017726809234467,1249,2019-12-31,3.2187251995663413e-18,3.2187251995663413e-18,-0.0129811771386305,0.0120586541236751,2020-03-18,2020-03-19,-0.0060400993204992,0.0039570448764638,0.0057297257999105,-5.471470806370528,0,0.0017726809234467,1249,2019-12-31,3.2187251995663413e-18,3.2187251995663413e-18,-0.0129811771386305,0.0120586541236751,0.0,0.0,0.0
2020-03-17,2020-03-18,2020-03-19,net_cashflows,EUR,0.99,IN_FHS1250,EUR,-0.0060400993204992,0.0067849007927886,0.0088401693439779,-4.960941234653308,0,0.0020552685511893,1249,2019-12-31,3.2187251995663413e-18,3.2187251995663413e-18,-0.0129811771386305,0.0120586541236751,2020-03-18,2020-03-19,-0.0060400993204992,0.0067849007927886,0.0088401693439779,-4.960941234653308,0,0.0020552685511893,1249,2019-12-31,3.2187251995663413e-18,3.2187251995663413e-18,-0.0129811771386305,0.0120586541236751,0.0,0.0,0.0
2020-03-17,2020-03-18,2020-03-19,net_cashflows,USD,0.95,IN_FHS1250,EUR,-0.005932048700178,0.003941168345785,0.0057887734479756,-5.471005243570364,0,0.0018476051021906,1249,2019-12-31,3.2187251995663413e-18,3.2187251995663413e-18,-0.0127087618528337,0.0126159546100958,2020-03-18,2020-03-19,-0.005932048700178,0.003941168345785,0.0057887734479756,-5.471005243570364,0,0.0018476051021906,1249,2019-12-31,3.2187251995663413e-18,3.2187251995663413e-18,-0.0127087618528337,0.0126159546100958,0.0,0.0,0.0
2020-03-17,2020-03-18,2020-03-19,net_cashflows,USD,0.99,IN_FHS1250,EUR,-0.005932048700178,0.0068427229605493,0.0089838286888939,-4.9506579989309145,0,0.0021411057283445,1249,2019-12-31,3.2187251995663413e-18,3.2187251995663413e-18,-0.0127087618528337,0.0126159546100958,2020-03-18,2020-03-19,-0.005932048700178,0.0068427229605493,0.0089838286888939,-4.9506579989309145,0,0.0021411057283445,1249,2019-12-31,3.2187251995663413e-18,3.2187251995663413e-18,-0.0127087618528337,0.0126159546100958,0.0,0.0,0.0
2020-03-17,2020-03-18,2020-03-19,funded_assets,EUR,0.95,IN_TCOP1250,EUR,0.0005394339890733,0.0059077817163025,0.0078599975859708,-5.09434257626608,0,0.0019522158696683,16384,2019-12-31,4.506215279392878e-18,4.506215279392878e-18,-0.025136947228362,0.0183396478503882,2020-03-18,2020-03-19,0.0005394339890733,0.0058440737239198,0.0079116560371713,-5.10075185511601,0,0.0020675823132515,65536,2019-12-31,5.381623830380197e-18,5.381623830380197e-18,-0.0258348800951999,0.0215796909217509,0.010901298544873431,0.00652941065154924,0.006409278849929478
2020-03-17,2020-03-18,2020-03-19,funded_assets,EUR,0.99,IN_TCOP1250,EUR,0.0005394339890733,0.0091573811272072,0.0110518439700965,-4.676573985919835,0,0.0018944628428893,16384,2019-12-31,4.506215279392878e-18,4.506215279392878e-18,-0.025136947228362,0.0183396478503882,2020-03-18,2020-03-19,0.0005394339890733,0.0092114926543671,0.0111931163108845,-4.669495799498304,0,0.0019816236565174,65536,2019-12-31,5.381623830380197e-18,5.381623830380197e-18,-0.0258348800951999,0.0215796909217509,0.0058743494882174145,0.012621359133972604,0.0070781864215305745
2020-03-17,2020-03-18,2020-03-19,funded_assets,USD,0.95,IN_TCOP1250,EUR,0.000496048711539,0.0059520743825716,0.0079425760098845,-5.086129214966185,0,0.0019905016273128,16384,2019-12-31,4.506215279392878e-18,4.506215279392878e-18,-0.0242084515094549,0.0188282681682118,2020-03-18,2020-03-19,0.000496048711539,0.0058882086469225,0.0079957921969667,-5.092426434863911,0,0.0021075835500441,65536,2019-12-31,5.381623830380197e-18,5.381623830380197e-18,-0.025351509532048,0.0218869915906525,0.010846377816873073,0.006655524027048709,0.006297219897725803
2020-03-17,2020-03-18,2020-03-19,funded_assets,USD,0.99,IN_TCOP1250,EUR,0.000496048711539,0.0092524202309333,0.0112102311725704,-4.665573430686136,0,0.001957810941637,16384,2019-12-31,4.506215279392878e-18,4.506215279392878e-18,-0.0242084515094549,0.0188282681682118,2020-03-18,2020-03-19,0.000496048711539,0.009323560216762,0.0113531118821945,-4.657029509563977,0,0.0020295516654325,65536,2019-12-31,5.381623830380197e-18,5.381623830380197e-18,-0.025351509532048,0.0218869915906525,0.007630130998757854,0.01258515824618848,0.008543921122158515
2020-03-17,2020-03-18,2020-03-19,net_cashflows,EUR,0.95,IN_TCOP1250,EUR,-0.0060400993204992,0.0038512928990321,0.0052473266648307,-5.516083204997388,0,0.0013960337657986,16384,2019-12-31,4.506215279392878e-18,4.506215279392878e-18,-0.0101243372794651,0.0190501614822696,2020-03-18,2020-03-19,-0.0060400993204992,0.0038491026178672,0.0052103715558811,-5.518365504248238,0,0.0013612689380139,65536,2019-12-31,5.381623830380197e-18,5.381623830380197e-18,-0.0154495841113834,0.0190501614822696,0.0005690368333473016,0.007092605307175813,0.002282299250849995
2020-03-17,2020-03-18,2020-03-19,net_cashflows,EUR,0.99,IN_TCOP1250,EUR,-0.0060400993204992,0.0060740631804325,0.0075979748568859,-5.080441672297329,0,0.0015239116764533,16384,2019-12-31,4.506215279392878e-18,4.506215279392878e-18,-0.0101243372794651,0.0190501614822696,2020-03-18,2020-03-19,-0.0060400993204992,0.0059862200248056,0.007406173033035,-5.097167038234211,0,0.0014199530082294,65536,2019-12-31,5.381623830380197e-18,5.381623830380197e-18,-0.0154495841113834,0.0190501614822696,0.014674227686736707,0.025897561803562244,0.016725365936881786
2020-03-17,2020-03-18,2020-03-19,net_cashflows,USD,0.95,IN_TCOP1250,EUR,-0.005932048700178,0.0038687925959082,0.0052825933587225,-5.510971978651633,0,0.0014138007628142,16384,2019-12-31,4.506215279392878e-18,4.506215279392878e-18,-0.0102546064040301,0.0195402804156929,2020-03-18,2020-03-19,-0.005932048700178,0.0038669825542869,0.0052452836794108,-5.513195558784449,0,0.0013783011251239,65536,2019-12-31,5.381623830380197e-18,5.381623830380197e-18,-0.0152017256186309,0.0195402804156929,0.00046807597290390005,0.007112995519794437,0.002223580132815428
2020-03-17,2020-03-18,2020-03-19,net_cashflows,USD,0.99,IN_TCOP1250,EUR,-0.005932048700178,0.0060831874104761,0.0076626068241989,-5.0775234144733785,0,0.0015794194137228,16384,2019-12-31,4.506215279392878e-18,4.506215279392878e-18,-0.0102546064040301,0.0195402804156929,2020-03-18,2020-03-19,-0.005932048700178,0.0060311698422164,0.0074704249810284,-5.089463799630302,0,0.0014392551388119,65536,2019-12-31,5.381623830380197e-18,5.381623830380197e-18,-0.0152017256186309,0.0195402804156929,0.008624789157087212,0.025725690795176653,0.011940385156923305
2020-03-17,2020-03-18,2020-03-19,funded_assets,EUR,0.95,IN_FHS1250,USD,0.0005394339890733,0.005617206758395,0.0077204024038664,-5.1363092606762955,0,0.0021031956454714,1249,2019-12-31,4.54009659728305e-18,4.54009659728305e-18,-0.0166554985512709,0.0176608051727532,2020-03-18,2020-03-19,0.0005394339890733,0.005617206758395,0.0077204024038664,-5.1363092606762955,0,0.0021031956454714,1249,2019-12-31,4.54009659728305e-18,4.54009659728305e-18,-0.0166554985512709,0.0176608051727532,0.0,0.0,0.0
2020-03-17,2020-03-18,2020-03-19,funded_assets,EUR,0.99,IN_FHS1250,USD,0.0005394339890733,0.0090200234171874,0.0107564542452938,-4.693680836121529,0,0.0017364308281064,1249,2019-12-31,4.54009659728305e-18,4.54009659728305e-18,-0.0166554985512709,0.0176608051727532,2020-03-18,2020-03-19,0.0005394339890733,0.0090200234171874,0.0107564542452938,-4.693680836121529,0,0.0017364308281064,1249,2019-12-31,4.54009659728305e-18,4.54009659728305e-18,-0.0166554985512709,0.0176608051727532,0.0,0.0,0.0
2020-03-17,2020-03-18,2020-03-19,funded_assets,USD,0.95,IN_FHS1250,USD,0.000496048711539,0.0056339468258057,0.0077756765463597,-5.132194471196819,0,0.002141729720554,1249,2019-12-31,4.54009659728305e-18,4.54009659728305e-18,-0.0166010728262418,0.017785668299546,2020-03-18,2020-03-19,0.000496048711539,0.0056339468258057,0.0077756765463597,-5.132194471196819,0,0.002141729720554,1249,2019-12-31,4.54009659728305e-18,4.54009659728305e-18,-0.0166010728262418,0.017785668299546,0.0,0.0,0.0
2020-03-17,2020-03-18,2020-03-19,funded_assets,USD,0.99,IN_FHS1250,USD,0.000496048711539,0.0091552842960976,0.0108639541555437,-4.679583745201963,0,0.001708669859446,1249,2019-12-31,4.54009659728305e-18,4.54009659728305e-18,-0.0166010728262418,0.017785668299546,2020-03-18,2020-03-19,0.000496048711539,0.0091552842960976,0.0108639541555437,-4.679583745201963,0,0.001708669859446,1249,2019-12-31,4.54009659728305e-18,4.54009659728305e-18,-0.0166010728262418,0.017785668299546,0.0,0.0,0.0
2020-03-17,2020-03-18,2020-03-19,net_cashflows,EUR,0.95,IN_FHS1250,USD,-0.0060400993204992,0.004830557635703,0.0068386765417347,-5.278802505616126,0,0.0020081189060317,1249,2019-12-31,4.54009659728305e-18,4.54009659728305e-18,-0.0118659528400897,0.0141543147923508,2020-03-18,2020-03-19,-0.0060400993204992,0.004830557635703,0.0068386765417347,-5.278802505616126,0,0.0020081189060317,1249,2019-12-31,4.54009659728305e-18,4.54009659728305e-18,-0.0118659528400897,0.0141543147923508,0.0,0.0,0.0
2020-03-17,2020-03-18,2020-03-19,net_cashflows,EUR,0.99,IN_FHS1250,USD,-0.0060400993204992,0.0077327062709707,0.0104424823118589,-4.821368347447418,0,0.0027097760408882,1249,2019-12-31,4.54009659728305e-18,4.54009659728305e-18,-0.0118659528400897,0.0141543147923508,2020-03-18,2020-03-19,-0.0060400993204992,0.0077327062709707,0.0104424823118589,-4.821368347447418,0,0.0027097760408882,1249,2019-12-31,4.54009659728305e-18,4.54009659728305e-18,-0.0118659528400897,0.0141543147923508,0.0,0.0,0.0
2020-03-17,2020-03-18,2020-03-19,net_cashflows,USD,0.95,IN_FHS1250,USD,-0.005932048700178,0.0048244676487318,0.0069091814073064,-5.27663504706322,0,0.0020847137585746,1249,2019-12-31,4.54009659728305e-18,4.54009659728305e-18,-0.0116257645524979,0.0141601633201381,2020-03-18,2020-03-19,-0.005932048700178,0.0048244676487318,0.0069091814073064,-5.27663504706322,0,0.0020847137585746,1249,2019-12-31,4.54009659728305e-18,4.54009659728305e-18,-0.0116257645524979,0.0141601633201381,0.0,0.0,0.0
2020-03-17,2020-03-18,2020-03-19,net_cashflows,USD,0.99,IN_FHS1250,USD,-0.005932048700178,0.0076624074828974,0.0106081218457963,-4.823820175391081,0,0.0029457143628989,1249,2019-12-31,4.54009659728305e-18,4.54009659728305e-18,-0.0116257645524979,0.0141601633201381,2020-03-18,2020-03-19,-0.005932048700178,0.0076624074828974,0.0106081218457963,-4.823820175391081,0,0.0029457143628989,1249,2019-12-31,4.54009659728305e-18,4.54009659728305e-18,-0.0116257645524979,0.0141601633201381,0.0,0.0,0.0
2020-03-17,2020-03-18,2020-03-19,funded_assets,EUR,0.95,IN_TCOP1250,USD,0.0005394339890733,0.00607410691909,0.0081962110404221,-5.0629961206596485,0,0.0021221041213321,16384,2019-12-31,4.323256162785949e-18,4.323256162785949e-18,-0.0217103880263704,0.0210243309198815,2020-03-18,2020-03-19,0.0005394339890733,0.0060870485916179,0.0081630375936389,-5.062454671982264,0,0.002075989002021,65536,2019-12-31,5.522654816098039e-18,5.522654816098039e-18,-0.023475580987777,0.0226544737069619,0.0021260997564107984,0.004063860591436027,0.0005414486773842597
2020-03-17,2020-03-18,2020-03-19,funded_assets,EUR,0.99,IN_TCOP1250,USD,0.0005394339890733,0.0096362100360233,0.0116224787459477,-4.6257131225143935,0,0.0019862687099243,16384,2019-12-31,4.323256162785949e-18,4.323256162785949e-18,-0.0217103880263704,0.0210243309198815,2020-03-18,2020-03-19,0.0005394339890733,0.0094947683867761,0.0114588774820901,-4.640395540942073,0,0.0019641090953139,65536,2019-12-31,5.522654816098039e-18,5.522654816098039e-18,-0.023475580987777,0.0226544737069619,0.014896798266737503,0.014277250464829925,0.0146824184276797
2020-03-17,2020-03-18,2020-03-19,funded_assets,USD,0.95,IN_TCOP1250,USD,0.000496048711539,0.0061141632274904,0.0082716654520483,-5.055749855747941,0,0.0021575022245579,16384,2019-12-31,4.323256162785949e-18,4.323256162785949e-18,-0.0210880265611358,0.0211914152125809,2020-03-18,2020-03-19,0.000496048711539,0.0061204776909689,0.0082365776654424,-5.056085307494813,0,0.0021160999744735,65536,2019-12-31,5.522654816098039e-18,5.522654816098039e-18,-0.0227085205842834,0.0230218931248263,0.0010316945502174052,0.004259995841855143,0.0003354517468725504
2020-03-17,2020-03-18,2020-03-19,funded_assets,USD,0.99,IN_TCOP1250,USD,0.000496048711539,0.0097096609843791,0.0117733328879153,-4.617201806894268,0,0.0020636719035361,16384,2019-12-31,4.323256162785949e-18,4.323256162785949e-18,-0.0210880265611358,0.0211914152125809,2020-03-18,2020-03-19,0.000496048711539,0.00958912108175,0.0116004122576739,-4.6300956505184585,0,0.0020112911759238,65536,2019-12-31,5.522654816098039e-18,5.522654816098039e-18,-0.0227085205842834,0.0230218931248263,0.012570484990382555,0.014906421116802002,0.012893843624190104
2020-03-17,2020-03-18,2020-03-19,net_cashflows,EUR,0.95,IN_TCOP1250,USD,-0.0060400993204992,0.004847577221268,0.0067368940066187,-5.280599589911336,0,0.0018893167853507,16384,2019-12-31,4.323256162785949e-18,4.323256162785949e-18,-0.0155939534384107,0.0150609207430907,2020-03-18,2020-03-19,-0.0060400993204992,0.0048178846453827,0.0067866505101233,-5.282891649280941,0,0.0019687658647405,65536,2019-12-31,5.522654816098039e-18,5.522654816098039e-18,-0.0200717316053061,0.018099098076649,0.0061629902064501115,0.007331525828592673,0.0022920593696049707
2020-03-17,2020-03-18,2020-03-19,net_cashflows,EUR,0.99,IN_TCOP1250,USD,-0.0060400993204992,0.0076790392490035,0.0100100869509301,-4.837031874778065,0,0.0023310477019265,16384,2019-12-31,4.323256162785949e-18,4.323256162785949e-18,-0.0155939534384107,0.0150609207430907,2020-03-18,2020-03-19,-0.0060400993204992,0.0077887163600327,0.0102058474409396,-4.821632305753355,0,0.0024171310809069,65536,2019-12-31,5.522654816098039e-18,5.522654816098039e-18,-0.0200717316053061,0.018099098076649,0.014081538723377005,0.019181208727873853,0.015399569024709514
2020-03-17,2020-03-18,2020-03-19,net_cashflows,USD,0.95,IN_TCOP1250,USD,-0.005932048700178,0.004864166773034,0.0067780501873795,-5.2764306941415775,0,0.0019138834143454,16384,2019-12-31,4.323256162785949e-18,4.323256162785949e-18,-0.015446762880729,0.0153090761528941,2020-03-18,2020-03-19,-0.005932048700178,0.0048398827990379,0.0068296393527692,-5.277824790164594,0,0.0019897565537312,65536,2019-12-31,5.522654816098039e-18,5.522654816098039e-18,-0.0188664376217737,0.0182600621603494,0.005017471497641879,0.007553717367049954,0.0013940960230165445
2020-03-17,2020-03-18,2020-03-19,net_cashflows,USD,0.99,IN_TCOP1250,USD,-0.005932048700178,0.0077545722405788,0.0100856620544447,-4.827769544473838,0,0.0023310898138658,16384,2019-12-31,4.323256162785949e-18,4.323256162785949e-18,-0.015446762880729,0.0153090761528941,2020-03-18,2020-03-19,-0.005932048700178,0.0078407662497051,0.010288671293413,-4.8146342320619135,0,0.0024479050437078,65536,2019-12-31,5.522654816098039e-18,5.522654816098039e-18,-0.0188664376217737,0.0182600621603494,0.010993059400226464,0.01973133684407537,0.013135312411924893
2020-03-17,2020-03-18,2020-03-19,funded_assets,EUR,0.95,IN_FHS1250,GBP,0.0005394339890733,0.0059802568631495,0.0084767689452715,-5.064938147300138,0,0.002496512082122,1249,2019-12-31,4.147073309757055e-18,4.147073309757055e-18,-0.0163425591085963,0.0188722250031039,2020-03-18,2020-03-19,0.0005394339890733,0.0059802568631495,0.0084767689452715,-5.064938147300138,0,0.002496512082122,1249,2019-12-31,4.147073309757055e-18,4.147073309757055e-18,-0.0163425591085963,0.0188722250031039,0.0,0.0,0.0
2020-03-17,2020-03-18,2020-03-19,funded_assets,EUR,0.99,IN_FHS1250,GBP,0.0005394339890733,0.0096274881327992,0.0125670425037144,-4.610587363980336,0,0.0029395543709151,1249,2019-12-31,4.147073309757055e-18,4.147073309757055e-18,-0.0163425591085963,0.0188722250031039,2020-03-18,2020-03-19,0.0005394339890733,0.0096274881327992,0.0125670425037144,-4.610587363980336,0,0.0029395543709151,1249,2019-12-31,4.147073309757055e-18,4.147073309757055e-18,-0.0163425591085963,0.0188722250031039,0.0,0.0,0.0
2020-03-17,2020-03-18,2020-03-19,funded_assets,USD,0.95,IN_FHS1250,GBP,0.000496048711539,0.0061183291924251,0.0085803110982807,-5.045218981866856,0,0.0024619819058555,1249,2019-12-31,4.147073309757055e-18,4.147073309757055e-18,-0.0160456392716936,0.0189927151510304,2020-03-18,2020-03-19,0.000496048711539,0.0061183291924251,0.0085803110982807,-5.045218981866856,0,0.0024619819058555,1249,2019-12-31,4.147073309757055e-18,4.147073309757055e-18,-0.0160456392716936,0.0189927151510304,0.0,0.0,0.0
2020-03-17,2020-03-18,2020-03-19,funded_assets,USD,0.99,IN_FHS1250,GBP,0.000496048711539,0.0098249983772095,0.0127952671546827,-4.59081801209049,0,0.0029702687774732,1249,2019-12-31,4.147073309757055e-18,4.147073309757055e-18,-0.0160456392716936,0.0189927151510304,2020-03-18,2020-03-19,0.000496048711539,0.0098249983772095,0.0127952671546827,-4.59081801209049,0,0.0029702687774732,1249,2019-12-31,4.147073309757055e-18,4.147073309757055e-18,-0.0160456392716936,0.0189927151510304,0.0,0.0,0.0
2020-03-17,2020-03-18,2020-03-19,net_cashflows,EUR,0.95,IN_FHS1250,GBP,-0.0060400993204992,0.0056586568048525,0.0078208062163062,-5.127428825343383,0,0.0021621494114537,1249,2019-12-31,4.147073309757055e-18,4.147073309757055e-18,-0.0159229146199333,0.0165160106829215,2020-03-18,2020-03-19,-0.0060400993204992,0.0056586568048525,0.0078208062163062,-5.127428825343383,0,0.0021621494114537,1249,2019-12-31,4.147073309757055e-18,4.147073309757055e-18,-0.0159229146199333,0.0165160106829215,0.0,0.0,0.0
2020-03-17,2020-03-18,2020-03-19,net_cashflows,EUR,0.99,IN_FHS1250,GBP,-0.0060400993204992,0.0091281901708011,0.0116369494893554,-4.6691555922900365,0,0.0025087593185542,1249,2019-12-31,4.147073309757055e-18,4.147073309757055e-18,-0.0159229146199333,0.0165160106829215,2020-03-18,2020-03-19,-0.0060400993204992,0.0091281901708011,0.0116369494893554,-4.6691555922900365,0,0.0025087593185542,1249,2019-12-31,4.147073309757055e-18,4.147073309757055e-18,-0.0159229146199333,0.0165160106829215,0.0,0.0,0.0
2020-03-17,2020-03-18,2020-03-19,net_cashflows,USD,0.95,IN_FHS1250,GBP,-0.005932048700178,0.0056871219705088,0.0079025460962196,-5.12091336245018,0,0.0022154241257107,1249,2019-12-31,4.147073309757055e-18,4.147073309757055e-18,-0.0155065386498931,0.0172207818875954,2020-03-18,2020-03-19,-0.005932048700178,0.0056871219705088,0.0079025460962196,-5.12091336245018,0,0.0022154241257107,1249,2019-12-31,4.147073309757055e-18,4.147073309757055e-18,-0.0155065386498931,0.0172207818875954,0.0,0.0,0.0
2020-03-17,2020-03-18,2020-03-19,net_cashflows,USD,0.99,IN_FHS1250,GBP,-0.005932048700178,0.0093480730326856,0.0118887726890437,-4.645866593858001,0,0.0025406996563581,1249,2019-12-31,4.147073309757055e-18,4.147073309757055e-18,-0.0155065386498931,0.0172207818875954,2020-03-18,2020-03-19,-0.005932048700178,0.0093480730326856,0.0118887726890437,-4.645866593858001,0,0.0025406996563581,1249,2019-12-31,4.147073309757055e-18,4.147073309757055e-18,-0.0155065386498931,0.0172207818875954,0.0,0.0,0.0
2020-03-17,2020-03-18,2020-03-19,funded_assets,EUR,0.95,IN_TCOP1250,GBP,0.0005394339890733,0.0064746491228629,0.0094447837500617,-4.976766218949503,0,0.0029701346271987,16384,2019-12-31,6.722053469410128e-18,6.722053469410128e-18,-0.030181333781086,0.0349639293669652,2020-03-18,2020-03-19,0.0005394339890733,0.0065629252121656,0.0093772053610748,-4.969592779211236,0,0.0028142801489092,65536,2019-12-31,8.348356728138384e-18,8.348356728138384e-18,-0.0328067692396319,0.0443406277017235,0.013450723031105649,0.007206666206482086,0.007173439738267007
2020-03-17,2020-03-18,2020-03-19,funded_assets,EUR,0.99,IN_TCOP1250,GBP,0.0005394339890733,0.0111271342361712,0.0147127643953778,-4.462748636011655,0,0.0035856301592065,16384,2019-12-31,6.722053469410128e-18,6.722053469410128e-18,-0.030181333781086,0.0349639293669652,2020-03-18,2020-03-19,0.0005394339890733,0.0109293883976649,0.0142079578940715,-4.48470891301576,0,0.0032785694964066,65536,2019-12-31,8.348356728138384e-18,8.348356728138384e-18,-0.0328067692396319,0.0443406277017235,0.018093037900322868,0.035529842153948034,0.021960277004104967
2020-03-17,2020-03-18,2020-03-19,funded_assets,USD,0.95,IN_TCOP1250,GBP,0.000496048711539,0.0065143227310008,0.0095757846091503,-4.968226527701738,0,0.0030614618781494,16384,2019-12-31,6.722053469410128e-18,6.722053469410128e-18,-0.0285643040651265,0.0367265151794062,2020-03-18,2020-03-19,0.000496048711539,0.0066019112926402,0.0095048767256341,-4.961368797879638,0,0.0029029654329938,65536,2019-12-31,8.348356728138384e-18,8.348356728138384e-18,-0.0316510452992508,0.0463920113102313,0.0132671521559284,0.007460158144393946,0.006857729822099756
2020-03-17,2020-03-18,2020-03-19,funded_assets,USD,0.99,IN_TCOP1250,GBP,0.000496048711539,0.0113041385402205,0.015031095060484,-4.445583986706112,0,0.0037269565202634,16384,2019-12-31,6.722053469410128e-18,6.722053469410128e-18,-0.0285643040651265,0.0367265151794062,2020-03-18,2020-03-19,0.000496048711539,0.0110476926804318,0.0144956078983739,-4.471768883840692,0,0.0034479152179421,65536,2019-12-31,8.348356728138384e-18,8.348356728138384e-18,-0.0316510452992508,0.0463920113102313,0.02321261707821839,0.03694133877408269,0.02618489713457972
2020-03-17,2020-03-18,2020-03-19,net_cashflows,EUR,0.95,IN_TCOP1250,GBP,-0.0060400993204992,0.0055158702411475,0.0075096836280459,-5.157060926648097,0,0.0019938133868984,16384,2019-12-31,6.722053469410128e-18,6.722053469410128e-18,-0.0234460592838697,0.0200556299838843,2020-03-18,2020-03-19,-0.0060400993204992,0.005477222359446,0.0075655884877786,-5.160179999858539,0,0.0020883661283325,65536,2019-12-31,8.348356728138384e-18,8.348356728138384e-18,-0.0390720233498136,0.0304325842597145,0.007056109678448265,0.007389360368067733,0.003119073210442025
2020-03-17,2020-03-18,2020-03-19,net_cashflows,EUR,0.99,IN_TCOP1250,GBP,-0.0060400993204992,0.0087162800425377,0.0106269806349386,-4.7241562963669,0,0.0019107005924008,16384,2019-12-31,6.722053469410128e-18,6.722053469410128e-18,-0.0234460592838697,0.0200556299838843,2020-03-18,2020-03-19,-0.0060400993204992,0.0088515915131254,0.0110187700945077,-4.704835712470853,0,0.0021671785813823,65536,2019-12-31,8.348356728138384e-18,8.348356728138384e-18,-0.0390720233498136,0.0304325842597145,0.015286682670235741,0.035556550886236125,0.019320583896046628
2020-03-17,2020-03-18,2020-03-19,net_cashflows,USD,0.95,IN_TCOP1250,GBP,-0.005932048700178,0.0055245587441604,0.0075635137781911,-5.153997162301393,0,0.0020389550340307,16384,2019-12-31,6.722053469410128e-18,6.722053469410128e-18,-0.0229944885098429,0.0201558081460946,2020-03-18,2020-03-19,-0.005932048700178,0.0054963023038401,0.0076229012135406,-5.1555732507868335,0,0.0021265989097004,65536,2019-12-31,8.348356728138384e-18,8.348356728138384e-18,-0.0352740878384165,0.0309163101849499,0.005140990935043404,0.0077906604960339045,0.00157608848544033
2020-03-17,2020-03-18,2020-03-19,net_cashflows,USD,0.99,IN_TCOP1250,GBP,-0.005932048700178,0.0087862046499211,0.0107469776981668,-4.715579495600505,0,0.0019607730482457,16384,2019-12-31,6.722053469410128e-18,6.722053469410128e-18,-0.0229944885098429,0.0201558081460946,2020-03-18,2020-03-19,-0.005932048700178,0.0089392332678473,0.0111616336327526,-4.694383621132465,0,0.0022224003649053,65536,2019-12-31,8.348356728138384e-18,8.348356728138384e-18,-0.0352740878384165,0.0309163101849499,0.017118763247471542,0.03715011155437288,0.021195874468039833
2020-03-17,2020-03-18,2020-03-19,funded_assets,EUR,0.95,IN_FHS1250,JPY,0.0005394339890733,0.0058076769246346,0.0084557435002778,-5.08607716271186,0,0.0026480665756432,1249,2019-12-31,4.391018798566293e-18,4.391018798566293e-18,-0.0175690703817787,0.017131784951414,2020-03-18,2020-03-19,0.0005394339890733,0.0058076769246346,0.0084557435002778,-5.08607716271186,0,0.0026480665756432,1249,2019-12-31,4.391018798566293e-18,4.391018798566293e-18,-0.0175690703817787,0.017131784951414,0.0,0.0,0.0
2020-03-17,2020-03-18,2020-03-19,funded_assets,EUR,0.99,IN_FHS1250,JPY,0.0005394339890733,0.0099256769456524,0.0127067135410207,-4.584488362579815,0,0.0027810365953682,1249,2019-12-31,4.391018798566293e-18,4.391018798566293e-18,-0.0175690703817787,0.017131784951414,2020-03-18,2020-03-19,0.0005394339890733,0.0099256769456524,0.0127067135410207,-4.584488362579815,0,0.0027810365953682,1249,2019-12-31,4.391018798566293e-18,4.391018798566293e-18,-0.0175690703817787,0.017131784951414,0.0,0.0,0.0
2020-03-17,2020-03-18,2020-03-19,funded_assets,USD,0.95,IN_FHS1250,JPY,0.000496048711539,0.0058793271995591,0.0085733529199417,-5.073328836910129,0,0.0026940257203825,1249,2019-12-31,4.391018798566293e-18,4.391018798566293e-18,-0.0169923459661942,0.0176893126217118,2020-03-18,2020-03-19,0.000496048711539,0.0058793271995591,0.0085733529199417,-5.073328836910129,0,0.0026940257203825,1249,2019-12-31,4.391018798566293e-18,4.391018798566293e-18,-0.0169923459661942,0.0176893126217118,0.0,0.0,0.0
2020-03-17,2020-03-18,2020-03-19,funded_assets,USD,0.99,IN_FHS1250,JPY,0.000496048711539,0.0101012006118131,0.0129849282366595,-4.566048637624059,0,0.0028837276248463,1249,2019-12-31,4.391018798566293e-18,4.391018798566293e-18,-0.0169923459661942,0.0176893126217118,2020-03-18,2020-03-19,0.000496048711539,0.0101012006118131,0.0129849282366595,-4.566048637624059,0,0.0028837276248463,1249,2019-12-31,4.391018798566293e-18,4.391018798566293e-18,-0.0169923459661942,0.0176893126217118,0.0,0.0,0.0
2020-03-17,2020-03-18,2020-03-19,net_cashflows,EUR,0.95,IN_FHS1250,JPY,-0.0060400993204992,0.005416061672123,0.0074889574590891,-5.171119321123548,0,0.0020728957869661,1249,2019-12-31,4.391018798566293e-18,4.391018798566293e-18,-0.0124050716554511,0.014758865741233,2020-03-18,2020-03-19,-0.0060400993204992,0.005416061672123,0.0074889574590891,-5.171119321123548,0,0.0020728957869661,1249,2019-12-31,4.391018798566293e-18,4.391018798566293e-18,-0.0124050716554511,0.014758865741233,0.0,0.0,0.0
2020-03-17,2020-03-18,2020-03-19,net_cashflows,EUR,0.99,IN_FHS1250,JPY,-0.0060400993204992,0.0085678990923999,0.0113716283021451,-4.723188541890021,0,0.0028037292097452,1249,2019-12-31,4.391018798566293e-18,4.391018798566293e-18,-0.0124050716554511,0.014758865741233,2020-03-18,2020-03-19,-0.0060400993204992,0.0085678990923999,0.0113716283021451,-4.723188541890021,0,0.0028037292097452,1249,2019-12-31,4.391018798566293e-18,4.391018798566293e-18,-0.0124050716554511,0.014758865741233,0.0,0.0,0.0
2020-03-17,2020-03-18,2020-03-19,net_cashflows,USD,0.95,IN_FHS1250,JPY,-0.005932048700178,0.0054392112828368,0.0076009421862537,-5.1638860862879845,0,0.0021617309034168,1249,2019-12-31,4.391018798566293e-18,4.391018798566293e-18,-0.0121913271640309,0.015615956490965,2020-03-18,2020-03-19,-0.005932048700178,0.0054392112828368,0.0076009421862537,-5.1638860862879845,0,0.0021617309034168,1249,2019-12-31,4.391018798566293e-18,4.391018798566293e-18,-0.0121913271640309,0.015615956490965,0.0,0.0,0.0
2020-03-17,2020-03-18,2020-03-19,net_cashflows,USD,0.99,IN_FHS1250,JPY,-0.005932048700178,0.0086883224353599,0.011651973349335,-4.7066272805305,0,0.0029636509139751,1249,2019-12-31,4.391018798566293e-18,4.391018798566293e-18,-0.0121913271640309,0.015615956490965,2020-03-18,2020-03-19,-0.005932048700178,0.0086883224353599,0.011651973349335,-4.7066272805305,0,0.0029636509139751,1249,2019-12-31,4.391018798566293e-18,4.391018798566293e-18,-0.0121913271640309,0.015615956490965,0.0,0.0,0.0
2020-03-17,2020-03-18,2020-03-19,funded_assets,EUR,0.95,IN_TCOP1250,JPY,0.0005394339890733,0.0063175040471751,0.0086068225486813,-5.02118888223539,0,0.0022893185015062,16384,2019-12-31,6.783039841612437e-18,6.783039841612437e-18,-0.024639534864927,0.0221834287370867,2020-03-18,2020-03-19,0.0005394339890733,0.0063539648616476,0.0085878769055494,-5.0175276336003565,0,0.0022339120439018,65536,2019-12-31,7.94178091345632e-18,7.94178091345632e-18,-0.0325882488057362,0.0245479975115094,0.005738277637098199,0.002206091603345765,0.003661248635033587
2020-03-17,2020-03-18,2020-03-19,funded_assets,EUR,0.99,IN_TCOP1250,JPY,0.0005394339890733,0.0099865332387277,0.012290382108132,-4.586389627212351,0,0.0023038488694042,16384,2019-12-31,6.783039841612437e-18,6.783039841612437e-18,-0.024639534864927,0.0221834287370867,2020-03-18,2020-03-19,0.0005394339890733,0.0099379642894116,0.0121684743671571,-4.592209100686466,0,0.0022305100777454,65536,2019-12-31,7.94178091345632e-18,7.94178091345632e-18,-0.0325882488057362,0.0245479975115094,0.004887213105389001,0.01001832582266281,0.005819473474114822
2020-03-17,2020-03-18,2020-03-19,funded_assets,USD,0.95,IN_TCOP1250,JPY,0.000496048711539,0.0063633610417494,0.0087134247925767,-5.012596455278437,0,0.0023500637508273,16384,2019-12-31,6.783039841612437e-18,6.783039841612437e-18,-0.024122735488051,0.0229680011763437,2020-03-18,2020-03-19,0.000496048711539,0.0063961951678852,0.008695426322855,-5.009376552100227,0,0.0022992311549697,65536,2019-12-31,7.94178091345632e-18,7.94178091345632e-18,-0.0313212516312534,0.0255087922185942,0.005133384031284412,0.002069877778665314,0.0032199031782091936
2020-03-17,2020-03-18,2020-03-19,funded_assets,USD,0.99,IN_TCOP1250,JPY,0.000496048711539,0.0101517002024931,0.0125152924139797,-4.56966032067383,0,0.0023635922114866,16384,2019-12-31,6.783039841612437e-18,6.783039841612437e-18,-0.024122735488051,0.0229680011763437,2020-03-18,2020-03-19,0.000496048711539,0.0100640520729153,0.0123904152519421,-4.578587130426564,0,0.0023263631790268,65536,2019-12-31,7.94178091345632e-18,7.94178091345632e-18,-0.0313212516312534,0.0255087922185942,0.0087090298164973,0.010078529209747633,0.008926809752733966
2020-03-17,2020-03-18,2020-03-19,net_cashflows,EUR,0.95,IN_TCOP1250,JPY,-0.0060400993204992,0.0053298747203765,0.0074929075918988,-5.182475732167028,0,0.0021630328715222,16384,2019-12-31,6.783039841612437e-18,6.783039841612437e-18,-0.0166906305477964,0.0173841407481082,2020-03-18,2020-03-19,-0.0060400993204992,0.005368976321716,0.007516484157174,-5.176363210078705,0,0.002147507835458,65536,2019-12-31,7.94178091345632e-18,7.94178091345632e-18,-0.0187741075395969,0.0189748860215384,0.007282878335921411,0.0031366480367949127,0.006112522088322692
2020-03-17,2020-03-18,2020-03-19,net_cashflows,EUR,0.99,IN_TCOP1250,JPY,-0.0060400993204992,0.0085235308514102,0.0111472791869279,-4.7319310170949915,0,0.0026237483355176,16384,2019-12-31,6.783039841612437e-18,6.783039841612437e-18,-0.0166906305477964,0.0173841407481082,2020-03-18,2020-03-19,-0.0060400993204992,0.0085673903822099,0.0112531200975054,-4.725775185109514,0,0.0026857297152954,65536,2019-12-31,7.94178091345632e-18,7.94178091345632e-18,-0.0187741075395969,0.0189748860215384,0.005119357102108183,0.00940547240768921,0.006155831985477533
2020-03-17,2020-03-18,2020-03-19,net_cashflows,USD,0.95,IN_TCOP1250,JPY,-0.005932048700178,0.0053775865640054,0.0075806756258025,-5.172772041906508,0,0.0022030890617971,16384,2019-12-31,6.783039841612437e-18,6.783039841612437e-18,-0.0162489499885625,0.0182140809328466,2020-03-18,2020-03-19,-0.005932048700178,0.0054184863349075,0.0076026483669374,-5.166548252488083,0,0.0021841620320298,65536,2019-12-31,7.94178091345632e-18,7.94178091345632e-18,-0.0182490865715053,0.0188512259942267,0.007548191205837684,0.002890143023114822,0.006223789418425163
2020-03-17,2020-03-18,2020-03-19,net_cashflows,USD,0.99,IN_TCOP1250,JPY,-0.005932048700178,0.0086007345054693,0.0113400843998222,-4.720974986584876,0,0.0027393498943528,16384,2019-12-31,6.783039841612437e-18,6.783039841612437e-18,-0.0162489499885625,0.0182140809328466,2020-03-18,2020-03-19,-0.005932048700178,0.0086436747188542,0.0114475313346417,-4.714912291363564,0,0.0028038566157874,65536,2019-12-31,7.94178091345632e-18,7.94178091345632e-18,-0.0182490865715053,0.0188512259942267,0.004967819218281752,0.009386035441051993,0.0060626952213116425
2020-03-17,2020-03-18,2020-03-19,funded_assets,EUR,0.95,IN_FHS1250,CHF,0.0005394339890733,0.0059930408344643,0.0082874684011216,-5.069865796942895,0,0.0022944275666572,1249,2019-12-31,4.662069341687669e-18,4.662069341687669e-18,-0.015177079954819,0.0162889498363078,2020-03-18,2020-03-19,0.0005394339890733,0.0059930408344643,0.0082874684011216,-5.069865796942895,0,0.0022944275666572,1249,2019-12-31,4.662069341687669e-18,4.662069341687669e-18,-0.015177079954819,0.0162889498363078,0.0,0.0,0.0
2020-03-17,2020-03-18,2020-03-19,funded_assets,EUR,0.99,IN_FHS1250,CHF,0.0005394339890733,0.0096415634309105,0.0121615935162039,-4.616684527242993,0,0.0025200300852933,1249,2019-12-31,4.662069341687669e-18,4.662069341687669e-18,-0.015177079954819,0.0162889498363078,2020-03-18,2020-03-19,0.0005394339890733,0.0096415634309105,0.0121615935162039,-4.616684527242993,0,0.0025200300852933,1249,2019-12-31,4.662069341687669e-18,4.662069341687669e-18,-0.015177079954819,0.0162889498363078,0.0,0.0,0.0
2020-03-17,2020-03-18,2020-03-19,funded_assets,USD,0.95,IN_FHS1250,CHF,0.000496048711539,0.0060834275564678,0.0083845806375513,-5.05581148576895,0,0.0023011530810834,1249,2019-12-31,4.662069341687669e-18,4.662069341687669e-18,-0.0147490719697971,0.0169095939819936,2020-03-18,2020-03-19,0.000496048711539,0.0060834275564678,0.0083845806375513,-5.05581148576895,0,0.0023011530810834,1249,2019-12-31,4.662069341687669e-18,4.662069341687669e-18,-0.0147490719697971,0.0169095939819936,0.0,0.0,0.0
2020-03-17,2020-03-18,2020-03-19,funded_assets,USD,0.99,IN_FHS1250,CHF,0.000496048711539,0.0097188493934706,0.012344637446386,-4.60724030275966,0,0.0026257880529153,1249,2019-12-31,4.662069341687669e-18,4.662069341687669e-18,-0.0147490719697971,0.0169095939819936,2020-03-18,2020-03-19,0.000496048711539,0.0097188493934706,0.012344637446386,-4.60724030275966,0,0.0026257880529153,1249,2019-12-31,4.662069341687669e-18,4.662069341687669e-18,-0.0147490719697971,0.0169095939819936,0.0,0.0,0.0
2020-03-17,2020-03-18,2020-03-19,net_cashflows,EUR,0.95,IN_FHS1250,CHF,-0.0060400993204992,0.0044554694808846,0.0063401777288838,-5.358112739107307,0,0.0018847082479992,1249,2019-12-31,4.662069341687669e-18,4.662069341687669e-18,-0.0129685371874032,0.0128459198188465,2020-03-18,2020-03-19,-0.0060400993204992,0.0044554694808846,0.0063401777288838,-5.358112739107307,0,0.0018847082479992,1249,2019-12-31,4.662069341687669e-18,4.662069341687669e-18,-0.0129685371874032,0.0128459198188465,0.0,0.0,0.0
2020-03-17,2020-03-18,2020-03-19,net_cashflows,EUR,0.99,IN_FHS1250,CHF,-0.0060400993204992,0.0074559990471443,0.0097322588010269,-4.866197385689505,0,0.0022762597538825,1249,2019-12-31,4.662069341687669e-18,4.662069341687669e-18,-0.0129685371874032,0.0128459198188465,2020-03-18,2020-03-19,-0.0060400993204992,0.0074559990471443,0.0097322588010269,-4.866197385689505,0,0.0022762597538825,1249,2019-12-31,4.662069341687669e-18,4.662069341687669e-18,-0.0129685371874032,0.0128459198188465,0.0,0.0,0.0
2020-03-17,2020-03-18,2020-03-19,net_cashflows,USD,0.95,IN_FHS1250,CHF,-0.005932048700178,0.0044255423476394,0.0064190023020628,-5.359048620939996,0,0.0019934599544233,1249,2019-12-31,4.662069341687669e-18,4.662069341687669e-18,-0.0126838193190904,0.0132634204340011,2020-03-18,2020-03-19,-0.005932048700178,0.0044255423476394,0.0064190023020628,-5.359048620939996,0,0.0019934599544233,1249,2019-12-31,4.662069341687669e-18,4.662069341687669e-18,-0.0126838193190904,0.0132634204340011,0.0,0.0,0.0
2020-03-17,2020-03-18,2020-03-19,net_cashflows,USD,0.99,IN_FHS1250,CHF,-0.005932048700178,0.0075083170437751,0.0099129062533277,-4.8564892765400085,0,0.0024045892095525,1249,2019-12-31,4.662069341687669e-18,4.662069341687669e-18,-0.0126838193190904,0.0132634204340011,2020-03-18,2020-03-19,-0.005932048700178,0.0075083170437751,0.0099129062533277,-4.8564892765400085,0,0.0024045892095525,1249,2019-12-31,4.662069341687669e-18,4.662069341687669e-18,-0.0126838193190904,0.0132634204340011,0.0,0.0,0.0
2020-03-17,2020-03-18,2020-03-19,funded_assets,EUR,0.95,IN_TCOP1250,CHF,0.0005394339890733,0.0061662289095237,0.0082618518698112,-5.04975703168058,0,0.0020956229602874,16384,2019-12-31,6.051203375184722e-18,6.051203375184722e-18,-0.0198972050292815,0.0206153607578075,2020-03-18,2020-03-19,0.0005394339890733,0.0061907350235151,0.0082450684606047,-5.047299071204622,0,0.0020543334370895,65536,2019-12-31,6.051203375184722e-18,6.051203375184722e-18,-0.0198972050292815,0.021703148712997,0.003958514441066419,0.002035569417851596,0.002457960475958032
2020-03-17,2020-03-18,2020-03-19,funded_assets,EUR,0.99,IN_TCOP1250,CHF,0.0005394339890733,0.0094748215596951,0.0115567910660597,-4.640633220149224,0,0.0020819695063646,16384,2019-12-31,6.051203375184722e-18,6.051203375184722e-18,-0.0198972050292815,0.0206153607578075,2020-03-18,2020-03-19,0.0005394339890733,0.0094670541481896,0.0114264311716634,-4.64330368597046,0,0.0019593770234738,65536,2019-12-31,6.051203375184722e-18,6.051203375184722e-18,-0.0198972050292815,0.021703148712997,0.0008204676326886464,0.011408627281594433,0.002670465821235979
2020-03-17,2020-03-18,2020-03-19,funded_assets,USD,0.95,IN_TCOP1250,CHF,0.000496048711539,0.0062197610404526,0.0083577090902592,-5.0403764333250685,0,0.0021379480498066,16384,2019-12-31,6.051203375184722e-18,6.051203375184722e-18,-0.0191984549641962,0.0212796291410329,2020-03-18,2020-03-19,0.000496048711539,0.0062319712859652,0.0083391761138464,-5.039478266495394,0,0.0021072048278811,65536,2019-12-31,6.051203375184722e-18,6.051203375184722e-18,-0.0194376519724817,0.0222739109783051,0.0019592910416801135,0.00222239897080828,0.0008981668296748069
2020-03-17,2020-03-18,2020-03-19,funded_assets,USD,0.99,IN_TCOP1250,CHF,0.000496048711539,0.0096098717467743,0.0117419129268308,-4.626165821381361,0,0.0021320411800565,16384,2019-12-31,6.051203375184722e-18,6.051203375184722e-18,-0.0191984549641962,0.0212796291410329,2020-03-18,2020-03-19,0.000496048711539,0.0095847673190897,0.0116108130480728,-4.6303149118141524,0,0.002026045728983,65536,2019-12-31,6.051203375184722e-18,6.051203375184722e-18,-0.0194376519724817,0.0222739109783051,0.002619200534435462,0.01129118849947893,0.00414909043279188
2020-03-17,2020-03-18,2020-03-19,net_cashflows,EUR,0.95,IN_TCOP1250,CHF,-0.0060400993204992,0.004498812710786,0.0060687775700837,-5.363293485990169,0,0.0015699648592976,16384,2019-12-31,6.051203375184722e-18,6.051203375184722e-18,-0.0154028303639872,0.0135220107159452,2020-03-18,2020-03-19,-0.0060400993204992,0.0044954383884684,0.0060639775594335,-5.364054399798358,0,0.0015685391709651,65536,2019-12-31,6.051203375184722e-18,6.051203375184722e-18,-0.016161399605939,0.0205693168798292,0.0007506102911466573,0.0007915614138004839,0.000760913808189656
2020-03-17,2020-03-18,2020-03-19,net_cashflows,EUR,0.99,IN_TCOP1250,CHF,-0.0060400993204992,0.0070835702092395,0.0085777957288979,-4.932775217600401,0,0.0014942255196584,16384,2019-12-31,6.051203375184722e-18,6.051203375184722e-18,-0.0154028303639872,0.0135220107159452,2020-03-18,2020-03-19,-0.0060400993204992,0.0069870892764362,0.0085981033867544,-4.943582180186917,0,0.0016110141103181,65536,2019-12-31,6.051203375184722e-18,6.051203375184722e-18,-0.016161399605939,0.0205693168798292,0.01380845857067835,0.002361876444494178,0.010806962586515922
2020-03-17,2020-03-18,2020-03-19,net_cashflows,USD,0.95,IN_TCOP1250,CHF,-0.005932048700178,0.0045280203734437,0.0061239693005887,-5.35615175858595,0,0.001595948927145,16384,2019-12-31,6.051203375184722e-18,6.051203375184722e-18,-0.0150498585605745,0.0138864659963528,2020-03-18,2020-03-19,-0.005932048700178,0.0045292018997102,0.0061190708769123,-5.356166969615661,0,0.0015898689772021,65536,2019-12-31,6.051203375184722e-18,6.051203375184722e-18,-0.0158368157194937,0.0206338264107369,0.0002608685354863516,0.0008005175581283433,1.521102971047128e-05
2020-03-17,2020-03-18,2020-03-19,net_cashflows,USD,0.99,IN_TCOP1250,CHF,-0.005932048700178,0.0071790737373524,0.0086831621120523,-4.919588485413536,0,0.0015040883746999,16384,2019-12-31,6.051203375184722e-18,6.051203375184722e-18,-0.0150498585605745,0.0138864659963528,2020-03-18,2020-03-19,-0.005932048700178,0.007093941994362,0.0087046348832771,-4.928938185251799,0,0.0016106928889151,65536,2019-12-31,6.051203375184722e-18,6.051203375184722e-18,-0.0158368157194937,0.0206338264107369,0.012000625753362405,0.0024668204367828497,0.00934969983826317
2020-03-17,2020-03-18,2020-03-19,funded_assets,EUR,0.95,IN_FHS_REF_POOL,ALL_FIVE,0.0005394339890733,0.0058482865498317,0.0081387858063322,-5.092544368178065,0,0.0022904992565005,6245,2019-12-31,0.0,0.0,-0.0175690703817787,0.0188722250031039,2020-03-18,2020-03-19,0.0005394339890733,0.0058482865498317,0.0081387858063322,-5.092544368178065,0,0.0022904992565005,6245,2019-12-31,0.0,0.0,-0.0175690703817787,0.0188722250031039,0.0,0.0,0.0
2020-03-17,2020-03-18,2020-03-19,funded_assets,EUR,0.99,IN_FHS_REF_POOL,ALL_FIVE,0.0005394339890733,0.0092320771597269,0.0119392300359719,-4.654670002683355,0,0.0027071528762449,6245,2019-12-31,0.0,0.0,-0.0175690703817787,0.0188722250031039,2020-03-18,2020-03-19,0.0005394339890733,0.0092320771597269,0.0119392300359719,-4.654670002683355,0,0.0027071528762449,6245,2019-12-31,0.0,0.0,-0.0175690703817787,0.0188722250031039,0.0,0.0,0.0
2020-03-17,2020-03-18,2020-03-19,funded_assets,USD,0.95,IN_FHS_REF_POOL,ALL_FIVE,0.000496048711539,0.0058806615644994,0.0082301239076222,-5.085425286697872,0,0.0023494623431227,6245,2019-12-31,0.0,0.0,-0.0169923459661942,0.0189927151510304,2020-03-18,2020-03-19,0.000496048711539,0.0058806615644994,0.0082301239076222,-5.085425286697872,0,0.0023494623431227,6245,2019-12-31,0.0,0.0,-0.0169923459661942,0.0189927151510304,0.0,0.0,0.0
2020-03-17,2020-03-18,2020-03-19,funded_assets,USD,0.99,IN_FHS_REF_POOL,ALL_FIVE,0.000496048711539,0.0093815469797153,0.0121346204290176,-4.638570310209106,0,0.0027530734493023,6245,2019-12-31,0.0,0.0,-0.0169923459661942,0.0189927151510304,2020-03-18,2020-03-19,0.000496048711539,0.0093815469797153,0.0121346204290176,-4.638570310209106,0,0.0027530734493023,6245,2019-12-31,0.0,0.0,-0.0169923459661942,0.0189927151510304,0.0,0.0,0.0
2020-03-17,2020-03-18,2020-03-19,net_cashflows,EUR,0.95,IN_FHS_REF_POOL,ALL_FIVE,-0.0060400993204992,0.0049186066621073,0.0069524867520127,-5.261195822049713,0,0.0020338800899053,6245,2019-12-31,0.0,0.0,-0.0159229146199333,0.0165160106829215,2020-03-18,2020-03-19,-0.0060400993204992,0.0049186066621073,0.0069524867520127,-5.261195822049713,0,0.0020338800899053,6245,2019-12-31,0.0,0.0,-0.0159229146199333,0.0165160106829215,0.0,0.0,0.0
2020-03-17,2020-03-18,2020-03-19,net_cashflows,EUR,0.99,IN_FHS_REF_POOL,ALL_FIVE,-0.0060400993204992,0.0082974945060733,0.0105678726500303,-4.764774527647512,0,0.002270378143957,6245,2019-12-31,0.0,0.0,-0.0159229146199333,0.0165160106829215,2020-03-18,2020-03-19,-0.0060400993204992,0.0082974945060733,0.0105678726500303,-4.764774527647512,0,0.002270378143957,6245,2019-12-31,0.0,0.0,-0.0159229146199333,0.0165160106829215,0.0,0.0,0.0
2020-03-17,2020-03-18,2020-03-19,net_cashflows,USD,0.95,IN_FHS_REF_POOL,ALL_FIVE,-0.005932048700178,0.0049338842035183,0.0070349461483768,-5.255525943789102,0,0.0021010619448585,6245,2019-12-31,0.0,0.0,-0.0155065386498931,0.0172207818875954,2020-03-18,2020-03-19,-0.005932048700178,0.0049338842035183,0.0070349461483768,-5.255525943789102,0,0.0021010619448585,6245,2019-12-31,0.0,0.0,-0.0155065386498931,0.0172207818875954,0.0,0.0,0.0
2020-03-17,2020-03-18,2020-03-19,net_cashflows,USD,0.99,IN_FHS_REF_POOL,ALL_FIVE,-0.005932048700178,0.0083988492626703,0.0107774845980446,-4.7510002079763165,0,0.0023786353353742,6245,2019-12-31,0.0,0.0,-0.0155065386498931,0.0172207818875954,2020-03-18,2020-03-19,-0.005932048700178,0.0083988492626703,0.0107774845980446,-4.7510002079763165,0,0.0023786353353742,6245,2019-12-31,0.0,0.0,-0.0155065386498931,0.0172207818875954,0.0,0.0,0.0
2020-03-17,2020-03-18,2020-03-19,funded_assets,EUR,0.95,IN_TCOP_REF_POOL,ALL_FIVE,0.0005394339890733,0.0061862247167372,0.0084838291040467,-5.040415011174536,0,0.0022976043873095,81920,2019-12-31,0.0,0.0,-0.030181333781086,0.0349639293669652,2020-03-18,2020-03-19,0.0005394339890733,0.0062049987455901,0.0084697658969812,-5.038646713111414,0,0.0022647671513911,327680,2019-12-31,0.0,0.0,-0.0328067692396319,0.0443406277017235,0.0030256297579822843,0.0016604009173987327,0.0017682980631219536
2020-03-17,2020-03-18,2020-03-19,funded_assets,EUR,0.99,IN_TCOP_REF_POOL,ALL_FIVE,0.0005394339890733,0.0098388271459994,0.0123363845845196,-4.597656857029977,0,0.0024975574385202,81920,2019-12-31,0.0,0.0,-0.030181333781086,0.0349639293669652,2020-03-18,2020-03-19,0.0005394339890733,0.0098194024403201,0.0121673046605714,-4.601971016423934,0,0.0023479022202512,327680,2019-12-31,0.0,0.0,-0.0328067692396319,0.0443406277017235,0.0019781963105554336,0.013896251360920528,0.004314159393956629
2020-03-17,2020-03-18,2020-03-19,funded_assets,USD,0.95,IN_TCOP_REF_POOL,ALL_FIVE,0.000496048711539,0.0062327228874512,0.008582456592986,-5.031818438898222,0,0.0023497337055348,81920,2019-12-31,0.0,0.0,-0.0285643040651265,0.0367265151794062,2020-03-18,2020-03-19,0.000496048711539,0.0062511929319362,0.008567433226542,-5.030141150821753,0,0.0023162402946058,327680,2019-12-31,0.0,0.0,-0.0316510452992508,0.0463920113102313,0.0029546431674889245,0.0017535434530679527,0.0016772880764692744
2020-03-17,2020-03-18,2020-03-19,funded_assets,USD,0.99,IN_TCOP_REF_POOL,ALL_FIVE,0.000496048711539,0.0099559054388283,0.012546997561769,-4.584784809156228,0,0.0025910921229406,81920,2019-12-31,0.0,0.0,-0.0285643040651265,0.0367265151794062,2020-03-18,2020-03-19,0.000496048711539,0.0099333550376977,0.0123691585448122,-4.589474681499275,0,0.0024358035071144,327680,2019-12-31,0.0,0.0,-0.0316510452992508,0.0463920113102313,0.002270169650135196,0.014377616416873226,0.0046898723430466305
2020-03-17,2020-03-18,2020-03-19,net_cashflows,EUR,0.95,IN_TCOP_REF_POOL,ALL_FIVE,-0.0060400993204992,0.0048099686106099,0.0067103750179304,-5.28730464293378,0,0.0019004064073205,81920,2019-12-31,0.0,0.0,-0.0234460592838697,0.0200556299838843,2020-03-18,2020-03-19,-0.0060400993204992,0.0048074278064829,0.006729082017548,-5.286891042978789,0,0.001921654211065,327680,2019-12-31,0.0,0.0,-0.0390720233498136,0.0304325842597145,0.0005285163354036376,0.002780022530386177,0.00041359995499057334
2020-03-17,2020-03-18,2020-03-19,net_cashflows,EUR,0.99,IN_TCOP_REF_POOL,ALL_FIVE,-0.0060400993204992,0.0077853758482021,0.0098442961963873,-4.830011615287827,0,0.0020589203481852,81920,2019-12-31,0.0,0.0,-0.0234460592838697,0.0200556299838843,2020-03-18,2020-03-19,-0.0060400993204992,0.0077684915291035,0.0099723433264581,-4.828936067081493,0,0.0022038517973546,327680,2019-12-31,0.0,0.0,-0.0390720233498136,0.0304325842597145,0.002173435992733644,0.012840224797623302,0.0010755482063338206
2020-03-17,2020-03-18,2020-03-19,net_cashflows,USD,0.95,IN_TCOP_REF_POOL,ALL_FIVE,-0.005932048700178,0.0048291565474571,0.0067646744305877,-5.282162509265056,0,0.0019355178831305,81920,2019-12-31,0.0,0.0,-0.0229944885098429,0.0201558081460946,2020-03-18,2020-03-19,-0.005932048700178,0.004833803354326,0.0067842945239345,-5.280645924147314,0,0.0019504911696085,327680,2019-12-31,0.0,0.0,-0.0352740878384165,0.0309163101849499,0.0009613148339478232,0.0028919872622836977,0.0015165851177423306
2020-03-17,2020-03-18,2020-03-19,net_cashflows,USD,0.99,IN_TCOP_REF_POOL,ALL_FIVE,-0.005932048700178,0.0078515308869444,0.009958543309801,-4.820902848323006,0,0.0021070124228566,81920,2019-12-31,0.0,0.0,-0.0229944885098429,0.0201558081460946,2020-03-18,2020-03-19,-0.005932048700178,0.0078399005856959,0.0100927784066906,-4.819151932196806,0,0.0022528778209947,327680,2019-12-31,0.0,0.0,-0.0352740878384165,0.0309163101849499,0.0014834756029585639,0.013300113356359304,0.0017509161262001527
2021-06-01,2021-06-02,2021-06-03,funded_assets,EUR,0.95,HS1250,ALL_EQUIVARIANT,-0.0007853655365149,0.0046576542773741,0.0063175850392,-5.327165929916231,0,0.0016599307618258,1249,2020-12-31,2.2963063200064082e-18,2.2963063200064082e-18,-0.0125254453183278,0.0158579005713657,2021-06-02,2021-06-03,-0.0007853655365149,0.0046576542773741,0.0063175850392,-5.327165929916231,0,0.0016599307618258,1249,2020-12-31,2.2963063200064082e-18,2.2963063200064082e-18,-0.0125254453183278,0.0158579005713657,0.0,0.0,0.0
2021-06-01,2021-06-02,2021-06-03,funded_assets,EUR,0.99,HS1250,ALL_EQUIVARIANT,-0.0007853655365149,0.0074099795256564,0.0090737344446476,-4.88573080947848,0,0.0016637549189912,1249,2020-12-31,2.2963063200064082e-18,2.2963063200064082e-18,-0.0125254453183278,0.0158579005713657,2021-06-02,2021-06-03,-0.0007853655365149,0.0074099795256564,0.0090737344446476,-4.88573080947848,0,0.0016637549189912,1249,2020-12-31,2.2963063200064082e-18,2.2963063200064082e-18,-0.0125254453183278,0.0158579005713657,0.0,0.0,0.0
2021-06-01,2021-06-02,2021-06-03,funded_assets,USD,0.95,HS1250,ALL_EQUIVARIANT,-0.0007830856729741,0.0046525800134752,0.0063617035530162,-5.3261172383008,0,0.001709123539541,1249,2020-12-31,2.2963063200064082e-18,2.2963063200064082e-18,-0.0123499402711871,0.0159662234291164,2021-06-02,2021-06-03,-0.0007830856729741,0.0046525800134752,0.0063617035530162,-5.3261172383008,0,0.001709123539541,1249,2020-12-31,2.2963063200064082e-18,2.2963063200064082e-18,-0.0123499402711871,0.0159662234291164,0.0,0.0,0.0
2021-06-01,2021-06-02,2021-06-03,funded_assets,USD,0.99,HS1250,ALL_EQUIVARIANT,-0.0007830856729741,0.0075053087190712,0.0091439115177081,-4.873868544256641,0,0.0016386027986368,1249,2020-12-31,2.2963063200064082e-18,2.2963063200064082e-18,-0.0123499402711871,0.0159662234291164,2021-06-02,2021-06-03,-0.0007830856729741,0.0075053087190712,0.0091439115177081,-4.873868544256641,0,0.0016386027986368,1249,2020-12-31,2.2963063200064082e-18,2.2963063200064082e-18,-0.0123499402711871,0.0159662234291164,0.0,0.0,0.0
2021-06-01,2021-06-02,2021-06-03,net_cashflows,EUR,0.95,HS1250,ALL_EQUIVARIANT,1.5821253747648954e-05,0.0030722061229996,0.0044772418645115,-5.722565330073285,0,0.0014050357415119,1249,2020-12-31,2.2963063200064082e-18,2.2963063200064082e-18,-0.0113622868915228,0.0093315588056882,2021-06-02,2021-06-03,1.5821253747648954e-05,0.0030722061229996,0.0044772418645115,-5.722565330073285,0,0.0014050357415119,1249,2020-12-31,2.2963063200064082e-18,2.2963063200064082e-18,-0.0113622868915228,0.0093315588056882,0.0,0.0,0.0
2021-06-01,2021-06-02,2021-06-03,net_cashflows,EUR,0.99,HS1250,ALL_EQUIVARIANT,1.5821253747648954e-05,0.0053320816532665,0.0069205913636608,-5.202787866873559,0,0.0015885097103942,1249,2020-12-31,2.2963063200064082e-18,2.2963063200064082e-18,-0.0113622868915228,0.0093315588056882,2021-06-02,2021-06-03,1.5821253747648954e-05,0.0053320816532665,0.0069205913636608,-5.202787866873559,0,0.0015885097103942,1249,2020-12-31,2.2963063200064082e-18,2.2963063200064082e-18,-0.0113622868915228,0.0093315588056882,0.0,0.0,0.0
2021-06-01,2021-06-02,2021-06-03,net_cashflows,USD,0.95,HS1250,ALL_EQUIVARIANT,1.571868178564429e-05,0.0030871055867929,0.0045085413432057,-5.717057799282505,0,0.0014214357564127,1249,2020-12-31,2.2963063200064082e-18,2.2963063200064082e-18,-0.0111636206321082,0.0096482873570995,2021-06-02,2021-06-03,1.571868178564429e-05,0.0030871055867929,0.0045085413432057,-5.717057799282505,0,0.0014214357564127,1249,2020-12-31,2.2963063200064082e-18,2.2963063200064082e-18,-0.0111636206321082,0.0096482873570995,0.0,0.0,0.0
2021-06-01,2021-06-02,2021-06-03,net_cashflows,USD,0.99,HS1250,ALL_EQUIVARIANT,1.571868178564429e-05,0.0054599503014246,0.00699455657328,-5.182023144844486,0,0.0015346062718554,1249,2020-12-31,2.2963063200064082e-18,2.2963063200064082e-18,-0.0111636206321082,0.0096482873570995,2021-06-02,2021-06-03,1.571868178564429e-05,0.0054599503014246,0.00699455657328,-5.182023144844486,0,0.0015346062718554,1249,2020-12-31,2.2963063200064082e-18,2.2963063200064082e-18,-0.0111636206321082,0.0096482873570995,0.0,0.0,0.0
2021-06-01,2021-06-02,2021-06-03,funded_assets,EUR,0.95,EWMA_GAUSS,ALL_EQUIVARIANT,-0.0007853655365149,0.0033421109670931,0.0041969960744978,-5.677075986194476,0,0.0008548851074047,16384,2020-12-31,2.2836008257975937e-18,2.2836008257975937e-18,-0.008386152162849,0.007816995376074,2021-06-02,2021-06-03,-0.0007853655365149,0.003350990584223,0.0042071981553546,-5.674468534467769,0,0.0008562075711316,65536,2020-12-31,2.2836008257975937e-18,2.2836008257975937e-18,-0.0096143799327491,0.008173346894419,0.0026498484274192304,0.002424910945498478,0.0026074517267069552
2021-06-01,2021-06-02,2021-06-03,funded_assets,EUR,0.99,EWMA_GAUSS,ALL_EQUIVARIANT,-0.0007853655365149,0.0047142108998383,0.0054620269184506,-5.346847142560808,0,0.0007478160186122,16384,2020-12-31,2.2836008257975937e-18,2.2836008257975937e-18,-0.008386152162849,0.007816995376074,2021-06-02,2021-06-03,-0.0007853655365149,0.0047453034372617,0.0054475121627441,-5.341500738950836,0,0.0007022087254823,65536,2020-12-31,2.2836008257975937e-18,2.2836008257975937e-18,-0.0096143799327491,0.008173346894419,0.006552275915434835,0.0026644742173808364,0.005346403609971517
2021-06-01,2021-06-02,2021-06-03,funded_assets,USD,0.95,EWMA_GAUSS,ALL_EQUIVARIANT,-0.0007830856729741,0.0033466380505077,0.0042209759181569,-5.674830082094573,0,0.0008743378676491,16384,2020-12-31,2.2836008257975937e-18,2.2836008257975937e-18,-0.0082879790426218,0.0078551213310732,2021-06-02,2021-06-03,-0.0007830856729741,0.0033615324335315,0.0042306539711241,-5.670833018524564,0,0.0008691215375926,65536,2020-12-31,2.2836008257975937e-18,2.2836008257975937e-18,-0.0095009914728399,0.0082216054471906,0.004430831270651404,0.002287602113823674,0.003997063570008841
2021-06-01,2021-06-02,2021-06-03,funded_assets,USD,0.99,EWMA_GAUSS,ALL_EQUIVARIANT,-0.0007830856729741,0.0047504013467253,0.0054998242857622,-5.3393022048242464,0,0.0007494229390368,16384,2020-12-31,2.2836008257975937e-18,2.2836008257975937e-18,-0.0082879790426218,0.0078551213310732,2021-06-02,2021-06-03,-0.0007830856729741,0.0047656605840239,0.0054862739967153,-5.336854361454505,0,0.0007206134126914,65536,2020-12-31,2.2836008257975937e-18,2.2836008257975937e-18,-0.0095009914728399,0.0082216054471906,0.0032019144103032117,0.0024698527734874675,0.0024478433697412427
2021-06-01,2021-06-02,2021-06-03,net_cashflows,EUR,0.95,EWMA_GAUSS,ALL_EQUIVARIANT,1.5821253747648954e-05,0.0022143958755107,0.0027839058232308,-6.088472639971916,0,0.00056950994772,16384,2020-12-31,2.2836008257975937e-18,2.2836008257975937e-18,-0.0056236391491262,0.0053303077265789,2021-06-02,2021-06-03,1.5821253747648954e-05,0.0022261680013663,0.0027893832812959,-6.083848661962189,0,0.0005632152799296,65536,2020-12-31,2.2836008257975937e-18,2.2836008257975937e-18,-0.0063267008459859,0.0061375159044968,0.0052880671397553545,0.0019636806823317824,0.0046239780097270256
2021-06-01,2021-06-02,2021-06-03,net_cashflows,EUR,0.99,EWMA_GAUSS,ALL_EQUIVARIANT,1.5821253747648954e-05,0.0031515228818181,0.0036071110701053,-5.7511508735752495,0,0.0004555881882871,16384,2020-12-31,2.2836008257975937e-18,2.2836008257975937e-18,-0.0056236391491262,0.0053303077265789,2021-06-02,2021-06-03,1.5821253747648954e-05,0.0031439068950111,0.0036048930812581,-5.753341075268662,0,0.000460986186247,65536,2020-12-31,2.2836008257975937e-18,2.2836008257975937e-18,-0.0063267008459859,0.0061375159044968,0.0024224593988725032,0.000615271742380193,0.0021902016934127744
2021-06-01,2021-06-02,2021-06-03,net_cashflows,USD,0.95,EWMA_GAUSS,ALL_EQUIVARIANT,1.571868178564429e-05,0.0022301212789829,0.0027990619821348,-6.081732126376673,0,0.0005689407031518,16384,2020-12-31,2.2836008257975937e-18,2.2836008257975937e-18,-0.0056372960835067,0.005346970778003,2021-06-02,2021-06-03,1.571868178564429e-05,0.0022358024925885,0.0028044566044298,-6.079313502323444,0,0.0005686541118413,65536,2020-12-31,2.2836008257975937e-18,2.2836008257975937e-18,-0.0062113412581508,0.0061729159828236,0.0025410176544810982,0.0019235891496694399,0.0024186240532291237
2021-06-01,2021-06-02,2021-06-03,net_cashflows,USD,0.99,EWMA_GAUSS,ALL_EQUIVARIANT,1.571868178564429e-05,0.0031599326345298,0.003631027506699,-5.747981088178851,0,0.0004710948721691,16384,2020-12-31,2.2836008257975937e-18,2.2836008257975937e-18,-0.0056372960835067,0.005346970778003,2021-06-02,2021-06-03,1.571868178564429e-05,0.0031585898250889,0.0036288376853523,-5.748429237084945,0,0.0004702478602633,65536,2020-12-31,2.2836008257975937e-18,2.2836008257975937e-18,-0.0062113412581508,0.0061729159828236,0.0004251294138397537,0.0006034497920750501,0.0004481489060941257
2021-06-01,2021-06-02,2021-06-03,funded_assets,EUR,0.95,EWMA_SELFNORMALIZED,ALL_EQUIVARIANT,-0.0007853655365149,0.0033622388809316,0.0041641585766302,-5.6738176930546,0,0.0008019196956985,16384,2020-12-31,2.303929616531697e-18,2.303929616531697e-18,-0.0077339961821362,0.0075509340953052,2021-06-02,2021-06-03,-0.0007853655365149,0.003364386143084,0.0041932674693568,-5.671944581100432,0,0.0008288813262727,65536,2020-12-31,2.744386749103933e-18,2.744386749103933e-18,-0.0077339961821362,0.0079745519351197,0.0006382329676437867,0.006941816361422087,0.0018731119541683938
2021-06-01,2021-06-02,2021-06-03,funded_assets,EUR,0.99,EWMA_SELFNORMALIZED,ALL_EQUIVARIANT,-0.0007853655365149,0.0046549721793739,0.0053298564701282,-5.3610543216284015,0,0.0006748842907542,16384,2020-12-31,2.303929616531697e-18,2.303929616531697e-18,-0.0077339961821362,0.0075509340953052,2021-06-02,2021-06-03,-0.0007853655365149,0.0047134795323898,0.0053713989698599,-5.349152565253819,0,0.0006579194374701,65536,2020-12-31,2.744386749103933e-18,2.744386749103933e-18,-0.0077339961821362,0.0079745519351197,0.01241277332676493,0.007734018635518234,0.011901756374582462
2021-06-01,2021-06-02,2021-06-03,funded_assets,USD,0.95,EWMA_SELFNORMALIZED,ALL_EQUIVARIANT,-0.0007830856729741,0.0033665804688801,0.0041870670802147,-5.671712131041232,0,0.0008204866113345,16384,2020-12-31,2.303929616531697e-18,2.303929616531697e-18,-0.0076551774225899,0.0076029412434348,2021-06-02,2021-06-03,-0.0007830856729741,0.0033803782102091,0.0042168138538423,-5.667032707428817,0,0.0008364356436332,65536,2020-12-31,2.744386749103933e-18,2.744386749103933e-18,-0.0076551774225899,0.0080279916333304,0.0040817152611294025,0.007054324582171067,0.00467942361241569
2021-06-01,2021-06-02,2021-06-03,funded_assets,USD,0.99,EWMA_SELFNORMALIZED,ALL_EQUIVARIANT,-0.0007830856729741,0.0046875257416945,0.0053654698397887,-5.354124497146046,0,0.0006779440980942,16384,2020-12-31,2.303929616531697e-18,2.303929616531697e-18,-0.0076551774225899,0.0076029412434348,2021-06-02,2021-06-03,-0.0007830856729741,0.0047377753274634,0.0054086908720817,-5.343792178802727,0,0.0006709155446182,65536,2020-12-31,2.744386749103933e-18,2.744386749103933e-18,-0.0076551774225899,0.0080279916333304,0.010606156327763981,0.007991033933201167,0.010332318343318825
2021-06-01,2021-06-02,2021-06-03,net_cashflows,EUR,0.95,EWMA_SELFNORMALIZED,ALL_EQUIVARIANT,1.5821253747648954e-05,0.0022282082973344,0.0027774066012549,-6.083975475766227,0,0.0005491983039205,16384,2020-12-31,2.303929616531697e-18,2.303929616531697e-18,-0.004601588683177,0.0050719185935198,2021-06-02,2021-06-03,1.5821253747648954e-05,0.0022368962149484,0.0027828203814763,-6.080466913145054,0,0.0005459241665279,65536,2020-12-31,2.744386749103933e-18,2.744386749103933e-18,-0.00528807367721,0.0053014469464346,0.003883916274676455,0.0019454292693255764,0.0035085626211728282
2021-06-01,2021-06-02,2021-06-03,net_cashflows,EUR,0.99,EWMA_SELFNORMALIZED,ALL_EQUIVARIANT,1.5821253747648954e-05,0.0031104633035805,0.0035708624266142,-5.763880329134266,0,0.0004603991230337,16384,2020-12-31,2.303929616531697e-18,2.303929616531697e-18,-0.004601588683177,0.0050719185935198,2021-06-02,2021-06-03,1.5821253747648954e-05,0.0031258541484219,0.0035627656869227,-5.759850846954496,0,0.0004369115385008,65536,2020-12-31,2.744386749103933e-18,2.744386749103933e-18,-0.00528807367721,0.0053014469464346,0.004923724559947943,0.0022725995484966437,0.00402948217976995
2021-06-01,2021-06-02,2021-06-03,net_cashflows,USD,0.95,EWMA_SELFNORMALIZED,ALL_EQUIVARIANT,1.571868178564429e-05,0.0022347691928531,0.0027927807491,-6.080522494768441,0,0.0005580115562469,16384,2020-12-31,2.303929616531697e-18,2.303929616531697e-18,-0.0045765080553664,0.0051730172554578,2021-06-02,2021-06-03,1.571868178564429e-05,0.0022459078570204,0.002797843862075,-6.07617811859412,0,0.0005519360050546,65536,2020-12-31,2.744386749103933e-18,2.744386749103933e-18,-0.0052291717616901,0.0053087388720461,0.004959537468325853,0.0018096481521470695,0.004344376174320708
2021-06-01,2021-06-02,2021-06-03,net_cashflows,USD,0.99,EWMA_SELFNORMALIZED,ALL_EQUIVARIANT,1.571868178564429e-05,0.003128985377149,0.0035953647987277,-5.757826676074516,0,0.0004663794215787,16384,2020-12-31,2.303929616531697e-18,2.303929616531697e-18,-0.0045765080553664,0.0051730172554578,2021-06-02,2021-06-03,1.571868178564429e-05,0.0031474569207226,0.0035872627103526,-5.752967901192371,0,0.0004398057896299,65536,2020-12-31,2.744386749103933e-18,2.744386749103933e-18,-0.0052291717616901,0.0053087388720461,0.005868720061578919,0.0022585712364243554,0.004858774882144701
2021-06-01,2021-06-02,2021-06-03,funded_assets,EUR,0.95,IN_FHS1250,EUR,-0.0007853655365149,0.0040085606147688,0.0053634415704146,-5.480763524130845,0,0.0013548809556457,1249,2020-12-31,3.713392440762853e-18,3.713392440762853e-18,-0.009281683153604,0.0115337624611168,2021-06-02,2021-06-03,-0.0007853655365149,0.0040085606147688,0.0053634415704146,-5.480763524130845,0,0.0013548809556457,1249,2020-12-31,3.713392440762853e-18,3.713392440762853e-18,-0.009281683153604,0.0115337624611168,0.0,0.0,0.0
2021-06-01,2021-06-02,2021-06-03,funded_assets,EUR,0.99,IN_FHS1250,EUR,-0.0007853655365149,0.0062334777542009,0.0072541039951214,-5.066884291444604,0,0.0010206262409204,1249,2020-12-31,3.713392440762853e-18,3.713392440762853e-18,-0.009281683153604,0.0115337624611168,2021-06-02,2021-06-03,-0.0007853655365149,0.0062334777542009,0.0072541039951214,-5.066884291444604,0,0.0010206262409204,1249,2020-12-31,3.713392440762853e-18,3.713392440762853e-18,-0.009281683153604,0.0115337624611168,0.0,0.0,0.0
2021-06-01,2021-06-02,2021-06-03,funded_assets,USD,0.95,IN_FHS1250,EUR,-0.0007830856729741,0.0040765845778044,0.0053947988478551,-5.466669070872998,0,0.0013182142700507,1249,2020-12-31,3.713392440762853e-18,3.713392440762853e-18,-0.0091936560107518,0.0115820969655538,2021-06-02,2021-06-03,-0.0007830856729741,0.0040765845778044,0.0053947988478551,-5.466669070872998,0,0.0013182142700507,1249,2020-12-31,3.713392440762853e-18,3.713392440762853e-18,-0.0091936560107518,0.0115820969655538,0.0,0.0,0.0
2021-06-01,2021-06-02,2021-06-03,funded_assets,USD,0.99,IN_FHS1250,EUR,-0.0007830856729741,0.0062940568661816,0.007302344613259,-5.0576370640443455,0,0.0010082877470774,1249,2020-12-31,3.713392440762853e-18,3.713392440762853e-18,-0.0091936560107518,0.0115820969655538,2021-06-02,2021-06-03,-0.0007830856729741,0.0062940568661816,0.007302344613259,-5.0576370640443455,0,0.0010082877470774,1249,2020-12-31,3.713392440762853e-18,3.713392440762853e-18,-0.0091936560107518,0.0115820969655538,0.0,0.0,0.0
2021-06-01,2021-06-02,2021-06-03,net_cashflows,EUR,0.95,IN_FHS1250,EUR,1.5821253747648954e-05,0.0026800299852579,0.0037373971598513,-5.872281246276743,0,0.0010573671745933,1249,2020-12-31,3.713392440762853e-18,3.713392440762853e-18,-0.0083633632948853,0.0081364775212692,2021-06-02,2021-06-03,1.5821253747648954e-05,0.0026800299852579,0.0037373971598513,-5.872281246276743,0,0.0010573671745933,1249,2020-12-31,3.713392440762853e-18,3.713392440762853e-18,-0.0083633632948853,0.0081364775212692,0.0,0.0,0.0
2021-06-01,2021-06-02,2021-06-03,net_cashflows,EUR,0.99,IN_FHS1250,EUR,1.5821253747648954e-05,0.0041023825502509,0.0055480316647158,-5.454881799415809,0,0.0014456491144649,1249,2020-12-31,3.713392440762853e-18,3.713392440762853e-18,-0.0083633632948853,0.0081364775212692,2021-06-02,2021-06-03,1.5821253747648954e-05,0.0041023825502509,0.0055480316647158,-5.454881799415809,0,0.0014456491144649,1249,2020-12-31,3.713392440762853e-18,3.713392440762853e-18,-0.0083633632948853,0.0081364775212692,0.0,0.0,0.0
2021-06-01,2021-06-02,2021-06-03,net_cashflows,USD,0.95,IN_FHS1250,EUR,1.571868178564429e-05,0.0026914475840831,0.0037628835261911,-5.86730772358642,0,0.0010714359421079,1249,2020-12-31,3.713392440762853e-18,3.713392440762853e-18,-0.0082514757157408,0.0082164187808094,2021-06-02,2021-06-03,1.571868178564429e-05,0.0026914475840831,0.0037628835261911,-5.86730772358642,0,0.0010714359421079,1249,2020-12-31,3.713392440762853e-18,3.713392440762853e-18,-0.0082514757157408,0.0082164187808094,0.0,0.0,0.0
2021-06-01,2021-06-02,2021-06-03,net_cashflows,USD,0.99,IN_FHS1250,EUR,1.571868178564429e-05,0.0041387801918988,0.0056006894950403,-5.445888659172337,0,0.0014619093031414,1249,2020-12-31,3.713392440762853e-18,3.713392440762853e-18,-0.0082514757157408,0.0082164187808094,2021-06-02,2021-06-03,1.571868178564429e-05,0.0041387801918988,0.0056006894950403,-5.445888659172337,0,0.0014619093031414,1249,2020-12-31,3.713392440762853e-18,3.713392440762853e-18,-0.0082514757157408,0.0082164187808094,0.0,0.0,0.0
2021-06-01,2021-06-02,2021-06-03,funded_assets,EUR,0.95,IN_TCOP1250,EUR,-0.0007853655365149,0.0040667474830443,0.0053041489602703,-5.472555294613338,0,0.0012374014772259,16384,2020-12-31,2.7308342219478647e-18,2.7308342219478647e-18,-0.0114836391783526,0.0118057020934792,2021-06-02,2021-06-03,-0.0007853655365149,0.0040597598981901,0.0052682372530773,-5.475448778288362,0,0.0012084773548872,65536,2020-12-31,2.7308342219478647e-18,2.7308342219478647e-18,-0.0124147537830129,0.0127226328310349,0.0017211818012476364,0.006816645771225102,0.0028934836750238446
2021-06-01,2021-06-02,2021-06-03,funded_assets,EUR,0.99,IN_TCOP1250,EUR,-0.0007853655365149,0.0060995214578898,0.0072995877532767,-5.08433933191089,0,0.0012000662953868,16384,2020-12-31,2.7308342219478647e-18,2.7308342219478647e-18,-0.0114836391783526,0.0118057020934792,2021-06-02,2021-06-03,-0.0007853655365149,0.0060292130487692,0.0071176852675167,-5.098097737280886,0,0.0010884722187474,65536,2020-12-31,2.7308342219478647e-18,2.7308342219478647e-18,-0.0124147537830129,0.0127226328310349,0.011661291208635063,0.025556410395126173,0.013758405369996396
2021-06-01,2021-06-02,2021-06-03,funded_assets,USD,0.95,IN_TCOP1250,EUR,-0.0007830856729741,0.0040857107638934,0.0053399470065181,-5.46741758169808,0,0.0012542362426246,16384,2020-12-31,2.7308342219478647e-18,2.7308342219478647e-18,-0.0112641192289368,0.0121333522164778,2021-06-02,2021-06-03,-0.0007830856729741,0.0040801533406114,0.0053023533055756,-5.4701059568042405,0,0.0012221999649642,65536,2020-12-31,2.7308342219478647e-18,2.7308342219478647e-18,-0.0120008892293444,0.0129223534514708,0.0013620623584621493,0.007090003018653818,0.002688375106160379
2021-06-01,2021-06-02,2021-06-03,funded_assets,USD,0.99,IN_TCOP1250,EUR,-0.0007830856729741,0.0061317876743747,0.0073629682459969,-5.0785046663596525,0,0.0012311805716221,16384,2020-12-31,2.7308342219478647e-18,2.7308342219478647e-18,-0.0112641192289368,0.0121333522164778,2021-06-02,2021-06-03,-0.0007830856729741,0.0060655555507159,0.007174921469333,-5.091780613768759,0,0.001109365918617,65536,2020-12-31,2.7308342219478647e-18,2.7308342219478647e-18,-0.0120008892293444,0.0129223534514708,0.010919382916373163,0.026208896845442555,0.01327594740910687
2021-06-01,2021-06-02,2021-06-03,net_cashflows,EUR,0.95,IN_TCOP1250,EUR,1.5821253747648954e-05,0.0027241921788464,0.0035753602384985,-5.871754320775088,0,0.000851168059652,16384,2020-12-31,2.7308342219478647e-18,2.7308342219478647e-18,-0.0086500732590906,0.0079875362827363,2021-06-02,2021-06-03,1.5821253747648954e-05,0.0027246370429967,0.0035949175809888,-5.8703205814021935,0,0.0008702805379921,65536,2020-12-31,2.7308342219478647e-18,2.7308342219478647e-18,-0.0090524458607588,0.0099374284401328,0.0001632746465968529,0.005440275625156495,0.0014337393728949266
2021-06-01,2021-06-02,2021-06-03,net_cashflows,EUR,0.99,IN_TCOP1250,EUR,1.5821253747648954e-05,0.0040967638247644,0.0049340549900761,-5.4812904744798105,0,0.0008372911653116,16384,2020-12-31,2.7308342219478647e-18,2.7308342219478647e-18,-0.0086500732590906,0.0079875362827363,2021-06-02,2021-06-03,1.5821253747648954e-05,0.0041159971894297,0.0050596731191656,-5.4729626667171924,0,0.0009436759297358,65536,2020-12-31,2.7308342219478647e-18,2.7308342219478647e-18,-0.0090524458607588,0.0099374284401328,0.004672832312590829,0.02482732108002572,0.0083278077626181
2021-06-01,2021-06-02,2021-06-03,net_cashflows,USD,0.95,IN_TCOP1250,EUR,1.571868178564429e-05,0.0027318029297983,0.0035916256853766,-5.868546880026385,0,0.0008598227555782,16384,2020-12-31,2.7308342219478647e-18,2.7308342219478647e-18,-0.0086102767205729,0.0079629766770249,2021-06-02,2021-06-03,1.571868178564429e-05,0.0027347082460461,0.0036120976529603,-5.8663696221304615,0,0.0008773894069142,65536,2020-12-31,2.7308342219478647e-18,2.7308342219478647e-18,-0.0089414447758628,0.0100786128050048,0.0010623861803175211,0.005667611883893053,0.002177257895923823
2021-06-01,2021-06-02,2021-06-03,net_cashflows,USD,0.99,IN_TCOP1250,EUR,1.571868178564429e-05,0.004106268681689,0.0049648227059795,-5.478305119546538,0,0.0008585540242904,16384,2020-12-31,2.7308342219478647e-18,2.7308342219478647e-18,-0.0086102767205729,0.0079629766770249,2021-06-02,2021-06-03,1.571868178564429e-05,0.0041382682237573,0.0050930007338267,-5.46734781063588,0,0.0009547325100694,65536,2020-12-31,2.7308342219478647e-18,2.7308342219478647e-18,-0.0089414447758628,0.0100786128050048,0.007732592557580975,0.025167486624509367,0.010957308910657382
2021-06-01,2021-06-02,2021-06-03,funded_assets,EUR,0.95,IN_FHS1250,USD,-0.0007853655365149,0.0039438526587017,0.005346070995884,-5.493682890276651,0,0.0014022183371823,1249,2020-12-31,2.3445871979999037e-18,2.3445871979999037e-18,-0.0091397589366994,0.0125056904412134,2021-06-02,2021-06-03,-0.0007853655365149,0.0039438526587017,0.005346070995884,-5.493682890276651,0,0.0014022183371823,1249,2020-12-31,2.3445871979999037e-18,2.3445871979999037e-18,-0.0091397589366994,0.0125056904412134,0.0,0.0,0.0
2021-06-01,2021-06-02,2021-06-03,funded_assets,EUR,0.99,IN_FHS1250,USD,-0.0007853655365149,0.0060440714495571,0.0074512704403298,-5.0882242978078205,0,0.0014071989907726,1249,2020-12-31,2.3445871979999037e-18,2.3445871979999037e-18,-0.0091397589366994,0.0125056904412134,2021-06-02,2021-06-03,-0.0007853655365149,0.0060440714495571,0.0074512704403298,-5.0882242978078205,0,0.0014071989907726,1249,2020-12-31,2.3445871979999037e-18,2.3445871979999037e-18,-0.0091397589366994,0.0125056904412134,0.0,0.0,0.0
2021-06-01,2021-06-02,2021-06-03,funded_assets,USD,0.95,IN_FHS1250,USD,-0.0007830856729741,0.003937525147674,0.0053742472614659,-5.493471335308169,0,0.0014367221137918,1249,2020-12-31,2.3445871979999037e-18,2.3445871979999037e-18,-0.0090930859875263,0.0125621938497299,2021-06-02,2021-06-03,-0.0007830856729741,0.003937525147674,0.0053742472614659,-5.493471335308169,0,0.0014367221137918,1249,2020-12-31,2.3445871979999037e-18,2.3445871979999037e-18,-0.0090930859875263,0.0125621938497299,0.0,0.0,0.0
2021-06-01,2021-06-02,2021-06-03,funded_assets,USD,0.99,IN_FHS1250,USD,-0.0007830856729741,0.0060813291800805,0.007507973352983,-5.081806922559244,0,0.0014266441729025,1249,2020-12-31,2.3445871979999037e-18,2.3445871979999037e-18,-0.0090930859875263,0.0125621938497299,2021-06-02,2021-06-03,-0.0007830856729741,0.0060813291800805,0.007507973352983,-5.081806922559244,0,0.0014266441729025,1249,2020-12-31,2.3445871979999037e-18,2.3445871979999037e-18,-0.0090930859875263,0.0125621938497299,0.0,0.0,0.0
2021-06-01,2021-06-02,2021-06-03,net_cashflows,EUR,0.95,IN_FHS1250,USD,1.5821253747648954e-05,0.0026678296553711,0.0035206880208946,-5.891340807647912,0,0.0008528583655235,1249,2020-12-31,2.3445871979999037e-18,2.3445871979999037e-18,-0.0060476410913419,0.006408083851473,2021-06-02,2021-06-03,1.5821253747648954e-05,0.0026678296553711,0.0035206880208946,-5.891340807647912,0,0.0008528583655235,1249,2020-12-31,2.3445871979999037e-18,2.3445871979999037e-18,-0.0060476410913419,0.006408083851473,0.0,0.0,0.0
2021-06-01,2021-06-02,2021-06-03,net_cashflows,EUR,0.99,IN_FHS1250,USD,1.5821253747648954e-05,0.0040630349261925,0.0048087409809344,-5.4923930136829995,0,0.0007457060547418,1249,2020-12-31,2.3445871979999037e-18,2.3445871979999037e-18,-0.0060476410913419,0.006408083851473,2021-06-02,2021-06-03,1.5821253747648954e-05,0.0040630349261925,0.0048087409809344,-5.4923930136829995,0,0.0007457060547418,1249,2020-12-31,2.3445871979999037e-18,2.3445871979999037e-18,-0.0060476410913419,0.006408083851473,0.0,0.0,0.0
2021-06-01,2021-06-02,2021-06-03,net_cashflows,USD,0.95,IN_FHS1250,USD,1.571868178564429e-05,0.0026731541458076,0.0035444696142178,-5.88819068046302,0,0.0008713154684102,1249,2020-12-31,2.3445871979999037e-18,2.3445871979999037e-18,-0.0059900403171189,0.0063704666286955,2021-06-02,2021-06-03,1.571868178564429e-05,0.0026731541458076,0.0035444696142178,-5.88819068046302,0,0.0008713154684102,1249,2020-12-31,2.3445871979999037e-18,2.3445871979999037e-18,-0.0059900403171189,0.0063704666286955,0.0,0.0,0.0
2021-06-01,2021-06-02,2021-06-03,net_cashflows,USD,0.99,IN_FHS1250,USD,1.571868178564429e-05,0.0040850269316135,0.0048427819348239,-5.486736958132871,0,0.0007577550032103,1249,2020-12-31,2.3445871979999037e-18,2.3445871979999037e-18,-0.0059900403171189,0.0063704666286955,2021-06-02,2021-06-03,1.571868178564429e-05,0.0040850269316135,0.0048427819348239,-5.486736958132871,0,0.0007577550032103,1249,2020-12-31,2.3445871979999037e-18,2.3445871979999037e-18,-0.0059900403171189,0.0063704666286955,0.0,0.0,0.0
2021-06-01,2021-06-02,2021-06-03,funded_assets,EUR,0.95,IN_TCOP1250,USD,-0.0007853655365149,0.0042180281738923,0.0054432747507004,-5.438468072119461,0,0.001225246576808,16384,2020-12-31,2.656295322589486e-18,2.656295322589486e-18,-0.0124046114607714,0.0119723207006996,2021-06-02,2021-06-03,-0.0007853655365149,0.0042261401659147,0.0054848765616397,-5.4352528914746845,0,0.001258736395725,65536,2020-12-31,4.919567357652976e-18,4.919567357652976e-18,-0.0148490983783087,0.0159844645150153,0.0019194801175374937,0.007584821731496337,0.0032151806447764386
2021-06-01,2021-06-02,2021-06-03,funded_assets,EUR,0.99,IN_TCOP1250,USD,-0.0007853655365149,0.00622989931386,0.0071761310602283,-5.068853093742165,0,0.0009462317463683,16384,2020-12-31,2.656295322589486e-18,2.656295322589486e-18,-0.0124046114607714,0.0119723207006996,2021-06-02,2021-06-03,-0.0007853655365149,0.0062517422394446,0.0073403937462178,-5.062672481960251,0,0.0010886515067732,65536,2020-12-31,4.919567357652976e-18,4.919567357652976e-18,-0.0148490983783087,0.0159844645150153,0.003493894141505767,0.022377912094175795,0.0061806117819136475
2021-06-01,2021-06-02,2021-06-03,funded_assets,USD,0.95,IN_TCOP1250,USD,-0.0007830856729741,0.0042393085045811,0.0054781466230913,-5.433130275641504,0,0.0012388381185101,16384,2020-12-31,2.656295322589486e-18,2.656295322589486e-18,-0.0123801388683427,0.0118957071408655,2021-06-02,2021-06-03,-0.0007830856729741,0.0042493155456481,0.0055199347592113,-5.429576598465289,0,0.0012706192135631,65536,2020-12-31,4.919567357652976e-18,4.919567357652976e-18,-0.0146959607396229,0.0162900486823577,0.002354977162674704,0.007570403988972422,0.003553677176214798
2021-06-01,2021-06-02,2021-06-03,funded_assets,USD,0.99,IN_TCOP1250,USD,-0.0007830856729741,0.0062623807692876,0.0072289576037869,-5.063369449400657,0,0.0009665768344992,16384,2020-12-31,2.656295322589486e-18,2.656295322589486e-18,-0.0123801388683427,0.0118957071408655,2021-06-02,2021-06-03,-0.0007830856729741,0.00629405988208,0.0073951354824809,-5.055824738859958,0,0.0011010756004008,65536,2020-12-31,4.919567357652976e-18,4.919567357652976e-18,-0.0146959607396229,0.0162900486823577,0.0050331762623666496,0.022471241951912233,0.007544710540698496
2021-06-01,2021-06-02,2021-06-03,net_cashflows,EUR,0.95,IN_TCOP1250,USD,1.5821253747648954e-05,0.0026450294190288,0.0034707626899718,-5.901292100671864,0,0.0008257332709429,16384,2020-12-31,2.656295322589486e-18,2.656295322589486e-18,-0.0063055508933844,0.0082365140279669,2021-06-02,2021-06-03,1.5821253747648954e-05,0.0026732758658129,0.0034668680787382,-5.893411194761883,0,0.0007935922129253,65536,2020-12-31,4.919567357652976e-18,4.919567357652976e-18,-0.008836163100609,0.0082365140279669,0.010566229675481115,0.001123380280168372,0.007880905909981806
2021-06-01,2021-06-02,2021-06-03,net_cashflows,EUR,0.99,IN_TCOP1250,USD,1.5821253747648954e-05,0.0039967534911632,0.0047588088474204,-5.5078936199813855,0,0.0007620553562572,16384,2020-12-31,2.656295322589486e-18,2.656295322589486e-18,-0.0063055508933844,0.0082365140279669,2021-06-02,2021-06-03,1.5821253747648954e-05,0.0039666135298288,0.0046926149164558,-5.51647677782191,0,0.000726001386627,65536,2020-12-31,4.919567357652976e-18,4.919567357652976e-18,-0.008836163100609,0.0082365140279669,0.0075984113672150876,0.014105979745424104,0.008583157840524436
2021-06-01,2021-06-02,2021-06-03,net_cashflows,USD,0.95,IN_TCOP1250,USD,1.571868178564429e-05,0.0026577535695967,0.00348474732794,-5.89667788131971,0,0.0008269937583432,16384,2020-12-31,2.656295322589486e-18,2.656295322589486e-18,-0.0062446264833243,0.0082655217496687,2021-06-02,2021-06-03,1.571868178564429e-05,0.0026803242777004,0.0034812662195386,-5.890431212471904,0,0.0008009419418381,65536,2020-12-31,4.919567357652976e-18,4.919567357652976e-18,-0.0087289242031171,0.0082655217496687,0.008420887088731087,0.0009999546664550324,0.006246668847806447
2021-06-01,2021-06-02,2021-06-03,net_cashflows,USD,0.99,IN_TCOP1250,USD,1.571868178564429e-05,0.0039970853397518,0.004787373658872,-5.506850949124943,0,0.0007902883191201,16384,2020-12-31,2.656295322589486e-18,2.656295322589486e-18,-0.0062446264833243,0.0082655217496687,2021-06-02,2021-06-03,1.571868178564429e-05,0.0039802855960121,0.004720067337244,-5.5126633968893834,0,0.0007397817412319,65536,2020-12-31,4.919567357652976e-18,4.919567357652976e-18,-0.0087289242031171,0.0082655217496687,0.004220738269769273,0.014259610471425897,0.005812447764440343
2021-06-01,2021-06-02,2021-06-03,funded_assets,EUR,0.95,IN_FHS1250,GBP,-0.0007853655365149,0.0045497729851403,0.0059394716562139,-5.360111913041156,0,0.0013896986710735,1249,2020-12-31,2.4326786245143506e-18,2.4326786245143506e-18,-0.0100998502436144,0.0131459171462937,2021-06-02,2021-06-03,-0.0007853655365149,0.0045497729851403,0.0059394716562139,-5.360111913041156,0,0.0013896986710735,1249,2020-12-31,2.4326786245143506e-18,2.4326786245143506e-18,-0.0100998502436144,0.0131459171462937,0.0,0.0,0.0
2021-06-01,2021-06-02,2021-06-03,funded_assets,EUR,0.99,IN_FHS1250,GBP,-0.0007853655365149,0.0066261283719875,0.007978402916152,-5.0005089076960365,0,0.0013522745441644,1249,2020-12-31,2.4326786245143506e-18,2.4326786245143506e-18,-0.0100998502436144,0.0131459171462937,2021-06-02,2021-06-03,-0.0007853655365149,0.0066261283719875,0.007978402916152,-5.0005089076960365,0,0.0013522745441644,1249,2020-12-31,2.4326786245143506e-18,2.4326786245143506e-18,-0.0100998502436144,0.0131459171462937,0.0,0.0,0.0
2021-06-01,2021-06-02,2021-06-03,funded_assets,USD,0.95,IN_FHS1250,GBP,-0.0007830856729741,0.0045803755816833,0.0059795641367096,-5.353402674910029,0,0.0013991885550262,1249,2020-12-31,2.4326786245143506e-18,2.4326786245143506e-18,-0.009968990953921,0.0132093585253708,2021-06-02,2021-06-03,-0.0007830856729741,0.0045803755816833,0.0059795641367096,-5.353402674910029,0,0.0013991885550262,1249,2020-12-31,2.4326786245143506e-18,2.4326786245143506e-18,-0.009968990953921,0.0132093585253708,0.0,0.0,0.0
2021-06-01,2021-06-02,2021-06-03,funded_assets,USD,0.99,IN_FHS1250,GBP,-0.0007830856729741,0.006682687154879,0.0080489561261576,-4.991957734760713,0,0.0013662689712786,1249,2020-12-31,2.4326786245143506e-18,2.4326786245143506e-18,-0.009968990953921,0.0132093585253708,2021-06-02,2021-06-03,-0.0007830856729741,0.006682687154879,0.0080489561261576,-4.991957734760713,0,0.0013662689712786,1249,2020-12-31,2.4326786245143506e-18,2.4326786245143506e-18,-0.009968990953921,0.0132093585253708,0.0,0.0,0.0
2021-06-01,2021-06-02,2021-06-03,net_cashflows,EUR,0.95,IN_FHS1250,GBP,1.5821253747648954e-05,0.0028077266837328,0.0039726518393064,-5.821557593950964,0,0.0011649251555736,1249,2020-12-31,2.4326786245143506e-18,2.4326786245143506e-18,-0.008555067634619,0.0080452590985081,2021-06-02,2021-06-03,1.5821253747648954e-05,0.0028077266837328,0.0039726518393064,-5.821557593950964,0,0.0011649251555736,1249,2020-12-31,2.4326786245143506e-18,2.4326786245143506e-18,-0.008555067634619,0.0080452590985081,0.0,0.0,0.0
2021-06-01,2021-06-02,2021-06-03,net_cashflows,EUR,0.99,IN_FHS1250,GBP,1.5821253747648954e-05,0.0047050186484596,0.0058625054687098,-5.33661714466504,0,0.0011574868202502,1249,2020-12-31,2.4326786245143506e-18,2.4326786245143506e-18,-0.008555067634619,0.0080452590985081,2021-06-02,2021-06-03,1.5821253747648954e-05,0.0047050186484596,0.0058625054687098,-5.33661714466504,0,0.0011574868202502,1249,2020-12-31,2.4326786245143506e-18,2.4326786245143506e-18,-0.008555067634619,0.0080452590985081,0.0,0.0,0.0
2021-06-01,2021-06-02,2021-06-03,net_cashflows,USD,0.95,IN_FHS1250,GBP,1.571868178564429e-05,0.0028314176642626,0.00400269862604,-5.813409309384116,0,0.0011712809617773,1249,2020-12-31,2.4326786245143506e-18,2.4326786245143506e-18,-0.0084599526275393,0.0083000489719419,2021-06-02,2021-06-03,1.571868178564429e-05,0.0028314176642626,0.00400269862604,-5.813409309384116,0,0.0011712809617773,1249,2020-12-31,2.4326786245143506e-18,2.4326786245143506e-18,-0.0084599526275393,0.0083000489719419,0.0,0.0,0.0
2021-06-01,2021-06-02,2021-06-03,net_cashflows,USD,0.99,IN_FHS1250,GBP,1.571868178564429e-05,0.0047275675073491,0.0059339080417966,-5.3303683830168085,0,0.0012063405344475,1249,2020-12-31,2.4326786245143506e-18,2.4326786245143506e-18,-0.0084599526275393,0.0083000489719419,2021-06-02,2021-06-03,1.571868178564429e-05,0.0047275675073491,0.0059339080417966,-5.3303683830168085,0,0.0012063405344475,1249,2020-12-31,2.4326786245143506e-18,2.4326786245143506e-18,-0.0084599526275393,0.0083000489719419,0.0,0.0,0.0
2021-06-01,2021-06-02,2021-06-03,funded_assets,EUR,0.95,IN_TCOP1250,GBP,-0.0007853655365149,0.0044211636547005,0.0059679088398427,-5.380535770742043,0,0.0015467451851422,16384,2020-12-31,3.941032545337446e-18,3.941032545337446e-18,-0.0173831428901861,0.0135110184314161,2021-06-02,2021-06-03,-0.0007853655365149,0.0044083198857387,0.0060766414128159,-5.377849782197263,0,0.0016683215270771,65536,2020-12-31,4.9873299934333204e-18,4.9873299934333204e-18,-0.0225216352019765,0.0222428999718062,0.002913529257110075,0.017893531243077583,0.0026859885447798604
2021-06-01,2021-06-02,2021-06-03,funded_assets,EUR,0.99,IN_TCOP1250,GBP,-0.0007853655365149,0.0069219573374129,0.0083707671195865,-4.956089438079082,0,0.0014488097821736,16384,2020-12-31,3.941032545337446e-18,3.941032545337446e-18,-0.0173831428901861,0.0135110184314161,2021-06-02,2021-06-03,-0.0007853655365149,0.0070123873894284,0.0088356803167944,-4.935312865855666,0,0.001823292927366,65536,2020-12-31,4.9873299934333204e-18,4.9873299934333204e-18,-0.0225216352019765,0.0222428999718062,0.012895758176712978,0.05261770237705606,0.02077657222341589
2021-06-01,2021-06-02,2021-06-03,funded_assets,USD,0.95,IN_TCOP1250,GBP,-0.0007830856729741,0.0044467481464823,0.0060145368636223,-5.374242503208252,0,0.0015677887171399,16384,2020-12-31,3.941032545337446e-18,3.941032545337446e-18,-0.0170209031068946,0.0138847404585871,2021-06-02,2021-06-03,-0.0007830856729741,0.0044315785759532,0.0061248744805106,-5.371859155485136,0,0.0016932959045573,65536,2020-12-31,4.9873299934333204e-18,4.9873299934333204e-18,-0.0220569618512301,0.0231575367903109,0.0034230625202976497,0.018014673972404593,0.0023833477231161027
2021-06-01,2021-06-02,2021-06-03,funded_assets,USD,0.99,IN_TCOP1250,GBP,-0.0007830856729741,0.0069838242190211,0.0084651673998195,-4.946788268580046,0,0.0014813431807983,16384,2020-12-31,3.941032545337446e-18,3.941032545337446e-18,-0.0170209031068946,0.0138847404585871,2021-06-02,2021-06-03,-0.0007830856729741,0.0070917611687069,0.0089406182984304,-4.9239435145054555,0,0.0018488571297235,65536,2020-12-31,4.9873299934333204e-18,4.9873299934333204e-18,-0.0220569618512301,0.0231575367903109,0.015220048605427158,0.0531787492476185,0.022844754074590412
2021-06-01,2021-06-02,2021-06-03,net_cashflows,EUR,0.95,IN_TCOP1250,GBP,1.5821253747648954e-05,0.0028222652409669,0.0039273582086581,-5.821171579128359,0,0.0011050929676912,16384,2020-12-31,3.941032545337446e-18,3.941032545337446e-18,-0.0107030861684249,0.0111727157828696,2021-06-02,2021-06-03,1.5821253747648954e-05,0.0028364149664218,0.0038975708126356,-5.819662613790466,0,0.0010611558462138,65536,2020-12-31,4.9873299934333204e-18,4.9873299934333204e-18,-0.0163901488268186,0.0118481598581577,0.004988594977254014,0.007642554158588215,0.0015089653378934642
2021-06-01,2021-06-02,2021-06-03,net_cashflows,EUR,0.99,IN_TCOP1250,GBP,1.5821253747648954e-05,0.0045267710853416,0.0057874315248244,-5.369893966407683,0,0.0012606604394828,16384,2020-12-31,3.941032545337446e-18,3.941032545337446e-18,-0.0107030861684249,0.0111727157828696,2021-06-02,2021-06-03,1.5821253747648954e-05,0.0044880664691542,0.0056660045790449,-5.381166790896041,0,0.0011779381098906,65536,2020-12-31,4.9873299934333204e-18,4.9873299934333204e-18,-0.0163901488268186,0.0118481598581577,0.008623895491167786,0.02143078850105137,0.011272824488358424
2021-06-01,2021-06-02,2021-06-03,net_cashflows,USD,0.95,IN_TCOP1250,GBP,1.571868178564429e-05,0.0028320001110867,0.0039514700507875,-5.816972279850094,0,0.0011194699397007,16384,2020-12-31,3.941032545337446e-18,3.941032545337446e-18,-0.0106487116743961,0.011389146496436,2021-06-02,2021-06-03,1.571868178564429e-05,0.0028416060288152,0.0039205353939783,-5.816726550585493,0,0.0010789293651631,65536,2020-12-31,4.9873299934333204e-18,4.9873299934333204e-18,-0.0158417771557286,0.0119142040601836,0.003380453740276198,0.007890416410144983,0.00024572926460120215
2021-06-01,2021-06-02,2021-06-03,net_cashflows,USD,0.99,IN_TCOP1250,GBP,1.571868178564429e-05,0.0045537294284608,0.0058403805835827,-5.363261937686274,0,0.0012866511551219,16384,2020-12-31,3.941032545337446e-18,3.941032545337446e-18,-0.0106487116743961,0.011389146496436,2021-06-02,2021-06-03,1.571868178564429e-05,0.0045185426164391,0.0057164812707137,-5.373960572681588,0,0.0011979386542745,65536,2020-12-31,4.9873299934333204e-18,4.9873299934333204e-18,-0.0158417771557286,0.0119142040601836,0.0077872037531937135,0.02167405209630476,0.01069863499531376
2021-06-01,2021-06-02,2021-06-03,funded_assets,EUR,0.95,IN_FHS1250,JPY,-0.0007853655365149,0.0038907394418593,0.0051086295771541,-5.51522269449714,0,0.0012178901352948,1249,2020-12-31,1.9210707243727528e-18,1.9210707243727528e-18,-0.0091688924425083,0.0098919039616625,2021-06-02,2021-06-03,-0.0007853655365149,0.0038907394418593,0.0051086295771541,-5.51522269449714,0,0.0012178901352948,1249,2020-12-31,1.9210707243727528e-18,1.9210707243727528e-18,-0.0091688924425083,0.0098919039616625,0.0,0.0,0.0
2021-06-01,2021-06-02,2021-06-03,funded_assets,EUR,0.99,IN_FHS1250,JPY,-0.0007853655365149,0.005950853342669,0.0070322504432577,-5.111025323010972,0,0.0010813971005887,1249,2020-12-31,1.9210707243727528e-18,1.9210707243727528e-18,-0.0091688924425083,0.0098919039616625,2021-06-02,2021-06-03,-0.0007853655365149,0.005950853342669,0.0070322504432577,-5.111025323010972,0,0.0010813971005887,1249,2020-12-31,1.9210707243727528e-18,1.9210707243727528e-18,-0.0091688924425083,0.0098919039616625,0.0,0.0,0.0
2021-06-01,2021-06-02,2021-06-03,funded_assets,USD,0.95,IN_FHS1250,JPY,-0.0007830856729741,0.0039432294538377,0.0051373706977941,-5.503655969829556,0,0.0011941412439564,1249,2020-12-31,1.9210707243727528e-18,1.9210707243727528e-18,-0.0090813863887137,0.0099194680560774,2021-06-02,2021-06-03,-0.0007830856729741,0.0039432294538377,0.0051373706977941,-5.503655969829556,0,0.0011941412439564,1249,2020-12-31,1.9210707243727528e-18,1.9210707243727528e-18,-0.0090813863887137,0.0099194680560774,0.0,0.0,0.0
2021-06-01,2021-06-02,2021-06-03,funded_assets,USD,0.99,IN_FHS1250,JPY,-0.0007830856729741,0.0059422740178098,0.0070780563433023,-5.1112212213411965,0,0.0011357823254925,1249,2020-12-31,1.9210707243727528e-18,1.9210707243727528e-18,-0.0090813863887137,0.0099194680560774,2021-06-02,2021-06-03,-0.0007830856729741,0.0059422740178098,0.0070780563433023,-5.1112212213411965,0,0.0011357823254925,1249,2020-12-31,1.9210707243727528e-18,1.9210707243727528e-18,-0.0090813863887137,0.0099194680560774,0.0,0.0,0.0
2021-06-01,2021-06-02,2021-06-03,net_cashflows,EUR,0.95,IN_FHS1250,JPY,1.5821253747648954e-05,0.0026378811821017,0.0034227792555194,-5.906618417610924,0,0.0007848980734177,1249,2020-12-31,1.9210707243727528e-18,1.9210707243727528e-18,-0.0053005573928406,0.0058966001411109,2021-06-02,2021-06-03,1.5821253747648954e-05,0.0026378811821017,0.0034227792555194,-5.906618417610924,0,0.0007848980734177,1249,2020-12-31,1.9210707243727528e-18,1.9210707243727528e-18,-0.0053005573928406,0.0058966001411109,0.0,0.0,0.0
2021-06-01,2021-06-02,2021-06-03,net_cashflows,EUR,0.99,IN_FHS1250,JPY,1.5821253747648954e-05,0.0038813227405939,0.0044902059394501,-5.541459222711779,0,0.0006088831988562,1249,2020-12-31,1.9210707243727528e-18,1.9210707243727528e-18,-0.0053005573928406,0.0058966001411109,2021-06-02,2021-06-03,1.5821253747648954e-05,0.0038813227405939,0.0044902059394501,-5.541459222711779,0,0.0006088831988562,1249,2020-12-31,1.9210707243727528e-18,1.9210707243727528e-18,-0.0053005573928406,0.0058966001411109,0.0,0.0,0.0
2021-06-01,2021-06-02,2021-06-03,net_cashflows,USD,0.95,IN_FHS1250,JPY,1.571868178564429e-05,0.002655748807022,0.003442408334876,-5.900104064187184,0,0.000786659527854,1249,2020-12-31,1.9210707243727528e-18,1.9210707243727528e-18,-0.0053303043982965,0.0059739125349934,2021-06-02,2021-06-03,1.571868178564429e-05,0.002655748807022,0.003442408334876,-5.900104064187184,0,0.000786659527854,1249,2020-12-31,1.9210707243727528e-18,1.9210707243727528e-18,-0.0053303043982965,0.0059739125349934,0.0,0.0,0.0
2021-06-01,2021-06-02,2021-06-03,net_cashflows,USD,0.99,IN_FHS1250,JPY,1.571868178564429e-05,0.0038850138232174,0.0045187399039311,-5.5397660889770926,0,0.0006337260807136,1249,2020-12-31,1.9210707243727528e-18,1.9210707243727528e-18,-0.0053303043982965,0.0059739125349934,2021-06-02,2021-06-03,1.571868178564429e-05,0.0038850138232174,0.0045187399039311,-5.5397660889770926,0,0.0006337260807136,1249,2020-12-31,1.9210707243727528e-18,1.9210707243727528e-18,-0.0053303043982965,0.0059739125349934,0.0,0.0,0.0
2021-06-01,2021-06-02,2021-06-03,funded_assets,EUR,0.95,IN_TCOP1250,JPY,-0.0007853655365149,0.0037807804458949,0.0049484542780208,-5.544647406537465,0,0.0011676738321258,16384,2020-12-31,2.6732359815345723e-18,2.6732359815345723e-18,-0.011593279095121,0.0117763859698694,2021-06-02,2021-06-03,-0.0007853655365149,0.0037733563904859,0.0049919579826985,-5.54404001543471,0,0.0012186015922125,65536,2020-12-31,4.296151108473811e-18,4.296151108473811e-18,-0.0143151808257447,0.0180244412110697,0.0019674938279668035,0.00871475778211246,0.0006073911027550949
2021-06-01,2021-06-02,2021-06-03,funded_assets,EUR,0.99,IN_TCOP1250,JPY,-0.0007853655365149,0.0056963009894221,0.0067907833339338,-5.153360715094691,0,0.0010944823445116,16384,2020-12-31,2.6732359815345723e-18,2.6732359815345723e-18,-0.011593279095121,0.0117763859698694,2021-06-02,2021-06-03,-0.0007853655365149,0.0057518538544645,0.0069394889188683,-5.141668725152906,0,0.0011876350644037,65536,2020-12-31,4.296151108473811e-18,4.296151108473811e-18,-0.0143151808257447,0.0180244412110697,0.009658253920912957,0.021428895798100225,0.01169198994178533
2021-06-01,2021-06-02,2021-06-03,funded_assets,USD,0.95,IN_TCOP1250,JPY,-0.0007830856729741,0.0037911603349165,0.0049777229624466,-5.541157310372913,0,0.0011865626275301,16384,2020-12-31,2.6732359815345723e-18,2.6732359815345723e-18,-0.0114282442169856,0.0117582161693538,2021-06-02,2021-06-03,-0.0007830856729741,0.0037899714045366,0.0050230728949777,-5.539200878814692,0,0.0012331014904411,65536,2020-12-31,4.296151108473811e-18,4.296151108473811e-18,-0.0140990785162634,0.01834862420418,0.0003137043140950256,0.009028324589205767,0.0019564315582210057
2021-06-01,2021-06-02,2021-06-03,funded_assets,USD,0.99,IN_TCOP1250,JPY,-0.0007830856729741,0.0057517112257742,0.0068445553288783,-5.143967979864192,0,0.001092844103104,16384,2020-12-31,2.6732359815345723e-18,2.6732359815345723e-18,-0.0114282442169856,0.0117582161693538,2021-06-02,2021-06-03,-0.0007830856729741,0.0057984797612502,0.0069985714422969,-5.1335258940479775,0,0.0012000916810466,65536,2020-12-31,4.296151108473811e-18,4.296151108473811e-18,-0.0140990785162634,0.01834862420418,0.008065654689103507,0.022006793056048666,0.010442085816214863
2021-06-01,2021-06-02,2021-06-03,net_cashflows,EUR,0.95,IN_TCOP1250,JPY,1.5821253747648954e-05,0.0025676962099133,0.0033519018927632,-5.9321857886465565,0,0.0007842056828498,16384,2020-12-31,2.6732359815345723e-18,2.6732359815345723e-18,-0.0072497257532044,0.0065615118615749,2021-06-02,2021-06-03,1.5821253747648954e-05,0.002570920963528,0.0033488633326095,-5.931434717523983,0,0.0007779423690815,65536,2020-12-31,4.296151108473811e-18,4.296151108473811e-18,-0.0073620097075211,0.0078304957452118,0.0012543184564783136,0.0009073407457725486,0.0007510711225737765
2021-06-01,2021-06-02,2021-06-03,net_cashflows,EUR,0.99,IN_TCOP1250,JPY,1.5821253747648954e-05,0.00383999985583,0.0045085719144421,-5.55006392144016,0,0.0006685720586121,16384,2020-12-31,2.6732359815345723e-18,2.6732359815345723e-18,-0.0072497257532044,0.0065615118615749,2021-06-02,2021-06-03,1.5821253747648954e-05,0.0038491186827649,0.0044746874592479,-5.54912044052203,0,0.000625568776483,65536,2020-12-31,4.296151108473811e-18,4.296151108473811e-18,-0.0073620097075211,0.0078304957452118,0.002369068788585623,0.007572474167814829,0.0009434809181305681
2021-06-01,2021-06-02,2021-06-03,net_cashflows,USD,0.95,IN_TCOP1250,JPY,1.571868178564429e-05,0.0025744807489174,0.0033647707125599,-5.929267319470199,0,0.0007902899636425,16384,2020-12-31,2.6732359815345723e-18,2.6732359815345723e-18,-0.0072524726669275,0.0066949412733472,2021-06-02,2021-06-03,1.571868178564429e-05,0.0025793958577239,0.0033622159620678,-5.927983630391213,0,0.0007828201043439,65536,2020-12-31,4.296151108473811e-18,4.296151108473811e-18,-0.007362563749494,0.0080149845401202,0.001905527137985445,0.0007598412835232593,0.0012836890789857947
2021-06-01,2021-06-02,2021-06-03,net_cashflows,USD,0.99,IN_TCOP1250,JPY,1.571868178564429e-05,0.0038716400088539,0.0045290826234251,-5.5423960879707375,0,0.0006574426145711,16384,2020-12-31,2.6732359815345723e-18,2.6732359815345723e-18,-0.0072524726669275,0.0066949412733472,2021-06-02,2021-06-03,1.571868178564429e-05,0.0038746146312973,0.0044974842833235,-5.542729989110854,0,0.0006228696520262,65536,2020-12-31,4.296151108473811e-18,4.296151108473811e-18,-0.007362563749494,0.0080149845401202,0.0007677208513519831,0.007025781105843069,0.00033390114011666583
2021-06-01,2021-06-02,2021-06-03,funded_assets,EUR,0.95,IN_FHS1250,CHF,-0.0007853655365149,0.0040916737889198,0.0054799037389431,-5.45999882726371,0,0.0013882299500232,1249,2020-12-31,2.766409605732545e-18,2.766409605732545e-18,-0.0096845389269265,0.0105824095936086,2021-06-02,2021-06-03,-0.0007853655365149,0.0040916737889198,0.0054799037389431,-5.45999882726371,0,0.0013882299500232,1249,2020-12-31,2.766409605732545e-18,2.766409605732545e-18,-0.0096845389269265,0.0105824095936086,0.0,0.0,0.0
2021-06-01,2021-06-02,2021-06-03,funded_assets,EUR,0.99,IN_FHS1250,CHF,-0.0007853655365149,0.0064641187181729,0.0075808800093584,-5.0294388730204895,0,0.0011167612911855,1249,2020-12-31,2.766409605732545e-18,2.766409605732545e-18,-0.0096845389269265,0.0105824095936086,2021-06-02,2021-06-03,-0.0007853655365149,0.0064641187181729,0.0075808800093584,-5.0294388730204895,0,0.0011167612911855,1249,2020-12-31,2.766409605732545e-18,2.766409605732545e-18,-0.0096845389269265,0.0105824095936086,0.0,0.0,0.0
2021-06-01,2021-06-02,2021-06-03,funded_assets,USD,0.95,IN_FHS1250,CHF,-0.0007830856729741,0.0041224238464497,0.0055145154241898,-5.452812819712671,0,0.0013920915777401,1249,2020-12-31,2.766409605732545e-18,2.766409605732545e-18,-0.0095778998186868,0.0105961329782398,2021-06-02,2021-06-03,-0.0007830856729741,0.0041224238464497,0.0055145154241898,-5.452812819712671,0,0.0013920915777401,1249,2020-12-31,2.766409605732545e-18,2.766409605732545e-18,-0.0095778998186868,0.0105961329782398,0.0,0.0,0.0
2021-06-01,2021-06-02,2021-06-03,funded_assets,USD,0.99,IN_FHS1250,CHF,-0.0007830856729741,0.0064946105207721,0.0076299091015832,-5.02447516698509,0,0.0011352985808111,1249,2020-12-31,2.766409605732545e-18,2.766409605732545e-18,-0.0095778998186868,0.0105961329782398,2021-06-02,2021-06-03,-0.0007830856729741,0.0064946105207721,0.0076299091015832,-5.02447516698509,0,0.0011352985808111,1249,2020-12-31,2.766409605732545e-18,2.766409605732545e-18,-0.0095778998186868,0.0105961329782398,0.0,0.0,0.0
2021-06-01,2021-06-02,2021-06-03,net_cashflows,EUR,0.95,IN_FHS1250,CHF,1.5821253747648954e-05,0.0028293759483669,0.0039249053624126,-5.819535543863536,0,0.0010955294140456,1249,2020-12-31,2.766409605732545e-18,2.766409605732545e-18,-0.0082366880389437,0.0079849432030984,2021-06-02,2021-06-03,1.5821253747648954e-05,0.0028293759483669,0.0039249053624126,-5.819535543863536,0,0.0010955294140456,1249,2020-12-31,2.766409605732545e-18,2.766409605732545e-18,-0.0082366880389437,0.0079849432030984,0.0,0.0,0.0
2021-06-01,2021-06-02,2021-06-03,net_cashflows,EUR,0.99,IN_FHS1250,CHF,1.5821253747648954e-05,0.0045562569573803,0.0057653098559052,-5.365608073316532,0,0.0012090528985249,1249,2020-12-31,2.766409605732545e-18,2.766409605732545e-18,-0.0082366880389437,0.0079849432030984,2021-06-02,2021-06-03,1.5821253747648954e-05,0.0045562569573803,0.0057653098559052,-5.365608073316532,0,0.0012090528985249,1249,2020-12-31,2.766409605732545e-18,2.766409605732545e-18,-0.0082366880389437,0.0079849432030984,0.0,0.0,0.0
2021-06-01,2021-06-02,2021-06-03,net_cashflows,USD,0.95,IN_FHS1250,CHF,1.571868178564429e-05,0.0028392467493606,0.0039538076226131,-5.814971784292784,0,0.0011145608732525,1249,2020-12-31,2.766409605732545e-18,2.766409605732545e-18,-0.0081483733617598,0.0079408659789936,2021-06-02,2021-06-03,1.571868178564429e-05,0.0028392467493606,0.0039538076226131,-5.814971784292784,0,0.0011145608732525,1249,2020-12-31,2.766409605732545e-18,2.766409605732545e-18,-0.0081483733617598,0.0079408659789936,0.0,0.0,0.0
2021-06-01,2021-06-02,2021-06-03,net_cashflows,USD,0.99,IN_FHS1250,CHF,1.571868178564429e-05,0.0045856579721805,0.0058178533324252,-5.358619463702122,0,0.0012321953602447,1249,2020-12-31,2.766409605732545e-18,2.766409605732545e-18,-0.0081483733617598,0.0079408659789936,2021-06-02,2021-06-03,1.571868178564429e-05,0.0045856579721805,0.0058178533324252,-5.358619463702122,0,0.0012321953602447,1249,2020-12-31,2.766409605732545e-18,2.766409605732545e-18,-0.0081483733617598,0.0079408659789936,0.0,0.0,0.0
2021-06-01,2021-06-02,2021-06-03,funded_assets,EUR,0.95,IN_TCOP1250,CHF,-0.0007853655365149,0.0042399269574815,0.0054560391635152,-5.4339250463791835,0,0.0012161122060337,16384,2020-12-31,2.7342223537368815e-18,2.7342223537368815e-18,-0.012186037351635,0.0129226693355502,2021-06-02,2021-06-03,-0.0007853655365149,0.004217204444687,0.0055211678409909,-5.435341162108419,0,0.0013039633963039,65536,2020-12-31,3.903127820947816e-18,3.903127820947816e-18,-0.0147960677284594,0.0157418076496158,0.005388051040097541,0.011796177792706095,0.001416115729235834
2021-06-01,2021-06-02,2021-06-03,funded_assets,EUR,0.99,IN_TCOP1250,CHF,-0.0007853655365149,0.0061933890573438,0.0073150258048357,-5.07115797601546,0,0.0011216367474918,16384,2020-12-31,2.7342223537368815e-18,2.7342223537368815e-18,-0.012186037351635,0.0129226693355502,2021-06-02,2021-06-03,-0.0007853655365149,0.0063185299796779,0.0075381569900939,-5.049571350697831,0,0.0012196270104159,65536,2020-12-31,3.903127820947816e-18,3.903127820947816e-18,-0.0147960677284594,0.0157418076496158,0.019805385546414575,0.029600230606953767,0.021586625317628894
2021-06-01,2021-06-02,2021-06-03,funded_assets,USD,0.95,IN_TCOP1250,CHF,-0.0007830856729741,0.0042706948599187,0.0054942552177582,-5.426750367590772,0,0.0012235603578395,16384,2020-12-31,2.7342223537368815e-18,2.7342223537368815e-18,-0.011990410705773,0.0129557275041732,2021-06-02,2021-06-03,-0.0007830856729741,0.0042412933380759,0.0055608211682186,-5.429299592925871,0,0.0013195278301427,65536,2020-12-31,3.903127820947816e-18,3.903127820947816e-18,-0.0145833353974959,0.0159741681193506,0.00693220664056644,0.011970525295947273,0.002549225335099159
2021-06-01,2021-06-02,2021-06-03,funded_assets,USD,0.99,IN_TCOP1250,CHF,-0.0007830856729741,0.0062214965757393,0.0073835604542326,-5.065884610517517,0,0.0011620638784932,16384,2020-12-31,2.7342223537368815e-18,2.7342223537368815e-18,-0.011990410705773,0.0129557275041732,2021-06-02,2021-06-03,-0.0007830856729741,0.0063714346033635,0.0076136870782161,-5.040968152348384,0,0.0012422524748525,65536,2020-12-31,3.903127820947816e-18,3.903127820947816e-18,-0.0145833353974959,0.0159741681193506,0.02353285201186049,0.030225385101776355,0.024916458169133016
2021-06-01,2021-06-02,2021-06-03,net_cashflows,EUR,0.95,IN_TCOP1250,CHF,1.5821253747648954e-05,0.0029499835091463,0.0039070419706674,-5.7899320229444236,0,0.000957058461521,16384,2020-12-31,2.7342223537368815e-18,2.7342223537368815e-18,-0.0094430007213474,0.0105281438115923,2021-06-02,2021-06-03,1.5821253747648954e-05,0.0029622325724703,0.0038913580416904,-5.7877634503572,0,0.00092912546922,65536,2020-12-31,3.903127820947816e-18,3.903127820947816e-18,-0.0100745322087781,0.0105281438115923,0.0041350781967078995,0.004030451274071582,0.0021685725872231387
2021-06-01,2021-06-02,2021-06-03,net_cashflows,EUR,0.99,IN_TCOP1250,CHF,1.5821253747648954e-05,0.0044185998597193,0.0053678082517891,-5.404169113890841,0,0.0009492083920697,16384,2020-12-31,2.7342223537368815e-18,2.7342223537368815e-18,-0.0094430007213474,0.0105281438115923,2021-06-02,2021-06-03,1.5821253747648954e-05,0.0044594399961983,0.0052935221877654,-5.398838015488071,0,0.000834082191567,65536,2020-12-31,3.903127820947816e-18,3.903127820947816e-18,-0.0100745322087781,0.0105281438115923,0.009158131181004064,0.014033390508004883,0.005331098402770351
2021-06-01,2021-06-02,2021-06-03,net_cashflows,USD,0.95,IN_TCOP1250,CHF,1.571868178564429e-05,0.0029624681808843,0.0039280983460991,-5.785426223592284,0,0.0009656301652148,16384,2020-12-31,2.7342223537368815e-18,2.7342223537368815e-18,-0.0093883741689593,0.0106770151842535,2021-06-02,2021-06-03,1.571868178564429e-05,0.0029746141485944,0.0039125341863672,-5.783291862115173,0,0.0009379200377728,65536,2020-12-31,3.903127820947816e-18,3.903127820947816e-18,-0.0099473839947424,0.0106770151842535,0.00408320780557008,0.003978025236464924,0.002134361477111213
2021-06-01,2021-06-02,2021-06-03,net_cashflows,USD,0.99,IN_TCOP1250,CHF,1.571868178564429e-05,0.0044764709995399,0.0054062063581231,-5.392183218446606,0,0.0009297353585832,16384,2020-12-31,2.7342223537368815e-18,2.7342223537368815e-18,-0.0093883741689593,0.0106770151842535,2021-06-02,2021-06-03,1.571868178564429e-05,0.0044894251829028,0.0053308848002899,-5.392084196191604,0,0.000841459617387,65536,2020-12-31,3.903127820947816e-18,3.903127820947816e-18,-0.0099473839947424,0.0106770151842535,0.002885488193952581,0.014129278844874736,9.902225500191264e-05
2021-06-01,2021-06-02,2021-06-03,funded_assets,EUR,0.95,IN_FHS_REF_POOL,ALL_FIVE,-0.0007853655365149,0.0040975717861258,0.0054669952635424,-5.4595153633875215,0,0.0013694234774166,6245,2020-12-31,0.0,0.0,-0.0100998502436144,0.0131459171462937,2021-06-02,2021-06-03,-0.0007853655365149,0.0040975717861258,0.0054669952635424,-5.4595153633875215,0,0.0013694234774166,6245,2020-12-31,0.0,0.0,-0.0100998502436144,0.0131459171462937,0.0,0.0,0.0
2021-06-01,2021-06-02,2021-06-03,funded_assets,EUR,0.99,IN_FHS_REF_POOL,ALL_FIVE,-0.0007853655365149,0.0063115960039239,0.0074944221439208,-5.051423779842676,0,0.0011828261399969,6245,2020-12-31,0.0,0.0,-0.0100998502436144,0.0131459171462937,2021-06-02,2021-06-03,-0.0007853655365149,0.0063115960039239,0.0074944221439208,-5.051423779842676,0,0.0011828261399969,6245,2020-12-31,0.0,0.0,-0.0100998502436144,0.0131459171462937,0.0,0.0,0.0
2021-06-01,2021-06-02,2021-06-03,funded_assets,USD,0.95,IN_FHS_REF_POOL,ALL_FIVE,-0.0007830856729741,0.0041328891140539,0.0055010580632263,-5.451524975224976,0,0.0013681689491723,6245,2020-12-31,0.0,0.0,-0.009968990953921,0.0132093585253708,2021-06-02,2021-06-03,-0.0007830856729741,0.0041328891140539,0.0055010580632263,-5.451524975224976,0,0.0013681689491723,6245,2020-12-31,0.0,0.0,-0.009968990953921,0.0132093585253708,0.0,0.0,0.0
2021-06-01,2021-06-02,2021-06-03,funded_assets,USD,0.99,IN_FHS_REF_POOL,ALL_FIVE,-0.0007830856729741,0.0063326686655506,0.0075526863398364,-5.047386242383498,0,0.0012200176742857,6245,2020-12-31,0.0,0.0,-0.009968990953921,0.0132093585253708,2021-06-02,2021-06-03,-0.0007830856729741,0.0063326686655506,0.0075526863398364,-5.047386242383498,0,0.0012200176742857,6245,2020-12-31,0.0,0.0,-0.009968990953921,0.0132093585253708,0.0,0.0,0.0
2021-06-01,2021-06-02,2021-06-03,net_cashflows,EUR,0.95,IN_FHS_REF_POOL,ALL_FIVE,1.5821253747648954e-05,0.0027223708509007,0.0037192061243855,-5.862268710502501,0,0.0009968352734847,6245,2020-12-31,0.0,0.0,-0.008555067634619,0.0081364775212692,2021-06-02,2021-06-03,1.5821253747648954e-05,0.0027223708509007,0.0037192061243855,-5.862268710502501,0,0.0009968352734847,6245,2020-12-31,0.0,0.0,-0.008555067634619,0.0081364775212692,0.0,0.0,0.0
2021-06-01,2021-06-02,2021-06-03,net_cashflows,EUR,0.99,IN_FHS_REF_POOL,ALL_FIVE,1.5821253747648954e-05,0.0041858933281795,0.0053592716275775,-5.4478708176690125,0,0.001173378299398,6245,2020-12-31,0.0,0.0,-0.008555067634619,0.0081364775212692,2021-06-02,2021-06-03,1.5821253747648954e-05,0.0041858933281795,0.0053592716275775,-5.4478708176690125,0,0.001173378299398,6245,2020-12-31,0.0,0.0,-0.008555067634619,0.0081364775212692,0.0,0.0,0.0
2021-06-01,2021-06-02,2021-06-03,net_cashflows,USD,0.95,IN_FHS_REF_POOL,ALL_FIVE,1.571868178564429e-05,0.0027412421488357,0.0037447932361733,-5.855374587680192,0,0.0010035510873375,6245,2020-12-31,0.0,0.0,-0.0084599526275393,0.0083000489719419,2021-06-02,2021-06-03,1.571868178564429e-05,0.0027412421488357,0.0037447932361733,-5.855374587680192,0,0.0010035510873375,6245,2020-12-31,0.0,0.0,-0.0084599526275393,0.0083000489719419,0.0,0.0,0.0
2021-06-01,2021-06-02,2021-06-03,net_cashflows,USD,0.99,IN_FHS_REF_POOL,ALL_FIVE,1.571868178564429e-05,0.0042167457486308,0.0054068358202277,-5.440199650015882,0,0.0011900900715968,6245,2020-12-31,0.0,0.0,-0.0084599526275393,0.0083000489719419,2021-06-02,2021-06-03,1.571868178564429e-05,0.0042167457486308,0.0054068358202277,-5.440199650015882,0,0.0011900900715968,6245,2020-12-31,0.0,0.0,-0.0084599526275393,0.0083000489719419,0.0,0.0,0.0
2021-06-01,2021-06-02,2021-06-03,funded_assets,EUR,0.95,IN_TCOP_REF_POOL,ALL_FIVE,-0.0007853655365149,0.0041463977003141,0.0054411390260214,-5.451720957637245,0,0.0012947413257072,81920,2020-12-31,0.0,0.0,-0.0173831428901861,0.0135110184314161,2021-06-02,2021-06-03,-0.0007853655365149,0.0041364494600343,0.0054847093125667,-5.451612753150995,0,0.0013482598525324,327680,2020-12-31,0.0,0.0,-0.0225216352019765,0.0222428999718062,0.0024050191779007284,0.007943955470068565,0.00010820448625015189
2021-06-01,2021-06-02,2021-06-03,funded_assets,EUR,0.99,IN_TCOP_REF_POOL,ALL_FIVE,-0.0007853655365149,0.0062230839943525,0.0074505660671607,-5.064215443568844,0,0.0012274820728082,81920,2020-12-31,0.0,0.0,-0.0173831428901861,0.0135110184314161,2021-06-02,2021-06-03,-0.0007853655365149,0.0062755679129787,0.0076202528561958,-5.053407711345301,0,0.0013446849432171,327680,2020-12-31,0.0,0.0,-0.0225216352019765,0.0222428999718062,0.008363214190966787,0.022267868565166132,0.01080773222354292
2021-06-01,2021-06-02,2021-06-03,funded_assets,USD,0.95,IN_TCOP_REF_POOL,ALL_FIVE,-0.0007830856729741,0.0041650805220059,0.0054783732343112,-5.446670194964103,0,0.0013132927123053,81920,2020-12-31,0.0,0.0,-0.0170209031068946,0.0138847404585871,2021-06-02,2021-06-03,-0.0007830856729741,0.0041559509385553,0.0055225082475962,-5.446375418607393,0,0.0013665573090408,327680,2020-12-31,0.0,0.0,-0.0220569618512301,0.0231575367903109,0.002196749573221396,0.007991841986693515,0.00029477635670982494
2021-06-01,2021-06-02,2021-06-03,funded_assets,USD,0.99,IN_TCOP_REF_POOL,ALL_FIVE,-0.0007830856729741,0.0062721732644137,0.0075178246522174,-5.056171520052206,0,0.0012456513878037,81920,2020-12-31,0.0,0.0,-0.0170209031068946,0.0138847404585871,2021-06-02,2021-06-03,-0.0007830856729741,0.006325872268943,0.007691693395824,-5.045185239237341,0,0.001365821126881,327680,2020-12-31,0.0,0.0,-0.0220569618512301,0.0231575367903109,0.008488790517149207,0.022604741850604328,0.010986280814864635
2021-06-01,2021-06-02,2021-06-03,net_cashflows,EUR,0.95,IN_TCOP_REF_POOL,ALL_FIVE,1.5821253747648954e-05,0.0027442215806641,0.0036556888539866,-5.860799194901492,0,0.0009114672733225,81920,2020-12-31,0.0,0.0,-0.0107030861684249,0.0111727157828696,2021-06-02,2021-06-03,1.5821253747648954e-05,0.0027555150535355,0.0036496723375172,-5.858114477788872,0,0.0008941572839817,327680,2020-12-31,0.0,0.0,-0.0163901488268186,0.0118481598581577,0.0040984979765977606,0.001648508664066237,0.002684717112620305
2021-06-01,2021-06-02,2021-06-03,net_cashflows,EUR,0.99,IN_TCOP_REF_POOL,ALL_FIVE,1.5821253747648954e-05,0.0041956494733476,0.0051078802521793,-5.455563612181838,0,0.0009122307788316,81920,2020-12-31,0.0,0.0,-0.0107030861684249,0.0111727157828696,2021-06-02,2021-06-03,1.5821253747648954e-05,0.0041851343543303,0.0050777616278343,-5.458676227181019,0,0.0008926272735039,327680,2020-12-31,0.0,0.0,-0.0163901488268186,0.0118481598581577,0.0025124925813718845,0.0059314766136129085,0.0031126149991811403
2021-06-01,2021-06-02,2021-06-03,net_cashflows,USD,0.95,IN_TCOP_REF_POOL,ALL_FIVE,1.571868178564429e-05,0.0027539815415552,0.0036735408426739,-5.856918882069492,0,0.0009195593011187,81920,2020-12-31,0.0,0.0,-0.0106487116743961,0.011389146496436,2021-06-02,2021-06-03,1.571868178564429e-05,0.0027659682837165,0.0036676493476495,-5.854051456299788,0,0.000901681063933,327680,2020-12-31,0.0,0.0,-0.0158417771557286,0.0119142040601836,0.0043336513407862135,0.001606340864667366,0.0028674257697041128
2021-06-01,2021-06-02,2021-06-03,net_cashflows,USD,0.99,IN_TCOP_REF_POOL,ALL_FIVE,1.571868178564429e-05,0.0042204985486607,0.0051432895076701,-5.449478913829823,0,0.0009227909590094,81920,2020-12-31,0.0,0.0,-0.0106487116743961,0.011389146496436,2021-06-02,2021-06-03,1.571868178564429e-05,0.0042075159103466,0.0051130398837947,-5.45306206406809,0,0.000905523973448,327680,2020-12-31,0.0,0.0,-0.0158417771557286,0.0119142040601836,0.0030855827026522054,0.005916172093879616,0.003583150238266164
2022-09-22,2022-09-23,2022-09-26,funded_assets,EUR,0.95,HS1250,ALL_EQUIVARIANT,-0.0004193859832668,0.0046472062501523,0.0063791052760921,-5.326223032126507,0,0.0017318990259397,1249,2021-12-31,2.5648157642860214e-18,2.5648157642860214e-18,-0.0142936401309011,0.015738020767808,2022-09-23,2022-09-26,-0.0004193859832668,0.0046472062501523,0.0063791052760921,-5.326223032126507,0,0.0017318990259397,1249,2021-12-31,2.5648157642860214e-18,2.5648157642860214e-18,-0.0142936401309011,0.015738020767808,0.0,0.0,0.0
2022-09-22,2022-09-23,2022-09-26,funded_assets,EUR,0.99,HS1250,ALL_EQUIVARIANT,-0.0004193859832668,0.007457858626393,0.0092401848178124,-4.877081978416062,0,0.0017823261914194,1249,2021-12-31,2.5648157642860214e-18,2.5648157642860214e-18,-0.0142936401309011,0.015738020767808,2022-09-23,2022-09-26,-0.0004193859832668,0.007457858626393,0.0092401848178124,-4.877081978416062,0,0.0017823261914194,1249,2021-12-31,2.5648157642860214e-18,2.5648157642860214e-18,-0.0142936401309011,0.015738020767808,0.0,0.0,0.0
2022-09-22,2022-09-23,2022-09-26,funded_assets,USD,0.95,HS1250,ALL_EQUIVARIANT,-0.0003730601446961,0.0046495461272241,0.0064204850094154,-5.324087957654616,0,0.0017709388821913,1249,2021-12-31,2.5648157642860214e-18,2.5648157642860214e-18,-0.0142211146610606,0.0159231859695584,2022-09-23,2022-09-26,-0.0003730601446961,0.0046495461272241,0.0064204850094154,-5.324087957654616,0,0.0017709388821913,1249,2021-12-31,2.5648157642860214e-18,2.5648157642860214e-18,-0.0142211146610606,0.0159231859695584,0.0,0.0,0.0
2022-09-22,2022-09-23,2022-09-26,funded_assets,USD,0.99,HS1250,ALL_EQUIVARIANT,-0.0003730601446961,0.0075218675740149,0.0093321985948035,-4.86827226678227,0,0.0018103310207886,1249,2021-12-31,2.5648157642860214e-18,2.5648157642860214e-18,-0.0142211146610606,0.0159231859695584,2022-09-23,2022-09-26,-0.0003730601446961,0.0075218675740149,0.0093321985948035,-4.86827226678227,0,0.0018103310207886,1249,2021-12-31,2.5648157642860214e-18,2.5648157642860214e-18,-0.0142211146610606,0.0159231859695584,0.0,0.0,0.0
2022-09-22,2022-09-23,2022-09-26,net_cashflows,EUR,0.95,HS1250,ALL_EQUIVARIANT,-0.0022199555539656,0.0027697998477824,0.0042903582399474,-5.805797963829727,0,0.001520558392165,1249,2021-12-31,2.5648157642860214e-18,2.5648157642860214e-18,-0.0113622868915228,0.0093315588056882,2022-09-23,2022-09-26,-0.0022199555539656,0.0027697998477824,0.0042903582399474,-5.805797963829727,0,0.001520558392165,1249,2021-12-31,2.5648157642860214e-18,2.5648157642860214e-18,-0.0113622868915228,0.0093315588056882,0.0,0.0,0.0
2022-09-22,2022-09-23,2022-09-26,net_cashflows,EUR,0.99,HS1250,ALL_EQUIVARIANT,-0.0022199555539656,0.0052176419741942,0.0070291241967057,-5.215404104376769,0,0.0018114822225115,1249,2021-12-31,2.5648157642860214e-18,2.5648157642860214e-18,-0.0113622868915228,0.0093315588056882,2022-09-23,2022-09-26,-0.0022199555539656,0.0052176419741942,0.0070291241967057,-5.215404104376769,0,0.0018114822225115,1249,2021-12-31,2.5648157642860214e-18,2.5648157642860214e-18,-0.0113622868915228,0.0093315588056882,0.0,0.0,0.0
2022-09-22,2022-09-23,2022-09-26,net_cashflows,USD,0.95,HS1250,ALL_EQUIVARIANT,-0.0021412663430693,0.0027808482572062,0.0043165823055337,-5.8010667811816425,0,0.0015357340483275,1249,2021-12-31,2.5648157642860214e-18,2.5648157642860214e-18,-0.0111636206321082,0.0096482873570995,2022-09-23,2022-09-26,-0.0021412663430693,0.0027808482572062,0.0043165823055337,-5.8010667811816425,0,0.0015357340483275,1249,2021-12-31,2.5648157642860214e-18,2.5648157642860214e-18,-0.0111636206321082,0.0096482873570995,0.0,0.0,0.0
2022-09-22,2022-09-23,2022-09-26,net_cashflows,USD,0.99,HS1250,ALL_EQUIVARIANT,-0.0021412663430693,0.005214167662434,0.0070860705412785,-5.2137908775727535,0,0.0018719028788445,1249,2021-12-31,2.5648157642860214e-18,2.5648157642860214e-18,-0.0111636206321082,0.0096482873570995,2022-09-23,2022-09-26,-0.0021412663430693,0.005214167662434,0.0070860705412785,-5.2137908775727535,0,0.0018719028788445,1249,2021-12-31,2.5648157642860214e-18,2.5648157642860214e-18,-0.0111636206321082,0.0096482873570995,0.0,0.0,0.0
2022-09-22,2022-09-23,2022-09-26,funded_assets,EUR,0.95,EWMA_GAUSS,ALL_EQUIVARIANT,-0.0004193859832668,0.0068310149014208,0.0084807923549672,-4.96448244686111,0,0.0016497774535464,16384,2021-12-31,3.74049749507499e-18,3.74049749507499e-18,-0.0152252651664085,0.0159770769773079,2022-09-23,2022-09-26,-0.0004193859832668,0.0067714722581431,0.0084714397035287,-4.971725237647023,0,0.0016999674453856,65536,2021-12-31,5.3125906451789725e-18,5.3125906451789725e-18,-0.0174728508646695,0.0186026140401041,0.008793160631514934,0.001104021484636817,0.007242790785912945
2022-09-22,2022-09-23,2022-09-26,funded_assets,EUR,0.99,EWMA_GAUSS,ALL_EQUIVARIANT,-0.0004193859832668,0.0094769101867057,0.010884868475247,-4.649731718133227,0,0.0014079582885412,16384,2021-12-31,3.74049749507499e-18,3.74049749507499e-18,-0.0152252651664085,0.0159770769773079,2022-09-23,2022-09-26,-0.0004193859832668,0.0095469722895555,0.0109615854206547,-4.642410225892723,0,0.0014146131310992,65536,2021-12-31,5.3125906451789725e-18,5.3125906451789725e-18,-0.0174728508646695,0.0186026140401041,0.007338672484306838,0.006998708896903094,0.007321492240503602
2022-09-22,2022-09-23,2022-09-26,funded_assets,USD,0.95,EWMA_GAUSS,ALL_EQUIVARIANT,-0.0003730601446961,0.0068756617967259,0.0085697071551475,-4.957200043146958,0,0.0016940453584216,16384,2021-12-31,3.74049749507499e-18,3.74049749507499e-18,-0.0149770115075383,0.0163988841552707,2022-09-23,2022-09-26,-0.0003730601446961,0.0068087808829006,0.008560325906359,-4.965228971885246,0,0.0017515450234583,65536,2021-12-31,5.3125906451789725e-18,5.3125906451789725e-18,-0.0166614227120407,0.0189190439032936,0.009822744331993762,0.0010958985546952922,0.008028928738287533
2022-09-22,2022-09-23,2022-09-26,funded_assets,USD,0.99,EWMA_GAUSS,ALL_EQUIVARIANT,-0.0003730601446961,0.0095987436152332,0.0110211923478158,-4.637000150307649,0,0.0014224487325826,16384,2021-12-31,3.74049749507499e-18,3.74049749507499e-18,-0.0149770115075383,0.0163988841552707,2022-09-23,2022-09-26,-0.0003730601446961,0.0096733068921353,0.0111058671517851,-4.629273039707051,0,0.0014325602596497,65536,2021-12-31,5.3125906451789725e-18,5.3125906451789725e-18,-0.0166614227120407,0.0189190439032936,0.007708147558382769,0.007624330708448149,0.007727110600597165
2022-09-22,2022-09-23,2022-09-26,net_cashflows,EUR,0.95,EWMA_GAUSS,ALL_EQUIVARIANT,-0.0022199555539656,0.0044576654281131,0.0055934418288037,-5.389215482056352,0,0.0011357764006905,16384,2021-12-31,3.74049749507499e-18,3.74049749507499e-18,-0.0118209339586922,0.0104900368041096,2022-09-23,2022-09-26,-0.0022199555539656,0.0044598135528367,0.0055953557259236,-5.388762056277648,0,0.0011355421730869,65536,2021-12-31,5.3125906451789725e-18,5.3125906451789725e-18,-0.0118209339586922,0.0119852595106732,0.000481662450268487,0.0003420510176023476,0.0004534257787041085
2022-09-22,2022-09-23,2022-09-26,net_cashflows,EUR,0.99,EWMA_GAUSS,ALL_EQUIVARIANT,-0.0022199555539656,0.0063148114128335,0.007247725331878,-5.0557857735897125,0,0.0009329139190445,16384,2021-12-31,3.74049749507499e-18,3.74049749507499e-18,-0.0118209339586922,0.0104900368041096,2022-09-23,2022-09-26,-0.0022199555539656,0.0063118893502809,0.0072331497847316,-5.056447108483168,0,0.0009212604344506,65536,2021-12-31,5.3125906451789725e-18,5.3125906451789725e-18,-0.0118209339586922,0.0119852595106732,0.00046294578222763546,0.00201510373491324,0.0006613348934552121
2022-09-22,2022-09-23,2022-09-26,net_cashflows,USD,0.95,EWMA_GAUSS,ALL_EQUIVARIANT,-0.0021412663430693,0.0044752434680684,0.005627619820248,-5.384840229062712,0,0.0011523763521796,16384,2021-12-31,3.74049749507499e-18,3.74049749507499e-18,-0.0113435522473711,0.0106274103063788,2022-09-23,2022-09-26,-0.0021412663430693,0.0044780384841944,0.005630632984469,-5.384234110191796,0,0.0011525945002746,65536,2021-12-31,5.3125906451789725e-18,5.3125906451789725e-18,-0.0115368082055312,0.0122318802664195,0.0006241608096636414,0.0005351377419397365,0.0006061188709161058
2022-09-22,2022-09-23,2022-09-26,net_cashflows,USD,0.99,EWMA_GAUSS,ALL_EQUIVARIANT,-0.0021412663430693,0.006369759370352,0.0073068667415268,-5.047190957678945,0,0.0009371073711748,16384,2021-12-31,3.74049749507499e-18,3.74049749507499e-18,-0.0113435522473711,0.0106274103063788,2022-09-23,2022-09-26,-0.0021412663430693,0.0063608700387243,0.0072917691461678,-5.048673450242905,0,0.0009308991074435,65536,2021-12-31,5.3125906451789725e-18,5.3125906451789725e-18,-0.0115368082055312,0.0122318802664195,0.0013975024758535537,0.002070498264050778,0.0014824925639604913
2022-09-22,2022-09-23,2022-09-26,funded_assets,EUR,0.95,EWMA_SELFNORMALIZED,ALL_EQUIVARIANT,-0.0004193859832668,0.0067830991973144,0.008454052502957,-4.970760528999598,0,0.0016709533056425,16384,2021-12-31,4.119968255444917e-18,4.119968255444917e-18,-0.0146611918127113,0.0153852380075003,2022-09-23,2022-09-26,-0.0004193859832668,0.0067690505945316,0.0084614131814323,-4.972248525440441,0,0.0016923625869006,65536,2021-12-31,4.716279450311944e-18,4.716279450311944e-18,-0.0162393302626366,0.0157705128744302,0.0020754170155190535,0.0008699112450213585,0.0014879964408427426
2022-09-22,2022-09-23,2022-09-26,funded_assets,EUR,0.99,EWMA_SELFNORMALIZED,ALL_EQUIVARIANT,-0.0004193859832668,0.0095098533600172,0.0108318285219364,-4.647311822916903,0,0.0013219751619192,16384,2021-12-31,4.119968255444917e-18,4.119968255444917e-18,-0.0146611918127113,0.0153852380075003,2022-09-23,2022-09-26,-0.0004193859832668,0.0095762954064368,0.0108703398848958,-4.640760918028652,0,0.001294044478459,65536,2021-12-31,4.716279450311944e-18,4.716279450311944e-18,-0.0162393302626366,0.0157705128744302,0.0069381784499817425,0.0035427928995036473,0.006550904888250386
2022-09-22,2022-09-23,2022-09-26,funded_assets,USD,0.95,EWMA_SELFNORMALIZED,ALL_EQUIVARIANT,-0.0003730601446961,0.0068403872951188,0.0085391056365666,-4.962032991439385,0,0.0016987183414477,16384,2021-12-31,4.119968255444917e-18,4.119968255444917e-18,-0.0143669239107027,0.0159296364314329,2022-09-23,2022-09-26,-0.0003730601446961,0.0068178874795776,0.0085494272157386,-4.964423826118836,0,0.001731539736161,65536,2021-12-31,4.716279450311944e-18,4.716279450311944e-18,-0.0160963449053076,0.0160852092543573,0.003300115410909381,0.00120728312102593,0.002390834679451004
2022-09-22,2022-09-23,2022-09-26,funded_assets,USD,0.99,EWMA_SELFNORMALIZED,ALL_EQUIVARIANT,-0.0003730601446961,0.0096072897780018,0.0109705169481656,-4.636806683523689,0,0.0013632271701637,16384,2021-12-31,4.119968255444917e-18,4.119968255444917e-18,-0.0143669239107027,0.0159296364314329,2022-09-23,2022-09-26,-0.0003730601446961,0.0096862932077138,0.0110177796819937,-4.629093868992785,0,0.0013314864742799,65536,2021-12-31,4.716279450311944e-18,4.716279450311944e-18,-0.0160963449053076,0.0160852092543573,0.008156208780577111,0.004289678609687691,0.007712814530903778
2022-09-22,2022-09-23,2022-09-26,net_cashflows,EUR,0.95,EWMA_SELFNORMALIZED,ALL_EQUIVARIANT,-0.0022199555539656,0.0045076502561098,0.0056270718592078,-5.379101079340779,0,0.0011194216030979,16384,2021-12-31,4.119968255444917e-18,4.119968255444917e-18,-0.0087997484071681,0.0100619066106958,2022-09-23,2022-09-26,-0.0022199555539656,0.0044910304833042,0.0055939058378406,-5.383234098964218,0,0.0011028753545363,65536,2021-12-31,4.716279450311944e-18,4.716279450311944e-18,-0.0103401577690577,0.0104714379584045,0.003700659095364875,0.005928955961833447,0.00413301962343926
2022-09-22,2022-09-23,2022-09-26,net_cashflows,EUR,0.99,EWMA_SELFNORMALIZED,ALL_EQUIVARIANT,-0.0022199555539656,0.0063301260856793,0.0072463097382266,-5.053697455669922,0,0.0009161836525472,16384,2021-12-31,4.119968255444917e-18,4.119968255444917e-18,-0.0087997484071681,0.0100619066106958,2022-09-23,2022-09-26,-0.0022199555539656,0.0063054235937541,0.0071803709855366,-5.058256900135207,0,0.0008749473917824,65536,2021-12-31,4.716279450311944e-18,4.716279450311944e-18,-0.0103401577690577,0.0104714379584045,0.003917657800130865,0.009183195801835272,0.004559444465285445
2022-09-22,2022-09-23,2022-09-26,net_cashflows,USD,0.95,EWMA_SELFNORMALIZED,ALL_EQUIVARIANT,-0.0021412663430693,0.004522051379208,0.0056608851701912,-5.375350930065969,0,0.0011388337909832,16384,2021-12-31,4.119968255444917e-18,4.119968255444917e-18,-0.0087688063999092,0.0101718382419967,2022-09-23,2022-09-26,-0.0021412663430693,0.0045165527127708,0.0056284421631631,-5.377470925798779,0,0.0011118894503923,65536,2021-12-31,4.716279450311944e-18,4.716279450311944e-18,-0.010326770450556,0.0104633945707453,0.0012174476391369014,0.0057641183985920235,0.002119995732809521
2022-09-22,2022-09-23,2022-09-26,net_cashflows,USD,0.99,EWMA_SELFNORMALIZED,ALL_EQUIVARIANT,-0.0021412663430693,0.0063907429264617,0.0073093146027831,-5.044277154398089,0,0.0009185716763214,16384,2021-12-31,4.119968255444917e-18,4.119968255444917e-18,-0.0087688063999092,0.0101718382419967,2022-09-23,2022-09-26,-0.0021412663430693,0.0063522623901019,0.0072378877947016,-5.050785504457969,0,0.0008856254045996,65536,2021-12-31,4.716279450311944e-18,4.716279450311944e-18,-0.010326770450556,0.0104633945707453,0.0060577687124135785,0.009868460261816646,0.00650835005987993
2022-09-22,2022-09-23,2022-09-26,funded_assets,EUR,0.95,IN_FHS1250,EUR,-0.0004193859832668,0.0066084608774416,0.0087136587404066,-4.984460979321478,0,0.002105197862965,1249,2021-12-31,3.984442983884229e-18,3.984442983884229e-18,-0.0146429852750169,0.0187294098614767,2022-09-23,2022-09-26,-0.0004193859832668,0.0066084608774416,0.0087136587404066,-4.984460979321478,0,0.002105197862965,1249,2021-12-31,3.984442983884229e-18,3.984442983884229e-18,-0.0146429852750169,0.0187294098614767,0.0,0.0,0.0
2022-09-22,2022-09-23,2022-09-26,funded_assets,EUR,0.99,IN_FHS1250,EUR,-0.0004193859832668,0.0100442163778441,0.0118958471158115,-4.587219463578793,0,0.0018516307379673,1249,2021-12-31,3.984442983884229e-18,3.984442983884229e-18,-0.0146429852750169,0.0187294098614767,2022-09-23,2022-09-26,-0.0004193859832668,0.0100442163778441,0.0118958471158115,-4.587219463578793,0,0.0018516307379673,1249,2021-12-31,3.984442983884229e-18,3.984442983884229e-18,-0.0146429852750169,0.0187294098614767,0.0,0.0,0.0
2022-09-22,2022-09-23,2022-09-26,funded_assets,USD,0.95,IN_FHS1250,EUR,-0.0003730601446961,0.0066545124667288,0.0087844358660133,-4.977239362062853,0,0.0021299233992844,1249,2021-12-31,3.984442983884229e-18,3.984442983884229e-18,-0.0143814997478759,0.0189945853636748,2022-09-23,2022-09-26,-0.0003730601446961,0.0066545124667288,0.0087844358660133,-4.977239362062853,0,0.0021299233992844,1249,2021-12-31,3.984442983884229e-18,3.984442983884229e-18,-0.0143814997478759,0.0189945853636748,0.0,0.0,0.0
2022-09-22,2022-09-23,2022-09-26,funded_assets,USD,0.99,IN_FHS1250,EUR,-0.0003730601446961,0.0098815255216931,0.012025903220558,-4.599005588233342,0,0.0021443776988648,1249,2021-12-31,3.984442983884229e-18,3.984442983884229e-18,-0.0143814997478759,0.0189945853636748,2022-09-23,2022-09-26,-0.0003730601446961,0.0098815255216931,0.012025903220558,-4.599005588233342,0,0.0021443776988648,1249,2021-12-31,3.984442983884229e-18,3.984442983884229e-18,-0.0143814997478759,0.0189945853636748,0.0,0.0,0.0
2022-09-22,2022-09-23,2022-09-26,net_cashflows,EUR,0.95,IN_FHS1250,EUR,-0.0022199555539656,0.0042943168650101,0.0063510938256337,-5.382974324033977,0,0.0020567769606235,1249,2021-12-31,3.984442983884229e-18,3.984442983884229e-18,-0.0149612044756946,0.0148564386648545,2022-09-23,2022-09-26,-0.0022199555539656,0.0042943168650101,0.0063510938256337,-5.382974324033977,0,0.0020567769606235,1249,2021-12-31,3.984442983884229e-18,3.984442983884229e-18,-0.0149612044756946,0.0148564386648545,0.0,0.0,0.0
2022-09-22,2022-09-23,2022-09-26,net_cashflows,EUR,0.99,IN_FHS1250,EUR,-0.0022199555539656,0.007219446181419,0.0092846977712529,-4.901823694847529,0,0.0020652515898338,1249,2021-12-31,3.984442983884229e-18,3.984442983884229e-18,-0.0149612044756946,0.0148564386648545,2022-09-23,2022-09-26,-0.0022199555539656,0.007219446181419,0.0092846977712529,-4.901823694847529,0,0.0020652515898338,1249,2021-12-31,3.984442983884229e-18,3.984442983884229e-18,-0.0149612044756946,0.0148564386648545,0.0,0.0,0.0
2022-09-22,2022-09-23,2022-09-26,net_cashflows,USD,0.95,IN_FHS1250,EUR,-0.0021412663430693,0.0043192257706929,0.0064102668153785,-5.376056257532182,0,0.0020910410446856,1249,2021-12-31,3.984442983884229e-18,3.984442983884229e-18,-0.0146736188977286,0.0147633605756618,2022-09-23,2022-09-26,-0.0021412663430693,0.0043192257706929,0.0064102668153785,-5.376056257532182,0,0.0020910410446856,1249,2021-12-31,3.984442983884229e-18,3.984442983884229e-18,-0.0146736188977286,0.0147633605756618,0.0,0.0,0.0
2022-09-22,2022-09-23,2022-09-26,net_cashflows,USD,0.99,IN_FHS1250,EUR,-0.0021412663430693,0.0072938305503215,0.0094149731740616,-4.89074856705419,0,0.00212114262374,1249,2021-12-31,3.984442983884229e-18,3.984442983884229e-18,-0.0146736188977286,0.0147633605756618,2022-09-23,2022-09-26,-0.0021412663430693,0.0072938305503215,0.0094149731740616,-4.89074856705419,0,0.00212114262374,1249,2021-12-31,3.984442983884229e-18,3.984442983884229e-18,-0.0146736188977286,0.0147633605756618,0.0,0.0,0.0
2022-09-22,2022-09-23,2022-09-26,funded_assets,EUR,0.95,IN_TCOP1250,EUR,-0.0004193859832668,0.0067537231654131,0.008790419391759,-4.965787856661357,0,0.0020366962263459,16384,2021-12-31,4.8662042819759554e-18,4.8662042819759554e-18,-0.0172369312647149,0.0189605887139372,2022-09-23,2022-09-26,-0.0004193859832668,0.0067732792108007,0.0087745400966147,-4.963976793860104,0,0.002001260885814,65536,2021-12-31,5.864856126788776e-18,5.864856126788776e-18,-0.0201826952195354,0.0193759129989749,0.0028872344958724484,0.0018097011318491667,0.0018110628012530938
2022-09-22,2022-09-23,2022-09-26,funded_assets,EUR,0.99,IN_TCOP1250,EUR,-0.0004193859832668,0.0099126216027259,0.0118281279263789,-4.599219873891366,0,0.0019155063236529,16384,2021-12-31,4.8662042819759554e-18,4.8662042819759554e-18,-0.0172369312647149,0.0189605887139372,2022-09-23,2022-09-26,-0.0004193859832668,0.0100179928021543,0.0117393874830488,-4.591439753313463,0,0.0017213946808945,65536,2021-12-31,5.864856126788776e-18,5.864856126788776e-18,-0.0201826952195354,0.0193759129989749,0.010518194763100622,0.007559205576801857,0.007780120577902672
2022-09-22,2022-09-23,2022-09-26,funded_assets,USD,0.95,IN_TCOP1250,EUR,-0.0003730601446961,0.0067804494975749,0.0088787438602385,-4.960423029644232,0,0.0020982943626636,16384,2021-12-31,4.8662042819759554e-18,4.8662042819759554e-18,-0.0165908863629194,0.0194419498208033,2022-09-23,2022-09-26,-0.0003730601446961,0.0068290796711156,0.0088625368914489,-4.9553663718273135,0,0.0020334572203333,65536,2021-12-31,5.864856126788776e-18,5.864856126788776e-18,-0.0194897782009939,0.0198041269382051,0.007121043520166727,0.0018287053682380246,0.005056657816918886
2022-09-22,2022-09-23,2022-09-26,funded_assets,USD,0.99,IN_TCOP1250,EUR,-0.0003730601446961,0.0100555884238994,0.0119828217357536,-4.585114188807349,0,0.0019272333118541,16384,2021-12-31,4.8662042819759554e-18,4.8662042819759554e-18,-0.0165908863629194,0.0194419498208033,2022-09-23,2022-09-26,-0.0003730601446961,0.0101355768582883,0.0118940630110758,-4.579561616808342,0,0.0017584861527874,65536,2021-12-31,5.864856126788776e-18,5.864856126788776e-18,-0.0194897782009939,0.0198041269382051,0.007891848239845315,0.007462439419998655,0.00555257199900705
2022-09-22,2022-09-23,2022-09-26,net_cashflows,EUR,0.95,IN_TCOP1250,EUR,-0.0022199555539656,0.004644128309738,0.0061865748026754,-5.334695251060145,0,0.0015424464929373,16384,2021-12-31,4.8662042819759554e-18,4.8662042819759554e-18,-0.0161056980536381,0.0152453813217407,2022-09-23,2022-09-26,-0.0022199555539656,0.004649839340886,0.0061802913893524,-5.334024144727577,0,0.0015304520484664,65536,2021-12-31,5.864856126788776e-18,5.864856126788776e-18,-0.017626885696678,0.0170546666429202,0.001228221176973403,0.0010166856102974977,0.0006711063325681721
2022-09-22,2022-09-23,2022-09-26,net_cashflows,EUR,0.99,IN_TCOP1250,EUR,-0.0022199555539656,0.0071094130008037,0.0086403628906152,-4.928496528080673,0,0.0015309498898115,16384,2021-12-31,4.8662042819759554e-18,4.8662042819759554e-18,-0.0161056980536381,0.0152453813217407,2022-09-23,2022-09-26,-0.0022199555539656,0.0070990875468712,0.0086581907834999,-4.9293221306025705,0,0.0015591032366287,65536,2021-12-31,5.864856126788776e-18,5.864856126788776e-18,-0.017626885696678,0.0170546666429202,0.0014544762075868645,0.0020590783144528273,0.0008256025218971175
2022-09-22,2022-09-23,2022-09-26,net_cashflows,USD,0.95,IN_TCOP1250,EUR,-0.0021412663430693,0.0046725095909057,0.0062167615536526,-5.32890750838556,0,0.0015442519627469,16384,2021-12-31,4.8662042819759554e-18,4.8662042819759554e-18,-0.0160123279695682,0.0153202470363133,2022-09-23,2022-09-26,-0.0021412663430693,0.0046695192479163,0.0062093758660194,-5.329683845481531,0,0.001539856618103,65536,2021-12-31,5.864856126788776e-18,5.864856126788776e-18,-0.0175552616992631,0.0173720754443872,0.0006403963300364924,0.0011894412244582934,0.0007763370959708027
2022-09-22,2022-09-23,2022-09-26,net_cashflows,USD,0.99,IN_TCOP1250,EUR,-0.0021412663430693,0.007169393616066,0.0087003383134702,-4.920357179710533,0,0.0015309446974041,16384,2021-12-31,4.8662042819759554e-18,4.8662042819759554e-18,-0.0160123279695682,0.0153202470363133,2022-09-23,2022-09-26,-0.0021412663430693,0.0071567134976151,0.0087193506422274,-4.921425364584407,0,0.0015626371446123,65536,2021-12-31,5.864856126788776e-18,5.864856126788776e-18,-0.0175552616992631,0.0173720754443872,0.001771779526332276,0.002180475305709696,0.0010681848738745003
2022-09-22,2022-09-23,2022-09-26,funded_assets,EUR,0.95,IN_FHS1250,USD,-0.0004193859832668,0.0064657446941423,0.0086033154673085,-5.0040665858666555,0,0.0021375707731662,1249,2021-12-31,2.9408983928669308e-18,2.9408983928669308e-18,-0.0149263082527437,0.019014434349171,2022-09-23,2022-09-26,-0.0004193859832668,0.0064657446941423,0.0086033154673085,-5.0040665858666555,0,0.0021375707731662,1249,2021-12-31,2.9408983928669308e-18,2.9408983928669308e-18,-0.0149263082527437,0.019014434349171,0.0,0.0,0.0
2022-09-22,2022-09-23,2022-09-26,funded_assets,EUR,0.99,IN_FHS1250,USD,-0.0004193859832668,0.0097305526506075,0.0117786572072056,-4.615348782791673,0,0.0020481045565981,1249,2021-12-31,2.9408983928669308e-18,2.9408983928669308e-18,-0.0149263082527437,0.019014434349171,2022-09-23,2022-09-26,-0.0004193859832668,0.0097305526506075,0.0117786572072056,-4.615348782791673,0,0.0020481045565981,1249,2021-12-31,2.9408983928669308e-18,2.9408983928669308e-18,-0.0149263082527437,0.019014434349171,0.0,0.0,0.0
2022-09-22,2022-09-23,2022-09-26,funded_assets,USD,0.95,IN_FHS1250,USD,-0.0003730601446961,0.0065278059798641,0.0086648709309878,-4.995113771752258,0,0.0021370649511236,1249,2021-12-31,2.9408983928669308e-18,2.9408983928669308e-18,-0.0148069617766715,0.0192752415845141,2022-09-23,2022-09-26,-0.0003730601446961,0.0065278059798641,0.0086648709309878,-4.995113771752258,0,0.0021370649511236,1249,2021-12-31,2.9408983928669308e-18,2.9408983928669308e-18,-0.0148069617766715,0.0192752415845141,0.0,0.0,0.0
2022-09-22,2022-09-23,2022-09-26,funded_assets,USD,0.99,IN_FHS1250,USD,-0.0003730601446961,0.0099014596037396,0.0118961919333257,-4.599215159162686,0,0.0019947323295861,1249,2021-12-31,2.9408983928669308e-18,2.9408983928669308e-18,-0.0148069617766715,0.0192752415845141,2022-09-23,2022-09-26,-0.0003730601446961,0.0099014596037396,0.0118961919333257,-4.599215159162686,0,0.0019947323295861,1249,2021-12-31,2.9408983928669308e-18,2.9408983928669308e-18,-0.0148069617766715,0.0192752415845141,0.0,0.0,0.0
2022-09-22,2022-09-23,2022-09-26,net_cashflows,EUR,0.95,IN_FHS1250,USD,-0.0022199555539656,0.005076119518849,0.0064975871760967,-5.255092914241767,0,0.0014214676572477,1249,2021-12-31,2.9408983928669308e-18,2.9408983928669308e-18,-0.0095838662368694,0.0111416553258857,2022-09-23,2022-09-26,-0.0022199555539656,0.005076119518849,0.0064975871760967,-5.255092914241767,0,0.0014214676572477,1249,2021-12-31,2.9408983928669308e-18,2.9408983928669308e-18,-0.0095838662368694,0.0111416553258857,0.0,0.0,0.0
2022-09-22,2022-09-23,2022-09-26,net_cashflows,EUR,0.99,IN_FHS1250,USD,-0.0022199555539656,0.0073557282056743,0.0086628021529211,-4.899600538962919,0,0.0013070739472467,1249,2021-12-31,2.9408983928669308e-18,2.9408983928669308e-18,-0.0095838662368694,0.0111416553258857,2022-09-23,2022-09-26,-0.0022199555539656,0.0073557282056743,0.0086628021529211,-4.899600538962919,0,0.0013070739472467,1249,2021-12-31,2.9408983928669308e-18,2.9408983928669308e-18,-0.0095838662368694,0.0111416553258857,0.0,0.0,0.0
2022-09-22,2022-09-23,2022-09-26,net_cashflows,USD,0.95,IN_FHS1250,USD,-0.0021412663430693,0.0051402195703016,0.006565847173924,-5.243001482482464,0,0.0014256276036224,1249,2021-12-31,2.9408983928669308e-18,2.9408983928669308e-18,-0.0096138418739741,0.0110400854949944,2022-09-23,2022-09-26,-0.0021412663430693,0.0051402195703016,0.006565847173924,-5.243001482482464,0,0.0014256276036224,1249,2021-12-31,2.9408983928669308e-18,2.9408983928669308e-18,-0.0096138418739741,0.0110400854949944,0.0,0.0,0.0
2022-09-22,2022-09-23,2022-09-26,net_cashflows,USD,0.99,IN_FHS1250,USD,-0.0021412663430693,0.007430922556986,0.0087529841857179,-4.8894018319440615,0,0.0013220616287319,1249,2021-12-31,2.9408983928669308e-18,2.9408983928669308e-18,-0.0096138418739741,0.0110400854949944,2022-09-23,2022-09-26,-0.0021412663430693,0.007430922556986,0.0087529841857179,-4.8894018319440615,0,0.0013220616287319,1249,2021-12-31,2.9408983928669308e-18,2.9408983928669308e-18,-0.0096138418739741,0.0110400854949944,0.0,0.0,0.0
2022-09-22,2022-09-23,2022-09-26,funded_assets,EUR,0.95,IN_TCOP1250,USD,-0.0004193859832668,0.0069008714884959,0.0088653167449901,-4.947196322576643,0,0.0019644452564941,16384,2021-12-31,6.708500942254059e-18,6.708500942254059e-18,-0.0229736269449233,0.01759566575845,2022-09-23,2022-09-26,-0.0004193859832668,0.0068489811336687,0.0089213278521936,-4.951601766993531,0,0.0020723467185249,65536,2021-12-31,6.708500942254059e-18,6.708500942254059e-18,-0.0229736269449233,0.0249168519447875,0.0075763611863542924,0.006278337499919061,0.004405444416888393
2022-09-22,2022-09-23,2022-09-26,funded_assets,EUR,0.99,IN_TCOP1250,USD,-0.0004193859832668,0.0100083164005773,0.0118529604702218,-4.590804899942787,0,0.0018446440696444,16384,2021-12-31,6.708500942254059e-18,6.708500942254059e-18,-0.0229736269449233,0.01759566575845,2022-09-23,2022-09-26,-0.0004193859832668,0.0101965877178203,0.0120814526524358,-4.57209694547374,0,0.0018848649346155,65536,2021-12-31,6.708500942254059e-18,6.708500942254059e-18,-0.0229736269449233,0.0249168519447875,0.01846414922846815,0.0189126414502756,0.01870795446904694
2022-09-22,2022-09-23,2022-09-26,funded_assets,USD,0.95,IN_TCOP1250,USD,-0.0003730601446961,0.0069655591311042,0.0089550743615254,-4.9377011830098,0,0.0019895152304211,16384,2021-12-31,6.708500942254059e-18,6.708500942254059e-18,-0.0228934516656127,0.0179608551496921,2022-09-23,2022-09-26,-0.0003730601446961,0.0069151746409423,0.0090110427468279,-4.941893335897179,0,0.0020958681058856,65536,2021-12-31,6.708500942254059e-18,6.708500942254059e-18,-0.0228934516656127,0.025441819808956,0.00728607631448548,0.006211088647005049,0.004192152887378953
2022-09-22,2022-09-23,2022-09-26,funded_assets,USD,0.99,IN_TCOP1250,USD,-0.0003730601446961,0.0100628431506989,0.0119883569489619,-4.58443467533545,0,0.001925513798263,16384,2021-12-31,6.708500942254059e-18,6.708500942254059e-18,-0.0228934516656127,0.0179608551496921,2022-09-23,2022-09-26,-0.0003730601446961,0.0102911142770068,0.0122320167531049,-4.562372395764397,0,0.001940902476098,65536,2021-12-31,6.708500942254059e-18,6.708500942254059e-18,-0.0228934516656127,0.025441819808956,0.02218138096259617,0.01991983898167486,0.022062279571052557
2022-09-22,2022-09-23,2022-09-26,net_cashflows,EUR,0.95,IN_TCOP1250,USD,-0.0022199555539656,0.0049837398354929,0.0064010203870472,-5.272712650657577,0,0.0014172805515542,16384,2021-12-31,6.708500942254059e-18,6.708500942254059e-18,-0.0106736969746719,0.0139682870556486,2022-09-23,2022-09-26,-0.0022199555539656,0.0049424635308869,0.0063558325704964,-5.28075592068071,0,0.0014133690396095,65536,2021-12-31,6.708500942254059e-18,6.708500942254059e-18,-0.0121022175584367,0.0139682870556486,0.008351362503345196,0.007109661252022437,0.008043270023133431
2022-09-22,2022-09-23,2022-09-26,net_cashflows,EUR,0.99,IN_TCOP1250,USD,-0.0022199555539656,0.0072551365741338,0.0084489059711347,-4.915011095018079,0,0.0011937693970009,16384,2021-12-31,6.708500942254059e-18,6.708500942254059e-18,-0.0106736969746719,0.0139682870556486,2022-09-23,2022-09-26,-0.0022199555539656,0.0072225064267931,0.0083291035961616,-4.920858535509876,0,0.0011065971693685,65536,2021-12-31,6.708500942254059e-18,6.708500942254059e-18,-0.0121022175584367,0.0139682870556486,0.00451784261757844,0.01438358565119899,0.0058474404917969736
2022-09-22,2022-09-23,2022-09-26,net_cashflows,USD,0.95,IN_TCOP1250,USD,-0.0021412663430693,0.0050100398885166,0.0064418225872698,-5.267207371556359,0,0.0014317826987531,16384,2021-12-31,6.708500942254059e-18,6.708500942254059e-18,-0.010391731364946,0.0142220550561686,2022-09-23,2022-09-26,-0.0021412663430693,0.0049639943639068,0.0063957449255891,-5.275982224801752,0,0.0014317505616822,65536,2021-12-31,6.708500942254059e-18,6.708500942254059e-18,-0.0117500039564237,0.0142220550561686,0.00927590187140356,0.007204424537999529,0.008774853245393288
2022-09-22,2022-09-23,2022-09-26,net_cashflows,USD,0.99,IN_TCOP1250,USD,-0.0021412663430693,0.0072963543312192,0.0085179269030924,-4.908994246582429,0,0.0012215725718732,16384,2021-12-31,6.708500942254059e-18,6.708500942254059e-18,-0.010391731364946,0.0142220550561686,2022-09-23,2022-09-26,-0.0021412663430693,0.0072645884752786,0.0083990053786482,-4.914707611557257,0,0.0011344169033695,65536,2021-12-31,6.708500942254059e-18,6.708500942254059e-18,-0.0117500039564237,0.0142220550561686,0.004372698611724438,0.01415900086771218,0.005713364974828217
2022-09-22,2022-09-23,2022-09-26,funded_assets,EUR,0.95,IN_FHS1250,GBP,-0.0004193859832668,0.0050648733402746,0.0068221562325391,-5.245164368425513,0,0.0017572828922645,1249,2021-12-31,3.903127820947816e-18,3.903127820947816e-18,-0.0147305936193776,0.0121209793416717,2022-09-23,2022-09-26,-0.0004193859832668,0.0050648733402746,0.0068221562325391,-5.245164368425513,0,0.0017572828922645,1249,2021-12-31,3.903127820947816e-18,3.903127820947816e-18,-0.0147305936193776,0.0121209793416717,0.0,0.0,0.0
2022-09-22,2022-09-23,2022-09-26,funded_assets,EUR,0.99,IN_FHS1250,GBP,-0.0004193859832668,0.0077463301093458,0.0095464331949912,-4.840150577262158,0,0.0018001030856454,1249,2021-12-31,3.903127820947816e-18,3.903127820947816e-18,-0.0147305936193776,0.0121209793416717,2022-09-23,2022-09-26,-0.0004193859832668,0.0077463301093458,0.0095464331949912,-4.840150577262158,0,0.0018001030856454,1249,2021-12-31,3.903127820947816e-18,3.903127820947816e-18,-0.0147305936193776,0.0121209793416717,0.0,0.0,0.0
2022-09-22,2022-09-23,2022-09-26,funded_assets,USD,0.95,IN_FHS1250,GBP,-0.0003730601446961,0.0051237364553047,0.0068682423841577,-5.234843020916551,0,0.001744505928853,1249,2021-12-31,3.903127820947816e-18,3.903127820947816e-18,-0.014454724416757,0.0123484565665409,2022-09-23,2022-09-26,-0.0003730601446961,0.0051237364553047,0.0068682423841577,-5.234843020916551,0,0.001744505928853,1249,2021-12-31,3.903127820947816e-18,3.903127820947816e-18,-0.014454724416757,0.0123484565665409,0.0,0.0,0.0
2022-09-22,2022-09-23,2022-09-26,funded_assets,USD,0.99,IN_FHS1250,GBP,-0.0003730601446961,0.0077070372092373,0.0096310701703507,-4.842534468385449,0,0.0019240329611133,1249,2021-12-31,3.903127820947816e-18,3.903127820947816e-18,-0.014454724416757,0.0123484565665409,2022-09-23,2022-09-26,-0.0003730601446961,0.0077070372092373,0.0096310701703507,-4.842534468385449,0,0.0019240329611133,1249,2021-12-31,3.903127820947816e-18,3.903127820947816e-18,-0.014454724416757,0.0123484565665409,0.0,0.0,0.0
2022-09-22,2022-09-23,2022-09-26,net_cashflows,EUR,0.95,IN_FHS1250,GBP,-0.0022199555539656,0.0037661734439072,0.0054121080198039,-5.523237401286761,0,0.0016459345758966,1249,2021-12-31,3.903127820947816e-18,3.903127820947816e-18,-0.0111184195221343,0.0110574857727114,2022-09-23,2022-09-26,-0.0022199555539656,0.0037661734439072,0.0054121080198039,-5.523237401286761,0,0.0016459345758966,1249,2021-12-31,3.903127820947816e-18,3.903127820947816e-18,-0.0111184195221343,0.0110574857727114,0.0,0.0,0.0
2022-09-22,2022-09-23,2022-09-26,net_cashflows,EUR,0.99,IN_FHS1250,GBP,-0.0022199555539656,0.0063334718234423,0.0080337256046793,-5.035746411720164,0,0.0017002537812369,1249,2021-12-31,3.903127820947816e-18,3.903127820947816e-18,-0.0111184195221343,0.0110574857727114,2022-09-23,2022-09-26,-0.0022199555539656,0.0063334718234423,0.0080337256046793,-5.035746411720164,0,0.0017002537812369,1249,2021-12-31,3.903127820947816e-18,3.903127820947816e-18,-0.0111184195221343,0.0110574857727114,0.0,0.0,0.0
2022-09-22,2022-09-23,2022-09-26,net_cashflows,USD,0.95,IN_FHS1250,GBP,-0.0021412663430693,0.0037937981374886,0.0054464315684983,-5.51622881072801,0,0.0016526334310097,1249,2021-12-31,3.903127820947816e-18,3.903127820947816e-18,-0.0109731077933715,0.0114677339032578,2022-09-23,2022-09-26,-0.0021412663430693,0.0037937981374886,0.0054464315684983,-5.51622881072801,0,0.0016526334310097,1249,2021-12-31,3.903127820947816e-18,3.903127820947816e-18,-0.0109731077933715,0.0114677339032578,0.0,0.0,0.0
2022-09-22,2022-09-23,2022-09-26,net_cashflows,USD,0.99,IN_FHS1250,GBP,-0.0021412663430693,0.0063753607393662,0.0081276488090029,-5.028079534747078,0,0.0017522880696366,1249,2021-12-31,3.903127820947816e-18,3.903127820947816e-18,-0.0109731077933715,0.0114677339032578,2022-09-23,2022-09-26,-0.0021412663430693,0.0063753607393662,0.0081276488090029,-5.028079534747078,0,0.0017522880696366,1249,2021-12-31,3.903127820947816e-18,3.903127820947816e-18,-0.0109731077933715,0.0114677339032578,0.0,0.0,0.0
2022-09-22,2022-09-23,2022-09-26,funded_assets,EUR,0.95,IN_TCOP1250,GBP,-0.0004193859832668,0.0048969886865315,0.0064599552113089,-5.284079854393725,0,0.0015629665247774,16384,2021-12-31,4.145802760336173e-18,4.145802760336173e-18,-0.018135897833844,0.0140121080739968,2022-09-23,2022-09-26,-0.0004193859832668,0.0049250531111078,0.0065165272431608,-5.277634880793324,0,0.0015914741320529,65536,2021-12-31,6.181646449061885e-18,6.181646449061885e-18,-0.018135897833844,0.0195202252714035,0.00569829886971255,0.008681315943438008,0.0064449736004004166
2022-09-22,2022-09-23,2022-09-26,funded_assets,EUR,0.99,IN_TCOP1250,GBP,-0.0004193859832668,0.0074422066332423,0.0088326288949726,-4.8867214331549835,0,0.0013904222617302,16384,2021-12-31,4.145802760336173e-18,4.145802760336173e-18,-0.018135897833844,0.0140121080739968,2022-09-23,2022-09-26,-0.0004193859832668,0.0074732521364605,0.0090462580170814,-4.879288787673967,0,0.0015730058806208,65536,2021-12-31,6.181646449061885e-18,6.181646449061885e-18,-0.018135897833844,0.0195202252714035,0.004154215949269859,0.023615192238096664,0.007432645481016742
2022-09-22,2022-09-23,2022-09-26,funded_assets,USD,0.95,IN_TCOP1250,GBP,-0.0003730601446961,0.0049294811035094,0.0065106684635341,-5.277174131071222,0,0.0015811873600246,16384,2021-12-31,4.145802760336173e-18,4.145802760336173e-18,-0.0179280279608857,0.0141770480857727,2022-09-23,2022-09-26,-0.0003730601446961,0.0049488891863036,0.0065681546251827,-5.272055147900804,0,0.0016192654388791,65536,2021-12-31,6.181646449061885e-18,6.181646449061885e-18,-0.0179280279608857,0.019950884425717,0.003921704864176988,0.00875225461778795,0.005118983170417479
2022-09-22,2022-09-23,2022-09-26,funded_assets,USD,0.99,IN_TCOP1250,GBP,-0.0003730601446961,0.0075269034269405,0.0089176275128195,-4.8756775928545615,0,0.0013907240858789,16384,2021-12-31,4.145802760336173e-18,4.145802760336173e-18,-0.0179280279608857,0.0141770480857727,2022-09-23,2022-09-26,-0.0003730601446961,0.0075538347523409,0.0091399855688965,-4.868636223060993,0,0.0015861508165556,65536,2021-12-31,6.181646449061885e-18,6.181646449061885e-18,-0.0179280279608857,0.019950884425717,0.0035652521246978966,0.024328053299524772,0.007041369793568286
2022-09-22,2022-09-23,2022-09-26,net_cashflows,EUR,0.95,IN_TCOP1250,GBP,-0.0022199555539656,0.004160682902484,0.0053735750631209,-5.451976037974204,0,0.0012128921606368,16384,2021-12-31,4.145802760336173e-18,4.145802760336173e-18,-0.010382225924769,0.0131066174927875,2022-09-23,2022-09-26,-0.0022199555539656,0.0041187739174343,0.0053229517604544,-5.4619509874653405,0,0.00120417784302,65536,2021-12-31,6.181646449061885e-18,6.181646449061885e-18,-0.0135591011419007,0.0136320812309848,0.010175111790502525,0.009510381634978126,0.009974949491136087
2022-09-22,2022-09-23,2022-09-26,net_cashflows,EUR,0.99,IN_TCOP1250,GBP,-0.0022199555539656,0.0060176998990407,0.0072819556156984,-5.095970685953548,0,0.0012642557166577,16384,2021-12-31,4.145802760336173e-18,4.145802760336173e-18,-0.010382225924769,0.0131066174927875,2022-09-23,2022-09-26,-0.0022199555539656,0.0060285828909788,0.0071371239979106,-5.097765806588916,0,0.0011085411069318,65536,2021-12-31,6.181646449061885e-18,6.181646449061885e-18,-0.0135591011419007,0.0136320812309848,0.001805232197169418,0.02029271424038583,0.0017951206353687965
2022-09-22,2022-09-23,2022-09-26,net_cashflows,USD,0.95,IN_TCOP1250,GBP,-0.0021412663430693,0.0041674717549195,0.0053911826011938,-5.4499742620653775,0,0.0012237108462742,16384,2021-12-31,4.145802760336173e-18,4.145802760336173e-18,-0.0103948245212272,0.0135162514181709,2022-09-23,2022-09-26,-0.0021412663430693,0.0041235686491374,0.0053396006771365,-5.4603427921031775,0,0.001216032027999,65536,2021-12-31,6.181646449061885e-18,6.181646449061885e-18,-0.0132673606664051,0.0139536448738749,0.01064687156142865,0.009660258730239313,0.010368530037800028
2022-09-22,2022-09-23,2022-09-26,net_cashflows,USD,0.99,IN_TCOP1250,GBP,-0.0021412663430693,0.0060417181461434,0.0073199031614278,-5.091775929728948,0,0.0012781850152843,16384,2021-12-31,4.145802760336173e-18,4.145802760336173e-18,-0.0103948245212272,0.0135162514181709,2022-09-23,2022-09-26,-0.0021412663430693,0.0060462630393566,0.0071744515456774,-5.09447979629216,0,0.0011281885063208,65536,2021-12-31,6.181646449061885e-18,6.181646449061885e-18,-0.0132673606664051,0.0139536448738749,0.0007516863198997777,0.02027355189791955,0.0027038665632117542
2022-09-22,2022-09-23,2022-09-26,funded_assets,EUR,0.95,IN_FHS1250,JPY,-0.0004193859832668,0.0065844031084943,0.0089214526244556,-4.981254902186722,0,0.0023370495159612,1249,2021-12-31,5.651403824080693e-18,5.651403824080693e-18,-0.0159562390258833,0.0265189543862175,2022-09-23,2022-09-26,-0.0004193859832668,0.0065844031084943,0.0089214526244556,-4.981254902186722,0,0.0023370495159612,1249,2021-12-31,5.651403824080693e-18,5.651403824080693e-18,-0.0159562390258833,0.0265189543862175,0.0,0.0,0.0
2022-09-22,2022-09-23,2022-09-26,funded_assets,EUR,0.99,IN_FHS1250,JPY,-0.0004193859832668,0.0105778445957185,0.0133338318750421,-4.524142041238229,0,0.0027559872793235,1249,2021-12-31,5.651403824080693e-18,5.651403824080693e-18,-0.0159562390258833,0.0265189543862175,2022-09-23,2022-09-26,-0.0004193859832668,0.0105778445957185,0.0133338318750421,-4.524142041238229,0,0.0027559872793235,1249,2021-12-31,5.651403824080693e-18,5.651403824080693e-18,-0.0159562390258833,0.0265189543862175,0.0,0.0,0.0
2022-09-22,2022-09-23,2022-09-26,funded_assets,USD,0.95,IN_FHS1250,JPY,-0.0003730601446961,0.0066426583132686,0.0090177782730776,-4.971939229070265,0,0.002375119959809,1249,2021-12-31,5.651403824080693e-18,5.651403824080693e-18,-0.0159315331026349,0.0270657802141785,2022-09-23,2022-09-26,-0.0003730601446961,0.0066426583132686,0.0090177782730776,-4.971939229070265,0,0.002375119959809,1249,2021-12-31,5.651403824080693e-18,5.651403824080693e-18,-0.0159315331026349,0.0270657802141785,0.0,0.0,0.0
2022-09-22,2022-09-23,2022-09-26,funded_assets,USD,0.99,IN_FHS1250,JPY,-0.0003730601446961,0.0105289704679512,0.0135466403973255,-4.524378203150101,0,0.0030176699293742,1249,2021-12-31,5.651403824080693e-18,5.651403824080693e-18,-0.0159315331026349,0.0270657802141785,2022-09-23,2022-09-26,-0.0003730601446961,0.0105289704679512,0.0135466403973255,-4.524378203150101,0,0.0030176699293742,1249,2021-12-31,5.651403824080693e-18,5.651403824080693e-18,-0.0159315331026349,0.0270657802141785,0.0,0.0,0.0
2022-09-22,2022-09-23,2022-09-26,net_cashflows,EUR,0.95,IN_FHS1250,JPY,-0.0022199555539656,0.0049452457850511,0.0064854997807724,-5.275678347920826,0,0.0015402539957213,1249,2021-12-31,5.651403824080693e-18,5.651403824080693e-18,-0.0107726282184061,0.0127024846114033,2022-09-23,2022-09-26,-0.0022199555539656,0.0049452457850511,0.0064854997807724,-5.275678347920826,0,0.0015402539957213,1249,2021-12-31,5.651403824080693e-18,5.651403824080693e-18,-0.0107726282184061,0.0127024846114033,0.0,0.0,0.0
2022-09-22,2022-09-23,2022-09-26,net_cashflows,EUR,0.99,IN_FHS1250,JPY,-0.0022199555539656,0.0075154712828952,0.0088917268051656,-4.877413337560257,0,0.0013762555222704,1249,2021-12-31,5.651403824080693e-18,5.651403824080693e-18,-0.0107726282184061,0.0127024846114033,2022-09-23,2022-09-26,-0.0022199555539656,0.0075154712828952,0.0088917268051656,-4.877413337560257,0,0.0013762555222704,1249,2021-12-31,5.651403824080693e-18,5.651403824080693e-18,-0.0107726282184061,0.0127024846114033,0.0,0.0,0.0
2022-09-22,2022-09-23,2022-09-26,net_cashflows,USD,0.95,IN_FHS1250,JPY,-0.0021412663430693,0.0049347363594686,0.006576912642575,-5.27387786513636,0,0.0016421762831063,1249,2021-12-31,5.651403824080693e-18,5.651403824080693e-18,-0.0105048119072321,0.0126799686710455,2022-09-23,2022-09-26,-0.0021412663430693,0.0049347363594686,0.006576912642575,-5.27387786513636,0,0.0016421762831063,1249,2021-12-31,5.651403824080693e-18,5.651403824080693e-18,-0.0105048119072321,0.0126799686710455,0.0,0.0,0.0
2022-09-22,2022-09-23,2022-09-26,net_cashflows,USD,0.99,IN_FHS1250,JPY,-0.0021412663430693,0.0076781459914304,0.0090050893330814,-4.857320202669849,0,0.0013269433416509,1249,2021-12-31,5.651403824080693e-18,5.651403824080693e-18,-0.0105048119072321,0.0126799686710455,2022-09-23,2022-09-26,-0.0021412663430693,0.0076781459914304,0.0090050893330814,-4.857320202669849,0,0.0013269433416509,1249,2021-12-31,5.651403824080693e-18,5.651403824080693e-18,-0.0105048119072321,0.0126799686710455,0.0,0.0,0.0
2022-09-22,2022-09-23,2022-09-26,funded_assets,EUR,0.95,IN_TCOP1250,JPY,-0.0004193859832668,0.0067909986779062,0.0089740305170833,-4.956681393283564,0,0.002183031839177,16384,2021-12-31,5.4752209710517974e-18,5.4752209710517974e-18,-0.0241283094096262,0.0205520865426505,2022-09-23,2022-09-26,-0.0004193859832668,0.0068025224887171,0.0090182920388761,-4.954197565124606,0,0.002215769550159,65536,2021-12-31,5.936006894358137e-18,5.936006894358137e-18,-0.0241283094096262,0.0254251654092884,0.0016940496455562445,0.004907971664922328,0.002483828158957202
2022-09-22,2022-09-23,2022-09-26,funded_assets,EUR,0.99,IN_TCOP1250,JPY,-0.0004193859832668,0.0102914704926489,0.0121962833032784,-4.562803798265318,0,0.0019048128106295,16384,2021-12-31,5.4752209710517974e-18,5.4752209710517974e-18,-0.0241283094096262,0.0205520865426505,2022-09-23,2022-09-26,-0.0004193859832668,0.0103096690495082,0.012440952369471,-4.5580735481591645,0,0.0021312833199627,65536,2021-12-31,5.936006894358137e-18,5.936006894358137e-18,-0.0241283094096262,0.0254251654092884,0.0017651931184123346,0.019666425762789472,0.004730250106153022
2022-09-22,2022-09-23,2022-09-26,funded_assets,USD,0.95,IN_TCOP1250,JPY,-0.0003730601446961,0.0068341497946738,0.0090819307389791,-4.948968812361919,0,0.0022477809443053,16384,2021-12-31,5.4752209710517974e-18,5.4752209710517974e-18,-0.0237839455065058,0.0211436230082308,2022-09-23,2022-09-26,-0.0003730601446961,0.0068608463324821,0.0091265586114283,-4.944821419819814,0,0.0022657122789461,65536,2021-12-31,5.936006894358137e-18,5.936006894358137e-18,-0.0237839455065058,0.0258493233888283,0.003891143528737504,0.004889890521638327,0.004147392542105166
2022-09-22,2022-09-23,2022-09-26,funded_assets,USD,0.99,IN_TCOP1250,JPY,-0.0003730601446961,0.0104917090671756,0.0123770003691495,-4.544237487210523,0,0.0018852913019739,16384,2021-12-31,5.4752209710517974e-18,5.4752209710517974e-18,-0.0237839455065058,0.0211436230082308,2022-09-23,2022-09-26,-0.0003730601446961,0.0104817300116092,0.0126448375320886,-4.541572701528777,0,0.0021631075204794,65536,2021-12-31,5.936006894358137e-18,5.936006894358137e-18,-0.0237839455065058,0.0258493233888283,0.0009520427978347298,0.021181542448403437,0.002664785681746551
2022-09-22,2022-09-23,2022-09-26,net_cashflows,EUR,0.95,IN_TCOP1250,JPY,-0.0022199555539656,0.0048848683187872,0.0063839393719125,-5.288789040096384,0,0.0014990710531253,16384,2021-12-31,5.4752209710517974e-18,5.4752209710517974e-18,-0.0135148153974921,0.015131305737575,2022-09-23,2022-09-26,-0.0022199555539656,0.0048907807267157,0.0064009358845292,-5.28723831065536,0,0.0015101551578134,65536,2021-12-31,5.936006894358137e-18,5.936006894358137e-18,-0.0144483606589528,0.0152406442802616,0.0012088883674958313,0.0026553168041848155,0.001550729441023968
2022-09-22,2022-09-23,2022-09-26,net_cashflows,EUR,0.99,IN_TCOP1250,JPY,-0.0022199555539656,0.007193939300343,0.0086261086683772,-4.918989064088992,0,0.0014321693680342,16384,2021-12-31,5.4752209710517974e-18,5.4752209710517974e-18,-0.0135148153974921,0.015131305737575,2022-09-23,2022-09-26,-0.0022199555539656,0.0073236844898038,0.0086686695002046,-4.903194682609804,0,0.0013449850104008,65536,2021-12-31,5.936006894358137e-18,5.936006894358137e-18,-0.0144483606589528,0.0152406442802616,0.01771583547071617,0.0049097305908820665,0.015794381479187436
2022-09-22,2022-09-23,2022-09-26,net_cashflows,USD,0.95,IN_TCOP1250,JPY,-0.0021412663430693,0.0049044281942981,0.0064498501565986,-5.283304250624241,0,0.0015454219623004,16384,2021-12-31,5.4752209710517974e-18,5.4752209710517974e-18,-0.0134786908918107,0.0160476316025586,2022-09-23,2022-09-26,-0.0021412663430693,0.0049321530272748,0.0064678379052212,-5.278347437696208,0,0.0015356848779463,65536,2021-12-31,5.936006894358137e-18,5.936006894358137e-18,-0.0140865714630196,0.0160476316025586,0.005621243465760723,0.0027811068994291767,0.004956812928032406
2022-09-22,2022-09-23,2022-09-26,net_cashflows,USD,0.99,IN_TCOP1250,JPY,-0.0021412663430693,0.0072731029113949,0.0087381763779771,-4.907717289976297,0,0.0014650734665822,16384,2021-12-31,5.4752209710517974e-18,5.4752209710517974e-18,-0.0134786908918107,0.0160476316025586,2022-09-23,2022-09-26,-0.0021412663430693,0.0074043781520295,0.0087913925830134,-4.891751744874982,0,0.0013870144309839,65536,2021-12-31,5.936006894358137e-18,5.936006894358137e-18,-0.0140865714630196,0.0160476316025586,0.017729407917749074,0.0060532167724057775,0.01596554510131476
2022-09-22,2022-09-23,2022-09-26,funded_assets,EUR,0.95,IN_FHS1250,CHF,-0.0004193859832668,0.0092465612912589,0.0118531745396143,-4.655068004295217,0,0.0026066132483554,1249,2021-12-31,4.512991542970912e-18,4.512991542970912e-18,-0.019641975909194,0.0178206426040249,2022-09-23,2022-09-26,-0.0004193859832668,0.0092465612912589,0.0118531745396143,-4.655068004295217,0,0.0026066132483554,1249,2021-12-31,4.512991542970912e-18,4.512991542970912e-18,-0.019641975909194,0.0178206426040249,0.0,0.0,0.0
2022-09-22,2022-09-23,2022-09-26,funded_assets,EUR,0.99,IN_FHS1250,CHF,-0.0004193859832668,0.0135862440627042,0.0157485697725216,-4.288308715408668,0,0.0021623257098173,1249,2021-12-31,4.512991542970912e-18,4.512991542970912e-18,-0.019641975909194,0.0178206426040249,2022-09-23,2022-09-26,-0.0004193859832668,0.0135862440627042,0.0157485697725216,-4.288308715408668,0,0.0021623257098173,1249,2021-12-31,4.512991542970912e-18,4.512991542970912e-18,-0.019641975909194,0.0178206426040249,0.0,0.0,0.0
2022-09-22,2022-09-23,2022-09-26,funded_assets,USD,0.95,IN_FHS1250,CHF,-0.0003730601446961,0.0093005000941244,0.0119836150062585,-4.648113602510078,0,0.0026831149121341,1249,2021-12-31,4.512991542970912e-18,4.512991542970912e-18,-0.0190861016230881,0.0180921397514188,2022-09-23,2022-09-26,-0.0003730601446961,0.0093005000941244,0.0119836150062585,-4.648113602510078,0,0.0026831149121341,1249,2021-12-31,4.512991542970912e-18,4.512991542970912e-18,-0.0190861016230881,0.0180921397514188,0.0,0.0,0.0
2022-09-22,2022-09-23,2022-09-26,funded_assets,USD,0.99,IN_FHS1250,CHF,-0.0003730601446961,0.0135629650385277,0.0159933752487385,-4.287544247623838,0,0.0024304102102107,1249,2021-12-31,4.512991542970912e-18,4.512991542970912e-18,-0.0190861016230881,0.0180921397514188,2022-09-23,2022-09-26,-0.0003730601446961,0.0135629650385277,0.0159933752487385,-4.287544247623838,0,0.0024304102102107,1249,2021-12-31,4.512991542970912e-18,4.512991542970912e-18,-0.0190861016230881,0.0180921397514188,0.0,0.0,0.0
2022-09-22,2022-09-23,2022-09-26,net_cashflows,EUR,0.95,IN_FHS1250,CHF,-0.0022199555539656,0.004771947120866,0.0064868750130126,-5.302343253819839,0,0.0017149278921465,1249,2021-12-31,4.512991542970912e-18,4.512991542970912e-18,-0.013506856993948,0.0150668565176326,2022-09-23,2022-09-26,-0.0022199555539656,0.004771947120866,0.0064868750130126,-5.302343253819839,0,0.0017149278921465,1249,2021-12-31,4.512991542970912e-18,4.512991542970912e-18,-0.013506856993948,0.0150668565176326,0.0,0.0,0.0
2022-09-22,2022-09-23,2022-09-26,net_cashflows,EUR,0.99,IN_FHS1250,CHF,-0.0022199555539656,0.0076587074414392,0.0094708625042537,-4.8508753228138,0,0.0018121550628145,1249,2021-12-31,4.512991542970912e-18,4.512991542970912e-18,-0.013506856993948,0.0150668565176326,2022-09-23,2022-09-26,-0.0022199555539656,0.0076587074414392,0.0094708625042537,-4.8508753228138,0,0.0018121550628145,1249,2021-12-31,4.512991542970912e-18,4.512991542970912e-18,-0.013506856993948,0.0150668565176326,0.0,0.0,0.0
2022-09-22,2022-09-23,2022-09-26,net_cashflows,USD,0.95,IN_FHS1250,CHF,-0.0021412663430693,0.0047754439400027,0.006519926881715,-5.300453851519396,0,0.0017444829417122,1249,2021-12-31,4.512991542970912e-18,4.512991542970912e-18,-0.0132758360116711,0.0155285660704704,2022-09-23,2022-09-26,-0.0021412663430693,0.0047754439400027,0.006519926881715,-5.300453851519396,0,0.0017444829417122,1249,2021-12-31,4.512991542970912e-18,4.512991542970912e-18,-0.0132758360116711,0.0155285660704704,0.0,0.0,0.0
2022-09-22,2022-09-23,2022-09-26,net_cashflows,USD,0.99,IN_FHS1250,CHF,-0.0021412663430693,0.0076181763622428,0.0095355297452358,-4.8538051415690004,0,0.0019173533829929,1249,2021-12-31,4.512991542970912e-18,4.512991542970912e-18,-0.0132758360116711,0.0155285660704704,2022-09-23,2022-09-26,-0.0021412663430693,0.0076181763622428,0.0095355297452358,-4.8538051415690004,0,0.0019173533829929,1249,2021-12-31,4.512991542970912e-18,4.512991542970912e-18,-0.0132758360116711,0.0155285660704704,0.0,0.0,0.0
2022-09-22,2022-09-23,2022-09-26,funded_assets,EUR,0.95,IN_TCOP1250,CHF,-0.0004193859832668,0.0097667177849782,0.0125491185777593,-4.599825663255559,0,0.002782400792781,16384,2021-12-31,6.5052130349130266e-18,6.5052130349130266e-18,-0.0289191670821501,0.0253708603091627,2022-09-23,2022-09-26,-0.0004193859832668,0.0097300252933212,0.0125820777830657,-4.6021576712010805,0,0.0028520524897444,65536,2021-12-31,8.321251673826247e-18,8.321251673826247e-18,-0.0290494504673964,0.0308254761320493,0.0037710581988091648,0.002619535968118035,0.0023320079455215748
2022-09-22,2022-09-23,2022-09-26,funded_assets,EUR,0.99,IN_TCOP1250,CHF,-0.0004193859832668,0.0143665920386203,0.0166348457517901,-4.23261120237589,0,0.0022682537131697,16384,2021-12-31,6.5052130349130266e-18,6.5052130349130266e-18,-0.0289191670821501,0.0253708603091627,2022-09-23,2022-09-26,-0.0004193859832668,0.0142856211485407,0.016796327906713,-4.2360744970679844,0,0.0025107067581722,65536,2021-12-31,8.321251673826247e-18,8.321251673826247e-18,-0.0290494504673964,0.0308254761320493,0.005667999258672156,0.009614134459613564,0.0034632946920947205
2022-09-22,2022-09-23,2022-09-26,funded_assets,USD,0.95,IN_TCOP1250,CHF,-0.0003730601446961,0.0098984977168454,0.0127148775252408,-4.586485220826513,0,0.0028163798083953,16384,2021-12-31,6.5052130349130266e-18,6.5052130349130266e-18,-0.0286217601504163,0.0259982974439087,2022-09-23,2022-09-26,-0.0003730601446961,0.0098459994728103,0.0127471652252163,-4.5900393812842415,0,0.002901165752406,65536,2021-12-31,8.321251673826247e-18,8.321251673826247e-18,-0.0286217601504163,0.0316260367797579,0.005331936506808979,0.0025329317856199827,0.0035541604577282726
2022-09-22,2022-09-23,2022-09-26,funded_assets,USD,0.99,IN_TCOP1250,CHF,-0.0003730601446961,0.0146644160657322,0.0169055572923227,-4.212681191189624,0,0.0022411412265905,16384,2021-12-31,6.5052130349130266e-18,6.5052130349130266e-18,-0.0286217601504163,0.0259982974439087,2022-09-23,2022-09-26,-0.0003730601446961,0.0145312149493904,0.0170883895703796,-4.21899999821443,0,0.0025571746209891,65536,2021-12-31,8.321251673826247e-18,8.321251673826247e-18,-0.0286217601504163,0.0316260367797579,0.009166550546923688,0.010699210554856271,0.006318807024806361
2022-09-22,2022-09-23,2022-09-26,net_cashflows,EUR,0.95,IN_TCOP1250,CHF,-0.0022199555539656,0.0048750065644266,0.0064474124691141,-5.2879580948654095,0,0.0015724059046875,16384,2021-12-31,6.5052130349130266e-18,6.5052130349130266e-18,-0.0157898288889479,0.0137657648641873,2022-09-23,2022-09-26,-0.0022199555539656,0.004844672112423,0.0064285583855109,-5.293387776227853,0,0.0015838862730879,65536,2021-12-31,8.321251673826247e-18,8.321251673826247e-18,-0.016214292300497,0.017704693336071,0.006261404549095249,0.002932863399933336,0.005429681362443262
2022-09-22,2022-09-23,2022-09-26,net_cashflows,EUR,0.99,IN_TCOP1250,CHF,-0.0022199555539656,0.0073512716368406,0.0088402979275389,-4.8968709121056335,0,0.0014890262906982,16384,2021-12-31,6.5052130349130266e-18,6.5052130349130266e-18,-0.0157898288889479,0.0137657648641873,2022-09-23,2022-09-26,-0.0022199555539656,0.0073604193295195,0.008900620163136,-4.894678538923032,0,0.0015402008336164,65536,2021-12-31,8.321251673826247e-18,8.321251673826247e-18,-0.016214292300497,0.017704693336071,0.0012428222183229435,0.0067773070293390995,0.002192373182601237
2022-09-22,2022-09-23,2022-09-26,net_cashflows,USD,0.95,IN_TCOP1250,CHF,-0.0021412663430693,0.0048753071391361,0.006462462998963,-5.287340888011187,0,0.0015871558598269,16384,2021-12-31,6.5052130349130266e-18,6.5052130349130266e-18,-0.0157273140360394,0.013753195158522,2022-09-23,2022-09-26,-0.0021412663430693,0.0048504868721226,0.0064437016013348,-5.291903596767457,0,0.0015932147292121,65536,2021-12-31,8.321251673826247e-18,8.321251673826247e-18,-0.016336717247255,0.0177816845704257,0.00511706714559943,0.0029115869711151578,0.004562708756270517
2022-09-22,2022-09-23,2022-09-26,net_cashflows,USD,0.99,IN_TCOP1250,CHF,-0.0021412663430693,0.0073894845655452,0.0088669245103329,-4.8920509919377375,0,0.0014774399447877,16384,2021-12-31,6.5052130349130266e-18,6.5052130349130266e-18,-0.0157273140360394,0.013753195158522,2022-09-23,2022-09-26,-0.0021412663430693,0.0073829765589559,0.0089340445260892,-4.891499261876998,0,0.0015510679671333,65536,2021-12-31,8.321251673826247e-18,8.321251673826247e-18,-0.016336717247255,0.0177816845704257,0.0008814881826226922,0.0075128364941877395,0.0005517300607396081
2022-09-22,2022-09-23,2022-09-26,funded_assets,EUR,0.95,IN_FHS_REF_POOL,ALL_FIVE,-0.0004193859832668,0.0069103154956817,0.0093973299977837,-4.9319808559650085,0,0.0024870145021019,6245,2021-12-31,0.0,0.0,-0.019641975909194,0.0265189543862175,2022-09-23,2022-09-26,-0.0004193859832668,0.0069103154956817,0.0093973299977837,-4.9319808559650085,0,0.0024870145021019,6245,2021-12-31,0.0,0.0,-0.019641975909194,0.0265189543862175,0.0,0.0,0.0
2022-09-22,2022-09-23,2022-09-26,funded_assets,EUR,0.99,IN_FHS_REF_POOL,ALL_FIVE,-0.0004193859832668,0.0106454402379309,0.0133234847116213,-4.519228837930761,0,0.0026780444736904,6245,2021-12-31,0.0,0.0,-0.019641975909194,0.0265189543862175,2022-09-23,2022-09-26,-0.0004193859832668,0.0106454402379309,0.0133234847116213,-4.519228837930761,0,0.0026780444736904,6245,2021-12-31,0.0,0.0,-0.019641975909194,0.0265189543862175,0.0,0.0,0.0
2022-09-22,2022-09-23,2022-09-26,funded_assets,USD,0.95,IN_FHS_REF_POOL,ALL_FIVE,-0.0003730601446961,0.0069509986286996,0.0094882185573744,-4.925111809614271,0,0.0025372199286748,6245,2021-12-31,0.0,0.0,-0.0190861016230881,0.0270657802141785,2022-09-23,2022-09-26,-0.0003730601446961,0.0069509986286996,0.0094882185573744,-4.925111809614271,0,0.0025372199286748,6245,2021-12-31,0.0,0.0,-0.0190861016230881,0.0270657802141785,0.0,0.0,0.0
2022-09-22,2022-09-23,2022-09-26,funded_assets,USD,0.99,IN_FHS_REF_POOL,ALL_FIVE,-0.0003730601446961,0.0107898096356966,0.0134916222309319,-4.505944903516715,0,0.0027018125952353,6245,2021-12-31,0.0,0.0,-0.0190861016230881,0.0270657802141785,2022-09-23,2022-09-26,-0.0003730601446961,0.0107898096356966,0.0134916222309319,-4.505944903516715,0,0.0027018125952353,6245,2021-12-31,0.0,0.0,-0.0190861016230881,0.0270657802141785,0.0,0.0,0.0
2022-09-22,2022-09-23,2022-09-26,net_cashflows,EUR,0.95,IN_FHS_REF_POOL,ALL_FIVE,-0.0022199555539656,0.0045738648852024,0.0063034077419872,-5.3410470761211135,0,0.0017295428567847,6245,2021-12-31,0.0,0.0,-0.0149612044756946,0.0150668565176326,2022-09-23,2022-09-26,-0.0022199555539656,0.0045738648852024,0.0063034077419872,-5.3410470761211135,0,0.0017295428567847,6245,2021-12-31,0.0,0.0,-0.0149612044756946,0.0150668565176326,0.0,0.0,0.0
2022-09-22,2022-09-23,2022-09-26,net_cashflows,EUR,0.99,IN_FHS_REF_POOL,ALL_FIVE,-0.0022199555539656,0.0073005877880527,0.0089272455005716,-4.900860109367557,0,0.0016266577125188,6245,2021-12-31,0.0,0.0,-0.0149612044756946,0.0150668565176326,2022-09-23,2022-09-26,-0.0022199555539656,0.0073005877880527,0.0089272455005716,-4.900860109367557,0,0.0016266577125188,6245,2021-12-31,0.0,0.0,-0.0149612044756946,0.0150668565176326,0.0,0.0,0.0
2022-09-22,2022-09-23,2022-09-26,net_cashflows,USD,0.95,IN_FHS_REF_POOL,ALL_FIVE,-0.0021412663430693,0.0046111700633989,0.0063622943061947,-5.3326009389917575,0,0.0017511242427957,6245,2021-12-31,0.0,0.0,-0.0146736188977286,0.0155285660704704,2022-09-23,2022-09-26,-0.0021412663430693,0.0046111700633989,0.0063622943061947,-5.3326009389917575,0,0.0017511242427957,6245,2021-12-31,0.0,0.0,-0.0146736188977286,0.0155285660704704,0.0,0.0,0.0
2022-09-22,2022-09-23,2022-09-26,net_cashflows,USD,0.99,IN_FHS_REF_POOL,ALL_FIVE,-0.0021412663430693,0.0073944249284225,0.0090268922502276,-4.888392017548816,0,0.0016324673218051,6245,2021-12-31,0.0,0.0,-0.0146736188977286,0.0155285660704704,2022-09-23,2022-09-26,-0.0021412663430693,0.0073944249284225,0.0090268922502276,-4.888392017548816,0,0.0016324673218051,6245,2021-12-31,0.0,0.0,-0.0146736188977286,0.0155285660704704,0.0,0.0,0.0
2022-09-22,2022-09-23,2022-09-26,funded_assets,EUR,0.95,IN_TCOP_REF_POOL,ALL_FIVE,-0.0004193859832668,0.007134812721173,0.0096240592514717,-4.902137440139056,0,0.0024892465302986,81920,2021-12-31,0.0,0.0,-0.0289191670821501,0.0253708603091627,2022-09-23,2022-09-26,-0.0004193859832668,0.0071489174015391,0.0096525196128523,-4.899909219381746,0,0.0025036022113132,327680,2021-12-31,0.0,0.0,-0.0290494504673964,0.0308254761320493,0.0019729813024645768,0.002948490396507991,0.0022282207573098844
2022-09-22,2022-09-23,2022-09-26,funded_assets,EUR,0.99,IN_TCOP_REF_POOL,ALL_FIVE,-0.0004193859832668,0.0111557331872418,0.0134895080733126,-4.478849746518312,0,0.0023337748860708,81920,2021-12-31,0.0,0.0,-0.0289191670821501,0.0253708603091627,2022-09-23,2022-09-26,-0.0004193859832668,0.0112048797353725,0.0135880014785781,-4.473952391570768,0,0.0023831217432055,327680,2021-12-31,0.0,0.0,-0.0290494504673964,0.0308254761320493,0.004386173639646531,0.007248557149539444,0.004897354947543953
2022-09-22,2022-09-23,2022-09-26,funded_assets,USD,0.95,IN_TCOP_REF_POOL,ALL_FIVE,-0.0003730601446961,0.0071966968096211,0.0097291298157386,-4.892924705799191,0,0.0025324330061175,81920,2021-12-31,0.0,0.0,-0.0286217601504163,0.0259982974439087,2022-09-23,2022-09-26,-0.0003730601446961,0.0072041253075728,0.0097574838565452,-4.891402780856014,0,0.0025533585489723,327680,2021-12-31,0.0,0.0,-0.0286217601504163,0.0316260367797579,0.00103114502240702,0.0029058762713279965,0.0015219249431774884
2022-09-22,2022-09-23,2022-09-26,funded_assets,USD,0.99,IN_TCOP_REF_POOL,ALL_FIVE,-0.0003730601446961,0.0112650155029535,0.0136828584308703,-4.468317420428561,0,0.0024178429279167,81920,2021-12-31,0.0,0.0,-0.0286217601504163,0.0259982974439087,2022-09-23,2022-09-26,-0.0003730601446961,0.0113344128988408,0.0137846400941721,-4.461950881536634,0,0.0024502271953312,327680,2021-12-31,0.0,0.0,-0.0286217601504163,0.0316260367797579,0.006122716412986717,0.0073837011780112285,0.006366538891927398
2022-09-22,2022-09-23,2022-09-26,net_cashflows,EUR,0.95,IN_TCOP_REF_POOL,ALL_FIVE,-0.0022199555539656,0.0046982125698219,0.0061863231004409,-5.325962840946269,0,0.001488110530619,81920,2021-12-31,0.0,0.0,-0.0161056980536381,0.0152453813217407,2022-09-23,2022-09-26,-0.0022199555539656,0.0046872502619244,0.0061659210731641,-5.328531200944973,0,0.0014786708112397,327680,2021-12-31,0.0,0.0,-0.017626885696678,0.017704693336071,0.002338750287465794,0.0033088369174226785,0.002568359998703862
2022-09-22,2022-09-23,2022-09-26,net_cashflows,EUR,0.99,IN_TCOP_REF_POOL,ALL_FIVE,-0.0022199555539656,0.0070670862143612,0.0084458046822127,-4.937328445150722,0,0.0013787184678515,81920,2021-12-31,0.0,0.0,-0.0161056980536381,0.0152453813217407,2022-09-23,2022-09-26,-0.0022199555539656,0.0070684800309926,0.0084257801972414,-4.937548161671698,0,0.0013573001662488,327680,2021-12-31,0.0,0.0,-0.017626885696678,0.017704693336071,0.0001971876026088881,0.0023765733857925007,0.00021971652097629857
2022-09-22,2022-09-23,2022-09-26,net_cashflows,USD,0.95,IN_TCOP_REF_POOL,ALL_FIVE,-0.0021412663430693,0.0047190817394592,0.0062206494288473,-5.321265361371453,0,0.001501567689388,81920,2021-12-31,0.0,0.0,-0.0160123279695682,0.0160476316025586,2022-09-23,2022-09-26,-0.0021412663430693,0.0047066646445616,0.0062004889308446,-5.324047532302075,0,0.0014938242862829,327680,2021-12-31,0.0,0.0,-0.0175552616992631,0.0177816845704257,0.002638194100348229,0.003251436818540316,0.002782170930621497
2022-09-22,2022-09-23,2022-09-26,net_cashflows,USD,0.99,IN_TCOP_REF_POOL,ALL_FIVE,-0.0021412663430693,0.0070973899425503,0.0085078336625453,-4.9325497021417055,0,0.0014104437199949,81920,2021-12-31,0.0,0.0,-0.0160123279695682,0.0160476316025586,2022-09-23,2022-09-26,-0.0021412663430693,0.0071059374975361,0.0084928585677103,-4.931834025059692,0,0.0013869210701742,327680,2021-12-31,0.0,0.0,-0.0175552616992631,0.0177816845704257,0.0012028750588875163,0.0017632572961870203,0.0007156770820131442
2023-04-03,2023-04-04,2023-04-05,funded_assets,EUR,0.95,HS1250,ALL_EQUIVARIANT,-0.0015209517916577,0.0047850214126578,0.0066073458018584,-5.295376035953273,0,0.0018223243892005,1249,2022-12-30,2.7952087259391915e-18,2.7952087259391915e-18,-0.0163207202561279,0.015738020767808,2023-04-04,2023-04-05,-0.0015209517916577,0.0047850214126578,0.0066073458018584,-5.295376035953273,0,0.0018223243892005,1249,2022-12-30,2.7952087259391915e-18,2.7952087259391915e-18,-0.0163207202561279,0.015738020767808,0.0,0.0,0.0
2023-04-03,2023-04-04,2023-04-05,funded_assets,EUR,0.99,HS1250,ALL_EQUIVARIANT,-0.0015209517916577,0.0078721537787052,0.0094264795625076,-4.82912189295449,0,0.0015543257838023,1249,2022-12-30,2.7952087259391915e-18,2.7952087259391915e-18,-0.0163207202561279,0.015738020767808,2023-04-04,2023-04-05,-0.0015209517916577,0.0078721537787052,0.0094264795625076,-4.82912189295449,0,0.0015543257838023,1249,2022-12-30,2.7952087259391915e-18,2.7952087259391915e-18,-0.0163207202561279,0.015738020767808,0.0,0.0,0.0
2023-04-03,2023-04-04,2023-04-05,funded_assets,USD,0.95,HS1250,ALL_EQUIVARIANT,-0.0015297776199232,0.0047854885766738,0.0066474888172702,-5.2936219272402045,0,0.0018620002405964,1249,2022-12-30,2.7952087259391915e-18,2.7952087259391915e-18,-0.0161584541119734,0.0159231859695584,2023-04-04,2023-04-05,-0.0015297776199232,0.0047854885766738,0.0066474888172702,-5.2936219272402045,0,0.0018620002405964,1249,2022-12-30,2.7952087259391915e-18,2.7952087259391915e-18,-0.0161584541119734,0.0159231859695584,0.0,0.0,0.0
2023-04-03,2023-04-04,2023-04-05,funded_assets,USD,0.99,HS1250,ALL_EQUIVARIANT,-0.0015297776199232,0.0078837131273755,0.0095249988464685,-4.826148961265277,0,0.001641285719093,1249,2022-12-30,2.7952087259391915e-18,2.7952087259391915e-18,-0.0161584541119734,0.0159231859695584,2023-04-04,2023-04-05,-0.0015297776199232,0.0078837131273755,0.0095249988464685,-4.826148961265277,0,0.001641285719093,1249,2022-12-30,2.7952087259391915e-18,2.7952087259391915e-18,-0.0161584541119734,0.0159231859695584,0.0,0.0,0.0
2023-04-03,2023-04-04,2023-04-05,net_cashflows,EUR,0.95,HS1250,ALL_EQUIVARIANT,0.0053925952216731,0.0030089773853227,0.005158932818027,3.55697021740316,1,-0.0455224012943052,1249,2022-12-30,2.7952087259391915e-18,2.7952087259391915e-18,-0.0113622868915228,0.0172505023612744,2023-04-04,2023-04-05,0.0053925952216731,0.0030089773853227,0.005158932818027,3.55697021740316,1,-0.0455224012943052,1249,2022-12-30,2.7952087259391915e-18,2.7952087259391915e-18,-0.0113622868915228,0.0172505023612744,0.0,0.0,0.0
2023-04-03,2023-04-04,2023-04-05,net_cashflows,EUR,0.99,HS1250,ALL_EQUIVARIANT,0.0053925952216731,0.006513310650053,0.0090447835249964,-4.985449178931216,0,0.0025314728749434,1249,2022-12-30,2.7952087259391915e-18,2.7952087259391915e-18,-0.0113622868915228,0.0172505023612744,2023-04-04,2023-04-05,0.0053925952216731,0.006513310650053,0.0090447835249964,-4.985449178931216,0,0.0025314728749434,1249,2022-12-30,2.7952087259391915e-18,2.7952087259391915e-18,-0.0113622868915228,0.0172505023612744,0.0,0.0,0.0
2023-04-03,2023-04-04,2023-04-05,net_cashflows,USD,0.95,HS1250,ALL_EQUIVARIANT,0.0054259721800057,0.0030545799873712,0.0052001142476965,3.4488704574000373,1,-0.0452823095923651,1249,2022-12-30,2.7952087259391915e-18,2.7952087259391915e-18,-0.0111636206321082,0.017704227131297,2023-04-04,2023-04-05,0.0054259721800057,0.0030545799873712,0.0052001142476965,3.4488704574000373,1,-0.0452823095923651,1249,2022-12-30,2.7952087259391915e-18,2.7952087259391915e-18,-0.0111636206321082,0.017704227131297,0.0,0.0,0.0
2023-04-03,2023-04-04,2023-04-05,net_cashflows,USD,0.99,HS1250,ALL_EQUIVARIANT,0.0054259721800057,0.0066602484978354,0.0091312345838503,-4.966662475638442,0,0.0024709860860148,1249,2022-12-30,2.7952087259391915e-18,2.7952087259391915e-18,-0.0111636206321082,0.017704227131297,2023-04-04,2023-04-05,0.0054259721800057,0.0066602484978354,0.0091312345838503,-4.966662475638442,0,0.0024709860860148,1249,2022-12-30,2.7952087259391915e-18,2.7952087259391915e-18,-0.0111636206321082,0.017704227131297,0.0,0.0,0.0
2023-04-03,2023-04-04,2023-04-05,funded_assets,EUR,0.95,EWMA_GAUSS,ALL_EQUIVARIANT,-0.0015209517916577,0.0078641773799843,0.0099157757773312,-4.820530736891931,0,0.0020515983973469,16384,2022-12-30,4.784042086092288e-18,4.784042086092288e-18,-0.0213591208186809,0.018209610099878,2023-04-04,2023-04-05,-0.0015209517916577,0.007891120171998,0.0099230601543369,-4.817663413497912,0,0.0020319399823389,65536,2022-12-30,6.396792817664476e-18,6.396792817664476e-18,-0.0213591208186809,0.0208227243993446,0.0034143177934748935,0.0007340857449621597,0.0028673233940192944
2023-04-03,2023-04-04,2023-04-05,funded_assets,EUR,0.99,EWMA_GAUSS,ALL_EQUIVARIANT,-0.0015209517916577,0.0112662040238456,0.0128520894725649,-4.477644021356412,0,0.0015858854487192,16384,2022-12-30,4.784042086092288e-18,4.784042086092288e-18,-0.0213591208186809,0.018209610099878,2023-04-04,2023-04-05,-0.0015209517916577,0.0112134633281813,0.0127974758273109,-4.482282713617717,0,0.0015840124991295,65536,2022-12-30,6.396792817664476e-18,6.396792817664476e-18,-0.0213591208186809,0.0208227243993446,0.004703336883597181,0.004267532597127444,0.0046386922613042
2023-04-03,2023-04-04,2023-04-05,funded_assets,USD,0.95,EWMA_GAUSS,ALL_EQUIVARIANT,-0.0015297776199232,0.0079167772706425,0.0100183025068139,-4.813110202678722,0,0.0021015252361714,16384,2022-12-30,4.784042086092288e-18,4.784042086092288e-18,-0.0205565365782681,0.0186756226154893,2023-04-04,2023-04-05,-0.0015297776199232,0.0079514974549389,0.0100258809847623,-4.809488298856309,0,0.0020743835298233,65536,2022-12-30,6.396792817664476e-18,6.396792817664476e-18,-0.0205565365782681,0.0211040180294499,0.004366496310054857,0.0007558914732699096,0.0036219038224132305
2023-04-03,2023-04-04,2023-04-05,funded_assets,USD,0.99,EWMA_GAUSS,ALL_EQUIVARIANT,-0.0015297776199232,0.0113661401514852,0.0130171834890907,-4.468320668874177,0,0.0016510433376054,16384,2022-12-30,4.784042086092288e-18,4.784042086092288e-18,-0.0205565365782681,0.0186756226154893,2023-04-04,2023-04-05,-0.0015297776199232,0.0113347988895715,0.0129667751176534,-4.471223249783598,0,0.0016319762280818,65536,2022-12-30,6.396792817664476e-18,6.396792817664476e-18,-0.0205565365782681,0.0211040180294499,0.0027650479041613227,0.003887502557877458,0.002902580909421637
2023-04-03,2023-04-04,2023-04-05,net_cashflows,EUR,0.95,EWMA_GAUSS,ALL_EQUIVARIANT,0.0053925952216731,0.0050377982094189,0.006336849798098,-4.1465832225644315,1,-0.0057968886564064,16384,2022-12-30,4.784042086092288e-18,4.784042086092288e-18,-0.0116716416513603,0.011330526762771,2023-04-04,2023-04-05,0.0053925952216731,0.0050365931425877,0.0063359037755317,-4.142832888987945,1,-0.005820730948764,65536,2022-12-30,6.396792817664476e-18,6.396792817664476e-18,-0.0118291409492517,0.0125273338256022,0.0002392622943891274,0.0001493113847394147,0.0037503335764865753
2023-04-03,2023-04-04,2023-04-05,net_cashflows,EUR,0.99,EWMA_GAUSS,ALL_EQUIVARIANT,0.0053925952216731,0.0071639405242516,0.0082068659327558,-4.929863786720315,0,0.0010429254085041,16384,2022-12-30,4.784042086092288e-18,4.784042086092288e-18,-0.0116716416513603,0.011330526762771,2023-04-04,2023-04-05,0.0053925952216731,0.0071488322692695,0.0081985081308958,-4.931835621572542,0,0.0010496758616262,65536,2022-12-30,6.396792817664476e-18,6.396792817664476e-18,-0.0118291409492517,0.0125273338256022,0.00211338781118782,0.0010194295994541598,0.0019718348522275164
2023-04-03,2023-04-04,2023-04-05,net_cashflows,USD,0.95,EWMA_GAUSS,ALL_EQUIVARIANT,0.0054259721800057,0.005048806323398,0.0063594227662968,-4.077744329190187,1,-0.006232700689256,16384,2022-12-30,4.784042086092288e-18,4.784042086092288e-18,-0.0115522176328999,0.0113473549728594,2023-04-04,2023-04-05,0.0054259721800057,0.0050532696637526,0.0063578787643713,-4.090844617392591,1,-0.0061494412244445,65536,2022-12-30,6.396792817664476e-18,6.396792817664476e-18,-0.0118060941152148,0.0125805230537999,0.0008832579006451799,0.0002428485950617621,0.013100288202403831
2023-04-03,2023-04-04,2023-04-05,net_cashflows,USD,0.99,EWMA_GAUSS,ALL_EQUIVARIANT,0.0054259721800057,0.0071796088509439,0.0082433981025121,-4.927390048310426,0,0.0010637892515681,16384,2022-12-30,4.784042086092288e-18,4.784042086092288e-18,-0.0115522176328999,0.0113473549728594,2023-04-04,2023-04-05,0.0054259721800057,0.0071613778821062,0.008233334148894,-4.929761329487186,0,0.0010719562667877,65536,2022-12-30,6.396792817664476e-18,6.396792817664476e-18,-0.0118060941152148,0.0125805230537999,0.00254573479263721,0.0012223424236282763,0.0023712811767602204
2023-04-03,2023-04-04,2023-04-05,funded_assets,EUR,0.95,EWMA_SELFNORMALIZED,ALL_EQUIVARIANT,-0.0015209517916577,0.0079882949993342,0.0099081499203413,-4.8081628634845055,0,0.0019198549210071,16384,2022-12-30,5.014435047745458e-18,5.014435047745458e-18,-0.0192600583159441,0.0174502815507233,2023-04-04,2023-04-05,-0.0015209517916577,0.0079403681502268,0.0099453637386683,-4.812249823823928,0,0.0020049955884415,65536,2022-12-30,5.421010862427522e-18,5.421010862427522e-18,-0.0194633078295466,0.0193093373588522,0.006035847230336795,0.0037418257697615508,0.004086960339422241
2023-04-03,2023-04-04,2023-04-05,funded_assets,EUR,0.99,EWMA_SELFNORMALIZED,ALL_EQUIVARIANT,-0.0015209517916577,0.0110257192371163,0.0126629931171874,-4.498367429302606,0,0.001637273880071,16384,2022-12-30,5.014435047745458e-18,5.014435047745458e-18,-0.0192600583159441,0.0174502815507233,2023-04-04,2023-04-05,-0.0015209517916577,0.0112338058894165,0.0128252282314316,-4.480426396108359,0,0.0015914223420151,65536,2022-12-30,5.421010862427522e-18,5.421010862427522e-18,-0.0194633078295466,0.0193093373588522,0.01852325510593347,0.012649686330462422,0.01794103319424689
2023-04-03,2023-04-04,2023-04-05,funded_assets,USD,0.95,EWMA_SELFNORMALIZED,ALL_EQUIVARIANT,-0.0015297776199232,0.0080497404640606,0.0100116083738942,-4.799969335934176,0,0.0019618679098335,16384,2022-12-30,5.014435047745458e-18,5.014435047745458e-18,-0.0187968904074025,0.0178388151649298,2023-04-04,2023-04-05,-0.0015297776199232,0.0080085076199565,0.0100498314987184,-4.803319620344881,0,0.0020413238787619,65536,2022-12-30,5.421010862427522e-18,5.421010862427522e-18,-0.0190593196909433,0.0197472260075875,0.0051486301893939514,0.003803359770666244,0.003350284410704951
2023-04-03,2023-04-04,2023-04-05,funded_assets,USD,0.99,EWMA_SELFNORMALIZED,ALL_EQUIVARIANT,-0.0015297776199232,0.0111551997575066,0.0128241044088051,-4.486566827442376,0,0.0016689046512984,16384,2022-12-30,5.014435047745458e-18,5.014435047745458e-18,-0.0187968904074025,0.0178388151649298,2023-04-04,2023-04-05,-0.0015297776199232,0.0113574125959979,0.0129869763651626,-4.4692850057955456,0,0.0016295637691647,65536,2022-12-30,5.421010862427522e-18,5.421010862427522e-18,-0.0190593196909433,0.0197472260075875,0.01780448115115185,0.012541176004170016,0.01728182164683023
2023-04-03,2023-04-04,2023-04-05,net_cashflows,EUR,0.95,EWMA_SELFNORMALIZED,ALL_EQUIVARIANT,0.0053925952216731,0.0050450515667755,0.0063517572996127,-4.170424420985608,1,-0.0056441673651156,16384,2022-12-30,5.014435047745458e-18,5.014435047745458e-18,-0.0112991533410333,0.0115400246813612,2023-04-04,2023-04-05,0.0053925952216731,0.0050647918831992,0.006364430975524,-4.2311235153935645,1,-0.0052564276771535,65536,2022-12-30,5.421010862427522e-18,5.421010862427522e-18,-0.0120207650304432,0.0126992703104681,0.003897557269664436,0.001991328990767621,0.06069909440795662
2023-04-03,2023-04-04,2023-04-05,net_cashflows,EUR,0.99,EWMA_SELFNORMALIZED,ALL_EQUIVARIANT,0.0053925952216731,0.0072057487203641,0.0082034776761556,-4.924819789660687,0,0.0009977289557915,16384,2022-12-30,5.014435047745458e-18,5.014435047745458e-18,-0.0112991533410333,0.0115400246813612,2023-04-04,2023-04-05,0.0053925952216731,0.0071701437056897,0.0081717418091301,-4.929641693125107,0,0.0010015981034403,65536,2022-12-30,5.421010862427522e-18,5.421010862427522e-18,-0.0120207650304432,0.0126992703104681,0.004965732366862658,0.0038836110791021323,0.004821903464419464
2023-04-03,2023-04-04,2023-04-05,net_cashflows,USD,0.95,EWMA_SELFNORMALIZED,ALL_EQUIVARIANT,0.0054259721800057,0.005076454490187,0.0063739415482482,-4.162390238653636,1,-0.0056928667383141,16384,2022-12-30,5.014435047745458e-18,5.014435047745458e-18,-0.011244973824516,0.0116221770178367,2023-04-04,2023-04-05,0.0054259721800057,0.0050805993548935,0.00638698336785,-4.17654204597158,1,-0.0056010724892878,65536,2022-12-30,5.421010862427522e-18,5.421010862427522e-18,-0.0117233785833933,0.0128108936854141,0.0008158219959832005,0.0020419373044634607,0.014151807317944076
2023-04-03,2023-04-04,2023-04-05,net_cashflows,USD,0.99,EWMA_SELFNORMALIZED,ALL_EQUIVARIANT,0.0054259721800057,0.0072743681755302,0.0082367056135712,-4.915990054431318,0,0.0009623374380409,16384,2022-12-30,5.014435047745458e-18,5.014435047745458e-18,-0.011244973824516,0.0116221770178367,2023-04-04,2023-04-05,0.0054259721800057,0.0071985901975639,0.0082064912202114,-4.92564736064852,0,0.0010079010226474,65536,2022-12-30,5.421010862427522e-18,5.421010862427522e-18,-0.0117233785833933,0.0128108936854141,0.010526780367626023,0.003681767584834131,0.009657306217201622
2023-04-03,2023-04-04,2023-04-05,funded_assets,EUR,0.95,IN_FHS1250,EUR,-0.0015209517916577,0.0065157250011501,0.0084777531818044,-5.001742386189847,0,0.0019620281806543,1249,2022-12-30,4.662069341687669e-18,4.662069341687669e-18,-0.0168071952645258,0.0192264842358682,2023-04-04,2023-04-05,-0.0015209517916577,0.0065157250011501,0.0084777531818044,-5.001742386189847,0,0.0019620281806543,1249,2022-12-30,4.662069341687669e-18,4.662069341687669e-18,-0.0168071952645258,0.0192264842358682,0.0,0.0,0.0
2023-04-03,2023-04-04,2023-04-05,funded_assets,EUR,0.99,IN_FHS1250,EUR,-0.0015209517916577,0.0096458799991663,0.0115255335347977,-4.626276429892016,0,0.0018796535356314,1249,2022-12-30,4.662069341687669e-18,4.662069341687669e-18,-0.0168071952645258,0.0192264842358682,2023-04-04,2023-04-05,-0.0015209517916577,0.0096458799991663,0.0115255335347977,-4.626276429892016,0,0.0018796535356314,1249,2022-12-30,4.662069341687669e-18,4.662069341687669e-18,-0.0168071952645258,0.0192264842358682,0.0,0.0,0.0
2023-04-03,2023-04-04,2023-04-05,funded_assets,USD,0.95,IN_FHS1250,EUR,-0.0015297776199232,0.0065638839159547,0.0085323920287701,-4.994595525266643,0,0.0019685081128154,1249,2022-12-30,4.662069341687669e-18,4.662069341687669e-18,-0.0166745220068398,0.0194814075752781,2023-04-04,2023-04-05,-0.0015297776199232,0.0065638839159547,0.0085323920287701,-4.994595525266643,0,0.0019685081128154,1249,2022-12-30,4.662069341687669e-18,4.662069341687669e-18,-0.0166745220068398,0.0194814075752781,0.0,0.0,0.0
2023-04-03,2023-04-04,2023-04-05,funded_assets,USD,0.99,IN_FHS1250,EUR,-0.0015297776199232,0.0094925871148626,0.0116298303220083,-4.637954420665409,0,0.0021372432071457,1249,2022-12-30,4.662069341687669e-18,4.662069341687669e-18,-0.0166745220068398,0.0194814075752781,2023-04-04,2023-04-05,-0.0015297776199232,0.0094925871148626,0.0116298303220083,-4.637954420665409,0,0.0021372432071457,1249,2022-12-30,4.662069341687669e-18,4.662069341687669e-18,-0.0166745220068398,0.0194814075752781,0.0,0.0,0.0
2023-04-03,2023-04-04,2023-04-05,net_cashflows,EUR,0.95,IN_FHS1250,EUR,0.0053925952216731,0.004659803712807,0.006937514782615,-3.186582086102677,1,-0.0123781191075151,1249,2022-12-30,4.662069341687669e-18,4.662069341687669e-18,-0.0156105038700663,0.0162189982406903,2023-04-04,2023-04-05,0.0053925952216731,0.004659803712807,0.006937514782615,-3.186582086102677,1,-0.0123781191075151,1249,2022-12-30,4.662069341687669e-18,4.662069341687669e-18,-0.0156105038700663,0.0162189982406903,0.0,0.0,0.0
2023-04-03,2023-04-04,2023-04-05,net_cashflows,EUR,0.99,IN_FHS1250,EUR,0.0053925952216731,0.0077882870737034,0.0110396688118788,-4.800778288146248,0,0.0032513817381753,1249,2022-12-30,4.662069341687669e-18,4.662069341687669e-18,-0.0156105038700663,0.0162189982406903,2023-04-04,2023-04-05,0.0053925952216731,0.0077882870737034,0.0110396688118788,-4.800778288146248,0,0.0032513817381753,1249,2022-12-30,4.662069341687669e-18,4.662069341687669e-18,-0.0156105038700663,0.0162189982406903,0.0,0.0,0.0
2023-04-03,2023-04-04,2023-04-05,net_cashflows,USD,0.95,IN_FHS1250,EUR,0.0054259721800057,0.0046592540526787,0.0069908315612718,-3.1031788908300304,1,-0.0130027850379484,1249,2022-12-30,4.662069341687669e-18,4.662069341687669e-18,-0.0153175219415662,0.0161202693488048,2023-04-04,2023-04-05,0.0054259721800057,0.0046592540526787,0.0069908315612718,-3.1031788908300304,1,-0.0130027850379484,1249,2022-12-30,4.662069341687669e-18,4.662069341687669e-18,-0.0153175219415662,0.0161202693488048,0.0,0.0,0.0
2023-04-03,2023-04-04,2023-04-05,net_cashflows,USD,0.99,IN_FHS1250,EUR,0.0054259721800057,0.0078675871433419,0.0111538447634372,-4.790601048934044,0,0.0032862576200953,1249,2022-12-30,4.662069341687669e-18,4.662069341687669e-18,-0.0153175219415662,0.0161202693488048,2023-04-04,2023-04-05,0.0054259721800057,0.0078675871433419,0.0111538447634372,-4.790601048934044,0,0.0032862576200953,1249,2022-12-30,4.662069341687669e-18,4.662069341687669e-18,-0.0153175219415662,0.0161202693488048,0.0,0.0,0.0
2023-04-03,2023-04-04,2023-04-05,funded_assets,EUR,0.95,IN_TCOP1250,EUR,-0.0015209517916577,0.0066458626764112,0.0086239543727293,-4.982583327584213,0,0.0019780916963181,16384,2022-12-30,4.775571756619745e-18,4.775571756619745e-18,-0.0208457435421224,0.017770840690097,2023-04-04,2023-04-05,-0.0015209517916577,0.0066622200867486,0.0086976242710727,-4.978723770791073,0,0.002035404184324,65536,2022-12-30,5.570088661144279e-18,5.570088661144279e-18,-0.0208457435421224,0.0199275902855491,0.0024552491698577768,0.008470117361636035,0.0038595567931398733
2023-04-03,2023-04-04,2023-04-05,funded_assets,EUR,0.99,IN_TCOP1250,EUR,-0.0015209517916577,0.0097867249792219,0.0116196075295519,-4.612801790543378,0,0.00183288255033,16384,2022-12-30,4.775571756619745e-18,4.775571756619745e-18,-0.0208457435421224,0.017770840690097,2023-04-04,2023-04-05,-0.0015209517916577,0.0100081242296851,0.0118961185640008,-4.590249854793873,0,0.0018879943343156,65536,2022-12-30,5.570088661144279e-18,5.570088661144279e-18,-0.0208457435421224,0.0199275902855491,0.022121952663867524,0.023243802838823307,0.022551935749504537
2023-04-03,2023-04-04,2023-04-05,funded_assets,USD,0.95,IN_TCOP1250,EUR,-0.0015297776199232,0.0066946465153172,0.008709207635514,-4.9746884026615135,0,0.0020145611201967,16384,2022-12-30,4.775571756619745e-18,4.775571756619745e-18,-0.0205484953974547,0.0181220228514781,2023-04-04,2023-04-05,-0.0015297776199232,0.0066992866081903,0.0087829694911207,-4.972181992974408,0,0.0020836828829304,65536,2022-12-30,5.570088661144279e-18,5.570088661144279e-18,-0.0205484953974547,0.0202868323715638,0.0006926249232906724,0.008398282116460671,0.0025064096871050268
2023-04-03,2023-04-04,2023-04-05,funded_assets,USD,0.99,IN_TCOP1250,EUR,-0.0015297776199232,0.0099301018528896,0.0117597618365985,-4.598658071590568,0,0.0018296599837088,16384,2022-12-30,4.775571756619745e-18,4.775571756619745e-18,-0.0205484953974547,0.0181220228514781,2023-04-04,2023-04-05,-0.0015297776199232,0.010120445470538,0.0120506853319301,-4.578810517360373,0,0.001930239861392,65536,2022-12-30,5.570088661144279e-18,5.570088661144279e-18,-0.0205484953974547,0.0202868323715638,0.01880782997176523,0.024141655625241093,0.019847554230194575
2023-04-03,2023-04-04,2023-04-05,net_cashflows,EUR,0.95,IN_TCOP1250,EUR,0.0053925952216731,0.0047525073690952,0.0064136407234585,-3.3123079617441795,1,-0.011140623697195,16384,2022-12-30,4.775571756619745e-18,4.775571756619745e-18,-0.0151199502491477,0.0156434822918828,2023-04-04,2023-04-05,0.0053925952216731,0.0047489485040178,0.0064029921455466,-3.298857363241265,1,-0.0112188907115776,65536,2022-12-30,5.570088661144279e-18,5.570088661144279e-18,-0.0176586974306854,0.0207280351832569,0.0007494006461407735,0.0016630627790643626,0.013450598502914524
2023-04-03,2023-04-04,2023-04-05,net_cashflows,EUR,0.99,IN_TCOP1250,EUR,0.0053925952216731,0.0074807321240347,0.0091530610176325,-4.876373980932189,0,0.0016723288935978,16384,2022-12-30,4.775571756619745e-18,4.775571756619745e-18,-0.0151199502491477,0.0156434822918828,2023-04-04,2023-04-05,0.0053925952216731,0.0074039485255744,0.0091159483009857,-4.885532546688984,0,0.0017119997754113,65536,2022-12-30,5.570088661144279e-18,5.570088661144279e-18,-0.0176586974306854,0.0207280351832569,0.010370628347168842,0.004071185511526742,0.009158565756795412
2023-04-03,2023-04-04,2023-04-05,net_cashflows,USD,0.95,IN_TCOP1250,EUR,0.0054259721800057,0.0047726445924435,0.0064352019348649,-3.2738451650024225,1,-0.0114039944088231,16384,2022-12-30,4.775571756619745e-18,4.775571756619745e-18,-0.0151294187638047,0.0157328625504282,2023-04-04,2023-04-05,0.0054259721800057,0.0047608287351421,0.006423088511636,-3.2355490681209824,1,-0.0116406091207797,65536,2022-12-30,5.570088661144279e-18,5.570088661144279e-18,-0.0176233211108605,0.0208680688480195,0.0024818908553003055,0.0018859187767622258,0.03829609688144009
2023-04-03,2023-04-04,2023-04-05,net_cashflows,USD,0.99,IN_TCOP1250,EUR,0.0054259721800057,0.0074733853291363,0.0092000002933689,-4.876227296645132,0,0.0017266149642326,16384,2022-12-30,4.775571756619745e-18,4.775571756619745e-18,-0.0151294187638047,0.0157328625504282,2023-04-04,2023-04-05,0.0054259721800057,0.007418424933228,0.0091592524526915,-4.883052896993798,0,0.0017408275194635,65536,2022-12-30,5.570088661144279e-18,5.570088661144279e-18,-0.0176233211108605,0.0208680688480195,0.007408634097263114,0.004448817290261055,0.006825600348665972
2023-04-03,2023-04-04,2023-04-05,funded_assets,EUR,0.95,IN_FHS1250,USD,-0.0015209517916577,0.0066934260509136,0.0087648297406144,-4.973339495162678,0,0.0020714036897007,1249,2022-12-30,4.634964287375532e-18,4.634964287375532e-18,-0.0160353447919927,0.0183475915583855,2023-04-04,2023-04-05,-0.0015209517916577,0.0066934260509136,0.0087648297406144,-4.973339495162678,0,0.0020714036897007,1249,2022-12-30,4.634964287375532e-18,4.634964287375532e-18,-0.0160353447919927,0.0183475915583855,0.0,0.0,0.0
2023-04-03,2023-04-04,2023-04-05,funded_assets,EUR,0.99,IN_FHS1250,USD,-0.0015209517916577,0.009813878984973,0.0119131185125608,-4.606327517156809,0,0.0020992395275878,1249,2022-12-30,4.634964287375532e-18,4.634964287375532e-18,-0.0160353447919927,0.0183475915583855,2023-04-04,2023-04-05,-0.0015209517916577,0.009813878984973,0.0119131185125608,-4.606327517156809,0,0.0020992395275878,1249,2022-12-30,4.634964287375532e-18,4.634964287375532e-18,-0.0160353447919927,0.0183475915583855,0.0,0.0,0.0
2023-04-03,2023-04-04,2023-04-05,funded_assets,USD,0.95,IN_FHS1250,USD,-0.0015297776199232,0.0067504085196447,0.0088277720104715,-4.965173996535736,0,0.0020773634908268,1249,2022-12-30,4.634964287375532e-18,4.634964287375532e-18,-0.01590049224146,0.0185767556060278,2023-04-04,2023-04-05,-0.0015297776199232,0.0067504085196447,0.0088277720104715,-4.965173996535736,0,0.0020773634908268,1249,2022-12-30,4.634964287375532e-18,4.634964287375532e-18,-0.01590049224146,0.0185767556060278,0.0,0.0,0.0
2023-04-03,2023-04-04,2023-04-05,funded_assets,USD,0.99,IN_FHS1250,USD,-0.0015297776199232,0.0098245278662081,0.0120285756773397,-4.603704467441274,0,0.0022040478111315,1249,2022-12-30,4.634964287375532e-18,4.634964287375532e-18,-0.01590049224146,0.0185767556060278,2023-04-04,2023-04-05,-0.0015297776199232,0.0098245278662081,0.0120285756773397,-4.603704467441274,0,0.0022040478111315,1249,2022-12-30,4.634964287375532e-18,4.634964287375532e-18,-0.01590049224146,0.0185767556060278,0.0,0.0,0.0
2023-04-03,2023-04-04,2023-04-05,net_cashflows,EUR,0.95,IN_FHS1250,USD,0.0053925952216731,0.0049154347639916,0.0064832084533984,-3.8083717768068017,1,-0.0079754354642238,1249,2022-12-30,4.634964287375532e-18,4.634964287375532e-18,-0.0096870128434793,0.0115453718916482,2023-04-04,2023-04-05,0.0053925952216731,0.0049154347639916,0.0064832084533984,-3.8083717768068017,1,-0.0079754354642238,1249,2022-12-30,4.634964287375532e-18,4.634964287375532e-18,-0.0096870128434793,0.0115453718916482,0.0,0.0,0.0
2023-04-03,2023-04-04,2023-04-05,net_cashflows,EUR,0.99,IN_FHS1250,USD,0.0053925952216731,0.0073560407856362,0.008985909799615,-4.8934780286957755,0,0.0016298690139788,1249,2022-12-30,4.634964287375532e-18,4.634964287375532e-18,-0.0096870128434793,0.0115453718916482,2023-04-04,2023-04-05,0.0053925952216731,0.0073560407856362,0.008985909799615,-4.8934780286957755,0,0.0016298690139788,1249,2022-12-30,4.634964287375532e-18,4.634964287375532e-18,-0.0096870128434793,0.0115453718916482,0.0,0.0,0.0
2023-04-03,2023-04-04,2023-04-05,net_cashflows,USD,0.95,IN_FHS1250,USD,0.0054259721800057,0.0049051526005488,0.0065454433570111,-3.6881906674587617,1,-0.0087761008326759,1249,2022-12-30,4.634964287375532e-18,4.634964287375532e-18,-0.0097149969844766,0.0117038495484244,2023-04-04,2023-04-05,0.0054259721800057,0.0049051526005488,0.0065454433570111,-3.6881906674587617,1,-0.0087761008326759,1249,2022-12-30,4.634964287375532e-18,4.634964287375532e-18,-0.0097149969844766,0.0117038495484244,0.0,0.0,0.0
2023-04-03,2023-04-04,2023-04-05,net_cashflows,USD,0.99,IN_FHS1250,USD,0.0054259721800057,0.0073436278421743,0.00909721487067,-4.892547837774014,0,0.0017535870284956,1249,2022-12-30,4.634964287375532e-18,4.634964287375532e-18,-0.0097149969844766,0.0117038495484244,2023-04-04,2023-04-05,0.0054259721800057,0.0073436278421743,0.00909721487067,-4.892547837774014,0,0.0017535870284956,1249,2022-12-30,4.634964287375532e-18,4.634964287375532e-18,-0.0097149969844766,0.0117038495484244,0.0,0.0,0.0
2023-04-03,2023-04-04,2023-04-05,funded_assets,EUR,0.95,IN_TCOP1250,USD,-0.0015209517916577,0.0071604939777629,0.009366086262653,-4.906147035922492,0,0.0022055922848901,16384,2022-12-30,4.758631097674659e-18,4.758631097674659e-18,-0.0211668837524445,0.0213455203299649,2023-04-04,2023-04-05,-0.0015209517916577,0.007170577085782,0.0093009916176445,-4.906686667497142,0,0.0021304145318624,65536,2022-12-30,5.617522506190521e-18,5.617522506190521e-18,-0.0273433804378062,0.0221255210036582,0.0014061780381795102,0.006998677956553738,0.000539631574649313
2023-04-03,2023-04-04,2023-04-05,funded_assets,EUR,0.99,IN_TCOP1250,USD,-0.0015209517916577,0.0105975424252061,0.0127690692119808,-4.53079097854646,0,0.0021715267867747,16384,2022-12-30,4.758631097674659e-18,4.758631097674659e-18,-0.0211668837524445,0.0213455203299649,2023-04-04,2023-04-05,-0.0015209517916577,0.0105975424252061,0.0125979456207919,-4.53300957241802,0,0.0020004031955858,65536,2022-12-30,5.617522506190521e-18,5.617522506190521e-18,-0.0273433804378062,0.0221255210036582,0.0,0.013583452123056842,0.0022185938715599818
2023-04-03,2023-04-04,2023-04-05,funded_assets,USD,0.95,IN_TCOP1250,USD,-0.0015297776199232,0.0072051188778962,0.0094654965453936,-4.898903840247036,0,0.0022603776674974,16384,2022-12-30,4.758631097674659e-18,4.758631097674659e-18,-0.0208109737611454,0.0217540982712541,2023-04-04,2023-04-05,-0.0015297776199232,0.0072310199105816,0.0093970179778979,-4.897861325237047,0,0.0021659980673163,65536,2022-12-30,5.617522506190521e-18,5.617522506190521e-18,-0.0271544436942938,0.0222798174791018,0.003581933531602781,0.007287265774819618,0.0010425150099893088
2023-04-03,2023-04-04,2023-04-05,funded_assets,USD,0.99,IN_TCOP1250,USD,-0.0015297776199232,0.0107011615660416,0.0129374926205458,-4.5204823835737775,0,0.0022363310545042,16384,2022-12-30,4.758631097674659e-18,4.758631097674659e-18,-0.0208109737611454,0.0217540982712541,2023-04-04,2023-04-05,-0.0015297776199232,0.0107157368107949,0.0127597795792215,-4.5216514823539455,0,0.0020440427684265,65536,2022-12-30,5.617522506190521e-18,5.617522506190521e-18,-0.0271544436942938,0.0222798174791018,0.0013601719611681159,0.013927594925988818,0.0011690987801680208
2023-04-03,2023-04-04,2023-04-05,net_cashflows,EUR,0.95,IN_TCOP1250,USD,0.0053925952216731,0.0048635906571958,0.0063492178078308,-3.627048136711061,1,-0.0090944641389128,16384,2022-12-30,4.758631097674659e-18,4.758631097674659e-18,-0.0114811204146809,0.0136928638234323,2023-04-04,2023-04-05,0.0053925952216731,0.0048429359106613,0.0063566942664511,-3.5669956200946125,1,-0.0094794278644463,65536,2022-12-30,5.617522506190521e-18,5.617522506190521e-18,-0.0117547683002822,0.0136928638234323,0.004264922541929512,0.001176155137703982,0.060052516616448504
2023-04-03,2023-04-04,2023-04-05,net_cashflows,EUR,0.99,IN_TCOP1250,USD,0.0053925952216731,0.0072104726093548,0.0085182404353223,-4.919071063793096,0,0.0013077678259675,16384,2022-12-30,4.758631097674659e-18,4.758631097674659e-18,-0.0114811204146809,0.0136928638234323,2023-04-04,2023-04-05,0.0053925952216731,0.0072420150530378,0.0086083843757995,-4.913744031294366,0,0.0013663693227617,65536,2022-12-30,5.617522506190521e-18,5.617522506190521e-18,-0.0117547683002822,0.0136928638234323,0.0043554788897834235,0.010471644450568187,0.005327032498730233
2023-04-03,2023-04-04,2023-04-05,net_cashflows,USD,0.95,IN_TCOP1250,USD,0.0054259721800057,0.004880199383711,0.0063836287432558,-3.5796178937709486,1,-0.0094120265663498,16384,2022-12-30,4.758631097674659e-18,4.758631097674659e-18,-0.0112875781770936,0.0136618846391486,2023-04-04,2023-04-05,0.0054259721800057,0.0048607964014913,0.0063929771124065,-3.5241069392089015,1,-0.009771334859373,65536,2022-12-30,5.617522506190521e-18,5.617522506190521e-18,-0.0117953727692791,0.0138532621823432,0.003991729053647828,0.0014622872859278494,0.05551095456204713
2023-04-03,2023-04-04,2023-04-05,net_cashflows,USD,0.99,IN_TCOP1250,USD,0.0054259721800057,0.0072462227520549,0.0085832457680254,-4.913714403284204,0,0.0013370230159704,16384,2022-12-30,4.758631097674659e-18,4.758631097674659e-18,-0.0112875781770936,0.0136618846391486,2023-04-04,2023-04-05,0.0054259721800057,0.0072917768578224,0.0086776408422103,-4.9067107356208215,0,0.0013858639843878,65536,2022-12-30,5.617522506190521e-18,5.617522506190521e-18,-0.0117953727692791,0.0138532621823432,0.006247325810392901,0.010877965094583998,0.007003667663382451
2023-04-03,2023-04-04,2023-04-05,funded_assets,EUR,0.95,IN_FHS1250,GBP,-0.0015209517916577,0.004573490421829,0.0061457853928586,-5.347821775819832,0,0.0015722949710295,1249,2022-12-30,4.811147140404426e-18,4.811147140404426e-18,-0.0140001267390985,0.0116361034876088,2023-04-04,2023-04-05,-0.0015209517916577,0.004573490421829,0.0061457853928586,-5.347821775819832,0,0.0015722949710295,1249,2022-12-30,4.811147140404426e-18,4.811147140404426e-18,-0.0140001267390985,0.0116361034876088,0.0,0.0,0.0
2023-04-03,2023-04-04,2023-04-05,funded_assets,EUR,0.99,IN_FHS1250,GBP,-0.0015209517916577,0.0069962820177849,0.0084091395198603,-4.946450642023718,0,0.0014128575020753,1249,2022-12-30,4.811147140404426e-18,4.811147140404426e-18,-0.0140001267390985,0.0116361034876088,2023-04-04,2023-04-05,-0.0015209517916577,0.0069962820177849,0.0084091395198603,-4.946450642023718,0,0.0014128575020753,1249,2022-12-30,4.811147140404426e-18,4.811147140404426e-18,-0.0140001267390985,0.0116361034876088,0.0,0.0,0.0
2023-04-03,2023-04-04,2023-04-05,funded_assets,USD,0.95,IN_FHS1250,GBP,-0.0015297776199232,0.0045990026715971,0.0061742483370367,-5.34249969964324,0,0.0015752456654396,1249,2022-12-30,4.811147140404426e-18,4.811147140404426e-18,-0.0138458105500863,0.0117197066044112,2023-04-04,2023-04-05,-0.0015297776199232,0.0045990026715971,0.0061742483370367,-5.34249969964324,0,0.0015752456654396,1249,2022-12-30,4.811147140404426e-18,4.811147140404426e-18,-0.0138458105500863,0.0117197066044112,0.0,0.0,0.0
2023-04-03,2023-04-04,2023-04-05,funded_assets,USD,0.99,IN_FHS1250,GBP,-0.0015297776199232,0.0070889039153428,0.0084683328838818,-4.934314240172292,0,0.0013794289685389,1249,2022-12-30,4.811147140404426e-18,4.811147140404426e-18,-0.0138458105500863,0.0117197066044112,2023-04-04,2023-04-05,-0.0015297776199232,0.0070889039153428,0.0084683328838818,-4.934314240172292,0,0.0013794289685389,1249,2022-12-30,4.811147140404426e-18,4.811147140404426e-18,-0.0138458105500863,0.0117197066044112,0.0,0.0,0.0
2023-04-03,2023-04-04,2023-04-05,net_cashflows,EUR,0.95,IN_FHS1250,GBP,0.0053925952216731,0.0032242389257939,0.0047193950619582,3.516242505101851,1,-0.0418719697814201,1249,2022-12-30,4.811147140404426e-18,4.811147140404426e-18,-0.0089448712065795,0.0110960258618437,2023-04-04,2023-04-05,0.0053925952216731,0.0032242389257939,0.0047193950619582,3.516242505101851,1,-0.0418719697814201,1249,2022-12-30,4.811147140404426e-18,4.811147140404426e-18,-0.0089448712065795,0.0110960258618437,0.0,0.0,0.0
2023-04-03,2023-04-04,2023-04-05,net_cashflows,EUR,0.99,IN_FHS1250,GBP,0.0053925952216731,0.0055956843237926,0.007365746341386,-5.15122483202358,0,0.0017700620175933,1249,2022-12-30,4.811147140404426e-18,4.811147140404426e-18,-0.0089448712065795,0.0110960258618437,2023-04-04,2023-04-05,0.0053925952216731,0.0055956843237926,0.007365746341386,-5.15122483202358,0,0.0017700620175933,1249,2022-12-30,4.811147140404426e-18,4.811147140404426e-18,-0.0089448712065795,0.0110960258618437,0.0,0.0,0.0
2023-04-03,2023-04-04,2023-04-05,net_cashflows,USD,0.95,IN_FHS1250,GBP,0.0054259721800057,0.0032296163510048,0.0047481578337564,3.5815863997019566,1,-0.0424085750972671,1249,2022-12-30,4.811147140404426e-18,4.811147140404426e-18,-0.0088566042663739,0.0111994493640936,2023-04-04,2023-04-05,0.0054259721800057,0.0032296163510048,0.0047481578337564,3.5815863997019566,1,-0.0424085750972671,1249,2022-12-30,4.811147140404426e-18,4.811147140404426e-18,-0.0088566042663739,0.0111994493640936,0.0,0.0,0.0
2023-04-03,2023-04-04,2023-04-05,net_cashflows,USD,0.99,IN_FHS1250,GBP,0.0054259721800057,0.0056762031608237,0.0074393235053719,-5.137975451537932,0,0.0017631203445481,1249,2022-12-30,4.811147140404426e-18,4.811147140404426e-18,-0.0088566042663739,0.0111994493640936,2023-04-04,2023-04-05,0.0054259721800057,0.0056762031608237,0.0074393235053719,-5.137975451537932,0,0.0017631203445481,1249,2022-12-30,4.811147140404426e-18,4.811147140404426e-18,-0.0088566042663739,0.0111994493640936,0.0,0.0,0.0
2023-04-03,2023-04-04,2023-04-05,funded_assets,EUR,0.95,IN_TCOP1250,GBP,-0.0015209517916577,0.0047419987461399,0.0067318265855675,-5.296493893149908,0,0.0019898278394276,16384,2022-12-30,6.559423143537302e-18,6.559423143537302e-18,-0.0153713985447063,0.017844065026447,2023-04-04,2023-04-05,-0.0015209517916577,0.0047246206746909,0.0066113571798367,-5.304344417134536,0,0.0018867365051457,65536,2022-12-30,6.559423143537302e-18,6.559423143537302e-18,-0.0208448916973378,0.0194887527800449,0.003678194006577387,0.018221584835592716,0.007850523984628488
2023-04-03,2023-04-04,2023-04-05,funded_assets,EUR,0.99,IN_TCOP1250,GBP,-0.0015209517916577,0.0081042481782549,0.0102001976504963,-4.790829442043563,0,0.0020959494722414,16384,2022-12-30,6.559423143537302e-18,6.559423143537302e-18,-0.0153713985447063,0.017844065026447,2023-04-04,2023-04-05,-0.0015209517916577,0.0077609779067215,0.009745067817151,-4.834593381731537,0,0.0019840899104294,65536,2022-12-30,6.559423143537302e-18,6.559423143537302e-18,-0.0208448916973378,0.0194887527800449,0.04423028588138444,0.04670360862387099,0.043763939687973874
2023-04-03,2023-04-04,2023-04-05,funded_assets,USD,0.95,IN_TCOP1250,GBP,-0.0015297776199232,0.0047589864775031,0.0067817229876608,-5.291787002701855,0,0.0020227365101576,16384,2022-12-30,6.559423143537302e-18,6.559423143537302e-18,-0.0152323833616172,0.0182259285433864,2023-04-04,2023-04-05,-0.0015297776199232,0.0047343493986046,0.0066580959728781,-5.300855165409543,0,0.0019237465742735,65536,2022-12-30,6.559423143537302e-18,6.559423143537302e-18,-0.0204591069726858,0.0198591919521838,0.005203899590883877,0.018567923215029793,0.009068162707688288
2023-04-03,2023-04-04,2023-04-05,funded_assets,USD,0.99,IN_TCOP1250,GBP,-0.0015297776199232,0.0081406788037162,0.0103153506880122,-4.7849411320275115,0,0.0021746718842959,16384,2022-12-30,6.559423143537302e-18,6.559423143537302e-18,-0.0152323833616172,0.0182259285433864,2023-04-04,2023-04-05,-0.0015297776199232,0.0077980704069854,0.0098482722705286,-4.828638079764527,0,0.0020502018635432,65536,2022-12-30,6.559423143537302e-18,6.559423143537302e-18,-0.0204591069726858,0.0198591919521838,0.04393502223625679,0.047427447642908294,0.04369694773701571
2023-04-03,2023-04-04,2023-04-05,net_cashflows,EUR,0.95,IN_TCOP1250,GBP,0.0053925952216731,0.0033217118775753,0.0044394872690685,3.6603840290933967,1,-0.0402998914904645,16384,2022-12-30,6.559423143537302e-18,6.559423143537302e-18,-0.0111991831700107,0.0112226488903064,2023-04-04,2023-04-05,0.0053925952216731,0.0033214424375252,0.0044902223275711,3.5590205800987125,1,-0.0402542757929128,65536,2022-12-30,6.559423143537302e-18,6.559423143537302e-18,-0.0120863411244426,0.013848561363722,8.11213968533024e-05,0.011299008111708394,0.10136344899468419
2023-04-03,2023-04-04,2023-04-05,net_cashflows,EUR,0.99,IN_TCOP1250,GBP,0.0053925952216731,0.0051327079189357,0.0061558925889897,-1.0347930073308875,1,-0.0249655456036885,16384,2022-12-30,6.559423143537302e-18,6.559423143537302e-18,-0.0111991831700107,0.0112226488903064,2023-04-04,2023-04-05,0.0053925952216731,0.0052185276737327,0.0063960890862122,-2.5147065579329047,1,-0.0162291933815695,65536,2022-12-30,6.559423143537302e-18,6.559423143537302e-18,-0.0120863411244426,0.013848561363722,0.01644520450259777,0.037553650986550856,1.4799135506020171
2023-04-03,2023-04-04,2023-04-05,net_cashflows,USD,0.95,IN_TCOP1250,GBP,0.0054259721800057,0.0033190011602952,0.0044520154734928,3.7963526539794334,1,-0.0410064060810126,16384,2022-12-30,6.559423143537302e-18,6.559423143537302e-18,-0.0110321783952171,0.0112883691896997,2023-04-04,2023-04-05,0.0054259721800057,0.0033193951820626,0.0045044553290191,3.687529456876951,1,-0.040946479811907,65536,2022-12-30,6.559423143537302e-18,6.559423143537302e-18,-0.0120840234840728,0.0137908068518846,0.00011870287982855576,0.011641775019604839,0.10882319710248245
2023-04-03,2023-04-04,2023-04-05,net_cashflows,USD,0.99,IN_TCOP1250,GBP,0.0054259721800057,0.0051781328191574,0.0061858132172734,-1.2418217884782008,1,-0.023776255686715,16384,2022-12-30,6.559423143537302e-18,6.559423143537302e-18,-0.0110321783952171,0.0112883691896997,2023-04-04,2023-04-05,0.0054259721800057,0.005235740123706,0.0064341605180775,-2.275798100600864,1,-0.0178247852355993,65536,2022-12-30,6.559423143537302e-18,6.559423143537302e-18,-0.0120840234840728,0.0137908068518846,0.011002705097560146,0.0385982444961297,1.0339763121226633
2023-04-03,2023-04-04,2023-04-05,funded_assets,EUR,0.95,IN_FHS1250,JPY,-0.0015209517916577,0.0088705888175318,0.0116871443366723,-4.6902618572087285,0,0.0028165555191404,1249,2022-12-30,4.5536491244391194e-18,4.5536491244391194e-18,-0.0207846263555072,0.0325212707149497,2023-04-04,2023-04-05,-0.0015209517916577,0.0088705888175318,0.0116871443366723,-4.6902618572087285,0,0.0028165555191404,1249,2022-12-30,4.5536491244391194e-18,4.5536491244391194e-18,-0.0207846263555072,0.0325212707149497,0.0,0.0,0.0
2023-04-03,2023-04-04,2023-04-05,funded_assets,EUR,0.99,IN_FHS1250,JPY,-0.0015209517916577,0.0134207075734514,0.0164177506901377,-4.291941118305825,0,0.0029970431166863,1249,2022-12-30,4.5536491244391194e-18,4.5536491244391194e-18,-0.0207846263555072,0.0325212707149497,2023-04-04,2023-04-05,-0.0015209517916577,0.0134207075734514,0.0164177506901377,-4.291941118305825,0,0.0029970431166863,1249,2022-12-30,4.5536491244391194e-18,4.5536491244391194e-18,-0.0207846263555072,0.0325212707149497,0.0,0.0,0.0
2023-04-03,2023-04-04,2023-04-05,funded_assets,USD,0.95,IN_FHS1250,JPY,-0.0015297776199232,0.008914236174911,0.0117944811757436,-4.68432632617521,0,0.0028802450008326,1249,2022-12-30,4.5536491244391194e-18,4.5536491244391194e-18,-0.020516117762954,0.0334783381916672,2023-04-04,2023-04-05,-0.0015297776199232,0.008914236174911,0.0117944811757436,-4.68432632617521,0,0.0028802450008326,1249,2022-12-30,4.5536491244391194e-18,4.5536491244391194e-18,-0.020516117762954,0.0334783381916672,0.0,0.0,0.0
2023-04-03,2023-04-04,2023-04-05,funded_assets,USD,0.99,IN_FHS1250,JPY,-0.0015297776199232,0.0135901440748515,0.0166672079206501,-4.27892992274999,0,0.0030770638457985,1249,2022-12-30,4.5536491244391194e-18,4.5536491244391194e-18,-0.020516117762954,0.0334783381916672,2023-04-04,2023-04-05,-0.0015297776199232,0.0135901440748515,0.0166672079206501,-4.27892992274999,0,0.0030770638457985,1249,2022-12-30,4.5536491244391194e-18,4.5536491244391194e-18,-0.020516117762954,0.0334783381916672,0.0,0.0,0.0
2023-04-03,2023-04-04,2023-04-05,net_cashflows,EUR,0.95,IN_FHS1250,JPY,0.0053925952216731,0.0050972291953095,0.0066102631175276,-4.354364544116587,1,-0.004394286605054,1249,2022-12-30,4.5536491244391194e-18,4.5536491244391194e-18,-0.0104425710818845,0.0112331938401441,2023-04-04,2023-04-05,0.0053925952216731,0.0050972291953095,0.0066102631175276,-4.354364544116587,1,-0.004394286605054,1249,2022-12-30,4.5536491244391194e-18,4.5536491244391194e-18,-0.0104425710818845,0.0112331938401441,0.0,0.0,0.0
2023-04-03,2023-04-04,2023-04-05,net_cashflows,EUR,0.99,IN_FHS1250,JPY,0.0053925952216731,0.0078292337929697,0.0090852710335888,-4.839350581616502,0,0.001256037240619,1249,2022-12-30,4.5536491244391194e-18,4.5536491244391194e-18,-0.0104425710818845,0.0112331938401441,2023-04-04,2023-04-05,0.0053925952216731,0.0078292337929697,0.0090852710335888,-4.839350581616502,0,0.001256037240619,1249,2022-12-30,4.5536491244391194e-18,4.5536491244391194e-18,-0.0104425710818845,0.0112331938401441,0.0,0.0,0.0
2023-04-03,2023-04-04,2023-04-05,net_cashflows,USD,0.95,IN_FHS1250,JPY,0.0054259721800057,0.0050498313801852,0.0066781525379816,-4.126260376773743,1,-0.005894494838614,1249,2022-12-30,4.5536491244391194e-18,4.5536491244391194e-18,-0.0101313613113651,0.0112451808286679,2023-04-04,2023-04-05,0.0054259721800057,0.0050498313801852,0.0066781525379816,-4.126260376773743,1,-0.005894494838614,1249,2022-12-30,4.5536491244391194e-18,4.5536491244391194e-18,-0.0101313613113651,0.0112451808286679,0.0,0.0,0.0
2023-04-03,2023-04-04,2023-04-05,net_cashflows,USD,0.99,IN_FHS1250,JPY,0.0054259721800057,0.0078998221442005,0.0091540877527777,-4.830571746909963,0,0.0012542656085772,1249,2022-12-30,4.5536491244391194e-18,4.5536491244391194e-18,-0.0101313613113651,0.0112451808286679,2023-04-04,2023-04-05,0.0054259721800057,0.0078998221442005,0.0091540877527777,-4.830571746909963,0,0.0012542656085772,1249,2022-12-30,4.5536491244391194e-18,4.5536491244391194e-18,-0.0101313613113651,0.0112451808286679,0.0,0.0,0.0
2023-04-03,2023-04-04,2023-04-05,funded_assets,EUR,0.95,IN_TCOP1250,JPY,-0.0015209517916577,0.0089902487760506,0.0119166426965839,-4.675391321756793,0,0.0029263939205332,16384,2022-12-30,6.35613523619627e-18,6.35613523619627e-18,-0.0273392741866102,0.0294133069033472,2023-04-04,2023-04-05,-0.0015209517916577,0.0090122167919376,0.0118570361426261,-4.6747605031977,0,0.0028448193506885,65536,2022-12-30,7.020209066843641e-18,7.020209066843641e-18,-0.0338523714229481,0.0369037607731905,0.00243758182855227,0.005027104011559362,0.0006308185590926385
2023-04-03,2023-04-04,2023-04-05,funded_assets,EUR,0.99,IN_TCOP1250,JPY,-0.0015209517916577,0.0136197706286679,0.0163651034371482,-4.280359348696531,0,0.0027453328084802,16384,2022-12-30,6.35613523619627e-18,6.35613523619627e-18,-0.0273392741866102,0.0294133069033472,2023-04-04,2023-04-05,-0.0015209517916577,0.0135825544031693,0.0162949033435354,-4.283356720356638,0,0.002712348940366,65536,2022-12-30,7.020209066843641e-18,7.020209066843641e-18,-0.0338523714229481,0.0369037607731905,0.002740001946166801,0.00430810125919818,0.002997371660106829
2023-04-03,2023-04-04,2023-04-05,funded_assets,USD,0.95,IN_TCOP1250,JPY,-0.0015297776199232,0.0090729897584682,0.0120832044237015,-4.665062726213224,0,0.0030102146652332,16384,2022-12-30,6.35613523619627e-18,6.35613523619627e-18,-0.0268355456004582,0.0301765745745018,2023-04-04,2023-04-05,-0.0015297776199232,0.0091066612113686,0.0120168771508224,-4.663620577647833,0,0.0029102159394537,65536,2022-12-30,7.020209066843641e-18,7.020209066843641e-18,-0.0327110031327956,0.0388506270405929,0.003697453119082255,0.00551950993978165,0.0014421485653901556
2023-04-03,2023-04-04,2023-04-05,funded_assets,USD,0.99,IN_TCOP1250,JPY,-0.0015297776199232,0.013845995969034,0.0166754946756728,-4.263495068092726,0,0.0028294987066387,16384,2022-12-30,6.35613523619627e-18,6.35613523619627e-18,-0.0268355456004582,0.0301765745745018,2023-04-04,2023-04-05,-0.0015297776199232,0.0138127995193369,0.0165938060809909,-4.266318830263377,0,0.002781006561654,65536,2022-12-30,7.020209066843641e-18,7.020209066843641e-18,-0.0327110031327956,0.0388506270405929,0.0024033107590266103,0.004922836526062549,0.0028237621706512783
2023-04-03,2023-04-04,2023-04-05,net_cashflows,EUR,0.95,IN_TCOP1250,JPY,0.0053925952216731,0.0049645395079943,0.0065242640864923,-3.9590961692020734,1,-0.0070013896950789,16384,2022-12-30,6.35613523619627e-18,6.35613523619627e-18,-0.0124828104308252,0.0145950563640323,2023-04-04,2023-04-05,0.0053925952216731,0.0049479153406459,0.0065392461578739,-3.9132501134160536,1,-0.0073022668033172,65536,2022-12-30,7.020209066843641e-18,7.020209066843641e-18,-0.0147467169820511,0.0188308748136359,0.003359832617150152,0.002291100689574089,0.04584605578601986
2023-04-03,2023-04-04,2023-04-05,net_cashflows,EUR,0.99,IN_TCOP1250,JPY,0.0053925952216731,0.0073804860923632,0.0088908902809813,-4.892610311492481,0,0.001510404188618,16384,2022-12-30,6.35613523619627e-18,6.35613523619627e-18,-0.0124828104308252,0.0145950563640323,2023-04-04,2023-04-05,0.0053925952216731,0.0074905386326815,0.0089733592194234,-4.878742166487092,0,0.0014828205867418,65536,2022-12-30,7.020209066843641e-18,7.020209066843641e-18,-0.0147467169820511,0.0188308748136359,0.014692206490750417,0.009190419822221242,0.013868145005389465
2023-04-03,2023-04-04,2023-04-05,net_cashflows,USD,0.95,IN_TCOP1250,JPY,0.0054259721800057,0.0049908040565483,0.0065789722339988,-3.9423712965704656,1,-0.0071151942916994,16384,2022-12-30,6.35613523619627e-18,6.35613523619627e-18,-0.0121765286508056,0.0145926077975128,2023-04-04,2023-04-05,0.0054259721800057,0.0049786636998224,0.0065945143583828,-3.9099388507685746,1,-0.0073303189451061,65536,2022-12-30,7.020209066843641e-18,7.020209066843641e-18,-0.0143818537538887,0.0189061936772263,0.002438476960460827,0.002356826225458613,0.032432445801890974
2023-04-03,2023-04-04,2023-04-05,net_cashflows,USD,0.99,IN_TCOP1250,JPY,0.0054259721800057,0.007446687466158,0.0089973234824361,-4.883172280983241,0,0.001550636016278,16384,2022-12-30,6.35613523619627e-18,6.35613523619627e-18,-0.0121765286508056,0.0145926077975128,2023-04-04,2023-04-05,0.0054259721800057,0.0075513392758655,0.0090787349197422,-4.870059241421888,0,0.0015273956438766,65536,2022-12-30,7.020209066843641e-18,7.020209066843641e-18,-0.0143818537538887,0.0189061936772263,0.013858708486582449,0.00896726669803603,0.013113039561353013
2023-04-03,2023-04-04,2023-04-05,funded_assets,EUR,0.95,IN_FHS1250,CHF,-0.0015209517916577,0.0064522382071081,0.008396163231524,-5.011505832506734,0,0.0019439250244159,1249,2022-12-30,2.9205696021328283e-18,2.9205696021328283e-18,-0.0166496204236,0.014480041519693,2023-04-04,2023-04-05,-0.0015209517916577,0.0064522382071081,0.008396163231524,-5.011505832506734,0,0.0019439250244159,1249,2022-12-30,2.9205696021328283e-18,2.9205696021328283e-18,-0.0166496204236,0.014480041519693,0.0,0.0,0.0
2023-04-03,2023-04-04,2023-04-05,funded_assets,EUR,0.99,IN_FHS1250,CHF,-0.0015209517916577,0.0097834488497622,0.0115953687851058,-4.613411884287023,0,0.0018119199353435,1249,2022-12-30,2.9205696021328283e-18,2.9205696021328283e-18,-0.0166496204236,0.014480041519693,2023-04-04,2023-04-05,-0.0015209517916577,0.0097834488497622,0.0115953687851058,-4.613411884287023,0,0.0018119199353435,1249,2022-12-30,2.9205696021328283e-18,2.9205696021328283e-18,-0.0166496204236,0.014480041519693,0.0,0.0,0.0
2023-04-03,2023-04-04,2023-04-05,funded_assets,USD,0.95,IN_FHS1250,CHF,-0.0015297776199232,0.0065108666226829,0.0084525389278382,-5.00300310147873,0,0.0019416723051553,1249,2022-12-30,2.9205696021328283e-18,2.9205696021328283e-18,-0.0165291382036928,0.0146400943269481,2023-04-04,2023-04-05,-0.0015297776199232,0.0065108666226829,0.0084525389278382,-5.00300310147873,0,0.0019416723051553,1249,2022-12-30,2.9205696021328283e-18,2.9205696021328283e-18,-0.0165291382036928,0.0146400943269481,0.0,0.0,0.0
2023-04-03,2023-04-04,2023-04-05,funded_assets,USD,0.99,IN_FHS1250,CHF,-0.0015297776199232,0.009777762207586,0.0117001612165166,-4.612458001690346,0,0.0019223990089305,1249,2022-12-30,2.9205696021328283e-18,2.9205696021328283e-18,-0.0165291382036928,0.0146400943269481,2023-04-04,2023-04-05,-0.0015297776199232,0.009777762207586,0.0117001612165166,-4.612458001690346,0,0.0019223990089305,1249,2022-12-30,2.9205696021328283e-18,2.9205696021328283e-18,-0.0165291382036928,0.0146400943269481,0.0,0.0,0.0
2023-04-03,2023-04-04,2023-04-05,net_cashflows,EUR,0.95,IN_FHS1250,CHF,0.0053925952216731,0.0039573958884544,0.0056658223459854,-0.4086709234434424,1,-0.0269955602068448,1249,2022-12-30,2.9205696021328283e-18,2.9205696021328283e-18,-0.0117417872833814,0.0129622742620418,2023-04-04,2023-04-05,0.0053925952216731,0.0039573958884544,0.0056658223459854,-0.4086709234434424,1,-0.0269955602068448,1249,2022-12-30,2.9205696021328283e-18,2.9205696021328283e-18,-0.0117417872833814,0.0129622742620418,0.0,0.0,0.0
2023-04-03,2023-04-04,2023-04-05,net_cashflows,EUR,0.99,IN_FHS1250,CHF,0.0053925952216731,0.0062664224026193,0.0089077148388469,-5.017354941036105,0,0.0026412924362276,1249,2022-12-30,2.9205696021328283e-18,2.9205696021328283e-18,-0.0117417872833814,0.0129622742620418,2023-04-04,2023-04-05,0.0053925952216731,0.0062664224026193,0.0089077148388469,-5.017354941036105,0,0.0026412924362276,1249,2022-12-30,2.9205696021328283e-18,2.9205696021328283e-18,-0.0117417872833814,0.0129622742620418,0.0,0.0,0.0
2023-04-03,2023-04-04,2023-04-05,net_cashflows,USD,0.95,IN_FHS1250,CHF,0.0054259721800057,0.0039874773032358,0.0056989508880595,-0.4195073691071789,1,-0.0270584239505752,1249,2022-12-30,2.9205696021328283e-18,2.9205696021328283e-18,-0.0115625421976434,0.0133303361844864,2023-04-04,2023-04-05,0.0054259721800057,0.0039874773032358,0.0056989508880595,-0.4195073691071789,1,-0.0270584239505752,1249,2022-12-30,2.9205696021328283e-18,2.9205696021328283e-18,-0.0115625421976434,0.0133303361844864,0.0,0.0,0.0
2023-04-03,2023-04-04,2023-04-05,net_cashflows,USD,0.99,IN_FHS1250,CHF,0.0054259721800057,0.0062917676028035,0.0089674609214219,-5.012530735786242,0,0.0026756933186184,1249,2022-12-30,2.9205696021328283e-18,2.9205696021328283e-18,-0.0115625421976434,0.0133303361844864,2023-04-04,2023-04-05,0.0054259721800057,0.0062917676028035,0.0089674609214219,-5.012530735786242,0,0.0026756933186184,1249,2022-12-30,2.9205696021328283e-18,2.9205696021328283e-18,-0.0115625421976434,0.0133303361844864,0.0,0.0,0.0
2023-04-03,2023-04-04,2023-04-05,funded_assets,EUR,0.95,IN_TCOP1250,CHF,-0.0015209517916577,0.0066445765212863,0.0088861935348649,-4.975514900624703,0,0.0022416170135786,16384,2022-12-30,4.87890977618477e-18,4.87890977618477e-18,-0.0194011775697046,0.0213016053084799,2023-04-04,2023-04-05,-0.0015209517916577,0.0067103435142266,0.0088260191264522,-4.96976013235556,0,0.0021156756122255,65536,2022-12-30,4.87890977618477e-18,4.87890977618477e-18,-0.0253872263992284,0.0216407040245538,0.009800838481795719,0.006817842512073445,0.005754768269143007
2023-04-03,2023-04-04,2023-04-05,funded_assets,EUR,0.99,IN_TCOP1250,CHF,-0.0015209517916577,0.0102390391829433,0.0122872369082469,-4.565887314400463,0,0.0020481977253036,16384,2022-12-30,4.87890977618477e-18,4.87890977618477e-18,-0.0194011775697046,0.0213016053084799,2023-04-04,2023-04-05,-0.0015209517916577,0.0101476485512129,0.0121044364420339,-4.575841981113733,0,0.001956787890821,65536,2022-12-30,4.87890977618477e-18,4.87890977618477e-18,-0.0253872263992284,0.0216407040245538,0.009006089565397456,0.015101939449093695,0.009954666713269944
2023-04-03,2023-04-04,2023-04-05,funded_assets,USD,0.95,IN_TCOP1250,CHF,-0.0015297776199232,0.006713397089422,0.0089721631199209,-4.965381152536502,0,0.0022587660304989,16384,2022-12-30,4.87890977618477e-18,4.87890977618477e-18,-0.0192456705788817,0.0216219749051231,2023-04-04,2023-04-05,-0.0015297776199232,0.0067489514024879,0.0089088197600616,-4.963155090801955,0,0.0021598683575737,65536,2022-12-30,4.87890977618477e-18,4.87890977618477e-18,-0.0251308357640047,0.0223090774741666,0.005268124030763362,0.007110185362966761,0.0022260617345475353
2023-04-03,2023-04-04,2023-04-05,funded_assets,USD,0.99,IN_TCOP1250,CHF,-0.0015297776199232,0.0103636395852198,0.0124554560080757,-4.55354030324315,0,0.0020918164228558,16384,2022-12-30,4.87890977618477e-18,4.87890977618477e-18,-0.0192456705788817,0.0216219749051231,2023-04-04,2023-04-05,-0.0015297776199232,0.0102143874347321,0.0122602655876874,-4.568262308454637,0,0.0020458781529553,65536,2022-12-30,4.87890977618477e-18,4.87890977618477e-18,-0.0251308357640047,0.0223090774741666,0.014611953133890083,0.01592057031654549,0.014722005211487144
2023-04-03,2023-04-04,2023-04-05,net_cashflows,EUR,0.95,IN_TCOP1250,CHF,0.0053925952216731,0.0039938291921132,0.0053475353303197,-0.2528233777086255,1,-0.0266216144529928,16384,2022-12-30,4.87890977618477e-18,4.87890977618477e-18,-0.0118943310313905,0.0132443967841394,2023-04-04,2023-04-05,0.0053925952216731,0.0039942625186795,0.0053398030846226,-0.247155416454504,1,-0.0266211134939293,65536,2022-12-30,4.87890977618477e-18,4.87890977618477e-18,-0.0123277789008102,0.0163671167387521,0.00010848725247098621,0.0014480394828353836,0.005667961254121501
2023-04-03,2023-04-04,2023-04-05,net_cashflows,EUR,0.99,IN_TCOP1250,CHF,0.0053925952216731,0.0061561607087999,0.0075403892945137,-5.071056682695081,0,0.0013842285857138,16384,2022-12-30,4.87890977618477e-18,4.87890977618477e-18,-0.0118943310313905,0.0132443967841394,2023-04-04,2023-04-05,0.0053925952216731,0.0061378606348203,0.0075239927299509,-5.073886594620931,0,0.0013861320951306,65536,2022-12-30,4.87890977618477e-18,4.87890977618477e-18,-0.0123277789008102,0.0163671167387521,0.002981506923728929,0.0021792371618767374,0.002829911925849693
2023-04-03,2023-04-04,2023-04-05,net_cashflows,USD,0.95,IN_TCOP1250,CHF,0.0054259721800057,0.0040083636280959,0.0053639142495191,-0.1950538429405828,1,-0.0269966204167736,16384,2022-12-30,4.87890977618477e-18,4.87890977618477e-18,-0.0119446827250434,0.0133120708903726,2023-04-04,2023-04-05,0.0054259721800057,0.0040067182683572,0.0053566837019479,-0.1824232464337978,1,-0.0270351127993799,65536,2022-12-30,4.87890977618477e-18,4.87890977618477e-18,-0.0121503437338534,0.0164149648687703,0.00041065022008024085,0.0013498179047925568,0.012630596506785025
2023-04-03,2023-04-04,2023-04-05,net_cashflows,USD,0.99,IN_TCOP1250,CHF,0.0054259721800057,0.0061856265496111,0.0075706215663456,-5.066423475002278,0,0.0013849950167344,16384,2022-12-30,4.87890977618477e-18,4.87890977618477e-18,-0.0119446827250434,0.0133120708903726,2023-04-04,2023-04-05,0.0054259721800057,0.0061693026680421,0.007556235634861,-5.068930280810895,0,0.0013869329668188,65536,2022-12-30,4.87890977618477e-18,4.87890977618477e-18,-0.0121503437338534,0.0164149648687703,0.0026459848782522197,0.0019038489771586637,0.002506805808617507
2023-04-03,2023-04-04,2023-04-05,funded_assets,EUR,0.95,IN_FHS_REF_POOL,ALL_FIVE,-0.0015209517916577,0.0067544455993029,0.0090511911403104,-4.958609551818601,0,0.0022967455410075,6245,2022-12-30,0.0,0.0,-0.0207846263555072,0.0325212707149497,2023-04-04,2023-04-05,-0.0015209517916577,0.0067544455993029,0.0090511911403104,-4.958609551818601,0,0.0022967455410075,6245,2022-12-30,0.0,0.0,-0.0207846263555072,0.0325212707149497,0.0,0.0,0.0
2023-04-03,2023-04-04,2023-04-05,funded_assets,EUR,0.99,IN_FHS_REF_POOL,ALL_FIVE,-0.0015209517916577,0.0102173134372096,0.0129494534744617,-4.55768666326877,0,0.0027321400372521,6245,2022-12-30,0.0,0.0,-0.0207846263555072,0.0325212707149497,2023-04-04,2023-04-05,-0.0015209517916577,0.0102173134372096,0.0129494534744617,-4.55768666326877,0,0.0027321400372521,6245,2022-12-30,0.0,0.0,-0.0207846263555072,0.0325212707149497,0.0,0.0,0.0
2023-04-03,2023-04-04,2023-04-05,funded_assets,USD,0.95,IN_FHS_REF_POOL,ALL_FIVE,-0.0015297776199232,0.0067819486193012,0.009124892875518,-4.953513147956448,0,0.0023429442562168,6245,2022-12-30,0.0,0.0,-0.020516117762954,0.0334783381916672,2023-04-04,2023-04-05,-0.0015297776199232,0.0067819486193012,0.009124892875518,-4.953513147956448,0,0.0023429442562168,6245,2022-12-30,0.0,0.0,-0.020516117762954,0.0334783381916672,0.0,0.0,0.0
2023-04-03,2023-04-04,2023-04-05,funded_assets,USD,0.99,IN_FHS_REF_POOL,ALL_FIVE,-0.0015297776199232,0.0103661670263831,0.0130964441842179,-4.543889213194135,0,0.0027302771578347,6245,2022-12-30,0.0,0.0,-0.020516117762954,0.0334783381916672,2023-04-04,2023-04-05,-0.0015297776199232,0.0103661670263831,0.0130964441842179,-4.543889213194135,0,0.0027302771578347,6245,2022-12-30,0.0,0.0,-0.020516117762954,0.0334783381916672,0.0,0.0,0.0
2023-04-03,2023-04-04,2023-04-05,net_cashflows,EUR,0.95,IN_FHS_REF_POOL,ALL_FIVE,0.0053925952216731,0.004329847476593,0.0062102966750153,-1.961807455106336,1,-0.0193745057031806,6245,2022-12-30,0.0,0.0,-0.0156105038700663,0.0162189982406903,2023-04-04,2023-04-05,0.0053925952216731,0.004329847476593,0.0062102966750153,-1.961807455106336,1,-0.0193745057031806,6245,2022-12-30,0.0,0.0,-0.0156105038700663,0.0162189982406903,0.0,0.0,0.0
2023-04-03,2023-04-04,2023-04-05,net_cashflows,EUR,0.99,IN_FHS_REF_POOL,ALL_FIVE,0.0053925952216731,0.0072429581508525,0.009304954191994,-4.898810266953899,0,0.0020619960411415,6245,2022-12-30,0.0,0.0,-0.0156105038700663,0.0162189982406903,2023-04-04,2023-04-05,0.0053925952216731,0.0072429581508525,0.009304954191994,-4.898810266953899,0,0.0020619960411415,6245,2022-12-30,0.0,0.0,-0.0156105038700663,0.0162189982406903,0.0,0.0,0.0
2023-04-03,2023-04-04,2023-04-05,net_cashflows,USD,0.95,IN_FHS_REF_POOL,ALL_FIVE,0.0054259721800057,0.0043600018148864,0.0062629012647314,-1.972870010295192,1,-0.0194165078525418,6245,2022-12-30,0.0,0.0,-0.0153175219415662,0.0161202693488048,2023-04-04,2023-04-05,0.0054259721800057,0.0043600018148864,0.0062629012647314,-1.972870010295192,1,-0.0194165078525418,6245,2022-12-30,0.0,0.0,-0.0153175219415662,0.0161202693488048,0.0,0.0,0.0
2023-04-03,2023-04-04,2023-04-05,net_cashflows,USD,0.99,IN_FHS_REF_POOL,ALL_FIVE,0.0054259721800057,0.0073419298150857,0.0094035401925644,-4.885906728831025,0,0.0020616103774787,6245,2022-12-30,0.0,0.0,-0.0153175219415662,0.0161202693488048,2023-04-04,2023-04-05,0.0054259721800057,0.0073419298150857,0.0094035401925644,-4.885906728831025,0,0.0020616103774787,6245,2022-12-30,0.0,0.0,-0.0153175219415662,0.0161202693488048,0.0,0.0,0.0
2023-04-03,2023-04-04,2023-04-05,funded_assets,EUR,0.95,IN_TCOP_REF_POOL,ALL_FIVE,-0.0015209517916577,0.0070140880065252,0.0094794236591756,-4.9187040746653246,0,0.0024653356526504,81920,2022-12-30,0.0,0.0,-0.0273392741866102,0.0294133069033472,2023-04-04,2023-04-05,-0.0015209517916577,0.007021092982815,0.0094354675858695,-4.919162420940953,0,0.0024143746030545,327680,2022-12-30,0.0,0.0,-0.0338523714229481,0.0369037607731905,0.000997704532178392,0.004658600425052451,0.0004583462756286849
2023-04-03,2023-04-04,2023-04-05,funded_assets,EUR,0.99,IN_TCOP_REF_POOL,ALL_FIVE,-0.0015209517916577,0.0109443353894445,0.0133911756734568,-4.495879669144797,0,0.0024468402840122,81920,2022-12-30,0.0,0.0,-0.0273392741866102,0.0294133069033472,2023-04-04,2023-04-05,-0.0015209517916577,0.0108953321496378,0.0132753442908291,-4.501127410923708,0,0.0023800121411913,327680,2022-12-30,0.0,0.0,-0.0338523714229481,0.0369037607731905,0.004497636155895456,0.008725301588428068,0.005247741778910964
2023-04-03,2023-04-04,2023-04-05,funded_assets,USD,0.95,IN_TCOP_REF_POOL,ALL_FIVE,-0.0015297776199232,0.0070676769282833,0.0095829673363222,-4.9102431023698285,0,0.0025152904080388,81920,2022-12-30,0.0,0.0,-0.0268355456004582,0.0301765745745018,2023-04-04,2023-04-05,-0.0015297776199232,0.0070774880978104,0.0095359336204145,-4.9104967114073945,0,0.002458445522604,327680,2022-12-30,0.0,0.0,-0.0327110031327956,0.0388506270405929,0.0013862502333469625,0.004932261253057769,0.00025360903756599384
2023-04-03,2023-04-04,2023-04-05,funded_assets,USD,0.99,IN_TCOP_REF_POOL,ALL_FIVE,-0.0015297776199232,0.0110647796015299,0.0135946100542615,-4.484172580767996,0,0.0025298304527316,81920,2022-12-30,0.0,0.0,-0.0268355456004582,0.0301765745745018,2023-04-04,2023-04-05,-0.0015297776199232,0.0110353797639066,0.0134693547497534,-4.488042838765214,0,0.0024339749858468,327680,2022-12-30,0.0,0.0,-0.0327110031327956,0.0388506270405929,0.0026641437134277864,0.009299280242833734,0.003870257997217408
2023-04-03,2023-04-04,2023-04-05,net_cashflows,EUR,0.95,IN_TCOP_REF_POOL,ALL_FIVE,0.0053925952216731,0.0044023001154829,0.0059412857577774,-2.051256761084109,1,-0.0182669164815111,81920,2022-12-30,0.0,0.0,-0.0151199502491477,0.0156434822918828,2023-04-04,2023-04-05,0.0053925952216731,0.0043992665064528,0.0059508849590796,-2.0465292495411718,1,-0.0183149558517795,327680,2022-12-30,0.0,0.0,-0.0176586974306854,0.0207280351832569,0.0006895715514507925,0.0016130712269195504,0.004727511542937268
2023-04-03,2023-04-04,2023-04-05,net_cashflows,EUR,0.99,IN_TCOP_REF_POOL,ALL_FIVE,0.0053925952216731,0.0068302705328849,0.0083154652487886,-4.968244543216711,0,0.0014851947159037,81920,2022-12-30,0.0,0.0,-0.0151199502491477,0.0156434822918828,2023-04-04,2023-04-05,0.0053925952216731,0.0068711649819035,0.008371934523612,-4.962132273225346,0,0.0015007695417084,327680,2022-12-30,0.0,0.0,-0.0176586974306854,0.0207280351832569,0.0059516034218802475,0.006745068856443579,0.00611226999136516
2023-04-03,2023-04-04,2023-04-05,net_cashflows,USD,0.95,IN_TCOP_REF_POOL,ALL_FIVE,0.0054259721800057,0.0044184042142211,0.0059707405397676,-2.0058564785463355,1,-0.0185990229901456,81920,2022-12-30,0.0,0.0,-0.0151294187638047,0.0157328625504282,2023-04-04,2023-04-05,0.0054259721800057,0.0044141289085624,0.0059811740523259,-1.9977077044604163,1,-0.0186698202851025,327680,2022-12-30,0.0,0.0,-0.0176233211108605,0.0208680688480195,0.0009685502501767128,0.0017443920653409182,0.008148774085919186
2023-04-03,2023-04-04,2023-04-05,net_cashflows,USD,0.99,IN_TCOP_REF_POOL,ALL_FIVE,0.0054259721800057,0.0068686785099705,0.0083769408667984,-4.962321784933756,0,0.0015082623568279,81920,2022-12-30,0.0,0.0,-0.0151294187638047,0.0157328625504282,2023-04-04,2023-04-05,0.0054259721800057,0.0069099259580907,0.0084344620444986,-4.956180180052655,0,0.0015245360864079,327680,2022-12-30,0.0,0.0,-0.0176233211108605,0.0208680688480195,0.005969303921687239,0.006819780253527609,0.006141604881101159
2024-08-01,2024-08-02,2024-08-05,funded_assets,EUR,0.95,HS1250,ALL_EQUIVARIANT,-0.0066771638671812,0.0046882870724197,0.0065113056367219,-5.314192705970261,0,0.0018230185643022,1249,2023-12-29,2.7952087259391915e-18,2.7952087259391915e-18,-0.0163207202561279,0.015738020767808,2024-08-02,2024-08-05,-0.0066771638671812,0.0046882870724197,0.0065113056367219,-5.314192705970261,0,0.0018230185643022,1249,2023-12-29,2.7952087259391915e-18,2.7952087259391915e-18,-0.0163207202561279,0.015738020767808,0.0,0.0,0.0
2024-08-01,2024-08-02,2024-08-05,funded_assets,EUR,0.99,HS1250,ALL_EQUIVARIANT,-0.0066771638671812,0.0077885308941603,0.0093997266907346,-4.838483457517247,0,0.0016111957965743,1249,2023-12-29,2.7952087259391915e-18,2.7952087259391915e-18,-0.0163207202561279,0.015738020767808,2024-08-02,2024-08-05,-0.0066771638671812,0.0077885308941603,0.0093997266907346,-4.838483457517247,0,0.0016111957965743,1249,2023-12-29,2.7952087259391915e-18,2.7952087259391915e-18,-0.0163207202561279,0.015738020767808,0.0,0.0,0.0
2024-08-01,2024-08-02,2024-08-05,funded_assets,USD,0.95,HS1250,ALL_EQUIVARIANT,-0.0067850282121993,0.0047444833611025,0.0065548303564035,-5.303738221131812,0,0.001810346995301,1249,2023-12-29,2.7952087259391915e-18,2.7952087259391915e-18,-0.0161584541119734,0.0159231859695584,2024-08-02,2024-08-05,-0.0067850282121993,0.0047444833611025,0.0065548303564035,-5.303738221131812,0,0.001810346995301,1249,2023-12-29,2.7952087259391915e-18,2.7952087259391915e-18,-0.0161584541119734,0.0159231859695584,0.0,0.0,0.0
2024-08-01,2024-08-02,2024-08-05,funded_assets,USD,0.99,HS1250,ALL_EQUIVARIANT,-0.0067850282121993,0.0078548989789379,0.0094929582473847,-4.829760188076426,0,0.0016380592684467,1249,2023-12-29,2.7952087259391915e-18,2.7952087259391915e-18,-0.0161584541119734,0.0159231859695584,2024-08-02,2024-08-05,-0.0067850282121993,0.0078548989789379,0.0094929582473847,-4.829760188076426,0,0.0016380592684467,1249,2023-12-29,2.7952087259391915e-18,2.7952087259391915e-18,-0.0161584541119734,0.0159231859695584,0.0,0.0,0.0
2024-08-01,2024-08-02,2024-08-05,net_cashflows,EUR,0.95,HS1250,ALL_EQUIVARIANT,0.0190049985149017,0.0035544707922808,0.0057077163612709,48.595899366038886,1,-0.3068573088834267,1249,2023-12-29,2.7952087259391915e-18,2.7952087259391915e-18,-0.0113622868915228,0.0172505023612744,2024-08-02,2024-08-05,0.0190049985149017,0.0035544707922808,0.0057077163612709,48.595899366038886,1,-0.3068573088834267,1249,2023-12-29,2.7952087259391915e-18,2.7952087259391915e-18,-0.0113622868915228,0.0172505023612744,0.0,0.0,0.0
2024-08-01,2024-08-02,2024-08-05,net_cashflows,EUR,0.99,HS1250,ALL_EQUIVARIANT,0.0190049985149017,0.0067986506055971,0.0094097305314526,124.77698498048916,1,-1.2180237110045995,1249,2023-12-29,2.7952087259391915e-18,2.7952087259391915e-18,-0.0113622868915228,0.0172505023612744,2024-08-02,2024-08-05,0.0190049985149017,0.0067986506055971,0.0094097305314526,124.77698498048916,1,-1.2180237110045995,1249,2023-12-29,2.7952087259391915e-18,2.7952087259391915e-18,-0.0113622868915228,0.0172505023612744,0.0,0.0,0.0
2024-08-01,2024-08-02,2024-08-05,net_cashflows,USD,0.95,HS1250,ALL_EQUIVARIANT,0.0193848777128293,0.0035775534025528,0.0057498456533118,49.44709115162821,1,-0.3139741939547691,1249,2023-12-29,2.7952087259391915e-18,2.7952087259391915e-18,-0.0111636206321082,0.017704227131297,2024-08-02,2024-08-05,0.0193848777128293,0.0035775534025528,0.0057498456533118,49.44709115162821,1,-0.3139741939547691,1249,2023-12-29,2.7952087259391915e-18,2.7952087259391915e-18,-0.0111636206321082,0.017704227131297,0.0,0.0,0.0
2024-08-01,2024-08-02,2024-08-05,net_cashflows,USD,0.99,HS1250,ALL_EQUIVARIANT,0.0193848777128293,0.0068849919722521,0.0095039161660541,126.59191298283216,1,-1.2473696498639162,1249,2023-12-29,2.7952087259391915e-18,2.7952087259391915e-18,-0.0111636206321082,0.017704227131297,2024-08-02,2024-08-05,0.0193848777128293,0.0068849919722521,0.0095039161660541,126.59191298283216,1,-1.2473696498639162,1249,2023-12-29,2.7952087259391915e-18,2.7952087259391915e-18,-0.0111636206321082,0.017704227131297,0.0,0.0,0.0
2024-08-01,2024-08-02,2024-08-05,funded_assets,EUR,0.95,EWMA_GAUSS,ALL_EQUIVARIANT,-0.0066771638671812,0.0057514119905056,0.0072332573049617,-5.133931378830416,0,0.0014818453144561,16384,2023-12-29,5.012476284054933e-18,5.012476284054933e-18,-0.0132903047063348,0.0134206293057155,2024-08-02,2024-08-05,-0.0066771638671812,0.0057558261560935,0.0072273761367015,-5.133486997875024,0,0.001471549980608,65536,2023-12-29,5.012476284054933e-18,5.012476284054933e-18,-0.0154085364449211,0.0164042314062236,0.0007669039106100335,0.0008137349086253955,0.0004443809553924538
2024-08-01,2024-08-02,2024-08-05,funded_assets,EUR,0.99,EWMA_GAUSS,ALL_EQUIVARIANT,-0.0066771638671812,0.0081537032875684,0.0093311820812192,-4.800581102644005,0,0.0011774787936507,16384,2023-12-29,5.012476284054933e-18,5.012476284054933e-18,-0.0132903047063348,0.0134206293057155,2024-08-02,2024-08-05,-0.0066771638671812,0.0082032010700957,0.0093222989581546,-4.795391280579519,0,0.0011190978880588,65536,2023-12-29,5.012476284054933e-18,5.012476284054933e-18,-0.0154085364449211,0.0164042314062236,0.006033959439046546,0.0009528897436644855,0.005189822064485483
2024-08-01,2024-08-02,2024-08-05,funded_assets,USD,0.95,EWMA_GAUSS,ALL_EQUIVARIANT,-0.0067850282121993,0.0057581718593128,0.0072498806502445,-5.132526596134372,0,0.0014917087909316,16384,2023-12-29,5.012476284054933e-18,5.012476284054933e-18,-0.0133640244189787,0.0135767406388428,2024-08-02,2024-08-05,-0.0067850282121993,0.0057665129262883,0.0072440538066127,-5.131540339070087,0,0.0014775408803244,65536,2023-12-29,5.012476284054933e-18,5.012476284054933e-18,-0.0153446593788773,0.0163444986806937,0.0014464663622750082,0.0008043622793747433,0.000986257064284679
2024-08-01,2024-08-02,2024-08-05,funded_assets,USD,0.99,EWMA_GAUSS,ALL_EQUIVARIANT,-0.0067850282121993,0.0081845836782334,0.0093592492967485,-4.796898724767634,0,0.0011746656185151,16384,2023-12-29,5.012476284054933e-18,5.012476284054933e-18,-0.0133640244189787,0.0135767406388428,2024-08-02,2024-08-05,-0.0067850282121993,0.0082223653277289,0.0093487229465647,-4.792998039649035,0,0.0011263576188357,65536,2023-12-29,5.012476284054933e-18,5.012476284054933e-18,-0.0153446593788773,0.0163444986806937,0.004594985504728886,0.0011259666420715439,0.003900685118598979
2024-08-01,2024-08-02,2024-08-05,net_cashflows,EUR,0.95,EWMA_GAUSS,ALL_EQUIVARIANT,0.0190049985149017,0.0058139090912912,0.0073167048279776,30.934471927431368,1,-0.262318992735522,16384,2023-12-29,5.012476284054933e-18,5.012476284054933e-18,-0.0133482949746177,0.0135650933658185,2024-08-02,2024-08-05,0.0190049985149017,0.0058241056594471,0.007317975774875,30.90177152428146,1,-0.2621239869936634,65536,2023-12-29,5.012476284054933e-18,5.012476284054933e-18,-0.0180783191413316,0.0160554937868056,0.0017507526051420512,0.00017367465218506717,0.03270040314990652
2024-08-01,2024-08-02,2024-08-05,net_cashflows,EUR,0.99,EWMA_GAUSS,ALL_EQUIVARIANT,0.0190049985149017,0.0082586829495094,0.0094711880111965,108.6757058266984,1,-1.0734190514775377,16384,2023-12-29,5.012476284054933e-18,5.012476284054933e-18,-0.0133482949746177,0.0135650933658185,2024-08-02,2024-08-05,0.0190049985149017,0.0082586829495094,0.0094714196825014,108.67293364329927,1,-1.0734188198062329,65536,2023-12-29,5.012476284054933e-18,5.012476284054933e-18,-0.0180783191413316,0.0160554937868056,0.0,2.4460040064181833e-05,0.0027721833991307676
2024-08-01,2024-08-02,2024-08-05,net_cashflows,USD,0.95,EWMA_GAUSS,ALL_EQUIVARIANT,0.0193848777128293,0.0058069688259503,0.0073214440852022,31.96699205302369,1,-0.270043702478327,16384,2023-12-29,5.012476284054933e-18,5.012476284054933e-18,-0.0132497132017424,0.0136219228129759,2024-08-02,2024-08-05,0.0193848777128293,0.005827202420462,0.0073224348458634,31.909500058341905,1,-0.2696582734219442,65536,2023-12-29,5.012476284054933e-18,5.012476284054933e-18,-0.018009176711789,0.01598959339466,0.003472265600496474,0.00013530481077065785,0.05749199468178645
2024-08-01,2024-08-02,2024-08-05,net_cashflows,USD,0.99,EWMA_GAUSS,ALL_EQUIVARIANT,0.0193848777128293,0.0082624737380834,0.0094787109456552,112.553872550985,1,-1.1110241602670126,16384,2023-12-29,5.012476284054933e-18,5.012476284054933e-18,-0.0132497132017424,0.0136219228129759,2024-08-02,2024-08-05,0.0193848777128293,0.0082624737380834,0.0094786137984278,112.55507387407492,1,-1.1110242574142402,65536,2023-12-29,5.012476284054933e-18,5.012476284054933e-18,-0.018009176711789,0.01598959339466,0.0,1.0249096488747547e-05,0.001201323089915718
2024-08-01,2024-08-02,2024-08-05,funded_assets,EUR,0.95,EWMA_SELFNORMALIZED,ALL_EQUIVARIANT,-0.0066771638671812,0.0058363476708505,0.0073549564747817,-5.118855049485247,0,0.0015186088039312,16384,2023-12-29,4.401183193933345e-18,4.401183193933345e-18,-0.0128585798262704,0.013819179826133,2024-08-02,2024-08-05,-0.0066771638671812,0.0057997371782182,0.0073038043369081,-5.125289203208896,0,0.0015040671586898,65536,2023-12-29,5.1770653736182844e-18,5.1770653736182844e-18,-0.0144446996093063,0.013819179826133,0.006312439944657515,0.007003492360154636,0.006434153723649416
2024-08-01,2024-08-02,2024-08-05,funded_assets,EUR,0.99,EWMA_SELFNORMALIZED,ALL_EQUIVARIANT,-0.0066771638671812,0.008290530267422,0.0094893018867658,-4.783918979324175,0,0.0011987716193438,16384,2023-12-29,4.401183193933345e-18,4.401183193933345e-18,-0.0128585798262704,0.013819179826133,2024-08-02,2024-08-05,-0.0066771638671812,0.0082458668129468,0.0094619647341025,-4.789000113024952,0,0.0012160979211557,65536,2023-12-29,5.1770653736182844e-18,5.1770653736182844e-18,-0.0144446996093063,0.013819179826133,0.005416465665571383,0.0028891623919048808,0.005081133700776341
2024-08-01,2024-08-02,2024-08-05,funded_assets,USD,0.95,EWMA_SELFNORMALIZED,ALL_EQUIVARIANT,-0.0067850282121993,0.0058554384141693,0.0073726704930957,-5.115766677945109,0,0.0015172320789263,16384,2023-12-29,4.401183193933345e-18,4.401183193933345e-18,-0.0128009064831662,0.0138934213725242,2024-08-02,2024-08-05,-0.0067850282121993,0.0058093040453017,0.0073203857456984,-5.123513303308137,0,0.0015110817003966,65536,2023-12-29,5.1770653736182844e-18,5.1770653736182844e-18,-0.0142969733624342,0.0138934213725242,0.007941462266019763,0.007142348670358456,0.007746625363028059
2024-08-01,2024-08-02,2024-08-05,funded_assets,USD,0.99,EWMA_SELFNORMALIZED,ALL_EQUIVARIANT,-0.0067850282121993,0.008312656293434,0.0095195614204408,-4.781188089893393,0,0.0012069051270067,16384,2023-12-29,4.401183193933345e-18,4.401183193933345e-18,-0.0128009064831662,0.0138934213725242,2024-08-02,2024-08-05,-0.0067850282121993,0.0082660667292931,0.0094887613235079,-4.786504333784534,0,0.0012226945942147,65536,2023-12-29,5.1770653736182844e-18,5.1770653736182844e-18,-0.0142969733624342,0.0138934213725242,0.0056362434113670454,0.003245955492272166,0.005316243891140715
2024-08-01,2024-08-02,2024-08-05,net_cashflows,EUR,0.95,EWMA_SELFNORMALIZED,ALL_EQUIVARIANT,0.0190049985149017,0.0058187348977725,0.0073363595030801,30.82592699054813,1,-0.2622076477372759,16384,2023-12-29,4.401183193933345e-18,4.401183193933345e-18,-0.013404266755865,0.0128687872829246,2024-08-02,2024-08-05,0.0190049985149017,0.005863788351646,0.0074043477345179,30.38217986436517,1,-0.2612836438822413,65536,2023-12-29,5.1770653736182844e-18,5.1770653736182844e-18,-0.0135449797663062,0.0146310513648983,0.007683335613716777,0.009182204007092978,0.4437471261829593
2024-08-01,2024-08-02,2024-08-05,net_cashflows,EUR,0.99,EWMA_SELFNORMALIZED,ALL_EQUIVARIANT,0.0190049985149017,0.0083417961785716,0.0094561000228622,107.986394444658,1,-1.0652059297887115,16384,2023-12-29,4.401183193933345e-18,4.401183193933345e-18,-0.013404266755865,0.0128687872829246,2024-08-02,2024-08-05,0.0190049985149017,0.0083862994388552,0.0096668833025394,105.0746288612304,1,-1.0605893237409598,65536,2023-12-29,5.1770653736182844e-18,5.1770653736182844e-18,-0.0135449797663062,0.0146310513648983,0.0053066624448691105,0.021804678207073023,2.9117655834276093
2024-08-01,2024-08-02,2024-08-05,net_cashflows,USD,0.95,EWMA_SELFNORMALIZED,ALL_EQUIVARIANT,0.0193848777128293,0.0058112601831357,0.0073411289078481,31.85698674323278,1,-0.2699424818691589,16384,2023-12-29,4.401183193933345e-18,4.401183193933345e-18,-0.0133170773284234,0.0128249438598083,2024-08-02,2024-08-05,0.0193848777128293,0.0058681672413487,0.0074083387885508,31.377484014600288,1,-0.268794037882408,65536,2023-12-29,5.1770653736182844e-18,5.1770653736182844e-18,-0.0134571712799611,0.0147061408430398,0.009697586294408575,0.00907219318945954,0.4795027286324931
2024-08-01,2024-08-02,2024-08-05,net_cashflows,USD,0.99,EWMA_SELFNORMALIZED,ALL_EQUIVARIANT,0.0193848777128293,0.008325874225954,0.0094633919161066,112.08035808762064,1,-1.104762830997374,16384,2023-12-29,4.401183193933345e-18,4.401183193933345e-18,-0.0133170773284234,0.0128249438598083,2024-08-02,2024-08-05,0.0193848777128293,0.0083873951121776,0.0096725370348186,108.92668524404507,1,-1.09846311814252,65536,2023-12-29,5.1770653736182844e-18,5.1770653736182844e-18,-0.0134571712799611,0.0147061408430398,0.0073349216772054665,0.02162257099240166,3.1536728435755634
2024-08-01,2024-08-02,2024-08-05,funded_assets,EUR,0.95,IN_FHS1250,EUR,-0.0066771638671812,0.0055358286672656,0.0070600957570515,-5.1691955900179405,0,0.0015242670897859,1249,2023-12-29,2.7265990572115928e-18,2.7265990572115928e-18,-0.0139484886566181,0.015651133506877,2024-08-02,2024-08-05,-0.0066771638671812,0.0055358286672656,0.0070600957570515,-5.1691955900179405,0,0.0015242670897859,1249,2023-12-29,2.7265990572115928e-18,2.7265990572115928e-18,-0.0139484886566181,0.015651133506877,0.0,0.0,0.0
2024-08-01,2024-08-02,2024-08-05,funded_assets,EUR,0.99,IN_FHS1250,EUR,-0.0066771638671812,0.0076913802461547,0.0093620206189451,-4.849542829849618,0,0.0016706403727904,1249,2023-12-29,2.7265990572115928e-18,2.7265990572115928e-18,-0.0139484886566181,0.015651133506877,2024-08-02,2024-08-05,-0.0066771638671812,0.0076913802461547,0.0093620206189451,-4.849542829849618,0,0.0016706403727904,1249,2023-12-29,2.7265990572115928e-18,2.7265990572115928e-18,-0.0139484886566181,0.015651133506877,0.0,0.0,0.0
2024-08-01,2024-08-02,2024-08-05,funded_assets,USD,0.95,IN_FHS1250,EUR,-0.0067850282121993,0.0055557893210572,0.0070827012350644,-5.165683186674383,0,0.0015269119140071,1249,2023-12-29,2.7265990572115928e-18,2.7265990572115928e-18,-0.0138929020300442,0.0157690787919261,2024-08-02,2024-08-05,-0.0067850282121993,0.0055557893210572,0.0070827012350644,-5.165683186674383,0,0.0015269119140071,1249,2023-12-29,2.7265990572115928e-18,2.7265990572115928e-18,-0.0138929020300442,0.0157690787919261,0.0,0.0,0.0
2024-08-01,2024-08-02,2024-08-05,funded_assets,USD,0.99,IN_FHS1250,EUR,-0.0067850282121993,0.007713133049947,0.0093952092402552,-4.8465908968825,0,0.0016820761903081,1249,2023-12-29,2.7265990572115928e-18,2.7265990572115928e-18,-0.0138929020300442,0.0157690787919261,2024-08-02,2024-08-05,-0.0067850282121993,0.007713133049947,0.0093952092402552,-4.8465908968825,0,0.0016820761903081,1249,2023-12-29,2.7265990572115928e-18,2.7265990572115928e-18,-0.0138929020300442,0.0157690787919261,0.0,0.0,0.0
2024-08-01,2024-08-02,2024-08-05,net_cashflows,EUR,0.95,IN_FHS1250,EUR,0.0190049985149017,0.0049695767084268,0.0068484633567996,35.73044604903382,1,-0.2788295494811245,1249,2023-12-29,2.7265990572115928e-18,2.7265990572115928e-18,-0.0123170372299345,0.0128728487917062,2024-08-02,2024-08-05,0.0190049985149017,0.0049695767084268,0.0068484633567996,35.73044604903382,1,-0.2788295494811245,1249,2023-12-29,2.7265990572115928e-18,2.7265990572115928e-18,-0.0123170372299345,0.0128728487917062,0.0,0.0,0.0
2024-08-01,2024-08-02,2024-08-05,net_cashflows,EUR,0.99,IN_FHS1250,EUR,0.0190049985149017,0.0082997548109292,0.0095599017645945,107.19869361198342,1,-1.0692642234435754,1249,2023-12-29,2.7265990572115928e-18,2.7265990572115928e-18,-0.0123170372299345,0.0128728487917062,2024-08-02,2024-08-05,0.0190049985149017,0.0082997548109292,0.0095599017645945,107.19869361198342,1,-1.0692642234435754,1249,2023-12-29,2.7265990572115928e-18,2.7265990572115928e-18,-0.0123170372299345,0.0128728487917062,0.0,0.0,0.0
2024-08-01,2024-08-02,2024-08-05,net_cashflows,USD,0.95,IN_FHS1250,EUR,0.0193848777128293,0.004936137886285,0.0068597737208035,36.86349198724956,1,-0.2870511606963664,1249,2023-12-29,2.7265990572115928e-18,2.7265990572115928e-18,-0.0122056622794687,0.0129812185096241,2024-08-02,2024-08-05,0.0193848777128293,0.004936137886285,0.0068597737208035,36.86349198724956,1,-0.2870511606963664,1249,2023-12-29,2.7265990572115928e-18,2.7265990572115928e-18,-0.0122056622794687,0.0129812185096241,0.0,0.0,0.0
2024-08-01,2024-08-02,2024-08-05,net_cashflows,USD,0.99,IN_FHS1250,EUR,0.0193848777128293,0.0083476591778768,0.0096098380874355,110.07701435524945,1,-1.1024596745856898,1249,2023-12-29,2.7265990572115928e-18,2.7265990572115928e-18,-0.0122056622794687,0.0129812185096241,2024-08-02,2024-08-05,0.0193848777128293,0.0083476591778768,0.0096098380874355,110.07701435524945,1,-1.1024596745856898,1249,2023-12-29,2.7265990572115928e-18,2.7265990572115928e-18,-0.0122056622794687,0.0129812185096241,0.0,0.0,0.0
2024-08-01,2024-08-02,2024-08-05,funded_assets,EUR,0.95,IN_TCOP1250,EUR,-0.0066771638671812,0.0055466584678823,0.0071459567907453,-5.165013211051808,0,0.001599298322863,16384,2023-12-29,4.662069341687669e-18,4.662069341687669e-18,-0.0178211642322585,0.0137538601465236,2024-08-02,2024-08-05,-0.0066771638671812,0.005506251307459,0.0071526223067334,-5.170453492614702,0,0.0016463709992743,65536,2023-12-29,4.662069341687669e-18,4.662069341687669e-18,-0.0178211642322585,0.0156454483316859,0.007338415587490988,0.0009318982188986748,0.0054402815628940004
2024-08-01,2024-08-02,2024-08-05,funded_assets,EUR,0.99,IN_TCOP1250,EUR,-0.0066771638671812,0.0081488197429465,0.0094751259058605,-4.799062922090628,0,0.0013263061629139,16384,2023-12-29,4.662069341687669e-18,4.662069341687669e-18,-0.0178211642322585,0.0137538601465236,2024-08-02,2024-08-05,-0.0066771638671812,0.0081948116640457,0.0095942136532834,-4.792454062903332,0,0.0013994019892376,65536,2023-12-29,4.662069341687669e-18,4.662069341687669e-18,-0.0178211642322585,0.0156454483316859,0.0056123219159493224,0.012412455228380798,0.0066088591872963676
2024-08-01,2024-08-02,2024-08-05,funded_assets,USD,0.95,IN_TCOP1250,EUR,-0.0067850282121993,0.0055655176927885,0.0071757063194387,-5.1614485240008925,0,0.0016101886266501,16384,2023-12-29,4.662069341687669e-18,4.662069341687669e-18,-0.0179184707993273,0.0137557014834124,2024-08-02,2024-08-05,-0.0067850282121993,0.0055234733905718,0.0071829695233,-5.167074443037891,0,0.0016594961327282,65536,2023-12-29,4.662069341687669e-18,4.662069341687669e-18,-0.0179184707993273,0.015874030584535,0.0076119317037838955,0.001011170079135031,0.005625919036998717
2024-08-01,2024-08-02,2024-08-05,funded_assets,USD,0.99,IN_TCOP1250,EUR,-0.0067850282121993,0.0081621758424703,0.0095267290647921,-4.796888024979495,0,0.0013645532223217,16384,2023-12-29,4.662069341687669e-18,4.662069341687669e-18,-0.0179184707993273,0.0137557014834124,2024-08-02,2024-08-05,-0.0067850282121993,0.008225953431196,0.0096503096141401,-4.788362221213688,0,0.001424356182944,65536,2023-12-29,4.662069341687669e-18,4.662069341687669e-18,-0.0179184707993273,0.015874030584535,0.007753215388240598,0.012805863675806118,0.00852580376580736
2024-08-01,2024-08-02,2024-08-05,net_cashflows,EUR,0.95,IN_TCOP1250,EUR,0.0190049985149017,0.0046087254959858,0.0062519039207345,40.71634662301212,1,-0.2862822819535675,16384,2023-12-29,4.662069341687669e-18,4.662069341687669e-18,-0.0129738715783991,0.0160855304026194,2024-08-02,2024-08-05,0.0190049985149017,0.0046282630285783,0.0062652431082245,40.55960625464294,1,-0.2858977296468198,65536,2023-12-29,4.662069341687669e-18,4.662069341687669e-18,-0.0139179304802274,0.0160855304026194,0.004221353123593138,0.002129077397250373,0.15674036836918503
2024-08-01,2024-08-02,2024-08-05,net_cashflows,EUR,0.99,IN_TCOP1250,EUR,0.0190049985149017,0.0073517799027358,0.0086596017168124,129.66980215648147,1,-1.1640140394025025,16384,2023-12-29,4.662069341687669e-18,4.662069341687669e-18,-0.0129738715783991,0.0160855304026194,2024-08-02,2024-08-05,0.0190049985149017,0.0073336640510707,0.0086759699204447,129.62292428904485,1,-1.1657911405137218,65536,2023-12-29,4.662069341687669e-18,4.662069341687669e-18,-0.0139179304802274,0.0160855304026194,0.0024702320066673244,0.0018866136907330962,0.04687786743662059
2024-08-01,2024-08-02,2024-08-05,net_cashflows,USD,0.95,IN_TCOP1250,EUR,0.0193848777128293,0.0046107842586089,0.0062493501150189,41.94453990997724,1,-0.2938433032279962,16384,2023-12-29,4.662069341687669e-18,4.662069341687669e-18,-0.0130370160513853,0.0162186813284076,2024-08-02,2024-08-05,0.0193848777128293,0.0046247833478881,0.0062622512596224,41.80520042641553,1,-0.2935644193870886,65536,2023-12-29,4.662069341687669e-18,4.662069341687669e-18,-0.013821669698263,0.0162186813284076,0.003026971908985271,0.0020601448374778482,0.1393394835617059
2024-08-01,2024-08-02,2024-08-05,net_cashflows,USD,0.99,IN_TCOP1250,EUR,0.0193848777128293,0.0073558122045474,0.0086622370277868,133.96828609571713,1,-1.2016001260049454,16384,2023-12-29,4.662069341687669e-18,4.662069341687669e-18,-0.0130370160513853,0.0162186813284076,2024-08-02,2024-08-05,0.0193848777128293,0.0073288192045888,0.0086756269234585,134.0622170903685,1,-1.2042590431051754,65536,2023-12-29,4.662069341687669e-18,4.662069341687669e-18,-0.013821669698263,0.0162186813284076,0.003683130829820207,0.0015433922862097035,0.09393099465137311
2024-08-01,2024-08-02,2024-08-05,funded_assets,EUR,0.95,IN_FHS1250,USD,-0.0066771638671812,0.0051723249403256,0.0065814551134476,-5.2376055901450576,0,0.0014091301731219,1249,2023-12-29,3.550762114890027e-18,3.550762114890027e-18,-0.0130746250040735,0.0104215867150583,2024-08-02,2024-08-05,-0.0066771638671812,0.0051723249403256,0.0065814551134476,-5.2376055901450576,0,0.0014091301731219,1249,2023-12-29,3.550762114890027e-18,3.550762114890027e-18,-0.0130746250040735,0.0104215867150583,0.0,0.0,0.0
2024-08-01,2024-08-02,2024-08-05,funded_assets,EUR,0.99,IN_FHS1250,USD,-0.0066771638671812,0.0077961834915685,0.0088778704956398,-4.846034377874773,0,0.0010816870040712,1249,2023-12-29,3.550762114890027e-18,3.550762114890027e-18,-0.0130746250040735,0.0104215867150583,2024-08-02,2024-08-05,-0.0066771638671812,0.0077961834915685,0.0088778704956398,-4.846034377874773,0,0.0010816870040712,1249,2023-12-29,3.550762114890027e-18,3.550762114890027e-18,-0.0130746250040735,0.0104215867150583,0.0,0.0,0.0
2024-08-01,2024-08-02,2024-08-05,funded_assets,USD,0.95,IN_FHS1250,USD,-0.0067850282121993,0.0051894850524551,0.006586981043186,-5.234820464929439,0,0.0013974959907309,1249,2023-12-29,3.550762114890027e-18,3.550762114890027e-18,-0.0130357045265433,0.0104073444705349,2024-08-02,2024-08-05,-0.0067850282121993,0.0051894850524551,0.006586981043186,-5.234820464929439,0,0.0013974959907309,1249,2023-12-29,3.550762114890027e-18,3.550762114890027e-18,-0.0130357045265433,0.0104073444705349,0.0,0.0,0.0
2024-08-01,2024-08-02,2024-08-05,funded_assets,USD,0.99,IN_FHS1250,USD,-0.0067850282121993,0.0077855165542493,0.0088725913219194,-4.847308930688916,0,0.0010870747676701,1249,2023-12-29,3.550762114890027e-18,3.550762114890027e-18,-0.0130357045265433,0.0104073444705349,2024-08-02,2024-08-05,-0.0067850282121993,0.0077855165542493,0.0088725913219194,-4.847308930688916,0,0.0010870747676701,1249,2023-12-29,3.550762114890027e-18,3.550762114890027e-18,-0.0130357045265433,0.0104073444705349,0.0,0.0,0.0
2024-08-01,2024-08-02,2024-08-05,net_cashflows,EUR,0.95,IN_FHS1250,USD,0.0190049985149017,0.0070543171326154,0.0090081405408767,21.60654854273882,1,-0.2370598042374632,1249,2023-12-29,3.550762114890027e-18,3.550762114890027e-18,-0.0119225311575371,0.0143131983356038,2024-08-02,2024-08-05,0.0190049985149017,0.0070543171326154,0.0090081405408767,21.60654854273882,1,-0.2370598042374632,1249,2023-12-29,3.550762114890027e-18,3.550762114890027e-18,-0.0119225311575371,0.0143131983356038,0.0,0.0,0.0
2024-08-01,2024-08-02,2024-08-05,net_cashflows,EUR,0.99,IN_FHS1250,USD,0.0190049985149017,0.0101033594493897,0.0116229958519583,72.0009290696403,1,-0.8886442701486281,1249,2023-12-29,3.550762114890027e-18,3.550762114890027e-18,-0.0119225311575371,0.0143131983356038,2024-08-02,2024-08-05,0.0190049985149017,0.0101033594493897,0.0116229958519583,72.0009290696403,1,-0.8886442701486281,1249,2023-12-29,3.550762114890027e-18,3.550762114890027e-18,-0.0119225311575371,0.0143131983356038,0.0,0.0,0.0
2024-08-01,2024-08-02,2024-08-05,net_cashflows,USD,0.95,IN_FHS1250,USD,0.0193848777128293,0.0070911590337323,0.0090554564815671,22.2307619454078,1,-0.2439100761341047,1249,2023-12-29,3.550762114890027e-18,3.550762114890027e-18,-0.011940013027315,0.0146511545430847,2024-08-02,2024-08-05,0.0193848777128293,0.0070911590337323,0.0090554564815671,22.2307619454078,1,-0.2439100761341047,1249,2023-12-29,3.550762114890027e-18,3.550762114890027e-18,-0.011940013027315,0.0146511545430847,0.0,0.0,0.0
2024-08-01,2024-08-02,2024-08-05,net_cashflows,USD,0.99,IN_FHS1250,USD,0.0193848777128293,0.0100914298963077,0.0117018231704314,74.83317273351916,1,-0.9277343883780296,1249,2023-12-29,3.550762114890027e-18,3.550762114890027e-18,-0.011940013027315,0.0146511545430847,2024-08-02,2024-08-05,0.0193848777128293,0.0100914298963077,0.0117018231704314,74.83317273351916,1,-0.9277343883780296,1249,2023-12-29,3.550762114890027e-18,3.550762114890027e-18,-0.011940013027315,0.0146511545430847,0.0,0.0,0.0
2024-08-01,2024-08-02,2024-08-05,funded_assets,EUR,0.95,IN_TCOP1250,USD,-0.0066771638671812,0.0051964832543697,0.0068272177988277,-5.225695885491842,0,0.001630734544458,16384,2023-12-29,5.67850887839283e-18,5.67850887839283e-18,-0.0165715409848085,0.0161231770778928,2024-08-02,2024-08-05,-0.0066771638671812,0.0051820545596799,0.0068205595499338,-5.228044053817514,0,0.0016385049902539,65536,2023-12-29,5.67850887839283e-18,5.67850887839283e-18,-0.0205268790053697,0.0172766043319657,0.0027843579266929293,0.000976202736029857,0.0023481683256720842
2024-08-01,2024-08-02,2024-08-05,funded_assets,EUR,0.99,IN_TCOP1250,USD,-0.0066771638671812,0.0078378521500195,0.0093716877929321,-4.833729030761069,0,0.0015338356429126,16384,2023-12-29,5.67850887839283e-18,5.67850887839283e-18,-0.0165715409848085,0.0161231770778928,2024-08-02,2024-08-05,-0.0066771638671812,0.0078592045362212,0.0093139192956735,-4.83243247606993,0,0.0014547147594522,65536,2023-12-29,5.67850887839283e-18,5.67850887839283e-18,-0.0205268790053697,0.0172766043319657,0.002716863532853937,0.006202383274400384,0.0012965546911392067
2024-08-01,2024-08-02,2024-08-05,funded_assets,USD,0.95,IN_TCOP1250,USD,-0.0067850282121993,0.0052017720597866,0.0068365731631544,-5.224594483614119,0,0.0016348011033677,16384,2023-12-29,5.67850887839283e-18,5.67850887839283e-18,-0.0164343586798972,0.0161523684652093,2024-08-02,2024-08-05,-0.0067850282121993,0.0051844975710417,0.0068302602226741,-5.227344182679925,0,0.0016457626516323,65536,2023-12-29,5.67850887839283e-18,5.67850887839283e-18,-0.0203746109984925,0.017442784151181,0.0033319503979300693,0.000924260610063328,0.0027496990658057996
2024-08-01,2024-08-02,2024-08-05,funded_assets,USD,0.99,IN_TCOP1250,USD,-0.0067850282121993,0.0078744148353136,0.0093942791092133,-4.829440533023791,0,0.0015198642738997,16384,2023-12-29,5.67850887839283e-18,5.67850887839283e-18,-0.0164343586798972,0.0161523684652093,2024-08-02,2024-08-05,-0.0067850282121993,0.0078725217689893,0.0093358522360538,-4.830636316427164,0,0.0014633304670645,65536,2023-12-29,5.67850887839283e-18,5.67850887839283e-18,-0.0203746109984925,0.017442784151181,0.0002404650479032713,0.0062583331100575035,0.0011957834033724524
2024-08-01,2024-08-02,2024-08-05,net_cashflows,EUR,0.95,IN_TCOP1250,USD,0.0190049985149017,0.0067909473642535,0.0087203886267758,23.049282525048888,1,-0.2423515817504395,16384,2023-12-29,5.67850887839283e-18,5.67850887839283e-18,-0.0159694256421917,0.0180857153604397,2024-08-02,2024-08-05,0.0190049985149017,0.006800092559665,0.00875101193858,22.93217962032239,1,-0.2421471997258179,65536,2023-12-29,5.67850887839283e-18,5.67850887839283e-18,-0.0159950204005971,0.0193073270456619,0.001344863372264207,0.0034994023570225396,0.11710290472649731
2024-08-01,2024-08-02,2024-08-05,net_cashflows,EUR,0.99,IN_TCOP1250,USD,0.0190049985149017,0.0099859927903247,0.011437648496214,74.25590714593075,1,-0.9004489167518017,16384,2023-12-29,5.67850887839283e-18,5.67850887839283e-18,-0.0159694256421917,0.0180857153604397,2024-08-02,2024-08-05,0.0190049985149017,0.009975572207258,0.0116105337864236,73.17260126263442,1,-0.9013076691852004,65536,2023-12-29,5.67850887839283e-18,5.67850887839283e-18,-0.0159950204005971,0.0193073270456619,0.0010446100584705922,0.014890382594791488,1.0833058832963331
2024-08-01,2024-08-02,2024-08-05,net_cashflows,USD,0.95,IN_TCOP1250,USD,0.0193848777128293,0.0068212237109943,0.0087471541470353,23.767061555223115,1,-0.2493471496006585,16384,2023-12-29,5.67850887839283e-18,5.67850887839283e-18,-0.0161402699607718,0.0179618805957335,2024-08-02,2024-08-05,0.0193848777128293,0.0068228957149585,0.0087778451799271,23.66377930604824,1,-0.2492846904924458,65536,2023-12-29,5.67850887839283e-18,5.67850887839283e-18,-0.0161402699607718,0.019280158813007,0.00024505782208194036,0.003496419937091513,0.10328224917487461
2024-08-01,2024-08-02,2024-08-05,net_cashflows,USD,0.99,IN_TCOP1250,USD,0.0193848777128293,0.0100129645901247,0.0114836263151678,77.01619546258125,1,-0.9357206505454116,16384,2023-12-29,5.67850887839283e-18,5.67850887839283e-18,-0.0161402699607718,0.0179618805957335,2024-08-02,2024-08-05,0.0193848777128293,0.0100129645901247,0.011662821171958,75.76435866298596,1,-0.9355414556886216,65536,2023-12-29,5.67850887839283e-18,5.67850887839283e-18,-0.0161402699607718,0.019280158813007,0.0,0.015364623545892558,1.2518367995952957
2024-08-01,2024-08-02,2024-08-05,funded_assets,EUR,0.95,IN_FHS1250,GBP,-0.0066771638671812,0.0053197718763204,0.0067361242290689,-5.210532767503336,0,0.0014163523527485,1249,2023-12-29,3.29326409892472e-18,3.29326409892472e-18,-0.0144055299378214,0.0118033892513597,2024-08-02,2024-08-05,-0.0066771638671812,0.0053197718763204,0.0067361242290689,-5.210532767503336,0,0.0014163523527485,1249,2023-12-29,3.29326409892472e-18,3.29326409892472e-18,-0.0144055299378214,0.0118033892513597,0.0,0.0,0.0
2024-08-01,2024-08-02,2024-08-05,funded_assets,EUR,0.99,IN_FHS1250,GBP,-0.0066771638671812,0.0077025940312918,0.009091887838396,-4.853178576726023,0,0.0013892938071042,1249,2023-12-29,3.29326409892472e-18,3.29326409892472e-18,-0.0144055299378214,0.0118033892513597,2024-08-02,2024-08-05,-0.0066771638671812,0.0077025940312918,0.009091887838396,-4.853178576726023,0,0.0013892938071042,1249,2023-12-29,3.29326409892472e-18,3.29326409892472e-18,-0.0144055299378214,0.0118033892513597,0.0,0.0,0.0
2024-08-01,2024-08-02,2024-08-05,funded_assets,USD,0.95,IN_FHS1250,GBP,-0.0067850282121993,0.0053414211294852,0.0067585778651482,-5.206625468391303,0,0.0014171567356629,1249,2023-12-29,3.29326409892472e-18,3.29326409892472e-18,-0.0143156356275364,0.011707466308023,2024-08-02,2024-08-05,-0.0067850282121993,0.0053414211294852,0.0067585778651482,-5.206625468391303,0,0.0014171567356629,1249,2023-12-29,3.29326409892472e-18,3.29326409892472e-18,-0.0143156356275364,0.011707466308023,0.0,0.0,0.0
2024-08-01,2024-08-02,2024-08-05,funded_assets,USD,0.99,IN_FHS1250,GBP,-0.0067850282121993,0.007723436965889,0.0091205460346939,-4.850408216939272,0,0.0013971090688049,1249,2023-12-29,3.29326409892472e-18,3.29326409892472e-18,-0.0143156356275364,0.011707466308023,2024-08-02,2024-08-05,-0.0067850282121993,0.007723436965889,0.0091205460346939,-4.850408216939272,0,0.0013971090688049,1249,2023-12-29,3.29326409892472e-18,3.29326409892472e-18,-0.0143156356275364,0.011707466308023,0.0,0.0,0.0
2024-08-01,2024-08-02,2024-08-05,net_cashflows,EUR,0.95,IN_FHS1250,GBP,0.0190049985149017,0.0057458145976514,0.00781287454584,28.825330278331872,1,-0.2631166183968167,1249,2023-12-29,3.29326409892472e-18,3.29326409892472e-18,-0.0120360648687145,0.0148162294367154,2024-08-02,2024-08-05,0.0190049985149017,0.0057458145976514,0.00781287454584,28.825330278331872,1,-0.2631166183968167,1249,2023-12-29,3.29326409892472e-18,3.29326409892472e-18,-0.0120360648687145,0.0148162294367154,0.0,0.0,0.0
2024-08-01,2024-08-02,2024-08-05,net_cashflows,EUR,0.99,IN_FHS1250,GBP,0.0190049985149017,0.0088317099104842,0.010427222834731,92.84834981372721,1,-1.015733347517499,1249,2023-12-29,3.29326409892472e-18,3.29326409892472e-18,-0.0120360648687145,0.0148162294367154,2024-08-02,2024-08-05,0.0190049985149017,0.0088317099104842,0.010427222834731,92.84834981372721,1,-1.015733347517499,1249,2023-12-29,3.29326409892472e-18,3.29326409892472e-18,-0.0120360648687145,0.0148162294367154,0.0,0.0,0.0
2024-08-01,2024-08-02,2024-08-05,net_cashflows,USD,0.95,IN_FHS1250,GBP,0.0193848777128293,0.0057570093109586,0.0078366330315924,29.665588909181743,1,-0.2704777443167781,1249,2023-12-29,3.29326409892472e-18,3.29326409892472e-18,-0.0119423291042714,0.0149251400138405,2024-08-02,2024-08-05,0.0193848777128293,0.0057570093109586,0.0078366330315924,29.665588909181743,1,-0.2704777443167781,1249,2023-12-29,3.29326409892472e-18,3.29326409892472e-18,-0.0119423291042714,0.0149251400138405,0.0,0.0,0.0
2024-08-01,2024-08-02,2024-08-05,net_cashflows,USD,0.99,IN_FHS1250,GBP,0.0193848777128293,0.0089209163984776,0.0104926640924378,95.01957525439043,1,-1.0448243837411992,1249,2023-12-29,3.29326409892472e-18,3.29326409892472e-18,-0.0119423291042714,0.0149251400138405,2024-08-02,2024-08-05,0.0193848777128293,0.0089209163984776,0.0104926640924378,95.01957525439043,1,-1.0448243837411992,1249,2023-12-29,3.29326409892472e-18,3.29326409892472e-18,-0.0119423291042714,0.0149251400138405,0.0,0.0,0.0
2024-08-01,2024-08-02,2024-08-05,funded_assets,EUR,0.95,IN_TCOP1250,GBP,-0.0066771638671812,0.0052754259151083,0.0071624945365961,-5.202362238729898,0,0.0018870686214878,16384,2023-12-29,5.868244258577793e-18,5.868244258577793e-18,-0.017846319813261,0.0186090483694605,2024-08-02,2024-08-05,-0.0066771638671812,0.0052852331615943,0.0071215374970274,-5.202483867792284,0,0.0018363043354331,65536,2023-12-29,5.868244258577793e-18,5.868244258577793e-18,-0.0217915544433398,0.0239865089195742,0.0018555939134842895,0.005751151290826745,0.00012162906238621929
2024-08-01,2024-08-02,2024-08-05,funded_assets,EUR,0.99,IN_TCOP1250,GBP,-0.0066771638671812,0.0081141719604799,0.0104473600716112,-4.784733964971272,0,0.0023331881111313,16384,2023-12-29,5.868244258577793e-18,5.868244258577793e-18,-0.017846319813261,0.0186090483694605,2024-08-02,2024-08-05,-0.0066771638671812,0.0081664066538108,0.0101189243214385,-4.786304951398584,0,0.0019525176676277,65536,2023-12-29,5.868244258577793e-18,5.868244258577793e-18,-0.0217915544433398,0.0239865089195742,0.006396288544671557,0.032457575503046156,0.0015709864273123486
2024-08-01,2024-08-02,2024-08-05,funded_assets,USD,0.95,IN_TCOP1250,GBP,-0.0067850282121993,0.0052921434981657,0.0071999816463666,-5.198654998122666,0,0.0019078381482009,16384,2023-12-29,5.868244258577793e-18,5.868244258577793e-18,-0.0174981756675379,0.0187882360887748,2024-08-02,2024-08-05,-0.0067850282121993,0.0053062440538606,0.0071572366040217,-5.198249647783888,0,0.001850992550161,65536,2023-12-29,5.868244258577793e-18,5.868244258577793e-18,-0.0215495102481843,0.0243098209597343,0.00265735151865871,0.005972282978724178,0.0004053503387773105
2024-08-01,2024-08-02,2024-08-05,funded_assets,USD,0.99,IN_TCOP1250,GBP,-0.0067850282121993,0.0081532335620109,0.0105354960351359,-4.779122880736557,0,0.002382262473125,16384,2023-12-29,5.868244258577793e-18,5.868244258577793e-18,-0.0174981756675379,0.0187882360887748,2024-08-02,2024-08-05,-0.0067850282121993,0.0081951403932834,0.0101954574484722,-4.782009897222616,0,0.0020003170551888,65536,2023-12-29,5.868244258577793e-18,5.868244258577793e-18,-0.0215495102481843,0.0243098209597343,0.00511361968940107,0.03335196957882988,0.0028870164860590464
2024-08-01,2024-08-02,2024-08-05,net_cashflows,EUR,0.95,IN_TCOP1250,GBP,0.0190049985149017,0.0058522968724227,0.0073604569895742,30.622284419778197,1,-0.2615458727324267,16384,2023-12-29,5.868244258577793e-18,5.868244258577793e-18,-0.0168709278417744,0.0140701041867879,2024-08-02,2024-08-05,0.0190049985149017,0.0058519469337687,0.0074237426231425,30.320298415900968,1,-0.2614892359332846,65536,2023-12-29,5.868244258577793e-18,5.868244258577793e-18,-0.0188692573400275,0.0176984786492028,5.9798671785773025e-05,0.008524761266778794,0.3019860038772286
2024-08-01,2024-08-02,2024-08-05,net_cashflows,EUR,0.99,IN_TCOP1250,GBP,0.0190049985149017,0.0082168621832002,0.0096142529717261,107.41996958451196,1,-1.0774162423816174,16384,2023-12-29,5.868244258577793e-18,5.868244258577793e-18,-0.0168709278417744,0.0140701041867879,2024-08-02,2024-08-05,0.0190049985149017,0.0083689651075125,0.0098345755042217,103.37851261369892,1,-1.0621377303422048,65536,2023-12-29,5.868244258577793e-18,5.868244258577793e-18,-0.0188692573400275,0.0176984786492028,0.018174639559168766,0.022402851287381117,4.041456970813044
2024-08-01,2024-08-02,2024-08-05,net_cashflows,USD,0.95,IN_TCOP1250,GBP,0.0193848777128293,0.0058501537803621,0.0073668272631019,31.628408823640047,1,-0.2691778051666021,16384,2023-12-29,5.868244258577793e-18,5.868244258577793e-18,-0.0167516569114045,0.0141343954295959,2024-08-02,2024-08-05,0.0193848777128293,0.0058501537803621,0.0074313443930736,31.311222455582225,1,-0.2691132880366305,65536,2023-12-29,5.868244258577793e-18,5.868244258577793e-18,-0.0184051475459246,0.0181293686580926,0.0,0.008681757507004175,0.31718636805782197
2024-08-01,2024-08-02,2024-08-05,net_cashflows,USD,0.99,IN_TCOP1250,GBP,0.0193848777128293,0.0082381913213815,0.0096408576487835,110.83200343419912,1,-1.11326597281737,16384,2023-12-29,5.868244258577793e-18,5.868244258577793e-18,-0.0167516569114045,0.0141343954295959,2024-08-02,2024-08-05,0.0193848777128293,0.008367798762942,0.0098687919569757,106.86506478448348,1,-1.1002069017946865,65536,2023-12-29,5.868244258577793e-18,5.868244258577793e-18,-0.0184051475459246,0.0181293686580926,0.01548883347129301,0.023096475149735618,3.966938649715644
2024-08-01,2024-08-02,2024-08-05,funded_assets,EUR,0.95,IN_FHS1250,JPY,-0.0066771638671812,0.0075597563582588,0.0102180328538739,-4.843756599762807,0,0.0026582764956151,1249,2023-12-29,4.431676380034499e-18,4.431676380034499e-18,-0.0184236773351404,0.0297824600823446,2024-08-02,2024-08-05,-0.0066771638671812,0.0075597563582588,0.0102180328538739,-4.843756599762807,0,0.0026582764956151,1249,2023-12-29,4.431676380034499e-18,4.431676380034499e-18,-0.0184236773351404,0.0297824600823446,0.0,0.0,0.0
2024-08-01,2024-08-02,2024-08-05,funded_assets,EUR,0.99,IN_FHS1250,JPY,-0.0066771638671812,0.0113790758809741,0.0155084426284913,-4.432636444403372,0,0.0041293667475171,1249,2023-12-29,4.431676380034499e-18,4.431676380034499e-18,-0.0184236773351404,0.0297824600823446,2024-08-02,2024-08-05,-0.0066771638671812,0.0113790758809741,0.0155084426284913,-4.432636444403372,0,0.0041293667475171,1249,2023-12-29,4.431676380034499e-18,4.431676380034499e-18,-0.0184236773351404,0.0297824600823446,0.0,0.0,0.0
2024-08-01,2024-08-02,2024-08-05,funded_assets,USD,0.95,IN_FHS1250,JPY,-0.0067850282121993,0.0075588995325677,0.0103657437665344,-4.840029563140738,0,0.0028068442339666,1249,2023-12-29,4.431676380034499e-18,4.431676380034499e-18,-0.0176678891325222,0.0303538648537663,2024-08-02,2024-08-05,-0.0067850282121993,0.0075588995325677,0.0103657437665344,-4.840029563140738,0,0.0028068442339666,1249,2023-12-29,4.431676380034499e-18,4.431676380034499e-18,-0.0176678891325222,0.0303538648537663,0.0,0.0,0.0
2024-08-01,2024-08-02,2024-08-05,funded_assets,USD,0.99,IN_FHS1250,JPY,-0.0067850282121993,0.0115449024505151,0.0158450805358606,-4.4162850468462205,0,0.0043001780853454,1249,2023-12-29,4.431676380034499e-18,4.431676380034499e-18,-0.0176678891325222,0.0303538648537663,2024-08-02,2024-08-05,-0.0067850282121993,0.0115449024505151,0.0158450805358606,-4.4162850468462205,0,0.0043001780853454,1249,2023-12-29,4.431676380034499e-18,4.431676380034499e-18,-0.0176678891325222,0.0303538648537663,0.0,0.0,0.0
2024-08-01,2024-08-02,2024-08-05,net_cashflows,EUR,0.95,IN_FHS1250,JPY,0.0190049985149017,0.0084265269792636,0.0105900074668962,15.226074620217524,1,-0.2094059502251275,1249,2023-12-29,4.431676380034499e-18,4.431676380034499e-18,-0.0144683953683846,0.0152125368459903,2024-08-02,2024-08-05,0.0190049985149017,0.0084265269792636,0.0105900074668962,15.226074620217524,1,-0.2094059502251275,1249,2023-12-29,4.431676380034499e-18,4.431676380034499e-18,-0.0144683953683846,0.0152125368459903,0.0,0.0,0.0
2024-08-01,2024-08-02,2024-08-05,net_cashflows,EUR,0.99,IN_FHS1250,JPY,0.0190049985149017,0.0120082126249418,0.0133174377793541,48.12153877263249,1,-0.6983693638415708,1249,2023-12-29,4.431676380034499e-18,4.431676380034499e-18,-0.0144683953683846,0.0152125368459903,2024-08-02,2024-08-05,0.0190049985149017,0.0120082126249418,0.0133174377793541,48.12153877263249,1,-0.6983693638415708,1249,2023-12-29,4.431676380034499e-18,4.431676380034499e-18,-0.0144683953683846,0.0152125368459903,0.0,0.0,0.0
2024-08-01,2024-08-02,2024-08-05,net_cashflows,USD,0.95,IN_FHS1250,JPY,0.0193848777128293,0.0085954206112219,0.0108018251440089,15.244797726680352,1,-0.2135827374993594,1249,2023-12-29,4.431676380034499e-18,4.431676380034499e-18,-0.0140468982383198,0.0159820916534262,2024-08-02,2024-08-05,0.0193848777128293,0.0085954206112219,0.0108018251440089,15.244797726680352,1,-0.2135827374993594,1249,2023-12-29,4.431676380034499e-18,4.431676380034499e-18,-0.0140468982383198,0.0159820916534262,0.0,0.0,0.0
2024-08-01,2024-08-02,2024-08-05,net_cashflows,USD,0.99,IN_FHS1250,JPY,0.0193848777128293,0.012136449621725,0.0135825934256566,48.960131132917866,1,-0.7233966653064959,1249,2023-12-29,4.431676380034499e-18,4.431676380034499e-18,-0.0140468982383198,0.0159820916534262,2024-08-02,2024-08-05,0.0193848777128293,0.012136449621725,0.0135825934256566,48.960131132917866,1,-0.7233966653064959,1249,2023-12-29,4.431676380034499e-18,4.431676380034499e-18,-0.0140468982383198,0.0159820916534262,0.0,0.0,0.0
2024-08-01,2024-08-02,2024-08-05,funded_assets,EUR,0.95,IN_TCOP1250,JPY,-0.0066771638671812,0.0077687495987565,0.0103049685765221,-4.821245243205081,0,0.0025362189777655,16384,2023-12-29,9.812029660993817e-18,9.812029660993817e-18,-0.0257604976217607,0.0238082213088069,2024-08-02,2024-08-05,-0.0066771638671812,0.0078021020748803,0.0102481587124415,-4.819339775712707,0,0.0024460566375611,65536,2023-12-29,9.812029660993817e-18,9.812029660993817e-18,-0.0363742705173215,0.0244953369877327,0.004274806430844,0.0055434215720753495,0.001905467492374413
2024-08-01,2024-08-02,2024-08-05,funded_assets,EUR,0.99,IN_TCOP1250,JPY,-0.0066771638671812,0.0119014528299447,0.0142186265623052,-4.41616992366932,0,0.0023171737323605,16384,2023-12-29,9.812029660993817e-18,9.812029660993817e-18,-0.0257604976217607,0.0238082213088069,2024-08-02,2024-08-05,-0.0066771638671812,0.0117468888711309,0.0140643623147262,-4.428887466527623,0,0.0023174734435953,65536,2023-12-29,9.812029660993817e-18,9.812029660993817e-18,-0.0363742705173215,0.0244953369877327,0.01315786337211845,0.010968449484373463,0.01271754285830351
2024-08-01,2024-08-02,2024-08-05,funded_assets,USD,0.95,IN_TCOP1250,JPY,-0.0067850282121993,0.0078569038739275,0.0104541505601801,-4.809197872627998,0,0.0025972466862526,16384,2023-12-29,9.812029660993817e-18,9.812029660993817e-18,-0.0249546939253305,0.0237645081203288,2024-08-02,2024-08-05,-0.0067850282121993,0.0078844068309158,0.0103970767427895,-4.807901400327522,0,0.0025126699118737,65536,2023-12-29,9.812029660993817e-18,9.812029660993817e-18,-0.0340745965314465,0.0252217736709092,0.003488272177997852,0.005489410033467559,0.001296472300476026
2024-08-01,2024-08-02,2024-08-05,funded_assets,USD,0.99,IN_TCOP1250,JPY,-0.0067850282121993,0.011945411714409,0.0145414309682731,-4.409279103395182,0,0.0025960192538641,16384,2023-12-29,9.812029660993817e-18,9.812029660993817e-18,-0.0249546939253305,0.0237645081203288,2024-08-02,2024-08-05,-0.0067850282121993,0.0119246164212924,0.0143619847539939,-4.412880225377497,0,0.0024373683327015,65536,2023-12-29,9.812029660993817e-18,9.812029660993817e-18,-0.0340745965314465,0.0252217736709092,0.0017438961876768831,0.012494527556805695,0.003601121982314659
2024-08-01,2024-08-02,2024-08-05,net_cashflows,EUR,0.95,IN_TCOP1250,JPY,0.0190049985149017,0.0081513772038424,0.0104097869640398,16.07076564638089,1,-0.2148140164609874,16384,2023-12-29,9.812029660993817e-18,9.812029660993817e-18,-0.0190623137460051,0.0233826188949999,2024-08-02,2024-08-05,0.0190049985149017,0.0080776465329924,0.0104135377701898,16.197858154333467,1,-0.2162111484009869,65536,2023-12-29,9.812029660993817e-18,9.812029660993817e-18,-0.0206847787764757,0.0233826188949999,0.009127741669414938,0.00036018558080584977,0.12709250795257532
2024-08-01,2024-08-02,2024-08-05,net_cashflows,EUR,0.99,IN_TCOP1250,JPY,0.0190049985149017,0.0118375166245076,0.0135033014835706,48.65129525922168,1,-0.715082404180337,16384,2023-12-29,9.812029660993817e-18,9.812029660993817e-18,-0.0190623137460051,0.0233826188949999,2024-08-02,2024-08-05,0.0190049985149017,0.0119242668275675,0.0135922064159026,47.67308483461205,1,-0.7064052291450744,65536,2023-12-29,9.812029660993817e-18,9.812029660993817e-18,-0.0206847787764757,0.0233826188949999,0.007275097439059672,0.006540875676224421,0.9782104246096353
2024-08-01,2024-08-02,2024-08-05,net_cashflows,USD,0.95,IN_TCOP1250,JPY,0.0193848777128293,0.0082785895898785,0.0105698688537949,16.248474516739133,1,-0.2198344831950984,16384,2023-12-29,9.812029660993817e-18,9.812029660993817e-18,-0.0193698078303355,0.0247557538915799,2024-08-02,2024-08-05,0.0193848777128293,0.0081609746949247,0.0105762156883957,16.447286841831,1,-0.2220628193646203,65536,2023-12-29,9.812029660993817e-18,9.812029660993817e-18,-0.0207655286520276,0.0247557538915799,0.014411868600320912,0.0006001044974681076,0.1988123250918683
2024-08-01,2024-08-02,2024-08-05,net_cashflows,USD,0.99,IN_TCOP1250,JPY,0.0193848777128293,0.0120457161710482,0.0137937162603672,48.796290760119405,1,-0.7321681540887895,16384,2023-12-29,9.812029660993817e-18,9.812029660993817e-18,-0.0193698078303355,0.0247557538915799,2024-08-02,2024-08-05,0.0193848777128293,0.0121198072055093,0.0138773799266407,47.947743506540114,1,-0.724749478010866,65536,2023-12-29,9.812029660993817e-18,9.812029660993817e-18,-0.0207655286520276,0.0247557538915799,0.006113218899011955,0.006028779691538904,0.8485472535792908
2024-08-01,2024-08-02,2024-08-05,funded_assets,EUR,0.95,IN_FHS1250,CHF,-0.0066771638671812,0.0062622900911299,0.0081182003047567,-5.042257826599236,0,0.0018559102136267,1249,2023-12-29,3.428789370485408e-18,3.428789370485408e-18,-0.0157438292112899,0.0145354099012492,2024-08-02,2024-08-05,-0.0066771638671812,0.0062622900911299,0.0081182003047567,-5.042257826599236,0,0.0018559102136267,1249,2023-12-29,3.428789370485408e-18,3.428789370485408e-18,-0.0157438292112899,0.0145354099012492,0.0,0.0,0.0
2024-08-01,2024-08-02,2024-08-05,funded_assets,EUR,0.99,IN_FHS1250,CHF,-0.0066771638671812,0.0090480130471979,0.0112017424242484,-4.6839532932726655,0,0.0021537293770504,1249,2023-12-29,3.428789370485408e-18,3.428789370485408e-18,-0.0157438292112899,0.0145354099012492,2024-08-02,2024-08-05,-0.0066771638671812,0.0090480130471979,0.0112017424242484,-4.6839532932726655,0,0.0021537293770504,1249,2023-12-29,3.428789370485408e-18,3.428789370485408e-18,-0.0157438292112899,0.0145354099012492,0.0,0.0,0.0
2024-08-01,2024-08-02,2024-08-05,funded_assets,USD,0.95,IN_FHS1250,CHF,-0.0067850282121993,0.0063528281692233,0.008179608603156,-5.029444455037285,0,0.0018267804339326,1249,2023-12-29,3.428789370485408e-18,3.428789370485408e-18,-0.0156385328293565,0.0147331422682725,2024-08-02,2024-08-05,-0.0067850282121993,0.0063528281692233,0.008179608603156,-5.029444455037285,0,0.0018267804339326,1249,2023-12-29,3.428789370485408e-18,3.428789370485408e-18,-0.0156385328293565,0.0147331422682725,0.0,0.0,0.0
2024-08-01,2024-08-02,2024-08-05,funded_assets,USD,0.99,IN_FHS1250,CHF,-0.0067850282121993,0.0091451389531104,0.0113022708498841,-4.673609886409576,0,0.0021571318967737,1249,2023-12-29,3.428789370485408e-18,3.428789370485408e-18,-0.0156385328293565,0.0147331422682725,2024-08-02,2024-08-05,-0.0067850282121993,0.0091451389531104,0.0113022708498841,-4.673609886409576,0,0.0021571318967737,1249,2023-12-29,3.428789370485408e-18,3.428789370485408e-18,-0.0156385328293565,0.0147331422682725,0.0,0.0,0.0
2024-08-01,2024-08-02,2024-08-05,net_cashflows,EUR,0.95,IN_FHS1250,CHF,0.0190049985149017,0.0036039477515596,0.0055425743987741,50.02857029871396,1,-0.3060823886196262,1249,2023-12-29,3.428789370485408e-18,3.428789370485408e-18,-0.0101011807650578,0.0111586591934968,2024-08-02,2024-08-05,0.0190049985149017,0.0036039477515596,0.0055425743987741,50.02857029871396,1,-0.3060823886196262,1249,2023-12-29,3.428789370485408e-18,3.428789370485408e-18,-0.0101011807650578,0.0111586591934968,0.0,0.0,0.0
2024-08-01,2024-08-02,2024-08-05,net_cashflows,EUR,0.99,IN_FHS1250,CHF,0.0190049985149017,0.0062816852710134,0.0085515944068127,143.75586164124067,1,-1.270061415253027,1249,2023-12-29,3.428789370485408e-18,3.428789370485408e-18,-0.0101011807650578,0.0111586591934968,2024-08-02,2024-08-05,0.0190049985149017,0.0062816852710134,0.0085515944068127,143.75586164124067,1,-1.270061415253027,1249,2023-12-29,3.428789370485408e-18,3.428789370485408e-18,-0.0101011807650578,0.0111586591934968,0.0,0.0,0.0
2024-08-01,2024-08-02,2024-08-05,net_cashflows,USD,0.95,IN_FHS1250,CHF,0.0193848777128293,0.0036217774220415,0.0055659965722408,51.100329251744206,1,-0.3133177866655559,1249,2023-12-29,3.428789370485408e-18,3.428789370485408e-18,-0.0099641035472862,0.0114313406781697,2024-08-02,2024-08-05,0.0193848777128293,0.0036217774220415,0.0055659965722408,51.100329251744206,1,-0.3133177866655559,1249,2023-12-29,3.428789370485408e-18,3.428789370485408e-18,-0.0099641035472862,0.0114313406781697,0.0,0.0,0.0
2024-08-01,2024-08-02,2024-08-05,net_cashflows,USD,0.99,IN_FHS1250,CHF,0.0193848777128293,0.0063267857237385,0.008594784522049,146.90993675305992,1,-1.3035412001107671,1249,2023-12-29,3.428789370485408e-18,3.428789370485408e-18,-0.0099641035472862,0.0114313406781697,2024-08-02,2024-08-05,0.0193848777128293,0.0063267857237385,0.008594784522049,146.90993675305992,1,-1.3035412001107671,1249,2023-12-29,3.428789370485408e-18,3.428789370485408e-18,-0.0099641035472862,0.0114313406781697,0.0,0.0,0.0
2024-08-01,2024-08-02,2024-08-05,funded_assets,EUR,0.95,IN_TCOP1250,CHF,-0.0066771638671812,0.0065586930506564,0.0085207162975009,-4.995519928888042,0,0.0019620232468445,16384,2023-12-29,4.7569370317801515e-18,4.7569370317801515e-18,-0.0192492041701881,0.0186495408475471,2024-08-02,2024-08-05,-0.0066771638671812,0.0065998409571145,0.0085200670914473,-4.99070794310436,0,0.0019202261343328,65536,2023-12-29,6.884683795282953e-18,6.884683795282953e-18,-0.0240414288545806,0.0214447708069374,0.006234681521187715,7.619729359307021e-05,0.004811985783681472
2024-08-01,2024-08-02,2024-08-05,funded_assets,EUR,0.99,IN_TCOP1250,CHF,-0.0066771638671812,0.0097504274571726,0.0116143439722689,-4.615998407233873,0,0.0018639165150963,16384,2023-12-29,4.7569370317801515e-18,4.7569370317801515e-18,-0.0192492041701881,0.0186495408475471,2024-08-02,2024-08-05,-0.0066771638671812,0.0096950240756802,0.011468410280028,-4.622791215886946,0,0.0017733862043478,65536,2023-12-29,6.884683795282953e-18,6.884683795282953e-18,-0.0240414288545806,0.0214447708069374,0.005714620310369069,0.012724840555716746,0.006792808653073301
2024-08-01,2024-08-02,2024-08-05,funded_assets,USD,0.95,IN_TCOP1250,CHF,-0.0067850282121993,0.0065985230629056,0.0085940815624557,-4.988882987876254,0,0.00199555849955,16384,2023-12-29,4.7569370317801515e-18,4.7569370317801515e-18,-0.0186196068620093,0.0185918662256596,2024-08-02,2024-08-05,-0.0067850282121993,0.006638509253426,0.0085914010905417,-4.984301174199218,0,0.0019528918371156,65536,2023-12-29,6.884683795282953e-18,6.884683795282953e-18,-0.0237694018325345,0.0216747487179569,0.006023368951359586,0.0003119947358704471,0.0045818136770359175
2024-08-01,2024-08-02,2024-08-05,funded_assets,USD,0.99,IN_TCOP1250,CHF,-0.0067850282121993,0.0098555292016678,0.0117513526737754,-4.605115030042048,0,0.0018958234721075,16384,2023-12-29,4.7569370317801515e-18,4.7569370317801515e-18,-0.0186196068620093,0.0185918662256596,2024-08-02,2024-08-05,-0.0067850282121993,0.0097901119275428,0.0115995169588805,-4.612781511210176,0,0.0018094050313376,65536,2023-12-29,6.884683795282953e-18,6.884683795282953e-18,-0.0237694018325345,0.0216747487179569,0.006681974078453598,0.013089830846676373,0.007666481168128847
2024-08-01,2024-08-02,2024-08-05,net_cashflows,EUR,0.95,IN_TCOP1250,CHF,0.0190049985149017,0.0035781553495523,0.00488184065572,57.61164787157568,1,-0.3072331780008192,16384,2023-12-29,4.7569370317801515e-18,4.7569370317801515e-18,-0.0129970394749541,0.0154248232161406,2024-08-02,2024-08-05,0.0190049985149017,0.0035997900284593,0.004896505767498,57.33921496649382,1,-0.3068074539898088,65536,2023-12-29,6.884683795282953e-18,6.884683795282953e-18,-0.0129970394749541,0.0154248232161406,0.006009983564585744,0.0029950157263867014,0.2724329050818568
2024-08-01,2024-08-02,2024-08-05,net_cashflows,EUR,0.99,IN_TCOP1250,CHF,0.0190049985149017,0.005751843947158,0.0070214209783695,183.6135639706959,1,-1.3240458797431487,16384,2023-12-29,4.7569370317801515e-18,4.7569370317801515e-18,-0.0129970394749541,0.0154248232161406,2024-08-02,2024-08-05,0.0190049985149017,0.0057098350551996,0.0070203291437361,184.23529695870903,1,-1.3282058518816684,65536,2023-12-29,6.884683795282953e-18,6.884683795282953e-18,-0.0129970394749541,0.0154248232161406,0.007357286428115827,0.00015552470703939148,0.6217329880131217
2024-08-01,2024-08-02,2024-08-05,net_cashflows,USD,0.95,IN_TCOP1250,CHF,0.0193848777128293,0.0035828140626193,0.0048924198170449,59.01040195292805,1,-0.3147316672497738,16384,2023-12-29,4.7569370317801515e-18,4.7569370317801515e-18,-0.0128483906743968,0.0157822972601536,2024-08-02,2024-08-05,0.0193848777128293,0.0036016274961309,0.0049068518362921,58.7483495009031,1,-0.314359779993806,65536,2023-12-29,6.884683795282953e-18,6.884683795282953e-18,-0.0128483906743968,0.0157822972601536,0.005223592259835418,0.002941197274484212,0.2620524520249461
2024-08-01,2024-08-02,2024-08-05,net_cashflows,USD,0.99,IN_TCOP1250,CHF,0.0193848777128293,0.0057738964644344,0.0070499842789095,187.92825866902095,1,-1.3598220370250131,16384,2023-12-29,4.7569370317801515e-18,4.7569370317801515e-18,-0.0128483906743968,0.0157822972601536,2024-08-02,2024-08-05,0.0193848777128293,0.0057232984354676,0.0070469568360591,188.7219555615446,1,-1.3648342693355764,65536,2023-12-29,6.884683795282953e-18,6.884683795282953e-18,-0.0128483906743968,0.0157822972601536,0.008840711267691597,0.000429609960842837,0.7936968925236556
2024-08-01,2024-08-02,2024-08-05,funded_assets,EUR,0.95,IN_FHS_REF_POOL,ALL_FIVE,-0.0066771638671812,0.0059426337487226,0.0079440461187093,-5.087271211293286,0,0.0020014123699866,6245,2023-12-29,0.0,0.0,-0.0184236773351404,0.0297824600823446,2024-08-02,2024-08-05,-0.0066771638671812,0.0059426337487226,0.0079440461187093,-5.087271211293286,0,0.0020014123699866,6245,2023-12-29,0.0,0.0,-0.0184236773351404,0.0297824600823446,0.0,0.0,0.0
2024-08-01,2024-08-02,2024-08-05,funded_assets,EUR,0.99,IN_FHS_REF_POOL,ALL_FIVE,-0.0066771638671812,0.0090293510448181,0.0113916968776907,-4.682244891571044,0,0.0023623458328726,6245,2023-12-29,0.0,0.0,-0.0184236773351404,0.0297824600823446,2024-08-02,2024-08-05,-0.0066771638671812,0.0090293510448181,0.0113916968776907,-4.682244891571044,0,0.0023623458328726,6245,2023-12-29,0.0,0.0,-0.0184236773351404,0.0297824600823446,0.0,0.0,0.0
2024-08-01,2024-08-02,2024-08-05,funded_assets,USD,0.95,IN_FHS_REF_POOL,ALL_FIVE,-0.0067850282121993,0.0059892920424789,0.008003636229856,-5.079537940091555,0,0.0020143441873771,6245,2023-12-29,0.0,0.0,-0.0176678891325222,0.0303538648537663,2024-08-02,2024-08-05,-0.0067850282121993,0.0059892920424789,0.008003636229856,-5.079537940091555,0,0.0020143441873771,6245,2023-12-29,0.0,0.0,-0.0176678891325222,0.0303538648537663,0.0,0.0,0.0
2024-08-01,2024-08-02,2024-08-05,funded_assets,USD,0.99,IN_FHS_REF_POOL,ALL_FIVE,-0.0067850282121993,0.0091310662247033,0.0115409887079437,-4.670664558749396,0,0.0024099224832403,6245,2023-12-29,0.0,0.0,-0.0176678891325222,0.0303538648537663,2024-08-02,2024-08-05,-0.0067850282121993,0.0091310662247033,0.0115409887079437,-4.670664558749396,0,0.0024099224832403,6245,2023-12-29,0.0,0.0,-0.0176678891325222,0.0303538648537663,0.0,0.0,0.0
2024-08-01,2024-08-02,2024-08-05,net_cashflows,EUR,0.95,IN_FHS_REF_POOL,ALL_FIVE,0.0190049985149017,0.0059885120449621,0.0084085055092204,25.89397071971729,1,-0.2579097359345319,6245,2023-12-29,0.0,0.0,-0.0144683953683846,0.0152125368459903,2024-08-02,2024-08-05,0.0190049985149017,0.0059885120449621,0.0084085055092204,25.89397071971729,1,-0.2579097359345319,6245,2023-12-29,0.0,0.0,-0.0144683953683846,0.0152125368459903,0.0,0.0,0.0
2024-08-01,2024-08-02,2024-08-05,net_cashflows,EUR,0.99,IN_FHS_REF_POOL,ALL_FIVE,0.0190049985149017,0.0098644771902915,0.0116277820768839,74.00332387810246,1,-0.9122888275744192,6245,2023-12-29,0.0,0.0,-0.0144683953683846,0.0152125368459903,2024-08-02,2024-08-05,0.0190049985149017,0.0098644771902915,0.0116277820768839,74.00332387810246,1,-0.9122888275744192,6245,2023-12-29,0.0,0.0,-0.0144683953683846,0.0152125368459903,0.0,0.0,0.0
2024-08-01,2024-08-02,2024-08-05,net_cashflows,USD,0.95,IN_FHS_REF_POOL,ALL_FIVE,0.0193848777128293,0.0059777179271035,0.0084834835129933,26.54267169230272,1,-0.2656374301286254,6245,2023-12-29,0.0,0.0,-0.0140468982383198,0.0159820916534262,2024-08-02,2024-08-05,0.0193848777128293,0.0059777179271035,0.0084834835129933,26.54267169230272,1,-0.2656374301286254,6245,2023-12-29,0.0,0.0,-0.0140468982383198,0.0159820916534262,0.0,0.0,0.0
2024-08-01,2024-08-02,2024-08-05,net_cashflows,USD,0.99,IN_FHS_REF_POOL,ALL_FIVE,0.0193848777128293,0.0100179507516631,0.011785908211287,74.88479159466674,1,-0.934924738656992,6245,2023-12-29,0.0,0.0,-0.0140468982383198,0.0159820916534262,2024-08-02,2024-08-05,0.0193848777128293,0.0100179507516631,0.011785908211287,74.88479159466674,1,-0.934924738656992,6245,2023-12-29,0.0,0.0,-0.0140468982383198,0.0159820916534262,0.0,0.0,0.0
2024-08-01,2024-08-02,2024-08-05,funded_assets,EUR,0.95,IN_TCOP_REF_POOL,ALL_FIVE,-0.0066771638671812,0.0061369649159312,0.0082245400477472,-5.0544556258883855,0,0.0020875751318159,81920,2023-12-29,0.0,0.0,-0.0257604976217607,0.0238082213088069,2024-08-02,2024-08-05,-0.0066771638671812,0.0061459816951772,0.0082179941714182,-5.053560286641133,0,0.002072012476241,327680,2023-12-29,0.0,0.0,-0.0363742705173215,0.0244953369877327,0.0014671015458889898,0.0007965296874711062,0.0008953392472523802
2024-08-01,2024-08-02,2024-08-05,funded_assets,EUR,0.99,IN_TCOP_REF_POOL,ALL_FIVE,-0.0066771638671812,0.0095276707195219,0.0116429925166584,-4.634732748944061,0,0.0021153217971364,81920,2023-12-29,0.0,0.0,-0.0257604976217607,0.0238082213088069,2024-08-02,2024-08-05,-0.0066771638671812,0.009476033796908,0.0114980717027778,-4.6414348064780295,0,0.0020220379058698,327680,2023-12-29,0.0,0.0,-0.0363742705173215,0.0244953369877327,0.005449212584145691,0.012603923303556079,0.006702057533968464
2024-08-01,2024-08-02,2024-08-05,funded_assets,USD,0.95,IN_TCOP_REF_POOL,ALL_FIVE,-0.0067850282121993,0.0061569548445624,0.0082930701275478,-5.049913382865089,0,0.0021361152829854,81920,2023-12-29,0.0,0.0,-0.0249546939253305,0.0237645081203288,2024-08-02,2024-08-05,-0.0067850282121993,0.0061766141248897,0.0082863028748581,-5.047750905258317,0,0.0021096887499683,327680,2023-12-29,0.0,0.0,-0.0340745965314465,0.0252217736709092,0.003182857133340936,0.000816679379441122,0.0021624776067721285
2024-08-01,2024-08-02,2024-08-05,funded_assets,USD,0.99,IN_TCOP_REF_POOL,ALL_FIVE,-0.0067850282121993,0.0096088705656308,0.0117993975914237,-4.625354161519764,0,0.0021905270257928,81920,2023-12-29,0.0,0.0,-0.0249546939253305,0.0237645081203288,2024-08-02,2024-08-05,-0.0067850282121993,0.00956236814514,0.0116484913609334,-4.631668166271727,0,0.0020861232157934,327680,2023-12-29,0.0,0.0,-0.0340745965314465,0.0252217736709092,0.0048630652768198715,0.012955002138423488,0.006314004751962976
2024-08-01,2024-08-02,2024-08-05,net_cashflows,EUR,0.95,IN_TCOP_REF_POOL,ALL_FIVE,0.0190049985149017,0.0058999452926675,0.008071927882442,27.38224809011705,1,-0.2599290818549087,81920,2023-12-29,0.0,0.0,-0.0190623137460051,0.0233826188949999,2024-08-02,2024-08-05,0.0190049985149017,0.0058920248464524,0.0080933147907617,27.31575171246387,1,-0.2600581834246752,327680,2023-12-29,0.0,0.0,-0.0206847787764757,0.0233826188949999,0.001344265582971584,0.0026425400312012153,0.06649637765317706
2024-08-01,2024-08-02,2024-08-05,net_cashflows,EUR,0.99,IN_TCOP_REF_POOL,ALL_FIVE,0.0190049985149017,0.0094242090076867,0.0112783245087028,80.29942622945728,1,-0.9562248352204828,81920,2023-12-29,0.0,0.0,-0.0190623137460051,0.0233826188949999,2024-08-02,2024-08-05,0.0190049985149017,0.0094787135793377,0.0113660920795493,79.17002099182217,1,-0.9507411150561794,327680,2023-12-29,0.0,0.0,-0.0206847787764757,0.0233826188949999,0.005750207683225465,0.007721877513593157,1.1294052376351118
2024-08-01,2024-08-02,2024-08-05,net_cashflows,USD,0.95,IN_TCOP_REF_POOL,ALL_FIVE,0.0193848777128293,0.0059159491131086,0.0081250107686807,28.069549465590963,1,-0.2671695103388408,81920,2023-12-29,0.0,0.0,-0.0193698078303355,0.0247557538915799,2024-08-02,2024-08-05,0.0193848777128293,0.0059076144129591,0.0081469942949612,28.000262420825177,1,-0.2673058861154015,327680,2023-12-29,0.0,0.0,-0.0207655286520276,0.0247557538915799,0.0014108402422501353,0.0026983603381308414,0.06928704476578673
2024-08-01,2024-08-02,2024-08-05,net_cashflows,USD,0.99,IN_TCOP_REF_POOL,ALL_FIVE,0.0193848777128293,0.0094941735112416,0.0114154846785923,82.00178371389536,1,-0.987149108991418,81920,2023-12-29,0.0,0.0,-0.0193698078303355,0.0247557538915799,2024-08-02,2024-08-05,0.0193848777128293,0.0095580093643405,0.0115048692481422,80.78065792982858,1,-0.9807399749650748,327680,2023-12-29,0.0,0.0,-0.0207655286520276,0.0247557538915799,0.006678781183984029,0.0077692816512741954,1.2211257840667855
2025-10-01,2025-10-02,2025-10-03,funded_assets,EUR,0.95,HS1250,ALL_EQUIVARIANT,6.514501785816276e-05,0.0046291773178143,0.0064487769025345,-5.32602676208999,0,0.0018195995847202,1249,2024-12-31,2.7952087259391915e-18,2.7952087259391915e-18,-0.0163207202561279,0.015738020767808,2025-10-02,2025-10-03,6.514501785816276e-05,0.0046291773178143,0.0064487769025345,-5.32602676208999,0,0.0018195995847202,1249,2024-12-31,2.7952087259391915e-18,2.7952087259391915e-18,-0.0163207202561279,0.015738020767808,0.0,0.0,0.0
2025-10-01,2025-10-02,2025-10-03,funded_assets,EUR,0.99,HS1250,ALL_EQUIVARIANT,6.514501785816276e-05,0.0077885308941603,0.0096218137956903,-4.834256511915417,0,0.00183328290153,1249,2024-12-31,2.7952087259391915e-18,2.7952087259391915e-18,-0.0163207202561279,0.015738020767808,2025-10-02,2025-10-03,6.514501785816276e-05,0.0077885308941603,0.0096218137956903,-4.834256511915417,0,0.00183328290153,1249,2024-12-31,2.7952087259391915e-18,2.7952087259391915e-18,-0.0163207202561279,0.015738020767808,0.0,0.0,0.0
2025-10-01,2025-10-02,2025-10-03,funded_assets,USD,0.95,HS1250,ALL_EQUIVARIANT,6.381661550070417e-05,0.0046109489728619,0.0064908929255511,-5.32698311380854,0,0.0018799439526892,1249,2024-12-31,2.7952087259391915e-18,2.7952087259391915e-18,-0.0161584541119734,0.0159231859695584,2025-10-02,2025-10-03,6.381661550070417e-05,0.0046109489728619,0.0064908929255511,-5.32698311380854,0,0.0018799439526892,1249,2024-12-31,2.7952087259391915e-18,2.7952087259391915e-18,-0.0161584541119734,0.0159231859695584,0.0,0.0,0.0
2025-10-01,2025-10-02,2025-10-03,funded_assets,USD,0.99,HS1250,ALL_EQUIVARIANT,6.381661550070417e-05,0.0078228854250416,0.0097602451463152,-4.827932747176261,0,0.0019373597212735,1249,2024-12-31,2.7952087259391915e-18,2.7952087259391915e-18,-0.0161584541119734,0.0159231859695584,2025-10-02,2025-10-03,6.381661550070417e-05,0.0078228854250416,0.0097602451463152,-4.827932747176261,0,0.0019373597212735,1249,2024-12-31,2.7952087259391915e-18,2.7952087259391915e-18,-0.0161584541119734,0.0159231859695584,0.0,0.0,0.0
2025-10-01,2025-10-02,2025-10-03,net_cashflows,EUR,0.95,HS1250,ALL_EQUIVARIANT,-0.0011145321274177,0.0041112866773536,0.0062469998617534,-5.4175321712118265,0,0.0021357131843998,1249,2024-12-31,2.7952087259391915e-18,2.7952087259391915e-18,-0.0096193975908259,0.0190049985149008,2025-10-02,2025-10-03,-0.0011145321274177,0.0041112866773536,0.0062469998617534,-5.4175321712118265,0,0.0021357131843998,1249,2024-12-31,2.7952087259391915e-18,2.7952087259391915e-18,-0.0096193975908259,0.0190049985149008,0.0,0.0,0.0
2025-10-01,2025-10-02,2025-10-03,net_cashflows,EUR,0.99,HS1250,ALL_EQUIVARIANT,-0.0011145321274177,0.0073508162066396,0.010592435468189,-4.853646700417621,0,0.0032416192615493,1249,2024-12-31,2.7952087259391915e-18,2.7952087259391915e-18,-0.0096193975908259,0.0190049985149008,2025-10-02,2025-10-03,-0.0011145321274177,0.0073508162066396,0.010592435468189,-4.853646700417621,0,0.0032416192615493,1249,2024-12-31,2.7952087259391915e-18,2.7952087259391915e-18,-0.0096193975908259,0.0190049985149008,0.0,0.0,0.0
2025-10-01,2025-10-02,2025-10-03,net_cashflows,USD,0.95,HS1250,ALL_EQUIVARIANT,-0.0011179262809765,0.0041090834307777,0.0063012357378127,-5.414901960910318,0,0.002192152307035,1249,2024-12-31,2.7952087259391915e-18,2.7952087259391915e-18,-0.009427682148945,0.0193848777128283,2025-10-02,2025-10-03,-0.0011179262809765,0.0041090834307777,0.0063012357378127,-5.414901960910318,0,0.002192152307035,1249,2024-12-31,2.7952087259391915e-18,2.7952087259391915e-18,-0.009427682148945,0.0193848777128283,0.0,0.0,0.0
2025-10-01,2025-10-02,2025-10-03,net_cashflows,USD,0.99,HS1250,ALL_EQUIVARIANT,-0.0011179262809765,0.0073528932438961,0.0107295658873689,-4.849459474743728,0,0.0033766726434728,1249,2024-12-31,2.7952087259391915e-18,2.7952087259391915e-18,-0.009427682148945,0.0193848777128283,2025-10-02,2025-10-03,-0.0011179262809765,0.0073528932438961,0.0107295658873689,-4.849459474743728,0,0.0033766726434728,1249,2024-12-31,2.7952087259391915e-18,2.7952087259391915e-18,-0.009427682148945,0.0193848777128283,0.0,0.0,0.0
2025-10-01,2025-10-02,2025-10-03,funded_assets,EUR,0.95,EWMA_GAUSS,ALL_EQUIVARIANT,6.514501785816276e-05,0.0025581686072232,0.0032490630598303,-5.942032825028568,0,0.0006908944526071,16384,2024-12-31,2.2429432443293877e-18,2.2429432443293877e-18,-0.0065833072858016,0.0062387827129303,2025-10-02,2025-10-03,6.514501785816276e-05,0.0025751833077321,0.0032391724010819,-5.937424679184889,0,0.0006639890933497,65536,2024-12-31,2.2429432443293877e-18,2.2429432443293877e-18,-0.0065833072858016,0.0066787223621535,0.00660718033462423,0.0030534524019457236,0.004608145843679523
2025-10-01,2025-10-02,2025-10-03,funded_assets,EUR,0.99,EWMA_GAUSS,ALL_EQUIVARIANT,6.514501785816276e-05,0.0036779637147916,0.0041840232512059,-5.597432454951089,0,0.0005060595364142,16384,2024-12-31,2.2429432443293877e-18,2.2429432443293877e-18,-0.0065833072858016,0.0062387827129303,2025-10-02,2025-10-03,6.514501785816276e-05,0.0036636237573467,0.0041812396425201,-5.600942349452422,0,0.0005176158851734,65536,2024-12-31,2.2429432443293877e-18,2.2429432443293877e-18,-0.0065833072858016,0.0066787223621535,0.003914145773332678,0.0006657376576775398,0.0035098945013336547
2025-10-01,2025-10-02,2025-10-03,funded_assets,USD,0.95,EWMA_GAUSS,ALL_EQUIVARIANT,6.381661550070417e-05,0.0025686371856003,0.0032677365836371,-5.937597658991655,0,0.0006990993980368,16384,2024-12-31,2.2429432443293877e-18,2.2429432443293877e-18,-0.0065226534816827,0.0062852513796105,2025-10-02,2025-10-03,6.381661550070417e-05,0.0025842963359604,0.0032572021394297,-5.9334768184852615,0,0.0006729058034693,65536,2024-12-31,2.2429432443293877e-18,2.2429432443293877e-18,-0.0065226534816827,0.0068017611115656,0.00605934781634891,0.0032342003217658674,0.004120840506393719
2025-10-01,2025-10-02,2025-10-03,funded_assets,USD,0.99,EWMA_GAUSS,ALL_EQUIVARIANT,6.381661550070417e-05,0.0036931946621729,0.0042105983049366,-5.593031790401889,0,0.0005174036427637,16384,2024-12-31,2.2429432443293877e-18,2.2429432443293877e-18,-0.0065226534816827,0.0062852513796105,2025-10-02,2025-10-03,6.381661550070417e-05,0.003689549368252,0.0042100025963125,-5.593915032899433,0,0.0005204532280604,65536,2024-12-31,2.2429432443293877e-18,2.2429432443293877e-18,-0.0065226534816827,0.0068017611115656,0.0009880051889988059,0.0001414983982720615,0.0008832424975446784
2025-10-01,2025-10-02,2025-10-03,net_cashflows,EUR,0.95,EWMA_GAUSS,ALL_EQUIVARIANT,-0.0011145321274177,0.0028498000975234,0.0035794693348881,-5.836389159314126,0,0.0007296692373646,16384,2024-12-31,2.2429432443293877e-18,2.2429432443293877e-18,-0.0078666505219398,0.0068560340147444,2025-10-02,2025-10-03,-0.0011145321274177,0.0028500477151963,0.0035790905916974,-5.8363415406528265,0,0.0007290428765011,65536,2024-12-31,2.2429432443293877e-18,2.2429432443293877e-18,-0.0078666505219398,0.0070669739233966,8.688193940740608e-05,0.0001058210685079166,4.761866129943115e-05
2025-10-01,2025-10-02,2025-10-03,net_cashflows,EUR,0.99,EWMA_GAUSS,ALL_EQUIVARIANT,-0.0011145321274177,0.0040371215114549,0.0046377584046608,-5.503034304894761,0,0.0006006368932058,16384,2024-12-31,2.2429432443293877e-18,2.2429432443293877e-18,-0.0078666505219398,0.0068560340147444,2025-10-02,2025-10-03,-0.0011145321274177,0.0040348731482443,0.0046211529410674,-5.5039797780933455,0,0.0005862797928231,65536,2024-12-31,2.2429432443293877e-18,2.2429432443293877e-18,-0.0078666505219398,0.0070669739233966,0.0005572326881152761,0.003593359450588643,0.0009454731985840681
2025-10-01,2025-10-02,2025-10-03,net_cashflows,USD,0.95,EWMA_GAUSS,ALL_EQUIVARIANT,-0.0011179262809765,0.0028619850008286,0.0036034335007483,-5.831629809250427,0,0.0007414484999197,16384,2024-12-31,2.2429432443293877e-18,2.2429432443293877e-18,-0.0078228871592006,0.0069450622610416,2025-10-02,2025-10-03,-0.0011179262809765,0.002865517833719,0.0036036186018673,-5.830638881864752,0,0.0007381007681482,65536,2024-12-31,2.2429432443293877e-18,2.2429432443293877e-18,-0.0078228871592006,0.0071105300488421,0.001232877649138518,5.1365346739019496e-05,0.0009909273856747447
2025-10-01,2025-10-02,2025-10-03,net_cashflows,USD,0.99,EWMA_GAUSS,ALL_EQUIVARIANT,-0.0011179262809765,0.0040637172883394,0.0046777832907323,-5.496203799517479,0,0.0006140660023928,16384,2024-12-31,2.2429432443293877e-18,2.2429432443293877e-18,-0.0078228871592006,0.0069450622610416,2025-10-02,2025-10-03,-0.0011179262809765,0.0040637172883394,0.0046611501824445,-5.496665889089569,0,0.000597432894105,65536,2024-12-31,2.2429432443293877e-18,2.2429432443293877e-18,-0.0078228871592006,0.0071105300488421,0.0,0.003568455775238917,0.00046208957208992985
2025-10-01,2025-10-02,2025-10-03,funded_assets,EUR,0.95,EWMA_SELFNORMALIZED,ALL_EQUIVARIANT,6.514501785816276e-05,0.0025887040957015,0.0032899631218052,-5.930029952846296,0,0.0007012590261037,16384,2024-12-31,2.4801124695605918e-18,2.4801124695605918e-18,-0.0061933685774185,0.0057983200364393,2025-10-02,2025-10-03,6.514501785816276e-05,0.0025860892245359,0.0032774479641029,-5.931634449892984,0,0.000691358739567,65536,2024-12-31,2.690176640479658e-18,2.690176640479658e-18,-0.0063135364591484,0.0064330899987339,0.0010111295236030259,0.0038185679343731324,0.0016044970466877473
2025-10-01,2025-10-02,2025-10-03,funded_assets,EUR,0.99,EWMA_SELFNORMALIZED,ALL_EQUIVARIANT,6.514501785816276e-05,0.003771364831584,0.0042591312730727,-5.57321258485159,0,0.0004877664414886,16384,2024-12-31,2.4801124695605918e-18,2.4801124695605918e-18,-0.0061933685774185,0.0057983200364393,2025-10-02,2025-10-03,6.514501785816276e-05,0.0036925882589262,0.0042736377946286,-5.591251215288555,0,0.0005810495357023,65536,2024-12-31,2.690176640479658e-18,2.690176640479658e-18,-0.0063135364591484,0.0064330899987339,0.02133370068200028,0.003394419989015654,0.01803863043696463
2025-10-01,2025-10-02,2025-10-03,funded_assets,USD,0.95,EWMA_SELFNORMALIZED,ALL_EQUIVARIANT,6.381661550070417e-05,0.0025995310703025,0.0033085632720901,-5.925543384296941,0,0.0007090322017876,16384,2024-12-31,2.4801124695605918e-18,2.4801124695605918e-18,-0.0061318269757856,0.0058618439388988,2025-10-02,2025-10-03,6.381661550070417e-05,0.0025995310703025,0.0032955956276458,-5.926378907897069,0,0.0006960645573433,65536,2024-12-31,2.690176640479658e-18,2.690176640479658e-18,-0.0062865861614005,0.0064927539328624,0.0,0.0039348408935605435,0.000835523600128063
2025-10-01,2025-10-02,2025-10-03,funded_assets,USD,0.99,EWMA_SELFNORMALIZED,ALL_EQUIVARIANT,6.381661550070417e-05,0.0037983656393939,0.004290476187525,-5.566055904808632,0,0.000492110548131,16384,2024-12-31,2.4801124695605918e-18,2.4801124695605918e-18,-0.0061318269757856,0.0058618439388988,2025-10-02,2025-10-03,6.381661550070417e-05,0.0037218647627744,0.0043043615185061,-5.583453562339465,0,0.0005824967557316,65536,2024-12-31,2.690176640479658e-18,2.690176640479658e-18,-0.0062865861614005,0.0064927539328624,0.020554448239133105,0.003225874713683058,0.01739765753083322
2025-10-01,2025-10-02,2025-10-03,net_cashflows,EUR,0.95,EWMA_SELFNORMALIZED,ALL_EQUIVARIANT,-0.0011145321274177,0.0029177597468418,0.0036870799553763,-5.8115734510503945,0,0.0007693202085345,16384,2024-12-31,2.4801124695605918e-18,2.4801124695605918e-18,-0.0070279641706014,0.0064580753323787,2025-10-02,2025-10-03,-0.0011145321274177,0.0028699138638573,0.0036362272264169,-5.827552691396341,0,0.0007663133625596,65536,2024-12-31,2.690176640479658e-18,2.690176640479658e-18,-0.0070279641706014,0.007009753856362,0.016671539723562636,0.013985025080379708,0.015979240345946444
2025-10-01,2025-10-02,2025-10-03,net_cashflows,EUR,0.99,EWMA_SELFNORMALIZED,ALL_EQUIVARIANT,-0.0011145321274177,0.0041523253146189,0.0047713621515228,-5.4748635137483115,0,0.0006190368369038,16384,2024-12-31,2.4801124695605918e-18,2.4801124695605918e-18,-0.0070279641706014,0.0064580753323787,2025-10-02,2025-10-03,-0.0011145321274177,0.0040972990246253,0.0047275143405346,-5.487663688936459,0,0.0006302153159093,65536,2024-12-31,2.690176640479658e-18,2.690176640479658e-18,-0.0070279641706014,0.007009753856362,0.013429893611104497,0.009275024427158355,0.012800175188147911
2025-10-01,2025-10-02,2025-10-03,net_cashflows,USD,0.95,EWMA_SELFNORMALIZED,ALL_EQUIVARIANT,-0.0011179262809765,0.0029347581550676,0.0037132392576265,-5.805500800595032,0,0.0007784811025588,16384,2024-12-31,2.4801124695605918e-18,2.4801124695605918e-18,-0.0069858191720641,0.0065581043383066,2025-10-02,2025-10-03,-0.0011179262809765,0.0028820977401918,0.0036619083018913,-5.822722836620734,0,0.0007798105616995,65536,2024-12-31,2.690176640479658e-18,2.690176640479658e-18,-0.0069858191720641,0.0070896216850339,0.018271557602448075,0.014017542631717141,0.017222036025701826
2025-10-01,2025-10-02,2025-10-03,net_cashflows,USD,0.99,EWMA_SELFNORMALIZED,ALL_EQUIVARIANT,-0.0011179262809765,0.0041811278791039,0.0048152160805457,-5.467658625494465,0,0.0006340882014418,16384,2024-12-31,2.4801124695605918e-18,2.4801124695605918e-18,-0.0069858191720641,0.0065581043383066,2025-10-02,2025-10-03,-0.0011179262809765,0.0041323688635129,0.0047710110186233,-5.479055915340492,0,0.0006386421551104,65536,2024-12-31,2.690176640479658e-18,2.690176640479658e-18,-0.0069858191720641,0.0070896216850339,0.011799289270016885,0.009265344756037764,0.011397289846026837
2025-10-01,2025-10-02,2025-10-03,funded_assets,EUR,0.95,IN_FHS1250,EUR,6.514501785816276e-05,0.0034445737530172,0.0046069460997149,-5.6324987418033015,0,0.0011623723466977,1249,2024-12-31,2.055748962986187e-18,2.055748962986187e-18,-0.0087778042379766,0.0107613447779688,2025-10-02,2025-10-03,6.514501785816276e-05,0.0034445737530172,0.0046069460997149,-5.6324987418033015,0,0.0011623723466977,1249,2024-12-31,2.055748962986187e-18,2.055748962986187e-18,-0.0087778042379766,0.0107613447779688,0.0,0.0,0.0
2025-10-01,2025-10-02,2025-10-03,funded_assets,EUR,0.99,IN_FHS1250,EUR,6.514501785816276e-05,0.0051726171373184,0.0063509906120578,-5.244686157434332,0,0.0011783734747393,1249,2024-12-31,2.055748962986187e-18,2.055748962986187e-18,-0.0087778042379766,0.0107613447779688,2025-10-02,2025-10-03,6.514501785816276e-05,0.0051726171373184,0.0063509906120578,-5.244686157434332,0,0.0011783734747393,1249,2024-12-31,2.055748962986187e-18,2.055748962986187e-18,-0.0087778042379766,0.0107613447779688,0.0,0.0,0.0
2025-10-01,2025-10-02,2025-10-03,funded_assets,USD,0.95,IN_FHS1250,EUR,6.381661550070417e-05,0.0034654215163555,0.0046314723362699,-5.626647229966505,0,0.0011660508199144,1249,2024-12-31,2.055748962986187e-18,2.055748962986187e-18,-0.0087234761701786,0.0108694383070397,2025-10-02,2025-10-03,6.381661550070417e-05,0.0034654215163555,0.0046314723362699,-5.626647229966505,0,0.0011660508199144,1249,2024-12-31,2.055748962986187e-18,2.055748962986187e-18,-0.0087234761701786,0.0108694383070397,0.0,0.0,0.0
2025-10-01,2025-10-02,2025-10-03,funded_assets,USD,0.99,IN_FHS1250,EUR,6.381661550070417e-05,0.0052128616027064,0.0064101410235733,-5.236652959470721,0,0.0011972794208669,1249,2024-12-31,2.055748962986187e-18,2.055748962986187e-18,-0.0087234761701786,0.0108694383070397,2025-10-02,2025-10-03,6.381661550070417e-05,0.0052128616027064,0.0064101410235733,-5.236652959470721,0,0.0011972794208669,1249,2024-12-31,2.055748962986187e-18,2.055748962986187e-18,-0.0087234761701786,0.0108694383070397,0.0,0.0,0.0
2025-10-01,2025-10-02,2025-10-03,net_cashflows,EUR,0.95,IN_FHS1250,EUR,-0.0011145321274177,0.0031563826650679,0.0044106200958808,-5.708107583480212,0,0.0012542374308128,1249,2024-12-31,2.055748962986187e-18,2.055748962986187e-18,-0.0064316381742661,0.0111188554667982,2025-10-02,2025-10-03,-0.0011145321274177,0.0031563826650679,0.0044106200958808,-5.708107583480212,0,0.0012542374308128,1249,2024-12-31,2.055748962986187e-18,2.055748962986187e-18,-0.0064316381742661,0.0111188554667982,0.0,0.0,0.0
2025-10-01,2025-10-02,2025-10-03,net_cashflows,EUR,0.99,IN_FHS1250,EUR,-0.0011145321274177,0.0048714875977077,0.0065910997280424,-5.282934187821591,0,0.0017196121303346,1249,2024-12-31,2.055748962986187e-18,2.055748962986187e-18,-0.0064316381742661,0.0111188554667982,2025-10-02,2025-10-03,-0.0011145321274177,0.0048714875977077,0.0065910997280424,-5.282934187821591,0,0.0017196121303346,1249,2024-12-31,2.055748962986187e-18,2.055748962986187e-18,-0.0064316381742661,0.0111188554667982,0.0,0.0,0.0
2025-10-01,2025-10-02,2025-10-03,net_cashflows,USD,0.95,IN_FHS1250,EUR,-0.0011179262809765,0.0031641625499727,0.0044437000138544,-5.704212072238781,0,0.0012795374638816,1249,2024-12-31,2.055748962986187e-18,2.055748962986187e-18,-0.006338307027532,0.0114051380702399,2025-10-02,2025-10-03,-0.0011179262809765,0.0031641625499727,0.0044437000138544,-5.704212072238781,0,0.0012795374638816,1249,2024-12-31,2.055748962986187e-18,2.055748962986187e-18,-0.006338307027532,0.0114051380702399,0.0,0.0,0.0
2025-10-01,2025-10-02,2025-10-03,net_cashflows,USD,0.99,IN_FHS1250,EUR,-0.0011179262809765,0.0048779847502499,0.006671835906,-5.278729404631593,0,0.0017938511557501,1249,2024-12-31,2.055748962986187e-18,2.055748962986187e-18,-0.006338307027532,0.0114051380702399,2025-10-02,2025-10-03,-0.0011179262809765,0.0048779847502499,0.006671835906,-5.278729404631593,0,0.0017938511557501,1249,2024-12-31,2.055748962986187e-18,2.055748962986187e-18,-0.006338307027532,0.0114051380702399,0.0,0.0,0.0
2025-10-01,2025-10-02,2025-10-03,funded_assets,EUR,0.95,IN_TCOP1250,EUR,6.514501785816276e-05,0.0035695643141283,0.0047318862649726,-5.5990674395151485,0,0.0011623219508442,16384,2024-12-31,2.771491803416071e-18,2.771491803416071e-18,-0.0103322923362045,0.0107396516662862,2025-10-02,2025-10-03,6.514501785816276e-05,0.0035763632088555,0.0047005606018788,-5.599235908495888,0,0.0011241973930232,65536,2024-12-31,3.916680348103885e-18,3.916680348103885e-18,-0.010651521013873,0.0113161534345375,0.0019010638266172587,0.006664239810306703,0.00016846898073907823
2025-10-01,2025-10-02,2025-10-03,funded_assets,EUR,0.99,IN_TCOP1250,EUR,6.514501785816276e-05,0.0054082908093716,0.0065475464954104,-5.202662222241536,0,0.0011392556860388,16384,2024-12-31,2.771491803416071e-18,2.771491803416071e-18,-0.0103322923362045,0.0107396516662862,2025-10-02,2025-10-03,6.514501785816276e-05,0.0053786874898476,0.0064770893789125,-5.2090666752268575,0,0.0010984018890649,65536,2024-12-31,3.916680348103885e-18,3.916680348103885e-18,-0.010651521013873,0.0113161534345375,0.005503818464983638,0.01087789782973937,0.006404452985321107
2025-10-01,2025-10-02,2025-10-03,funded_assets,USD,0.95,IN_TCOP1250,EUR,6.381661550070417e-05,0.003589717177556,0.0047686462941687,-5.592917922644729,0,0.0011789291166127,16384,2024-12-31,2.771491803416071e-18,2.771491803416071e-18,-0.010223181841878,0.0108767858762875,2025-10-02,2025-10-03,6.381661550070417e-05,0.0035904972996232,0.004737427242585,-5.594360814745056,0,0.0011469299429617,65536,2024-12-31,3.916680348103885e-18,3.916680348103885e-18,-0.0104612604831902,0.011434705088043,0.00021727409940737317,0.00658987462711214,0.0014428921003268869
2025-10-01,2025-10-02,2025-10-03,funded_assets,USD,0.99,IN_TCOP1250,EUR,6.381661550070417e-05,0.0054454372985609,0.0066229774001887,-5.195006434774151,0,0.0011775401016278,16384,2024-12-31,2.771491803416071e-18,2.771491803416071e-18,-0.010223181841878,0.0108767858762875,2025-10-02,2025-10-03,6.381661550070417e-05,0.0054112452904782,0.006549276197408,-5.2021651179798205,0,0.0011380309069297,65536,2024-12-31,3.916680348103885e-18,3.916680348103885e-18,-0.0104612604831902,0.011434705088043,0.0063186949116620875,0.011253335568573006,0.0071586832056693694
2025-10-01,2025-10-02,2025-10-03,net_cashflows,EUR,0.95,IN_TCOP1250,EUR,-0.0011145321274177,0.0028409921887794,0.0038580992703924,-5.821209693150112,0,0.001017107081613,16384,2024-12-31,2.771491803416071e-18,2.771491803416071e-18,-0.0103359118974951,0.0094967932765033,2025-10-02,2025-10-03,-0.0011145321274177,0.0028165594833967,0.0038425726607363,-5.828625216188107,0,0.0010260131773396,65536,2024-12-31,3.916680348103885e-18,3.916680348103885e-18,-0.0107791823350862,0.0110909590533797,0.008674663370941823,0.00404068082166723,0.0074155230379950865
2025-10-01,2025-10-02,2025-10-03,net_cashflows,EUR,0.99,IN_TCOP1250,EUR,-0.0011145321274177,0.0045285675343088,0.0054634229072172,-5.380791441390424,0,0.0009348553729083,16384,2024-12-31,2.771491803416071e-18,2.771491803416071e-18,-0.0103359118974951,0.0094967932765033,2025-10-02,2025-10-03,-0.0011145321274177,0.0044548633521453,0.0054581487489847,-5.394459831357375,0,0.0010032853968394,65536,2024-12-31,3.916680348103885e-18,3.916680348103885e-18,-0.0107791823350862,0.0110909590533797,0.016544656106681058,0.000966290673826112,0.013668389966951189
2025-10-01,2025-10-02,2025-10-03,net_cashflows,USD,0.95,IN_TCOP1250,EUR,-0.0011179262809765,0.0028469070797705,0.0038827554608204,-5.817991978818633,0,0.0010358483810499,16384,2024-12-31,2.771491803416071e-18,2.771491803416071e-18,-0.0101149200090516,0.0096891703108951,2025-10-02,2025-10-03,-0.0011179262809765,0.002830682847063,0.0038670109601531,-5.823265461008841,0,0.00103632811309,65536,2024-12-31,3.916680348103885e-18,3.916680348103885e-18,-0.0106218360378648,0.0114053463477823,0.005731561458512944,0.004071491089509774,0.005273482190207623
2025-10-01,2025-10-02,2025-10-03,net_cashflows,USD,0.99,IN_TCOP1250,EUR,-0.0011179262809765,0.0045452698823437,0.0055159719494468,-5.376087644299558,0,0.000970702067103,16384,2024-12-31,2.771491803416071e-18,2.771491803416071e-18,-0.0101149200090516,0.0096891703108951,2025-10-02,2025-10-03,-0.0011179262809765,0.004488706702858,0.0055096081666964,-5.386556520740833,0,0.0010209014638383,65536,2024-12-31,3.916680348103885e-18,3.916680348103885e-18,-0.0106218360378648,0.0114053463477823,0.012601219734335811,0.001155033635398505,0.010468876441275476
2025-10-01,2025-10-02,2025-10-03,funded_assets,EUR,0.95,IN_FHS1250,USD,6.514501785816276e-05,0.0045334116161818,0.005905147178212,-5.3642258034064,0,0.0013717355620302,1249,2024-12-31,3.186537947570678e-18,3.186537947570678e-18,-0.0106498716428515,0.0144538549328539,2025-10-02,2025-10-03,6.514501785816276e-05,0.0045334116161818,0.005905147178212,-5.3642258034064,0,0.0013717355620302,1249,2024-12-31,3.186537947570678e-18,3.186537947570678e-18,-0.0106498716428515,0.0144538549328539,0.0,0.0,0.0
2025-10-01,2025-10-02,2025-10-03,funded_assets,EUR,0.99,IN_FHS1250,USD,6.514501785816276e-05,0.0067179956590435,0.0081505823163836,-4.985430850005587,0,0.0014325866573401,1249,2024-12-31,3.186537947570678e-18,3.186537947570678e-18,-0.0106498716428515,0.0144538549328539,2025-10-02,2025-10-03,6.514501785816276e-05,0.0067179956590435,0.0081505823163836,-4.985430850005587,0,0.0014325866573401,1249,2024-12-31,3.186537947570678e-18,3.186537947570678e-18,-0.0106498716428515,0.0144538549328539,0.0,0.0,0.0
2025-10-01,2025-10-02,2025-10-03,funded_assets,USD,0.95,IN_FHS1250,USD,6.381661550070417e-05,0.0045398427330657,0.005934632114254,-5.361975654599874,0,0.0013947893811883,1249,2024-12-31,3.186537947570678e-18,3.186537947570678e-18,-0.0105816266107392,0.0146011775994909,2025-10-02,2025-10-03,6.381661550070417e-05,0.0045398427330657,0.005934632114254,-5.361975654599874,0,0.0013947893811883,1249,2024-12-31,3.186537947570678e-18,3.186537947570678e-18,-0.0105816266107392,0.0146011775994909,0.0,0.0,0.0
2025-10-01,2025-10-02,2025-10-03,funded_assets,USD,0.99,IN_FHS1250,USD,6.381661550070417e-05,0.0067693391718244,0.008220377707437,-4.977656379521324,0,0.0014510385356125,1249,2024-12-31,3.186537947570678e-18,3.186537947570678e-18,-0.0105816266107392,0.0146011775994909,2025-10-02,2025-10-03,6.381661550070417e-05,0.0067693391718244,0.008220377707437,-4.977656379521324,0,0.0014510385356125,1249,2024-12-31,3.186537947570678e-18,3.186537947570678e-18,-0.0105816266107392,0.0146011775994909,0.0,0.0,0.0
2025-10-01,2025-10-02,2025-10-03,net_cashflows,EUR,0.95,IN_FHS1250,USD,-0.0011145321274177,0.0035818161875222,0.0047607538747289,-5.594986010963759,0,0.0011789376872066,1249,2024-12-31,3.186537947570678e-18,3.186537947570678e-18,-0.0063483958153759,0.0080880527012453,2025-10-02,2025-10-03,-0.0011145321274177,0.0035818161875222,0.0047607538747289,-5.594986010963759,0,0.0011789376872066,1249,2024-12-31,3.186537947570678e-18,3.186537947570678e-18,-0.0063483958153759,0.0080880527012453,0.0,0.0,0.0
2025-10-01,2025-10-02,2025-10-03,net_cashflows,EUR,0.99,IN_FHS1250,USD,-0.0011145321274177,0.0053577162102957,0.006231552695642,-5.218357477832206,0,0.0008738364853462,1249,2024-12-31,3.186537947570678e-18,3.186537947570678e-18,-0.0063483958153759,0.0080880527012453,2025-10-02,2025-10-03,-0.0011145321274177,0.0053577162102957,0.006231552695642,-5.218357477832206,0,0.0008738364853462,1249,2024-12-31,3.186537947570678e-18,3.186537947570678e-18,-0.0063483958153759,0.0080880527012453,0.0,0.0,0.0
2025-10-01,2025-10-02,2025-10-03,net_cashflows,USD,0.95,IN_FHS1250,USD,-0.0011179262809765,0.0035835287456142,0.0047923271966559,-5.592975351122066,0,0.0012087984510417,1249,2024-12-31,3.186537947570678e-18,3.186537947570678e-18,-0.006302798463257,0.0083058707453581,2025-10-02,2025-10-03,-0.0011179262809765,0.0035835287456142,0.0047923271966559,-5.592975351122066,0,0.0012087984510417,1249,2024-12-31,3.186537947570678e-18,3.186537947570678e-18,-0.006302798463257,0.0083058707453581,0.0,0.0,0.0
2025-10-01,2025-10-02,2025-10-03,net_cashflows,USD,0.99,IN_FHS1250,USD,-0.0011179262809765,0.0054038076066018,0.0062790504010503,-5.209927468995437,0,0.0008752427944484,1249,2024-12-31,3.186537947570678e-18,3.186537947570678e-18,-0.006302798463257,0.0083058707453581,2025-10-02,2025-10-03,-0.0011179262809765,0.0054038076066018,0.0062790504010503,-5.209927468995437,0,0.0008752427944484,1249,2024-12-31,3.186537947570678e-18,3.186537947570678e-18,-0.006302798463257,0.0083058707453581,0.0,0.0,0.0
2025-10-01,2025-10-02,2025-10-03,funded_assets,EUR,0.95,IN_TCOP1250,USD,6.514501785816276e-05,0.0046732530293529,0.006239112294577,-5.327892055797568,0,0.0015658592652241,16384,2024-12-31,4.445228907190568e-18,4.445228907190568e-18,-0.0189074021536022,0.0146657790143313,2025-10-02,2025-10-03,6.514501785816276e-05,0.0046517538078687,0.0062739348660739,-5.329910348910652,0,0.0016221810582051,65536,2024-12-31,4.445228907190568e-18,4.445228907190568e-18,-0.0189074021536022,0.0212922471027464,0.004621745339969008,0.00555035591542437,0.002018293113084546
2025-10-01,2025-10-02,2025-10-03,funded_assets,EUR,0.99,IN_TCOP1250,USD,6.514501785816276e-05,0.0071760294197725,0.0087963881967426,-4.917621357736396,0,0.0016203587769701,16384,2024-12-31,4.445228907190568e-18,4.445228907190568e-18,-0.0189074021536022,0.0146657790143313,2025-10-02,2025-10-03,6.514501785816276e-05,0.0072980737503322,0.0089257348686815,-4.901172595262905,0,0.0016276611183492,65536,2024-12-31,4.445228907190568e-18,4.445228907190568e-18,-0.0189074021536022,0.0212922471027464,0.01672281409243705,0.014491431108126366,0.01644876247349103
2025-10-01,2025-10-02,2025-10-03,funded_assets,USD,0.95,IN_TCOP1250,USD,6.381661550070417e-05,0.0046849737210102,0.0062863861423801,-5.324111842962521,0,0.0016014124213698,16384,2024-12-31,4.445228907190568e-18,4.445228907190568e-18,-0.0185405007697262,0.0150385229408907,2025-10-02,2025-10-03,6.381661550070417e-05,0.0046660141373815,0.0063210374319821,-5.325699728929075,0,0.0016550232946005,65536,2024-12-31,4.445228907190568e-18,4.445228907190568e-18,-0.0185405007697262,0.0215713841552547,0.004063336087391222,0.00548189913046201,0.0015878859665532374
2025-10-01,2025-10-02,2025-10-03,funded_assets,USD,0.99,IN_TCOP1250,USD,6.381661550070417e-05,0.0072275575898802,0.0088889355372299,-4.9098520119358415,0,0.0016613779473496,16384,2024-12-31,4.445228907190568e-18,4.445228907190568e-18,-0.0185405007697262,0.0150385229408907,2025-10-02,2025-10-03,6.381661550070417e-05,0.0073556688870451,0.0090206607183477,-4.892813071827339,0,0.0016649918313025,65536,2024-12-31,4.445228907190568e-18,4.445228907190568e-18,-0.0185405007697262,0.0215713841552547,0.017416675374082015,0.01460260896963747,0.017038940108502487
2025-10-01,2025-10-02,2025-10-03,net_cashflows,EUR,0.95,IN_TCOP1250,USD,-0.0011145321274177,0.003376890671957,0.0045449903466031,-5.650737850374728,0,0.0011680996746461,16384,2024-12-31,4.445228907190568e-18,4.445228907190568e-18,-0.0073872342568351,0.0089273374630215,2025-10-02,2025-10-03,-0.0011145321274177,0.0033846366053922,0.0045453731998928,-5.649012063373261,0,0.0011607365945005,65536,2024-12-31,4.445228907190568e-18,4.445228907190568e-18,-0.0083460981866531,0.0093885071761779,0.0022885568934813898,8.422923110238163e-05,0.0017257870014670829
2025-10-01,2025-10-02,2025-10-03,net_cashflows,EUR,0.99,IN_TCOP1250,USD,-0.0011145321274177,0.0052666869040712,0.0063085705175685,-5.230999846826992,0,0.0010418836134972,16384,2024-12-31,4.445228907190568e-18,4.445228907190568e-18,-0.0073872342568351,0.0089273374630215,2025-10-02,2025-10-03,-0.0011145321274177,0.0052917847962223,0.0062400218669175,-5.228732128797499,0,0.0009482370706951,65536,2024-12-31,4.445228907190568e-18,4.445228907190568e-18,-0.0083460981866531,0.0093885071761779,0.0047428028760762115,0.01098532218523494,0.0022677180294934374
2025-10-01,2025-10-02,2025-10-03,net_cashflows,USD,0.95,IN_TCOP1250,USD,-0.0011179262809765,0.003396264347103,0.0045685564904882,-5.64515811032043,0,0.0011722921433852,16384,2024-12-31,4.445228907190568e-18,4.445228907190568e-18,-0.0073533590233345,0.0090842853526988,2025-10-02,2025-10-03,-0.0011179262809765,0.0033973349886584,0.0045686220284506,-5.644920082515156,0,0.0011712870397921,65536,2024-12-31,4.445228907190568e-18,4.445228907190568e-18,-0.0083262221098143,0.0093889681762371,0.0003151415915634788,1.4345236264196162e-05,0.00023802780527315548
2025-10-01,2025-10-02,2025-10-03,net_cashflows,USD,0.99,IN_TCOP1250,USD,-0.0011179262809765,0.0053079768313824,0.0063592841191315,-5.223157964092216,0,0.001051307287749,16384,2024-12-31,4.445228907190568e-18,4.445228907190568e-18,-0.0073533590233345,0.0090842853526988,2025-10-02,2025-10-03,-0.0011179262809765,0.0053310876845896,0.0062833656951914,-5.221404904824549,0,0.0009522780106017,65536,2024-12-31,4.445228907190568e-18,4.445228907190568e-18,-0.0083262221098143,0.0093889681762371,0.004335110314168305,0.012082445559105235,0.001753059267667112
2025-10-01,2025-10-02,2025-10-03,funded_assets,EUR,0.95,IN_FHS1250,GBP,6.514501785816276e-05,0.0035958858538483,0.004870237119311,-5.586273684195797,0,0.0012743512654626,1249,2024-12-31,2.156545883709449e-18,2.156545883709449e-18,-0.0095293748388641,0.0130736173681528,2025-10-02,2025-10-03,6.514501785816276e-05,0.0035958858538483,0.004870237119311,-5.586273684195797,0,0.0012743512654626,1249,2024-12-31,2.156545883709449e-18,2.156545883709449e-18,-0.0095293748388641,0.0130736173681528,0.0,0.0,0.0
2025-10-01,2025-10-02,2025-10-03,funded_assets,EUR,0.99,IN_FHS1250,GBP,6.514501785816276e-05,0.0056225719966239,0.0069624005496606,-5.159668686954415,0,0.0013398285530366,1249,2024-12-31,2.156545883709449e-18,2.156545883709449e-18,-0.0095293748388641,0.0130736173681528,2025-10-02,2025-10-03,6.514501785816276e-05,0.0056225719966239,0.0069624005496606,-5.159668686954415,0,0.0013398285530366,1249,2024-12-31,2.156545883709449e-18,2.156545883709449e-18,-0.0095293748388641,0.0130736173681528,0.0,0.0,0.0
2025-10-01,2025-10-02,2025-10-03,funded_assets,USD,0.95,IN_FHS1250,GBP,6.381661550070417e-05,0.0036026474320929,0.0048913846222117,-5.583750696626326,0,0.0012887371901187,1249,2024-12-31,2.156545883709449e-18,2.156545883709449e-18,-0.0094047944438153,0.0133481567748934,2025-10-02,2025-10-03,6.381661550070417e-05,0.0036026474320929,0.0048913846222117,-5.583750696626326,0,0.0012887371901187,1249,2024-12-31,2.156545883709449e-18,2.156545883709449e-18,-0.0094047944438153,0.0133481567748934,0.0,0.0,0.0
2025-10-01,2025-10-02,2025-10-03,funded_assets,USD,0.99,IN_FHS1250,GBP,6.381661550070417e-05,0.0055366211956604,0.0070126518039007,-5.170520452572808,0,0.0014760306082403,1249,2024-12-31,2.156545883709449e-18,2.156545883709449e-18,-0.0094047944438153,0.0133481567748934,2025-10-02,2025-10-03,6.381661550070417e-05,0.0055366211956604,0.0070126518039007,-5.170520452572808,0,0.0014760306082403,1249,2024-12-31,2.156545883709449e-18,2.156545883709449e-18,-0.0094047944438153,0.0133481567748934,0.0,0.0,0.0
2025-10-01,2025-10-02,2025-10-03,net_cashflows,EUR,0.95,IN_FHS1250,GBP,-0.0011145321274177,0.0033944250707599,0.0047195437037162,-5.636815773197922,0,0.0013251186329562,1249,2024-12-31,2.156545883709449e-18,2.156545883709449e-18,-0.0075077588244431,0.0088301120046247,2025-10-02,2025-10-03,-0.0011145321274177,0.0033944250707599,0.0047195437037162,-5.636815773197922,0,0.0013251186329562,1249,2024-12-31,2.156545883709449e-18,2.156545883709449e-18,-0.0075077588244431,0.0088301120046247,0.0,0.0,0.0
2025-10-01,2025-10-02,2025-10-03,net_cashflows,EUR,0.99,IN_FHS1250,GBP,-0.0011145321274177,0.0053748034879485,0.006714435630431,-5.203010724672072,0,0.0013396321424824,1249,2024-12-31,2.156545883709449e-18,2.156545883709449e-18,-0.0075077588244431,0.0088301120046247,2025-10-02,2025-10-03,-0.0011145321274177,0.0053748034879485,0.006714435630431,-5.203010724672072,0,0.0013396321424824,1249,2024-12-31,2.156545883709449e-18,2.156545883709449e-18,-0.0075077588244431,0.0088301120046247,0.0,0.0,0.0
2025-10-01,2025-10-02,2025-10-03,net_cashflows,USD,0.95,IN_FHS1250,GBP,-0.0011179262809765,0.0033978497172166,0.0047501644401277,-5.634264023357003,0,0.0013523147229111,1249,2024-12-31,2.156545883709449e-18,2.156545883709449e-18,-0.0075014177764262,0.008931443441714,2025-10-02,2025-10-03,-0.0011179262809765,0.0033978497172166,0.0047501644401277,-5.634264023357003,0,0.0013523147229111,1249,2024-12-31,2.156545883709449e-18,2.156545883709449e-18,-0.0075014177764262,0.008931443441714,0.0,0.0,0.0
2025-10-01,2025-10-02,2025-10-03,net_cashflows,USD,0.99,IN_FHS1250,GBP,-0.0011179262809765,0.0053921320134005,0.0067905618301282,-5.198158874683264,0,0.0013984298167277,1249,2024-12-31,2.156545883709449e-18,2.156545883709449e-18,-0.0075014177764262,0.008931443441714,2025-10-02,2025-10-03,-0.0011179262809765,0.0053921320134005,0.0067905618301282,-5.198158874683264,0,0.0013984298167277,1249,2024-12-31,2.156545883709449e-18,2.156545883709449e-18,-0.0075014177764262,0.008931443441714,0.0,0.0,0.0
2025-10-01,2025-10-02,2025-10-03,funded_assets,EUR,0.95,IN_TCOP1250,GBP,6.514501785816276e-05,0.0036913601244341,0.0050354490260802,-5.558177907558689,0,0.0013440889016461,16384,2024-12-31,2.8765238888756043e-18,2.8765238888756043e-18,-0.0134346186261019,0.0113122185869864,2025-10-02,2025-10-03,6.514501785816276e-05,0.003684398712159,0.005093040300982,-5.556461987507602,0,0.001408641588823,65536,2024-12-31,3.488928709740463e-18,3.488928709740463e-18,-0.017328090503104,0.0181043809494151,0.0018894296787496264,0.011307838049248477,0.0017159200510876715
2025-10-01,2025-10-02,2025-10-03,funded_assets,EUR,0.99,IN_TCOP1250,GBP,6.514501785816276e-05,0.0057909083028723,0.0071003582199586,-5.132030303828637,0,0.0013094499170862,16384,2024-12-31,2.8765238888756043e-18,2.8765238888756043e-18,-0.0134346186261019,0.0113122185869864,2025-10-02,2025-10-03,6.514501785816276e-05,0.0059218693797405,0.0074417508570088,-5.104886209211886,0,0.0015198814772683,65536,2024-12-31,3.488928709740463e-18,3.488928709740463e-18,-0.017328090503104,0.0181043809494151,0.022114820248524077,0.04587531128224607,0.0271440946167516
2025-10-01,2025-10-02,2025-10-03,funded_assets,USD,0.95,IN_TCOP1250,GBP,6.381661550070417e-05,0.0037001183318241,0.0050657219454449,-5.554835909203155,0,0.0013656036136207,16384,2024-12-31,2.8765238888756043e-18,2.8765238888756043e-18,-0.013298867670397,0.011447338323995,2025-10-02,2025-10-03,6.381661550070417e-05,0.0036961010505514,0.0051255658873423,-5.552403517047328,0,0.0014294648367909,65536,2024-12-31,3.488928709740463e-18,3.488928709740463e-18,-0.0168041608573393,0.0183946453997693,0.0010868970349445714,0.011675577528948725,0.0024323921558275785
2025-10-01,2025-10-02,2025-10-03,funded_assets,USD,0.99,IN_TCOP1250,GBP,6.381661550070417e-05,0.005845230212942,0.0071618284212325,-5.122825450491536,0,0.0013165982082904,16384,2024-12-31,2.8765238888756043e-18,2.8765238888756043e-18,-0.013298867670397,0.011447338323995,2025-10-02,2025-10-03,6.381661550070417e-05,0.0059785187572143,0.0075123646787644,-5.095381171916459,0,0.0015338459215501,65536,2024-12-31,3.488928709740463e-18,3.488928709740463e-18,-0.0168041608573393,0.0183946453997693,0.02229457658077274,0.04666124083709355,0.027444278575077696
2025-10-01,2025-10-02,2025-10-03,net_cashflows,EUR,0.95,IN_TCOP1250,GBP,-0.0011145321274177,0.0029596831769791,0.0041282407688178,-5.772968228754606,0,0.0011685575918387,16384,2024-12-31,2.8765238888756043e-18,2.8765238888756043e-18,-0.0113846164354823,0.0100647311690837,2025-10-02,2025-10-03,-0.0011145321274177,0.0029841578211758,0.0041273104189862,-5.767102084037109,0,0.0011431525978103,65536,2024-12-31,3.488928709740463e-18,3.488928709740463e-18,-0.013084975151335,0.0116807127698531,0.008201524739417623,0.00022541309888402455,0.005866144717496802
2025-10-01,2025-10-02,2025-10-03,net_cashflows,EUR,0.99,IN_TCOP1250,GBP,-0.0011145321274177,0.0050239081605755,0.0060218971682985,-5.278079602203662,0,0.0009979890077229,16384,2024-12-31,2.8765238888756043e-18,2.8765238888756043e-18,-0.0113846164354823,0.0100647311690837,2025-10-02,2025-10-03,-0.0011145321274177,0.0048465191713642,0.0059611230733001,-5.309475224664632,0,0.0011146039019359,65536,2024-12-31,3.488928709740463e-18,3.488928709740463e-18,-0.013084975151335,0.0116807127698531,0.036601317964325274,0.01019507469500297,0.03139562246096972
2025-10-01,2025-10-02,2025-10-03,net_cashflows,USD,0.95,IN_TCOP1250,GBP,-0.0011179262809765,0.0029632115851098,0.004147917467778,-5.7707635084125055,0,0.0011847058826682,16384,2024-12-31,2.8765238888756043e-18,2.8765238888756043e-18,-0.0112172092402948,0.0101065786472054,2025-10-02,2025-10-03,-0.0011179262809765,0.0029898409957808,0.004146891368806,-5.764412614119656,0,0.0011570503730252,65536,2024-12-31,3.488928709740463e-18,3.488928709740463e-18,-0.0126475781455642,0.0118929867630783,0.008906631057831805,0.00024743811224907136,0.006350894292849851
2025-10-01,2025-10-02,2025-10-03,net_cashflows,USD,0.99,IN_TCOP1250,GBP,-0.0011179262809765,0.0050438835321829,0.0060690642168132,-5.273469921288485,0,0.0010251806846302,16384,2024-12-31,2.8765238888756043e-18,2.8765238888756043e-18,-0.0112172092402948,0.0101065786472054,2025-10-02,2025-10-03,-0.0011179262809765,0.0048699476353859,0.0060043482639492,-5.304201213521687,0,0.0011344006285632,65536,2024-12-31,3.488928709740463e-18,3.488928709740463e-18,-0.0126475781455642,0.0118929867630783,0.03571617393442827,0.010778181081294426,0.030731292233202367
2025-10-01,2025-10-02,2025-10-03,funded_assets,EUR,0.95,IN_FHS1250,JPY,6.514501785816276e-05,0.003292246786401,0.0043924583377059,-5.678343624473241,0,0.0011002115513049,1249,2024-12-31,2.7477748808929507e-18,2.7477748808929507e-18,-0.0084588265360238,0.0130923089621652,2025-10-02,2025-10-03,6.514501785816276e-05,0.003292246786401,0.0043924583377059,-5.678343624473241,0,0.0011002115513049,1249,2024-12-31,2.7477748808929507e-18,2.7477748808929507e-18,-0.0084588265360238,0.0130923089621652,0.0,0.0,0.0
2025-10-01,2025-10-02,2025-10-03,funded_assets,EUR,0.99,IN_FHS1250,JPY,6.514501785816276e-05,0.0046842344085266,0.0065946249250416,-5.311189399900263,0,0.0019103905165149,1249,2024-12-31,2.7477748808929507e-18,2.7477748808929507e-18,-0.0084588265360238,0.0130923089621652,2025-10-02,2025-10-03,6.514501785816276e-05,0.0046842344085266,0.0065946249250416,-5.311189399900263,0,0.0019103905165149,1249,2024-12-31,2.7477748808929507e-18,2.7477748808929507e-18,-0.0084588265360238,0.0130923089621652,0.0,0.0,0.0
2025-10-01,2025-10-02,2025-10-03,funded_assets,USD,0.95,IN_FHS1250,JPY,6.381661550070417e-05,0.0032903288465174,0.0044183822531656,-5.677290803519833,0,0.0011280534066481,1249,2024-12-31,2.7477748808929507e-18,2.7477748808929507e-18,-0.0082964744498183,0.0131976525822986,2025-10-02,2025-10-03,6.381661550070417e-05,0.0032903288465174,0.0044183822531656,-5.677290803519833,0,0.0011280534066481,1249,2024-12-31,2.7477748808929507e-18,2.7477748808929507e-18,-0.0082964744498183,0.0131976525822986,0.0,0.0,0.0
2025-10-01,2025-10-02,2025-10-03,funded_assets,USD,0.99,IN_FHS1250,JPY,6.381661550070417e-05,0.0046797755652015,0.0066583708083636,-5.309039512622539,0,0.0019785952431621,1249,2024-12-31,2.7477748808929507e-18,2.7477748808929507e-18,-0.0082964744498183,0.0131976525822986,2025-10-02,2025-10-03,6.381661550070417e-05,0.0046797755652015,0.0066583708083636,-5.309039512622539,0,0.0019785952431621,1249,2024-12-31,2.7477748808929507e-18,2.7477748808929507e-18,-0.0082964744498183,0.0131976525822986,0.0,0.0,0.0
2025-10-01,2025-10-02,2025-10-03,net_cashflows,EUR,0.95,IN_FHS1250,JPY,-0.0011145321274177,0.0035739284823051,0.0046903293767364,-5.600274323474651,0,0.0011164008944312,1249,2024-12-31,2.7477748808929507e-18,2.7477748808929507e-18,-0.0068234034109849,0.0071248878191202,2025-10-02,2025-10-03,-0.0011145321274177,0.0035739284823051,0.0046903293767364,-5.600274323474651,0,0.0011164008944312,1249,2024-12-31,2.7477748808929507e-18,2.7477748808929507e-18,-0.0068234034109849,0.0071248878191202,0.0,0.0,0.0
2025-10-01,2025-10-02,2025-10-03,net_cashflows,EUR,0.99,IN_FHS1250,JPY,-0.0011145321274177,0.0052490705746949,0.006042692659128,-5.240241396620233,0,0.0007936220844331,1249,2024-12-31,2.7477748808929507e-18,2.7477748808929507e-18,-0.0068234034109849,0.0071248878191202,2025-10-02,2025-10-03,-0.0011145321274177,0.0052490705746949,0.006042692659128,-5.240241396620233,0,0.0007936220844331,1249,2024-12-31,2.7477748808929507e-18,2.7477748808929507e-18,-0.0068234034109849,0.0071248878191202,0.0,0.0,0.0
2025-10-01,2025-10-02,2025-10-03,net_cashflows,USD,0.95,IN_FHS1250,JPY,-0.0011179262809765,0.0035796749142709,0.0047251815434902,-5.597275247848779,0,0.0011455066292193,1249,2024-12-31,2.7477748808929507e-18,2.7477748808929507e-18,-0.0067336730198638,0.0072528941653325,2025-10-02,2025-10-03,-0.0011179262809765,0.0035796749142709,0.0047251815434902,-5.597275247848779,0,0.0011455066292193,1249,2024-12-31,2.7477748808929507e-18,2.7477748808929507e-18,-0.0067336730198638,0.0072528941653325,0.0,0.0,0.0
2025-10-01,2025-10-02,2025-10-03,net_cashflows,USD,0.99,IN_FHS1250,JPY,-0.0011179262809765,0.0053541071099897,0.0060950641652988,-5.221842724413475,0,0.0007409570553091,1249,2024-12-31,2.7477748808929507e-18,2.7477748808929507e-18,-0.0067336730198638,0.0072528941653325,2025-10-02,2025-10-03,-0.0011179262809765,0.0053541071099897,0.0060950641652988,-5.221842724413475,0,0.0007409570553091,1249,2024-12-31,2.7477748808929507e-18,2.7477748808929507e-18,-0.0067336730198638,0.0072528941653325,0.0,0.0,0.0
2025-10-01,2025-10-02,2025-10-03,funded_assets,EUR,0.95,IN_TCOP1250,JPY,6.514501785816276e-05,0.0034712457642253,0.0047710077459206,-5.617626962082565,0,0.0012997619816952,16384,2024-12-31,3.6930636500287495e-18,3.6930636500287495e-18,-0.0146973783797078,0.0169001850637778,2025-10-02,2025-10-03,6.514501785816276e-05,0.0034626393610413,0.0047972663436706,-5.617914764512511,0,0.0013346269826292,65536,2024-12-31,3.6930636500287495e-18,3.6930636500287495e-18,-0.0215224166010629,0.0169001850637778,0.002485503769417066,0.00547365851067348,0.00028780242994574934
2025-10-01,2025-10-02,2025-10-03,funded_assets,EUR,0.99,IN_TCOP1250,JPY,6.514501785816276e-05,0.00549351369294,0.0067726510627462,-5.18373072454678,0,0.0012791373698061,16384,2024-12-31,3.6930636500287495e-18,3.6930636500287495e-18,-0.0146973783797078,0.0169001850637778,2025-10-02,2025-10-03,6.514501785816276e-05,0.0055503165726865,0.0070434562940464,-5.167645912357846,0,0.0014931397213599,65536,2024-12-31,3.6930636500287495e-18,3.6930636500287495e-18,-0.0215224166010629,0.0169001850637778,0.010234169349191963,0.03844777620457485,0.016084812188933206
2025-10-01,2025-10-02,2025-10-03,funded_assets,USD,0.95,IN_TCOP1250,JPY,6.381661550070417e-05,0.003490116094829,0.0048062803531847,-5.611674398993199,0,0.0013161642583556,16384,2024-12-31,3.6930636500287495e-18,3.6930636500287495e-18,-0.0142858349041136,0.0175004515632794,2025-10-02,2025-10-03,6.381661550070417e-05,0.0034759565351137,0.0048338905517767,-5.613023117566201,0,0.0013579340166629,65536,2024-12-31,3.6930636500287495e-18,3.6930636500287495e-18,-0.0207617751184399,0.0175004515632794,0.0040735721440304734,0.005711796387663824,0.0013487185730021167
2025-10-01,2025-10-02,2025-10-03,funded_assets,USD,0.99,IN_TCOP1250,JPY,6.381661550070417e-05,0.0055321109976478,0.0068463453978803,-5.176001739164305,0,0.0013142344002324,16384,2024-12-31,3.6930636500287495e-18,3.6930636500287495e-18,-0.0142858349041136,0.0175004515632794,2025-10-02,2025-10-03,6.381661550070417e-05,0.0055947955839153,0.0071238718169678,-5.1589450840480975,0,0.0015290762330525,65536,2024-12-31,3.6930636500287495e-18,3.6930636500287495e-18,-0.0207617751184399,0.0175004515632794,0.011204088751287818,0.03895724491090384,0.017056655116207686
2025-10-01,2025-10-02,2025-10-03,net_cashflows,EUR,0.95,IN_TCOP1250,JPY,-0.0011145321274177,0.0034919725018697,0.0045543999088138,-5.62493644945654,0,0.0010624274069441,16384,2024-12-31,3.6930636500287495e-18,3.6930636500287495e-18,-0.010575060722434,0.0108136184114601,2025-10-02,2025-10-03,-0.0011145321274177,0.0034737021590203,0.0045639010407344,-5.6284518769740925,0,0.0010901988817141,65536,2024-12-31,3.6930636500287495e-18,3.6930636500287495e-18,-0.010575060722434,0.0109720083176758,0.005259616977223261,0.0020818005990486752,0.003515427517552183
2025-10-01,2025-10-02,2025-10-03,net_cashflows,EUR,0.99,IN_TCOP1250,JPY,-0.0011145321274177,0.0052665364858871,0.0061179141900635,-5.235695491924286,0,0.0008513777041764,16384,2024-12-31,3.6930636500287495e-18,3.6930636500287495e-18,-0.010575060722434,0.0108136184114601,2025-10-02,2025-10-03,-0.0011145321274177,0.0052430120219346,0.0060887780698341,-5.240213573901997,0,0.0008457660478995,65536,2024-12-31,3.6930636500287495e-18,3.6930636500287495e-18,-0.010575060722434,0.0109720083176758,0.004486822432236182,0.004785216326696238,0.004518081977710864
2025-10-01,2025-10-02,2025-10-03,net_cashflows,USD,0.95,IN_TCOP1250,JPY,-0.0011179262809765,0.0035119689516655,0.004587235105811,-5.618881787287357,0,0.0010752661541455,16384,2024-12-31,3.6930636500287495e-18,3.6930636500287495e-18,-0.0101711560625915,0.011111383798791,2025-10-02,2025-10-03,-0.0011179262809765,0.0034945034385664,0.0045970124582798,-5.622180288318758,0,0.0011025090197133,65536,2024-12-31,3.6930636500287495e-18,3.6930636500287495e-18,-0.0101711560625915,0.011111383798791,0.0049979956826899435,0.00212689274991836,0.0032985010314012797
2025-10-01,2025-10-02,2025-10-03,net_cashflows,USD,0.99,IN_TCOP1250,JPY,-0.0011179262809765,0.0053452459963971,0.0061777766129788,-5.221559019183475,0,0.0008325306165817,16384,2024-12-31,3.6930636500287495e-18,3.6930636500287495e-18,-0.0101711560625915,0.011111383798791,2025-10-02,2025-10-03,-0.0011179262809765,0.0052874646221477,0.0061490393190843,-5.231574751475974,0,0.0008615746969366,65536,2024-12-31,3.6930636500287495e-18,3.6930636500287495e-18,-0.0101711560625915,0.011111383798791,0.010927992597315849,0.004673460747813107,0.010015732292498747
2025-10-01,2025-10-02,2025-10-03,funded_assets,EUR,0.95,IN_FHS1250,CHF,6.514501785816276e-05,0.0033803699551149,0.0042894596263329,-5.663530225155903,0,0.000909089671218,1249,2024-12-31,1.7347234759768075e-18,1.7347234759768075e-18,-0.0097622092107838,0.0073704166612919,2025-10-02,2025-10-03,6.514501785816276e-05,0.0033803699551149,0.0042894596263329,-5.663530225155903,0,0.000909089671218,1249,2024-12-31,1.7347234759768075e-18,1.7347234759768075e-18,-0.0097622092107838,0.0073704166612919,0.0,0.0,0.0
2025-10-01,2025-10-02,2025-10-03,funded_assets,EUR,0.99,IN_FHS1250,CHF,6.514501785816276e-05,0.0049056659868237,0.0057300727984189,-5.305900749976317,0,0.0008244068115952,1249,2024-12-31,1.7347234759768075e-18,1.7347234759768075e-18,-0.0097622092107838,0.0073704166612919,2025-10-02,2025-10-03,6.514501785816276e-05,0.0049056659868237,0.0057300727984189,-5.305900749976317,0,0.0008244068115952,1249,2024-12-31,1.7347234759768075e-18,1.7347234759768075e-18,-0.0097622092107838,0.0073704166612919,0.0,0.0,0.0
2025-10-01,2025-10-02,2025-10-03,funded_assets,USD,0.95,IN_FHS1250,CHF,6.381661550070417e-05,0.0033886240384027,0.0043107186239962,-5.660558048303622,0,0.0009220945855934,1249,2024-12-31,1.7347234759768075e-18,1.7347234759768075e-18,-0.0096895905124629,0.0075111280517524,2025-10-02,2025-10-03,6.381661550070417e-05,0.0033886240384027,0.0043107186239962,-5.660558048303622,0,0.0009220945855934,1249,2024-12-31,1.7347234759768075e-18,1.7347234759768075e-18,-0.0096895905124629,0.0075111280517524,0.0,0.0,0.0
2025-10-01,2025-10-02,2025-10-03,funded_assets,USD,0.99,IN_FHS1250,CHF,6.381661550070417e-05,0.0049366355194223,0.0057734837862574,-5.299426451154718,0,0.000836848266835,1249,2024-12-31,1.7347234759768075e-18,1.7347234759768075e-18,-0.0096895905124629,0.0075111280517524,2025-10-02,2025-10-03,6.381661550070417e-05,0.0049366355194223,0.0057734837862574,-5.299426451154718,0,0.000836848266835,1249,2024-12-31,1.7347234759768075e-18,1.7347234759768075e-18,-0.0096895905124629,0.0075111280517524,0.0,0.0,0.0
2025-10-01,2025-10-02,2025-10-03,net_cashflows,EUR,0.95,IN_FHS1250,CHF,-0.0011145321274177,0.0033315639148063,0.0048152552041128,-5.644089318400369,0,0.0014836912893065,1249,2024-12-31,1.7347234759768075e-18,1.7347234759768075e-18,-0.006856521638599,0.0115408394764999,2025-10-02,2025-10-03,-0.0011145321274177,0.0033315639148063,0.0048152552041128,-5.644089318400369,0,0.0014836912893065,1249,2024-12-31,1.7347234759768075e-18,1.7347234759768075e-18,-0.006856521638599,0.0115408394764999,0.0,0.0,0.0
2025-10-01,2025-10-02,2025-10-03,net_cashflows,EUR,0.99,IN_FHS1250,CHF,-0.0011145321274177,0.0053604031010704,0.0070706650975497,-5.193682077082207,0,0.0017102619964793,1249,2024-12-31,1.7347234759768075e-18,1.7347234759768075e-18,-0.006856521638599,0.0115408394764999,2025-10-02,2025-10-03,-0.0011145321274177,0.0053604031010704,0.0070706650975497,-5.193682077082207,0,0.0017102619964793,1249,2024-12-31,1.7347234759768075e-18,1.7347234759768075e-18,-0.006856521638599,0.0115408394764999,0.0,0.0,0.0
2025-10-01,2025-10-02,2025-10-03,net_cashflows,USD,0.95,IN_FHS1250,CHF,-0.0011179262809765,0.0034019823631721,0.0048496764965191,-5.62735682512327,0,0.0014476941333469,1249,2024-12-31,1.7347234759768075e-18,1.7347234759768075e-18,-0.0068126871135115,0.0117899602038116,2025-10-02,2025-10-03,-0.0011179262809765,0.0034019823631721,0.0048496764965191,-5.62735682512327,0,0.0014476941333469,1249,2024-12-31,1.7347234759768075e-18,1.7347234759768075e-18,-0.0068126871135115,0.0117899602038116,0.0,0.0,0.0
2025-10-01,2025-10-02,2025-10-03,net_cashflows,USD,0.99,IN_FHS1250,CHF,-0.0011179262809765,0.005353035402018,0.0071368166231137,-5.192429192185345,0,0.0017837812210957,1249,2024-12-31,1.7347234759768075e-18,1.7347234759768075e-18,-0.0068126871135115,0.0117899602038116,2025-10-02,2025-10-03,-0.0011179262809765,0.005353035402018,0.0071368166231137,-5.192429192185345,0,0.0017837812210957,1249,2024-12-31,1.7347234759768075e-18,1.7347234759768075e-18,-0.0068126871135115,0.0117899602038116,0.0,0.0,0.0
2025-10-01,2025-10-02,2025-10-03,funded_assets,EUR,0.95,IN_TCOP1250,CHF,6.514501785816276e-05,0.0035450557207579,0.0046910233768121,-5.6063939951785615,0,0.0011459676560541,16384,2024-12-31,3.6930636500287495e-18,3.6930636500287495e-18,-0.0113101658654639,0.0097020797517931,2025-10-02,2025-10-03,6.514501785816276e-05,0.0035498331181988,0.0047045527506187,-5.604671839462291,0,0.0011547196324199,65536,2024-12-31,3.6930636500287495e-18,3.6930636500287495e-18,-0.0147838930707096,0.015099102442851,0.0013458090230799977,0.002875804465115407,0.0017221557162701018
2025-10-01,2025-10-02,2025-10-03,funded_assets,EUR,0.99,IN_TCOP1250,CHF,6.514501785816276e-05,0.0053782528705755,0.0064218758828272,-5.210555627410461,0,0.0010436230122517,16384,2024-12-31,3.6930636500287495e-18,3.6930636500287495e-18,-0.0113101658654639,0.0097020797517931,2025-10-02,2025-10-03,6.514501785816276e-05,0.0053954695689709,0.0065409549774189,-5.2047972052909595,0,0.001145485408448,65536,2024-12-31,3.6930636500287495e-18,3.6930636500287495e-18,-0.0147838930707096,0.015099102442851,0.0031909545916842114,0.018205154293645585,0.005758422119501283
2025-10-01,2025-10-02,2025-10-03,funded_assets,USD,0.95,IN_TCOP1250,CHF,6.381661550070417e-05,0.0035594601561387,0.0047208289884948,-5.601780372943406,0,0.0011613688323561,16384,2024-12-31,3.6930636500287495e-18,3.6930636500287495e-18,-0.0112315433948339,0.0097966054815824,2025-10-02,2025-10-03,6.381661550070417e-05,0.0035608717310906,0.0047354677797024,-5.600717008075412,0,0.0011745960486117,65536,2024-12-31,3.6930636500287495e-18,3.6930636500287495e-18,-0.0143820658086566,0.0153225490317436,0.0003964127490399019,0.0030913083751401334,0.0010633648679938545
2025-10-01,2025-10-02,2025-10-03,funded_assets,USD,0.99,IN_TCOP1250,CHF,6.381661550070417e-05,0.0053958132330383,0.0064797201546699,-5.206354766247401,0,0.0010839069216316,16384,2024-12-31,3.6930636500287495e-18,3.6930636500287495e-18,-0.0112315433948339,0.0097966054815824,2025-10-02,2025-10-03,6.381661550070417e-05,0.005439162711468,0.0066035937466893,-5.196474201268393,0,0.0011644310352213,65536,2024-12-31,3.6930636500287495e-18,3.6930636500287495e-18,-0.0143820658086566,0.0153225490317436,0.007969880794023977,0.018758511921104226,0.009880564979007467
2025-10-01,2025-10-02,2025-10-03,net_cashflows,EUR,0.95,IN_TCOP1250,CHF,-0.0011145321274177,0.0030903223870886,0.0042756570805212,-5.732046147786344,0,0.0011853346934325,16384,2024-12-31,3.6930636500287495e-18,3.6930636500287495e-18,-0.0104073183376524,0.0114413341463544,2025-10-02,2025-10-03,-0.0011145321274177,0.0030989813452943,0.0042685801874159,-5.730475859721476,0,0.0011695988421215,65536,2024-12-31,3.6930636500287495e-18,3.6930636500287495e-18,-0.010457068201109,0.0125503621466117,0.0027941304709201897,0.0016579032827270833,0.0015702880648671425
2025-10-01,2025-10-02,2025-10-03,net_cashflows,EUR,0.99,IN_TCOP1250,CHF,-0.0011145321274177,0.0049800995058907,0.0060770561125559,-5.283742787275189,0,0.0010969566066651,16384,2024-12-31,3.6930636500287495e-18,3.6930636500287495e-18,-0.0104073183376524,0.0114413341463544,2025-10-02,2025-10-03,-0.0011145321274177,0.0049978837970993,0.0060809100479039,-5.280703574624048,0,0.0010830262508045,65536,2024-12-31,3.6930636500287495e-18,3.6930636500287495e-18,-0.010457068201109,0.0125503621466117,0.0035583642858846324,0.0006337760824677673,0.0030392126511413764
2025-10-01,2025-10-02,2025-10-03,net_cashflows,USD,0.95,IN_TCOP1250,CHF,-0.0011179262809765,0.0031086460337384,0.0043018644387544,-5.726079146170914,0,0.0011932184050159,16384,2024-12-31,3.6930636500287495e-18,3.6930636500287495e-18,-0.0103928744687475,0.011727231170326,2025-10-02,2025-10-03,-0.0011179262809765,0.0031152829652955,0.0042958269449989,-5.724923015757934,0,0.0011805439797033,65536,2024-12-31,3.6930636500287495e-18,3.6930636500287495e-18,-0.0104196798670919,0.0127095270044781,0.002130442605386285,0.0014054322561871983,0.0011561304129799055
2025-10-01,2025-10-02,2025-10-03,net_cashflows,USD,0.99,IN_TCOP1250,CHF,-0.0011179262809765,0.005004413288615,0.0061303416357429,-5.278169660261288,0,0.0011259283471278,16384,2024-12-31,3.6930636500287495e-18,3.6930636500287495e-18,-0.0103928744687475,0.011727231170326,2025-10-02,2025-10-03,-0.0011179262809765,0.005039017831335,0.0061343297656366,-5.272408913714564,0,0.0010953119343015,65536,2024-12-31,3.6930636500287495e-18,3.6930636500287495e-18,-0.0104196798670919,0.0127095270044781,0.006867318965377,0.0006501329478634568,0.005760746546724427
2025-10-01,2025-10-02,2025-10-03,funded_assets,EUR,0.95,IN_FHS_REF_POOL,ALL_FIVE,6.514501785816276e-05,0.0036091321004726,0.0048745197127783,-5.583325964693484,0,0.0012653876123057,6245,2024-12-31,0.0,0.0,-0.0106498716428515,0.0144538549328539,2025-10-02,2025-10-03,6.514501785816276e-05,0.0036091321004726,0.0048745197127783,-5.583325964693484,0,0.0012653876123057,6245,2024-12-31,0.0,0.0,-0.0106498716428515,0.0144538549328539,0.0,0.0,0.0
2025-10-01,2025-10-02,2025-10-03,funded_assets,EUR,0.99,IN_FHS_REF_POOL,ALL_FIVE,6.514501785816276e-05,0.0055518923818028,0.0069996274056176,-5.168728657344096,0,0.0014477350238147,6245,2024-12-31,0.0,0.0,-0.0106498716428515,0.0144538549328539,2025-10-02,2025-10-03,6.514501785816276e-05,0.0055518923818028,0.0069996274056176,-5.168728657344096,0,0.0014477350238147,6245,2024-12-31,0.0,0.0,-0.0106498716428515,0.0144538549328539,0.0,0.0,0.0
2025-10-01,2025-10-02,2025-10-03,funded_assets,USD,0.95,IN_FHS_REF_POOL,ALL_FIVE,6.381661550070417e-05,0.0036087088504342,0.0048997574713478,-5.582061922847806,0,0.0012910486209136,6245,2024-12-31,0.0,0.0,-0.0105816266107392,0.0146011775994909,2025-10-02,2025-10-03,6.381661550070417e-05,0.0036087088504342,0.0048997574713478,-5.582061922847806,0,0.0012910486209136,6245,2024-12-31,0.0,0.0,-0.0105816266107392,0.0146011775994909,0.0,0.0,0.0
2025-10-01,2025-10-02,2025-10-03,funded_assets,USD,0.99,IN_FHS_REF_POOL,ALL_FIVE,6.381661550070417e-05,0.0055366211956604,0.0070564277306235,-5.169195369163441,0,0.0015198065349631,6245,2024-12-31,0.0,0.0,-0.0105816266107392,0.0146011775994909,2025-10-02,2025-10-03,6.381661550070417e-05,0.0055366211956604,0.0070564277306235,-5.169195369163441,0,0.0015198065349631,6245,2024-12-31,0.0,0.0,-0.0105816266107392,0.0146011775994909,0.0,0.0,0.0
2025-10-01,2025-10-02,2025-10-03,net_cashflows,EUR,0.95,IN_FHS_REF_POOL,ALL_FIVE,-0.0011145321274177,0.0034306779250494,0.0046903819969764,-5.630812994373064,0,0.0012597040719269,6245,2024-12-31,0.0,0.0,-0.0075077588244431,0.0115408394764999,2025-10-02,2025-10-03,-0.0011145321274177,0.0034306779250494,0.0046903819969764,-5.630812994373064,0,0.0012597040719269,6245,2024-12-31,0.0,0.0,-0.0075077588244431,0.0115408394764999,0.0,0.0,0.0
2025-10-01,2025-10-02,2025-10-03,net_cashflows,EUR,0.99,IN_FHS_REF_POOL,ALL_FIVE,-0.0011145321274177,0.0052485043947061,0.0065555174493958,-5.22682425691663,0,0.0013070130546897,6245,2024-12-31,0.0,0.0,-0.0075077588244431,0.0115408394764999,2025-10-02,2025-10-03,-0.0011145321274177,0.0052485043947061,0.0065555174493958,-5.22682425691663,0,0.0013070130546897,6245,2024-12-31,0.0,0.0,-0.0075077588244431,0.0115408394764999,0.0,0.0,0.0
2025-10-01,2025-10-02,2025-10-03,net_cashflows,USD,0.95,IN_FHS_REF_POOL,ALL_FIVE,-0.0011179262809765,0.0034213111075825,0.0047221422652466,-5.630967504459278,0,0.001300831157664,6245,2024-12-31,0.0,0.0,-0.0075014177764262,0.0117899602038116,2025-10-02,2025-10-03,-0.0011179262809765,0.0034213111075825,0.0047221422652466,-5.630967504459278,0,0.001300831157664,6245,2024-12-31,0.0,0.0,-0.0075014177764262,0.0117899602038116,0.0,0.0,0.0
2025-10-01,2025-10-02,2025-10-03,net_cashflows,USD,0.99,IN_FHS_REF_POOL,ALL_FIVE,-0.0011179262809765,0.0053050890463304,0.0066209917603169,-5.216257177687897,0,0.0013159027139864,6245,2024-12-31,0.0,0.0,-0.0075014177764262,0.0117899602038116,2025-10-02,2025-10-03,-0.0011179262809765,0.0053050890463304,0.0066209917603169,-5.216257177687897,0,0.0013159027139864,6245,2024-12-31,0.0,0.0,-0.0075014177764262,0.0117899602038116,0.0,0.0,0.0
2025-10-01,2025-10-02,2025-10-03,funded_assets,EUR,0.95,IN_TCOP_REF_POOL,ALL_FIVE,6.514501785816276e-05,0.0038257652431216,0.0051702243322511,-5.5248780308194325,0,0.0013444590891294,81920,2024-12-31,0.0,0.0,-0.0189074021536022,0.0169001850637778,2025-10-02,2025-10-03,6.514501785816276e-05,0.003809688474994,0.0051864109414458,-5.527161365042952,0,0.0013767224664517,327680,2024-12-31,0.0,0.0,-0.0215224166010629,0.0212922471027464,0.004219969226650566,0.0031209654185611513,0.00228333422351934
2025-10-01,2025-10-02,2025-10-03,funded_assets,EUR,0.99,IN_TCOP_REF_POOL,ALL_FIVE,6.514501785816276e-05,0.0059948956891515,0.0073257415405044,-5.098027944543845,0,0.0013308458513528,81920,2024-12-31,0.0,0.0,-0.0189074021536022,0.0169001850637778,2025-10-02,2025-10-03,6.514501785816276e-05,0.0060111142219051,0.0074839642447455,-5.091793431078358,0,0.0014728500228403,327680,2024-12-31,0.0,0.0,-0.0215224166010629,0.0212922471027464,0.00269809092871636,0.02114156335690516,0.00623451346548709
2025-10-01,2025-10-02,2025-10-03,funded_assets,USD,0.95,IN_TCOP_REF_POOL,ALL_FIVE,6.381661550070417e-05,0.0038461514389007,0.005206356442005,-5.519133531915854,0,0.0013602050031043,81920,2024-12-31,0.0,0.0,-0.0185405007697262,0.0175004515632794,2025-10-02,2025-10-03,6.381661550070417e-05,0.0038253242111457,0.0052233765463292,-5.5222642253114556,0,0.0013980523351834,327680,2024-12-31,0.0,0.0,-0.0207617751184399,0.0215713841552547,0.005444565376789877,0.0032584486630895812,0.0031306933956019023
2025-10-01,2025-10-02,2025-10-03,funded_assets,USD,0.99,IN_TCOP_REF_POOL,ALL_FIVE,6.381661550070417e-05,0.0060366353012297,0.0073988036799034,-5.0905435282143845,0,0.0013621683786737,81920,2024-12-31,0.0,0.0,-0.0185405007697262,0.0175004515632794,2025-10-02,2025-10-03,6.381661550070417e-05,0.006056960462936,0.0075604161123211,-5.083687898433265,0,0.001503455649385,327680,2024-12-31,0.0,0.0,-0.0207617751184399,0.0215713841552547,0.00335567019640869,0.02137612930514797,0.006855629781119532
2025-10-01,2025-10-02,2025-10-03,net_cashflows,EUR,0.95,IN_TCOP_REF_POOL,ALL_FIVE,-0.0011145321274177,0.0031577176895323,0.0042994268935838,-5.714822706652606,0,0.0011417092040514,81920,2024-12-31,0.0,0.0,-0.0113846164354823,0.0114413341463544,2025-10-02,2025-10-03,-0.0011145321274177,0.0031624496170254,0.0042955628407795,-5.71395959079234,0,0.001133113223754,327680,2024-12-31,0.0,0.0,-0.013084975151335,0.0125503621466117,0.0014962854957830257,0.0008995451696381013,0.0008631158602652178
2025-10-01,2025-10-02,2025-10-03,net_cashflows,EUR,0.99,IN_TCOP_REF_POOL,ALL_FIVE,-0.0011145321274177,0.0050302220319421,0.0060335918290233,-5.276710047025414,0,0.0010033697970812,81920,2024-12-31,0.0,0.0,-0.0113846164354823,0.0114413341463544,2025-10-02,2025-10-03,-0.0011145321274177,0.0050164947529894,0.0060079069897788,-5.279696752683167,0,0.0009914122367893,327680,2024-12-31,0.0,0.0,-0.013084975151335,0.0125503621466117,0.002736428448274546,0.004275172583097151,0.0029867056577526085
2025-10-01,2025-10-02,2025-10-03,net_cashflows,USD,0.95,IN_TCOP_REF_POOL,ALL_FIVE,-0.0011179262809765,0.0031708186093626,0.0043251504871901,-5.710196602180116,0,0.0011543318778274,81920,2024-12-31,0.0,0.0,-0.0112172092402948,0.011727231170326,2025-10-02,2025-10-03,-0.0011179262809765,0.003174615167535,0.0043213305761533,-5.70955356965472,0,0.0011467154086182,327680,2024-12-31,0.0,0.0,-0.0126475781455642,0.0127095270044781,0.001195911306423975,0.0008839664009689573,0.0006430325253958813
2025-10-01,2025-10-02,2025-10-03,net_cashflows,USD,0.99,IN_TCOP_REF_POOL,ALL_FIVE,-0.0011179262809765,0.0050623276360509,0.0060858826861942,-5.269968646751348,0,0.0010235550501433,81920,2024-12-31,0.0,0.0,-0.0112172092402948,0.011727231170326,2025-10-02,2025-10-03,-0.0011179262809765,0.0050533771177955,0.0060588151402891,-5.272187330575921,0,0.0010054380224935,327680,2024-12-31,0.0,0.0,-0.0126475781455642,0.0127095270044781,0.0017711953900847776,0.004467465218588702,0.00221868382457302
