origin_date,book,report,tau,reference,metric,contrast_lo,contrast_hi,contrast_change,sign_change,integration_change_exceeds_contrast
2015-01-13,funded_assets,EUR,0.94999999999999996,USD,var,0.0010133140648872002,0.0010109811040421995,-2.3329608450006409e-06,False,False
2015-01-13,funded_assets,EUR,0.94999999999999996,USD,es,0.001323841683339399,0.0013213373821426002,-2.5043011967987999e-06,False,False
2015-01-13,funded_assets,EUR,0.94999999999999996,USD,score,0.18562114956771314,0.18538332056835927,-0.00023782899935387292,False,False
2015-01-13,funded_assets,EUR,0.94999999999999996,GBP,var,0.00075539585683710025,0.00077275277821659948,1.7356921379499228e-05,False,False
2015-01-13,funded_assets,EUR,0.94999999999999996,GBP,es,0.0013562800668832998,0.0013599268434163992,3.6467765330994856e-06,False,False
2015-01-13,funded_assets,EUR,0.94999999999999996,GBP,score,0.15375083193079764,0.15623989813321337,0.0024890662024157351,False,False
2015-01-13,funded_assets,EUR,0.94999999999999996,JPY,var,0.00040685286982460045,0.0003969715530091995,-9.8813168154009492e-06,False,False
2015-01-13,funded_assets,EUR,0.94999999999999996,JPY,es,0.00085773209702800016,0.00085738244915940006,-3.4964786860009617e-07,False,False
2015-01-13,funded_assets,EUR,0.94999999999999996,JPY,score,0.090162153717579407,0.088914814099443795,-0.0012473396181356122,False,False
2015-01-13,funded_assets,EUR,0.94999999999999996,CHF,var,0.00019543960261919971,0.00019921194078789933,3.7723381686996169e-06,False,False
2015-01-13,funded_assets,EUR,0.94999999999999996,CHF,es,0.00017712525264189979,0.00017301027442859999,-4.1149782132997997e-06,False,False
2015-01-13,funded_assets,EUR,0.94999999999999996,CHF,score,0.035896096665098298,0.036338335478935946,0.00044223881383764763,False,False
2015-01-13,funded_assets,EUR,0.98999999999999999,USD,var,0.0014544182627906008,0.0014855401674384013,3.112190464780052e-05,False,False
2015-01-13,funded_assets,EUR,0.98999999999999999,USD,es,0.0018004852075118993,0.0018533288441355007,5.2843636623601392e-05,False,False
2015-01-13,funded_assets,EUR,0.98999999999999999,USD,score,0.17884096574611874,0.18281581948038195,0.0039748537342632062,False,False
2015-01-13,funded_assets,EUR,0.98999999999999999,GBP,var,0.0015944026377257003,0.0016529366477976001,5.8534010071899754e-05,False,False
2015-01-13,funded_assets,EUR,0.98999999999999999,GBP,es,0.0024898768021570997,0.0024778942354923006,-1.1982566664799077e-05,False,False
2015-01-13,funded_assets,EUR,0.98999999999999999,GBP,score,0.20297440228347696,0.20823846458478634,0.0052640623013093801,False,False
2015-01-13,funded_assets,EUR,0.98999999999999999,JPY,var,0.00096408802290800025,0.0010315208854699007,6.743286256190046e-05,False,False
2015-01-13,funded_assets,EUR,0.98999999999999999,JPY,es,0.0018585418650272998,0.0018596628024760004,1.1209374487005513e-06,False,False
2015-01-13,funded_assets,EUR,0.98999999999999999,JPY,score,0.13404862962943564,0.1406027667121128,0.0065541370826771583,False,False
2015-01-13,funded_assets,EUR,0.98999999999999999,CHF,var,0.00016599477353300071,0.00018696542863560085,2.0970655102600134e-05,False,False
2015-01-13,funded_assets,EUR,0.98999999999999999,CHF,es,3.4097963043600021e-05,4.6816827117900084e-05,1.2718864074300062e-05,False,False
2015-01-13,funded_assets,EUR,0.98999999999999999,CHF,score,0.019244827405800358,0.02181123924327899,0.0025664118374786327,False,False
2015-01-13,funded_assets,USD,0.94999999999999996,USD,var,0.0010219124173772003,0.0010145152643281996,-7.397153049000689e-06,False,False
2015-01-13,funded_assets,USD,0.94999999999999996,USD,es,0.0013248779410437997,0.0013232967327070997,-1.5812083366999533e-06,False,False
2015-01-13,funded_assets,USD,0.94999999999999996,USD,score,0.18554818582588251,0.18471445857909519,-0.00083372724678731913,False,False
2015-01-13,funded_assets,USD,0.94999999999999996,GBP,var,0.00076137314760950023,0.00077831977324589914,1.6946625636398913e-05,False,False
2015-01-13,funded_assets,USD,0.94999999999999996,GBP,es,0.001370504904143601,0.0013750810186633992,4.5761145197982175e-06,False,False
2015-01-13,funded_assets,USD,0.94999999999999996,GBP,score,0.15404820096602378,0.15651195009194563,0.0024637491259218436,False,False
2015-01-13,funded_assets,USD,0.94999999999999996,JPY,var,0.00040985239267750037,0.00039668033029019965,-1.3172062387300718e-05,False,False
2015-01-13,funded_assets,USD,0.94999999999999996,JPY,es,0.0008741882969264007,0.00087437283885119944,1.8454192479873399e-07,False,False
2015-01-13,funded_assets,USD,0.94999999999999996,JPY,score,0.090618116161292228,0.088971576738360092,-0.0016465394229321362,False,False
2015-01-13,funded_assets,USD,0.94999999999999996,CHF,var,0.00020189057130929992,0.00020670145482399975,4.8108835146998263e-06,False,False
2015-01-13,funded_assets,USD,0.94999999999999996,CHF,es,0.0001882482431846003,0.00018501801331089959,-3.2302298737007032e-06,False,False
2015-01-13,funded_assets,USD,0.94999999999999996,CHF,score,0.036963930623766572,0.03758946793627338,0.00062553731250680755,False,False
2015-01-13,funded_assets,USD,0.98999999999999999,USD,var,0.0014456391284603,0.0014844822079752998,3.884307951499983e-05,False,False
2015-01-13,funded_assets,USD,0.98999999999999999,USD,es,0.0018020777715685998,0.0018536191501627997,5.1541378594199827e-05,False,False
2015-01-13,funded_assets,USD,0.98999999999999999,USD,score,0.17638938719269337,0.18107264049709482,0.0046832533044014468,False,False
2015-01-13,funded_assets,USD,0.98999999999999999,GBP,var,0.0015878751757220002,0.0016705915555718003,8.2716379849800091e-05,False,False
2015-01-13,funded_assets,USD,0.98999999999999999,GBP,es,0.0025333713912280998,0.0025223262869868996,-1.1045104241200199e-05,False,False
2015-01-13,funded_assets,USD,0.98999999999999999,GBP,score,0.20135736429256568,0.20872647265241095,0.0073691083598452778,False,False
2015-01-13,funded_assets,USD,0.98999999999999999,JPY,var,0.00097840542445360064,0.0010642182537385992,8.5812829284998525e-05,False,False
2015-01-13,funded_assets,USD,0.98999999999999999,JPY,es,0.0019193449956199995,0.0019216552991470001,2.3103035270005678e-06,False,False
2015-01-13,funded_assets,USD,0.98999999999999999,JPY,score,0.13535936922626224,0.14357233913350242,0.0082129699072401863,False,False
2015-01-13,funded_assets,USD,0.98999999999999999,CHF,var,0.00017329671074390023,0.00020257504375510021,2.9278333011199982e-05,False,False
2015-01-13,funded_assets,USD,0.98999999999999999,CHF,es,4.9102945103199347e-05,6.2118609946600067e-05,1.301566484340072e-05,False,False
2015-01-13,funded_assets,USD,0.98999999999999999,CHF,score,0.020072278755664641,0.023537217527205279,0.0034649387715406377,False,False
2015-01-13,net_cashflows,EUR,0.94999999999999996,USD,var,0.00098138838310339984,0.00097350781709970016,-7.880566003699678e-06,False,False
2015-01-13,net_cashflows,EUR,0.94999999999999996,USD,es,0.0012101039888319006,0.0012184139361230998,8.3099472911992225e-06,False,False
2015-01-13,net_cashflows,EUR,0.94999999999999996,USD,score,-38.618301637841526,-38.97936109939846,-0.36105946155693402,False,False
2015-01-13,net_cashflows,EUR,0.94999999999999996,GBP,var,0.00041473983395910003,0.00041660271770489971,1.8628837457996747e-06,False,False
2015-01-13,net_cashflows,EUR,0.94999999999999996,GBP,es,0.00074629999499490045,0.00074461682768279993,-1.6831673121005253e-06,False,False
2015-01-13,net_cashflows,EUR,0.94999999999999996,GBP,score,-25.406089787731588,-25.516684201381821,-0.11059441365023304,False,False
2015-01-13,net_cashflows,EUR,0.94999999999999996,JPY,var,0.0013086550594504005,0.0012979559989984,-1.0699060452000475e-05,False,False
2015-01-13,net_cashflows,EUR,0.94999999999999996,JPY,es,0.0016634631526683003,0.0016808234620972005,1.7360309428900156e-05,False,False
2015-01-13,net_cashflows,EUR,0.94999999999999996,JPY,score,-48.648911069848012,-49.180860025434015,-0.53194895558600308,False,False
2015-01-13,net_cashflows,EUR,0.94999999999999996,CHF,var,0.00039753583979350001,0.00039722880558259966,-3.070342109003435e-07,False,False
2015-01-13,net_cashflows,EUR,0.94999999999999996,CHF,es,0.00050227363033410015,0.00051320179558549985,1.0928165251399696e-05,False,False
2015-01-13,net_cashflows,EUR,0.94999999999999996,CHF,score,-18.544238305902283,-18.973900730724637,-0.42966242482235373,False,False
2015-01-13,net_cashflows,EUR,0.98999999999999999,USD,var,0.0014274690126372998,0.0014213018567492998,-6.167155888000056e-06,False,False
2015-01-13,net_cashflows,EUR,0.98999999999999999,USD,es,0.0013243216621775999,0.0014938025340880999,0.00016948087191050003,False,False
2015-01-13,net_cashflows,EUR,0.98999999999999999,USD,score,-118.02751693881015,-130.72958544640431,-12.702068507594163,False,False
2015-01-13,net_cashflows,EUR,0.98999999999999999,GBP,var,0.00093566724445069954,0.00093659457698109985,9.2733253040030994e-07,False,False
2015-01-13,net_cashflows,EUR,0.98999999999999999,GBP,es,0.0012266408959211994,0.0013482006955825004,0.00012155979966130097,False,False
2015-01-13,net_cashflows,EUR,0.98999999999999999,GBP,score,-105.24896973298593,-115.47658731813925,-10.227617585153325,False,False
2015-01-13,net_cashflows,EUR,0.98999999999999999,JPY,var,0.0019431944532069994,0.0019729644985228998,2.9770045315900481e-05,False,False
2015-01-13,net_cashflows,EUR,0.98999999999999999,JPY,es,0.0020715664863921995,0.0022047856925304999,0.0001332192061383004,False,False
2015-01-13,net_cashflows,EUR,0.98999999999999999,JPY,score,-162.72740906051285,-173.40829684772586,-10.68088778721301,False,False
2015-01-13,net_cashflows,EUR,0.98999999999999999,CHF,var,0.00059087982035279946,0.00060249975612550015,1.1619935772700686e-05,False,False
2015-01-13,net_cashflows,EUR,0.98999999999999999,CHF,es,0.00059809102661879943,0.00070457891769060057,0.00010648789107180114,False,False
2015-01-13,net_cashflows,EUR,0.98999999999999999,CHF,score,-58.744786982468952,-68.479734729771337,-9.7349477473023853,False,False
2015-01-13,net_cashflows,USD,0.94999999999999996,USD,var,0.00097719127656029992,0.00096898561272559976,-8.2056638347001616e-06,False,False
2015-01-13,net_cashflows,USD,0.94999999999999996,USD,es,0.0012067163116360998,0.0012153664482339992,8.6501365978994618e-06,False,False
2015-01-13,net_cashflows,USD,0.94999999999999996,USD,score,-37.893075736409685,-38.250576547200026,-0.35750081079034146,False,False
2015-01-13,net_cashflows,USD,0.94999999999999996,GBP,var,0.00041289106873309981,0.00041331731116529997,4.262424322001683e-07,False,False
2015-01-13,net_cashflows,USD,0.94999999999999996,GBP,es,0.00074446135619610047,0.0007430743590755998,-1.3869971205006729e-06,False,False
2015-01-13,net_cashflows,USD,0.94999999999999996,GBP,score,-24.911131761425608,-25.019464614627566,-0.10833285320195785,False,False
2015-01-13,net_cashflows,USD,0.94999999999999996,JPY,var,0.0013202813177098003,0.0013057199277827997,-1.4561389927000585e-05,False,False
2015-01-13,net_cashflows,USD,0.94999999999999996,JPY,es,0.0016818028272667998,0.0016991040882843996,1.7301261017599844e-05,False,False
2015-01-13,net_cashflows,USD,0.94999999999999996,JPY,score,-48.219942292651439,-48.724634023626606,-0.50469173097516773,False,False
2015-01-13,net_cashflows,USD,0.94999999999999996,CHF,var,0.00040049537060229999,0.00040106387838429987,5.6850778199987739e-07,False,False
2015-01-13,net_cashflows,USD,0.94999999999999996,CHF,es,0.00051352809465129989,0.0005245665485835993,1.1038453932299408e-05,False,False
2015-01-13,net_cashflows,USD,0.94999999999999996,CHF,score,-18.561245499771047,-18.98886294392841,-0.42761744415736302,False,False
2015-01-13,net_cashflows,USD,0.98999999999999999,USD,var,0.0014386452664067002,0.0014094402263858004,-2.9205040020899818e-05,False,False
2015-01-13,net_cashflows,USD,0.98999999999999999,USD,es,0.0013120657367581999,0.0014865862296653005,0.00017452049290710061,False,False
2015-01-13,net_cashflows,USD,0.98999999999999999,USD,score,-115.1943147540091,-127.57637573240152,-12.382060978392417,False,False
2015-01-13,net_cashflows,USD,0.98999999999999999,GBP,var,0.00094716192612350012,0.00093402290743190008,-1.3139018691600036e-05,False,False
2015-01-13,net_cashflows,USD,0.98999999999999999,GBP,es,0.0012286564966043001,0.0013532824229155003,0.00012462592631120022,False,False
2015-01-13,net_cashflows,USD,0.98999999999999999,GBP,score,-103.38163331877007,-113.3530667040921,-9.9714333853220296,False,False
2015-01-13,net_cashflows,USD,0.98999999999999999,JPY,var,0.0019725441191979004,0.0019799460704508004,7.4019512528999964e-06,False,False
2015-01-13,net_cashflows,USD,0.98999999999999999,JPY,es,0.0021043271327023999,0.0022393041096824004,0.00013497697698000057,False,False
2015-01-13,net_cashflows,USD,0.98999999999999999,JPY,score,-161.39362434871765,-171.61935699579726,-10.22573264707961,False,False
2015-01-13,net_cashflows,USD,0.98999999999999999,CHF,var,0.00061895255962490011,0.00060887817180570007,-1.0074387819200038e-05,False,False
2015-01-13,net_cashflows,USD,0.98999999999999999,CHF,es,0.00061411034882610013,0.00072319962515090055,0.00010908927632480043,False,False
2015-01-13,net_cashflows,USD,0.98999999999999999,CHF,score,-59.122546811569975,-68.468761961197117,-9.3462151496271417,False,False
2015-01-15,funded_assets,EUR,0.94999999999999996,USD,var,-0.016106443155109798,-0.016083745391024598,2.2697764085199967e-05,False,False
2015-01-15,funded_assets,EUR,0.94999999999999996,USD,es,-0.019880400354403201,-0.019888218579286902,-7.8182248837016521e-06,False,False
2015-01-15,funded_assets,EUR,0.94999999999999996,USD,score,-0.9819555146130643,-0.98070004357059348,0.0012554710424708126,False,False
2015-01-15,funded_assets,EUR,0.94999999999999996,GBP,var,-0.012367654621022498,-0.0123897285096036,-2.2073888581101986e-05,False,False
2015-01-15,funded_assets,EUR,0.94999999999999996,GBP,es,-0.015295403641986602,-0.0152870996067653,8.3040352213022139e-06,False,False
2015-01-15,funded_assets,EUR,0.94999999999999996,GBP,score,-0.65493136225433624,-0.6563310058107672,-0.0013996435564309628,False,False
2015-01-15,funded_assets,EUR,0.94999999999999996,JPY,var,-0.014817749345105999,-0.014818986027246199,-1.2366821402001738e-06,False,False
2015-01-15,funded_assets,EUR,0.94999999999999996,JPY,es,-0.018451244500099901,-0.018445196351541401,6.048148558500388e-06,False,False
2015-01-15,funded_assets,EUR,0.94999999999999996,JPY,score,-0.85933463150408684,-0.85965513391887205,-0.00032050241478520647,False,False
2015-01-15,funded_assets,EUR,0.94999999999999996,CHF,var,0.063108629830648993,0.063252724733971394,0.00014409490332240038,False,False
2015-01-15,funded_assets,EUR,0.94999999999999996,CHF,es,0.080201595625223387,0.080221402037924897,1.9806412701509069e-05,False,False
2015-01-15,funded_assets,EUR,0.94999999999999996,CHF,score,1.2431144535306773,1.2446093943239753,0.0014949407932980385,False,False
2015-01-15,funded_assets,EUR,0.98999999999999999,USD,var,-0.022596665707862701,-0.0226077480616667,-1.1082353803999051e-05,False,False
2015-01-15,funded_assets,EUR,0.98999999999999999,USD,es,-0.024486634779949598,-0.024415825538486501,7.0809241463097583e-05,False,False
2015-01-15,funded_assets,EUR,0.98999999999999999,USD,score,-0.93691771001286606,-0.93555097791500508,0.0013667320978609787,False,False
2015-01-15,funded_assets,EUR,0.98999999999999999,GBP,var,-0.017359832310396502,-0.017413051389405,-5.3219079008497844e-05,False,False
2015-01-15,funded_assets,EUR,0.98999999999999999,GBP,es,-0.018513282381230196,-0.018512952278112702,3.3010311749348542e-07,False,False
2015-01-15,funded_assets,EUR,0.98999999999999999,GBP,score,-0.62803966161445723,-0.6295906527165811,-0.0015509911021238665,False,False
2015-01-15,funded_assets,EUR,0.98999999999999999,JPY,var,-0.021168096839738703,-0.021111665130225801,5.6431709512902439e-05,False,False
2015-01-15,funded_assets,EUR,0.98999999999999999,JPY,es,-0.022504958081219897,-0.022505081790354101,-1.2370913420392537e-07,False,False
2015-01-15,funded_assets,EUR,0.98999999999999999,JPY,score,-0.83954168398206219,-0.83556677216871744,0.0039749118133447503,False,False
2015-01-15,funded_assets,EUR,0.98999999999999999,CHF,var,0.091254828090972795,0.090896779533458011,-0.00035804855751478404,False,False
2015-01-15,funded_assets,EUR,0.98999999999999999,CHF,es,0.10519239276355422,0.1048871971923791,-0.00030519557117511531,False,False
2015-01-15,funded_assets,EUR,0.98999999999999999,CHF,score,1.246015817874965,1.2425822356620873,-0.003433582212877706,False,False
2015-01-15,funded_assets,USD,0.94999999999999996,USD,var,-0.016219680468105901,-0.016172932490023599,4.674797808230241e-05,False,False
2015-01-15,funded_assets,USD,0.94999999999999996,USD,es,-0.020021575556345903,-0.020028786760040801,-7.2112036948977776e-06,False,False
2015-01-15,funded_assets,USD,0.94999999999999996,USD,score,-0.98744065376228285,-0.98554639737265237,0.0018942563896304776,False,False
2015-01-15,funded_assets,USD,0.94999999999999996,GBP,var,-0.0124576279851993,-0.012452711528729302,4.9164564699978597e-06,False,False
2015-01-15,funded_assets,USD,0.94999999999999996,GBP,es,-0.015370269073108102,-0.015360903903903503,9.3651692045990109e-06,False,False
2015-01-15,funded_assets,USD,0.94999999999999996,GBP,score,-0.65769048814799547,-0.6582256442799963,-0.00053515613200083578,False,False
2015-01-15,funded_assets,USD,0.94999999999999996,JPY,var,-0.014899905179365899,-0.014875692666913402,2.4212512452496254e-05,False,False
2015-01-15,funded_assets,USD,0.94999999999999996,JPY,es,-0.018510630259544102,-0.018505554756975903,5.0755025681990806e-06,False,False
2015-01-15,funded_assets,USD,0.94999999999999996,JPY,score,-0.8610536172511134,-0.86064274401939311,0.00041087323172028789,False,False
2015-01-15,funded_assets,USD,0.94999999999999996,CHF,var,0.071527583949160201,0.0717597271903027,0.00023214324114249896,False,False
2015-01-15,funded_assets,USD,0.94999999999999996,CHF,es,0.094902978635286683,0.095008037437222193,0.00010505880193550921,False,False
2015-01-15,funded_assets,USD,0.94999999999999996,CHF,score,1.3382054931721195,1.3410091248386591,0.0028036316665396299,False,False
2015-01-15,funded_assets,USD,0.98999999999999999,USD,var,-0.022666777630806496,-0.022776413310730201,-0.00010963567992370443,False,False
2015-01-15,funded_assets,USD,0.98999999999999999,USD,es,-0.024737816529978401,-0.024662641890367102,7.5174639611298721e-05,False,False
2015-01-15,funded_assets,USD,0.98999999999999999,USD,score,-0.94011560663535665,-0.94107767697314548,-0.000962070337788834,False,False
2015-01-15,funded_assets,USD,0.98999999999999999,GBP,var,-0.017319984813093398,-0.017495655957245601,-0.00017567114415220283,False,False
2015-01-15,funded_assets,USD,0.98999999999999999,GBP,es,-0.018616500787756601,-0.018613572940273399,2.9278474832014623e-06,False,False
2015-01-15,funded_assets,USD,0.98999999999999999,GBP,score,-0.62515697997262709,-0.63006936117968237,-0.004912381207055283,False,False
2015-01-15,funded_assets,USD,0.98999999999999999,JPY,var,-0.021121706306705797,-0.021190040820865001,-6.8334514159204551e-05,False,False
2015-01-15,funded_assets,USD,0.98999999999999999,JPY,es,-0.022583869373583299,-0.022587489916000899,-3.6205424175997369e-06,False,False
2015-01-15,funded_assets,USD,0.98999999999999999,JPY,score,-0.83496829191340627,-0.83478541497108205,0.00018287694232421714,False,False
2015-01-15,funded_assets,USD,0.98999999999999999,CHF,var,0.1095959073684015,0.1091004628469142,-0.00049544452148729545,False,False
2015-01-15,funded_assets,USD,0.98999999999999999,CHF,es,0.1306578861999711,0.13065450220027669,-3.3839996944062811e-06,False,False
2015-01-15,funded_assets,USD,0.98999999999999999,CHF,score,1.3819914963332409,1.3765857025258639,-0.0054057938073770462,False,False
2015-01-15,net_cashflows,EUR,0.94999999999999996,USD,var,-0.0094438346257263005,-0.009347962586252501,9.5872039473799547e-05,False,False
2015-01-15,net_cashflows,EUR,0.94999999999999996,USD,es,-0.010937738919541102,-0.0109171526175339,2.0586302007201754e-05,False,False
2015-01-15,net_cashflows,EUR,0.94999999999999996,USD,score,-0.61215829196333704,-0.60761747434807667,0.004540817615260373,False,False
2015-01-15,net_cashflows,EUR,0.94999999999999996,GBP,var,-0.0074393324211544012,-0.0073358772130383016,0.00010345520811609957,False,False
2015-01-15,net_cashflows,EUR,0.94999999999999996,GBP,es,-0.0085338043240304022,-0.0085149106501176998,1.8893673912702413e-05,False,False
2015-01-15,net_cashflows,EUR,0.94999999999999996,GBP,score,-0.44640089620262913,-0.44163481069923449,0.0047660855033946348,False,False
2015-01-15,net_cashflows,EUR,0.94999999999999996,JPY,var,-0.010057000035754,-0.0099955902980392013,6.1409737714799087e-05,False,False
2015-01-15,net_cashflows,EUR,0.94999999999999996,JPY,es,-0.011678659858240502,-0.0116781414960433,5.1836219720248489e-07,False,False
2015-01-15,net_cashflows,EUR,0.94999999999999996,JPY,score,-0.66895270044277577,-0.667219709240781,0.0017329912019947713,False,False
2015-01-15,net_cashflows,EUR,0.94999999999999996,CHF,var,0.00041771388596429856,0.00046423614869489996,4.6522262730601394e-05,False,False
2015-01-15,net_cashflows,EUR,0.94999999999999996,CHF,es,0.0025625527389639968,0.0025403975407146985,-2.2155198249298319e-05,False,False
2015-01-15,net_cashflows,EUR,0.94999999999999996,CHF,score,0.037806722077876831,0.039568142151774399,0.0017614200738975683,False,False
2015-01-15,net_cashflows,EUR,0.98999999999999999,USD,var,-0.012160531062658402,-0.012116649918463802,4.3881144194599792e-05,False,False
2015-01-15,net_cashflows,EUR,0.98999999999999999,USD,es,-0.012793559411482996,-0.012777973146356196,1.5586265126800447e-05,False,False
2015-01-15,net_cashflows,EUR,0.98999999999999999,USD,score,-0.54392064626200476,-0.54034753554446491,0.0035731107175398513,False,False
2015-01-15,net_cashflows,EUR,0.98999999999999999,GBP,var,-0.0094449764935457016,-0.0095160573205295002,-7.1080826983798556e-05,False,False
2015-01-15,net_cashflows,EUR,0.98999999999999999,GBP,es,-0.0097061414174207973,-0.0097660663590580961,-5.9924941637298779e-05,False,False
2015-01-15,net_cashflows,EUR,0.98999999999999999,GBP,score,-0.3928745466826955,-0.39552051470720784,-0.0026459680245123351,False,False
2015-01-15,net_cashflows,EUR,0.98999999999999999,JPY,var,-0.012859587475996401,-0.0128756476181449,-1.6060142148499601e-05,False,False
2015-01-15,net_cashflows,EUR,0.98999999999999999,JPY,es,-0.013581234560885697,-0.013639975824398697,-5.8741263513000658e-05,False,False
2015-01-15,net_cashflows,EUR,0.98999999999999999,JPY,score,-0.58671444390452177,-0.58671732512575625,-2.8812212344853094e-06,False,False
2015-01-15,net_cashflows,EUR,0.98999999999999999,CHF,var,0.0036812595117777965,0.0036061530628831023,-7.5106448894694117e-05,False,False
2015-01-15,net_cashflows,EUR,0.98999999999999999,CHF,es,0.0068988885208456016,0.0068227499925004043,-7.6138528345197354e-05,False,False
2015-01-15,net_cashflows,EUR,0.98999999999999999,CHF,score,0.1323653290579605,0.13004843819643197,-0.0023168908615285311,False,False
2015-01-15,net_cashflows,USD,0.94999999999999996,USD,var,-0.0093485871866792001,-0.0092694838582495984,7.910332842960173e-05,False,False
2015-01-15,net_cashflows,USD,0.94999999999999996,USD,es,-0.010794932503210399,-0.010773896862761301,2.1035640449097379e-05,False,False
2015-01-15,net_cashflows,USD,0.94999999999999996,USD,score,-0.60453340920053078,-0.60063728910281178,0.0038961200977190025,False,False
2015-01-15,net_cashflows,USD,0.94999999999999996,GBP,var,-0.007363991660015199,-0.007275293963019798,8.869769699540106e-05,False,False
2015-01-15,net_cashflows,USD,0.94999999999999996,GBP,es,-0.0084404969865568003,-0.0084207488714715013,1.9748115085298917e-05,False,False
2015-01-15,net_cashflows,USD,0.94999999999999996,GBP,score,-0.44156391950072171,-0.43732123935661438,0.0042426801441073358,False,False
2015-01-15,net_cashflows,USD,0.94999999999999996,JPY,var,-0.0099626231567337999,-0.0099231122785130976,3.9510878220702303e-05,False,False
2015-01-15,net_cashflows,USD,0.94999999999999996,JPY,es,-0.011537083370517799,-0.011533344645465401,3.738725052397987e-06,False,False
2015-01-15,net_cashflows,USD,0.94999999999999996,JPY,score,-0.66106246171899619,-0.66027235621371094,0.00079010550528524348,False,False
2015-01-15,net_cashflows,USD,0.94999999999999996,CHF,var,0.00015024974919150211,0.00022473907310370175,7.4489323912199645e-05,False,False
2015-01-15,net_cashflows,USD,0.94999999999999996,CHF,es,0.0020959057600372019,0.0020854228531961977,-1.0482906841004225e-05,False,False
2015-01-15,net_cashflows,USD,0.94999999999999996,CHF,score,0.023887494378341145,0.026705266548162854,0.0028177721698217084,False,False
2015-01-15,net_cashflows,USD,0.98999999999999999,USD,var,-0.0119461746442069,-0.0119228972043132,2.3277439893699958e-05,False,False
2015-01-15,net_cashflows,USD,0.98999999999999999,USD,es,-0.012525878784152903,-0.012519331130548997,6.5476536039062172e-06,False,False
2015-01-15,net_cashflows,USD,0.98999999999999999,USD,score,-0.53184651929155491,-0.52956022134262071,0.0022862979489342017,False,False
2015-01-15,net_cashflows,USD,0.98999999999999999,GBP,var,-0.0093667039089119983,-0.0093868856358222987,-2.0181726910300374e-05,False,False
2015-01-15,net_cashflows,USD,0.98999999999999999,GBP,es,-0.0095267619704548015,-0.0095868374327574973,-6.0075462302695837e-05,False,False
2015-01-15,net_cashflows,USD,0.98999999999999999,GBP,score,-0.38878045557591312,-0.38934385596816012,-0.00056340039224700433,False,False
2015-01-15,net_cashflows,USD,0.98999999999999999,JPY,var,-0.012684209340082797,-0.012678940821415397,5.2685186673999407e-06,False,False
2015-01-15,net_cashflows,USD,0.98999999999999999,JPY,es,-0.013274671910374403,-0.013345599277690797,-7.0927367316394457e-05,False,False
2015-01-15,net_cashflows,USD,0.98999999999999999,JPY,score,-0.57577526573033522,-0.57498801208208317,0.00078725364825205091,False,False
2015-01-15,net_cashflows,USD,0.98999999999999999,CHF,var,0.0029949190826482029,0.0030136836683333987,1.8764585685195762e-05,False,False
2015-01-15,net_cashflows,USD,0.98999999999999999,CHF,es,0.0060242107807343959,0.0060670301253005002,4.2819344566104312e-05,False,False
2015-01-15,net_cashflows,USD,0.98999999999999999,CHF,score,0.11084027445143185,0.11155169785320052,0.0007114234017686627,False,False
2015-01-16,funded_assets,EUR,0.94999999999999996,USD,var,-0.015091104403714901,-0.0150854326241926,5.6717795223013706e-06,False,False
2015-01-16,funded_assets,EUR,0.94999999999999996,USD,es,-0.018631410159283497,-0.018638493508498499,-7.0833492150021438e-06,False,False
2015-01-16,funded_assets,EUR,0.94999999999999996,USD,score,-0.96192872064996449,-0.96233855927273737,-0.00040983862277288452,False,False
2015-01-16,funded_assets,EUR,0.94999999999999996,GBP,var,-0.0115081724172292,-0.0115199280812386,-1.1755664009399994e-05,False,False
2015-01-16,funded_assets,EUR,0.94999999999999996,GBP,es,-0.0141971717061967,-0.014191490332680502,5.6813735161975742e-06,False,False
2015-01-16,funded_assets,EUR,0.94999999999999996,GBP,score,-0.63704614028487283,-0.63808517189440472,-0.001039031609531893,False,False
2015-01-16,funded_assets,EUR,0.94999999999999996,JPY,var,-0.0141389002479443,-0.0141135962768124,2.530397113189968e-05,False,False
2015-01-16,funded_assets,EUR,0.94999999999999996,JPY,es,-0.017471927004513499,-0.017467010338789401,4.9166657240980183e-06,False,False
2015-01-16,funded_assets,EUR,0.94999999999999996,JPY,score,-0.86514844086976739,-0.86378959790817866,0.0013588429615887243,False,False
2015-01-16,funded_assets,EUR,0.94999999999999996,CHF,var,0.058836583880438595,0.059047272846982801,0.00021068896654420632,False,False
2015-01-16,funded_assets,EUR,0.94999999999999996,CHF,es,0.0750223656399224,0.075037241410454286,1.4875770531885824e-05,False,False
2015-01-16,funded_assets,EUR,0.94999999999999996,CHF,score,1.2314037112938898,1.2337664592122568,0.0023627479183669919,False,False
2015-01-16,funded_assets,EUR,0.98999999999999999,USD,var,-0.021072581103975099,-0.021158136687808398,-8.5555583833298726e-05,False,False
2015-01-16,funded_assets,EUR,0.98999999999999999,USD,es,-0.0229638071290214,-0.022884581971310696,7.9225157710704347e-05,False,False
2015-01-16,funded_assets,EUR,0.98999999999999999,USD,score,-0.91313611450385324,-0.91382283461259961,-0.00068672010874637479,False,False
2015-01-16,funded_assets,EUR,0.98999999999999999,GBP,var,-0.016021210690220403,-0.016141708183984096,-0.00012049749376369379,False,False
2015-01-16,funded_assets,EUR,0.98999999999999999,GBP,es,-0.017165819705658003,-0.017156007588438799,9.812117219204497e-06,False,False
2015-01-16,funded_assets,EUR,0.98999999999999999,GBP,score,-0.60565534305707391,-0.60892368400317842,-0.0032683409461045088,False,False
2015-01-16,funded_assets,EUR,0.98999999999999999,JPY,var,-0.019874487831085402,-0.019961222465002697,-8.6734633917295162e-05,False,False
2015-01-16,funded_assets,EUR,0.98999999999999999,JPY,es,-0.021192876096469002,-0.021186884100026598,5.9919964424046124e-06,False,False
2015-01-16,funded_assets,EUR,0.98999999999999999,JPY,score,-0.82737717076207407,-0.82903006515597921,-0.0016528943939051466,False,False
2015-01-16,funded_assets,EUR,0.98999999999999999,CHF,var,0.085309285154112707,0.085055350920607398,-0.00025393423350530964,False,False
2015-01-16,funded_assets,EUR,0.98999999999999999,CHF,es,0.098559891443193895,0.098281508548789601,-0.00027838289440429431,False,False
2015-01-16,funded_assets,EUR,0.98999999999999999,CHF,score,1.2364355847481803,1.2323766868489905,-0.0040588978991897839,False,False
2015-01-16,funded_assets,USD,0.94999999999999996,USD,var,-0.0151742154436084,-0.0151699051446365,4.3102989718997453e-06,False,False
2015-01-16,funded_assets,USD,0.94999999999999996,USD,es,-0.018772569003073503,-0.018778614063158901,-6.045060085398124e-06,False,False
2015-01-16,funded_assets,USD,0.94999999999999996,USD,score,-0.9664623538794519,-0.96732958282587012,-0.00086722894641821924,False,False
2015-01-16,funded_assets,USD,0.94999999999999996,GBP,var,-0.011574639482632799,-0.011575845057486,-1.205574853200414e-06,False,False
2015-01-16,funded_assets,USD,0.94999999999999996,GBP,es,-0.014276062237578799,-0.014268593038121901,7.4691994568984454e-06,False,False
2015-01-16,funded_assets,USD,0.94999999999999996,GBP,score,-0.63931985310434136,-0.63989805132351529,-0.00057819821917393099,False,False
2015-01-16,funded_assets,USD,0.94999999999999996,JPY,var,-0.0141909635274167,-0.014160824695165199,3.0138832251501088e-05,False,False
2015-01-16,funded_assets,USD,0.94999999999999996,JPY,es,-0.0175385603725202,-0.017534483285406601,4.0770871135992204e-06,False,False
2015-01-16,funded_assets,USD,0.94999999999999996,JPY,score,-0.86588616992835998,-0.86449305375593211,0.0013931161724278773,False,False
2015-01-16,funded_assets,USD,0.94999999999999996,CHF,var,0.066413738232152991,0.066521173393197811,0.00010743516104481932,False,False
2015-01-16,funded_assets,USD,0.94999999999999996,CHF,es,0.087906447357324807,0.088000006120305396,9.3558762980588961e-05,False,False
2015-01-16,funded_assets,USD,0.94999999999999996,CHF,score,1.3225865179921259,1.324204133247711,0.0016176152555851253,False,False
2015-01-16,funded_assets,USD,0.98999999999999999,USD,var,-0.021234043303457004,-0.021350993372248297,-0.00011695006879129319,False,False
2015-01-16,funded_assets,USD,0.98999999999999999,USD,es,-0.0232103838033954,-0.0231297001505512,8.0683652844200371e-05,False,False
2015-01-16,funded_assets,USD,0.98999999999999999,USD,score,-0.91770830714674112,-0.9201471089228459,-0.002438801776104782,False,False
2015-01-16,funded_assets,USD,0.98999999999999999,GBP,var,-0.016138750954873004,-0.016256971284378398,-0.00011822032950539393,False,False
2015-01-16,funded_assets,USD,0.98999999999999999,GBP,es,-0.0172743733004053,-0.017263535128944397,1.0838171460903628e-05,False,False
2015-01-16,funded_assets,USD,0.98999999999999999,GBP,score,-0.60740306146044576,-0.61050320886728171,-0.0031001474068359514,False,False
2015-01-16,funded_assets,USD,0.98999999999999999,JPY,var,-0.019959731605058102,-0.020070514869805198,-0.00011078326474709549,False,False
2015-01-16,funded_assets,USD,0.98999999999999999,JPY,es,-0.021282391969888799,-0.021280129706644599,2.2622632442001467e-06,False,False
2015-01-16,funded_assets,USD,0.98999999999999999,JPY,score,-0.8263382571576301,-0.82924618637542746,-0.002907929217797367,False,False
2015-01-16,funded_assets,USD,0.98999999999999999,CHF,var,0.10142128417519489,0.1009681582281723,-0.00045312594702258402,False,False
2015-01-16,funded_assets,USD,0.98999999999999999,CHF,es,0.12094728802270441,0.1209564401416407,9.1521189362897548e-06,False,False
2015-01-16,funded_assets,USD,0.98999999999999999,CHF,score,1.3618462704600014,1.3569263545652726,-0.0049199158947288435,False,False
2015-01-16,net_cashflows,EUR,0.94999999999999996,USD,var,-0.0084297455596322977,-0.0083384875444430986,9.1258015189199168e-05,False,False
2015-01-16,net_cashflows,EUR,0.94999999999999996,USD,es,-0.0097039428192431994,-0.0096821097506946986,2.1833068548500825e-05,False,False
2015-01-16,net_cashflows,EUR,0.94999999999999996,USD,score,-0.57208513612478828,-0.56712151861964832,0.0049636175051399611,False,False
2015-01-16,net_cashflows,EUR,0.94999999999999996,GBP,var,-0.0066049578078951985,-0.0065171337837904991,8.7824024104699375e-05,False,False
2015-01-16,net_cashflows,EUR,0.94999999999999996,GBP,es,-0.0075334940253733995,-0.0075139064795340001,1.9587545839399451e-05,False,False
2015-01-16,net_cashflows,EUR,0.94999999999999996,GBP,score,-0.4167962120823594,-0.41238678105996085,0.0044094310223985467,False,False
2015-01-16,net_cashflows,EUR,0.94999999999999996,JPY,var,-0.0091543569768536993,-0.0091107716804500992,4.358529640360008e-05,False,False
2015-01-16,net_cashflows,EUR,0.94999999999999996,JPY,es,-0.010597953517414299,-0.010596167052590999,1.7864648232997909e-06,False,False
2015-01-16,net_cashflows,EUR,0.94999999999999996,JPY,score,-0.64168964789278427,-0.64056535750828347,0.0011242903845007923,False,False
2015-01-16,net_cashflows,EUR,0.94999999999999996,CHF,var,0.0010473810056939002,0.0010891160609908003,4.1735055296900081e-05,False,False
2015-01-16,net_cashflows,EUR,0.94999999999999996,CHF,es,0.0032681468186883007,0.0032498623995140009,-1.8284419174299793e-05,False,False
2015-01-16,net_cashflows,EUR,0.94999999999999996,CHF,score,0.070924587191829591,0.072625855937756167,0.0017012687459265763,False,False
2015-01-16,net_cashflows,EUR,0.98999999999999999,USD,var,-0.010758968782565503,-0.010717727304172298,4.1241478393204412e-05,False,False
2015-01-16,net_cashflows,EUR,0.98999999999999999,USD,es,-0.011195131646789799,-0.0111770735093146,1.8058137475199243e-05,False,False
2015-01-16,net_cashflows,EUR,0.98999999999999999,USD,score,-0.50350947335722029,-0.50015905204887146,0.0033504213083488388,False,False
2015-01-16,net_cashflows,EUR,0.98999999999999999,GBP,var,-0.0083182490451332025,-0.0083581631263712972,-3.9914081238094645e-05,False,False
2015-01-16,net_cashflows,EUR,0.98999999999999999,GBP,es,-0.0084199023787783975,-0.0084706683625474025,-5.0765983769004985e-05,False,False
2015-01-16,net_cashflows,EUR,0.98999999999999999,GBP,score,-0.36354275893087484,-0.36496801460569772,-0.0014252556748228784,False,False
2015-01-16,net_cashflows,EUR,0.98999999999999999,JPY,var,-0.011662067231138501,-0.011648686392404699,1.3380838733801498e-05,False,False
2015-01-16,net_cashflows,EUR,0.98999999999999999,JPY,es,-0.0121997201350077,-0.012257524391841801,-5.7804256834100703e-05,False,False
2015-01-16,net_cashflows,EUR,0.98999999999999999,JPY,score,-0.56045295715844556,-0.55907852209099529,0.0013744350674502748,False,False
2015-01-16,net_cashflows,EUR,0.98999999999999999,CHF,var,0.0044145507071922004,0.0043579809740577034,-5.6569733134496925e-05,False,False
2015-01-16,net_cashflows,EUR,0.98999999999999999,CHF,es,0.0076848949794143043,0.0076151543296935006,-6.9740649720803627e-05,False,False
2015-01-16,net_cashflows,EUR,0.98999999999999999,CHF,score,0.16392766473971454,0.16203259332598163,-0.0018950714137329072,False,False
2015-01-16,net_cashflows,USD,0.94999999999999996,USD,var,-0.0083466127414034003,-0.0082776094132639977,6.9003328139402575e-05,False,False
2015-01-16,net_cashflows,USD,0.94999999999999996,USD,es,-0.0095643338853713018,-0.0095423467631216008,2.1987122249701035e-05,False,False
2015-01-16,net_cashflows,USD,0.94999999999999996,USD,score,-0.56439191874521777,-0.56078382223577572,0.0036080965094420492,False,False
2015-01-16,net_cashflows,USD,0.94999999999999996,GBP,var,-0.0065528279622302007,-0.0064748601775882989,7.7967784641901766e-05,False,False
2015-01-16,net_cashflows,USD,0.94999999999999996,GBP,es,-0.0074466997909369004,-0.0074266936734717001,2.0006117465200257e-05,False,False
2015-01-16,net_cashflows,USD,0.94999999999999996,GBP,score,-0.41276651447451362,-0.40880819850792038,0.0039583159665932399,False,False
2015-01-16,net_cashflows,USD,0.94999999999999996,JPY,var,-0.0090852198139313011,-0.0090487607034171989,3.645911051410218e-05,False,False
2015-01-16,net_cashflows,USD,0.94999999999999996,JPY,es,-0.0104611724083804,-0.010456490229368402,4.6821790119985773e-06,False,False
2015-01-16,net_cashflows,USD,0.94999999999999996,JPY,score,-0.63460401542806411,-0.63368537373001343,0.00091864169805067064,False,False
2015-01-16,net_cashflows,USD,0.94999999999999996,CHF,var,0.00084372647187029928,0.00090036004685950174,5.6633574989202462e-05,False,False
2015-01-16,net_cashflows,USD,0.94999999999999996,CHF,es,0.0029207281415443986,0.0029137652860910003,-6.9628554533983367e-06,False,False
2015-01-16,net_cashflows,USD,0.94999999999999996,CHF,score,0.060052985254315683,0.062376749454315039,0.0023237641999993564,False,False
2015-01-16,net_cashflows,USD,0.98999999999999999,USD,var,-0.010521335735265501,-0.010523146041051402,-1.8103057859014671e-06,False,False
2015-01-16,net_cashflows,USD,0.98999999999999999,USD,es,-0.0109413982823321,-0.0109271459240937,1.425235823840007e-05,False,False
2015-01-16,net_cashflows,USD,0.98999999999999999,USD,score,-0.4904538040023847,-0.48890588840307903,0.0015479155993056715,False,False
2015-01-16,net_cashflows,USD,0.98999999999999999,GBP,var,-0.0082057099164156988,-0.0082479077684955993,-4.2197852079900455e-05,False,False
2015-01-16,net_cashflows,USD,0.98999999999999999,GBP,es,-0.0082614034400398002,-0.0083070455922190992,-4.5642152179298928e-05,False,False
2015-01-16,net_cashflows,USD,0.98999999999999999,GBP,score,-0.35817910020969856,-0.3593671832382026,-0.0011880830285040389,False,False
2015-01-16,net_cashflows,USD,0.98999999999999999,JPY,var,-0.011464475199126,-0.011460754723235001,3.7204758909989422e-06,False,False
2015-01-16,net_cashflows,USD,0.98999999999999999,JPY,es,-0.011912946615147101,-0.011977337305028198,-6.4390689881097668e-05,False,False
2015-01-16,net_cashflows,USD,0.98999999999999999,JPY,score,-0.54854165309249625,-0.54726838730829019,0.0012732657842060568,False,False
2015-01-16,net_cashflows,USD,0.98999999999999999,CHF,var,0.0039056596370281998,0.0039186155093934999,1.2955872365300047e-05,False,False
2015-01-16,net_cashflows,USD,0.98999999999999999,CHF,es,0.0070438111919945007,0.0070891957878235975,4.5384595829096874e-05,False,False
2015-01-16,net_cashflows,USD,0.98999999999999999,CHF,score,0.1477590900601542,0.1481336487726681,0.00037455871251390604,False,False
2018-05-02,funded_assets,EUR,0.94999999999999996,USD,var,0.00049350351644639971,0.00048651786791289921,-6.9856485335004909e-06,False,False
2018-05-02,funded_assets,EUR,0.94999999999999996,USD,es,0.00070305557571880006,0.00068921117518559987,-1.3844400533200192e-05,False,False
2018-05-02,funded_assets,EUR,0.94999999999999996,USD,score,0.10684253063153726,0.10499730727373979,-0.0018452233577974653,False,False
2018-05-02,funded_assets,EUR,0.94999999999999996,GBP,var,0.00067855695766960017,0.00066993864991409923,-8.6183077555009382e-06,False,False
2018-05-02,funded_assets,EUR,0.94999999999999996,GBP,es,0.0011542093345220999,0.0011390771142320002,-1.5132220290099696e-05,False,False
2018-05-02,funded_assets,EUR,0.94999999999999996,GBP,score,0.15141205387203893,0.14922229760853867,-0.0021897562635002643,False,False
2018-05-02,funded_assets,EUR,0.94999999999999996,JPY,var,2.1373201815003823e-06,-2.5612921956300744e-05,-2.7750242137801126e-05,True,True
2018-05-02,funded_assets,EUR,0.94999999999999996,JPY,es,0.00016055494933049988,0.00014033315320360028,-2.0221796126899602e-05,False,False
2018-05-02,funded_assets,EUR,0.94999999999999996,JPY,score,0.0074330749874409463,0.0019581784946316461,-0.0054748964928093002,False,True
2018-05-02,funded_assets,EUR,0.94999999999999996,CHF,var,-0.00014723748051690029,-0.00015838738836660045,-1.1149907849700158e-05,False,False
2018-05-02,funded_assets,EUR,0.94999999999999996,CHF,es,0.00033832201572909972,0.00031095550957730041,-2.7366506151799315e-05,False,False
2018-05-02,funded_assets,EUR,0.94999999999999996,CHF,score,-0.0080000804470312659,-0.011218674112034144,-0.0032185936650028779,False,False
2018-05-02,funded_assets,EUR,0.98999999999999999,USD,var,0.0008866615554548006,0.00083988829460119978,-4.6773260853600826e-05,False,False
2018-05-02,funded_assets,EUR,0.98999999999999999,USD,es,0.0010184754603779992,0.00098810964335650092,-3.0365817021498279e-05,False,False
2018-05-02,funded_assets,EUR,0.98999999999999999,USD,score,0.11921651297274227,0.11361606132320912,-0.0056004516495331558,False,False
2018-05-02,funded_assets,EUR,0.98999999999999999,GBP,var,0.0013772361402505009,0.0013379716661762993,-3.9264474074201562e-05,False,False
2018-05-02,funded_assets,EUR,0.98999999999999999,GBP,es,0.0020952020200307002,0.0020522331950590007,-4.296882497169946e-05,False,False
2018-05-02,funded_assets,EUR,0.98999999999999999,GBP,score,0.1890336349216577,0.18433802169910241,-0.0046956132225552949,False,False
2018-05-02,funded_assets,EUR,0.98999999999999999,JPY,var,0.00021650045778650023,0.00017754609591410023,-3.8954361872399999e-05,False,False
2018-05-02,funded_assets,EUR,0.98999999999999999,JPY,es,0.00063872140519189921,0.00059633826068580115,-4.2383144506098064e-05,False,False
2018-05-02,funded_assets,EUR,0.98999999999999999,JPY,score,0.038942792338911403,0.033656357491473443,-0.0052864348474379597,False,False
2018-05-02,funded_assets,EUR,0.98999999999999999,CHF,var,8.4081603187000087e-05,3.9656837469499891e-05,-4.4424765717500196e-05,False,True
2018-05-02,funded_assets,EUR,0.98999999999999999,CHF,es,0.0021349428755328987,0.0020155138542325007,-0.00011942902130039797,False,False
2018-05-02,funded_assets,EUR,0.98999999999999999,CHF,score,0.067371387364029367,0.059436134436240629,-0.0079352529277887385,False,False
2018-05-02,funded_assets,USD,0.94999999999999996,USD,var,0.00048852445577669996,0.00048917182088350011,6.4736510680014903e-07,False,False
2018-05-02,funded_assets,USD,0.94999999999999996,USD,es,0.00070811534326139982,0.00069439681019060027,-1.3718533070799545e-05,False,False
2018-05-02,funded_assets,USD,0.94999999999999996,USD,score,0.10551056901201772,0.10496171914761376,-0.00054884986440395522,False,False
2018-05-02,funded_assets,USD,0.94999999999999996,GBP,var,0.00067857853898340044,0.0006784862760197,-9.2262963700441569e-08,False,False
2018-05-02,funded_assets,USD,0.94999999999999996,GBP,es,0.0011761662115075001,0.0011606660825736002,-1.5500128933899904e-05,False,False
2018-05-02,funded_assets,USD,0.94999999999999996,GBP,score,0.15119221883474587,0.15041274650704572,-0.00077947232770014807,False,False
2018-05-02,funded_assets,USD,0.94999999999999996,JPY,var,-8.1315854199995666e-06,-2.8484084295900616e-05,-2.035249887590105e-05,False,False
2018-05-02,funded_assets,USD,0.94999999999999996,JPY,es,0.00015997869880620026,0.00013946235261330046,-2.0516346192899805e-05,False,False
2018-05-02,funded_assets,USD,0.94999999999999996,JPY,score,0.0057017209894736354,0.0014814478571505418,-0.0042202731323230935,False,True
2018-05-02,funded_assets,USD,0.94999999999999996,CHF,var,-0.00016014613934179928,-0.00016514674727479989,-5.0006079330006115e-06,False,False
2018-05-02,funded_assets,USD,0.94999999999999996,CHF,es,0.00035088579214719983,0.00032284595121300028,-2.8039840934199547e-05,False,False
2018-05-02,funded_assets,USD,0.94999999999999996,CHF,score,-0.0093042388338915316,-0.011504812195614278,-0.0022005733617227463,False,False
2018-05-02,funded_assets,USD,0.98999999999999999,USD,var,0.00087871249106610035,0.00084934715026869969,-2.9365340797400663e-05,False,False
2018-05-02,funded_assets,USD,0.98999999999999999,USD,es,0.0010305577196673011,0.00099822726232680001,-3.2330457340501093e-05,False,False
2018-05-02,funded_assets,USD,0.98999999999999999,USD,score,0.11744763427345983,0.11376283494469774,-0.0036847993287620895,False,False
2018-05-02,funded_assets,USD,0.98999999999999999,GBP,var,0.0013635794031178006,0.0013547881646566009,-8.7912384611997518e-06,False,False
2018-05-02,funded_assets,USD,0.98999999999999999,GBP,es,0.0021532312364736014,0.0021090956311953998,-4.4135605278201526e-05,False,False
2018-05-02,funded_assets,USD,0.98999999999999999,GBP,score,0.18717121229912248,0.18549474015502021,-0.0016764721441022701,False,False
2018-05-02,funded_assets,USD,0.98999999999999999,JPY,var,0.00019672953007059991,0.00018191487351510056,-1.481465655549935e-05,False,False
2018-05-02,funded_assets,USD,0.98999999999999999,JPY,es,0.0006496477039942012,0.00060654420156940059,-4.3103502424800613e-05,False,False
2018-05-02,funded_assets,USD,0.98999999999999999,JPY,score,0.036676281615281248,0.034106845120059681,-0.0025694364952215665,False,False
2018-05-02,funded_assets,USD,0.98999999999999999,CHF,var,7.5388511067899823e-05,3.4819706658500114e-05,-4.0568804409399709e-05,False,True
2018-05-02,funded_assets,USD,0.98999999999999999,CHF,es,0.0022275591003824008,0.0021028200724276993,-0.0001247390279547015,False,False
2018-05-02,funded_assets,USD,0.98999999999999999,CHF,score,0.068841425326790606,0.061310419652235382,-0.0075310056745552245,False,False
2018-05-02,net_cashflows,EUR,0.94999999999999996,USD,var,-0.00048274229898499993,-0.00048002876781449988,2.7135311705000532e-06,False,False
2018-05-02,net_cashflows,EUR,0.94999999999999996,USD,es,-0.00045872173068919973,-0.00044872333565970039,9.9983950294993407e-06,False,False
2018-05-02,net_cashflows,EUR,0.94999999999999996,USD,score,-0.14700468863181193,-0.14514307952156269,0.0018616091102492405,False,False
2018-05-02,net_cashflows,EUR,0.94999999999999996,GBP,var,0.00040520732511750007,0.00039338579459190009,-1.182153052559998e-05,False,False
2018-05-02,net_cashflows,EUR,0.94999999999999996,GBP,es,0.00089284636834039994,0.00088283347570219939,-1.001289263820055e-05,False,False
2018-05-02,net_cashflows,EUR,0.94999999999999996,GBP,score,0.13695096585917277,0.13394951360127116,-0.0030014522579016045,False,False
2018-05-02,net_cashflows,EUR,0.94999999999999996,JPY,var,-0.00042764700809480019,-0.00043275349032809987,-5.1064822332996807e-06,False,False
2018-05-02,net_cashflows,EUR,0.94999999999999996,JPY,es,-0.00051415739860989976,-0.00054072734697190039,-2.6569948362000634e-05,False,False
2018-05-02,net_cashflows,EUR,0.94999999999999996,JPY,score,-0.13692226602265656,-0.13977643019108843,-0.0028541641684318719,False,False
2018-05-02,net_cashflows,EUR,0.94999999999999996,CHF,var,-6.6640860740600077e-05,-8.1844807147199959e-05,-1.5203946406599882e-05,False,False
2018-05-02,net_cashflows,EUR,0.94999999999999996,CHF,es,0.00043170063952879985,0.00040173398508709917,-2.9966654441700678e-05,False,False
2018-05-02,net_cashflows,EUR,0.94999999999999996,CHF,score,0.013765552584374952,0.0086135241055007583,-0.0051520284788741932,False,False
2018-05-02,net_cashflows,EUR,0.98999999999999999,USD,var,-0.00063071774315559982,-0.00059813102339740035,3.2586719758199469e-05,False,False
2018-05-02,net_cashflows,EUR,0.98999999999999999,USD,es,-0.00022732981130350015,-0.00017652861238909995,5.08011989144002e-05,False,False
2018-05-02,net_cashflows,EUR,0.98999999999999999,USD,score,-0.11010539716429513,-0.10324623306276592,0.0068591641015292026,False,False
2018-05-02,net_cashflows,EUR,0.98999999999999999,GBP,var,0.00099398223033509998,0.0010331313231817995,3.9149092846699554e-05,False,False
2018-05-02,net_cashflows,EUR,0.98999999999999999,GBP,es,0.0019227518685712994,0.0020192620694358008,9.6510200864501419e-05,False,False
2018-05-02,net_cashflows,EUR,0.98999999999999999,GBP,score,0.19840443425223686,0.2060061829087374,0.0076017486565005399,False,False
2018-05-02,net_cashflows,EUR,0.98999999999999999,JPY,var,-0.00060271995348369981,-0.00061015150359020054,-7.4315501065007339e-06,False,False
2018-05-02,net_cashflows,EUR,0.98999999999999999,JPY,es,-0.00085416136859340058,-0.00079646653523389975,5.7694833359500826e-05,False,False
2018-05-02,net_cashflows,EUR,0.98999999999999999,JPY,score,-0.12965716538301475,-0.129179139809386,0.00047802557362874865,False,False
2018-05-02,net_cashflows,EUR,0.98999999999999999,CHF,var,0.00023467306125750029,0.00023046749937059938,-4.2055618869009034e-06,False,False
2018-05-02,net_cashflows,EUR,0.98999999999999999,CHF,es,0.0019027524284457994,0.0019827061909217002,7.9953762475900789e-05,False,False
2018-05-02,net_cashflows,EUR,0.98999999999999999,CHF,score,0.10543460802845139,0.10755214520121292,0.00211753717276153,False,False
2018-05-02,net_cashflows,USD,0.94999999999999996,USD,var,-0.00048840287576880012,-0.00048062621636670022,7.7766594020999003e-06,False,False
2018-05-02,net_cashflows,USD,0.94999999999999996,USD,es,-0.00046465309394239963,-0.00045489562848710034,9.7574654552992982e-06,False,False
2018-05-02,net_cashflows,USD,0.94999999999999996,USD,score,-0.14798045287134354,-0.14495136188410562,0.0030290909872379146,False,False
2018-05-02,net_cashflows,USD,0.94999999999999996,GBP,var,0.00041312784498639997,0.00039859846556869992,-1.4529379417700054e-05,False,False
2018-05-02,net_cashflows,USD,0.94999999999999996,GBP,es,0.00090567400151400027,0.00089592654936899996,-9.747452145000314e-06,False,False
2018-05-02,net_cashflows,USD,0.94999999999999996,GBP,score,0.13855636377452729,0.13520199476219119,-0.0033543690123361003,False,False
2018-05-02,net_cashflows,USD,0.94999999999999996,JPY,var,-0.00043368866248380024,-0.00043750686273179989,-3.8182002479996563e-06,False,False
2018-05-02,net_cashflows,USD,0.94999999999999996,JPY,es,-0.00052567979924289998,-0.00055242365830360024,-2.6743859060700259e-05,False,False
2018-05-02,net_cashflows,USD,0.94999999999999996,JPY,score,-0.13847737970796103,-0.14110560695898577,-0.0026282272510247395,False,False
2018-05-02,net_cashflows,USD,0.94999999999999996,CHF,var,-7.1464772386100207e-05,-7.9689591886100003e-05,-8.2248194999997963e-06,False,False
2018-05-02,net_cashflows,USD,0.94999999999999996,CHF,es,0.00045200018881389956,0.00042127380476469998,-3.0726384049199577e-05,False,False
2018-05-02,net_cashflows,USD,0.94999999999999996,CHF,score,0.014223842063799452,0.010547584421562561,-0.0036762576422368909,False,False
2018-05-02,net_cashflows,USD,0.98999999999999999,USD,var,-0.00065313447909540016,-0.00061645720222929922,3.6677276866100943e-05,False,False
2018-05-02,net_cashflows,USD,0.98999999999999999,USD,es,-0.00023095599530079981,-0.00018017407707600006,5.0781918224799757e-05,False,False
2018-05-02,net_cashflows,USD,0.98999999999999999,USD,score,-0.11284979921227389,-0.10540014876491721,0.0074496504473566816,False,False
2018-05-02,net_cashflows,USD,0.98999999999999999,GBP,var,0.0010131422269720001,0.0010430132442834006,2.9871017311400468e-05,False,False
2018-05-02,net_cashflows,USD,0.98999999999999999,GBP,es,0.0019558404571977991,0.0020539069267863997,9.8066469588600595e-05,False,False
2018-05-02,net_cashflows,USD,0.98999999999999999,GBP,score,0.20010561668838633,0.20647541157026428,0.0063697948818779437,False,False
2018-05-02,net_cashflows,USD,0.98999999999999999,JPY,var,-0.00062853197692970021,-0.00064008070641449928,-1.154872948479907e-05,False,False
2018-05-02,net_cashflows,USD,0.98999999999999999,JPY,es,-0.00087379875084290029,-0.0008140714760129994,5.9727274829900895e-05,False,False
2018-05-02,net_cashflows,USD,0.98999999999999999,JPY,score,-0.13372355122423407,-0.13387740225258238,-0.00015385102834830633,False,False
2018-05-02,net_cashflows,USD,0.98999999999999999,CHF,var,0.00023479067701600003,0.00022054475193790044,-1.4245925078099596e-05,False,False
2018-05-02,net_cashflows,USD,0.98999999999999999,CHF,es,0.0020113565316856995,0.002088695806805701,7.7339275120001487e-05,False,False
2018-05-02,net_cashflows,USD,0.98999999999999999,CHF,score,0.10911685476597466,0.109806742796839,0.00068988803086433848,False,False
2019-09-02,funded_assets,EUR,0.94999999999999996,USD,var,-0.00031274294531079966,-0.00032613190607910011,-1.3388960768300449e-05,False,False
2019-09-02,funded_assets,EUR,0.94999999999999996,USD,es,-0.00046980820300130018,-0.00047103171970520018,-1.2235167039000017e-06,False,False
2019-09-02,funded_assets,EUR,0.94999999999999996,USD,score,-0.077639789379951196,-0.080312768958520131,-0.0026729795785689348,False,False
2019-09-02,funded_assets,EUR,0.94999999999999996,GBP,var,0.00095357246885160053,0.00095669915816669945,3.1266893150989211e-06,False,False
2019-09-02,funded_assets,EUR,0.94999999999999996,GBP,es,0.0015980041741703995,0.0015975453963011999,-4.5877786919966412e-07,False,False
2019-09-02,funded_assets,EUR,0.94999999999999996,GBP,score,0.21165277577023645,0.21225373441455364,0.00060095864431719548,False,False
2019-09-02,funded_assets,EUR,0.94999999999999996,JPY,var,0.00019335824169880011,0.00019803322981309934,4.6749881142992347e-06,False,False
2019-09-02,funded_assets,EUR,0.94999999999999996,JPY,es,0.00031044590725599983,0.00030455430821839987,-5.8915990375999622e-06,False,False
2019-09-02,funded_assets,EUR,0.94999999999999996,JPY,score,0.046012420168256796,0.04658255697295921,0.00057013680470241468,False,False
2019-09-02,funded_assets,EUR,0.94999999999999996,CHF,var,7.1136709853600669e-05,8.6023657024199979e-05,1.488694717059931e-05,False,False
2019-09-02,funded_assets,EUR,0.94999999999999996,CHF,es,0.00043009216076060012,0.00043568092414220019,5.5887633816000676e-06,False,False
2019-09-02,funded_assets,EUR,0.94999999999999996,CHF,score,0.031322240530557544,0.034070720919173958,0.0027484803886164144,False,False
2019-09-02,funded_assets,EUR,0.98999999999999999,USD,var,-0.00061023634337540027,-0.00057680298567519984,3.3433357700200436e-05,False,False
2019-09-02,funded_assets,EUR,0.98999999999999999,USD,es,-0.00072760104822449951,-0.00072706836141370017,5.3268681079934183e-07,False,False
2019-09-02,funded_assets,EUR,0.98999999999999999,USD,score,-0.096444678007109985,-0.091866823905002448,0.004577854102107537,False,False
2019-09-02,funded_assets,EUR,0.98999999999999999,GBP,var,0.0018664530577079006,0.0019162691767107996,4.9816119002898951e-05,False,False
2019-09-02,funded_assets,EUR,0.98999999999999999,GBP,es,0.0027666955441594011,0.0027615836044151999,-5.1119397442012104e-06,False,False
2019-09-02,funded_assets,EUR,0.98999999999999999,GBP,score,0.25781512001143003,0.26232139249308872,0.0045062724816586908,False,False
2019-09-02,funded_assets,EUR,0.98999999999999999,JPY,var,0.00032757450250590035,0.00034207977442599936,1.4505271920099011e-05,False,False
2019-09-02,funded_assets,EUR,0.98999999999999999,JPY,es,0.0005381010047361013,0.00053179215144909947,-6.3088532870018282e-06,False,False
2019-09-02,funded_assets,EUR,0.98999999999999999,JPY,score,0.051361303830434579,0.052906683279543287,0.0015453794491087081,False,False
2019-09-02,funded_assets,EUR,0.98999999999999999,CHF,var,0.00038854755942160056,0.00041645889934519963,2.7911339923599073e-05,False,False
2019-09-02,funded_assets,EUR,0.98999999999999999,CHF,es,0.0013302920459982003,0.0013775606123015999,4.7268566303399623e-05,False,False
2019-09-02,funded_assets,EUR,0.98999999999999999,CHF,score,0.077781992565427061,0.081959561794115565,0.0041775692286885047,False,False
2019-09-02,funded_assets,USD,0.94999999999999996,USD,var,-0.00031273211766439952,-0.00032754084238779957,-1.480872472340005e-05,False,False
2019-09-02,funded_assets,USD,0.94999999999999996,USD,es,-0.00047707020972150016,-0.0004784468613067,-1.3766515851998395e-06,False,False
2019-09-02,funded_assets,USD,0.94999999999999996,USD,score,-0.0776411187375734,-0.080540098164459728,-0.0028989794268863278,False,False
2019-09-02,funded_assets,USD,0.94999999999999996,GBP,var,0.00096729323942210035,0.00097048625877679991,3.1930193546995597e-06,False,False
2019-09-02,funded_assets,USD,0.94999999999999996,GBP,es,0.0016322502912092,0.0016315904755384997,-6.598156707003297e-07,False,False
2019-09-02,funded_assets,USD,0.94999999999999996,GBP,score,0.21406138390925289,0.21457562911987971,0.00051424521062681805,False,False
2019-09-02,funded_assets,USD,0.94999999999999996,JPY,var,0.00019294522524720015,0.00020257157216780047,9.6263469206003122e-06,False,False
2019-09-02,funded_assets,USD,0.94999999999999996,JPY,es,0.00032282491275540011,0.00031665554942059918,-6.1693633348009272e-06,False,False
2019-09-02,funded_assets,USD,0.94999999999999996,JPY,score,0.046287627052081781,0.047631814497865577,0.0013441874457837955,False,False
2019-09-02,funded_assets,USD,0.94999999999999996,CHF,var,7.6545092012700322e-05,9.0166028988000399e-05,1.3620936975300077e-05,False,False
2019-09-02,funded_assets,USD,0.94999999999999996,CHF,es,0.00045114674261050036,0.00045749524612999967,6.3485035194993031e-06,False,False
2019-09-02,funded_assets,USD,0.94999999999999996,CHF,score,0.033126964463753517,0.035660126718969565,0.0025331622552160482,False,False
2019-09-02,funded_assets,USD,0.98999999999999999,USD,var,-0.00060454912108300063,-0.0005824388615335999,2.2110259549400733e-05,False,False
2019-09-02,funded_assets,USD,0.98999999999999999,USD,es,-0.00074443139998800045,-0.00074392564880589908,5.0575118210136744e-07,False,False
2019-09-02,funded_assets,USD,0.98999999999999999,USD,score,-0.095240399108936558,-0.092330854819492103,0.0029095442894444545,False,False
2019-09-02,funded_assets,USD,0.98999999999999999,GBP,var,0.0018736075670455002,0.0019595854670557003,8.5977900010200149e-05,False,False
2019-09-02,funded_assets,USD,0.98999999999999999,GBP,es,0.0028432975059580999,0.002839137921710401,-4.1595842476989386e-06,False,False
2019-09-02,funded_assets,USD,0.98999999999999999,GBP,score,0.25812394356238677,0.26614062027861696,0.0080166767162301866,False,False
2019-09-02,funded_assets,USD,0.98999999999999999,JPY,var,0.00032642454800329949,0.00035947447820179959,3.3049930198500097e-05,False,False
2019-09-02,funded_assets,USD,0.98999999999999999,JPY,es,0.0005633688861350003,0.00055618413730880098,-7.184748826199322e-06,False,False
2019-09-02,funded_assets,USD,0.98999999999999999,JPY,score,0.051380720508296562,0.055090168142278628,0.0037094476339820659,False,False
2019-09-02,funded_assets,USD,0.98999999999999999,CHF,var,0.00040266710883549942,0.00042782134216289968,2.5154233327400258e-05,False,False
2019-09-02,funded_assets,USD,0.98999999999999999,CHF,es,0.0014129297570711005,0.0014633509773990007,5.0421220327900168e-05,False,False
2019-09-02,funded_assets,USD,0.98999999999999999,CHF,score,0.080886983197799189,0.0849709612141476,0.0040839780163484107,False,False
2019-09-02,net_cashflows,EUR,0.94999999999999996,USD,var,0.00017889157214509999,0.0001795298816075,6.383094624000038e-07,False,False
2019-09-02,net_cashflows,EUR,0.94999999999999996,USD,es,0.00040039241444910032,0.00039608496167439994,-4.30745277470038e-06,False,False
2019-09-02,net_cashflows,EUR,0.94999999999999996,USD,score,0.072503808810048476,0.072338251078406302,-0.00016555773164217413,False,False
2019-09-02,net_cashflows,EUR,0.94999999999999996,GBP,var,0.00056742584252289984,0.00057073443311970009,3.3085905968002413e-06,False,False
2019-09-02,net_cashflows,EUR,0.94999999999999996,GBP,es,0.00094366249747360013,0.00093624699143249985,-7.4155060411002817e-06,False,False
2019-09-02,net_cashflows,EUR,0.94999999999999996,GBP,score,0.19496836258875216,0.19521629821333342,0.00024793562458125251,False,False
2019-09-02,net_cashflows,EUR,0.94999999999999996,JPY,var,0.00022837981192490005,0.00022945263821960021,1.0728262947001625e-06,False,False
2019-09-02,net_cashflows,EUR,0.94999999999999996,JPY,es,0.00030257343422260014,0.00030408508628179979,1.5116520591996509e-06,False,False
2019-09-02,net_cashflows,EUR,0.94999999999999996,JPY,score,0.078035286764527534,0.078404486705230703,0.00036919994070316875,False,False
2019-09-02,net_cashflows,EUR,0.94999999999999996,CHF,var,0.00040122850627519972,0.00039552899084690021,-5.6995154282995023e-06,False,False
2019-09-02,net_cashflows,EUR,0.94999999999999996,CHF,es,0.00083984944745250055,0.00086419728779669981,2.4347840344199258e-05,False,False
2019-09-02,net_cashflows,EUR,0.94999999999999996,CHF,score,0.15278632416799187,0.15314361474355476,0.00035729057556288524,False,False
2019-09-02,net_cashflows,EUR,0.98999999999999999,USD,var,0.00038770442897130032,0.00037502567193000054,-1.2678757041299782e-05,False,False
2019-09-02,net_cashflows,EUR,0.98999999999999999,USD,es,0.00093814593198160001,0.00091444089250820003,-2.3705039473399976e-05,False,False
2019-09-02,net_cashflows,EUR,0.98999999999999999,USD,score,0.10019579297412129,0.098557167034589277,-0.0016386259395320124,False,False
2019-09-02,net_cashflows,EUR,0.98999999999999999,GBP,var,0.0010788045557071999,0.0011089630182210004,3.0158462513800444e-05,False,False
2019-09-02,net_cashflows,EUR,0.98999999999999999,GBP,es,0.0016359086770916,0.0015881295490274994,-4.7779128064100521e-05,False,False
2019-09-02,net_cashflows,EUR,0.98999999999999999,GBP,score,0.22823123312721272,0.23296533939644704,0.0047341062692343172,False,False
2019-09-02,net_cashflows,EUR,0.98999999999999999,JPY,var,0.00028981035677540061,0.00031069323696230038,2.0882880186899773e-05,False,False
2019-09-02,net_cashflows,EUR,0.98999999999999999,JPY,es,0.00032046011322340012,0.00028517654837639968,-3.5283564847000438e-05,False,False
2019-09-02,net_cashflows,EUR,0.98999999999999999,JPY,score,0.062731627642001797,0.065752494004954087,0.0030208663629522903,False,False
2019-09-02,net_cashflows,EUR,0.98999999999999999,CHF,var,0.00082817798515160031,0.00084634392200730064,1.8165936855700331e-05,False,False
2019-09-02,net_cashflows,EUR,0.98999999999999999,CHF,es,0.0020203638338838004,0.0021028404732130997,8.2476639329299301e-05,False,False
2019-09-02,net_cashflows,EUR,0.98999999999999999,CHF,score,0.20671578405667113,0.21483576628360002,0.0081199822269288902,False,False
2019-09-02,net_cashflows,USD,0.94999999999999996,USD,var,0.00017743106604780007,0.00018168902321340002,4.2579571655999501e-06,False,False
2019-09-02,net_cashflows,USD,0.94999999999999996,USD,es,0.00040532892596009977,0.00040084996994410029,-4.4789560159994718e-06,False,False
2019-09-02,net_cashflows,USD,0.94999999999999996,USD,score,0.072293692310774205,0.072989694454621556,0.00069600214384735182,False,False
2019-09-02,net_cashflows,USD,0.94999999999999996,GBP,var,0.00056965162357229971,0.00057555999150289998,5.9083679306002647e-06,False,False
2019-09-02,net_cashflows,USD,0.94999999999999996,GBP,es,0.0009598652996826002,0.00095215499715470059,-7.7103025278996151e-06,False,False
2019-09-02,net_cashflows,USD,0.94999999999999996,GBP,score,0.19587402490130579,0.19666993968649127,0.00079591478518548087,False,False
2019-09-02,net_cashflows,USD,0.94999999999999996,JPY,var,0.00023442341881069976,0.00023585134396000027,1.4279251493005095e-06,False,False
2019-09-02,net_cashflows,USD,0.94999999999999996,JPY,es,0.00031088756450130045,0.00031225840049939986,1.3708359980994095e-06,False,False
2019-09-02,net_cashflows,USD,0.94999999999999996,JPY,score,0.079791795746819716,0.080246652220455239,0.00045485647363552317,False,False
2019-09-02,net_cashflows,USD,0.94999999999999996,CHF,var,0.00040422646317579995,0.00040136412785790002,-2.8623353178999257e-06,False,False
2019-09-02,net_cashflows,USD,0.94999999999999996,CHF,es,0.00086544989126580022,0.00089158619253379987,2.6136301267999651e-05,False,False
2019-09-02,net_cashflows,USD,0.94999999999999996,CHF,score,0.15471280954842026,0.15583357480748194,0.0011207652590616846,False,False
2019-09-02,net_cashflows,USD,0.98999999999999999,USD,var,0.00040448961752439973,0.00038540626784460026,-1.9083349679799473e-05,False,False
2019-09-02,net_cashflows,USD,0.98999999999999999,USD,es,0.00095522980986560008,0.00093021078411310073,-2.5019025752499348e-05,False,False
2019-09-02,net_cashflows,USD,0.98999999999999999,USD,score,0.10321264395303231,0.10051918170476082,-0.0026934622482714943,False,False
2019-09-02,net_cashflows,USD,0.98999999999999999,GBP,var,0.0010974432801245998,0.0011320755285621001,3.4632248437500325e-05,False,False
2019-09-02,net_cashflows,USD,0.98999999999999999,GBP,es,0.0016774701762893003,0.0016312443384666007,-4.6225837822699671e-05,False,False
2019-09-02,net_cashflows,USD,0.98999999999999999,GBP,score,0.23142958599134467,0.23679290300274669,0.0053633170114020245,False,False
2019-09-02,net_cashflows,USD,0.98999999999999999,JPY,var,0.00031373073163539975,0.00032664006006549989,1.2909328430100141e-05,False,False
2019-09-02,net_cashflows,USD,0.98999999999999999,JPY,es,0.00033844735320710025,0.0003023026005648001,-3.6144752642300153e-05,False,False
2019-09-02,net_cashflows,USD,0.98999999999999999,JPY,score,0.067230049063666364,0.068806399391549533,0.0015763503278831692,False,False
2019-09-02,net_cashflows,USD,0.98999999999999999,CHF,var,0.00084676100505859993,0.00086995416218340043,2.3193157124800495e-05,False,False
2019-09-02,net_cashflows,USD,0.98999999999999999,CHF,es,0.0021134398568532003,0.0022057219942020001,9.2282137348799823e-05,False,False
2019-09-02,net_cashflows,USD,0.98999999999999999,CHF,score,0.2122825370299557,0.2214779521028527,0.0091954150728970063,False,False
2020-03-10,funded_assets,EUR,0.94999999999999996,USD,var,9.7063384379699608e-05,8.4985226669700466e-05,-1.2078157709999142e-05,False,False
2020-03-10,funded_assets,EUR,0.94999999999999996,USD,es,7.7138606697899417e-05,8.9181318182099401e-05,1.2042711484199983e-05,False,False
2020-03-10,funded_assets,EUR,0.94999999999999996,USD,score,0.017155489444634853,0.015831996857627928,-0.0013234925870069247,False,False
2020-03-10,funded_assets,EUR,0.94999999999999996,GBP,var,0.00044896003225609969,0.00044184021605380049,-7.1198162022991993e-06,False,False
2020-03-10,funded_assets,EUR,0.94999999999999996,GBP,es,0.0010684587839488993,0.0010680409643109992,-4.1781963790003818e-07,False,False
2020-03-10,funded_assets,EUR,0.94999999999999996,GBP,score,0.10296130969722839,0.10187246519360027,-0.0010888445036281169,False,False
2020-03-10,funded_assets,EUR,0.94999999999999996,JPY,var,0.00028939160631199969,0.00027127554145830058,-1.8116064853699113e-05,False,False
2020-03-10,funded_assets,EUR,0.94999999999999996,JPY,es,0.00038164919407589985,0.00038708039956499973,5.4312054890998801e-06,False,False
2020-03-10,funded_assets,EUR,0.94999999999999996,JPY,score,0.055796338748314689,0.053403028511834982,-0.0023933102364797065,False,False
2020-03-10,funded_assets,EUR,0.94999999999999996,CHF,var,0.00014736026094689953,0.0001245413640535006,-2.2818896893398929e-05,False,False
2020-03-10,funded_assets,EUR,0.94999999999999996,CHF,es,7.2635489050999931e-05,6.9810800148499552e-05,-2.8246889025003788e-06,False,False
2020-03-10,funded_assets,EUR,0.94999999999999996,CHF,score,0.024326621805495385,0.020883665064278745,-0.0034429567412166406,False,False
2020-03-10,funded_assets,EUR,0.98999999999999999,USD,var,8.3539421119801019e-05,0.00010212622548400052,1.8586804364199502e-05,False,False
2020-03-10,funded_assets,EUR,0.98999999999999999,USD,es,6.8386730318996392e-06,7.6579470422298568e-05,6.9740797390398929e-05,False,False
2020-03-10,funded_assets,EUR,0.98999999999999999,USD,score,0.0088270769058125254,0.012001914749279585,0.0031748378434670599,False,False
2020-03-10,funded_assets,EUR,0.98999999999999999,GBP,var,0.0012668878069526015,0.0012983380886873001,3.1450281734698646e-05,False,False
2020-03-10,funded_assets,EUR,0.98999999999999999,GBP,es,0.0024371197242665007,0.0024237488229442994,-1.3370901322201298e-05,False,False
2020-03-10,funded_assets,EUR,0.98999999999999999,GBP,score,0.16523321138019487,0.16766047354192271,0.0024272621617278389,False,False
2020-03-10,funded_assets,EUR,0.98999999999999999,JPY,var,0.00040058963012640052,0.00040480706979719935,4.2174396707988365e-06,False,False
2020-03-10,funded_assets,EUR,0.98999999999999999,JPY,es,0.00056390730636639991,0.00062152545406179982,5.7618147695399913e-05,False,False
2020-03-10,funded_assets,EUR,0.98999999999999999,JPY,score,0.050939939492519848,0.052430000591938253,0.0014900610994184049,False,False
2020-03-10,funded_assets,EUR,0.98999999999999999,CHF,var,-2.6793750877399103e-05,-1.6152284424600372e-05,1.0641466452798731e-05,False,False
2020-03-10,funded_assets,EUR,0.98999999999999999,CHF,es,-0.00010327721543199921,-7.1699358422400855e-05,3.1577857009598351e-05,False,False
2020-03-10,funded_assets,EUR,0.98999999999999999,CHF,score,-0.0047065461396984531,-0.0030171733110275767,0.0016893728286708765,False,False
2020-03-10,funded_assets,USD,0.94999999999999996,USD,var,9.5428809349800553e-05,8.1637944181499333e-05,-1.379086516830122e-05,False,False
2020-03-10,funded_assets,USD,0.94999999999999996,USD,es,7.3646415760800048e-05,8.6784359771200151e-05,1.3137944010400103e-05,False,False
2020-03-10,funded_assets,USD,0.94999999999999996,USD,score,0.016662541087677951,0.015147453563055358,-0.0015150875246225937,False,False
2020-03-10,funded_assets,USD,0.94999999999999996,GBP,var,0.00044924300857490055,0.00044710059432929994,-2.1424142456006115e-06,False,False
2020-03-10,funded_assets,USD,0.94999999999999996,GBP,es,0.001092160290905201,0.0010916468558237998,-5.1343508140119093e-07,False,False
2020-03-10,funded_assets,USD,0.94999999999999996,GBP,score,0.10331374014819517,0.10285688548764327,-0.0004568546605518975,False,False
2020-03-10,funded_assets,USD,0.94999999999999996,JPY,var,0.00030017023339470005,0.00027705078854569926,-2.3119444849000782e-05,False,False
2020-03-10,funded_assets,USD,0.94999999999999996,JPY,es,0.00039701290059639995,0.00040319167049790005,6.1787699015001044e-06,False,False
2020-03-10,funded_assets,USD,0.94999999999999996,JPY,score,0.05747280706349045,0.054440460242091149,-0.003032346821399301,False,False
2020-03-10,funded_assets,USD,0.94999999999999996,CHF,var,0.00014174188685369977,0.00012440754006339937,-1.7334346790300395e-05,False,False
2020-03-10,funded_assets,USD,0.94999999999999996,CHF,es,7.557311452260039e-05,7.3313676073099611e-05,-2.2594384495007794e-06,False,False
2020-03-10,funded_assets,USD,0.94999999999999996,CHF,score,0.023430875064779144,0.020831803961675277,-0.0025990711031038671,False,False
2020-03-10,funded_assets,USD,0.98999999999999999,USD,var,6.4577373817899936e-05,8.5821026902599754e-05,2.1243653084699818e-05,False,False
2020-03-10,funded_assets,USD,0.98999999999999999,USD,es,-1.9991269527997596e-06,6.9915758974900544e-05,7.1914885927700303e-05,True,True
2020-03-10,funded_assets,USD,0.98999999999999999,USD,score,0.0066146713225130327,0.01009425253942009,0.0034795812169070572,False,False
2020-03-10,funded_assets,USD,0.98999999999999999,GBP,var,0.0012948692261809999,0.0013209520988041006,2.6082872623100703e-05,False,False
2020-03-10,funded_assets,USD,0.98999999999999999,GBP,es,0.0025140617222522005,0.0024982743506736012,-1.5787371578599232e-05,False,False
2020-03-10,funded_assets,USD,0.98999999999999999,GBP,score,0.16780504572201771,0.16963412601555028,0.0018290802935325701,False,False
2020-03-10,funded_assets,USD,0.98999999999999999,JPY,var,0.00042019593029780054,0.00042635203497979994,6.156104681999397e-06,False,False
2020-03-10,funded_assets,USD,0.98999999999999999,JPY,es,0.00060069325796049955,0.00066062096285540023,5.992770489490068e-05,False,False
2020-03-10,funded_assets,USD,0.98999999999999999,JPY,score,0.053083275347781012,0.054780684938902979,0.0016974095911219678,False,False
2020-03-10,funded_assets,USD,0.98999999999999999,CHF,var,-2.9605742476299449e-05,-1.1321899676499866e-05,1.8283842799799582e-05,False,True
2020-03-10,funded_assets,USD,0.98999999999999999,CHF,es,-9.5409014721100499e-05,-6.2116402795499293e-05,3.3292611925601207e-05,False,False
2020-03-10,funded_assets,USD,0.98999999999999999,CHF,score,-0.0048296819880500053,-0.0023223647201850994,0.0025073172678649058,False,True
2020-03-10,net_cashflows,EUR,0.94999999999999996,USD,var,0.00063871759083980028,0.00065560284985050022,1.6885259010699944e-05,False,False
2020-03-10,net_cashflows,EUR,0.94999999999999996,USD,es,0.0010684739533753998,0.0010582866677825995,-1.018728559280032e-05,False,False
2020-03-10,net_cashflows,EUR,0.94999999999999996,USD,score,0.18899136855585752,0.19184018315609208,0.0028488146002345616,False,False
2020-03-10,net_cashflows,EUR,0.94999999999999996,GBP,var,0.00083140421087149995,0.00084762348702680001,1.6219276155300059e-05,False,False
2020-03-10,net_cashflows,EUR,0.94999999999999996,GBP,es,0.0011897369039991995,0.0011982470876407995,8.5101836415999582e-06,False,False
2020-03-10,net_cashflows,EUR,0.94999999999999996,GBP,score,0.22978066935879671,0.23342093459821633,0.0036402652394196267,False,False
2020-03-10,net_cashflows,EUR,0.94999999999999996,JPY,var,0.00093161421748109985,0.00094462885852050022,1.3014641039400376e-05,False,False
2020-03-10,net_cashflows,EUR,0.94999999999999996,JPY,es,0.0014686243648425997,0.0014679388621193995,-6.8550272320014316e-07,False,False
2020-03-10,net_cashflows,EUR,0.94999999999999996,JPY,score,0.26073069636344659,0.26330404609899993,0.002573349735553343,False,False
2020-03-10,net_cashflows,EUR,0.94999999999999996,CHF,var,0.00036384130695629995,0.00037464209340779984,1.0800786451499889e-05,False,False
2020-03-10,net_cashflows,EUR,0.94999999999999996,CHF,es,0.00049133157604799946,0.00049725291287299953,5.9213368250000606e-06,False,False
2020-03-10,net_cashflows,EUR,0.94999999999999996,CHF,score,0.10552329266633631,0.10819866368643627,0.0026753710200999592,False,False
2020-03-10,net_cashflows,EUR,0.98999999999999999,USD,var,0.0012234737818973994,0.0012056193984867,-1.785438341069933e-05,False,False
2020-03-10,net_cashflows,EUR,0.98999999999999999,USD,es,0.0019927807401707992,0.0018518113880148009,-0.00014096935215599828,False,False
2020-03-10,net_cashflows,EUR,0.98999999999999999,USD,score,0.22834700618117676,0.22155843298659317,-0.0067885731945835914,False,False
2020-03-10,net_cashflows,EUR,0.98999999999999999,GBP,var,0.0014784022349911994,0.0014049002399413001,-7.350199504989937e-05,False,False
2020-03-10,net_cashflows,EUR,0.98999999999999999,GBP,es,0.0018097314378108,0.0017890292484974996,-2.0702189313300326e-05,False,False
2020-03-10,net_cashflows,EUR,0.98999999999999999,GBP,score,0.25461669833597433,0.24430128605244938,-0.01031541228352495,False,False
2020-03-10,net_cashflows,EUR,0.98999999999999999,JPY,var,0.0016586147869259993,0.0016245621751535995,-3.4052611772399793e-05,False,False
2020-03-10,net_cashflows,EUR,0.98999999999999999,JPY,es,0.0025838978040757989,0.0025237784136088008,-6.0119390466998116e-05,False,False
2020-03-10,net_cashflows,EUR,0.98999999999999999,JPY,score,0.29554766226208962,0.28929785808374131,-0.006249804178348306,False,False
2020-03-10,net_cashflows,EUR,0.98999999999999999,CHF,var,0.00059028484801179962,0.0005849768653791998,-5.3079826325998225e-06,False,False
2020-03-10,net_cashflows,EUR,0.98999999999999999,CHF,es,0.00069385834318390002,0.00062498628589970073,-6.887205728419929e-05,False,False
2020-03-10,net_cashflows,EUR,0.98999999999999999,CHF,score,0.10876955087913842,0.10578910653907947,-0.002980444340058952,False,False
2020-03-10,net_cashflows,USD,0.94999999999999996,USD,var,0.00063612951091889967,0.00065672124796120005,2.0591737042300381e-05,False,False
2020-03-10,net_cashflows,USD,0.94999999999999996,USD,es,0.0010747849113036997,0.0010634434781768998,-1.1341433126799833e-05,False,False
2020-03-10,net_cashflows,USD,0.94999999999999996,USD,score,0.18813759773638594,0.19158430250541514,0.0034467047690291963,False,False
2020-03-10,net_cashflows,USD,0.94999999999999996,GBP,var,0.00083812111440440028,0.00085094185992260016,1.2820745518199884e-05,False,False
2020-03-10,net_cashflows,USD,0.94999999999999996,GBP,es,0.0012020436558014,0.0012100568068740001,8.0131510726000332e-06,False,False
2020-03-10,net_cashflows,USD,0.94999999999999996,GBP,score,0.23068843135598893,0.233689269819358,0.003000838463369071,False,False
2020-03-10,net_cashflows,USD,0.94999999999999996,JPY,var,0.00094412788688440002,0.00095776635555339974,1.3638468668999721e-05,False,False
2020-03-10,net_cashflows,USD,0.94999999999999996,JPY,es,0.0015002483769637996,0.0014994846524224005,-7.6372454139907869e-07,False,False
2020-03-10,net_cashflows,USD,0.94999999999999996,JPY,score,0.26341630357180179,0.26607881114694099,0.0026625075751391947,False,False
2020-03-10,net_cashflows,USD,0.94999999999999996,CHF,var,0.00036763534195160012,0.00037842848639410001,1.0793144442499888e-05,False,False
2020-03-10,net_cashflows,USD,0.94999999999999996,CHF,es,0.0005005099898980998,0.00050628297966390061,5.7729897658008109e-06,False,False
2020-03-10,net_cashflows,USD,0.94999999999999996,CHF,score,0.10634936029361342,0.10900332408635993,0.0026539637927465165,False,False
2020-03-10,net_cashflows,USD,0.98999999999999999,USD,var,0.0012423079624032003,0.0012143163647819998,-2.799159762120057e-05,False,False
2020-03-10,net_cashflows,USD,0.98999999999999999,USD,es,0.0020075278062142007,0.0018639322247871997,-0.000143595581427001,False,False
2020-03-10,net_cashflows,USD,0.98999999999999999,USD,score,0.22976668516072252,0.22175180592240729,-0.0080148792383152312,False,False
2020-03-10,net_cashflows,USD,0.98999999999999999,GBP,var,0.0014817601580086005,0.0014119251580571,-6.9834999951500464e-05,False,False
2020-03-10,net_cashflows,USD,0.98999999999999999,GBP,es,0.0018514573451540997,0.0018292404742580991,-2.221687089600053e-05,False,False
2020-03-10,net_cashflows,USD,0.98999999999999999,GBP,score,0.25461012380254111,0.24482150633841115,-0.0097886174641299561,False,False
2020-03-10,net_cashflows,USD,0.98999999999999999,JPY,var,0.0016997880559754003,0.0016633274266093,-3.6460629366100346e-05,False,False
2020-03-10,net_cashflows,USD,0.98999999999999999,JPY,es,0.0026669033406313001,0.0026040796661715004,-6.2823674459799687e-05,False,False
2020-03-10,net_cashflows,USD,0.98999999999999999,JPY,score,0.30079683749889963,0.29428989741408973,-0.0065069400848098979,False,False
2020-03-10,net_cashflows,USD,0.98999999999999999,CHF,var,0.00058656611859270007,0.00059024721765270002,3.6810990599999566e-06,False,False
2020-03-10,net_cashflows,USD,0.98999999999999999,CHF,es,0.00071269320451920054,0.00064221002431950024,-7.0483180199700304e-05,False,False
2020-03-10,net_cashflows,USD,0.98999999999999999,CHF,score,0.10810664250388324,0.10636836510290326,-0.0017382774009799817,False,False
2020-03-17,funded_assets,EUR,0.94999999999999996,USD,var,0.00024297486769809997,0.0002211604874470998,-2.1814380251000166e-05,False,False
2020-03-17,funded_assets,EUR,0.94999999999999996,USD,es,0.0002513815564675996,0.00026497902358500053,1.3597467117400924e-05,False,False
2020-03-17,funded_assets,EUR,0.94999999999999996,USD,score,0.038297183133745527,0.036028624822177058,-0.0022685583115684693,False,False
2020-03-17,funded_assets,EUR,0.94999999999999996,GBP,var,0.00071885148824580008,0.00074057421449229971,2.1722726246499631e-05,False,False
2020-03-17,funded_assets,EUR,0.94999999999999996,GBP,es,0.0014655493239034995,0.0014520170752238999,-1.3532248679599609e-05,False,False
2020-03-17,funded_assets,EUR,0.94999999999999996,GBP,score,0.13115907590477338,0.13291307691845677,0.0017540010136833928,False,False
2020-03-17,funded_assets,EUR,0.94999999999999996,JPY,var,0.00050989113772779981,0.00046338861263829981,-4.6502525089500008e-05,False,False
2020-03-17,funded_assets,EUR,0.94999999999999996,JPY,es,0.00067622086837810028,0.00067704739389829946,8.2652552019918391e-07,False,False
2020-03-17,funded_assets,EUR,0.94999999999999996,JPY,score,0.08322422151565334,0.077770653939025713,-0.005453567576627627,False,False
2020-03-17,funded_assets,EUR,0.94999999999999996,CHF,var,0.0003466612995952998,0.00032840945493400019,-1.8251844661299615e-05,False,False
2020-03-17,funded_assets,EUR,0.94999999999999996,CHF,es,0.0003334124234333994,0.00033107410077239975,-2.3383226609996477e-06,False,False
2020-03-17,funded_assets,EUR,0.94999999999999996,CHF,score,0.053452783911387414,0.051138767971809607,-0.002314015939577807,False,False
2020-03-17,funded_assets,EUR,0.98999999999999999,USD,var,0.00028327573240899927,0.00030215833745730024,1.8882605048300971e-05,False,False
2020-03-17,funded_assets,EUR,0.98999999999999999,USD,es,0.00026576117120559982,0.00034565289452520055,7.9891723319600733e-05,False,False
2020-03-17,funded_assets,EUR,0.98999999999999999,USD,score,0.029100258556231218,0.031982528842739555,0.0028822702865083372,False,False
2020-03-17,funded_assets,EUR,0.98999999999999999,GBP,var,0.0017178957432977988,0.0017257378738681998,7.8421305704009375e-06,False,False
2020-03-17,funded_assets,EUR,0.98999999999999999,GBP,es,0.0030148415831869994,0.0029784876438098008,-3.6353939377198677e-05,False,False
2020-03-17,funded_assets,EUR,0.98999999999999999,GBP,score,0.18478688648254415,0.18501577570952321,0.00022888922697905656,False,False
2020-03-17,funded_assets,EUR,0.98999999999999999,JPY,var,0.00072647163504449899,0.00076687023070470123,4.0398595660202236e-05,False,False
2020-03-17,funded_assets,EUR,0.98999999999999999,JPY,es,0.00097535805627260025,0.0010560850132096001,8.0726956936999841e-05,False,False
2020-03-17,funded_assets,EUR,0.98999999999999999,JPY,score,0.077286698811838583,0.081919662843798591,0.0046329640319600074,False,False
2020-03-17,funded_assets,EUR,0.98999999999999999,CHF,var,0.00025556149382249989,0.00027263022685619989,1.7068733033700004e-05,False,False
2020-03-17,funded_assets,EUR,0.98999999999999999,CHF,es,0.00023331486077889964,0.00028123223703100005,4.7917376252100408e-05,False,False
2020-03-17,funded_assets,EUR,0.98999999999999999,CHF,score,0.026192113527844008,0.02843228210122728,0.0022401685733832721,False,False
2020-03-17,funded_assets,USD,0.94999999999999996,USD,var,0.00023226904404640043,0.00021369858048050049,-1.8570463565899947e-05,False,False
2020-03-17,funded_assets,USD,0.94999999999999996,USD,es,0.00024078546847569951,0.00025581113586150075,1.5025667385801245e-05,False,False
2020-03-17,funded_assets,USD,0.94999999999999996,USD,score,0.03634112736909767,0.034532708846600535,-0.001808418522497135,False,False
2020-03-17,funded_assets,USD,0.94999999999999996,GBP,var,0.00071370264571769988,0.00075207472550120006,3.8372079783500178e-05,False,False
2020-03-17,funded_assets,USD,0.94999999999999996,GBP,es,0.0015090845286674006,0.0014945526804214012,-1.4531848245999401e-05,False,False
2020-03-17,funded_assets,USD,0.94999999999999996,GBP,score,0.13105763698427264,0.1344784499887961,0.0034208130045234597,False,False
2020-03-17,funded_assets,USD,0.94999999999999996,JPY,var,0.00050798652096270026,0.0004755473766713007,-3.2439144291399567e-05,False,False
2020-03-17,funded_assets,USD,0.94999999999999996,JPY,es,0.00069963412588830085,0.00070137966307070101,1.7455371824001698e-06,False,False
2020-03-17,funded_assets,USD,0.94999999999999996,JPY,score,0.083049882763683414,0.079297477902432689,-0.0037524048612507244,False,False
2020-03-17,funded_assets,USD,0.94999999999999996,CHF,var,0.00034376263904269989,0.00033170848210110036,-1.2054156941599531e-05,False,False
2020-03-17,funded_assets,USD,0.94999999999999996,CHF,es,0.00034338391687969982,0.00034169296137570061,-1.6909555039992114e-06,False,False
2020-03-17,funded_assets,USD,0.94999999999999996,CHF,score,0.052948168368517123,0.051416909995891658,-0.0015312583726254658,False,False
2020-03-17,funded_assets,USD,0.98999999999999999,USD,var,0.00026556086498799938,0.00027847727690379943,1.291641191580005e-05,False,False
2020-03-17,funded_assets,USD,0.98999999999999999,USD,es,0.00024730037547939995,0.00032630118699089952,7.9000811511499569e-05,False,False
2020-03-17,funded_assets,USD,0.98999999999999999,USD,score,0.026933859045518815,0.029250735432274411,0.0023168763867555953,False,False
2020-03-17,funded_assets,USD,0.98999999999999999,GBP,var,0.0017241324636698002,0.0017699345941688,4.5802130498999796e-05,False,False
2020-03-17,funded_assets,USD,0.98999999999999999,GBP,es,0.0031424960161793997,0.0030996098917704992,-4.2886124408900508e-05,False,False
2020-03-17,funded_assets,USD,0.98999999999999999,GBP,score,0.18526062572328517,0.18786232587403084,0.0026017001507456783,False,False
2020-03-17,funded_assets,USD,0.98999999999999999,JPY,var,0.00074049185615329867,0.0007868869399435003,4.639508379020163e-05,False,False
2020-03-17,funded_assets,USD,0.98999999999999999,JPY,es,0.0010373033697475987,0.0011174229457912993,8.011957604370061e-05,False,False
2020-03-17,funded_assets,USD,0.98999999999999999,JPY,score,0.078442379137412921,0.083442904727958123,0.0050005255905452017,False,False
2020-03-17,funded_assets,USD,0.98999999999999999,CHF,var,0.00026120710232769954,0.00028781966034660024,2.6612558018900695e-05,False,False
2020-03-17,funded_assets,USD,0.98999999999999999,CHF,es,0.00025770116587829975,0.00030650479971259907,4.8803633834299323e-05,False,False
2020-03-17,funded_assets,USD,0.98999999999999999,CHF,score,0.026714597749824875,0.029749772231204119,0.0030351744813792436,False,False
2020-03-17,net_cashflows,EUR,0.94999999999999996,USD,var,0.00096878202751549992,0.0010006783579727006,3.1896330457200674e-05,False,False
2020-03-17,net_cashflows,EUR,0.94999999999999996,USD,es,0.0015762789542422004,0.0015625552578329002,-1.3723696409300226e-05,False,False
2020-03-17,net_cashflows,EUR,0.94999999999999996,USD,score,0.23547385496729678,0.23997403731561384,0.0045001823483170611,False,False
2020-03-17,net_cashflows,EUR,0.94999999999999996,GBP,var,0.0016281197415788,0.0016497847407718003,2.1664999193000273e-05,False,False
2020-03-17,net_cashflows,EUR,0.94999999999999996,GBP,es,0.0023552169318975004,0.0023672654908057002,1.204855890819985e-05,False,False
2020-03-17,net_cashflows,EUR,0.94999999999999996,GBP,score,0.35818550438969865,0.36199604968881882,0.0038105452991201716,False,False
2020-03-17,net_cashflows,EUR,0.94999999999999996,JPY,var,0.0015198737038488001,0.0015475345518480002,2.7660847999200038e-05,False,False
2020-03-17,net_cashflows,EUR,0.94999999999999996,JPY,es,0.0023061126012928999,0.0023012026997785004,-4.9099015143995797e-06,False,False
2020-03-17,net_cashflows,EUR,0.94999999999999996,JPY,score,0.34200229416953309,0.34599908816807901,0.0039967939985459111,False,False
2020-03-17,net_cashflows,EUR,0.94999999999999996,CHF,var,0.00064633577060119966,0.00065299105013359986,6.6552795324002073e-06,False,False
2020-03-17,net_cashflows,EUR,0.94999999999999996,CHF,es,0.00085360600355240037,0.00085585426374580002,2.2482601933996454e-06,False,False
2020-03-17,net_cashflows,EUR,0.94999999999999996,CHF,score,0.15431110444987972,0.15573574098461851,0.0014246365347387879,False,False
2020-03-17,net_cashflows,EUR,0.98999999999999999,USD,var,0.0018024963352271002,0.0017777141646304001,-2.4782170596700064e-05,False,False
2020-03-17,net_cashflows,EUR,0.98999999999999999,USD,es,0.0027996744079045992,0.0026319729793922008,-0.00016770142851239844,False,False
2020-03-17,net_cashflows,EUR,0.98999999999999999,USD,score,0.27553473248085592,0.26827051484783215,-0.0072642176330237618,False,False
2020-03-17,net_cashflows,EUR,0.98999999999999999,GBP,var,0.0028653714883198006,0.0027865837916031993,-7.878769671660138e-05,False,False
2020-03-17,net_cashflows,EUR,0.98999999999999999,GBP,es,0.0036125970614726988,0.0035890951177688004,-2.3501943703898437e-05,False,False
2020-03-17,net_cashflows,EUR,0.98999999999999999,GBP,score,0.39233132576335805,0.38335080421338574,-0.008980521549972309,False,False
2020-03-17,net_cashflows,EUR,0.98999999999999999,JPY,var,0.0025811703574043004,0.0025147212333833007,-6.6449124020999742e-05,False,False
2020-03-17,net_cashflows,EUR,0.98999999999999999,JPY,es,0.0038469470644703994,0.0037771508020059009,-6.9796262464498493e-05,False,False
2020-03-17,net_cashflows,EUR,0.98999999999999999,JPY,score,0.37139185312469714,0.36271282615887035,-0.008679026965826786,False,False
2020-03-17,net_cashflows,EUR,0.98999999999999999,CHF,var,0.0010008692516305998,0.00099917602028540015,-1.6932313451996014e-06,False,False
2020-03-17,net_cashflows,EUR,0.98999999999999999,CHF,es,0.0011919303537194,0.0010904066113853004,-0.00010152374233409964,False,False
2020-03-17,net_cashflows,EUR,0.98999999999999999,CHF,score,0.15358485804729405,0.15056126837884864,-0.0030235896684454033,False,False
2020-03-17,net_cashflows,USD,0.94999999999999996,USD,var,0.00097290024475100035,0.0010098121462410003,3.6911901489999985e-05,False,False
2020-03-17,net_cashflows,USD,0.94999999999999996,USD,es,0.0015843556733584003,0.0015690277513837995,-1.5327921974600707e-05,False,False
2020-03-17,net_cashflows,USD,0.94999999999999996,USD,score,0.23537076861985451,0.24061129656956926,0.0052405279497147461,False,False
2020-03-17,net_cashflows,USD,0.94999999999999996,GBP,var,0.0016293197495531996,0.0016588984008514,2.9578651298200424e-05,False,False
2020-03-17,net_cashflows,USD,0.94999999999999996,GBP,es,0.0023776175341297997,0.0023898726716051998,1.2255137475400066e-05,False,False
2020-03-17,net_cashflows,USD,0.94999999999999996,GBP,score,0.35762230799761507,0.36259377744747745,0.0049714694498623757,False,False
2020-03-17,net_cashflows,USD,0.94999999999999996,JPY,var,0.0015515037806206004,0.0015700982261229002,1.8594445502299797e-05,False,False
2020-03-17,net_cashflows,USD,0.94999999999999996,JPY,es,0.0023573646875265997,0.0023522346706410999,-5.1300168854998343e-06,False,False
2020-03-17,net_cashflows,USD,0.94999999999999996,JPY,score,0.34664730629636598,0.34954206224564821,0.002894755949282235,False,False
2020-03-17,net_cashflows,USD,0.94999999999999996,CHF,var,0.00066221934542329969,0.00066814028506630022,5.9209396430005314e-06,False,False
2020-03-17,net_cashflows,USD,0.94999999999999996,CHF,es,0.00087378719750149953,0.00087647929076069969,2.6920932592001609e-06,False,False
2020-03-17,net_cashflows,USD,0.94999999999999996,CHF,score,0.15702858916878792,0.15840706378623359,0.0013784746174456686,False,False
2020-03-17,net_cashflows,USD,0.98999999999999999,USD,var,0.0018095964074886992,0.0017868771141478995,-2.2719293340799605e-05,False,False
2020-03-17,net_cashflows,USD,0.98999999999999999,USD,es,0.0028182463123845999,0.0026473728936249989,-0.00017087341875960099,False,False
2020-03-17,net_cashflows,USD,0.98999999999999999,USD,score,0.27482956756838828,0.26778925095651651,-0.0070403166118717664,False,False
2020-03-17,net_cashflows,USD,0.98999999999999999,GBP,var,0.0029080634256308992,0.0028165124705809,-9.1550955049999293e-05,False,False
2020-03-17,net_cashflows,USD,0.98999999999999999,GBP,es,0.0036912086517241994,0.0036662143448791002,-2.4994306845099214e-05,False,False
2020-03-17,net_cashflows,USD,0.98999999999999999,GBP,score,0.39508017849783705,0.38508326122646519,-0.0099969172713718635,False,False
2020-03-17,net_cashflows,USD,0.98999999999999999,JPY,var,0.0026125048766378004,0.0025712483679411991,-4.1256508696601267e-05,False,False
2020-03-17,net_cashflows,USD,0.98999999999999999,JPY,es,0.0039771063536133003,0.0039034967333752991,-7.3609620238001237e-05,False,False
2020-03-17,net_cashflows,USD,0.98999999999999999,JPY,score,0.37455150826673744,0.36815594689007991,-0.0063955613766575325,False,False
2020-03-17,net_cashflows,USD,0.98999999999999999,CHF,var,0.0010627721521456,0.0010316894185134996,-3.1082733632100366e-05,False,False
2020-03-17,net_cashflows,USD,0.98999999999999999,CHF,es,0.0012342099022487002,0.0011293860395425997,-0.00010482386270610055,False,False
2020-03-17,net_cashflows,USD,0.98999999999999999,CHF,score,0.16052561437850255,0.15408129479142918,-0.0064443195870733661,False,False
2021-06-01,funded_assets,EUR,0.94999999999999996,USD,var,0.00016638026772460013,0.00019083181014800058,2.4451542423400453e-05,False,False
2021-06-01,funded_assets,EUR,0.94999999999999996,USD,es,0.00021663930856239983,0.00021303803769270012,-3.6012708696997117e-06,False,False
2021-06-01,funded_assets,EUR,0.94999999999999996,USD,score,0.040195886813677362,0.044667138781212756,0.0044712519675353946,False,False
2021-06-01,funded_assets,EUR,0.94999999999999996,GBP,var,0.00034855998754860021,0.00037280144860590055,2.4241461057300344e-05,False,False
2021-06-01,funded_assets,EUR,0.94999999999999996,GBP,es,0.00080840415973860037,0.00080198960401790028,-6.4145557207000853e-06,False,False
2021-06-01,funded_assets,EUR,0.94999999999999996,GBP,score,0.097598996091099011,0.10185677755516398,0.0042577814640649692,False,False
2021-06-01,funded_assets,EUR,0.94999999999999996,JPY,var,-0.00028640350770420004,-0.00027852128193549958,7.882225768700464e-06,False,False
2021-06-01,funded_assets,EUR,0.94999999999999996,JPY,es,-0.00027627927037880001,-0.00027631037938509982,-3.1109006299809283e-08,False,False
2021-06-01,funded_assets,EUR,0.94999999999999996,JPY,score,-0.068591237146348405,-0.067241918248245547,0.0013493188981028581,False,False
2021-06-01,funded_assets,EUR,0.94999999999999996,CHF,var,0.00015744454649690032,0.00016518293547260025,7.7383889756999294e-06,False,False
2021-06-01,funded_assets,EUR,0.94999999999999996,CHF,es,0.00025293058791359992,0.00025451254190989991,1.5819539962999909e-06,False,False
2021-06-01,funded_assets,EUR,0.94999999999999996,CHF,score,0.040107616179942518,0.041768742139838722,0.0016611259598962036,False,False
2021-06-01,funded_assets,EUR,0.98999999999999999,USD,var,0.0002225291906753999,0.00020608006332910062,-1.6449127346299282e-05,False,False
2021-06-01,funded_assets,EUR,0.98999999999999999,USD,es,0.00022270847870109987,0.00023701207826150057,1.4303599560400691e-05,False,False
2021-06-01,funded_assets,EUR,0.98999999999999999,USD,score,0.035425255320634896,0.03342907522754146,-0.0019961800930934359,False,False
2021-06-01,funded_assets,EUR,0.98999999999999999,GBP,var,0.00098317434065920035,0.0010089048043517004,2.5730463692500045e-05,False,False
2021-06-01,funded_assets,EUR,0.98999999999999999,GBP,es,0.0017179950492776999,0.0016878269429576997,-3.0168106320000235e-05,False,False
2021-06-01,funded_assets,EUR,0.98999999999999999,GBP,score,0.16278487142522025,0.1649496584453134,0.0021647870200931507,False,False
2021-06-01,funded_assets,EUR,0.98999999999999999,JPY,var,-0.00027735919430469953,-0.00028510552395649962,-7.7463296518000962e-06,False,False
2021-06-01,funded_assets,EUR,0.98999999999999999,JPY,es,-0.00017819634864840034,-0.00017932253397599969,-1.1261853275993522e-06,False,False
2021-06-01,funded_assets,EUR,0.98999999999999999,JPY,score,-0.043570987872019629,-0.044567575658627234,-0.00099658778660760561,False,False
2021-06-01,funded_assets,EUR,0.98999999999999999,CHF,var,0.00028931693090870035,0.00029834484575580033,9.0279148470999784e-06,False,False
2021-06-01,funded_assets,EUR,0.98999999999999999,CHF,es,0.00042047172257719985,0.00039949891898000047,-2.0972803597199378e-05,False,False
2021-06-01,funded_assets,EUR,0.98999999999999999,CHF,score,0.048526386583055192,0.049232310251038136,0.00070592366798294393,False,False
2021-06-01,funded_assets,USD,0.94999999999999996,USD,var,0.0001691622050366999,0.00019529023654300034,2.6128031506300435e-05,False,False
2021-06-01,funded_assets,USD,0.94999999999999996,USD,es,0.00021758145363570073,0.00021378840110069987,-3.7930525350008543e-06,False,False
2021-06-01,funded_assets,USD,0.94999999999999996,USD,score,0.04052935833895166,0.045286790139605237,0.0047574318006535776,False,False
2021-06-01,funded_assets,USD,0.94999999999999996,GBP,var,0.00035142523534180056,0.00037615874402620059,2.4733508684400031e-05,False,False
2021-06-01,funded_assets,USD,0.94999999999999996,GBP,es,0.00082252117493500018,0.00081576412652620018,-6.7570484088000024e-06,False,False
2021-06-01,funded_assets,USD,0.94999999999999996,GBP,score,0.098246801319104904,0.10260720355969788,0.0043604022405929754,False,False
2021-06-01,funded_assets,USD,0.94999999999999996,JPY,var,-0.00029018193607479974,-0.00027745208202489954,1.2729854049900197e-05,False,False
2021-06-01,funded_assets,USD,0.94999999999999996,JPY,es,-0.00027928041059789924,-0.00027922253412810023,5.7876469799003627e-08,False,False
2021-06-01,funded_assets,USD,0.94999999999999996,JPY,score,-0.069094922010451754,-0.066813600708273135,0.0022813213021786183,False,False
2021-06-01,funded_assets,USD,0.94999999999999996,CHF,var,0.00016113999746450013,0.0001680362914740002,6.8962940095000647e-06,False,False
2021-06-01,funded_assets,USD,0.94999999999999996,CHF,es,0.00025846786264300051,0.00026004241472989999,1.5745520868994806e-06,False,False
2021-06-01,funded_assets,USD,0.94999999999999996,CHF,score,0.040806363878369112,0.042330689207096484,0.0015243253287273717,False,False
2021-06-01,funded_assets,USD,0.98999999999999999,USD,var,0.00022850433136409939,0.00020322881785610029,-2.5275513507999094e-05,False,False
2021-06-01,funded_assets,USD,0.98999999999999999,USD,es,0.00022021401314789926,0.0002334069248960003,1.3192911748101041e-05,False,False
2021-06-01,funded_assets,USD,0.98999999999999999,USD,score,0.035955874908800922,0.032729697048226036,-0.0032261778605748859,False,False
2021-06-01,funded_assets,USD,0.98999999999999999,GBP,var,0.001026205617991,0.0010248716410373006,-1.3339769536994256e-06,False,False
2021-06-01,funded_assets,USD,0.98999999999999999,GBP,es,0.001765696829097399,0.0017330810631783992,-3.2615765918999826e-05,False,False
2021-06-01,funded_assets,USD,0.98999999999999999,GBP,score,0.16783709926330381,0.1666974017255809,-0.0011396975377229168,False,False
2021-06-01,funded_assets,USD,0.98999999999999999,JPY,var,-0.00026707578946570058,-0.00028951595482919982,-2.2440165363499243e-05,False,False
2021-06-01,funded_assets,USD,0.98999999999999999,JPY,es,-0.00017635002703610039,-0.00017911780527019982,-2.7677782340994328e-06,False,False
2021-06-01,funded_assets,USD,0.98999999999999999,JPY,score,-0.0417452802792182,-0.04483981720891439,-0.00309453692969619,False,False
2021-06-01,funded_assets,USD,0.98999999999999999,CHF,var,0.00030587905264760004,0.00031242871084480057,6.5496581972005266e-06,False,False
2021-06-01,funded_assets,USD,0.98999999999999999,CHF,es,0.0004387656088831,0.00041644020920810019,-2.2325399674999816e-05,False,False
2021-06-01,funded_assets,USD,0.98999999999999999,CHF,score,0.050812461420375321,0.051095238305628676,0.0002827768852533552,False,False
2021-06-01,net_cashflows,EUR,0.94999999999999996,USD,var,-5.1361177183800386e-05,-6.3822609384200056e-05,-1.2461432200399671e-05,False,False
2021-06-01,net_cashflows,EUR,0.94999999999999996,USD,es,-0.00012804950225059992,-0.00013007531495630009,-2.0258127057001633e-06,False,False
2021-06-01,net_cashflows,EUR,0.94999999999999996,USD,score,-0.023090613359689094,-0.026772945786657232,-0.0036823324269681379,False,False
2021-06-01,net_cashflows,EUR,0.94999999999999996,GBP,var,0.00011177792342509981,9.2286674632899909e-05,-1.9491248792199902e-05,False,False
2021-06-01,net_cashflows,EUR,0.94999999999999996,GBP,es,0.00030265323164679978,0.00028881952537219979,-1.383370627459999e-05,False,False
2021-06-01,net_cashflows,EUR,0.94999999999999996,GBP,score,0.050657967611727805,0.044626341581059492,-0.0060316260306683134,False,False
2021-06-01,net_cashflows,EUR,0.94999999999999996,JPY,var,-0.00015371607946870021,-0.00016546543973629995,-1.1749360267599741e-05,False,False
2021-06-01,net_cashflows,EUR,0.94999999999999996,JPY,es,-0.00024605424837930009,-0.00026263081475480033,-1.6576566375500236e-05,False,False
2021-06-01,net_cashflows,EUR,0.94999999999999996,JPY,score,-0.061114136121789286,-0.065630778137337309,-0.0045166420155480225,False,False
2021-06-01,net_cashflows,EUR,0.94999999999999996,CHF,var,0.00023759552947359968,0.00024213953053959982,4.5440010660001418e-06,False,False
2021-06-01,net_cashflows,EUR,0.94999999999999996,CHF,es,0.00029644046070159994,0.00026978822151589978,-2.6652239185700165e-05,False,False
2021-06-01,net_cashflows,EUR,0.94999999999999996,CHF,score,0.082557131044993071,0.081886266964566801,-0.00067086408042626999,False,False
2021-06-01,net_cashflows,EUR,0.98999999999999999,USD,var,-0.00014938365960090027,-0.00016215767571740002,-1.2774016116499746e-05,False,False
2021-06-01,net_cashflows,EUR,0.98999999999999999,USD,es,-0.0003670582027098003,-0.00032079563647839995,4.6262566231400348e-05,False,False
2021-06-01,net_cashflows,EUR,0.98999999999999999,USD,score,-0.043514111104717479,-0.044131073836877199,-0.00061696273215972042,False,False
2021-06-01,net_cashflows,EUR,0.98999999999999999,GBP,var,0.00037206927972449969,0.00038171247755870025,9.643197834200562e-06,False,False
2021-06-01,net_cashflows,EUR,0.98999999999999999,GBP,es,0.00060633145987930032,0.00072427382979230008,0.00011794236991299976,False,False
2021-06-01,net_cashflows,EUR,0.98999999999999999,GBP,score,0.091795875821151007,0.097079704989752713,0.0052838291686017058,False,False
2021-06-01,net_cashflows,EUR,0.98999999999999999,JPY,var,-0.00026687850666479987,-0.00030901023743759972,-4.2131730772799851e-05,False,False
2021-06-01,net_cashflows,EUR,0.98999999999999999,JPY,es,-0.00058498565991770002,-0.00052066849870180051,6.4317161215899504e-05,False,False
2021-06-01,net_cashflows,EUR,0.98999999999999999,JPY,score,-0.076157773804837348,-0.082597373749361935,-0.0064395999445245877,False,False
2021-06-01,net_cashflows,EUR,0.98999999999999999,CHF,var,0.00034344280676860007,0.0003085933313931007,-3.4849475375499372e-05,False,False
2021-06-01,net_cashflows,EUR,0.98999999999999999,CHF,es,0.00023384906859979984,0.00028310628100539949,4.9257212405599653e-05,False,False
2021-06-01,net_cashflows,EUR,0.98999999999999999,CHF,score,0.074124651229121596,0.069089863258298578,-0.0050347879708230181,False,False
2021-06-01,net_cashflows,USD,0.94999999999999996,USD,var,-5.4383968345699928e-05,-6.4615485518900329e-05,-1.0231517173200401e-05,False,False
2021-06-01,net_cashflows,USD,0.94999999999999996,USD,es,-0.00013083143342169966,-0.00013244881554109978,-1.6173821194001223e-06,False,False
2021-06-01,net_cashflows,USD,0.94999999999999996,USD,score,-0.024061590341442063,-0.027053687875380206,-0.0029920975339381428,False,False
2021-06-01,net_cashflows,USD,0.94999999999999996,GBP,var,0.00010689778276909987,9.0888057086899784e-05,-1.6009725682200084e-05,False,False
2021-06-01,net_cashflows,USD,0.94999999999999996,GBP,es,0.00030843774101799995,0.00029480202019130028,-1.3635720826699668e-05,False,False
2021-06-01,net_cashflows,USD,0.94999999999999996,GBP,score,0.04964307154496872,0.044529375514558822,-0.0051136960304098977,False,False
2021-06-01,net_cashflows,USD,0.94999999999999996,JPY,var,-0.00015531238832219981,-0.00016873256452980007,-1.3420176207600259e-05,False,False
2021-06-01,net_cashflows,USD,0.94999999999999996,JPY,es,-0.00024988169089249987,-0.00026635503931229975,-1.6473348419799878e-05,False,False
2021-06-01,net_cashflows,USD,0.94999999999999996,JPY,score,-0.061614008260751696,-0.06658981649838136,-0.0049758082376296642,False,False
2021-06-01,net_cashflows,USD,0.94999999999999996,CHF,var,0.00023990590254829988,0.00024289641025999984,2.9905077116999627e-06,False,False
2021-06-01,net_cashflows,USD,0.94999999999999996,CHF,es,0.00030043653340690009,0.00027385642290110026,-2.658011050579983e-05,False,False
2021-06-01,net_cashflows,USD,0.94999999999999996,CHF,score,0.083077760015288327,0.081997068559293673,-0.0010806914559946534,False,False
2021-06-01,net_cashflows,USD,0.98999999999999999,USD,var,-0.00015798262774519966,-0.00015923135302549959,-1.2487252802999282e-06,False,False
2021-06-01,net_cashflows,USD,0.98999999999999999,USD,es,-0.00037293339658270048,-0.0003257326942194003,4.7200702363300179e-05,False,False
2021-06-01,net_cashflows,USD,0.98999999999999999,USD,score,-0.045315586253503071,-0.043502761518007915,0.0018128247354951554,False,False
2021-06-01,net_cashflows,USD,0.98999999999999999,GBP,var,0.00038027439268180016,0.00039476290205239968,1.448850937059952e-05,False,False
2021-06-01,net_cashflows,USD,0.98999999999999999,GBP,es,0.00062348053688700018,0.00074458693438559948,0.00012110639749859931,False,False
2021-06-01,net_cashflows,USD,0.98999999999999999,GBP,score,0.093387237954292601,0.099721993118806473,0.0063347551645138722,False,False
2021-06-01,net_cashflows,USD,0.98999999999999999,JPY,var,-0.00026365359245999944,-0.00030755056754080013,-4.389697508080069e-05,False,False
2021-06-01,net_cashflows,USD,0.98999999999999999,JPY,es,-0.00059551645050320064,-0.00052810768954800018,6.7408760955200465e-05,False,False
2021-06-01,net_cashflows,USD,0.98999999999999999,JPY,score,-0.075382178474973749,-0.08217610114638596,-0.0067939226714122114,False,False
2021-06-01,net_cashflows,USD,0.98999999999999999,CHF,var,0.00035115695914550004,0.0003150529228860997,-3.6104036259400341e-05,False,False
2021-06-01,net_cashflows,USD,0.98999999999999999,CHF,es,0.00023788406646319937,0.00028903718702149965,5.1153120558300284e-05,False,False
2021-06-01,net_cashflows,USD,0.98999999999999999,CHF,score,0.075263614444276428,0.070159953746043335,-0.0051036606982330923,False,False
2022-09-22,funded_assets,EUR,0.94999999999999996,USD,var,7.5701922867999968e-05,0.00012729614591829985,5.1594223050299877e-05,False,False
2022-09-22,funded_assets,EUR,0.94999999999999996,USD,es,0.00014678775557890045,0.00013888445975820084,-7.9032958206996101e-06,False,False
2022-09-22,funded_assets,EUR,0.94999999999999996,USD,score,0.012375026866572547,0.017971365115494464,0.0055963382489219171,False,False
2022-09-22,funded_assets,EUR,0.94999999999999996,GBP,var,-0.0018482260996929003,-0.0018450516451583004,3.1744545345999478e-06,False,False
2022-09-22,funded_assets,EUR,0.94999999999999996,GBP,es,-0.0022580128534538998,-0.0022710456696619996,-1.3032816208099866e-05,False,False
2022-09-22,funded_assets,EUR,0.94999999999999996,GBP,score,-0.31365808693322084,-0.31397093086477046,-0.00031284393154962231,False,False
2022-09-22,funded_assets,EUR,0.94999999999999996,JPY,var,2.924327791639994e-05,4.8877964865399505e-05,1.9634686948999565e-05,False,False
2022-09-22,funded_assets,EUR,0.94999999999999996,JPY,es,0.0002437519422613995,0.00022654798495460107,-1.7203957306798426e-05,False,False
2022-09-22,funded_assets,EUR,0.94999999999999996,JPY,score,0.0097792287354971918,0.011520400648425522,0.0017411719129283298,False,False
2022-09-22,funded_assets,EUR,0.94999999999999996,CHF,var,0.0029567460825205005,0.002977898338722299,2.1152256201798468e-05,False,False
2022-09-22,funded_assets,EUR,0.94999999999999996,CHF,es,0.0038075376864509999,0.0037998076711614013,-7.7300152895986435e-06,False,False
2022-09-22,funded_assets,EUR,0.94999999999999996,CHF,score,0.36181912265902305,0.36363819839341893,0.0018190757343958808,False,False
2022-09-22,funded_assets,EUR,0.98999999999999999,USD,var,0.00017859491566600029,8.9829019712899319e-05,-8.8765895953100971e-05,False,False
2022-09-22,funded_assets,EUR,0.98999999999999999,USD,es,0.00034206516938699999,0.00017723206580129956,-0.00016483310358570043,False,False
2022-09-22,funded_assets,EUR,0.98999999999999999,USD,score,0.019342807839723086,0.0098124356518365374,-0.0095303721878865488,False,False
2022-09-22,funded_assets,EUR,0.98999999999999999,GBP,var,-0.0025447406656937998,-0.0025841218703156008,-3.9381204621801065e-05,False,False
2022-09-22,funded_assets,EUR,0.98999999999999999,GBP,es,-0.002693129465967399,-0.0028223802185428012,-0.00012925075257540219,False,False
2022-09-22,funded_assets,EUR,0.98999999999999999,GBP,score,-0.28784903436050335,-0.29313131394014036,-0.0052822795796370059,False,False
2022-09-22,funded_assets,EUR,0.98999999999999999,JPY,var,0.00029167624735390064,0.00025272830941459878,-3.894793793930186e-05,False,False
2022-09-22,funded_assets,EUR,0.98999999999999999,JPY,es,0.00070156488642220127,0.00058071733096919965,-0.00012084755545300162,False,False
2022-09-22,funded_assets,EUR,0.98999999999999999,JPY,score,0.033366205154298889,0.028537859580305636,-0.0048283455739932535,False,False
2022-09-22,funded_assets,EUR,0.98999999999999999,CHF,var,0.0042676283463864012,0.0042583560961149992,-9.2722502714019661e-06,False,False
2022-09-22,funded_assets,EUR,0.98999999999999999,CHF,es,0.0050569404236642003,0.0049822799870188009,-7.4660436645399356e-05,False,False
2022-09-22,funded_assets,EUR,0.98999999999999999,CHF,score,0.35536525624547899,0.35290270910924448,-0.0024625471362345053,False,False
2022-09-22,funded_assets,USD,0.94999999999999996,USD,var,8.6094969826699952e-05,0.00014047741101350011,5.4382441186800155e-05,False,False
2022-09-22,funded_assets,USD,0.94999999999999996,USD,es,0.00014850585537900043,0.00013991861362110114,-8.5872417578992943e-06,False,False
2022-09-22,funded_assets,USD,0.94999999999999996,USD,score,0.013473035930134714,0.019320830811089706,0.0058477948809549929,False,False
2022-09-22,funded_assets,USD,0.94999999999999996,GBP,var,-0.0018801904848119999,-0.0018659225630380007,1.4267921773999243e-05,False,False
2022-09-22,funded_assets,USD,0.94999999999999996,GBP,es,-0.0022943822662661994,-0.0023074628895197995,-1.3080623253600154e-05,False,False
2022-09-22,funded_assets,USD,0.94999999999999996,GBP,score,-0.31668877607349089,-0.31566412456143489,0.0010246515120559962,False,False
2022-09-22,funded_assets,USD,0.94999999999999996,JPY,var,3.176666136650054e-05,5.7942928804099667e-05,2.6176267437599127e-05,False,False
2022-09-22,funded_assets,USD,0.94999999999999996,JPY,es,0.00026402171997940045,0.00024652874819749981,-1.7492971781900638e-05,False,False
2022-09-22,funded_assets,USD,0.94999999999999996,JPY,score,0.01054495200749983,0.012999503387229439,0.0024545513797296081,False,False
2022-09-22,funded_assets,USD,0.94999999999999996,CHF,var,0.0030169198016947009,0.0030281593730117993,1.1239571317098358e-05,False,False
2022-09-22,funded_assets,USD,0.94999999999999996,CHF,es,0.0038846283337674002,0.0038759819958157013,-8.6463379516989181e-06,False,False
2022-09-22,funded_assets,USD,0.94999999999999996,CHF,score,0.36532699054307205,0.36663166425870219,0.0013046737156301447,False,False
2022-09-22,funded_assets,USD,0.98999999999999999,USD,var,0.00015553741871849984,7.6490461314901448e-05,-7.9046957403598392e-05,False,True
2022-09-22,funded_assets,USD,0.98999999999999999,USD,es,0.00033795374202909984,0.00016930336337989994,-0.00016865037864919989,False,False
2022-09-22,funded_assets,USD,0.98999999999999999,USD,score,0.017189221043945047,0.0085076898796092593,-0.0086815311643357873,False,True
2022-09-22,funded_assets,USD,0.98999999999999999,GBP,var,-0.0025817421059473999,-0.0026310431896496992,-4.9301083702299291e-05,False,False
2022-09-22,funded_assets,USD,0.98999999999999999,GBP,es,-0.002754077442179299,-0.0028803335178190989,-0.00012625607563979992,False,False
2022-09-22,funded_assets,USD,0.98999999999999999,GBP,score,-0.28907460625265102,-0.29541755868780939,-0.0063429524351583666,False,False
2022-09-22,funded_assets,USD,0.98999999999999999,JPY,var,0.00034615315332089946,0.00027348714967750064,-7.2666003643398827e-05,False,False
2022-09-22,funded_assets,USD,0.98999999999999999,JPY,es,0.0007507745210127998,0.00063018836549530097,-0.00012058615551749884,False,False
2022-09-22,funded_assets,USD,0.98999999999999999,JPY,score,0.037988915279565383,0.030560475057739289,-0.0074284402218260936,False,False
2022-09-22,funded_assets,USD,0.98999999999999999,CHF,var,0.0043956380911021001,0.0043527783871722004,-4.285970392989974e-05,False,False
2022-09-22,funded_assets,USD,0.98999999999999999,CHF,es,0.0051943265593038003,0.0051198462538854014,-7.4480305418398937e-05,False,False
2022-09-22,funded_assets,USD,0.98999999999999999,CHF,score,0.36056161859391178,0.35623240871975081,-0.0043292098741609664,False,False
2022-09-22,net_cashflows,EUR,0.94999999999999996,USD,var,0.00029262419000089957,0.00024752929545529979,-4.5094894545599784e-05,False,False
2022-09-22,net_cashflows,EUR,0.94999999999999996,USD,es,0.00017554118114399952,0.00017778647758100001,2.2452964370004921e-06,False,False
2022-09-22,net_cashflows,EUR,0.94999999999999996,USD,score,0.053268224046866486,0.046245588831807183,-0.007022635215059303,False,False
2022-09-22,net_cashflows,EUR,0.94999999999999996,GBP,var,-0.00053106542345170062,-0.00055265922070790036,-2.1593797256199733e-05,False,False
2022-09-22,net_cashflows,EUR,0.94999999999999996,GBP,es,-0.00085733962889800001,-0.00085643230830169999,9.0732059630001943e-07,False,False
2022-09-22,net_cashflows,EUR,0.94999999999999996,GBP,score,-0.12792684273776356,-0.1317491399090791,-0.0038222971713155474,False,False
2022-09-22,net_cashflows,EUR,0.94999999999999996,JPY,var,0.00024094138582969951,0.00023978461316379995,-1.156772665899565e-06,False,False
2022-09-22,net_cashflows,EUR,0.94999999999999996,JPY,es,0.00022064449517679961,0.00022909166137329972,8.4471661965001069e-06,False,False
2022-09-22,net_cashflows,EUR,0.94999999999999996,JPY,score,0.046785834072216481,0.046891438121697604,0.00010560404948112279,False,False
2022-09-22,net_cashflows,EUR,0.94999999999999996,CHF,var,0.0001948327715369999,0.00019388451519130028,-9.4825634569962319e-07,False,False
2022-09-22,net_cashflows,EUR,0.94999999999999996,CHF,es,0.0002482669961584999,0.00025280483533229956,4.537839173799664e-06,False,False
2022-09-22,net_cashflows,EUR,0.94999999999999996,CHF,score,0.040636368499724185,0.040621916868726515,-1.445163099766944e-05,False,False
2022-09-22,net_cashflows,EUR,0.98999999999999999,USD,var,0.00012341887992190024,0.0001243870501043999,9.6817018249966552e-07,False,False
2022-09-22,net_cashflows,EUR,0.98999999999999999,USD,es,-0.00032908718733829986,-0.00015175014201549916,0.0001773370453228007,False,True
2022-09-22,net_cashflows,EUR,0.98999999999999999,USD,score,0.0084635950926941206,0.011866860298956006,0.0034032652062618851,False,False
2022-09-22,net_cashflows,EUR,0.98999999999999999,GBP,var,-0.0010705046558924002,-0.0010506094729590999,1.9895182933300261e-05,False,False
2022-09-22,net_cashflows,EUR,0.98999999999999999,GBP,es,-0.0015210667855892999,-0.0013885925561104998,0.00013247422947880016,False,False
2022-09-22,net_cashflows,EUR,0.98999999999999999,GBP,score,-0.16844367598634591,-0.16299015891496094,0.0054535170713849723,False,False
2022-09-22,net_cashflows,EUR,0.98999999999999999,JPY,var,0.00022459694293260057,0.00023629587467929956,1.1698931746698983e-05,False,False
2022-09-22,net_cashflows,EUR,0.98999999999999999,JPY,es,1.0478716704700325e-05,0.00010192712769799966,9.1448410993299339e-05,False,False
2022-09-22,net_cashflows,EUR,0.98999999999999999,JPY,score,0.026127447992766228,0.029362221310185177,0.0032347733174189486,False,False
2022-09-22,net_cashflows,EUR,0.98999999999999999,CHF,var,0.0002613317826483004,0.00026818283547559978,6.8510528272993851e-06,False,False
2022-09-22,net_cashflows,EUR,0.98999999999999999,CHF,es,0.0002424293796360992,0.00032062770096150106,7.8198321325401859e-05,False,False
2022-09-22,net_cashflows,EUR,0.98999999999999999,CHF,score,0.034643591679538233,0.037042261026953405,0.0023986693474151721,False,False
2022-09-22,net_cashflows,USD,0.94999999999999996,USD,var,0.00029447511599049996,0.00025909170155279972,-3.5383414437700246e-05,False,False
2022-09-22,net_cashflows,USD,0.94999999999999996,USD,es,0.00018636905956970033,0.00019028239811250038,3.9133385428000503e-06,False,False
2022-09-22,net_cashflows,USD,0.94999999999999996,USD,score,0.053701620679778905,0.048327933207308327,-0.0053736874724705785,False,False
2022-09-22,net_cashflows,USD,0.94999999999999996,GBP,var,-0.00054595059877889963,-0.00056192607415330061,-1.5975475374400971e-05,False,False
2022-09-22,net_cashflows,USD,0.94999999999999996,GBP,es,-0.00086977518888289949,-0.00086812769349229983,1.6474953905996556e-06,False,False
2022-09-22,net_cashflows,USD,0.94999999999999996,GBP,score,-0.13065894662164634,-0.13352768356853595,-0.0028687369468896051,False,False
2022-09-22,net_cashflows,USD,0.94999999999999996,JPY,var,0.00026263377935850044,0.00026279829263289953,1.645132743990918e-07,False,False
2022-09-22,net_cashflows,USD,0.94999999999999996,JPY,es,0.00025846203920179989,0.0002674454846372,8.9834454354001045e-06,False,False
2022-09-22,net_cashflows,USD,0.94999999999999996,JPY,score,0.051336407785322891,0.051697392530777542,0.00036098474545465109,False,False
2022-09-22,net_cashflows,USD,0.94999999999999996,CHF,var,0.00018096762420630012,0.00018408629612000002,3.1186719136998969e-06,False,False
2022-09-22,net_cashflows,USD,0.94999999999999996,CHF,es,0.00023432573531540022,0.0002390677615907999,4.7420262753996786e-06,False,False
2022-09-22,net_cashflows,USD,0.94999999999999996,CHF,score,0.037780248714073927,0.038440868430673625,0.00066061971659969743,False,False
2022-09-22,net_cashflows,USD,0.98999999999999999,USD,var,0.00010787497766350049,0.00012653293166010014,1.8657953996599648e-05,False,False
2022-09-22,net_cashflows,USD,0.98999999999999999,USD,es,-0.00032034526357919979,-0.00013930538767609885,0.00018103987590310094,False,True
2022-09-22,net_cashflows,USD,0.98999999999999999,USD,score,0.006717753027150053,0.012235134157407401,0.0055173811302573483,False,False
2022-09-22,net_cashflows,USD,0.98999999999999999,GBP,var,-0.0011104504582584995,-0.0010686920542798996,4.1758403978599951e-05,False,False
2022-09-22,net_cashflows,USD,0.98999999999999999,GBP,es,-0.0015448990965500004,-0.0014062477316219993,0.00013865136492800106,False,False
2022-09-22,net_cashflows,USD,0.98999999999999999,GBP,score,-0.1730544317077527,-0.16480780465904132,0.0082466270487113746,False,False
2022-09-22,net_cashflows,USD,0.98999999999999999,JPY,var,0.00024766465441440014,0.00028279969930100016,3.513504488660002e-05,False,False
2022-09-22,net_cashflows,USD,0.98999999999999999,JPY,es,7.204194078599957e-05,0.00016885910494130081,9.6817164155301241e-05,False,False
2022-09-22,net_cashflows,USD,0.98999999999999999,JPY,score,0.029673619709424948,0.035669299341094529,0.0059956796316695815,False,False
2022-09-22,net_cashflows,USD,0.98999999999999999,CHF,var,0.00022626306134080048,0.00023978899187080023,1.3525930529999751e-05,False,False
2022-09-22,net_cashflows,USD,0.98999999999999999,CHF,es,0.0002146938838617999,0.00029407083644030114,7.9376952578501248e-05,False,False
2022-09-22,net_cashflows,USD,0.98999999999999999,CHF,score,0.029926102707409363,0.03312695569150037,0.0032008529840910072,False,False
2023-04-03,funded_assets,EUR,0.94999999999999996,USD,var,0.00050835699903340002,0.00052235585047699998,1.3998851443599962e-05,False,False
2023-04-03,funded_assets,EUR,0.94999999999999996,USD,es,0.00060336734657179952,0.00057651465437369952,-2.6852692198100006e-05,False,False
2023-04-03,funded_assets,EUR,0.94999999999999996,USD,score,0.072037103293931537,0.072937489771653041,0.00090038647772150426,False,False
2023-04-03,funded_assets,EUR,0.94999999999999996,GBP,var,-0.0019375994120576995,-0.0019314187470954999,6.180664962199614e-06,False,False
2023-04-03,funded_assets,EUR,0.94999999999999996,GBP,es,-0.0020862670912359998,-0.0021149907339158003,-2.8723642679800467e-05,False,False
2023-04-03,funded_assets,EUR,0.94999999999999996,GBP,score,-0.32562064634346299,-0.32614241442146685,-0.00052176807800385916,False,False
2023-04-03,funded_assets,EUR,0.94999999999999996,JPY,var,0.002349996705189001,0.0023454780248995995,-4.5186802894014305e-06,False,False
2023-04-03,funded_assets,EUR,0.94999999999999996,JPY,es,0.0031594118715533998,0.0031321316063720999,-2.7280265181299848e-05,False,False
2023-04-03,funded_assets,EUR,0.94999999999999996,JPY,score,0.30396326759337278,0.30330556489431881,-0.00065770269905396361,False,False
2023-04-03,funded_assets,EUR,0.94999999999999996,CHF,var,4.8123427478000656e-05,3.5893989420700267e-05,-1.2229438057300389e-05,False,False
2023-04-03,funded_assets,EUR,0.94999999999999996,CHF,es,0.00012839485537950029,0.00011058705917130034,-1.7807796208199958e-05,False,False
2023-04-03,funded_assets,EUR,0.94999999999999996,CHF,score,0.008963638435512955,0.0071143031566123227,-0.0018493352789006323,False,False
2023-04-03,funded_assets,EUR,0.98999999999999999,USD,var,0.00058941819552099997,0.00060310443723859963,1.3686241717599662e-05,False,False
2023-04-03,funded_assets,EUR,0.98999999999999999,USD,es,0.00070182705679109995,0.00066574080345579989,-3.6086253335300064e-05,False,False
2023-04-03,funded_assets,EUR,0.98999999999999999,USD,score,0.057240282375852658,0.057963094526346737,0.00072281215049407876,False,False
2023-04-03,funded_assets,EUR,0.98999999999999999,GBP,var,-0.0022471463229635997,-0.0022743607551401002,-2.7214432176500547e-05,False,False
2023-04-03,funded_assets,EUR,0.98999999999999999,GBP,es,-0.0021510507468498006,-0.0021656364377524995,-1.4585690902698886e-05,False,False
2023-04-03,funded_assets,EUR,0.98999999999999999,GBP,score,-0.24434352693766392,-0.24787167761540996,-0.0035281506777460336,False,False
2023-04-03,funded_assets,EUR,0.98999999999999999,JPY,var,0.0035744301734842009,0.0036035411680432998,2.9110994559098866e-05,False,False
2023-04-03,funded_assets,EUR,0.98999999999999999,JPY,es,0.0043987847795346011,0.0043597442683010988,-3.9040511233502315e-05,False,False
2023-04-03,funded_assets,EUR,0.98999999999999999,JPY,score,0.3068931344372352,0.30868810337890817,0.0017949689416729697,False,False
2023-04-03,funded_assets,EUR,0.98999999999999999,CHF,var,0.00013952432152780116,0.00014075772748249962,1.233405954698466e-06,False,False
2023-04-03,funded_assets,EUR,0.98999999999999999,CHF,es,0.00020831787803310062,0.00022509166487990132,1.6773786846800698e-05,False,False
2023-04-03,funded_assets,EUR,0.98999999999999999,CHF,score,0.014407873680140071,0.014756126473537634,0.00034825279339756321,False,False
2023-04-03,funded_assets,USD,0.94999999999999996,USD,var,0.00053173330239129988,0.00053758820682940026,5.8549044381003834e-06,False,False
2023-04-03,funded_assets,USD,0.94999999999999996,USD,es,0.00061404848677720086,0.00058639110050340108,-2.7657386273799781e-05,False,False
2023-04-03,funded_assets,USD,0.94999999999999996,USD,score,0.074320667737361568,0.074280796559775375,-3.987117758619263e-05,False,False
2023-04-03,funded_assets,USD,0.94999999999999996,GBP,var,-0.0019649372095856994,-0.0019554666069388996,9.4706026467997889e-06,False,False
2023-04-03,funded_assets,USD,0.94999999999999996,GBP,es,-0.0021248735182425992,-0.0021534112634749997,-2.8537745232400449e-05,False,False
2023-04-03,funded_assets,USD,0.94999999999999996,GBP,score,-0.32867317243513483,-0.32851250406982846,0.00016066836530637119,False,False
2023-04-03,funded_assets,USD,0.94999999999999996,JPY,var,0.0024073746031783002,0.0023878037572534006,-1.9570845924899577e-05,False,False
2023-04-03,funded_assets,USD,0.94999999999999996,JPY,es,0.0032339076597017007,0.0032059121722305007,-2.7995487471199967e-05,False,False
2023-04-03,funded_assets,USD,0.94999999999999996,JPY,score,0.30856141532657499,0.30648200986571705,-0.0020794054608579415,False,False
2023-04-03,funded_assets,USD,0.94999999999999996,CHF,var,4.9664794297600394e-05,3.2801549819600276e-05,-1.6863244478000118e-05,False,False
2023-04-03,funded_assets,USD,0.94999999999999996,CHF,es,0.00012585026894090107,0.0001078471045758006,-1.8003164365100466e-05,False,False
2023-04-03,funded_assets,USD,0.94999999999999996,CHF,score,0.0090269021724536103,0.0066551137371169133,-0.0023717884353366969,False,False
2023-04-03,funded_assets,USD,0.98999999999999999,USD,var,0.00059529134025690031,0.00061325957066920081,1.7968230412300501e-05,False,False
2023-04-03,funded_assets,USD,0.98999999999999999,USD,es,0.00070909424729139955,0.00067353136929629992,-3.5562877995099634e-05,False,False
2023-04-03,funded_assets,USD,0.98999999999999999,USD,score,0.057159035006427494,0.058208475054944309,0.0010494400485168143,False,False
2023-04-03,funded_assets,USD,0.98999999999999999,GBP,var,-0.0023223750635525996,-0.0023334646522535996,-1.1089588700999992e-05,False,False
2023-04-03,funded_assets,USD,0.98999999999999999,GBP,es,-0.0022024130614015005,-0.0022187039399904004,-1.6290878588899951e-05,False,False
2023-04-03,funded_assets,USD,0.98999999999999999,GBP,score,-0.24982756240415416,-0.25171697823231121,-0.0018894158281570483,False,False
2023-04-03,funded_assets,USD,0.98999999999999999,JPY,var,0.0036923540487989008,0.0036993806788058001,7.0266300068993343e-06,False,False
2023-04-03,funded_assets,USD,0.98999999999999999,JPY,es,0.0045431207490608007,0.0045020475465461004,-4.1073202514700299e-05,False,False
2023-04-03,funded_assets,USD,0.98999999999999999,JPY,score,0.31249168709699582,0.3128842226698767,0.00039253557288088103,False,False
2023-04-03,funded_assets,USD,0.98999999999999999,CHF,var,9.3941964194099725e-05,0.00010932772526250044,1.5385761068400713e-05,False,False
2023-04-03,funded_assets,USD,0.98999999999999999,CHF,es,0.0002095802557572999,0.00022638815492950076,1.6807899172200866e-05,False,False
2023-04-03,funded_assets,USD,0.98999999999999999,CHF,score,0.010548208905736267,0.012046355730343627,0.0014981468246073604,False,False
2023-04-03,net_cashflows,EUR,0.94999999999999996,USD,var,9.398740664350036e-05,8.4185573217699511e-05,-9.8018334258008488e-06,False,False
2023-04-03,net_cashflows,EUR,0.94999999999999996,USD,es,-4.6297879095499352e-05,-4.3742478978900205e-05,2.5554001165991463e-06,False,False
2023-04-03,net_cashflows,EUR,0.94999999999999996,USD,score,-0.26813825685334747,-0.2396478401922244,0.028490416661123064,False,False
2023-04-03,net_cashflows,EUR,0.94999999999999996,GBP,var,-0.0014275060664925999,-0.0014451656663417006,-1.7659599849100677e-05,False,False
2023-04-03,net_cashflows,EUR,0.94999999999999996,GBP,es,-0.0019127698179754998,-0.0019200384041255002,-7.2685861500004431e-06,False,False
2023-04-03,net_cashflows,EUR,0.94999999999999996,GBP,score,6.857877943339977,6.9500080052577191,0.09213006191774209,False,False
2023-04-03,net_cashflows,EUR,0.94999999999999996,JPY,var,0.0001989668366281002,0.00021631169928479962,1.7344862656699413e-05,False,False
2023-04-03,net_cashflows,EUR,0.94999999999999996,JPY,es,0.00013625401232730035,0.00014613425533860011,9.8802430112997566e-06,False,False
2023-04-03,net_cashflows,EUR,0.94999999999999996,JPY,score,-0.61439275017478856,-0.66661718930645097,-0.052224439131662415,False,False
2023-04-03,net_cashflows,EUR,0.94999999999999996,CHF,var,-0.00075468598533830027,-0.00076502675062530001,-1.0340765286999745e-05,False,False
2023-04-03,net_cashflows,EUR,0.94999999999999996,CHF,es,-0.0010631890609239993,-0.0010617363636933001,1.452697230699268e-06,False,False
2023-04-03,net_cashflows,EUR,0.94999999999999996,CHF,score,3.051701946786761,3.0878529399258952,0.036150993139134169,False,False
2023-04-03,net_cashflows,EUR,0.98999999999999999,USD,var,-0.00016193347253659965,-0.00015804794404900013,3.8855284875995155e-06,False,False
2023-04-03,net_cashflows,EUR,0.98999999999999999,USD,es,-0.00050756392518620103,-0.00031499750627670027,0.00019256641890950076,False,False
2023-04-03,net_cashflows,EUR,0.98999999999999999,USD,score,-0.028211484605381365,-0.024053220606704784,0.0041582639986765813,False,False
2023-04-03,net_cashflows,EUR,0.98999999999999999,GBP,var,-0.0021854208518416992,-0.0022104484425590001,-2.5027590717300978e-05,False,False
2023-04-03,net_cashflows,EUR,0.98999999999999999,GBP,es,-0.0027198592147735,-0.0025951046297342005,0.00012475458503929948,False,False
2023-04-03,net_cashflows,EUR,0.98999999999999999,GBP,score,2.3708259887560796,2.9921540496129966,0.62132806085691694,False,False
2023-04-03,net_cashflows,EUR,0.98999999999999999,JPY,var,8.6590107107100203e-05,8.6558796679999349e-05,-3.1310427100854354e-08,False,False
2023-04-03,net_cashflows,EUR,0.98999999999999999,JPY,es,-0.00014258908156230057,-6.2511301169099545e-05,8.0077780393201028e-05,False,True
2023-04-03,net_cashflows,EUR,0.98999999999999999,JPY,score,0.0067903802018927095,0.0084468495345877415,0.0016564693326950319,False,False
2023-04-03,net_cashflows,EUR,0.98999999999999999,CHF,var,-0.0012660878907540998,-0.0012527451292435,1.3342761510599759e-05,False,False
2023-04-03,net_cashflows,EUR,0.98999999999999999,CHF,es,-0.0015919555710348001,-0.0014897439132139003,0.0001022116578208998,False,False
2023-04-03,net_cashflows,EUR,0.98999999999999999,CHF,score,-0.18835404793194677,-0.18488510918712286,0.0034689387448239017,False,False
2023-04-03,net_cashflows,USD,0.94999999999999996,USD,var,9.9967666349200061e-05,8.826664546890059e-05,-1.1701020880299472e-05,False,False
2023-04-03,net_cashflows,USD,0.94999999999999996,USD,es,-3.0111399229499486e-05,-2.6583043662400246e-05,3.5283555670992395e-06,False,False
2023-04-03,net_cashflows,USD,0.94999999999999996,USD,score,-0.28855787108791908,-0.25482568215670476,0.033732188931214324,False,False
2023-04-03,net_cashflows,USD,0.94999999999999996,GBP,var,-0.0014414335530794999,-0.0014537424879842997,-1.2308934904799781e-05,False,False
2023-04-03,net_cashflows,USD,0.94999999999999996,GBP,es,-0.0019186331826168994,-0.0019258390892757001,-7.2059066588006995e-06,False,False
2023-04-03,net_cashflows,USD,0.94999999999999996,GBP,score,6.9230785249979334,6.9929502692461156,0.06987174424818221,False,False
2023-04-03,net_cashflows,USD,0.94999999999999996,JPY,var,0.00021783496468030013,0.00023326157180230019,1.5426607122000051e-05,False,False
2023-04-03,net_cashflows,USD,0.94999999999999996,JPY,es,0.0001714258467468005,0.00018112795883110013,9.7021120842996286e-06,False,False
2023-04-03,net_cashflows,USD,0.94999999999999996,JPY,score,-0.6743897826475922,-0.72064835941748084,-0.046258576769888649,False,False
2023-04-03,net_cashflows,USD,0.94999999999999996,CHF,var,-0.00075411046678490034,-0.00076744139162729982,-1.3330924842399478e-05,False,False
2023-04-03,net_cashflows,USD,0.94999999999999996,CHF,es,-0.0010664048096880995,-0.0010649565295713006,1.4482801167989279e-06,False,False
2023-04-03,net_cashflows,USD,0.94999999999999996,CHF,score,3.0531258216871846,3.100000008993268,0.046874187306083392,False,False
2023-04-03,net_cashflows,USD,0.98999999999999999,USD,var,-0.00012664807540560021,-0.0001326571560201998,-6.0090806145995934e-06,False,False
2023-04-03,net_cashflows,USD,0.98999999999999999,USD,es,-0.00048161161048120016,-0.00028726964708289913,0.00019434196339830102,False,False
2023-04-03,net_cashflows,USD,0.98999999999999999,USD,score,-0.023657838627023864,-0.020542414570083878,0.003115424056939986,False,False
2023-04-03,net_cashflows,USD,0.98999999999999999,GBP,var,-0.0021826848095219996,-0.0022184546396720999,-3.5769830150100303e-05,False,False
2023-04-03,net_cashflows,USD,0.98999999999999999,GBP,es,-0.0027250919346140006,-0.0025985904663921996,0.00012650146822180096,False,False
2023-04-03,net_cashflows,USD,0.98999999999999999,GBP,score,2.6072547963929336,3.2382000415433829,0.63094524515044936,False,False
2023-04-03,net_cashflows,USD,0.98999999999999999,JPY,var,0.00013291434263750044,0.0001332121780896001,2.9783545209965956e-07,False,False
2023-04-03,net_cashflows,USD,0.98999999999999999,JPY,es,-8.0517532949299711e-05,5.3051067057004186e-06,8.582263965500013e-05,True,True
2023-04-03,net_cashflows,USD,0.98999999999999999,JPY,score,0.012993655571909457,0.014819466416260418,0.0018258108443509613,False,False
2023-04-03,net_cashflows,USD,0.98999999999999999,CHF,var,-0.0012491222651859002,-0.0012584255067265996,-9.3032415406993363e-06,False,False
2023-04-03,net_cashflows,USD,0.98999999999999999,CHF,es,-0.0016030168178305,-0.0014982729497947994,0.00010474386803570063,False,False
2023-04-03,net_cashflows,USD,0.98999999999999999,CHF,score,-0.18587738381709773,-0.18512583926168791,0.00075154455540982212,False,False
2024-08-01,funded_assets,EUR,0.94999999999999996,USD,var,-0.00032419674777910048,-0.00031340706806809969,1.0789679711000789e-05,False,False
2024-08-01,funded_assets,EUR,0.94999999999999996,USD,es,-0.00033206275679959971,-0.00031511914377899998,1.6943613020599727e-05,False,False
2024-08-01,funded_assets,EUR,0.94999999999999996,USD,score,-0.057590561202811585,-0.055602725795581343,0.0019878354072302429,False,False
2024-08-01,funded_assets,EUR,0.94999999999999996,GBP,var,-0.00022101814586470044,-0.00019632403359289962,2.4694112271800815e-05,False,False
2024-08-01,funded_assets,EUR,0.94999999999999996,GBP,es,-3.1084809705999965e-05,-2.1958123889500095e-05,9.1266858164998702e-06,False,False
2024-08-01,funded_assets,EUR,0.94999999999999996,GBP,score,-0.032030375177582115,-0.028314861019751447,0.0037155141578306683,False,False
2024-08-01,funded_assets,EUR,0.94999999999999996,JPY,var,0.0022958507674212996,0.0023105339241707001,1.4683156749400496e-05,False,False
2024-08-01,funded_assets,EUR,0.94999999999999996,JPY,es,0.0030955364057081002,0.0031252243621446001,2.9687956436499907e-05,False,False
2024-08-01,funded_assets,EUR,0.94999999999999996,JPY,score,0.35111371690199533,0.35427012099949096,0.0031564040974956242,False,False
2024-08-01,funded_assets,EUR,0.94999999999999996,CHF,var,0.0010935896496554994,0.0010932461673647002,-3.4348229079918247e-07,False,False
2024-08-01,funded_assets,EUR,0.94999999999999996,CHF,es,0.0013674447847139004,0.0013864550145808001,1.9010229866899681e-05,False,False
2024-08-01,funded_assets,EUR,0.94999999999999996,CHF,score,0.17974554951034172,0.18077796572842697,0.0010324162180852525,False,False
2024-08-01,funded_assets,EUR,0.98999999999999999,USD,var,-0.0003356071278245009,-0.00033485490611129959,7.5222171320131481e-07,False,False
2024-08-01,funded_assets,EUR,0.98999999999999999,USD,es,-0.0002802943576099004,-0.00026641595648520082,1.3878401124699583e-05,False,False
2024-08-01,funded_assets,EUR,0.98999999999999999,USD,score,-0.039978413166598337,-0.039675827720943246,0.00030258544565509027,False,False
2024-08-01,funded_assets,EUR,0.98999999999999999,GBP,var,-2.8405010234900177e-05,1.4827793995300306e-05,4.3232804230200483e-05,True,True
2024-08-01,funded_assets,EUR,0.98999999999999999,GBP,es,0.0005247106681551001,0.00048272432663399971,-4.1986341521100395e-05,False,False
2024-08-01,funded_assets,EUR,0.98999999999999999,GBP,score,0.0061491115047473954,0.0099209016023786845,0.003771790097631289,False,False
2024-08-01,funded_assets,EUR,0.98999999999999999,JPY,var,0.0035520772070852004,0.0035659423127638989,1.3865105678698489e-05,False,False
2024-08-01,funded_assets,EUR,0.98999999999999999,JPY,es,0.0044701486614428,0.0044809282283220994,1.0779566879299401e-05,False,False
2024-08-01,funded_assets,EUR,0.98999999999999999,JPY,score,0.36356659637570843,0.36545720231292655,0.0018906059372181261,False,False
2024-08-01,funded_assets,EUR,0.98999999999999999,CHF,var,0.0015002124116344998,0.0015404196086806002,4.020719704610036e-05,False,False
2024-08-01,funded_assets,EUR,0.98999999999999999,CHF,es,0.0018741966267446005,0.0018667415252145002,-7.455101530100261e-06,False,False
2024-08-01,funded_assets,EUR,0.98999999999999999,CHF,score,0.16966284701638568,0.17345735224218117,0.003794505225795497,False,False
2024-08-01,funded_assets,USD,0.94999999999999996,USD,var,-0.00033897581953010007,-0.00032517751587930049,1.3798303650799579e-05,False,False
2024-08-01,funded_assets,USD,0.94999999999999996,USD,es,-0.0003527093006258997,-0.00033641123037180063,1.6298070254099073e-05,False,False
2024-08-01,funded_assets,USD,0.94999999999999996,USD,score,-0.060269739642033748,-0.057888377456480455,0.0023813621855532929,False,False
2024-08-01,funded_assets,USD,0.94999999999999996,GBP,var,-0.00021722933671119993,-0.00019370410339860072,2.352523331259921e-05,False,False
2024-08-01,funded_assets,USD,0.94999999999999996,GBP,es,-2.5732919278299848e-05,-1.7029707737900406e-05,8.7032115403994428e-06,False,False
2024-08-01,funded_assets,USD,0.94999999999999996,GBP,score,-0.03117520474599722,-0.027652281901095144,0.0035229228449020766,False,False
2024-08-01,funded_assets,USD,0.94999999999999996,JPY,var,0.0023609334403439999,0.0023787647914263995,1.7831351082399534e-05,False,False
2024-08-01,funded_assets,USD,0.94999999999999996,JPY,es,0.0032141072194895003,0.0032444139094137004,3.0306689924200145e-05,False,False
2024-08-01,funded_assets,USD,0.94999999999999996,JPY,score,0.35917304271036965,0.36273302446269362,0.0035599817523239707,False,False
2024-08-01,funded_assets,USD,0.94999999999999996,CHF,var,0.0011150358628541999,0.0011155761687970996,5.403059428997492e-07,False,False
2024-08-01,funded_assets,USD,0.94999999999999996,CHF,es,0.0014084315672416997,0.0014274345631833992,1.9002995941699505e-05,False,False
2024-08-01,funded_assets,USD,0.94999999999999996,CHF,score,0.18277326883867318,0.18396462168710848,0.0011913528484353009,False,False
2024-08-01,funded_assets,USD,0.98999999999999999,USD,var,-0.00035343166220670047,-0.00035469578382949993,-1.2641216227994578e-06,False,False
2024-08-01,funded_assets,USD,0.98999999999999999,USD,es,-0.00031445737808629901,-0.00029989890018249955,1.4558477903799452e-05,False,False
2024-08-01,funded_assets,USD,0.98999999999999999,USD,score,-0.042274095213476137,-0.042188789620958289,8.5305592517848083e-05,False,False
2024-08-01,funded_assets,USD,0.98999999999999999,GBP,var,-3.081303791259947e-05,2.004109288279883e-05,5.08541307953983e-05,True,True
2024-08-01,funded_assets,USD,0.98999999999999999,GBP,es,0.00054514783433210097,0.00049918938424750071,-4.5958450084600255e-05,False,False
2024-08-01,funded_assets,USD,0.98999999999999999,GBP,score,0.0063523239910718843,0.010772167552708822,0.004419843561636938,False,False
2024-08-01,funded_assets,USD,0.98999999999999999,JPY,var,0.0036986629900963991,0.0037135023966441989,1.4839406547799763e-05,False,False
2024-08-01,funded_assets,USD,0.98999999999999999,JPY,es,0.0047116751398538007,0.0047142620367941011,2.5868969403004122e-06,False,False
2024-08-01,funded_assets,USD,0.98999999999999999,JPY,score,0.37548199583619102,0.37737619451103832,0.0018941986748473028,False,False
2024-08-01,funded_assets,USD,0.98999999999999999,CHF,var,0.0015641584963468,0.0016029580784046992,3.8799582057899226e-05,False,False
2024-08-01,funded_assets,USD,0.98999999999999999,CHF,es,0.0019492073447404008,0.0019388494010227995,-1.0357943717601362e-05,False,False
2024-08-01,funded_assets,USD,0.98999999999999999,CHF,score,0.17558071000351116,0.17919555619403127,0.0036148461905201046,False,False
2024-08-01,net_cashflows,EUR,0.94999999999999996,USD,var,0.0021718295310866999,0.0020885486777713997,-8.3280853315300177e-05,False,False
2024-08-01,net_cashflows,EUR,0.94999999999999996,USD,es,0.0024857688303554998,0.0024929753679258995,7.2065375703997056e-06,False,False
2024-08-01,net_cashflows,EUR,0.94999999999999996,USD,score,-17.627426634320546,-17.46331472369398,0.16411191062656627,False,False
2024-08-01,net_cashflows,EUR,0.94999999999999996,GBP,var,0.0012236839051903998,0.0012048382049843001,-1.8845700206099672e-05,False,False
2024-08-01,net_cashflows,EUR,0.94999999999999996,GBP,es,0.0011584995149180001,0.0011628948558539002,4.3953409359000911e-06,False,False
2024-08-01,net_cashflows,EUR,0.94999999999999996,GBP,score,-10.239307838741968,-10.207950863214116,0.031356975527852882,False,False
2024-08-01,net_cashflows,EUR,0.94999999999999996,JPY,var,0.0034493835044140993,0.0034237074374706992,-2.5676066943400126e-05,False,False
2024-08-01,net_cashflows,EUR,0.94999999999999996,JPY,es,0.0041482946619652997,0.0041305470121519999,-1.7747649813299772e-05,False,False
2024-08-01,net_cashflows,EUR,0.94999999999999996,JPY,score,-24.36174810030947,-24.271641932532269,0.090106167777200596,False,False
2024-08-01,net_cashflows,EUR,0.94999999999999996,CHF,var,-0.0010284730001190001,-0.0010378730236191998,-9.4000235001997362e-06,False,False
2024-08-01,net_cashflows,EUR,0.94999999999999996,CHF,es,-0.0013687373407265,-0.0013676144402151999,1.1229005113001789e-06,False,False
2024-08-01,net_cashflows,EUR,0.94999999999999996,CHF,score,16.779608711850884,16.792541074665145,0.012932362814261467,False,False
2024-08-01,net_cashflows,EUR,0.98999999999999999,USD,var,0.0026419081561872993,0.002719729027101301,7.7820870914001652e-05,False,False
2024-08-01,net_cashflows,EUR,0.98999999999999999,USD,es,0.0029345638659789008,0.0029146243404089001,-1.9939525570000782e-05,False,False
2024-08-01,net_cashflows,EUR,0.98999999999999999,USD,score,-56.45032302641043,-56.563481610825775,-0.11315858441534488,False,False
2024-08-01,net_cashflows,EUR,0.98999999999999999,GBP,var,0.0010353010564417998,0.0010247863075166005,-1.0514748925199296e-05,False,False
2024-08-01,net_cashflows,EUR,0.98999999999999999,GBP,es,0.0011586055837770007,0.0010895103355177006,-6.909524825930019e-05,False,False
2024-08-01,net_cashflows,EUR,0.98999999999999999,GBP,score,-26.24441167534593,-25.170010263023769,1.0744014123221604,False,False
2024-08-01,net_cashflows,EUR,0.98999999999999999,JPY,var,0.0045906027764968001,0.0045544099610726994,-3.6192815424100633e-05,False,False
2024-08-01,net_cashflows,EUR,0.98999999999999999,JPY,es,0.0049162364954578996,0.0049228879073227993,6.6514118648997034e-06,False,False
2024-08-01,net_cashflows,EUR,0.98999999999999999,JPY,score,-81.949839454432805,-81.156668276086805,0.79317117834600026,False,False
2024-08-01,net_cashflows,EUR,0.98999999999999999,CHF,var,-0.0016238289958710999,-0.0016530099538179998,-2.9180957946899934e-05,False,False
2024-08-01,net_cashflows,EUR,0.98999999999999999,CHF,es,-0.0016556407767086001,-0.0017135978764648997,-5.7957099756299549e-05,False,False
2024-08-01,net_cashflows,EUR,0.98999999999999999,CHF,score,54.612372669664182,56.04884882984507,1.436476160180888,False,False
2024-08-01,net_cashflows,USD,0.94999999999999996,USD,var,0.0021981123670704004,0.0020990171783060998,-9.909518876430063e-05,False,False
2024-08-01,net_cashflows,USD,0.94999999999999996,USD,es,0.0025155939203047005,0.0025239471205439996,8.3532002392991064e-06,False,False
2024-08-01,net_cashflows,USD,0.94999999999999996,USD,score,-18.141421120367291,-17.946760809907108,0.19466031046018273,False,False
2024-08-01,net_cashflows,USD,0.94999999999999996,GBP,var,0.0012253704324740001,0.0012035564227420997,-2.181400973190039e-05,False,False
2024-08-01,net_cashflows,USD,0.94999999999999996,GBP,es,0.0011690931334512001,0.0011745087775568005,5.4156441056003868e-06,False,False
2024-08-01,net_cashflows,USD,0.94999999999999996,GBP,score,-10.493977970833306,-10.460102048259056,0.033875922574249984,False,False
2024-08-01,net_cashflows,USD,0.94999999999999996,JPY,var,0.003536191347036601,0.0035086385072001991,-2.7552839836401943e-05,False,False
2024-08-01,net_cashflows,USD,0.94999999999999996,JPY,es,0.0043139644287732998,0.0042964308684127006,-1.75335603605992e-05,False,False
2024-08-01,net_cashflows,USD,0.94999999999999996,JPY,score,-25.35791358458453,-25.263851127900331,0.094062456684198992,False,False
2024-08-01,net_cashflows,USD,0.94999999999999996,CHF,var,-0.0010231558517571999,-0.0010328695162846002,-9.7136645274002904e-06,False,False
2024-08-01,net_cashflows,USD,0.94999999999999996,CHF,es,-0.0013553994233302998,-0.0013536949906966002,1.7044326336996402e-06,False,False
2024-08-01,net_cashflows,USD,0.94999999999999996,CHF,score,16.943149074487572,16.948982610759899,0.0058335362723269668,False,False
2024-08-01,net_cashflows,USD,0.98999999999999999,USD,var,0.0026841453855358998,0.0027637881258615006,7.964274032560073e-05,False,False
2024-08-01,net_cashflows,USD,0.98999999999999999,USD,es,0.0029871942484995008,0.0029701159315579997,-1.7078316941501054e-05,False,False
2024-08-01,net_cashflows,USD,0.98999999999999999,USD,score,-58.29785842738255,-58.445665661169343,-0.14780723378679284,False,False
2024-08-01,net_cashflows,USD,0.98999999999999999,GBP,var,0.0010389795583532003,0.001044362623092601,5.3830647394007697e-06,False,False
2024-08-01,net_cashflows,USD,0.98999999999999999,GBP,es,0.0011931650335172007,0.0011250382788025003,-6.8126754714700408e-05,False,False
2024-08-01,net_cashflows,USD,0.98999999999999999,GBP,score,-27.197152305885027,-26.27348315593315,0.92366914995187699,False,False
2024-08-01,net_cashflows,USD,0.98999999999999999,JPY,var,0.0047909880009205002,0.0047715048655750008,-1.9483135345499392e-05,False,False
2024-08-01,net_cashflows,USD,0.98999999999999999,JPY,es,0.005201753003182201,0.0052078656696431004,6.1126664608994463e-06,False,False
2024-08-01,net_cashflows,USD,0.98999999999999999,JPY,score,-86.114473583828385,-85.444979181080924,0.66949440274746053,False,False
2024-08-01,net_cashflows,USD,0.98999999999999999,CHF,var,-0.0016055207691211999,-0.0016314119405883998,-2.5891171467199922e-05,False,False
2024-08-01,net_cashflows,USD,0.98999999999999999,CHF,es,-0.0016286700873993998,-0.0016881541910404993,-5.9484103641099448e-05,False,False
2024-08-01,net_cashflows,USD,0.98999999999999999,CHF,score,54.659738471176098,56.146971069248337,1.4872325980722394,False,False
2025-10-01,funded_assets,EUR,0.94999999999999996,USD,var,0.0010753905990131996,0.0010764878922912002,1.0972932780006599e-06,False,False
2025-10-01,funded_assets,EUR,0.94999999999999996,USD,es,0.0015733742641951005,0.0015707534635402004,-2.6208006549000712e-06,False,False
2025-10-01,funded_assets,EUR,0.94999999999999996,USD,score,0.2693255595852353,0.26981673633729564,0.0004911767520603405,False,False
2025-10-01,funded_assets,EUR,0.94999999999999996,GBP,var,0.00010803550330349982,0.00012069615555479994,1.2660652251300121e-05,False,False
2025-10-01,funded_assets,EUR,0.94999999999999996,GBP,es,0.00039247969910320007,0.00038963720013980054,-2.8424989633995396e-06,False,False
2025-10-01,funded_assets,EUR,0.94999999999999996,GBP,score,0.042773920988286029,0.045245652413770543,0.0024717314254845135,False,False
2025-10-01,funded_assets,EUR,0.94999999999999996,JPY,var,-0.00011372384781419996,-9.7503983310300024e-05,1.6219864503899933e-05,False,False
2025-10-01,funded_assets,EUR,0.94999999999999996,JPY,es,9.6705741791800609e-05,9.0553422626400183e-05,-6.1523191654004258e-06,False,False
2025-10-01,funded_assets,EUR,0.94999999999999996,JPY,score,-0.018678856016623335,-0.015606920707386784,0.0030719353092365509,False,False
2025-10-01,funded_assets,EUR,0.94999999999999996,CHF,var,-2.6530090656699899e-05,-1.8980954902399812e-05,7.5491357543000862e-06,False,False
2025-10-01,funded_assets,EUR,0.94999999999999996,CHF,es,3.9921487399001421e-06,-4.0676153240997923e-06,-8.0597640639999343e-06,True,True
2025-10-01,funded_assets,EUR,0.94999999999999996,CHF,score,-0.0054359309664038236,-0.0042486070056773073,0.0011873239607265162,False,False
2025-10-01,funded_assets,EUR,0.98999999999999999,USD,var,0.0019193862604846004,0.0018858702559857998,-3.3516004498800565e-05,False,False
2025-10-01,funded_assets,EUR,0.98999999999999999,USD,es,0.0024486454897689998,0.0024822855582938008,3.3640068524800996e-05,False,False
2025-10-01,funded_assets,EUR,0.98999999999999999,USD,score,0.3078940799639529,0.3041622751092552,-0.0037318048546977067,False,False
2025-10-01,funded_assets,EUR,0.98999999999999999,GBP,var,0.00054318188989290004,0.00051481509920940031,-2.8366790683499732e-05,False,False
2025-10-01,funded_assets,EUR,0.98999999999999999,GBP,es,0.00096466147809630073,0.00093608081892670048,-2.8580659169600252e-05,False,False
2025-10-01,funded_assets,EUR,0.98999999999999999,GBP,score,0.10418046601497188,0.099224186330260977,-0.004956279684710907,False,False
2025-10-01,funded_assets,EUR,0.98999999999999999,JPY,var,0.0001716290828389002,0.00014761760544620018,-2.4011477392700022e-05,False,False
2025-10-01,funded_assets,EUR,0.98999999999999999,JPY,es,0.00056636691513390052,0.00055455514286970042,-1.1811772264200097e-05,False,False
2025-10-01,funded_assets,EUR,0.98999999999999999,JPY,score,0.041420762869011085,0.03739877699097871,-0.0040219858780323747,False,False
2025-10-01,funded_assets,EUR,0.98999999999999999,CHF,var,1.6782079123299834e-05,-1.3665710678700295e-05,-3.0447789802000129e-05,True,True
2025-10-01,funded_assets,EUR,0.98999999999999999,CHF,es,6.3865598506400445e-05,3.3927376110100098e-05,-2.9938222396300347e-05,False,False
2025-10-01,funded_assets,EUR,0.98999999999999999,CHF,score,0.0042694699358980515,-0.0012240617716203772,-0.0054935317075184287,True,True
2025-10-01,funded_assets,USD,0.94999999999999996,USD,var,0.0010755168377582997,0.0010793263810193006,3.8095432610008723e-06,False,False
2025-10-01,funded_assets,USD,0.94999999999999996,USD,es,0.0015836101893971005,0.0015811753415581999,-2.4348478389005918e-06,False,False
2025-10-01,funded_assets,USD,0.94999999999999996,USD,score,0.26866108581598169,0.26940702390996663,0.00074593809398493249,False,False
2025-10-01,funded_assets,USD,0.94999999999999996,GBP,var,0.00010560375092819995,0.00011779017350900013,1.2186422580800181e-05,False,False
2025-10-01,funded_assets,USD,0.94999999999999996,GBP,es,0.00038813864475730018,0.00038556158910630061,-2.5770556509995685e-06,False,False
2025-10-01,funded_assets,USD,0.94999999999999996,GBP,score,0.041957297697728713,0.044276396694158393,0.0023190989964296804,False,False
2025-10-01,funded_assets,USD,0.94999999999999996,JPY,var,-0.00011454076450950019,-0.00010011698175119979,1.4423782758300405e-05,False,False
2025-10-01,funded_assets,USD,0.94999999999999996,JPY,es,9.6463309191700645e-05,9.0423542364700092e-05,-6.0397668270005533e-06,False,False
2025-10-01,funded_assets,USD,0.94999999999999996,JPY,score,-0.018662302821145005,-0.015998358964632864,0.0026639438565121409,False,False
2025-10-01,funded_assets,USD,0.94999999999999996,CHF,var,-2.9625568532600042e-05,-2.2833410449400043e-05,6.7921580831999985e-06,False,False
2025-10-01,funded_assets,USD,0.94999999999999996,CHF,es,-1.9594628825995997e-06,-9.7526151922001578e-06,-7.7931523096005581e-06,False,False
2025-10-01,funded_assets,USD,0.94999999999999996,CHF,score,-0.0063561933303555307,-0.0053281506492997011,0.0010280426810558296,False,False
2025-10-01,funded_assets,USD,0.98999999999999999,USD,var,0.0019444235965668999,0.0018941101960099002,-5.0313400556999642e-05,False,False
2025-10-01,funded_assets,USD,0.98999999999999999,USD,es,0.0024713845209397003,0.0025051870842880009,3.3802563348300611e-05,False,False
2025-10-01,funded_assets,USD,0.98999999999999999,USD,score,0.30935204615248146,0.30305835454612673,-0.0062936916063547343,False,False
2025-10-01,funded_assets,USD,0.98999999999999999,GBP,var,0.00056727346673610037,0.00050801103405820076,-5.9262432677899615e-05,False,False
2025-10-01,funded_assets,USD,0.98999999999999999,GBP,es,0.00096308848135640002,0.00093487929479530059,-2.8209186561099428e-05,False,False
2025-10-01,funded_assets,USD,0.98999999999999999,GBP,score,0.10678394606336195,0.097417341538147184,-0.0093666045252147612,False,False
2025-10-01,funded_assets,USD,0.98999999999999999,JPY,var,0.00018355029343710035,0.0001455842629124,-3.7966030524700344e-05,False,False
2025-10-01,funded_assets,USD,0.98999999999999999,JPY,es,0.00057459561955979996,0.00056431741140070078,-1.0278208159099182e-05,False,False
2025-10-01,funded_assets,USD,0.98999999999999999,JPY,score,0.043220033931723023,0.03710398484298949,-0.0061160490887335328,False,False
2025-10-01,funded_assets,USD,0.98999999999999999,CHF,var,2.7917420989800011e-05,-2.5299711938499801e-05,-5.3217132928299812e-05,True,True
2025-10-01,funded_assets,USD,0.98999999999999999,CHF,es,5.4317549281300039e-05,2.5301545830700226e-05,-2.9016003450599813e-05,False,True
2025-10-01,funded_assets,USD,0.98999999999999999,CHF,score,0.0056909167114271852,-0.0032026023436122486,-0.0088935190550394339,True,True
2025-10-01,net_cashflows,EUR,0.94999999999999996,USD,var,0.0005680771219954998,0.00057606081529479975,7.9836932992999494e-06,False,False
2025-10-01,net_cashflows,EUR,0.94999999999999996,USD,es,0.00070280053915650021,0.00070721038650409978,4.4098473475995617e-06,False,False
2025-10-01,net_cashflows,EUR,0.94999999999999996,USD,score,0.17961315281484591,0.18143012668668845,0.0018169738718425421,False,False
2025-10-01,net_cashflows,EUR,0.94999999999999996,GBP,var,0.00016759833777909997,0.00016312288722889964,-4.4754505502003251e-06,False,False
2025-10-01,net_cashflows,EUR,0.94999999999999996,GBP,es,0.00028473775824990012,0.00028877323453100007,4.035476281099952e-06,False,False
2025-10-01,net_cashflows,EUR,0.94999999999999996,GBP,score,0.061523132150997917,0.060638646341768521,-0.00088448580922939612,False,False
2025-10-01,net_cashflows,EUR,0.94999999999999996,JPY,var,0.00065714267562359992,0.00064430772939299977,-1.2834946230600146e-05,False,False
2025-10-01,net_cashflows,EUR,0.94999999999999996,JPY,es,0.00072132837999809964,0.00071496121327210014,-6.3671667259995041e-06,False,False
2025-10-01,net_cashflows,EUR,0.94999999999999996,JPY,score,0.20017333921401459,0.19682870421770193,-0.0033446349963126565,False,False
2025-10-01,net_cashflows,EUR,0.94999999999999996,CHF,var,0.00028242186189759988,0.00027109708821609988,-1.1324773681499999e-05,False,False
2025-10-01,net_cashflows,EUR,0.94999999999999996,CHF,es,0.00042600752667959962,0.00041975440289810035,-6.2531237814992743e-06,False,False
2025-10-01,net_cashflows,EUR,0.94999999999999996,CHF,score,0.098149356466630699,0.094984254027060011,-0.0031651024395706884,False,False
2025-10-01,net_cashflows,EUR,0.98999999999999999,USD,var,0.00083692144407700002,0.00085533469650149983,1.8413252424499815e-05,False,False
2025-10-01,net_cashflows,EUR,0.98999999999999999,USD,es,0.00078187311793279958,0.00072563519813479988,-5.6237919797999698e-05,False,False
2025-10-01,net_cashflows,EUR,0.98999999999999999,USD,score,0.16572770255987646,0.16665111934134824,0.00092341678147178641,False,False
2025-10-01,net_cashflows,EUR,0.98999999999999999,GBP,var,0.00039165581921890048,0.00037488791560069939,-1.6767903618201095e-05,False,False
2025-10-01,net_cashflows,EUR,0.98999999999999999,GBP,es,0.00050297432431539984,0.0005007356368359004,-2.2386874794994363e-06,False,False
2025-10-01,net_cashflows,EUR,0.98999999999999999,GBP,score,0.084984606692743547,0.081800511775027118,-0.0031840949177164291,False,False
2025-10-01,net_cashflows,EUR,0.98999999999999999,JPY,var,0.00078814866978930021,0.00078445151628599944,-3.6971535033007707e-06,False,False
2025-10-01,net_cashflows,EUR,0.98999999999999999,JPY,es,0.00063062932084939974,0.00061305434154170033,-1.7574979307699405e-05,False,False
2025-10-01,net_cashflows,EUR,0.98999999999999999,JPY,score,0.15424625745537845,0.15256145006338961,-0.0016848073919888407,False,False
2025-10-01,net_cashflows,EUR,0.98999999999999999,CHF,var,0.00054302044495399982,0.00052189734440769974,-2.112310054630008e-05,False,False
2025-10-01,net_cashflows,EUR,0.98999999999999999,CHF,es,0.00062276129891919961,0.00062421774010410023,1.4564411849006184e-06,False,False
2025-10-01,net_cashflows,EUR,0.98999999999999999,CHF,score,0.11375625673332745,0.10990597637667854,-0.0038502803566489163,False,False
2025-10-01,net_cashflows,USD,0.94999999999999996,USD,var,0.00056665214159539986,0.00057526527019400014,8.6131285986002816e-06,False,False
2025-10-01,net_cashflows,USD,0.94999999999999996,USD,es,0.00070161106829750002,0.00070553980277989967,3.9287344823996442e-06,False,False
2025-10-01,net_cashflows,USD,0.94999999999999996,USD,score,0.17834537849368459,0.18034761846743308,0.0020022399737484875,False,False
2025-10-01,net_cashflows,USD,0.94999999999999996,GBP,var,0.00015915814871779975,0.00015777206054960009,-1.3860881681996597e-06,False,False
2025-10-01,net_cashflows,USD,0.94999999999999996,GBP,es,0.00027988040865290029,0.00028356952412820005,3.6891154752997576e-06,False,False
2025-10-01,net_cashflows,USD,0.94999999999999996,GBP,score,0.058852846889185351,0.058734266062184126,-0.00011858082700122452,False,False
2025-10-01,net_cashflows,USD,0.94999999999999996,JPY,var,0.00066382059150339994,0.00064967952498090013,-1.4141066522499815e-05,False,False
2025-10-01,net_cashflows,USD,0.94999999999999996,JPY,es,0.0007300014981266997,0.0007233411719955998,-6.6603261310999029e-06,False,False
2025-10-01,net_cashflows,USD,0.94999999999999996,JPY,score,0.20108517269008264,0.19754506711043707,-0.0035401055796455694,False,False
2025-10-01,net_cashflows,USD,0.94999999999999996,CHF,var,0.00028460011823249962,0.00027236422231750011,-1.2235895914999503e-05,False,False
2025-10-01,net_cashflows,USD,0.94999999999999996,CHF,es,0.00042881598484580032,0.00042228446007269976,-6.5315247731005666e-06,False,False
2025-10-01,net_cashflows,USD,0.94999999999999996,CHF,score,0.098342445250906962,0.0950185108683268,-0.0033239343825801626,False,False
2025-10-01,net_cashflows,USD,0.98999999999999999,USD,var,0.00084238098173159987,0.0008619498757464995,1.9568894014899627e-05,False,False
2025-10-01,net_cashflows,USD,0.98999999999999999,USD,es,0.00077375752849500028,0.0007181080456475997,-5.564948284740058e-05,False,False
2025-10-01,net_cashflows,USD,0.98999999999999999,USD,score,0.16515161591628402,0.16643151963318914,0.0012799037169051175,False,False
2025-10-01,net_cashflows,USD,0.98999999999999999,GBP,var,0.00038124093252789922,0.00037637340051070028,-4.8675320171989375e-06,False,False
2025-10-01,net_cashflows,USD,0.98999999999999999,GBP,es,0.00049474009725280002,0.00049200855267779973,-2.7315445750002859e-06,False,False
2025-10-01,net_cashflows,USD,0.98999999999999999,GBP,score,0.082355307219145857,0.081274377668488107,-0.0010809295506577499,False,False
2025-10-01,net_cashflows,USD,0.98999999999999999,JPY,var,0.00079875791928969968,0.00079967727537349955,9.19356083799866e-07,False,False
2025-10-01,net_cashflows,USD,0.98999999999999999,JPY,es,0.00063943115238790024,0.00062113767601679973,-1.8293476371100507e-05,False,False
2025-10-01,net_cashflows,USD,0.98999999999999999,JPY,score,0.15498176926485918,0.15418188637628205,-0.0007998828885771303,False,False
2025-10-01,net_cashflows,USD,0.98999999999999999,CHF,var,0.00055031112847699938,0.00053994215713980016,-1.0368971337199225e-05,False,False
2025-10-01,net_cashflows,USD,0.98999999999999999,CHF,es,0.00062472159894020034,0.00062617848179119962,1.4568828509992776e-06,False,False
2025-10-01,net_cashflows,USD,0.98999999999999999,CHF,score,0.11414760702626925,0.11221263500150425,-0.0019349720247650026,False,False
