origin_date,book,report,tau,reference,metric,contrast_lo,contrast_hi,contrast_change,sign_change,integration_change_exceeds_contrast
2015-01-13,funded_assets,EUR,0.94999999999999996,USD,var,0.0010515311963805,0.0010210249038805994,-3.0506292499900625e-05,False,False
2015-01-13,funded_assets,EUR,0.94999999999999996,USD,es,0.0012860407857635007,0.0012768927859961995,-9.1479997673012126e-06,False,False
2015-01-13,funded_assets,EUR,0.94999999999999996,USD,score,0.19196664706158018,0.18748797800844041,-0.004478669053139761,False,False
2015-01-13,funded_assets,EUR,0.94999999999999996,GBP,var,0.00076862932820200014,0.00072121293915679979,-4.7416389045200347e-05,False,False
2015-01-13,funded_assets,EUR,0.94999999999999996,GBP,es,0.00099775030427259968,0.0011372512672130006,0.0001395009629404009,False,False
2015-01-13,funded_assets,EUR,0.94999999999999996,GBP,score,0.14586555611862373,0.14433435232563774,-0.0015312037929859912,False,False
2015-01-13,funded_assets,EUR,0.94999999999999996,JPY,var,0.00055403152206489996,0.00036397614540089988,-0.00019005537666400008,False,False
2015-01-13,funded_assets,EUR,0.94999999999999996,JPY,es,0.00069162808094990012,0.00079141848667700024,9.9790405727100129e-05,False,False
2015-01-13,funded_assets,EUR,0.94999999999999996,JPY,score,0.10620316711981381,0.083959080670779507,-0.022244086449034306,False,False
2015-01-13,funded_assets,EUR,0.94999999999999996,CHF,var,0.00031266196973680008,0.00020902559662879915,-0.00010363637310800092,False,False
2015-01-13,funded_assets,EUR,0.94999999999999996,CHF,es,0.00012083940611640025,0.00024988550995390033,0.00012904610383750008,False,False
2015-01-13,funded_assets,EUR,0.94999999999999996,CHF,score,0.051087958742905393,0.040894832223569821,-0.010193126519335571,False,False
2015-01-13,funded_assets,EUR,0.98999999999999999,USD,var,0.0016601617564687993,0.0014251221693164992,-0.00023503958715230013,False,False
2015-01-13,funded_assets,EUR,0.98999999999999999,USD,es,0.0023195675129114007,0.0016458491349135001,-0.00067371837799790057,False,False
2015-01-13,funded_assets,EUR,0.98999999999999999,USD,score,0.19823238541778831,0.16807484445977039,-0.030157540958017925,False,False
2015-01-13,funded_assets,EUR,0.98999999999999999,GBP,var,0.0014218950318135998,0.0013556917397800992,-6.6203292033500602e-05,False,False
2015-01-13,funded_assets,EUR,0.98999999999999999,GBP,es,0.0018911167717991003,0.0019668317843265001,7.5715012527399761e-05,False,False
2015-01-13,funded_assets,EUR,0.98999999999999999,GBP,score,0.17050389771321672,0.16769114783406902,-0.0028127498791477024,False,False
2015-01-13,funded_assets,EUR,0.98999999999999999,JPY,var,0.00079447117489580069,0.00097158651633509965,0.00017711534143929897,False,False
2015-01-13,funded_assets,EUR,0.98999999999999999,JPY,es,0.0018071588555206002,0.0018131999858904003,6.0411303698000574e-06,False,False
2015-01-13,funded_assets,EUR,0.98999999999999999,JPY,score,0.11291152930730064,0.1310996290073474,0.018188099700046756,False,False
2015-01-13,funded_assets,EUR,0.98999999999999999,CHF,var,-5.50896107652998e-05,0.00027165515970760043,0.00032674477047290023,True,True
2015-01-13,funded_assets,EUR,0.98999999999999999,CHF,es,0.00029824510782120069,0.00025263645581739998,-4.5608652003800709e-05,False,False
2015-01-13,funded_assets,EUR,0.98999999999999999,CHF,score,-8.7791401554682125e-05,0.033087842523933375,0.033175633925488057,True,True
2015-01-13,funded_assets,USD,0.94999999999999996,USD,var,0.0010770536971192995,0.0010350551096219998,-4.1998587497299629e-05,False,False
2015-01-13,funded_assets,USD,0.94999999999999996,USD,es,0.0012887175277405006,0.0012772005519448007,-1.1516975795699928e-05,False,False
2015-01-13,funded_assets,USD,0.94999999999999996,USD,score,0.19401302596525838,0.18809542844056093,-0.0059175975246974488,False,False
2015-01-13,funded_assets,USD,0.94999999999999996,GBP,var,0.00077904482113929936,0.00071948863491830013,-5.955618622099923e-05,False,False
2015-01-13,funded_assets,USD,0.94999999999999996,GBP,es,0.0010085474519462003,0.0011479841521672999,0.00013943670022109958,False,False
2015-01-13,funded_assets,USD,0.94999999999999996,GBP,score,0.14665839518505752,0.14363280644930665,-0.0030255887357508726,False,False
2015-01-13,funded_assets,USD,0.94999999999999996,JPY,var,0.00055993382155059956,0.00036550514581929969,-0.00019442867573129987,False,False
2015-01-13,funded_assets,USD,0.94999999999999996,JPY,es,0.00070424759514150018,0.00080609161889380002,0.00010184402375229985,False,False
2015-01-13,funded_assets,USD,0.94999999999999996,JPY,score,0.10676338740132785,0.084270941072102978,-0.022492446329224869,False,False
2015-01-13,funded_assets,USD,0.94999999999999996,CHF,var,0.00031720563767929921,0.00021940287692180042,-9.7802760757498795e-05,False,False
2015-01-13,funded_assets,USD,0.94999999999999996,CHF,es,0.00013464066856139992,0.00026257123440330023,0.0001279305658419003,False,False
2015-01-13,funded_assets,USD,0.94999999999999996,CHF,score,0.051842371209578353,0.042603155796018477,-0.0092392154135598759,False,False
2015-01-13,funded_assets,USD,0.98999999999999999,USD,var,0.0016324849119874994,0.0014246123910641997,-0.00020787252092329973,False,False
2015-01-13,funded_assets,USD,0.98999999999999999,USD,es,0.0023394920315116998,0.001642731503989199,-0.00069676052752250077,False,False
2015-01-13,funded_assets,USD,0.98999999999999999,USD,score,0.19372283634118759,0.16635662590997669,-0.027366210431210902,False,False
2015-01-13,funded_assets,USD,0.98999999999999999,GBP,var,0.0013913819346751,0.0013552985652701991,-3.6083369404900888e-05,False,False
2015-01-13,funded_assets,USD,0.98999999999999999,GBP,es,0.0019317122156058998,0.0020013593772188996,6.9647161612999831e-05,False,False
2015-01-13,funded_assets,USD,0.98999999999999999,GBP,score,0.16631424666765948,0.16672385683855051,0.00040961017089102825,False,False
2015-01-13,funded_assets,USD,0.98999999999999999,JPY,var,0.00081622483565320023,0.00098317481905519939,0.00016694998340199916,False,False
2015-01-13,funded_assets,USD,0.98999999999999999,JPY,es,0.0018804916617447005,0.001874106652618,-6.3850091267005082e-06,False,False
2015-01-13,funded_assets,USD,0.98999999999999999,JPY,score,0.11473976418845844,0.13215571847763474,0.017415954289176305,False,False
2015-01-13,funded_assets,USD,0.98999999999999999,CHF,var,-4.6611443173799963e-05,0.00028652719639080029,0.00033313863956460025,True,True
2015-01-13,funded_assets,USD,0.98999999999999999,CHF,es,0.00032103850078899973,0.00027583198833710035,-4.5206512451899383e-05,False,False
2015-01-13,funded_assets,USD,0.98999999999999999,CHF,score,0.0011668571928336036,0.034683024639837079,0.033516167447003475,False,False
2015-01-13,net_cashflows,EUR,0.94999999999999996,USD,var,0.00075570185463939973,0.00081772444733800012,6.2022592698600387e-05,False,False
2015-01-13,net_cashflows,EUR,0.94999999999999996,USD,es,0.0011438766232440001,0.0011809907568397001,3.7114133595700025e-05,False,False
2015-01-13,net_cashflows,EUR,0.94999999999999996,USD,score,-36.942064712862816,-38.31190163142098,-1.369836918558164,False,False
2015-01-13,net_cashflows,EUR,0.94999999999999996,GBP,var,0.00031388421445939984,0.00039607504949849999,8.2190835039100147e-05,False,False
2015-01-13,net_cashflows,EUR,0.94999999999999996,GBP,es,0.00073363607249910066,0.00077485549329800018,4.1219420798899523e-05,False,False
2015-01-13,net_cashflows,EUR,0.94999999999999996,GBP,score,-25.092592975004536,-26.757177145640384,-1.6645841706358482,False,False
2015-01-13,net_cashflows,EUR,0.94999999999999996,JPY,var,0.0010155794054137997,0.0010807439729695004,6.5164567555700721e-05,False,False
2015-01-13,net_cashflows,EUR,0.94999999999999996,JPY,es,0.0016597951082027006,0.0016388593868438004,-2.0935721358900268e-05,False,False
2015-01-13,net_cashflows,EUR,0.94999999999999996,JPY,score,-48.3529802461277,-48.570939756948235,-0.21795951082053477,False,False
2015-01-13,net_cashflows,EUR,0.94999999999999996,CHF,var,0.00033670205282089992,0.00036812576861020019,3.1423715789300269e-05,False,False
2015-01-13,net_cashflows,EUR,0.94999999999999996,CHF,es,0.00046320741293800084,0.0004999592250736996,3.6751812135698766e-05,False,False
2015-01-13,net_cashflows,EUR,0.94999999999999996,CHF,score,-17.425489757625428,-18.832925829119915,-1.4074360714944874,False,False
2015-01-13,net_cashflows,EUR,0.98999999999999999,USD,var,0.0014885444377172995,0.0014082830223548001,-8.0261415362499477e-05,False,False
2015-01-13,net_cashflows,EUR,0.98999999999999999,USD,es,0.0015497272245469998,0.0016350777115666003,8.5350487019600525e-05,False,False
2015-01-13,net_cashflows,EUR,0.98999999999999999,USD,score,-126.79443794790188,-133.3703699684383,-6.5759320205364133,False,False
2015-01-13,net_cashflows,EUR,0.98999999999999999,GBP,var,0.00079898247555219935,0.00092308762083360019,0.00012410514528140085,False,False
2015-01-13,net_cashflows,EUR,0.98999999999999999,GBP,es,0.0014747862260090002,0.0013863081244873,-8.8478101521700242e-05,False,False
2015-01-13,net_cashflows,EUR,0.98999999999999999,GBP,score,-113.35881142802367,-113.27044250017588,0.088368927847795931,False,False
2015-01-13,net_cashflows,EUR,0.98999999999999999,JPY,var,0.0019640663407583994,0.0019979229621103003,3.3856621351900998e-05,False,False
2015-01-13,net_cashflows,EUR,0.98999999999999999,JPY,es,0.0024502039857858997,0.0024988388590098994,4.863487322399971e-05,False,False
2015-01-13,net_cashflows,EUR,0.98999999999999999,JPY,score,-173.42690167688511,-180.10341738989564,-6.6765157130105308,False,False
2015-01-13,net_cashflows,EUR,0.98999999999999999,CHF,var,0.00049197525228299958,0.00054576041871719997,5.3785166434200393e-05,False,False
2015-01-13,net_cashflows,EUR,0.98999999999999999,CHF,es,0.00049222368549139972,0.00064363469464709996,0.00015141100915570024,False,False
2015-01-13,net_cashflows,EUR,0.98999999999999999,CHF,score,-47.514097091711506,-60.743808779375513,-13.229711687664008,False,False
2015-01-13,net_cashflows,USD,0.94999999999999996,USD,var,0.00076002598960759997,0.00081905145036469985,5.9025460757099885e-05,False,False
2015-01-13,net_cashflows,USD,0.94999999999999996,USD,es,0.0011374524971474002,0.0011765556683416998,3.9103171194299589e-05,False,False
2015-01-13,net_cashflows,USD,0.94999999999999996,USD,score,-36.22239294116153,-37.58562772172283,-1.3632347805612994,False,False
2015-01-13,net_cashflows,USD,0.94999999999999996,GBP,var,0.00029982982373109998,0.0003934961462020996,9.3666322470999618e-05,False,False
2015-01-13,net_cashflows,USD,0.94999999999999996,GBP,es,0.00073375352508320019,0.00077149785872910031,3.7744333645900116e-05,False,False
2015-01-13,net_cashflows,USD,0.94999999999999996,GBP,score,-24.618169585827872,-26.199248227151969,-1.5810786413240976,False,False
2015-01-13,net_cashflows,USD,0.94999999999999996,JPY,var,0.0010351942209047998,0.0010926476916706994,5.7453470765899631e-05,False,False
2015-01-13,net_cashflows,USD,0.94999999999999996,JPY,es,0.0016751810789493995,0.0016545348838357997,-2.0646195113599788e-05,False,False
2015-01-13,net_cashflows,USD,0.94999999999999996,JPY,score,-47.934394971888381,-48.107587930476001,-0.17319295858762018,False,False
2015-01-13,net_cashflows,USD,0.94999999999999996,CHF,var,0.00035354656193650009,0.0003704978257486999,1.6951263812199809e-05,False,False
2015-01-13,net_cashflows,USD,0.94999999999999996,CHF,es,0.00047657330526250027,0.00051199058472520004,3.541727946269977e-05,False,False
2015-01-13,net_cashflows,USD,0.94999999999999996,CHF,score,-17.607820592325425,-18.876633673455643,-1.2688130811302187,False,False
2015-01-13,net_cashflows,USD,0.98999999999999999,USD,var,0.0015047035537180996,0.0014159796307685003,-8.8723922949599313e-05,False,False
2015-01-13,net_cashflows,USD,0.98999999999999999,USD,es,0.0015369539194493003,0.0016205630548142003,8.3609135364899959e-05,False,False
2015-01-13,net_cashflows,USD,0.98999999999999999,USD,score,-123.92048097211273,-130.15958314869437,-6.239102176581639,False,False
2015-01-13,net_cashflows,USD,0.98999999999999999,GBP,var,0.00082551765236679991,0.00093228623349360037,0.00010676858112680047,False,False
2015-01-13,net_cashflows,USD,0.98999999999999999,GBP,es,0.0015017927706490004,0.0013846697108769006,-0.00011712305977209982,False,False
2015-01-13,net_cashflows,USD,0.98999999999999999,GBP,score,-112.81287741075107,-111.03875213809579,1.774125272655283,False,False
2015-01-13,net_cashflows,USD,0.98999999999999999,JPY,var,0.0019582511406372001,0.0020231941923703999,6.4943051733199787e-05,False,False
2015-01-13,net_cashflows,USD,0.98999999999999999,JPY,es,0.0024808972806160002,0.0025355107177157006,5.4613437099700415e-05,False,False
2015-01-13,net_cashflows,USD,0.98999999999999999,JPY,score,-171.2295236621635,-178.4295510872293,-7.2000274250657981,False,False
2015-01-13,net_cashflows,USD,0.98999999999999999,CHF,var,0.00057411888974910012,0.00056220986970040038,-1.1909020048699731e-05,False,False
2015-01-13,net_cashflows,USD,0.98999999999999999,CHF,es,0.00051584784468720023,0.00066447342265830035,0.00014862557797110012,False,False
2015-01-13,net_cashflows,USD,0.98999999999999999,CHF,score,-49.532203983549778,-61.212966158383665,-11.680762174833887,False,False
2015-01-15,funded_assets,EUR,0.94999999999999996,USD,var,-0.017004648412333997,-0.016217513299123399,0.00078713511321059845,False,False
2015-01-15,funded_assets,EUR,0.94999999999999996,USD,es,-607.95554908500537,-3327.7477853930063,-2719.7922363080011,False,False
2015-01-15,funded_assets,EUR,0.94999999999999996,USD,score,-10.05216601798773,-11.739451680972234,-1.6872856629845039,False,False
2015-01-15,funded_assets,EUR,0.94999999999999996,GBP,var,-0.013498924520447099,-0.0127438378092735,0.00075508671117359948,False,False
2015-01-15,funded_assets,EUR,0.94999999999999996,GBP,es,-607.95029339374446,-3327.7427770275908,-2719.7924836338461,False,False
2015-01-15,funded_assets,EUR,0.94999999999999996,GBP,score,-9.7224091037671734,-11.419105491158081,-1.696696387390908,False,False
2015-01-15,funded_assets,EUR,0.94999999999999996,JPY,var,-0.015836611422840902,-0.0151866668057721,0.00064994461706880183,False,False
2015-01-15,funded_assets,EUR,0.94999999999999996,JPY,es,-607.95431040175947,-3327.7465626934509,-2719.7922522916915,False,False
2015-01-15,funded_assets,EUR,0.94999999999999996,JPY,score,-9.9399662188418993,-11.638363827442856,-1.6983976086009562,False,False
2015-01-15,funded_assets,EUR,0.94999999999999996,CHF,var,0.064610578278158109,0.064776374123101402,0.00016579584494329225,False,False
2015-01-15,funded_assets,EUR,0.94999999999999996,CHF,es,21134.028043468858,14077.972736252334,-7056.0553072165239,False,False
2015-01-15,funded_assets,EUR,0.94999999999999996,CHF,score,3.5768391540552722,1.6544975607329899,-1.9223415933222823,False,True
2015-01-15,funded_assets,EUR,0.98999999999999999,USD,var,-0.033821081838060693,-0.035367728542020103,-0.0015466467039594103,False,False
2015-01-15,funded_assets,EUR,0.98999999999999999,USD,es,-3039.6867414879871,-16638.648795518711,-13598.962054030724,False,False
2015-01-15,funded_assets,EUR,0.98999999999999999,USD,score,-11.183208532932925,-12.89620221176386,-1.7129936788309355,False,False
2015-01-15,funded_assets,EUR,0.98999999999999999,GBP,var,-0.027793676286314097,-0.029678823922891302,-0.0018851476365772044,False,False
2015-01-15,funded_assets,EUR,0.98999999999999999,GBP,es,-3039.6771605796639,-16638.640727592352,-13598.963567012688,False,False
2015-01-15,funded_assets,EUR,0.98999999999999999,GBP,score,-10.831770832005239,-12.566327340332844,-1.7345565083276053,False,False
2015-01-15,funded_assets,EUR,0.98999999999999999,JPY,var,-0.032188539097720195,-0.034141457458417603,-0.0019529183606974074,False,False
2015-01-15,funded_assets,EUR,0.98999999999999999,JPY,es,-3039.6845566140128,-16638.647068133949,-13598.962511519936,False,False
2015-01-15,funded_assets,EUR,0.98999999999999999,JPY,score,-11.079731560955157,-12.815492808809289,-1.735761247854132,False,False
2015-01-15,funded_assets,EUR,0.98999999999999999,CHF,var,0.14234808635609569,0.13106472898332011,-0.011283357372775582,False,False
2015-01-15,funded_assets,EUR,0.98999999999999999,CHF,es,105669.78820636962,70389.516913639949,-35280.271292729667,False,False
2015-01-15,funded_assets,EUR,0.98999999999999999,CHF,score,3.5769040117447641,1.6545017049887267,-1.9224023067560374,False,True
2015-01-15,funded_assets,USD,0.94999999999999996,USD,var,-0.017024822143729301,-0.0162979095776533,0.00072691256607600174,False,False
2015-01-15,funded_assets,USD,0.94999999999999996,USD,es,-601.63665214802643,-3313.5275021774655,-2711.8908500294392,False,False
2015-01-15,funded_assets,USD,0.94999999999999996,USD,score,-10.043364039303682,-11.738160461383636,-1.6947964220799534,False,False
2015-01-15,funded_assets,USD,0.94999999999999996,GBP,var,-0.0134538349861611,-0.012783126154883601,0.00067070883127749899,False,False
2015-01-15,funded_assets,USD,0.94999999999999996,GBP,es,-601.63133700879223,-3313.5224346212713,-2711.8910976124789,False,False
2015-01-15,funded_assets,USD,0.94999999999999996,GBP,score,-9.7085624529402637,-11.413746240188335,-1.7051837872480711,False,False
2015-01-15,funded_assets,USD,0.94999999999999996,JPY,var,-0.015742822381482398,-0.015215317620038702,0.00052750476144369611,False,False
2015-01-15,funded_assets,USD,0.94999999999999996,JPY,es,-601.63534301133097,-3313.5262083226908,-2711.8908653113599,False,False
2015-01-15,funded_assets,USD,0.94999999999999996,JPY,score,-9.9216026750010471,-11.631772933372041,-1.7101702583709937,False,False
2015-01-15,funded_assets,USD,0.94999999999999996,CHF,var,0.070390287847580904,0.073028091885459501,0.0026378040378785966,False,False
2015-01-15,funded_assets,USD,0.94999999999999996,CHF,es,-601.44948994704623,-3313.3491300659089,-2711.8996401188624,False,False
2015-01-15,funded_assets,USD,0.94999999999999996,CHF,score,-7.5263308303560086,-9.2443904504201022,-1.7180596200640936,False,False
2015-01-15,funded_assets,USD,0.98999999999999999,USD,var,-0.034461770375491897,-0.035674327424870297,-0.0012125570493784002,False,False
2015-01-15,funded_assets,USD,0.98999999999999999,USD,es,-3008.0918498063634,-16567.546915080282,-13559.455065273918,False,False
2015-01-15,funded_assets,USD,0.98999999999999999,USD,score,-11.181243323212815,-12.894357808910579,-1.7131144856977638,False,False
2015-01-15,funded_assets,USD,0.98999999999999999,GBP,var,-0.028313743934782899,-0.029942522317056103,-0.0016287783822732035,False,False
2015-01-15,funded_assets,USD,0.98999999999999999,GBP,es,-3008.0821067828474,-16567.538715094441,-13559.456608311593,False,False
2015-01-15,funded_assets,USD,0.98999999999999999,GBP,score,-10.821354498780511,-12.561031158435057,-1.7396766596545454,False,False
2015-01-15,funded_assets,USD,0.98999999999999999,JPY,var,-0.032517931586281995,-0.034332222299311099,-0.0018142907130291042,False,False
2015-01-15,funded_assets,USD,0.98999999999999999,JPY,es,-3008.0894894988701,-16567.545022203889,-13559.455532705018,False,False
2015-01-15,funded_assets,USD,0.98999999999999999,JPY,score,-11.060589369655013,-12.806119765151472,-1.7455303954964592,False,False
2015-01-15,funded_assets,USD,0.98999999999999999,CHF,var,0.1771234259972789,0.17210853973225221,-0.0050148862650266912,False,False
2015-01-15,funded_assets,USD,0.98999999999999999,CHF,es,-3007.6697116188639,-16567.160655826301,-13559.490944207437,False,False
2015-01-15,funded_assets,USD,0.98999999999999999,CHF,score,-8.3136984639102813,-10.068807461538038,-1.7551089976277563,False,False
2015-01-15,net_cashflows,EUR,0.94999999999999996,USD,var,-0.010450213225895998,-0.010536113592047598,-8.5900366151600224e-05,False,False
2015-01-15,net_cashflows,EUR,0.94999999999999996,USD,es,-214.17779216543397,-759744992.002931,-759744777.82513881,False,False
2015-01-15,net_cashflows,EUR,0.94999999999999996,USD,score,-8.8458501697832475,-23.921871210118468,-15.07602104033522,False,False
2015-01-15,net_cashflows,EUR,0.94999999999999996,GBP,var,-0.0083422593353966977,-0.0085668123799340981,-0.00022455304453740041,False,False
2015-01-15,net_cashflows,EUR,0.94999999999999996,GBP,es,-214.17009205041307,-759744991.99689412,-759744777.82680202,False,False
2015-01-15,net_cashflows,EUR,0.94999999999999996,GBP,score,-8.5766898336856112,-23.693484970476131,-15.11679513679052,False,False
2015-01-15,net_cashflows,EUR,0.94999999999999996,JPY,var,-0.010883270618841598,-0.010918786779079597,-3.5516160237999278e-05,False,False
2015-01-15,net_cashflows,EUR,0.94999999999999996,JPY,es,-214.17694841373302,-759744992.00268483,-759744777.8257364,False,False
2015-01-15,net_cashflows,EUR,0.94999999999999996,JPY,score,-8.8526752343832307,-23.94009242182365,-15.087417187440419,False,False
2015-01-15,net_cashflows,EUR,0.94999999999999996,CHF,var,-0.00065952061020299949,-0.00069912865057669693,-3.9608040373697445e-05,False,False
2015-01-15,net_cashflows,EUR,0.94999999999999996,CHF,es,1701.2535937912862,-734810076.26228499,-734811777.5158788,True,True
2015-01-15,net_cashflows,EUR,0.94999999999999996,CHF,score,2.1907378101234523,-3.4167137788915234,-5.6074515890149756,True,True
2015-01-15,net_cashflows,EUR,0.98999999999999999,USD,var,-0.019426265259690798,-0.019895401904882801,-0.00046913664519200246,False,False
2015-01-15,net_cashflows,EUR,0.98999999999999999,USD,es,-1070.8337385669458,-3798724959.9606423,-3798723889.1269035,False,False
2015-01-15,net_cashflows,EUR,0.98999999999999999,USD,score,-9.9198063401334124,-25.019119133340066,-15.099312793206654,False,False
2015-01-15,net_cashflows,EUR,0.98999999999999999,GBP,var,-0.016037609142925596,-0.0164661669233764,-0.00042855778045080423,False,False
2015-01-15,net_cashflows,EUR,0.98999999999999999,GBP,es,-1070.8049998151919,-3798724959.9402008,-3798723889.135201,False,False
2015-01-15,net_cashflows,EUR,0.98999999999999999,GBP,score,-9.4705902416121397,-24.657491613783684,-15.186901372171544,False,False
2015-01-15,net_cashflows,EUR,0.98999999999999999,JPY,var,-0.018954972539406999,-0.019465928205783502,-0.00051095566637650303,False,False
2015-01-15,net_cashflows,EUR,0.98999999999999999,JPY,es,-1070.8290140505746,-3798724959.958281,-3798723889.1292672,False,False
2015-01-15,net_cashflows,EUR,0.98999999999999999,JPY,score,-9.8390268490562907,-24.971243807246978,-15.132216958190687,False,False
2015-01-15,net_cashflows,EUR,0.98999999999999999,CHF,var,-0.0024644477646342949,-0.0032835876999346009,-0.00081913993530030593,False,False
2015-01-15,net_cashflows,EUR,0.98999999999999999,CHF,es,8506.2744982863842,-3674050381.306139,-3674058887.5806375,True,True
2015-01-15,net_cashflows,EUR,0.98999999999999999,CHF,score,2.1908834914417596,-3.4167137802001868,-5.6075972716419464,True,True
2015-01-15,net_cashflows,USD,0.94999999999999996,USD,var,-0.010429910848407898,-0.010479261753666999,-4.9350905259100408e-05,False,False
2015-01-15,net_cashflows,USD,0.94999999999999996,USD,es,-211.37267899156268,-760137623.92946243,-760137412.55678344,False,False
2015-01-15,net_cashflows,USD,0.94999999999999996,USD,score,-8.827812232257326,-23.916284911619137,-15.088472679361811,False,False
2015-01-15,net_cashflows,USD,0.94999999999999996,GBP,var,-0.0083699796139999998,-0.0085408697995237991,-0.00017089018552379938,False,False
2015-01-15,net_cashflows,USD,0.94999999999999996,GBP,es,-211.36501406724727,-760137623.92347121,-760137412.55845714,False,False
2015-01-15,net_cashflows,USD,0.94999999999999996,GBP,score,-8.5622252672957586,-23.691291991247397,-15.129066723951638,False,False
2015-01-15,net_cashflows,USD,0.94999999999999996,JPY,var,-0.010866803383877098,-0.010887188868886599,-2.0385485009500812e-05,False,False
2015-01-15,net_cashflows,USD,0.94999999999999996,JPY,es,-211.37185626213881,-760137623.92924166,-760137412.55738544,False,False
2015-01-15,net_cashflows,USD,0.94999999999999996,JPY,score,-8.8351415629942416,-23.936442460634581,-15.101300897640339,False,False
2015-01-15,net_cashflows,USD,0.94999999999999996,CHF,var,-0.0010134356541413973,-0.0011115397814972991,-9.8104127355901766e-05,False,False
2015-01-15,net_cashflows,USD,0.94999999999999996,CHF,es,-211.35599411710402,-760137623.91469634,-760137412.55870223,False,False
2015-01-15,net_cashflows,USD,0.94999999999999996,CHF,score,-8.1625537568653357,-23.278452512228867,-15.115898755363531,False,False
2015-01-15,net_cashflows,USD,0.98999999999999999,USD,var,-0.019005444112308201,-0.019547665659534901,-0.00054222154722670043,False,False
2015-01-15,net_cashflows,USD,0.98999999999999999,USD,es,-1056.8086103875082,-3800688119.5938053,-3800687062.7851949,False,False
2015-01-15,net_cashflows,USD,0.98999999999999999,USD,score,-9.8975144570847355,-25.008827002497696,-15.111312545412961,False,False
2015-01-15,net_cashflows,USD,0.98999999999999999,GBP,var,-0.015771762226064003,-0.016220447936741701,-0.000448685710677698,False,False
2015-01-15,net_cashflows,USD,0.98999999999999999,GBP,es,-1056.7799016100712,-3800688119.5734348,-3800687062.7935333,False,False
2015-01-15,net_cashflows,USD,0.98999999999999999,GBP,score,-9.4543673602542331,-24.653358843344137,-15.198991483089904,False,False
2015-01-15,net_cashflows,USD,0.98999999999999999,JPY,var,-0.018503552861928601,-0.019120436270254802,-0.00061688340832620134,False,False
2015-01-15,net_cashflows,USD,0.98999999999999999,JPY,es,-1056.8039889245549,-3800688119.5915356,-3800687062.7875466,False,False
2015-01-15,net_cashflows,USD,0.98999999999999999,JPY,score,-9.8177900541862861,-24.962773424983379,-15.144983370797092,False,False
2015-01-15,net_cashflows,USD,0.98999999999999999,CHF,var,-0.0046451828945533041,-0.0047395800607845998,-9.4397166231295626e-05,False,False
2015-01-15,net_cashflows,USD,0.98999999999999999,CHF,es,-1056.7709558445736,-3800688119.5656104,-3800687062.7946544,False,False
2015-01-15,net_cashflows,USD,0.98999999999999999,CHF,score,-9.1919820331306639,-24.361722943576371,-15.169740910445707,False,False
2015-01-16,funded_assets,EUR,0.94999999999999996,USD,var,-0.015864018365413401,-0.01522301327962,0.00064100508579340194,False,False
2015-01-16,funded_assets,EUR,0.94999999999999996,USD,es,-253.34395590359804,-1105.9477457977403,-852.60378989414221,False,False
2015-01-16,funded_assets,EUR,0.94999999999999996,USD,score,-9.204708352369547,-10.675293254519648,-1.470584902150101,False,False
2015-01-16,funded_assets,EUR,0.94999999999999996,GBP,var,-0.012462220347920501,-0.011855557213253098,0.00060666313466740257,False,False
2015-01-16,funded_assets,EUR,0.94999999999999996,GBP,es,-253.33890075344183,-1105.9429133825929,-852.60401262915104,False,False
2015-01-16,funded_assets,EUR,0.94999999999999996,GBP,score,-8.8764224029220493,-10.353573680957327,-1.4771512780352776,False,False
2015-01-16,funded_assets,EUR,0.94999999999999996,JPY,var,-0.0150580028062904,-0.0144270113162937,0.00063099148999670035,False,False
2015-01-16,funded_assets,EUR,0.94999999999999996,JPY,es,-253.34299744176869,-1105.9468073415328,-852.60380989976409,False,False
2015-01-16,funded_assets,EUR,0.94999999999999996,JPY,score,-9.121637919763284,-10.593600408790135,-1.4719624890268506,False,False
2015-01-16,funded_assets,EUR,0.94999999999999996,CHF,var,0.060351410376531703,0.060649784708056396,0.00029837433152469367,False,False
2015-01-16,funded_assets,EUR,0.94999999999999996,CHF,es,7640.564845898386,4686.5581229007703,-2954.0067229976157,False,False
2015-01-16,funded_assets,EUR,0.94999999999999996,CHF,score,3.4389639946953183,1.6558459948000364,-1.783117999895282,False,True
2015-01-16,funded_assets,EUR,0.98999999999999999,USD,var,-0.031886404639119501,-0.033298725204610496,-0.0014123205654909959,False,False
2015-01-16,funded_assets,EUR,0.98999999999999999,USD,es,-1266.6344606890711,-5529.6541527947247,-4263.019692105654,False,False
2015-01-16,funded_assets,EUR,0.98999999999999999,USD,score,-10.349223647188017,-11.827594466232608,-1.4783708190445903,False,False
2015-01-16,funded_assets,EUR,0.98999999999999999,GBP,var,-0.025882948087005302,-0.0279225304129299,-0.0020395823259245979,False,False
2015-01-16,funded_assets,EUR,0.98999999999999999,GBP,es,-1266.6252898889818,-5529.6463708818173,-4263.0210809928358,False,False
2015-01-16,funded_assets,EUR,0.98999999999999999,GBP,score,-9.98979550749835,-11.502835555043394,-1.5130400475450436,False,False
2015-01-16,funded_assets,EUR,0.98999999999999999,JPY,var,-0.030154302226243702,-0.032430910241059097,-0.0022766080148153948,False,False
2015-01-16,funded_assets,EUR,0.98999999999999999,JPY,es,-1266.6325231047074,-5529.6526953365446,-4263.020172231837,False,False
2015-01-16,funded_assets,EUR,0.98999999999999999,JPY,score,-10.239285567920955,-11.76517488597178,-1.5258893180508242,False,False
2015-01-16,funded_assets,EUR,0.98999999999999999,CHF,var,0.13294665562763472,0.12248520407416709,-0.010461451553467629,False,False
2015-01-16,funded_assets,EUR,0.98999999999999999,CHF,es,38202.494675483009,23432.46587843298,-14770.028797050029,False,False
2015-01-16,funded_assets,EUR,0.98999999999999999,CHF,score,3.4391092401886851,1.6558580201112916,-1.7832512200773936,False,True
2015-01-16,funded_assets,USD,0.94999999999999996,USD,var,-0.015918695504208602,-0.0152778121491091,0.00064088335509950196,False,False
2015-01-16,funded_assets,USD,0.94999999999999996,USD,es,-250.586613045131,-1101.7415848425874,-851.15497179745637,False,False
2015-01-16,funded_assets,USD,0.94999999999999996,USD,score,-9.19510200851429,-10.673060232617317,-1.4779582241030269,False,False
2015-01-16,funded_assets,USD,0.94999999999999996,GBP,var,-0.0125357576853035,-0.011884377995998901,0.00065137968930459832,False,False
2015-01-16,funded_assets,USD,0.94999999999999996,GBP,es,-250.5815055116343,-1101.7366976828332,-851.15519217119891,False,False
2015-01-16,funded_assets,USD,0.94999999999999996,GBP,score,-8.866623172165383,-10.348494707556247,-1.481871535390864,False,False
2015-01-16,funded_assets,USD,0.94999999999999996,JPY,var,-0.015151203773891699,-0.014469813735833401,0.0006813900380582983,False,False
2015-01-16,funded_assets,USD,0.94999999999999996,JPY,es,-250.58559297067691,-1101.7405813998605,-851.15498842918362,False,False
2015-01-16,funded_assets,USD,0.94999999999999996,JPY,score,-9.1135124483552978,-10.589016099455442,-1.4755036511001443,False,False
2015-01-16,funded_assets,USD,0.94999999999999996,CHF,var,0.065604606508635893,0.0679102279374936,0.002305621428857707,False,False
2015-01-16,funded_assets,USD,0.94999999999999996,CHF,es,-250.41409203329891,-1101.5767999584627,-851.16270792516389,False,False
2015-01-16,funded_assets,USD,0.94999999999999996,CHF,score,-6.7226546716841451,-8.215177514693746,-1.4925228430096009,False,False
2015-01-16,funded_assets,USD,0.98999999999999999,USD,var,-0.032383400110403603,-0.0334778799534916,-0.0010944798430879976,False,False
2015-01-16,funded_assets,USD,0.98999999999999999,USD,es,-1252.8473327946838,-5508.6228889402628,-4255.7755561455788,False,False
2015-01-16,funded_assets,USD,0.98999999999999999,USD,score,-10.338975903150269,-11.827628715341859,-1.4886528121915905,False,False
2015-01-16,funded_assets,USD,0.98999999999999999,GBP,var,-0.026267448674495705,-0.028041924894207104,-0.0017744762197113989,False,False
2015-01-16,funded_assets,USD,0.98999999999999999,GBP,es,-1252.8380308052463,-5508.6149848421564,-4255.77695403691,False,False
2015-01-16,funded_assets,USD,0.98999999999999999,GBP,score,-9.9740472346389737,-11.498342528327301,-1.5242952936883274,False,False
2015-01-16,funded_assets,USD,0.98999999999999999,JPY,var,-0.030630028015178702,-0.032529542265562705,-0.0018995142503840032,False,False
2015-01-16,funded_assets,USD,0.98999999999999999,JPY,es,-1252.845259897043,-5508.6212781149989,-4255.7760182179554,False,False
2015-01-16,funded_assets,USD,0.98999999999999999,JPY,score,-10.226562987732361,-11.759108555619973,-1.5325455678876114,False,False
2015-01-16,funded_assets,USD,0.98999999999999999,CHF,var,0.1664671064377834,0.1585506572259206,-0.0079164492118627972,False,False
2015-01-16,funded_assets,USD,0.98999999999999999,CHF,es,-1252.4608490590117,-5508.2683460909402,-4255.8074970319285,False,False
2015-01-16,funded_assets,USD,0.98999999999999999,CHF,score,-7.5103021014509324,-9.0468214932109383,-1.536519391760006,False,False
2015-01-16,net_cashflows,EUR,0.94999999999999996,USD,var,-0.0093874165642376991,-0.0094395266261038009,-5.2110061866101828e-05,False,False
2015-01-16,net_cashflows,EUR,0.94999999999999996,USD,es,-97.906293601782451,-108856418.6288906,-108856320.722597,False,False
2015-01-16,net_cashflows,EUR,0.94999999999999996,USD,score,-8.0884655544494066,-22.004000056032407,-13.915534501583,False,False
2015-01-16,net_cashflows,EUR,0.94999999999999996,GBP,var,-0.0074830591582568003,-0.0076503470206383019,-0.00016728786238150162,False,False
2015-01-16,net_cashflows,EUR,0.94999999999999996,GBP,es,-97.899171534204655,-108856418.62334447,-108856320.72417293,False,False
2015-01-16,net_cashflows,EUR,0.94999999999999996,GBP,score,-7.8337997045909509,-21.788666142173852,-13.954866437582901,False,False
2015-01-16,net_cashflows,EUR,0.94999999999999996,JPY,var,-0.0099028794953879996,-0.0099389543279857009,-3.6074832597701376e-05,False,False
2015-01-16,net_cashflows,EUR,0.94999999999999996,JPY,es,-97.905717659124576,-108856418.62887315,-108856320.7231555,False,False
2015-01-16,net_cashflows,EUR,0.94999999999999996,JPY,score,-8.1071093327144013,-22.035515133872437,-13.928405801158036,False,False
2015-01-16,net_cashflows,EUR,0.94999999999999996,CHF,var,0.00011960602297080014,3.4262620607596744e-05,-8.5343402363203397e-05,False,True
2015-01-16,net_cashflows,EUR,0.94999999999999996,CHF,es,618.05820060545329,-104657363.85298708,-104657981.91118769,True,True
2015-01-16,net_cashflows,EUR,0.94999999999999996,CHF,score,1.9893087763075332,-3.2551702988769691,-5.2444790751845023,True,True
2015-01-16,net_cashflows,EUR,0.98999999999999999,USD,var,-0.016901738120449497,-0.017826681083763701,-0.00092494296331420423,False,False
2015-01-16,net_cashflows,EUR,0.98999999999999999,USD,es,-489.48175227710561,-544282093.09600043,-544281603.61424816,False,False
2015-01-16,net_cashflows,EUR,0.98999999999999999,USD,score,-9.1623885503182692,-23.101815520944093,-13.939426970625824,False,False
2015-01-16,net_cashflows,EUR,0.98999999999999999,GBP,var,-0.0138191032850561,-0.014718096797372501,-0.00089899351231640182,False,False
2015-01-16,net_cashflows,EUR,0.98999999999999999,GBP,es,-489.45500905621986,-544282093.07713258,-544281603.62212348,False,False
2015-01-16,net_cashflows,EUR,0.98999999999999999,GBP,score,-8.7320370220477965,-22.758249193364133,-14.026212171316336,False,False
2015-01-16,net_cashflows,EUR,0.98999999999999999,JPY,var,-0.0167376830687191,-0.017655543404194101,-0.00091786033547500145,False,False
2015-01-16,net_cashflows,EUR,0.98999999999999999,JPY,es,-489.47770685373018,-544282093.09417069,-544281603.61646378,False,False
2015-01-16,net_cashflows,EUR,0.98999999999999999,JPY,score,-9.0989285159104636,-23.069136715623035,-13.970208199712571,False,False
2015-01-16,net_cashflows,EUR,0.98999999999999999,CHF,var,-0.00064401001632109767,-0.0018416509636964007,-0.001197640947375303,False,False
2015-01-16,net_cashflows,EUR,0.98999999999999999,CHF,es,3090.2940077994085,-523286819.26330751,-523289909.55731529,True,True
2015-01-16,net_cashflows,EUR,0.98999999999999999,CHF,score,1.9895989496064894,-3.2551703063711379,-5.2447692559776273,True,True
2015-01-16,net_cashflows,USD,0.94999999999999996,USD,var,-0.0094255199317944006,-0.009348024826006501,7.7495105787899615e-05,False,False
2015-01-16,net_cashflows,USD,0.94999999999999996,USD,es,-96.550909827905144,-108899910.09914777,-108899813.54823793,False,False
2015-01-16,net_cashflows,USD,0.94999999999999996,USD,score,-8.0695208933435438,-21.997978592610199,-13.928457699266655,False,False
2015-01-16,net_cashflows,USD,0.94999999999999996,GBP,var,-0.0075239805960211018,-0.007575590495365301,-5.1609899344199142e-05,False,False
2015-01-16,net_cashflows,USD,0.94999999999999996,GBP,es,-96.543829106132108,-108899910.09365346,-108899813.54982434,False,False
2015-01-16,net_cashflows,USD,0.94999999999999996,GBP,score,-7.8166581479387229,-21.785581051069862,-13.968922903131139,False,False
2015-01-16,net_cashflows,USD,0.94999999999999996,JPY,var,-0.0099605579088969005,-0.0098704627037727016,9.0095205124198982e-05,False,False
2015-01-16,net_cashflows,USD,0.94999999999999996,JPY,es,-96.550350418601155,-108899910.09915303,-108899813.54880261,False,False
2015-01-16,net_cashflows,USD,0.94999999999999996,JPY,score,-8.0894778257475206,-22.03121295541527,-13.94173512966775,False,False
2015-01-16,net_cashflows,USD,0.94999999999999996,CHF,var,-0.00033867844674930273,-0.00025675285589620012,8.1925590853102609e-05,False,False
2015-01-16,net_cashflows,USD,0.94999999999999996,CHF,es,-96.534737354461484,-108899910.08483011,-108899813.55009276,False,False
2015-01-16,net_cashflows,USD,0.94999999999999996,CHF,score,-7.4085019514182004,-21.362742201965194,-13.954240250546993,False,False
2015-01-16,net_cashflows,USD,0.98999999999999999,USD,var,-0.016771391495032803,-0.017500023990175799,-0.00072863249514299594,False,False
2015-01-16,net_cashflows,USD,0.98999999999999999,USD,es,-482.70526465620361,-544499550.44777703,-544499067.74251235,False,False
2015-01-16,net_cashflows,USD,0.98999999999999999,USD,score,-9.1403943666503107,-23.091169939365663,-13.950775572715353,False,False
2015-01-16,net_cashflows,USD,0.98999999999999999,GBP,var,-0.013858735509854801,-0.014485290748491197,-0.00062655523863639623,False,False
2015-01-16,net_cashflows,USD,0.98999999999999999,GBP,es,-482.67856778393036,-544499550.42900014,-544499067.75043237,False,False
2015-01-16,net_cashflows,USD,0.98999999999999999,GBP,score,-8.7160322146019205,-22.753873948899486,-14.037841734297565,False,False
2015-01-16,net_cashflows,USD,0.98999999999999999,JPY,var,-0.016540359441916702,-0.017309526263780999,-0.00076916682186429705,False,False
2015-01-16,net_cashflows,USD,0.98999999999999999,JPY,es,-482.70130498993149,-544499550.44602394,-544499067.74471891,False,False
2015-01-16,net_cashflows,USD,0.98999999999999999,JPY,score,-9.0763227569260536,-23.059270337064,-13.982947580137946,False,False
2015-01-16,net_cashflows,USD,0.98999999999999999,CHF,var,-0.0028033341951772019,-0.0031223363459455984,-0.00031900215076839655,False,False
2015-01-16,net_cashflows,USD,0.98999999999999999,CHF,es,-482.66869267299268,-544499550.42038178,-544499067.75168908,False,False
2015-01-16,net_cashflows,USD,0.98999999999999999,CHF,score,-8.4359625902296891,-22.445867049614858,-14.009904459385169,False,False
2018-02-15,funded_assets,EUR,0.94999999999999996,USD,var,9.2151389459000158e-05,0.00021238504859950012,0.00012023365914049997,False,False
2018-02-15,funded_assets,EUR,0.94999999999999996,USD,es,0.00046817668049469949,0.00027786352105519958,-0.00019031315943949991,False,False
2018-02-15,funded_assets,EUR,0.94999999999999996,USD,score,0.032191774537141171,0.041328968676218381,0.0091371941390772093,False,False
2018-02-15,funded_assets,EUR,0.94999999999999996,GBP,var,0.0009375971688138007,0.0009594131970240994,2.1816028210298703e-05,False,False
2018-02-15,funded_assets,EUR,0.94999999999999996,GBP,es,0.0016366827879494995,0.0014305028017438,-0.00020617998620569948,False,False
2018-02-15,funded_assets,EUR,0.94999999999999996,GBP,score,0.18503920690896791,0.1805868502963861,-0.0044523566125818093,False,False
2018-02-15,funded_assets,EUR,0.94999999999999996,JPY,var,-0.00029728656421789974,-0.00024080962259950042,5.6476941618399321e-05,False,False
2018-02-15,funded_assets,EUR,0.94999999999999996,JPY,es,-1.6374515636500067e-05,-0.0002177824047225,-0.00020140788908599994,False,False
2018-02-15,funded_assets,EUR,0.94999999999999996,JPY,score,-0.044470217522037281,-0.044698952509823364,-0.00022873498778608337,False,False
2018-02-15,funded_assets,EUR,0.94999999999999996,CHF,var,0.00029378488055000016,0.00037490182967689963,8.1116949126899471e-05,False,False
2018-02-15,funded_assets,EUR,0.94999999999999996,CHF,es,0.0018650116611667999,0.0020269477869524991,0.00016193612578569924,False,False
2018-02-15,funded_assets,EUR,0.94999999999999996,CHF,score,0.11899617509226168,0.13733326717153282,0.018337092079271144,False,False
2018-02-15,funded_assets,EUR,0.98999999999999999,USD,var,0.00076440620951559977,0.00058051736887959962,-0.00018388884063600015,False,False
2018-02-15,funded_assets,EUR,0.98999999999999999,USD,es,0.00071418848235920047,9.4134080652100507e-05,-0.00062005440170709997,False,True
2018-02-15,funded_assets,EUR,0.98999999999999999,USD,score,0.086518936311471784,0.056998003964524813,-0.029520932346946971,False,False
2018-02-15,funded_assets,EUR,0.98999999999999999,GBP,var,0.0021401901064103009,0.0017939614914023998,-0.00034622861500790102,False,False
2018-02-15,funded_assets,EUR,0.98999999999999999,GBP,es,0.0027861288576634998,0.0020895362777326992,-0.00069659257993080065,False,False
2018-02-15,funded_assets,EUR,0.98999999999999999,GBP,score,0.23833256611046938,0.19858956257775784,-0.039743003532711541,False,False
2018-02-15,funded_assets,EUR,0.98999999999999999,JPY,var,-0.00015931430052669969,-0.00010892119531650049,5.0393105210199199e-05,False,False
2018-02-15,funded_assets,EUR,0.98999999999999999,JPY,es,0.00052266446982560111,-0.00021381425679359994,-0.00073647872661920105,True,True
2018-02-15,funded_assets,EUR,0.98999999999999999,JPY,score,-0.0031429816965529156,-0.01545929803137458,-0.012316316334821664,False,False
2018-02-15,funded_assets,EUR,0.98999999999999999,CHF,var,0.0009190711329116006,0.00086914802881079938,-4.9923104100801224e-05,False,False
2018-02-15,funded_assets,EUR,0.98999999999999999,CHF,es,0.0070634005726498,0.0080915094364829004,0.0010281088638331003,False,False
2018-02-15,funded_assets,EUR,0.98999999999999999,CHF,score,0.25882017831958404,0.28929799698801961,0.030477818668435575,False,False
2018-02-15,funded_assets,USD,0.94999999999999996,USD,var,0.00010934597508350033,0.00021056460855340027,0.00010121863346989994,False,False
2018-02-15,funded_assets,USD,0.94999999999999996,USD,es,0.00047449826937050014,0.00028016854613329995,-0.00019432972323720019,False,False
2018-02-15,funded_assets,USD,0.94999999999999996,USD,score,0.034668912257659557,0.040879881152871889,0.0062109688952123321,False,False
2018-02-15,funded_assets,USD,0.94999999999999996,GBP,var,0.00094643751177880039,0.00097155300423680015,2.5115492457999759e-05,False,False
2018-02-15,funded_assets,USD,0.94999999999999996,GBP,es,0.0016832306077868,0.0014697706202044993,-0.0002134599875823007,False,False
2018-02-15,funded_assets,USD,0.94999999999999996,GBP,score,0.18673115534565898,0.18224593340474549,-0.0044852219409134975,False,False
2018-02-15,funded_assets,USD,0.94999999999999996,JPY,var,-0.00028211825852410017,-0.0002440179979581996,3.8100260565900566e-05,False,False
2018-02-15,funded_assets,USD,0.94999999999999996,JPY,es,-9.65054573119975e-06,-0.00021671680023160021,-0.00020706625450040046,False,False
2018-02-15,funded_assets,USD,0.94999999999999996,JPY,score,-0.041579749943707611,-0.044780539125779839,-0.0032007891820722278,False,False
2018-02-15,funded_assets,USD,0.94999999999999996,CHF,var,0.0003201449188782006,0.00036801823111210028,4.7873312233899686e-05,False,False
2018-02-15,funded_assets,USD,0.94999999999999996,CHF,es,0.0013850554221033996,0.0017382992835917998,0.00035324386148840019,False,False
2018-02-15,funded_assets,USD,0.94999999999999996,CHF,score,0.10038230894987965,0.12278962792272452,0.02240731897284487,False,False
2018-02-15,funded_assets,USD,0.98999999999999999,USD,var,0.00075097667039590067,0.00058631115856909964,-0.00016466551182680103,False,False
2018-02-15,funded_assets,USD,0.98999999999999999,USD,es,0.00076560335165539936,0.00011239557953549896,-0.0006532077721199004,False,True
2018-02-15,funded_assets,USD,0.98999999999999999,USD,score,0.085408196915971679,0.057238551876382715,-0.028169645039588964,False,False
2018-02-15,funded_assets,USD,0.98999999999999999,GBP,var,0.0021504735639422991,0.001819896007829799,-0.0003305775561125001,False,False
2018-02-15,funded_assets,USD,0.98999999999999999,GBP,es,0.0029183571245718996,0.0021942024607556985,-0.00072415466381620108,False,False
2018-02-15,funded_assets,USD,0.98999999999999999,GBP,score,0.23924174260075493,0.20039153326698145,-0.038850209333773478,False,False
2018-02-15,funded_assets,USD,0.98999999999999999,JPY,var,-0.00015916870380129969,-0.00015451961431990104,4.6490894813986522e-06,False,False
2018-02-15,funded_assets,USD,0.98999999999999999,JPY,es,0.00057554866648589983,-0.00019019270254310057,-0.0007657413690290004,True,True
2018-02-15,funded_assets,USD,0.98999999999999999,JPY,score,-0.0018119334682511479,-0.019101032671076545,-0.017289099202825398,False,False
2018-02-15,funded_assets,USD,0.98999999999999999,CHF,var,0.00092296071944819938,0.00084099431328709881,-8.1966406161100569e-05,False,False
2018-02-15,funded_assets,USD,0.98999999999999999,CHF,es,0.0046625376269492005,0.0066335003929553008,0.0019709627660061003,False,False
2018-02-15,funded_assets,USD,0.98999999999999999,CHF,score,0.19081303315141973,0.24338070481797303,0.052567671666553295,False,False
2018-02-15,net_cashflows,EUR,0.94999999999999996,USD,var,-0.00028460166173020036,-0.00038302683752480023,-9.8425175794599872e-05,False,False
2018-02-15,net_cashflows,EUR,0.94999999999999996,USD,es,-0.0019817481006544008,-0.0013613439022984999,0.0006204041983559009,False,False
2018-02-15,net_cashflows,EUR,0.94999999999999996,USD,score,-0.18874402325975925,-0.16702462113814143,0.021719402121617826,False,False
2018-02-15,net_cashflows,EUR,0.94999999999999996,GBP,var,0.00090546882902829999,0.00099237579645660009,8.6906967428300105e-05,False,False
2018-02-15,net_cashflows,EUR,0.94999999999999996,GBP,es,0.00010982534733149953,0.00077017083479479984,0.00066034548746330031,False,False
2018-02-15,net_cashflows,EUR,0.94999999999999996,GBP,score,0.14167446042169196,0.19941868619411807,0.057744225772426105,False,False
2018-02-15,net_cashflows,EUR,0.94999999999999996,JPY,var,1.3672961521199629e-05,-8.0161235983600317e-05,-9.3834197504799946e-05,True,True
2018-02-15,net_cashflows,EUR,0.94999999999999996,JPY,es,-0.0016848219158509007,-0.0010001085583174005,0.00068471335753350019,False,False
2018-02-15,net_cashflows,EUR,0.94999999999999996,JPY,score,-0.10872430399220345,-0.080880380202562385,0.027843923789641067,False,False
2018-02-15,net_cashflows,EUR,0.94999999999999996,CHF,var,3.1039344091699644e-05,-7.7399529295000321e-05,-0.00010843887338669997,True,True
2018-02-15,net_cashflows,EUR,0.94999999999999996,CHF,es,-0.0014721106963017008,-0.00062144160221699971,0.00085066909408470105,False,True
2018-02-15,net_cashflows,EUR,0.94999999999999996,CHF,score,-0.092833093404533606,-0.055776828912988741,0.037056264491544866,False,False
2018-02-15,net_cashflows,EUR,0.98999999999999999,USD,var,-0.00057094408082059966,-0.00055714558534689963,1.3798495473700025e-05,False,False
2018-02-15,net_cashflows,EUR,0.98999999999999999,USD,es,-0.0087150825071849979,-0.0051453190395889994,0.0035697634675959985,False,False
2018-02-15,net_cashflows,EUR,0.98999999999999999,USD,score,-0.4372654531342608,-0.28080421631806196,0.15646123681619883,False,False
2018-02-15,net_cashflows,EUR,0.98999999999999999,GBP,var,0.0022612912594440005,0.0019381027707998004,-0.00032318848864420005,False,False
2018-02-15,net_cashflows,EUR,0.98999999999999999,GBP,es,-0.0047955121352911984,-0.0014876613135478001,0.0033078508217433984,False,True
2018-02-15,net_cashflows,EUR,0.98999999999999999,GBP,score,-0.0021482146680540382,0.10573093960975832,0.10787915427781236,True,True
2018-02-15,net_cashflows,EUR,0.98999999999999999,JPY,var,-0.00010699471283729962,8.4710236160000403e-05,0.00019170494899730002,True,True
2018-02-15,net_cashflows,EUR,0.98999999999999999,JPY,es,-0.0089667722247776978,-0.0051744195830624,0.0037923526417152978,False,False
2018-02-15,net_cashflows,EUR,0.98999999999999999,JPY,score,-0.38176796597425966,-0.1992983926402454,0.18246957333401426,False,False
2018-02-15,net_cashflows,EUR,0.98999999999999999,CHF,var,-7.7031283903499642e-05,-8.6538053773500129e-05,-9.5067698700004866e-06,False,False
2018-02-15,net_cashflows,EUR,0.98999999999999999,CHF,es,-0.0078806052149072991,-0.0029612597725294995,0.0049193454423777996,False,True
2018-02-15,net_cashflows,EUR,0.98999999999999999,CHF,score,-0.34081003869616566,-0.13477264445045378,0.20603739424571188,False,True
2018-02-15,net_cashflows,USD,0.94999999999999996,USD,var,-0.00028797680490440019,-0.00038957911622400018,-0.00010160231131959999,False,False
2018-02-15,net_cashflows,USD,0.94999999999999996,USD,es,-0.0019707837947262,-0.0013597722856718997,0.00061101150905430029,False,False
2018-02-15,net_cashflows,USD,0.94999999999999996,USD,score,-0.18795589012527092,-0.16752653300905429,0.020429357116216629,False,False
2018-02-15,net_cashflows,USD,0.94999999999999996,GBP,var,0.00091045305257420007,0.0010058211428799002,9.5368090305700173e-05,False,False
2018-02-15,net_cashflows,USD,0.94999999999999996,GBP,es,0.00014451118700129981,0.00080377401568990006,0.00065926282868860025,False,False
2018-02-15,net_cashflows,USD,0.94999999999999996,GBP,score,0.14381326968180197,0.20217527727236195,0.058362007590559983,False,False
2018-02-15,net_cashflows,USD,0.94999999999999996,JPY,var,7.3155764207001595e-06,-7.8822345444499922e-05,-8.6137921865200081e-05,True,True
2018-02-15,net_cashflows,USD,0.94999999999999996,JPY,es,-0.0016708359678898003,-0.00099916509805259967,0.00067167086983720061,False,False
2018-02-15,net_cashflows,USD,0.94999999999999996,JPY,score,-0.10869772838528302,-0.080230115898869414,0.028467612486413607,False,False
2018-02-15,net_cashflows,USD,0.94999999999999996,CHF,var,3.9963214108000057e-05,-7.8550320236000191e-05,-0.00011851353434400025,True,True
2018-02-15,net_cashflows,USD,0.94999999999999996,CHF,es,-0.0014508410091102,-0.00063656450715030011,0.00081427650195989992,False,True
2018-02-15,net_cashflows,USD,0.94999999999999996,CHF,score,-0.08942213570379387,-0.056755516946939366,0.032666618756854504,False,False
2018-02-15,net_cashflows,USD,0.98999999999999999,USD,var,-0.00060485595146070065,-0.00058171687955689989,2.3139071903800768e-05,False,False
2018-02-15,net_cashflows,USD,0.98999999999999999,USD,es,-0.0086292842848678004,-0.0051101568229254997,0.0035191274619423007,False,False
2018-02-15,net_cashflows,USD,0.98999999999999999,USD,score,-0.43131343696396307,-0.28022791685399451,0.15108552010996856,False,False
2018-02-15,net_cashflows,USD,0.98999999999999999,GBP,var,0.0022638330594097001,0.0019948471230290003,-0.00026898593638069977,False,False
2018-02-15,net_cashflows,USD,0.98999999999999999,GBP,es,-0.0046823683334684986,-0.0013906434320975995,0.0032917249013708991,False,True
2018-02-15,net_cashflows,USD,0.98999999999999999,GBP,score,0.003958442212811164,0.11319342400136723,0.10923498178855606,False,False
2018-02-15,net_cashflows,USD,0.98999999999999999,JPY,var,-0.00016227569596800016,0.00010047943090750033,0.00026275512687550049,True,True
2018-02-15,net_cashflows,USD,0.98999999999999999,JPY,es,-0.0088765765726844005,-0.0051505667162920991,0.0037260098563923014,False,False
2018-02-15,net_cashflows,USD,0.98999999999999999,JPY,score,-0.37898682707699649,-0.1947323519856301,0.18425447509136639,False,False
2018-02-15,net_cashflows,USD,0.98999999999999999,CHF,var,-0.00013787742590889995,-9.9325942893999791e-05,3.8551483014900162e-05,False,False
2018-02-15,net_cashflows,USD,0.98999999999999999,CHF,es,-0.0077652410419696994,-0.003012871768390199,0.0047523692735795004,False,True
2018-02-15,net_cashflows,USD,0.98999999999999999,CHF,score,-0.33803439791666712,-0.13719100844109988,0.20084338947556724,False,True
2019-08-15,funded_assets,EUR,0.94999999999999996,USD,var,-0.00058785135554729985,-0.00049122201493220037,9.6629340615099479e-05,False,False
2019-08-15,funded_assets,EUR,0.94999999999999996,USD,es,-0.0011205772941803999,-0.00087164021384699992,0.00024893708033339994,False,False
2019-08-15,funded_assets,EUR,0.94999999999999996,USD,score,0.95726080429865945,0.74459978669822036,-0.2126610176004391,False,False
2019-08-15,funded_assets,EUR,0.94999999999999996,GBP,var,0.00077686403551480068,0.00081838743372149997,4.1523398206699293e-05,False,False
2019-08-15,funded_assets,EUR,0.94999999999999996,GBP,es,0.00097512169795070051,0.0012260049712552994,0.00025088327330459893,False,False
2019-08-15,funded_assets,EUR,0.94999999999999996,GBP,score,0.15873251075412309,0.17753197626741724,0.018799465513294145,False,False
2019-08-15,funded_assets,EUR,0.94999999999999996,JPY,var,0.00022606091987129994,0.00027367857830959928,4.7617658438299341e-05,False,False
2019-08-15,funded_assets,EUR,0.94999999999999996,JPY,es,-5.4331353628599838e-05,0.00025896891570849952,0.00031330026933709936,True,True
2019-08-15,funded_assets,EUR,0.94999999999999996,JPY,score,0.033557679345513236,0.056212858125030074,0.022655178779516838,False,False
2019-08-15,funded_assets,EUR,0.94999999999999996,CHF,var,0.00039258458634150017,0.00044950864899779945,5.6924062656299283e-05,False,False
2019-08-15,funded_assets,EUR,0.94999999999999996,CHF,es,0.00069413240898389978,0.0016570482991201995,0.00096291589013629969,False,False
2019-08-15,funded_assets,EUR,0.94999999999999996,CHF,score,0.092534011949085837,0.14785770446242008,0.055323692513334244,False,False
2019-08-15,funded_assets,EUR,0.98999999999999999,USD,var,-0.00076467731696780016,-0.0008782509369166993,-0.00011357361994889913,False,False
2019-08-15,funded_assets,EUR,0.98999999999999999,USD,es,-0.0026976566102172002,-0.0018507364463199996,0.00084692016389720064,False,False
2019-08-15,funded_assets,EUR,0.98999999999999999,USD,score,-0.17344191741719506,-0.15636114687227654,0.017080770544918522,False,False
2019-08-15,funded_assets,EUR,0.98999999999999999,GBP,var,0.0020675872776714996,0.0015777840244628003,-0.00048980325320869926,False,False
2019-08-15,funded_assets,EUR,0.98999999999999999,GBP,es,0.00090934338928749976,0.0016655481200754003,0.00075620473078790058,False,False
2019-08-15,funded_assets,EUR,0.98999999999999999,GBP,score,0.21547773383850277,0.19662705168967243,-0.018850682148830344,False,False
2019-08-15,funded_assets,EUR,0.98999999999999999,JPY,var,0.00034305069409349982,0.00039078263987750005,4.7731945784000238e-05,False,False
2019-08-15,funded_assets,EUR,0.98999999999999999,JPY,es,-0.0012085953458090999,3.2432506569700023e-05,0.0012410278523787999,True,True
2019-08-15,funded_assets,EUR,0.98999999999999999,JPY,score,-0.00097669414732681759,0.04286362340279215,0.043840317550118968,True,True
2019-08-15,funded_assets,EUR,0.98999999999999999,CHF,var,0.00089774228557789985,0.00095449011537719966,5.6747829799299807e-05,False,False
2019-08-15,funded_assets,EUR,0.98999999999999999,CHF,es,0.0015773666684755997,0.0058503242667911001,0.0042729575983155004,False,False
2019-08-15,funded_assets,EUR,0.98999999999999999,CHF,score,0.13140193932888167,0.26588339218113166,0.13448145285224999,False,False
2019-08-15,funded_assets,USD,0.94999999999999996,USD,var,-0.00059390062809459984,-0.00049232358933460046,0.00010157703875999938,False,False
2019-08-15,funded_assets,USD,0.94999999999999996,USD,es,-0.0011303437682843994,-0.00088130892358740005,0.00024903484469699939,False,False
2019-08-15,funded_assets,USD,0.94999999999999996,USD,score,0.8016177733491574,0.55272146330058014,-0.24889631004857726,False,False
2019-08-15,funded_assets,USD,0.94999999999999996,GBP,var,0.00081777162960579991,0.00083054681379800006,1.2775184192200147e-05,False,False
2019-08-15,funded_assets,USD,0.94999999999999996,GBP,es,0.0010103868454198004,0.0012586033433119002,0.00024821649789209983,False,False
2019-08-15,funded_assets,USD,0.94999999999999996,GBP,score,0.16511739580647777,0.17970830343305533,0.014590907626577554,False,False
2019-08-15,funded_assets,USD,0.94999999999999996,JPY,var,0.00023570037046220012,0.00028042410959079958,4.4723739128599456e-05,False,False
2019-08-15,funded_assets,USD,0.94999999999999996,JPY,es,-3.6558653187799758e-05,0.00028034041759930021,0.00031689907078709997,True,True
2019-08-15,funded_assets,USD,0.94999999999999996,JPY,score,0.035642566457680047,0.057915702248902967,0.02227313579122292,False,False
2019-08-15,funded_assets,USD,0.94999999999999996,CHF,var,0.00041728491033160044,0.00045391594056379964,3.6631030232199199e-05,False,False
2019-08-15,funded_assets,USD,0.94999999999999996,CHF,es,0.00073480464448570041,0.0014875638368550999,0.00075275919236939947,False,False
2019-08-15,funded_assets,USD,0.94999999999999996,CHF,score,0.097574318697277285,0.13945272755208649,0.041878408854809202,False,False
2019-08-15,funded_assets,USD,0.98999999999999999,USD,var,-0.0007090583441402001,-0.00088531531556450011,-0.00017625697142430001,False,False
2019-08-15,funded_assets,USD,0.98999999999999999,USD,es,-0.0027023524981765997,-0.0018678370021071996,0.00083451549606940005,False,False
2019-08-15,funded_assets,USD,0.98999999999999999,USD,score,-0.16629467268503628,-0.15672342711708342,0.0095712455679528574,False,False
2019-08-15,funded_assets,USD,0.98999999999999999,GBP,var,0.0021477242005907005,0.0016272870033308996,-0.00052043719725980084,False,False
2019-08-15,funded_assets,USD,0.98999999999999999,GBP,es,0.00099516008664000087,0.0017478275344371009,0.00075266744779710001,False,False
2019-08-15,funded_assets,USD,0.98999999999999999,GBP,score,0.22336095135529632,0.2015786340381176,-0.021782317317178723,False,False
2019-08-15,funded_assets,USD,0.98999999999999999,JPY,var,0.00035066156526069973,0.00044997713001430038,9.9315564753600649e-05,False,False
2019-08-15,funded_assets,USD,0.98999999999999999,JPY,es,-0.0011745852659015999,8.1707576041300037e-05,0.0012562928419428999,True,True
2019-08-15,funded_assets,USD,0.98999999999999999,JPY,score,0.00034564942563708456,0.049976954725141631,0.049631305299504547,False,False
2019-08-15,funded_assets,USD,0.98999999999999999,CHF,var,0.00096325726728700017,0.0009766257264974005,1.3368459210400321e-05,False,False
2019-08-15,funded_assets,USD,0.98999999999999999,CHF,es,0.0017273561447038992,0.0049509806080592009,0.0032236244633553016,False,False
2019-08-15,funded_assets,USD,0.98999999999999999,CHF,score,0.14106593670509504,0.23744716378346098,0.096381227078365939,False,False
2019-08-15,net_cashflows,EUR,0.94999999999999996,USD,var,0.00048012527246680007,0.0005220660451508998,4.1940772684099722e-05,False,False
2019-08-15,net_cashflows,EUR,0.94999999999999996,USD,es,-0.00026274678353849917,0.00010706077204639987,0.00036980755558489904,True,True
2019-08-15,net_cashflows,EUR,0.94999999999999996,USD,score,0.076810758645079247,0.11430609619019538,0.037495337545116136,False,False
2019-08-15,net_cashflows,EUR,0.94999999999999996,GBP,var,0.00075578977477759992,0.00081180896401430004,5.6019189236700129e-05,False,False
2019-08-15,net_cashflows,EUR,0.94999999999999996,GBP,es,0.00040540943151810057,0.0006935229226479999,0.00028811349112989933,False,False
2019-08-15,net_cashflows,EUR,0.94999999999999996,GBP,score,0.17270838435540981,0.20660876475725765,0.033900380401847841,False,False
2019-08-15,net_cashflows,EUR,0.94999999999999996,JPY,var,0.00079769789991679992,0.00078015989433579975,-1.7538005581000174e-05,False,False
2019-08-15,net_cashflows,EUR,0.94999999999999996,JPY,es,3.0295411928800593e-05,0.00031656409584839961,0.00028626868391959902,False,False
2019-08-15,net_cashflows,EUR,0.94999999999999996,JPY,score,0.15823079944998142,0.17808668278755047,0.019855883337569047,False,False
2019-08-15,net_cashflows,EUR,0.94999999999999996,CHF,var,0.00037852209089050005,0.00040811508532389998,2.9592994433399935e-05,False,False
2019-08-15,net_cashflows,EUR,0.94999999999999996,CHF,es,-0.00012183005592349919,9.2211021976799749e-05,0.00021404107790029894,True,True
2019-08-15,net_cashflows,EUR,0.94999999999999996,CHF,score,0.06560071880801388,0.09033028072294691,0.024729561914933029,False,False
2019-08-15,net_cashflows,EUR,0.98999999999999999,USD,var,0.0008579111506327999,0.00095874223213240038,0.00010083108149960048,False,False
2019-08-15,net_cashflows,EUR,0.98999999999999999,USD,es,-0.0042101201103104998,-0.002353467314980701,0.0018566527953297988,False,False
2019-08-15,net_cashflows,EUR,0.98999999999999999,USD,score,-0.1013169903032578,-0.0067635846194464833,0.09455340568381132,False,True
2019-08-15,net_cashflows,EUR,0.98999999999999999,GBP,var,0.0017678680227149,0.0015905176536959,-0.00017735036901899998,False,False
2019-08-15,net_cashflows,EUR,0.98999999999999999,GBP,es,-0.0021888535327199005,-0.00088170498892180087,0.0013071485437980996,False,True
2019-08-15,net_cashflows,EUR,0.98999999999999999,GBP,score,0.074976305085475481,0.1203525466022608,0.045376241516785321,False,False
2019-08-15,net_cashflows,EUR,0.98999999999999999,JPY,var,0.0012048995656673001,0.0012739576043319005,6.9058038664600481e-05,False,False
2019-08-15,net_cashflows,EUR,0.98999999999999999,JPY,es,-0.0038933801221332004,-0.0025266743536101997,0.0013667057685230006,False,False
2019-08-15,net_cashflows,EUR,0.98999999999999999,JPY,score,-0.045089688269036365,0.027014245913729695,0.072103934182766061,True,True
2019-08-15,net_cashflows,EUR,0.98999999999999999,CHF,var,0.00054734943572639933,0.00071737114786190031,0.00017002171213550098,False,False
2019-08-15,net_cashflows,EUR,0.98999999999999999,CHF,es,-0.0024811683657876994,-0.0015845659702556011,0.00089660239553209821,False,False
2019-08-15,net_cashflows,EUR,0.98999999999999999,CHF,score,-0.069454594131505232,-0.0036599729455417673,0.065794621185963464,False,True
2019-08-15,net_cashflows,USD,0.94999999999999996,USD,var,0.00049010252305249982,0.00052742535851600008,3.7322835463500254e-05,False,False
2019-08-15,net_cashflows,USD,0.94999999999999996,USD,es,-0.00024195385616119971,0.00012347944768719993,0.00036543330384839964,True,True
2019-08-15,net_cashflows,USD,0.94999999999999996,USD,score,0.080302492644441337,0.11622158963289397,0.035919096988452637,False,False
2019-08-15,net_cashflows,USD,0.94999999999999996,GBP,var,0.00074314853962559975,0.00081916248758459988,7.6013947959000135e-05,False,False
2019-08-15,net_cashflows,USD,0.94999999999999996,GBP,es,0.00043010826728050004,0.00071805315494139973,0.00028794488766089969,False,False
2019-08-15,net_cashflows,USD,0.94999999999999996,GBP,score,0.17169366200454483,0.20900414112253252,0.037310479117987683,False,False
2019-08-15,net_cashflows,USD,0.94999999999999996,JPY,var,0.0008285419321186001,0.00078963928639839975,-3.8902645720200347e-05,False,False
2019-08-15,net_cashflows,USD,0.94999999999999996,JPY,es,7.121509742889949e-05,0.00035007435007869923,0.00027885925264979974,False,False
2019-08-15,net_cashflows,USD,0.94999999999999996,JPY,score,0.16640698431350742,0.18149556376447595,0.015088579450968531,False,False
2019-08-15,net_cashflows,USD,0.94999999999999996,CHF,var,0.00037249924302089994,0.00041177090070800004,3.9271657687100104e-05,False,False
2019-08-15,net_cashflows,USD,0.94999999999999996,CHF,es,-5.3427926966500075e-05,0.00012660017196679946,0.00018002809893329953,True,True
2019-08-15,net_cashflows,USD,0.94999999999999996,CHF,score,0.069255920644682334,0.093272561818209532,0.024016641173527198,False,False
2019-08-15,net_cashflows,USD,0.98999999999999999,USD,var,0.00082179936432739964,0.00096975997220530036,0.00014796060787790073,False,False
2019-08-15,net_cashflows,USD,0.98999999999999999,USD,es,-0.0041178862120883003,-0.0022884821852096008,0.0018294040268786995,False,False
2019-08-15,net_cashflows,USD,0.98999999999999999,USD,score,-0.10105891414831802,-0.002389729486347747,0.098669184661970277,False,True
2019-08-15,net_cashflows,USD,0.98999999999999999,GBP,var,0.0017798974227013998,0.0016158338286772003,-0.0001640635940241995,False,False
2019-08-15,net_cashflows,USD,0.98999999999999999,GBP,es,-0.0021071337811960997,-0.00080106467039230134,0.0013060691108037984,False,True
2019-08-15,net_cashflows,USD,0.98999999999999999,GBP,score,0.080179482003615909,0.12610763310869189,0.045928151105075976,False,False
2019-08-15,net_cashflows,USD,0.98999999999999999,JPY,var,0.0012541171772360001,0.0013013305443920001,4.721336715599999e-05,False,False
2019-08-15,net_cashflows,USD,0.98999999999999999,JPY,es,-0.0037599779894933001,-0.0024341266887274015,0.0013258513007658986,False,False
2019-08-15,net_cashflows,USD,0.98999999999999999,JPY,score,-0.03269948996222638,0.034007947293132723,0.066707437255359103,True,True
2019-08-15,net_cashflows,USD,0.98999999999999999,CHF,var,0.00052410957485060031,0.0007258656249904006,0.00020175605013980028,False,False
2019-08-15,net_cashflows,USD,0.98999999999999999,CHF,es,-0.0021841181744000002,-0.0014533445467877007,0.00073077362761229947,False,False
2019-08-15,net_cashflows,USD,0.98999999999999999,CHF,score,-0.05737593782994832,0.0034783116392755886,0.060854249469223909,True,True
2020-02-17,funded_assets,EUR,0.94999999999999996,USD,var,-0.00050877813523809989,-0.00053544930241649974,-2.6671167178399843e-05,False,False
2020-02-17,funded_assets,EUR,0.94999999999999996,USD,es,-0.00075905940022899954,-0.00078014393681370003,-2.108453658470049e-05,False,False
2020-02-17,funded_assets,EUR,0.94999999999999996,USD,score,-0.14299269198387154,-0.1491815618872705,-0.0061888699033989525,False,False
2020-02-17,funded_assets,EUR,0.94999999999999996,GBP,var,0.00083729453340310005,0.00082617286237480006,-1.1121671028299987e-05,False,False
2020-02-17,funded_assets,EUR,0.94999999999999996,GBP,es,0.0014912288733141005,0.0014464845034806006,-4.474436983349997e-05,False,False
2020-02-17,funded_assets,EUR,0.94999999999999996,GBP,score,0.2089135683312584,0.20441068664838991,-0.0045028816828684981,False,False
2020-02-17,funded_assets,EUR,0.94999999999999996,JPY,var,0.00028681782755690059,0.00022402048460660063,-6.2797342950299956e-05,False,False
2020-02-17,funded_assets,EUR,0.94999999999999996,JPY,es,0.00030645370840630057,0.00032841815539120037,2.1964446984899799e-05,False,False
2020-02-17,funded_assets,EUR,0.94999999999999996,JPY,score,0.066846286199044869,0.056471491481551617,-0.010374794717493252,False,False
2020-02-17,funded_assets,EUR,0.94999999999999996,CHF,var,4.9401141322400095e-05,4.1914266104800188e-05,-7.4868752175999073e-06,False,False
2020-02-17,funded_assets,EUR,0.94999999999999996,CHF,es,-3.2807050591998621e-06,-3.596408720489986e-05,-3.2683382145699998e-05,False,False
2020-02-17,funded_assets,EUR,0.94999999999999996,CHF,score,0.0090990108133723879,0.0060168690880795239,-0.003082141725292864,False,False
2020-02-17,funded_assets,EUR,0.98999999999999999,USD,var,-0.00077256269673549923,-0.00093097127908920059,-0.00015840858235370136,False,False
2020-02-17,funded_assets,EUR,0.98999999999999999,USD,es,-0.0013636924313814996,-0.0011544922758989001,0.00020920015548259955,False,False
2020-02-17,funded_assets,EUR,0.98999999999999999,USD,score,-0.143043855806404,-0.16015092757423943,-0.017107071767835436,False,False
2020-02-17,funded_assets,EUR,0.98999999999999999,GBP,var,0.0018367301080387012,0.0016727876308890001,-0.00016394247714970108,False,False
2020-02-17,funded_assets,EUR,0.98999999999999999,GBP,es,0.0026656908142254996,0.0026621714945931005,-3.5193196323991122e-06,False,False
2020-02-17,funded_assets,EUR,0.98999999999999999,GBP,score,0.26650538770432419,0.24830939633743565,-0.018195991366888542,False,False
2020-02-17,funded_assets,EUR,0.98999999999999999,JPY,var,0.00046445918892500018,0.00036038931264149952,-0.00010406987628350066,False,False
2020-02-17,funded_assets,EUR,0.98999999999999999,JPY,es,0.00014660833443730023,0.00061976985992179962,0.00047316152548449938,False,False
2020-02-17,funded_assets,EUR,0.98999999999999999,JPY,score,0.062697017075452166,0.059897826652758113,-0.0027991904226940534,False,False
2020-02-17,funded_assets,EUR,0.98999999999999999,CHF,var,2.6276072826500463e-05,-5.9004930404500493e-05,-8.5281003231000956e-05,True,True
2020-02-17,funded_assets,EUR,0.98999999999999999,CHF,es,-0.00022290424338900026,-0.00019416953235960009,2.8734711029400166e-05,False,False
2020-02-17,funded_assets,EUR,0.98999999999999999,CHF,score,-0.0018943621116589426,-0.01238164744828385,-0.010487285336624907,False,False
2020-02-17,funded_assets,USD,0.94999999999999996,USD,var,-0.00050686507580750004,-0.00053845131446199953,-3.1586238654499488e-05,False,False
2020-02-17,funded_assets,USD,0.94999999999999996,USD,es,-0.00076707581724520021,-0.00078583707948940047,-1.8761262244200265e-05,False,False
2020-02-17,funded_assets,USD,0.94999999999999996,USD,score,-0.14266796285596506,-0.14946208488153001,-0.0067941220255649526,False,False
2020-02-17,funded_assets,USD,0.94999999999999996,GBP,var,0.00088094852817729996,0.00084160064967879998,-3.934787849849998e-05,False,False
2020-02-17,funded_assets,USD,0.94999999999999996,GBP,es,0.0015306663786968005,0.0014809402213362003,-4.9726157360600182e-05,False,False
2020-02-17,funded_assets,USD,0.94999999999999996,GBP,score,0.21661315137892156,0.20740803586343581,-0.0092051155154857511,False,False
2020-02-17,funded_assets,USD,0.94999999999999996,JPY,var,0.00031436295420180036,0.00023343606139310073,-8.0926892808699628e-05,False,False
2020-02-17,funded_assets,USD,0.94999999999999996,JPY,es,0.00031708197246640025,0.00033992822046120027,2.284624799480002e-05,False,False
2020-02-17,funded_assets,USD,0.94999999999999996,JPY,score,0.071977089800443039,0.058420419137477531,-0.013556670662965509,False,False
2020-02-17,funded_assets,USD,0.94999999999999996,CHF,var,6.1840117370299749e-05,4.6497442183200156e-05,-1.5342675187099593e-05,False,False
2020-02-17,funded_assets,USD,0.94999999999999996,CHF,es,3.4969659401000094e-06,-3.1459479488500294e-05,-3.4956445428600304e-05,True,True
2020-02-17,funded_assets,USD,0.94999999999999996,CHF,score,0.011690163993242741,0.0070408554807919188,-0.0046493085124508227,False,False
2020-02-17,funded_assets,USD,0.98999999999999999,USD,var,-0.00077560739504999986,-0.00095553945259559993,-0.00017993205754560006,False,False
2020-02-17,funded_assets,USD,0.98999999999999999,USD,es,-0.0013786453926896997,-0.0011658069910299995,0.00021283840165970021,False,False
2020-02-17,funded_assets,USD,0.98999999999999999,USD,score,-0.14365988392841267,-0.16272192130572005,-0.019062037377307384,False,False
2020-02-17,funded_assets,USD,0.98999999999999999,GBP,var,0.0019176665448468995,0.0017034969414679007,-0.00021416960337899884,False,False
2020-02-17,funded_assets,USD,0.98999999999999999,GBP,es,0.0027565234436164,0.0027502662282481005,-6.2572153682995471e-06,False,False
2020-02-17,funded_assets,USD,0.98999999999999999,GBP,score,0.27555404915893167,0.25140149418125457,-0.024152554977677099,False,False
2020-02-17,funded_assets,USD,0.98999999999999999,JPY,var,0.00050941375407620015,0.0003477281954230001,-0.00016168555865320004,False,False
2020-02-17,funded_assets,USD,0.98999999999999999,JPY,es,0.00017294014733399993,0.00064465385225910034,0.0004717137049251004,False,False
2020-02-17,funded_assets,USD,0.98999999999999999,JPY,score,0.068489422686819346,0.058548322424321952,-0.0099411002624973932,False,False
2020-02-17,funded_assets,USD,0.98999999999999999,CHF,var,7.0586297865600327e-05,-6.8532737494599733e-05,-0.00013911903536020006,True,True
2020-02-17,funded_assets,USD,0.98999999999999999,CHF,es,-0.00021205704676789932,-0.0001874787943657993,2.4578252402100015e-05,False,False
2020-02-17,funded_assets,USD,0.98999999999999999,CHF,score,0.0040813986329855112,-0.01336023974296463,-0.017441638375950141,True,True
2020-02-17,net_cashflows,EUR,0.94999999999999996,USD,var,-0.00027130411456049996,-0.00030255063154750001,-3.124651698700005e-05,False,False
2020-02-17,net_cashflows,EUR,0.94999999999999996,USD,es,-0.00029652505847889985,-0.00033711736157779988,-4.059230309890003e-05,False,False
2020-02-17,net_cashflows,EUR,0.94999999999999996,USD,score,-0.10879649855391715,-0.12218337564386506,-0.013386877089947902,False,False
2020-02-17,net_cashflows,EUR,0.94999999999999996,GBP,var,0.00045827518824959968,0.00037833792478339989,-7.9937263466199789e-05,False,False
2020-02-17,net_cashflows,EUR,0.94999999999999996,GBP,es,0.00078590034489829999,0.00073554706091649973,-5.0353283981800258e-05,False,False
2020-02-17,net_cashflows,EUR,0.94999999999999996,GBP,score,0.18057372328319587,0.15686299608450494,-0.02371072719869094,False,False
2020-02-17,net_cashflows,EUR,0.94999999999999996,JPY,var,-0.00025117004060809999,-0.00026168292392540022,-1.0512883317300228e-05,False,False
2020-02-17,net_cashflows,EUR,0.94999999999999996,JPY,es,-0.0003115573982777997,-0.00024425008484489988,6.7307313432899817e-05,False,False
2020-02-17,net_cashflows,EUR,0.94999999999999996,JPY,score,-0.10374816091101646,-0.10040330653606322,0.0033448543749532433,False,False
2020-02-17,net_cashflows,EUR,0.94999999999999996,CHF,var,7.4518226530599814e-05,3.9770629073899912e-05,-3.4747597456699902e-05,False,False
2020-02-17,net_cashflows,EUR,0.94999999999999996,CHF,es,1.814851398259992e-05,5.8858557934300063e-05,4.0710043951700144e-05,False,False
2020-02-17,net_cashflows,EUR,0.94999999999999996,CHF,score,0.023116024977906768,0.01616436076340122,-0.0069516642145055485,False,False
2020-02-17,net_cashflows,EUR,0.98999999999999999,USD,var,-0.00047484015226519983,-0.00038366189527069957,9.1178256994500252e-05,False,False
2020-02-17,net_cashflows,EUR,0.98999999999999999,USD,es,-0.00036714527032720001,-0.00033981143419029979,2.7333836136900214e-05,False,False
2020-02-17,net_cashflows,EUR,0.98999999999999999,USD,score,-0.11469166249082807,-0.095260381975420749,0.019431280515407323,False,False
2020-02-17,net_cashflows,EUR,0.98999999999999999,GBP,var,0.00094967754045360061,0.00090772585161450012,-4.1951688839100484e-05,False,False
2020-02-17,net_cashflows,EUR,0.98999999999999999,GBP,es,0.0012588268318066004,0.0014562631153130006,0.00019743628350640027,False,False
2020-02-17,net_cashflows,EUR,0.98999999999999999,GBP,score,0.21431280188345969,0.21815910959957474,0.0038463077161150494,False,False
2020-02-17,net_cashflows,EUR,0.98999999999999999,JPY,var,-0.00037143555673599957,-0.00030664780054169951,6.4787756194300064e-05,False,False
2020-02-17,net_cashflows,EUR,0.98999999999999999,JPY,es,-0.00041367317316540024,-0.00011126429388979946,0.00030240887927560078,False,True
2020-02-17,net_cashflows,EUR,0.98999999999999999,JPY,score,-0.094636929925192348,-0.067413591631357406,0.027223338293834942,False,False
2020-02-17,net_cashflows,EUR,0.98999999999999999,CHF,var,-5.8673822838599746e-05,7.5253778282700391e-05,0.00013392760112130014,True,True
2020-02-17,net_cashflows,EUR,0.98999999999999999,CHF,es,-0.00024176411446300006,5.668709471570027e-05,0.00029845120917870033,True,True
2020-02-17,net_cashflows,EUR,0.98999999999999999,CHF,score,-0.021125420945077522,0.017329271394790347,0.038454692339867869,True,True
2020-02-17,net_cashflows,USD,0.94999999999999996,USD,var,-0.00027564096671010016,-0.0003008884127128999,-2.5247446002799739e-05,False,False
2020-02-17,net_cashflows,USD,0.94999999999999996,USD,es,-0.00029634856358569991,-0.00033595350623580019,-3.960494265010028e-05,False,False
2020-02-17,net_cashflows,USD,0.94999999999999996,USD,score,-0.10982797513742426,-0.12129813961918234,-0.011470164481758083,False,False
2020-02-17,net_cashflows,USD,0.94999999999999996,GBP,var,0.00044980842118059984,0.00039073148811060018,-5.9076933069999657e-05,False,False
2020-02-17,net_cashflows,USD,0.94999999999999996,GBP,es,0.00080063579536179992,0.00075428092354189961,-4.6354871819900313e-05,False,False
2020-02-17,net_cashflows,USD,0.94999999999999996,GBP,score,0.17914912431593599,0.16101593898735622,-0.018133185328579771,False,False
2020-02-17,net_cashflows,USD,0.94999999999999996,JPY,var,-0.00025930058623230019,-0.00026015196508369972,-8.5137885139953406e-07,False,False
2020-02-17,net_cashflows,USD,0.94999999999999996,JPY,es,-0.00031126650957789999,-0.00024347764742000018,6.778886215789981e-05,False,False
2020-02-17,net_cashflows,USD,0.94999999999999996,JPY,score,-0.10600523067636747,-0.099643772585467971,0.0063614580908994967,False,False
2020-02-17,net_cashflows,USD,0.94999999999999996,CHF,var,7.343105090229984e-05,4.4844792099500187e-05,-2.8586258802799653e-05,False,False
2020-02-17,net_cashflows,USD,0.94999999999999996,CHF,es,2.1900837975900086e-05,6.3920616678499794e-05,4.2019778702599708e-05,False,False
2020-02-17,net_cashflows,USD,0.94999999999999996,CHF,score,0.023019048268223763,0.017987482858737636,-0.0050315654094861273,False,False
2020-02-17,net_cashflows,USD,0.98999999999999999,USD,var,-0.00049238108913310027,-0.0003880140436100998,0.00010436704552300047,False,False
2020-02-17,net_cashflows,USD,0.98999999999999999,USD,es,-0.00035956067094260018,-0.00033487411756559938,2.4686553377000799e-05,False,False
2020-02-17,net_cashflows,USD,0.98999999999999999,USD,score,-0.11769734117219599,-0.095603399484049945,0.022093941688146046,False,False
2020-02-17,net_cashflows,USD,0.98999999999999999,GBP,var,0.0009666395214142998,0.00093536452089159998,-3.1275000522699818e-05,False,False
2020-02-17,net_cashflows,USD,0.98999999999999999,GBP,es,0.0012915675352236002,0.0015054725374963008,0.0002139050022727006,False,False
2020-02-17,net_cashflows,USD,0.98999999999999999,GBP,score,0.21740473690653239,0.22360099988141702,0.0061962629748846254,False,False
2020-02-17,net_cashflows,USD,0.98999999999999999,JPY,var,-0.00037686094082090048,-0.00031496193806399963,6.1899002756900853e-05,False,False
2020-02-17,net_cashflows,USD,0.98999999999999999,JPY,es,-0.00039637157762770041,-0.00010398086281499918,0.00029239071481270123,False,True
2020-02-17,net_cashflows,USD,0.98999999999999999,JPY,score,-0.094697470415227691,-0.068503482992201548,0.026193987423026144,False,False
2020-02-17,net_cashflows,USD,0.98999999999999999,CHF,var,-3.880760110940018e-05,7.3608486130300257e-05,0.00011241608723970044,True,True
2020-02-17,net_cashflows,USD,0.98999999999999999,CHF,es,-0.00022942412721710034,6.88558250261e-05,0.00029827995224320034,True,True
2020-02-17,net_cashflows,USD,0.98999999999999999,CHF,score,-0.016439427209667734,0.017432883157461276,0.03387231036712901,True,True
2020-03-10,funded_assets,EUR,0.94999999999999996,USD,var,6.9299572240999474e-05,4.8602567393199285e-05,-2.0697004847800189e-05,False,False
2020-03-10,funded_assets,EUR,0.94999999999999996,USD,es,0.0001332986860098995,8.2086666612499887e-05,-5.1212019397399618e-05,False,False
2020-03-10,funded_assets,EUR,0.94999999999999996,USD,score,0.015320785611704579,0.010297754322680319,-0.0050230312890242601,False,False
2020-03-10,funded_assets,EUR,0.94999999999999996,GBP,var,0.00039630131882540005,0.00045210483845519941,5.5803519629799361e-05,False,False
2020-03-10,funded_assets,EUR,0.94999999999999996,GBP,es,0.0010871222885360989,0.0010305913152992997,-5.6530973236799259e-05,False,False
2020-03-10,funded_assets,EUR,0.94999999999999996,GBP,score,0.09757872215486163,0.10231141608422334,0.0047326939293617087,False,False
2020-03-10,funded_assets,EUR,0.94999999999999996,JPY,var,0.00025717050008909961,0.00026575759412579992,8.587094036700306e-06,False,False
2020-03-10,funded_assets,EUR,0.94999999999999996,JPY,es,0.00038212099011489947,0.00037239174784490028,-9.7292422699991887e-06,False,False
2020-03-10,funded_assets,EUR,0.94999999999999996,JPY,score,0.051483491482480659,0.052155941205118239,0.00067244972263758029,False,False
2020-03-10,funded_assets,EUR,0.94999999999999996,CHF,var,0.00016735179647689967,0.00016303905924979975,-4.3127372270999192e-06,False,False
2020-03-10,funded_assets,EUR,0.94999999999999996,CHF,es,0.00011437192166029956,9.2427847795900284e-05,-2.1944073864399276e-05,False,False
2020-03-10,funded_assets,EUR,0.94999999999999996,CHF,score,0.02874212064255488,0.027140788680948269,-0.0016013319616066113,False,False
2020-03-10,funded_assets,EUR,0.98999999999999999,USD,var,0.0005109934910577001,8.2718544018199266e-05,-0.00042827494703950083,False,True
2020-03-10,funded_assets,EUR,0.98999999999999999,USD,es,-0.00023718519218620011,0.0001130130104263008,0.00035019820261250091,True,True
2020-03-10,funded_assets,EUR,0.98999999999999999,USD,score,0.047978650999503714,0.010444416046901495,-0.037534234952602219,False,True
2020-03-10,funded_assets,EUR,0.98999999999999999,GBP,var,0.0014382454258194998,0.0011918426251787996,-0.00024640280064070017,False,False
2020-03-10,funded_assets,EUR,0.98999999999999999,GBP,es,0.0023774841814196007,0.0022561808970597997,-0.00012130328435980102,False,False
2020-03-10,funded_assets,EUR,0.98999999999999999,GBP,score,0.17978764471584174,0.15277205395506943,-0.027015590760772312,False,False
2020-03-10,funded_assets,EUR,0.98999999999999999,JPY,var,0.00070621504745769972,0.00036075627436629905,-0.00034545877309140067,False,False
2020-03-10,funded_assets,EUR,0.98999999999999999,JPY,es,0.00034712707396080018,0.00061216323770030105,0.00026503616373950087,False,False
2020-03-10,funded_assets,EUR,0.98999999999999999,JPY,score,0.076690214717252125,0.047063735360922898,-0.029626479356329227,False,False
2020-03-10,funded_assets,EUR,0.98999999999999999,CHF,var,0.00025405111669400075,-2.7943469077201452e-05,-0.0002819945857712022,True,True
2020-03-10,funded_assets,EUR,0.98999999999999999,CHF,es,-2.1173896697500305e-05,-7.5481297022199009e-05,-5.4307400324698704e-05,False,False
2020-03-10,funded_assets,EUR,0.98999999999999999,CHF,score,0.025266131584666951,-0.0042749766578413784,-0.029541108242508329,True,True
2020-03-10,funded_assets,USD,0.94999999999999996,USD,var,7.4802748996100066e-05,4.6038586958700375e-05,-2.876416203739969e-05,False,False
2020-03-10,funded_assets,USD,0.94999999999999996,USD,es,0.00012758858967549993,7.8966882053999911e-05,-4.8621707621500018e-05,False,False
2020-03-10,funded_assets,USD,0.94999999999999996,USD,score,0.01580827654408079,0.0097392242165819098,-0.0060690523274988806,False,False
2020-03-10,funded_assets,USD,0.94999999999999996,GBP,var,0.00039693869912289965,0.00045605551260009987,5.9116813477200214e-05,False,False
2020-03-10,funded_assets,USD,0.94999999999999996,GBP,es,0.0011193321819411997,0.0010540598714522008,-6.5272310488998994e-05,False,False
2020-03-10,funded_assets,USD,0.94999999999999996,GBP,score,0.098563784080504036,0.10310407257944298,0.0045402884989389491,False,False
2020-03-10,funded_assets,USD,0.94999999999999996,JPY,var,0.00028265586629900013,0.00026782874752580028,-1.4827118773199852e-05,False,False
2020-03-10,funded_assets,USD,0.94999999999999996,JPY,es,0.00040363697674269949,0.00039061945896609954,-1.3017517776599957e-05,False,False
2020-03-10,funded_assets,USD,0.94999999999999996,JPY,score,0.055524777989600871,0.052771142232325374,-0.0027536357572754966,False,False
2020-03-10,funded_assets,USD,0.94999999999999996,CHF,var,0.00016205018832390027,0.00015843770684639998,-3.61248147750029e-06,False,False
2020-03-10,funded_assets,USD,0.94999999999999996,CHF,es,0.00012500169022679978,9.6078431283799781e-05,-2.8923258942999998e-05,False,False
2020-03-10,funded_assets,USD,0.94999999999999996,CHF,score,0.028178225859152306,0.026403544633372356,-0.0017746812257799505,False,False
2020-03-10,funded_assets,USD,0.98999999999999999,USD,var,0.0005718744141526011,6.6862782636799983e-05,-0.00050501163151580111,False,True
2020-03-10,funded_assets,USD,0.98999999999999999,USD,es,-0.00023988613104749916,0.00011002662263020005,0.00034991275367769921,True,True
2020-03-10,funded_assets,USD,0.98999999999999999,USD,score,0.053560575647052744,0.0087295995301479579,-0.044830976116904786,False,True
2020-03-10,funded_assets,USD,0.98999999999999999,GBP,var,0.0014745534556785001,0.0012027024614118999,-0.00027185099426660017,False,False
2020-03-10,funded_assets,USD,0.98999999999999999,GBP,es,0.0024683989714571006,0.0023304401556720998,-0.00013795881578500084,False,False
2020-03-10,funded_assets,USD,0.98999999999999999,GBP,score,0.18294270366750087,0.1538051548208319,-0.02913754884666897,False,False
2020-03-10,funded_assets,USD,0.98999999999999999,JPY,var,0.00073291658537960082,0.00037251163412469965,-0.00036040495125490117,False,False
2020-03-10,funded_assets,USD,0.98999999999999999,JPY,es,0.00041972726609749988,0.00065838209999409883,0.00023865483389659894,False,False
2020-03-10,funded_assets,USD,0.98999999999999999,JPY,score,0.079664335397479746,0.048628746083326568,-0.031035589314153178,False,False
2020-03-10,funded_assets,USD,0.98999999999999999,CHF,var,0.00032992983649250164,-4.1961832603699609e-05,-0.00037189166909620125,True,True
2020-03-10,funded_assets,USD,0.98999999999999999,CHF,es,2.4182496988003899e-06,-6.8880270241900368e-05,-7.1298519940700758e-05,True,True
2020-03-10,funded_assets,USD,0.98999999999999999,CHF,score,0.032988758126081485,-0.0055120587883292771,-0.038500816914410763,True,True
2020-03-10,net_cashflows,EUR,0.94999999999999996,USD,var,0.00070557152965010014,0.00072210404688310015,1.6532517233000012e-05,False,False
2020-03-10,net_cashflows,EUR,0.94999999999999996,USD,es,0.0013643627268546997,0.0012731334690719003,-9.122925778279941e-05,False,False
2020-03-10,net_cashflows,EUR,0.94999999999999996,USD,score,0.21314876765897139,0.21227938316240991,-0.0008693844965614872,False,False
2020-03-10,net_cashflows,EUR,0.94999999999999996,GBP,var,0.0008198466742530006,0.00074956959368539973,-7.0277080567600868e-05,False,False
2020-03-10,net_cashflows,EUR,0.94999999999999996,GBP,es,0.0013700968444755003,0.0012710893412216998,-9.9007503253800526e-05,False,False
2020-03-10,net_cashflows,EUR,0.94999999999999996,GBP,score,0.23279399822160407,0.21690519680240605,-0.015888801419198018,False,False
2020-03-10,net_cashflows,EUR,0.94999999999999996,JPY,var,0.0010670229558401006,0.0010401014877075999,-2.6921468132500709e-05,False,False
2020-03-10,net_cashflows,EUR,0.94999999999999996,JPY,es,0.0016566892539596999,0.0017642865904130998,0.00010759733645339994,False,False
2020-03-10,net_cashflows,EUR,0.94999999999999996,JPY,score,0.28761924741511447,0.28995774996930201,0.0023385025541875493,False,False
2020-03-10,net_cashflows,EUR,0.94999999999999996,CHF,var,0.0003596939760294,0.00032809421579749979,-3.1599760231900212e-05,False,False
2020-03-10,net_cashflows,EUR,0.94999999999999996,CHF,es,0.00042395749687300019,0.0004790520346940998,5.5094537821099611e-05,False,False
2020-03-10,net_cashflows,EUR,0.94999999999999996,CHF,score,0.099232860646512933,0.096348957644323718,-0.0028839030021892142,False,False
2020-03-10,net_cashflows,EUR,0.98999999999999999,USD,var,0.0012370753404084998,0.0013540615133899999,0.00011698617298150013,False,False
2020-03-10,net_cashflows,EUR,0.98999999999999999,USD,es,0.0027768334911932009,0.0025703704586967002,-0.00020646303249650076,False,False
2020-03-10,net_cashflows,EUR,0.98999999999999999,USD,score,0.24566273762171331,0.25472423742431971,0.0090614998026063986,False,False
2020-03-10,net_cashflows,EUR,0.98999999999999999,GBP,var,0.0014767251867547002,0.0015223358649653004,4.5610678210600275e-05,False,False
2020-03-10,net_cashflows,EUR,0.98999999999999999,GBP,es,0.0023572839127230004,0.0023468133673325,-1.0470545390500394e-05,False,False
2020-03-10,net_cashflows,EUR,0.98999999999999999,GBP,score,0.25975682809979084,0.26687793438012442,0.0071211062803335778,False,False
2020-03-10,net_cashflows,EUR,0.98999999999999999,JPY,var,0.0018437119556882998,0.0019131027575348004,6.9390801846500559e-05,False,False
2020-03-10,net_cashflows,EUR,0.98999999999999999,JPY,es,0.0029933942134550999,0.0033881600332141002,0.00039476581975900031,False,False
2020-03-10,net_cashflows,EUR,0.98999999999999999,JPY,score,0.31661522783409168,0.33745299902660264,0.020837771192510957,False,False
2020-03-10,net_cashflows,EUR,0.98999999999999999,CHF,var,0.00045284197071440019,0.00058018349601990024,0.00012734152530550005,False,False
2020-03-10,net_cashflows,EUR,0.98999999999999999,CHF,es,0.00046241061458709987,0.00074663351947059937,0.0002842229048834995,False,False
2020-03-10,net_cashflows,EUR,0.98999999999999999,CHF,score,0.079768141018110583,0.10579223275283489,0.026024091734724308,False,False
2020-03-10,net_cashflows,USD,0.94999999999999996,USD,var,0.00073845887050100027,0.00072084474658299941,-1.7614123918000858e-05,False,False
2020-03-10,net_cashflows,USD,0.94999999999999996,USD,es,0.0013683655819796007,0.0012809222178834997,-8.7443364096100908e-05,False,False
2020-03-10,net_cashflows,USD,0.94999999999999996,USD,score,0.21825464092885305,0.21164459122630319,-0.0066100497025498584,False,False
2020-03-10,net_cashflows,USD,0.94999999999999996,GBP,var,0.00084284076589780012,0.00075494705880609948,-8.7893707091700642e-05,False,False
2020-03-10,net_cashflows,USD,0.94999999999999996,GBP,es,0.0013748765772875005,0.0012817365357703997,-9.3140041517100758e-05,False,False
2020-03-10,net_cashflows,USD,0.94999999999999996,GBP,score,0.23616958836415858,0.21752883047913052,-0.018640757885028059,False,False
2020-03-10,net_cashflows,USD,0.94999999999999996,JPY,var,0.0010934902597551999,0.0010513451234194999,-4.2145136335700051e-05,False,False
2020-03-10,net_cashflows,USD,0.94999999999999996,JPY,es,0.0016972588722076005,0.0018072962189539998,0.00011003734674639928,False,False
2020-03-10,net_cashflows,USD,0.94999999999999996,JPY,score,0.29285491985773948,0.29274845366705549,-0.00010646619068399588,False,False
2020-03-10,net_cashflows,USD,0.94999999999999996,CHF,var,0.00037486887686569983,0.00033064386025619986,-4.4225016609499967e-05,False,False
2020-03-10,net_cashflows,USD,0.94999999999999996,CHF,es,0.00043173587100710058,0.00048894447134339991,5.7208600336299334e-05,False,False
2020-03-10,net_cashflows,USD,0.94999999999999996,CHF,score,0.102300996922712,0.096990160532254954,-0.005310836390457041,False,False
2020-03-10,net_cashflows,USD,0.98999999999999999,USD,var,0.0012246926568137998,0.0013530422921537999,0.00012834963534000005,False,False
2020-03-10,net_cashflows,USD,0.98999999999999999,USD,es,0.0028091213021442006,0.0025893217973910997,-0.00021979950475310098,False,False
2020-03-10,net_cashflows,USD,0.98999999999999999,USD,score,0.24426346386830478,0.25335478558280755,0.0090913217145027758,False,False
2020-03-10,net_cashflows,USD,0.98999999999999999,GBP,var,0.0014926055511571999,0.0015095713504760001,1.6965799318800247e-05,False,False
2020-03-10,net_cashflows,USD,0.98999999999999999,GBP,es,0.0023707293348193001,0.0023811851490609,1.0455814241599852e-05,False,False
2020-03-10,net_cashflows,USD,0.98999999999999999,GBP,score,0.260755072341877,0.26450935249079688,0.0037542801489198752,False,False
2020-03-10,net_cashflows,USD,0.98999999999999999,JPY,var,0.0018212410879466998,0.0019563622973028001,0.00013512120935610036,False,False
2020-03-10,net_cashflows,USD,0.98999999999999999,JPY,es,0.0031293294270172004,0.0035053383463115005,0.00037600891929430013,False,False
2020-03-10,net_cashflows,USD,0.98999999999999999,JPY,score,0.31652994727149597,0.34273793240290384,0.026207985131407874,False,False
2020-03-10,net_cashflows,USD,0.98999999999999999,CHF,var,0.00045325068493339959,0.0005793787234259001,0.00012612803849250051,False,False
2020-03-10,net_cashflows,USD,0.98999999999999999,CHF,es,0.0004808174736797002,0.00076683511103239985,0.00028601763735269965,False,False
2020-03-10,net_cashflows,USD,0.98999999999999999,CHF,score,0.079907705989038291,0.10545105525573728,0.025543349266698989,False,False
2020-03-17,funded_assets,EUR,0.94999999999999996,USD,var,0.00017234493364519984,0.00019227332350309993,1.9928389857900089e-05,False,False
2020-03-17,funded_assets,EUR,0.94999999999999996,USD,es,0.0003035406188161005,0.00025293165733480082,-5.0608961481299689e-05,False,False
2020-03-17,funded_assets,EUR,0.94999999999999996,USD,score,0.03112026961009029,0.03200457944914703,0.00088430983905674054,False,False
2020-03-17,funded_assets,EUR,0.94999999999999996,GBP,var,0.00053431676514999974,0.00063933872679229967,0.00010502196164229993,False,False
2020-03-17,funded_assets,EUR,0.94999999999999996,GBP,es,0.0014824944727564009,0.0014006509149624008,-8.1843557794000071e-05,False,False
2020-03-17,funded_assets,EUR,0.94999999999999996,GBP,score,0.11137490418095908,0.12062115977403032,0.0092462555930712398,False,False
2020-03-17,funded_assets,EUR,0.94999999999999996,JPY,var,0.00046403979547070002,0.00048956682597629982,2.5527030505599797e-05,False,False
2020-03-17,funded_assets,EUR,0.94999999999999996,JPY,es,0.00071197008457030142,0.00072953061369379971,1.7560529123498286e-05,False,False
2020-03-17,funded_assets,EUR,0.94999999999999996,JPY,score,0.078448359025319547,0.082264528483782406,0.0038161694584628592,False,False
2020-03-17,funded_assets,EUR,0.94999999999999996,CHF,var,0.00028756242255170011,0.00037280410227419954,8.5241679722499429e-05,False,False
2020-03-17,funded_assets,EUR,0.94999999999999996,CHF,es,0.0003568856579344009,0.00035357640310080055,-3.309254833600353e-06,False,False
2020-03-17,funded_assets,EUR,0.94999999999999996,CHF,score,0.046672088124115163,0.056830545229908935,0.010158457105793772,False,False
2020-03-17,funded_assets,EUR,0.98999999999999999,USD,var,0.00067198769461390001,0.0002510485106227995,-0.00042093918399110052,False,True
2020-03-17,funded_assets,EUR,0.98999999999999999,USD,es,-1.5028959675200682e-05,0.00033920259790949994,0.00035423155758470062,True,True
2020-03-17,funded_assets,EUR,0.98999999999999999,USD,score,0.057484527973316268,0.026676211279031747,-0.030808316694284521,False,True
2020-03-17,funded_assets,EUR,0.98999999999999999,GBP,var,0.0019841214276076994,0.0015674124220512991,-0.00041670900555640031,False,False
2020-03-17,funded_assets,EUR,0.98999999999999999,GBP,es,0.003204338711010099,0.0029666969974096995,-0.0002376417136003995,False,False
2020-03-17,funded_assets,EUR,0.98999999999999999,GBP,score,0.20639498900759623,0.16947148253250699,-0.036923506475089241,False,False
2020-03-17,funded_assets,EUR,0.98999999999999999,JPY,var,0.0009082141113193002,0.00083958364459559877,-6.8630466723701433e-05,False,False
2020-03-17,funded_assets,EUR,0.98999999999999999,JPY,es,0.00077547778267079981,0.0011546426426350988,0.00037916485996429897,False,False
2020-03-17,funded_assets,EUR,0.98999999999999999,JPY,score,0.088305423927367954,0.086882838428846476,-0.0014225854985214781,False,False
2020-03-17,funded_assets,EUR,0.98999999999999999,CHF,var,0.0004259296573361996,0.00023723761383969907,-0.00018869204349650052,False,False
2020-03-17,funded_assets,EUR,0.98999999999999999,CHF,es,0.00022111165913000011,0.00026091415449599857,3.9802495365998461e-05,False,False
2020-03-17,funded_assets,EUR,0.98999999999999999,CHF,score,0.03998880494182,0.024273599104307486,-0.015715205837512514,False,False
2020-03-17,funded_assets,USD,0.94999999999999996,USD,var,0.00019165493232549922,0.00019172625592510026,7.1323599601033627e-08,False,False
2020-03-17,funded_assets,USD,0.94999999999999996,USD,es,0.00028859104814159958,0.00024241440466270074,-4.6176643478898841e-05,False,False
2020-03-17,funded_assets,USD,0.94999999999999996,USD,score,0.032844840945860376,0.031330798752656541,-0.001514042193203835,False,False
2020-03-17,funded_assets,USD,0.94999999999999996,GBP,var,0.00056603008932919977,0.00064659770112000022,8.056761179080045e-05,False,False
2020-03-17,funded_assets,USD,0.94999999999999996,GBP,es,0.0015400660887692,0.0014437678355764001,-9.6298253192799929e-05,False,False
2020-03-17,funded_assets,USD,0.94999999999999996,GBP,score,0.11652271285335924,0.12197598142143384,0.0054532685680745985,False,False
2020-03-17,funded_assets,USD,0.94999999999999996,JPY,var,0.00050677019458379973,0.00051175019433470029,4.9799997509005628e-06,False,False
2020-03-17,funded_assets,USD,0.94999999999999996,JPY,es,0.00074744536986520033,0.00075940130279110105,1.195593292590072e-05,False,False
2020-03-17,funded_assets,USD,0.94999999999999996,JPY,score,0.084129547446035069,0.085072877403185032,0.00094332995714996315,False,False
2020-03-17,funded_assets,USD,0.94999999999999996,CHF,var,0.0003564206447872996,0.00037584216694749959,1.9421522160199996e-05,False,False
2020-03-17,funded_assets,USD,0.94999999999999996,CHF,es,0.00037790633751070071,0.00036536488631790098,-1.254145119279973e-05,False,False
2020-03-17,funded_assets,USD,0.94999999999999996,CHF,score,0.055269832491600113,0.057062068348720629,0.0017922358571205166,False,False
2020-03-17,funded_assets,USD,0.98999999999999999,USD,var,0.00067296938184320011,0.00021498247411719934,-0.00045798690772600077,False,True
2020-03-17,funded_assets,USD,0.98999999999999999,USD,es,-2.2569311577399359e-05,0.00032288272627130007,0.00034545203784869943,True,True
2020-03-17,funded_assets,USD,0.98999999999999999,USD,score,0.056677385684662518,0.023118483628631559,-0.033558902056030959,False,True
2020-03-17,funded_assets,USD,0.98999999999999999,GBP,var,0.0020117841628478003,0.0016170569662351999,-0.00039472719661260043,False,False
2020-03-17,funded_assets,USD,0.98999999999999999,GBP,es,0.0033793362464197996,0.0030910943893649994,-0.00028824185705480024,False,False
2020-03-17,funded_assets,USD,0.98999999999999999,GBP,score,0.20863637517827271,0.17294363914890987,-0.035692736029362848,False,False
2020-03-17,funded_assets,USD,0.98999999999999999,JPY,var,0.00091158071137150028,0.00086963556039089916,-4.1945150980601115e-05,False,False
2020-03-17,funded_assets,USD,0.98999999999999999,JPY,es,0.00089793359983079968,0.0012308168850262997,0.00033288328519549999,False,False
2020-03-17,funded_assets,USD,0.98999999999999999,JPY,score,0.089282981960908891,0.089288562352074052,5.5803911651608473e-06,False,False
2020-03-17,funded_assets,USD,0.98999999999999999,CHF,var,0.00050818144606700096,0.00026447550598709957,-0.00024370594007990139,False,False
2020-03-17,funded_assets,USD,0.98999999999999999,CHF,es,0.00027304513792330079,0.00028301296628359916,9.9678283602983725e-06,False,False
2020-03-17,funded_assets,USD,0.98999999999999999,CHF,score,0.047087260333037229,0.026546361740688695,-0.020540898592348533,False,False
2020-03-17,net_cashflows,EUR,0.94999999999999996,USD,var,0.0011309684300221,0.0011329835269210001,2.0150968989001046e-06,False,False
2020-03-17,net_cashflows,EUR,0.94999999999999996,USD,es,0.0020040285097752001,0.0018806483646277,-0.00012338014514750011,False,False
2020-03-17,net_cashflows,EUR,0.94999999999999996,USD,score,0.27190189474032422,0.26795034882345981,-0.0039515459168644185,False,False
2020-03-17,net_cashflows,EUR,0.94999999999999996,GBP,var,0.0016880155885351999,0.0015505236400579002,-0.00013749194847729974,False,False
2020-03-17,net_cashflows,EUR,0.94999999999999996,GBP,es,0.0026602046832154991,0.0025146355584463008,-0.00014556912476919835,False,False
2020-03-17,net_cashflows,EUR,0.94999999999999996,GBP,score,0.37049639393793488,0.34888066711990273,-0.021615726818032144,False,False
2020-03-17,net_cashflows,EUR,0.94999999999999996,JPY,var,0.0017761842757941003,0.0017092996303003003,-6.6884645493800032e-05,False,False
2020-03-17,net_cashflows,EUR,0.94999999999999996,JPY,es,0.0026028994164238994,0.0027420522060244007,0.00013915278960050133,False,False
2020-03-17,net_cashflows,EUR,0.94999999999999996,JPY,score,0.37941599319840424,0.37749833429257151,-0.0019176589058327309,False,False
2020-03-17,net_cashflows,EUR,0.94999999999999996,CHF,var,0.0007031515215240999,0.00062076993818849973,-8.238158333560017e-05,False,False
2020-03-17,net_cashflows,EUR,0.94999999999999996,CHF,es,0.00078156199885189969,0.0008671372862186005,8.5575287366700808e-05,False,False
2020-03-17,net_cashflows,EUR,0.94999999999999996,CHF,score,0.15733298077781299,0.14816423608359575,-0.0091687446942172457,False,False
2020-03-17,net_cashflows,EUR,0.98999999999999999,USD,var,0.0020560004634350001,0.0020280663182485007,-2.79341451864994e-05,False,False
2020-03-17,net_cashflows,EUR,0.98999999999999999,USD,es,0.0039054994507808005,0.0035994872951556007,-0.00030601215562519983,False,False
2020-03-17,net_cashflows,EUR,0.98999999999999999,USD,score,0.32066455101685332,0.30714796443362591,-0.013516586583227408,False,False
2020-03-17,net_cashflows,EUR,0.98999999999999999,GBP,var,0.0031400155473745002,0.0030115545589755998,-0.00012846098839890043,False,False
2020-03-17,net_cashflows,EUR,0.98999999999999999,GBP,es,0.0043142944476149006,0.0043876187887827997,7.3324341167899099e-05,False,False
2020-03-17,net_cashflows,EUR,0.98999999999999999,GBP,score,0.42197332010949573,0.40828278042301935,-0.013690539686476377,False,False
2020-03-17,net_cashflows,EUR,0.98999999999999999,JPY,var,0.0027241758434045004,0.0029483072283248007,0.0002241313849203003,False,False
2020-03-17,net_cashflows,EUR,0.98999999999999999,JPY,es,0.0044666234049442,0.0049885152250875994,0.0005218918201433994,False,False
2020-03-17,net_cashflows,EUR,0.98999999999999999,JPY,score,0.39055314444634703,0.41593542701682829,0.025382282570481252,False,False
2020-03-17,net_cashflows,EUR,0.98999999999999999,CHF,var,0.0011083999159829999,0.0010362835591789998,-7.2116356804000081e-05,False,False
2020-03-17,net_cashflows,EUR,0.98999999999999999,CHF,es,0.00096463733289910061,0.001297882469000501,0.00033324513610140036,False,False
2020-03-17,net_cashflows,EUR,0.98999999999999999,CHF,score,0.15814061321536244,0.15489103051892261,-0.0032495826964398233,False,False
2020-03-17,net_cashflows,USD,0.94999999999999996,USD,var,0.0011474618317540994,0.0011356759613047997,-1.1785870449299712e-05,False,False
2020-03-17,net_cashflows,USD,0.94999999999999996,USD,es,0.0020101021446324004,0.0018910171450398994,-0.00011908499959250099,False,False
2020-03-17,net_cashflows,USD,0.94999999999999996,USD,score,0.27349143158727163,0.26759923134249863,-0.0058922002447729938,False,False
2020-03-17,net_cashflows,USD,0.94999999999999996,GBP,var,0.0017655468514581997,0.0015593848143049,-0.00020616203715329972,False,False
2020-03-17,net_cashflows,USD,0.94999999999999996,GBP,es,0.0026664188424621003,0.0025315473973462005,-0.00013487144511589982,False,False
2020-03-17,net_cashflows,USD,0.94999999999999996,GBP,score,0.37910871576873273,0.34919768135241114,-0.029911034416321591,False,False
2020-03-17,net_cashflows,USD,0.94999999999999996,JPY,var,0.0018516089321628992,0.0017402944568194996,-0.00011131447534339957,False,False
2020-03-17,net_cashflows,USD,0.94999999999999996,JPY,es,0.0026716222651799997,0.0028132012097966006,0.00014157894461660093,False,False
2020-03-17,net_cashflows,USD,0.94999999999999996,JPY,score,0.38994906339951196,0.38241684652363706,-0.0075322168758749086,False,False
2020-03-17,net_cashflows,USD,0.94999999999999996,CHF,var,0.00073604838678549989,0.0006288889941861997,-0.00010715939259930019,False,False
2020-03-17,net_cashflows,USD,0.94999999999999996,CHF,es,0.00080152588768050027,0.00089067438668659956,8.9148499006099294e-05,False,False
2020-03-17,net_cashflows,USD,0.94999999999999996,CHF,score,0.16278092543623668,0.1497899034230441,-0.012991022013192577,False,False
2020-03-17,net_cashflows,USD,0.98999999999999999,USD,var,0.0021465479995756006,0.0020078259516074998,-0.00013872204796810082,False,False
2020-03-17,net_cashflows,USD,0.98999999999999999,USD,es,0.0039464016251470006,0.0036259845548849007,-0.00032041707026209988,False,False
2020-03-17,net_cashflows,USD,0.98999999999999999,USD,score,0.32388980109549426,0.30304049281121692,-0.020849308284277335,False,False
2020-03-17,net_cashflows,USD,0.98999999999999999,GBP,var,0.0029207690667101003,0.0029683892347504995,4.7620168040399258e-05,False,False
2020-03-17,net_cashflows,USD,0.98999999999999999,GBP,es,0.0043265410589999002,0.0044473567971574004,0.00012081573815750021,False,False
2020-03-17,net_cashflows,USD,0.98999999999999999,GBP,score,0.39768234267997649,0.40225521506476447,0.0045728723847879849,False,False
2020-03-17,net_cashflows,USD,0.98999999999999999,JPY,var,0.0028903135016353004,0.0030267273203664997,0.00013641381873119932,False,False
2020-03-17,net_cashflows,USD,0.98999999999999999,JPY,es,0.0046827700944561002,0.0051760517666137006,0.00049328167215760034,False,False
2020-03-17,net_cashflows,USD,0.98999999999999999,JPY,score,0.40251020102209978,0.42232890979368864,0.019818708771588867,False,False
2020-03-17,net_cashflows,USD,0.98999999999999999,CHF,var,0.0010788401980117001,0.0010720183665343004,-6.8218314773996896e-06,False,False
2020-03-17,net_cashflows,USD,0.98999999999999999,CHF,es,0.0010127550596743997,0.0013467564963839003,0.0003340014367095006,False,False
2020-03-17,net_cashflows,USD,0.98999999999999999,CHF,score,0.1533806259404713,0.15830719927884118,0.0049265733383698773,False,False
2021-08-16,funded_assets,EUR,0.94999999999999996,USD,var,-0.0003804894455578002,-0.00039998024910170007,-1.9490803543899867e-05,False,False
2021-08-16,funded_assets,EUR,0.94999999999999996,USD,es,-0.00066808922896590024,-0.00056670528915059998,0.00010138393981530026,False,False
2021-08-16,funded_assets,EUR,0.94999999999999996,USD,score,-0.11322413741670889,-0.11029987504255701,0.0029242623741518869,False,False
2021-08-16,funded_assets,EUR,0.94999999999999996,GBP,var,0.00010002129287,1.3708307597799958e-05,-8.6312985272200046e-05,False,True
2021-08-16,funded_assets,EUR,0.94999999999999996,GBP,es,0.00023242124564590034,0.00031600096515620006,8.3579719510299723e-05,False,False
2021-08-16,funded_assets,EUR,0.94999999999999996,GBP,score,0.030727184474290681,0.018799719697375927,-0.011927464776914753,False,False
2021-08-16,funded_assets,EUR,0.94999999999999996,JPY,var,-0.00014973183305919992,-0.00021968517085020015,-6.9953337791000235e-05,False,False
2021-08-16,funded_assets,EUR,0.94999999999999996,JPY,es,-0.00037339580137219983,-0.00030455156678719977,6.8844234585000059e-05,False,False
2021-08-16,funded_assets,EUR,0.94999999999999996,JPY,score,-0.048746418248745371,-0.058725748082556706,-0.0099793298338113345,False,False
2021-08-16,funded_assets,EUR,0.94999999999999996,CHF,var,0.0010921766700745001,0.0010540721237625996,-3.8104546311900408e-05,False,False
2021-08-16,funded_assets,EUR,0.94999999999999996,CHF,es,0.0014881888185127,0.0015694910396853003,8.130222117260031e-05,False,False
2021-08-16,funded_assets,EUR,0.94999999999999996,CHF,score,0.25154790725716936,0.24620022577864287,-0.0053476814785264892,False,False
2021-08-16,funded_assets,EUR,0.98999999999999999,USD,var,-0.00085808856515440061,-0.0006427622627605007,0.00021532630239389991,False,False
2021-08-16,funded_assets,EUR,0.98999999999999999,USD,es,-0.0013283423280699997,-0.00092136617495450039,0.00040697615311549931,False,False
2021-08-16,funded_assets,EUR,0.98999999999999999,USD,score,-0.16017018637004465,-0.11672757283213997,0.043442613537904684,False,False
2021-08-16,funded_assets,EUR,0.98999999999999999,GBP,var,0.00044722898186619949,0.00043665507393129965,-1.0573907934899839e-05,False,False
2021-08-16,funded_assets,EUR,0.98999999999999999,GBP,es,0.00026911482725620016,0.00095556181795979946,0.0006864469907035993,False,False
2021-08-16,funded_assets,EUR,0.98999999999999999,GBP,score,0.065296934903299686,0.080740098519751946,0.01544316361645226,False,False
2021-08-16,funded_assets,EUR,0.98999999999999999,JPY,var,-0.00065064438990830066,-0.00034908343573400013,0.00030156095417430053,False,False
2021-08-16,funded_assets,EUR,0.98999999999999999,JPY,es,-0.00084398953667130013,-0.00037807111210419984,0.00046591842456710029,False,True
2021-08-16,funded_assets,EUR,0.98999999999999999,JPY,score,-0.11499384484831765,-0.058524217562297309,0.056469627286020341,False,False
2021-08-16,funded_assets,EUR,0.98999999999999999,CHF,var,0.0016748525001204998,0.001857385110295799,0.00018253261017529918,False,False
2021-08-16,funded_assets,EUR,0.98999999999999999,CHF,es,0.0023802379888693999,0.0024936753002915008,0.00011343731142210087,False,False
2021-08-16,funded_assets,EUR,0.98999999999999999,CHF,score,0.25098022491421457,0.27365173520194919,0.02267151028773462,False,False
2021-08-16,funded_assets,USD,0.94999999999999996,USD,var,-0.00038573564639999983,-0.00039894305638200032,-1.3207409982000495e-05,False,False
2021-08-16,funded_assets,USD,0.94999999999999996,USD,es,-0.00067562234671149964,-0.0005717193029257002,0.00010390304378579945,False,False
2021-08-16,funded_assets,USD,0.94999999999999996,USD,score,-0.1146518192558359,-0.10987649180373982,0.0047753274520960787,False,False
2021-08-16,funded_assets,USD,0.94999999999999996,GBP,var,0.00011629269452420035,1.760262461060003e-05,-9.8690069913600319e-05,False,True
2021-08-16,funded_assets,USD,0.94999999999999996,GBP,es,0.00023968603693279994,0.00032846051086950039,8.8774473936700446e-05,False,False
2021-08-16,funded_assets,USD,0.94999999999999996,GBP,score,0.034062773503684696,0.020136447367399057,-0.013926326136285638,False,False
2021-08-16,funded_assets,USD,0.94999999999999996,JPY,var,-0.00012658115475619978,-0.00021707182757440017,-9.0490672818200387e-05,False,False
2021-08-16,funded_assets,USD,0.94999999999999996,JPY,es,-0.00037513918970700014,-0.00030262459851409986,7.2514591192900275e-05,False,False
2021-08-16,funded_assets,USD,0.94999999999999996,JPY,score,-0.044078404557813755,-0.057850660788568931,-0.013772256230755175,False,False
2021-08-16,funded_assets,USD,0.94999999999999996,CHF,var,0.0011202679688336,0.0010647464827526995,-5.5521486080900573e-05,False,False
2021-08-16,funded_assets,USD,0.94999999999999996,CHF,es,0.0015146478445284004,0.0016001523655121003,8.5504520983699893e-05,False,False
2021-08-16,funded_assets,USD,0.94999999999999996,CHF,score,0.25633982667978117,0.2481140352193556,-0.0082257914604255689,False,False
2021-08-16,funded_assets,USD,0.98999999999999999,USD,var,-0.00090567111365839979,-0.0006541242377334994,0.00025154687592490038,False,False
2021-08-16,funded_assets,USD,0.98999999999999999,USD,es,-0.0013371909940792992,-0.00093226785953220027,0.0004049231345470989,False,False
2021-08-16,funded_assets,USD,0.98999999999999999,USD,score,-0.16592779432289895,-0.11806096421811407,0.047866830104784874,False,False
2021-08-16,funded_assets,USD,0.98999999999999999,GBP,var,0.00048769117407130008,0.00047609335858489997,-1.1597815486400105e-05,False,False
2021-08-16,funded_assets,USD,0.98999999999999999,GBP,es,0.00030485573558000027,0.00099856208834009971,0.00069370635276009944,False,False
2021-08-16,funded_assets,USD,0.98999999999999999,GBP,score,0.070617009697187427,0.086178472103269677,0.015561462406082249,False,False
2021-08-16,funded_assets,USD,0.98999999999999999,JPY,var,-0.00068641958824339992,-0.00033893870201399945,0.00034748088622940047,False,True
2021-08-16,funded_assets,USD,0.98999999999999999,JPY,es,-0.00083199020184979936,-0.00036987232846980023,0.00046211787337999913,False,True
2021-08-16,funded_assets,USD,0.98999999999999999,JPY,score,-0.11864835908372395,-0.056501826632922025,0.062146532450801928,False,True
2021-08-16,funded_assets,USD,0.98999999999999999,CHF,var,0.0016068178338778001,0.0019092140792217006,0.00030239624534390049,False,False
2021-08-16,funded_assets,USD,0.98999999999999999,CHF,es,0.0024604714427771002,0.0025620410984181991,0.00010156965564109884,False,False
2021-08-16,funded_assets,USD,0.98999999999999999,CHF,score,0.24314903681350319,0.27887241690129727,0.035723380087794077,False,False
2021-08-16,net_cashflows,EUR,0.94999999999999996,USD,var,3.8889017125100234e-05,3.4893183971399996e-05,-3.9958331537002373e-06,False,False
2021-08-16,net_cashflows,EUR,0.94999999999999996,USD,es,0.00013342620357440025,6.8530168283299862e-05,-6.4896035291100388e-05,False,False
2021-08-16,net_cashflows,EUR,0.94999999999999996,USD,score,0.021006315403298892,0.015203277405448468,-0.0058030379978504243,False,False
2021-08-16,net_cashflows,EUR,0.94999999999999996,GBP,var,4.9380792633499978e-05,8.6665467036299917e-05,3.728467440279994e-05,False,False
2021-08-16,net_cashflows,EUR,0.94999999999999996,GBP,es,0.0002733490876283,0.00030888191706150009,3.5532829433200085e-05,False,False
2021-08-16,net_cashflows,EUR,0.94999999999999996,GBP,score,0.034548859621461148,0.047971491994945659,0.013422632373484511,False,False
2021-08-16,net_cashflows,EUR,0.94999999999999996,JPY,var,-0.00012757039005009988,-0.00012227490299289998,5.295487057199906e-06,False,False
2021-08-16,net_cashflows,EUR,0.94999999999999996,JPY,es,1.0844332830600191e-05,-8.3389123117200148e-05,-9.4233455947800339e-05,True,True
2021-08-16,net_cashflows,EUR,0.94999999999999996,JPY,score,-0.037062339241794362,-0.042722202018874889,-0.0056598627770805265,False,False
2021-08-16,net_cashflows,EUR,0.94999999999999996,CHF,var,0.00033532879706640005,0.00037841336879349983,4.3084571727099782e-05,False,False
2021-08-16,net_cashflows,EUR,0.94999999999999996,CHF,es,0.00062707816354880047,0.00048623378342640012,-0.00014084438012240035,False,False
2021-08-16,net_cashflows,EUR,0.94999999999999996,CHF,score,0.13551352973632369,0.1370680260640933,0.0015544963277696056,False,False
2021-08-16,net_cashflows,EUR,0.98999999999999999,USD,var,0.00028873313108929979,0.00012333812388609991,-0.00016539500720319988,False,True
2021-08-16,net_cashflows,EUR,0.98999999999999999,USD,es,0.00044529238361059979,8.5951952761599559e-05,-0.00035934043084900023,False,True
2021-08-16,net_cashflows,EUR,0.98999999999999999,USD,score,0.076276632357196839,0.028348278043949904,-0.047928354313246935,False,True
2021-08-16,net_cashflows,EUR,0.98999999999999999,GBP,var,0.0003852726987380998,0.00039749643741409952,1.2223738675999716e-05,False,False
2021-08-16,net_cashflows,EUR,0.98999999999999999,GBP,es,0.00069059506433009985,0.00070759631018559987,1.7001245855500016e-05,False,False
2021-08-16,net_cashflows,EUR,0.98999999999999999,GBP,score,0.1041875781253907,0.10474602804748923,0.00055844992209852506,False,False
2021-08-16,net_cashflows,EUR,0.98999999999999999,JPY,var,0.00012933861564489975,-4.3242667480999919e-05,-0.00017258128312589967,True,True
2021-08-16,net_cashflows,EUR,0.98999999999999999,JPY,es,0.00041520214821350043,-0.0001433129049527998,-0.00055851505316630023,True,True
2021-08-16,net_cashflows,EUR,0.98999999999999999,JPY,score,0.043332542602955826,-0.014637861631855209,-0.057970404234811035,True,True
2021-08-16,net_cashflows,EUR,0.98999999999999999,CHF,var,0.00094281954228429962,0.00057267993144410022,-0.0003701396108401994,False,False
2021-08-16,net_cashflows,EUR,0.98999999999999999,CHF,es,0.0010937009076352,0.00054728463092339977,-0.00054641627671180026,False,False
2021-08-16,net_cashflows,EUR,0.98999999999999999,CHF,score,0.21935066998126551,0.13064720450696399,-0.088703465474301524,False,False
2021-08-16,net_cashflows,USD,0.94999999999999996,USD,var,3.6729493660999767e-05,3.4271521259799861e-05,-2.4579724011999059e-06,False,False
2021-08-16,net_cashflows,USD,0.94999999999999996,USD,es,0.00013653006744390002,7.1020427201699994e-05,-6.5509640242200021e-05,False,False
2021-08-16,net_cashflows,USD,0.94999999999999996,USD,score,0.020599570780062137,0.015169641416809654,-0.0054299293632524837,False,False
2021-08-16,net_cashflows,USD,0.94999999999999996,GBP,var,4.8307005858499921e-05,8.3105996046199931e-05,3.479899018770001e-05,False,False
2021-08-16,net_cashflows,USD,0.94999999999999996,GBP,es,0.00028119565380620029,0.00031849932417310012,3.7303670366899827e-05,False,False
2021-08-16,net_cashflows,USD,0.94999999999999996,GBP,score,0.034847873766335802,0.047654900424210389,0.012807026657874587,False,False
2021-08-16,net_cashflows,USD,0.94999999999999996,JPY,var,-0.00013018287823960036,-0.00012371944724029992,6.4634309993004402e-06,False,False
2021-08-16,net_cashflows,USD,0.94999999999999996,JPY,es,1.4502343267499933e-05,-7.9901794811899733e-05,-9.4404138079399666e-05,True,True
2021-08-16,net_cashflows,USD,0.94999999999999996,JPY,score,-0.037408388286254812,-0.042742628935936722,-0.0053342406496819095,False,False
2021-08-16,net_cashflows,USD,0.94999999999999996,CHF,var,0.00036491069853309983,0.00038674065278790012,2.1829954254800298e-05,False,False
2021-08-16,net_cashflows,USD,0.94999999999999996,CHF,es,0.00063911771276290016,0.00049707011655230043,-0.00014204759621059973,False,False
2021-08-16,net_cashflows,USD,0.94999999999999996,CHF,score,0.14350796086381834,0.1395268006713648,-0.0039811601924535367,False,False
2021-08-16,net_cashflows,USD,0.98999999999999999,USD,var,0.00026533121266000001,0.00012446350704350007,-0.00014086770561649994,False,True
2021-08-16,net_cashflows,USD,0.98999999999999999,USD,es,0.00045239363257299978,9.0343059887199907e-05,-0.00036205057268579987,False,True
2021-08-16,net_cashflows,USD,0.98999999999999999,USD,score,0.071287420959542658,0.028629882842560406,-0.042657538116982252,False,True
2021-08-16,net_cashflows,USD,0.98999999999999999,GBP,var,0.00039576831714409995,0.00041768397733310016,2.1915660189000211e-05,False,False
2021-08-16,net_cashflows,USD,0.98999999999999999,GBP,es,0.00070889494388020041,0.00073268591589410043,2.3790972013900021e-05,False,False
2021-08-16,net_cashflows,USD,0.98999999999999999,GBP,score,0.10598333961049722,0.10902995123721215,0.0030466116267149346,False,False
2021-08-16,net_cashflows,USD,0.98999999999999999,JPY,var,0.00011741100663830014,-3.9648016063300196e-05,-0.00015705902270160034,True,True
2021-08-16,net_cashflows,USD,0.98999999999999999,JPY,es,0.0004161950704873003,-0.00013893215260789987,-0.00055512722309520018,True,True
2021-08-16,net_cashflows,USD,0.98999999999999999,JPY,score,0.040555426742083789,-0.013681269651072192,-0.054236696393155981,True,True
2021-08-16,net_cashflows,USD,0.98999999999999999,CHF,var,0.00092603866503710016,0.00059756652229899995,-0.00032847214273810021,False,False
2021-08-16,net_cashflows,USD,0.98999999999999999,CHF,es,0.0011048742384129001,0.00056258666374069989,-0.00054228757467220026,False,False
2021-08-16,net_cashflows,USD,0.98999999999999999,CHF,score,0.21517442142328935,0.13523218717858398,-0.079942234244705368,False,False
2022-02-15,funded_assets,EUR,0.94999999999999996,USD,var,0.00084390197619409971,0.00088744521975040076,4.3543243556301049e-05,False,False
2022-02-15,funded_assets,EUR,0.94999999999999996,USD,es,0.00088243708189700027,0.0010605817168062,0.00017814463490919974,False,False
2022-02-15,funded_assets,EUR,0.94999999999999996,USD,score,0.1521745141534101,0.16352115406270773,0.011346639909297629,False,False
2022-02-15,funded_assets,EUR,0.94999999999999996,GBP,var,-9.486062279710078e-05,-0.00022185130510849957,-0.00012699068231139879,False,False
2022-02-15,funded_assets,EUR,0.94999999999999996,GBP,es,-0.00039193028348490002,-0.00031256163561810008,7.9368647866799938e-05,False,False
2022-02-15,funded_assets,EUR,0.94999999999999996,GBP,score,-0.030563521978009156,-0.047405727014117716,-0.01684220503610856,False,False
2022-02-15,funded_assets,EUR,0.94999999999999996,JPY,var,-0.00037328471815340023,-0.00038210259448809986,-8.8178763346996245e-06,False,False
2022-02-15,funded_assets,EUR,0.94999999999999996,JPY,es,-0.00047665584201609951,-0.00041256893324920045,6.4086908766899063e-05,False,False
2022-02-15,funded_assets,EUR,0.94999999999999996,JPY,score,-0.079130396256133828,-0.07750372872005773,0.0016266675360760985,False,False
2022-02-15,funded_assets,EUR,0.94999999999999996,CHF,var,0.00076869148675099992,0.00077063479531530067,1.9433085643007567e-06,False,False
2022-02-15,funded_assets,EUR,0.94999999999999996,CHF,es,0.0013540896324693002,0.0013548361452000992,7.4651273079904407e-07,False,False
2022-02-15,funded_assets,EUR,0.94999999999999996,CHF,score,0.15916755285653661,0.15887576483413834,-0.00029178802239826496,False,False
2022-02-15,funded_assets,EUR,0.98999999999999999,USD,var,0.0014654819375077999,0.0012803121450145009,-0.00018516979249329907,False,False
2022-02-15,funded_assets,EUR,0.98999999999999999,USD,es,0.0009333135787626002,0.0011736736712035008,0.00024036009244090065,False,False
2022-02-15,funded_assets,EUR,0.98999999999999999,USD,score,0.16082581677722541,0.14895743545773321,-0.011868381319492194,False,False
2022-02-15,funded_assets,EUR,0.98999999999999999,GBP,var,-0.00050185032904040069,-0.00030325465080549997,0.00019859567823490073,False,False
2022-02-15,funded_assets,EUR,0.98999999999999999,GBP,es,-0.0011631222209249996,-0.00043710090555930045,0.00072602131536569914,False,True
2022-02-15,funded_assets,EUR,0.98999999999999999,GBP,score,-0.079582745256646881,-0.042009835175385923,0.037572910081260957,False,False
2022-02-15,funded_assets,EUR,0.98999999999999999,JPY,var,-0.00049149157550470047,-0.00041930611252059997,7.2185462984100494e-05,False,False
2022-02-15,funded_assets,EUR,0.98999999999999999,JPY,es,-3.2989940035999324e-05,-0.00012060346570380055,-8.7613525667801229e-05,False,False
2022-02-15,funded_assets,EUR,0.98999999999999999,JPY,score,-0.051585098327431744,-0.047575422924359678,0.004009675403072066,False,False
2022-02-15,funded_assets,EUR,0.98999999999999999,CHF,var,0.0018487298121149,0.0015177004116992011,-0.00033102940041569891,False,False
2022-02-15,funded_assets,EUR,0.98999999999999999,CHF,es,0.0030994800003044005,0.0026584633129367995,-0.00044101668736760101,False,False
2022-02-15,funded_assets,EUR,0.98999999999999999,CHF,score,0.2316769997305288,0.19662528643715849,-0.035051713293370312,False,False
2022-02-15,funded_assets,USD,0.94999999999999996,USD,var,0.00084708171401789989,0.00089940918016209997,5.2327466144200079e-05,False,False
2022-02-15,funded_assets,USD,0.94999999999999996,USD,es,0.00090022995391559994,0.0010808233122644997,0.00018059335834889976,False,False
2022-02-15,funded_assets,USD,0.94999999999999996,USD,score,0.15210014758646384,0.16450319423989157,0.012403046653427729,False,False
2022-02-15,funded_assets,USD,0.94999999999999996,GBP,var,-0.00015872264231529994,-0.00023917396180100046,-8.0451319485700529e-05,False,False
2022-02-15,funded_assets,USD,0.94999999999999996,GBP,es,-0.00040721193190130026,-0.00032338850736270044,8.3823424538599818e-05,False,False
2022-02-15,funded_assets,USD,0.94999999999999996,GBP,score,-0.04115889163463482,-0.050205549892782031,-0.009046658258147211,False,False
2022-02-15,funded_assets,USD,0.94999999999999996,JPY,var,-0.00038878724666359995,-0.00039866702904930041,-9.8797823857004613e-06,False,False
2022-02-15,funded_assets,USD,0.94999999999999996,JPY,es,-0.00048986493279280004,-0.00042432313873380038,6.5541794058999667e-05,False,False
2022-02-15,funded_assets,USD,0.94999999999999996,JPY,score,-0.081614972067028724,-0.080029508032889218,0.0015854640341395054,False,False
2022-02-15,funded_assets,USD,0.94999999999999996,CHF,var,0.00078918030584350027,0.00077089453648329989,-1.8285769360200377e-05,False,False
2022-02-15,funded_assets,USD,0.94999999999999996,CHF,es,0.0013711131248109994,0.0013731125725962006,1.9994477852012041e-06,False,False
2022-02-15,funded_assets,USD,0.94999999999999996,CHF,score,0.16129714779020787,0.15840875949621225,-0.0028883882939956251,False,False
2022-02-15,funded_assets,USD,0.98999999999999999,USD,var,0.0013214534882880005,0.0012945082940121998,-2.6945194275800749e-05,False,False
2022-02-15,funded_assets,USD,0.98999999999999999,USD,es,0.00095876290439949989,0.0012020599998209987,0.00024329709542149879,False,False
2022-02-15,funded_assets,USD,0.98999999999999999,USD,score,0.1461008444589762,0.14932068436479629,0.0032198399058200877,False,False
2022-02-15,funded_assets,USD,0.98999999999999999,GBP,var,-0.00048502739697009987,-0.00029623717274430018,0.0001887902242257997,False,False
2022-02-15,funded_assets,USD,0.98999999999999999,GBP,es,-0.0012186421571689001,-0.00045665510643220011,0.00076198705073669999,False,True
2022-02-15,funded_assets,USD,0.98999999999999999,GBP,score,-0.078025894255334904,-0.041244516082163507,0.036781378173171397,False,False
2022-02-15,funded_assets,USD,0.98999999999999999,JPY,var,-0.00058102217283320049,-0.00045094694883120005,0.00013007522400200044,False,False
2022-02-15,funded_assets,USD,0.98999999999999999,JPY,es,-6.7691769418400452e-05,-0.00013441172670160088,-6.6719957283200432e-05,False,False
2022-02-15,funded_assets,USD,0.98999999999999999,JPY,score,-0.061030059624951782,-0.050737313278992779,0.010292746345959003,False,False
2022-02-15,funded_assets,USD,0.98999999999999999,CHF,var,0.0018612766482762003,0.0015604256595354998,-0.0003008509887407005,False,False
2022-02-15,funded_assets,USD,0.98999999999999999,CHF,es,0.0031308204839222992,0.0027143170788866983,-0.0004165034050356009,False,False
2022-02-15,funded_assets,USD,0.98999999999999999,CHF,score,0.23124810717125843,0.19963102415336653,-0.0316170830178919,False,False
2022-02-15,net_cashflows,EUR,0.94999999999999996,USD,var,-0.00057837259469399995,-0.00061446246518759989,-3.6089870493599945e-05,False,False
2022-02-15,net_cashflows,EUR,0.94999999999999996,USD,es,-0.0008096144078084005,-0.00084737576651900022,-3.7761358710599723e-05,False,False
2022-02-15,net_cashflows,EUR,0.94999999999999996,USD,score,-0.19724262943392556,-0.2095844801675657,-0.012341850733640136,False,False
2022-02-15,net_cashflows,EUR,0.94999999999999996,GBP,var,-0.00050073934900819999,-0.00049421743635090021,6.5219126572997783e-06,False,False
2022-02-15,net_cashflows,EUR,0.94999999999999996,GBP,es,-0.0006032215292963005,-0.00064454012423760011,-4.1318594941299608e-05,False,False
2022-02-15,net_cashflows,EUR,0.94999999999999996,GBP,score,-0.16155313280715689,-0.16242334706515482,-0.00087021425799793661,False,False
2022-02-15,net_cashflows,EUR,0.94999999999999996,JPY,var,-0.00060406315402100012,-0.00062772013406879991,-2.3656980047799796e-05,False,False
2022-02-15,net_cashflows,EUR,0.94999999999999996,JPY,es,-0.00080218456282140022,-0.00080054007309370012,1.6444897277000971e-06,False,False
2022-02-15,net_cashflows,EUR,0.94999999999999996,JPY,score,-0.20386681122134576,-0.20990093589082992,-0.0060341246694841644,False,False
2022-02-15,net_cashflows,EUR,0.94999999999999996,CHF,var,-0.00049726577865720012,-0.00055193015186819983,-5.4664373210999706e-05,False,False
2022-02-15,net_cashflows,EUR,0.94999999999999996,CHF,es,-0.00078195350681350018,-0.00079170254249380035,-9.7490356803001631e-06,False,False
2022-02-15,net_cashflows,EUR,0.94999999999999996,CHF,score,-0.17285210651256211,-0.18823924205612563,-0.015387135543563524,False,False
2022-02-15,net_cashflows,EUR,0.98999999999999999,USD,var,-0.0011243585056910999,-0.0010143404670230997,0.00011001803866800015,False,False
2022-02-15,net_cashflows,EUR,0.98999999999999999,USD,es,-0.0012725704191634997,-0.0013719734804069003,-9.940306124340062e-05,False,False
2022-02-15,net_cashflows,EUR,0.98999999999999999,USD,score,-0.23915182817941183,-0.22628396269409645,0.012867865485315377,False,False
2022-02-15,net_cashflows,EUR,0.98999999999999999,GBP,var,-0.00088027678687230011,-0.0007668704139042002,0.0001134063729680999,False,False
2022-02-15,net_cashflows,EUR,0.98999999999999999,GBP,es,-0.00089416872298059974,-0.00099971521579340049,-0.00010554649281280075,False,False
2022-02-15,net_cashflows,EUR,0.98999999999999999,GBP,score,-0.17888892910879584,-0.16496357808481488,0.013925351023980959,False,False
2022-02-15,net_cashflows,EUR,0.98999999999999999,JPY,var,-0.0011334085722745999,-0.0009569119156174,0.00017649665665719991,False,False
2022-02-15,net_cashflows,EUR,0.98999999999999999,JPY,es,-0.0011893920056878999,-0.0011864231636450001,2.9688420428997109e-06,False,False
2022-02-15,net_cashflows,EUR,0.98999999999999999,JPY,score,-0.23811277717275203,-0.20822793483493829,0.029884842337813744,False,False
2022-02-15,net_cashflows,EUR,0.98999999999999999,CHF,var,-0.0010437180864766001,-0.00095469065207369995,8.9027434402900139e-05,False,False
2022-02-15,net_cashflows,EUR,0.98999999999999999,CHF,es,-0.0012149819527955998,-0.0012443513644205999,-2.9369411625000154e-05,False,False
2022-02-15,net_cashflows,EUR,0.98999999999999999,CHF,score,-0.22103635680112621,-0.20986131771790717,0.01117503908321904,False,False
2022-02-15,net_cashflows,USD,0.94999999999999996,USD,var,-0.0005787410895208003,-0.00061775545823890016,-3.9014368718099865e-05,False,False
2022-02-15,net_cashflows,USD,0.94999999999999996,USD,es,-0.00081884700452570028,-0.00085738862739270045,-3.8541622867000174e-05,False,False
2022-02-15,net_cashflows,USD,0.94999999999999996,USD,score,-0.19756994318507015,-0.21010280525013236,-0.012532862065062211,False,False
2022-02-15,net_cashflows,USD,0.94999999999999996,GBP,var,-0.00048830632545690013,-0.00050156444404940003,-1.3258118592499903e-05,False,False
2022-02-15,net_cashflows,USD,0.94999999999999996,GBP,es,-0.0006153940655599004,-0.00065765984952890046,-4.2265783969000058e-05,False,False
2022-02-15,net_cashflows,USD,0.94999999999999996,GBP,score,-0.15872786161954711,-0.16442170176468807,-0.0056938401451409604,False,False
2022-02-15,net_cashflows,USD,0.94999999999999996,JPY,var,-0.00059096863135030004,-0.0006322801427326003,-4.131151138230026e-05,False,False
2022-02-15,net_cashflows,USD,0.94999999999999996,JPY,es,-0.00081880021270330046,-0.00081633213839860021,2.4680743047002414e-06,False,False
2022-02-15,net_cashflows,USD,0.94999999999999996,JPY,score,-0.20095684434889982,-0.21118010436436663,-0.010223260015466806,False,False
2022-02-15,net_cashflows,USD,0.94999999999999996,CHF,var,-0.0004798955095171001,-0.00055692971097560029,-7.7034201458500186e-05,False,False
2022-02-15,net_cashflows,USD,0.94999999999999996,CHF,es,-0.00079752877795280031,-0.00080612451774470049,-8.5957397919001789e-06,False,False
2022-02-15,net_cashflows,USD,0.94999999999999996,CHF,score,-0.16880766272173986,-0.1896261852417549,-0.020818522520015037,False,False
2022-02-15,net_cashflows,USD,0.98999999999999999,USD,var,-0.0011516070199866996,-0.0010334690982286999,0.00011813792175799972,False,False
2022-02-15,net_cashflows,USD,0.98999999999999999,USD,es,-0.0012902019016920998,-0.0013933437088327,-0.00010314180714060019,False,False
2022-02-15,net_cashflows,USD,0.98999999999999999,USD,score,-0.24359635116562739,-0.22876265806117146,0.014833693104455925,False,False
2022-02-15,net_cashflows,USD,0.98999999999999999,GBP,var,-0.00090679460311359969,-0.00078688148903350002,0.00011991311408009967,False,False
2022-02-15,net_cashflows,USD,0.98999999999999999,GBP,es,-0.00091155365797620028,-0.0010237716546354003,-0.00011221799665920001,False,False
2022-02-15,net_cashflows,USD,0.98999999999999999,GBP,score,-0.18321883786177562,-0.16804147099527533,0.015177366866500286,False,False
2022-02-15,net_cashflows,USD,0.98999999999999999,JPY,var,-0.0011785639434131997,-0.00098494526106160038,0.00019361868235159927,False,False
2022-02-15,net_cashflows,USD,0.98999999999999999,JPY,es,-0.0012145155393912003,-0.0012123349674565001,2.1805719347001845e-06,False,False
2022-02-15,net_cashflows,USD,0.98999999999999999,JPY,score,-0.24631354648876957,-0.21270272076754626,0.033610825721223314,False,False
2022-02-15,net_cashflows,USD,0.98999999999999999,CHF,var,-0.0010369480532017999,-0.00098491238370199997,5.2035669499799972e-05,False,False
2022-02-15,net_cashflows,USD,0.98999999999999999,CHF,es,-0.0012443927175454002,-0.0012734804280557996,-2.9087710510399337e-05,False,False
2022-02-15,net_cashflows,USD,0.98999999999999999,CHF,score,-0.2191211062785996,-0.21489348843568568,0.0042276178429139222,False,False
2022-09-22,funded_assets,EUR,0.94999999999999996,USD,var,3.4484844175600507e-05,3.358253297919972e-05,-9.0231119640078739e-07,False,False
2022-09-22,funded_assets,EUR,0.94999999999999996,USD,es,-0.00029857964943900105,-6.8941654932701268e-05,0.00022963799450629978,False,True
2022-09-22,funded_assets,EUR,0.94999999999999996,USD,score,-0.0044347763340670809,0.001763051851282782,0.0061978281853498629,True,True
2022-09-22,funded_assets,EUR,0.94999999999999996,GBP,var,-0.0018678116581682001,-0.0020183334177968004,-0.00015052175962860029,False,False
2022-09-22,funded_assets,EUR,0.94999999999999996,GBP,es,-0.0027181308101262005,-0.0026212001690780005,9.6930641048200046e-05,False,False
2022-09-22,funded_assets,EUR,0.94999999999999996,GBP,score,-0.32876222231913932,-0.34855648620293334,-0.019794263883794017,False,False
2022-09-22,funded_assets,EUR,0.94999999999999996,JPY,var,-4.8870197294700012e-05,-2.312790293300393e-06,4.6557407001399619e-05,False,True
2022-09-22,funded_assets,EUR,0.94999999999999996,JPY,es,-0.00015046330618180039,5.6727094368099612e-05,0.0002071904005499,True,True
2022-09-22,funded_assets,EUR,0.94999999999999996,JPY,score,-0.0096322518307045968,0.0013589208825219856,0.010991172713226582,True,True
2022-09-22,funded_assets,EUR,0.94999999999999996,CHF,var,0.0030459380199654006,0.0032119963068361007,0.00016605828687070012,False,False
2022-09-22,funded_assets,EUR,0.94999999999999996,CHF,es,0.0046648040631951989,0.0047304149906207994,6.5610927425600526e-05,False,False
2022-09-22,funded_assets,EUR,0.94999999999999996,CHF,score,0.38143106328024423,0.39509944505286843,0.013668381772624194,False,False
2022-09-22,funded_assets,EUR,0.98999999999999999,USD,var,-0.00023437982490280042,-6.9602173850600788e-05,0.00016477765105219963,False,True
2022-09-22,funded_assets,EUR,0.98999999999999999,USD,es,-0.00079721167591310059,-0.00027894255403939847,0.00051826912187370212,False,True
2022-09-22,funded_assets,EUR,0.98999999999999999,USD,score,-0.030321932039885979,-0.0093031274778780926,0.021018804562007887,False,True
2022-09-22,funded_assets,EUR,0.98999999999999999,GBP,var,-0.0031412777066121,-0.0030275092149417001,0.00011376849167039991,False,False
2022-09-22,funded_assets,EUR,0.98999999999999999,GBP,es,-0.0043377146135854007,-0.0034012564400551001,0.00093645817353030063,False,False
2022-09-22,funded_assets,EUR,0.98999999999999999,GBP,score,-0.36239563608075365,-0.33225085149512701,0.030144784585626638,False,False
2022-09-22,funded_assets,EUR,0.98999999999999999,JPY,var,0.00013522421913880062,0.00011131874710039978,-2.3905472038400835e-05,False,False
2022-09-22,funded_assets,EUR,0.98999999999999999,JPY,es,-0.00055104084347449948,0.00016752590640830081,0.0007185667498828003,True,True
2022-09-22,funded_assets,EUR,0.98999999999999999,JPY,score,0.0021721192540526957,0.010944433259454378,0.0087723140054016824,False,False
2022-09-22,funded_assets,EUR,0.98999999999999999,CHF,var,0.0059483578241467001,0.0054454308884812983,-0.00050292693566540182,False,False
2022-09-22,funded_assets,EUR,0.98999999999999999,CHF,es,0.0076520795612770986,0.0073989097770671003,-0.00025316978420999829,False,False
2022-09-22,funded_assets,EUR,0.98999999999999999,CHF,score,0.44925522563884801,0.42375273044503725,-0.025502495193810759,False,False
2022-09-22,funded_assets,USD,0.94999999999999996,USD,var,7.1248989891499817e-05,4.2136236056799885e-05,-2.9112753834699932e-05,False,False
2022-09-22,funded_assets,USD,0.94999999999999996,USD,es,-0.0002960556662946999,-6.638067331400134e-05,0.00022967499298069856,False,True
2022-09-22,funded_assets,USD,0.94999999999999996,USD,score,-0.00052228429358969208,0.002731634702027641,0.0032539189956173331,True,True
2022-09-22,funded_assets,USD,0.94999999999999996,GBP,var,-0.0018448806010807001,-0.0020423009110870005,-0.00019742031000630038,False,False
2022-09-22,funded_assets,USD,0.94999999999999996,GBP,es,-0.0027597255821910005,-0.0026600961331036009,9.9629449087399596e-05,False,False
2022-09-22,funded_assets,USD,0.94999999999999996,GBP,score,-0.32647323954424223,-0.35050897028529082,-0.024035730741048589,False,False
2022-09-22,funded_assets,USD,0.94999999999999996,JPY,var,3.9770719008299683e-05,1.9705860747993784e-06,-3.7800132933500305e-05,False,True
2022-09-22,funded_assets,USD,0.94999999999999996,JPY,es,-0.00013499662564130099,7.6814423625498965e-05,0.00021181104926679996,True,True
2022-09-22,funded_assets,USD,0.94999999999999996,JPY,score,0.00043003420093068456,0.0023907849322313268,0.0019607507313006423,False,False
2022-09-22,funded_assets,USD,0.94999999999999996,CHF,var,0.0031798596346510992,0.0032401053273059992,6.024569265490002e-05,False,False
2022-09-22,funded_assets,USD,0.94999999999999996,CHF,es,0.0047679475486608006,0.0048404211067657986,7.2473558104997962e-05,False,False
2022-09-22,funded_assets,USD,0.94999999999999996,CHF,score,0.39279010050194163,0.39679938400916459,0.0040092835072229605,False,False
2022-09-22,funded_assets,USD,0.98999999999999999,USD,var,-0.00020697041526069986,-7.5096445975000176e-05,0.00013187396928569968,False,True
2022-09-22,funded_assets,USD,0.98999999999999999,USD,es,-0.00081533574561660008,-0.00028586261158049936,0.00052947313403610072,False,True
2022-09-22,funded_assets,USD,0.98999999999999999,USD,score,-0.02796058630999454,-0.0097262556890846952,0.018234330620909844,False,True
2022-09-22,funded_assets,USD,0.98999999999999999,GBP,var,-0.0032210048331579007,-0.0031017193179976007,0.00011928551516030006,False,False
2022-09-22,funded_assets,USD,0.98999999999999999,GBP,es,-0.004451402907555,-0.0034712958680466997,0.0009801070395083003,False,False
2022-09-22,funded_assets,USD,0.98999999999999999,GBP,score,-0.36683023891794253,-0.33665497046158777,0.030175268456354765,False,False
2022-09-22,funded_assets,USD,0.98999999999999999,JPY,var,0.00018625916281939971,0.00010685612639969866,-7.9403036419701048e-05,False,False
2022-09-22,funded_assets,USD,0.98999999999999999,JPY,es,-0.00058413331805359965,0.00021045098341260053,0.00079458430146620018,True,True
2022-09-22,funded_assets,USD,0.98999999999999999,JPY,score,0.0056489669928856401,0.01108061748158562,0.0054316504886999795,False,False
2022-09-22,funded_assets,USD,0.98999999999999999,CHF,var,0.0060392095519656991,0.0055429628605513006,-0.00049624669141439849,False,False
2022-09-22,funded_assets,USD,0.98999999999999999,CHF,es,0.0078150533129287009,0.0076361367307055013,-0.00017891658222319966,False,False
2022-09-22,funded_assets,USD,0.98999999999999999,CHF,score,0.44975979935535282,0.4267554368521953,-0.023004362503157516,False,False
2022-09-22,net_cashflows,EUR,0.94999999999999996,USD,var,0.00037067234117079979,0.00022376361873899936,-0.00014690872243180043,False,False
2022-09-22,net_cashflows,EUR,0.94999999999999996,USD,es,0.00024594481673459977,0.00024008240008180012,-5.862416652799643e-06,False,False
2022-09-22,net_cashflows,EUR,0.94999999999999996,USD,score,0.06584251219926518,0.043663265506886262,-0.022179246692378918,False,False
2022-09-22,net_cashflows,EUR,0.94999999999999996,GBP,var,-0.00045718040285420026,-0.00057896391084439995,-0.00012178350799019969,False,False
2022-09-22,net_cashflows,EUR,0.94999999999999996,GBP,es,-0.00079004095551749986,-0.00082550781062889957,-3.5466855111399714e-05,False,False
2022-09-22,net_cashflows,EUR,0.94999999999999996,GBP,score,-0.11036079697964762,-0.13240353253214643,-0.022042735552498804,False,False
2022-09-22,net_cashflows,EUR,0.94999999999999996,JPY,var,0.00041175295817129972,0.00023658674260439942,-0.0001751662155669003,False,False
2022-09-22,net_cashflows,EUR,0.94999999999999996,JPY,es,0.00021399324489109958,0.00030287788940040056,8.8884644509300975e-05,False,False
2022-09-22,net_cashflows,EUR,0.94999999999999996,JPY,score,0.070744904732557679,0.048055705795687409,-0.02268919893687027,False,False
2022-09-22,net_cashflows,EUR,0.94999999999999996,CHF,var,0.00021814160403839985,0.00013756835423839927,-8.0573249800000579e-05,False,False
2022-09-22,net_cashflows,EUR,0.94999999999999996,CHF,es,0.00016176490194639952,0.00019675811691160019,3.4993214965200678e-05,False,False
2022-09-22,net_cashflows,EUR,0.94999999999999996,CHF,score,0.039856239038502217,0.029067554631496684,-0.010788684407005533,False,False
2022-09-22,net_cashflows,EUR,0.98999999999999999,USD,var,0.00028003148680070047,0.00024047056828629954,-3.9560918514400939e-05,False,False
2022-09-22,net_cashflows,EUR,0.98999999999999999,USD,es,-6.5035647979199557e-05,1.0474755159599683e-05,7.551040313879924e-05,True,True
2022-09-22,net_cashflows,EUR,0.98999999999999999,USD,score,0.028211556385292269,0.025581209147439665,-0.0026303472378526038,False,False
2022-09-22,net_cashflows,EUR,0.98999999999999999,GBP,var,-0.00090086425788629947,-0.00096765110173969993,-6.6786843853400453e-05,False,False
2022-09-22,net_cashflows,EUR,0.98999999999999999,GBP,es,-0.0014429937887823988,-0.0014406845335139008,2.3092552684979978e-06,False,False
2022-09-22,net_cashflows,EUR,0.98999999999999999,GBP,score,-0.133661765698462,-0.14347416960668102,-0.0098124039082190251,False,False
2022-09-22,net_cashflows,EUR,0.98999999999999999,JPY,var,0.00010075713013620036,0.00036787428697999947,0.00026711715684379911,False,False
2022-09-22,net_cashflows,EUR,0.98999999999999999,JPY,es,-0.00020851051545560037,0.00031795703423749891,0.00052646754969309928,True,True
2022-09-22,net_cashflows,EUR,0.98999999999999999,JPY,score,0.0064841538675981525,0.044877836925857117,0.038393683058258965,False,False
2022-09-22,net_cashflows,EUR,0.98999999999999999,CHF,var,2.8448091915799986e-05,0.00019876244623899964,0.00017031435432319966,False,False
2022-09-22,net_cashflows,EUR,0.98999999999999999,CHF,es,0.0001344341291506998,0.00031577783940399916,0.00018134371025329936,False,False
2022-09-22,net_cashflows,EUR,0.98999999999999999,CHF,score,0.0058864462999048683,0.027562355436340447,0.021675909136435578,False,False
2022-09-22,net_cashflows,USD,0.94999999999999996,USD,var,0.00035773547916070035,0.00023340405468260002,-0.00012433142447810033,False,False
2022-09-22,net_cashflows,USD,0.94999999999999996,USD,es,0.00026632501904890003,0.00025769182674469961,-8.6331923042004197e-06,False,False
2022-09-22,net_cashflows,USD,0.94999999999999996,USD,score,0.064393094768792736,0.045626083236277815,-0.018767011532514921,False,False
2022-09-22,net_cashflows,USD,0.94999999999999996,GBP,var,-0.0004650775460532993,-0.00059057993120760054,-0.00012550238515430124,False,False
2022-09-22,net_cashflows,USD,0.94999999999999996,GBP,es,-0.00079676699618599998,-0.00083709794679640015,-4.0330950610400172e-05,False,False
2022-09-22,net_cashflows,USD,0.94999999999999996,GBP,score,-0.11127125085857159,-0.1344822637701526,-0.023211012911581008,False,False
2022-09-22,net_cashflows,USD,0.94999999999999996,JPY,var,0.00039140223974180009,0.00026691608515439988,-0.00012448615458740021,False,False
2022-09-22,net_cashflows,USD,0.94999999999999996,JPY,es,0.00026346611539359958,0.0003541118781197998,9.0645762726200216e-05,False,False
2022-09-22,net_cashflows,USD,0.94999999999999996,JPY,score,0.069236344715181808,0.054351459914381728,-0.01488488480080008,False,False
2022-09-22,net_cashflows,USD,0.94999999999999996,CHF,var,0.00015873380465750066,0.00013011978618889929,-2.8614018468601371e-05,False,False
2022-09-22,net_cashflows,USD,0.94999999999999996,CHF,es,0.00014553011744329949,0.00018384336916339988,3.8313251720100382e-05,False,False
2022-09-22,net_cashflows,USD,0.94999999999999996,CHF,score,0.030126319118684464,0.027323420292352019,-0.002802898826332445,False,False
2022-09-22,net_cashflows,USD,0.98999999999999999,USD,var,0.00021232098843739985,0.00026650217321189974,5.4181184774499888e-05,False,False
2022-09-22,net_cashflows,USD,0.98999999999999999,USD,es,-2.9100835283899992e-05,4.4239212367399444e-05,7.3340047651299436e-05,True,True
2022-09-22,net_cashflows,USD,0.98999999999999999,USD,score,0.021675413071498895,0.028828601740077175,0.0071531886685782808,False,False
2022-09-22,net_cashflows,USD,0.98999999999999999,GBP,var,-0.00098400079963210062,-0.00099354577800439981,-9.544978372299194e-06,False,False
2022-09-22,net_cashflows,USD,0.98999999999999999,GBP,es,-0.0014509917982131002,-0.0014637193221154997,-1.2727523902399465e-05,False,False
2022-09-22,net_cashflows,USD,0.98999999999999999,GBP,score,-0.14195360530415435,-0.14639178917996265,-0.0044381838758082992,False,False
2022-09-22,net_cashflows,USD,0.98999999999999999,JPY,var,9.8141642451699852e-05,0.00041186342714249948,0.00031372178469079963,False,False
2022-09-22,net_cashflows,USD,0.98999999999999999,JPY,es,-0.00012635937353929969,0.00042402269124700021,0.00055038206478629989,True,True
2022-09-22,net_cashflows,USD,0.98999999999999999,JPY,score,0.0078692479948498928,0.051223018157259936,0.043353770162410044,False,False
2022-09-22,net_cashflows,USD,0.98999999999999999,CHF,var,-5.8568224009900201e-05,0.00017687852353950005,0.00023544674754940025,True,True
2022-09-22,net_cashflows,USD,0.98999999999999999,CHF,es,9.4722558766599171e-05,0.00029173435874499908,0.0001970117999783999,False,False
2022-09-22,net_cashflows,USD,0.98999999999999999,CHF,score,-0.0040973611071919436,0.024666401364358492,0.028763762471550436,True,True
2023-08-15,funded_assets,EUR,0.94999999999999996,USD,var,2.1031723768100488e-05,0.00017506427010900022,0.00015403254634089973,False,False
2023-08-15,funded_assets,EUR,0.94999999999999996,USD,es,0.0005075499526832998,0.00023650491275600035,-0.00027104503992729945,False,True
2023-08-15,funded_assets,EUR,0.94999999999999996,USD,score,0.023104629655478881,0.035607683385221023,0.012503053729742142,False,False
2023-08-15,funded_assets,EUR,0.94999999999999996,GBP,var,-0.00064226623321999958,-0.00050884599731860006,0.00013342023590139952,False,False
2023-08-15,funded_assets,EUR,0.94999999999999996,GBP,es,-0.00017185863542300023,-0.00039134435701269985,-0.00021948572158969962,False,False
2023-08-15,funded_assets,EUR,0.94999999999999996,GBP,score,-0.10839383483101006,-0.097278695035783791,0.01111513979522627,False,False
2023-08-15,funded_assets,EUR,0.94999999999999996,JPY,var,0.0010733266387191005,0.0011626443344845997,8.931769576549925e-05,False,False
2023-08-15,funded_assets,EUR,0.94999999999999996,JPY,es,0.0018885493577393006,0.0015941592786371007,-0.00029439007910219989,False,False
2023-08-15,funded_assets,EUR,0.94999999999999996,JPY,score,0.21267490501969366,0.21647844052785636,0.0038035355081627031,False,False
2023-08-15,funded_assets,EUR,0.94999999999999996,CHF,var,-5.6982401275600114e-05,-1.7296124416995781e-06,5.5252788833900536e-05,False,True
2023-08-15,funded_assets,EUR,0.94999999999999996,CHF,es,0.00029605875425429973,2.1854103312599765e-05,-0.00027420465094169996,False,True
2023-08-15,funded_assets,EUR,0.94999999999999996,CHF,score,0.0029461082517325821,0.00063104215238229955,-0.0023150660993502825,False,True
2023-08-15,funded_assets,EUR,0.98999999999999999,USD,var,0.0005643625956480991,0.00025820981751150003,-0.00030615277813659907,False,True
2023-08-15,funded_assets,EUR,0.98999999999999999,USD,es,0.0013046478405071994,0.00032712670297459917,-0.00097752113753260018,False,True
2023-08-15,funded_assets,EUR,0.98999999999999999,USD,score,0.08603635695334777,0.033248227679581355,-0.052788129273766415,False,True
2023-08-15,funded_assets,EUR,0.98999999999999999,GBP,var,1.3026296048099413e-05,-0.00031376815806319954,-0.00032679445411129895,True,True
2023-08-15,funded_assets,EUR,0.98999999999999999,GBP,es,0.0010849243583260001,-1.737906312899995e-05,-0.001102303421455,True,True
2023-08-15,funded_assets,EUR,0.98999999999999999,GBP,score,0.025919402794269075,-0.03346428374996524,-0.059383686544234315,True,True
2023-08-15,funded_assets,EUR,0.98999999999999999,JPY,var,0.0021358943635405997,0.0018138701619232998,-0.00032202420161729986,False,False
2023-08-15,funded_assets,EUR,0.98999999999999999,JPY,es,0.0034793023351807999,0.0023126781016230991,-0.0011666242335577007,False,False
2023-08-15,funded_assets,EUR,0.98999999999999999,JPY,score,0.26970437805149317,0.21333298655564192,-0.056371391495851242,False,False
2023-08-15,funded_assets,EUR,0.98999999999999999,CHF,var,0.00041568144993740005,-7.9808366233299552e-05,-0.0004954898161706996,True,True
2023-08-15,funded_assets,EUR,0.98999999999999999,CHF,es,0.0010086071395371994,9.4813497108599959e-05,-0.00091379364242859945,False,True
2023-08-15,funded_assets,EUR,0.98999999999999999,CHF,score,0.064841407463291922,-0.0063792913429860931,-0.071220698806278016,True,True
2023-08-15,funded_assets,USD,0.94999999999999996,USD,var,3.8585576309399343e-05,0.00018248185835000041,0.00014389628204060107,False,False
2023-08-15,funded_assets,USD,0.94999999999999996,USD,es,0.00051565053669780023,0.00023942774387300005,-0.00027622279282480018,False,True
2023-08-15,funded_assets,USD,0.94999999999999996,USD,score,0.025947224966905047,0.036602784580686887,0.01065555961378184,False,False
2023-08-15,funded_assets,USD,0.94999999999999996,GBP,var,-0.00066453641405680042,-0.00051858302344429986,0.00014595339061250056,False,False
2023-08-15,funded_assets,USD,0.94999999999999996,GBP,es,-0.00017717745516069965,-0.0003960298571333001,-0.00021885240197260045,False,False
2023-08-15,funded_assets,USD,0.94999999999999996,GBP,score,-0.11135204614995686,-0.09841160215813094,0.012940443991825923,False,False
2023-08-15,funded_assets,USD,0.94999999999999996,JPY,var,0.0010909439935211998,0.0011801011625435006,8.9157169022300795e-05,False,False
2023-08-15,funded_assets,USD,0.94999999999999996,JPY,es,0.0019216737219671003,0.0016226876374324994,-0.00029898608453460089,False,False
2023-08-15,funded_assets,USD,0.94999999999999996,JPY,score,0.2149415666044634,0.2184274158400541,0.0034858492355906989,False,False
2023-08-15,funded_assets,USD,0.94999999999999996,CHF,var,-1.5741125996900085e-05,7.9417475804003865e-06,2.3682873577300471e-05,True,True
2023-08-15,funded_assets,USD,0.94999999999999996,CHF,es,0.00030132790215419997,2.7007766879599653e-05,-0.00027432013527460032,False,True
2023-08-15,funded_assets,USD,0.94999999999999996,CHF,score,0.009314151081800226,0.0022974381178331171,-0.0070167129639671089,False,True
2023-08-15,funded_assets,USD,0.98999999999999999,USD,var,0.00054234352057869976,0.00026677500449850001,-0.00027556851608019975,False,True
2023-08-15,funded_assets,USD,0.98999999999999999,USD,es,0.0013395758491057015,0.00032813909126339948,-0.001011436757842302,False,True
2023-08-15,funded_assets,USD,0.98999999999999999,USD,score,0.083471040365242111,0.033814206953462822,-0.049656833411779289,False,True
2023-08-15,funded_assets,USD,0.98999999999999999,GBP,var,2.8039920264499689e-05,-0.0003107338915906005,-0.00033877381185510019,True,True
2023-08-15,funded_assets,USD,0.98999999999999999,GBP,es,0.0011221620114235005,-1.3089902651400656e-05,-0.0011352519140749012,True,True
2023-08-15,funded_assets,USD,0.98999999999999999,GBP,score,0.027810792704316079,-0.032676133326614121,-0.060486926030930199,True,True
2023-08-15,funded_assets,USD,0.98999999999999999,JPY,var,0.0021795173289926003,0.0018269395050777995,-0.00035257782391480072,False,False
2023-08-15,funded_assets,USD,0.98999999999999999,JPY,es,0.0035793355127954011,0.0023679971250910002,-0.0012113383877044009,False,False
2023-08-15,funded_assets,USD,0.98999999999999999,JPY,score,0.27190755425715807,0.21348810285328934,-0.058419451403868727,False,False
2023-08-15,funded_assets,USD,0.98999999999999999,CHF,var,0.00051054821746200022,-7.2336854512800031e-05,-0.00058288507197480025,True,True
2023-08-15,funded_assets,USD,0.98999999999999999,CHF,es,0.0010529626941480005,0.00010882729913900061,-0.00094413539500899993,False,True
2023-08-15,funded_assets,USD,0.98999999999999999,CHF,score,0.074374365324929137,-0.0052224012309460832,-0.07959676655587522,True,True
2023-08-15,net_cashflows,EUR,0.94999999999999996,USD,var,0.0003423763626729001,0.00029050111910039998,-5.1875243572500115e-05,False,False
2023-08-15,net_cashflows,EUR,0.94999999999999996,USD,es,0.00044986837121620011,0.00052006283169819985,7.0194460481999739e-05,False,False
2023-08-15,net_cashflows,EUR,0.94999999999999996,USD,score,0.09672567422732925,0.09058076502208845,-0.0061449092052408005,False,False
2023-08-15,net_cashflows,EUR,0.94999999999999996,GBP,var,-0.00048627749548639998,-0.00053911944815080012,-5.2841952664400144e-05,False,False
2023-08-15,net_cashflows,EUR,0.94999999999999996,GBP,es,-0.00067162355672800017,-0.00061356504204379981,5.8058514684200362e-05,False,False
2023-08-15,net_cashflows,EUR,0.94999999999999996,GBP,score,-0.15807620722193416,-0.16736692950618348,-0.0092907222842493198,False,False
2023-08-15,net_cashflows,EUR,0.94999999999999996,JPY,var,0.00028503194672710019,0.0002149785862528,-7.0053360474300191e-05,False,False
2023-08-15,net_cashflows,EUR,0.94999999999999996,JPY,es,0.00047861082759079968,0.00047365078470780041,-4.9600428829992688e-06,False,False
2023-08-15,net_cashflows,EUR,0.94999999999999996,JPY,score,0.08703388422208036,0.073038304831860579,-0.013995579390219781,False,False
2023-08-15,net_cashflows,EUR,0.94999999999999996,CHF,var,6.6360049630299987e-05,3.9558342329000084e-05,-2.6801707301299903e-05,False,False
2023-08-15,net_cashflows,EUR,0.94999999999999996,CHF,es,3.290625448150019e-05,6.8094105445300375e-05,3.5187850963800185e-05,False,False
2023-08-15,net_cashflows,EUR,0.94999999999999996,CHF,score,0.01629787713931119,0.012646693082294824,-0.0036511840570163656,False,False
2023-08-15,net_cashflows,EUR,0.98999999999999999,USD,var,0.00029444350025839994,0.00048765832328249992,0.00019321482302409997,False,False
2023-08-15,net_cashflows,EUR,0.98999999999999999,USD,es,0.00042248695861710032,0.00096202039716390079,0.00053953343854680046,False,False
2023-08-15,net_cashflows,EUR,0.98999999999999999,USD,score,0.053986496766276204,0.096578597201394167,0.042592100435117963,False,False
2023-08-15,net_cashflows,EUR,0.98999999999999999,GBP,var,-0.00074346208442379984,-0.00073092268664909973,1.253939777470011e-05,False,False
2023-08-15,net_cashflows,EUR,0.98999999999999999,GBP,es,-0.0012093425398716001,-0.00072113093972789918,0.00048821160014370091,False,False
2023-08-15,net_cashflows,EUR,0.98999999999999999,GBP,score,-0.15506877317920598,-0.13825988770376885,0.01680888547543713,False,False
2023-08-15,net_cashflows,EUR,0.98999999999999999,JPY,var,0.00024111766764949982,0.00037228781280099991,0.00013117014515150009,False,False
2023-08-15,net_cashflows,EUR,0.98999999999999999,JPY,es,0.00090927462776300028,0.0010918130505015002,0.00018253842273849991,False,False
2023-08-15,net_cashflows,EUR,0.98999999999999999,JPY,score,0.062338708881179983,0.085966079717513466,0.023627370836333483,False,False
2023-08-15,net_cashflows,EUR,0.98999999999999999,CHF,var,-0.00011979945684170018,3.3745083624100655e-05,0.00015354454046580084,True,True
2023-08-15,net_cashflows,EUR,0.98999999999999999,CHF,es,-0.00012686501370880003,0.00011834990324850053,0.00024521491695730056,True,True
2023-08-15,net_cashflows,EUR,0.98999999999999999,CHF,score,-0.021444957874446224,0.008508717162672319,0.029953675037118543,True,True
2023-08-15,net_cashflows,USD,0.94999999999999996,USD,var,0.0003465046679704,0.00029373318647319974,-5.2771481497200252e-05,False,False
2023-08-15,net_cashflows,USD,0.94999999999999996,USD,es,0.00045614579835469987,0.00053057571566349996,7.4429917308800088e-05,False,False
2023-08-15,net_cashflows,USD,0.94999999999999996,USD,score,0.097911762422129733,0.091663607482495024,-0.0062481549396347091,False,False
2023-08-15,net_cashflows,USD,0.94999999999999996,GBP,var,-0.00049002854171690006,-0.00053693328671899996,-4.6904745002099898e-05,False,False
2023-08-15,net_cashflows,USD,0.94999999999999996,GBP,es,-0.00067269845675230026,-0.00061094700086640041,6.1751455885899857e-05,False,False
2023-08-15,net_cashflows,USD,0.94999999999999996,GBP,score,-0.15917506324927277,-0.16623824632078676,-0.0070631830715139898,False,False
2023-08-15,net_cashflows,USD,0.94999999999999996,JPY,var,0.0003163408028758999,0.00022701950264199982,-8.9321300233900086e-05,False,False
2023-08-15,net_cashflows,USD,0.94999999999999996,JPY,es,0.00049985655874709971,0.00049866199995709983,-1.1945587899998833e-06,False,False
2023-08-15,net_cashflows,USD,0.94999999999999996,JPY,score,0.094451952660199012,0.076782136772520104,-0.017669815887678908,False,False
2023-08-15,net_cashflows,USD,0.94999999999999996,CHF,var,9.5809030638099781e-05,4.4368758263399911e-05,-5.1440272374699871e-05,False,True
2023-08-15,net_cashflows,USD,0.94999999999999996,CHF,es,4.1398515945700008e-05,8.1425682343700193e-05,4.0027166398000184e-05,False,False
2023-08-15,net_cashflows,USD,0.94999999999999996,CHF,score,0.023076664662182722,0.014453121165544758,-0.0086235434966379643,False,False
2023-08-15,net_cashflows,USD,0.98999999999999999,USD,var,0.00037736691217760045,0.00050074422351800013,0.00012337731134039968,False,False
2023-08-15,net_cashflows,USD,0.98999999999999999,USD,es,0.00042373895558230068,0.00098333564709500009,0.00055959669151269941,False,False
2023-08-15,net_cashflows,USD,0.98999999999999999,USD,score,0.065482885719942985,0.098782731581255945,0.03329984586131296,False,False
2023-08-15,net_cashflows,USD,0.98999999999999999,GBP,var,-0.00072708225747120016,-0.0007127038611285004,1.4378396342699766e-05,False,False
2023-08-15,net_cashflows,USD,0.98999999999999999,GBP,es,-0.0012273138896912996,-0.00070933341806060039,0.00051798047163069925,False,False
2023-08-15,net_cashflows,USD,0.98999999999999999,GBP,score,-0.15351173417840691,-0.13442897281396782,0.019082761364439094,False,False
2023-08-15,net_cashflows,USD,0.98999999999999999,JPY,var,0.00031089652430880011,0.00042372910100169948,0.00011283257669289937,False,False
2023-08-15,net_cashflows,USD,0.98999999999999999,JPY,es,0.00096305931716240013,0.0011573644086775,0.00019430509151509984,False,False
2023-08-15,net_cashflows,USD,0.98999999999999999,JPY,score,0.073707710433381202,0.094593971230518825,0.020886260797137624,False,False
2023-08-15,net_cashflows,USD,0.98999999999999999,CHF,var,-1.6695781038799339e-05,5.4212234108799717e-05,7.0908015147599056e-05,True,True
2023-08-15,net_cashflows,USD,0.98999999999999999,CHF,es,-0.00013126124848789923,0.00014559093730370006,0.00027685218579159929,True,True
2023-08-15,net_cashflows,USD,0.98999999999999999,CHF,score,-0.006407829065110171,0.01229616800399036,0.018703997069100531,True,True
2024-02-15,funded_assets,EUR,0.94999999999999996,USD,var,0.00033756822900590008,0.00041452454516370009,7.6956316157800013e-05,False,False
2024-02-15,funded_assets,EUR,0.94999999999999996,USD,es,0.00063158352424980049,0.00060147755352969994,-3.0105970720100544e-05,False,False
2024-02-15,funded_assets,EUR,0.94999999999999996,USD,score,0.085197827108745017,0.098816455923643076,0.013618628814898059,False,False
2024-02-15,funded_assets,EUR,0.94999999999999996,GBP,var,-0.0001895892385361999,-2.8934127079948552e-07,0.00018929989726540041,False,True
2024-02-15,funded_assets,EUR,0.94999999999999996,GBP,es,0.00023019187538480049,0.00030672293361039965,7.6531058225599163e-05,False,False
2024-02-15,funded_assets,EUR,0.94999999999999996,GBP,score,-0.021824950883977401,0.015292398323982326,0.037117349207959727,True,True
2024-02-15,funded_assets,EUR,0.94999999999999996,JPY,var,-0.00011759758574110026,-1.6511224779299644e-05,0.00010108636096180061,False,True
2024-02-15,funded_assets,EUR,0.94999999999999996,JPY,es,-3.7783026619899428e-05,-2.1771588320100392e-05,1.6011438299799036e-05,False,False
2024-02-15,funded_assets,EUR,0.94999999999999996,JPY,score,-0.022845059976326354,-0.0040401204192539453,0.018804939557072409,False,True
2024-02-15,funded_assets,EUR,0.94999999999999996,CHF,var,0.00032689719923999997,0.00038356495974190084,5.6667760501900866e-05,False,False
2024-02-15,funded_assets,EUR,0.94999999999999996,CHF,es,0.00054785163170360026,0.00059514534562020004,4.7293713916599783e-05,False,False
2024-02-15,funded_assets,EUR,0.94999999999999996,CHF,score,0.079834489810701292,0.093477680834180177,0.013643191023478884,False,False
2024-02-15,funded_assets,EUR,0.98999999999999999,USD,var,0.00056935543900510019,0.00076848203965499979,0.0001991266006498996,False,False
2024-02-15,funded_assets,EUR,0.98999999999999999,USD,es,0.0010147070897924999,0.00084470941894100073,-0.00016999767085149921,False,False
2024-02-15,funded_assets,EUR,0.98999999999999999,USD,score,0.090547805121323321,0.11153676496248988,0.020988959841166555,False,False
2024-02-15,funded_assets,EUR,0.98999999999999999,GBP,var,8.1959363151200455e-05,0.00049345647667710033,0.00041149711352589987,False,False
2024-02-15,funded_assets,EUR,0.98999999999999999,GBP,es,0.0012481150575897014,0.0009954533244826997,-0.0002526617331070017,False,False
2024-02-15,funded_assets,EUR,0.98999999999999999,GBP,score,0.042228482061643646,0.083984529484608217,0.041756047422964571,False,False
2024-02-15,funded_assets,EUR,0.98999999999999999,JPY,var,-9.3649747447299703e-05,1.8993554839800107e-05,0.00011264330228709981,True,True
2024-02-15,funded_assets,EUR,0.98999999999999999,JPY,es,6.0243339499600063e-05,-0.00010892358006659927,-0.00016916691956619934,True,True
2024-02-15,funded_assets,EUR,0.98999999999999999,JPY,score,-0.010583421410964355,-0.00020896147288507194,0.010374459938079283,False,True
2024-02-15,funded_assets,EUR,0.98999999999999999,CHF,var,0.0003883239597185003,0.00074743627080950045,0.00035911231109100016,False,False
2024-02-15,funded_assets,EUR,0.98999999999999999,CHF,es,0.0013213109783253001,0.0010470732047758013,-0.00027423777354949885,False,False
2024-02-15,funded_assets,EUR,0.98999999999999999,CHF,score,0.07792860928307288,0.11364657305262771,0.035717963769554828,False,False
2024-02-15,funded_assets,USD,0.94999999999999996,USD,var,0.00033103814613999992,0.0004159133584791001,8.4875212339100177e-05,False,False
2024-02-15,funded_assets,USD,0.94999999999999996,USD,es,0.00063451789639880005,0.00060215980903719976,-3.2358087361600285e-05,False,False
2024-02-15,funded_assets,USD,0.94999999999999996,USD,score,0.084058645784187647,0.098570411769968835,0.014511765985781189,False,False
2024-02-15,funded_assets,USD,0.94999999999999996,GBP,var,-0.00017167148985490054,5.9511690159944758e-07,0.00017226660675649999,True,True
2024-02-15,funded_assets,USD,0.94999999999999996,GBP,es,0.00023400922836630013,0.00031397778052930005,7.9968552162999924e-05,False,False
2024-02-15,funded_assets,USD,0.94999999999999996,GBP,score,-0.018267428656314699,0.015805604668862827,0.034073033325177526,True,True
2024-02-15,funded_assets,USD,0.94999999999999996,JPY,var,-0.00010347461844919994,-1.2121403540700341e-05,9.1353214908499597e-05,False,True
2024-02-15,funded_assets,USD,0.94999999999999996,JPY,es,-4.3457180475999814e-05,-2.4047741264200326e-05,1.9409439211799488e-05,False,False
2024-02-15,funded_assets,USD,0.94999999999999996,JPY,score,-0.020448786880625569,-0.0033348837082662897,0.017113903172359279,False,True
2024-02-15,funded_assets,USD,0.94999999999999996,CHF,var,0.00034357150316059997,0.00039641092174329956,5.2839418582699589e-05,False,False
2024-02-15,funded_assets,USD,0.94999999999999996,CHF,es,0.00056080972886060013,0.00060833531928640005,4.7525590425799916e-05,False,False
2024-02-15,funded_assets,USD,0.94999999999999996,CHF,score,0.082851582417419856,0.095681443462336979,0.012829861044917124,False,False
2024-02-15,funded_assets,USD,0.98999999999999999,USD,var,0.00058770782589199957,0.00078057245539030033,0.00019286462949830076,False,False
2024-02-15,funded_assets,USD,0.98999999999999999,USD,es,0.0010348882615030999,0.00084925912942050014,-0.00018562913208259972,False,False
2024-02-15,funded_assets,USD,0.98999999999999999,USD,score,0.092488113663377725,0.11216957902395475,0.019681465360577022,False,False
2024-02-15,funded_assets,USD,0.98999999999999999,GBP,var,0.00011819239088189937,0.00050471109440820058,0.00038651870352630121,False,False
2024-02-15,funded_assets,USD,0.98999999999999999,GBP,es,0.0012760067431046001,0.0010273979125824013,-0.00024860883052219875,False,False
2024-02-15,funded_assets,USD,0.98999999999999999,GBP,score,0.046909062379921096,0.085509932550828616,0.03860087017090752,False,False
2024-02-15,funded_assets,USD,0.98999999999999999,JPY,var,-0.00010386747206300034,1.1561478312600675e-05,0.00011542895037560102,True,True
2024-02-15,funded_assets,USD,0.98999999999999999,JPY,es,6.86147949416991e-05,-0.00010728495193159868,-0.00017589974687329778,True,True
2024-02-15,funded_assets,USD,0.98999999999999999,JPY,score,-0.011544847580742257,-0.0011431913619164291,0.010401656218825828,False,True
2024-02-15,funded_assets,USD,0.98999999999999999,CHF,var,0.00047017939015099944,0.00076432615930080005,0.00029414676914980061,False,False
2024-02-15,funded_assets,USD,0.98999999999999999,CHF,es,0.0013745377771669995,0.0010828964791040011,-0.00029164129806299836,False,False
2024-02-15,funded_assets,USD,0.98999999999999999,CHF,score,0.087781136236648294,0.11553525765919304,0.027754121422544742,False,False
2024-02-15,net_cashflows,EUR,0.94999999999999996,USD,var,0.00057670110140549966,0.00045256846487739958,-0.00012413263652810008,False,False
2024-02-15,net_cashflows,EUR,0.94999999999999996,USD,es,0.00086697609811180014,0.00086117472661859963,-5.8013714932005078e-06,False,False
2024-02-15,net_cashflows,EUR,0.94999999999999996,USD,score,0.18615291322893768,0.1574472322900986,-0.028705680938839073,False,False
2024-02-15,net_cashflows,EUR,0.94999999999999996,GBP,var,0.00021751049649209979,0.00010622192889339979,-0.0001112885675987,False,True
2024-02-15,net_cashflows,EUR,0.94999999999999996,GBP,es,0.00044338746827810027,0.00035770884532839928,-8.5678622949700994e-05,False,False
2024-02-15,net_cashflows,EUR,0.94999999999999996,GBP,score,0.081880711132800599,0.049653585233815356,-0.032227125898985243,False,False
2024-02-15,net_cashflows,EUR,0.94999999999999996,JPY,var,0.00035722034695409967,0.00031070420892649999,-4.6516138027599685e-05,False,False
2024-02-15,net_cashflows,EUR,0.94999999999999996,JPY,es,0.00077389074117199981,0.00069419115249769962,-7.9699588674300194e-05,False,False
2024-02-15,net_cashflows,EUR,0.94999999999999996,JPY,score,0.13439312373642043,0.1172583610036666,-0.017134762732753828,False,False
2024-02-15,net_cashflows,EUR,0.94999999999999996,CHF,var,0.00060186095485150002,0.00052053663186399975,-8.1324322987500267e-05,False,False
2024-02-15,net_cashflows,EUR,0.94999999999999996,CHF,es,0.0010304779920764003,0.00091570454179729956,-0.00011477345027910077,False,False
2024-02-15,net_cashflows,EUR,0.94999999999999996,CHF,score,0.20091323360847735,0.1746074532164581,-0.026305780392019251,False,False
2024-02-15,net_cashflows,EUR,0.98999999999999999,USD,var,0.00099142052144979981,0.0010003968126241006,8.9762911743007656e-06,False,False
2024-02-15,net_cashflows,EUR,0.98999999999999999,USD,es,0.0011781694314112997,0.0017094071613171008,0.00053123772990580111,False,False
2024-02-15,net_cashflows,EUR,0.98999999999999999,USD,score,0.19323002447688431,0.20845409331513665,0.015224068838252336,False,False
2024-02-15,net_cashflows,EUR,0.98999999999999999,GBP,var,0.00037665622482869945,0.00044995576334430024,7.3299538515600796e-05,False,False
2024-02-15,net_cashflows,EUR,0.98999999999999999,GBP,es,0.00069846399289860001,0.00084946878453540011,0.00015100479163680011,False,False
2024-02-15,net_cashflows,EUR,0.98999999999999999,GBP,score,0.086759554055259258,0.10175134651664841,0.014991792461389153,False,False
2024-02-15,net_cashflows,EUR,0.98999999999999999,JPY,var,0.00081820727683369968,0.00078208449143369989,-3.6122785399999788e-05,False,False
2024-02-15,net_cashflows,EUR,0.98999999999999999,JPY,es,0.0015081936018989002,0.0013858637478393002,-0.00012232985405959997,False,False
2024-02-15,net_cashflows,EUR,0.98999999999999999,JPY,score,0.18001666731978272,0.16807106358020629,-0.011945603739576427,False,False
2024-02-15,net_cashflows,EUR,0.98999999999999999,CHF,var,0.0011595168157736997,0.0011822877955499,2.2770979776200358e-05,False,False
2024-02-15,net_cashflows,EUR,0.98999999999999999,CHF,es,0.0016411649622040999,0.0015809564657620007,-6.0208496442099198e-05,False,False
2024-02-15,net_cashflows,EUR,0.98999999999999999,CHF,score,0.23045414563770539,0.22854850957348738,-0.0019056360642180081,False,False
2024-02-15,net_cashflows,USD,0.94999999999999996,USD,var,0.00059021700321540025,0.00045530060930630036,-0.0001349163939090999,False,False
2024-02-15,net_cashflows,USD,0.94999999999999996,USD,es,0.00086539835175139957,0.00086395757675790039,-1.4407749934991845e-06,False,False
2024-02-15,net_cashflows,USD,0.94999999999999996,USD,score,0.18843234926554686,0.15778790681405663,-0.030644442451490228,False,False
2024-02-15,net_cashflows,USD,0.94999999999999996,GBP,var,0.00021879105413160011,0.00011326647304520012,-0.00010552458108639999,False,False
2024-02-15,net_cashflows,USD,0.94999999999999996,GBP,es,0.00044853411462260004,0.00036453997195240017,-8.3994142670199869e-05,False,False
2024-02-15,net_cashflows,USD,0.94999999999999996,GBP,score,0.082362200298904398,0.051641665482256904,-0.030720534816647493,False,False
2024-02-15,net_cashflows,USD,0.94999999999999996,JPY,var,0.00036951686217690004,0.00031712147103609995,-5.239539114080009e-05,False,False
2024-02-15,net_cashflows,USD,0.94999999999999996,JPY,es,0.00079282249089430035,0.00070965045089989992,-8.3172039994400433e-05,False,False
2024-02-15,net_cashflows,USD,0.94999999999999996,JPY,score,0.1379899749861675,0.11935716856746392,-0.018632806418703574,False,False
2024-02-15,net_cashflows,USD,0.94999999999999996,CHF,var,0.00062024446916150028,0.0005284839038788001,-9.1760565282700182e-05,False,False
2024-02-15,net_cashflows,USD,0.94999999999999996,CHF,es,0.0010538258917869997,0.00093720813880010002,-0.00011661775298689968,False,False
2024-02-15,net_cashflows,USD,0.94999999999999996,CHF,score,0.20555600770838645,0.1770609768252438,-0.028495030883142647,False,False
2024-02-15,net_cashflows,USD,0.98999999999999999,USD,var,0.0010286732415594997,0.0010010600619087002,-2.7613179650799562e-05,False,False
2024-02-15,net_cashflows,USD,0.98999999999999999,USD,es,0.0011636357040751,0.0017196694372492993,0.00055603373317419935,False,False
2024-02-15,net_cashflows,USD,0.98999999999999999,USD,score,0.19713644679903908,0.20809255248122582,0.010956105682186745,False,False
2024-02-15,net_cashflows,USD,0.98999999999999999,GBP,var,0.0004016841642007999,0.00045062509081339984,4.8940926612599939e-05,False,False
2024-02-15,net_cashflows,USD,0.98999999999999999,GBP,es,0.00070348046797250041,0.00087131863822740001,0.0001678381702548996,False,False
2024-02-15,net_cashflows,USD,0.98999999999999999,GBP,score,0.090401040632687391,0.10225804843574959,0.011857007803062203,False,False
2024-02-15,net_cashflows,USD,0.98999999999999999,JPY,var,0.00087256207350260018,0.00081106032183160016,-6.1501751671000013e-05,False,False
2024-02-15,net_cashflows,USD,0.98999999999999999,JPY,es,0.0015520534875830003,0.0014348811406884,-0.00011717234689460031,False,False
2024-02-15,net_cashflows,USD,0.98999999999999999,JPY,score,0.18821598363739156,0.17307576020382776,-0.015140223433563804,False,False
2024-02-15,net_cashflows,USD,0.98999999999999999,CHF,var,0.0012160904178141994,0.0012170959403978001,1.0055225836006279e-06,False,False
2024-02-15,net_cashflows,USD,0.98999999999999999,CHF,es,0.0016986638462335004,0.0016375802255919995,-6.1083620641500837e-05,False,False
2024-02-15,net_cashflows,USD,0.98999999999999999,CHF,score,0.23871179794085684,0.23387501913579722,-0.0048367788050596161,False,False
2025-08-15,funded_assets,EUR,0.94999999999999996,USD,var,0.0013199719519831994,0.0013761245307965997,5.6152578813400272e-05,False,False
2025-08-15,funded_assets,EUR,0.94999999999999996,USD,es,0.0021353372263146998,0.0021281580084397001,-7.1792178749996785e-06,False,False
2025-08-15,funded_assets,EUR,0.94999999999999996,USD,score,0.2998736634591479,0.30841342780541758,0.0085397643462696848,False,False
2025-08-15,funded_assets,EUR,0.94999999999999996,GBP,var,8.9160288921299666e-05,0.0001034287089895997,1.4268420068300029e-05,False,False
2025-08-15,funded_assets,EUR,0.94999999999999996,GBP,es,0.00034830523521149973,0.00037115946654530003,2.2854231333800309e-05,False,False
2025-08-15,funded_assets,EUR,0.94999999999999996,GBP,score,0.033606417938809585,0.037416217416311959,0.0038097994775023736,False,False
2025-08-15,funded_assets,EUR,0.94999999999999996,JPY,var,-0.00038820617713830044,-0.00029834871354499993,8.9857463593300511e-05,False,False
2025-08-15,funded_assets,EUR,0.94999999999999996,JPY,es,-0.00025431018769450035,-0.00024150373099799966,1.2806456696500684e-05,False,False
2025-08-15,funded_assets,EUR,0.94999999999999996,JPY,score,-0.086967343629032356,-0.06933392637619562,0.017633417252836736,False,False
2025-08-15,funded_assets,EUR,0.94999999999999996,CHF,var,-0.00026225524178280024,-0.00020492794752809997,5.7327294254700279e-05,False,False
2025-08-15,funded_assets,EUR,0.94999999999999996,CHF,es,-0.00027605862933040032,-0.00024235054094879933,3.3708088381600998e-05,False,False
2025-08-15,funded_assets,EUR,0.94999999999999996,CHF,score,-0.063886081519965998,-0.051293504301800574,0.012592577218165424,False,False
2025-08-15,funded_assets,EUR,0.98999999999999999,USD,var,0.002256461176514,0.0025723725590588,0.00031591138254479997,False,False
2025-08-15,funded_assets,EUR,0.98999999999999999,USD,es,0.0031683162469976003,0.0034495650043594988,0.00028124875736189846,False,False
2025-08-15,funded_assets,EUR,0.98999999999999999,USD,score,0.30773110880689636,0.3476689985147452,0.039937889707848839,False,False
2025-08-15,funded_assets,EUR,0.98999999999999999,GBP,var,0.00072900475997880049,0.00043112759584029974,-0.00029787716413850075,False,False
2025-08-15,funded_assets,EUR,0.98999999999999999,GBP,es,0.00071592819991969994,0.00089419316059779867,0.00017826496067809873,False,False
2025-08-15,funded_assets,EUR,0.98999999999999999,GBP,score,0.10430846357500734,0.075443782328771469,-0.028864681246235868,False,False
2025-08-15,funded_assets,EUR,0.98999999999999999,JPY,var,-0.0002509085830040992,-0.00027639327411140002,-2.5484691107300825e-05,False,False
2025-08-15,funded_assets,EUR,0.98999999999999999,JPY,es,-7.0611350575299631e-05,9.7084851649956172e-07,7.1582199091799192e-05,True,True
2025-08-15,funded_assets,EUR,0.98999999999999999,JPY,score,-0.034499372817405671,-0.035076055342229573,-0.00057668252482390159,False,False
2025-08-15,funded_assets,EUR,0.98999999999999999,CHF,var,-0.00024182718459089987,-0.00029655666539160023,-5.4729480800700357e-05,False,False
2025-08-15,funded_assets,EUR,0.98999999999999999,CHF,es,-0.00036197194473920006,-0.00025918250566760084,0.00010278943907159922,False,False
2025-08-15,funded_assets,EUR,0.98999999999999999,CHF,score,-0.039702463405506094,-0.045286102884704249,-0.0055836394791981547,False,False
2025-08-15,funded_assets,USD,0.94999999999999996,USD,var,0.0013265463734533998,0.0013762991569958999,4.9752783542500109e-05,False,False
2025-08-15,funded_assets,USD,0.94999999999999996,USD,es,0.0021618651893659004,0.0021489867339182997,-1.2878455447600662e-05,False,False
2025-08-15,funded_assets,USD,0.94999999999999996,USD,score,0.29997502583564284,0.30741342313077613,0.0074383972951332922,False,False
2025-08-15,funded_assets,USD,0.94999999999999996,GBP,var,7.118126149179959e-05,9.5821626298299954e-05,2.4640364806500364e-05,False,False
2025-08-15,funded_assets,USD,0.94999999999999996,GBP,es,0.00034032024207410021,0.00036319658576700053,2.2876343692900328e-05,False,False
2025-08-15,funded_assets,USD,0.94999999999999996,GBP,score,0.029927942231402938,0.035505492247547288,0.0055775500161443503,False,False
2025-08-15,funded_assets,USD,0.94999999999999996,JPY,var,-0.00039638685991510037,-0.00030830706451630014,8.8079795398800231e-05,False,False
2025-08-15,funded_assets,USD,0.94999999999999996,JPY,es,-0.00025819455279890019,-0.00024554300142429989,1.2651551374600299e-05,False,False
2025-08-15,funded_assets,USD,0.94999999999999996,JPY,score,-0.088030982466724694,-0.070904729599363669,0.017126252867361025,False,False
2025-08-15,funded_assets,USD,0.94999999999999996,CHF,var,-0.00027719983301800017,-0.00020829512493430015,6.8904708083700021e-05,False,False
2025-08-15,funded_assets,USD,0.94999999999999996,CHF,es,-0.0002833979823121998,-0.00025242131819229983,3.0976664119899966e-05,False,False
2025-08-15,funded_assets,USD,0.94999999999999996,CHF,score,-0.066657276353869754,-0.052090252462430264,0.01456702389143949,False,False
2025-08-15,funded_assets,USD,0.98999999999999999,USD,var,0.0023833026270972,0.0025929394362576999,0.00020963680916049991,False,False
2025-08-15,funded_assets,USD,0.98999999999999999,USD,es,0.0032334078826868002,0.0034995306686147996,0.00026612278592799948,False,False
2025-08-15,funded_assets,USD,0.98999999999999999,USD,score,0.31974701642589576,0.34719169013012063,0.027444673704224876,False,False
2025-08-15,funded_assets,USD,0.98999999999999999,GBP,var,0.00076831817101699965,0.00042286122049759942,-0.00034545695051940023,False,False
2025-08-15,funded_assets,USD,0.98999999999999999,GBP,es,0.00069166373694880007,0.00088417917773180033,0.00019251544078300025,False,False
2025-08-15,funded_assets,USD,0.98999999999999999,GBP,score,0.10804740567172733,0.073526183146628732,-0.034521222525098594,False,False
2025-08-15,funded_assets,USD,0.98999999999999999,JPY,var,-0.00024903105460460061,-0.0002671647756677005,-1.8133721063099892e-05,False,False
2025-08-15,funded_assets,USD,0.98999999999999999,JPY,es,-7.9757399358900728e-05,5.5819936094006484e-06,8.5339392968301377e-05,True,True
2025-08-15,funded_assets,USD,0.98999999999999999,JPY,score,-0.034120125811658575,-0.033276146024960873,0.00084397978669770168,False,False
2025-08-15,funded_assets,USD,0.98999999999999999,CHF,var,-0.00016504528587640063,-0.00030849521417770052,-0.0001434499283012999,False,False
2025-08-15,funded_assets,USD,0.98999999999999999,CHF,es,-0.00036648389317150021,-0.00027580445308710011,9.0679440084400105e-05,False,False
2025-08-15,funded_assets,USD,0.98999999999999999,CHF,score,-0.029333290244723642,-0.046746537454679604,-0.017413247209955962,False,False
2025-08-15,net_cashflows,EUR,0.94999999999999996,USD,var,0.00065955032431249967,0.00053750563865770026,-0.0001220446856547994,False,False
2025-08-15,net_cashflows,EUR,0.94999999999999996,USD,es,0.0011263455626462993,0.0011912126294825994,6.4867066836300086e-05,False,False
2025-08-15,net_cashflows,EUR,0.94999999999999996,USD,score,0.19876206382843176,0.17839855724411091,-0.020363506584320845,False,False
2025-08-15,net_cashflows,EUR,0.94999999999999996,GBP,var,-0.00022835070644609996,-0.00017218071953130007,5.6169986914799894e-05,False,False
2025-08-15,net_cashflows,EUR,0.94999999999999996,GBP,es,-0.00021815843461070027,-0.00012257348653610042,9.558494807459985e-05,False,False
2025-08-15,net_cashflows,EUR,0.94999999999999996,GBP,score,-0.066334667635506328,-0.046305076197265649,0.020029591438240679,False,False
2025-08-15,net_cashflows,EUR,0.94999999999999996,JPY,var,0.00078999954750329964,0.00062963999892640034,-0.00016035954857689929,False,False
2025-08-15,net_cashflows,EUR,0.94999999999999996,JPY,es,0.0013944770022169001,0.0013099920507925996,-8.4484951424300576e-05,False,False
2025-08-15,net_cashflows,EUR,0.94999999999999996,JPY,score,0.23640089708452638,0.20121894240040206,-0.035181954684124328,False,False
2025-08-15,net_cashflows,EUR,0.94999999999999996,CHF,var,0.00017815256601450002,0.00013506296198860035,-4.3089604025899671e-05,False,False
2025-08-15,net_cashflows,EUR,0.94999999999999996,CHF,es,0.00038620298250129949,0.00041477880570929982,2.8575823208000332e-05,False,False
2025-08-15,net_cashflows,EUR,0.94999999999999996,CHF,score,0.063051284725927914,0.055032114713444713,-0.008019170012483201,False,False
2025-08-15,net_cashflows,EUR,0.98999999999999999,USD,var,0.0014309444699983995,0.0015587928166046006,0.00012784834660620106,False,False
2025-08-15,net_cashflows,EUR,0.98999999999999999,USD,es,0.0019954006242252006,0.0024452156687129996,0.00044981504448779897,False,False
2025-08-15,net_cashflows,EUR,0.98999999999999999,USD,score,0.23795953516993151,0.26596309197939316,0.028003556809461649,False,False
2025-08-15,net_cashflows,EUR,0.98999999999999999,GBP,var,5.3876955772899637e-05,-0.00010839405303839957,-0.0001622710088112992,True,True
2025-08-15,net_cashflows,EUR,0.98999999999999999,GBP,es,-0.00020687892517459987,5.9906788260399857e-05,0.00026678571343499973,True,True
2025-08-15,net_cashflows,EUR,0.98999999999999999,GBP,score,0.00060183697967275407,-0.013974596006289808,-0.014576432985962562,True,True
2025-08-15,net_cashflows,EUR,0.98999999999999999,JPY,var,0.0021150296596486994,0.0018555163130548006,-0.00025951334659389882,False,False
2025-08-15,net_cashflows,EUR,0.98999999999999999,JPY,es,0.0020023631161044993,0.0024859251357748991,0.00048356201967039974,False,False
2025-08-15,net_cashflows,EUR,0.98999999999999999,JPY,score,0.31235597369355972,0.29903011818516578,-0.013325855508393936,False,False
2025-08-15,net_cashflows,EUR,0.98999999999999999,CHF,var,0.00064386772986929977,0.00060525339882900025,-3.8614331040299522e-05,False,False
2025-08-15,net_cashflows,EUR,0.98999999999999999,CHF,es,0.0005384876221328997,0.00097847352731859991,0.00043998590518570021,False,False
2025-08-15,net_cashflows,EUR,0.98999999999999999,CHF,score,0.10321747642703016,0.1124490360586643,0.0092315596316341342,False,False
2025-08-15,net_cashflows,USD,0.94999999999999996,USD,var,0.00063752929658849981,0.00054770618355389974,-8.9823113034600069e-05,False,False
2025-08-15,net_cashflows,USD,0.94999999999999996,USD,es,0.0011277975223944999,0.0011897772093107002,6.1979686916200337e-05,False,False
2025-08-15,net_cashflows,USD,0.94999999999999996,USD,score,0.1939474860749808,0.17917798411774655,-0.014769501957234255,False,False
2025-08-15,net_cashflows,USD,0.94999999999999996,GBP,var,-0.00023607629857149998,-0.0001801195317672,5.5956766804299979e-05,False,False
2025-08-15,net_cashflows,USD,0.94999999999999996,GBP,es,-0.0002329519317524004,-0.00013713586171969997,9.5816070032700429e-05,False,False
2025-08-15,net_cashflows,USD,0.94999999999999996,GBP,score,-0.068732125408244471,-0.048760622497551864,0.019971502910692607,False,False
2025-08-15,net_cashflows,USD,0.94999999999999996,JPY,var,0.00079661326969949998,0.00063696629834769994,-0.00015964697135180004,False,False
2025-08-15,net_cashflows,USD,0.94999999999999996,JPY,es,0.0014227952616946999,0.0013379544842678998,-8.4840777426800108e-05,False,False
2025-08-15,net_cashflows,USD,0.94999999999999996,JPY,score,0.23783183847941114,0.20306920220255531,-0.034762636276855829,False,False
2025-08-15,net_cashflows,USD,0.94999999999999996,CHF,var,0.00016713272562400008,0.00013803048957339997,-2.9102236050600108e-05,False,False
2025-08-15,net_cashflows,USD,0.94999999999999996,CHF,es,0.00038960350683289995,0.00042036292303960013,3.0759416206700176e-05,False,False
2025-08-15,net_cashflows,USD,0.94999999999999996,CHF,score,0.060743414102123694,0.055728529853134923,-0.0050148842489887713,False,False
2025-08-15,net_cashflows,USD,0.98999999999999999,USD,var,0.0013715664332179002,0.0015360954182553994,0.00016452898503749921,False,False
2025-08-15,net_cashflows,USD,0.98999999999999999,USD,es,0.0019990807100544001,0.0024375225674842993,0.00043844185742989913,False,False
2025-08-15,net_cashflows,USD,0.98999999999999999,USD,score,0.22830363477458171,0.26077569693089053,0.032472062156308823,False,False
2025-08-15,net_cashflows,USD,0.98999999999999999,GBP,var,-1.7505169757300355e-05,-0.0001461582004925006,-0.00012865303073520025,False,False
2025-08-15,net_cashflows,USD,0.98999999999999999,GBP,es,-0.00023645582357210027,2.7749418453899659e-05,0.00026420524202599993,True,True
2025-08-15,net_cashflows,USD,0.98999999999999999,GBP,score,-0.010343262332702885,-0.02029998714654635,-0.009956724813843465,False,False
2025-08-15,net_cashflows,USD,0.98999999999999999,JPY,var,0.0021221178796784999,0.0018525645555343999,-0.00026955332414410008,False,False
2025-08-15,net_cashflows,USD,0.98999999999999999,JPY,es,0.0020548366383744002,0.0025573869139650001,0.00050255027559059987,False,False
2025-08-15,net_cashflows,USD,0.98999999999999999,JPY,score,0.3100032671321582,0.29754985509570719,-0.012453412036451006,False,False
2025-08-15,net_cashflows,USD,0.98999999999999999,CHF,var,0.00061276319381349965,0.00059246391865259984,-2.0299275160899806e-05,False,False
2025-08-15,net_cashflows,USD,0.98999999999999999,CHF,es,0.00054136556125989905,0.00099654497835119978,0.00045517941709130073,False,False
2025-08-15,net_cashflows,USD,0.98999999999999999,CHF,score,0.097846536378035864,0.11020734636938467,0.012360809991348809,False,False
