origin_date,requested_origin,year,book,report,tau,model,train_reference,power,scenario_n,actual_loss,var,es,score,minimum_scenario_loss,maximum_scenario_loss,maximum_loss_to_var,maximum_single_scenario_ES_share,max_abs_cash_identity_residual,max_relative_cash_identity_residual,maximum_abs_log_increment_or_level,maximum_price_multiplier
2021-08-16,2021-08-16,2021,funded_assets,EUR,0.94999999999999996,FHS250,EUR,0,249,-0.00084859585643670004,0.0031364010952083243,0.0041929410666962453,-5.7263335055842113,-0.005875336841127371,0.006189932069923465,1.9735779583103101,0.11857626684478532,1.5212711732687234e-18,1.5212711732687234e-18,0.018461703813322423,1.017407659930353
2021-08-16,2021-08-16,2021,funded_assets,EUR,0.98999999999999999,FHS250,EUR,0,249,-0.00084859585643670004,0.0056733135738741003,0.0059055362509112946,-5.1711878976723469,-0.005875336841127371,0.006189932069923465,1.0910611566454602,0.42094678422498172,1.5212711732687234e-18,1.5212711732687234e-18,0.018461703813322423,1.017407659930353
2021-08-16,2021-08-16,2021,funded_assets,USD,0.94999999999999996,FHS250,EUR,0,249,-0.00084436155779899998,0.0031542492044443326,0.004209901878137863,-5.7210706363275241,-0.0058349418867402053,0.0062429383338483265,1.9792153153441507,0.11910986159368077,1.5212711732687234e-18,1.5212711732687234e-18,0.018461703813322423,1.017407659930353
2021-08-16,2021-08-16,2021,funded_assets,USD,0.98999999999999999,FHS250,EUR,0,249,-0.00084436155779899998,0.0057226142328494836,0.0059401688710458214,-5.1626420352984788,-0.0058349418867402053,0.0062429383338483265,1.0909241964995702,0.42207624136087418,1.5212711732687234e-18,1.5212711732687234e-18,0.018461703813322423,1.017407659930353
2021-08-16,2021-08-16,2021,net_cashflows,EUR,0.94999999999999996,FHS250,EUR,0,249,-0.0021423462130507002,0.0019413847224026503,0.0027113415218615131,-6.1942880644170879,-0.0061812468395765711,0.004605815008352377,2.3724380619685923,0.13644351978815292,1.5212711732687234e-18,1.5212711732687234e-18,0.018461703813322423,1.017407659930353
2021-08-16,2021-08-16,2021,net_cashflows,EUR,0.98999999999999999,FHS250,EUR,0,249,-0.0021423462130507002,0.0036826000595424624,0.0041160033803326864,-5.5981697643435737,-0.0061812468395765711,0.004605815008352377,1.2506965008099786,0.44939829539286025,1.5212711732687234e-18,1.5212711732687234e-18,0.018461703813322423,1.017407659930353
2021-08-16,2021-08-16,2021,net_cashflows,USD,0.94999999999999996,FHS250,EUR,0,249,-0.0021394747443146001,0.0019496292111878851,0.0027212327192222968,-6.1902195499423387,-0.0061907871788081598,0.0046060490547594922,2.3625256681259321,0.13595448007272462,1.5212711732687234e-18,1.5212711732687234e-18,0.018461703813322423,1.017407659930353
2021-08-16,2021-08-16,2021,net_cashflows,USD,0.98999999999999999,FHS250,EUR,0,249,-0.0021394747443146001,0.0036934483926135044,0.0041334005384180634,-5.5950931405402775,-0.0061907871788081598,0.0046060490547594922,1.2470863445584051,0.44752955352392088,1.5212711732687234e-18,1.5212711732687234e-18,0.018461703813322423,1.017407659930353
2021-08-16,2021-08-16,2021,funded_assets,EUR,0.94999999999999996,FHS500,EUR,0,499,-0.00084859585643670004,0.0040257287478387138,0.0054851527379493658,-5.4717784068769673,-0.005875336841127371,0.0093660777392394756,2.32655460064661,0.068438184914546049,3.6049722235143022e-18,3.6049722235143022e-18,0.028053665770389428,1.0284508755490187
2021-08-16,2021-08-16,2021,funded_assets,EUR,0.98999999999999999,FHS500,EUR,0,499,-0.00084859585643670004,0.006189932069923465,0.0079067687658291187,-5.0571711387266447,-0.005875336841127371,0.0093660777392394756,1.5131147859842802,0.23738767914059691,3.6049722235143022e-18,3.6049722235143022e-18,0.028053665770389428,1.0284508755490187
2021-08-16,2021-08-16,2021,funded_assets,USD,0.94999999999999996,FHS500,EUR,0,499,-0.00084436155779899998,0.0040179401636631449,0.0055149388199512072,-5.4717390104382586,-0.0058812957914443466,0.0094740918867606203,2.357947480761664,0.068853551074789923,3.6049722235143022e-18,3.6049722235143022e-18,0.028053665770389428,1.0284508755490187
2021-08-16,2021-08-16,2021,funded_assets,USD,0.98999999999999999,FHS500,EUR,0,499,-0.00084436155779899998,0.0062429383338483265,0.0079735450728021916,-5.048669659337655,-0.0058812957914443466,0.0094740918867606203,1.5175693527827172,0.23811436333952002,3.6049722235143022e-18,3.6049722235143022e-18,0.028053665770389428,1.0284508755490187
2021-08-16,2021-08-16,2021,net_cashflows,EUR,0.94999999999999996,FHS500,EUR,0,499,-0.0021423462130507002,0.0022144501195365484,0.0035279258373938113,-6.0193533620930806,-0.0085264888716100936,0.0078844478368537575,3.5604540230076873,0.089573859515787918,3.6049722235143022e-18,3.6049722235143022e-18,0.028053665770389428,1.0284508755490187
2021-08-16,2021-08-16,2021,net_cashflows,EUR,0.98999999999999999,FHS500,EUR,0,499,-0.0021423462130507002,0.004436055761897895,0.0061937686437764754,-5.3679988500596467,-0.0085264888716100936,0.0078844478368537575,1.7773554391661939,0.25510311372249894,3.6049722235143022e-18,3.6049722235143022e-18,0.028053665770389428,1.0284508755490187
2021-08-16,2021-08-16,2021,net_cashflows,USD,0.94999999999999996,FHS500,EUR,0,499,-0.0021394747443146001,0.0022272303358573291,0.0035526964103860552,-6.0131357574841919,-0.0084332944988428429,0.0081017628096932692,3.6375953933721243,0.091400985275020802,3.6049722235143022e-18,3.6049722235143022e-18,0.028053665770389428,1.0284508755490187
2021-08-16,2021-08-16,2021,net_cashflows,USD,0.98999999999999999,FHS500,EUR,0,499,-0.0021394747443146001,0.0045401845090702461,0.0062733792630085732,-5.3477178057172123,-0.0084332944988428429,0.0081017628096932692,1.7844567315508451,0.25880784396939732,3.6049722235143022e-18,3.6049722235143022e-18,0.028053665770389428,1.0284508755490187
2021-08-16,2021-08-16,2021,funded_assets,EUR,0.94999999999999996,FHS1250,EUR,0,1249,-0.00084859585643670004,0.0039765975776855922,0.0053596114674538198,-5.4869074782961906,-0.010156899775680517,0.014400969657000828,3.6214299726507138,0.043025505842715459,3.6049722235143022e-18,3.6049722235143022e-18,0.028053665770389428,1.0284508755490187
2021-08-16,2021-08-16,2021,funded_assets,EUR,0.98999999999999999,FHS1250,EUR,0,1249,-0.00084859585643670004,0.0061396940695929991,0.0076945428114164743,-5.0693155485759647,-0.010156899775680517,0.014400969657000828,2.3455516665434555,0.14984645622185341,3.6049722235143022e-18,3.6049722235143022e-18,0.028053665770389428,1.0284508755490187
2021-08-16,2021-08-16,2021,funded_assets,USD,0.94999999999999996,FHS1250,EUR,0,1249,-0.00084436155779899998,0.0039731618100575516,0.005387741056119371,-5.486184246718075,-0.010050340815453682,0.014477310719926584,3.6437757665139943,0.043027760066362546,3.6049722235143022e-18,3.6049722235143022e-18,0.028053665770389428,1.0284508755490187
2021-08-16,2021-08-16,2021,funded_assets,USD,0.98999999999999999,FHS1250,EUR,0,1249,-0.00084436155779899998,0.0061725511541728274,0.0077473874367086672,-5.0636728034099541,-0.010050340815453682,0.014477310719926584,2.3454338989381225,0.14961329309798946,3.6049722235143022e-18,3.6049722235143022e-18,0.028053665770389428,1.0284508755490187
2021-08-16,2021-08-16,2021,net_cashflows,EUR,0.94999999999999996,FHS1250,EUR,0,1249,-0.0021423462130507002,0.0024661057815153816,0.0035711233598040093,-5.9443064317707401,-0.0085264888716100936,0.0081662011029889122,3.3113750286781758,0.036617001300668507,3.6049722235143022e-18,3.6049722235143022e-18,0.028053665770389428,1.0284508755490187
2021-08-16,2021-08-16,2021,net_cashflows,EUR,0.98999999999999999,FHS1250,EUR,0,1249,-0.0021423462130507002,0.0041090543073659443,0.0054145905269194581,-5.4597725071180285,-0.0085264888716100936,0.0081662011029889122,1.9873675284237722,0.12075135512157281,3.6049722235143022e-18,3.6049722235143022e-18,0.028053665770389428,1.0284508755490187
2021-08-16,2021-08-16,2021,net_cashflows,USD,0.94999999999999996,FHS1250,EUR,0,1249,-0.0021394747443146001,0.0024800995499640573,0.003587949988557871,-5.9389440283210444,-0.0084332944988428429,0.0081272460187582184,3.276983788362851,0.036271422052655329,3.6049722235143022e-18,3.6049722235143022e-18,0.028053665770389428,1.0284508755490187
2021-08-16,2021-08-16,2021,net_cashflows,USD,0.98999999999999999,FHS1250,EUR,0,1249,-0.0021394747443146001,0.0041152809368005458,0.0054519683215031216,-5.4569537684627933,-0.0084332944988428429,0.0081272460187582184,1.9748945803629152,0.11935143480705557,3.6049722235143022e-18,3.6049722235143022e-18,0.028053665770389428,1.0284508755490187
2021-08-16,2021-08-16,2021,funded_assets,EUR,0.94999999999999996,TCOP1250,EUR,12,4096,-0.00084859585643670004,0.0038178586338853959,0.0052059963665570816,-5.5245862566864963,-0.013508243141252929,0.012740881027951623,3.337179882688678,0.011949937872399563,2.4979001614529317e-18,2.4979001614529317e-18,0.028295928147304857,1.028700060685543
2021-08-16,2021-08-16,2021,funded_assets,EUR,0.98999999999999999,TCOP1250,EUR,12,4096,-0.00084859585643670004,0.0060548835013869984,0.0074058585266812242,-5.0879036713887515,-0.013508243141252929,0.012740881027951623,2.104232232549653,0.042001432325614277,2.4979001614529317e-18,2.4979001614529317e-18,0.028295928147304857,1.028700060685543
2021-08-16,2021-08-16,2021,funded_assets,USD,0.94999999999999996,TCOP1250,EUR,12,4096,-0.00084436155779899998,0.0038199934778115107,0.0052358189840569563,-5.5226434725893219,-0.013262574165171053,0.012927695312798209,3.3842192108151283,0.012056091408380092,2.4979001614529317e-18,2.4979001614529317e-18,0.028295928147304857,1.028700060685543
2021-08-16,2021-08-16,2021,funded_assets,USD,0.98999999999999999,TCOP1250,EUR,12,4096,-0.00084436155779899998,0.006132245630050495,0.0074537936160941967,-5.0763308750818688,-0.013262574165171053,0.012927695312798209,2.1081502752347769,0.042343211739339318,2.4979001614529317e-18,2.4979001614529317e-18,0.028295928147304857,1.028700060685543
2021-08-16,2021-08-16,2021,net_cashflows,EUR,0.94999999999999996,TCOP1250,EUR,12,4096,-0.0021423462130507002,0.0025573450201448415,0.0033607840400773875,-5.9346439586874116,-0.0074982870394382124,0.0070313700844403144,2.7494804295284632,0.010215729821080863,2.4979001614529317e-18,2.4979001614529317e-18,0.028295928147304857,1.028700060685543
2021-08-16,2021-08-16,2021,net_cashflows,EUR,0.98999999999999999,TCOP1250,EUR,12,4096,-0.0021423462130507002,0.0038230031370922839,0.0045875626691925832,-5.5510656065144,-0.0074982870394382124,0.0070313700844403144,1.8392268675427412,0.037419501613559232,2.4979001614529317e-18,2.4979001614529317e-18,0.028295928147304857,1.028700060685543
2021-08-16,2021-08-16,2021,net_cashflows,USD,0.94999999999999996,TCOP1250,EUR,12,4096,-0.0021394747443146001,0.0025613801416878661,0.0033715528866279472,-5.9326784582337337,-0.0074767114333032982,0.0071168631840464692,2.778526727921256,0.010306914850328013,2.4979001614529317e-18,2.4979001614529317e-18,0.028295928147304857,1.028700060685543
2021-08-16,2021-08-16,2021,net_cashflows,USD,0.98999999999999999,TCOP1250,EUR,12,4096,-0.0021394747443146001,0.0038555715274922993,0.0046123141404178381,-5.5430956154677142,-0.0074767114333032982,0.0071168631840464692,1.8458646489371047,0.03767122908144302,2.4979001614529317e-18,2.4979001614529317e-18,0.028295928147304857,1.028700060685543
2021-08-16,2021-08-16,2021,funded_assets,EUR,0.94999999999999996,TCOP1250,EUR,14,16384,-0.00084859585643670004,0.0038674559709168388,0.0052576501342208384,-5.5124846877051503,-0.013508243141252929,0.016524848834299111,4.2727955944593843,0.0038366825667776982,2.8358663074073975e-18,2.8358663074073975e-18,0.0477021477354935,1.0323186264697888
2021-08-16,2021-08-16,2021,funded_assets,EUR,0.98999999999999999,TCOP1250,EUR,14,16384,-0.00084859585643670004,0.0060104413791421396,0.0075361353189153796,-5.0904962293272753,-0.013508243141252929,0.016524848834299111,2.7493569593149707,0.013383474260043349,2.8358663074073975e-18,2.8358663074073975e-18,0.0477021477354935,1.0323186264697888
2021-08-16,2021-08-16,2021,funded_assets,USD,0.94999999999999996,TCOP1250,EUR,14,16384,-0.00084436155779899998,0.0038793024386330434,0.0052881219690818961,-5.5087041833801305,-0.013262574165171053,0.016966957690000162,4.37371356278652,0.0039166302129604313,2.8358663074073975e-18,2.8358663074073975e-18,0.0477021477354935,1.0323186264697888
2021-08-16,2021-08-16,2021,funded_assets,USD,0.98999999999999999,TCOP1250,EUR,14,16384,-0.00084436155779899998,0.0060567750243059795,0.007593207452762759,-5.0828441945026688,-0.013262574165171053,0.016966957690000162,2.801318791256298,0.013638253928114475,2.8358663074073975e-18,2.8358663074073975e-18,0.0477021477354935,1.0323186264697888
2021-08-16,2021-08-16,2021,net_cashflows,EUR,0.94999999999999996,TCOP1250,EUR,14,16384,-0.0021423462130507002,0.0025616988165800825,0.0034096994647437049,-5.9298335860803091,-0.0097110383554836373,0.0097571498331994189,3.8088590938357862,0.0034931475385544062,2.8358663074073975e-18,2.8358663074073975e-18,0.0477021477354935,1.0323186264697888
2021-08-16,2021-08-16,2021,net_cashflows,EUR,0.98999999999999999,TCOP1250,EUR,14,16384,-0.0021423462130507002,0.0038937697661358683,0.0048148893237437308,-5.5273487058445765,-0.0097110383554836373,0.0097571498331994189,2.5058363537714508,0.012368491248329347,2.8358663074073975e-18,2.8358663074073975e-18,0.0477021477354935,1.0323186264697888
2021-08-16,2021-08-16,2021,net_cashflows,USD,0.94999999999999996,TCOP1250,EUR,14,16384,-0.0021394747443146001,0.0025683705696185723,0.0034198808112932215,-5.927137859208643,-0.0096748705817389126,0.0096390592959755619,3.752986196772631,0.0034405964575730946,2.8358663074073975e-18,2.8358663074073975e-18,0.0477021477354935,1.0323186264697888
2021-08-16,2021-08-16,2021,net_cashflows,USD,0.98999999999999999,TCOP1250,EUR,14,16384,-0.0021394747443146001,0.0038996001954897633,0.0048342668975156211,-5.5253677590892698,-0.0096748705817389126,0.0096390592959755619,2.4718070604068583,0.012169818148336561,2.8358663074073975e-18,2.8358663074073975e-18,0.0477021477354935,1.0323186264697888
2021-08-16,2021-08-16,2021,funded_assets,EUR,0.94999999999999996,TCOP1250,EUR,16,65536,-0.00084859585643670004,0.003882298271237733,0.0052203935684614153,-5.5115032532997317,-0.014631916599603445,0.016524848834299111,4.2564603953087685,0.00096601598843277939,2.8617008122986537e-18,2.8617008122986537e-18,0.0477021477354935,1.0396727677184545
2021-08-16,2021-08-16,2021,funded_assets,EUR,0.98999999999999999,TCOP1250,EUR,16,65536,-0.00084859585643670004,0.0060098151163868463,0.0073565224753204348,-5.0952309864118135,-0.014631916599603445,0.016524848834299111,2.7496434606184681,0.0034275594684604811,2.8617008122986537e-18,2.8617008122986537e-18,0.0477021477354935,1.0396727677184545
2021-08-16,2021-08-16,2021,funded_assets,USD,0.94999999999999996,TCOP1250,EUR,16,65536,-0.00084436155779899998,0.003896482807269373,0.0052491549661186302,-5.5073814919653286,-0.014173073535013332,0.016966957690000162,4.3544289887141794,0.00098642631088298287,2.8617008122986537e-18,2.8617008122986537e-18,0.0477021477354935,1.0396727677184545
2021-08-16,2021-08-16,2021,funded_assets,USD,0.98999999999999999,TCOP1250,EUR,16,65536,-0.00084436155779899998,0.0060436632113951725,0.0074080017325896435,-5.0893654713672536,-0.014173073535013332,0.016966957690000162,2.8073962920384772,0.0034948051818769151,2.8617008122986537e-18,2.8617008122986537e-18,0.0477021477354935,1.0396727677184545
2021-08-16,2021-08-16,2021,net_cashflows,EUR,0.94999999999999996,TCOP1250,EUR,16,65536,-0.0021423462130507002,0.0025486141885062929,0.0034179106364921985,-5.9330614675438005,-0.010681029051359859,0.010118535725841404,3.9702108586987568,0.00090345605068505475,2.8617008122986537e-18,2.8617008122986537e-18,0.0477021477354935,1.0396727677184545
2021-08-16,2021-08-16,2021,net_cashflows,EUR,0.98999999999999999,TCOP1250,EUR,16,65536,-0.0021423462130507002,0.0039229446749492695,0.0048919072385017462,-5.5182476219966956,-0.010681029051359859,0.010118535725841404,2.5793215465044135,0.0031561637360333823,2.8617008122986537e-18,2.8617008122986537e-18,0.0477021477354935,1.0396727677184545
2021-08-16,2021-08-16,2021,net_cashflows,USD,0.94999999999999996,TCOP1250,EUR,16,65536,-0.0021394747443146001,0.0025554787200045889,0.0034284637381052255,-5.9302716359951981,-0.010474901661472158,0.010163195042344735,3.9770219813556049,0.00090465036936858119,2.8617008122986537e-18,2.8617008122986537e-18,0.0477021477354935,1.0396727677184545
2021-08-16,2021-08-16,2021,net_cashflows,USD,0.98999999999999999,TCOP1250,EUR,16,65536,-0.0021394747443146001,0.0039356053012184746,0.0049141990081606685,-5.5147624613608155,-0.010474901661472158,0.010163195042344735,2.5823715196232153,0.003155713659431712,2.8617008122986537e-18,2.8617008122986537e-18,0.0477021477354935,1.0396727677184545
2021-08-16,2021-08-16,2021,funded_assets,EUR,0.94999999999999996,FHS250,USD,0,249,-0.00084859585643670004,0.0028673570489250177,0.0037468867136638013,-5.821566117639505,-0.0050180342323119242,0.0058382548800057499,2.0361101810444331,0.12515353966538334,1.3645700780266778e-18,1.3645700780266778e-18,0.018435364845106009,1.017407659727483
2021-08-16,2021-08-16,2021,funded_assets,EUR,0.98999999999999999,FHS250,USD,0,249,-0.00084859585643670004,0.0045528163482997652,0.0052625534741121147,-5.3820044605260007,-0.0050180342323119242,0.0058382548800057499,1.2823392013574253,0.44554049402732027,1.3645700780266778e-18,1.3645700780266778e-18,0.018435364845106009,1.017407659727483
2021-08-16,2021-08-16,2021,funded_assets,USD,0.94999999999999996,FHS250,USD,0,249,-0.00084436155779899998,0.0029032643216724656,0.0037605956137023566,-5.8111554542819226,-0.0049807745253184115,0.0058473675487072376,2.0140665474574431,0.12489193852433116,1.3645700780266778e-18,1.3645700780266778e-18,0.018435364845106009,1.017407659727483
2021-08-16,2021-08-16,2021,funded_assets,USD,0.98999999999999999,FHS250,USD,0,249,-0.00084436155779899998,0.0045796761604038764,0.0052896056909286834,-5.3762237581353647,-0.0049807745253184115,0.0058473675487072376,1.2768080850921051,0.4439537686210081,1.3645700780266778e-18,1.3645700780266778e-18,0.018435364845106009,1.017407659727483
2021-08-16,2021-08-16,2021,net_cashflows,EUR,0.94999999999999996,FHS250,USD,0,249,-0.0021423462130507002,0.002155672937618181,0.002964111244852794,-6.0939202690180325,-0.0064614629499098577,0.0044344042236065693,2.0570858158595131,0.1201631843917198,1.3645700780266778e-18,1.3645700780266778e-18,0.018435364845106009,1.017407659727483
2021-08-16,2021-08-16,2021,net_cashflows,EUR,0.98999999999999999,FHS250,USD,0,249,-0.0021423462130507002,0.0036089841312572759,0.0042124524208911034,-5.6129684634480421,-0.0064614629499098577,0.0044344042236065693,1.2287125856831458,0.42276684753328397,1.3645700780266778e-18,1.3645700780266778e-18,0.018435364845106009,1.017407659727483
2021-08-16,2021-08-16,2021,net_cashflows,USD,0.94999999999999996,FHS250,USD,0,249,-0.0021394747443146001,0.0021712345966835274,0.0029808312225396592,-6.087154045035966,-0.0064713898580115899,0.0044796873191344701,2.0631982034447178,0.12070936448196476,1.3645700780266778e-18,1.3645700780266778e-18,0.018435364845106009,1.017407659727483
2021-08-16,2021-08-16,2021,net_cashflows,USD,0.98999999999999999,FHS250,USD,0,249,-0.0021394747443146001,0.0036196865387071019,0.0042328135595159893,-5.6097393024370028,-0.0064713898580115899,0.0044796873191344701,1.2375898496267435,0.42502963742856664,1.3645700780266778e-18,1.3645700780266778e-18,0.018435364845106009,1.017407659727483
2021-08-16,2021-08-16,2021,funded_assets,EUR,0.94999999999999996,FHS500,USD,0,499,-0.00084859585643670004,0.0033394904016199323,0.0047260451691986984,-5.6480523902284832,-0.0050180342323119242,0.0095837435887568545,2.8698221693070107,0.08127683205668973,1.3645700780266778e-18,1.3645700780266778e-18,0.028187385496310152,1.0285884089134769
2021-08-16,2021-08-16,2021,funded_assets,EUR,0.98999999999999999,FHS500,USD,0,499,-0.00084859585643670004,0.0058382548800057499,0.0068571082302490366,-5.131052997451949,-0.0050180342323119242,0.0095837435887568545,1.6415425132565324,0.28008744109857953,1.3645700780266778e-18,1.3645700780266778e-18,0.028187385496310152,1.0285884089134769
2021-08-16,2021-08-16,2021,funded_assets,USD,0.94999999999999996,FHS500,USD,0,499,-0.00084436155779899998,0.0033513588567774381,0.0047512292606793046,-5.6439852127489569,-0.0049807745253184115,0.0097000897087281494,2.894375124618989,0.081827487018557535,1.3645700780266778e-18,1.3645700780266778e-18,0.028187385496310152,1.0285884089134769
2021-08-16,2021-08-16,2021,funded_assets,USD,0.98999999999999999,FHS500,USD,0,499,-0.00084436155779899998,0.0058473675487072376,0.0069192743041452233,-5.1283604502910052,-0.0049807745253184115,0.0097000897087281494,1.6588814757972052,0.28094069808557387,1.3645700780266778e-18,1.3645700780266778e-18,0.028187385496310152,1.0285884089134769
2021-08-16,2021-08-16,2021,net_cashflows,EUR,0.94999999999999996,FHS500,USD,0,499,-0.0021423462130507002,0.0022969923846269617,0.0035894651176238469,-5.9898259880171159,-0.0068524368882688421,0.0074724296591652251,3.2531364532054248,0.083437550974814104,1.3645700780266778e-18,1.3645700780266778e-18,0.028187385496310152,1.0285884089134769
2021-08-16,2021-08-16,2021,net_cashflows,EUR,0.98999999999999999,FHS500,USD,0,499,-0.0021423462130507002,0.0044344042236065693,0.0057730108856137094,-5.3864347440295006,-0.0068524368882688421,0.0074724296591652251,1.6851034056358043,0.2593933951089531,1.3645700780266778e-18,1.3645700780266778e-18,0.028187385496310152,1.0285884089134769
2021-08-16,2021-08-16,2021,net_cashflows,USD,0.94999999999999996,FHS500,USD,0,499,-0.0021394747443146001,0.0023114193322851455,0.0036229462733590265,-5.9824733245518447,-0.0068862579050526325,0.0076013688247585278,3.2886152324613307,0.084092906205361917,1.3645700780266778e-18,1.3645700780266778e-18,0.028187385496310152,1.0285884089134769
2021-08-16,2021-08-16,2021,net_cashflows,USD,0.98999999999999999,FHS500,USD,0,499,-0.0021394747443146001,0.0044796873191344701,0.0058627562285847468,-5.3750430667768843,-0.0068862579050526325,0.0076013688247585278,1.6968525442144484,0.25983007758979532,1.3645700780266778e-18,1.3645700780266778e-18,0.028187385496310152,1.0285884089134769
2021-08-16,2021-08-16,2021,funded_assets,EUR,0.94999999999999996,FHS1250,USD,0,1249,-0.00084859585643670004,0.0032865820537993085,0.0046305388323787779,-5.6653197042103534,-0.0092978750337851246,0.011898707198746555,3.6203895122568381,0.041146775239227093,3.2966522307137369e-18,3.2966522307137369e-18,0.028187385496310152,1.0285884089134769
2021-08-16,2021-08-16,2021,funded_assets,EUR,0.98999999999999999,FHS1250,USD,0,1249,-0.00084859585643670004,0.0053329768447670789,0.006686158740967678,-5.2101012962848143,-0.0092978750337851246,0.011898707198746555,2.2311567338646938,0.14248221434301994,3.2966522307137369e-18,3.2966522307137369e-18,0.028187385496310152,1.0285884089134769
2021-08-16,2021-08-16,2021,funded_assets,USD,0.94999999999999996,FHS1250,USD,0,1249,-0.00084436155779899998,0.0033005380180398817,0.0046512020966427807,-5.6610199002605865,-0.0091990582942944217,0.011962012089973245,3.6242612642520706,0.041181919384164191,3.2966522307137369e-18,3.2966522307137369e-18,0.028187385496310152,1.0285884089134769
2021-08-16,2021-08-16,2021,funded_assets,USD,0.98999999999999999,FHS1250,USD,0,1249,-0.00084436155779899998,0.0053787792800655976,0.006731491647930671,-5.2019113588510288,-0.0091990582942944217,0.011962012089973245,2.2239269297228645,0.14227562017571654,3.2966522307137369e-18,3.2966522307137369e-18,0.028187385496310152,1.0285884089134769
2021-08-16,2021-08-16,2021,net_cashflows,EUR,0.94999999999999996,FHS1250,USD,0,1249,-0.0021423462130507002,0.0025680070769500407,0.0036585285354499755,-5.9087707730871166,-0.007144657976649771,0.0086544346964105394,3.3700976816190087,0.037879114309546602,3.2966522307137369e-18,3.2966522307137369e-18,0.028187385496310152,1.0285884089134769
2021-08-16,2021-08-16,2021,net_cashflows,EUR,0.98999999999999999,FHS1250,USD,0,1249,-0.0021423462130507002,0.0042862000800962139,0.0054271563870469681,-5.4265709296089426,-0.007144657976649771,0.0086544346964105394,2.0191392223146685,0.12767443087673125,3.2966522307137369e-18,3.2966522307137369e-18,0.028187385496310152,1.0285884089134769
2021-08-16,2021-08-16,2021,net_cashflows,USD,0.94999999999999996,FHS1250,USD,0,1249,-0.0021394747443146001,0.0025694764498377367,0.0036810655788561838,-5.9065278328935618,-0.0070814633829849845,0.0086091512920589558,3.3505468760387456,0.037450217358151371,3.2966522307137369e-18,3.2966522307137369e-18,0.028187385496310152,1.0285884089134769
2021-08-16,2021-08-16,2021,net_cashflows,USD,0.98999999999999999,FHS1250,USD,0,1249,-0.0021394747443146001,0.0042863720400938641,0.0054689758847964644,-5.4249025325765148,-0.0070814633829849845,0.0086091512920589558,2.0084937125220774,0.12603521110872837,3.2966522307137369e-18,3.2966522307137369e-18,0.028187385496310152,1.0285884089134769
2021-08-16,2021-08-16,2021,funded_assets,EUR,0.94999999999999996,TCOP1250,USD,12,4096,-0.00084859585643670004,0.0034373691883275159,0.004537907137591125,-5.6378103941032052,-0.012592101609545797,0.0089664134978665877,2.6085104644314567,0.0096479091748872293,1.960034239946451e-18,1.960034239946451e-18,0.026269298020590262,1.0245689025789551
2021-08-16,2021-08-16,2021,funded_assets,EUR,0.98999999999999999,TCOP1250,USD,12,4096,-0.00084859585643670004,0.0051967949362325405,0.0060775161986112037,-5.2480738577587971,-0.012592101609545797,0.0089664134978665877,1.7253737366760258,0.036019086150322635,1.960034239946451e-18,1.960034239946451e-18,0.026269298020590262,1.0245689025789551
2021-08-16,2021-08-16,2021,funded_assets,USD,0.94999999999999996,TCOP1250,USD,12,4096,-0.00084436155779899998,0.0034342578314115434,0.004560196637345494,-5.6372952918451578,-0.012536025834600511,0.009004339040459379,2.6219170145295787,0.0096413603880437203,1.960034239946451e-18,1.960034239946451e-18,0.026269298020590262,1.0245689025789551
2021-08-16,2021-08-16,2021,funded_assets,USD,0.98999999999999999,TCOP1250,USD,12,4096,-0.00084436155779899998,0.0052265745163920518,0.0061166026220148464,-5.2422586694047677,-0.012536025834600511,0.009004339040459379,1.7227993233845922,0.035940293932737274,1.960034239946451e-18,1.960034239946451e-18,0.026269298020590262,1.0245689025789551
2021-08-16,2021-08-16,2021,net_cashflows,EUR,0.94999999999999996,TCOP1250,USD,12,4096,-0.0021423462130507002,0.0025962340372699842,0.0034942102436517778,-5.9136376432841127,-0.0076713555034354283,0.0081423234489861104,3.1362054930718037,0.011378090024200203,1.960034239946451e-18,1.960034239946451e-18,0.026269298020590262,1.0245689025789551
2021-08-16,2021-08-16,2021,net_cashflows,EUR,0.98999999999999999,TCOP1250,USD,12,4096,-0.0021423462130507002,0.0041117362681815763,0.0050328550528031275,-5.4747889741572031,-0.0076713555034354283,0.0081423234489861104,1.980264033954461,0.039497897613412221,1.960034239946451e-18,1.960034239946451e-18,0.026269298020590262,1.0245689025789551
2021-08-16,2021-08-16,2021,net_cashflows,USD,0.94999999999999996,TCOP1250,USD,12,4096,-0.0021394747443146001,0.0025981096353488707,0.0035080829540718901,-5.9120788874536707,-0.0076081902922348153,0.0081970729913989175,3.1550142764849975,0.011409299891086548,1.960034239946451e-18,1.960034239946451e-18,0.026269298020590262,1.0245689025789551
2021-08-16,2021-08-16,2021,net_cashflows,USD,0.98999999999999999,TCOP1250,USD,12,4096,-0.0021394747443146001,0.0041209027401522798,0.0050647077729908509,-5.4718081945081707,-0.0076081902922348153,0.0081970729913989175,1.9891449782423185,0.03951340557026773,1.960034239946451e-18,1.960034239946451e-18,0.026269298020590262,1.0245689025789551
2021-08-16,2021-08-16,2021,funded_assets,EUR,0.94999999999999996,TCOP1250,USD,14,16384,-0.00084859585643670004,0.0034963284058285027,0.0046039522454207858,-5.6214212484326183,-0.012592101609545797,0.012427051230394615,3.5543146375146804,0.0032949386663525923,2.7918205941501739e-18,2.7918205941501739e-18,0.03069647617663494,1.0311724709715142
2021-08-16,2021-08-16,2021,funded_assets,EUR,0.98999999999999999,TCOP1250,USD,14,16384,-0.00084859585643670004,0.0053424263601654642,0.0062425620192231891,-5.2205579074380193,-0.012592101609545797,0.012427051230394615,2.3261062282587508,0.012150251951654201,2.7918205941501739e-18,2.7918205941501739e-18,0.03069647617663494,1.0311724709715142
2021-08-16,2021-08-16,2021,funded_assets,USD,0.94999999999999996,TCOP1250,USD,14,16384,-0.00084436155779899998,0.0035181033607768366,0.0046266314178763264,-5.615523458004553,-0.012536025834600511,0.012303123887543722,3.4970899447442765,0.0032460899562386995,2.7918205941501739e-18,2.7918205941501739e-18,0.03069647617663494,1.0311724709715142
2021-08-16,2021-08-16,2021,funded_assets,USD,0.98999999999999999,TCOP1250,USD,14,16384,-0.00084436155779899998,0.0053630125647593698,0.0062810635514016205,-5.2163776671005042,-0.012536025834600511,0.012303123887543722,2.2940695623926333,0.011955349324108799,2.7918205941501739e-18,2.7918205941501739e-18,0.03069647617663494,1.0311724709715142
2021-08-16,2021-08-16,2021,net_cashflows,EUR,0.94999999999999996,TCOP1250,USD,14,16384,-0.0021423462130507002,0.0025537148459500838,0.0034980814679657804,-5.9255076306118042,-0.0077231055288979108,0.010178301872097695,3.9856845756445298,0.0035518569296467107,2.7918205941501739e-18,2.7918205941501739e-18,0.03069647617663494,1.0311724709715142
2021-08-16,2021-08-16,2021,net_cashflows,EUR,0.98999999999999999,TCOP1250,USD,14,16384,-0.0021423462130507002,0.0041000852951669558,0.0050783393235774334,-5.4754036388200378,-0.0077231055288979108,0.010178301872097695,2.4824610073589297,0.012233019606210985,2.7918205941501739e-18,2.7918205941501739e-18,0.03069647617663494,1.0311724709715142
2021-08-16,2021-08-16,2021,net_cashflows,USD,0.94999999999999996,TCOP1250,USD,14,16384,-0.0021394747443146001,0.002558908412563662,0.0035110082516616324,-5.923027651461628,-0.0076081902922348153,0.010213509367260168,3.9913540152957974,0.003551020649390601,2.7918205941501739e-18,2.7918205941501739e-18,0.03069647617663494,1.0311724709715142
2021-08-16,2021-08-16,2021,net_cashflows,USD,0.98999999999999999,TCOP1250,USD,14,16384,-0.0021394747443146001,0.0041211343913552089,0.0051073826866172333,-5.470170686680814,-0.0076081902922348153,0.010213509367260168,2.4783247517200038,0.012205530275320861,2.7918205941501739e-18,2.7918205941501739e-18,0.03069647617663494,1.0311724709715142
2021-08-16,2021-08-16,2021,funded_assets,EUR,0.94999999999999996,TCOP1250,USD,16,65536,-0.00084859585643670004,0.0034823180221360273,0.0046536882793108613,-5.6218031283422887,-0.015318324736482286,0.014955387653093871,4.2946645188713557,0.00098073223580961099,3.06287113727155e-18,3.06287113727155e-18,0.039469698263956736,1.0402589767544426
2021-08-16,2021-08-16,2021,funded_assets,EUR,0.98999999999999999,TCOP1250,USD,16,65536,-0.00084859585643670004,0.0053670528536263751,0.0064351563003659535,-5.2119585592439535,-0.015318324736482286,0.014955387653093871,2.7865176775721361,0.0035461625933390114,3.06287113727155e-18,3.06287113727155e-18,0.039469698263956736,1.0402589767544426
2021-08-16,2021-08-16,2021,funded_assets,USD,0.94999999999999996,TCOP1250,USD,16,65536,-0.00084436155779899998,0.0034975397508873194,0.0046774356631929049,-5.6172579837690675,-0.015143503390604478,0.015203336420497442,4.3468659410205088,0.00099193028056846475,3.06287113727155e-18,3.06287113727155e-18,0.039469698263956736,1.0402589767544426
2021-08-16,2021-08-16,2021,funded_assets,USD,0.98999999999999999,TCOP1250,USD,16,65536,-0.00084436155779899998,0.0053895389736616653,0.0064757338730574258,-5.2074264355853677,-0.015143503390604478,0.015203336420497442,2.8208973893305496,0.0035823662311352191,3.06287113727155e-18,3.06287113727155e-18,0.039469698263956736,1.0402589767544426
2021-08-16,2021-08-16,2021,net_cashflows,EUR,0.94999999999999996,TCOP1250,USD,16,65536,-0.0021423462130507002,0.0025835073724776113,0.003486440804775448,-5.917858190138352,-0.010878326054775834,0.010178301872097695,3.939722402393067,0.0008909290016802132,3.06287113727155e-18,3.06287113727155e-18,0.039469698263956736,1.0402589767544426
2021-08-16,2021-08-16,2021,net_cashflows,EUR,0.98999999999999999,TCOP1250,USD,16,65536,-0.0021423462130507002,0.0040462827988353434,0.0049778591912633327,-5.4898993439527457,-0.010878326054775834,0.010178301872097695,2.5154697232302579,0.0031199870328467772,3.06287113727155e-18,3.06287113727155e-18,0.039469698263956736,1.0402589767544426
2021-08-16,2021-08-16,2021,net_cashflows,USD,0.94999999999999996,TCOP1250,USD,16,65536,-0.0021394747443146001,0.0025897502412643202,0.0034994841653069198,-5.9151019945783885,-0.01077244414289546,0.010213509367260168,3.9438202203907955,0.00089067861239613434,3.06287113727155e-18,3.06287113727155e-18,0.039469698263956736,1.0402589767544426
2021-08-16,2021-08-16,2021,net_cashflows,USD,0.98999999999999999,TCOP1250,USD,16,65536,-0.0021394747443146001,0.0040600688082619149,0.0050045420680478198,-5.486132578518256,-0.01077244414289546,0.010213509367260168,2.5156000672886365,0.0031140868216076997,3.06287113727155e-18,3.06287113727155e-18,0.039469698263956736,1.0402589767544426
2021-08-16,2021-08-16,2021,funded_assets,EUR,0.94999999999999996,FHS250,GBP,0,249,-0.00084859585643670004,0.0031247429710676566,0.0042250209060206122,-5.7271505944210759,-0.006167458100052009,0.0062378506662149058,1.9962764054425788,0.11858691191594516,1.3992984288641042e-18,1.3992984288641042e-18,0.018461700380241197,1.0180208690441281
2021-08-16,2021-08-16,2021,funded_assets,EUR,0.98999999999999999,FHS250,GBP,0,249,-0.00084859585643670004,0.005689244807827093,0.0060489629790045057,-5.1673361722877145,-0.006167458100052009,0.0062378506662149058,1.0964285905983615,0.41414717180807525,1.3992984288641042e-18,1.3992984288641042e-18,0.018461700380241197,1.0180208690441281
2021-08-16,2021-08-16,2021,funded_assets,USD,0.94999999999999996,FHS250,GBP,0,249,-0.00084436155779899998,0.0031128401603459448,0.0042474908098562095,-5.7285612069884007,-0.0061458357144781421,0.0063021920660063947,2.0245794006030819,0.11917628279963827,1.3992984288641042e-18,1.3992984288641042e-18,0.018461700380241197,1.0180208690441281
2021-08-16,2021-08-16,2021,funded_assets,USD,0.98999999999999999,FHS250,GBP,0,249,-0.00084436155779899998,0.0057396249937968213,0.0060893020949223603,-5.1586466263690243,-0.0061458357144781421,0.0063021920660063947,1.0980146042324326,0.41564711197888299,1.3992984288641042e-18,1.3992984288641042e-18,0.018461700380241197,1.0180208690441281
2021-08-16,2021-08-16,2021,net_cashflows,EUR,0.94999999999999996,FHS250,GBP,0,249,-0.0021423462130507002,0.001955362269074723,0.0028198312000125947,-6.1776458708361472,-0.0065191457670381809,0.0044788050259487507,2.2905244193282508,0.12757620937615194,1.3992984288641042e-18,1.3992984288641042e-18,0.018461700380241197,1.0180208690441281
2021-08-16,2021-08-16,2021,net_cashflows,EUR,0.98999999999999999,FHS250,GBP,0,249,-0.0021423462130507002,0.0034019364995160114,0.0040291273189103811,-5.6698696574096195,-0.0065191457670381809,0.0044788050259487507,1.3165457458085841,0.44642840385036514,1.3992984288641042e-18,1.3992984288641042e-18,0.018461700380241197,1.0180208690441281
2021-08-16,2021-08-16,2021,net_cashflows,USD,0.94999999999999996,FHS250,GBP,0,249,-0.0021394747443146001,0.0019685874473945541,0.0028385723590205253,-6.1709408270372244,-0.0065310578684220494,0.004482365494655337,2.276945075814536,0.12683465892856777,1.3992984288641042e-18,1.3992984288641042e-18,0.018461700380241197,1.0180208690441281
2021-08-16,2021-08-16,2021,net_cashflows,USD,0.98999999999999999,FHS250,GBP,0,249,-0.0021394747443146001,0.0034122737120398311,0.0040500715975519807,-5.6664988950343496,-0.0065310578684220494,0.004482365494655337,1.3136008048943451,0.4444728300828607,1.3992984288641042e-18,1.3992984288641042e-18,0.018461700380241197,1.0180208690441281
2021-08-16,2021-08-16,2021,funded_assets,EUR,0.94999999999999996,FHS500,GBP,0,499,-0.00084859585643670004,0.003993343102610597,0.0055307917013896722,-5.4754041500716406,-0.006167458100052009,0.008712725441765351,2.1818123857350296,0.063138778567260606,1.6127507315721878e-18,1.6127507315721878e-18,0.028053663987484337,1.0284508737153883
2021-08-16,2021-08-16,2021,funded_assets,EUR,0.98999999999999999,FHS500,GBP,0,499,-0.00084859585643670004,0.0069397660054489052,0.0075401792845601326,-4.9671378344316723,-0.006167458100052009,0.008712725441765351,1.2554782733199317,0.23156440938397171,1.6127507315721878e-18,1.6127507315721878e-18,0.028053663987484337,1.0284508737153883
2021-08-16,2021-08-16,2021,funded_assets,USD,0.94999999999999996,FHS500,GBP,0,499,-0.00084436155779899998,0.0040042682551473044,0.0055648063988029892,-5.4717229914309353,-0.0061458357144781421,0.0088474081743447411,2.2094943721544631,0.063722888567366159,1.6127507315721878e-18,1.6127507315721878e-18,0.028053663987484337,1.0284508737153883
2021-08-16,2021-08-16,2021,funded_assets,USD,0.98999999999999999,FHS500,GBP,0,499,-0.00084436155779899998,0.0069600247526664522,0.0076070016956987056,-4.9637363705118975,-0.0061458357144781421,0.0088474081743447411,1.2711748145658841,0.23307838767171357,1.6127507315721878e-18,1.6127507315721878e-18,0.028053663987484337,1.0284508737153883
2021-08-16,2021-08-16,2021,net_cashflows,EUR,0.94999999999999996,FHS500,GBP,0,499,-0.0021423462130507002,0.0021660894106801387,0.0035062946024836473,-6.0354238154369195,-0.0083981181937393453,0.0077424286965347092,3.5743809366131543,0.088503054822727731,1.6127507315721878e-18,1.6127507315721878e-18,0.028053663987484337,1.0284508737153883
2021-08-16,2021-08-16,2021,net_cashflows,EUR,0.98999999999999999,FHS500,GBP,0,499,-0.0021423462130507002,0.0044788050259487507,0.0058984738164766541,-5.3737457246073239,-0.0083981181937393453,0.0077424286965347092,1.728681791611284,0.26304921669857245,1.6127507315721878e-18,1.6127507315721878e-18,0.028053663987484337,1.0284508737153883
2021-08-16,2021-08-16,2021,net_cashflows,USD,0.94999999999999996,FHS500,GBP,0,499,-0.0021394747443146001,0.0021933324385672221,0.0035390354529379348,-6.0241467602362571,-0.0082724882690629782,0.0079558571770646444,3.6272919860072594,0.0901013949662932,1.6127507315721878e-18,1.6127507315721878e-18,0.028053663987484337,1.0284508737153883
2021-08-16,2021-08-16,2021,net_cashflows,USD,0.98999999999999999,FHS500,GBP,0,499,-0.0021394747443146001,0.004482365494655337,0.005978122473780375,-5.3698538693575424,-0.0082724882690629782,0.0079558571770646444,1.7749237956054709,0.26669914554563373,1.6127507315721878e-18,1.6127507315721878e-18,0.028053663987484337,1.0284508737153883
2021-08-16,2021-08-16,2021,funded_assets,EUR,0.94999999999999996,FHS1250,GBP,0,1249,-0.00084859585643670004,0.0040471878340899436,0.0054105791291490018,-5.4713853477410046,-0.0091443137316527812,0.012814331309101701,3.1662309322945346,0.037924490301737598,1.7686047938669791e-18,1.7686047938669791e-18,0.029717803810350659,1.0301637846365324
2021-08-16,2021-08-16,2021,funded_assets,EUR,0.98999999999999999,FHS1250,GBP,0,1249,-0.00084859585643670004,0.0060363371956710377,0.007453136696102888,-5.0892146957351683,-0.0091443137316527812,0.012814331309101701,2.1228653890129769,0.13765577103764054,1.7686047938669791e-18,1.7686047938669791e-18,0.029717803810350659,1.0301637846365324
2021-08-16,2021-08-16,2021,funded_assets,USD,0.94999999999999996,FHS1250,GBP,0,1249,-0.00084436155779899998,0.0040873446064468438,0.0054449567404342416,-5.4623993370691926,-0.0090391867052614892,0.012889866904868303,3.1536041479197792,0.037907186909207573,1.7686047938669791e-18,1.7686047938669791e-18,0.029717803810350659,1.0301637846365324
2021-08-16,2021-08-16,2021,funded_assets,USD,0.98999999999999999,FHS1250,GBP,0,1249,-0.00084436155779899998,0.0060477539033898416,0.0075110495151475415,-5.0861991346950948,-0.0090391867052614892,0.012889866904868303,2.1313477880843288,0.13739956876594761,1.7686047938669791e-18,1.7686047938669791e-18,0.029717803810350659,1.0301637846365324
2021-08-16,2021-08-16,2021,net_cashflows,EUR,0.94999999999999996,FHS1250,GBP,0,1249,-0.0021423462130507002,0.0025423274110025428,0.0037502417520085315,-5.9080247005868305,-0.0088189615577408103,0.0077424286965347092,3.0454097544743677,0.033058679886814782,1.7686047938669791e-18,1.7686047938669791e-18,0.029717803810350659,1.0301637846365324
2021-08-16,2021-08-16,2021,net_cashflows,EUR,0.98999999999999999,FHS1250,GBP,0,1249,-0.0021423462130507002,0.0044850344871216639,0.0055018413564091144,-5.3874845533065674,-0.0088189615577408103,0.0077424286965347092,1.7262807496277526,0.11266958963965312,1.7686047938669791e-18,1.7686047938669791e-18,0.029717803810350659,1.0301637846365324
2021-08-16,2021-08-16,2021,net_cashflows,USD,0.94999999999999996,FHS1250,GBP,0,1249,-0.0021394747443146001,0.0026052514042888913,0.003772890688088512,-5.8893951553315311,-0.0087468962621834873,0.0079558571770646444,3.0537771379634711,0.033766054166453487,1.7686047938669791e-18,1.7686047938669791e-18,0.029717803810350659,1.0301637846365324
2021-08-16,2021-08-16,2021,net_cashflows,USD,0.98999999999999999,FHS1250,GBP,0,1249,-0.0021394747443146001,0.0045092820012865116,0.0055509113008994785,-5.381443309382032,-0.0087468962621834873,0.0079558571770646444,1.7643290383690384,0.11475199695360046,1.7686047938669791e-18,1.7686047938669791e-18,0.029717803810350659,1.0301637846365324
2021-08-16,2021-08-16,2021,funded_assets,EUR,0.94999999999999996,TCOP1250,GBP,12,4096,-0.00084859585643670004,0.0039178799267553521,0.005438417612202975,-5.4938590722122056,-0.019860552301555617,0.011633415203114117,2.9693138688781855,0.010444910490874518,2.9404748763933036e-18,2.9404748763933036e-18,0.034423266036378297,1.0303068476515207
2021-08-16,2021-08-16,2021,funded_assets,EUR,0.98999999999999999,TCOP1250,GBP,12,4096,-0.00084859585643670004,0.006502112483253164,0.0076749733539374383,-5.0226067364854527,-0.019860552301555617,0.011633415203114117,1.7891747079240989,0.037005851715637521,2.9404748763933036e-18,2.9404748763933036e-18,0.034423266036378297,1.0303068476515207
2021-08-16,2021-08-16,2021,funded_assets,USD,0.94999999999999996,TCOP1250,GBP,12,4096,-0.00084436155779899998,0.0039362861723357453,0.0054755050209897701,-5.4885806990856372,-0.019625946218123934,0.011560826143218534,2.93698822622911,0.010309431949389434,2.9404748763933036e-18,2.9404748763933036e-18,0.034423266036378297,1.0303068476515207
2021-08-16,2021-08-16,2021,funded_assets,USD,0.98999999999999999,TCOP1250,GBP,12,4096,-0.00084436155779899998,0.0066199368041217014,0.0077586493516741883,-5.0057138653846822,-0.019625946218123934,0.011560826143218534,1.7463650311617083,0.036378333292155653,2.9404748763933036e-18,2.9404748763933036e-18,0.034423266036378297,1.0303068476515207
2021-08-16,2021-08-16,2021,net_cashflows,EUR,0.94999999999999996,TCOP1250,GBP,12,4096,-0.0021423462130507002,0.0026067258127783883,0.0036341331277056728,-5.9000950990659504,-0.0097007805301650984,0.0084747467040417468,3.2511078313253465,0.011386649219136753,2.9404748763933036e-18,2.9404748763933036e-18,0.034423266036378297,1.0303068476515207
2021-08-16,2021-08-16,2021,net_cashflows,EUR,0.98999999999999999,TCOP1250,GBP,12,4096,-0.0021423462130507002,0.0042082758358303225,0.0052781577335226856,-5.4468780283890101,-0.0097007805301650984,0.0084747467040417468,2.0138287114845501,0.039199850809698192,2.9404748763933036e-18,2.9404748763933036e-18,0.034423266036378297,1.0303068476515207
2021-08-16,2021-08-16,2021,net_cashflows,USD,0.94999999999999996,TCOP1250,GBP,12,4096,-0.0021394747443146001,0.0026096871475463791,0.0036527485404341175,-5.8978305844673979,-0.0096736103229584074,0.0085740996303534257,3.2854894650551394,0.011461429766627035,2.9404748763933036e-18,2.9404748763933036e-18,0.034423266036378297,1.0303068476515207
2021-08-16,2021-08-16,2021,net_cashflows,USD,0.98999999999999999,TCOP1250,GBP,12,4096,-0.0021394747443146001,0.004251339844636319,0.0053212090842980194,-5.4371122758572161,-0.0096736103229584074,0.0085740996303534257,2.0167993958824284,0.039338541474411945,2.9404748763933036e-18,2.9404748763933036e-18,0.034423266036378297,1.0303068476515207
2021-08-16,2021-08-16,2021,funded_assets,EUR,0.94999999999999996,TCOP1250,GBP,14,16384,-0.00084859585643670004,0.00395002815861073,0.0054525868542925973,-5.4872331750308065,-0.019860552301555617,0.013448455686661837,3.404648054810782,0.0030107859483628433,3.0243311381714794e-18,3.0243311381714794e-18,0.055956769557305643,1.0371512139158676
2021-08-16,2021-08-16,2021,funded_assets,EUR,0.98999999999999999,TCOP1250,GBP,14,16384,-0.00084859585643670004,0.0064397193860675772,0.0078365384738590654,-5.027202461963113,-0.019860552301555617,0.013448455686661837,2.0883605139313612,0.010474377135960037,3.0243311381714794e-18,3.0243311381714794e-18,0.055956769557305643,1.0371512139158676
2021-08-16,2021-08-16,2021,funded_assets,USD,0.94999999999999996,TCOP1250,GBP,14,16384,-0.00084436155779899998,0.003971048015643199,0.0054916523454987525,-5.4814198665911453,-0.019625946218123934,0.013851704253672437,3.4881734492018843,0.0030790038416931252,3.0243311381714794e-18,3.0243311381714794e-18,0.055956769557305643,1.0371512139158676
2021-08-16,2021-08-16,2021,funded_assets,USD,0.98999999999999999,TCOP1250,GBP,14,16384,-0.00084436155779899998,0.006473009185608062,0.0079185902613983696,-5.0210974437626223,-0.019625946218123934,0.013851704253672437,2.1399172867651717,0.010676659677329824,3.0243311381714794e-18,3.0243311381714794e-18,0.055956769557305643,1.0371512139158676
2021-08-16,2021-08-16,2021,net_cashflows,EUR,0.94999999999999996,TCOP1250,GBP,14,16384,-0.0021423462130507002,0.0026148115380503654,0.0037537942005353804,-5.8884098756118561,-0.013550346704033968,0.012573685730997153,4.8086393791776834,0.0040888596030136722,3.0243311381714794e-18,3.0243311381714794e-18,0.055956769557305643,1.0371512139158676
2021-08-16,2021-08-16,2021,net_cashflows,EUR,0.98999999999999999,TCOP1250,GBP,14,16384,-0.0021423462130507002,0.0043739713971777446,0.0057273561165463033,-5.398803093362103,-0.013550346704033968,0.012573685730997153,2.8746611692774628,0.013399496340251739,3.0243311381714794e-18,3.0243311381714794e-18,0.055956769557305643,1.0371512139158676
2021-08-16,2021-08-16,2021,net_cashflows,USD,0.94999999999999996,TCOP1250,GBP,14,16384,-0.0021394747443146001,0.002623334828032562,0.0037749753654238083,-5.8844337538640419,-0.013582008613403758,0.012805632153002735,4.8814326010403528,0.0041409211116841139,3.0243311381714794e-18,3.0243311381714794e-18,0.055956769557305643,1.0371512139158676
2021-08-16,2021-08-16,2021,net_cashflows,USD,0.98999999999999999,TCOP1250,GBP,14,16384,-0.0021394747443146001,0.0044287423846599049,0.0057768681937417797,-5.3872597834691547,-0.013582008613403758,0.012805632153002735,2.8914827372570495,0.013529714252183639,3.0243311381714794e-18,3.0243311381714794e-18,0.055956769557305643,1.0371512139158676
2021-08-16,2021-08-16,2021,funded_assets,EUR,0.94999999999999996,TCOP1250,GBP,16,65536,-0.00084859585643670004,0.0038960065788355147,0.0055363945336176605,-5.4927035336023557,-0.022808773578987473,0.02520117252941495,6.4684625191129372,0.0013891328496155474,4.1131919918668824e-18,4.1131919918668824e-18,0.055956769557305643,1.0386609898304948
2021-08-16,2021-08-16,2021,funded_assets,EUR,0.98999999999999999,TCOP1250,GBP,16,65536,-0.00084859585643670004,0.0064464701903181598,0.008312084293280295,-5.0144908878920615,-0.022808773578987473,0.02520117252941495,3.909297923577487,0.0046262689619844637,4.1131919918668824e-18,4.1131919918668824e-18,0.055956769557305643,1.0386609898304948
2021-08-16,2021-08-16,2021,funded_assets,USD,0.94999999999999996,TCOP1250,GBP,16,65536,-0.00084436155779899998,0.0039140854318799548,0.0055776154769881557,-5.4872450445979304,-0.022413362591016232,0.02636890913643266,6.7369273347126564,0.0014427585550889316,4.1131919918668824e-18,4.1131919918668824e-18,0.055956769557305643,1.0386609898304948
2021-08-16,2021-08-16,2021,funded_assets,USD,0.98999999999999999,TCOP1250,GBP,16,65536,-0.00084436155779899998,0.0065197565699800482,0.0084065638209297588,-5.0031869992639839,-0.022413362591016232,0.02636890913643266,4.0444622208514991,0.0047862316981322128,4.1131919918668824e-18,4.1131919918668824e-18,0.055956769557305643,1.0386609898304948
2021-08-16,2021-08-16,2021,net_cashflows,EUR,0.94999999999999996,TCOP1250,GBP,16,65536,-0.0021423462130507002,0.0026352796555425663,0.0037267925535536257,-5.8850899755488548,-0.02522300432602621,0.013587834297083625,5.1561261320047969,0.0011126666932813408,4.1131919918668824e-18,4.1131919918668824e-18,0.055956769557305643,1.0386609898304948
2021-08-16,2021-08-16,2021,net_cashflows,EUR,0.98999999999999999,TCOP1250,GBP,16,65536,-0.0021423462130507002,0.0043204411123633378,0.0055995035486873989,-5.4135015939492064,-0.02522300432602621,0.013587834297083625,3.1450108782181507,0.0037027192777474662,4.1131919918668824e-18,4.1131919918668824e-18,0.055956769557305643,1.0386609898304948
2021-08-16,2021-08-16,2021,net_cashflows,USD,0.94999999999999996,TCOP1250,GBP,16,65536,-0.0021394747443146001,0.0026385847160507758,0.0037469630622783225,-5.8826167355709877,-0.024297089004192161,0.013711111823280289,5.1963887078835178,0.0011167175104019914,4.1131919918668824e-18,4.1131919918668824e-18,0.055956769557305643,1.0386609898304948
2021-08-16,2021-08-16,2021,net_cashflows,USD,0.98999999999999999,TCOP1250,GBP,16,65536,-0.0021394747443146001,0.0043532892785515124,0.0056468849240547733,-5.4057325101236042,-0.024297089004192161,0.013711111823280289,3.1495981419921728,0.0037049623985175124,4.1131919918668824e-18,4.1131919918668824e-18,0.055956769557305643,1.0386609898304948
2021-08-16,2021-08-16,2021,funded_assets,EUR,0.94999999999999996,FHS250,JPY,0,249,-0.00084859585643670004,0.0032449189742798645,0.0041587903292759128,-5.7022755460878161,-0.0066204021686612768,0.0060587858460051658,1.8671609041793638,0.11701707155487054,1.9651164376299768e-18,1.9651164376299768e-18,0.021214816291729444,1.0203024679543742
2021-08-16,2021-08-16,2021,funded_assets,EUR,0.98999999999999999,FHS250,JPY,0,249,-0.00084859585643670004,0.0050071499038416567,0.0058115733075719484,-5.2863214440652175,-0.0066204021686612768,0.0060587858460051658,1.2100268540705479,0.41868994830412221,1.9651164376299768e-18,1.9651164376299768e-18,0.021214816291729444,1.0203024679543742
2021-08-16,2021-08-16,2021,funded_assets,USD,0.94999999999999996,FHS250,JPY,0,249,-0.00084436155779899998,0.0032644613570672518,0.0041805408532859471,-5.6964440709749207,-0.0065065204887647197,0.0061335317569689018,1.8788801845334706,0.11784435805308832,1.9651164376299768e-18,1.9651164376299768e-18,0.021214816291729444,1.0203024679543742
2021-08-16,2021-08-16,2021,funded_assets,USD,0.98999999999999999,FHS250,JPY,0,249,-0.00084436155779899998,0.0050375232419858371,0.0058714593988753094,-5.2796842325021753,-0.0065065204887647197,0.0061335317569689018,1.217568924714481,0.41953211263332696,1.9651164376299768e-18,1.9651164376299768e-18,0.021214816291729444,1.0203024679543742
2021-08-16,2021-08-16,2021,net_cashflows,EUR,0.94999999999999996,FHS250,JPY,0,249,-0.0021423462130507002,0.0019702847974658491,0.0029163858313362525,-6.1618188917913015,-0.0065796206430119072,0.0043454321199132067,2.2054842657783467,0.11967918943104472,1.9651164376299768e-18,1.9651164376299768e-18,0.021214816291729444,1.0203024679543742
2021-08-16,2021-08-16,2021,net_cashflows,EUR,0.98999999999999999,FHS250,JPY,0,249,-0.0021423462130507002,0.0036464935059646207,0.004204713873656821,-5.6043096395590242,-0.0065796206430119072,0.0043454321199132067,1.1916741693918615,0.4150469007525544,1.9651164376299768e-18,1.9651164376299768e-18,0.021214816291729444,1.0203024679543742
2021-08-16,2021-08-16,2021,net_cashflows,USD,0.94999999999999996,FHS250,JPY,0,249,-0.0021394747443146001,0.001980817967643423,0.0029355130782225437,-6.1560955983014738,-0.0065852747700868445,0.0044010446168996579,2.2218319344788537,0.12042104741852376,1.9651164376299768e-18,1.9651164376299768e-18,0.021214816291729444,1.0203024679543742
2021-08-16,2021-08-16,2021,net_cashflows,USD,0.98999999999999999,FHS250,JPY,0,249,-0.0021394747443146001,0.0036606749136434986,0.004230680350146082,-5.6001238477548068,-0.0065852747700868445,0.0044010446168996579,1.2022495088260279,0.41777861990699389,1.9651164376299768e-18,1.9651164376299768e-18,0.021214816291729444,1.0203024679543742
2021-08-16,2021-08-16,2021,funded_assets,EUR,0.94999999999999996,FHS500,JPY,0,499,-0.00084859585643670004,0.0038663675735592096,0.0052633275999821195,-5.5124056757008812,-0.0066204021686612768,0.0092047113413434856,2.3807129472871171,0.070093738088338811,1.9651164376299768e-18,1.9651164376299768e-18,0.029381195048522477,1.029817080835548
2021-08-16,2021-08-16,2021,funded_assets,EUR,0.98999999999999999,FHS500,JPY,0,499,-0.00084859585643670004,0.0066829130937267334,0.0075927853188965571,-5.0003905705656102,-0.0066204021686612768,0.0092047113413434856,1.3773501483932165,0.24294530318676708,1.9651164376299768e-18,1.9651164376299768e-18,0.029381195048522477,1.029817080835548
2021-08-16,2021-08-16,2021,funded_assets,USD,0.94999999999999996,FHS500,JPY,0,499,-0.00084436155779899998,0.0038822404088486957,0.0052933630228404532,-5.5078848844708093,-0.0065065204887647197,0.0092897164706703308,2.3928751165168718,0.070339654369288254,1.9651164376299768e-18,1.9651164376299768e-18,0.029381195048522477,1.029817080835548
2021-08-16,2021-08-16,2021,funded_assets,USD,0.98999999999999999,FHS500,JPY,0,499,-0.00084436155779899998,0.0067157772730550153,0.0076524435710505143,-4.9951312026114927,-0.0065065204887647197,0.0092897164706703308,1.3832675047075269,0.24327740676606854,1.9651164376299768e-18,1.9651164376299768e-18,0.029381195048522477,1.029817080835548
2021-08-16,2021-08-16,2021,net_cashflows,EUR,0.94999999999999996,FHS500,JPY,0,499,-0.0021423462130507002,0.0022185112730367055,0.0033875962193286764,-6.0327422137550428,-0.0068652836982113557,0.006490383608332196,2.9255580925888816,0.07679062046419681,1.9651164376299768e-18,1.9651164376299768e-18,0.029381195048522477,1.029817080835548
2021-08-16,2021-08-16,2021,net_cashflows,EUR,0.98999999999999999,FHS500,JPY,0,499,-0.0021423462130507002,0.0043375236075696155,0.0052122801337644419,-5.4245639501507998,-0.0068652836982113557,0.006490383608332196,1.4963338982191414,0.24954109227485036,1.9651164376299768e-18,1.9651164376299768e-18,0.029381195048522477,1.029817080835548
2021-08-16,2021-08-16,2021,net_cashflows,USD,0.94999999999999996,FHS500,JPY,0,499,-0.0021394747443146001,0.002234026336742888,0.0034204519928236286,-6.0248448196845681,-0.0068907565160614519,0.0066110709514646104,2.9592627637072804,0.077467183922408242,1.9651164376299768e-18,1.9651164376299768e-18,0.029381195048522477,1.029817080835548
2021-08-16,2021-08-16,2021,net_cashflows,USD,0.98999999999999999,FHS500,JPY,0,499,-0.0021394747443146001,0.0043396187472787727,0.0052837594496919441,-5.4218047162209144,-0.0068907565160614519,0.0066110709514646104,1.523422064578873,0.25074266357951286,1.9651164376299768e-18,1.9651164376299768e-18,0.029381195048522477,1.029817080835548
2021-08-16,2021-08-16,2021,funded_assets,EUR,0.94999999999999996,FHS1250,JPY,0,1249,-0.00084859585643670004,0.003840765738051366,0.0051083625223184159,-5.5250178807447528,-0.0087274115069863878,0.013243305589157817,3.4480899102887963,0.041512821091218746,2.1548518178149401e-18,2.1548518178149401e-18,0.029381195048522477,1.029817080835548
2021-08-16,2021-08-16,2021,funded_assets,EUR,0.98999999999999999,FHS1250,JPY,0,1249,-0.00084859585643670004,0.0060587858460051658,0.0074021969364062943,-5.0874665979753342,-0.0087274115069863878,0.013243305589157817,2.1858018959177659,0.14324297318752907,2.1548518178149401e-18,2.1548518178149401e-18,0.029381195048522477,1.029817080835548
2021-08-16,2021-08-16,2021,funded_assets,USD,0.94999999999999996,FHS1250,JPY,0,1249,-0.00084436155779899998,0.0038484992445372472,0.0051376572138174996,-5.5220814114237715,-0.0086491234369139493,0.013330753168244711,3.4638835351642721,0.041548669376885512,2.1548518178149401e-18,2.1548518178149401e-18,0.029381195048522477,1.029817080835548
2021-08-16,2021-08-16,2021,funded_assets,USD,0.98999999999999999,FHS1250,JPY,0,1249,-0.00084436155779899998,0.0061335317569689018,0.0074553556158302925,-5.0761211961357695,-0.0086491234369139493,0.013330753168244711,2.1734220505336661,0.14316072361150611,2.1548518178149401e-18,2.1548518178149401e-18,0.029381195048522477,1.029817080835548
2021-08-16,2021-08-16,2021,net_cashflows,EUR,0.94999999999999996,FHS1250,JPY,0,1249,-0.0021423462130507002,0.0024903809515800183,0.003498368927455575,-5.943589279314307,-0.0068652836982113557,0.0082172326871069908,3.2995886359850211,0.037612095954568187,2.1548518178149401e-18,2.1548518178149401e-18,0.029381195048522477,1.029817080835548
2021-08-16,2021-08-16,2021,net_cashflows,EUR,0.98999999999999999,FHS1250,JPY,0,1249,-0.0021423462130507002,0.0039817861111073882,0.0050065013618643883,-5.501694853211422,-0.0068652836982113557,0.0082172326871069908,2.0637051960638004,0.13141011883689868,2.1548518178149401e-18,2.1548518178149401e-18,0.029381195048522477,1.029817080835548
2021-08-16,2021-08-16,2021,net_cashflows,USD,0.94999999999999996,FHS1250,JPY,0,1249,-0.0021394747443146001,0.0025015437868822232,0.0035201863979018796,-5.9386131188493536,-0.0068907565160614519,0.008179251978635239,3.2696817147579802,0.037206214416416042,2.1548518178149401e-18,2.1548518178149401e-18,0.029381195048522477,1.029817080835548
2021-08-16,2021-08-16,2021,net_cashflows,USD,0.98999999999999999,FHS1250,JPY,0,1249,-0.0021394747443146001,0.0040136164165853914,0.0050354179601964947,-5.4941816310781597,-0.0068907565160614519,0.008179251978635239,2.0378758530178098,0.13005157758639926,2.1548518178149401e-18,2.1548518178149401e-18,0.029381195048522477,1.029817080835548
2021-08-16,2021-08-16,2021,funded_assets,EUR,0.94999999999999996,TCOP1250,JPY,12,4096,-0.00084859585643670004,0.0036681268008261214,0.0048326005651848055,-5.5733326749352416,-0.010921410332882131,0.0091260889943619306,2.4879426175525308,0.0092209113533633733,2.7511630126819675e-18,2.7511630126819675e-18,0.027533724665807394,1.0279162806557505
2021-08-16,2021-08-16,2021,funded_assets,EUR,0.98999999999999999,TCOP1250,JPY,12,4096,-0.00084859585643670004,0.0054042391114786092,0.0065618689900099787,-5.2028975162370701,-0.010921410332882131,0.0091260889943619306,1.6886908232794713,0.033954488793988442,2.7511630126819675e-18,2.7511630126819675e-18,0.027533724665807394,1.0279162806557505
2021-08-16,2021-08-16,2021,funded_assets,USD,0.94999999999999996,TCOP1250,JPY,12,4096,-0.00084436155779899998,0.0036934123230553139,0.0048606797943499622,-5.5667218771471356,-0.010878445358788166,0.0092163485988353382,2.4953478768953872,0.0092583144841304824,2.7511630126819675e-18,2.7511630126819675e-18,0.027533724665807394,1.0279162806557505
2021-08-16,2021-08-16,2021,funded_assets,USD,0.98999999999999999,TCOP1250,JPY,12,4096,-0.00084436155779899998,0.0054458260418070517,0.0066218034142443028,-5.1949792341655927,-0.010878445358788166,0.0092163485988353382,1.6923692619048734,0.033979944229351862,2.7511630126819675e-18,2.7511630126819675e-18,0.027533724665807394,1.0279162806557505
2021-08-16,2021-08-16,2021,net_cashflows,EUR,0.94999999999999996,TCOP1250,JPY,12,4096,-0.0021423462130507002,0.0024297746300947277,0.0033716283729079842,-5.9717062979292059,-0.0072249156356912203,0.0082366912832869676,3.3898992858304107,0.011928425884608077,2.7511630126819675e-18,2.7511630126819675e-18,0.027533724665807394,1.0279162806557505
2021-08-16,2021-08-16,2021,net_cashflows,EUR,0.98999999999999999,TCOP1250,JPY,12,4096,-0.0021423462130507002,0.0039523417527371207,0.0050027648174060663,-5.5077330639114441,-0.0072249156356912203,0.0082366912832869676,2.0840028010186114,0.040195992240874272,2.7511630126819675e-18,2.7511630126819675e-18,0.027533724665807394,1.0279162806557505
2021-08-16,2021-08-16,2021,net_cashflows,USD,0.94999999999999996,TCOP1250,JPY,12,4096,-0.0021394747443146001,0.0024311972634482003,0.0033860552298954944,-5.9700868465199894,-0.007230218257313327,0.0083291175385428184,3.4259324258737927,0.012010884781823619,2.7511630126819675e-18,2.7511630126819675e-18,0.027533724665807394,1.0279162806557505
2021-08-16,2021-08-16,2021,net_cashflows,USD,0.98999999999999999,TCOP1250,JPY,12,4096,-0.0021394747443146001,0.003972982534130573,0.0050285092109051098,-5.5025401887256296,-0.007230218257313327,0.0083291175385428184,2.0964395053313565,0.040438942761572207,2.7511630126819675e-18,2.7511630126819675e-18,0.027533724665807394,1.0279162806557505
2021-08-16,2021-08-16,2021,funded_assets,EUR,0.94999999999999996,TCOP1250,JPY,14,16384,-0.00084859585643670004,0.0036693586066331996,0.0048682614858544014,-5.5712875936835431,-0.011351495789674121,0.01264058791922229,3.4449039394436825,0.0031695925166854051,3.1170812458958252e-18,3.1170812458958252e-18,0.030251877557071101,1.0307141150141512
2021-08-16,2021-08-16,2021,funded_assets,EUR,0.98999999999999999,TCOP1250,JPY,14,16384,-0.00084859585643670004,0.0056009762309229827,0.0068062427697865024,-5.1669975414464844,-0.011351495789674121,0.01264058791922229,2.2568544121707963,0.011335479571290625,3.1170812458958252e-18,3.1170812458958252e-18,0.030251877557071101,1.0307141150141512
2021-08-16,2021-08-16,2021,funded_assets,USD,0.94999999999999996,TCOP1250,JPY,14,16384,-0.00084436155779899998,0.0036934123230553139,0.0048967537649559833,-5.5649254802455488,-0.011235110628459189,0.012605423339653862,3.4129477667487271,0.0031423837916427699,3.1170812458958252e-18,3.1170812458958252e-18,0.030251877557071101,1.0307141150141512
2021-08-16,2021-08-16,2021,funded_assets,USD,0.98999999999999999,TCOP1250,JPY,14,16384,-0.00084436155779899998,0.0056262425847720104,0.0068600342395588668,-5.1618949592933845,-0.011235110628459189,0.012605423339653862,2.2404692207498664,0.011215308207887954,3.1170812458958252e-18,3.1170812458958252e-18,0.030251877557071101,1.0307141150141512
2021-08-16,2021-08-16,2021,net_cashflows,EUR,0.94999999999999996,TCOP1250,JPY,14,16384,-0.0021423462130507002,0.0024197314231835911,0.0033457702360353931,-5.9768373089749263,-0.00820950683820083,0.0090285661289943551,3.7312265495629493,0.0032940692607129657,3.1170812458958252e-18,3.1170812458958252e-18,0.030251877557071101,1.0307141150141512
2021-08-16,2021-08-16,2021,net_cashflows,EUR,0.98999999999999999,TCOP1250,JPY,14,16384,-0.0021423462130507002,0.0038768361426416375,0.0048419263023712876,-5.5297621059869533,-0.00820950683820083,0.0090285661289943551,2.3288490399912494,0.011381006442141657,3.1170812458958252e-18,3.1170812458958252e-18,0.030251877557071101,1.0307141150141512
2021-08-16,2021-08-16,2021,net_cashflows,USD,0.94999999999999996,TCOP1250,JPY,14,16384,-0.0021394747443146001,0.0024232922382327951,0.0033594473778786539,-5.9746422225054916,-0.0082125913837355485,0.009162320218147323,3.7809390355779033,0.0033292597455732795,3.1170812458958252e-18,3.1170812458958252e-18,0.030251877557071101,1.0307141150141512
2021-08-16,2021-08-16,2021,net_cashflows,USD,0.98999999999999999,TCOP1250,JPY,14,16384,-0.0021394747443146001,0.0039018648151340199,0.0048671241324165357,-5.5235743568879467,-0.0082125913837355485,0.009162320218147323,2.3481900712217829,0.011489816797614733,3.1170812458958252e-18,3.1170812458958252e-18,0.030251877557071101,1.0307141150141512
2021-08-16,2021-08-16,2021,funded_assets,EUR,0.94999999999999996,TCOP1250,JPY,16,65536,-0.00084859585643670004,0.0036626131003875684,0.0049158420016742043,-5.5702290013822875,-0.014334343021753404,0.016788619381304132,4.5837818303897846,0.0010422385491749848,3.1170812458958252e-18,3.1170812458958252e-18,0.047289699824626732,1.0484256938284588
2021-08-16,2021-08-16,2021,funded_assets,EUR,0.98999999999999999,TCOP1250,JPY,16,65536,-0.00084859585643670004,0.0056607316806528418,0.0069784513632162792,-5.1537552039741108,-0.014334343021753404,0.016788619381304132,2.9658037738626626,0.003670929099545253,3.1170812458958252e-18,3.1170812458958252e-18,0.047289699824626732,1.0484256938284588
2021-08-16,2021-08-16,2021,funded_assets,USD,0.94999999999999996,TCOP1250,JPY,16,65536,-0.00084436155779899998,0.003679410979694952,0.0049465303676045026,-5.5652321527538984,-0.014221298286592899,0.017080329354941963,4.6421368662540754,0.0010537695045883283,3.1170812458958252e-18,3.1170812458958252e-18,0.047289699824626732,1.0484256938284588
2021-08-16,2021-08-16,2021,funded_assets,USD,0.98999999999999999,TCOP1250,JPY,16,65536,-0.00084436155779899998,0.0057047245093811323,0.0070381294041198684,-5.1458672980001756,-0.014221298286592899,0.017080329354941963,2.9940673431038118,0.003703045621646645,3.1170812458958252e-18,3.1170812458958252e-18,0.047289699824626732,1.0484256938284588
2021-08-16,2021-08-16,2021,net_cashflows,EUR,0.94999999999999996,TCOP1250,JPY,16,65536,-0.0021423462130507002,0.0024263392855133903,0.0033345215133749415,-5.9757836695626754,-0.0090615471188137953,0.00947046691375154,3.9031915158343899,0.00086673818945651648,3.1170812458958252e-18,3.1170812458958252e-18,0.047289699824626732,1.0484256938284588
2021-08-16,2021-08-16,2021,net_cashflows,EUR,0.98999999999999999,TCOP1250,JPY,16,65536,-0.0021423462130507002,0.0038797020074682106,0.0047485943335489073,-5.5328854836285508,-0.0090615471188137953,0.00947046691375154,2.441029464510784,0.0030431712378412557,3.1170812458958252e-18,3.1170812458958252e-18,0.047289699824626732,1.0484256938284588
2021-08-16,2021-08-16,2021,net_cashflows,USD,0.94999999999999996,TCOP1250,JPY,16,65536,-0.0021394747443146001,0.0024317592727642152,0.0033485619432933175,-5.9730142649311349,-0.0089663640251473192,0.0097314927444238537,4.0018322756766658,0.00088689292636690291,3.1170812458958252e-18,3.1170812458958252e-18,0.047289699824626732,1.0484256938284588
2021-08-16,2021-08-16,2021,net_cashflows,USD,0.98999999999999999,TCOP1250,JPY,16,65536,-0.0021394747443146001,0.0038959572851551875,0.0047752668555527782,-5.5284437310118886,-0.0089663640251473192,0.0097314927444238537,2.4978437986227098,0.0031095810881803291,3.1170812458958252e-18,3.1170812458958252e-18,0.047289699824626732,1.0484256938284588
2021-08-16,2021-08-16,2021,funded_assets,EUR,0.94999999999999996,FHS250,CHF,0,249,-0.00084859585643670004,0.0039766260956646815,0.0050199898388650138,-5.5021691732175881,-0.0081290396056405978,0.0081492374206920126,2.0492842989629607,0.13039014889590567,1.621644577518358e-18,1.621644577518358e-18,0.021118717506797058,1.0193702667217097
2021-08-16,2021-08-16,2021,funded_assets,EUR,0.98999999999999999,FHS250,CHF,0,249,-0.00084859585643670004,0.0060140524538490059,0.0071393970663612277,-5.0997515514799101,-0.0081290396056405978,0.0081492374206920126,1.3550326478240946,0.4584121155199693,1.621644577518358e-18,1.621644577518358e-18,0.021118717506797058,1.0193702667217097
2021-08-16,2021-08-16,2021,funded_assets,USD,0.94999999999999996,FHS250,CHF,0,249,-0.00084436155779899998,0.0040212790893402487,0.005050200235082976,-5.4920660691596659,-0.008147690026556402,0.0082350246845853421,2.0478620114716835,0.13097456240154001,1.621644577518358e-18,1.621644577518358e-18,0.021118717506797058,1.0193702667217097
2021-08-16,2021-08-16,2021,funded_assets,USD,0.98999999999999999,FHS250,CHF,0,249,-0.00084436155779899998,0.0060807733031452444,0.0071933475625056802,-5.0892657370256202,-0.008147690026556402,0.0082350246845853421,1.3542726021912088,0.45976352461950504,1.621644577518358e-18,1.621644577518358e-18,0.021118717506797058,1.0193702667217097
2021-08-16,2021-08-16,2021,net_cashflows,EUR,0.94999999999999996,FHS250,CHF,0,249,-0.0021423462130507002,0.002075880816565445,0.0029469365800004572,-6.1225691801827367,-0.0063192194432406751,0.0043137939750438779,2.0780547421701554,0.11757615629009724,1.621644577518358e-18,1.621644577518358e-18,0.021118717506797058,1.0193702667217097
2021-08-16,2021-08-16,2021,net_cashflows,EUR,0.98999999999999999,FHS250,CHF,0,249,-0.0021423462130507002,0.0034497786053475973,0.0041268735698900185,-5.6543048771191202,-0.0063192194432406751,0.0043137939750438779,1.2504553099021909,0.41979657244063862,1.621644577518358e-18,1.621644577518358e-18,0.021118717506797058,1.0193702667217097
2021-08-16,2021-08-16,2021,net_cashflows,USD,0.94999999999999996,FHS250,CHF,0,249,-0.0021394747443146001,0.0020794766612179292,0.0029680654199996902,-6.1192280567288293,-0.0063334845730774955,0.0043242133119154773,2.0794719135644582,0.11702113036141031,1.621644577518358e-18,1.621644577518358e-18,0.021118717506797058,1.0193702667217097
2021-08-16,2021-08-16,2021,net_cashflows,USD,0.98999999999999999,FHS250,CHF,0,249,-0.0021394747443146001,0.0034553568017354867,0.0041445386262391522,-5.6522505469167807,-0.0063334845730774955,0.0043242133119154773,1.2514520381060499,0.41901693017896846,1.621644577518358e-18,1.621644577518358e-18,0.021118717506797058,1.0193702667217097
2021-08-16,2021-08-16,2021,funded_assets,EUR,0.94999999999999996,FHS500,CHF,0,499,-0.00084859585643670004,0.0045481559005292049,0.0067184360747098437,-5.3259334163819423,-0.0081290396056405978,0.01378889768217853,3.0317557233634207,0.08226039864054259,1.9888333601530972e-18,1.9888333601530972e-18,0.026332181126386855,1.0266819361974706
2021-08-16,2021-08-16,2021,funded_assets,EUR,0.98999999999999999,FHS500,CHF,0,499,-0.00084859585643670004,0.0081492374206920126,0.01023664558662887,-4.7856965446144066,-0.0081290396056405978,0.01378889768217853,1.6920476076898507,0.26994254371203458,1.9888333601530972e-18,1.9888333601530972e-18,0.026332181126386855,1.0266819361974706
2021-08-16,2021-08-16,2021,funded_assets,USD,0.94999999999999996,FHS500,CHF,0,499,-0.00084436155779899998,0.0046051328259843673,0.0067744188573602704,-5.3148189809781918,-0.008147690026556402,0.014097081370766007,3.0611671592236203,0.083403948484754672,1.9888333601530972e-18,1.9888333601530972e-18,0.026332181126386855,1.0266819361974706
2021-08-16,2021-08-16,2021,funded_assets,USD,0.98999999999999999,FHS500,CHF,0,499,-0.00084436155779899998,0.0082350246845853421,0.01037154951137606,-4.7746874596310445,-0.008147690026556402,0.014097081370766007,1.7118444583600951,0.27238614672459999,1.9888333601530972e-18,1.9888333601530972e-18,0.026332181126386855,1.0266819361974706
2021-08-16,2021-08-16,2021,net_cashflows,EUR,0.94999999999999996,FHS500,CHF,0,499,-0.0021423462130507002,0.0023359752558583463,0.0038851196625997084,-5.9493393818992768,-0.0082591210758975013,0.0089896845901452083,3.8483646466717296,0.092740515324029854,1.9888333601530972e-18,1.9888333601530972e-18,0.026332181126386855,1.0266819361974706
2021-08-16,2021-08-16,2021,net_cashflows,EUR,0.98999999999999999,FHS500,CHF,0,499,-0.0021423462130507002,0.0045972321532869566,0.0068723374510426486,-5.3113036072436222,-0.0082591210758975013,0.0089896845901452083,1.9554558678786125,0.2621437045050467,1.9888333601530972e-18,1.9888333601530972e-18,0.026332181126386855,1.0266819361974706
2021-08-16,2021-08-16,2021,net_cashflows,USD,0.94999999999999996,FHS500,CHF,0,499,-0.0021394747443146001,0.0023693670947231298,0.0039310505478973527,-5.9361173024236003,-0.0081463092627722163,0.0091830532574107785,3.8757410271555477,0.093628469617842602,1.9888333601530972e-18,1.9888333601530972e-18,0.026332181126386855,1.0266819361974706
2021-08-16,2021-08-16,2021,net_cashflows,USD,0.98999999999999999,FHS500,CHF,0,499,-0.0021394747443146001,0.0045864397825569475,0.0069918609946008261,-5.3070401339178677,-0.0081463092627722163,0.0091830532574107785,2.0022182112442803,0.26320477986778373,1.9888333601530972e-18,1.9888333601530972e-18,0.026332181126386855,1.0266819361974706
2021-08-16,2021-08-16,2021,funded_assets,EUR,0.94999999999999996,FHS1250,CHF,0,1249,-0.00084859585643670004,0.0046831642528827877,0.0066296168304623183,-5.3098078287205999,-0.01358029106322689,0.01963980580367497,4.1937042442159509,0.047436901964028722,2.3174821436877657e-18,2.3174821436877657e-18,0.033063436082754895,1.0330751439131416
2021-08-16,2021-08-16,2021,funded_assets,EUR,0.98999999999999999,FHS1250,CHF,0,1249,-0.00084859585643670004,0.0074122799102715464,0.010000638396114777,-4.8639256740734051,-0.01358029106322689,0.01963980580367497,2.6496308883936188,0.15723420405236019,2.3174821436877657e-18,2.3174821436877657e-18,0.033063436082754895,1.0330751439131416
2021-08-16,2021-08-16,2021,funded_assets,USD,0.94999999999999996,FHS1250,CHF,0,1249,-0.00084436155779899998,0.0046810954208154664,0.0066859370658592281,-5.3076083888124934,-0.013384319265903258,0.019827799826267551,4.2357179343320173,0.047487553820772271,2.3174821436877657e-18,2.3174821436877657e-18,0.033063436082754895,1.0330751439131416
2021-08-16,2021-08-16,2021,funded_assets,USD,0.98999999999999999,FHS1250,CHF,0,1249,-0.00084436155779899998,0.0075098775265724244,0.010099110239215229,-4.8516902146896772,-0.013384319265903258,0.019827799826267551,2.6402294519598026,0.15719146971206754,2.3174821436877657e-18,2.3174821436877657e-18,0.033063436082754895,1.0330751439131416
2021-08-16,2021-08-16,2021,net_cashflows,EUR,0.94999999999999996,FHS1250,CHF,0,1249,-0.0021423462130507002,0.002846082459912502,0.0039820665376914255,-5.8112293754754178,-0.0094931168279937771,0.0089896845901452083,3.1586170523047956,0.036149600256705848,2.3174821436877657e-18,2.3174821436877657e-18,0.033063436082754895,1.0330751439131416
2021-08-16,2021-08-16,2021,net_cashflows,EUR,0.98999999999999999,FHS1250,CHF,0,1249,-0.0021423462130507002,0.0044399920483579663,0.006116531011667788,-5.3708598137708687,-0.0094931168279937771,0.0089896845901452083,2.024707362588599,0.11767300227739629,2.3174821436877657e-18,2.3174821436877657e-18,0.033063436082754895,1.0330751439131416
2021-08-16,2021-08-16,2021,net_cashflows,USD,0.94999999999999996,FHS1250,CHF,0,1249,-0.0021394747443146001,0.0028631285238560566,0.0040119440473013294,-5.8048281951547471,-0.009357386971831522,0.0091830532574107785,3.2073492967207278,0.036652178489112404,2.3174821436877657e-18,2.3174821436877657e-18,0.033063436082754895,1.0330751439131416
2021-08-16,2021-08-16,2021,net_cashflows,USD,0.98999999999999999,FHS1250,CHF,0,1249,-0.0021394747443146001,0.004469551123358487,0.0061792317029517986,-5.3632430751770901,-0.009357386971831522,0.0091830532574107785,2.0545806511573126,0.11898444368073842,2.3174821436877657e-18,2.3174821436877657e-18,0.033063436082754895,1.0330751439131416
2021-08-16,2021-08-16,2021,funded_assets,EUR,0.94999999999999996,TCOP1250,CHF,12,4096,-0.00084859585643670004,0.0049100353039598921,0.0066941851850697894,-5.2730383494293269,-0.019815380744599681,0.014050291189346559,2.8615458585430424,0.010248437345443104,3.0493186101154812e-18,3.0493186101154812e-18,0.03585000434137154,1.0365003642755783
2021-08-16,2021-08-16,2021,funded_assets,EUR,0.98999999999999999,TCOP1250,CHF,12,4096,-0.00084859585643670004,0.0077297360015074201,0.009786096515550697,-4.8369234464745379,-0.019815380744599681,0.014050291189346559,1.8176935391592328,0.03505224853390921,3.0493186101154812e-18,3.0493186101154812e-18,0.03585000434137154,1.0365003642755783
2021-08-16,2021-08-16,2021,funded_assets,USD,0.94999999999999996,TCOP1250,CHF,12,4096,-0.00084436155779899998,0.0049402614466451094,0.0067504668285853862,-5.2663036459095407,-0.019634439810817861,0.014056766826327819,2.8453487691169972,0.010167675586306388,3.0493186101154812e-18,3.0493186101154812e-18,0.03585000434137154,1.0365003642755783
2021-08-16,2021-08-16,2021,funded_assets,USD,0.98999999999999999,TCOP1250,CHF,12,4096,-0.00084436155779899998,0.0077390634639282691,0.0099142650588712449,-4.8331818382683656,-0.019634439810817861,0.014056766826327819,1.8163395211638111,0.034615050314679166,3.0493186101154812e-18,3.0493186101154812e-18,0.03585000434137154,1.0365003642755783
2021-08-16,2021-08-16,2021,net_cashflows,EUR,0.94999999999999996,TCOP1250,CHF,12,4096,-0.0021423462130507002,0.0028926738172112996,0.0039878622036261958,-5.7991304289510879,-0.0091559923603813601,0.0081316109440879199,2.811105384819105,0.0099564953690789663,3.0493186101154812e-18,3.0493186101154812e-18,0.03585000434137154,1.0365003642755783
2021-08-16,2021-08-16,2021,net_cashflows,EUR,0.98999999999999999,TCOP1250,CHF,12,4096,-0.0021423462130507002,0.0047658226793765744,0.005681263576827798,-5.3317149365331344,-0.0091559923603813601,0.0081316109440879199,1.7062344722300138,0.034943926668773835,3.0493186101154812e-18,3.0493186101154812e-18,0.03585000434137154,1.0365003642755783
2021-08-16,2021-08-16,2021,net_cashflows,USD,0.94999999999999996,TCOP1250,CHF,12,4096,-0.0021394747443146001,0.0029262908402209933,0.0040106705993908582,-5.7891704973699154,-0.0089412633156698267,0.008237065168603128,2.8148484270213774,0.010028259307727381,3.0493186101154812e-18,3.0493186101154812e-18,0.03585000434137154,1.0365003642755783
2021-08-16,2021-08-16,2021,net_cashflows,USD,0.98999999999999999,TCOP1250,CHF,12,4096,-0.0021394747443146001,0.0047816101925293609,0.0057171883788307912,-5.327921194044424,-0.0089412633156698267,0.008237065168603128,1.7226550967020404,0.035174671624861896,3.0493186101154812e-18,3.0493186101154812e-18,0.03585000434137154,1.0365003642755783
2021-08-16,2021-08-16,2021,funded_assets,EUR,0.94999999999999996,TCOP1250,CHF,14,16384,-0.00084859585643670004,0.004920194819366952,0.0067148426915983007,-5.2707006858845364,-0.019815380744599681,0.021462779135941967,4.3621807517580038,0.0039017565661233614,5.6107462426124854e-18,5.6107462426124854e-18,0.036267190583346549,1.0369328681784222
2021-08-16,2021-08-16,2021,funded_assets,EUR,0.98999999999999999,TCOP1250,CHF,14,16384,-0.00084859585643670004,0.0078927200425765731,0.0096455361195771656,-4.8229830817740051,-0.019815380744599681,0.021462779135941967,2.7193133698095111,0.013581246929993178,5.6107462426124854e-18,5.6107462426124854e-18,0.036267190583346549,1.0369328681784222
2021-08-16,2021-08-16,2021,funded_assets,USD,0.94999999999999996,TCOP1250,CHF,14,16384,-0.00084436155779899998,0.0049433043806539085,0.0067718749816047903,-5.2650015463268778,-0.019634439810817861,0.021485193066833871,4.3463220980116493,0.0038729365780017936,5.6107462426124854e-18,5.6107462426124854e-18,0.036267190583346549,1.0369328681784222
2021-08-16,2021-08-16,2021,funded_assets,USD,0.98999999999999999,TCOP1250,CHF,14,16384,-0.00084436155779899998,0.0079850667131755419,0.0097582982497708241,-4.8113524962985519,-0.019634439810817861,0.021485193066833871,2.6906717048941888,0.013438327896223281,5.6107462426124854e-18,5.6107462426124854e-18,0.036267190583346549,1.0369328681784222
2021-08-16,2021-08-16,2021,net_cashflows,EUR,0.94999999999999996,TCOP1250,CHF,14,16384,-0.0021423462130507002,0.0029298815274918406,0.0039321238238001245,-5.7934613273423592,-0.01147204886463047,0.012906575770437157,4.405152784961234,0.0040067653212394767,5.6107462426124854e-18,5.6107462426124854e-18,0.036267190583346549,1.0369328681784222
2021-08-16,2021-08-16,2021,net_cashflows,EUR,0.98999999999999999,TCOP1250,CHF,14,16384,-0.0021423462130507002,0.0045298522620665915,0.0055764109366496532,-5.3768859423452096,-0.01147204886463047,0.012906575770437157,2.8492266466432108,0.014126556987107266,5.6107462426124854e-18,5.6107462426124854e-18,0.036267190583346549,1.0369328681784222
2021-08-16,2021-08-16,2021,net_cashflows,USD,0.94999999999999996,TCOP1250,CHF,14,16384,-0.0021394747443146001,0.0029446655728420446,0.0039536184962883384,-5.7883213843541794,-0.011455883876461707,0.013032161745853782,4.4256848268429305,0.0040237571186000822,5.6107462426124854e-18,5.6107462426124854e-18,0.036267190583346549,1.0369328681784222
2021-08-16,2021-08-16,2021,net_cashflows,USD,0.98999999999999999,TCOP1250,CHF,14,16384,-0.0021394747443146001,0.0045464723467622987,0.005615824843802476,-5.3725845098389229,-0.011455883876461707,0.013032161745853782,2.8664337428851709,0.014163903799657658,5.6107462426124854e-18,5.6107462426124854e-18,0.036267190583346549,1.0369328681784222
2021-08-16,2021-08-16,2021,funded_assets,EUR,0.94999999999999996,TCOP1250,CHF,16,65536,-0.00084859585643670004,0.004936370395000389,0.0067898846081467408,-5.2653030275210888,-0.019815380744599681,0.025014569001038933,5.0674011468778692,0.0011242960783699818,5.7259427234390703e-18,5.7259427234390703e-18,0.0461560754356252,1.0472378463055492
2021-08-16,2021-08-16,2021,funded_assets,EUR,0.98999999999999999,TCOP1250,CHF,16,65536,-0.00084859585643670004,0.0078672002266826357,0.0098501977756119807,-4.8215792512098643,-0.019815380744599681,0.025014569001038933,3.1796024354634778,0.0038749682044073477,5.7259427234390703e-18,5.7259427234390703e-18,0.0461560754356252,1.0472378463055492
2021-08-16,2021-08-16,2021,funded_assets,USD,0.94999999999999996,TCOP1250,CHF,16,65536,-0.00084436155779899998,0.0049612292900220369,0.0068493073316307695,-5.259267456745973,-0.019634439810817861,0.025650219598877678,5.1701338719548966,0.0011428638585352837,5.7259427234390703e-18,5.7259427234390703e-18,0.0461560754356252,1.0472378463055492
2021-08-16,2021-08-16,2021,funded_assets,USD,0.98999999999999999,TCOP1250,CHF,16,65536,-0.00084436155779899998,0.0079528772906168263,0.0099700428310078547,-4.8104930544659563,-0.019634439810817861,0.025650219598877678,3.2252754143636793,0.0039256731079309959,5.7259427234390703e-18,5.7259427234390703e-18,0.0461560754356252,1.0472378463055492
2021-08-16,2021-08-16,2021,net_cashflows,EUR,0.94999999999999996,TCOP1250,CHF,16,65536,-0.0021423462130507002,0.0029270275572997554,0.0039041444199185318,-5.7959934414797072,-0.012411993296011069,0.012906575770437157,4.4094479870028094,0.0010088700417715765,5.7259427234390703e-18,5.7259427234390703e-18,0.0461560754356252,1.0472378463055492
2021-08-16,2021-08-16,2021,net_cashflows,EUR,0.98999999999999999,TCOP1250,CHF,16,65536,-0.0021423462130507002,0.004495624606393368,0.0054391918694251615,-5.3876004174897316,-0.012411993296011069,0.012906575770437157,2.8709193717113997,0.0036207348798873535,5.7259427234390703e-18,5.7259427234390703e-18,0.0461560754356252,1.0472378463055492
2021-08-16,2021-08-16,2021,net_cashflows,USD,0.94999999999999996,TCOP1250,CHF,16,65536,-0.0021394747443146001,0.0029422193727924343,0.0039255338546575601,-5.7907448353238342,-0.012349718797971778,0.013032161745853782,4.4293643996657774,0.0010131361209504144,5.7259427234390703e-18,5.7259427234390703e-18,0.0461560754356252,1.0472378463055492
2021-08-16,2021-08-16,2021,net_cashflows,USD,0.98999999999999999,TCOP1250,CHF,16,65536,-0.0021394747443146001,0.0045331718235174364,0.0054767856719013354,-5.3795302741822333,-0.012349718797971778,0.013032161745853782,2.8748439841271449,0.0036308707154378999,5.7259427234390703e-18,5.7259427234390703e-18,0.0461560754356252,1.0472378463055492
2021-08-16,2021-08-16,2021,funded_assets,EUR,0.94999999999999996,FHS_REF_POOL,ALL_FIVE,0,6245,-0.00084859585643670004,0.0040221148942008733,0.0054962417041801862,-5.4718970756856322,-0.01358029106322689,0.01963980580367497,4.8829549429311045,0.011443764687660316,3.6049722235143022e-18,3.6049722235143022e-18,0.033063436082754895,1.0330751439131416
2021-08-16,2021-08-16,2021,funded_assets,EUR,0.98999999999999999,FHS_REF_POOL,ALL_FIVE,0,6245,-0.00084859585643670004,0.0062212826673260224,0.0080808602651893571,-5.048378185307147,-0.01358029106322689,0.01963980580367497,3.1568740489517704,0.03891769852777506,3.6049722235143022e-18,3.6049722235143022e-18,0.033063436082754895,1.0330751439131416
2021-08-16,2021-08-16,2021,funded_assets,USD,0.94999999999999996,FHS_REF_POOL,ALL_FIVE,0,6245,-0.00084436155779899998,0.0040340459085400678,0.0055312074703283524,-5.4680244961427293,-0.013384319265903258,0.019827799826267551,4.9151150670576493,0.011480270735114498,3.6049722235143022e-18,3.6049722235143022e-18,0.033063436082754895,1.0330751439131416
2021-08-16,2021-08-16,2021,funded_assets,USD,0.98999999999999999,FHS_REF_POOL,ALL_FIVE,0,6245,-0.00084436155779899998,0.0062500874095680866,0.0081448437041360174,-5.0430028418940189,-0.013384319265903258,0.019827799826267551,3.1724036044541903,0.0389815701553681,3.6049722235143022e-18,3.6049722235143022e-18,0.033063436082754895,1.0330751439131416
2021-08-16,2021-08-16,2021,net_cashflows,EUR,0.94999999999999996,FHS_REF_POOL,ALL_FIVE,0,6245,-0.0021423462130507002,0.0025758969581776816,0.0036990995073218932,-5.9033080212123767,-0.0094931168279937771,0.0089896845901452083,3.4899239900127688,0.0077829814120014308,3.6049722235143022e-18,3.6049722235143022e-18,0.033063436082754895,1.0330751439131416
2021-08-16,2021-08-16,2021,net_cashflows,EUR,0.98999999999999999,FHS_REF_POOL,ALL_FIVE,0,6245,-0.0021423462130507002,0.004257338391844989,0.0055184276608619635,-5.4281855977244771,-0.0094931168279937771,0.0089896845901452083,2.1115738902421093,0.02608534937480092,3.6049722235143022e-18,3.6049722235143022e-18,0.033063436082754895,1.0330751439131416
2021-08-16,2021-08-16,2021,net_cashflows,USD,0.94999999999999996,FHS_REF_POOL,ALL_FIVE,0,6245,-0.0021394747443146001,0.0025934439309218639,0.0037224825295049833,-5.8966670782860424,-0.009357386971831522,0.0091830532574107785,3.5408720998053642,0.0079004528910213388,3.6049722235143022e-18,3.6049722235143022e-18,0.033063436082754895,1.0330751439131416
2021-08-16,2021-08-16,2021,net_cashflows,USD,0.98999999999999999,FHS_REF_POOL,ALL_FIVE,0,6245,-0.0021394747443146001,0.0042863720400938641,0.0055643817137842697,-5.4210462547733673,-0.009357386971831522,0.0091830532574107785,2.1423836222134574,0.02642638425501111,3.6049722235143022e-18,3.6049722235143022e-18,0.033063436082754895,1.0330751439131416
2021-08-16,2021-08-16,2021,funded_assets,EUR,0.94999999999999996,TCOP_REF_POOL,ALL_FIVE,12,20480,-0.00084859585643670004,0.0039734603919058531,0.0054294806066652965,-5.4840811391988362,-0.019860552301555617,0.014050291189346559,3.5360340367221825,0.0025271270833442496,3.0493186101154812e-18,3.0493186101154812e-18,0.03585000434137154,1.0365003642755783
2021-08-16,2021-08-16,2021,funded_assets,EUR,0.98999999999999999,TCOP_REF_POOL,ALL_FIVE,12,20480,-0.00084859585643670004,0.0061931838916474968,0.0077957873454146268,-5.0597447830340583,-0.019860552301555617,0.014050291189346559,2.2686701113938557,0.0088002576786979265,3.0493186101154812e-18,3.0493186101154812e-18,0.03585000434137154,1.0365003642755783
2021-08-16,2021-08-16,2021,funded_assets,USD,0.94999999999999996,TCOP_REF_POOL,ALL_FIVE,12,20480,-0.00084436155779899998,0.0039924056251670397,0.0054656397773641353,-5.4788187810847813,-0.019634439810817861,0.014056766826327819,3.5208764204012191,0.0025115653268419193,3.0493186101154812e-18,3.0493186101154812e-18,0.03585000434137154,1.0365003642755783
2021-08-16,2021-08-16,2021,funded_assets,USD,0.98999999999999999,TCOP_REF_POOL,ALL_FIVE,12,20480,-0.00084436155779899998,0.0062461293935451327,0.0078703032514283681,-5.0510260642141525,-0.019634439810817861,0.014056766826327819,2.2504764055727606,0.0087209545269709907,3.0493186101154812e-18,3.0493186101154812e-18,0.03585000434137154,1.0365003642755783
2021-08-16,2021-08-16,2021,net_cashflows,EUR,0.94999999999999996,TCOP_REF_POOL,ALL_FIVE,12,20480,-0.0021423462130507002,0.0026172820182478462,0.0035821157343309748,-5.9011491095914126,-0.0097007805301650984,0.0084747467040417468,3.2379952351161654,0.0023103998982633308,3.0493186101154812e-18,3.0493186101154812e-18,0.03585000434137154,1.0365003642755783
2021-08-16,2021-08-16,2021,net_cashflows,EUR,0.98999999999999999,TCOP_REF_POOL,ALL_FIVE,12,20480,-0.0021423462130507002,0.0041832213902160192,0.0051553453262161439,-5.4562873864392447,-0.0097007805301650984,0.0084747467040417468,2.0258900769304287,0.0080267366242953164,3.0493186101154812e-18,3.0493186101154812e-18,0.03585000434137154,1.0365003642755783
2021-08-16,2021-08-16,2021,net_cashflows,USD,0.94999999999999996,TCOP_REF_POOL,ALL_FIVE,12,20480,-0.0021394747443146001,0.0026266576406184898,0.0035984466582528948,-5.8973109298642976,-0.0096736103229584074,0.0085740996303534257,3.2642623453334836,0.0023268773905717167,3.0493186101154812e-18,3.0493186101154812e-18,0.03585000434137154,1.0365003642755783
2021-08-16,2021-08-16,2021,net_cashflows,USD,0.98999999999999999,TCOP_REF_POOL,ALL_FIVE,12,20480,-0.0021394747443146001,0.004199302879123604,0.0051875937791456489,-5.4519957800885415,-0.0096736103229584074,0.0085740996303534257,2.0417911918139238,0.0080703545099535465,3.0493186101154812e-18,3.0493186101154812e-18,0.03585000434137154,1.0365003642755783
2021-08-16,2021-08-16,2021,funded_assets,EUR,0.94999999999999996,EWMA_RADIAL,ALL_EQUIVARIANT,12,4096,-0.00084859585643670004,0.0030716436325427809,0.0041380587922545693,-5.7452375320849276,-0.012289770749715018,0.011399798064146011,3.7113022954127599,0.013451494838419288,2.0311850075158122e-18,2.0311850075158122e-18,0.025667241433181644,1.0259994815465345
2021-08-16,2021-08-16,2021,funded_assets,EUR,0.98999999999999999,EWMA_RADIAL,ALL_EQUIVARIANT,12,4096,-0.00084859585643670004,0.0046134983504058369,0.0059128563737377024,-5.3503775774656139,-0.012289770749715018,0.011399798064146011,2.4709661082122638,0.047069532022051733,2.0311850075158122e-18,2.0311850075158122e-18,0.025667241433181644,1.0259994815465345
2021-08-16,2021-08-16,2021,funded_assets,USD,0.94999999999999996,EWMA_RADIAL,ALL_EQUIVARIANT,12,4096,-0.00084436155779899998,0.0030764991618999491,0.0041534055324887013,-5.7431094119312327,-0.012199113775315283,0.0116070324539711,3.7728053359205083,0.013645420056104259,2.0311850075158122e-18,2.0311850075158122e-18,0.025667241433181644,1.0259994815465345
2021-08-16,2021-08-16,2021,funded_assets,USD,0.98999999999999999,EWMA_RADIAL,ALL_EQUIVARIANT,12,4096,-0.00084436155779899998,0.0046307187233355779,0.0059440399369964318,-5.3463138283661493,-0.012199113775315283,0.0116070324539711,2.5065293634613974,0.047673773859933044,2.0311850075158122e-18,2.0311850075158122e-18,0.025667241433181644,1.0259994815465345
2021-08-16,2021-08-16,2021,net_cashflows,EUR,0.94999999999999996,EWMA_RADIAL,ALL_EQUIVARIANT,12,4096,-0.0021423462130507002,0.0028056916043471157,0.0037586580372617412,-5.8372322989975904,-0.0097986806494168577,0.0092506846058222122,3.2971138351375742,0.012017416316961099,2.0311850075158122e-18,2.0311850075158122e-18,0.025667241433181644,1.0259994815465345
2021-08-16,2021-08-16,2021,net_cashflows,EUR,0.98999999999999999,EWMA_RADIAL,ALL_EQUIVARIANT,12,4096,-0.0021423462130507002,0.0043924393398160795,0.005532246776911799,-5.4031910102088734,-0.0097986806494168577,0.0092506846058222122,2.1060472075203562,0.040823701696908563,2.0311850075158122e-18,2.0311850075158122e-18,0.025667241433181644,1.0259994815465345
2021-08-16,2021-08-16,2021,net_cashflows,USD,0.94999999999999996,EWMA_RADIAL,ALL_EQUIVARIANT,12,4096,-0.0021394747443146001,0.0028108505348512685,0.0037726722219847968,-5.8349161246576564,-0.0096724838926709206,0.0092929961767082483,3.3061153773514222,0.012027537836353826,2.0311850075158122e-18,2.0311850075158122e-18,0.025667241433181644,1.0259994815465345
2021-08-16,2021-08-16,2021,net_cashflows,USD,0.98999999999999999,EWMA_RADIAL,ALL_EQUIVARIANT,12,4096,-0.0021394747443146001,0.00438549665873265,0.005564575045720067,-5.4032247634549986,-0.0096724838926709206,0.0092929961767082483,2.1190293596971523,0.040772168154137513,2.0311850075158122e-18,2.0311850075158122e-18,0.025667241433181644,1.0259994815465345
2021-08-16,2021-08-16,2021,funded_assets,EUR,0.94999999999999996,TCOP_REF_POOL,ALL_FIVE,14,81920,-0.00084859585643670004,0.0039982303657812579,0.0054635662527789406,-5.4778549003134414,-0.019860552301555617,0.021462779135941967,5.3680696639269607,0.00095906887004813595,5.6107462426124854e-18,5.6107462426124854e-18,0.055956769557305643,1.0371512139158676
2021-08-16,2021-08-16,2021,funded_assets,EUR,0.98999999999999999,TCOP_REF_POOL,ALL_FIVE,14,81920,-0.00084859585643670004,0.0062984422606675861,0.0079094662489699302,-5.0433779995242274,-0.019860552301555617,0.021462779135941967,3.4076329110726942,0.0033124462179532264,5.6107462426124854e-18,5.6107462426124854e-18,0.055956769557305643,1.0371512139158676
2021-08-16,2021-08-16,2021,funded_assets,USD,0.94999999999999996,TCOP_REF_POOL,ALL_FIVE,14,81920,-0.00084436155779899998,0.0040197877817215229,0.0055001818736065532,-5.4721277811688589,-0.019634439810817861,0.021485193066833871,5.3448575480849332,0.0009536790935502264,5.6107462426124854e-18,5.6107462426124854e-18,0.055956769557305643,1.0371512139158676
2021-08-16,2021-08-16,2021,funded_assets,USD,0.98999999999999999,TCOP_REF_POOL,ALL_FIVE,14,81920,-0.00084436155779899998,0.0063463770629824182,0.007982593612837572,-5.0354649549484991,-0.019634439810817861,0.021485193066833871,3.385426496662824,0.0032855289383307957,5.6107462426124854e-18,5.6107462426124854e-18,0.055956769557305643,1.0371512139158676
2021-08-16,2021-08-16,2021,net_cashflows,EUR,0.94999999999999996,TCOP_REF_POOL,ALL_FIVE,14,81920,-0.0021423462130507002,0.0026205801475123643,0.0036017440787909027,-5.8987506457729619,-0.013550346704033968,0.012906575770437157,4.9250833952508453,0.00087485934765864077,5.6107462426124854e-18,5.6107462426124854e-18,0.055956769557305643,1.0371512139158676
2021-08-16,2021-08-16,2021,net_cashflows,EUR,0.98999999999999999,TCOP_REF_POOL,ALL_FIVE,14,81920,-0.0021423462130507002,0.004171925646782748,0.0052420988322222891,-5.4551830740380165,-0.013550346704033968,0.012906575770437157,3.0936734887378168,0.0030054941503922065,5.6107462426124854e-18,5.6107462426124854e-18,0.055956769557305643,1.0371512139158676
2021-08-16,2021-08-16,2021,net_cashflows,USD,0.94999999999999996,TCOP_REF_POOL,ALL_FIVE,14,81920,-0.0021394747443146001,0.0026308046400893201,0.0036177911903307767,-5.8947062889907595,-0.013582008613403758,0.013032161745853782,4.9536790179187609,0.00087945377340667582,5.6107462426124854e-18,5.6107462426124854e-18,0.055956769557305643,1.0371512139158676
2021-08-16,2021-08-16,2021,net_cashflows,USD,0.98999999999999999,TCOP_REF_POOL,ALL_FIVE,14,81920,-0.0021394747443146001,0.0041891500524869245,0.0052756407727680144,-5.4505999214430485,-0.013582008613403758,0.013032161745853782,3.110932189721189,0.0030154442377475148,5.6107462426124854e-18,5.6107462426124854e-18,0.055956769557305643,1.0371512139158676
2021-08-16,2021-08-16,2021,funded_assets,EUR,0.94999999999999996,EWMA_RADIAL,ALL_EQUIVARIANT,14,16384,-0.00084859585643670004,0.0030558522985252023,0.0041878381823491776,-5.7458737826364592,-0.012453463913608437,0.013466623183622017,4.4068305232295426,0.0039253543923283771,2.6935647722686751e-18,2.6935647722686751e-18,0.027401428339677653,1.0263860646680936
2021-08-16,2021-08-16,2021,funded_assets,EUR,0.98999999999999999,EWMA_RADIAL,ALL_EQUIVARIANT,14,16384,-0.00084859585643670004,0.0047740507591235715,0.0061060447374670429,-5.3166195592276919,-0.012453463913608437,0.013466623183622017,2.8207959787369843,0.013461045333139894,2.6935647722686751e-18,2.6935647722686751e-18,0.027401428339677653,1.0263860646680936
2021-08-16,2021-08-16,2021,funded_assets,USD,0.94999999999999996,EWMA_RADIAL,ALL_EQUIVARIANT,14,16384,-0.00084436155779899998,0.0030632116172164712,0.0042032363999026439,-5.7431259524990041,-0.01243521494658841,0.013559503417711536,4.4265643749526538,0.0039379484332197016,2.6935647722686751e-18,2.6935647722686751e-18,0.027401428339677653,1.0263860646680936
2021-08-16,2021-08-16,2021,funded_assets,USD,0.98999999999999999,EWMA_RADIAL,ALL_EQUIVARIANT,14,16384,-0.00084436155779899998,0.0047748607137925048,0.0061364674165089398,-5.3153937517540095,-0.01243521494658841,0.013559503417711536,2.8397694153766628,0.013486691179128926,2.6935647722686751e-18,2.6935647722686751e-18,0.027401428339677653,1.0263860646680936
2021-08-16,2021-08-16,2021,net_cashflows,EUR,0.94999999999999996,EWMA_RADIAL,ALL_EQUIVARIANT,14,16384,-0.0021423462130507002,0.0027270215055102852,0.0037066510469831492,-5.8619161518431318,-0.013228511373955776,0.011236674039567652,4.1204933722974157,0.0037005488083024698,2.6935647722686751e-18,2.6935647722686751e-18,0.027401428339677653,1.0263860646680936
2021-08-16,2021-08-16,2021,net_cashflows,EUR,0.98999999999999999,EWMA_RADIAL,ALL_EQUIVARIANT,14,16384,-0.0021423462130507002,0.0043227492913920692,0.0054016053379262879,-5.4207878652259325,-0.013228511373955776,0.011236674039567652,2.5994276517362098,0.012696820904702104,2.6935647722686751e-18,2.6935647722686751e-18,0.027401428339677653,1.0263860646680936
2021-08-16,2021-08-16,2021,net_cashflows,USD,0.94999999999999996,EWMA_RADIAL,ALL_EQUIVARIANT,14,16384,-0.0021394747443146001,0.0027324863041023567,0.0037203937595598033,-5.8594641801721004,-0.013120642465955696,0.011325472611252274,4.1447500008505189,0.0037160152129416878,2.6935647722686751e-18,2.6935647722686751e-18,0.027401428339677653,1.0263860646680936
2021-08-16,2021-08-16,2021,net_cashflows,USD,0.98999999999999999,EWMA_RADIAL,ALL_EQUIVARIANT,14,16384,-0.0021394747443146001,0.004343140110909487,0.0054291220878854183,-5.4160068573693838,-0.013120642465955696,0.011325472611252274,2.6076691799106229,0.012732297768277159,2.6935647722686751e-18,2.6935647722686751e-18,0.027401428339677653,1.0263860646680936
2021-08-16,2021-08-16,2021,funded_assets,EUR,0.94999999999999996,TCOP_REF_POOL,ALL_FIVE,16,327680,-0.00084859585643670004,0.0039816543866942056,0.0055065533446534941,-5.4787407746364467,-0.022808773578987473,0.02520117252941495,6.329321955625181,0.00027933217145884894,5.7259427234390703e-18,5.7259427234390703e-18,0.055956769557305643,1.0484256938284588
2021-08-16,2021-08-16,2021,funded_assets,EUR,0.98999999999999999,TCOP_REF_POOL,ALL_FIVE,16,327680,-0.00084859585643670004,0.0063679929544874503,0.0080678886941774781,-5.0305624127698385,-0.022808773578987473,0.02520117252941495,3.9574749390474713,0.00095325900078797703,5.7259427234390703e-18,5.7259427234390703e-18,0.055956769557305643,1.0484256938284588
2021-08-16,2021-08-16,2021,funded_assets,USD,0.94999999999999996,TCOP_REF_POOL,ALL_FIVE,16,327680,-0.00084436155779899998,0.0040004562561992609,0.0055442005919458179,-5.4734459243796412,-0.022413362591016232,0.02636890913643266,6.5914754337259369,0.0002902908115594291,5.7259427234390703e-18,5.7259427234390703e-18,0.055956769557305643,1.0484256938284588
2021-08-16,2021-08-16,2021,funded_assets,USD,0.98999999999999999,TCOP_REF_POOL,ALL_FIVE,16,327680,-0.00084436155779899998,0.0064110112507146481,0.0081470293830044269,-5.0231879391867897,-0.022413362591016232,0.02636890913643266,4.1130654907980801,0.00098774069272516843,5.7259427234390703e-18,5.7259427234390703e-18,0.055956769557305643,1.0484256938284588
2021-08-16,2021-08-16,2021,net_cashflows,EUR,0.94999999999999996,TCOP_REF_POOL,ALL_FIVE,16,327680,-0.0021423462130507002,0.0026318139881951648,0.0035883854145328182,-5.896627249747648,-0.02522300432602621,0.013587834297083625,5.1629159044031976,0.00023111664261671314,5.7259427234390703e-18,5.7259427234390703e-18,0.055956769557305643,1.0484256938284588
2021-08-16,2021-08-16,2021,net_cashflows,EUR,0.98999999999999999,TCOP_REF_POOL,ALL_FIVE,16,327680,-0.0021423462130507002,0.0041445075121037791,0.0051631136231864655,-5.463500706276343,-0.02522300432602621,0.013587834297083625,3.2785160257041861,0.00080313513312706727,5.7259427234390703e-18,5.7259427234390703e-18,0.055956769557305643,1.0484256938284588
2021-08-16,2021-08-16,2021,net_cashflows,USD,0.94999999999999996,TCOP_REF_POOL,ALL_FIVE,16,327680,-0.0021394747443146001,0.0026396470584118649,0.0036044360147275047,-5.8932570716335171,-0.024297089004192161,0.013711111823280289,5.194297388958331,0.00023217497802035492,5.7259427234390703e-18,5.7259427234390703e-18,0.055956769557305643,1.0484256938284588
2021-08-16,2021-08-16,2021,net_cashflows,USD,0.98999999999999999,TCOP_REF_POOL,ALL_FIVE,16,327680,-0.0021394747443146001,0.0041641663927376648,0.0051963412683762172,-5.4584354316459693,-0.024297089004192161,0.013711111823280289,3.2926426396391277,0.00080523950340605796,5.7259427234390703e-18,5.7259427234390703e-18,0.055956769557305643,1.0484256938284588
2021-08-16,2021-08-16,2021,funded_assets,EUR,0.94999999999999996,EWMA_RADIAL,ALL_EQUIVARIANT,16,65536,-0.00084859585643670004,0.0030188031743887123,0.0041608687837731712,-5.7565090639791094,-0.013886239292142388,0.01365377705162002,4.5229106579248315,0.0010014259750250778,3.4965520062657518e-18,3.4965520062657518e-18,0.037028541944199536,1.0377226390371326
2021-08-16,2021-08-16,2021,funded_assets,EUR,0.98999999999999999,EWMA_RADIAL,ALL_EQUIVARIANT,16,65536,-0.00084859585643670004,0.0048109673173621359,0.0061251426409028864,-5.3099074744024932,-0.013886239292142388,0.01365377705162002,2.8380523397748658,0.0034013918720162597,3.4965520062657518e-18,3.4965520062657518e-18,0.037028541944199536,1.0377226390371326
2021-08-16,2021-08-16,2021,funded_assets,USD,0.94999999999999996,EWMA_RADIAL,ALL_EQUIVARIANT,16,65536,-0.00084436155779899998,0.0030242399434431762,0.0041754775481963489,-5.7542405415522175,-0.01378798014050509,0.013691827091970341,4.527361369475809,0.0010007032683810933,3.4965520062657518e-18,3.4965520062657518e-18,0.037028541944199536,1.0377226390371326
2021-08-16,2021-08-16,2021,funded_assets,USD,0.98999999999999999,EWMA_RADIAL,ALL_EQUIVARIANT,16,65536,-0.00084436155779899998,0.0048218347862707088,0.0061546070652136941,-5.3071030808074759,-0.01378798014050509,0.013691827091970341,2.8395471223848876,0.0033945416703762242,3.4965520062657518e-18,3.4965520062657518e-18,0.037028541944199536,1.0377226390371326
2021-08-16,2021-08-16,2021,net_cashflows,EUR,0.94999999999999996,EWMA_RADIAL,ALL_EQUIVARIANT,16,65536,-0.0021423462130507002,0.0027655798046656074,0.0038043143256074959,-5.8446607001458153,-0.013228511373955776,0.011727844221195804,4.2406457414140126,0.00094078819893784647,3.4965520062657518e-18,3.4965520062657518e-18,0.037028541944199536,1.0377226390371326
2021-08-16,2021-08-16,2021,net_cashflows,EUR,0.98999999999999999,EWMA_RADIAL,ALL_EQUIVARIANT,16,65536,-0.0021423462130507002,0.0044030330638976439,0.0056083406346390287,-5.3984137932116383,-0.013228511373955776,0.011727844221195804,2.663583046277219,0.0031908315273115394,3.4965520062657518e-18,3.4965520062657518e-18,0.037028541944199536,1.0377226390371326
2021-08-16,2021-08-16,2021,net_cashflows,USD,0.94999999999999996,EWMA_RADIAL,ALL_EQUIVARIANT,16,65536,-0.0021394747443146001,0.0027711882124800756,0.0038185070447097238,-5.8421701858913551,-0.013120642465955696,0.011762965922635789,4.2447372826072032,0.00094009838746556224,3.4965520062657518e-18,3.4965520062657518e-18,0.037028541944199536,1.0377226390371326
2021-08-16,2021-08-16,2021,net_cashflows,USD,0.98999999999999999,EWMA_RADIAL,ALL_EQUIVARIANT,16,65536,-0.0021394747443146001,0.0044120267371679034,0.0056368530026602616,-5.3957183675688229,-0.013120642465955696,0.011762965922635789,2.6661139252720125,0.0031841989790786993,3.4965520062657518e-18,3.4965520062657518e-18,0.037028541944199536,1.0377226390371326
2021-08-16,2021-08-16,2021,funded_assets,EUR,0.94999999999999996,HS500,ALL_EQUIVARIANT,0,499,-0.00084859585643670004,0.0046914789995894379,0.0065449480401839257,-5.3122526137926886,-0.0078347758719033989,0.010327842524994885,2.2014044027264532,0.063245969506046482,2.2903770893756281e-18,2.2903770893756281e-18,0.029685924735330882,1.0301309444914188
2021-08-16,2021-08-16,2021,funded_assets,EUR,0.98999999999999999,HS500,ALL_EQUIVARIANT,0,499,-0.00084859585643670004,0.0081321119126782915,0.0095041363148927038,-4.8003889399494843,-0.0078347758719033989,0.010327842524994885,1.2700074268399284,0.21776917462741821,2.2903770893756281e-18,2.2903770893756281e-18,0.029685924735330882,1.0301309444914188
2021-08-16,2021-08-16,2021,funded_assets,USD,0.94999999999999996,HS500,ALL_EQUIVARIANT,0,499,-0.00084436155779899998,0.004652580013475233,0.0065946281406185272,-5.3159892859375537,-0.0076771846379889708,0.010458472240905924,2.2478865942369883,0.06356343908804081,2.2903770893756281e-18,2.2903770893756281e-18,0.029685924735330882,1.0301309444914188
2021-08-16,2021-08-16,2021,funded_assets,USD,0.98999999999999999,HS500,ALL_EQUIVARIANT,0,499,-0.00084436155779899998,0.0081614651365257973,0.0095764900042727419,-4.7962044244316457,-0.0076771846379889708,0.010458472240905924,1.2814454348521453,0.21885745400322104,2.2903770893756281e-18,2.2903770893756281e-18,0.029685924735330882,1.0301309444914188
2021-08-16,2021-08-16,2021,net_cashflows,EUR,0.94999999999999996,HS500,ALL_EQUIVARIANT,0,499,-0.0021423462130507002,0.0024377221239962111,0.0041460529067179628,-5.8976363679039823,-0.011362286891522877,0.009331558805688242,3.8279829820762399,0.090208779624460902,2.2903770893756281e-18,2.2903770893756281e-18,0.029685924735330882,1.0301309444914188
2021-08-16,2021-08-16,2021,net_cashflows,EUR,0.98999999999999999,HS500,ALL_EQUIVARIANT,0,499,-0.0021423462130507002,0.0053320816532665856,0.0075632312880466769,-5.1794562857028614,-0.011362286891522877,0.009331558805688242,1.7500780018947126,0.2472556759996099,2.2903770893756281e-18,2.2903770893756281e-18,0.029685924735330882,1.0301309444914188
2021-08-16,2021-08-16,2021,net_cashflows,USD,0.94999999999999996,HS500,ALL_EQUIVARIANT,0,499,-0.0021394747443146001,0.0024532118155905416,0.0041846650129429962,-5.8900901049232051,-0.011163620632108224,0.0096482873570995359,3.9329206291047405,0.092410002448488252,2.2903770893756281e-18,2.2903770893756281e-18,0.029685924735330882,1.0301309444914188
2021-08-16,2021-08-16,2021,net_cashflows,USD,0.98999999999999999,HS500,ALL_EQUIVARIANT,0,499,-0.0021394747443146001,0.0054599503014246178,0.0076712594301392191,-5.1585334171837918,-0.011163620632108224,0.0096482873570995359,1.7671016812336353,0.25204785968576443,2.2903770893756281e-18,2.2903770893756281e-18,0.029685924735330882,1.0301309444914188
2021-08-16,2021-08-16,2021,funded_assets,EUR,0.94999999999999996,HS1250,ALL_EQUIVARIANT,0,1249,-0.00084859585643670004,0.0046155444460458661,0.0062879125429980837,-5.3350916791846945,-0.012525445318327805,0.015857900571365713,3.4357594768589359,0.040383760277779644,2.2963063200064082e-18,2.2963063200064082e-18,0.033080778321771129,1.0336340310914514
2021-08-16,2021-08-16,2021,funded_assets,EUR,0.98999999999999999,HS1250,ALL_EQUIVARIANT,0,1249,-0.00084859585643670004,0.007409979525656446,0.0090737344446476728,-4.8857308094784813,-0.012525445318327805,0.015857900571365713,2.1400734666619567,0.13992560303209223,2.2963063200064082e-18,2.2963063200064082e-18,0.033080778321771129,1.0336340310914514
2021-08-16,2021-08-16,2021,funded_assets,USD,0.94999999999999996,HS1250,ALL_EQUIVARIANT,0,1249,-0.00084436155779899998,0.0046347280552989437,0.0063311289606945206,-5.3302227434298848,-0.012349940271187177,0.0159662234291164,3.4449105187222395,0.040382072097728462,2.2963063200064082e-18,2.2963063200064082e-18,0.033080778321771129,1.0336340310914514
2021-08-16,2021-08-16,2021,funded_assets,USD,0.98999999999999999,HS1250,ALL_EQUIVARIANT,0,1249,-0.00084436155779899998,0.0075053087190712865,0.0091439115177081778,-4.8738685442566414,-0.012349940271187177,0.0159662234291164,2.1273240084775717,0.13980018597930516,2.2963063200064082e-18,2.2963063200064082e-18,0.033080778321771129,1.0336340310914514
2021-08-16,2021-08-16,2021,net_cashflows,EUR,0.94999999999999996,HS1250,ALL_EQUIVARIANT,0,1249,-0.0021423462130507002,0.0028854571712972235,0.0042489903593338684,-5.7819814607481437,-0.011362286891522877,0.009331558805688242,3.2339966430667988,0.035167055662328667,2.2963063200064082e-18,2.2963063200064082e-18,0.033080778321771129,1.0336340310914514
2021-08-16,2021-08-16,2021,net_cashflows,EUR,0.98999999999999999,HS1250,ALL_EQUIVARIANT,0,1249,-0.0021423462130507002,0.005079498602301058,0.0066794425113067676,-5.2482533030582079,-0.011362286891522877,0.009331558805688242,1.8371023473578598,0.11185400594619281,2.2963063200064082e-18,2.2963063200064082e-18,0.033080778321771129,1.0336340310914514
2021-08-16,2021-08-16,2021,net_cashflows,USD,0.94999999999999996,HS1250,ALL_EQUIVARIANT,0,1249,-0.0021394747443146001,0.0028892337867692927,0.0042769229901156091,-5.7789811678876957,-0.011163620632108224,0.0096482873570995359,3.3393930949035928,0.03612321171701801,2.2963063200064082e-18,2.2963063200064082e-18,0.033080778321771129,1.0336340310914514
2021-08-16,2021-08-16,2021,net_cashflows,USD,0.98999999999999999,HS1250,ALL_EQUIVARIANT,0,1249,-0.0021394747443146001,0.0050626152877051508,0.0067456462425668729,-5.2483568295709686,-0.011163620632108224,0.0096482873570995359,1.9057911393210047,0.11451548829704013,2.2963063200064082e-18,2.2963063200064082e-18,0.033080778321771129,1.0336340310914514
