origin_date,requested_origin,year,book,report,tau,model,train_reference,power,scenario_n,actual_loss,var,es,score,minimum_scenario_loss,maximum_scenario_loss,maximum_loss_to_var,maximum_single_scenario_ES_share,max_abs_cash_identity_residual,max_relative_cash_identity_residual,maximum_abs_log_increment_or_level,maximum_price_multiplier
2024-02-15,2024-02-15,2024,funded_assets,EUR,0.94999999999999996,FHS250,EUR,0,249,-0.00069496738973369996,0.003516207688587597,0.004763708676339521,-5.608604783449608,-0.011645662214441327,0.0072311220112893926,2.0565116317671257,0.12192454501673536,2.0735366548785272e-18,2.0735366548785272e-18,0.021085550338323961,1.0213094212667475
2024-02-15,2024-02-15,2024,funded_assets,EUR,0.98999999999999999,FHS250,EUR,0,249,-0.00069496738973369996,0.0059050172781734689,0.0065404960694795027,-5.1269029058999944,-0.011645662214441327,0.0072311220112893926,1.2245725407133969,0.44401296689502651,2.0735366548785272e-18,2.0735366548785272e-18,0.021085550338323961,1.0213094212667475
2024-02-15,2024-02-15,2024,funded_assets,USD,0.94999999999999996,FHS250,EUR,0,249,-0.00069588485719809996,0.0035493922102345157,0.0047935090589810046,-5.6000345390298127,-0.011555317320455914,0.0071642191354910293,2.0184354703978107,0.12004552007951616,2.0735366548785272e-18,2.0735366548785272e-18,0.021085550338323961,1.0213094212667475
2024-02-15,2024-02-15,2024,funded_assets,USD,0.98999999999999999,FHS250,EUR,0,249,-0.00069588485719809996,0.0060417478727733988,0.0065225442606322986,-5.1062037678283954,-0.011555317320455914,0.0071642191354910293,1.1857858497829656,0.44111566361027921,2.0735366548785272e-18,2.0735366548785272e-18,0.021085550338323961,1.0213094212667475
2024-02-15,2024-02-15,2024,net_cashflows,EUR,0.94999999999999996,FHS250,EUR,0,249,0.00062774763889420003,0.0033631982664944051,0.005109530777551401,-5.6184271322284509,-0.0064832878714222615,0.0098729860916814682,2.9355944280895674,0.15520230048184189,2.0735366548785272e-18,2.0735366548785272e-18,0.021085550338323961,1.0213094212667475
2024-02-15,2024-02-15,2024,net_cashflows,EUR,0.98999999999999999,FHS250,EUR,0,249,0.00062774763889420003,0.00680043446460964,0.0083048647650764262,-4.9720643070624231,-0.0064832878714222615,0.0098729860916814682,1.4518169600871522,0.47743759440461758,2.0735366548785272e-18,2.0735366548785272e-18,0.021085550338323961,1.0213094212667475
2024-02-15,2024-02-15,2024,net_cashflows,USD,0.94999999999999996,FHS250,EUR,0,249,0.00062937592482349995,0.0033841003694297716,0.005145857293755482,-5.6119274209421297,-0.0064293148547546466,0.0099920104052074743,2.9526341758271046,0.15596451107535703,2.0735366548785272e-18,2.0735366548785272e-18,0.021085550338323961,1.0213094212667475
2024-02-15,2024-02-15,2024,net_cashflows,USD,0.98999999999999999,FHS250,EUR,0,249,0.00062937592482349995,0.0068523932741379016,0.0083903302386658454,-4.9639741387211025,-0.0064293148547546466,0.0099920104052074743,1.4581781876003852,0.47827147088059746,2.0735366548785272e-18,2.0735366548785272e-18,0.021085550338323961,1.0213094212667475
2024-02-15,2024-02-15,2024,funded_assets,EUR,0.94999999999999996,FHS500,EUR,0,499,-0.00069496738973369996,0.0040004185960564598,0.0049598121220597591,-5.4998208586844939,-0.011645662214441327,0.0072311220112893926,1.8075913401706765,0.058434578241692639,2.1988975310721637e-18,2.1988975310721637e-18,0.023398297530918037,1.0236741852601416
2024-02-15,2024-02-15,2024,funded_assets,EUR,0.98999999999999999,FHS500,EUR,0,499,-0.00069496738973369996,0.0056397573881554752,0.0063977550534135242,-5.1702868173681056,-0.011645662214441327,0.0072311220112893926,1.2821689859347629,0.22650486544960849,2.1988975310721637e-18,2.1988975310721637e-18,0.023398297530918037,1.0236741852601416
2024-02-15,2024-02-15,2024,funded_assets,USD,0.94999999999999996,FHS500,EUR,0,499,-0.00069588485719809996,0.0040000222202537829,0.0049890593553548095,-5.4987490972634445,-0.011555317320455914,0.0071642191354910293,1.7910448345050676,0.057554547073987536,2.1988975310721637e-18,2.1988975310721637e-18,0.023398297530918037,1.0236741852601416
2024-02-15,2024-02-15,2024,funded_assets,USD,0.98999999999999999,FHS500,EUR,0,499,-0.00069588485719809996,0.0056677767826482086,0.0064233211803797052,-5.1654451708788987,-0.011555317320455914,0.0071642191354910293,1.2640263387619906,0.22351603123924141,2.1988975310721637e-18,2.1988975310721637e-18,0.023398297530918037,1.0236741852601416
2024-02-15,2024-02-15,2024,net_cashflows,EUR,0.94999999999999996,FHS500,EUR,0,499,0.00062774763889420003,0.0035535391585100442,0.0050010804144347693,-5.5875470139246044,-0.0069249231389936338,0.010225752234316366,2.8776247504766204,0.081952249311487493,2.1988975310721637e-18,2.1988975310721637e-18,0.023398297530918037,1.0236741852601416
2024-02-15,2024-02-15,2024,net_cashflows,EUR,0.98999999999999999,FHS500,EUR,0,499,0.00062774763889420003,0.0067635014864474543,0.0082302512120021164,-4.978153194764201,-0.0069249231389936338,0.010225752234316366,1.5119021197535756,0.24898984149649911,2.1988975310721637e-18,2.1988975310721637e-18,0.023398297530918037,1.0236741852601416
2024-02-15,2024-02-15,2024,net_cashflows,USD,0.94999999999999996,FHS500,EUR,0,499,0.00062937592482349995,0.0035699169348992971,0.0050328523241146145,-5.5824455867093103,-0.0068170484656218172,0.010390293724720607,2.9105141419806464,0.082745252879760575,2.1988975310721637e-18,2.1988975310721637e-18,0.023398297530918037,1.0236741852601416
2024-02-15,2024-02-15,2024,net_cashflows,USD,0.98999999999999999,FHS500,EUR,0,499,0.00062937592482349995,0.0067555331282173432,0.0083096020813114343,-4.9773644186594925,-0.0068170484656218172,0.010390293724720607,1.5380420060884827,0.25058037327801297,2.1988975310721637e-18,2.1988975310721637e-18,0.023398297530918037,1.0236741852601416
2024-02-15,2024-02-15,2024,funded_assets,EUR,0.94999999999999996,FHS1250,EUR,0,1249,-0.00069496738973369996,0.0040004185960564598,0.0054694757940152838,-5.477164455340505,-0.011645662214441327,0.016692542589447051,4.1726989785274613,0.048870225797006513,2.1988975310721637e-18,2.1988975310721637e-18,0.0256933861419145,1.0260263063548014
2024-02-15,2024-02-15,2024,funded_assets,EUR,0.98999999999999999,FHS1250,EUR,0,1249,-0.00069496738973369996,0.0061612547354095715,0.0081952487702564979,-5.0523925708270481,-0.011645662214441327,0.016692542589447051,2.7092764877116235,0.16307895253582552,2.1988975310721637e-18,2.1988975310721637e-18,0.0256933861419145,1.0260263063548014
2024-02-15,2024-02-15,2024,funded_assets,USD,0.94999999999999996,FHS1250,EUR,0,1249,-0.00069588485719809996,0.0040000222202537829,0.005500934164173789,-5.4756840913659692,-0.011555317320455914,0.016886768182425498,4.221668593969488,0.049156126312431415,2.1988975310721637e-18,2.1988975310721637e-18,0.0256933861419145,1.0260263063548014
2024-02-15,2024-02-15,2024,funded_assets,USD,0.98999999999999999,FHS1250,EUR,0,1249,-0.00069588485719809996,0.0062260569169108066,0.0082690301915329112,-5.0423012710306905,-0.011555317320455914,0.016886768182425498,2.7122733389344336,0.16350443059657552,2.1988975310721637e-18,2.1988975310721637e-18,0.0256933861419145,1.0260263063548014
2024-02-15,2024-02-15,2024,net_cashflows,EUR,0.94999999999999996,FHS1250,EUR,0,1249,0.00062774763889420003,0.002990844698068984,0.0046574665201955514,-5.7271223561694669,-0.0094258342501027381,0.010225752234316366,3.4190181258553962,0.035157103000780184,2.1988975310721637e-18,2.1988975310721637e-18,0.0256933861419145,1.0260263063548014
2024-02-15,2024-02-15,2024,net_cashflows,EUR,0.98999999999999999,FHS1250,EUR,0,1249,0.00062774763889420003,0.0050539683424328354,0.0075395051204791858,-5.2172671579649892,-0.0094258342501027381,0.010225752234316366,2.0233114933588965,0.10859003844193509,2.1988975310721637e-18,2.1988975310721637e-18,0.0256933861419145,1.0260263063548014
2024-02-15,2024-02-15,2024,net_cashflows,USD,0.94999999999999996,FHS1250,EUR,0,1249,0.00062937592482349995,0.002986420120781839,0.0046944879135195749,-5.7252116343630028,-0.0092902204539775917,0.010390293724720607,3.4791801904952502,0.035441097070002155,2.1988975310721637e-18,2.1988975310721637e-18,0.0256933861419145,1.0260263063548014
2024-02-15,2024-02-15,2024,net_cashflows,USD,0.98999999999999999,FHS1250,EUR,0,1249,0.00062937592482349995,0.005054306483853555,0.0076256659088025551,-5.2134336452879415,-0.0092902204539775917,0.010390293724720607,2.0557308421864309,0.10909067078649735,2.1988975310721637e-18,2.1988975310721637e-18,0.0256933861419145,1.0260263063548014
2024-02-15,2024-02-15,2024,funded_assets,EUR,0.94999999999999996,TCOP1250,EUR,12,4096,-0.00069496738973369996,0.0041904939553327469,0.0055949659651697257,-5.43691224791311,-0.014607177296557805,0.012578861071762565,3.001760939364901,0.010977764736966078,2.7071172994247439e-18,2.7071172994247439e-18,0.034797098715201202,1.0354096015463814
2024-02-15,2024-02-15,2024,funded_assets,EUR,0.98999999999999999,TCOP1250,EUR,12,4096,-0.00069496738973369996,0.0065298753272610977,0.0078246844114551479,-5.015949357495372,-0.014607177296557805,0.012578861071762565,1.9263554725536642,0.039247729906555645,2.7071172994247439e-18,2.7071172994247439e-18,0.034797098715201202,1.0354096015463814
2024-02-15,2024-02-15,2024,funded_assets,USD,0.94999999999999996,TCOP1250,EUR,12,4096,-0.00069588485719809996,0.0042005190359508037,0.0056369819903285675,-5.433234838705344,-0.014303768023284674,0.012665486572754198,3.0152194203513036,0.01097097635971365,2.7071172994247439e-18,2.7071172994247439e-18,0.034797098715201202,1.0354096015463814
2024-02-15,2024-02-15,2024,funded_assets,USD,0.98999999999999999,TCOP1250,EUR,12,4096,-0.00069588485719809996,0.0065745624327816395,0.0079033063120926093,-5.0085991505184051,-0.014303768023284674,0.012665486572754198,1.9264379496348538,0.039124888821151921,2.7071172994247439e-18,2.7071172994247439e-18,0.034797098715201202,1.0354096015463814
2024-02-15,2024-02-15,2024,net_cashflows,EUR,0.94999999999999996,TCOP1250,EUR,12,4096,0.00062774763889420003,0.0028967741822981449,0.0039508050645233588,-5.8006247930982058,-0.01001073396634623,0.011274754854317504,3.8921759670519847,0.013934505256016446,2.7071172994247439e-18,2.7071172994247439e-18,0.034797098715201202,1.0354096015463814
2024-02-15,2024-02-15,2024,net_cashflows,EUR,0.98999999999999999,TCOP1250,EUR,12,4096,0.00062774763889420003,0.0045823175240839557,0.0058512263392020364,-5.3579660379144087,-0.01001073396634623,0.011274754854317504,2.4604918352032845,0.047043568942339825,2.7071172994247439e-18,2.7071172994247439e-18,0.034797098715201202,1.0354096015463814
2024-02-15,2024-02-15,2024,net_cashflows,USD,0.94999999999999996,TCOP1250,EUR,12,4096,0.00062937592482349995,0.0029016313326451076,0.0039717822282307391,-5.7979788231858116,-0.010092785258955763,0.011588804252957705,3.993892719097925,0.01424699417409943,2.7071172994247439e-18,2.7071172994247439e-18,0.034797098715201202,1.0354096015463814
2024-02-15,2024-02-15,2024,net_cashflows,USD,0.98999999999999999,TCOP1250,EUR,12,4096,0.00062937592482349995,0.0046005898691964054,0.0059053246415072327,-5.3528429441090886,-0.010092785258955763,0.011588804252957705,2.5189822571560687,0.047910963157439888,2.7071172994247439e-18,2.7071172994247439e-18,0.034797098715201202,1.0354096015463814
2024-02-15,2024-02-15,2024,funded_assets,EUR,0.94999999999999996,TCOP1250,EUR,14,16384,-0.00069496738973369996,0.0040770098184202685,0.005511270881326827,-5.4612014710871382,-0.017923967596013807,0.015043454225973557,3.6898253612257648,0.0033320067149411035,3.5236570605778894e-18,3.5236570605778894e-18,0.034797098715201202,1.0354096015463814
2024-02-15,2024-02-15,2024,funded_assets,EUR,0.98999999999999999,TCOP1250,EUR,14,16384,-0.00069496738973369996,0.0063857613452685258,0.0077497658070737625,-5.0360985488562937,-0.017923967596013807,0.015043454225973557,2.3557808399964513,0.01184783646473459,3.5236570605778894e-18,3.5236570605778894e-18,0.034797098715201202,1.0354096015463814
2024-02-15,2024-02-15,2024,funded_assets,USD,0.94999999999999996,TCOP1250,EUR,14,16384,-0.00069588485719809996,0.0040890969331369952,0.005551458655538531,-5.4571139314749626,-0.017610121804519759,0.015312171986024501,3.7446341420616807,0.0033669738628476428,3.5236570605778894e-18,3.5236570605778894e-18,0.034797098715201202,1.0354096015463814
2024-02-15,2024-02-15,2024,funded_assets,USD,0.98999999999999999,TCOP1250,EUR,14,16384,-0.00069588485719809996,0.0064125560201866248,0.0078243297983430441,-5.0309510231395089,-0.017610121804519759,0.015312171986024501,2.3878422173345584,0.011944547760394678,3.5236570605778894e-18,3.5236570605778894e-18,0.034797098715201202,1.0354096015463814
2024-02-15,2024-02-15,2024,net_cashflows,EUR,0.94999999999999996,TCOP1250,EUR,14,16384,0.00062774763889420003,0.0029258858382537282,0.0040232968627657798,-5.7884177164116775,-0.010755576547300938,0.014554114889224557,4.9742593162523958,0.0044158445505987779,3.5236570605778894e-18,3.5236570605778894e-18,0.034797098715201202,1.0354096015463814
2024-02-15,2024-02-15,2024,net_cashflows,EUR,0.98999999999999999,TCOP1250,EUR,14,16384,0.00062774763889420003,0.0046233635777442779,0.0058854228719658211,-5.3497148522135811,-0.010755576547300938,0.014554114889224557,3.1479494624399527,0.015093438409933005,3.5236570605778894e-18,3.5236570605778894e-18,0.034797098715201202,1.0354096015463814
2024-02-15,2024-02-15,2024,net_cashflows,USD,0.94999999999999996,TCOP1250,EUR,14,16384,0.00062937592482349995,0.0029376189239039173,0.0040446106550387937,-5.7840654854058169,-0.01066367984388673,0.014738073718988907,5.0170134727355657,0.0044480950528172801,3.5236570605778894e-18,3.5236570605778894e-18,0.034797098715201202,1.0354096015463814
2024-02-15,2024-02-15,2024,net_cashflows,USD,0.98999999999999999,TCOP1250,EUR,14,16384,0.00062937592482349995,0.0046640762157827862,0.0059309763732337331,-5.3411737816701867,-0.01066367984388673,0.014738073718988907,3.1599127109279821,0.015166822048425245,3.5236570605778894e-18,3.5236570605778894e-18,0.034797098715201202,1.0354096015463814
2024-02-15,2024-02-15,2024,funded_assets,EUR,0.94999999999999996,TCOP1250,EUR,16,65536,-0.00069496738973369996,0.0040627253536476837,0.005522128656327667,-5.46327460882876,-0.018831020795980757,0.016009142443941027,3.9404934004626608,0.00088473175047704556,4.2046715501703469e-18,4.2046715501703469e-18,0.044637118947961636,1.0456483450819862
2024-02-15,2024-02-15,2024,funded_assets,EUR,0.98999999999999999,TCOP1250,EUR,16,65536,-0.00069496738973369996,0.0063669925956565676,0.0079218064303021637,-5.0344061264441917,-0.018831020795980757,0.016009142443941027,2.5143962716184305,0.0030836417144604984,4.2046715501703469e-18,4.2046715501703469e-18,0.044637118947961636,1.0456483450819862
2024-02-15,2024-02-15,2024,funded_assets,USD,0.94999999999999996,TCOP1250,EUR,16,65536,-0.00069588485719809996,0.0040819167525983757,0.0055631170868454989,-5.4578503694657581,-0.018491840519479778,0.016380721541081091,4.012997455338553,0.00089859685059635267,4.2046715501703469e-18,4.2046715501703469e-18,0.044637118947961636,1.0456483450819862
2024-02-15,2024-02-15,2024,funded_assets,USD,0.98999999999999999,TCOP1250,EUR,16,65536,-0.00069588485719809996,0.0064123867839770213,0.0080016609687144653,-5.0267241735625001,-0.018491840519479778,0.016380721541081091,2.5545435877343659,0.0031237261321640656,4.2046715501703469e-18,4.2046715501703469e-18,0.044637118947961636,1.0456483450819862
2024-02-15,2024-02-15,2024,net_cashflows,EUR,0.94999999999999996,TCOP1250,EUR,16,65536,0.00062774763889420003,0.0029464922202550922,0.0040338636922026012,-5.782591416863359,-0.012570298619389797,0.014554114889224557,4.9394716840503099,0.0011010692776522999,4.2046715501703469e-18,4.2046715501703469e-18,0.044637118947961636,1.0456483450819862
2024-02-15,2024-02-15,2024,net_cashflows,EUR,0.98999999999999999,TCOP1250,EUR,16,65536,0.00062774763889420003,0.0046607923767445049,0.0058929568039891734,-5.3430884364917688,-0.012570298619389797,0.014554114889224557,3.1226696477285247,0.0037685354987793979,4.2046715501703469e-18,4.2046715501703469e-18,0.044637118947961636,1.0456483450819862
2024-02-15,2024-02-15,2024,net_cashflows,USD,0.94999999999999996,TCOP1250,EUR,16,65536,0.00062937592482349995,0.0029532434485831992,0.004055345163116772,-5.7794846808797589,-0.012200475200889748,0.014738073718988907,4.9904703000558284,0.0011090802337169689,4.2046715501703469e-18,4.2046715501703469e-18,0.044637118947961636,1.0456483450819862
2024-02-15,2024-02-15,2024,net_cashflows,USD,0.98999999999999999,TCOP1250,EUR,16,65536,0.00062937592482349995,0.0046794470628566329,0.0059369757444898592,-5.3383684156298354,-0.012200475200889748,0.014738073718988907,3.1495331651410643,0.0037878739571126532,4.2046715501703469e-18,4.2046715501703469e-18,0.044637118947961636,1.0456483450819862
2024-02-15,2024-02-15,2024,funded_assets,EUR,0.94999999999999996,FHS250,USD,0,249,-0.00069496738973369996,0.0036335314304648536,0.0048696371510582002,-5.5785752409445184,-0.010967652014965634,0.0070197529883930243,1.9319367735577717,0.11578595363609478,1.98544522836408e-18,1.98544522836408e-18,0.024564267592464363,1.0220262247662169
2024-02-15,2024-02-15,2024,funded_assets,EUR,0.98999999999999999,FHS250,USD,0,249,-0.00069496738973369996,0.0054334796833756527,0.0064493695488952365,-5.2012905985072644,-0.010967652014965634,0.0070197529883930243,1.2919442783361745,0.4371245725046205,1.98544522836408e-18,1.98544522836408e-18,0.024564267592464363,1.0220262247662169
2024-02-15,2024-02-15,2024,funded_assets,USD,0.94999999999999996,FHS250,USD,0,249,-0.00069588485719809996,0.0036657574368206083,0.0048911567278813956,-5.5708600922080045,-0.010879317085601454,0.0069547036510351741,1.8972078133645256,0.11420830819806242,1.98544522836408e-18,1.98544522836408e-18,0.024564267592464363,1.0220262247662169
2024-02-15,2024-02-15,2024,funded_assets,USD,0.98999999999999999,FHS250,USD,0,249,-0.00069588485719809996,0.0054142264422067429,0.0064821218130050812,-5.2034521062109285,-0.010879317085601454,0.0069547036510351741,1.284523971295253,0.43088571237751527,1.98544522836408e-18,1.98544522836408e-18,0.024564267592464363,1.0220262247662169
2024-02-15,2024-02-15,2024,net_cashflows,EUR,0.94999999999999996,FHS250,USD,0,249,0.00062774763889420003,0.0038979814200789439,0.0052436811282104805,-5.5073641574979275,-0.0061217189217680039,0.010144242499235468,2.602434800479378,0.1553867549139413,1.98544522836408e-18,1.98544522836408e-18,0.024564267592464363,1.0220262247662169
2024-02-15,2024-02-15,2024,net_cashflows,EUR,0.98999999999999999,FHS250,USD,0,249,0.00062774763889420003,0.0061915628299887508,0.0078285545939235056,-5.0590826215232019,-0.0061217189217680039,0.010144242499235468,1.6383977321690038,0.52040168114082297,1.98544522836408e-18,1.98544522836408e-18,0.024564267592464363,1.0220262247662169
2024-02-15,2024-02-15,2024,net_cashflows,USD,0.94999999999999996,FHS250,USD,0,249,0.00062937592482349995,0.0038821421121700618,0.0052875351826221183,-5.508196691892163,-0.0060708093094780482,0.010264457822223407,2.6440190816419449,0.15592415276246513,1.98544522836408e-18,1.98544522836408e-18,0.024564267592464363,1.0220262247662169
2024-02-15,2024-02-15,2024,net_cashflows,USD,0.98999999999999999,FHS250,USD,0,249,0.00062937592482349995,0.0063141975693744639,0.0079201780639349059,-5.0411123466998031,-0.0060708093094780482,0.010264457822223407,1.62561556071808,0.52047721458832596,1.98544522836408e-18,1.98544522836408e-18,0.024564267592464363,1.0220262247662169
2024-02-15,2024-02-15,2024,funded_assets,EUR,0.94999999999999996,FHS500,USD,0,499,-0.00069496738973369996,0.0043020961983045725,0.0053991192597009456,-5.4247049971224754,-0.011917413372508345,0.0071048060074556385,1.6514753924506838,0.052742262233646205,2.6495190590114515e-18,2.6495190590114515e-18,0.029572337085520373,1.0300139409836395
2024-02-15,2024-02-15,2024,funded_assets,EUR,0.98999999999999999,FHS500,USD,0,499,-0.00069496738973369996,0.0061683693515452998,0.0066844928616845659,-5.0851770003488763,-0.011917413372508345,0.0071048060074556385,1.1518126756913061,0.21300177120251568,2.6495190590114515e-18,2.6495190590114515e-18,0.029572337085520373,1.0300139409836395
2024-02-15,2024-02-15,2024,funded_assets,USD,0.94999999999999996,FHS500,USD,0,499,-0.00069588485719809996,0.0043579719941625574,0.0054261906625543213,-5.4133813866578642,-0.011874545467464852,0.0072046723592286933,1.6532167643296587,0.053216785250160346,2.6495190590114515e-18,2.6495190590114515e-18,0.029572337085520373,1.0300139409836395
2024-02-15,2024-02-15,2024,funded_assets,USD,0.98999999999999999,FHS500,USD,0,499,-0.00069588485719809996,0.0062508316803678047,0.0067460048589864357,-5.0722072563913754,-0.011874545467464852,0.0072046723592286933,1.1525942030812713,0.21402624905532938,2.6495190590114515e-18,2.6495190590114515e-18,0.029572337085520373,1.0300139409836395
2024-02-15,2024-02-15,2024,net_cashflows,EUR,0.94999999999999996,FHS500,USD,0,499,0.00062774763889420003,0.0038377002300440718,0.0055121584828312087,-5.5045744123690756,-0.0074454694678839136,0.013971107817611107,3.640489611000874,0.10158710837704418,2.6495190590114515e-18,2.6495190590114515e-18,0.029572337085520373,1.0300139409836395
2024-02-15,2024-02-15,2024,net_cashflows,EUR,0.98999999999999999,FHS500,USD,0,499,0.00062774763889420003,0.0063149926529395776,0.0090203177949737014,-5.0081903286438916,-0.0074454694678839136,0.013971107817611107,2.2123711911379136,0.31039052831311581,2.6495190590114515e-18,2.6495190590114515e-18,0.029572337085520373,1.0300139409836395
2024-02-15,2024-02-15,2024,net_cashflows,USD,0.94999999999999996,FHS500,USD,0,499,0.00062937592482349995,0.0038505544958688217,0.0055469238605823975,-5.5003334065290996,-0.0073957413411809714,0.014175336528797669,3.6813753821705646,0.10242609686977026,2.6495190590114515e-18,2.6495190590114515e-18,0.029572337085520373,1.0300139409836395
2024-02-15,2024-02-15,2024,net_cashflows,USD,0.98999999999999999,FHS500,USD,0,499,0.00062937592482349995,0.0063628287479810253,0.0090882306206051654,-5.0006576018457061,-0.0073957413411809714,0.014175336528797669,2.2278356200134435,0.31257446272606848,2.6495190590114515e-18,2.6495190590114515e-18,0.029572337085520373,1.0300139409836395
2024-02-15,2024-02-15,2024,funded_assets,EUR,0.94999999999999996,FHS1250,USD,0,1249,-0.00069496738973369996,0.0043224067145722911,0.005925388733948129,-5.3990367244273001,-0.011917413372508345,0.01533597315832122,3.5480171513287915,0.04144403670070055,3.2797115717686509e-18,3.2797115717686509e-18,0.036220333845287875,1.0368842820249369
2024-02-15,2024-02-15,2024,funded_assets,EUR,0.98999999999999999,FHS1250,USD,0,1249,-0.00069496738973369996,0.0069091738541083303,0.0086231583941608382,-4.9520691438721842,-0.011917413372508345,0.01533597315832122,2.2196536781603995,0.14239099928974552,3.2797115717686509e-18,3.2797115717686509e-18,0.036220333845287875,1.0368842820249369
2024-02-15,2024-02-15,2024,funded_assets,USD,0.94999999999999996,FHS1250,USD,0,1249,-0.00069588485719809996,0.0043327547460083613,0.0059551624254450784,-5.3959339847350591,-0.011874545467464852,0.015515321537900712,3.5809369436833505,0.041719080350293529,3.2797115717686509e-18,3.2797115717686509e-18,0.036220333845287875,1.0368842820249369
2024-02-15,2024-02-15,2024,funded_assets,USD,0.98999999999999999,FHS1250,USD,0,1249,-0.00069588485719809996,0.0068752215615274555,0.0086832308254886706,-4.9545801007683599,-0.011874545467464852,0.015515321537900712,2.2567013148669641,0.14305959654839093,3.2797115717686509e-18,3.2797115717686509e-18,0.036220333845287875,1.0368842820249369
2024-02-15,2024-02-15,2024,net_cashflows,EUR,0.94999999999999996,FHS1250,USD,0,1249,0.00062774763889420003,0.0035643959945443116,0.0051931754192422568,-5.5740483723524559,-0.0086891424121904089,0.013971107817611107,3.9196284136205346,0.043078979695465931,3.2797115717686509e-18,3.2797115717686509e-18,0.036220333845287875,1.0368842820249369
2024-02-15,2024-02-15,2024,net_cashflows,EUR,0.98999999999999999,FHS1250,USD,0,1249,0.00062774763889420003,0.0060383310547381551,0.0082374015158897008,-5.0660320043229286,-0.0086891424121904089,0.013971107817611107,2.3137366419564334,0.13579324621301217,3.2797115717686509e-18,3.2797115717686509e-18,0.036220333845287875,1.0368842820249369
2024-02-15,2024-02-15,2024,net_cashflows,USD,0.94999999999999996,FHS1250,USD,0,1249,0.00062937592482349995,0.0035718802560390089,0.0052370704620787519,-5.5699551633526605,-0.0087463118013268049,0.014175336528797669,3.9685923134828789,0.04334235631992938,3.2797115717686509e-18,3.2797115717686509e-18,0.036220333845287875,1.0368842820249369
2024-02-15,2024-02-15,2024,net_cashflows,USD,0.98999999999999999,FHS1250,USD,0,1249,0.00062937592482349995,0.0060921300677410856,0.0083237130614414942,-5.0567463042899794,-0.0087463118013268049,0.014175336528797669,2.3268276237007153,0.1363495908403437,3.2797115717686509e-18,3.2797115717686509e-18,0.036220333845287875,1.0368842820249369
2024-02-15,2024-02-15,2024,funded_assets,EUR,0.94999999999999996,TCOP1250,USD,12,4096,-0.00069496738973369996,0.0045280621843386271,0.0062265494894195948,-5.351714420804365,-0.012308533512750075,0.015250138199853658,3.3679171307761329,0.011959041770326308,4.0251005653524352e-18,4.0251005653524352e-18,0.054067460402128974,1.0555558079725418
2024-02-15,2024-02-15,2024,funded_assets,EUR,0.98999999999999999,TCOP1250,USD,12,4096,-0.00069496738973369996,0.0070992307662661736,0.0088393915012476218,-4.9254015523740486,-0.012308533512750075,0.015250138199853658,2.1481395241183909,0.042120300599007766,4.0251005653524352e-18,4.0251005653524352e-18,0.054067460402128974,1.0555558079725418
2024-02-15,2024-02-15,2024,funded_assets,USD,0.94999999999999996,TCOP1250,USD,12,4096,-0.00069588485719809996,0.004531557182090821,0.0062714998867273814,-5.3491761929211563,-0.012127585523274902,0.015453360031654376,3.4101655150083157,0.012031549213490774,4.0251005653524352e-18,4.0251005653524352e-18,0.054067460402128974,1.0555558079725418
2024-02-15,2024-02-15,2024,funded_assets,USD,0.98999999999999999,TCOP1250,USD,12,4096,-0.00069588485719809996,0.0071622702586736928,0.0089381945735957768,-4.9161110368550274,-0.012127585523274902,0.015453360031654376,2.1576063836658443,0.042209787954530349,4.0251005653524352e-18,4.0251005653524352e-18,0.054067460402128974,1.0555558079725418
2024-02-15,2024-02-15,2024,net_cashflows,EUR,0.94999999999999996,TCOP1250,USD,12,4096,0.00062774763889420003,0.0034734752837036311,0.0048177811626351789,-5.6144718798692681,-0.0086261315208843274,0.012915509509341104,3.7183248632677186,0.013089845542420916,4.0251005653524352e-18,4.0251005653524352e-18,0.054067460402128974,1.0555558079725418
2024-02-15,2024-02-15,2024,net_cashflows,EUR,0.98999999999999999,TCOP1250,USD,12,4096,0.00062774763889420003,0.0055737380455337729,0.0070293957706133708,-5.1647360134375235,-0.0086261315208843274,0.012915509509341104,2.3172078421751952,0.0448573485787504,4.0251005653524352e-18,4.0251005653524352e-18,0.054067460402128974,1.0555558079725418
2024-02-15,2024-02-15,2024,net_cashflows,USD,0.94999999999999996,TCOP1250,USD,12,4096,0.00062937592482349995,0.003491848335860517,0.0048371805799821308,-5.6095464739202647,-0.0085721375853269628,0.013018551972479532,3.7282695925770479,0.013141363497196024,4.0251005653524352e-18,4.0251005653524352e-18,0.054067460402128974,1.0555558079725418
2024-02-15,2024-02-15,2024,net_cashflows,USD,0.98999999999999999,TCOP1250,USD,12,4096,0.00062937592482349995,0.0056292631107559884,0.0070689603455823318,-5.1557064973100504,-0.0085721375853269628,0.013018551972479532,2.3126565087363966,0.044962162181917065,4.0251005653524352e-18,4.0251005653524352e-18,0.054067460402128974,1.0555558079725418
2024-02-15,2024-02-15,2024,funded_assets,EUR,0.94999999999999996,TCOP1250,USD,14,16384,-0.00069496738973369996,0.004439489388482043,0.0061409946155355499,-5.3698417926417612,-0.015533687271679197,0.016446943069108266,3.7046925062550562,0.0032693132070767419,4.8382521947165635e-18,4.8382521947165635e-18,0.054067460402128974,1.0555558079725418
2024-02-15,2024-02-15,2024,funded_assets,EUR,0.98999999999999999,TCOP1250,USD,14,16384,-0.00069496738973369996,0.0071172621435578176,0.008882827637537876,-4.9223969968246664,-0.015533687271679197,0.016446943069108266,2.31085250723766,0.011300925572570487,4.8382521947165635e-18,4.8382521947165635e-18,0.054067460402128974,1.0555558079725418
2024-02-15,2024-02-15,2024,funded_assets,USD,0.94999999999999996,TCOP1250,USD,14,16384,-0.00069588485719809996,0.0044695337531335984,0.0061835956537626092,-5.3630503724266863,-0.015349908492135925,0.016474998623669378,3.6860664967836354,0.0032523281647703871,4.8382521947165635e-18,4.8382521947165635e-18,0.054067460402128974,1.0555558079725418
2024-02-15,2024-02-15,2024,funded_assets,USD,0.98999999999999999,TCOP1250,USD,14,16384,-0.00069588485719809996,0.0072118814664598992,0.0089758800753778779,-4.909740825780192,-0.015349908492135925,0.016474998623669378,2.2844244876027435,0.011202847038616005,4.8382521947165635e-18,4.8382521947165635e-18,0.054067460402128974,1.0555558079725418
2024-02-15,2024-02-15,2024,net_cashflows,EUR,0.94999999999999996,TCOP1250,USD,14,16384,0.00062774763889420003,0.0033948215500520852,0.0048585733393267765,-5.6282823703308811,-0.013719344329558226,0.017232355611379681,5.0760711151710733,0.004329581726317467,4.8382521947165635e-18,4.8382521947165635e-18,0.054067460402128974,1.0555558079725418
2024-02-15,2024-02-15,2024,net_cashflows,EUR,0.98999999999999999,TCOP1250,USD,14,16384,0.00062774763889420003,0.0056352336882245831,0.0074391974576907341,-5.143486710659146,-0.013719344329558226,0.017232355611379681,3.0579664597385747,0.01413834655254082,4.8382521947165635e-18,4.8382521947165635e-18,0.054067460402128974,1.0555558079725418
2024-02-15,2024-02-15,2024,net_cashflows,USD,0.94999999999999996,TCOP1250,USD,14,16384,0.00062937592482349995,0.003404170095662584,0.0048813984872202983,-5.6249475363450578,-0.013968726826794124,0.017107551215010203,5.0254689790054128,0.0042781267056835586,4.8382521947165635e-18,4.8382521947165635e-18,0.054067460402128974,1.0555558079725418
2024-02-15,2024-02-15,2024,net_cashflows,USD,0.98999999999999999,TCOP1250,USD,14,16384,0.00062937592482349995,0.0056519573484524084,0.0074873544787163,-5.1396726794831622,-0.013968726826794124,0.017107551215010203,3.0268365736508094,0.0139456741954876,4.8382521947165635e-18,4.8382521947165635e-18,0.054067460402128974,1.0555558079725418
2024-02-15,2024-02-15,2024,funded_assets,EUR,0.94999999999999996,TCOP1250,USD,16,65536,-0.00069496738973369996,0.0044772498988113196,0.0061236062098573886,-5.364458152905117,-0.021180636668320846,0.017207359784505383,3.8432877711547491,0.00085754525773278827,4.8518047218726323e-18,4.8518047218726323e-18,0.073108797284067994,1.0758475798423697
2024-02-15,2024-02-15,2024,funded_assets,EUR,0.98999999999999999,TCOP1250,USD,16,65536,-0.00069496738973369996,0.0071354746353115561,0.0087665158492431349,-4.9228693614817018,-0.021180636668320846,0.017207359784505383,2.4115228017700128,0.0029950721334403509,4.8518047218726323e-18,4.8518047218726323e-18,0.073108797284067994,1.0758475798423697
2024-02-15,2024-02-15,2024,funded_assets,USD,0.94999999999999996,TCOP1250,USD,16,65536,-0.00069588485719809996,0.0044978301110774306,0.0061652768958826787,-5.3592799576957884,-0.020960614173431834,0.017775434767532822,3.9520022607689853,0.00087986837961210424,4.8518047218726323e-18,4.8518047218726323e-18,0.073108797284067994,1.0758475798423697
2024-02-15,2024-02-15,2024,funded_assets,USD,0.98999999999999999,TCOP1250,USD,16,65536,-0.00069588485719809996,0.0071929592393673459,0.0088509200981349255,-4.9145545945385463,-0.020960614173431834,0.017775434767532822,2.4712269562501028,0.0030644453526268529,4.8518047218726323e-18,4.8518047218726323e-18,0.073108797284067994,1.0758475798423697
2024-02-15,2024-02-15,2024,net_cashflows,EUR,0.94999999999999996,TCOP1250,USD,16,65536,0.00062774763889420003,0.0033990606851324601,0.004895038418821278,-5.6251441845732604,-0.013719344329558226,0.020633372468347035,6.0703160018877274,0.0012863648911597937,4.8518047218726323e-18,4.8518047218726323e-18,0.073108797284067994,1.0758475798423697
2024-02-15,2024-02-15,2024,net_cashflows,EUR,0.98999999999999999,TCOP1250,USD,16,65536,0.00062774763889420003,0.0056611891893686653,0.0076023639653062377,-5.1346343431766321,-0.013719344329558226,0.020633372468347035,3.6447063996898619,0.0041413470807145141,4.8518047218726323e-18,4.8518047218726323e-18,0.073108797284067994,1.0758475798423697
2024-02-15,2024-02-15,2024,net_cashflows,USD,0.94999999999999996,TCOP1250,USD,16,65536,0.00062937592482349995,0.0034085440578894544,0.0049193027398746116,-5.6216967740657022,-0.013968726826794124,0.020642976209430852,6.0562445017104549,0.0012806157142910037,4.8518047218726323e-18,4.8518047218726323e-18,0.073108797284067994,1.0758475798423697
2024-02-15,2024-02-15,2024,net_cashflows,USD,0.98999999999999999,TCOP1250,USD,16,65536,0.00062937592482349995,0.005680507124765392,0.007656645181739162,-5.1302758631486096,-0.013968726826794124,0.020642976209430852,3.6340023445148688,0.0041139012207741287,4.8518047218726323e-18,4.8518047218726323e-18,0.073108797284067994,1.0758475798423697
2024-02-15,2024-02-15,2024,funded_assets,EUR,0.94999999999999996,FHS250,GBP,0,249,-0.00069496738973369996,0.0038513530362294934,0.0049726539214798738,-5.5292950425337466,-0.011869076052143601,0.0076150647159558271,1.9772440086175633,0.12300308729952657,1.4162390878091902e-18,1.4162390878091902e-18,0.021654393781473234,1.0206471919762143
2024-02-15,2024-02-15,2024,funded_assets,EUR,0.98999999999999999,FHS250,GBP,0,249,-0.00069496738973369996,0.0062624093728061159,0.006951140605020268,-5.0679312751793306,-0.011869076052143601,0.0076150647159558271,1.215995994931836,0.43996504974476669,1.4162390878091902e-18,1.4162390878091902e-18,0.021654393781473234,1.0206471919762143
2024-02-15,2024-02-15,2024,funded_assets,USD,0.94999999999999996,FHS250,GBP,0,249,-0.00069588485719809996,0.0038774570873027891,0.0050033848925491939,-5.5226738354812088,-0.011765134171664367,0.0075443370154979371,1.9456919433622613,0.12111217858148211,1.4162390878091902e-18,1.4162390878091902e-18,0.021654393781473234,1.0206471919762143
2024-02-15,2024-02-15,2024,funded_assets,USD,0.98999999999999999,FHS250,GBP,0,249,-0.00069588485719809996,0.0064046122763699344,0.0069324817090084569,-5.0476817860870593,-0.011765134171664367,0.0075443370154979371,1.1779537448868,0.43705188852563076,1.4162390878091902e-18,1.4162390878091902e-18,0.021654393781473234,1.0206471919762143
2024-02-15,2024-02-15,2024,net_cashflows,EUR,0.94999999999999996,FHS250,GBP,0,249,0.00062774763889420003,0.0038551801282885045,0.0055464142926701689,-5.4995275130825449,-0.0083438508164568343,0.010962623212992684,2.8436085599609862,0.15875698036891928,1.4162390878091902e-18,1.4162390878091902e-18,0.021654393781473234,1.0206471919762143
2024-02-15,2024-02-15,2024,net_cashflows,EUR,0.98999999999999999,FHS250,GBP,0,249,0.00062774763889420003,0.0063371661950151871,0.0091939004887292598,-4.9999356070631098,-0.0083438508164568343,0.010962623212992684,1.7298935952817334,0.47886747635498633,1.4162390878091902e-18,1.4162390878091902e-18,0.021654393781473234,1.0206471919762143
2024-02-15,2024-02-15,2024,net_cashflows,USD,0.94999999999999996,FHS250,GBP,0,249,0.00062937592482349995,0.0038536691892364881,0.0055984136504564222,-5.4969217921343283,-0.0083235741883314583,0.011107508058366685,2.8823200728777061,0.15936109363487755,1.4162390878091902e-18,1.4162390878091902e-18,0.021654393781473234,1.0206471919762143
2024-02-15,2024-02-15,2024,net_cashflows,USD,0.98999999999999999,FHS250,GBP,0,249,0.00062937592482349995,0.0063852254573312879,0.0092988183769251997,-4.9911973148398072,-0.0083235741883314583,0.011107508058366685,1.7395639562912286,0.47972187744362227,1.4162390878091902e-18,1.4162390878091902e-18,0.021654393781473234,1.0206471919762143
2024-02-15,2024-02-15,2024,funded_assets,EUR,0.94999999999999996,FHS500,GBP,0,499,-0.00069496738973369996,0.004278331705070304,0.0054513275794266357,-5.4270722928979431,-0.011869076052143601,0.0080430899314422044,1.8799594061185669,0.059135747985896173,2.2971533529536625e-18,2.2971533529536625e-18,0.031856230428583987,1.0323690713762981
2024-02-15,2024-02-15,2024,funded_assets,EUR,0.98999999999999999,FHS500,GBP,0,499,-0.00069496738973369996,0.0066246947978696458,0.0073126721222472341,-5.0122266832950535,-0.011869076052143601,0.0080430899314422044,1.2141072421975851,0.2204176042193951,2.2971533529536625e-18,2.2971533529536625e-18,0.031856230428583987,1.0323690713762981
2024-02-15,2024-02-15,2024,funded_assets,USD,0.94999999999999996,FHS500,GBP,0,499,-0.00069588485719809996,0.0043108132992001492,0.0054812868198410546,-5.4199552992746209,-0.011765134171664367,0.0081131581307626825,1.882048135155387,0.059324879225552324,2.2971533529536625e-18,2.2971533529536625e-18,0.031856230428583987,1.0323690713762981
2024-02-15,2024-02-15,2024,funded_assets,USD,0.98999999999999999,FHS500,GBP,0,499,-0.00069588485719809996,0.006579282424511855,0.0073242592977716906,-5.0182768616134821,-0.011765134171664367,0.0081131581307626825,1.2331372340144879,0.22198605030723931,2.2971533529536625e-18,2.2971533529536625e-18,0.031856230428583987,1.0323690713762981
2024-02-15,2024-02-15,2024,net_cashflows,EUR,0.94999999999999996,FHS500,GBP,0,499,0.00062774763889420003,0.0039370175183865985,0.0058172177100466113,-5.4701461545344143,-0.0093759524709635216,0.010962623212992684,2.7844994749947669,0.075531588778720349,2.2971533529536625e-18,2.2971533529536625e-18,0.031856230428583987,1.0323690713762981
2024-02-15,2024-02-15,2024,net_cashflows,EUR,0.98999999999999999,FHS500,GBP,0,499,0.00062774763889420003,0.0073166563460075433,0.0092161342137686147,-4.8929031499675322,-0.0093759524709635216,0.010962623212992684,1.4983105252680924,0.23837743988965818,2.2971533529536625e-18,2.2971533529536625e-18,0.031856230428583987,1.0323690713762981
2024-02-15,2024-02-15,2024,net_cashflows,USD,0.94999999999999996,FHS500,GBP,0,499,0.00062937592482349995,0.003958669484450188,0.0058625539234904451,-5.4639233676335923,-0.0091650545603591382,0.011107508058366685,2.805869017860021,0.075938014311191848,2.2971533529536625e-18,2.2971533529536625e-18,0.031856230428583987,1.0323690713762981
2024-02-15,2024-02-15,2024,net_cashflows,USD,0.98999999999999999,FHS500,GBP,0,499,0.00062937592482349995,0.0073005744519265081,0.0092862193604921397,-4.8930508187896482,-0.0091650545603591382,0.011107508058366685,1.5214567198113549,0.23970503304940108,2.2971533529536625e-18,2.2971533529536625e-18,0.031856230428583987,1.0323690713762981
2024-02-15,2024-02-15,2024,funded_assets,EUR,0.94999999999999996,FHS1250,GBP,0,1249,-0.00069496738973369996,0.0038554345221537001,0.0052726356435671747,-5.5140091132726496,-0.012948429619915963,0.015521828888508837,4.0259609647936969,0.047139252074043292,3.8895752937917472e-18,3.8895752937917472e-18,0.031856230428583987,1.0323690713762981
2024-02-15,2024-02-15,2024,funded_assets,EUR,0.98999999999999999,FHS1250,GBP,0,1249,-0.00069496738973369996,0.0063342344485454172,0.0077493556302612367,-5.0427570482034278,-0.012948429619915963,0.015521828888508837,2.4504664319889904,0.16036694697951279,3.8895752937917472e-18,3.8895752937917472e-18,0.031856230428583987,1.0323690713762981
2024-02-15,2024-02-15,2024,funded_assets,USD,0.94999999999999996,FHS1250,GBP,0,1249,-0.00069588485719809996,0.0038606720696924457,0.0053043607042867974,-5.511396169694569,-0.012717699560339617,0.015700880000727196,4.0668774030263553,0.04739783476229191,3.8895752937917472e-18,3.8895752937917472e-18,0.031856230428583987,1.0323690713762981
2024-02-15,2024-02-15,2024,funded_assets,USD,0.98999999999999999,FHS1250,GBP,0,1249,-0.00069588485719809996,0.0064046122763699344,0.0078011470281602931,-5.0325010928363465,-0.012717699560339617,0.015700880000727196,2.4514957851010282,0.16113990114135179,3.8895752937917472e-18,3.8895752937917472e-18,0.031856230428583987,1.0323690713762981
2024-02-15,2024-02-15,2024,net_cashflows,EUR,0.94999999999999996,FHS1250,GBP,0,1249,0.00062774763889420003,0.0031470276256529541,0.0048101631694700562,-5.6827787687806106,-0.0093759524709635216,0.010962623212992684,3.4834848997291941,0.036494064576917104,3.8895752937917472e-18,3.8895752937917472e-18,0.031856230428583987,1.0323690713762981
2024-02-15,2024-02-15,2024,net_cashflows,EUR,0.98999999999999999,FHS1250,GBP,0,1249,0.00062774763889420003,0.0055534216541345931,0.0076969577566152391,-5.1454214677146499,-0.0093759524709635216,0.010962623212992684,1.9740304078713113,0.11403362918373597,3.8895752937917472e-18,3.8895752937917472e-18,0.031856230428583987,1.0323690713762981
2024-02-15,2024-02-15,2024,net_cashflows,USD,0.94999999999999996,FHS1250,GBP,0,1249,0.00062937592482349995,0.0031644490008433303,0.004847109525897321,-5.6765199309047372,-0.0091650545603591382,0.011107508058366685,3.5100922958172238,0.03669453267327092,3.8895752937917472e-18,3.8895752937917472e-18,0.031856230428583987,1.0323690713762981
2024-02-15,2024-02-15,2024,net_cashflows,USD,0.98999999999999999,FHS1250,GBP,0,1249,0.00062937592482349995,0.005641954506322714,0.0077725606690412403,-5.1312745595991025,-0.0091650545603591382,0.011107508058366685,1.9687340700671978,0.1144168739508222,3.8895752937917472e-18,3.8895752937917472e-18,0.031856230428583987,1.0323690713762981
2024-02-15,2024-02-15,2024,funded_assets,EUR,0.94999999999999996,TCOP1250,GBP,12,4096,-0.00069496738973369996,0.0040009047167965384,0.0058251578405545922,-5.4587371987970865,-0.011017778321510047,0.014734504826923178,3.6827932355062094,0.012350879807809821,2.6461309272224343e-18,2.6461309272224343e-18,0.039996587365957695,1.0408072222921694
2024-02-15,2024-02-15,2024,funded_assets,EUR,0.98999999999999999,TCOP1250,GBP,12,4096,-0.00069496738973369996,0.0066118346904122938,0.0090727994690448822,-4.9737208754337274,-0.011017778321510047,0.014734504826923178,2.2285047217362264,0.039649186888611292,2.6461309272224343e-18,2.6461309272224343e-18,0.039996587365957695,1.0408072222921694
2024-02-15,2024-02-15,2024,funded_assets,USD,0.94999999999999996,TCOP1250,GBP,12,4096,-0.00069588485719809996,0.0040288475460959153,0.0058709912186948893,-5.4515022673616587,-0.010853035343648076,0.014891857705931795,3.6963070792694777,0.012385327493456761,2.6461309272224343e-18,2.6461309272224343e-18,0.039996587365957695,1.0408072222921694
2024-02-15,2024-02-15,2024,funded_assets,USD,0.98999999999999999,TCOP1250,GBP,12,4096,-0.00069588485719809996,0.0066927548236635458,0.0091793130551972683,-4.961690088138484,-0.010853035343648076,0.014891857705931795,2.2250714538770664,0.039607620154960693,2.6461309272224343e-18,2.6461309272224343e-18,0.039996587365957695,1.0408072222921694
2024-02-15,2024-02-15,2024,net_cashflows,EUR,0.94999999999999996,TCOP1250,GBP,12,4096,0.00062774763889420003,0.0031142846787902915,0.004394192532801486,-5.7187440819654052,-0.011987118474221891,0.014516964011822963,4.6614120124246039,0.016131203357579761,2.6461309272224343e-18,2.6461309272224343e-18,0.039996587365957695,1.0408072222921694
2024-02-15,2024-02-15,2024,net_cashflows,EUR,0.98999999999999999,TCOP1250,GBP,12,4096,0.00062774763889420003,0.004958973748912643,0.006549690332100639,-5.2712064838591495,-0.011987118474221891,0.014516964011822963,2.9274129581762973,0.05411218679421536,2.6461309272224343e-18,2.6461309272224343e-18,0.039996587365957695,1.0408072222921694
2024-02-15,2024-02-15,2024,net_cashflows,USD,0.94999999999999996,TCOP1250,GBP,12,4096,0.00062937592482349995,0.0031204223867767945,0.0044203163428533435,-5.7156166228869072,-0.012061485154771956,0.015054633607080752,4.8245499298033394,0.01662979467033425,2.6461309272224343e-18,2.6461309272224343e-18,0.039996587365957695,1.0408072222921694
2024-02-15,2024-02-15,2024,net_cashflows,USD,0.98999999999999999,TCOP1250,GBP,12,4096,0.00062937592482349995,0.0050022740333972634,0.0066088051094797358,-5.2624419034764012,-0.012061485154771956,0.015054633607080752,3.0095579543563091,0.055614405283439167,2.6461309272224343e-18,2.6461309272224343e-18,0.039996587365957695,1.0408072222921694
2024-02-15,2024-02-15,2024,funded_assets,EUR,0.94999999999999996,TCOP1250,GBP,14,16384,-0.00069496738973369996,0.0040118496628981093,0.0058386297466508337,-5.4561373623319209,-0.016142407530927355,0.024206111294768295,6.0336536332924569,0.0050608579382124862,4.5536491244391186e-18,4.5536491244391186e-18,0.05490508010138271,1.0420959083902417
2024-02-15,2024-02-15,2024,funded_assets,EUR,0.98999999999999999,TCOP1250,GBP,14,16384,-0.00069496738973369996,0.0068861043627468088,0.0092187754505109933,-4.9395478739760783,-0.016142407530927355,0.024206111294768295,3.5152112166236007,0.016026247661767034,4.5536491244391186e-18,4.5536491244391186e-18,0.05490508010138271,1.0420959083902417
2024-02-15,2024-02-15,2024,funded_assets,USD,0.94999999999999996,TCOP1250,GBP,14,16384,-0.00069588485719809996,0.0040288475460959153,0.0058877667970034814,-5.4506041976065154,-0.015768766277063105,0.025217881695470803,6.2593288544531189,0.0052283910101888634,4.5536491244391186e-18,4.5536491244391186e-18,0.05490508010138271,1.0420959083902417
2024-02-15,2024-02-15,2024,funded_assets,USD,0.98999999999999999,TCOP1250,GBP,14,16384,-0.00069588485719809996,0.0069533821657967697,0.0093350735234116085,-4.9291102734074741,-0.015768766277063105,0.025217881695470803,3.6267072762828869,0.016488111697427362,4.5536491244391186e-18,4.5536491244391186e-18,0.05490508010138271,1.0420959083902417
2024-02-15,2024-02-15,2024,net_cashflows,EUR,0.94999999999999996,TCOP1250,GBP,14,16384,0.00062774763889420003,0.0030499275189417975,0.0043645573827917035,-5.7354442654883782,-0.0167748013910884,0.018103646643561767,5.9357629094880942,0.0050633262650693536,4.5536491244391186e-18,4.5536491244391186e-18,0.05490508010138271,1.0420959083902417
2024-02-15,2024-02-15,2024,net_cashflows,EUR,0.98999999999999999,TCOP1250,GBP,14,16384,0.00062774763889420003,0.0050630199801694475,0.0066180130616921165,-5.2529238329791585,-0.0167748013910884,0.018103646643561767,3.5756617027918347,0.016696233314807931,4.5536491244391186e-18,4.5536491244391186e-18,0.05490508010138271,1.0420959083902417
2024-02-15,2024-02-15,2024,net_cashflows,USD,0.94999999999999996,TCOP1250,GBP,14,16384,0.00062937592482349995,0.0030612207563088141,0.0043921419440949797,-5.7309615204993847,-0.0163023574642682,0.018548591643332713,6.0592139933411397,0.0051551894432297673,4.5536491244391186e-18,4.5536491244391186e-18,0.05490508010138271,1.0420959083902417
2024-02-15,2024-02-15,2024,net_cashflows,USD,0.98999999999999999,TCOP1250,GBP,14,16384,0.00062937592482349995,0.0050852495582609783,0.0066773980326038903,-5.2474653389952861,-0.0163023574642682,0.018548591643332713,3.6475282935132576,0.016954451174550994,4.5536491244391186e-18,4.5536491244391186e-18,0.05490508010138271,1.0420959083902417
2024-02-15,2024-02-15,2024,funded_assets,EUR,0.94999999999999996,TCOP1250,GBP,16,65536,-0.00069496738973369996,0.0040624360123768244,0.0058288515899380736,-5.4479822105047777,-0.027957362745525544,0.024206111294768295,5.9585212471090561,0.0012673369378896535,4.9348139507035538e-18,4.9348139507035538e-18,0.061333793935886324,1.0632537626190437
2024-02-15,2024-02-15,2024,funded_assets,EUR,0.98999999999999999,TCOP1250,GBP,16,65536,-0.00069496738973369996,0.006860449072333602,0.0089172597547848703,-4.9504215969595826,-0.027957362745525544,0.024206111294768295,3.5283566774637563,0.0041420341722363408,4.9348139507035538e-18,4.9348139507035538e-18,0.061333793935886324,1.0632537626190437
2024-02-15,2024-02-15,2024,funded_assets,USD,0.94999999999999996,TCOP1250,GBP,16,65536,-0.00069588485719809996,0.0040825118694999239,0.0058770948673747912,-5.4420447647968953,-0.026662810635831698,0.025217881695470803,6.1770504291417527,0.0013094712475388382,4.9348139507035538e-18,4.9348139507035538e-18,0.061333793935886324,1.0632537626190437
2024-02-15,2024-02-15,2024,funded_assets,USD,0.98999999999999999,TCOP1250,GBP,16,65536,-0.00069588485719809996,0.0069170978783852843,0.0090290588812968059,-4.9412142410116706,-0.026662810635831698,0.025217881695470803,3.6457315103596053,0.004261732506710623,4.9348139507035538e-18,4.9348139507035538e-18,0.061333793935886324,1.0632537626190437
2024-02-15,2024-02-15,2024,net_cashflows,EUR,0.94999999999999996,TCOP1250,GBP,16,65536,0.00062774763889420003,0.0030527141491484169,0.0043915725375310013,-5.7329378316295427,-0.021972419516700915,0.018103646643561767,5.9303445259071994,0.0012580446891648084,4.9348139507035538e-18,4.9348139507035538e-18,0.061333793935886324,1.0632537626190437
2024-02-15,2024-02-15,2024,net_cashflows,EUR,0.98999999999999999,TCOP1250,GBP,16,65536,0.00062774763889420003,0.0051107481400888164,0.0067424255885245475,-5.2413370899751204,-0.021972419516700915,0.018103646643561767,3.5422693796151643,0.004097037805894343,4.9348139507035538e-18,4.9348139507035538e-18,0.061333793935886324,1.0632537626190437
2024-02-15,2024-02-15,2024,net_cashflows,USD,0.94999999999999996,TCOP1250,GBP,16,65536,0.00062937592482349995,0.0030665099216283581,0.0044198851350691001,-5.727843015397502,-0.021339249626911087,0.018548591643332713,6.0487629642114973,0.0012807077045799244,4.9348139507035538e-18,4.9348139507035538e-18,0.061333793935886324,1.0632537626190437
2024-02-15,2024-02-15,2024,net_cashflows,USD,0.98999999999999999,TCOP1250,GBP,16,65536,0.00062937592482349995,0.0051300721536700561,0.0068082943827172367,-5.2361103671940858,-0.021339249626911087,0.018548591643332713,3.6156590175955015,0.0041571211728230976,4.9348139507035538e-18,4.9348139507035538e-18,0.061333793935886324,1.0632537626190437
2024-02-15,2024-02-15,2024,funded_assets,EUR,0.94999999999999996,FHS250,JPY,0,249,-0.00069496738973369996,0.0034602016407234426,0.0046061419510533223,-5.6291499383156207,-0.012260727838334623,0.0071424017928854722,2.0641576805310606,0.12454824386461365,1.8939656700606156e-18,1.8939656700606156e-18,0.022595438476828527,1.0203584480498127
2024-02-15,2024-02-15,2024,funded_assets,EUR,0.98999999999999999,FHS250,JPY,0,249,-0.00069496738973369996,0.0061974546039079981,0.0066680743351543214,-5.0810022232231002,-0.012260727838334623,0.0071424017928854722,1.1524734345583763,0.43017433681739198,1.8939656700606156e-18,1.8939656700606156e-18,0.022595438476828527,1.0203584480498127
2024-02-15,2024-02-15,2024,funded_assets,USD,0.94999999999999996,FHS250,JPY,0,249,-0.00069588485719809996,0.0034591870754401089,0.0046295290959131163,-5.6280994892345984,-0.012189279838883054,0.0070973678615091403,2.0517444436294761,0.1231377308450199,1.8939656700606156e-18,1.8939656700606156e-18,0.022595438476828527,1.0203584480498127
2024-02-15,2024-02-15,2024,funded_assets,USD,0.98999999999999999,FHS250,JPY,0,249,-0.00069588485719809996,0.0062604095374994241,0.006638943664782947,-5.0718196371555209,-0.012189279838883054,0.0070973678615091403,1.1336906665604531,0.42933766012787478,1.8939656700606156e-18,1.8939656700606156e-18,0.022595438476828527,1.0203584480498127
2024-02-15,2024-02-15,2024,net_cashflows,EUR,0.94999999999999996,FHS250,JPY,0,249,0.00062774763889420003,0.0035535789355496837,0.0049190905281289955,-5.5922259380603521,-0.0062808284778947173,0.01000152737189941,2.8144942192911575,0.16330976778852313,1.8939656700606156e-18,1.8939656700606156e-18,0.022595438476828527,1.0203584480498127
2024-02-15,2024-02-15,2024,net_cashflows,EUR,0.98999999999999999,FHS250,JPY,0,249,0.00062774763889420003,0.0056310419195145685,0.0074912076000149194,-5.1423384593981005,-0.0062808284778947173,0.01000152737189941,1.7761415231591111,0.53618560235726875,1.8939656700606156e-18,1.8939656700606156e-18,0.022595438476828527,1.0203584480498127
2024-02-15,2024-02-15,2024,net_cashflows,USD,0.94999999999999996,FHS250,JPY,0,249,0.00062937592482349995,0.0035356003101532124,0.0049642149589035961,-5.5932827011382491,-0.0062416979744594134,0.010121465724813247,2.8627290521916042,0.16376590080271325,1.8939656700606156e-18,1.8939656700606156e-18,0.022595438476828527,1.0203584480498127
2024-02-15,2024-02-15,2024,net_cashflows,USD,0.98999999999999999,FHS250,JPY,0,249,0.00062937592482349995,0.0057419945585493156,0.0076205428049478784,-5.1234187588043589,-0.0062416979744594134,0.010121465724813247,1.7627090415373681,0.53340631719521714,1.8939656700606156e-18,1.8939656700606156e-18,0.022595438476828527,1.0203584480498127
2024-02-15,2024-02-15,2024,funded_assets,EUR,0.94999999999999996,FHS500,JPY,0,499,-0.00069496738973369996,0.0036688760419884281,0.0047575375593633439,-5.57685384444747,-0.012260727838334623,0.0071424017928854722,1.9467547311885987,0.060171591997183048,1.8939656700606156e-18,1.8939656700606156e-18,0.030068881341320873,1.0264761904137853
2024-02-15,2024-02-15,2024,funded_assets,EUR,0.98999999999999999,FHS500,JPY,0,499,-0.00069496738973369996,0.0058065646067467225,0.0065402363452285676,-5.1419601448201764,-0.012260727838334623,0.0071424017928854722,1.2300563718152078,0.2188518838024352,1.8939656700606156e-18,1.8939656700606156e-18,0.030068881341320873,1.0264761904137853
2024-02-15,2024-02-15,2024,funded_assets,USD,0.94999999999999996,FHS500,JPY,0,499,-0.00069588485719809996,0.0036644676759351132,0.0047837984440857878,-5.5765040752739408,-0.012189279838883054,0.0071570366500046563,1.9530904030087524,0.059963892648431064,1.8939656700606156e-18,1.8939656700606156e-18,0.030068881341320873,1.0264761904137853
2024-02-15,2024-02-15,2024,funded_assets,USD,0.98999999999999999,FHS500,JPY,0,499,-0.00069588485719809996,0.0058567170622457025,0.0065488908078280856,-5.1341528653410169,-0.012189279838883054,0.0071570366500046563,1.2220219235348138,0.21901050480945961,1.8939656700606156e-18,1.8939656700606156e-18,0.030068881341320873,1.0264761904137853
2024-02-15,2024-02-15,2024,net_cashflows,EUR,0.94999999999999996,FHS500,JPY,0,499,0.00062774763889420003,0.0036571751875363102,0.0052323194300705972,-5.5539419134072716,-0.0078716225388746897,0.013795090888620454,3.7720618185407861,0.1056719609426187,1.8939656700606156e-18,1.8939656700606156e-18,0.030068881341320873,1.0264761904137853
2024-02-15,2024-02-15,2024,net_cashflows,EUR,0.98999999999999999,FHS500,JPY,0,499,0.00062774763889420003,0.0058923690115756048,0.0086326222904766631,-5.0696369608026224,-0.0078716225388746897,0.013795090888620454,2.3411790506534622,0.32024420613402937,1.8939656700606156e-18,1.8939656700606156e-18,0.030068881341320873,1.0264761904137853
2024-02-15,2024-02-15,2024,net_cashflows,USD,0.94999999999999996,FHS500,JPY,0,499,0.00062937592482349995,0.0036741828905961288,0.0052732519542376972,-5.5483495814588553,-0.0077476494269512145,0.014098194371115555,3.8370965166701736,0.10715548878179068,1.8939656700606156e-18,1.8939656700606156e-18,0.030068881341320873,1.0264761904137853
2024-02-15,2024-02-15,2024,net_cashflows,USD,0.98999999999999999,FHS500,JPY,0,499,0.00062937592482349995,0.0060401085258178109,0.0087401899001226351,-5.048750445259107,-0.0077476494269512145,0.014098194371115555,2.3340962022212515,0.32325263929216508,1.8939656700606156e-18,1.8939656700606156e-18,0.030068881341320873,1.0264761904137853
2024-02-15,2024-02-15,2024,funded_assets,EUR,0.94999999999999996,FHS1250,JPY,0,1249,-0.00069496738973369996,0.0038284721230158192,0.0054911833806135721,-5.5074080218151256,-0.012260727838334623,0.019953349784812446,5.2118310238849297,0.058185855720672315,1.8939656700606156e-18,1.8939656700606156e-18,0.030134623421368786,1.0305932666065654
2024-02-15,2024-02-15,2024,funded_assets,EUR,0.98999999999999999,FHS1250,JPY,0,1249,-0.00069496738973369996,0.0063546635219038083,0.0086108843346146477,-5.0167478955565361,-0.012260727838334623,0.019953349784812446,3.1399537860715205,0.18552635914278226,1.8939656700606156e-18,1.8939656700606156e-18,0.030134623421368786,1.0305932666065654
2024-02-15,2024-02-15,2024,funded_assets,USD,0.94999999999999996,FHS1250,JPY,0,1249,-0.00069588485719809996,0.0038443417489012642,0.0055220825896139039,-5.5028241403048854,-0.012189279838883054,0.020283072881945276,5.2760847517633671,0.05881639617629842,1.8939656700606156e-18,1.8939656700606156e-18,0.030134623421368786,1.0305932666065654
2024-02-15,2024-02-15,2024,funded_assets,USD,0.98999999999999999,FHS1250,JPY,0,1249,-0.00069588485719809996,0.0063004176430603428,0.0086881591513349662,-5.0206212887301156,-0.012189279838883054,0.020283072881945276,3.2193219610268642,0.18691473743265066,1.8939656700606156e-18,1.8939656700606156e-18,0.030134623421368786,1.0305932666065654
2024-02-15,2024-02-15,2024,net_cashflows,EUR,0.94999999999999996,FHS1250,JPY,0,1249,0.00062774763889420003,0.0033541587271380016,0.0049184140157580124,-5.6328097435802365,-0.0080202227795400753,0.013795090888620454,4.1128318636224392,0.044912480333782506,1.8939656700606156e-18,1.8939656700606156e-18,0.030134623421368786,1.0305932666065654
2024-02-15,2024-02-15,2024,net_cashflows,EUR,0.98999999999999999,FHS1250,JPY,0,1249,0.00062774763889420003,0.0056310419195145685,0.0076305708190310302,-5.1376344747553953,-0.0080202227795400753,0.013795090888620454,2.4498291942763015,0.14474550986749296,1.8939656700606156e-18,1.8939656700606156e-18,0.030134623421368786,1.0305932666065654
2024-02-15,2024-02-15,2024,net_cashflows,USD,0.94999999999999996,FHS1250,JPY,0,1249,0.00062937592482349995,0.0033286581059470922,0.0049674047713554187,-5.6347577201044459,-0.0080395398021428886,0.014098194371115555,4.2353987469987526,0.045446610795378165,1.8939656700606156e-18,1.8939656700606156e-18,0.030134623421368786,1.0305932666065654
2024-02-15,2024-02-15,2024,net_cashflows,USD,0.98999999999999999,FHS1250,JPY,0,1249,0.00062937592482349995,0.0056499971402685558,0.0077220279520182405,-5.1320055485180784,-0.0080395398021428886,0.014098194371115555,2.4952569038725989,0.14617385012695491,1.8939656700606156e-18,1.8939656700606156e-18,0.030134623421368786,1.0305932666065654
2024-02-15,2024-02-15,2024,funded_assets,EUR,0.94999999999999996,TCOP1250,JPY,12,4096,-0.00069496738973369996,0.0040728963695916276,0.005557182938549894,-5.4597573078894364,-0.01361089130475987,0.013536174237521015,3.3234762216349321,0.011893544175170238,2.2378610466458615e-18,2.2378610466458615e-18,0.041730541473122953,1.0332777805126554
2024-02-15,2024-02-15,2024,funded_assets,EUR,0.98999999999999999,TCOP1250,JPY,12,4096,-0.00069496738973369996,0.0064362255798137702,0.0078849277509547462,-5.0265327789063363,-0.01361089130475987,0.013536174237521015,2.1031230291205358,0.041911988832835187,2.2378610466458615e-18,2.2378610466458615e-18,0.041730541473122953,1.0332777805126554
2024-02-15,2024-02-15,2024,funded_assets,USD,0.94999999999999996,TCOP1250,JPY,12,4096,-0.00069588485719809996,0.0040970444175016888,0.0055935248098525651,-5.4536836255859704,-0.013375127669273309,0.013711191738370895,3.3466055871397549,0.011969050050888884,2.2378610466458615e-18,2.2378610466458615e-18,0.041730541473122953,1.0332777805126554
2024-02-15,2024-02-15,2024,funded_assets,USD,0.98999999999999999,TCOP1250,JPY,12,4096,-0.00069588485719809996,0.0064706949607186903,0.0079719211070343569,-5.0201439980991474,-0.013375127669273309,0.013711191738370895,2.1189674094678717,0.041990617763978291,2.2378610466458615e-18,2.2378610466458615e-18,0.041730541473122953,1.0332777805126554
2024-02-15,2024-02-15,2024,net_cashflows,EUR,0.94999999999999996,TCOP1250,JPY,12,4096,0.00062774763889420003,0.0032539945292522914,0.0047246958056953656,-5.6662316693617854,-0.010468037877802773,0.018837494568041548,5.7890369509533439,0.0194679102588231,2.2378610466458615e-18,2.2378610466458615e-18,0.041730541473122953,1.0332777805126554
2024-02-15,2024-02-15,2024,net_cashflows,EUR,0.98999999999999999,TCOP1250,JPY,12,4096,0.00062774763889420003,0.0054005248009176277,0.0073594199411009635,-5.177949370594626,-0.010468037877802773,0.018837494568041548,3.4880859291379949,0.062491306843236852,2.2378610466458615e-18,2.2378610466458615e-18,0.041730541473122953,1.0332777805126554
2024-02-15,2024-02-15,2024,net_cashflows,USD,0.94999999999999996,TCOP1250,JPY,12,4096,0.00062937592482349995,0.0032711481948220181,0.0047646047191250152,-5.6599888481996441,-0.01053460127577046,0.019893350136845872,6.0814579322133895,0.020386895543541728,2.2378610466458615e-18,2.2378610466458615e-18,0.041730541473122953,1.0332777805126554
2024-02-15,2024-02-15,2024,net_cashflows,USD,0.98999999999999999,TCOP1250,JPY,12,4096,0.00062937592482349995,0.005473151942699068,0.0074573781290902409,-5.164626960471697,-0.01053460127577046,0.019893350136845872,3.6347154884641348,0.065127111052713668,2.2378610466458615e-18,2.2378610466458615e-18,0.041730541473122953,1.0332777805126554
2024-02-15,2024-02-15,2024,funded_assets,EUR,0.94999999999999996,TCOP1250,JPY,14,16384,-0.00069496738973369996,0.0040232034119075943,0.0055130837697065123,-5.470875606639158,-0.014576060891881931,0.013536174237521015,3.3645264361870439,0.0029971701651045311,3.6591823321385775e-18,3.6591823321385775e-18,0.048714302796449817,1.0426587034398189
2024-02-15,2024-02-15,2024,funded_assets,EUR,0.98999999999999999,TCOP1250,JPY,14,16384,-0.00069496738973369996,0.0064475601487930245,0.0079088011527058445,-5.0245404482448199,-0.014576060891881931,0.013536174237521015,2.0994258176955465,0.010446368465486789,3.6591823321385775e-18,3.6591823321385775e-18,0.048714302796449817,1.0426587034398189
2024-02-15,2024-02-15,2024,funded_assets,USD,0.94999999999999996,TCOP1250,JPY,14,16384,-0.00069588485719809996,0.004048255809737944,0.005551956829435576,-5.4644464583020929,-0.014428939622177317,0.013711191738370895,3.3869380747602662,0.0030146658406573143,3.6591823321385775e-18,3.6591823321385775e-18,0.048714302796449817,1.0426587034398189
2024-02-15,2024-02-15,2024,funded_assets,USD,0.98999999999999999,TCOP1250,JPY,14,16384,-0.00069588485719809996,0.0065035681200959049,0.0079917593462465204,-5.0155600705987942,-0.014428939622177317,0.013711191738370895,2.1082568038310487,0.010471595725892636,3.6591823321385775e-18,3.6591823321385775e-18,0.048714302796449817,1.0426587034398189
2024-02-15,2024-02-15,2024,net_cashflows,EUR,0.94999999999999996,TCOP1250,JPY,14,16384,0.00062774763889420003,0.0033094742673796642,0.0047245668660828907,-5.6544973442498385,-0.012265520690465237,0.018837494568041548,5.6919900401450993,0.0048671103908925787,3.6591823321385775e-18,3.6591823321385775e-18,0.048714302796449817,1.0426587034398189
2024-02-15,2024-02-15,2024,net_cashflows,EUR,0.98999999999999999,TCOP1250,JPY,14,16384,0.00062774763889420003,0.0053630539608031658,0.0072061693151719963,-5.1885868586072217,-0.012265520690465237,0.018837494568041548,3.5124566535631989,0.015955070912617032,3.6591823321385775e-18,3.6591823321385775e-18,0.048714302796449817,1.0426587034398189
2024-02-15,2024-02-15,2024,net_cashflows,USD,0.94999999999999996,TCOP1250,JPY,14,16384,0.00062937592482349995,0.0033254938491469183,0.0047623197404592045,-5.6487275337746565,-0.012124488249737275,0.019893350136845872,5.9820739533014233,0.0050991693128998828,3.6591823321385775e-18,3.6591823321385775e-18,0.048714302796449817,1.0426587034398189
2024-02-15,2024-02-15,2024,net_cashflows,USD,0.98999999999999999,TCOP1250,JPY,14,16384,0.00062937592482349995,0.0053953249686076151,0.0073016803903345638,-5.1807352460240015,-0.012124488249737275,0.019893350136845872,3.6871458628709437,0.01662896304726796,3.6591823321385775e-18,3.6591823321385775e-18,0.048714302796449817,1.0426587034398189
2024-02-15,2024-02-15,2024,funded_assets,EUR,0.94999999999999996,TCOP1250,JPY,16,65536,-0.00069496738973369996,0.0040462141288683251,0.0055003570680075154,-5.467314729248014,-0.019866450996151197,0.016160090029189028,3.9938790964848914,0.00089660871807992844,5.5565361339882102e-18,5.5565361339882102e-18,0.048714302796449817,1.0492794701821404
2024-02-15,2024-02-15,2024,funded_assets,EUR,0.98999999999999999,TCOP1250,JPY,16,65536,-0.00069496738973369996,0.0063859861504963755,0.0078128828502355089,-5.0346150879170768,-0.019866450996151197,0.016160090029189028,2.5305551324963211,0.0031561129190484623,5.5565361339882102e-18,5.5565361339882102e-18,0.048714302796449817,1.0492794701821404
2024-02-15,2024-02-15,2024,funded_assets,USD,0.94999999999999996,TCOP1250,JPY,16,65536,-0.00069588485719809996,0.0040697953490576467,0.0055390693455812292,-5.4611852531740235,-0.01915753168413576,0.016793671675351611,4.126416744576642,0.00092524963199276168,5.5565361339882102e-18,5.5565361339882102e-18,0.048714302796449817,1.0492794701821404
2024-02-15,2024-02-15,2024,funded_assets,USD,0.98999999999999999,TCOP1250,JPY,16,65536,-0.00069588485719809996,0.0064239482622896315,0.0078943760167828458,-5.0278673649244165,-0.01915753168413576,0.016793671675351611,2.6142289740929496,0.0032459955433374412,5.5565361339882102e-18,5.5565361339882102e-18,0.048714302796449817,1.0492794701821404
2024-02-15,2024-02-15,2024,net_cashflows,EUR,0.94999999999999996,TCOP1250,JPY,16,65536,0.00062774763889420003,0.0032571964291815527,0.004728054844700378,-5.6653330558596915,-0.013973595012828998,0.018837494568041548,5.7833461928407282,0.0012158799570691126,5.5565361339882102e-18,5.5565361339882102e-18,0.048714302796449817,1.0492794701821404
2024-02-15,2024-02-15,2024,net_cashflows,EUR,0.98999999999999999,TCOP1250,JPY,16,65536,0.00062774763889420003,0.005442876868178236,0.0072788205518284589,-5.1750173729115625,-0.013973595012828998,0.018837494568041548,3.460944464530312,0.0039489551093209773,5.5565361339882102e-18,5.5565361339882102e-18,0.048714302796449817,1.0492794701821404
2024-02-15,2024-02-15,2024,net_cashflows,USD,0.94999999999999996,TCOP1250,JPY,16,65536,0.00062937592482349995,0.003270364919619287,0.0047649956140166606,-5.6601275123122949,-0.014095354053075269,0.019893350136845872,6.0829144837945845,0.0012740764444427674,5.5565361339882102e-18,5.5565361339882102e-18,0.048714302796449817,1.0492794701821404
2024-02-15,2024-02-15,2024,net_cashflows,USD,0.98999999999999999,TCOP1250,JPY,16,65536,0.00062937592482349995,0.0054905073846882261,0.0073718568851782167,-5.1652926554260077,-0.014095354053075269,0.019893350136845872,3.6232261871323392,0.004117665850172674,5.5565361339882102e-18,5.5565361339882102e-18,0.048714302796449817,1.0492794701821404
2024-02-15,2024-02-15,2024,funded_assets,EUR,0.94999999999999996,FHS250,CHF,0,249,-0.00069496738973369996,0.0037126873702389429,0.0050728553476530021,-5.5519781376221546,-0.01149714279422423,0.0078731645915910975,2.1206107076784093,0.12466010851508773,2.3191762095822743e-18,2.3191762095822743e-18,0.024336709296533934,1.0224769951994659
2024-02-15,2024-02-15,2024,funded_assets,EUR,0.98999999999999999,FHS250,CHF,0,249,-0.00069496738973369996,0.0056080579207170023,0.0065959349283366015,-5.1710723208319074,-0.01149714279422423,0.0078731645915910975,1.4039021534543097,0.47937305703472421,2.3191762095822743e-18,2.3191762095822743e-18,0.024336709296533934,1.0224769951994659
2024-02-15,2024-02-15,2024,funded_assets,USD,0.94999999999999996,FHS250,CHF,0,249,-0.00069588485719809996,0.0037199720418127661,0.0051104633309129819,-5.5485523351998101,-0.011396578154612973,0.007797034045188193,2.0959926465975935,0.12254618695842387,2.3191762095822743e-18,2.3191762095822743e-18,0.024336709296533934,1.0224769951994659
2024-02-15,2024-02-15,2024,funded_assets,USD,0.98999999999999999,FHS250,CHF,0,249,-0.00069588485719809996,0.0056948489941568113,0.0066373825853904451,-5.1570413884898887,-0.011396578154612973,0.007797034045188193,1.3691379794597407,0.47177316264148389,2.3191762095822743e-18,2.3191762095822743e-18,0.024336709296533934,1.0224769951994659
2024-02-15,2024-02-15,2024,net_cashflows,EUR,0.94999999999999996,FHS250,CHF,0,249,0.00062774763889420003,0.0039684471366672192,0.0059883448470244589,-5.4552450660472056,-0.0065258573931036411,0.01076767408702649,2.7133217896583592,0.14442612153080048,2.3191762095822743e-18,2.3191762095822743e-18,0.024336709296533934,1.0224769951994659
2024-02-15,2024-02-15,2024,net_cashflows,EUR,0.98999999999999999,FHS250,CHF,0,249,0.00062774763889420003,0.0077936678344665538,0.0094769967863072759,-4.8365104226313065,-0.0065258573931036411,0.01076767408702649,1.381592635935516,0.45630142129746154,2.3191762095822743e-18,2.3191762095822743e-18,0.024336709296533934,1.0224769951994659
2024-02-15,2024-02-15,2024,net_cashflows,USD,0.94999999999999996,FHS250,CHF,0,249,0.00062937592482349995,0.0040148442584240357,0.0060427843402540305,-5.4444873542885261,-0.0065137567739417613,0.010904099924393526,2.715945930284668,0.14493837110718005,2.3191762095822743e-18,2.3191762095822743e-18,0.024336709296533934,1.0224769951994659
2024-02-15,2024-02-15,2024,net_cashflows,USD,0.98999999999999999,FHS250,CHF,0,249,0.00062937592482349995,0.0078628208018575989,0.0095803682383988446,-4.8273170594676085,-0.0065137567739417613,0.010904099924393526,1.3867923737772863,0.45709689723511687,2.3191762095822743e-18,2.3191762095822743e-18,0.024336709296533934,1.0224769951994659
2024-02-15,2024-02-15,2024,funded_assets,EUR,0.94999999999999996,FHS500,CHF,0,499,-0.00069496738973369996,0.0043224441867212304,0.0051972480766810407,-5.4279466047578104,-0.01149714279422423,0.0078731645915910975,1.8214612500440981,0.060716304937916694,3.0831999280056532e-18,3.0831999280056532e-18,0.025707042399014814,1.0231137397250036
2024-02-15,2024-02-15,2024,funded_assets,EUR,0.98999999999999999,FHS500,CHF,0,499,-0.00069496738973369996,0.0058027649988157126,0.0062690712184565681,-5.1465090925406356,-0.01149714279422423,0.0078731645915910975,1.3567953541454691,0.25167818969159578,3.0831999280056532e-18,3.0831999280056532e-18,0.025707042399014814,1.0231137397250036
2024-02-15,2024-02-15,2024,funded_assets,USD,0.94999999999999996,FHS500,CHF,0,499,-0.00069588485719809996,0.0043407485615815523,0.0052354575712713191,-5.4231951705080581,-0.011396578154612973,0.007797034045188193,1.796241808198018,0.059690365226425693,3.0831999280056532e-18,3.0831999280056532e-18,0.025707042399014814,1.0231137397250036
2024-02-15,2024-02-15,2024,funded_assets,USD,0.98999999999999999,FHS500,CHF,0,499,-0.00069588485719809996,0.0059315927504587475,0.0063075276453741563,-5.1256124849655347,-0.011396578154612973,0.007797034045188193,1.3144924766767194,0.24772493449618732,3.0831999280056532e-18,3.0831999280056532e-18,0.025707042399014814,1.0231137397250036
2024-02-15,2024-02-15,2024,net_cashflows,EUR,0.94999999999999996,FHS500,CHF,0,499,0.00062774763889420003,0.0042048699579085528,0.0061363566355610542,-5.4082852457899833,-0.0079578362445524523,0.012374509719725691,2.942899505477361,0.080825213218819331,3.0831999280056532e-18,3.0831999280056532e-18,0.025707042399014814,1.0231137397250036
2024-02-15,2024-02-15,2024,net_cashflows,EUR,0.98999999999999999,FHS500,CHF,0,499,0.00062774763889420003,0.0078155427068430598,0.0096124047020337087,-4.8316324378126589,-0.0079578362445524523,0.012374509719725691,1.58332059383297,0.25798556595885186,3.0831999280056532e-18,3.0831999280056532e-18,0.025707042399014814,1.0231137397250036
2024-02-15,2024-02-15,2024,net_cashflows,USD,0.94999999999999996,FHS500,CHF,0,499,0.00062937592482349995,0.0042046982582976044,0.0061882312310746757,-5.4056390846048927,-0.0078930125599307836,0.012597821275210324,2.996129686678378,0.081594025424536018,3.0831999280056532e-18,3.0831999280056532e-18,0.025707042399014814,1.0231137397250036
2024-02-15,2024-02-15,2024,net_cashflows,USD,0.98999999999999999,FHS500,CHF,0,499,0.00062937592482349995,0.0078628208018575989,0.0097181908082758645,-4.8246730321555926,-0.0078930125599307836,0.012597821275210324,1.6022012446518019,0.25978225081320194,3.0831999280056532e-18,3.0831999280056532e-18,0.025707042399014814,1.0231137397250036
2024-02-15,2024-02-15,2024,funded_assets,EUR,0.94999999999999996,FHS1250,CHF,0,1249,-0.00069496738973369996,0.0043752817063256177,0.0060541384403481118,-5.384320492687082,-0.01149714279422423,0.015973567998174454,3.6508661773893256,0.042249069105654083,3.0831999280056532e-18,3.0831999280056532e-18,0.031732043310977044,1.0295256235565955
2024-02-15,2024-02-15,2024,funded_assets,EUR,0.98999999999999999,FHS1250,CHF,0,1249,-0.00069496738973369996,0.0067722051349107526,0.0094113456696121086,-4.9462604982919061,-0.01149714279422423,0.015973567998174454,2.3586952373652457,0.1358900853930734,3.0831999280056532e-18,3.0831999280056532e-18,0.031732043310977044,1.0295256235565955
2024-02-15,2024-02-15,2024,funded_assets,USD,0.94999999999999996,FHS1250,CHF,0,1249,-0.00069588485719809996,0.0043920091870633228,0.0060970877575573946,-5.3795986275238361,-0.011396578154612973,0.016162147539296949,3.6798983906733636,0.042446724082225065,3.0831999280056532e-18,3.0831999280056532e-18,0.031732043310977044,1.0295256235565955
2024-02-15,2024-02-15,2024,funded_assets,USD,0.98999999999999999,FHS1250,CHF,0,1249,-0.00069588485719809996,0.0068075196898610387,0.0095114520774670919,-4.9395404898949149,-0.011396578154612973,0.016162147539296949,2.3741609684021148,0.13604726157600014,3.0831999280056532e-18,3.0831999280056532e-18,0.031732043310977044,1.0295256235565955
2024-02-15,2024-02-15,2024,net_cashflows,EUR,0.94999999999999996,FHS1250,CHF,0,1249,0.00062774763889420003,0.0035429555361204622,0.0054545101281742838,-5.5617664110060865,-0.010003317017422297,0.012374509719725691,3.492708162314615,0.036327859221114034,3.0831999280056532e-18,3.0831999280056532e-18,0.031732043310977044,1.0295256235565955
2024-02-15,2024-02-15,2024,net_cashflows,EUR,0.98999999999999999,FHS1250,CHF,0,1249,0.00062774763889420003,0.0059861028207210953,0.0089191930256729557,-5.0484013268431056,-0.010003317017422297,0.012374509719725691,2.0672063428130421,0.11108105603617964,3.0831999280056532e-18,3.0831999280056532e-18,0.031732043310977044,1.0295256235565955
2024-02-15,2024-02-15,2024,net_cashflows,USD,0.94999999999999996,FHS1250,CHF,0,1249,0.00062937592482349995,0.0035555849892955965,0.0055116291495622329,-5.5557890362320927,-0.0098324584645396625,0.012597821275210324,3.5431079029575105,0.036600162337969325,3.0831999280056532e-18,3.0831999280056532e-18,0.031732043310977044,1.0295256235565955
2024-02-15,2024-02-15,2024,net_cashflows,USD,0.98999999999999999,FHS1250,CHF,0,1249,0.00062937592482349995,0.0061330627431830488,0.0090416174456837382,-5.027602420189293,-0.0098324584645396625,0.012597821275210324,2.0540832211789954,0.11155444412048264,3.0831999280056532e-18,3.0831999280056532e-18,0.031732043310977044,1.0295256235565955
2024-02-15,2024-02-15,2024,funded_assets,EUR,0.94999999999999996,TCOP1250,CHF,12,4096,-0.00069496738973369996,0.0045173911545727252,0.0061428175968733182,-5.3570777581024087,-0.014952837601103386,0.018578193498624218,4.1125934998607452,0.014767463629177942,3.550762114890027e-18,3.550762114890027e-18,0.040101259422925188,1.0409161714268989
2024-02-15,2024-02-15,2024,funded_assets,EUR,0.98999999999999999,TCOP1250,CHF,12,4096,-0.00069496738973369996,0.0069181992869795095,0.0091459953897804272,-4.9380207482122991,-0.014952837601103386,0.018578193498624218,2.6854088366013911,0.049592106477477027,3.550762114890027e-18,3.550762114890027e-18,0.040101259422925188,1.0409161714268989
2024-02-15,2024-02-15,2024,funded_assets,USD,0.94999999999999996,TCOP1250,CHF,12,4096,-0.00069588485719809996,0.0045440905391114835,0.0061977917191891729,-5.3503832562879241,-0.014625647064454768,0.0190081694404787,4.1830525331468005,0.014975225298185665,3.550762114890027e-18,3.550762114890027e-18,0.040101259422925188,1.0409161714268989
2024-02-15,2024-02-15,2024,funded_assets,USD,0.98999999999999999,TCOP1250,CHF,12,4096,-0.00069588485719809996,0.0070447418229326571,0.0092778440892596608,-4.9208180142817568,-0.014625647064454768,0.0190081694404787,2.6982066792854851,0.05001880094834267,3.550762114890027e-18,3.550762114890027e-18,0.040101259422925188,1.0409161714268989
2024-02-15,2024-02-15,2024,net_cashflows,EUR,0.94999999999999996,TCOP1250,CHF,12,4096,0.00062774763889420003,0.0034986351371496861,0.0049812830565997019,-5.5997115594897293,-0.01099986078943478,0.016883838446850662,4.8258357287881726,0.016550076853600468,3.550762114890027e-18,3.550762114890027e-18,0.040101259422925188,1.0409161714268989
2024-02-15,2024-02-15,2024,net_cashflows,EUR,0.98999999999999999,TCOP1250,CHF,12,4096,0.00062774763889420003,0.0057418343398576988,0.0074923913014061224,-5.1275118922767025,-0.01099986078943478,0.016883838446850662,2.9404955711886838,0.055016225194212037,3.550762114890027e-18,3.550762114890027e-18,0.040101259422925188,1.0409161714268989
2024-02-15,2024-02-15,2024,net_cashflows,USD,0.94999999999999996,TCOP1250,CHF,12,4096,0.00062937592482349995,0.0035218758018066721,0.0050256081200177397,-5.5924228154774251,-0.011140117022456363,0.01748564503337495,4.9648670246705073,0.016988814905692384,3.550762114890027e-18,3.550762114890027e-18,0.040101259422925188,1.0409161714268989
2024-02-15,2024-02-15,2024,net_cashflows,USD,0.98999999999999999,TCOP1250,CHF,12,4096,0.00062937592482349995,0.0058166802870106334,0.0076039884877407114,-5.1141311461682317,-0.011140117022456363,0.01748564503337495,3.0061210468147199,0.056141014861592585,3.550762114890027e-18,3.550762114890027e-18,0.040101259422925188,1.0409161714268989
2024-02-15,2024-02-15,2024,funded_assets,EUR,0.94999999999999996,TCOP1250,CHF,14,16384,-0.00069496738973369996,0.0044449517842732045,0.0061234432571715906,-5.3697398092381139,-0.019259390738300075,0.018578193498624218,4.1796164278668195,0.003703546829484363,3.8285889215894375e-18,3.8285889215894375e-18,0.040101259422925188,1.0409161714268989
2024-02-15,2024-02-15,2024,funded_assets,EUR,0.98999999999999999,TCOP1250,CHF,14,16384,-0.00069496738973369996,0.0071692470269257014,0.0090682729343118783,-4.9123877347838629,-0.019259390738300075,0.018578193498624218,2.5913730450143064,0.012504287765102507,3.8285889215894375e-18,3.8285889215894375e-18,0.040101259422925188,1.0409161714268989
2024-02-15,2024-02-15,2024,funded_assets,USD,0.94999999999999996,TCOP1250,CHF,14,16384,-0.00069588485719809996,0.0044665493658410339,0.0061784409101904476,-5.3637643239643022,-0.018972094009922936,0.0190081694404787,4.2556720823121443,0.003755531884791725,3.8285889215894375e-18,3.8285889215894375e-18,0.040101259422925188,1.0409161714268989
2024-02-15,2024-02-15,2024,funded_assets,USD,0.98999999999999999,TCOP1250,CHF,14,16384,-0.00069588485719809996,0.0072298177535918585,0.009187695370637794,-4.9029879440141659,-0.018972094009922936,0.0190081694404787,2.6291353514457843,0.01262739506507555,3.8285889215894375e-18,3.8285889215894375e-18,0.040101259422925188,1.0409161714268989
2024-02-15,2024-02-15,2024,net_cashflows,EUR,0.94999999999999996,TCOP1250,CHF,14,16384,0.00062774763889420003,0.0034900621033623243,0.0049372952965471926,-5.6040602812317335,-0.012020542604787099,0.017644741604864279,5.0557099221430306,0.004362508199973014,3.8285889215894375e-18,3.8285889215894375e-18,0.040101259422925188,1.0409161714268989
2024-02-15,2024-02-15,2024,net_cashflows,EUR,0.98999999999999999,TCOP1250,CHF,14,16384,0.00062774763889420003,0.0057534996230172546,0.0073828567027245636,-5.129289292224553,-0.012020542604787099,0.017644741604864279,3.0667841767600588,0.014587165973928892,3.8285889215894375e-18,3.8285889215894375e-18,0.040101259422925188,1.0409161714268989
2024-02-15,2024-02-15,2024,net_cashflows,USD,0.94999999999999996,TCOP1250,CHF,14,16384,0.00062937592482349995,0.0035080105767222461,0.0049799946410509126,-5.5979059114949425,-0.011822020430148697,0.0181570038339674,5.1758691819374798,0.0044506697131874232,3.8285889215894375e-18,3.8285889215894375e-18,0.040101259422925188,1.0409161714268989
2024-02-15,2024-02-15,2024,net_cashflows,USD,0.98999999999999999,TCOP1250,CHF,14,16384,0.00062937592482349995,0.005820791132029878,0.0074864700694185727,-5.1171497766453431,-0.011822020430148697,0.0181570038339674,3.1193360871609781,0.014802911863162186,3.8285889215894375e-18,3.8285889215894375e-18,0.040101259422925188,1.0409161714268989
2024-02-15,2024-02-15,2024,funded_assets,EUR,0.94999999999999996,TCOP1250,CHF,16,65536,-0.00069496738973369996,0.0044462903133895837,0.0061172740019478609,-5.3697969279945799,-0.026382332005117692,0.020174820389432274,4.5374500915240974,0.0010064722574079483,4.7298319774680131e-18,4.7298319774680131e-18,0.067031561142153681,1.0693292268937624
2024-02-15,2024-02-15,2024,funded_assets,EUR,0.98999999999999999,TCOP1250,CHF,16,65536,-0.00069496738973369996,0.007114428866466016,0.0089688796350779667,-4.920759553391564,-0.026382332005117692,0.020174820389432274,2.8357610664331245,0.0034323498722423742,4.7298319774680131e-18,4.7298319774680131e-18,0.067031561142153681,1.0693292268937624
2024-02-15,2024-02-15,2024,funded_assets,USD,0.94999999999999996,TCOP1250,CHF,16,65536,-0.00069588485719809996,0.0044783276743416301,0.0061714524061318192,-5.3621689260034211,-0.026075208190827925,0.020549159747087199,4.5885788717120128,0.0010161474912481787,4.7298319774680131e-18,4.7298319774680131e-18,0.067031561142153681,1.0693292268937624
2024-02-15,2024-02-15,2024,funded_assets,USD,0.98999999999999999,TCOP1250,CHF,16,65536,-0.00069588485719809996,0.0071767129432778682,0.009084557447818482,-4.9111889159033071,-0.026075208190827925,0.020549159747087199,2.8633108094890085,0.0034515197442855586,4.7298319774680131e-18,4.7298319774680131e-18,0.067031561142153681,1.0693292268937624
2024-02-15,2024-02-15,2024,net_cashflows,EUR,0.94999999999999996,TCOP1250,CHF,16,65536,0.00062774763889420003,0.0034670288521190919,0.0049495682339999198,-5.6079839636469009,-0.014031753805212065,0.017644741604864279,5.0892975967245242,0.0010879227337911102,4.7298319774680131e-18,4.7298319774680131e-18,0.067031561142153681,1.0693292268937624
2024-02-15,2024-02-15,2024,net_cashflows,EUR,0.98999999999999999,TCOP1250,CHF,16,65536,0.00062774763889420003,0.005843080172294424,0.0074739132697511108,-5.1145399269182823,-0.014031753805212065,0.017644741604864279,3.0197671578303287,0.0036023617145868672,4.7298319774680131e-18,4.7298319774680131e-18,0.067031561142153681,1.0693292268937624
2024-02-15,2024-02-15,2024,net_cashflows,USD,0.94999999999999996,TCOP1250,CHF,16,65536,0.00062937592482349995,0.0034817273524619351,0.0049925533019168815,-5.6024237040545151,-0.013726372564007865,0.0181570038339674,5.214941319609232,0.0011098685372197741,4.7298319774680131e-18,4.7298319774680131e-18,0.067031561142153681,1.0693292268937624
2024-02-15,2024-02-15,2024,net_cashflows,USD,0.98999999999999999,TCOP1250,CHF,16,65536,0.00062937592482349995,0.005896543003254452,0.007574555970081877,-5.1044933964940382,-0.013726372564007865,0.0181570038339674,3.0792625143149279,0.0036576915215073293,4.7298319774680131e-18,4.7298319774680131e-18,0.067031561142153681,1.0693292268937624
2024-02-15,2024-02-15,2024,funded_assets,EUR,0.94999999999999996,FHS_REF_POOL,ALL_FIVE,0,6245,-0.00069496738973369996,0.0040955879915813842,0.0056636501060863629,-5.4505509275933157,-0.012948429619915963,0.019953349784812446,4.8719133432921504,0.011282801653893797,3.8895752937917472e-18,3.8895752937917472e-18,0.036220333845287875,1.0368842820249369
2024-02-15,2024-02-15,2024,funded_assets,EUR,0.98999999999999999,FHS_REF_POOL,ALL_FIVE,0,6245,-0.00069496738973369996,0.0063546635219038083,0.0085433596874735975,-5.0187877642879313,-0.012948429619915963,0.019953349784812446,3.1399537860715205,0.037398542916155596,3.8895752937917472e-18,3.8895752937917472e-18,0.036220333845287875,1.0368842820249369
2024-02-15,2024-02-15,2024,funded_assets,USD,0.94999999999999996,FHS_REF_POOL,ALL_FIVE,0,6245,-0.00069588485719809996,0.0041001255317315117,0.005696826677488497,-5.4481250283054043,-0.012717699560339617,0.020283072881945276,4.9469394839185794,0.011402453179500902,3.8895752937917472e-18,3.8895752937917472e-18,0.036220333845287875,1.0368842820249369
2024-02-15,2024-02-15,2024,funded_assets,USD,0.98999999999999999,FHS_REF_POOL,ALL_FIVE,0,6245,-0.00069588485719809996,0.0064159248431895962,0.0086172406581348261,-5.0094451926567487,-0.012717699560339617,0.020283072881945276,3.1613638528629964,0.037690603082132193,3.8895752937917472e-18,3.8895752937917472e-18,0.036220333845287875,1.0368842820249369
2024-02-15,2024-02-15,2024,net_cashflows,EUR,0.94999999999999996,FHS_REF_POOL,ALL_FIVE,0,6245,0.00062774763889420003,0.0033360736354268502,0.0050195104952338769,-5.6298015520331752,-0.010003317017422297,0.013971107817611107,4.1878895205571522,0.0089138850751663262,3.8895752937917472e-18,3.8895752937917472e-18,0.036220333845287875,1.0368842820249369
2024-02-15,2024-02-15,2024,net_cashflows,EUR,0.98999999999999999,FHS_REF_POOL,ALL_FIVE,0,6245,0.00062774763889420003,0.0057667625832337858,0.0080450392703544215,-5.1058898678206432,-0.010003317017422297,0.013971107817611107,2.4226951631805571,0.027808030628876493,3.8895752937917472e-18,3.8895752937917472e-18,0.036220333845287875,1.0368842820249369
2024-02-15,2024-02-15,2024,net_cashflows,USD,0.94999999999999996,FHS_REF_POOL,ALL_FIVE,0,6245,0.00062937592482349995,0.0033312244361665862,0.0050642363088571245,-5.6277578956897054,-0.0098324584645396625,0.014175336528797669,4.2552931513404628,0.0089643120974826681,3.8895752937917472e-18,3.8895752937917472e-18,0.036220333845287875,1.0368842820249369
2024-02-15,2024-02-15,2024,net_cashflows,USD,0.98999999999999999,FHS_REF_POOL,ALL_FIVE,0,6245,0.00062937592482349995,0.0058409596600539669,0.0081384517359167803,-5.0934562001371138,-0.0098324584645396625,0.014175336528797669,2.4268848534842813,0.027890682577651836,3.8895752937917472e-18,3.8895752937917472e-18,0.036220333845287875,1.0368842820249369
2024-02-15,2024-02-15,2024,funded_assets,EUR,0.94999999999999996,TCOP_REF_POOL,ALL_FIVE,12,20480,-0.00069496738973369996,0.0042583221465702648,0.0058830745384760991,-5.4118498009632825,-0.014952837601103386,0.018578193498624218,4.3627966272085485,0.0030838920992491358,4.0251005653524352e-18,4.0251005653524352e-18,0.054067460402128974,1.0555558079725418
2024-02-15,2024-02-15,2024,funded_assets,EUR,0.98999999999999999,TCOP_REF_POOL,ALL_FIVE,12,20480,-0.00069496738973369996,0.0067443322497503233,0.0085772849213569535,-4.9723363291277192,-0.014952837601103386,0.018578193498624218,2.7546379405184238,0.010576054809212258,4.0251005653524352e-18,4.0251005653524352e-18,0.054067460402128974,1.0555558079725418
2024-02-15,2024-02-15,2024,funded_assets,USD,0.94999999999999996,TCOP_REF_POOL,ALL_FIVE,12,20480,-0.00069588485719809996,0.0042758501359735461,0.0059280792453621101,-5.4067674088514064,-0.014625647064454768,0.0190081694404787,4.4454713883817698,0.0031313119647886191,4.0251005653524352e-18,4.0251005653524352e-18,0.054067460402128974,1.0555558079725418
2024-02-15,2024-02-15,2024,funded_assets,USD,0.98999999999999999,TCOP_REF_POOL,ALL_FIVE,12,20480,-0.00069588485719809996,0.0068165373425286323,0.0086768750443360389,-4.9614956415854952,-0.014625647064454768,0.0190081694404787,2.7885374179476754,0.01069663062702195,4.0251005653524352e-18,4.0251005653524352e-18,0.054067460402128974,1.0555558079725418
2024-02-15,2024-02-15,2024,net_cashflows,EUR,0.94999999999999996,TCOP_REF_POOL,ALL_FIVE,12,20480,0.00062774763889420003,0.003205715291205646,0.0045957648238057133,-5.6850832460072551,-0.011987118474221891,0.018837494568041548,5.876221952622906,0.004002813784946789,4.0251005653524352e-18,4.0251005653524352e-18,0.054067460402128974,1.0555558079725418
2024-02-15,2024-02-15,2024,net_cashflows,EUR,0.98999999999999999,TCOP_REF_POOL,ALL_FIVE,12,20480,0.00062774763889420003,0.0052957118587639955,0.0069409569621217033,-5.2073499560959782,-0.011987118474221891,0.018837494568041548,3.5571222661721946,0.01325176837249816,4.0251005653524352e-18,4.0251005653524352e-18,0.054067460402128974,1.0555558079725418
2024-02-15,2024-02-15,2024,net_cashflows,USD,0.94999999999999996,TCOP_REF_POOL,ALL_FIVE,12,20480,0.00062937592482349995,0.0032102160491083364,0.0046261054666933352,-5.6821050135775995,-0.012061485154771956,0.019893350136845872,6.1968882569045194,0.0041994502466239066,4.0251005653524352e-18,4.0251005653524352e-18,0.054067460402128974,1.0555558079725418
2024-02-15,2024-02-15,2024,net_cashflows,USD,0.98999999999999999,TCOP_REF_POOL,ALL_FIVE,12,20480,0.00062937592482349995,0.005363130750628612,0.0070134221520315211,-5.1952342449623989,-0.012061485154771956,0.019893350136845872,3.7092793485436046,0.01384994323875559,4.0251005653524352e-18,4.0251005653524352e-18,0.054067460402128974,1.0555558079725418
2024-02-15,2024-02-15,2024,funded_assets,EUR,0.94999999999999996,EWMA_RADIAL,ALL_EQUIVARIANT,12,4096,-0.00069496738973369996,0.0031680196791614434,0.0045069491550389432,-5.6992159307036312,-0.013297574031581078,0.011353214411311929,3.5836944088418856,0.012300031647961864,3.6430887061407458e-18,3.6430887061407458e-18,0.042517526606939936,1.0434343440770333
2024-02-15,2024-02-15,2024,funded_assets,EUR,0.98999999999999999,EWMA_RADIAL,ALL_EQUIVARIANT,12,4096,-0.00069496738973369996,0.0054593615540624585,0.0068435861169425056,-5.1867093655163918,-0.013297574031581078,0.011353214411311929,2.0795864679201719,0.040501877448062877,3.6430887061407458e-18,3.6430887061407458e-18,0.042517526606939936,1.0434343440770333
2024-02-15,2024-02-15,2024,funded_assets,USD,0.94999999999999996,EWMA_RADIAL,ALL_EQUIVARIANT,12,4096,-0.00069588485719809996,0.0031841634366243333,0.0045351690013158384,-5.693788237713961,-0.013052111298105754,0.01148528549142637,3.6070025047465553,0.01236569035185547,3.6430887061407458e-18,3.6430887061407458e-18,0.042517526606939936,1.0434343440770333
2024-02-15,2024-02-15,2024,funded_assets,USD,0.98999999999999999,EWMA_RADIAL,ALL_EQUIVARIANT,12,4096,-0.00069588485719809996,0.005536990466793389,0.0069016953423820266,-5.1737229272885008,-0.013052111298105754,0.01148528549142637,2.0742830532770968,0.040628057876754851,3.6430887061407458e-18,3.6430887061407458e-18,0.042517526606939936,1.0434343440770333
2024-02-15,2024-02-15,2024,net_cashflows,EUR,0.94999999999999996,EWMA_RADIAL,ALL_EQUIVARIANT,12,4096,0.00062774763889420003,0.0039809173778507347,0.0055487277767035598,-5.4767397365681312,-0.018236183782863225,0.017206570813507127,4.3222627300034082,0.015141571623512044,3.6430887061407458e-18,3.6430887061407458e-18,0.042517526606939936,1.0434343440770333
2024-02-15,2024-02-15,2024,net_cashflows,EUR,0.98999999999999999,EWMA_RADIAL,ALL_EQUIVARIANT,12,4096,0.00062774763889420003,0.0063472643651791387,0.0086068112568877773,-5.017731467679349,-0.018236183782863225,0.017206570813507127,2.7108640547417164,0.048808122162021274,3.6430887061407458e-18,3.6430887061407458e-18,0.042517526606939936,1.0434343440770333
2024-02-15,2024-02-15,2024,net_cashflows,USD,0.94999999999999996,EWMA_RADIAL,ALL_EQUIVARIANT,12,4096,0.00062937592482349995,0.0039952097601681121,0.0055926562660206323,-5.4719338010866787,-0.017885027659772672,0.017515605109490528,4.3841515617326436,0.01529244986739341,3.6430887061407458e-18,3.6430887061407458e-18,0.042517526606939936,1.0434343440770333
2024-02-15,2024-02-15,2024,net_cashflows,USD,0.98999999999999999,EWMA_RADIAL,ALL_EQUIVARIANT,12,4096,0.00062937592482349995,0.0064521939833026678,0.0087134727680475699,-5.0024000751063564,-0.017885027659772672,0.017515605109490528,2.7146742882836978,0.049076538052260324,3.6430887061407458e-18,3.6430887061407458e-18,0.042517526606939936,1.0434343440770333
2024-02-15,2024-02-15,2024,funded_assets,EUR,0.94999999999999996,TCOP_REF_POOL,ALL_FIVE,14,81920,-0.00069496738973369996,0.0042045253228958079,0.0058378620979135099,-5.423174005769889,-0.019259390738300075,0.024206111294768295,5.7571567384678461,0.0010123046829825684,4.8382521947165635e-18,4.8382521947165635e-18,0.05490508010138271,1.0555558079725418
2024-02-15,2024-02-15,2024,funded_assets,EUR,0.98999999999999999,TCOP_REF_POOL,ALL_FIVE,14,81920,-0.00069496738973369996,0.0067804462197864901,0.0085997211034202752,-4.9675759577498031,-0.019259390738300075,0.024206111294768295,3.5699879491899464,0.0034359806959169212,4.8382521947165635e-18,4.8382521947165635e-18,0.05490508010138271,1.0555558079725418
2024-02-15,2024-02-15,2024,funded_assets,USD,0.94999999999999996,TCOP_REF_POOL,ALL_FIVE,14,81920,-0.00069588485719809996,0.0042208664469676966,0.0058832612650243331,-5.4182075209303866,-0.018972094009922936,0.025217881695470803,5.9745746548288743,0.0010464790056001077,4.8382521947165635e-18,4.8382521947165635e-18,0.05490508010138271,1.0555558079725418
2024-02-15,2024-02-15,2024,funded_assets,USD,0.98999999999999999,TCOP_REF_POOL,ALL_FIVE,14,81920,-0.00069588485719809996,0.0068435892886841536,0.0086971394007383952,-4.957882924333922,-0.018972094009922936,0.025217881695470803,3.684891163350271,0.0035395025390679525,4.8382521947165635e-18,4.8382521947165635e-18,0.05490508010138271,1.0555558079725418
2024-02-15,2024-02-15,2024,net_cashflows,EUR,0.94999999999999996,TCOP_REF_POOL,ALL_FIVE,14,81920,0.00062774763889420003,0.0032157493504146651,0.0046001831040281185,-5.6826110510801282,-0.0167748013910884,0.018837494568041548,5.8578864567328566,0.00099974231313720635,4.8382521947165635e-18,4.8382521947165635e-18,0.05490508010138271,1.0555558079725418
2024-02-15,2024-02-15,2024,net_cashflows,EUR,0.98999999999999999,TCOP_REF_POOL,ALL_FIVE,14,81920,0.00062774763889420003,0.0053373384760998961,0.0069706462853992906,-5.2003595838045085,-0.0167748013910884,0.018837494568041548,3.5293797933921733,0.0032988316355320032,4.8382521947165635e-18,4.8382521947165635e-18,0.05490508010138271,1.0555558079725418
2024-02-15,2024-02-15,2024,net_cashflows,USD,0.94999999999999996,TCOP_REF_POOL,ALL_FIVE,14,81920,0.00062937592482349995,0.0032250031039788791,0.0046307428528972175,-5.6786047716047925,-0.0163023574642682,0.019893350136845872,6.1684747255908858,0.0010488111929417003,4.8382521947165635e-18,4.8382521947165635e-18,0.05490508010138271,1.0555558079725418
2024-02-15,2024-02-15,2024,net_cashflows,USD,0.98999999999999999,TCOP_REF_POOL,ALL_FIVE,14,81920,0.00062937592482349995,0.005363130750628612,0.0070426782447499461,-5.1942481098397932,-0.0163023574642682,0.019893350136845872,3.7092793485436046,0.0034481022467368343,4.8382521947165635e-18,4.8382521947165635e-18,0.05490508010138271,1.0555558079725418
2024-02-15,2024-02-15,2024,funded_assets,EUR,0.94999999999999996,EWMA_RADIAL,ALL_EQUIVARIANT,14,16384,-0.00069496738973369996,0.0032278838126794385,0.0045650380703510232,-5.6822403873269023,-0.014921714404875969,0.015941787827374099,4.9387737454344611,0.0042628757787043243,4.458781434346637e-18,4.458781434346637e-18,0.057621606076086775,1.0464922690290501
2024-02-15,2024-02-15,2024,funded_assets,EUR,0.98999999999999999,EWMA_RADIAL,ALL_EQUIVARIANT,14,16384,-0.00069496738973369996,0.0053628971139556281,0.006863297266360124,-5.200179448866634,-0.014921714404875969,0.015941787827374099,2.972607433748728,0.01417699792368385,4.458781434346637e-18,4.458781434346637e-18,0.057621606076086775,1.0464922690290501
2024-02-15,2024-02-15,2024,funded_assets,USD,0.94999999999999996,EWMA_RADIAL,ALL_EQUIVARIANT,14,16384,-0.00069588485719809996,0.0032387435559408399,0.004594683392214402,-5.6779660420613585,-0.014463999465978424,0.016605297431469258,5.1270800372601579,0.0044116507571547404,4.458781434346637e-18,4.458781434346637e-18,0.057621606076086775,1.0464922690290501
2024-02-15,2024-02-15,2024,funded_assets,USD,0.98999999999999999,EWMA_RADIAL,ALL_EQUIVARIANT,14,16384,-0.00069588485719809996,0.0053929225285369474,0.0069242039019446616,-5.193881280855976,-0.014463999465978424,0.016605297431469258,3.0790906681120318,0.014637161725159562,4.458781434346637e-18,4.458781434346637e-18,0.057621606076086775,1.0464922690290501
2024-02-15,2024-02-15,2024,net_cashflows,EUR,0.94999999999999996,EWMA_RADIAL,ALL_EQUIVARIANT,14,16384,0.00062774763889420003,0.0040171723079358793,0.0055900138838664692,-5.4681398175090639,-0.020127529368999395,0.019592845144886996,4.8772727787109229,0.0042785309290612715,4.458781434346637e-18,4.458781434346637e-18,0.057621606076086775,1.0464922690290501
2024-02-15,2024-02-15,2024,net_cashflows,EUR,0.98999999999999999,EWMA_RADIAL,ALL_EQUIVARIANT,14,16384,0.00062774763889420003,0.0064133445696276103,0.0083806649414415492,-5.0165731598317915,-0.020127529368999395,0.019592845144886996,3.0550120817888087,0.014269182375814362,4.458781434346637e-18,4.458781434346637e-18,0.057621606076086775,1.0464922690290501
2024-02-15,2024-02-15,2024,net_cashflows,USD,0.94999999999999996,EWMA_RADIAL,ALL_EQUIVARIANT,14,16384,0.00062937592482349995,0.0040486578013301452,0.0056349241217506819,-5.4602778403425072,-0.019785378927091,0.020164592295057703,4.980562271386046,0.0043682896694055839,4.458781434346637e-18,4.458781434346637e-18,0.057621606076086775,1.0464922690290501
2024-02-15,2024-02-15,2024,net_cashflows,USD,0.98999999999999999,EWMA_RADIAL,ALL_EQUIVARIANT,14,16384,0.00062937592482349995,0.0064521939833026678,0.0084805713480989951,-5.0091567845190177,-0.019785378927091,0.020164592295057703,3.1252303243269983,0.014512572218642753,4.458781434346637e-18,4.458781434346637e-18,0.057621606076086775,1.0464922690290501
2024-02-15,2024-02-15,2024,funded_assets,EUR,0.94999999999999996,TCOP_REF_POOL,ALL_FIVE,16,327680,-0.00069496738973369996,0.0042291513019938332,0.0058310595419578965,-5.4192764805044149,-0.027957362745525544,0.024206111294768295,5.7236333170100409,0.00025337141122469081,5.5565361339882102e-18,5.5565361339882102e-18,0.073108797284067994,1.0758475798423697
2024-02-15,2024-02-15,2024,funded_assets,EUR,0.98999999999999999,TCOP_REF_POOL,ALL_FIVE,16,327680,-0.00069496738973369996,0.006804293577000825,0.0085106676321718023,-4.9669331472191249,-0.027957362745525544,0.024206111294768295,3.557476029045441,0.00086798348198686146,5.5565361339882102e-18,5.5565361339882102e-18,0.073108797284067994,1.0758475798423697
2024-02-15,2024-02-15,2024,funded_assets,USD,0.94999999999999996,TCOP_REF_POOL,ALL_FIVE,16,327680,-0.00069588485719809996,0.0042503089386128172,0.0058758986835630057,-5.4135500710174682,-0.026662810635831698,0.025217881695470803,5.9331879304992876,0.00026194756452875963,5.5565361339882102e-18,5.5565361339882102e-18,0.073108797284067994,1.0758475798423697
2024-02-15,2024-02-15,2024,funded_assets,USD,0.98999999999999999,TCOP_REF_POOL,ALL_FIVE,16,327680,-0.00069588485719809996,0.0068579057404345254,0.008605815598496741,-4.9584250560180525,-0.026662810635831698,0.025217881695470803,3.677198644884403,0.00089426582057250718,5.5565361339882102e-18,5.5565361339882102e-18,0.073108797284067994,1.0758475798423697
2024-02-15,2024-02-15,2024,net_cashflows,EUR,0.94999999999999996,TCOP_REF_POOL,ALL_FIVE,16,327680,0.00062774763889420003,0.0032139760265920466,0.0046162140100427336,-5.6819440309502278,-0.021972419516700915,0.020633372468347035,6.4198899735495916,0.00027281254938142478,5.5565361339882102e-18,5.5565361339882102e-18,0.073108797284067994,1.0758475798423697
2024-02-15,2024-02-15,2024,net_cashflows,EUR,0.98999999999999999,TCOP_REF_POOL,ALL_FIVE,16,327680,0.00062774763889420003,0.005380310264800881,0.0070612062102523984,-5.1911859645889953,-0.021972419516700915,0.020633372468347035,3.8349781802240828,0.00089174644888680664,5.5565361339882102e-18,5.5565361339882102e-18,0.073108797284067994,1.0758475798423697
2024-02-15,2024-02-15,2024,net_cashflows,USD,0.94999999999999996,TCOP_REF_POOL,ALL_FIVE,16,327680,0.00062937592482349995,0.0032288241772659362,0.0046471622367132651,-5.6767037129503537,-0.021339249626911087,0.020642976209430852,6.3933416860470409,0.00027112186195133771,5.5565361339882102e-18,5.5565361339882102e-18,0.073108797284067994,1.0758475798423697
2024-02-15,2024-02-15,2024,net_cashflows,USD,0.98999999999999999,TCOP_REF_POOL,ALL_FIVE,16,327680,0.00062937592482349995,0.00541878282534083,0.0071343498231768382,-5.1832999375924853,-0.021339249626911087,0.020642976209430852,3.8095227055224257,0.00088301478735633725,5.5565361339882102e-18,5.5565361339882102e-18,0.073108797284067994,1.0758475798423697
2024-02-15,2024-02-15,2024,funded_assets,EUR,0.94999999999999996,EWMA_RADIAL,ALL_EQUIVARIANT,16,65536,-0.00069496738973369996,0.0032486736849567655,0.0045647293373928706,-5.6777057370528352,-0.01877660742859999,0.016547615642455549,5.0936527479138833,0.0011062937489291181,4.6349642873755315e-18,4.6349642873755315e-18,0.057621606076086775,1.0464922690290501
2024-02-15,2024-02-15,2024,funded_assets,EUR,0.98999999999999999,EWMA_RADIAL,ALL_EQUIVARIANT,16,65536,-0.00069496738973369996,0.0053656590455945508,0.0068103313844441408,-5.2014440202075578,-0.01877660742859999,0.016547615642455549,3.0839856766601468,0.0037075519871514035,4.6349642873755315e-18,4.6349642873755315e-18,0.057621606076086775,1.0464922690290501
2024-02-15,2024-02-15,2024,funded_assets,USD,0.94999999999999996,EWMA_RADIAL,ALL_EQUIVARIANT,16,65536,-0.00069588485719809996,0.0032631009444313037,0.0045933397195492076,-5.6727495646440804,-0.018310000135444017,0.016753159965741327,5.1341224960667233,0.0011130591232326893,4.6349642873755315e-18,4.6349642873755315e-18,0.057621606076086775,1.0464922690290501
2024-02-15,2024-02-15,2024,funded_assets,USD,0.98999999999999999,EWMA_RADIAL,ALL_EQUIVARIANT,16,65536,-0.00069588485719809996,0.0054097217246614881,0.0068695128010327934,-5.1931649462246883,-0.018310000135444017,0.016753159965741327,3.0968616905686868,0.0037212673074738778,4.6349642873755315e-18,4.6349642873755315e-18,0.057621606076086775,1.0464922690290501
2024-02-15,2024-02-15,2024,net_cashflows,EUR,0.94999999999999996,EWMA_RADIAL,ALL_EQUIVARIANT,16,65536,0.00062774763889420003,0.0039840977710995928,0.0055953743576800099,-5.4737808539664385,-0.020127529368999395,0.021550972605491901,5.4092479260477413,0.0011754056978423983,4.6349642873755315e-18,4.6349642873755315e-18,0.057621606076086775,1.0464922690290501
2024-02-15,2024-02-15,2024,net_cashflows,EUR,0.98999999999999999,EWMA_RADIAL,ALL_EQUIVARIANT,16,65536,0.00062774763889420003,0.0064497113492867023,0.0084430759320253106,-5.0105031836636087,-0.020127529368999395,0.021550972605491901,3.3413855967174877,0.0038948097556672653,4.6349642873755315e-18,4.6349642873755315e-18,0.057621606076086775,1.0464922690290501
2024-02-15,2024-02-15,2024,net_cashflows,USD,0.94999999999999996,EWMA_RADIAL,ALL_EQUIVARIANT,16,65536,0.00062937592482349995,0.0040072455650780802,0.005641641942234257,-5.4672823835992972,-0.019785378927091,0.022080009328627807,5.5100215272675914,0.0011943835085362956,4.6349642873755315e-18,4.6349642873755315e-18,0.057621606076086775,1.0464922690290501
2024-02-15,2024-02-15,2024,net_cashflows,USD,0.98999999999999999,EWMA_RADIAL,ALL_EQUIVARIANT,16,65536,0.00062937592482349995,0.0065057252606681368,0.008548596953134804,-5.0009596852481284,-0.019785378927091,0.022080009328627807,3.3939351023809134,0.0039411637569369308,4.6349642873755315e-18,4.6349642873755315e-18,0.057621606076086775,1.0464922690290501
2024-02-15,2024-02-15,2024,funded_assets,EUR,0.94999999999999996,HS500,ALL_EQUIVARIANT,0,499,-0.00069496738973369996,0.0055834641417510378,0.006842256490144698,-5.1686109825062339,-0.016320720256127935,0.0097034365100355513,1.737888211276744,0.056840209299894827,2.7952087259391911e-18,2.7952087259391911e-18,0.036012375697215132,1.0352112676056306
2024-02-15,2024-02-15,2024,funded_assets,EUR,0.98999999999999999,HS500,ALL_EQUIVARIANT,0,499,-0.00069496738973369996,0.0079493779307251433,0.0085357794674453639,-4.8321878379140273,-0.016320720256127935,0.0097034365100355513,1.2206535649199413,0.22781474876821367,2.7952087259391911e-18,2.7952087259391911e-18,0.036012375697215132,1.0352112676056306
2024-02-15,2024-02-15,2024,funded_assets,USD,0.94999999999999996,HS500,ALL_EQUIVARIANT,0,499,-0.00069588485719809996,0.0055947629093232483,0.006887605561052783,-5.1657374532620164,-0.016158454111973426,0.0098488706870825983,1.7603732002066079,0.057312270950544572,2.7952087259391911e-18,2.7952087259391911e-18,0.036012375697215132,1.0352112676056306
2024-02-15,2024-02-15,2024,funded_assets,USD,0.98999999999999999,HS500,ALL_EQUIVARIANT,0,499,-0.00069588485719809996,0.0080596845390468342,0.0086450288125789043,-4.8184795976880492,-0.016158454111973426,0.0098488706870825983,1.2219920816215171,0.22830711422335803,2.7952087259391911e-18,2.7952087259391911e-18,0.036012375697215132,1.0352112676056306
2024-02-15,2024-02-15,2024,net_cashflows,EUR,0.94999999999999996,HS500,ALL_EQUIVARIANT,0,499,0.00062774763889420003,0.0044891167720039213,0.0068289355290485129,-5.3292194829754767,-0.0096193975908259732,0.017250502361274411,3.8427386137193005,0.10124607229200377,2.7952087259391911e-18,2.7952087259391911e-18,0.036012375697215132,1.0352112676056306
2024-02-15,2024-02-15,2024,net_cashflows,EUR,0.98999999999999999,HS500,ALL_EQUIVARIANT,0,499,0.00062774763889420003,0.0083587850816907901,0.011182669618590272,-4.745913345791716,-0.0096193975908259732,0.017250502361274411,2.0637571360771285,0.30914035907046655,2.7952087259391911e-18,2.7952087259391911e-18,0.036012375697215132,1.0352112676056306
2024-02-15,2024-02-15,2024,net_cashflows,USD,0.94999999999999996,HS500,ALL_EQUIVARIANT,0,499,0.00062937592482349995,0.0045303741739988277,0.0068949747509121553,-5.3199079316394835,-0.0094276821489450192,0.017704227131297063,3.90789512109329,0.10291383034891598,2.7952087259391911e-18,2.7952087259391911e-18,0.036012375697215132,1.0352112676056306
2024-02-15,2024-02-15,2024,net_cashflows,USD,0.98999999999999999,HS500,ALL_EQUIVARIANT,0,499,0.00062937592482349995,0.0084336882841073487,0.011312692302571065,-4.7363232376084801,-0.0094276821489450192,0.017704227131297063,2.0992271156925906,0.31362483960346149,2.7952087259391911e-18,2.7952087259391911e-18,0.036012375697215132,1.0352112676056306
2024-02-15,2024-02-15,2024,funded_assets,EUR,0.94999999999999996,HS1250,ALL_EQUIVARIANT,0,1249,-0.00069496738973369996,0.0046832885995083118,0.0065597509752719713,-5.3128595907324403,-0.016320720256127935,0.015738020767808003,3.3604635788322557,0.038417607800526152,2.7952087259391911e-18,2.7952087259391911e-18,0.036012375697215132,1.0352112676056306
2024-02-15,2024-02-15,2024,funded_assets,EUR,0.98999999999999999,HS1250,ALL_EQUIVARIANT,0,1249,-0.00069496738973369996,0.007872153778705232,0.0094238206336810567,-4.8291683766408458,-0.016320720256127935,0.015738020767808003,1.9992013888728308,0.13370900722389886,2.7952087259391911e-18,2.7952087259391911e-18,0.036012375697215132,1.0352112676056306
2024-02-15,2024-02-15,2024,funded_assets,USD,0.94999999999999996,HS1250,ALL_EQUIVARIANT,0,1249,-0.00069588485719809996,0.0046838467964602573,0.0066027454169912715,-5.3108910689902018,-0.016158454111973426,0.015923185969558433,3.3995958154720447,0.038616505616159764,2.7952087259391911e-18,2.7952087259391911e-18,0.036012375697215132,1.0352112676056306
2024-02-15,2024-02-15,2024,funded_assets,USD,0.98999999999999999,HS1250,ALL_EQUIVARIANT,0,1249,-0.00069588485719809996,0.0078837131273755932,0.0095163266174315107,-4.8263055755704851,-0.016158454111973426,0.015923185969558433,2.0197571515212016,0.13396711027670419,2.7952087259391911e-18,2.7952087259391911e-18,0.036012375697215132,1.0352112676056306
2024-02-15,2024-02-15,2024,net_cashflows,EUR,0.94999999999999996,HS1250,ALL_EQUIVARIANT,0,1249,0.00062774763889420003,0.0033443555958158956,0.0054939890886335462,-5.5953707469126321,-0.011362286891522877,0.017250502361274411,5.1580945467809753,0.050278407281273134,2.7952087259391911e-18,2.7952087259391911e-18,0.036012375697215132,1.0352112676056306
2024-02-15,2024-02-15,2024,net_cashflows,EUR,0.98999999999999999,HS1250,ALL_EQUIVARIANT,0,1249,0.00062774763889420003,0.0067986506055971348,0.0092214394923190619,-4.9489584738093084,-0.011362286891522877,0.017250502361274411,2.5373420936020104,0.14977543431655721,2.7952087259391911e-18,2.7952087259391911e-18,0.036012375697215132,1.0352112676056306
2024-02-15,2024-02-15,2024,net_cashflows,USD,0.94999999999999996,HS1250,ALL_EQUIVARIANT,0,1249,0.00062937592482349995,0.0033814500135086936,0.0055374890481636333,-5.585567313025706,-0.011163620632108224,0.017704227131297063,5.235690919744405,0.051195483580862698,2.7952087259391911e-18,2.7952087259391911e-18,0.036012375697215132,1.0352112676056306
2024-02-15,2024-02-15,2024,net_cashflows,USD,0.98999999999999999,HS1250,ALL_EQUIVARIANT,0,1249,0.00062937592482349995,0.0068849919722521096,0.009311480223687333,-4.9370982405812374,-0.011163620632108224,0.017704227131297063,2.5714230608617452,0.15222844426135984,2.7952087259391911e-18,2.7952087259391911e-18,0.036012375697215132,1.0352112676056306
