horizon,tau,model_key,book,report,n,breaches,nominal_expected,lags,breach_rate,rate_low,rate_high,es_identification_mean,es_identification_low,es_identification_high,fewer_than_30_breaches,no_asymptotic_tail_pvalues,normal_intervals_descriptive,rate_interval_withheld_degenerate_empirical_sample,coverage_interval_not_confidence_evidence_for_zero_events
5,0.94999999999999996,HS1250,financed_treasury,EUR,2042,85,102.10000000000009,20,0.041625857002938298,0.023733230347804803,0.059518483658071789,0.0094700755734091636,-0.17362689865075517,0.19256704979757353,False,True,True,False,False
5,0.94999999999999996,HS1250,financed_treasury,EUR,2042,85,102.10000000000009,60,0.041625857002938298,0.021559519151414464,0.061692194854462132,0.0094700755734091636,-0.19629186274865243,0.21523201389547078,False,True,True,False,False
5,0.94999999999999996,HS1250,financed_treasury,EUR,2042,85,102.10000000000009,120,0.041625857002938298,0.021185330508623913,0.062066383497252686,0.0094700755734091636,-0.18983109538661311,0.20877124653343146,False,True,True,False,False
5,0.94999999999999996,HS1250,financed_treasury,USD,2042,85,102.10000000000009,20,0.041625857002938298,0.023550271347564024,0.059701442658312572,0.008965119980714335,-0.17948200669334097,0.19741224665476964,False,True,True,False,False
5,0.94999999999999996,HS1250,financed_treasury,USD,2042,85,102.10000000000009,60,0.041625857002938298,0.021610765926942829,0.061640948078933763,0.008965119980714335,-0.20246168666963318,0.22039192663106186,False,True,True,False,False
5,0.94999999999999996,HS1250,financed_treasury,USD,2042,85,102.10000000000009,120,0.041625857002938298,0.021327748150727823,0.061923965855148769,0.008965119980714335,-0.19600547867664986,0.21393571863807853,False,True,True,False,False
5,0.94999999999999996,HS1250,funded_assets,EUR,2042,79,102.10000000000009,20,0.03868756121449559,0.023708155763017529,0.053666966665973648,0.041049460858712764,-0.066699477427127493,0.14879839914455301,False,True,True,False,False
5,0.94999999999999996,HS1250,funded_assets,EUR,2042,79,102.10000000000009,60,0.03868756121449559,0.020824169924038672,0.056550952504952512,0.041049460858712764,-0.084576396021257647,0.16667531773868316,False,True,True,False,False
5,0.94999999999999996,HS1250,funded_assets,EUR,2042,79,102.10000000000009,120,0.03868756121449559,0.01772369060313626,0.059651431825854917,0.041049460858712764,-0.098677384524812381,0.18077630624223789,False,True,True,False,False
5,0.94999999999999996,HS1250,funded_assets,USD,2042,80,102.10000000000009,20,0.039177277179236046,0.023990565954264034,0.054363988404208058,0.040785535646609181,-0.069950216328667839,0.15152128762188621,False,True,True,False,False
5,0.94999999999999996,HS1250,funded_assets,USD,2042,80,102.10000000000009,60,0.039177277179236046,0.020914806846908687,0.057439747511563402,0.040785535646609181,-0.087097321114034551,0.1686683924072529,False,True,True,False,False
5,0.94999999999999996,HS1250,funded_assets,USD,2042,80,102.10000000000009,120,0.039177277179236046,0.017739067819075641,0.060615486539396454,0.040785535646609181,-0.10023589639257831,0.18180696768579668,False,True,True,False,False
5,0.94999999999999996,HS1250,net_cashflows,EUR,2042,103,102.10000000000009,20,0.050440744368266406,0.030485348629984348,0.07039614010654846,-0.032615535884610351,-0.2524217959144982,0.18719072414527749,False,True,True,False,False
5,0.94999999999999996,HS1250,net_cashflows,EUR,2042,103,102.10000000000009,60,0.050440744368266406,0.028031510436095419,0.072849978300437393,-0.032615535884610351,-0.26916547278801711,0.20393440101879642,False,True,True,False,False
5,0.94999999999999996,HS1250,net_cashflows,EUR,2042,103,102.10000000000009,120,0.050440744368266406,0.026755525387766609,0.0741259633487662,-0.032615535884610351,-0.27489354319572706,0.20966247142650637,False,True,True,False,False
5,0.94999999999999996,HS1250,net_cashflows,USD,2042,102,102.10000000000009,20,0.049951028403525957,0.029926088427305639,0.069975968379746276,-0.03711145558481084,-0.2627207949838577,0.18849788381423599,False,True,True,False,False
5,0.94999999999999996,HS1250,net_cashflows,USD,2042,102,102.10000000000009,60,0.049951028403525957,0.027517029401125073,0.072385027405926838,-0.03711145558481084,-0.27947005140586478,0.20524714023624308,False,True,True,False,False
5,0.94999999999999996,HS1250,net_cashflows,USD,2042,102,102.10000000000009,120,0.049951028403525957,0.026241987869172333,0.073660068937879575,-0.03711145558481084,-0.28428630964432849,0.21006339847470684,False,True,True,False,False
5,0.94999999999999996,IN_FHS1250@CHF,financed_treasury,EUR,2042,99,102.10000000000009,20,0.048481880509304603,0.030938713048123432,0.066025047970485778,-0.072352498904667939,-0.30740704618769188,0.16270204837835597,False,True,True,False,False
5,0.94999999999999996,IN_FHS1250@CHF,financed_treasury,EUR,2042,99,102.10000000000009,60,0.048481880509304603,0.030921425192886289,0.066042335825722914,-0.072352498904667939,-0.32939395719472492,0.18468895938538904,False,True,True,False,False
5,0.94999999999999996,IN_FHS1250@CHF,financed_treasury,EUR,2042,99,102.10000000000009,120,0.048481880509304603,0.032117773294425701,0.064845987724183513,-0.072352498904667939,-0.31850974154564254,0.17380474373630667,False,True,True,False,False
5,0.94999999999999996,IN_FHS1250@CHF,financed_treasury,USD,2042,98,102.10000000000009,20,0.047992164544564155,0.030826412077569188,0.065157917011559124,-0.074877070819962172,-0.31695551400997557,0.16720137237005123,False,True,True,False,False
5,0.94999999999999996,IN_FHS1250@CHF,financed_treasury,USD,2042,98,102.10000000000009,60,0.047992164544564155,0.03066773075187729,0.065316598337251022,-0.074877070819962172,-0.33972416497854918,0.18997002333862487,False,True,True,False,False
5,0.94999999999999996,IN_FHS1250@CHF,financed_treasury,USD,2042,98,102.10000000000009,120,0.047992164544564155,0.031664237560908179,0.06432009152822013,-0.074877070819962172,-0.32871116251298693,0.17895702087306256,False,True,True,False,False
5,0.94999999999999996,IN_FHS1250@CHF,funded_assets,EUR,2042,90,102.10000000000009,20,0.044074436826640549,0.029334731884826621,0.058814141768454481,0.026692051234804129,-0.10237199686627223,0.15575609933588047,False,True,True,False,False
5,0.94999999999999996,IN_FHS1250@CHF,funded_assets,EUR,2042,90,102.10000000000009,60,0.044074436826640549,0.027716595159730656,0.060432278493550443,0.026692051234804129,-0.102494552497727,0.15587865496733527,False,True,True,False,False
5,0.94999999999999996,IN_FHS1250@CHF,funded_assets,EUR,2042,90,102.10000000000009,120,0.044074436826640549,0.025250220045865534,0.062898653607415561,0.026692051234804129,-0.10712771228360139,0.16051181475320964,False,True,True,False,False
5,0.94999999999999996,IN_FHS1250@CHF,funded_assets,USD,2042,87,102.10000000000009,20,0.042605288932419196,0.02804041283503008,0.057170165029808311,0.027760868051475221,-0.10605062300776467,0.1615723591107151,False,True,True,False,False
5,0.94999999999999996,IN_FHS1250@CHF,funded_assets,USD,2042,87,102.10000000000009,60,0.042605288932419196,0.026390484782386363,0.058820093082452028,0.027760868051475221,-0.10578831603830295,0.16131005214125338,False,True,True,False,False
5,0.94999999999999996,IN_FHS1250@CHF,funded_assets,USD,2042,87,102.10000000000009,120,0.042605288932419196,0.023985363693493668,0.061225214171344723,0.027760868051475221,-0.10984529606459402,0.16536703216754445,False,True,True,False,False
5,0.94999999999999996,IN_FHS1250@CHF,net_cashflows,EUR,2042,104,102.10000000000009,20,0.050930460333006855,0.03150108417590021,0.0703598364901135,-0.12090878452010287,-0.3663606695104954,0.12454310047028963,False,True,True,False,False
5,0.94999999999999996,IN_FHS1250@CHF,net_cashflows,EUR,2042,104,102.10000000000009,60,0.050930460333006855,0.031436983805096588,0.070423936860917122,-0.12090878452010287,-0.36809173377486082,0.12627416473465511,False,True,True,False,False
5,0.94999999999999996,IN_FHS1250@CHF,net_cashflows,EUR,2042,104,102.10000000000009,120,0.050930460333006855,0.032079982364203216,0.069780938301810494,-0.12090878452010287,-0.34863132828470489,0.10681375924449915,False,True,True,False,False
5,0.94999999999999996,IN_FHS1250@CHF,net_cashflows,USD,2042,103,102.10000000000009,20,0.050440744368266406,0.031201747156698014,0.069679741579834795,-0.12156820918869274,-0.37225375398034244,0.12911733560295699,False,True,True,False,False
5,0.94999999999999996,IN_FHS1250@CHF,net_cashflows,USD,2042,103,102.10000000000009,60,0.050440744368266406,0.031074747476415063,0.069806741260117752,-0.12156820918869274,-0.37405007765143761,0.13091365927405216,False,True,True,False,False
5,0.94999999999999996,IN_FHS1250@CHF,net_cashflows,USD,2042,103,102.10000000000009,120,0.050440744368266406,0.031844397483434352,0.069037091253098454,-0.12156820918869274,-0.3540827229694074,0.11094630459202193,False,True,True,False,False
5,0.94999999999999996,IN_FHS1250@EUR,financed_treasury,EUR,2042,90,102.10000000000009,20,0.044074436826640549,0.026507674493820101,0.061641199159460994,-0.062497528190919777,-0.29285107185977144,0.16785601547793191,False,True,True,False,False
5,0.94999999999999996,IN_FHS1250@EUR,financed_treasury,EUR,2042,90,102.10000000000009,60,0.044074436826640549,0.026441329393265392,0.061707544260015706,-0.062497528190919777,-0.3061785939158248,0.18118353753398522,False,True,True,False,False
5,0.94999999999999996,IN_FHS1250@EUR,financed_treasury,EUR,2042,90,102.10000000000009,120,0.044074436826640549,0.028828042524204525,0.059320831129076573,-0.062497528190919777,-0.2881682147516425,0.16317315836980295,False,True,True,False,False
5,0.94999999999999996,IN_FHS1250@EUR,financed_treasury,USD,2042,90,102.10000000000009,20,0.044074436826640549,0.026485212175236139,0.061663661478044959,-0.063914498391636224,-0.30062946174799099,0.17280046496471851,False,True,True,False,False
5,0.94999999999999996,IN_FHS1250@EUR,financed_treasury,USD,2042,90,102.10000000000009,60,0.044074436826640549,0.026523748778989005,0.061625124874292093,-0.063914498391636224,-0.31451771861669819,0.18668872183342577,False,True,True,False,False
5,0.94999999999999996,IN_FHS1250@EUR,financed_treasury,USD,2042,90,102.10000000000009,120,0.044074436826640549,0.028919205790670109,0.059229667862610989,-0.063914498391636224,-0.2963484404353971,0.16851944365212468,False,True,True,False,False
5,0.94999999999999996,IN_FHS1250@EUR,funded_assets,EUR,2042,81,102.10000000000009,20,0.039666993143976495,0.02569124951788844,0.05364273677006455,0.026350020211946247,-0.08916739812661495,0.14186743855050746,False,True,True,False,False
5,0.94999999999999996,IN_FHS1250@EUR,funded_assets,EUR,2042,81,102.10000000000009,60,0.039666993143976495,0.024236015694342746,0.05509797059361024,0.026350020211946247,-0.091579257889361831,0.14427929831325434,False,True,True,False,False
5,0.94999999999999996,IN_FHS1250@EUR,funded_assets,EUR,2042,81,102.10000000000009,120,0.039666993143976495,0.022530353632633754,0.056803632655319236,0.026350020211946247,-0.09184931920117817,0.14454935962507065,False,True,True,False,False
5,0.94999999999999996,IN_FHS1250@EUR,funded_assets,USD,2042,82,102.10000000000009,20,0.040156709108716944,0.025959899263157154,0.054353518954276731,0.027394614789913039,-0.091926970487828427,0.14671620006765451,False,True,True,False,False
5,0.94999999999999996,IN_FHS1250@EUR,funded_assets,USD,2042,82,102.10000000000009,60,0.040156709108716944,0.02456866002628778,0.055744758191146104,0.027394614789913039,-0.093705085633664906,0.14849431521349099,False,True,True,False,False
5,0.94999999999999996,IN_FHS1250@EUR,funded_assets,USD,2042,82,102.10000000000009,120,0.040156709108716944,0.022907344613246811,0.057406073604187077,0.027394614789913039,-0.093034921030348841,0.14782415061017493,False,True,True,False,False
5,0.94999999999999996,IN_FHS1250@EUR,net_cashflows,EUR,2042,100,102.10000000000009,20,0.048971596474045052,0.030479259504328497,0.067463933443761614,-0.075587714204065695,-0.29742459900678503,0.14624917059865367,False,True,True,False,False
5,0.94999999999999996,IN_FHS1250@EUR,net_cashflows,EUR,2042,100,102.10000000000009,60,0.048971596474045052,0.030499749524873335,0.067443443423216773,-0.075587714204065695,-0.29673421918869075,0.14555879078055933,False,True,True,False,False
5,0.94999999999999996,IN_FHS1250@EUR,net_cashflows,EUR,2042,100,102.10000000000009,120,0.048971596474045052,0.031918095363797971,0.066025097584292133,-0.075587714204065695,-0.27631895768363957,0.1251435292755082,False,True,True,False,False
5,0.94999999999999996,IN_FHS1250@EUR,net_cashflows,USD,2042,100,102.10000000000009,20,0.048971596474045052,0.030479259504328497,0.067463933443761614,-0.078893642325781013,-0.30775775413678697,0.14997046948522491,False,True,True,False,False
5,0.94999999999999996,IN_FHS1250@EUR,net_cashflows,USD,2042,100,102.10000000000009,60,0.048971596474045052,0.030499749524873335,0.067443443423216773,-0.078893642325781013,-0.30694910689603094,0.14916182224446889,False,True,True,False,False
5,0.94999999999999996,IN_FHS1250@EUR,net_cashflows,USD,2042,100,102.10000000000009,120,0.048971596474045052,0.031918095363797971,0.066025097584292133,-0.078893642325781013,-0.28582335889745369,0.12803607424589164,False,True,True,False,False
5,0.94999999999999996,IN_FHS1250@GBP,financed_treasury,EUR,2042,99,102.10000000000009,20,0.048481880509304603,0.030048042899975237,0.066915718118633977,-0.090910132433678736,-0.31494569523864668,0.13312543037128924,False,True,True,False,False
5,0.94999999999999996,IN_FHS1250@GBP,financed_treasury,EUR,2042,99,102.10000000000009,60,0.048481880509304603,0.028859067700039202,0.068104693318569998,-0.090910132433678736,-0.34956525637161051,0.16774499150425304,False,True,True,False,False
5,0.94999999999999996,IN_FHS1250@GBP,financed_treasury,EUR,2042,99,102.10000000000009,120,0.048481880509304603,0.029001908908835673,0.067961852109773541,-0.090910132433678736,-0.34512641483717499,0.16330614996981752,False,True,True,False,False
5,0.94999999999999996,IN_FHS1250@GBP,financed_treasury,USD,2042,98,102.10000000000009,20,0.047992164544564155,0.02992206823362388,0.066062260855504429,-0.095229578226865105,-0.32518074355234594,0.13472158709861576,False,True,True,False,False
5,0.94999999999999996,IN_FHS1250@GBP,financed_treasury,USD,2042,98,102.10000000000009,60,0.047992164544564155,0.028960721131449332,0.067023607957678977,-0.095229578226865105,-0.36088911406714741,0.17042995761341717,False,True,True,False,False
5,0.94999999999999996,IN_FHS1250@GBP,financed_treasury,USD,2042,98,102.10000000000009,120,0.047992164544564155,0.029464330531530695,0.066519998557597618,-0.095229578226865105,-0.35653035212813444,0.1660711956744042,False,True,True,False,False
5,0.94999999999999996,IN_FHS1250@GBP,funded_assets,EUR,2042,91,102.10000000000009,20,0.044564152791380998,0.029886634683676555,0.059241670899085441,0.006053490801680674,-0.1324141941889139,0.14452117579227522,False,True,True,False,False
5,0.94999999999999996,IN_FHS1250@GBP,funded_assets,EUR,2042,91,102.10000000000009,60,0.044564152791380998,0.02764569815367468,0.061482607429087316,0.006053490801680674,-0.14344796724478798,0.1555549488481493,False,True,True,False,False
5,0.94999999999999996,IN_FHS1250@GBP,funded_assets,EUR,2042,91,102.10000000000009,120,0.044564152791380998,0.025045356686910474,0.064082948895851519,0.006053490801680674,-0.15137491599153391,0.16348189759489523,False,True,True,False,False
5,0.94999999999999996,IN_FHS1250@GBP,funded_assets,USD,2042,91,102.10000000000009,20,0.044564152791380998,0.029889624007584853,0.059238681575177143,0.006370399331708864,-0.1358395740140973,0.148580372677515,False,True,True,False,False
5,0.94999999999999996,IN_FHS1250@GBP,funded_assets,USD,2042,91,102.10000000000009,60,0.044564152791380998,0.027917479385403478,0.061210826197358514,0.006370399331708864,-0.14620502986841621,0.15894582853183392,False,True,True,False,False
5,0.94999999999999996,IN_FHS1250@GBP,funded_assets,USD,2042,91,102.10000000000009,120,0.044564152791380998,0.025524011974241676,0.063604293608520324,0.006370399331708864,-0.15300150090401546,0.16574229956743317,False,True,True,False,False
5,0.94999999999999996,IN_FHS1250@GBP,net_cashflows,EUR,2042,122,102.10000000000009,20,0.059745347698334964,0.038913156371496227,0.0805775390251737,-0.13859490196042895,-0.35867193870987824,0.081482134789020361,False,True,True,False,False
5,0.94999999999999996,IN_FHS1250@GBP,net_cashflows,EUR,2042,122,102.10000000000009,60,0.059745347698334964,0.036984536424812357,0.082506158971857563,-0.13859490196042895,-0.36660907707162366,0.089419273150765755,False,True,True,False,False
5,0.94999999999999996,IN_FHS1250@GBP,net_cashflows,EUR,2042,122,102.10000000000009,120,0.059745347698334964,0.036514160841125132,0.082976534555544795,-0.13859490196042895,-0.3605834445044287,0.083393640583570766,False,True,True,False,False
5,0.94999999999999996,IN_FHS1250@GBP,net_cashflows,USD,2042,122,102.10000000000009,20,0.059745347698334964,0.038858210323492889,0.080632485073177038,-0.14014826396703084,-0.36589484642857922,0.085598318494517545,False,True,True,False,False
5,0.94999999999999996,IN_FHS1250@GBP,net_cashflows,USD,2042,122,102.10000000000009,60,0.059745347698334964,0.036854613987085061,0.082636081409584866,-0.14014826396703084,-0.37380964711335229,0.093513119179290644,False,True,True,False,False
5,0.94999999999999996,IN_FHS1250@GBP,net_cashflows,USD,2042,122,102.10000000000009,120,0.059745347698334964,0.036497965126980544,0.082992730269689383,-0.14014826396703084,-0.36706482890214709,0.08676830096808541,False,True,True,False,False
5,0.94999999999999996,IN_FHS1250@JPY,financed_treasury,EUR,2042,86,102.10000000000009,20,0.042115572967678747,0.025604986870990932,0.058626159064366565,0.0043419758821461145,-0.18918719848190832,0.19787115024620053,False,True,True,False,False
5,0.94999999999999996,IN_FHS1250@JPY,financed_treasury,EUR,2042,86,102.10000000000009,60,0.042115572967678747,0.02606745699508959,0.058163688940267903,0.0043419758821461145,-0.19882359140977898,0.20750754317407119,False,True,True,False,False
5,0.94999999999999996,IN_FHS1250@JPY,financed_treasury,EUR,2042,86,102.10000000000009,120,0.042115572967678747,0.028285046198295485,0.055946099737062008,0.0043419758821461145,-0.18620072728395559,0.1948846790482478,False,True,True,False,False
5,0.94999999999999996,IN_FHS1250@JPY,financed_treasury,USD,2042,85,102.10000000000009,20,0.041625857002938298,0.025104946756083001,0.058146767249793591,0.0038523752562491182,-0.19554351109968304,0.20324826161218129,False,True,True,False,False
5,0.94999999999999996,IN_FHS1250@JPY,financed_treasury,USD,2042,85,102.10000000000009,60,0.041625857002938298,0.02567139869885976,0.057580315307016836,0.0038523752562491182,-0.20515380009385834,0.21285855060635658,False,True,True,False,False
5,0.94999999999999996,IN_FHS1250@JPY,financed_treasury,USD,2042,85,102.10000000000009,120,0.041625857002938298,0.027840858935889931,0.055410855069986664,0.0038523752562491182,-0.19218877261595604,0.19989352312845429,False,True,True,False,False
5,0.94999999999999996,IN_FHS1250@JPY,funded_assets,EUR,2042,66,102.10000000000009,20,0.032321253672869733,0.019843780118885695,0.044798727226853768,0.06895195182300301,-0.041081330331311408,0.17898523397731742,False,True,True,False,False
5,0.94999999999999996,IN_FHS1250@JPY,funded_assets,EUR,2042,66,102.10000000000009,60,0.032321253672869733,0.019479299373744687,0.04516320797199478,0.06895195182300301,-0.047851139133026979,0.18575504277903299,False,True,True,False,False
5,0.94999999999999996,IN_FHS1250@JPY,funded_assets,EUR,2042,66,102.10000000000009,120,0.032321253672869733,0.019390834812965461,0.045251672532774005,0.06895195182300301,-0.048536865732426202,0.18644076937843224,False,True,True,False,False
5,0.94999999999999996,IN_FHS1250@JPY,funded_assets,USD,2042,68,102.10000000000009,20,0.033300685602350638,0.020376768089200255,0.046224603115501021,0.070921141576900174,-0.041599066363234447,0.18344134951703478,False,True,True,False,False
5,0.94999999999999996,IN_FHS1250@JPY,funded_assets,USD,2042,68,102.10000000000009,60,0.033300685602350638,0.020078641794947776,0.046522729409753501,0.070921141576900174,-0.047822936392674834,0.18966521954647519,False,True,True,False,False
5,0.94999999999999996,IN_FHS1250@JPY,funded_assets,USD,2042,68,102.10000000000009,120,0.033300685602350638,0.020014043622523396,0.04658732758217788,0.070921141576900174,-0.048396402981754127,0.19023868613555447,False,True,True,False,False
5,0.94999999999999996,IN_FHS1250@JPY,net_cashflows,EUR,2042,105,102.10000000000009,20,0.051420176297747304,0.033077828646047386,0.069762523949447222,-0.11294445691569889,-0.3405523926901915,0.1146634788587937,False,True,True,False,False
5,0.94999999999999996,IN_FHS1250@JPY,net_cashflows,EUR,2042,105,102.10000000000009,60,0.051420176297747304,0.033528961394951838,0.069311391200542777,-0.11294445691569889,-0.33503219664547307,0.1091432828140753,False,True,True,False,False
5,0.94999999999999996,IN_FHS1250@JPY,net_cashflows,EUR,2042,105,102.10000000000009,120,0.051420176297747304,0.035631683381246587,0.067208669214248021,-0.11294445691569889,-0.31258000422210219,0.086691090390704426,False,True,True,False,False
5,0.94999999999999996,IN_FHS1250@JPY,net_cashflows,USD,2042,104,102.10000000000009,20,0.050930460333006855,0.032669917484546049,0.069191003181467661,-0.11600136013966156,-0.35086486348810458,0.11886214320878147,False,True,True,False,False
5,0.94999999999999996,IN_FHS1250@JPY,net_cashflows,USD,2042,104,102.10000000000009,60,0.050930460333006855,0.032979549194034855,0.068881371471978856,-0.11600136013966156,-0.34537300497213663,0.11337028469281349,False,True,True,False,False
5,0.94999999999999996,IN_FHS1250@JPY,net_cashflows,USD,2042,104,102.10000000000009,120,0.050930460333006855,0.034983294628553832,0.066877626037459878,-0.11600136013966156,-0.32242915643049275,0.090426436151169659,False,True,True,False,False
5,0.94999999999999996,IN_FHS1250@USD,financed_treasury,EUR,2042,88,102.10000000000009,20,0.043095004897159644,0.026207624867842057,0.059982384926477228,-0.045891462028329548,-0.2897514181543675,0.19796849409770839,False,True,True,False,False
5,0.94999999999999996,IN_FHS1250@USD,financed_treasury,EUR,2042,88,102.10000000000009,60,0.043095004897159644,0.026749531005381594,0.059440478788937698,-0.045891462028329548,-0.29885249745708425,0.20706957340042514,False,True,True,False,False
5,0.94999999999999996,IN_FHS1250@USD,financed_treasury,EUR,2042,88,102.10000000000009,120,0.043095004897159644,0.0292763065579968,0.056913703236322485,-0.045891462028329548,-0.28185980184229747,0.19007687778563837,False,True,True,False,False
5,0.94999999999999996,IN_FHS1250@USD,financed_treasury,USD,2042,89,102.10000000000009,20,0.0435847208619001,0.026651950365812187,0.060517491357988014,-0.048261586879686014,-0.29964318436616949,0.20312001060679746,False,True,True,False,False
5,0.94999999999999996,IN_FHS1250@USD,financed_treasury,USD,2042,89,102.10000000000009,60,0.0435847208619001,0.02721012732764511,0.059959314396155095,-0.048261586879686014,-0.30918896750479252,0.21266579374542049,False,True,True,False,False
5,0.94999999999999996,IN_FHS1250@USD,financed_treasury,USD,2042,89,102.10000000000009,120,0.0435847208619001,0.02978655111256466,0.05738289061123554,-0.048261586879686014,-0.29198550326387451,0.19546232950450246,False,True,True,False,False
5,0.94999999999999996,IN_FHS1250@USD,funded_assets,EUR,2042,76,102.10000000000009,20,0.037218413320274243,0.023922008313449511,0.050514818327098976,0.058189630824914705,-0.045095672085896134,0.16147493373572555,False,True,True,False,False
5,0.94999999999999996,IN_FHS1250@USD,funded_assets,EUR,2042,76,102.10000000000009,60,0.037218413320274243,0.023209625155375627,0.05122720148517286,0.058189630824914705,-0.044513206356057357,0.16089246800588677,False,True,True,False,False
5,0.94999999999999996,IN_FHS1250@USD,funded_assets,EUR,2042,76,102.10000000000009,120,0.037218413320274243,0.022305120485040866,0.052131706155507621,0.058189630824914705,-0.043633337509579796,0.16001259915940921,False,True,True,False,False
5,0.94999999999999996,IN_FHS1250@USD,funded_assets,USD,2042,73,102.10000000000009,20,0.03574926542605289,0.022648846228814482,0.048849684623291298,0.059468883410303555,-0.04771977302590176,0.16665753984650888,False,True,True,False,False
5,0.94999999999999996,IN_FHS1250@USD,funded_assets,USD,2042,73,102.10000000000009,60,0.03574926542605289,0.022326999943218694,0.049171530908887082,0.059468883410303555,-0.046467816223206684,0.16540558304381381,False,True,True,False,False
5,0.94999999999999996,IN_FHS1250@USD,funded_assets,USD,2042,73,102.10000000000009,120,0.03574926542605289,0.021865637320934325,0.049632893531171451,0.059468883410303555,-0.044701070563588172,0.16363883738419527,False,True,True,False,False
5,0.94999999999999996,IN_FHS1250@USD,net_cashflows,EUR,2042,104,102.10000000000009,20,0.050930460333006855,0.0326092562754869,0.06925166439052681,-0.10454474931501109,-0.33778184201305267,0.12869234338303048,False,True,True,False,False
5,0.94999999999999996,IN_FHS1250@USD,net_cashflows,EUR,2042,104,102.10000000000009,60,0.050930460333006855,0.033313523286783261,0.068547397379230449,-0.10454474931501109,-0.33416068765076706,0.12507118902074488,False,True,True,False,False
5,0.94999999999999996,IN_FHS1250@USD,net_cashflows,EUR,2042,104,102.10000000000009,120,0.050930460333006855,0.035593479502688874,0.066267441163324836,-0.10454474931501109,-0.31146789953450593,0.10237840090448375,False,True,True,False,False
5,0.94999999999999996,IN_FHS1250@USD,net_cashflows,USD,2042,104,102.10000000000009,20,0.050930460333006855,0.032650009273657438,0.069210911392356272,-0.10788125756150121,-0.34922647632453718,0.13346396120153475,False,True,True,False,False
5,0.94999999999999996,IN_FHS1250@USD,net_cashflows,USD,2042,104,102.10000000000009,60,0.050930460333006855,0.033266433895043801,0.068594486770969909,-0.10788125756150121,-0.34568508203156939,0.12992256690856696,False,True,True,False,False
5,0.94999999999999996,IN_FHS1250@USD,net_cashflows,USD,2042,104,102.10000000000009,120,0.050930460333006855,0.035610368097670236,0.066250552568343474,-0.10788125756150121,-0.32248437403259606,0.10672185890959363,False,True,True,False,False
5,0.94999999999999996,IN_FHS_REF_POOL,financed_treasury,EUR,2042,85,102.10000000000009,20,0.041625857002938298,0.02522755502650639,0.058024158979370202,-0.021132187144986256,-0.22852045585431086,0.18625608156433837,False,True,True,False,False
5,0.94999999999999996,IN_FHS_REF_POOL,financed_treasury,EUR,2042,85,102.10000000000009,60,0.041625857002938298,0.025315554359192135,0.057936159646684457,-0.021132187144986256,-0.24418338537846612,0.20191901108849358,False,True,True,False,False
5,0.94999999999999996,IN_FHS_REF_POOL,financed_treasury,EUR,2042,85,102.10000000000009,120,0.041625857002938298,0.027251428743912787,0.056000285261963809,-0.021132187144986256,-0.2311814149501531,0.18891704066018056,False,True,True,False,False
5,0.94999999999999996,IN_FHS_REF_POOL,financed_treasury,USD,2042,85,102.10000000000009,20,0.041625857002938298,0.025096982155833926,0.058154731850042669,-0.022068863918215803,-0.23545976917611375,0.19132204133968214,False,True,True,False,False
5,0.94999999999999996,IN_FHS_REF_POOL,financed_treasury,USD,2042,85,102.10000000000009,60,0.041625857002938298,0.025270243524216088,0.05798147048166051,-0.022068863918215803,-0.25137341256258361,0.20723568472615203,False,True,True,False,False
5,0.94999999999999996,IN_FHS_REF_POOL,financed_treasury,USD,2042,85,102.10000000000009,120,0.041625857002938298,0.027430788861484538,0.055820925144392061,-0.022068863918215803,-0.23816364452658687,0.19402591669015526,False,True,True,False,False
5,0.94999999999999996,IN_FHS_REF_POOL,funded_assets,EUR,2042,78,102.10000000000009,20,0.038197845249755141,0.024780206250487179,0.051615484249023104,0.070278133537429607,-0.03631413011653617,0.17687039719139538,False,True,True,False,False
5,0.94999999999999996,IN_FHS_REF_POOL,funded_assets,EUR,2042,78,102.10000000000009,60,0.038197845249755141,0.023293554998460669,0.053102135501049613,0.070278133537429607,-0.039091061355737727,0.17964732843059694,False,True,True,False,False
5,0.94999999999999996,IN_FHS_REF_POOL,funded_assets,EUR,2042,78,102.10000000000009,120,0.038197845249755141,0.021719199401215247,0.054676491098295033,0.070278133537429607,-0.039088900634980314,0.17964516770983951,False,True,True,False,False
5,0.94999999999999996,IN_FHS_REF_POOL,funded_assets,USD,2042,78,102.10000000000009,20,0.038197845249755141,0.024595111167229369,0.05180057933228091,0.071586908631413232,-0.038618537582788895,0.18179235484561534,False,True,True,False,False
5,0.94999999999999996,IN_FHS_REF_POOL,funded_assets,USD,2042,78,102.10000000000009,60,0.038197845249755141,0.023114257145234365,0.053281433354275917,0.071586908631413232,-0.040793436009933709,0.18396725327276017,False,True,True,False,False
5,0.94999999999999996,IN_FHS_REF_POOL,funded_assets,USD,2042,78,102.10000000000009,120,0.038197845249755141,0.021550946195725791,0.054844744303784491,0.071586908631413232,-0.039985146621055331,0.18315896388388181,False,True,True,False,False
5,0.94999999999999996,IN_FHS_REF_POOL,net_cashflows,EUR,2042,101,102.10000000000009,20,0.049461312438785501,0.031217920852015659,0.06770470402555534,-0.075735574875120962,-0.28803349194720346,0.13656234219696151,False,True,True,False,False
5,0.94999999999999996,IN_FHS_REF_POOL,net_cashflows,EUR,2042,101,102.10000000000009,60,0.049461312438785501,0.031620393433435638,0.067302231444135358,-0.075735574875120962,-0.28527910118315231,0.13380795143291041,False,True,True,False,False
5,0.94999999999999996,IN_FHS_REF_POOL,net_cashflows,EUR,2042,101,102.10000000000009,120,0.049461312438785501,0.033717030209860117,0.065205594667710892,-0.075735574875120962,-0.26499010828429986,0.11351895853405795,False,True,True,False,False
5,0.94999999999999996,IN_FHS_REF_POOL,net_cashflows,USD,2042,100,102.10000000000009,20,0.048971596474045052,0.030701552602048873,0.067241640346041229,-0.077336560008619326,-0.295796801889528,0.14112368187228935,False,True,True,False,False
5,0.94999999999999996,IN_FHS_REF_POOL,net_cashflows,USD,2042,100,102.10000000000009,60,0.048971596474045052,0.031031383504269532,0.06691180944382058,-0.077336560008619326,-0.29304700946723117,0.13837388944999249,False,True,True,False,False
5,0.94999999999999996,IN_FHS_REF_POOL,net_cashflows,USD,2042,100,102.10000000000009,120,0.048971596474045052,0.033056762008610407,0.064886430939479697,-0.077336560008619326,-0.27229223573094175,0.11761911571370309,False,True,True,False,False
5,0.98999999999999999,HS1250,financed_treasury,EUR,2042,23,20.420000000000019,20,0.011263467189030362,0.0023514990049097687,0.020175435373150953,-0.064895857021996808,-0.28027237939934802,0.15048066535535443,True,True,True,False,False
5,0.98999999999999999,HS1250,financed_treasury,EUR,2042,23,20.420000000000019,60,0.011263467189030362,0.0010229276232505448,0.021504006754810179,-0.064895857021996808,-0.29830066962036766,0.16850895557637408,True,True,True,False,False
5,0.98999999999999999,HS1250,financed_treasury,EUR,2042,23,20.420000000000019,120,0.011263467189030362,0.0011365219292650604,0.021390412448795665,-0.064895857021996808,-0.29226672741450899,0.1624750133705154,True,True,True,False,False
5,0.98999999999999999,HS1250,financed_treasury,USD,2042,24,20.420000000000019,20,0.011753183153770812,0.0029282435205182835,0.02057812278702334,-0.067489224529788061,-0.29130171111144654,0.15632326205187039,True,True,True,False,False
5,0.98999999999999999,HS1250,financed_treasury,USD,2042,24,20.420000000000019,60,0.011753183153770812,0.001864922185163877,0.02164144412237775,-0.067489224529788061,-0.30831611448794127,0.17333766542836515,True,True,True,False,False
5,0.98999999999999999,HS1250,financed_treasury,USD,2042,24,20.420000000000019,120,0.011753183153770812,0.0021141608546211312,0.021392205452920494,-0.067489224529788061,-0.3012614948145656,0.16628304575498948,True,True,True,False,False
5,0.98999999999999999,HS1250,funded_assets,EUR,2042,18,20.420000000000019,20,0.0088148873653281102,0.0025740143461952742,0.015055760384460947,-0.04132402937573202,-0.19070150152034845,0.10805344276888443,True,True,True,False,False
5,0.98999999999999999,HS1250,funded_assets,EUR,2042,18,20.420000000000019,60,0.0088148873653281102,0.0021357556187217228,0.015494019111934498,-0.04132402937573202,-0.19408827098570303,0.111440212234239,True,True,True,False,False
5,0.98999999999999999,HS1250,funded_assets,EUR,2042,18,20.420000000000019,120,0.0088148873653281102,0.0015493097516686869,0.016080464978987533,-0.04132402937573202,-0.19213685537760156,0.10948879662613753,True,True,True,False,False
5,0.98999999999999999,HS1250,funded_assets,USD,2042,17,20.420000000000019,20,0.0083251714005876595,0.0022749574262551954,0.014375385374920124,-0.04410163528934969,-0.2014638741531545,0.11326060357445514,True,True,True,False,False
5,0.98999999999999999,HS1250,funded_assets,USD,2042,17,20.420000000000019,60,0.0083251714005876595,0.0017884190415164347,0.014861923759658884,-0.04410163528934969,-0.20355017083181989,0.11534690025312053,True,True,True,False,False
5,0.98999999999999999,HS1250,funded_assets,USD,2042,17,20.420000000000019,120,0.0083251714005876595,0.0016057218632970329,0.015044620937878287,-0.04410163528934969,-0.20009059955774361,0.11188732897904424,True,True,True,False,False
5,0.98999999999999999,HS1250,net_cashflows,EUR,2042,22,20.420000000000019,20,0.010773751224289911,0.0030462659629887784,0.018501236485591044,-0.07867657170766601,-0.40076618002365538,0.24341303660832336,True,True,True,False,False
5,0.98999999999999999,HS1250,net_cashflows,EUR,2042,22,20.420000000000019,60,0.010773751224289911,0.0027928750697961274,0.018754627378783695,-0.07867657170766601,-0.40034925511139008,0.24299611169605806,True,True,True,False,False
5,0.98999999999999999,HS1250,net_cashflows,EUR,2042,22,20.420000000000019,120,0.010773751224289911,0.0024877720736604658,0.019059730374919356,-0.07867657170766601,-0.39418007890617979,0.23682693549084777,True,True,True,False,False
5,0.98999999999999999,HS1250,net_cashflows,USD,2042,21,20.420000000000019,20,0.01028403525954946,0.0026815587361975505,0.01788651178290137,-0.083161042200926391,-0.41687264848750205,0.25055056408564924,True,True,True,False,False
5,0.98999999999999999,HS1250,net_cashflows,USD,2042,21,20.420000000000019,60,0.01028403525954946,0.0020809251204740465,0.018487145398624873,-0.083161042200926391,-0.41510457874815948,0.24878249434630667,True,True,True,False,False
5,0.98999999999999999,HS1250,net_cashflows,USD,2042,21,20.420000000000019,120,0.01028403525954946,0.0020991105524154185,0.018468959966683504,-0.083161042200926391,-0.40571393589255794,0.23939185149070513,True,True,True,False,False
5,0.98999999999999999,IN_FHS1250@CHF,financed_treasury,EUR,2042,30,20.420000000000019,20,0.014691478942213516,0.0040463699925467195,0.025336587891880313,-0.21846299429538821,-0.64059371373439544,0.203667725143619,False,True,True,False,False
5,0.98999999999999999,IN_FHS1250@CHF,financed_treasury,EUR,2042,30,20.420000000000019,60,0.014691478942213516,0.0033134250075745417,0.026069532876852493,-0.21846299429538821,-0.69956248468177962,0.26263649609100326,False,True,True,False,False
5,0.98999999999999999,IN_FHS1250@CHF,financed_treasury,EUR,2042,30,20.420000000000019,120,0.014691478942213516,0.0038589042410586156,0.025524053643368419,-0.21846299429538821,-0.69480717322111263,0.25788118463033616,False,True,True,False,False
5,0.98999999999999999,IN_FHS1250@CHF,financed_treasury,USD,2042,31,20.420000000000019,20,0.015181194906953967,0.0045200640145921719,0.025842325799315762,-0.22226064808271054,-0.65697382079201716,0.21245252462659611,False,True,True,False,False
5,0.98999999999999999,IN_FHS1250@CHF,financed_treasury,USD,2042,31,20.420000000000019,60,0.015181194906953967,0.0038372151726649723,0.02652517464124296,-0.22226064808271054,-0.71638609687467691,0.27186480070925578,False,True,True,False,False
5,0.98999999999999999,IN_FHS1250@CHF,financed_treasury,USD,2042,31,20.420000000000019,120,0.015181194906953967,0.0044634488656806349,0.025898940948227298,-0.22226064808271054,-0.71147526797161997,0.26695397180619895,False,True,True,False,False
5,0.98999999999999999,IN_FHS1250@CHF,funded_assets,EUR,2042,16,20.420000000000019,20,0.0078354554358472089,0.0013237163289130591,0.014347194542781359,-0.068658019179304877,-0.3307804290202036,0.19346439066159388,True,True,True,False,False
5,0.98999999999999999,IN_FHS1250@CHF,funded_assets,EUR,2042,16,20.420000000000019,60,0.0078354554358472089,0.0014972935137243983,0.014173617357970019,-0.068658019179304877,-0.33212845402200591,0.19481241566339619,True,True,True,False,False
5,0.98999999999999999,IN_FHS1250@CHF,funded_assets,EUR,2042,16,20.420000000000019,120,0.0078354554358472089,0.0018751419596325977,0.01379576891206182,-0.068658019179304877,-0.32686020029771212,0.1895441619391024,True,True,True,False,False
5,0.98999999999999999,IN_FHS1250@CHF,funded_assets,USD,2042,17,20.420000000000019,20,0.0083251714005876595,0.0015110478329811413,0.015139294968194179,-0.074399503988534163,-0.3543924352370601,0.20559342725999175,True,True,True,False,False
5,0.98999999999999999,IN_FHS1250@CHF,funded_assets,USD,2042,17,20.420000000000019,60,0.0083251714005876595,0.0016907626653843814,0.014959580135790938,-0.074399503988534163,-0.35613883961433795,0.2073398316372696,True,True,True,False,False
5,0.98999999999999999,IN_FHS1250@CHF,funded_assets,USD,2042,17,20.420000000000019,120,0.0083251714005876595,0.0020555541307213298,0.014594788670453988,-0.074399503988534163,-0.3507046376294562,0.20190562965238784,True,True,True,False,False
5,0.98999999999999999,IN_FHS1250@CHF,net_cashflows,EUR,2042,32,20.420000000000019,20,0.015670910871694418,0.0036275306303088888,0.027714291113079947,-0.28706030376458042,-0.69124343088964657,0.11712282336048574,False,True,True,False,False
5,0.98999999999999999,IN_FHS1250@CHF,net_cashflows,EUR,2042,32,20.420000000000019,60,0.015670910871694418,0.0035039880332575143,0.027837833710131321,-0.28706030376458042,-0.68693501175880223,0.11281440422964134,False,True,True,False,False
5,0.98999999999999999,IN_FHS1250@CHF,net_cashflows,EUR,2042,32,20.420000000000019,120,0.015670910871694418,0.0041082627103080933,0.027233559033080744,-0.28706030376458042,-0.66033426249680371,0.086213654967642883,False,True,True,False,False
5,0.98999999999999999,IN_FHS1250@CHF,net_cashflows,USD,2042,31,20.420000000000019,20,0.015181194906953967,0.0031512051130336838,0.02721118470087425,-0.28793582053227856,-0.70302450447545684,0.12715286341089976,False,True,True,False,False
5,0.98999999999999999,IN_FHS1250@CHF,net_cashflows,USD,2042,31,20.420000000000019,60,0.015181194906953967,0.0029802179882136154,0.027382171825694319,-0.28793582053227856,-0.69970770559684214,0.12383606453228496,False,True,True,False,False
5,0.98999999999999999,IN_FHS1250@CHF,net_cashflows,USD,2042,31,20.420000000000019,120,0.015181194906953967,0.0037245156465683365,0.026637874167339599,-0.28793582053227856,-0.67294876883201016,0.097077127767453086,False,True,True,False,False
5,0.98999999999999999,IN_FHS1250@EUR,financed_treasury,EUR,2042,31,20.420000000000019,20,0.015181194906953967,0.0040884860905366777,0.026273903723371256,-0.23688584153807143,-0.66537563787129794,0.19160395479515505,False,True,True,False,False
5,0.98999999999999999,IN_FHS1250@EUR,financed_treasury,EUR,2042,31,20.420000000000019,60,0.015181194906953967,0.0032278294823546473,0.027134560331553287,-0.23688584153807143,-0.68776937549438355,0.21399769241824065,False,True,True,False,False
5,0.98999999999999999,IN_FHS1250@EUR,financed_treasury,EUR,2042,31,20.420000000000019,120,0.015181194906953967,0.0038905379467493173,0.026471851867158617,-0.23688584153807143,-0.67341222137054735,0.19964053829440445,False,True,True,False,False
5,0.98999999999999999,IN_FHS1250@EUR,financed_treasury,USD,2042,29,20.420000000000019,20,0.014201762977473066,0.0035406230176142067,0.024862902937331927,-0.24444065657568409,-0.68847136946665954,0.19959005631529131,True,True,True,False,False
5,0.98999999999999999,IN_FHS1250@EUR,financed_treasury,USD,2042,29,20.420000000000019,60,0.014201762977473066,0.0028319538629295454,0.025571572092016586,-0.24444065657568409,-0.71080744943149199,0.22192613628012386,True,True,True,False,False
5,0.98999999999999999,IN_FHS1250@EUR,financed_treasury,USD,2042,29,20.420000000000019,120,0.014201762977473066,0.0034941860288689262,0.024909339926077204,-0.24444065657568409,-0.69581321533634055,0.20693190218497232,True,True,True,False,False
5,0.98999999999999999,IN_FHS1250@EUR,funded_assets,EUR,2042,16,20.420000000000019,20,0.0078354554358472089,0.00095039302494581354,0.014720517846748604,-0.067824219346314621,-0.29917825839974993,0.16352981970712072,True,True,True,False,False
5,0.98999999999999999,IN_FHS1250@EUR,funded_assets,EUR,2042,16,20.420000000000019,60,0.0078354554358472089,0.0010897835494161128,0.014581127322278304,-0.067824219346314621,-0.297968176303051,0.16231973761042179,True,True,True,False,False
5,0.98999999999999999,IN_FHS1250@EUR,funded_assets,EUR,2042,16,20.420000000000019,120,0.0078354554358472089,0.0011830360572344942,0.014487874814459924,-0.067824219346314621,-0.28855463403937431,0.1529061953467451,True,True,True,False,False
5,0.98999999999999999,IN_FHS1250@EUR,funded_assets,USD,2042,13,20.420000000000019,20,0.0063663075416258569,-0.00037663712694473942,0.013109252210196452,-0.070974661969640543,-0.3129091106333331,0.17095978669405204,True,True,True,False,False
5,0.98999999999999999,IN_FHS1250@EUR,funded_assets,USD,2042,13,20.420000000000019,60,0.0063663075416258569,-0.00032215426728248332,0.013054769350534196,-0.070974661969640543,-0.31165977333541328,0.16971044939613222,True,True,True,False,False
5,0.98999999999999999,IN_FHS1250@EUR,funded_assets,USD,2042,13,20.420000000000019,120,0.0063663075416258569,-8.5497914123853352e-06,0.012741164874664099,-0.070974661969640543,-0.30163085460946315,0.15968153067018204,True,True,True,False,False
5,0.98999999999999999,IN_FHS1250@EUR,net_cashflows,EUR,2042,27,20.420000000000019,20,0.013222331047992164,0.0022363760702404836,0.024208286025743847,-0.19645819597144226,-0.54490472626040876,0.15198833431752423,True,True,True,False,False
5,0.98999999999999999,IN_FHS1250@EUR,net_cashflows,EUR,2042,27,20.420000000000019,60,0.013222331047992164,0.00222517701582595,0.024219485080158379,-0.19645819597144226,-0.54300255958815924,0.15008616764527472,True,True,True,False,False
5,0.98999999999999999,IN_FHS1250@EUR,net_cashflows,EUR,2042,27,20.420000000000019,120,0.013222331047992164,0.0030168608479002341,0.023427801248084093,-0.19645819597144226,-0.52411688402659462,0.13120049208371015,True,True,True,False,False
5,0.98999999999999999,IN_FHS1250@EUR,net_cashflows,USD,2042,28,20.420000000000019,20,0.013712047012732615,0.0024830241343478145,0.024941069891117416,-0.20341633812953216,-0.56441029466792692,0.15757761840886261,True,True,True,False,False
5,0.98999999999999999,IN_FHS1250@EUR,net_cashflows,USD,2042,28,20.420000000000019,60,0.013712047012732615,0.0025014943401383081,0.024922599685326924,-0.20341633812953216,-0.5626189315637774,0.1557862553047131,True,True,True,False,False
5,0.98999999999999999,IN_FHS1250@EUR,net_cashflows,USD,2042,28,20.420000000000019,120,0.013712047012732615,0.0033463595669736296,0.024077734458491602,-0.20341633812953216,-0.54294095219177607,0.13610827593271177,True,True,True,False,False
5,0.98999999999999999,IN_FHS1250@GBP,financed_treasury,EUR,2042,33,20.420000000000019,20,0.016160626836434867,0.0054374115376158005,0.026883842135253931,-0.29208567278663905,-0.68337332291051589,0.09920197733723779,False,True,True,False,False
5,0.98999999999999999,IN_FHS1250@GBP,financed_treasury,EUR,2042,33,20.420000000000019,60,0.016160626836434867,0.0041704032199091513,0.028150850452960584,-0.29208567278663905,-0.76462908579709188,0.18045774022381383,False,True,True,False,False
5,0.98999999999999999,IN_FHS1250@GBP,financed_treasury,EUR,2042,33,20.420000000000019,120,0.016160626836434867,0.0046819962231401859,0.027639257449729546,-0.29208567278663905,-0.76191166420431289,0.17774031863103484,False,True,True,False,False
5,0.98999999999999999,IN_FHS1250@GBP,financed_treasury,USD,2042,34,20.420000000000019,20,0.016650342801175319,0.0055285184149308272,0.027772167187419809,-0.30111618608634089,-0.6990016167259443,0.096769244553262468,False,True,True,False,False
5,0.98999999999999999,IN_FHS1250@GBP,financed_treasury,USD,2042,34,20.420000000000019,60,0.016650342801175319,0.0043310252043613565,0.028969660397989282,-0.30111618608634089,-0.7799176579024002,0.17768528572971842,False,True,True,False,False
5,0.98999999999999999,IN_FHS1250@GBP,financed_treasury,USD,2042,34,20.420000000000019,120,0.016650342801175319,0.0049018840660694819,0.028398801536281156,-0.30111618608634089,-0.77621414668889432,0.1739817745162125,False,True,True,False,False
5,0.98999999999999999,IN_FHS1250@GBP,funded_assets,EUR,2042,18,20.420000000000019,20,0.0088148873653281102,0.0018309281085495503,0.01579884662210667,-0.099649719180417179,-0.37106507956831247,0.17176564120747809,True,True,True,False,False
5,0.98999999999999999,IN_FHS1250@GBP,funded_assets,EUR,2042,18,20.420000000000019,60,0.0088148873653281102,0.0014599127846280559,0.016169861946028166,-0.099649719180417179,-0.37314326937027598,0.17384383100944159,True,True,True,False,False
5,0.98999999999999999,IN_FHS1250@GBP,funded_assets,EUR,2042,18,20.420000000000019,120,0.0088148873653281102,0.00093497759421680426,0.016694797136439416,-0.099649719180417179,-0.36626324111541186,0.16696380275457753,True,True,True,False,False
5,0.98999999999999999,IN_FHS1250@GBP,funded_assets,USD,2042,17,20.420000000000019,20,0.0083251714005876595,0.0015110478329811404,0.015139294968194179,-0.10179657897337549,-0.38873900415304863,0.18514584620629768,True,True,True,False,False
5,0.98999999999999999,IN_FHS1250@GBP,funded_assets,USD,2042,17,20.420000000000019,60,0.0083251714005876595,0.0010992471276629941,0.015551095673512325,-0.10179657897337549,-0.39013456271716485,0.18654140477041389,True,True,True,False,False
5,0.98999999999999999,IN_FHS1250@GBP,funded_assets,USD,2042,17,20.420000000000019,120,0.0083251714005876595,0.00094681562576002295,0.015703527175415295,-0.10179657897337549,-0.3820048532827518,0.17841169533600085,True,True,True,False,False
5,0.98999999999999999,IN_FHS1250@GBP,net_cashflows,EUR,2042,33,20.420000000000019,20,0.016160626836434867,0.0059272773550689255,0.026393976317800806,-0.26253481261548806,-0.60358933405986914,0.078519708828893031,False,True,True,False,False
5,0.98999999999999999,IN_FHS1250@GBP,net_cashflows,EUR,2042,33,20.420000000000019,60,0.016160626836434867,0.0051858365528168332,0.0271354171200529,-0.26253481261548806,-0.60600786358553749,0.080938238354561376,False,True,True,False,False
5,0.98999999999999999,IN_FHS1250@GBP,net_cashflows,EUR,2042,33,20.420000000000019,120,0.016160626836434867,0.0051907637106063612,0.027130489962263374,-0.26253481261548806,-0.59198620108631195,0.066916575855335836,False,True,True,False,False
5,0.98999999999999999,IN_FHS1250@GBP,net_cashflows,USD,2042,33,20.420000000000019,20,0.016160626836434867,0.0057740883597879756,0.026547165313081759,-0.26985855613221121,-0.62440925141771464,0.084692139153292267,False,True,True,False,False
5,0.98999999999999999,IN_FHS1250@GBP,net_cashflows,USD,2042,33,20.420000000000019,60,0.016160626836434867,0.0049772632659618784,0.027343990406907853,-0.26985855613221121,-0.62561299537363269,0.085895883109210258,False,True,True,False,False
5,0.98999999999999999,IN_FHS1250@GBP,net_cashflows,USD,2042,33,20.420000000000019,120,0.016160626836434867,0.0049620175786946972,0.027359236094175038,-0.26985855613221121,-0.60833728738199322,0.068620175117570792,False,True,True,False,False
5,0.98999999999999999,IN_FHS1250@JPY,financed_treasury,EUR,2042,21,20.420000000000019,20,0.01028403525954946,0.0019388016507929946,0.018629268868305925,-0.040056576499160106,-0.31303570235985406,0.23292254936153384,True,True,True,False,False
5,0.98999999999999999,IN_FHS1250@JPY,financed_treasury,EUR,2042,21,20.420000000000019,60,0.01028403525954946,0.001747102328409739,0.01882096819068918,-0.040056576499160106,-0.32049854721854704,0.24038539422022681,True,True,True,False,False
5,0.98999999999999999,IN_FHS1250@JPY,financed_treasury,EUR,2042,21,20.420000000000019,120,0.01028403525954946,0.0022531208334139827,0.018314949685684936,-0.040056576499160106,-0.31174476410506113,0.23163161110674091,True,True,True,False,False
5,0.98999999999999999,IN_FHS1250@JPY,financed_treasury,USD,2042,22,20.420000000000019,20,0.010773751224289911,0.0020038246300942072,0.019543677818485615,-0.045925222080300213,-0.32734144274997262,0.23549099858937222,True,True,True,False,False
5,0.98999999999999999,IN_FHS1250@JPY,financed_treasury,USD,2042,22,20.420000000000019,60,0.010773751224289911,0.0018426674283089656,0.019704835020270858,-0.045925222080300213,-0.3347272601275742,0.2428768159669738,True,True,True,False,False
5,0.98999999999999999,IN_FHS1250@JPY,financed_treasury,USD,2042,22,20.420000000000019,120,0.010773751224289911,0.0023900255858477683,0.019157476862732052,-0.045925222080300213,-0.32521229960692571,0.23336185544632532,True,True,True,False,False
5,0.98999999999999999,IN_FHS1250@JPY,funded_assets,EUR,2042,9,20.420000000000019,20,0.0044074436826640551,-0.00099571136638804385,0.0098105987317161532,-0.020355813102568055,-0.27435104476620326,0.23363941856106712,True,True,True,False,False
5,0.98999999999999999,IN_FHS1250@JPY,funded_assets,EUR,2042,9,20.420000000000019,60,0.0044074436826640551,-0.0009970593564524767,0.0098119467217805869,-0.020355813102568055,-0.27700272556202671,0.23629109935689058,True,True,True,False,False
5,0.98999999999999999,IN_FHS1250@JPY,funded_assets,EUR,2042,9,20.420000000000019,120,0.0044074436826640551,-0.00082134570566592523,0.0096362330709940346,-0.020355813102568055,-0.27206317590151224,0.23135154969637611,True,True,True,False,False
5,0.98999999999999999,IN_FHS1250@JPY,funded_assets,USD,2042,11,20.420000000000019,20,0.0053868756121449556,-0.00059921020297831404,0.011372961427268225,-0.019811269080861546,-0.27775523376718048,0.23813269560545736,True,True,True,False,False
5,0.98999999999999999,IN_FHS1250@JPY,funded_assets,USD,2042,11,20.420000000000019,60,0.0053868756121449556,-0.00056602401440984836,0.011339775238699759,-0.019811269080861546,-0.280370595091334,0.24074805692961088,True,True,True,False,False
5,0.98999999999999999,IN_FHS1250@JPY,funded_assets,USD,2042,11,20.420000000000019,120,0.0053868756121449556,-0.00039086383820955643,0.011164615062499467,-0.019811269080861546,-0.27539067704811759,0.23576813888639447,True,True,True,False,False
5,0.98999999999999999,IN_FHS1250@JPY,net_cashflows,EUR,2042,34,20.420000000000019,20,0.016650342801175319,0.0048101308318660458,0.028490554770484594,-0.26168645093464582,-0.62375081219674888,0.10037791032745724,False,True,True,False,False
5,0.98999999999999999,IN_FHS1250@JPY,net_cashflows,EUR,2042,34,20.420000000000019,60,0.016650342801175319,0.0050965280269894848,0.028204157575361155,-0.26168645093464582,-0.6169724584431433,0.093599556573851606,False,True,True,False,False
5,0.98999999999999999,IN_FHS1250@JPY,net_cashflows,EUR,2042,34,20.420000000000019,120,0.016650342801175319,0.0058662895120792577,0.02743439609027138,-0.26168645093464582,-0.59044104996550129,0.067068148096209701,False,True,True,False,False
5,0.98999999999999999,IN_FHS1250@JPY,net_cashflows,USD,2042,35,20.420000000000019,20,0.017140058765915768,0.0050831302335917674,0.029196987298239767,-0.27058156357285867,-0.65829116100296148,0.11712803385724413,False,True,True,False,False
5,0.98999999999999999,IN_FHS1250@JPY,net_cashflows,USD,2042,35,20.420000000000019,60,0.017140058765915768,0.0054007919782583496,0.028879325553573185,-0.27058156357285867,-0.65191985555238208,0.11075672840666473,False,True,True,False,False
5,0.98999999999999999,IN_FHS1250@JPY,net_cashflows,USD,2042,35,20.420000000000019,120,0.017140058765915768,0.006240652999533235,0.028039464532298303,-0.27058156357285867,-0.62374517458788792,0.08258204744217057,False,True,True,False,False
5,0.98999999999999999,IN_FHS1250@USD,financed_treasury,EUR,2042,27,20.420000000000019,20,0.013222331047992164,0.0024135140613904312,0.024031148034593899,-0.1932989853197406,-0.71421562980972753,0.32761765917024638,True,True,True,False,False
5,0.98999999999999999,IN_FHS1250@USD,financed_treasury,EUR,2042,27,20.420000000000019,60,0.013222331047992164,0.00170331474027389,0.024741347355710437,-0.1932989853197406,-0.73029534524397666,0.34369737460449551,True,True,True,False,False
5,0.98999999999999999,IN_FHS1250@USD,financed_treasury,EUR,2042,27,20.420000000000019,120,0.013222331047992164,0.0022621356491942801,0.024182526446790049,-0.1932989853197406,-0.7207199109808391,0.33412194034135795,True,True,True,False,False
5,0.98999999999999999,IN_FHS1250@USD,financed_treasury,USD,2042,26,20.420000000000019,20,0.012732615083251714,0.0021940766950025777,0.023271153471500848,-0.19772944369233159,-0.73925777543250659,0.34379888804784342,True,True,True,False,False
5,0.98999999999999999,IN_FHS1250@USD,financed_treasury,USD,2042,26,20.420000000000019,60,0.012732615083251714,0.0016434588160102962,0.023821771350493133,-0.19772944369233159,-0.75573989789270701,0.36028101050804384,True,True,True,False,False
5,0.98999999999999999,IN_FHS1250@USD,financed_treasury,USD,2042,26,20.420000000000019,120,0.012732615083251714,0.0022168283828062196,0.023248401783697206,-0.19772944369233159,-0.74607107945321771,0.35061219206855454,True,True,True,False,False
5,0.98999999999999999,IN_FHS1250@USD,funded_assets,EUR,2042,12,20.420000000000019,20,0.0058765915768854062,1.4085256011099959e-06,0.011751774628169703,-0.0268216209095926,-0.2121220989984815,0.15847885717929633,True,True,True,False,False
5,0.98999999999999999,IN_FHS1250@USD,funded_assets,EUR,2042,12,20.420000000000019,60,0.0058765915768854062,6.9235692544320458e-05,0.011683947461226491,-0.0268216209095926,-0.20941444081930993,0.15577119900012476,True,True,True,False,False
5,0.98999999999999999,IN_FHS1250@USD,funded_assets,EUR,2042,12,20.420000000000019,120,0.0058765915768854062,0.00018727301067982503,0.011565910143090987,-0.0268216209095926,-0.20039567429412025,0.14675243247493508,True,True,True,False,False
5,0.98999999999999999,IN_FHS1250@USD,funded_assets,USD,2042,13,20.420000000000019,20,0.0063663075416258569,1.1921511280950543e-05,0.012720693571970764,-0.032862076172139973,-0.22946532837813638,0.16374117603385646,True,True,True,False,False
5,0.98999999999999999,IN_FHS1250@USD,funded_assets,USD,2042,13,20.420000000000019,60,0.0063663075416258569,9.2651577419966893e-05,0.012639963505831747,-0.032862076172139973,-0.22690950821042116,0.16118535586614124,True,True,True,False,False
5,0.98999999999999999,IN_FHS1250@USD,funded_assets,USD,2042,13,20.420000000000019,120,0.0063663075416258569,0.00043443165087894958,0.012298183432372763,-0.032862076172139973,-0.21758955443394107,0.15186540208966109,True,True,True,False,False
5,0.98999999999999999,IN_FHS1250@USD,net_cashflows,EUR,2042,34,20.420000000000019,20,0.016650342801175319,0.0046664958510570266,0.028634189751293612,-0.25068540926565197,-0.62602290083194889,0.12465208230064495,False,True,True,False,False
5,0.98999999999999999,IN_FHS1250@USD,net_cashflows,EUR,2042,34,20.420000000000019,60,0.016650342801175319,0.004890518227999659,0.028410167374350981,-0.25068540926565197,-0.62396335463709152,0.12259253610578752,False,True,True,False,False
5,0.98999999999999999,IN_FHS1250@USD,net_cashflows,EUR,2042,34,20.420000000000019,120,0.016650342801175319,0.005675231296063803,0.027625454306286837,-0.25068540926565197,-0.59955350024957688,0.098182681718272879,False,True,True,False,False
5,0.98999999999999999,IN_FHS1250@USD,net_cashflows,USD,2042,35,20.420000000000019,20,0.017140058765915768,0.0050504264053622839,0.029229691126469254,-0.26353726399277183,-0.6631331481116014,0.13605862012605779,False,True,True,False,False
5,0.98999999999999999,IN_FHS1250@USD,net_cashflows,USD,2042,35,20.420000000000019,60,0.017140058765915768,0.0050859472692739507,0.029194170262557585,-0.26353726399277183,-0.66146958684784762,0.13439505886230396,False,True,True,False,False
5,0.98999999999999999,IN_FHS1250@USD,net_cashflows,USD,2042,35,20.420000000000019,120,0.017140058765915768,0.0060125112322785158,0.028267606299553022,-0.26353726399277183,-0.63609206946490682,0.10901754147936321,False,True,True,False,False
5,0.98999999999999999,IN_FHS_REF_POOL,financed_treasury,EUR,2042,28,20.420000000000019,20,0.013712047012732615,0.0037500358959453774,0.023674058129519851,-0.10367319165512352,-0.41463358490064306,0.20728720159039604,True,True,True,False,False
5,0.98999999999999999,IN_FHS_REF_POOL,financed_treasury,EUR,2042,28,20.420000000000019,60,0.013712047012732615,0.0030483372628493741,0.024375756762615858,-0.10367319165512352,-0.44311949551502444,0.23577311220477742,True,True,True,False,False
5,0.98999999999999999,IN_FHS_REF_POOL,financed_treasury,EUR,2042,28,20.420000000000019,120,0.013712047012732615,0.0036399265443575485,0.023784167481107683,-0.10367319165512352,-0.43642319542871255,0.22907681211846553,True,True,True,False,False
5,0.98999999999999999,IN_FHS_REF_POOL,financed_treasury,USD,2042,26,20.420000000000019,20,0.012732615083251714,0.0029721288369045657,0.022493101329598864,-0.10740438759557504,-0.43195999875470481,0.21715122356355476,True,True,True,False,False
5,0.98999999999999999,IN_FHS_REF_POOL,financed_treasury,USD,2042,26,20.420000000000019,60,0.012732615083251714,0.0021794127505275675,0.023285817415975858,-0.10740438759557504,-0.46053023122792969,0.24572145603677964,True,True,True,False,False
5,0.98999999999999999,IN_FHS_REF_POOL,financed_treasury,USD,2042,26,20.420000000000019,120,0.012732615083251714,0.002724330525804659,0.022740899640698767,-0.10740438759557504,-0.45339033133964912,0.23858155614849907,True,True,True,False,False
5,0.98999999999999999,IN_FHS_REF_POOL,funded_assets,EUR,2042,12,20.420000000000019,20,0.0058765915768854062,-0.00031135761763006423,0.012064540771400876,0.0066622592477925619,-0.17800530489897712,0.19132982339456225,True,True,True,False,False
5,0.98999999999999999,IN_FHS_REF_POOL,funded_assets,EUR,2042,12,20.420000000000019,60,0.0058765915768854062,-0.00024229602372861665,0.011995479177499428,0.0066622592477925619,-0.17769150508601067,0.19101602358159581,True,True,True,False,False
5,0.98999999999999999,IN_FHS_REF_POOL,funded_assets,EUR,2042,12,20.420000000000019,120,0.0058765915768854062,5.4980610090040599e-05,0.011698202543680772,0.0066622592477925619,-0.17168469822267687,0.18500921671826201,True,True,True,False,False
5,0.98999999999999999,IN_FHS_REF_POOL,funded_assets,USD,2042,12,20.420000000000019,20,0.0058765915768854062,-0.00031135761763006423,0.012064540771400876,0.0059018067398788013,-0.18731842031052162,0.19912203379027923,True,True,True,False,False
5,0.98999999999999999,IN_FHS_REF_POOL,funded_assets,USD,2042,12,20.420000000000019,60,0.0058765915768854062,-0.00024229602372861665,0.011995479177499428,0.0059018067398788013,-0.18702987693584522,0.19883349041560283,True,True,True,False,False
5,0.98999999999999999,IN_FHS_REF_POOL,funded_assets,USD,2042,12,20.420000000000019,120,0.0058765915768854062,5.4980610090040599e-05,0.011698202543680772,0.0059018067398788013,-0.18082979723935891,0.19263341071911652,True,True,True,False,False
5,0.98999999999999999,IN_FHS_REF_POOL,net_cashflows,EUR,2042,32,20.420000000000019,20,0.015670910871694418,0.0043951190400580431,0.026946702703330792,-0.18800863362019313,-0.49618719302688485,0.12016992578649863,False,True,True,False,False
5,0.98999999999999999,IN_FHS_REF_POOL,net_cashflows,EUR,2042,32,20.420000000000019,60,0.015670910871694418,0.0044386143942562895,0.026903207349132548,-0.18800863362019313,-0.49020563757680891,0.11418837033642262,False,True,True,False,False
5,0.98999999999999999,IN_FHS_REF_POOL,net_cashflows,EUR,2042,32,20.420000000000019,120,0.015670910871694418,0.00514514284034083,0.026196678903048005,-0.18800863362019313,-0.4666473598530303,0.090630092612644014,False,True,True,False,False
5,0.98999999999999999,IN_FHS_REF_POOL,net_cashflows,USD,2042,33,20.420000000000019,20,0.016160626836434867,0.0042953951762118199,0.028025858496657913,-0.19274861010646416,-0.5167104454695477,0.13121322525661938,False,True,True,False,False
5,0.98999999999999999,IN_FHS_REF_POOL,net_cashflows,USD,2042,33,20.420000000000019,60,0.016160626836434867,0.0042970350765083667,0.028024218596361367,-0.19274861010646416,-0.51117562453429299,0.12567840432136468,False,True,True,False,False
5,0.98999999999999999,IN_FHS_REF_POOL,net_cashflows,USD,2042,33,20.420000000000019,120,0.016160626836434867,0.0050199597970810635,0.027301293875788668,-0.19274861010646416,-0.48630192814991863,0.10080470793699031,False,True,True,False,False
20,0.94999999999999996,HS1250,financed_treasury,EUR,2027,94,101.35000000000009,20,0.046373951652688705,0.016033968520945616,0.076713934784431795,-0.088238729628153184,-0.32960304932763723,0.15312559007133086,False,True,True,False,False
20,0.94999999999999996,HS1250,financed_treasury,EUR,2027,94,101.35000000000009,60,0.046373951652688705,0.0075855116269189019,0.085162391678458516,-0.088238729628153184,-0.379536352428268,0.2030588931719616,False,True,True,False,False
20,0.94999999999999996,HS1250,financed_treasury,EUR,2027,94,101.35000000000009,120,0.046373951652688705,0.0065137030647853117,0.086234200240592099,-0.088238729628153184,-0.38195085422640584,0.20547339497009945,False,True,True,False,False
20,0.94999999999999996,HS1250,financed_treasury,USD,2027,93,101.35000000000009,20,0.045880611741489885,0.015850509177995936,0.075910714304983834,-0.096949526108547734,-0.34909464213275326,0.15519558991565779,False,True,True,False,False
20,0.94999999999999996,HS1250,financed_treasury,USD,2027,93,101.35000000000009,60,0.045880611741489885,0.0073447657780253903,0.084416457704954373,-0.096949526108547734,-0.40085428753384422,0.20695523531674875,False,True,True,False,False
20,0.94999999999999996,HS1250,financed_treasury,USD,2027,93,101.35000000000009,120,0.045880611741489885,0.0062130785970223451,0.085548144885957425,-0.096949526108547734,-0.40340219235928432,0.20950314014218885,False,True,True,False,False
20,0.94999999999999996,HS1250,funded_assets,EUR,2027,87,101.35000000000009,20,0.042920572274296992,0.019368606266301675,0.066472538282292312,0.051454860001798768,-0.057370463554175639,0.16028018355777318,False,True,True,False,False
20,0.94999999999999996,HS1250,funded_assets,EUR,2027,87,101.35000000000009,60,0.042920572274296992,0.017477226580229623,0.068363917968364357,0.051454860001798768,-0.064106643981245076,0.16701636398484263,False,True,True,False,False
20,0.94999999999999996,HS1250,funded_assets,EUR,2027,87,101.35000000000009,120,0.042920572274296992,0.014770574370675929,0.071070570177918055,0.051454860001798768,-0.068131201139761122,0.17104092114335867,False,True,True,False,False
20,0.94999999999999996,HS1250,funded_assets,USD,2027,84,101.35000000000009,20,0.041440552540700545,0.018297639106190401,0.064583465975210697,0.051427812287809405,-0.060629969946598403,0.16348559452221723,False,True,True,False,False
20,0.94999999999999996,HS1250,funded_assets,USD,2027,84,101.35000000000009,60,0.041440552540700545,0.016166397038332031,0.06671470804306906,0.051427812287809405,-0.067541443991242525,0.17039706856686132,False,True,True,False,False
20,0.94999999999999996,HS1250,funded_assets,USD,2027,84,101.35000000000009,120,0.041440552540700545,0.01332102423017793,0.069560080851223158,0.051427812287809405,-0.071973751900252708,0.17482937647587152,False,True,True,False,False
20,0.94999999999999996,HS1250,net_cashflows,EUR,2027,114,101.35000000000009,20,0.056240749876665025,0.023096973790328344,0.089384525963001699,-0.20213939984568075,-0.57051846733490419,0.16623966764354264,False,True,True,False,False
20,0.94999999999999996,HS1250,net_cashflows,EUR,2027,114,101.35000000000009,60,0.056240749876665025,0.016583824141535593,0.095897675611794464,-0.20213939984568075,-0.63168701853080844,0.22740821883944695,False,True,True,False,False
20,0.94999999999999996,HS1250,net_cashflows,EUR,2027,114,101.35000000000009,120,0.056240749876665025,0.015786444645089222,0.096695055108240835,-0.20213939984568075,-0.63508707385550123,0.23080827416413968,False,True,True,False,False
20,0.94999999999999996,HS1250,net_cashflows,USD,2027,115,101.35000000000009,20,0.056734089787863838,0.023537290180545747,0.089930889395181929,-0.21959081895948365,-0.60360634121479495,0.16442470329582762,False,True,True,False,False
20,0.94999999999999996,HS1250,net_cashflows,USD,2027,115,101.35000000000009,60,0.056734089787863838,0.017049267229331429,0.096418912346396241,-0.21959081895948365,-0.66901828309300104,0.22983664517403371,False,True,True,False,False
20,0.94999999999999996,HS1250,net_cashflows,USD,2027,115,101.35000000000009,120,0.056734089787863838,0.016003191208081163,0.097464988367646513,-0.21959081895948365,-0.67274517553710267,0.23356353761813534,False,True,True,False,False
20,0.94999999999999996,IN_FHS1250@CHF,financed_treasury,EUR,2027,127,101.35000000000009,20,0.062654168722249631,0.029795572394110882,0.095512765050388387,-0.23940021773157738,-0.59554559591190548,0.11674516044875072,False,True,True,False,False
20,0.94999999999999996,IN_FHS1250@CHF,financed_treasury,EUR,2027,127,101.35000000000009,60,0.062654168722249631,0.022117809921281747,0.10319052752321752,-0.23940021773157738,-0.64404777524403589,0.16524733978088119,False,True,True,False,False
20,0.94999999999999996,IN_FHS1250@CHF,financed_treasury,EUR,2027,127,101.35000000000009,120,0.062654168722249631,0.021600479025579634,0.10370785841891964,-0.23940021773157738,-0.63914600029324764,0.16034556483009293,False,True,True,False,False
20,0.94999999999999996,IN_FHS1250@CHF,financed_treasury,USD,2027,129,101.35000000000009,20,0.063640848544647258,0.030482275426917067,0.096799421662377455,-0.24721279810518557,-0.61165672474322652,0.11723112853285542,False,True,True,False,False
20,0.94999999999999996,IN_FHS1250@CHF,financed_treasury,USD,2027,129,101.35000000000009,60,0.063640848544647258,0.022677739935517811,0.10460395715377671,-0.24721279810518557,-0.66272118102506861,0.16829558481469745,False,True,True,False,False
20,0.94999999999999996,IN_FHS1250@CHF,financed_treasury,USD,2027,129,101.35000000000009,120,0.063640848544647258,0.022104457062441005,0.10517724002685351,-0.24721279810518557,-0.65867719431031091,0.16425159809993975,False,True,True,False,False
20,0.94999999999999996,IN_FHS1250@CHF,funded_assets,EUR,2027,96,101.35000000000009,20,0.047360631475086332,0.022087528348069384,0.072633734602103275,0.02933821418217961,-0.12075619746824512,0.17943262583260433,False,True,True,False,False
20,0.94999999999999996,IN_FHS1250@CHF,funded_assets,EUR,2027,96,101.35000000000009,60,0.047360631475086332,0.020392107981217135,0.074329154968955535,0.02933821418217961,-0.13298901689635892,0.19166544526071813,False,True,True,False,False
20,0.94999999999999996,IN_FHS1250@CHF,funded_assets,EUR,2027,96,101.35000000000009,120,0.047360631475086332,0.01670909490057423,0.078012168049598429,0.02933821418217961,-0.15513380111119049,0.2138102294755497,False,True,True,False,False
20,0.94999999999999996,IN_FHS1250@CHF,funded_assets,USD,2027,97,101.35000000000009,20,0.047853971386285152,0.022378324260182339,0.073329618512387965,0.030684806370665504,-0.12346053595638765,0.18483014869771866,False,True,True,False,False
20,0.94999999999999996,IN_FHS1250@CHF,funded_assets,USD,2027,97,101.35000000000009,60,0.047853971386285152,0.020663805154522253,0.075044137618048054,0.030684806370665504,-0.13643453632746422,0.19780414906879523,False,True,True,False,False
20,0.94999999999999996,IN_FHS1250@CHF,funded_assets,USD,2027,97,101.35000000000009,120,0.047853971386285152,0.016978980849860773,0.078728961922709534,0.030684806370665504,-0.15921706127570887,0.22058667401703988,False,True,True,False,False
20,0.94999999999999996,IN_FHS1250@CHF,net_cashflows,EUR,2027,143,101.35000000000009,20,0.070547607301430684,0.034931696798787035,0.10616351780407433,-0.41088890517314092,-0.8962447850610471,0.074466974714765322,False,True,True,False,False
20,0.94999999999999996,IN_FHS1250@CHF,net_cashflows,EUR,2027,143,101.35000000000009,60,0.070547607301430684,0.031033517969152165,0.11006169663370921,-0.41088890517314092,-0.93727284647431464,0.1154950361280328,False,True,True,False,False
20,0.94999999999999996,IN_FHS1250@CHF,net_cashflows,EUR,2027,143,101.35000000000009,120,0.070547607301430684,0.033756956760886338,0.10733825784197504,-0.41088890517314092,-0.90953308206789774,0.087755271721615902,False,True,True,False,False
20,0.94999999999999996,IN_FHS1250@CHF,net_cashflows,USD,2027,142,101.35000000000009,20,0.070054267390231864,0.034529536199422145,0.10557899858104158,-0.4302254006717417,-0.92470310934480937,0.064252308001325975,False,True,True,False,False
20,0.94999999999999996,IN_FHS1250@CHF,net_cashflows,USD,2027,142,101.35000000000009,60,0.070054267390231864,0.030579981278201968,0.10952855350226176,-0.4302254006717417,-0.96661081758621537,0.10616001624273202,False,True,True,False,False
20,0.94999999999999996,IN_FHS1250@CHF,net_cashflows,USD,2027,142,101.35000000000009,120,0.070054267390231864,0.033232865474531956,0.10687566930593177,-0.4302254006717417,-0.93770661278929879,0.077255811445815337,False,True,True,False,False
20,0.94999999999999996,IN_FHS1250@EUR,financed_treasury,EUR,2027,103,101.35000000000009,20,0.050814010853478045,0.021498044943476746,0.080129976763479341,-0.18532110152665962,-0.52433361690128355,0.15369141384796434,False,True,True,False,False
20,0.94999999999999996,IN_FHS1250@EUR,financed_treasury,EUR,2027,103,101.35000000000009,60,0.050814010853478045,0.017177694373210102,0.084450327333745995,-0.18532110152665962,-0.55391202749321244,0.18326982443989323,False,True,True,False,False
20,0.94999999999999996,IN_FHS1250@EUR,financed_treasury,EUR,2027,103,101.35000000000009,120,0.050814010853478045,0.018683414043497625,0.082944607663458458,-0.18532110152665962,-0.54150674922394137,0.17086454617062216,False,True,True,False,False
20,0.94999999999999996,IN_FHS1250@EUR,financed_treasury,USD,2027,102,101.35000000000009,20,0.050320670942279232,0.021154108223006465,0.079487233661551998,-0.19059316364461837,-0.53470142354651629,0.15351509625727955,False,True,True,False,False
20,0.94999999999999996,IN_FHS1250@EUR,financed_treasury,USD,2027,102,101.35000000000009,60,0.050320670942279232,0.016860002725789726,0.083781339158768731,-0.19059316364461837,-0.56519252320088165,0.18400619591164485,False,True,True,False,False
20,0.94999999999999996,IN_FHS1250@EUR,financed_treasury,USD,2027,102,101.35000000000009,120,0.050320670942279232,0.018256377123727782,0.082384964760830681,-0.19059316364461837,-0.55265841136973237,0.17147208408049558,False,True,True,False,False
20,0.94999999999999996,IN_FHS1250@EUR,funded_assets,EUR,2027,85,101.35000000000009,20,0.041933892451899359,0.018721723483935717,0.065146061419862997,0.062501699274082403,-0.04057313391702122,0.16557653246518603,False,True,True,False,False
20,0.94999999999999996,IN_FHS1250@EUR,funded_assets,EUR,2027,85,101.35000000000009,60,0.041933892451899359,0.018345612237523852,0.065522172666274858,0.062501699274082403,-0.044937008109473875,0.16994040665763868,False,True,True,False,False
20,0.94999999999999996,IN_FHS1250@EUR,funded_assets,EUR,2027,85,101.35000000000009,120,0.041933892451899359,0.016166327805628329,0.067701457098170381,0.062501699274082403,-0.05589989559453537,0.18090329414270018,False,True,True,False,False
20,0.94999999999999996,IN_FHS1250@EUR,funded_assets,USD,2027,88,101.35000000000009,20,0.043413912185495805,0.019428496147590006,0.067399328223401611,0.068254965400782727,-0.035601426621195378,0.17211135742276085,False,True,True,False,False
20,0.94999999999999996,IN_FHS1250@EUR,funded_assets,USD,2027,88,101.35000000000009,60,0.043413912185495805,0.01878963129454618,0.06803819307644543,0.068254965400782727,-0.040491645387920369,0.17700157618948581,False,True,True,False,False
20,0.94999999999999996,IN_FHS1250@EUR,funded_assets,USD,2027,88,101.35000000000009,120,0.043413912185495805,0.016405104535499093,0.070422719835492517,0.068254965400782727,-0.051700400906726326,0.18821033170829177,False,True,True,False,False
20,0.94999999999999996,IN_FHS1250@EUR,net_cashflows,EUR,2027,136,101.35000000000009,20,0.067094227923038971,0.032869233801980154,0.1013192220440978,-0.27622468958782392,-0.69631614305349221,0.14386676387784436,False,True,True,False,False
20,0.94999999999999996,IN_FHS1250@EUR,net_cashflows,EUR,2027,136,101.35000000000009,60,0.067094227923038971,0.030017573723071851,0.1041708821230061,-0.27622468958782392,-0.72779819467389872,0.17534881549825088,False,True,True,False,False
20,0.94999999999999996,IN_FHS1250@EUR,net_cashflows,EUR,2027,136,101.35000000000009,120,0.067094227923038971,0.033098194564993563,0.10109026128108438,-0.27622468958782392,-0.70428340860376815,0.15183402942812024,False,True,True,False,False
20,0.94999999999999996,IN_FHS1250@EUR,net_cashflows,USD,2027,135,101.35000000000009,20,0.066600888011840165,0.032678178273931775,0.10052359774974856,-0.28580726560633718,-0.70901215497710923,0.13739762376443487,False,True,True,False,False
20,0.94999999999999996,IN_FHS1250@EUR,net_cashflows,USD,2027,135,101.35000000000009,60,0.066600888011840165,0.029828188589019526,0.1033735874346608,-0.28580726560633718,-0.74075388826535526,0.16913935705268096,False,True,True,False,False
20,0.94999999999999996,IN_FHS1250@EUR,net_cashflows,USD,2027,135,101.35000000000009,120,0.066600888011840165,0.032848274624665864,0.10035350139901447,-0.28580726560633718,-0.71651206730612915,0.14489753609345485,False,True,True,False,False
20,0.94999999999999996,IN_FHS1250@GBP,financed_treasury,EUR,2027,133,101.35000000000009,20,0.065614208189442524,0.030846795307753291,0.10038162107113176,-0.34861726797076653,-0.75527318425547374,0.058038648313940677,False,True,True,False,False
20,0.94999999999999996,IN_FHS1250@GBP,financed_treasury,EUR,2027,133,101.35000000000009,60,0.065614208189442524,0.021780626805390405,0.10944778957349464,-0.34861726797076653,-0.83113639047555055,0.13390185453401748,False,True,True,False,False
20,0.94999999999999996,IN_FHS1250@GBP,financed_treasury,EUR,2027,133,101.35000000000009,120,0.065614208189442524,0.020144425921608373,0.11108399045727668,-0.34861726797076653,-0.83452283360289425,0.13728829766136114,False,True,True,False,False
20,0.94999999999999996,IN_FHS1250@GBP,financed_treasury,USD,2027,135,101.35000000000009,20,0.066600888011840165,0.031804416502549775,0.10139735952113055,-0.3597871686018087,-0.77955326453582219,0.059978927332204779,False,True,True,False,False
20,0.94999999999999996,IN_FHS1250@GBP,financed_treasury,USD,2027,135,101.35000000000009,60,0.066600888011840165,0.02288074201528642,0.11032103400839391,-0.3597871686018087,-0.85902946147584625,0.13945512427222889,False,True,True,False,False
20,0.94999999999999996,IN_FHS1250@GBP,financed_treasury,USD,2027,135,101.35000000000009,120,0.066600888011840165,0.021321243642204883,0.11188053238147544,-0.3597871686018087,-0.86356162946285353,0.14398729225923612,False,True,True,False,False
20,0.94999999999999996,IN_FHS1250@GBP,funded_assets,EUR,2027,97,101.35000000000009,20,0.047853971386285152,0.024864210615897081,0.070843732156673223,0.065004405678835156,-0.022891473474233565,0.15290028483190388,False,True,True,False,False
20,0.94999999999999996,IN_FHS1250@GBP,funded_assets,EUR,2027,97,101.35000000000009,60,0.047853971386285152,0.024073295408221663,0.071634647364348644,0.065004405678835156,-0.024594156959326555,0.15460296831699688,False,True,True,False,False
20,0.94999999999999996,IN_FHS1250@GBP,funded_assets,EUR,2027,97,101.35000000000009,120,0.047853971386285152,0.021861864562936477,0.07384607820963382,0.065004405678835156,-0.030709542347761173,0.16071835370543147,False,True,True,False,False
20,0.94999999999999996,IN_FHS1250@GBP,funded_assets,USD,2027,98,101.35000000000009,20,0.048347311297483965,0.02521811915855526,0.071476503436412667,0.069744406864613639,-0.020914085439361532,0.1604028991685888,False,True,True,False,False
20,0.94999999999999996,IN_FHS1250@GBP,funded_assets,USD,2027,98,101.35000000000009,60,0.048347311297483965,0.024377427210552034,0.072317195384415889,0.069744406864613639,-0.023540433686314935,0.1630292474155422,False,True,True,False,False
20,0.94999999999999996,IN_FHS1250@GBP,funded_assets,USD,2027,98,101.35000000000009,120,0.048347311297483965,0.02207613151632604,0.074618491078641894,0.069744406864613639,-0.030227351553279075,0.16971616528250635,False,True,True,False,False
20,0.94999999999999996,IN_FHS1250@GBP,net_cashflows,EUR,2027,161,101.35000000000009,20,0.079427725703009378,0.04221742663688767,0.11663802476913109,-0.54781285156099779,-1.0371362346202881,-0.058489468501707387,False,True,True,False,False
20,0.94999999999999996,IN_FHS1250@GBP,net_cashflows,EUR,2027,161,101.35000000000009,60,0.079427725703009378,0.03695687876715404,0.12189857263886472,-0.54781285156099779,-1.09080910888918,-0.004816594232815552,False,True,True,False,False
20,0.94999999999999996,IN_FHS1250@GBP,net_cashflows,EUR,2027,161,101.35000000000009,120,0.079427725703009378,0.037947366739890277,0.12090808466612848,-0.54781285156099779,-1.0692845452768664,-0.026341157845129137,False,True,True,False,False
20,0.94999999999999996,IN_FHS1250@GBP,net_cashflows,USD,2027,162,101.35000000000009,20,0.079921065614208184,0.042204737716238089,0.11763739351217828,-0.56831402650078289,-1.0724482502445549,-0.064179802757010962,False,True,True,False,False
20,0.94999999999999996,IN_FHS1250@GBP,net_cashflows,USD,2027,162,101.35000000000009,60,0.079921065614208184,0.036554106770756309,0.12328802445766006,-0.56831402650078289,-1.1294659622507768,-0.0071620907507889964,False,True,True,False,False
20,0.94999999999999996,IN_FHS1250@GBP,net_cashflows,USD,2027,162,101.35000000000009,120,0.079921065614208184,0.037569460872792546,0.12227267035562382,-0.56831402650078289,-1.1084645699566766,-0.028163483044889248,False,True,True,False,False
20,0.94999999999999996,IN_FHS1250@JPY,financed_treasury,EUR,2027,94,101.35000000000009,20,0.046373951652688705,0.020946500931368104,0.07180140237400931,-0.073572806777826918,-0.35460625972592347,0.20746064617026966,False,True,True,False,False
20,0.94999999999999996,IN_FHS1250@JPY,financed_treasury,EUR,2027,94,101.35000000000009,60,0.046373951652688705,0.017512758727921064,0.07523514457745635,-0.073572806777826918,-0.37338921793275076,0.22624360437709695,False,True,True,False,False
20,0.94999999999999996,IN_FHS1250@JPY,financed_treasury,EUR,2027,94,101.35000000000009,120,0.046373951652688705,0.018186781864865005,0.074561121440512412,-0.073572806777826918,-0.36375911442109216,0.21661350086543835,False,True,True,False,False
20,0.94999999999999996,IN_FHS1250@JPY,financed_treasury,USD,2027,92,101.35000000000009,20,0.045387271830291072,0.01986837228363364,0.070906171376948504,-0.073330906295403897,-0.35590724466141116,0.20924543207060337,False,True,True,False,False
20,0.94999999999999996,IN_FHS1250@JPY,financed_treasury,USD,2027,92,101.35000000000009,60,0.045387271830291072,0.016494410956078655,0.074280132704503482,-0.073330906295403897,-0.37489191658005833,0.22823010398925053,False,True,True,False,False
20,0.94999999999999996,IN_FHS1250@JPY,financed_treasury,USD,2027,92,101.35000000000009,120,0.045387271830291072,0.016917051120067788,0.073857492540514352,-0.073330906295403897,-0.36516177049055443,0.21849995789974663,False,True,True,False,False
20,0.94999999999999996,IN_FHS1250@JPY,funded_assets,EUR,2027,73,101.35000000000009,20,0.036013813517513565,0.014879991261602107,0.057147635773425021,0.062931216303220364,-0.049898121721510716,0.17576055432795146,False,True,True,False,False
20,0.94999999999999996,IN_FHS1250@JPY,funded_assets,EUR,2027,73,101.35000000000009,60,0.036013813517513565,0.013947941324240487,0.058079685710786644,0.062931216303220364,-0.053432557089022156,0.17929498969546287,False,True,True,False,False
20,0.94999999999999996,IN_FHS1250@JPY,funded_assets,EUR,2027,73,101.35000000000009,120,0.036013813517513565,0.01295041778971839,0.059077209245308737,0.062931216303220364,-0.053890398524828492,0.17975283113126922,False,True,True,False,False
20,0.94999999999999996,IN_FHS1250@JPY,funded_assets,USD,2027,70,101.35000000000009,20,0.034533793783917119,0.013809852587554326,0.055257734980279916,0.067613961152185861,-0.048074594353171782,0.18330251665754349,False,True,True,False,False
20,0.94999999999999996,IN_FHS1250@JPY,funded_assets,USD,2027,70,101.35000000000009,60,0.034533793783917119,0.012762880862500357,0.056304706705333885,0.067613961152185861,-0.051609017101765811,0.18683693940613755,False,True,True,False,False
20,0.94999999999999996,IN_FHS1250@JPY,funded_assets,USD,2027,70,101.35000000000009,120,0.034533793783917119,0.011597171008298015,0.057470416559536219,0.067613961152185861,-0.051996515979948796,0.1872244382843205,False,True,True,False,False
20,0.94999999999999996,IN_FHS1250@JPY,net_cashflows,EUR,2027,164,101.35000000000009,20,0.080907745436605824,0.043206425603823033,0.11860906526938861,-0.38962662782155422,-0.7765421346859559,-0.0027111209571525352,False,True,True,False,False
20,0.94999999999999996,IN_FHS1250@JPY,net_cashflows,EUR,2027,164,101.35000000000009,60,0.080907745436605824,0.040060264712812294,0.12175522616039935,-0.38962662782155422,-0.78471693698357858,0.0054636813404701501,False,True,True,False,False
20,0.94999999999999996,IN_FHS1250@JPY,net_cashflows,EUR,2027,164,101.35000000000009,120,0.080907745436605824,0.042991309614270591,0.11882418125894106,-0.38962662782155422,-0.7441543509185935,-0.035098904724514934,False,True,True,False,False
20,0.94999999999999996,IN_FHS1250@JPY,net_cashflows,USD,2027,166,101.35000000000009,20,0.08189442525900345,0.043934222093090752,0.11985462842491615,-0.39991876359028045,-0.79390776902698668,-0.0059297581535741606,False,True,True,False,False
20,0.94999999999999996,IN_FHS1250@JPY,net_cashflows,USD,2027,166,101.35000000000009,60,0.08189442525900345,0.041052588776298818,0.12273626174170808,-0.39991876359028045,-0.80206083423312502,0.0022233070525641829,False,True,True,False,False
20,0.94999999999999996,IN_FHS1250@JPY,net_cashflows,USD,2027,166,101.35000000000009,120,0.08189442525900345,0.044185780024597908,0.11960307049340899,-0.39991876359028045,-0.76023268775103903,-0.039604839429521865,False,True,True,False,False
20,0.94999999999999996,IN_FHS1250@USD,financed_treasury,EUR,2027,93,101.35000000000009,20,0.045880611741489885,0.018773795013060059,0.072987428469919707,-0.12938785076958781,-0.46953573561710277,0.21076003407792715,False,True,True,False,False
20,0.94999999999999996,IN_FHS1250@USD,financed_treasury,EUR,2027,93,101.35000000000009,60,0.045880611741489885,0.015811394111006773,0.075949829371973004,-0.12938785076958781,-0.49488943483441389,0.23611373329523827,False,True,True,False,False
20,0.94999999999999996,IN_FHS1250@USD,financed_treasury,EUR,2027,93,101.35000000000009,120,0.045880611741489885,0.017792433039187636,0.073968790443792135,-0.12938785076958781,-0.48525109981415471,0.22647539827497909,False,True,True,False,False
20,0.94999999999999996,IN_FHS1250@USD,financed_treasury,USD,2027,92,101.35000000000009,20,0.045387271830291072,0.018281192049446261,0.072493351611135876,-0.13181205914397626,-0.4746302602214178,0.21100614193346529,False,True,True,False,False
20,0.94999999999999996,IN_FHS1250@USD,financed_treasury,USD,2027,92,101.35000000000009,60,0.045387271830291072,0.015292881351080909,0.075481662309501235,-0.13181205914397626,-0.50050691721662122,0.23688279892866876,False,True,True,False,False
20,0.94999999999999996,IN_FHS1250@USD,financed_treasury,USD,2027,92,101.35000000000009,120,0.045387271830291072,0.01716758069434085,0.073606962966241293,-0.13181205914397626,-0.49088375115854505,0.22725963287059253,False,True,True,False,False
20,0.94999999999999996,IN_FHS1250@USD,funded_assets,EUR,2027,71,101.35000000000009,20,0.035027133695115932,0.014283632121684681,0.055770635268547183,0.091272284065268591,-0.017746277340248764,0.20029084547078596,False,True,True,False,False
20,0.94999999999999996,IN_FHS1250@USD,funded_assets,EUR,2027,71,101.35000000000009,60,0.035027133695115932,0.01352201078896938,0.056532256601262487,0.091272284065268591,-0.024173028876072075,0.20671759700660924,False,True,True,False,False
20,0.94999999999999996,IN_FHS1250@USD,funded_assets,EUR,2027,71,101.35000000000009,120,0.035027133695115932,0.01201948715095285,0.058034780239279014,0.091272284065268591,-0.04100784778816309,0.22355241591870029,False,True,True,False,False
20,0.94999999999999996,IN_FHS1250@USD,funded_assets,USD,2027,70,101.35000000000009,20,0.034533793783917119,0.013846407446684274,0.05522118012114996,0.094301772026973693,-0.016811628935486947,0.20541517298943435,False,True,True,False,False
20,0.94999999999999996,IN_FHS1250@USD,funded_assets,USD,2027,70,101.35000000000009,60,0.034533793783917119,0.013061327906571139,0.056006259661263103,0.094301772026973693,-0.023238560523291235,0.21184210457723862,False,True,True,False,False
20,0.94999999999999996,IN_FHS1250@USD,funded_assets,USD,2027,70,101.35000000000009,120,0.034533793783917119,0.011498673346997629,0.057568914220836612,0.094301772026973693,-0.040468202131814859,0.22907174618576226,False,True,True,False,False
20,0.94999999999999996,IN_FHS1250@USD,net_cashflows,EUR,2027,158,101.35000000000009,20,0.077947705969412931,0.04110728291625583,0.11478812902257003,-0.37058413287646552,-0.77931212437225028,0.038143858619319293,False,True,True,False,False
20,0.94999999999999996,IN_FHS1250@USD,net_cashflows,EUR,2027,158,101.35000000000009,60,0.077947705969412931,0.038340162103240462,0.11755524983558541,-0.37058413287646552,-0.79165311103467184,0.050484845281740742,False,True,True,False,False
20,0.94999999999999996,IN_FHS1250@USD,net_cashflows,EUR,2027,158,101.35000000000009,120,0.077947705969412931,0.041572964146426791,0.11432244779239907,-0.37058413287646552,-0.75192081114697529,0.010752545394044299,False,True,True,False,False
20,0.94999999999999996,IN_FHS1250@USD,net_cashflows,USD,2027,158,101.35000000000009,20,0.077947705969412931,0.041093991382754359,0.11480142055607151,-0.38185205314841436,-0.79854003537260854,0.034835929075779815,False,True,True,False,False
20,0.94999999999999996,IN_FHS1250@USD,net_cashflows,USD,2027,158,101.35000000000009,60,0.077947705969412931,0.038318031533770912,0.11757738040505494,-0.38185205314841436,-0.81159896839802603,0.047894862101197366,False,True,True,False,False
20,0.94999999999999996,IN_FHS1250@USD,net_cashflows,USD,2027,158,101.35000000000009,120,0.077947705969412931,0.04154482473683159,0.11435058720199427,-0.38185205314841436,-0.77104526716814636,0.0073411608713176424,False,True,True,False,False
20,0.94999999999999996,IN_FHS_REF_POOL,financed_treasury,EUR,2027,107,101.35000000000009,20,0.052787370498273312,0.023196941882933225,0.082377799113613398,-0.13045227797877884,-0.43534781797563538,0.17444326201807769,False,True,True,False,False
20,0.94999999999999996,IN_FHS_REF_POOL,financed_treasury,EUR,2027,107,101.35000000000009,60,0.052787370498273312,0.01801957917587102,0.087555161820675603,-0.13045227797877884,-0.46302865319700964,0.20212409723945196,False,True,True,False,False
20,0.94999999999999996,IN_FHS_REF_POOL,financed_treasury,EUR,2027,107,101.35000000000009,120,0.052787370498273312,0.018163956359678421,0.087410784636868202,-0.13045227797877884,-0.45278226369126401,0.19187770773370633,False,True,True,False,False
20,0.94999999999999996,IN_FHS_REF_POOL,financed_treasury,USD,2027,108,101.35000000000009,20,0.053280710409472125,0.02368851542522965,0.082872905393714599,-0.13281717674188934,-0.44091460294071161,0.17528024945693291,False,True,True,False,False
20,0.94999999999999996,IN_FHS_REF_POOL,financed_treasury,USD,2027,108,101.35000000000009,60,0.053280710409472125,0.018784763170084484,0.087776657648859766,-0.13281717674188934,-0.46951236217952563,0.20387800869574699,False,True,True,False,False
20,0.94999999999999996,IN_FHS_REF_POOL,financed_treasury,USD,2027,108,101.35000000000009,120,0.053280710409472125,0.018949252545134944,0.087612168273809299,-0.13281717674188934,-0.45929221364691963,0.19365786016314099,False,True,True,False,False
20,0.94999999999999996,IN_FHS_REF_POOL,funded_assets,EUR,2027,80,101.35000000000009,20,0.039467192895905279,0.017952135109709392,0.060982250682101169,0.1008543856827142,0.012065778107609559,0.18964299325781883,False,True,True,False,False
20,0.94999999999999996,IN_FHS_REF_POOL,funded_assets,EUR,2027,80,101.35000000000009,60,0.039467192895905279,0.017691067557142417,0.061243318234668137,0.1008543856827142,0.008247652477609585,0.19346111888781881,False,True,True,False,False
20,0.94999999999999996,IN_FHS_REF_POOL,funded_assets,EUR,2027,80,101.35000000000009,120,0.039467192895905279,0.01587558176092296,0.063058804030887594,0.1008543856827142,-0.0008251297993364104,0.2025339011647648,False,True,True,False,False
20,0.94999999999999996,IN_FHS_REF_POOL,funded_assets,USD,2027,82,101.35000000000009,20,0.040453872718302912,0.018197032774355217,0.062710712662250603,0.10502881546239039,0.013334266092367569,0.19672336483241321,False,True,True,False,False
20,0.94999999999999996,IN_FHS_REF_POOL,funded_assets,USD,2027,82,101.35000000000009,60,0.040453872718302912,0.017788180550283948,0.06311956488632188,0.10502881546239039,0.0091333503954627304,0.20092428052931804,False,True,True,False,False
20,0.94999999999999996,IN_FHS_REF_POOL,funded_assets,USD,2027,82,101.35000000000009,120,0.040453872718302912,0.015624041518043422,0.065283703918562405,0.10502881546239039,-7.3209303014895588e-05,0.21013084022779566,False,True,True,False,False
20,0.94999999999999996,IN_FHS_REF_POOL,net_cashflows,EUR,2027,149,101.35000000000009,20,0.073507646768623577,0.037777597324821187,0.10923769621242596,-0.34563463940013478,-0.75354835927411912,0.062279080473849557,False,True,True,False,False
20,0.94999999999999996,IN_FHS_REF_POOL,net_cashflows,EUR,2027,149,101.35000000000009,60,0.073507646768623577,0.034799882666985138,0.11221541087026202,-0.34563463940013478,-0.77488577992711738,0.083616501126847875,False,True,True,False,False
20,0.94999999999999996,IN_FHS_REF_POOL,net_cashflows,EUR,2027,149,101.35000000000009,120,0.073507646768623577,0.037984456490152099,0.10903083704709506,-0.34563463940013478,-0.74181968361454909,0.050550404814279526,False,True,True,False,False
20,0.94999999999999996,IN_FHS_REF_POOL,net_cashflows,USD,2027,148,101.35000000000009,20,0.073014306857424771,0.037344904933960171,0.10868370878088937,-0.35539595662643947,-0.76929629826182522,0.058504385008946225,False,True,True,False,False
20,0.94999999999999996,IN_FHS_REF_POOL,net_cashflows,USD,2027,148,101.35000000000009,60,0.073014306857424771,0.03436888432224651,0.11165972939260303,-0.35539595662643947,-0.79095933849855204,0.080167425245673163,False,True,True,False,False
20,0.94999999999999996,IN_FHS_REF_POOL,net_cashflows,USD,2027,148,101.35000000000009,120,0.073014306857424771,0.037612014883751592,0.10841659883109794,-0.35539595662643947,-0.75716791822791185,0.046376004975032914,False,True,True,False,False
20,0.98999999999999999,HS1250,financed_treasury,EUR,2027,35,20.270000000000017,20,0.017266896891958559,0.00059941825972481891,0.033934375524192303,-0.1763948831811572,-0.4775255130783132,0.1247357467159988,False,True,True,False,False
20,0.98999999999999999,HS1250,financed_treasury,EUR,2027,35,20.270000000000017,60,0.017266896891958559,-0.00056945509269689873,0.035103248876614021,-0.1763948831811572,-0.49186252338292585,0.13907275702061145,False,True,True,False,False
20,0.98999999999999999,HS1250,financed_treasury,EUR,2027,35,20.270000000000017,120,0.017266896891958559,-4.4382035596129271e-05,0.034578175819513252,-0.1763948831811572,-0.48196084893169983,0.12917108256938542,False,True,True,False,False
20,0.98999999999999999,HS1250,financed_treasury,USD,2027,39,20.270000000000017,20,0.019240256536753823,0.0011541069525459607,0.037326406120961685,-0.21889531111112051,-0.55175520138613054,0.11396457916388955,False,True,True,False,False
20,0.98999999999999999,HS1250,financed_treasury,USD,2027,39,20.270000000000017,60,0.019240256536753823,-0.00051460745111011827,0.03899512052461776,-0.21889531111112051,-0.57174514691740208,0.13395452469516109,False,True,True,False,False
20,0.98999999999999999,HS1250,financed_treasury,USD,2027,39,20.270000000000017,120,0.019240256536753823,-8.5926557790626246e-05,0.038566439631298272,-0.21889531111112051,-0.56058391754772863,0.12279329532548758,False,True,True,False,False
20,0.98999999999999999,HS1250,funded_assets,EUR,2027,12,20.270000000000017,20,0.0059200789343857915,-0.0022318242002922085,0.014071982069063791,0.045290487300683809,-0.099003553650655218,0.18958452825202282,True,True,True,False,False
20,0.98999999999999999,HS1250,funded_assets,EUR,2027,12,20.270000000000017,60,0.0059200789343857915,-0.0024922763919006871,0.01433243426067227,0.045290487300683809,-0.1020932548262366,0.1926742294276042,True,True,True,False,False
20,0.98999999999999999,HS1250,funded_assets,EUR,2027,12,20.270000000000017,120,0.0059200789343857915,-0.0023780008246463979,0.014218158693417981,0.045290487300683809,-0.10048287763329711,0.19106385223466471,True,True,True,False,False
20,0.98999999999999999,HS1250,funded_assets,USD,2027,13,20.270000000000017,20,0.0064134188455846081,-0.0017808176037236896,0.014607655294892906,0.055384564993046045,-0.081504168922836198,0.1922732989089283,True,True,True,False,False
20,0.98999999999999999,HS1250,funded_assets,USD,2027,13,20.270000000000017,60,0.0064134188455846081,-0.0020122694346728347,0.014839107125842051,0.055384564993046045,-0.08448667124380109,0.19525580122989317,True,True,True,False,False
20,0.98999999999999999,HS1250,funded_assets,USD,2027,13,20.270000000000017,120,0.0064134188455846081,-0.0018551978707193311,0.014682035561888547,0.055384564993046045,-0.083051638019828719,0.1938207680059208,True,True,True,False,False
20,0.98999999999999999,HS1250,net_cashflows,EUR,2027,42,20.270000000000017,20,0.020720276270350273,0.0011219052847911311,0.040318647255909418,-0.34789009794796966,-0.90701518949257309,0.21123499359663378,False,True,True,False,False
20,0.98999999999999999,HS1250,net_cashflows,EUR,2027,42,20.270000000000017,60,0.020720276270350273,-0.0016618057751958785,0.043102358315896427,-0.34789009794796966,-0.9608158027973277,0.26503560690138839,False,True,True,False,False
20,0.98999999999999999,HS1250,net_cashflows,EUR,2027,42,20.270000000000017,120,0.020720276270350273,-0.0020798329991771544,0.0435203855398777,-0.34789009794796966,-0.96081797161699534,0.26503777572105602,False,True,True,False,False
20,0.98999999999999999,HS1250,net_cashflows,USD,2027,42,20.270000000000017,20,0.020720276270350273,0.0013435204847295178,0.040097032055971024,-0.37452098873391976,-0.96251979619416406,0.21347781872632449,False,True,True,False,False
20,0.98999999999999999,HS1250,net_cashflows,USD,2027,42,20.270000000000017,60,0.020720276270350273,-0.0013466253984023881,0.04278717793910293,-0.37452098873391976,-1.025082863790125,0.27604088632228546,False,True,True,False,False
20,0.98999999999999999,HS1250,net_cashflows,USD,2027,42,20.270000000000017,120,0.020720276270350273,-0.0017393997738490083,0.043179952314549554,-0.37452098873391976,-1.0271394761213695,0.2780974986535299,False,True,True,False,False
20,0.98999999999999999,IN_FHS1250@CHF,financed_treasury,EUR,2027,46,20.270000000000017,20,0.022693635915145536,0.0034307769761594276,0.041956494854131644,-0.63772390808405632,-1.5068213423916372,0.23137352622352458,False,True,True,False,False
20,0.98999999999999999,IN_FHS1250@CHF,financed_treasury,EUR,2027,46,20.270000000000017,60,0.022693635915145536,0.0014804661553371214,0.043906805674953947,-0.63772390808405632,-1.5607389780317193,0.2852911618636067,False,True,True,False,False
20,0.98999999999999999,IN_FHS1250@CHF,financed_treasury,EUR,2027,46,20.270000000000017,120,0.022693635915145536,0.0019858878889882949,0.043401383941302774,-0.63772390808405632,-1.5434633463051282,0.2680155301370154,False,True,True,False,False
20,0.98999999999999999,IN_FHS1250@CHF,financed_treasury,USD,2027,52,20.270000000000017,20,0.025653675382338433,0.005122466194713831,0.046184884569963031,-0.66501646574555739,-1.5504614621522435,0.22042853066112855,False,True,True,False,False
20,0.98999999999999999,IN_FHS1250@CHF,financed_treasury,USD,2027,52,20.270000000000017,60,0.025653675382338433,0.0017306838272743118,0.04957666693740255,-0.66501646574555739,-1.6108965339683141,0.28086360247719933,False,True,True,False,False
20,0.98999999999999999,IN_FHS1250@CHF,financed_treasury,USD,2027,52,20.270000000000017,120,0.025653675382338433,0.0018719842610096793,0.049435366503667186,-0.66501646574555739,-1.5947628052421718,0.26472987375105705,False,True,True,False,False
20,0.98999999999999999,IN_FHS1250@CHF,funded_assets,EUR,2027,23,20.270000000000017,20,0.011346817957572768,0.0007512741102284632,0.021942361804917071,0.0095142251935048314,-0.1861393065605261,0.20516775694753578,True,True,True,False,False
20,0.98999999999999999,IN_FHS1250@CHF,funded_assets,EUR,2027,23,20.270000000000017,60,0.011346817957572768,0.00048005388525754721,0.02221358202988799,0.0095142251935048314,-0.19307712252911363,0.21210557291612331,True,True,True,False,False
20,0.98999999999999999,IN_FHS1250@CHF,funded_assets,EUR,2027,23,20.270000000000017,120,0.011346817957572768,1.8420213342753081e-05,0.022675215701802781,0.0095142251935048314,-0.19383362067197313,0.2128620710589828,True,True,True,False,False
20,0.98999999999999999,IN_FHS1250@CHF,funded_assets,USD,2027,24,20.270000000000017,20,0.011840157868771583,0.0011011618104938906,0.022579153927049275,0.011895612810491916,-0.18530253059961999,0.20909375622060383,True,True,True,False,False
20,0.98999999999999999,IN_FHS1250@CHF,funded_assets,USD,2027,24,20.270000000000017,60,0.011840157868771583,0.00083891893697041545,0.02284139680057275,0.011895612810491916,-0.1924109544495605,0.21620218007054434,True,True,True,False,False
20,0.98999999999999999,IN_FHS1250@CHF,funded_assets,USD,2027,24,20.270000000000017,120,0.011840157868771583,0.00043265135520468602,0.023247664382338482,0.011895612810491916,-0.19373947524007207,0.21753070086105591,True,True,True,False,False
20,0.98999999999999999,IN_FHS1250@CHF,net_cashflows,EUR,2027,65,20.270000000000017,20,0.032067094227923039,0.0084358290514193225,0.055698359404426759,-0.75366824273450717,-1.6962222800647575,0.18888579459574317,False,True,True,False,False
20,0.98999999999999999,IN_FHS1250@CHF,net_cashflows,EUR,2027,65,20.270000000000017,60,0.032067094227923039,0.0069401187229494489,0.057194069732896632,-0.75366824273450717,-1.7537290098649667,0.24639252439595238,False,True,True,False,False
20,0.98999999999999999,IN_FHS1250@CHF,net_cashflows,EUR,2027,65,20.270000000000017,120,0.032067094227923039,0.0083657543910681219,0.055768434064777953,-0.75366824273450717,-1.7253678458381532,0.21803136036913884,False,True,True,False,False
20,0.98999999999999999,IN_FHS1250@CHF,net_cashflows,USD,2027,67,20.270000000000017,20,0.033053774050320672,0.0085181559804517609,0.057589392120189584,-0.7990876673471432,-1.7461994355921391,0.14802410089785267,False,True,True,False,False
20,0.98999999999999999,IN_FHS1250@CHF,net_cashflows,USD,2027,67,20.270000000000017,60,0.033053774050320672,0.0069495073968759043,0.059158040703765444,-0.7990876673471432,-1.8011265803323049,0.20295124563801847,False,True,True,False,False
20,0.98999999999999999,IN_FHS1250@CHF,net_cashflows,USD,2027,67,20.270000000000017,120,0.033053774050320672,0.0083957647871847098,0.057711783313456638,-0.7990876673471432,-1.7679453710756439,0.16977003638135746,False,True,True,False,False
20,0.98999999999999999,IN_FHS1250@EUR,financed_treasury,EUR,2027,46,20.270000000000017,20,0.022693635915145536,0.0029153100599480682,0.042471961770343,-0.5694535353125133,-1.4539269330286684,0.31501986240364177,False,True,True,False,False
20,0.98999999999999999,IN_FHS1250@EUR,financed_treasury,EUR,2027,46,20.270000000000017,60,0.022693635915145536,0.0014342731070956793,0.043952998723195393,-0.5694535353125133,-1.5054316095594984,0.36652453893447179,False,True,True,False,False
20,0.98999999999999999,IN_FHS1250@EUR,financed_treasury,EUR,2027,46,20.270000000000017,120,0.022693635915145536,0.002186873010937937,0.043200398819353135,-0.5694535353125133,-1.49114221739167,0.35223514676664325,False,True,True,False,False
20,0.98999999999999999,IN_FHS1250@EUR,financed_treasury,USD,2027,50,20.270000000000017,20,0.024666995559940799,0.0034736304817384114,0.045860360638143187,-0.59280541784283525,-1.4930207117943075,0.3074098761086369,False,True,True,False,False
20,0.98999999999999999,IN_FHS1250@EUR,financed_treasury,USD,2027,50,20.270000000000017,60,0.024666995559940799,0.0019190066618039632,0.047414984458077639,-0.59280541784283525,-1.5454599525821102,0.35984911689643961,False,True,True,False,False
20,0.98999999999999999,IN_FHS1250@EUR,financed_treasury,USD,2027,50,20.270000000000017,120,0.024666995559940799,0.0027826901034562167,0.046551301016425378,-0.59280541784283525,-1.5302056840674307,0.34459484838176024,False,True,True,False,False
20,0.98999999999999999,IN_FHS1250@EUR,funded_assets,EUR,2027,10,20.270000000000017,20,0.0049333991119881598,-0.0015981120897788611,0.01146491031375518,0.091812218493664041,0.018654079154113837,0.16497035783321423,True,True,True,False,False
20,0.98999999999999999,IN_FHS1250@EUR,funded_assets,EUR,2027,10,20.270000000000017,60,0.0049333991119881598,-0.0017044160293076868,0.011571214253284006,0.091812218493664041,0.016953712396408763,0.16667072459091931,True,True,True,False,False
20,0.98999999999999999,IN_FHS1250@EUR,funded_assets,EUR,2027,10,20.270000000000017,120,0.0049333991119881598,-0.0015520783860021366,0.011418876609978456,0.091812218493664041,0.016919098995853948,0.16670533799147413,True,True,True,False,False
20,0.98999999999999999,IN_FHS1250@EUR,funded_assets,USD,2027,11,20.270000000000017,20,0.0054267390231869756,-0.00071268671804591236,0.011566164764419865,0.0998908652346817,0.030854454081419264,0.16892727638794414,True,True,True,False,False
20,0.98999999999999999,IN_FHS1250@EUR,funded_assets,USD,2027,11,20.270000000000017,60,0.0054267390231869756,-0.00079886961405056973,0.011652347660424521,0.0998908652346817,0.029445145315355983,0.1703365851540074,True,True,True,False,False
20,0.98999999999999999,IN_FHS1250@EUR,funded_assets,USD,2027,11,20.270000000000017,120,0.0054267390231869756,-0.00058788010160925816,0.011441358147983209,0.0998908652346817,0.029449020266624396,0.17033271020273899,True,True,True,False,False
20,0.98999999999999999,IN_FHS1250@EUR,net_cashflows,EUR,2027,45,20.270000000000017,20,0.022200296003946719,0.0030360760909107776,0.041364515916982661,-0.41855104004005372,-1.106785500363114,0.2696834202830064,False,True,True,False,False
20,0.98999999999999999,IN_FHS1250@EUR,net_cashflows,EUR,2027,45,20.270000000000017,60,0.022200296003946719,0.0015964163740938356,0.042804175633799603,-0.41855104004005372,-1.1378731213241577,0.30077104124405041,False,True,True,False,False
20,0.98999999999999999,IN_FHS1250@EUR,net_cashflows,EUR,2027,45,20.270000000000017,120,0.022200296003946719,0.0024123930591818457,0.041988198948711593,-0.41855104004005372,-1.1198899309907033,0.28278785091059588,False,True,True,False,False
20,0.98999999999999999,IN_FHS1250@EUR,net_cashflows,USD,2027,47,20.270000000000017,20,0.023186975826344353,0.0035320613556142043,0.042841890297074497,-0.43176103944213967,-1.1255235722857526,0.26200149340147333,False,True,True,False,False
20,0.98999999999999999,IN_FHS1250@EUR,net_cashflows,USD,2027,47,20.270000000000017,60,0.023186975826344353,0.002008312100398417,0.044365639552290288,-0.43176103944213967,-1.1564243767100828,0.29290229782580351,False,True,True,False,False
20,0.98999999999999999,IN_FHS1250@EUR,net_cashflows,USD,2027,47,20.270000000000017,120,0.023186975826344353,0.0028763579208135048,0.0434975937318752,-0.43176103944213967,-1.1369017185036641,0.27337963961938477,False,True,True,False,False
20,0.98999999999999999,IN_FHS1250@GBP,financed_treasury,EUR,2027,66,20.270000000000017,20,0.032560434139121852,0.0094334518528419974,0.055687416425401703,-0.81163093759544735,-1.7781239317160229,0.1548620565251283,False,True,True,False,False
20,0.98999999999999999,IN_FHS1250@GBP,financed_treasury,EUR,2027,66,20.270000000000017,60,0.032560434139121852,0.005212347937167381,0.059908520341076327,-0.81163093759544735,-1.8586134207060743,0.23535154551517956,False,True,True,False,False
20,0.98999999999999999,IN_FHS1250@GBP,financed_treasury,EUR,2027,66,20.270000000000017,120,0.032560434139121852,0.0054006471252854675,0.059720221152958233,-0.81163093759544735,-1.8398636801161994,0.21660180492530468,False,True,True,False,False
20,0.98999999999999999,IN_FHS1250@GBP,financed_treasury,USD,2027,65,20.270000000000017,20,0.032067094227923039,0.0094151145638440153,0.054719073892002063,-0.85205193255206757,-1.8545995896832577,0.15049572457912241,False,True,True,False,False
20,0.98999999999999999,IN_FHS1250@GBP,financed_treasury,USD,2027,65,20.270000000000017,60,0.032067094227923039,0.0048702215722796136,0.059263966883566464,-0.85205193255206757,-1.9453587145110371,0.24125484940690212,False,True,True,False,False
20,0.98999999999999999,IN_FHS1250@GBP,financed_treasury,USD,2027,65,20.270000000000017,120,0.032067094227923039,0.0048726140990948477,0.05926157435675123,-0.85205193255206757,-1.9283164503426589,0.22421258523852383,False,True,True,False,False
20,0.98999999999999999,IN_FHS1250@GBP,funded_assets,EUR,2027,8,20.270000000000017,20,0.0039467192895905282,0.00013676185084984457,0.0077566767283312119,0.10298377667338386,0.076500968549438789,0.12946658479732892,True,True,True,False,False
20,0.98999999999999999,IN_FHS1250@GBP,funded_assets,EUR,2027,8,20.270000000000017,60,0.0039467192895905282,-6.3745056770085629e-05,0.0079571836359511421,0.10298377667338386,0.074023787922941481,0.13194376542382624,True,True,True,False,False
20,0.98999999999999999,IN_FHS1250@GBP,funded_assets,EUR,2027,8,20.270000000000017,120,0.0039467192895905282,-6.8936078461128564e-07,0.0078941279399656686,0.10298377667338386,0.072727381853303616,0.13324017149346409,True,True,True,False,False
20,0.98999999999999999,IN_FHS1250@GBP,funded_assets,USD,2027,8,20.270000000000017,20,0.0039467192895905282,0.00013676185084984457,0.0077566767283312119,0.10827247548570761,0.078093345457866392,0.13845160551354882,True,True,True,False,False
20,0.98999999999999999,IN_FHS1250@GBP,funded_assets,USD,2027,8,20.270000000000017,60,0.0039467192895905282,-6.3745056770085629e-05,0.0079571836359511421,0.10827247548570761,0.074464969179356771,0.14207998179205844,True,True,True,False,False
20,0.98999999999999999,IN_FHS1250@GBP,funded_assets,USD,2027,8,20.270000000000017,120,0.0039467192895905282,-6.8936078461128564e-07,0.0078941279399656686,0.10827247548570761,0.072620012097006637,0.14392493887440858,True,True,True,False,False
20,0.98999999999999999,IN_FHS1250@GBP,net_cashflows,EUR,2027,90,20.270000000000017,20,0.044400592007893439,0.017498205406319342,0.071302978609467535,-0.98508073989636091,-1.9294053769238064,-0.040756102868915289,False,True,True,False,False
20,0.98999999999999999,IN_FHS1250@GBP,net_cashflows,EUR,2027,90,20.270000000000017,60,0.044400592007893439,0.014822143959685865,0.073979040056101009,-0.98508073989636091,-1.9905337268766012,0.020372247083879302,False,True,True,False,False
20,0.98999999999999999,IN_FHS1250@GBP,net_cashflows,EUR,2027,90,20.270000000000017,120,0.044400592007893439,0.016410060260903362,0.072391123754883518,-0.98508073989636091,-1.9477034012386989,-0.02245807855402282,False,True,True,False,False
20,0.98999999999999999,IN_FHS1250@GBP,net_cashflows,USD,2027,89,20.270000000000017,20,0.043907252096694625,0.017180894498442307,0.070633609694946947,-1.0288954241886212,-2.0059934476148289,-0.051797400762413792,False,True,True,False,False
20,0.98999999999999999,IN_FHS1250@GBP,net_cashflows,USD,2027,89,20.270000000000017,60,0.043907252096694625,0.014464519928206434,0.073349984265182813,-1.0288954241886212,-2.0704840458522229,0.012693197474980211,False,True,True,False,False
20,0.98999999999999999,IN_FHS1250@GBP,net_cashflows,USD,2027,89,20.270000000000017,120,0.043907252096694625,0.015704101398997038,0.072110402794392209,-1.0288954241886212,-2.0261902288268017,-0.031600619550440689,False,True,True,False,False
20,0.98999999999999999,IN_FHS1250@JPY,financed_treasury,EUR,2027,38,20.270000000000017,20,0.018746916625555006,0.0014409629939755308,0.036052870257134481,-0.31623289927110126,-0.97595209587029808,0.3434862973280956,False,True,True,False,False
20,0.98999999999999999,IN_FHS1250@JPY,financed_treasury,EUR,2027,38,20.270000000000017,60,0.018746916625555006,0.000566304067506785,0.03692752918360323,-0.31623289927110126,-1.0091535385517141,0.3766877400095115,False,True,True,False,False
20,0.98999999999999999,IN_FHS1250@JPY,financed_treasury,EUR,2027,38,20.270000000000017,120,0.018746916625555006,0.0012974385612058714,0.036196394689904141,-0.31623289927110126,-1.0010485663645956,0.36858276782239302,False,True,True,False,False
20,0.98999999999999999,IN_FHS1250@JPY,financed_treasury,USD,2027,38,20.270000000000017,20,0.018746916625555006,0.0018049697368411506,0.035688863514268865,-0.32352052633390038,-0.996415951969988,0.34937489930218724,False,True,True,False,False
20,0.98999999999999999,IN_FHS1250@JPY,financed_treasury,USD,2027,38,20.270000000000017,60,0.018746916625555006,0.00095834558084728627,0.036535487670262726,-0.32352052633390038,-1.0297372415260009,0.38269618885820011,False,True,True,False,False
20,0.98999999999999999,IN_FHS1250@JPY,financed_treasury,USD,2027,38,20.270000000000017,120,0.018746916625555006,0.0017187856362619706,0.035775047614848038,-0.32352052633390038,-1.0211831019757667,0.3741420493079658,False,True,True,False,False
20,0.98999999999999999,IN_FHS1250@JPY,funded_assets,EUR,2027,14,20.270000000000017,20,0.0069067587567834239,-0.00088961272498060823,0.014703130238547456,0.054033598724179642,-0.032170662965794843,0.14023786041415412,True,True,True,False,False
20,0.98999999999999999,IN_FHS1250@JPY,funded_assets,EUR,2027,14,20.270000000000017,60,0.0069067587567834239,-0.0010057042910241081,0.014819221804590957,0.054033598724179642,-0.033154540797971553,0.14122173824633083,True,True,True,False,False
20,0.98999999999999999,IN_FHS1250@JPY,funded_assets,EUR,2027,14,20.270000000000017,120,0.0069067587567834239,-0.00073844421293614657,0.014551961726502995,0.054033598724179642,-0.0307089000101975,0.13877609745855679,True,True,True,False,False
20,0.98999999999999999,IN_FHS1250@JPY,funded_assets,USD,2027,14,20.270000000000017,20,0.0069067587567834239,-0.0015419041547242015,0.015355421668291049,0.056687880538882088,-0.031256095102816947,0.14463185618058111,True,True,True,False,False
20,0.98999999999999999,IN_FHS1250@JPY,funded_assets,USD,2027,14,20.270000000000017,60,0.0069067587567834239,-0.0017441668959088863,0.015557684409475733,0.056687880538882088,-0.032402721254550598,0.14577848233231477,True,True,True,False,False
20,0.98999999999999999,IN_FHS1250@JPY,funded_assets,USD,2027,14,20.270000000000017,120,0.0069067587567834239,-0.0015256903637350062,0.015339207877301853,0.056687880538882088,-0.02998880845879795,0.14336456953656213,True,True,True,False,False
20,0.98999999999999999,IN_FHS1250@JPY,net_cashflows,EUR,2027,53,20.270000000000017,20,0.026147015293537246,0.010050419989435896,0.042243610597638592,-0.53439387312895226,-1.1875209705458358,0.11873322428793143,False,True,True,False,False
20,0.98999999999999999,IN_FHS1250@JPY,net_cashflows,EUR,2027,53,20.270000000000017,60,0.026147015293537246,0.0097957354107386201,0.042498295176335868,-0.53439387312895226,-1.197245451439376,0.12845770518147148,False,True,True,False,False
20,0.98999999999999999,IN_FHS1250@JPY,net_cashflows,EUR,2027,53,20.270000000000017,120,0.026147015293537246,0.01113947627050698,0.041154554316567511,-0.53439387312895226,-1.1662587304310983,0.097470984173193664,False,True,True,False,False
20,0.98999999999999999,IN_FHS1250@JPY,net_cashflows,USD,2027,55,20.270000000000017,20,0.027133695115934879,0.010678148343250111,0.043589241888619651,-0.55963222081752384,-1.2386011613092296,0.1193367196741818,False,True,True,False,False
20,0.98999999999999999,IN_FHS1250@JPY,net_cashflows,USD,2027,55,20.270000000000017,60,0.027133695115934879,0.010494782048349052,0.043772608183520703,-0.55963222081752384,-1.2501289649193508,0.1308645232843032,False,True,True,False,False
20,0.98999999999999999,IN_FHS1250@JPY,net_cashflows,USD,2027,55,20.270000000000017,120,0.027133695115934879,0.012008733135763205,0.042258657096106551,-0.55963222081752384,-1.2179059886182508,0.098641546983203154,False,True,True,False,False
20,0.98999999999999999,IN_FHS1250@USD,financed_treasury,EUR,2027,32,20.270000000000017,20,0.015786877158362113,-0.0011914167783707956,0.032765171095095025,-0.51655744901087208,-1.5265824751216117,0.49346757709986766,False,True,True,False,False
20,0.98999999999999999,IN_FHS1250@USD,financed_treasury,EUR,2027,32,20.270000000000017,60,0.015786877158362113,-0.0022391042537101072,0.033812858570434333,-0.51655744901087208,-1.5902352828957445,0.55712038487400017,False,True,True,False,False
20,0.98999999999999999,IN_FHS1250@USD,financed_treasury,EUR,2027,32,20.270000000000017,120,0.015786877158362113,-0.0018278826986669987,0.033401637015391228,-0.51655744901087208,-1.5847624153368067,0.55164751731506245,False,True,True,False,False
20,0.98999999999999999,IN_FHS1250@USD,financed_treasury,USD,2027,33,20.270000000000017,20,0.016280217069560926,-0.00070700322388013784,0.033267437363001987,-0.53855597084961659,-1.5684761202634803,0.49136417856424708,False,True,True,False,False
20,0.98999999999999999,IN_FHS1250@USD,financed_treasury,USD,2027,33,20.270000000000017,60,0.016280217069560926,-0.0020620594178543186,0.034622493556976171,-0.53855597084961659,-1.6333353356506173,0.55622339395138409,False,True,True,False,False
20,0.98999999999999999,IN_FHS1250@USD,financed_treasury,USD,2027,33,20.270000000000017,120,0.016280217069560926,-0.0017704908863237327,0.034330925025445588,-0.53855597084961659,-1.6270952734520021,0.54998333175276892,False,True,True,False,False
20,0.98999999999999999,IN_FHS1250@USD,funded_assets,EUR,2027,9,20.270000000000017,20,0.004440059200789344,-0.0012972456836730798,0.010177364085251769,0.099937629116664248,0.062196709844420987,0.1376785483889075,True,True,True,False,False
20,0.98999999999999999,IN_FHS1250@USD,funded_assets,EUR,2027,9,20.270000000000017,60,0.004440059200789344,-0.0016639252663589628,0.010544043667937651,0.099937629116664248,0.059245408039359022,0.14062985019396948,True,True,True,False,False
20,0.98999999999999999,IN_FHS1250@USD,funded_assets,EUR,2027,9,20.270000000000017,120,0.004440059200789344,-0.0023029993621955193,0.011183117763774206,0.099937629116664248,0.054356548711824292,0.1455187095215042,True,True,True,False,False
20,0.98999999999999999,IN_FHS1250@USD,funded_assets,USD,2027,9,20.270000000000017,20,0.004440059200789344,-0.0012972456836730798,0.010177364085251769,0.1070270610839329,0.073776808060565663,0.14027731410730013,True,True,True,False,False
20,0.98999999999999999,IN_FHS1250@USD,funded_assets,USD,2027,9,20.270000000000017,60,0.004440059200789344,-0.0016639252663589628,0.010544043667937651,0.1070270610839329,0.070828179309444877,0.14322594285842091,True,True,True,False,False
20,0.98999999999999999,IN_FHS1250@USD,funded_assets,USD,2027,9,20.270000000000017,120,0.004440059200789344,-0.0023029993621955193,0.011183117763774206,0.1070270610839329,0.065833558507101819,0.14822056366076397,True,True,True,False,False
20,0.98999999999999999,IN_FHS1250@USD,net_cashflows,EUR,2027,55,20.270000000000017,20,0.027133695115934879,0.010087262585320837,0.044180127646548925,-0.5306341609929135,-1.2283411530485135,0.16707283106268656,False,True,True,False,False
20,0.98999999999999999,IN_FHS1250@USD,net_cashflows,EUR,2027,55,20.270000000000017,60,0.027133695115934879,0.010004833521925015,0.044262556709944743,-0.5306341609929135,-1.2400820281681266,0.17881370618229953,False,True,True,False,False
20,0.98999999999999999,IN_FHS1250@USD,net_cashflows,EUR,2027,55,20.270000000000017,120,0.027133695115934879,0.011693294892870016,0.042574095338999744,-0.5306341609929135,-1.2096408136680181,0.14837249168219113,False,True,True,False,False
20,0.98999999999999999,IN_FHS1250@USD,net_cashflows,USD,2027,56,20.270000000000017,20,0.027627035027133696,0.010108037729142871,0.04514603232512452,-0.55988336755662338,-1.2856144337471109,0.16584769863386406,False,True,True,False,False
20,0.98999999999999999,IN_FHS1250@USD,net_cashflows,USD,2027,56,20.270000000000017,60,0.027627035027133696,0.0099995439389151813,0.04525452611535221,-0.55988336755662338,-1.2982019738555768,0.17843523874233014,False,True,True,False,False
20,0.98999999999999999,IN_FHS1250@USD,net_cashflows,USD,2027,56,20.270000000000017,120,0.027627035027133696,0.011744385024309339,0.043509685029958056,-0.55988336755662338,-1.2656078305089848,0.1458410953957382,False,True,True,False,False
20,0.98999999999999999,IN_FHS_REF_POOL,financed_treasury,EUR,2027,40,20.270000000000017,20,0.019733596447952639,0.0015961271257668615,0.037871065770138421,-0.40135024309466283,-1.1031651948078318,0.30046470861850616,False,True,True,False,False
20,0.98999999999999999,IN_FHS_REF_POOL,financed_treasury,EUR,2027,40,20.270000000000017,60,0.019733596447952639,0.00031028937751750169,0.039156903518387777,-0.40135024309466283,-1.1402626248855754,0.33756213869624974,False,True,True,False,False
20,0.98999999999999999,IN_FHS_REF_POOL,financed_treasury,EUR,2027,40,20.270000000000017,120,0.019733596447952639,0.00089802619482018051,0.038569166701085095,-0.40135024309466283,-1.1288170061229921,0.32611651993366642,False,True,True,False,False
20,0.98999999999999999,IN_FHS_REF_POOL,financed_treasury,USD,2027,40,20.270000000000017,20,0.019733596447952639,0.0019006182351238333,0.037566574660781449,-0.4049231762819368,-1.1017477766128339,0.2919014240489603,False,True,True,False,False
20,0.98999999999999999,IN_FHS_REF_POOL,financed_treasury,USD,2027,40,20.270000000000017,60,0.019733596447952639,0.00066308036784462968,0.038804112528060652,-0.4049231762819368,-1.1374178049748616,0.3275714524109879,False,True,True,False,False
20,0.98999999999999999,IN_FHS_REF_POOL,financed_treasury,USD,2027,40,20.270000000000017,120,0.019733596447952639,0.001280564445326364,0.038186628450578915,-0.4049231762819368,-1.1248716113913506,0.31502525882747695,False,True,True,False,False
20,0.98999999999999999,IN_FHS_REF_POOL,funded_assets,EUR,2027,6,20.270000000000017,20,0.0029600394671928957,-0.0016731450294979007,0.0075932239638836921,0.12266897694931525,0.082216357157336772,0.16312159674129373,True,True,True,False,False
20,0.98999999999999999,IN_FHS_REF_POOL,funded_assets,EUR,2027,6,20.270000000000017,60,0.0029600394671928957,-0.0017757990061267239,0.0076958779405125154,0.12266897694931525,0.081292488399437757,0.16404546549919274,True,True,True,False,False
20,0.98999999999999999,IN_FHS_REF_POOL,funded_assets,EUR,2027,6,20.270000000000017,120,0.0029600394671928957,-0.0017119664992916771,0.0076320454336774686,0.12266897694931525,0.08082130277236324,0.16451665112626726,True,True,True,False,False
20,0.98999999999999999,IN_FHS_REF_POOL,funded_assets,USD,2027,7,20.270000000000017,20,0.003453379378391712,-0.0012662630066452665,0.0081730217634286909,0.12691810703375203,0.084027705101802713,0.16980850896570135,True,True,True,False,False
20,0.98999999999999999,IN_FHS_REF_POOL,funded_assets,USD,2027,7,20.270000000000017,60,0.003453379378391712,-0.0013417952059823529,0.0082485539627657773,0.12691810703375203,0.082960117066758349,0.17087609700074571,True,True,True,False,False
20,0.98999999999999999,IN_FHS_REF_POOL,funded_assets,USD,2027,7,20.270000000000017,120,0.003453379378391712,-0.0012394468280586663,0.0081462055848420898,0.12691810703375203,0.082463091392965662,0.17137312267453841,True,True,True,False,False
20,0.98999999999999999,IN_FHS_REF_POOL,net_cashflows,EUR,2027,51,20.270000000000017,20,0.025160335471139616,0.0065928035834853377,0.043727867358793894,-0.45505071230329003,-1.1028823411057047,0.1927809164991246,False,True,True,False,False
20,0.98999999999999999,IN_FHS_REF_POOL,net_cashflows,EUR,2027,51,20.270000000000017,60,0.025160335471139616,0.0056457668294935814,0.04467490411278565,-0.45505071230329003,-1.1163454181539441,0.20624399354736395,False,True,True,False,False
20,0.98999999999999999,IN_FHS_REF_POOL,net_cashflows,EUR,2027,51,20.270000000000017,120,0.025160335471139616,0.0069652134748208229,0.043355457467458405,-0.45505071230329003,-1.0889077164336498,0.1788062918270697,False,True,True,False,False
20,0.98999999999999999,IN_FHS_REF_POOL,net_cashflows,USD,2027,53,20.270000000000017,20,0.026147015293537246,0.007086367936089643,0.045207662650984845,-0.47559403804763561,-1.13376185702368,0.18257378092840876,False,True,True,False,False
20,0.98999999999999999,IN_FHS_REF_POOL,net_cashflows,USD,2027,53,20.270000000000017,60,0.026147015293537246,0.0059830538105199761,0.046310976776554519,-0.47559403804763561,-1.1471153345658807,0.19592725847060938,False,True,True,False,False
20,0.98999999999999999,IN_FHS_REF_POOL,net_cashflows,USD,2027,53,20.270000000000017,120,0.026147015293537246,0.0073352621078788503,0.044958768479195638,-0.47559403804763561,-1.1174789375523253,0.16629086145705413,False,True,True,False,False
