horizon,tau,book,report,n_dates,units,not_causal_effect,contrast,block,delta,point_low,point_high,simultaneous_low,simultaneous_high,family_size,critical
5,0.94999999999999996,financed_treasury,EUR,2042,daily ES difference divided by same-date nativeEUR ES,True,EUR minus USD,20,-0.028252982169148289,-0.046197824028237085,-0.011104923349677451,-0.05131936532141633,-0.0051865990168802438,10,2.5924282775934526
5,0.94999999999999996,financed_treasury,EUR,2042,daily ES difference divided by same-date nativeEUR ES,True,EUR minus GBP,20,-0.0015142949844458647,-0.030379718624204851,0.025371228089298953,-0.038094823128853532,0.035066233159961803,10,2.5924282775934526
5,0.94999999999999996,financed_treasury,EUR,2042,daily ES difference divided by same-date nativeEUR ES,True,EUR minus JPY,20,-0.093044161448993093,-0.13556071828980415,-0.057565039299797088,-0.14441708054759952,-0.041671242350386661,10,2.5924282775934526
5,0.94999999999999996,financed_treasury,EUR,2042,daily ES difference divided by same-date nativeEUR ES,True,EUR minus CHF,20,-0.026314425777714149,-0.050209598537388801,-0.0031444278842310469,-0.057807628468928049,0.0051787769134997545,10,2.5924282775934526
5,0.94999999999999996,financed_treasury,EUR,2042,daily ES difference divided by same-date nativeEUR ES,True,USD minus GBP,20,0.0267386871847024,-0.01655994671974672,0.068279446289845586,-0.028737062948702475,0.082214437318107278,10,2.5924282775934526
5,0.94999999999999996,financed_treasury,EUR,2042,daily ES difference divided by same-date nativeEUR ES,True,USD minus JPY,20,-0.064791179279844943,-0.097783683509620148,-0.036320707491520929,-0.10558297624973054,-0.023999382309959343,10,2.5924282775934526
5,0.94999999999999996,financed_treasury,EUR,2042,daily ES difference divided by same-date nativeEUR ES,True,USD minus CHF,20,0.0019385563914342348,-0.032305275857702397,0.035645578868705355,-0.042767688499436941,0.046644801282305408,10,2.5924282775934526
5,0.94999999999999996,financed_treasury,EUR,2042,daily ES difference divided by same-date nativeEUR ES,True,GBP minus JPY,20,-0.091529866464547291,-0.14052746858040938,-0.046015534179804161,-0.15247396405244062,-0.03058576887665395,10,2.5924282775934526
5,0.94999999999999996,financed_treasury,EUR,2042,daily ES difference divided by same-date nativeEUR ES,True,GBP minus CHF,20,-0.024800130793268205,-0.043755526873435313,-0.0058746986605717191,-0.049781263981823726,0.00018100239528731979,10,2.5924282775934526
5,0.94999999999999996,financed_treasury,EUR,2042,daily ES difference divided by same-date nativeEUR ES,True,JPY minus CHF,20,0.066729735671279017,0.030763900497805731,0.10658544298034117,0.016687439560049165,0.11677203178250886,10,2.5924282775934526
5,0.94999999999999996,financed_treasury,EUR,2042,daily ES difference divided by same-date nativeEUR ES,True,EUR minus USD,60,-0.028252982169148289,-0.056112920811745078,-0.00089721976064445551,-0.064503980113803358,0.007998015775506781,10,2.5534655090912861
5,0.94999999999999996,financed_treasury,EUR,2042,daily ES difference divided by same-date nativeEUR ES,True,EUR minus GBP,60,-0.0015142949844458647,-0.048726629286665733,0.042836478510629522,-0.061301879958171969,0.05827328998928024,10,2.5534655090912861
5,0.94999999999999996,financed_treasury,EUR,2042,daily ES difference divided by same-date nativeEUR ES,True,EUR minus JPY,60,-0.093044161448993093,-0.15591449061184451,-0.045006761627271748,-0.16550596959141284,-0.020582353306573362,10,2.5534655090912861
5,0.94999999999999996,financed_treasury,EUR,2042,daily ES difference divided by same-date nativeEUR ES,True,EUR minus CHF,60,-0.026314425777714149,-0.065387715780580433,0.010461656792409983,-0.075930292497172591,0.023301440941744297,10,2.5534655090912861
5,0.94999999999999996,financed_treasury,EUR,2042,daily ES difference divided by same-date nativeEUR ES,True,USD minus GBP,60,0.0267386871847024,-0.045008843615648775,0.094633901036635659,-0.064395417398211294,0.1178727917676161,10,2.5534655090912861
5,0.94999999999999996,financed_treasury,EUR,2042,daily ES difference divided by same-date nativeEUR ES,True,USD minus JPY,60,-0.064791179279844943,-0.11448760007887693,-0.024498916967999638,-0.12325913448901317,-0.0063232240706767168,10,2.5534655090912861
5,0.94999999999999996,financed_treasury,EUR,2042,daily ES difference divided by same-date nativeEUR ES,True,USD minus CHF,60,0.0019385563914342348,-0.055703011213212028,0.056215422131994007,-0.071423031582377172,0.075300144365245653,10,2.5534655090912861
5,0.94999999999999996,financed_treasury,EUR,2042,daily ES difference divided by same-date nativeEUR ES,True,GBP minus JPY,60,-0.091529866464547291,-0.16586629383590318,-0.022726695805111826,-0.18508508464450071,0.0020253517154061318,10,2.5534655090912861
5,0.94999999999999996,financed_treasury,EUR,2042,daily ES difference divided by same-date nativeEUR ES,True,GBP minus CHF,60,-0.024800130793268205,-0.051424957661974552,0.0040767981978308424,-0.060756318914087601,0.011156057327551192,10,2.5534655090912861
5,0.94999999999999996,financed_treasury,EUR,2042,daily ES difference divided by same-date nativeEUR ES,True,JPY minus CHF,60,0.066729735671279017,0.012064886736972012,0.12577691939162661,-0.0067093689875996343,0.14016884033015767,10,2.5534655090912861
5,0.94999999999999996,financed_treasury,EUR,2042,daily ES difference divided by same-date nativeEUR ES,True,EUR minus USD,120,-0.028252982169148289,-0.064642981731341115,0.0078522457353033207,-0.075264581084365956,0.018758616746069372,10,2.545802390740703
5,0.94999999999999996,financed_treasury,EUR,2042,daily ES difference divided by same-date nativeEUR ES,True,EUR minus GBP,120,-0.0015142949844458647,-0.064667658935440284,0.0577035890435919,-0.080789427794013755,0.077760837825122012,10,2.545802390740703
5,0.94999999999999996,financed_treasury,EUR,2042,daily ES difference divided by same-date nativeEUR ES,True,EUR minus JPY,120,-0.093044161448993093,-0.16851369493575866,-0.034259864638084711,-0.18074785050520847,-0.005340472392777712,10,2.545802390740703
5,0.94999999999999996,financed_treasury,EUR,2042,daily ES difference divided by same-date nativeEUR ES,True,EUR minus CHF,120,-0.026314425777714149,-0.076425847794985596,0.020128579832458113,-0.08982039568126382,0.037191544125835529,10,2.545802390740703
5,0.94999999999999996,financed_treasury,EUR,2042,daily ES difference divided by same-date nativeEUR ES,True,USD minus GBP,120,0.0267386871847024,-0.068902318214586714,0.11601690881190609,-0.094318431139904277,0.14779580550930907,10,2.545802390740703
5,0.94999999999999996,financed_treasury,EUR,2042,daily ES difference divided by same-date nativeEUR ES,True,USD minus JPY,120,-0.064791179279844943,-0.12372018853999406,-0.013383967166195042,-0.13658655862862651,0.0070042000689366224,10,2.545802390740703
5,0.94999999999999996,financed_treasury,EUR,2042,daily ES difference divided by same-date nativeEUR ES,True,USD minus CHF,120,0.0019385563914342348,-0.075431735178621617,0.074350885366083003,-0.096068395269206783,0.099945508052075263,10,2.545802390740703
5,0.94999999999999996,financed_treasury,EUR,2042,daily ES difference divided by same-date nativeEUR ES,True,GBP minus JPY,120,-0.091529866464547291,-0.18997646148590128,-0.0034494410388378831,-0.21134388930983933,0.028284156380744746,10,2.545802390740703
5,0.94999999999999996,financed_treasury,EUR,2042,daily ES difference divided by same-date nativeEUR ES,True,GBP minus CHF,120,-0.024800130793268205,-0.055911808788551995,0.0091037131640721112,-0.066868459189986768,0.017268197603450358,10,2.545802390740703
5,0.94999999999999996,financed_treasury,EUR,2042,daily ES difference divided by same-date nativeEUR ES,True,JPY minus CHF,120,0.066729735671279017,-0.0025727557107343649,0.1450860484270062,-0.027932305656715561,0.1613917769992736,10,2.545802390740703
5,0.94999999999999996,financed_treasury,USD,2042,daily ES difference divided by same-date nativeEUR ES,True,EUR minus USD,20,-0.028155021381499272,-0.046199171715374028,-0.010855520846548164,-0.051449413959015214,-0.0048606288039833266,10,2.5997039117706677
5,0.94999999999999996,financed_treasury,USD,2042,daily ES difference divided by same-date nativeEUR ES,True,EUR minus GBP,20,-0.00067210139072846503,-0.030541089413207621,0.027245047249750114,-0.038629689737585217,0.037285486956128287,10,2.5997039117706677
5,0.94999999999999996,financed_treasury,USD,2042,daily ES difference divided by same-date nativeEUR ES,True,EUR minus JPY,20,-0.09679478437495069,-0.14215877412976929,-0.059449884748634198,-0.1514806940419364,-0.04210887470796499,10,2.5997039117706677
5,0.94999999999999996,financed_treasury,USD,2042,daily ES difference divided by same-date nativeEUR ES,True,EUR minus CHF,20,-0.027342929092495423,-0.05185286706944691,-0.0033524173980056127,-0.059941803030445509,0.0052559448454546631,10,2.5997039117706677
5,0.94999999999999996,financed_treasury,USD,2042,daily ES difference divided by same-date nativeEUR ES,True,USD minus GBP,20,0.027482919990770766,-0.017080481781617512,0.070067679934449803,-0.029573446274440071,0.084539286255981602,10,2.5997039117706677
5,0.94999999999999996,financed_treasury,USD,2042,daily ES difference divided by same-date nativeEUR ES,True,USD minus JPY,20,-0.068639762993451314,-0.10423900107218324,-0.038274067534153369,-0.1124015439469168,-0.024877982039985827,10,2.5997039117706677
5,0.94999999999999996,financed_treasury,USD,2042,daily ES difference divided by same-date nativeEUR ES,True,USD minus CHF,20,0.00081209228900400306,-0.034038372023307777,0.035189140014273,-0.045024573509585185,0.046648758087593188,10,2.5997039117706677
5,0.94999999999999996,financed_treasury,USD,2042,daily ES difference divided by same-date nativeEUR ES,True,GBP minus JPY,20,-0.096122682984222149,-0.14723382661325077,-0.04821401117468492,-0.16058330255474856,-0.031662063413695721,10,2.5997039117706677
5,0.94999999999999996,financed_treasury,USD,2042,daily ES difference divided by same-date nativeEUR ES,True,GBP minus CHF,20,-0.026670827701766861,-0.046274564882807297,-0.0068734393294820686,-0.052647007806370341,-0.00069464759716338434,10,2.5997039117706677
5,0.94999999999999996,financed_treasury,USD,2042,daily ES difference divided by same-date nativeEUR ES,True,JPY minus CHF,20,0.069451855282455274,0.031724440480876366,0.11145198872972356,0.016463138510414282,0.12244057205449627,10,2.5997039117706677
5,0.94999999999999996,financed_treasury,USD,2042,daily ES difference divided by same-date nativeEUR ES,True,EUR minus USD,60,-0.028155021381499272,-0.056202185746941594,-0.00056979979990427927,-0.064676614528044296,0.0083665717650457591,10,2.5535423715760479
5,0.94999999999999996,financed_treasury,USD,2042,daily ES difference divided by same-date nativeEUR ES,True,EUR minus GBP,60,-0.00067210139072846503,-0.049619533151417684,0.045224931298934096,-0.062558619361110221,0.061214416579653291,10,2.5535423715760479
5,0.94999999999999996,financed_treasury,USD,2042,daily ES difference divided by same-date nativeEUR ES,True,EUR minus JPY,60,-0.09679478437495069,-0.16372789313056979,-0.046116841273208732,-0.17356579962869054,-0.020023769121210844,10,2.5535423715760479
5,0.94999999999999996,financed_treasury,USD,2042,daily ES difference divided by same-date nativeEUR ES,True,EUR minus CHF,60,-0.027342929092495423,-0.067626288082591565,0.010640778772591191,-0.078586826252986602,0.023900968067995756,10,2.5535423715760479
5,0.94999999999999996,financed_treasury,USD,2042,daily ES difference divided by same-date nativeEUR ES,True,USD minus GBP,60,0.027482919990770766,-0.046184898343425283,0.097146117414207409,-0.066000301213399212,0.12096614119494074,10,2.5535423715760479
5,0.94999999999999996,financed_treasury,USD,2042,daily ES difference divided by same-date nativeEUR ES,True,USD minus JPY,60,-0.068639762993451314,-0.12200337611986682,-0.026177533296977116,-0.13091216303584424,-0.0063673629510583862,10,2.5535423715760479
5,0.94999999999999996,financed_treasury,USD,2042,daily ES difference divided by same-date nativeEUR ES,True,USD minus CHF,60,0.00081209228900400306,-0.058052956092452812,0.056552369999013689,-0.074227379294237672,0.075851563872245675,10,2.5535423715760479
5,0.94999999999999996,financed_treasury,USD,2042,daily ES difference divided by same-date nativeEUR ES,True,GBP minus JPY,60,-0.096122682984222149,-0.17500840151995589,-0.02393293896959359,-0.19443301772774768,0.0021876517593033828,10,2.5535423715760479
5,0.94999999999999996,financed_treasury,USD,2042,daily ES difference divided by same-date nativeEUR ES,True,GBP minus CHF,60,-0.026670827701766861,-0.054295795629281877,0.0033187709278473185,-0.06402037741697994,0.010678722013446225,10,2.5535423715760479
5,0.94999999999999996,financed_treasury,USD,2042,daily ES difference divided by same-date nativeEUR ES,True,JPY minus CHF,60,0.069451855282455274,0.012352380981898536,0.13192638228828044,-0.0078510336191121716,0.14675474418402273,10,2.5535423715760479
5,0.94999999999999996,financed_treasury,USD,2042,daily ES difference divided by same-date nativeEUR ES,True,EUR minus USD,120,-0.028155021381499272,-0.064661518682427588,0.0081438703784630067,-0.075591766929425735,0.019281724166427192,10,2.5491760097940754
5,0.94999999999999996,financed_treasury,USD,2042,daily ES difference divided by same-date nativeEUR ES,True,EUR minus GBP,120,-0.00067210139072846503,-0.066222961309726353,0.060660988027679268,-0.082825726756925594,0.08148152397546865,10,2.5491760097940754
5,0.94999999999999996,financed_treasury,USD,2042,daily ES difference divided by same-date nativeEUR ES,True,EUR minus JPY,120,-0.09679478437495069,-0.17664929686801206,-0.034941114191904543,-0.18969373677114224,-0.0038958319787591456,10,2.5491760097940754
5,0.94999999999999996,financed_treasury,USD,2042,daily ES difference divided by same-date nativeEUR ES,True,EUR minus CHF,120,-0.027342929092495423,-0.079179144157045522,0.020798800921584912,-0.093053955173933778,0.038368096988942939,10,2.5491760097940754
5,0.94999999999999996,financed_treasury,USD,2042,daily ES difference divided by same-date nativeEUR ES,True,USD minus GBP,120,0.027482919990770766,-0.070558091661085398,0.11904990602169838,-0.096847780209137257,0.15181362019067879,10,2.5491760097940754
5,0.94999999999999996,financed_treasury,USD,2042,daily ES difference divided by same-date nativeEUR ES,True,USD minus JPY,120,-0.068639762993451314,-0.13168253155882551,-0.014982005249626555,-0.14495065665409468,0.0076711306671920498,10,2.5491760097940754
5,0.94999999999999996,financed_treasury,USD,2042,daily ES difference divided by same-date nativeEUR ES,True,USD minus CHF,120,0.00081209228900400306,-0.078196750189881259,0.074870877942990813,-0.099594897810906122,0.10121908238891413,10,2.5491760097940754
5,0.94999999999999996,financed_treasury,USD,2042,daily ES difference divided by same-date nativeEUR ES,True,GBP minus JPY,120,-0.096122682984222149,-0.19967656689169633,-0.0044900775873571554,-0.22188445489637615,0.029639088927931836,10,2.5491760097940754
5,0.94999999999999996,financed_treasury,USD,2042,daily ES difference divided by same-date nativeEUR ES,True,GBP minus CHF,120,-0.026670827701766861,-0.059115858078962268,0.0085405559397256862,-0.070442268534608082,0.017100613131074367,10,2.5491760097940754
5,0.94999999999999996,financed_treasury,USD,2042,daily ES difference divided by same-date nativeEUR ES,True,JPY minus CHF,120,0.069451855282455274,-0.0029770038806340108,0.15215362622364345,-0.030121573072269744,0.16902528363718028,10,2.5491760097940754
5,0.94999999999999996,funded_assets,EUR,2042,daily ES difference divided by same-date nativeEUR ES,True,EUR minus USD,20,-0.04672799263820316,-0.073296308765095561,-0.020359135087247557,-0.081791306078533688,-0.011664679197872639,10,2.613283641186126
5,0.94999999999999996,funded_assets,EUR,2042,daily ES difference divided by same-date nativeEUR ES,True,EUR minus GBP,20,-0.04494575578057218,-0.06878904406595325,-0.021120173735336506,-0.076607743316802562,-0.013283768244341791,10,2.613283641186126
5,0.94999999999999996,funded_assets,EUR,2042,daily ES difference divided by same-date nativeEUR ES,True,EUR minus JPY,20,-0.061349432962546135,-0.084759674024091222,-0.038929760255613698,-0.092102693430831828,-0.030596172494260439,10,2.613283641186126
5,0.94999999999999996,funded_assets,EUR,2042,daily ES difference divided by same-date nativeEUR ES,True,EUR minus CHF,20,-0.027965360163632151,-0.046185077775064053,-0.010269945390645005,-0.052287151725013511,-0.0036435686022507942,10,2.613283641186126
5,0.94999999999999996,funded_assets,EUR,2042,daily ES difference divided by same-date nativeEUR ES,True,USD minus GBP,20,0.0017822368576309599,-0.043450576790753016,0.045455500386408568,-0.05636168814971048,0.059926161864972398,10,2.613283641186126
5,0.94999999999999996,funded_assets,EUR,2042,daily ES difference divided by same-date nativeEUR ES,True,USD minus JPY,20,-0.014621440324342988,-0.05347830096177307,0.023633283236242267,-0.066399463588143331,0.03715658293945736,10,2.613283641186126
5,0.94999999999999996,funded_assets,EUR,2042,daily ES difference divided by same-date nativeEUR ES,True,USD minus CHF,20,0.018762632474571116,-0.018553353778180789,0.056895447152056002,-0.032388475801973488,0.069913740751115713,10,2.613283641186126
5,0.94999999999999996,funded_assets,EUR,2042,daily ES difference divided by same-date nativeEUR ES,True,GBP minus JPY,20,-0.016403677181974125,-0.056772370364161766,0.022719696387287738,-0.06963080540915656,0.036823451045208302,10,2.613283641186126
5,0.94999999999999996,funded_assets,EUR,2042,daily ES difference divided by same-date nativeEUR ES,True,GBP minus CHF,20,0.016980395616939981,-0.013808413456539,0.046456342701123747,-0.022465533753076312,0.056426324986956274,10,2.613283641186126
5,0.94999999999999996,funded_assets,EUR,2042,daily ES difference divided by same-date nativeEUR ES,True,JPY minus CHF,20,0.033384072798914075,0.0036524739575160767,0.064629133028290736,-0.006720341239552681,0.073488486837380823,10,2.613283641186126
5,0.94999999999999996,funded_assets,EUR,2042,daily ES difference divided by same-date nativeEUR ES,True,EUR minus USD,60,-0.04672799263820316,-0.089212203243016042,-0.0039534992386362471,-0.10355869761264011,0.010102712336233784,10,2.6110410487221047
5,0.94999999999999996,funded_assets,EUR,2042,daily ES difference divided by same-date nativeEUR ES,True,EUR minus GBP,60,-0.04494575578057218,-0.082312691708947686,-0.0072980710893336721,-0.095477478520841236,0.0055859669596968753,10,2.6110410487221047
5,0.94999999999999996,funded_assets,EUR,2042,daily ES difference divided by same-date nativeEUR ES,True,EUR minus JPY,60,-0.061349432962546135,-0.097582355532214143,-0.027581881147765344,-0.1077672651992596,-0.014931600725832675,10,2.6110410487221047
5,0.94999999999999996,funded_assets,EUR,2042,daily ES difference divided by same-date nativeEUR ES,True,EUR minus CHF,60,-0.027965360163632151,-0.05327804306260979,-0.0017091859529448897,-0.062216640681710719,0.0062859203544464171,10,2.6110410487221047
5,0.94999999999999996,funded_assets,EUR,2042,daily ES difference divided by same-date nativeEUR ES,True,USD minus GBP,60,0.0017822368576309599,-0.072478978629829424,0.070772408323658456,-0.093726934888223326,0.097291408603485244,10,2.6110410487221047
5,0.94999999999999996,funded_assets,EUR,2042,daily ES difference divided by same-date nativeEUR ES,True,USD minus JPY,60,-0.014621440324342988,-0.074204273469904242,0.046187536660811587,-0.095384605116219767,0.066141724467533802,10,2.6110410487221047
5,0.94999999999999996,funded_assets,EUR,2042,daily ES difference divided by same-date nativeEUR ES,True,USD minus CHF,60,0.018762632474571116,-0.040005122574450429,0.081163789726464819,-0.061300759750867781,0.098826024700010021,10,2.6110410487221047
5,0.94999999999999996,funded_assets,EUR,2042,daily ES difference divided by same-date nativeEUR ES,True,GBP minus JPY,60,-0.016403677181974125,-0.080751422310842411,0.044545194749978777,-0.099653184819521068,0.066845830455572824,10,2.6110410487221047
5,0.94999999999999996,funded_assets,EUR,2042,daily ES difference divided by same-date nativeEUR ES,True,GBP minus CHF,60,0.016980395616939981,-0.027320987728816051,0.060066612212415375,-0.040561931907709903,0.074522723141589864,10,2.6110410487221047
5,0.94999999999999996,funded_assets,EUR,2042,daily ES difference divided by same-date nativeEUR ES,True,JPY minus CHF,60,0.033384072798914075,-0.007412375477458176,0.077290302327615731,-0.02214736959140165,0.088915515189229799,10,2.6110410487221047
5,0.94999999999999996,funded_assets,EUR,2042,daily ES difference divided by same-date nativeEUR ES,True,EUR minus USD,120,-0.04672799263820316,-0.1029610813181181,0.0078371356832818029,-0.1191975678621609,0.02574158258575459,10,2.5642555816366706
5,0.94999999999999996,funded_assets,EUR,2042,daily ES difference divided by same-date nativeEUR ES,True,EUR minus GBP,120,-0.04494575578057218,-0.095296214502606474,0.0037740448758305659,-0.10944384424578012,0.019552332684635756,10,2.5642555816366706
5,0.94999999999999996,funded_assets,EUR,2042,daily ES difference divided by same-date nativeEUR ES,True,EUR minus JPY,120,-0.061349432962546135,-0.10480410486993411,-0.018424775647386149,-0.11821698267736738,-0.0044818832477248882,10,2.5642555816366706
5,0.94999999999999996,funded_assets,EUR,2042,daily ES difference divided by same-date nativeEUR ES,True,EUR minus CHF,120,-0.027965360163632151,-0.061017152160392815,0.0047698654977091906,-0.070909611222394725,0.014978890895130423,10,2.5642555816366706
5,0.94999999999999996,funded_assets,EUR,2042,daily ES difference divided by same-date nativeEUR ES,True,USD minus GBP,120,0.0017822368576309599,-0.093739550032953187,0.094216900672385057,-0.1219820750980089,0.12554654881327082,10,2.5642555816366706
5,0.94999999999999996,funded_assets,EUR,2042,daily ES difference divided by same-date nativeEUR ES,True,USD minus JPY,120,-0.014621440324342988,-0.088073860979669599,0.062733168690670388,-0.11306530811066019,0.083822427461974228,10,2.5642555816366706
5,0.94999999999999996,funded_assets,EUR,2042,daily ES difference divided by same-date nativeEUR ES,True,USD minus CHF,120,0.018762632474571116,-0.05804983940542989,0.099733483576159104,-0.084651724700337508,0.12217698964947975,10,2.5642555816366706
5,0.94999999999999996,funded_assets,EUR,2042,daily ES difference divided by same-date nativeEUR ES,True,GBP minus JPY,120,-0.016403677181974125,-0.099510046079418699,0.061706025498665718,-0.1207855266293044,0.087978172265356161,10,2.5642555816366706
5,0.94999999999999996,funded_assets,EUR,2042,daily ES difference divided by same-date nativeEUR ES,True,GBP minus CHF,120,0.016980395616939981,-0.034953750215919323,0.069392115579389624,-0.050829956548479119,0.08479074778235908,10,2.5642555816366706
5,0.94999999999999996,funded_assets,EUR,2042,daily ES difference divided by same-date nativeEUR ES,True,JPY minus CHF,120,0.033384072798914075,-0.01764955855074616,0.088111670548923035,-0.036002592150823826,0.10277073774865197,10,2.5642555816366706
5,0.94999999999999996,funded_assets,USD,2042,daily ES difference divided by same-date nativeEUR ES,True,EUR minus USD,20,-0.046975760234452241,-0.073701815019370162,-0.020510638603796521,-0.082219854825594227,-0.011731665643310255,10,2.6148648696300221
5,0.94999999999999996,funded_assets,USD,2042,daily ES difference divided by same-date nativeEUR ES,True,EUR minus GBP,20,-0.044836430165189366,-0.069531269896547163,-0.020420469266727234,-0.077523305568415385,-0.01214955476196334,10,2.6148648696300221
5,0.94999999999999996,funded_assets,USD,2042,daily ES difference divided by same-date nativeEUR ES,True,EUR minus JPY,20,-0.063924457136780535,-0.088350567402708607,-0.04084516270776934,-0.095757923471534001,-0.032090990802027076,10,2.6148648696300221
5,0.94999999999999996,funded_assets,USD,2042,daily ES difference divided by same-date nativeEUR ES,True,EUR minus CHF,20,-0.029166837009682887,-0.047940363620958604,-0.011064063495803359,-0.054140256883958959,-0.0041934171354068156,10,2.6148648696300221
5,0.94999999999999996,funded_assets,USD,2042,daily ES difference divided by same-date nativeEUR ES,True,USD minus GBP,20,0.0021393300692629231,-0.044146295172276175,0.046706566326057644,-0.057409649651998074,0.061688309790523921,10,2.6148648696300221
5,0.94999999999999996,funded_assets,USD,2042,daily ES difference divided by same-date nativeEUR ES,True,USD minus JPY,20,-0.016948696902328121,-0.056763997107864263,0.0221928458275088,-0.069884006901728274,0.035986613097072039,10,2.6148648696300221
5,0.94999999999999996,funded_assets,USD,2042,daily ES difference divided by same-date nativeEUR ES,True,USD minus CHF,20,0.017808923224769176,-0.020188262787536129,0.056504021978824717,-0.034171618078552596,0.069789464528090941,10,2.6148648696300221
5,0.94999999999999996,funded_assets,USD,2042,daily ES difference divided by same-date nativeEUR ES,True,GBP minus JPY,20,-0.0190880269715911,-0.060492269076342316,0.020986105590653809,-0.073716195220583675,0.035540141277401467,10,2.6148648696300221
5,0.94999999999999996,funded_assets,USD,2042,daily ES difference divided by same-date nativeEUR ES,True,GBP minus CHF,20,0.015669593155506298,-0.015792223180750829,0.045684222609871351,-0.024679691311618415,0.056018877622631011,10,2.6148648696300221
5,0.94999999999999996,funded_assets,USD,2042,daily ES difference divided by same-date nativeEUR ES,True,JPY minus CHF,20,0.03475762012709744,0.0045913962507777451,0.066637416531234672,-0.0061702039411294998,0.075685444195324386,10,2.6148648696300221
5,0.94999999999999996,funded_assets,USD,2042,daily ES difference divided by same-date nativeEUR ES,True,EUR minus USD,60,-0.046975760234452241,-0.089642698735255932,-0.0040625510897702062,-0.10404618985432956,0.010094669385425074,10,2.6114121828854402
5,0.94999999999999996,funded_assets,USD,2042,daily ES difference divided by same-date nativeEUR ES,True,EUR minus GBP,60,-0.044836430165189366,-0.083871279053115991,-0.0059563840742739146,-0.097109183476713545,0.0074363231463348209,10,2.6114121828854402
5,0.94999999999999996,funded_assets,USD,2042,daily ES difference divided by same-date nativeEUR ES,True,EUR minus JPY,60,-0.063924457136780535,-0.10131680416466751,-0.029179552614233294,-0.11194399406133479,-0.015904920212226288,10,2.6114121828854402
5,0.94999999999999996,funded_assets,USD,2042,daily ES difference divided by same-date nativeEUR ES,True,EUR minus CHF,60,-0.029166837009682887,-0.055226127619486309,-0.0021755398556797699,-0.064478448951655123,0.0061447749322893486,10,2.6114121828854402
5,0.94999999999999996,funded_assets,USD,2042,daily ES difference divided by same-date nativeEUR ES,True,USD minus GBP,60,0.0021393300692629231,-0.073779940128863922,0.072809973484232987,-0.095639324488110813,0.099917984626636661,10,2.6114121828854402
5,0.94999999999999996,funded_assets,USD,2042,daily ES difference divided by same-date nativeEUR ES,True,USD minus JPY,60,-0.016948696902328121,-0.078150966195836766,0.044855294872358176,-0.099370877543658087,0.065473483739001859,10,2.6114121828854402
5,0.94999999999999996,funded_assets,USD,2042,daily ES difference divided by same-date nativeEUR ES,True,USD minus CHF,60,0.017808923224769176,-0.042016980208250544,0.081058227142186925,-0.063529308555170305,0.099147155004708665,10,2.6114121828854402
5,0.94999999999999996,funded_assets,USD,2042,daily ES difference divided by same-date nativeEUR ES,True,GBP minus JPY,60,-0.0190880269715911,-0.085028991050242267,0.043313001265994321,-0.10455244390715013,0.066376389963967941,10,2.6114121828854402
5,0.94999999999999996,funded_assets,USD,2042,daily ES difference divided by same-date nativeEUR ES,True,GBP minus CHF,60,0.015669593155506298,-0.029708437638963619,0.059866629949738639,-0.043383733060370883,0.074722919371383478,10,2.6114121828854402
5,0.94999999999999996,funded_assets,USD,2042,daily ES difference divided by same-date nativeEUR ES,True,JPY minus CHF,60,0.03475762012709744,-0.0069789058163276622,0.079577629747984935,-0.021932838462289342,0.091448078716484221,10,2.6114121828854402
5,0.94999999999999996,funded_assets,USD,2042,daily ES difference divided by same-date nativeEUR ES,True,EUR minus USD,120,-0.046975760234452241,-0.10326018556078141,0.0079052819030782824,-0.11970993709119118,0.025758416622286701,10,2.5645980092122391
5,0.94999999999999996,funded_assets,USD,2042,daily ES difference divided by same-date nativeEUR ES,True,EUR minus GBP,120,-0.044836430165189366,-0.09725972259668382,0.005707268670125029,-0.11165743406019729,0.021984573729818553,10,2.5645980092122391
5,0.94999999999999996,funded_assets,USD,2042,daily ES difference divided by same-date nativeEUR ES,True,EUR minus JPY,120,-0.063924457136780535,-0.10912559863382403,-0.019703973396294698,-0.12266490619670077,-0.0051840080768602997,10,2.5645980092122391
5,0.94999999999999996,funded_assets,USD,2042,daily ES difference divided by same-date nativeEUR ES,True,EUR minus CHF,120,-0.029166837009682887,-0.063395067097215888,0.0046172677514782854,-0.073502868460410514,0.015169194441044746,10,2.5645980092122391
5,0.94999999999999996,funded_assets,USD,2042,daily ES difference divided by same-date nativeEUR ES,True,USD minus GBP,120,0.0021393300692629231,-0.095361509036059069,0.096625244875722036,-0.12457054379554328,0.12884920393406912,10,2.5645980092122391
5,0.94999999999999996,funded_assets,USD,2042,daily ES difference divided by same-date nativeEUR ES,True,USD minus JPY,120,-0.016948696902328121,-0.092098529123341252,0.061762238482775414,-0.11727235450382892,0.083374960699172662,10,2.5645980092122391
5,0.94999999999999996,funded_assets,USD,2042,daily ES difference divided by same-date nativeEUR ES,True,USD minus CHF,120,0.017808923224769176,-0.059926222839900553,0.099768974239824504,-0.087206600887130767,0.12282444733666913,10,2.5645980092122391
5,0.94999999999999996,funded_assets,USD,2042,daily ES difference divided by same-date nativeEUR ES,True,GBP minus JPY,120,-0.0190880269715911,-0.10365711875567958,0.060781004337747357,-0.12625164048242329,0.08807558653924108,10,2.5645980092122391
5,0.94999999999999996,funded_assets,USD,2042,daily ES difference divided by same-date nativeEUR ES,True,GBP minus CHF,120,0.015669593155506298,-0.037625628187728237,0.069692956538364506,-0.054040112503698043,0.085379298814710639,10,2.5645980092122391
5,0.94999999999999996,funded_assets,USD,2042,daily ES difference divided by same-date nativeEUR ES,True,JPY minus CHF,120,0.03475762012709744,-0.017504632172421129,0.090826033780930002,-0.036062262197113025,0.1055775024513079,10,2.5645980092122391
5,0.94999999999999996,net_cashflows,EUR,2042,daily ES difference divided by same-date nativeEUR ES,True,EUR minus USD,20,0.007264401834618313,-0.018078763976249097,0.030686746075666432,-0.024923942541920322,0.03945274621115695,10,2.5843486588793758
5,0.94999999999999996,net_cashflows,EUR,2042,daily ES difference divided by same-date nativeEUR ES,True,EUR minus GBP,20,0.015005568262954551,-0.01564246953795824,0.045154361761851204,-0.025066827387003249,0.05507796391291235,10,2.5843486588793758
5,0.94999999999999996,net_cashflows,EUR,2042,daily ES difference divided by same-date nativeEUR ES,True,EUR minus JPY,20,0.0070964819710881222,-0.022652038214981286,0.035254165490179172,-0.031482005006628136,0.045674968948804379,10,2.5843486588793758
5,0.94999999999999996,net_cashflows,EUR,2042,daily ES difference divided by same-date nativeEUR ES,True,EUR minus CHF,20,0.0049576447907063821,-0.017359516646225006,0.027291855293289011,-0.024796870522263873,0.034712160103676636,10,2.5843486588793758
5,0.94999999999999996,net_cashflows,EUR,2042,daily ES difference divided by same-date nativeEUR ES,True,USD minus GBP,20,0.0077411664283362994,-0.029852596135352748,0.045707476876940135,-0.042197200225887688,0.057679533082560283,10,2.5843486588793758
5,0.94999999999999996,net_cashflows,EUR,2042,daily ES difference divided by same-date nativeEUR ES,True,USD minus JPY,20,-0.00016791986353011359,-0.0089497892161742604,0.0087065898457061724,-0.011720312877036659,0.011384473149976433,10,2.5843486588793758
5,0.94999999999999996,net_cashflows,EUR,2042,daily ES difference divided by same-date nativeEUR ES,True,USD minus CHF,20,-0.0023067570439119227,-0.030793511262943066,0.027685283841978867,-0.040686387432247353,0.036072873344423509,10,2.5843486588793758
5,0.94999999999999996,net_cashflows,EUR,2042,daily ES difference divided by same-date nativeEUR ES,True,GBP minus JPY,20,-0.0079090862918663515,-0.049724736380635119,0.033191325869620841,-0.063130242250396096,0.047312069666663396,10,2.5843486588793758
5,0.94999999999999996,net_cashflows,EUR,2042,daily ES difference divided by same-date nativeEUR ES,True,GBP minus CHF,20,-0.010047923472248114,-0.029497402762773167,0.0099339661224689523,-0.036056669577120157,0.015960822632623932,10,2.5843486588793758
5,0.94999999999999996,net_cashflows,EUR,2042,daily ES difference divided by same-date nativeEUR ES,True,JPY minus CHF,20,-0.0021388371803817076,-0.038735186018134693,0.035257067596634002,-0.050091183614907865,0.045813509254144451,10,2.5843486588793758
5,0.94999999999999996,net_cashflows,EUR,2042,daily ES difference divided by same-date nativeEUR ES,True,EUR minus USD,60,0.007264401834618313,-0.02872995454355105,0.040931248704306741,-0.038140032026427781,0.052668835695664412,10,2.5343884939074988
5,0.94999999999999996,net_cashflows,EUR,2042,daily ES difference divided by same-date nativeEUR ES,True,EUR minus GBP,60,0.015005568262954551,-0.033535259696045268,0.064343097930579018,-0.048255408222634209,0.078266544748543304,10,2.5343884939074988
5,0.94999999999999996,net_cashflows,EUR,2042,daily ES difference divided by same-date nativeEUR ES,True,EUR minus JPY,60,0.0070964819710881222,-0.036551316483925171,0.047953479795434212,-0.047764372308591901,0.061957336250768144,10,2.5343884939074988
5,0.94999999999999996,net_cashflows,EUR,2042,daily ES difference divided by same-date nativeEUR ES,True,EUR minus CHF,60,0.0049576447907063821,-0.032064772306532596,0.040345588825633105,-0.04223679680896808,0.052152086390380839,10,2.5343884939074988
5,0.94999999999999996,net_cashflows,EUR,2042,daily ES difference divided by same-date nativeEUR ES,True,USD minus GBP,60,0.0077411664283362994,-0.052128385893000492,0.067785419546808667,-0.069797887737411302,0.085280220594083911,10,2.5343884939074988
5,0.94999999999999996,net_cashflows,EUR,2042,daily ES difference divided by same-date nativeEUR ES,True,USD minus JPY,60,-0.00016791986353011359,-0.013013166491161056,0.012492257842911539,-0.016590921865846511,0.016255082138786282,10,2.5343884939074988
5,0.94999999999999996,net_cashflows,EUR,2042,daily ES difference divided by same-date nativeEUR ES,True,USD minus CHF,60,-0.0023067570439119227,-0.048683042669567432,0.043923498426478254,-0.061875249182104491,0.057261735094280647,10,2.5343884939074988
5,0.94999999999999996,net_cashflows,EUR,2042,daily ES difference divided by same-date nativeEUR ES,True,GBP minus JPY,60,-0.0079090862918663515,-0.075759380669543852,0.059055539561242841,-0.094828251347481782,0.079010078763749089,10,2.5343884939074988
5,0.94999999999999996,net_cashflows,EUR,2042,daily ES difference divided by same-date nativeEUR ES,True,GBP minus CHF,60,-0.010047923472248114,-0.037530831292384603,0.016216573932256145,-0.0455084276403303,0.025412580695834068,10,2.5343884939074988
5,0.94999999999999996,net_cashflows,EUR,2042,daily ES difference divided by same-date nativeEUR ES,True,JPY minus CHF,60,-0.0021388371803817076,-0.05941541821223216,0.054646845381389829,-0.075790398643921911,0.071512724283158483,10,2.5343884939074988
5,0.94999999999999996,net_cashflows,EUR,2042,daily ES difference divided by same-date nativeEUR ES,True,EUR minus USD,120,0.007264401834618313,-0.035998059117636753,0.04779513853477356,-0.04751704724483264,0.062045850914069271,10,2.5620106850291853
5,0.94999999999999996,net_cashflows,EUR,2042,daily ES difference divided by same-date nativeEUR ES,True,EUR minus GBP,120,0.015005568262954551,-0.048863164741494859,0.07922539322749593,-0.069768770469956387,0.099779906995865503,10,2.5620106850291853
5,0.94999999999999996,net_cashflows,EUR,2042,daily ES difference divided by same-date nativeEUR ES,True,EUR minus JPY,120,0.0070964819710881222,-0.048305471072755506,0.05688439206584487,-0.061854050795904815,0.076047014738081065,10,2.5620106850291853
5,0.94999999999999996,net_cashflows,EUR,2042,daily ES difference divided by same-date nativeEUR ES,True,EUR minus CHF,120,0.0049576447907063821,-0.044481494204000306,0.050150986413446529,-0.056487066242016028,0.066402355823428794,10,2.5620106850291853
5,0.94999999999999996,net_cashflows,EUR,2042,daily ES difference divided by same-date nativeEUR ES,True,USD minus GBP,120,0.0077411664283362994,-0.069404234733457887,0.085433475055147284,-0.092755646088510418,0.10823797894518303,10,2.5620106850291853
5,0.94999999999999996,net_cashflows,EUR,2042,daily ES difference divided by same-date nativeEUR ES,True,USD minus JPY,120,-0.00016791986353011359,-0.016496736167649476,0.01573049053735321,-0.021310814720848132,0.020974974993787903,10,2.5620106850291853
5,0.94999999999999996,net_cashflows,EUR,2042,daily ES difference divided by same-date nativeEUR ES,True,USD minus CHF,120,-0.0023067570439119227,-0.062800345442198938,0.059496433510682852,-0.080841542570989286,0.076228028483165441,10,2.5620106850291853
5,0.94999999999999996,net_cashflows,EUR,2042,daily ES difference divided by same-date nativeEUR ES,True,GBP minus JPY,120,-0.0079090862918663515,-0.096307664453419484,0.080040427751792473,-0.12205368329018654,0.10623551070645385,10,2.5620106850291853
5,0.94999999999999996,net_cashflows,EUR,2042,daily ES difference divided by same-date nativeEUR ES,True,GBP minus CHF,120,-0.010047923472248114,-0.042867502253851032,0.022093464852191599,-0.052904689174974602,0.03280884223047837,10,2.5620106850291853
5,0.94999999999999996,net_cashflows,EUR,2042,daily ES difference divided by same-date nativeEUR ES,True,JPY minus CHF,120,-0.0021388371803817076,-0.076220450536000101,0.073887352297751285,-0.099406807220933105,0.095129132860169677,10,2.5620106850291853
5,0.94999999999999996,net_cashflows,USD,2042,daily ES difference divided by same-date nativeEUR ES,True,EUR minus USD,20,0.00783322649285546,-0.017694803127963146,0.031436522910487166,-0.02457437989652134,0.040240832882232264,10,2.5774437645640198
5,0.94999999999999996,net_cashflows,USD,2042,daily ES difference divided by same-date nativeEUR ES,True,EUR minus GBP,20,0.016010797494126223,-0.0154006100732522,0.046742658243022379,-0.024810446114014662,0.056832041102267111,10,2.5774437645640198
5,0.94999999999999996,net_cashflows,USD,2042,daily ES difference divided by same-date nativeEUR ES,True,EUR minus JPY,20,0.0050109163703482701,-0.026523976103073395,0.034522784967501711,-0.035688951740241379,0.045710784480937919,10,2.5774437645640198
5,0.94999999999999996,net_cashflows,USD,2042,daily ES difference divided by same-date nativeEUR ES,True,EUR minus CHF,20,0.0042916161143283739,-0.018629757617253887,0.027297802104495832,-0.026218231881187284,0.034801464109844034,10,2.5774437645640198
5,0.94999999999999996,net_cashflows,USD,2042,daily ES difference divided by same-date nativeEUR ES,True,USD minus GBP,20,0.0081775710012706535,-0.030146439567203868,0.046879227330852195,-0.042537060499509526,0.058892202502050829,10,2.5774437645640198
5,0.94999999999999996,net_cashflows,USD,2042,daily ES difference divided by same-date nativeEUR ES,True,USD minus JPY,20,-0.0028223101225072532,-0.01276131193480342,0.0071182257534250261,-0.015689011033273376,0.010044390788258868,10,2.5774437645640198
5,0.94999999999999996,net_cashflows,USD,2042,daily ES difference divided by same-date nativeEUR ES,True,USD minus CHF,20,-0.0035416103785271616,-0.032650457369540087,0.026951084823491997,-0.042496440602760747,0.035413219845706424,10,2.5774437645640198
5,0.94999999999999996,net_cashflows,USD,2042,daily ES difference divided by same-date nativeEUR ES,True,GBP minus JPY,20,-0.010999881123778083,-0.054681785030423896,0.031951492661889132,-0.068341358931647625,0.046341596684091463,10,2.5774437645640198
5,0.94999999999999996,net_cashflows,USD,2042,daily ES difference divided by same-date nativeEUR ES,True,GBP minus CHF,20,-0.011719181379797862,-0.031392158293728281,0.0086095040008654453,-0.038087197694911971,0.014648834935316248,10,2.5774437645640198
5,0.94999999999999996,net_cashflows,USD,2042,daily ES difference divided by same-date nativeEUR ES,True,JPY minus CHF,20,-0.00071930025601974075,-0.038928260701472359,0.038218931281701701,-0.05076815552492453,0.049329555012885051,10,2.5774437645640198
5,0.94999999999999996,net_cashflows,USD,2042,daily ES difference divided by same-date nativeEUR ES,True,EUR minus USD,60,0.00783322649285546,-0.02884996448132425,0.041991338592142546,-0.037980823298304558,0.053647276284015485,10,2.5295514926878471
5,0.94999999999999996,net_cashflows,USD,2042,daily ES difference divided by same-date nativeEUR ES,True,EUR minus GBP,60,0.016010797494126223,-0.033746931337531434,0.06620205191720252,-0.04854814282095099,0.080569737809203429,10,2.5295514926878471
5,0.94999999999999996,net_cashflows,USD,2042,daily ES difference divided by same-date nativeEUR ES,True,EUR minus JPY,60,0.0050109163703482701,-0.042099314075460623,0.047839640966139657,-0.052916713773616592,0.062938546514313132,10,2.5295514926878471
5,0.94999999999999996,net_cashflows,USD,2042,daily ES difference divided by same-date nativeEUR ES,True,EUR minus CHF,60,0.0042916161143283739,-0.033799775862515029,0.040548064968753454,-0.044146026919073891,0.052729259147730634,10,2.5295514926878471
5,0.94999999999999996,net_cashflows,USD,2042,daily ES difference divided by same-date nativeEUR ES,True,USD minus GBP,60,0.0081775710012706535,-0.052823840202086088,0.069271858532331629,-0.070743538298037478,0.087098680300578796,10,2.5295514926878471
5,0.94999999999999996,net_cashflows,USD,2042,daily ES difference divided by same-date nativeEUR ES,True,USD minus JPY,60,-0.0028223101225072532,-0.017217215199913264,0.011018598786357203,-0.02112168654422391,0.015477066299209405,10,2.5295514926878471
5,0.94999999999999996,net_cashflows,USD,2042,daily ES difference divided by same-date nativeEUR ES,True,USD minus CHF,60,-0.0035416103785271616,-0.051088973550735654,0.043564631436749636,-0.064266175762463545,0.057182955005409215,10,2.5295514926878471
5,0.94999999999999996,net_cashflows,USD,2042,daily ES difference divided by same-date nativeEUR ES,True,GBP minus JPY,60,-0.010999881123778083,-0.0808637230634872,0.058019368912532628,-0.1011498760550797,0.079150113807523528,10,2.5295514926878471
5,0.94999999999999996,net_cashflows,USD,2042,daily ES difference divided by same-date nativeEUR ES,True,GBP minus CHF,60,-0.011719181379797862,-0.039604599452856361,0.015054896780950055,-0.047647290816894748,0.024208928057299024,10,2.5295514926878471
5,0.94999999999999996,net_cashflows,USD,2042,daily ES difference divided by same-date nativeEUR ES,True,JPY minus CHF,60,-0.00071930025601974075,-0.060500369887846267,0.058336485491480322,-0.077559531398881901,0.076120930886842422,10,2.5295514926878471
5,0.94999999999999996,net_cashflows,USD,2042,daily ES difference divided by same-date nativeEUR ES,True,EUR minus USD,120,0.00783322649285546,-0.035891313183566025,0.048945797343435828,-0.047557403125200085,0.063223856110911011,10,2.5574145674431836
5,0.94999999999999996,net_cashflows,USD,2042,daily ES difference divided by same-date nativeEUR ES,True,EUR minus GBP,120,0.016010797494126223,-0.049858215582213261,0.081616543630121094,-0.070474148621551283,0.10249574360980372,10,2.5574145674431836
5,0.94999999999999996,net_cashflows,USD,2042,daily ES difference divided by same-date nativeEUR ES,True,EUR minus JPY,120,0.0050109163703482701,-0.053785768986438331,0.057585528133895482,-0.067830760602235973,0.077852593342932513,10,2.5574145674431836
5,0.94999999999999996,net_cashflows,USD,2042,daily ES difference divided by same-date nativeEUR ES,True,EUR minus CHF,120,0.0042916161143283739,-0.04662764266946251,0.050469469481497831,-0.058812589488589855,0.067395821717246604,10,2.5574145674431836
5,0.94999999999999996,net_cashflows,USD,2042,daily ES difference divided by same-date nativeEUR ES,True,USD minus GBP,120,0.0081775710012706535,-0.07036285779924184,0.087036828533542762,-0.094224026788916629,0.11057916879145795,10,2.5574145674431836
5,0.94999999999999996,net_cashflows,USD,2042,daily ES difference divided by same-date nativeEUR ES,True,USD minus JPY,120,-0.0028223101225072532,-0.021518960279669253,0.014726752989025737,-0.026513397447317077,0.020868777202302572,10,2.5574145674431836
5,0.94999999999999996,net_cashflows,USD,2042,daily ES difference divided by same-date nativeEUR ES,True,USD minus CHF,120,-0.0035416103785271616,-0.065728610957714012,0.059573207069255119,-0.083825485917288917,0.07674226516023458,10,2.5574145674431836
5,0.94999999999999996,net_cashflows,USD,2042,daily ES difference divided by same-date nativeEUR ES,True,GBP minus JPY,120,-0.010999881123778083,-0.10270246138775944,0.080670515090891889,-0.12924355431815648,0.10724379207060031,10,2.5574145674431836
5,0.94999999999999996,net_cashflows,USD,2042,daily ES difference divided by same-date nativeEUR ES,True,GBP minus CHF,120,-0.011719181379797862,-0.044987133709484442,0.020743658971542407,-0.054962274391891303,0.031523911632295579,10,2.5574145674431836
5,0.94999999999999996,net_cashflows,USD,2042,daily ES difference divided by same-date nativeEUR ES,True,JPY minus CHF,120,-0.00071930025601974075,-0.078027056796755895,0.078537836493839649,-0.10220868724844695,0.10077008673640747,10,2.5574145674431836
5,0.98999999999999999,financed_treasury,EUR,2042,daily ES difference divided by same-date nativeEUR ES,True,EUR minus USD,20,-0.044330117541938809,-0.063912871362897833,-0.025343387288339216,-0.069516653814311477,-0.019143581269566144,10,2.6084138183231498
5,0.98999999999999999,financed_treasury,EUR,2042,daily ES difference divided by same-date nativeEUR ES,True,EUR minus GBP,20,0.030200948845895345,-0.0040682509737528403,0.063099746785622343,-0.013881370189400083,0.074283267881190773,10,2.6084138183231498
5,0.98999999999999999,financed_treasury,EUR,2042,daily ES difference divided by same-date nativeEUR ES,True,EUR minus JPY,20,-0.11320206746471691,-0.15378071385209144,-0.077793918631344272,-0.16464060833486169,-0.061763526594572127,10,2.6084138183231498
5,0.98999999999999999,financed_treasury,EUR,2042,daily ES difference divided by same-date nativeEUR ES,True,EUR minus CHF,20,-0.098725506528041754,-0.13755619396200969,-0.060292298233981662,-0.15030268129910268,-0.047148331756980827,10,2.6084138183231498
5,0.98999999999999999,financed_treasury,EUR,2042,daily ES difference divided by same-date nativeEUR ES,True,USD minus GBP,20,0.074531066387834244,0.024366776339207804,0.12258279959420638,0.0094198408729565114,0.13964229190271199,10,2.6084138183231498
5,0.98999999999999999,financed_treasury,EUR,2042,daily ES difference divided by same-date nativeEUR ES,True,USD minus JPY,20,-0.068871949922777953,-0.10394161360184223,-0.036846862678712247,-0.11385175051559943,-0.023892149329956487,10,2.6084138183231498
5,0.98999999999999999,financed_treasury,EUR,2042,daily ES difference divided by same-date nativeEUR ES,True,USD minus CHF,20,-0.054395388986102952,-0.10452426125925525,-0.0050886640879315749,-0.12053123567501328,0.011740457702807378,10,2.6084138183231498
5,0.98999999999999999,financed_treasury,EUR,2042,daily ES difference divided by same-date nativeEUR ES,True,GBP minus JPY,20,-0.14340301631061181,-0.191403821385905,-0.097664014510228062,-0.20509403788817993,-0.081711994733043691,10,2.6084138183231498
5,0.98999999999999999,financed_treasury,EUR,2042,daily ES difference divided by same-date nativeEUR ES,True,GBP minus CHF,20,-0.12892645537393685,-0.15737857254166299,-0.10151580358522252,-0.16562028626758757,-0.092232624480286143,10,2.6084138183231498
5,0.98999999999999999,financed_treasury,EUR,2042,daily ES difference divided by same-date nativeEUR ES,True,JPY minus CHF,20,0.014476560936674994,-0.02941707589297984,0.060669194841019798,-0.045502628398201975,0.074455750271551963,10,2.6084138183231498
5,0.98999999999999999,financed_treasury,EUR,2042,daily ES difference divided by same-date nativeEUR ES,True,EUR minus USD,60,-0.044330117541938809,-0.075151858606951644,-0.014170913441038893,-0.084069549361489943,-0.0045906857223876746,10,2.5494862895626569
5,0.98999999999999999,financed_treasury,EUR,2042,daily ES difference divided by same-date nativeEUR ES,True,EUR minus GBP,60,0.030200948845895345,-0.026675546186030182,0.084427579678251166,-0.042539957223237543,0.10294185491502823,10,2.5494862895626569
5,0.98999999999999999,financed_treasury,EUR,2042,daily ES difference divided by same-date nativeEUR ES,True,EUR minus JPY,60,-0.11320206746471691,-0.17434792955191181,-0.062975848283049751,-0.18647674602227909,-0.039927388907154721,10,2.5494862895626569
5,0.98999999999999999,financed_treasury,EUR,2042,daily ES difference divided by same-date nativeEUR ES,True,EUR minus CHF,60,-0.098725506528041754,-0.16700756780227413,-0.032995019623005661,-0.18457462045396225,-0.012876392602121256,10,2.5494862895626569
5,0.98999999999999999,financed_treasury,EUR,2042,daily ES difference divided by same-date nativeEUR ES,True,USD minus GBP,60,0.074531066387834244,-0.010858143131294571,0.15503455768208793,-0.032921183629377099,0.18198331640504559,10,2.5494862895626569
5,0.98999999999999999,financed_treasury,EUR,2042,daily ES difference divided by same-date nativeEUR ES,True,USD minus JPY,60,-0.068871949922777953,-0.12166617741903583,-0.019104606803212753,-0.13659786043008121,-0.0011460394154746978,10,2.5494862895626569
5,0.98999999999999999,financed_treasury,EUR,2042,daily ES difference divided by same-date nativeEUR ES,True,USD minus CHF,60,-0.054395388986102952,-0.14130155329578487,0.028837710914701234,-0.16540223420637495,0.056611456234169036,10,2.5494862895626569
5,0.98999999999999999,financed_treasury,EUR,2042,daily ES difference divided by same-date nativeEUR ES,True,GBP minus JPY,60,-0.14340301631061181,-0.21847661394773352,-0.073442048704707719,-0.23771983386714834,-0.049086198754075258,10,2.5494862895626569
5,0.98999999999999999,financed_treasury,EUR,2042,daily ES difference divided by same-date nativeEUR ES,True,GBP minus CHF,60,-0.12892645537393685,-0.17268305291799493,-0.084649835413470612,-0.18646137122315462,-0.071391539524719078,10,2.5494862895626569
5,0.98999999999999999,financed_treasury,EUR,2042,daily ES difference divided by same-date nativeEUR ES,True,JPY minus CHF,60,0.014476560936674994,-0.055795189126527207,0.086026531132175829,-0.077401359152408311,0.10635448102575831,10,2.5494862895626569
5,0.98999999999999999,financed_treasury,EUR,2042,daily ES difference divided by same-date nativeEUR ES,True,EUR minus USD,120,-0.044330117541938809,-0.085582645802609394,-0.0051892160143478788,-0.096563019512109258,0.0079027844282316406,10,2.5615814705103785
5,0.98999999999999999,financed_treasury,EUR,2042,daily ES difference divided by same-date nativeEUR ES,True,EUR minus GBP,120,0.030200948845895345,-0.048435060256960497,0.10180646458970748,-0.06819246848819624,0.12859436617998693,10,2.5615814705103785
5,0.98999999999999999,financed_treasury,EUR,2042,daily ES difference divided by same-date nativeEUR ES,True,EUR minus JPY,120,-0.11320206746471691,-0.18809780529359038,-0.048142974545599328,-0.20564993273576321,-0.020754202193670607,10,2.5615814705103785
5,0.98999999999999999,financed_treasury,EUR,2042,daily ES difference divided by same-date nativeEUR ES,True,EUR minus CHF,120,-0.098725506528041754,-0.19256702867803385,-0.013508986379015554,-0.21599844993589745,0.018547436879813931,10,2.5615814705103785
5,0.98999999999999999,financed_treasury,EUR,2042,daily ES difference divided by same-date nativeEUR ES,True,USD minus GBP,120,0.074531066387834244,-0.040073741844835344,0.18147582887230918,-0.070214518549754301,0.21927665132542279,10,2.5615814705103785
5,0.98999999999999999,financed_treasury,EUR,2042,daily ES difference divided by same-date nativeEUR ES,True,USD minus JPY,120,-0.068871949922777953,-0.13746436781456658,-0.0029241364701765422,-0.15775287987319436,0.020008980027638471,10,2.5615814705103785
5,0.98999999999999999,financed_treasury,EUR,2042,daily ES difference divided by same-date nativeEUR ES,True,USD minus CHF,120,-0.054395388986102952,-0.17534264640852171,0.056312141166635188,-0.20720249332656243,0.098411715354356541,10,2.5615814705103785
5,0.98999999999999999,financed_treasury,EUR,2042,daily ES difference divided by same-date nativeEUR ES,True,GBP minus JPY,120,-0.14340301631061181,-0.24516920244961815,-0.055799787834486164,-0.26526325794501204,-0.021542774676211601,10,2.5615814705103785
5,0.98999999999999999,financed_treasury,EUR,2042,daily ES difference divided by same-date nativeEUR ES,True,GBP minus CHF,120,-0.12892645537393685,-0.18400398094803933,-0.074173010578930929,-0.20221361749368727,-0.055639293254186428,10,2.5615814705103785
5,0.98999999999999999,financed_treasury,EUR,2042,daily ES difference divided by same-date nativeEUR ES,True,JPY minus CHF,120,0.014476560936674994,-0.077428696495298571,0.11017959948441691,-0.10761520942330116,0.13656833129665116,10,2.5615814705103785
5,0.98999999999999999,financed_treasury,USD,2042,daily ES difference divided by same-date nativeEUR ES,True,EUR minus USD,20,-0.044388946078629088,-0.064098821820347471,-0.02541379171895243,-0.069756262525442869,-0.01902162963181531,10,2.6085730178347117
5,0.98999999999999999,financed_treasury,USD,2042,daily ES difference divided by same-date nativeEUR ES,True,EUR minus GBP,20,0.032542898025211368,-0.0032947861279225272,0.066781141573320338,-0.013690729974176377,0.078776526024599114,10,2.6085730178347117
5,0.98999999999999999,financed_treasury,USD,2042,daily ES difference divided by same-date nativeEUR ES,True,EUR minus JPY,20,-0.11813167096859747,-0.16273112823489749,-0.079945539317230349,-0.17415096285810691,-0.062112379079088037,10,2.6085730178347117
5,0.98999999999999999,financed_treasury,USD,2042,daily ES difference divided by same-date nativeEUR ES,True,EUR minus CHF,20,-0.10310558124462631,-0.14369111756555858,-0.062966617760447902,-0.15707152621496895,-0.049139636274283673,10,2.6085730178347117
5,0.98999999999999999,financed_treasury,USD,2042,daily ES difference divided by same-date nativeEUR ES,True,USD minus GBP,20,0.076931844103840435,0.025060154018746526,0.12669640625486997,0.0094657574048007398,0.14439793080288013,10,2.6085730178347117
5,0.98999999999999999,financed_treasury,USD,2042,daily ES difference divided by same-date nativeEUR ES,True,USD minus JPY,20,-0.073742724889968359,-0.11191491728985126,-0.039043474457823441,-0.12276044682204768,-0.024725002957889049,10,2.6085730178347117
5,0.98999999999999999,financed_treasury,USD,2042,daily ES difference divided by same-date nativeEUR ES,True,USD minus CHF,20,-0.058716635165997171,-0.11084096733752175,-0.0075548716973094779,-0.12719250734320187,0.009759237011207518,10,2.6085730178347117
5,0.98999999999999999,financed_treasury,USD,2042,daily ES difference divided by same-date nativeEUR ES,True,GBP minus JPY,20,-0.15067456899380877,-0.20256682831438697,-0.10140720306773886,-0.21711857760576775,-0.08423056038184977,10,2.6085730178347117
5,0.98999999999999999,financed_treasury,USD,2042,daily ES difference divided by same-date nativeEUR ES,True,GBP minus CHF,20,-0.13564847926983747,-0.16545651238446912,-0.10676836059696514,-0.17425038732606266,-0.097046571213612293,10,2.6085730178347117
5,0.98999999999999999,financed_treasury,USD,2042,daily ES difference divided by same-date nativeEUR ES,True,JPY minus CHF,20,0.015026089723971361,-0.031628666360037458,0.064794944461692372,-0.049350830557251674,0.079403010005194397,10,2.6085730178347117
5,0.98999999999999999,financed_treasury,USD,2042,daily ES difference divided by same-date nativeEUR ES,True,EUR minus USD,60,-0.044388946078629088,-0.075465539353366945,-0.014093322065999607,-0.084491172754033145,-0.004286719403225038,10,2.554015561305456
5,0.98999999999999999,financed_treasury,USD,2042,daily ES difference divided by same-date nativeEUR ES,True,EUR minus GBP,60,0.032542898025211368,-0.02727179584151709,0.089533853302648125,-0.04388671590012206,0.1089725119505448,10,2.554015561305456
5,0.98999999999999999,financed_treasury,USD,2042,daily ES difference divided by same-date nativeEUR ES,True,EUR minus JPY,60,-0.11813167096859747,-0.18483302820361841,-0.063676564389400739,-0.19774423937877564,-0.03851910255841931,10,2.554015561305456
5,0.98999999999999999,financed_treasury,USD,2042,daily ES difference divided by same-date nativeEUR ES,True,EUR minus CHF,60,-0.10310558124462631,-0.17452945189077743,-0.034484099603606586,-0.19304033255137998,-0.013170829937872636,10,2.554015561305456
5,0.98999999999999999,financed_treasury,USD,2042,daily ES difference divided by same-date nativeEUR ES,True,USD minus GBP,60,0.076931844103840435,-0.01121086117956583,0.16058209511197027,-0.034576811725044565,0.18844049993272544,10,2.554015561305456
5,0.98999999999999999,financed_treasury,USD,2042,daily ES difference divided by same-date nativeEUR ES,True,USD minus JPY,60,-0.073742724889968359,-0.13196112442397834,-0.020578561164704152,-0.14692877285646772,-0.00055667692346898778,10,2.554015561305456
5,0.98999999999999999,financed_treasury,USD,2042,daily ES difference divided by same-date nativeEUR ES,True,USD minus CHF,60,-0.058716635165997171,-0.14849052197505538,0.027318015471320234,-0.17385140749505526,0.056418137163060926,10,2.554015561305456
5,0.98999999999999999,financed_treasury,USD,2042,daily ES difference divided by same-date nativeEUR ES,True,GBP minus JPY,60,-0.15067456899380877,-0.23205081973323624,-0.077089988064942133,-0.25179719578689302,-0.049551942200724494,10,2.554015561305456
5,0.98999999999999999,financed_treasury,USD,2042,daily ES difference divided by same-date nativeEUR ES,True,GBP minus CHF,60,-0.13564847926983747,-0.1816897890664706,-0.089114664415315861,-0.19622753325399561,-0.075069425285679323,10,2.554015561305456
5,0.98999999999999999,financed_treasury,USD,2042,daily ES difference divided by same-date nativeEUR ES,True,JPY minus CHF,60,0.015026089723971361,-0.059791822225476618,0.091886906899752152,-0.08320492976155372,0.11325710920949644,10,2.554015561305456
5,0.98999999999999999,financed_treasury,USD,2042,daily ES difference divided by same-date nativeEUR ES,True,EUR minus USD,120,-0.044388946078629088,-0.08595456358092643,-0.004963102620387269,-0.096738692486428524,0.0079608003291703408,10,2.5482553205362444
5,0.98999999999999999,financed_treasury,USD,2042,daily ES difference divided by same-date nativeEUR ES,True,EUR minus GBP,120,0.032542898025211368,-0.05005004370898064,0.10763890778729783,-0.070117752649152654,0.13520354869957538,10,2.5482553205362444
5,0.98999999999999999,financed_treasury,USD,2042,daily ES difference divided by same-date nativeEUR ES,True,EUR minus JPY,120,-0.11813167096859747,-0.19887244839773383,-0.047985338020389151,-0.21758635160321976,-0.018676990333975199,10,2.5482553205362444
5,0.98999999999999999,financed_treasury,USD,2042,daily ES difference divided by same-date nativeEUR ES,True,EUR minus CHF,120,-0.10310558124462631,-0.20135243068616057,-0.013750175557007279,-0.22508493242081828,0.01887376993156567,10,2.5482553205362444
5,0.98999999999999999,financed_treasury,USD,2042,daily ES difference divided by same-date nativeEUR ES,True,USD minus GBP,120,0.076931844103840435,-0.042254717407470485,0.1876031614500189,-0.072215092340683268,0.22607878054836414,10,2.5482553205362444
5,0.98999999999999999,financed_treasury,USD,2042,daily ES difference divided by same-date nativeEUR ES,True,USD minus JPY,120,-0.073742724889968359,-0.14756207388403911,-0.0031057585406426762,-0.16857059164750268,0.021085141867565965,10,2.5482553205362444
5,0.98999999999999999,financed_treasury,USD,2042,daily ES difference divided by same-date nativeEUR ES,True,USD minus CHF,120,-0.058716635165997171,-0.18343947289315554,0.055985664790353523,-0.21612259566772909,0.09868932533573474,10,2.5482553205362444
5,0.98999999999999999,financed_treasury,USD,2042,daily ES difference divided by same-date nativeEUR ES,True,GBP minus JPY,120,-0.15067456899380877,-0.25920064204634502,-0.05768416952976485,-0.27989502374184727,-0.021454114245770289,10,2.5482553205362444
5,0.98999999999999999,financed_treasury,USD,2042,daily ES difference divided by same-date nativeEUR ES,True,GBP minus CHF,120,-0.13564847926983747,-0.19337648861819057,-0.077531056901330053,-0.2121386250948816,-0.059158333444793348,10,2.5482553205362444
5,0.98999999999999999,financed_treasury,USD,2042,daily ES difference divided by same-date nativeEUR ES,True,JPY minus CHF,120,0.015026089723971361,-0.082215083221628557,0.11783621689243501,-0.11426494800557473,0.14431712745351744,10,2.5482553205362444
5,0.98999999999999999,funded_assets,EUR,2042,daily ES difference divided by same-date nativeEUR ES,True,EUR minus USD,20,-0.069897639016532412,-0.098871776725229246,-0.04173813546484216,-0.10794691562145536,-0.031848362411609467,10,2.6278778786998984
5,0.98999999999999999,funded_assets,EUR,2042,daily ES difference divided by same-date nativeEUR ES,True,EUR minus GBP,20,-0.076224458197857142,-0.10023813409864259,-0.052083658542251748,-0.1083316807730422,-0.044117235622672085,10,2.6278778786998984
5,0.98999999999999999,funded_assets,EUR,2042,daily ES difference divided by same-date nativeEUR ES,True,EUR minus JPY,20,-0.12304843939327853,-0.15263886119601811,-0.094456302064197015,-0.16234546118662019,-0.083751417599936887,10,2.6278778786998984
5,0.98999999999999999,funded_assets,EUR,2042,daily ES difference divided by same-date nativeEUR ES,True,EUR minus CHF,20,-0.08063128718934684,-0.11071823300496458,-0.051463889160936221,-0.12019779062670899,-0.041064783751984683,10,2.6278778786998984
5,0.98999999999999999,funded_assets,EUR,2042,daily ES difference divided by same-date nativeEUR ES,True,USD minus GBP,20,-0.0063268191813246229,-0.053993508369603059,0.03973313535206572,-0.068464561023276138,0.055810922660626885,10,2.6278778786998984
5,0.98999999999999999,funded_assets,EUR,2042,daily ES difference divided by same-date nativeEUR ES,True,USD minus JPY,20,-0.053150800376746021,-0.096506030302595275,-0.0098940430116063825,-0.11184584653000806,0.0055442457765160214,10,2.6278778786998984
5,0.98999999999999999,funded_assets,EUR,2042,daily ES difference divided by same-date nativeEUR ES,True,USD minus CHF,20,-0.010733648172814711,-0.059041001852902626,0.038816314490685074,-0.076841608586187202,0.055374312240557784,10,2.6278778786998984
5,0.98999999999999999,funded_assets,EUR,2042,daily ES difference divided by same-date nativeEUR ES,True,GBP minus JPY,20,-0.046823981195421409,-0.093179958440627764,-0.0024293401466089167,-0.10835841231545877,0.014710449924615954,10,2.6278778786998984
5,0.98999999999999999,funded_assets,EUR,2042,daily ES difference divided by same-date nativeEUR ES,True,GBP minus CHF,20,-0.004406828991489844,-0.04248049338232681,0.031858138262217582,-0.053321186715588012,0.044507528732608326,10,2.6278778786998984
5,0.98999999999999999,funded_assets,EUR,2042,daily ES difference divided by same-date nativeEUR ES,True,JPY minus CHF,20,0.042417152203931698,0.0041674283667760166,0.082533194731165535,-0.0099698419235358035,0.094804146331399192,10,2.6278778786998984
5,0.98999999999999999,funded_assets,EUR,2042,daily ES difference divided by same-date nativeEUR ES,True,EUR minus USD,60,-0.069897639016532412,-0.11651638713750852,-0.023504704306398342,-0.13191237163719036,-0.0078829063958744672,10,2.6164331386944348
5,0.98999999999999999,funded_assets,EUR,2042,daily ES difference divided by same-date nativeEUR ES,True,EUR minus GBP,60,-0.076224458197857142,-0.11450524021999435,-0.038375936157201453,-0.12734387159846663,-0.02510504479724765,10,2.6164331386944348
5,0.98999999999999999,funded_assets,EUR,2042,daily ES difference divided by same-date nativeEUR ES,True,EUR minus JPY,60,-0.12304843939327853,-0.16954418780912223,-0.078531944740255724,-0.18399835019467428,-0.062098528591882786,10,2.6164331386944348
5,0.98999999999999999,funded_assets,EUR,2042,daily ES difference divided by same-date nativeEUR ES,True,EUR minus CHF,60,-0.08063128718934684,-0.12947218874327016,-0.034446389597740872,-0.14400500858249268,-0.017257565796200997,10,2.6164331386944348
5,0.98999999999999999,funded_assets,EUR,2042,daily ES difference divided by same-date nativeEUR ES,True,USD minus GBP,60,-0.0063268191813246229,-0.084972694465948517,0.067883810767438824,-0.10835073264759366,0.095697094284944426,10,2.6164331386944348
5,0.98999999999999999,funded_assets,EUR,2042,daily ES difference divided by same-date nativeEUR ES,True,USD minus JPY,60,-0.053150800376746021,-0.12119639622929129,0.016200350118765063,-0.14535606362314002,0.039054462869647991,10,2.6164331386944348
5,0.98999999999999999,funded_assets,EUR,2042,daily ES difference divided by same-date nativeEUR ES,True,USD minus CHF,60,-0.010733648172814711,-0.091538300790353966,0.071998089352504582,-0.11873790444442259,0.097270608098793176,10,2.6164331386944348
5,0.98999999999999999,funded_assets,EUR,2042,daily ES difference divided by same-date nativeEUR ES,True,GBP minus JPY,60,-0.046823981195421409,-0.12075630994163879,0.025841719968019542,-0.14454904382172337,0.050901081430880561,10,2.6164331386944348
5,0.98999999999999999,funded_assets,EUR,2042,daily ES difference divided by same-date nativeEUR ES,True,GBP minus CHF,60,-0.004406828991489844,-0.062352130797717183,0.051943317076337189,-0.081444818506748756,0.072631160523769056,10,2.6164331386944348
5,0.98999999999999999,funded_assets,EUR,2042,daily ES difference divided by same-date nativeEUR ES,True,JPY minus CHF,60,0.042417152203931698,-0.015629536635551187,0.10215527928753432,-0.035965344541415804,0.12079964894927919,10,2.6164331386944348
5,0.98999999999999999,funded_assets,EUR,2042,daily ES difference divided by same-date nativeEUR ES,True,EUR minus USD,120,-0.069897639016532412,-0.13169659131339262,-0.0080617519214002103,-0.14999703371741968,0.010201755684354857,10,2.5703638979055694
5,0.98999999999999999,funded_assets,EUR,2042,daily ES difference divided by same-date nativeEUR ES,True,EUR minus GBP,120,-0.076224458197857142,-0.12644252101491735,-0.026829835330700203,-0.14169819795894772,-0.010750718436766546,10,2.5703638979055694
5,0.98999999999999999,funded_assets,EUR,2042,daily ES difference divided by same-date nativeEUR ES,True,EUR minus JPY,120,-0.12304843939327853,-0.18235412104933557,-0.063355874367856904,-0.20072190906808607,-0.045374969718471006,10,2.5703638979055694
5,0.98999999999999999,funded_assets,EUR,2042,daily ES difference divided by same-date nativeEUR ES,True,EUR minus CHF,120,-0.08063128718934684,-0.14715931770968507,-0.020631773176246902,-0.16387714003334128,0.0026145656546475993,10,2.5703638979055694
5,0.98999999999999999,funded_assets,EUR,2042,daily ES difference divided by same-date nativeEUR ES,True,USD minus GBP,120,-0.0063268191813246229,-0.11091754404365418,0.094255409725312253,-0.13968113682929423,0.12702749846664496,10,2.5703638979055694
5,0.98999999999999999,funded_assets,EUR,2042,daily ES difference divided by same-date nativeEUR ES,True,USD minus JPY,120,-0.053150800376746021,-0.13900924011023044,0.035972117781900695,-0.16845197287858402,0.062150372125091974,10,2.5703638979055694
5,0.98999999999999999,funded_assets,EUR,2042,daily ES difference divided by same-date nativeEUR ES,True,USD minus CHF,120,-0.010733648172814711,-0.12041300211885451,0.099214687764845863,-0.15414100816685367,0.13267371182122423,10,2.5703638979055694
5,0.98999999999999999,funded_assets,EUR,2042,daily ES difference divided by same-date nativeEUR ES,True,GBP minus JPY,120,-0.046823981195421409,-0.14629549239178458,0.047986428112023347,-0.17204656556599543,0.078398603175152598,10,2.5703638979055694
5,0.98999999999999999,funded_assets,EUR,2042,daily ES difference divided by same-date nativeEUR ES,True,GBP minus CHF,120,-0.004406828991489844,-0.078624941392773928,0.065962182739265449,-0.099437639221806609,0.090623981238826909,10,2.5703638979055694
5,0.98999999999999999,funded_assets,EUR,2042,daily ES difference divided by same-date nativeEUR ES,True,JPY minus CHF,120,0.042417152203931698,-0.032374703646196212,0.1211757002954814,-0.060370250314062922,0.14520455472192631,10,2.5703638979055694
5,0.98999999999999999,funded_assets,USD,2042,daily ES difference divided by same-date nativeEUR ES,True,EUR minus USD,20,-0.071381893508027774,-0.10063546874154056,-0.042745280139429978,-0.10981917131724085,-0.032944615698814697,10,2.6173398279798685
5,0.98999999999999999,funded_assets,USD,2042,daily ES difference divided by same-date nativeEUR ES,True,EUR minus GBP,20,-0.076151100841301084,-0.10162332145780552,-0.050838856214169809,-0.10999156899162152,-0.042310632690980655,10,2.6173398279798685
5,0.98999999999999999,funded_assets,USD,2042,daily ES difference divided by same-date nativeEUR ES,True,EUR minus JPY,20,-0.1304281690804788,-0.16179256513490153,-0.10021928142009555,-0.1716321969489743,-0.089224141211983299,10,2.6173398279798685
5,0.98999999999999999,funded_assets,USD,2042,daily ES difference divided by same-date nativeEUR ES,True,EUR minus CHF,20,-0.085418581339393132,-0.11695493379973376,-0.054520678092202256,-0.12690482553191929,-0.043932337146866965,10,2.6173398279798685
5,0.98999999999999999,funded_assets,USD,2042,daily ES difference divided by same-date nativeEUR ES,True,USD minus GBP,20,-0.00476920733327318,-0.054464489719015304,0.043189826110432657,-0.069254293033802816,0.059715878367256454,10,2.6173398279798685
5,0.98999999999999999,funded_assets,USD,2042,daily ES difference divided by same-date nativeEUR ES,True,USD minus JPY,20,-0.059046275572451221,-0.10453594720199265,-0.014170562858049521,-0.1200460356152169,0.0019534844703144594,10,2.6173398279798685
5,0.98999999999999999,funded_assets,USD,2042,daily ES difference divided by same-date nativeEUR ES,True,USD minus CHF,20,-0.014036687831365271,-0.064215646509140786,0.03714168165425695,-0.082347735540517955,0.054274359877787406,10,2.6173398279798685
5,0.98999999999999999,funded_assets,USD,2042,daily ES difference divided by same-date nativeEUR ES,True,GBP minus JPY,20,-0.054277068239178154,-0.10288362328623187,-0.0075340004923236809,-0.11836089431110092,0.0098067578327446156,10,2.6173398279798685
5,0.98999999999999999,funded_assets,USD,2042,daily ES difference divided by same-date nativeEUR ES,True,GBP minus CHF,20,-0.0092674804980921802,-0.048741837172795698,0.028324817475902341,-0.059780104214365422,0.041245143218181061,10,2.6173398279798685
5,0.98999999999999999,funded_assets,USD,2042,daily ES difference divided by same-date nativeEUR ES,True,JPY minus CHF,20,0.045009587741085946,0.0051171381189691395,0.086672334291148512,-0.0093439953476813914,0.099363170829853284,10,2.6173398279798685
5,0.98999999999999999,funded_assets,USD,2042,daily ES difference divided by same-date nativeEUR ES,True,EUR minus USD,60,-0.071381893508027774,-0.11838274683538573,-0.02435791697896892,-0.13440892545641372,-0.0083548615596418241,10,2.6228187259579427
5,0.98999999999999999,funded_assets,USD,2042,daily ES difference divided by same-date nativeEUR ES,True,EUR minus GBP,60,-0.076151100841301084,-0.11670106172398387,-0.036045042555150807,-0.13066060446123445,-0.021641597221367728,10,2.6228187259579427
5,0.98999999999999999,funded_assets,USD,2042,daily ES difference divided by same-date nativeEUR ES,True,EUR minus JPY,60,-0.1304281690804788,-0.17974116667776638,-0.083745546937196436,-0.19465267542737213,-0.06620366273358548,10,2.6228187259579427
5,0.98999999999999999,funded_assets,USD,2042,daily ES difference divided by same-date nativeEUR ES,True,EUR minus CHF,60,-0.085418581339393132,-0.13714202259141017,-0.036449914259854312,-0.15256347501904369,-0.018273687659742577,10,2.6228187259579427
5,0.98999999999999999,funded_assets,USD,2042,daily ES difference divided by same-date nativeEUR ES,True,USD minus GBP,60,-0.00476920733327318,-0.086786118278041238,0.072589170873722866,-0.11142602739078247,0.1018876127242361,10,2.6228187259579427
5,0.98999999999999999,funded_assets,USD,2042,daily ES difference divided by same-date nativeEUR ES,True,USD minus JPY,60,-0.059046275572451221,-0.13017942354382919,0.01295528308160789,-0.15534503035294644,0.037252479208044018,10,2.6228187259579427
5,0.98999999999999999,funded_assets,USD,2042,daily ES difference divided by same-date nativeEUR ES,True,USD minus CHF,60,-0.014036687831365271,-0.098120999403771031,0.071745945689566562,-0.12659536557777079,0.098521989915040242,10,2.6228187259579427
5,0.98999999999999999,funded_assets,USD,2042,daily ES difference divided by same-date nativeEUR ES,True,GBP minus JPY,60,-0.054277068239178154,-0.13152741495984846,0.021466514052297856,-0.15681847924940531,0.048264342771049011,10,2.6228187259579427
5,0.98999999999999999,funded_assets,USD,2042,daily ES difference divided by same-date nativeEUR ES,True,GBP minus CHF,60,-0.0092674804980921802,-0.069314176583231718,0.049762287402109279,-0.089647476883673832,0.071112515887489486,10,2.6228187259579427
5,0.98999999999999999,funded_assets,USD,2042,daily ES difference divided by same-date nativeEUR ES,True,JPY minus CHF,60,0.045009587741085946,-0.015208582782399262,0.10765685037451139,-0.037029162274996183,0.12704833775716806,10,2.6228187259579427
5,0.98999999999999999,funded_assets,USD,2042,daily ES difference divided by same-date nativeEUR ES,True,EUR minus USD,120,-0.071381893508027774,-0.13396703562148843,-0.0087180385494289598,-0.15252934858786163,0.0097655615718060806,10,2.570870670035994
5,0.98999999999999999,funded_assets,USD,2042,daily ES difference divided by same-date nativeEUR ES,True,EUR minus GBP,120,-0.076151100841301084,-0.13026323025300687,-0.023832107859094533,-0.14610410650845623,-0.0061980951741459345,10,2.570870670035994
5,0.98999999999999999,funded_assets,USD,2042,daily ES difference divided by same-date nativeEUR ES,True,EUR minus JPY,120,-0.1304281690804788,-0.19313726905100917,-0.067829123072892905,-0.21188026747601169,-0.04897607068494593,10,2.570870670035994
5,0.98999999999999999,funded_assets,USD,2042,daily ES difference divided by same-date nativeEUR ES,True,EUR minus CHF,120,-0.085418581339393132,-0.15528268693914907,-0.021798968526354351,-0.17355286928541946,0.0027157066066331864,10,2.570870670035994
5,0.98999999999999999,funded_assets,USD,2042,daily ES difference divided by same-date nativeEUR ES,True,USD minus GBP,120,-0.00476920733327318,-0.11501112829053409,0.099409121926341437,-0.14393370223656676,0.13439528757002039,10,2.570870670035994
5,0.98999999999999999,funded_assets,USD,2042,daily ES difference divided by same-date nativeEUR ES,True,USD minus JPY,120,-0.059046275572451221,-0.14864440063915901,0.03270257164039015,-0.17907325087302592,0.060980699728123477,10,2.570870670035994
5,0.98999999999999999,funded_assets,USD,2042,daily ES difference divided by same-date nativeEUR ES,True,USD minus CHF,120,-0.014036687831365271,-0.12810823317280715,0.09989591097405566,-0.16322890365853288,0.13515552799580233,10,2.570870670035994
5,0.98999999999999999,funded_assets,USD,2042,daily ES difference divided by same-date nativeEUR ES,True,GBP minus JPY,120,-0.054277068239178154,-0.15782716542111105,0.044884371071772219,-0.18545059628744312,0.076896459809086798,10,2.570870670035994
5,0.98999999999999999,funded_assets,USD,2042,daily ES difference divided by same-date nativeEUR ES,True,GBP minus CHF,120,-0.0092674804980921802,-0.086129151036576632,0.064642149742115018,-0.10836523258145192,0.089830271585267546,10,2.570870670035994
5,0.98999999999999999,funded_assets,USD,2042,daily ES difference divided by same-date nativeEUR ES,True,JPY minus CHF,120,0.045009587741085946,-0.033231355299252967,0.1275383289093153,-0.062287532704547274,0.15230670818671915,10,2.570870670035994
5,0.98999999999999999,net_cashflows,EUR,2042,daily ES difference divided by same-date nativeEUR ES,True,EUR minus USD,20,0.00057480954716331066,-0.027673041385302924,0.027171377253516451,-0.036302521913238607,0.037452141007565228,10,2.6066134395391525
5,0.98999999999999999,net_cashflows,EUR,2042,daily ES difference divided by same-date nativeEUR ES,True,EUR minus GBP,20,-0.0056183509817556527,-0.043001185706877963,0.030788790591598694,-0.054442427401291509,0.043205725437780208,10,2.6066134395391525
5,0.98999999999999999,net_cashflows,EUR,2042,daily ES difference divided by same-date nativeEUR ES,True,EUR minus JPY,20,0.0021864652565631998,-0.030543763161407854,0.032942087578132398,-0.039858282355922238,0.044231212869048638,10,2.6066134395391525
5,0.98999999999999999,net_cashflows,EUR,2042,daily ES difference divided by same-date nativeEUR ES,True,EUR minus CHF,20,-0.0053321191728512669,-0.031684457774219188,0.020705823439583038,-0.040524805511080259,0.029860567165377726,10,2.6066134395391525
5,0.98999999999999999,net_cashflows,EUR,2042,daily ES difference divided by same-date nativeEUR ES,True,USD minus GBP,20,-0.006193160528919028,-0.04544165177293049,0.033986365439158076,-0.058960934775948125,0.046574613718110065,10,2.6066134395391525
5,0.98999999999999999,net_cashflows,EUR,2042,daily ES difference divided by same-date nativeEUR ES,True,USD minus JPY,20,0.0016116557093999024,-0.0081398587505008349,0.011513055881655937,-0.011184046248382921,0.014407357667182725,10,2.6066134395391525
5,0.98999999999999999,net_cashflows,EUR,2042,daily ES difference divided by same-date nativeEUR ES,True,USD minus CHF,20,-0.0059069287200146006,-0.034220700336101285,0.023157836251698163,-0.04349696027383939,0.031683102833810185,10,2.6066134395391525
5,0.98999999999999999,net_cashflows,EUR,2042,daily ES difference divided by same-date nativeEUR ES,True,GBP minus JPY,20,0.0078048162383188811,-0.035326924034175582,0.050490674944914091,-0.049579446374587902,0.065189078851225657,10,2.6066134395391525
5,0.98999999999999999,net_cashflows,EUR,2042,daily ES difference divided by same-date nativeEUR ES,True,GBP minus CHF,20,0.00028623180890441005,-0.021004026896000696,0.022176942399409608,-0.028460420715629424,0.029032884333438244,10,2.6066134395391525
5,0.98999999999999999,net_cashflows,EUR,2042,daily ES difference divided by same-date nativeEUR ES,True,JPY minus CHF,20,-0.0075185844294145023,-0.043596768929236585,0.029044026140516644,-0.05495514817210044,0.039917979313271443,10,2.6066134395391525
5,0.98999999999999999,net_cashflows,EUR,2042,daily ES difference divided by same-date nativeEUR ES,True,EUR minus USD,60,0.00057480954716331066,-0.043048187431725518,0.041590276342106644,-0.054669243188723064,0.055818862283049685,10,2.5691506164942624
5,0.98999999999999999,net_cashflows,EUR,2042,daily ES difference divided by same-date nativeEUR ES,True,EUR minus GBP,60,-0.0056183509817556527,-0.067109694879225801,0.055902313733488099,-0.085579793645962063,0.074343091682450749,10,2.5691506164942624
5,0.98999999999999999,net_cashflows,EUR,2042,daily ES difference divided by same-date nativeEUR ES,True,EUR minus JPY,60,0.0021864652565631998,-0.047811541085443082,0.047739827163394109,-0.060259754177492034,0.064632684690618433,10,2.5691506164942624
5,0.98999999999999999,net_cashflows,EUR,2042,daily ES difference divided by same-date nativeEUR ES,True,EUR minus CHF,60,-0.0053321191728512669,-0.049478190337628278,0.037400299022266999,-0.062867312956811763,0.052203074611109235,10,2.5691506164942624
5,0.98999999999999999,net_cashflows,EUR,2042,daily ES difference divided by same-date nativeEUR ES,True,USD minus GBP,60,-0.006193160528919028,-0.069592715221123036,0.057414419738310692,-0.089353433556728576,0.07696711249889053,10,2.5691506164942624
5,0.98999999999999999,net_cashflows,EUR,2042,daily ES difference divided by same-date nativeEUR ES,True,USD minus JPY,60,0.0016116557093999024,-0.012289928457953415,0.015830335753107549,-0.017019998399985598,0.020243309818785405,10,2.5691506164942624
5,0.98999999999999999,net_cashflows,EUR,2042,daily ES difference divided by same-date nativeEUR ES,True,USD minus CHF,60,-0.0059069287200146006,-0.050240613269032321,0.039994579061657147,-0.063947070723301802,0.052133213283272604,10,2.5691506164942624
5,0.98999999999999999,net_cashflows,EUR,2042,daily ES difference divided by same-date nativeEUR ES,True,GBP minus JPY,60,0.0078048162383188811,-0.06340135143417501,0.076746061298283375,-0.083645712468842115,0.099255344945479884,10,2.5691506164942624
5,0.98999999999999999,net_cashflows,EUR,2042,daily ES difference divided by same-date nativeEUR ES,True,GBP minus CHF,60,0.00028623180890441005,-0.03047527229727208,0.031465177280143405,-0.040702387766942856,0.041274851384751669,10,2.5691506164942624
5,0.98999999999999999,net_cashflows,EUR,2042,daily ES difference divided by same-date nativeEUR ES,True,JPY minus CHF,60,-0.0075185844294145023,-0.062398848735329235,0.048993521886521396,-0.080104498789124554,0.065067329930295556,10,2.5691506164942624
5,0.98999999999999999,net_cashflows,EUR,2042,daily ES difference divided by same-date nativeEUR ES,True,EUR minus USD,120,0.00057480954716331066,-0.05582100692608645,0.051841536976179992,-0.069966491403422176,0.071116110497748797,10,2.5760856442742712
5,0.98999999999999999,net_cashflows,EUR,2042,daily ES difference divided by same-date nativeEUR ES,True,EUR minus GBP,120,-0.0056183509817556527,-0.08958063039460254,0.075120191303775521,-0.11443857635940433,0.10320187439589301,10,2.5760856442742712
5,0.98999999999999999,net_cashflows,EUR,2042,daily ES difference divided by same-date nativeEUR ES,True,EUR minus JPY,120,0.0021864652565631998,-0.062308455408957117,0.060572645989318996,-0.079178300292889955,0.083551230806016355,10,2.5760856442742712
5,0.98999999999999999,net_cashflows,EUR,2042,daily ES difference divided by same-date nativeEUR ES,True,EUR minus CHF,120,-0.0053321191728512669,-0.065670420916108765,0.05034477833443142,-0.082108497850929191,0.071444259505226648,10,2.5760856442742712
5,0.98999999999999999,net_cashflows,EUR,2042,daily ES difference divided by same-date nativeEUR ES,True,USD minus GBP,120,-0.006193160528919028,-0.087857285109526451,0.07495075277159341,-0.11258129226130188,0.10019497120346384,10,2.5760856442742712
5,0.98999999999999999,net_cashflows,EUR,2042,daily ES difference divided by same-date nativeEUR ES,True,USD minus JPY,120,0.0016116557093999024,-0.015631733589572396,0.019946035592749708,-0.021716007573583565,0.024939318992383372,10,2.5760856442742712
5,0.98999999999999999,net_cashflows,EUR,2042,daily ES difference divided by same-date nativeEUR ES,True,USD minus CHF,120,-0.0059069287200146006,-0.061837223129258947,0.053458949954034891,-0.080994546303566894,0.069180688863537704,10,2.5760856442742712
5,0.98999999999999999,net_cashflows,EUR,2042,daily ES difference divided by same-date nativeEUR ES,True,GBP minus JPY,120,0.0078048162383188811,-0.083205620070660541,0.099762634584279031,-0.11074198241556414,0.1263516148922019,10,2.5760856442742712
5,0.98999999999999999,net_cashflows,EUR,2042,daily ES difference divided by same-date nativeEUR ES,True,GBP minus CHF,120,0.00028623180890441005,-0.0370816838416217,0.03900147099470886,-0.049441810277430463,0.050014273895239277,10,2.5760856442742712
5,0.98999999999999999,net_cashflows,EUR,2042,daily ES difference divided by same-date nativeEUR ES,True,JPY minus CHF,120,-0.0075185844294145023,-0.07741471061915145,0.067398759606833628,-0.10156684907323084,0.086529680214401841,10,2.5760856442742712
5,0.98999999999999999,net_cashflows,USD,2042,daily ES difference divided by same-date nativeEUR ES,True,EUR minus USD,20,0.0021900926363626204,-0.02662824531443958,0.029105912833073934,-0.034951582761533935,0.039331768034259175,10,2.590876613464542
5,0.98999999999999999,net_cashflows,USD,2042,daily ES difference divided by same-date nativeEUR ES,True,EUR minus GBP,20,-0.001512481631639085,-0.040089481428462651,0.035909335759737301,-0.051487089411004328,0.048462126147726159,10,2.590876613464542
5,0.98999999999999999,net_cashflows,USD,2042,daily ES difference divided by same-date nativeEUR ES,True,EUR minus JPY,20,-0.00015301974477912054,-0.035905588243236225,0.033350769271597989,-0.045870148105760004,0.045564108616201769,10,2.590876613464542
5,0.98999999999999999,net_cashflows,USD,2042,daily ES difference divided by same-date nativeEUR ES,True,EUR minus CHF,20,-0.0087197866305756527,-0.036408186632606129,0.018582298733872439,-0.045446518242656463,0.028006944981505154,10,2.590876613464542
5,0.98999999999999999,net_cashflows,USD,2042,daily ES difference divided by same-date nativeEUR ES,True,USD minus GBP,20,-0.0037025742680018327,-0.044623764823081689,0.038209738496166122,-0.057974205468974957,0.050569056932971285,10,2.590876613464542
5,0.98999999999999999,net_cashflows,USD,2042,daily ES difference divided by same-date nativeEUR ES,True,USD minus JPY,20,-0.002343112381141761,-0.013732011879470677,0.0088069179423144617,-0.017074500289818106,0.012388275527534586,10,2.590876613464542
5,0.98999999999999999,net_cashflows,USD,2042,daily ES difference divided by same-date nativeEUR ES,True,USD minus CHF,20,-0.010909879266938262,-0.040248619005005155,0.019442000608981599,-0.050076237292996116,0.028256478759119595,10,2.590876613464542
5,0.98999999999999999,net_cashflows,USD,2042,daily ES difference divided by same-date nativeEUR ES,True,GBP minus JPY,20,0.0013594618868600376,-0.044817380322404461,0.04761219416281768,-0.05978398535461743,0.062502909128337503,10,2.590876613464542
5,0.98999999999999999,net_cashflows,USD,2042,daily ES difference divided by same-date nativeEUR ES,True,GBP minus CHF,20,-0.0072073049989364269,-0.028512138020009337,0.014999087926400879,-0.036072044907231954,0.021657434909359102,10,2.590876613464542
5,0.98999999999999999,net_cashflows,USD,2042,daily ES difference divided by same-date nativeEUR ES,True,JPY minus CHF,20,-0.0085667668857965489,-0.04745141739943174,0.030957396271905104,-0.060015850017554766,0.042882316245961664,10,2.590876613464542
5,0.98999999999999999,net_cashflows,USD,2042,daily ES difference divided by same-date nativeEUR ES,True,EUR minus USD,60,0.0021900926363626204,-0.042049239489318983,0.043186390084741157,-0.053466375108554634,0.057846560381279874,10,2.5605753905875406
5,0.98999999999999999,net_cashflows,USD,2042,daily ES difference divided by same-date nativeEUR ES,True,EUR minus GBP,60,-0.001512481631639085,-0.064825132172695338,0.061882435114493255,-0.0835678476562529,0.080542884392974731,10,2.5605753905875406
5,0.98999999999999999,net_cashflows,USD,2042,daily ES difference divided by same-date nativeEUR ES,True,EUR minus JPY,60,-0.00015301974477912054,-0.055221605977258975,0.049181153863244217,-0.067962127919455925,0.06765608842989769,10,2.5605753905875406
5,0.98999999999999999,net_cashflows,USD,2042,daily ES difference divided by same-date nativeEUR ES,True,EUR minus CHF,60,-0.0087197866305756527,-0.054979689204046903,0.036100444196966626,-0.068989985692600189,0.051550412431448887,10,2.5605753905875406
5,0.98999999999999999,net_cashflows,USD,2042,daily ES difference divided by same-date nativeEUR ES,True,USD minus GBP,60,-0.0037025742680018327,-0.069425925394715746,0.062558158105148767,-0.089678542281947479,0.082273393745943821,10,2.5605753905875406
5,0.98999999999999999,net_cashflows,USD,2042,daily ES difference divided by same-date nativeEUR ES,True,USD minus JPY,60,-0.002343112381141761,-0.019034804019999151,0.013673047053286426,-0.023731465703020246,0.019045240940736723,10,2.5605753905875406
5,0.98999999999999999,net_cashflows,USD,2042,daily ES difference divided by same-date nativeEUR ES,True,USD minus CHF,60,-0.010909879266938262,-0.057848599899102793,0.037749109451678919,-0.07213172556145446,0.050311967027577939,10,2.5605753905875406
5,0.98999999999999999,net_cashflows,USD,2042,daily ES difference divided by same-date nativeEUR ES,True,GBP minus JPY,60,0.0013594618868600376,-0.07492247277935192,0.075527848922917376,-0.096070273520916447,0.098789197294636519,10,2.5605753905875406
5,0.98999999999999999,net_cashflows,USD,2042,daily ES difference divided by same-date nativeEUR ES,True,GBP minus CHF,60,-0.0072073049989364269,-0.037860162274186752,0.024023931426157628,-0.048073840977213733,0.033659230979340884,10,2.5605753905875406
5,0.98999999999999999,net_cashflows,USD,2042,daily ES difference divided by same-date nativeEUR ES,True,JPY minus CHF,60,-0.0085667668857965489,-0.068565803503996381,0.052876716722560856,-0.087617813057949578,0.070484279286356477,10,2.5605753905875406
5,0.98999999999999999,net_cashflows,USD,2042,daily ES difference divided by same-date nativeEUR ES,True,EUR minus USD,120,0.0021900926363626204,-0.054645171985542633,0.053688466988242915,-0.068726338879385826,0.073106524152111066,10,2.5697506466471558
5,0.98999999999999999,net_cashflows,USD,2042,daily ES difference divided by same-date nativeEUR ES,True,EUR minus GBP,120,-0.001512481631639085,-0.088537803612474444,0.080916601242169026,-0.11311142447381398,0.11008646121053581,10,2.5697506466471558
5,0.98999999999999999,net_cashflows,USD,2042,daily ES difference divided by same-date nativeEUR ES,True,EUR minus JPY,120,-0.00015301974477912054,-0.071289581902318905,0.062472068279131938,-0.088139884263186238,0.087833844773628003,10,2.5697506466471558
5,0.98999999999999999,net_cashflows,USD,2042,daily ES difference divided by same-date nativeEUR ES,True,EUR minus CHF,120,-0.0087197866305756527,-0.072096582937630369,0.049811373564368731,-0.089353987018129993,0.071914413756978685,10,2.5697506466471558
5,0.98999999999999999,net_cashflows,USD,2042,daily ES difference divided by same-date nativeEUR ES,True,USD minus GBP,120,-0.0037025742680018327,-0.088238309217630304,0.080380918377250338,-0.11402695403493393,0.10662180549893027,10,2.5697506466471558
5,0.98999999999999999,net_cashflows,USD,2042,daily ES difference divided by same-date nativeEUR ES,True,USD minus JPY,120,-0.002343112381141761,-0.023666416771543675,0.017886546436352711,-0.029567282450135117,0.024881057687851593,10,2.5697506466471558
5,0.98999999999999999,net_cashflows,USD,2042,daily ES difference divided by same-date nativeEUR ES,True,USD minus CHF,120,-0.010909879266938262,-0.070988786843846033,0.051885647084681359,-0.09071535266595844,0.068895594132081919,10,2.5697506466471558
5,0.98999999999999999,net_cashflows,USD,2042,daily ES difference divided by same-date nativeEUR ES,True,GBP minus JPY,120,0.0013594618868600376,-0.095995335392851919,0.09951391853546257,-0.12488876747203373,0.1276076912457538,10,2.5697506466471558
5,0.98999999999999999,net_cashflows,USD,2042,daily ES difference divided by same-date nativeEUR ES,True,GBP minus CHF,120,-0.0072073049989364269,-0.043624800611432986,0.031399704715322087,-0.056301692232157176,0.041887082234284327,10,2.5697506466471558
5,0.98999999999999999,net_cashflows,USD,2042,daily ES difference divided by same-date nativeEUR ES,True,JPY minus CHF,120,-0.0085667668857965489,-0.085519778062351448,0.074156526036031914,-0.11135198519610187,0.09421845142450877,10,2.5697506466471558
20,0.94999999999999996,financed_treasury,EUR,2027,daily ES difference divided by same-date nativeEUR ES,True,EUR minus USD,20,-0.060234059105130994,-0.076746505615340355,-0.043934810022587784,-0.081833613817853729,-0.038634504392408259,10,2.5958775425911571
20,0.94999999999999996,financed_treasury,EUR,2027,daily ES difference divided by same-date nativeEUR ES,True,EUR minus GBP,20,0.026560661708753087,0.0013218832915039968,0.051360652246940322,-0.0064153219930346388,0.059536645410540809,10,2.5958775425911571
20,0.94999999999999996,financed_treasury,EUR,2027,daily ES difference divided by same-date nativeEUR ES,True,EUR minus JPY,20,-0.12713284529924765,-0.16595865650276251,-0.094255550273884645,-0.17486751478858528,-0.079398175809910015,10,2.5958775425911571
20,0.94999999999999996,financed_treasury,EUR,2027,daily ES difference divided by same-date nativeEUR ES,True,EUR minus CHF,20,-0.025070355720005412,-0.045674100203955896,-0.0044676304599968377,-0.052694124535312428,0.0025534130953016043,10,2.5958775425911571
20,0.94999999999999996,financed_treasury,EUR,2027,daily ES difference divided by same-date nativeEUR ES,True,USD minus GBP,20,0.086794720813884049,0.048375977692005787,0.12400278834317975,0.036046682633664506,0.13754275899410359,10,2.5958775425911571
20,0.94999999999999996,financed_treasury,EUR,2027,daily ES difference divided by same-date nativeEUR ES,True,USD minus JPY,20,-0.066898786194116822,-0.096574122009696228,-0.040612773561293967,-0.10430849515073362,-0.029489077237500029,10,2.5958775425911571
20,0.94999999999999996,financed_treasury,EUR,2027,daily ES difference divided by same-date nativeEUR ES,True,USD minus CHF,20,0.035163703385125686,0.0070834215492627528,0.063337985664310426,-0.0021649265005383028,0.072492333270789674,10,2.5958775425911571
20,0.94999999999999996,financed_treasury,EUR,2027,daily ES difference divided by same-date nativeEUR ES,True,GBP minus JPY,20,-0.153693507008001,-0.19911227923487157,-0.11086270434353016,-0.21152439488869765,-0.095862619127304344,10,2.5958775425911571
20,0.94999999999999996,financed_treasury,EUR,2027,daily ES difference divided by same-date nativeEUR ES,True,GBP minus CHF,20,-0.051631017428758398,-0.072187916677185507,-0.031702099354894091,-0.078380693568333992,-0.0248813412891828,10,2.5958775425911571
20,0.94999999999999996,financed_treasury,EUR,2027,daily ES difference divided by same-date nativeEUR ES,True,JPY minus CHF,20,0.10206248957924235,0.069784293585976834,0.13738246872298607,0.056818617268450271,0.14730636189003443,10,2.5958775425911571
20,0.94999999999999996,financed_treasury,EUR,2027,daily ES difference divided by same-date nativeEUR ES,True,EUR minus USD,60,-0.060234059105130994,-0.086925167024830524,-0.034210750744373637,-0.09432603018205471,-0.026142088028207271,10,2.5277642706609669
20,0.94999999999999996,financed_treasury,EUR,2027,daily ES difference divided by same-date nativeEUR ES,True,EUR minus GBP,60,0.026560661708753087,-0.015498365025974622,0.066824713675553024,-0.027425834399680462,0.080547157817186632,10,2.5277642706609669
20,0.94999999999999996,financed_treasury,EUR,2027,daily ES difference divided by same-date nativeEUR ES,True,EUR minus JPY,60,-0.12713284529924765,-0.18566712711897898,-0.079772230892343768,-0.1958787387486243,-0.058386951849870999,10,2.5277642706609669
20,0.94999999999999996,financed_treasury,EUR,2027,daily ES difference divided by same-date nativeEUR ES,True,EUR minus CHF,60,-0.025070355720005412,-0.056705266272394139,0.0060553618818827955,-0.06616505775490647,0.016024346314895653,10,2.5277642706609669
20,0.94999999999999996,financed_treasury,EUR,2027,daily ES difference divided by same-date nativeEUR ES,True,USD minus GBP,60,0.086794720813884049,0.021895747991563956,0.14961389791855367,0.003416103866365594,0.1701733377614025,10,2.5277642706609669
20,0.94999999999999996,financed_treasury,EUR,2027,daily ES difference divided by same-date nativeEUR ES,True,USD minus JPY,60,-0.066898786194116822,-0.11196956751021768,-0.027989056598481041,-0.12146477883224935,-0.012332793555984295,10,2.5277642706609669
20,0.94999999999999996,financed_treasury,EUR,2027,daily ES difference divided by same-date nativeEUR ES,True,USD minus CHF,60,0.035163703385125686,-0.011090275462571599,0.079807270354547585,-0.024452108027855822,0.094779514798107201,10,2.5277642706609669
20,0.94999999999999996,financed_treasury,EUR,2027,daily ES difference divided by same-date nativeEUR ES,True,GBP minus JPY,60,-0.153693507008001,-0.22691815187396955,-0.087769458404267572,-0.24286426519256354,-0.064522748823438447,10,2.5277642706609669
20,0.94999999999999996,financed_treasury,EUR,2027,daily ES difference divided by same-date nativeEUR ES,True,GBP minus CHF,60,-0.051631017428758398,-0.081080846486434696,-0.021372220741307166,-0.090191756373728116,-0.01307027848378868,10,2.5277642706609669
20,0.94999999999999996,financed_treasury,EUR,2027,daily ES difference divided by same-date nativeEUR ES,True,JPY minus CHF,60,0.10206248957924235,0.053913754681558353,0.15584090521728017,0.036009336946859746,0.16811564221162495,10,2.5277642706609669
20,0.94999999999999996,financed_treasury,EUR,2027,daily ES difference divided by same-date nativeEUR ES,True,EUR minus USD,120,-0.060234059105130994,-0.096246205227480411,-0.025890770636379172,-0.10572440927426506,-0.014743708935996927,10,2.542721940678887
20,0.94999999999999996,financed_treasury,EUR,2027,daily ES difference divided by same-date nativeEUR ES,True,EUR minus GBP,120,0.026560661708753087,-0.027940547429897371,0.082618641729738235,-0.044901455230067458,0.098022778647573625,10,2.542721940678887
20,0.94999999999999996,financed_treasury,EUR,2027,daily ES difference divided by same-date nativeEUR ES,True,EUR minus JPY,120,-0.12713284529924765,-0.20264286159116199,-0.069294836681946789,-0.2140811322276352,-0.040184558370860116,10,2.542721940678887
20,0.94999999999999996,financed_treasury,EUR,2027,daily ES difference divided by same-date nativeEUR ES,True,EUR minus CHF,120,-0.025070355720005412,-0.065405475303104033,0.014338602889645891,-0.077556702036991221,0.027415990596980404,10,2.542721940678887
20,0.94999999999999996,financed_treasury,EUR,2027,daily ES difference divided by same-date nativeEUR ES,True,USD minus GBP,120,0.086794720813884049,0.00161643254097626,0.17374833739956158,-0.024641335729966601,0.1982307773577347,10,2.542721940678887
20,0.94999999999999996,financed_treasury,EUR,2027,daily ES difference divided by same-date nativeEUR ES,True,USD minus JPY,120,-0.066898786194116822,-0.12366681412526598,-0.019397391787624799,-0.13432457316099577,0.00052700077276213175,10,2.542721940678887
20,0.94999999999999996,financed_treasury,EUR,2027,daily ES difference divided by same-date nativeEUR ES,True,USD minus CHF,120,0.035163703385125686,-0.026035102106488319,0.098020375876502669,-0.044293011931325885,0.11462041870157726,10,2.542721940678887
20,0.94999999999999996,financed_treasury,EUR,2027,daily ES difference divided by same-date nativeEUR ES,True,GBP minus JPY,120,-0.153693507008001,-0.24959958998619697,-0.066506854013026986,-0.27210611700536907,-0.035280897010632917,10,2.542721940678887
20,0.94999999999999996,financed_treasury,EUR,2027,daily ES difference divided by same-date nativeEUR ES,True,GBP minus CHF,120,-0.051631017428758398,-0.087336518194723906,-0.014090055429649504,-0.09938860480760342,-0.0038734300499133692,10,2.542721940678887
20,0.94999999999999996,financed_treasury,EUR,2027,daily ES difference divided by same-date nativeEUR ES,True,JPY minus CHF,120,0.10206248957924235,0.039438101150760393,0.17414628940587953,0.015711422651891516,0.18841355650659319,10,2.542721940678887
20,0.94999999999999996,financed_treasury,USD,2027,daily ES difference divided by same-date nativeEUR ES,True,EUR minus USD,20,-0.06048661442012649,-0.07717550221079586,-0.044049659996700172,-0.082259466979033788,-0.038713761861219192,10,2.5926278660643147
20,0.94999999999999996,financed_treasury,USD,2027,daily ES difference divided by same-date nativeEUR ES,True,EUR minus GBP,20,0.025741987930174393,-0.00058368919467922454,0.051767890927082991,-0.0087318968991754141,0.060215872759524197,10,2.5926278660643147
20,0.94999999999999996,financed_treasury,USD,2027,daily ES difference divided by same-date nativeEUR ES,True,EUR minus JPY,20,-0.13505589354051811,-0.17800439656846148,-0.098842686585973685,-0.18776739142104215,-0.08234439565999406,10,2.5926278660643147
20,0.94999999999999996,financed_treasury,USD,2027,daily ES difference divided by same-date nativeEUR ES,True,EUR minus CHF,20,-0.026815172129219234,-0.048264945042114385,-0.0051504496735059069,-0.055772382234308082,0.0021420379758696172,10,2.5926278660643147
20,0.94999999999999996,financed_treasury,USD,2027,daily ES difference divided by same-date nativeEUR ES,True,USD minus GBP,20,0.086228602350300748,0.046675361979215527,0.12448938361217059,0.033886308228463231,0.13857089647213827,10,2.5926278660643147
20,0.94999999999999996,financed_treasury,USD,2027,daily ES difference divided by same-date nativeEUR ES,True,USD minus JPY,20,-0.074569279120391685,-0.10834468424562954,-0.045183468384893281,-0.11625557876105858,-0.032882979479724794,10,2.5926278660643147
20,0.94999999999999996,financed_treasury,USD,2027,daily ES difference divided by same-date nativeEUR ES,True,USD minus CHF,20,0.033671442290907197,0.004679759494299305,0.062918124030070757,-0.0047430601035805056,0.072085944685394893,10,2.5926278660643147
20,0.94999999999999996,financed_treasury,USD,2027,daily ES difference divided by same-date nativeEUR ES,True,GBP minus JPY,20,-0.16079788147069235,-0.21087686075198411,-0.11458130831532337,-0.22391343329375046,-0.097682329647634236,10,2.5926278660643147
20,0.94999999999999996,financed_treasury,USD,2027,daily ES difference divided by same-date nativeEUR ES,True,GBP minus CHF,20,-0.052557160059393593,-0.074149706148963407,-0.031546074656086956,-0.080725398767631226,-0.024388921351155956,10,2.5926278660643147
20,0.94999999999999996,financed_treasury,USD,2027,daily ES difference divided by same-date nativeEUR ES,True,JPY minus CHF,20,0.10824072141129891,0.072899614943523233,0.14712370633994523,0.058407434726066805,0.15807400809653102,10,2.5926278660643147
20,0.94999999999999996,financed_treasury,USD,2027,daily ES difference divided by same-date nativeEUR ES,True,EUR minus USD,60,-0.06048661442012649,-0.087439811410295068,-0.034340659560246518,-0.094844109395410603,-0.026129119444842371,10,2.5254024032313631
20,0.94999999999999996,financed_treasury,USD,2027,daily ES difference divided by same-date nativeEUR ES,True,EUR minus GBP,60,0.025741987930174393,-0.018420527501820307,0.067873371607749949,-0.030688325609005706,0.082172301469354489,10,2.5254024032313631
20,0.94999999999999996,financed_treasury,USD,2027,daily ES difference divided by same-date nativeEUR ES,True,EUR minus JPY,60,-0.13505589354051811,-0.19973467302604048,-0.083215587562899762,-0.21088739525226763,-0.059224391828768597,10,2.5254024032313631
20,0.94999999999999996,financed_treasury,USD,2027,daily ES difference divided by same-date nativeEUR ES,True,EUR minus CHF,60,-0.026815172129219234,-0.059933245651969398,0.0058740527292165728,-0.069763344099133276,0.016132999840694804,10,2.5254024032313631
20,0.94999999999999996,financed_treasury,USD,2027,daily ES difference divided by same-date nativeEUR ES,True,USD minus GBP,60,0.086228602350300748,0.019260509815099549,0.15112840077099482,0.00026757851894555762,0.17218962618165595,10,2.5254024032313631
20,0.94999999999999996,financed_treasury,USD,2027,daily ES difference divided by same-date nativeEUR ES,True,USD minus JPY,60,-0.074569279120391685,-0.12493518067822847,-0.031837357986885008,-0.13501636005793616,-0.014122198182847219,10,2.5254024032313631
20,0.94999999999999996,financed_treasury,USD,2027,daily ES difference divided by same-date nativeEUR ES,True,USD minus CHF,60,0.033671442290907197,-0.013636179527113107,0.079598693361747894,-0.027562526839651401,0.094905411421465802,10,2.5254024032313631
20,0.94999999999999996,financed_treasury,USD,2027,daily ES difference divided by same-date nativeEUR ES,True,GBP minus JPY,60,-0.16079788147069235,-0.24066500978953392,-0.089529159319577944,-0.25766372000431093,-0.063932042937073774,10,2.5254024032313631
20,0.94999999999999996,financed_treasury,USD,2027,daily ES difference divided by same-date nativeEUR ES,True,GBP minus CHF,60,-0.052557160059393593,-0.083211176410523474,-0.020685477878679647,-0.092965524906655397,-0.012148795212131788,10,2.5254024032313631
20,0.94999999999999996,financed_treasury,USD,2027,daily ES difference divided by same-date nativeEUR ES,True,JPY minus CHF,60,0.10824072141129891,0.055905867452578063,0.167974701298478,0.03550670513822142,0.18097473768437639,10,2.5254024032313631
20,0.94999999999999996,financed_treasury,USD,2027,daily ES difference divided by same-date nativeEUR ES,True,EUR minus USD,120,-0.06048661442012649,-0.096841484597256652,-0.025987245876658949,-0.10623179518864079,-0.014741433651612193,10,2.535263241595112
20,0.94999999999999996,financed_treasury,USD,2027,daily ES difference divided by same-date nativeEUR ES,True,EUR minus GBP,120,0.025741987930174393,-0.030990957265812115,0.084258773214949276,-0.048762637836092082,0.10024661369644086,10,2.535263241595112
20,0.94999999999999996,financed_treasury,USD,2027,daily ES difference divided by same-date nativeEUR ES,True,EUR minus JPY,120,-0.13505589354051811,-0.21861382145040012,-0.071866314017935751,-0.23070339840543502,-0.039408388675601189,10,2.535263241595112
20,0.94999999999999996,financed_treasury,USD,2027,daily ES difference divided by same-date nativeEUR ES,True,EUR minus CHF,120,-0.026815172129219234,-0.068650460467636717,0.014560768180011721,-0.081523794377235961,0.027893450118797496,10,2.535263241595112
20,0.94999999999999996,financed_treasury,USD,2027,daily ES difference divided by same-date nativeEUR ES,True,USD minus GBP,120,0.086228602350300748,-0.0015731364836581814,0.17571085692882915,-0.028353366184619894,0.20081057088522139,10,2.535263241595112
20,0.94999999999999996,financed_treasury,USD,2027,daily ES difference divided by same-date nativeEUR ES,True,USD minus JPY,120,-0.074569279120391685,-0.13875452687713741,-0.023396603761978274,-0.14906689530658229,-7.1662934201063844e-05,10,2.535263241595112
20,0.94999999999999996,financed_treasury,USD,2027,daily ES difference divided by same-date nativeEUR ES,True,USD minus CHF,120,0.033671442290907197,-0.029138269963874683,0.098149280932833705,-0.047724805511235036,0.11506769009304943,10,2.535263241595112
20,0.94999999999999996,financed_treasury,USD,2027,daily ES difference divided by same-date nativeEUR ES,True,GBP minus JPY,120,-0.16079788147069235,-0.26511449578094065,-0.066732570424178295,-0.28887114623887955,-0.032724616702505149,10,2.535263241595112
20,0.94999999999999996,financed_treasury,USD,2027,daily ES difference divided by same-date nativeEUR ES,True,GBP minus CHF,120,-0.052557160059393593,-0.089677817132509607,-0.012958515721893455,-0.1024387491139595,-0.0026755710048276884,10,2.535263241595112
20,0.94999999999999996,financed_treasury,USD,2027,daily ES difference divided by same-date nativeEUR ES,True,JPY minus CHF,120,0.10824072141129891,0.039813864445040092,0.18811288052228572,0.013428657246074907,0.2030527855765229,10,2.535263241595112
20,0.94999999999999996,funded_assets,EUR,2027,daily ES difference divided by same-date nativeEUR ES,True,EUR minus USD,20,-0.054836235180351425,-0.079671670935928723,-0.030852938371468831,-0.087202123512722288,-0.022470346847980563,10,2.6067369563068716
20,0.94999999999999996,funded_assets,EUR,2027,daily ES difference divided by same-date nativeEUR ES,True,EUR minus GBP,20,-0.029522723288117947,-0.051638432684510904,-0.0070964560542258808,-0.059473784534318022,0.00042833795808212491,10,2.6067369563068716
20,0.94999999999999996,funded_assets,EUR,2027,daily ES difference divided by same-date nativeEUR ES,True,EUR minus JPY,20,-0.054768276789011208,-0.078800220114710592,-0.032060957735635866,-0.086046037717541574,-0.023490515860480836,10,2.6067369563068716
20,0.94999999999999996,funded_assets,EUR,2027,daily ES difference divided by same-date nativeEUR ES,True,EUR minus CHF,20,-0.018312025478412583,-0.036401217327793833,-0.0008890162388918172,-0.04206237454796885,0.0054383235911436845,10,2.6067369563068716
20,0.94999999999999996,funded_assets,EUR,2027,daily ES difference divided by same-date nativeEUR ES,True,USD minus GBP,20,0.025313511892233433,-0.014293519815941579,0.064592172524358976,-0.027312079136125992,0.077939102920592862,10,2.6067369563068716
20,0.94999999999999996,funded_assets,EUR,2027,daily ES difference divided by same-date nativeEUR ES,True,USD minus JPY,20,6.7958391340256088e-05,-0.035017033803979962,0.036794620529538316,-0.047353736667307703,0.04748965344998822,10,2.6067369563068716
20,0.94999999999999996,funded_assets,EUR,2027,daily ES difference divided by same-date nativeEUR ES,True,USD minus CHF,20,0.036524209701938794,0.00028403254723693901,0.073296010235220435,-0.011755524033762128,0.084803943437639723,10,2.6067369563068716
20,0.94999999999999996,funded_assets,EUR,2027,daily ES difference divided by same-date nativeEUR ES,True,GBP minus JPY,20,-0.02524555350089314,-0.065750418149450235,0.014070914169476516,-0.078411873396118575,0.027920766394332292,10,2.6067369563068716
20,0.94999999999999996,funded_assets,EUR,2027,daily ES difference divided by same-date nativeEUR ES,True,GBP minus CHF,20,0.011210697809705334,-0.018109560315279081,0.0398821803106819,-0.027522692268066438,0.049944087887477111,10,2.6067369563068716
20,0.94999999999999996,funded_assets,EUR,2027,daily ES difference divided by same-date nativeEUR ES,True,JPY minus CHF,20,0.036456251310598597,0.0046907858989695067,0.068757572400316075,-0.0062123903520809043,0.079124892973278099,10,2.6067369563068716
20,0.94999999999999996,funded_assets,EUR,2027,daily ES difference divided by same-date nativeEUR ES,True,EUR minus USD,60,-0.054836235180351425,-0.095249099247459112,-0.01687078785858916,-0.10765503783229724,-0.0020174325284056105,10,2.6577447013432463
20,0.94999999999999996,funded_assets,EUR,2027,daily ES difference divided by same-date nativeEUR ES,True,EUR minus GBP,60,-0.029522723288117947,-0.064620893342046598,0.0051102299941478777,-0.077663149007357671,0.018617702431121777,10,2.6577447013432463
20,0.94999999999999996,funded_assets,EUR,2027,daily ES difference divided by same-date nativeEUR ES,True,EUR minus JPY,60,-0.054768276789011208,-0.093047352154049398,-0.020814420694352683,-0.1032008031618125,-0.0063357504162099149,10,2.6577447013432463
20,0.94999999999999996,funded_assets,EUR,2027,daily ES difference divided by same-date nativeEUR ES,True,EUR minus CHF,60,-0.018312025478412583,-0.04244944902064126,0.006062668858909946,-0.050956629038655055,0.014332578081829889,10,2.6577447013432463
20,0.94999999999999996,funded_assets,EUR,2027,daily ES difference divided by same-date nativeEUR ES,True,USD minus GBP,60,0.025313511892233433,-0.038756519054291554,0.087878178025675976,-0.062523834095834549,0.11315085788030142,10,2.6577447013432463
20,0.94999999999999996,funded_assets,EUR,2027,daily ES difference divided by same-date nativeEUR ES,True,USD minus JPY,60,6.7958391340256088e-05,-0.054271295319661537,0.055219434616214223,-0.07369269079909628,0.073828607581776798,10,2.6577447013432463
20,0.94999999999999996,funded_assets,EUR,2027,daily ES difference divided by same-date nativeEUR ES,True,USD minus CHF,60,0.036524209701938794,-0.016183962672692839,0.093754532262293896,-0.038121856660470042,0.11117027606434762,10,2.6577447013432463
20,0.94999999999999996,funded_assets,EUR,2027,daily ES difference divided by same-date nativeEUR ES,True,GBP minus JPY,60,-0.02524555350089314,-0.088102161390912995,0.034263818495317303,-0.10944526695601801,0.058954159954231741,10,2.6577447013432463
20,0.94999999999999996,funded_assets,EUR,2027,daily ES difference divided by same-date nativeEUR ES,True,GBP minus CHF,60,0.011210697809705334,-0.029549701165856292,0.051847587999192805,-0.044057874560583209,0.066479270179993874,10,2.6577447013432463
20,0.94999999999999996,funded_assets,EUR,2027,daily ES difference divided by same-date nativeEUR ES,True,JPY minus CHF,60,0.036456251310598597,-0.0074097433803843879,0.085299159853483228,-0.026785702126214395,0.09969820474741159,10,2.6577447013432463
20,0.94999999999999996,funded_assets,EUR,2027,daily ES difference divided by same-date nativeEUR ES,True,EUR minus USD,120,-0.054836235180351425,-0.10649664014828433,-0.0064563881594864089,-0.12119083425790209,0.011518363897199235,10,2.6175350441569858
20,0.94999999999999996,funded_assets,EUR,2027,daily ES difference divided by same-date nativeEUR ES,True,EUR minus GBP,120,-0.029522723288117947,-0.073052755297417657,0.017071307909768439,-0.089702360897200795,0.030656914320964901,10,2.6175350441569858
20,0.94999999999999996,funded_assets,EUR,2027,daily ES difference divided by same-date nativeEUR ES,True,EUR minus JPY,120,-0.054768276789011208,-0.10182044584327803,-0.013330902487313556,-0.11402710148542512,0.004490547907402706,10,2.6175350441569858
20,0.94999999999999996,funded_assets,EUR,2027,daily ES difference divided by same-date nativeEUR ES,True,EUR minus CHF,120,-0.018312025478412583,-0.048363164265725109,0.010691216011289813,-0.058386560993396272,0.021762510036571106,10,2.6175350441569858
20,0.94999999999999996,funded_assets,EUR,2027,daily ES difference divided by same-date nativeEUR ES,True,USD minus GBP,120,0.025313511892233433,-0.057808098416421615,0.11092143035719793,-0.086828821389080518,0.13745584517354739,10,2.6175350441569858
20,0.94999999999999996,funded_assets,EUR,2027,daily ES difference divided by same-date nativeEUR ES,True,USD minus JPY,120,6.7958391340256088e-05,-0.060846560380389471,0.066740677174534496,-0.085688502053075849,0.085824418835756366,10,2.6175350441569858
20,0.94999999999999996,funded_assets,EUR,2027,daily ES difference divided by same-date nativeEUR ES,True,USD minus CHF,120,0.036524209701938794,-0.029095650328043437,0.1103938286030319,-0.058036903570995287,0.13108532297487288,10,2.6175350441569858
20,0.94999999999999996,funded_assets,EUR,2027,daily ES difference divided by same-date nativeEUR ES,True,GBP minus JPY,120,-0.02524555350089314,-0.10851960837687093,0.05014606008652471,-0.13074149379209424,0.080250386790307951,10,2.6175350441569858
20,0.94999999999999996,funded_assets,EUR,2027,daily ES difference divided by same-date nativeEUR ES,True,GBP minus CHF,120,0.011210697809705334,-0.039395470859484263,0.05766387456690749,-0.053253064855846952,0.075674460475257624,10,2.6175350441569858
20,0.94999999999999996,funded_assets,EUR,2027,daily ES difference divided by same-date nativeEUR ES,True,JPY minus CHF,120,0.036456251310598597,-0.020214400037829934,0.099246755799385675,-0.04280620254405644,0.11571870516525364,10,2.6175350441569858
20,0.94999999999999996,funded_assets,USD,2027,daily ES difference divided by same-date nativeEUR ES,True,EUR minus USD,20,-0.053297710214253828,-0.078629156484305809,-0.029138285838834359,-0.085939456163839967,-0.020655964264667682,10,2.6086226994852435
20,0.94999999999999996,funded_assets,USD,2027,daily ES difference divided by same-date nativeEUR ES,True,EUR minus GBP,20,-0.030150275722010723,-0.053347501154976253,-0.0066088751777420617,-0.061602710322618312,0.0013021588785968631,10,2.6086226994852435
20,0.94999999999999996,funded_assets,USD,2027,daily ES difference divided by same-date nativeEUR ES,True,EUR minus JPY,20,-0.060524959593389667,-0.086781742931243799,-0.036058392969051271,-0.094415253581002626,-0.026634665605776708,10,2.6086226994852435
20,0.94999999999999996,funded_assets,USD,2027,daily ES difference divided by same-date nativeEUR ES,True,EUR minus CHF,20,-0.018540877501699568,-0.037750143326256723,-4.9531655527225584e-05,-0.043636078633086176,0.0065543236296870359,10,2.6086226994852435
20,0.94999999999999996,funded_assets,USD,2027,daily ES difference divided by same-date nativeEUR ES,True,USD minus GBP,20,0.023147434492243216,-0.017863342285455747,0.064029123434495738,-0.031459970442400273,0.077754839426886713,10,2.6086226994852435
20,0.94999999999999996,funded_assets,USD,2027,daily ES difference divided by same-date nativeEUR ES,True,USD minus JPY,20,-0.00722724937913589,-0.044354848761697652,0.030866574560716425,-0.05721519657441175,0.042760697816139975,10,2.6086226994852435
20,0.94999999999999996,funded_assets,USD,2027,daily ES difference divided by same-date nativeEUR ES,True,USD minus CHF,20,0.034756832712554205,-0.0025935709950909037,0.072809243284330319,-0.015171134470925982,0.084684799896034391,10,2.6086226994852435
20,0.94999999999999996,funded_assets,USD,2027,daily ES difference divided by same-date nativeEUR ES,True,GBP minus JPY,20,-0.030374683871379083,-0.073048576163525419,0.010899076179148103,-0.086533251186144411,0.025783883443386248,10,2.6086226994852435
20,0.94999999999999996,funded_assets,USD,2027,daily ES difference divided by same-date nativeEUR ES,True,GBP minus CHF,20,0.01160939822031107,-0.018916678264521508,0.041427079970196137,-0.028595950783645165,0.0518147472242673,10,2.6086226994852435
20,0.94999999999999996,funded_assets,USD,2027,daily ES difference divided by same-date nativeEUR ES,True,JPY minus CHF,20,0.041984082091690134,0.0082429940333580663,0.076253028209794502,-0.0034371226758689033,0.087405286859249171,10,2.6086226994852435
20,0.94999999999999996,funded_assets,USD,2027,daily ES difference divided by same-date nativeEUR ES,True,EUR minus USD,60,-0.053297710214253828,-0.094324470204667776,-0.01522122352822736,-0.10662428486941808,2.8864440910422728e-05,10,2.6635330613454076
20,0.94999999999999996,funded_assets,USD,2027,daily ES difference divided by same-date nativeEUR ES,True,EUR minus GBP,60,-0.030150275722010723,-0.067087161940538001,0.006418135943624584,-0.080928656501752835,0.020628105057731393,10,2.6635330613454076
20,0.94999999999999996,funded_assets,USD,2027,daily ES difference divided by same-date nativeEUR ES,True,EUR minus JPY,60,-0.060524959593389667,-0.10260707538979397,-0.023904775636135214,-0.11311447098438733,-0.0079354482023920037,10,2.6635330613454076
20,0.94999999999999996,funded_assets,USD,2027,daily ES difference divided by same-date nativeEUR ES,True,EUR minus CHF,60,-0.018540877501699568,-0.044191892223364365,0.007381822896094235,-0.053224710489088903,0.016142955485689767,10,2.6635330613454076
20,0.94999999999999996,funded_assets,USD,2027,daily ES difference divided by same-date nativeEUR ES,True,USD minus GBP,60,0.023147434492243216,-0.043461800555053755,0.088309619681521456,-0.068132670429638151,0.11442753941412458,10,2.6635330613454076
20,0.94999999999999996,funded_assets,USD,2027,daily ES difference divided by same-date nativeEUR ES,True,USD minus JPY,60,-0.00722724937913589,-0.064542860504253133,0.049611147382450364,-0.08495170474080703,0.070497205982535241,10,2.6635330613454076
20,0.94999999999999996,funded_assets,USD,2027,daily ES difference divided by same-date nativeEUR ES,True,USD minus CHF,60,0.034756832712554205,-0.019651397519024668,0.093958091109710942,-0.042530141070405071,0.11204380649551349,10,2.6635330613454076
20,0.94999999999999996,funded_assets,USD,2027,daily ES difference divided by same-date nativeEUR ES,True,GBP minus JPY,60,-0.030374683871379083,-0.097163906496009311,0.032455784819950151,-0.11952234454116471,0.058772976798406554,10,2.6635330613454076
20,0.94999999999999996,funded_assets,USD,2027,daily ES difference divided by same-date nativeEUR ES,True,GBP minus CHF,60,0.01160939822031107,-0.030478554034699002,0.053798523710142619,-0.045788884941155093,0.069007681381777236,10,2.6635330613454076
20,0.94999999999999996,funded_assets,USD,2027,daily ES difference divided by same-date nativeEUR ES,True,JPY minus CHF,60,0.041984082091690134,-0.0053866015885091108,0.094264909889725537,-0.025836417587306662,0.10980458177068693,10,2.6635330613454076
20,0.94999999999999996,funded_assets,USD,2027,daily ES difference divided by same-date nativeEUR ES,True,EUR minus USD,120,-0.053297710214253828,-0.10503366027104497,-0.0051347629885926333,-0.12004752544381392,0.013452105015306269,10,2.6183437209628702
20,0.94999999999999996,funded_assets,USD,2027,daily ES difference divided by same-date nativeEUR ES,True,EUR minus GBP,120,-0.030150275722010723,-0.076300651393313698,0.018849975095047572,-0.093668908029143003,0.033368356585121564,10,2.6183437209628702
20,0.94999999999999996,funded_assets,USD,2027,daily ES difference divided by same-date nativeEUR ES,True,EUR minus JPY,120,-0.060524959593389667,-0.11225340069149085,-0.01570704210326769,-0.12487675972547888,0.0038268405386995344,10,2.6183437209628702
20,0.94999999999999996,funded_assets,USD,2027,daily ES difference divided by same-date nativeEUR ES,True,EUR minus CHF,120,-0.018540877501699568,-0.050229383351531126,0.012263455514566986,-0.061164760395467546,0.02408300539206841,10,2.6183437209628702
20,0.94999999999999996,funded_assets,USD,2027,daily ES difference divided by same-date nativeEUR ES,True,USD minus GBP,120,0.023147434492243216,-0.062646795125769775,0.11167814315821166,-0.093091289096355626,0.13938615808084207,10,2.6183437209628702
20,0.94999999999999996,funded_assets,USD,2027,daily ES difference divided by same-date nativeEUR ES,True,USD minus JPY,120,-0.00722724937913589,-0.072907010431820948,0.060891533295765028,-0.097505043381147419,0.08305054462287563,10,2.6183437209628702
20,0.94999999999999996,funded_assets,USD,2027,daily ES difference divided by same-date nativeEUR ES,True,USD minus CHF,120,0.034756832712554205,-0.033049432448197538,0.11087842409022272,-0.062883300588195662,0.13239696601330408,10,2.6183437209628702
20,0.94999999999999996,funded_assets,USD,2027,daily ES difference divided by same-date nativeEUR ES,True,GBP minus JPY,120,-0.030374683871379083,-0.11881783410105701,0.04952554044684878,-0.14218376128787286,0.081434393545114683,10,2.6183437209628702
20,0.94999999999999996,funded_assets,USD,2027,daily ES difference divided by same-date nativeEUR ES,True,GBP minus CHF,120,0.01160939822031107,-0.040874071616228309,0.059783029158578013,-0.055237808265006377,0.078456604705628513,10,2.6183437209628702
20,0.94999999999999996,funded_assets,USD,2027,daily ES difference divided by same-date nativeEUR ES,True,JPY minus CHF,120,0.041984082091690134,-0.018643566393936311,0.10922701913424708,-0.0431597185479978,0.12712788273137807,10,2.6183437209628702
20,0.94999999999999996,net_cashflows,EUR,2027,daily ES difference divided by same-date nativeEUR ES,True,EUR minus USD,20,0.0097399933691390845,-0.018517866892250042,0.036742228456701109,-0.026291217742250995,0.045771204480529161,10,2.5674908825512595
20,0.94999999999999996,net_cashflows,EUR,2027,daily ES difference divided by same-date nativeEUR ES,True,EUR minus GBP,20,0.087753631517928185,0.060051132814794565,0.11679618382496836,0.050574167313669365,0.124933095722187,10,2.5674908825512595
20,0.94999999999999996,net_cashflows,EUR,2027,daily ES difference divided by same-date nativeEUR ES,True,EUR minus JPY,20,0.0098519291766620658,-0.023128876044023035,0.04124537411629698,-0.032164266857466595,0.051868125210790733,10,2.5674908825512595
20,0.94999999999999996,net_cashflows,EUR,2027,daily ES difference divided by same-date nativeEUR ES,True,EUR minus CHF,20,0.029110100370099503,0.010615121090313852,0.046928632926572525,0.0051585420469791032,0.053061658693219903,10,2.5674908825512595
20,0.94999999999999996,net_cashflows,EUR,2027,daily ES difference divided by same-date nativeEUR ES,True,USD minus GBP,20,0.078013638148788908,0.041972996351927055,0.11358096669899441,0.030810217135990012,0.12521705916158782,10,2.5674908825512595
20,0.94999999999999996,net_cashflows,EUR,2027,daily ES difference divided by same-date nativeEUR ES,True,USD minus JPY,20,0.00011193580752297108,-0.0075395815178665414,0.0076771073795450905,-0.0098398149841409707,0.010063686599186912,10,2.5674908825512595
20,0.94999999999999996,net_cashflows,EUR,2027,daily ES difference divided by same-date nativeEUR ES,True,USD minus CHF,20,0.019370107000960479,-0.0090987087699286023,0.048309799671454011,-0.018573375886188737,0.057313589888109695,10,2.5674908825512595
20,0.94999999999999996,net_cashflows,EUR,2027,daily ES difference divided by same-date nativeEUR ES,True,GBP minus JPY,20,-0.077901702341266046,-0.11575615461945571,-0.039455617700040455,-0.12853946869053839,-0.027263935991993685,10,2.5674908825512595
20,0.94999999999999996,net_cashflows,EUR,2027,daily ES difference divided by same-date nativeEUR ES,True,GBP minus CHF,20,-0.058643531147828561,-0.079029709974088383,-0.038793832672683486,-0.085082078247393458,-0.032204984048263663,10,2.5674908825512595
20,0.94999999999999996,net_cashflows,EUR,2027,daily ES difference divided by same-date nativeEUR ES,True,JPY minus CHF,20,0.019258171193437531,-0.015336103597124952,0.053985804107395202,-0.026358151607147631,0.064874493994022689,10,2.5674908825512595
20,0.94999999999999996,net_cashflows,EUR,2027,daily ES difference divided by same-date nativeEUR ES,True,EUR minus USD,60,0.0097399933691390845,-0.03206419411238106,0.050642309958261432,-0.04438061052754786,0.063860597265826033,10,2.5360729436909906
20,0.94999999999999996,net_cashflows,EUR,2027,daily ES difference divided by same-date nativeEUR ES,True,EUR minus GBP,60,0.087753631517928185,0.042534605189437281,0.13402112615388706,0.028304180666248471,0.14720308236960788,10,2.5360729436909906
20,0.94999999999999996,net_cashflows,EUR,2027,daily ES difference divided by same-date nativeEUR ES,True,EUR minus JPY,60,0.0098519291766620658,-0.040544009169948977,0.057273251225540688,-0.05378589518559862,0.073489753538922759,10,2.5360729436909906
20,0.94999999999999996,net_cashflows,EUR,2027,daily ES difference divided by same-date nativeEUR ES,True,EUR minus CHF,60,0.029110100370099503,0.00058095740822344517,0.057000563407026528,-0.007915906536017852,0.066136107276216854,10,2.5360729436909906
20,0.94999999999999996,net_cashflows,EUR,2027,daily ES difference divided by same-date nativeEUR ES,True,USD minus GBP,60,0.078013638148788908,0.022223111300850067,0.1363057252054245,0.0035655068182249283,0.15246176947935289,10,2.5360729436909906
20,0.94999999999999996,net_cashflows,EUR,2027,daily ES difference divided by same-date nativeEUR ES,True,USD minus JPY,60,0.00011193580752297108,-0.011095322524849835,0.011227027459892345,-0.014431891316725934,0.014655762931771876,10,2.5360729436909906
20,0.94999999999999996,net_cashflows,EUR,2027,daily ES difference divided by same-date nativeEUR ES,True,USD minus CHF,60,0.019370107000960479,-0.026278007516499356,0.065954355592064293,-0.040774551345779175,0.079514765347700134,10,2.5360729436909906
20,0.94999999999999996,net_cashflows,EUR,2027,daily ES difference divided by same-date nativeEUR ES,True,GBP minus JPY,60,-0.077901702341266046,-0.139467021485156,-0.017508158309771791,-0.15823096617130894,0.0024275614887768471,10,2.5360729436909906
20,0.94999999999999996,net_cashflows,EUR,2027,daily ES difference divided by same-date nativeEUR ES,True,GBP minus CHF,60,-0.058643531147828561,-0.089331586250535902,-0.028472297749523728,-0.098169071168294653,-0.019117991127362476,10,2.5360729436909906
20,0.94999999999999996,net_cashflows,EUR,2027,daily ES difference divided by same-date nativeEUR ES,True,JPY minus CHF,60,0.019258171193437531,-0.035517841850374599,0.074849538513463335,-0.052369179433218588,0.090885521820093657,10,2.5360729436909906
20,0.94999999999999996,net_cashflows,EUR,2027,daily ES difference divided by same-date nativeEUR ES,True,EUR minus USD,120,0.0097399933691390845,-0.043363534815094258,0.060386279964823715,-0.058264794963563821,0.077744781701841986,10,2.5607299911518582
20,0.94999999999999996,net_cashflows,EUR,2027,daily ES difference divided by same-date nativeEUR ES,True,EUR minus GBP,120,0.087753631517928185,0.030611620880362872,0.14951979900415616,0.0094790648690044194,0.16602819816685194,10,2.5607299911518582
20,0.94999999999999996,net_cashflows,EUR,2027,daily ES difference divided by same-date nativeEUR ES,True,EUR minus JPY,120,0.0098519291766620658,-0.054335436663088266,0.068832892022289427,-0.071499970709528821,0.091203829062852959,10,2.5607299911518582
20,0.94999999999999996,net_cashflows,EUR,2027,daily ES difference divided by same-date nativeEUR ES,True,EUR minus CHF,120,0.029110100370099503,-0.006873583194968661,0.065650716416102498,-0.018586652129996158,0.076806852870195161,10,2.5607299911518582
20,0.94999999999999996,net_cashflows,EUR,2027,daily ES difference divided by same-date nativeEUR ES,True,USD minus GBP,120,0.078013638148788908,0.0064192035034823609,0.15279662616820605,-0.018115255817597153,0.17414253211517497,10,2.5607299911518582
20,0.94999999999999996,net_cashflows,EUR,2027,daily ES difference divided by same-date nativeEUR ES,True,USD minus JPY,120,0.00011193580752297108,-0.014766731283350057,0.014350686452714345,-0.018678403542100926,0.018902275157146872,10,2.5607299911518582
20,0.94999999999999996,net_cashflows,EUR,2027,daily ES difference divided by same-date nativeEUR ES,True,USD minus CHF,120,0.019370107000960479,-0.04079220504448345,0.082168426102488909,-0.059840943738780336,0.098581157740701295,10,2.5607299911518582
20,0.94999999999999996,net_cashflows,EUR,2027,daily ES difference divided by same-date nativeEUR ES,True,GBP minus JPY,120,-0.077901702341266046,-0.16042558578750218,-0.00033092438521485314,-0.18244798731866951,0.026644582636137434,10,2.5607299911518582
20,0.94999999999999996,net_cashflows,EUR,2027,daily ES difference divided by same-date nativeEUR ES,True,GBP minus CHF,120,-0.058643531147828561,-0.097978165937003647,-0.020801646548840414,-0.10892336447888046,-0.0083636978167766704,10,2.5607299911518582
20,0.94999999999999996,net_cashflows,EUR,2027,daily ES difference divided by same-date nativeEUR ES,True,JPY minus CHF,120,0.019258171193437531,-0.053690294240385121,0.094292772493266508,-0.075207993829587858,0.11372433621646293,10,2.5607299911518582
20,0.94999999999999996,net_cashflows,USD,2027,daily ES difference divided by same-date nativeEUR ES,True,EUR minus USD,20,0.009203432321832121,-0.019086706793841224,0.036347966891189354,-0.026975531940647765,0.045382396584312007,10,2.5675362000205144
20,0.94999999999999996,net_cashflows,USD,2027,daily ES difference divided by same-date nativeEUR ES,True,EUR minus GBP,20,0.087005737670660985,0.058338166202898195,0.11663693170885686,0.049031241469149167,0.1249802338721728,10,2.5675362000205144
20,0.94999999999999996,net_cashflows,USD,2027,daily ES difference divided by same-date nativeEUR ES,True,EUR minus JPY,20,0.0030716177984270688,-0.032025828011116982,0.036199668682431969,-0.041571668918700115,0.047714904515554248,10,2.5675362000205144
20,0.94999999999999996,net_cashflows,USD,2027,daily ES difference divided by same-date nativeEUR ES,True,EUR minus CHF,20,0.031133116182414912,0.01223083712969248,0.049753884354429456,0.0063807486152991158,0.055885483749530708,10,2.5675362000205144
20,0.94999999999999996,net_cashflows,USD,2027,daily ES difference divided by same-date nativeEUR ES,True,USD minus GBP,20,0.077802305348829093,0.041173847395826343,0.11403619630501921,0.029753822624757717,0.12585078807290045,10,2.5675362000205144
20,0.94999999999999996,net_cashflows,USD,2027,daily ES difference divided by same-date nativeEUR ES,True,USD minus JPY,20,-0.0061318145234049324,-0.015345453489052807,0.0026417767039634771,-0.017898733972603081,0.0056351049257932157,10,2.5675362000205144
20,0.94999999999999996,net_cashflows,USD,2027,daily ES difference divided by same-date nativeEUR ES,True,USD minus CHF,20,0.021929683860582899,-0.0064368016146075799,0.05068870716175753,-0.015661610345170992,0.059520978066336785,10,2.5675362000205144
20,0.94999999999999996,net_cashflows,USD,2027,daily ES difference divided by same-date nativeEUR ES,True,GBP minus JPY,20,-0.083934119872234078,-0.12423150408124325,-0.043192427290794977,-0.13741815544479236,-0.030450084299675786,10,2.5675362000205144
20,0.94999999999999996,net_cashflows,USD,2027,daily ES difference divided by same-date nativeEUR ES,True,GBP minus CHF,20,-0.05587262148824608,-0.076563124749992773,-0.035651669349775539,-0.082730589867212254,-0.029014653109279909,10,2.5675362000205144
20,0.94999999999999996,net_cashflows,USD,2027,daily ES difference divided by same-date nativeEUR ES,True,JPY minus CHF,20,0.028061498383987794,-0.0076537743100312484,0.064454052714216059,-0.019446385051228133,0.075569381819203724,10,2.5675362000205144
20,0.94999999999999996,net_cashflows,USD,2027,daily ES difference divided by same-date nativeEUR ES,True,EUR minus USD,60,0.009203432321832121,-0.032887731280844219,0.050232213086963712,-0.045071133946192797,0.063477998589857032,10,2.5330989271003599
20,0.94999999999999996,net_cashflows,USD,2027,daily ES difference divided by same-date nativeEUR ES,True,EUR minus GBP,60,0.087005737670660985,0.040237041380717355,0.13426295103147398,0.026247941544507852,0.14776353379681412,10,2.5330989271003599
20,0.94999999999999996,net_cashflows,USD,2027,daily ES difference divided by same-date nativeEUR ES,True,EUR minus JPY,60,0.0030716177984270688,-0.050466121587858272,0.052792263065713323,-0.064074496159107847,0.070217731755961993,10,2.5330989271003599
20,0.94999999999999996,net_cashflows,USD,2027,daily ES difference divided by same-date nativeEUR ES,True,EUR minus CHF,60,0.031133116182414912,0.0015914716972256948,0.059815717662827915,-0.0070456266494889133,0.069311859014318744,10,2.5330989271003599
20,0.94999999999999996,net_cashflows,USD,2027,daily ES difference divided by same-date nativeEUR ES,True,USD minus GBP,60,0.077802305348829093,0.020993770211453221,0.137315266063091,0.0019876343361491799,0.15361697636150901,10,2.5330989271003599
20,0.94999999999999996,net_cashflows,USD,2027,daily ES difference divided by same-date nativeEUR ES,True,USD minus JPY,60,-0.0061318145234049324,-0.019662946353162299,0.0065370215450727158,-0.023304802710308735,0.011041173663498868,10,2.5330989271003599
20,0.94999999999999996,net_cashflows,USD,2027,daily ES difference divided by same-date nativeEUR ES,True,USD minus CHF,60,0.021929683860582899,-0.02340868591975637,0.068202355114493449,-0.037530810294039291,0.081390178015205081,10,2.5330989271003599
20,0.94999999999999996,net_cashflows,USD,2027,daily ES difference divided by same-date nativeEUR ES,True,GBP minus JPY,60,-0.083934119872234078,-0.14893686349507804,-0.020765462843780551,-0.16826240207874771,0.00039416233427953806,10,2.5330989271003599
20,0.94999999999999996,net_cashflows,USD,2027,daily ES difference divided by same-date nativeEUR ES,True,GBP minus CHF,60,-0.05587262148824608,-0.086951450698838403,-0.025387981831052585,-0.095912723877992739,-0.01583251909849942,10,2.5330989271003599
20,0.94999999999999996,net_cashflows,USD,2027,daily ES difference divided by same-date nativeEUR ES,True,JPY minus CHF,60,0.028061498383987794,-0.028450564211445779,0.086188850357982461,-0.045867472246624186,0.10199046901459977,10,2.5330989271003599
20,0.94999999999999996,net_cashflows,USD,2027,daily ES difference divided by same-date nativeEUR ES,True,EUR minus USD,120,0.009203432321832121,-0.044344779733809618,0.059988393493761276,-0.058968978428344442,0.077375843072008677,10,2.5572278843894978
20,0.94999999999999996,net_cashflows,USD,2027,daily ES difference divided by same-date nativeEUR ES,True,EUR minus GBP,120,0.087005737670660985,0.028445152773399148,0.15004985630133738,0.0069622160816676104,0.16704925925965436,10,2.5572278843894978
20,0.94999999999999996,net_cashflows,USD,2027,daily ES difference divided by same-date nativeEUR ES,True,EUR minus JPY,120,0.0030716177984270688,-0.065690339489051758,0.065075627893159169,-0.082507293029483217,0.088650528626337363,10,2.5572278843894978
20,0.94999999999999996,net_cashflows,USD,2027,daily ES difference divided by same-date nativeEUR ES,True,EUR minus CHF,120,0.031133116182414912,-0.0059823182910022175,0.068828816555822347,-0.017910982862321914,0.080177215227151738,10,2.5572278843894978
20,0.94999999999999996,net_cashflows,USD,2027,daily ES difference divided by same-date nativeEUR ES,True,USD minus GBP,120,0.077802305348829093,0.0046004084294899421,0.15464311048424784,-0.020219200392675565,0.17582381109033374,10,2.5572278843894978
20,0.94999999999999996,net_cashflows,USD,2027,daily ES difference divided by same-date nativeEUR ES,True,USD minus JPY,120,-0.0061318145234049324,-0.024364122357475138,0.010231850461228332,-0.028357043165571603,0.016093414118761737,10,2.5572278843894978
20,0.94999999999999996,net_cashflows,USD,2027,daily ES difference divided by same-date nativeEUR ES,True,USD minus CHF,120,0.021929683860582899,-0.037356745871978334,0.083897134947565968,-0.056342567205591415,0.10020193492675722,10,2.5572278843894978
20,0.94999999999999996,net_cashflows,USD,2027,daily ES difference divided by same-date nativeEUR ES,True,GBP minus JPY,120,-0.083934119872234078,-0.17087768720931376,-0.0024748005801111831,-0.19352381189105394,0.025655572146585801,10,2.5572278843894978
20,0.94999999999999996,net_cashflows,USD,2027,daily ES difference divided by same-date nativeEUR ES,True,GBP minus CHF,120,-0.05587262148824608,-0.095658728155147088,-0.017737948181554098,-0.1066787371768918,-0.0050665057996003501,10,2.5572278843894978
20,0.94999999999999996,net_cashflows,USD,2027,daily ES difference divided by same-date nativeEUR ES,True,JPY minus CHF,120,0.028061498383987794,-0.046533293426255298,0.10584182948691077,-0.069091970370361452,0.12521496713833705,10,2.5572278843894978
20,0.98999999999999999,financed_treasury,EUR,2027,daily ES difference divided by same-date nativeEUR ES,True,EUR minus USD,20,-0.082275417110747914,-0.09972561139659912,-0.064720698262951501,-0.10569056953471917,-0.058860264686776659,10,2.6424918902389205
20,0.98999999999999999,financed_treasury,EUR,2027,daily ES difference divided by same-date nativeEUR ES,True,EUR minus GBP,20,0.065129770847268634,0.035470931682159312,0.093857188354532703,0.025913160279249808,0.10434638141528746,10,2.6424918902389205
20,0.98999999999999999,financed_treasury,EUR,2027,daily ES difference divided by same-date nativeEUR ES,True,EUR minus JPY,20,-0.12809187990925494,-0.16194665779248288,-0.098279783929775807,-0.17067445941369427,-0.085509300404815608,10,2.6424918902389205
20,0.98999999999999999,financed_treasury,EUR,2027,daily ES difference divided by same-date nativeEUR ES,True,EUR minus CHF,20,-0.047059865792126267,-0.079654352615112847,-0.01670559062323276,-0.090203910064408366,-0.0039158215198441745,10,2.6424918902389205
20,0.98999999999999999,financed_treasury,EUR,2027,daily ES difference divided by same-date nativeEUR ES,True,USD minus GBP,20,0.14740518795801683,0.10402897947095875,0.19017439332488034,0.089199857163713564,0.20561051875232009,10,2.6424918902389205
20,0.98999999999999999,financed_treasury,EUR,2027,daily ES difference divided by same-date nativeEUR ES,True,USD minus JPY,20,-0.045816462798507138,-0.073475604434368402,-0.019848465902977199,-0.081962891431490492,-0.0096700341655237831,10,2.6424918902389205
20,0.98999999999999999,financed_treasury,EUR,2027,daily ES difference divided by same-date nativeEUR ES,True,USD minus CHF,20,0.035215551318621668,-0.0056897733481198007,0.075316592779240382,-0.019494613022398972,0.089925715659642302,10,2.6424918902389205
20,0.98999999999999999,financed_treasury,EUR,2027,daily ES difference divided by same-date nativeEUR ES,True,GBP minus JPY,20,-0.19322165075652364,-0.23330231157025955,-0.15374368329616028,-0.2463805214345299,-0.14006278007851738,10,2.6424918902389205
20,0.98999999999999999,financed_treasury,EUR,2027,daily ES difference divided by same-date nativeEUR ES,True,GBP minus CHF,20,-0.11218963663939489,-0.14509125295339109,-0.081896449193124388,-0.15460594076669368,-0.069773332512096109,10,2.6424918902389205
20,0.98999999999999999,financed_treasury,EUR,2027,daily ES difference divided by same-date nativeEUR ES,True,JPY minus CHF,20,0.081032014117129,0.040754759461362047,0.12124817428651564,0.026996781909640159,0.13506724632461783,10,2.6424918902389205
20,0.98999999999999999,financed_treasury,EUR,2027,daily ES difference divided by same-date nativeEUR ES,True,EUR minus USD,60,-0.082275417110747914,-0.11107925215854257,-0.054044272905011022,-0.12086601756121301,-0.043684816660282816,10,2.622841308307716
20,0.98999999999999999,financed_treasury,EUR,2027,daily ES difference divided by same-date nativeEUR ES,True,EUR minus GBP,60,0.065129770847268634,0.015726544347291083,0.11381610494578064,-0.0010848803212634428,0.13134442201580071,10,2.622841308307716
20,0.98999999999999999,financed_treasury,EUR,2027,daily ES difference divided by same-date nativeEUR ES,True,EUR minus JPY,60,-0.12809187990925494,-0.17944422428566556,-0.084399352176624087,-0.19195140009325726,-0.064232359725252625,10,2.622841308307716
20,0.98999999999999999,financed_treasury,EUR,2027,daily ES difference divided by same-date nativeEUR ES,True,EUR minus CHF,60,-0.047059865792126267,-0.09856793086305643,0.0015157813685598457,-0.11536047626946269,0.021240744685210151,10,2.622841308307716
20,0.98999999999999999,financed_treasury,EUR,2027,daily ES difference divided by same-date nativeEUR ES,True,USD minus GBP,60,0.14740518795801683,0.073206078827696044,0.21817637659914182,0.04849983041159607,0.24631054550443759,10,2.622841308307716
20,0.98999999999999999,financed_treasury,EUR,2027,daily ES difference divided by same-date nativeEUR ES,True,USD minus JPY,60,-0.045816462798507138,-0.088727547912376498,-0.0039236695690873253,-0.10274227323452528,0.011109347637511008,10,2.622841308307716
20,0.98999999999999999,financed_treasury,EUR,2027,daily ES difference divided by same-date nativeEUR ES,True,USD minus CHF,60,0.035215551318621668,-0.034322364824554544,0.10017211149285365,-0.055821361517483098,0.12625246415472643,10,2.622841308307716
20,0.98999999999999999,financed_treasury,EUR,2027,daily ES difference divided by same-date nativeEUR ES,True,GBP minus JPY,60,-0.19322165075652364,-0.26044822759617986,-0.13233529183018156,-0.27816374800357963,-0.10827955350946766,10,2.622841308307716
20,0.98999999999999999,financed_treasury,EUR,2027,daily ES difference divided by same-date nativeEUR ES,True,GBP minus CHF,60,-0.11218963663939489,-0.16037814756552643,-0.065579100548394248,-0.17554266567013788,-0.048836607608651911,10,2.622841308307716
20,0.98999999999999999,financed_treasury,EUR,2027,daily ES difference divided by same-date nativeEUR ES,True,JPY minus CHF,60,0.081032014117129,0.019206838925129435,0.14118851127108947,-0.0022035868228551525,0.16426761505711315,10,2.622841308307716
20,0.98999999999999999,financed_treasury,EUR,2027,daily ES difference divided by same-date nativeEUR ES,True,EUR minus USD,120,-0.082275417110747914,-0.12307170848229144,-0.044932140221152765,-0.13357178207787973,-0.030979052143616098,10,2.6207421430957401
20,0.98999999999999999,financed_treasury,EUR,2027,daily ES difference divided by same-date nativeEUR ES,True,EUR minus GBP,120,0.065129770847268634,-0.00062703020930563998,0.13138065508175295,-0.022176778147486365,0.15243631984202363,10,2.6207421430957401
20,0.98999999999999999,financed_treasury,EUR,2027,daily ES difference divided by same-date nativeEUR ES,True,EUR minus JPY,120,-0.12809187990925494,-0.19554219537610518,-0.071655621451831436,-0.21042146101529535,-0.045762298803214529,10,2.6207421430957401
20,0.98999999999999999,financed_treasury,EUR,2027,daily ES difference divided by same-date nativeEUR ES,True,EUR minus CHF,120,-0.047059865792126267,-0.1167651155361849,0.018171795490912822,-0.13738576463063229,0.04326603304637975,10,2.6207421430957401
20,0.98999999999999999,financed_treasury,EUR,2027,daily ES difference divided by same-date nativeEUR ES,True,USD minus GBP,120,0.14740518795801683,0.048878496717435702,0.24561631194170755,0.015729058320656936,0.27908131759537669,10,2.6207421430957401
20,0.98999999999999999,financed_treasury,EUR,2027,daily ES difference divided by same-date nativeEUR ES,True,USD minus JPY,120,-0.045816462798507138,-0.09941819410426754,0.0082172090834140375,-0.1190206864291868,0.027387760832172522,10,2.6207421430957401
20,0.98999999999999999,financed_treasury,EUR,2027,daily ES difference divided by same-date nativeEUR ES,True,USD minus CHF,120,0.035215551318621668,-0.057079158091368529,0.12464377381129088,-0.086965260081718482,0.15739636271896182,10,2.6207421430957401
20,0.98999999999999999,financed_treasury,EUR,2027,daily ES difference divided by same-date nativeEUR ES,True,GBP minus JPY,120,-0.19322165075652364,-0.28360038324709519,-0.11290717091645001,-0.30634553538008086,-0.080097766132966416,10,2.6207421430957401
20,0.98999999999999999,financed_treasury,EUR,2027,daily ES difference divided by same-date nativeEUR ES,True,GBP minus CHF,120,-0.11218963663939489,-0.17643359769621197,-0.05447291795287458,-0.19267179927288311,-0.031707474005906677,10,2.6207421430957401
20,0.98999999999999999,financed_treasury,EUR,2027,daily ES difference divided by same-date nativeEUR ES,True,JPY minus CHF,120,0.081032014117129,-0.00069784103074176985,0.16253420526114076,-0.028107956996511876,0.19017198523076989,10,2.6207421430957401
20,0.98999999999999999,financed_treasury,USD,2027,daily ES difference divided by same-date nativeEUR ES,True,EUR minus USD,20,-0.081264096932229454,-0.098713187075949796,-0.063628754915223462,-0.10484284412123324,-0.057685349743225672,10,2.6482030218806552
20,0.98999999999999999,financed_treasury,USD,2027,daily ES difference divided by same-date nativeEUR ES,True,EUR minus GBP,20,0.065988768369867695,0.034942076792141334,0.096242111487862131,0.024793822794013785,0.1071837139457216,10,2.6482030218806552
20,0.98999999999999999,financed_treasury,USD,2027,daily ES difference divided by same-date nativeEUR ES,True,EUR minus JPY,20,-0.13679015295719579,-0.1745281436012418,-0.10353422555233704,-0.18456364884021589,-0.089016657074175692,10,2.6482030218806552
20,0.98999999999999999,financed_treasury,USD,2027,daily ES difference divided by same-date nativeEUR ES,True,EUR minus CHF,20,-0.050744414878091913,-0.086331033829249698,-0.017906412055718076,-0.097595037965176878,-0.0038937917910069411,10,2.6482030218806552
20,0.98999999999999999,financed_treasury,USD,2027,daily ES difference divided by same-date nativeEUR ES,True,USD minus GBP,20,0.14725286530209722,0.10246763949749145,0.19153173448953387,0.086894110153874715,0.20761162045031972,10,2.6482030218806552
20,0.98999999999999999,financed_treasury,USD,2027,daily ES difference divided by same-date nativeEUR ES,True,USD minus JPY,20,-0.055526056024966436,-0.086135609131301194,-0.02690851837543716,-0.095415994852531952,-0.01563611719740092,10,2.6482030218806552
20,0.98999999999999999,financed_treasury,USD,2027,daily ES difference divided by same-date nativeEUR ES,True,USD minus CHF,20,0.030519682054137753,-0.013210385804320376,0.072784603851540938,-0.027687251119240312,0.08872661522751582,10,2.6482030218806552
20,0.98999999999999999,financed_treasury,USD,2027,daily ES difference divided by same-date nativeEUR ES,True,GBP minus JPY,20,-0.20277892132706379,-0.24745956692539939,-0.15897903437136973,-0.26208222932371011,-0.14347561333041747,10,2.6482030218806552
20,0.98999999999999999,financed_treasury,USD,2027,daily ES difference divided by same-date nativeEUR ES,True,GBP minus CHF,20,-0.11673318324795957,-0.1522803333309124,-0.08432682041164101,-0.16260248403358107,-0.07086388246233806,10,2.6482030218806552
20,0.98999999999999999,financed_treasury,USD,2027,daily ES difference divided by same-date nativeEUR ES,True,JPY minus CHF,20,0.086045738079103928,0.040813318261126948,0.13162701938443505,0.024756195122184729,0.14733528103602311,10,2.6482030218806552
20,0.98999999999999999,financed_treasury,USD,2027,daily ES difference divided by same-date nativeEUR ES,True,EUR minus USD,60,-0.081264096932229454,-0.11019758406816149,-0.05291941788528462,-0.1199581985374653,-0.042569995326993612,10,2.6186519424013213
20,0.98999999999999999,financed_treasury,USD,2027,daily ES difference divided by same-date nativeEUR ES,True,EUR minus GBP,60,0.065988768369867695,0.014249630324647806,0.11702586962911431,-0.0032550731408569206,0.13523260988059232,10,2.6186519424013213
20,0.98999999999999999,financed_treasury,USD,2027,daily ES difference divided by same-date nativeEUR ES,True,EUR minus JPY,60,-0.13679015295719579,-0.19427295667960606,-0.089002501864575354,-0.20784365792899373,-0.065736647985397842,10,2.6186519424013213
20,0.98999999999999999,financed_treasury,USD,2027,daily ES difference divided by same-date nativeEUR ES,True,EUR minus CHF,60,-0.050744414878091913,-0.10634769930396525,0.0016561696938822508,-0.12423731388455778,0.022748484128373943,10,2.6186519424013213
20,0.98999999999999999,financed_treasury,USD,2027,daily ES difference divided by same-date nativeEUR ES,True,USD minus GBP,60,0.14725286530209722,0.071001373381727545,0.22057669126485518,0.045218444147706538,0.2492872864564879,10,2.6186519424013213
20,0.98999999999999999,financed_treasury,USD,2027,daily ES difference divided by same-date nativeEUR ES,True,USD minus JPY,60,-0.055526056024966436,-0.10294790701420839,-0.011423095560657966,-0.11704994860209708,0.0059978365521642096,10,2.6186519424013213
20,0.98999999999999999,financed_treasury,USD,2027,daily ES difference divided by same-date nativeEUR ES,True,USD minus CHF,60,0.030519682054137753,-0.042954707835111211,0.098916271492971941,-0.06549236105352188,0.12653172516179739,10,2.6186519424013213
20,0.98999999999999999,financed_treasury,USD,2027,daily ES difference divided by same-date nativeEUR ES,True,GBP minus JPY,60,-0.20277892132706379,-0.27740397692205465,-0.1357199360527937,-0.29656912267601454,-0.10898871997811307,10,2.6186519424013213
20,0.98999999999999999,financed_treasury,USD,2027,daily ES difference divided by same-date nativeEUR ES,True,GBP minus CHF,60,-0.11673318324795957,-0.16851828769788327,-0.06691626403538771,-0.18455692248323705,-0.048909444012682102,10,2.6186519424013213
20,0.98999999999999999,financed_treasury,USD,2027,daily ES difference divided by same-date nativeEUR ES,True,JPY minus CHF,60,0.086045738079103928,0.015862423715159956,0.15496310102835334,-0.008040996050195745,0.18013247220840362,10,2.6186519424013213
20,0.98999999999999999,financed_treasury,USD,2027,daily ES difference divided by same-date nativeEUR ES,True,EUR minus USD,120,-0.081264096932229454,-0.12220344157606912,-0.043803426109450323,-0.13271894637284717,-0.029809247491611728,10,2.6175259357029286
20,0.98999999999999999,financed_treasury,USD,2027,daily ES difference divided by same-date nativeEUR ES,True,EUR minus GBP,120,0.065988768369867695,-0.0025987124534191689,0.13475135805239088,-0.025331996632559528,0.15730953337229492,10,2.6175259357029286
20,0.98999999999999999,financed_treasury,USD,2027,daily ES difference divided by same-date nativeEUR ES,True,EUR minus JPY,120,-0.13679015295719579,-0.21237271736709085,-0.074635233660230463,-0.22820305594168838,-0.045377249972703218,10,2.6175259357029286
20,0.98999999999999999,financed_treasury,USD,2027,daily ES difference divided by same-date nativeEUR ES,True,EUR minus CHF,120,-0.050744414878091913,-0.12600132568019876,0.019398651153910165,-0.1479748769370216,0.046486047180837785,10,2.6175259357029286
20,0.98999999999999999,financed_treasury,USD,2027,daily ES difference divided by same-date nativeEUR ES,True,USD minus GBP,120,0.14725286530209722,0.04603904613621411,0.24845633617356688,0.011459085624049486,0.28304664498014498,10,2.6175259357029286
20,0.98999999999999999,financed_treasury,USD,2027,daily ES difference divided by same-date nativeEUR ES,True,USD minus JPY,120,-0.055526056024966436,-0.11392632236082323,0.0012791286734537186,-0.13413509355106501,0.023082981501132138,10,2.6175259357029286
20,0.98999999999999999,financed_treasury,USD,2027,daily ES difference divided by same-date nativeEUR ES,True,USD minus CHF,120,0.030519682054137753,-0.06726509493054772,0.12490300505040375,-0.098348058800575219,0.15938742290885072,10,2.6175259357029286
20,0.98999999999999999,financed_treasury,USD,2027,daily ES difference divided by same-date nativeEUR ES,True,GBP minus JPY,120,-0.20277892132706379,-0.3029981032526407,-0.11508634344879627,-0.3274676661775841,-0.078090176476543469,10,2.6175259357029286
20,0.98999999999999999,financed_treasury,USD,2027,daily ES difference divided by same-date nativeEUR ES,True,GBP minus CHF,120,-0.11673318324795957,-0.18649915260789413,-0.055305647302038269,-0.20283416315952771,-0.030632203336391439,10,2.6175259357029286
20,0.98999999999999999,financed_treasury,USD,2027,daily ES difference divided by same-date nativeEUR ES,True,JPY minus CHF,120,0.086045738079103928,-0.0062277057530111457,0.1788027309550331,-0.037524286043454605,0.20961576220166245,10,2.6175259357029286
20,0.98999999999999999,funded_assets,EUR,2027,daily ES difference divided by same-date nativeEUR ES,True,EUR minus USD,20,-0.054214666535804673,-0.079035376092234877,-0.029786860360934246,-0.086816231722343623,-0.02161310134926573,10,2.6252730325485198
20,0.98999999999999999,funded_assets,EUR,2027,daily ES difference divided by same-date nativeEUR ES,True,EUR minus GBP,20,-0.03459435880594134,-0.059212447621715118,-0.009456515923958804,-0.068149605469015412,-0.0010391121428672614,10,2.6252730325485198
20,0.98999999999999999,funded_assets,EUR,2027,daily ES difference divided by same-date nativeEUR ES,True,EUR minus JPY,20,-0.018225108123929093,-0.042700501049780751,0.005471757474534036,-0.050887898276202249,0.014437682028344064,10,2.6252730325485198
20,0.98999999999999999,funded_assets,EUR,2027,daily ES difference divided by same-date nativeEUR ES,True,EUR minus CHF,20,-0.050317207004251172,-0.078959289391292389,-0.023987896158218284,-0.087438471843018312,-0.013195942165484038,10,2.6252730325485198
20,0.98999999999999999,funded_assets,EUR,2027,daily ES difference divided by same-date nativeEUR ES,True,USD minus GBP,20,0.019620307729863389,-0.021026026731663185,0.059663686118338416,-0.034358856485685582,0.073599471945412359,10,2.6252730325485198
20,0.98999999999999999,funded_assets,EUR,2027,daily ES difference divided by same-date nativeEUR ES,True,USD minus JPY,20,0.03598955841187558,0.0025274500836036649,0.069756570762864942,-0.0087381799789612788,0.080717296802712446,10,2.6252730325485198
20,0.98999999999999999,funded_assets,EUR,2027,daily ES difference divided by same-date nativeEUR ES,True,USD minus CHF,20,0.0038974595315535809,-0.038754423454767532,0.047181330083557321,-0.052827564095911522,0.060622483159018678,10,2.6252730325485198
20,0.98999999999999999,funded_assets,EUR,2027,daily ES difference divided by same-date nativeEUR ES,True,GBP minus JPY,20,0.016369250682012212,-0.028138693325766174,0.059755433595035233,-0.042741025275372144,0.075479526639396569,10,2.6252730325485198
20,0.98999999999999999,funded_assets,EUR,2027,daily ES difference divided by same-date nativeEUR ES,True,GBP minus CHF,20,-0.0157228481983097,-0.056295400852238567,0.022864115532048625,-0.068933998982091085,0.037488302585471686,10,2.6252730325485198
20,0.98999999999999999,funded_assets,EUR,2027,daily ES difference divided by same-date nativeEUR ES,True,JPY minus CHF,20,-0.03209209888032228,-0.074778094963759881,0.0090275896741699412,-0.088543530194148068,0.024359332433503515,10,2.6252730325485198
20,0.98999999999999999,funded_assets,EUR,2027,daily ES difference divided by same-date nativeEUR ES,True,EUR minus USD,60,-0.054214666535804673,-0.094681933632724341,-0.016376930766237384,-0.10672600000015806,-0.0017033330714512976,10,2.6472562281807321
20,0.98999999999999999,funded_assets,EUR,2027,daily ES difference divided by same-date nativeEUR ES,True,EUR minus GBP,60,-0.03459435880594134,-0.073664478082607551,0.0040791861721547343,-0.087753031911808457,0.018564314299925777,10,2.6472562281807321
20,0.98999999999999999,funded_assets,EUR,2027,daily ES difference divided by same-date nativeEUR ES,True,EUR minus JPY,60,-0.018225108123929093,-0.057018914349460728,0.016871138542166351,-0.067756965160490401,0.031306748912632208,10,2.6472562281807321
20,0.98999999999999999,funded_assets,EUR,2027,daily ES difference divided by same-date nativeEUR ES,True,EUR minus CHF,60,-0.050317207004251172,-0.093804295464213677,-0.010274487755559093,-0.10698192037135647,0.0063475063628541245,10,2.6472562281807321
20,0.98999999999999999,funded_assets,EUR,2027,daily ES difference divided by same-date nativeEUR ES,True,USD minus GBP,60,0.019620307729863389,-0.046129279807998275,0.084649426013458706,-0.069331620828743806,0.1085722362884706,10,2.6472562281807321
20,0.98999999999999999,funded_assets,EUR,2027,daily ES difference divided by same-date nativeEUR ES,True,USD minus JPY,60,0.03598955841187558,-0.01382429524034701,0.085221361389000119,-0.030425164170060692,0.10240428099381185,10,2.6472562281807321
20,0.98999999999999999,funded_assets,EUR,2027,daily ES difference divided by same-date nativeEUR ES,True,USD minus CHF,60,0.0038974595315535809,-0.059846089483205411,0.071682130227554264,-0.084351898948790097,0.092146818011897266,10,2.6472562281807321
20,0.98999999999999999,funded_assets,EUR,2027,daily ES difference divided by same-date nativeEUR ES,True,GBP minus JPY,60,0.016369250682012212,-0.052673401629896255,0.082630871540627621,-0.076418889494183351,0.10915739085820778,10,2.6472562281807321
20,0.98999999999999999,funded_assets,EUR,2027,daily ES difference divided by same-date nativeEUR ES,True,GBP minus CHF,60,-0.0157228481983097,-0.074965016163935971,0.040502701896489149,-0.094885148905307484,0.063439452508688085,10,2.6472562281807321
20,0.98999999999999999,funded_assets,EUR,2027,daily ES difference divided by same-date nativeEUR ES,True,JPY minus CHF,60,-0.03209209888032228,-0.096309478024851333,0.030615716007685388,-0.11905623979707855,0.054872042036433984,10,2.6472562281807321
20,0.98999999999999999,funded_assets,EUR,2027,daily ES difference divided by same-date nativeEUR ES,True,EUR minus USD,120,-0.054214666535804673,-0.10550735495635176,-0.0070571969833491018,-0.12128286880644785,0.012853535734838509,10,2.633246014097284
20,0.98999999999999999,funded_assets,EUR,2027,daily ES difference divided by same-date nativeEUR ES,True,EUR minus GBP,120,-0.03459435880594134,-0.083195580998129459,0.015356825308159872,-0.10145823011929037,0.032269512507407692,10,2.633246014097284
20,0.98999999999999999,funded_assets,EUR,2027,daily ES difference divided by same-date nativeEUR ES,True,EUR minus JPY,120,-0.018225108123929093,-0.067546679075435725,0.024827423453526395,-0.079168934757686396,0.04271871850982821,10,2.633246014097284
20,0.98999999999999999,funded_assets,EUR,2027,daily ES difference divided by same-date nativeEUR ES,True,EUR minus CHF,120,-0.050317207004251172,-0.10812794041177037,-0.00027463845677145769,-0.1240032494101191,0.023368835401616758,10,2.633246014097284
20,0.98999999999999999,funded_assets,EUR,2027,daily ES difference divided by same-date nativeEUR ES,True,USD minus GBP,120,0.019620307729863389,-0.066742511546326599,0.10505208457948678,-0.095186161921063189,0.13442677738078998,10,2.633246014097284
20,0.98999999999999999,funded_assets,EUR,2027,daily ES difference divided by same-date nativeEUR ES,True,USD minus JPY,120,0.03598955841187558,-0.020375166165585323,0.092701394869155074,-0.039984860389492879,0.11196397721324404,10,2.633246014097284
20,0.98999999999999999,funded_assets,EUR,2027,daily ES difference divided by same-date nativeEUR ES,True,USD minus CHF,120,0.0038974595315535809,-0.07924517204831949,0.089610722147711402,-0.10993263058857104,0.11772754965167821,10,2.633246014097284
20,0.98999999999999999,funded_assets,EUR,2027,daily ES difference divided by same-date nativeEUR ES,True,GBP minus JPY,120,0.016369250682012212,-0.076546086601271365,0.10014920331605077,-0.10115411774875625,0.13389261911278066,10,2.633246014097284
20,0.98999999999999999,funded_assets,EUR,2027,daily ES difference divided by same-date nativeEUR ES,True,GBP minus CHF,120,-0.0157228481983097,-0.092893538365541678,0.051787678046998041,-0.11309223643838995,0.081646540041770549,10,2.633246014097284
20,0.98999999999999999,funded_assets,EUR,2027,daily ES difference divided by same-date nativeEUR ES,True,JPY minus CHF,120,-0.03209209888032228,-0.11671447850049392,0.052254363093093559,-0.14542971297604756,0.081245515215403019,10,2.633246014097284
20,0.98999999999999999,funded_assets,USD,2027,daily ES difference divided by same-date nativeEUR ES,True,EUR minus USD,20,-0.051619355337339544,-0.076391210080570163,-0.027360144537540616,-0.08414969969495284,-0.019089010979726248,10,2.642372450306727
20,0.98999999999999999,funded_assets,USD,2027,daily ES difference divided by same-date nativeEUR ES,True,EUR minus GBP,20,-0.035118283325628052,-0.061310951194840986,-0.0086310755958657302,-0.070626978751758954,0.0003904121005028488,10,2.642372450306727
20,0.98999999999999999,funded_assets,USD,2027,daily ES difference divided by same-date nativeEUR ES,True,EUR minus JPY,20,-0.02259159317389052,-0.049314986967481746,0.0030145008670701971,-0.057832165121723761,0.012648978773942721,10,2.642372450306727
20,0.98999999999999999,funded_assets,USD,2027,daily ES difference divided by same-date nativeEUR ES,True,EUR minus CHF,20,-0.053938602088503401,-0.084274332351226458,-0.025865490493747693,-0.093646109747558076,-0.014231094429448726,10,2.642372450306727
20,0.98999999999999999,funded_assets,USD,2027,daily ES difference divided by same-date nativeEUR ES,True,USD minus GBP,20,0.016501072011711408,-0.025776503088851949,0.057968005298966806,-0.039679355510303382,0.072681499533726199,10,2.642372450306727
20,0.98999999999999999,funded_assets,USD,2027,daily ES difference divided by same-date nativeEUR ES,True,USD minus JPY,20,0.029027762163448972,-0.0063272638237214397,0.064301462473685289,-0.018194643849551054,0.076250168176449001,10,2.642372450306727
20,0.98999999999999999,funded_assets,USD,2027,daily ES difference divided by same-date nativeEUR ES,True,USD minus CHF,20,-0.0023192467511638612,-0.046795779995322404,0.042145936542381426,-0.061394566489340441,0.056756072987012712,10,2.642372450306727
20,0.98999999999999999,funded_assets,USD,2027,daily ES difference divided by same-date nativeEUR ES,True,GBP minus JPY,20,0.012526690151737454,-0.034333708017431998,0.058328468490447712,-0.050110995878730517,0.075164376182205422,10,2.642372450306727
20,0.98999999999999999,funded_assets,USD,2027,daily ES difference divided by same-date nativeEUR ES,True,GBP minus CHF,20,-0.018820318762875415,-0.061257480665218147,0.02126259674165757,-0.074790271659331234,0.037149634133580398,10,2.642372450306727
20,0.98999999999999999,funded_assets,USD,2027,daily ES difference divided by same-date nativeEUR ES,True,JPY minus CHF,20,-0.031347008914613332,-0.076499178822129185,0.012288511528246011,-0.091545146474427561,0.028851128645200896,10,2.642372450306727
20,0.98999999999999999,funded_assets,USD,2027,daily ES difference divided by same-date nativeEUR ES,True,EUR minus USD,60,-0.051619355337339544,-0.091395905268398747,-0.014387706290336925,-0.10351566914106593,0.00027695846638683963,10,2.6461688967781596
20,0.98999999999999999,funded_assets,USD,2027,daily ES difference divided by same-date nativeEUR ES,True,EUR minus GBP,60,-0.035118283325628052,-0.076483981084747979,0.0053916374066081485,-0.091133428789970466,0.020896862138714369,10,2.6461688967781596
20,0.98999999999999999,funded_assets,USD,2027,daily ES difference divided by same-date nativeEUR ES,True,EUR minus JPY,60,-0.02259159317389052,-0.064591577595856778,0.014757848099319426,-0.075681419085348117,0.03049823273756707,10,2.6461688967781596
20,0.98999999999999999,funded_assets,USD,2027,daily ES difference divided by same-date nativeEUR ES,True,EUR minus CHF,60,-0.053938602088503401,-0.099984439314614038,-0.011435171080540043,-0.11381827877933148,0.0059410746023246738,10,2.6461688967781596
20,0.98999999999999999,funded_assets,USD,2027,daily ES difference divided by same-date nativeEUR ES,True,USD minus GBP,60,0.016501072011711408,-0.051019530598340107,0.083309709406950858,-0.075317779686975617,0.10831992371039842,10,2.6461688967781596
20,0.98999999999999999,funded_assets,USD,2027,daily ES difference divided by same-date nativeEUR ES,True,USD minus JPY,60,0.029027762163448972,-0.023576656053483715,0.080160289345387867,-0.040446336870971961,0.098501861197869911,10,2.6461688967781596
20,0.98999999999999999,funded_assets,USD,2027,daily ES difference divided by same-date nativeEUR ES,True,USD minus CHF,60,-0.0023192467511638612,-0.068645084806005008,0.067415923006362427,-0.093074999145988227,0.088436505643660498,10,2.6461688967781596
20,0.98999999999999999,funded_assets,USD,2027,daily ES difference divided by same-date nativeEUR ES,True,GBP minus JPY,60,0.012526690151737454,-0.060574841753283565,0.08240558863156737,-0.085261527771587853,0.11031490807506275,10,2.6461688967781596
20,0.98999999999999999,funded_assets,USD,2027,daily ES difference divided by same-date nativeEUR ES,True,GBP minus CHF,60,-0.018820318762875415,-0.080177130378857472,0.04016651198337693,-0.10107877478287994,0.063438137257129101,10,2.6461688967781596
20,0.98999999999999999,funded_assets,USD,2027,daily ES difference divided by same-date nativeEUR ES,True,JPY minus CHF,60,-0.031347008914613332,-0.099403964627281752,0.035220220414055321,-0.12341503007121896,0.060721012241992285,10,2.6461688967781596
20,0.98999999999999999,funded_assets,USD,2027,daily ES difference divided by same-date nativeEUR ES,True,EUR minus USD,120,-0.051619355337339544,-0.10241027212042586,-0.0049772716250895202,-0.11771296259457301,0.014474251919893912,10,2.6352346156351727
20,0.98999999999999999,funded_assets,USD,2027,daily ES difference divided by same-date nativeEUR ES,True,EUR minus GBP,120,-0.035118283325628052,-0.086120657586077676,0.018217875421595066,-0.10578390841485605,0.035547341763599943,10,2.6352346156351727
20,0.98999999999999999,funded_assets,USD,2027,daily ES difference divided by same-date nativeEUR ES,True,EUR minus JPY,120,-0.02259159317389052,-0.075344383172385496,0.023178867012866786,-0.087936480280536897,0.042753293932755856,10,2.6352346156351727
20,0.98999999999999999,funded_assets,USD,2027,daily ES difference divided by same-date nativeEUR ES,True,EUR minus CHF,120,-0.053938602088503401,-0.11503057972565409,-0.0012939915301798991,-0.13181677968056679,0.02393957550355999,10,2.6352346156351727
20,0.98999999999999999,funded_assets,USD,2027,daily ES difference divided by same-date nativeEUR ES,True,USD minus GBP,120,0.016501072011711408,-0.072477010536068115,0.10419121551955615,-0.10182009311443635,0.13482223713785915,10,2.6352346156351727
20,0.98999999999999999,funded_assets,USD,2027,daily ES difference divided by same-date nativeEUR ES,True,USD minus JPY,120,0.029027762163448972,-0.031193988503574896,0.086488776721398444,-0.050282285923310147,0.1083378102502081,10,2.6352346156351727
20,0.98999999999999999,funded_assets,USD,2027,daily ES difference divided by same-date nativeEUR ES,True,USD minus CHF,120,-0.0023192467511638612,-0.087768366217059787,0.085611683542511779,-0.11925331945515277,0.11461482595282504,10,2.6352346156351727
20,0.98999999999999999,funded_assets,USD,2027,daily ES difference divided by same-date nativeEUR ES,True,GBP minus JPY,120,0.012526690151737454,-0.086023173226561625,0.1022939046820555,-0.11179212836833861,0.13684550867181353,10,2.6352346156351727
20,0.98999999999999999,funded_assets,USD,2027,daily ES difference divided by same-date nativeEUR ES,True,GBP minus CHF,120,-0.018820318762875415,-0.098540040276964072,0.051418709133131048,-0.12001518422873643,0.082374546702985593,10,2.6352346156351727
20,0.98999999999999999,funded_assets,USD,2027,daily ES difference divided by same-date nativeEUR ES,True,JPY minus CHF,120,-0.031347008914613332,-0.12097880517456697,0.057674849157219911,-0.1514660760626759,0.088772058233449219,10,2.6352346156351727
20,0.98999999999999999,net_cashflows,EUR,2027,daily ES difference divided by same-date nativeEUR ES,True,EUR minus USD,20,0.0016041300135917246,-0.028367114067814187,0.031547375003170466,-0.038016597427411772,0.041224857454595226,10,2.5640498244359797
20,0.98999999999999999,net_cashflows,EUR,2027,daily ES difference divided by same-date nativeEUR ES,True,EUR minus GBP,20,0.1185485044875112,0.091472356537327659,0.14640022622836554,0.082630080041305926,0.15446692893371647,10,2.5640498244359797
20,0.98999999999999999,net_cashflows,EUR,2027,daily ES difference divided by same-date nativeEUR ES,True,EUR minus JPY,20,0.0075566765234131011,-0.027434167155814603,0.042248646956157335,-0.038865187258759606,0.053978540305585812,10,2.5640498244359797
20,0.98999999999999999,net_cashflows,EUR,2027,daily ES difference divided by same-date nativeEUR ES,True,EUR minus CHF,20,0.038102211537561811,0.017304536994044318,0.058081239757573962,0.011251759674324683,0.064952663400798943,10,2.5640498244359797
20,0.98999999999999999,net_cashflows,EUR,2027,daily ES difference divided by same-date nativeEUR ES,True,USD minus GBP,20,0.11694437447391925,0.080477510757337903,0.15203961474114924,0.070090355625365086,0.16379839332247342,10,2.5640498244359797
20,0.98999999999999999,net_cashflows,EUR,2027,daily ES difference divided by same-date nativeEUR ES,True,USD minus JPY,20,0.0059525465098211449,-0.0022189878118147838,0.013938491523165746,-0.0048071749530485489,0.01671226797269084,10,2.5640498244359797
20,0.98999999999999999,net_cashflows,EUR,2027,daily ES difference divided by same-date nativeEUR ES,True,USD minus CHF,20,0.036498081523969911,0.0027165794797220392,0.069667769596234219,-0.0069202269043818973,0.079916389952321726,10,2.5640498244359797
20,0.98999999999999999,net_cashflows,EUR,2027,daily ES difference divided by same-date nativeEUR ES,True,GBP minus JPY,20,-0.11099182796409829,-0.14994382314704771,-0.071438424090899011,-0.16250107641247211,-0.059482579515724471,10,2.5640498244359797
20,0.98999999999999999,net_cashflows,EUR,2027,daily ES difference divided by same-date nativeEUR ES,True,GBP minus CHF,20,-0.080446292949949205,-0.10084838001696364,-0.060566205781737693,-0.10691652495675243,-0.053976060943145984,10,2.5640498244359797
20,0.98999999999999999,net_cashflows,EUR,2027,daily ES difference divided by same-date nativeEUR ES,True,JPY minus CHF,20,0.030545535014148729,-0.0097605257000123683,0.07022511128607789,-0.021724058229577806,0.082815128257875265,10,2.5640498244359797
20,0.98999999999999999,net_cashflows,EUR,2027,daily ES difference divided by same-date nativeEUR ES,True,EUR minus USD,60,0.0016041300135917246,-0.045563660788685421,0.048304128306412855,-0.060118175146835928,0.063326435174019383,10,2.5304235607838397
20,0.98999999999999999,net_cashflows,EUR,2027,daily ES difference divided by same-date nativeEUR ES,True,EUR minus GBP,60,0.1185485044875112,0.07500469326564134,0.16298764926241582,0.0616080643528987,0.17548894462212369,10,2.5304235607838397
20,0.98999999999999999,net_cashflows,EUR,2027,daily ES difference divided by same-date nativeEUR ES,True,EUR minus JPY,60,0.0075566765234131011,-0.047474111451160261,0.063539757276474498,-0.065872816464991338,0.080986169511817543,10,2.5304235607838397
20,0.98999999999999999,net_cashflows,EUR,2027,daily ES difference divided by same-date nativeEUR ES,True,EUR minus CHF,60,0.038102211537561811,0.0054180216877758548,0.070247734753072388,-0.0041383928584117352,0.080342815933535358,10,2.5304235607838397
20,0.98999999999999999,net_cashflows,EUR,2027,daily ES difference divided by same-date nativeEUR ES,True,USD minus GBP,60,0.11694437447391925,0.061498700209343844,0.17501260478358441,0.042769196850703059,0.19111955209713544,10,2.5304235607838397
20,0.98999999999999999,net_cashflows,EUR,2027,daily ES difference divided by same-date nativeEUR ES,True,USD minus JPY,60,0.0059525465098211449,-0.0066862869456288561,0.019581060587585405,-0.010811128111634172,0.022716221131276464,10,2.5304235607838397
20,0.98999999999999999,net_cashflows,EUR,2027,daily ES difference divided by same-date nativeEUR ES,True,USD minus CHF,60,0.036498081523969911,-0.018762271261565409,0.091405103565443055,-0.034571771951806524,0.10756793499974635,10,2.5304235607838397
20,0.98999999999999999,net_cashflows,EUR,2027,daily ES difference divided by same-date nativeEUR ES,True,GBP minus JPY,60,-0.11099182796409829,-0.17474397568085051,-0.048194759197960735,-0.19383226596140798,-0.028151389966788593,10,2.5304235607838397
20,0.98999999999999999,net_cashflows,EUR,2027,daily ES difference divided by same-date nativeEUR ES,True,GBP minus CHF,60,-0.080446292949949205,-0.11140668691146123,-0.050023168612077638,-0.12024007390910874,-0.040652511990789675,10,2.5304235607838397
20,0.98999999999999999,net_cashflows,EUR,2027,daily ES difference divided by same-date nativeEUR ES,True,JPY minus CHF,60,0.030545535014148729,-0.036654975852893151,0.096007092479208467,-0.054905312007580816,0.11599638203587828,10,2.5304235607838397
20,0.98999999999999999,net_cashflows,EUR,2027,daily ES difference divided by same-date nativeEUR ES,True,EUR minus USD,120,0.0016041300135917246,-0.060472285481852128,0.061117501084340962,-0.078562888598886577,0.081771148626070017,10,2.575767887508476
20,0.98999999999999999,net_cashflows,EUR,2027,daily ES difference divided by same-date nativeEUR ES,True,EUR minus GBP,120,0.1185485044875112,0.063139062218435557,0.17562459746006689,0.043231866388326767,0.19386514258669563,10,2.575767887508476
20,0.98999999999999999,net_cashflows,EUR,2027,daily ES difference divided by same-date nativeEUR ES,True,EUR minus JPY,120,0.0075566765234131011,-0.06737813642270761,0.07988328284431577,-0.089592824394342296,0.1047061774411685,10,2.575767887508476
20,0.98999999999999999,net_cashflows,EUR,2027,daily ES difference divided by same-date nativeEUR ES,True,EUR minus CHF,120,0.038102211537561811,-0.0037260535319159718,0.079588554782762541,-0.01707910351488183,0.093283526590005453,10,2.575767887508476
20,0.98999999999999999,net_cashflows,EUR,2027,daily ES difference divided by same-date nativeEUR ES,True,USD minus GBP,120,0.11694437447391925,0.047138324450850998,0.19122867108929839,0.020661831735679939,0.21322691721215858,10,2.575767887508476
20,0.98999999999999999,net_cashflows,EUR,2027,daily ES difference divided by same-date nativeEUR ES,True,USD minus JPY,120,0.0059525465098211449,-0.011499615759536818,0.02334075715692524,-0.016386354797229497,0.02829144781687179,10,2.575767887508476
20,0.98999999999999999,net_cashflows,EUR,2027,daily ES difference divided by same-date nativeEUR ES,True,USD minus CHF,120,0.036498081523969911,-0.036117460709985526,0.11150672509507596,-0.059201514641167546,0.13219767768910737,10,2.575767887508476
20,0.98999999999999999,net_cashflows,EUR,2027,daily ES difference divided by same-date nativeEUR ES,True,GBP minus JPY,120,-0.11099182796409829,-0.19532314673736378,-0.03073137743540405,-0.22014514020971246,-0.0018385157184841183,10,2.575767887508476
20,0.98999999999999999,net_cashflows,EUR,2027,daily ES difference divided by same-date nativeEUR ES,True,GBP minus CHF,120,-0.080446292949949205,-0.1182102069662327,-0.040446013082409915,-0.13123408691763241,-0.029658498982266003,10,2.575767887508476
20,0.98999999999999999,net_cashflows,EUR,2027,daily ES difference divided by same-date nativeEUR ES,True,JPY minus CHF,120,0.030545535014148729,-0.05848047770704827,0.12050508364409744,-0.084938996701605873,0.14603006672990335,10,2.575767887508476
20,0.98999999999999999,net_cashflows,USD,2027,daily ES difference divided by same-date nativeEUR ES,True,EUR minus USD,20,0.0010233033817019252,-0.029050077717494738,0.030776870126084491,-0.038550998277217953,0.040597605040621799,10,2.5646914440999224
20,0.98999999999999999,net_cashflows,USD,2027,daily ES difference divided by same-date nativeEUR ES,True,EUR minus GBP,20,0.11576342602809801,0.087766794326761363,0.14438638073051741,0.078839162491889783,0.15268768956430623,10,2.5646914440999224
20,0.98999999999999999,net_cashflows,USD,2027,daily ES difference divided by same-date nativeEUR ES,True,EUR minus JPY,20,-0.001172528594421644,-0.038816234179872011,0.035375357925301436,-0.050784209491250079,0.048439152302406793,10,2.5646914440999224
20,0.98999999999999999,net_cashflows,USD,2027,daily ES difference divided by same-date nativeEUR ES,True,EUR minus CHF,20,0.042029931559981859,0.020786271447373723,0.062671643697084362,0.014413090351932605,0.069646772768031107,10,2.5646914440999224
20,0.98999999999999999,net_cashflows,USD,2027,daily ES difference divided by same-date nativeEUR ES,True,USD minus GBP,20,0.11474012264639584,0.076795797497874491,0.1509052042915498,0.066180141216345106,0.16330010407644657,10,2.5646914440999224
20,0.98999999999999999,net_cashflows,USD,2027,daily ES difference divided by same-date nativeEUR ES,True,USD minus JPY,20,-0.0021958319761236642,-0.012312347979991601,0.0074306487296485497,-0.0151715287473266,0.010779864795079273,10,2.5646914440999224
20,0.98999999999999999,net_cashflows,USD,2027,daily ES difference divided by same-date nativeEUR ES,True,USD minus CHF,20,0.041006628178279901,0.007719416827522761,0.073675295501507795,-0.0018898344028626599,0.083903090759422455,10,2.5646914440999224
20,0.98999999999999999,net_cashflows,USD,2027,daily ES difference divided by same-date nativeEUR ES,True,GBP minus JPY,20,-0.11693595462251959,-0.1596269235742474,-0.073751303461639273,-0.17287304078709531,-0.060998868457943847,10,2.5646914440999224
20,0.98999999999999999,net_cashflows,USD,2027,daily ES difference divided by same-date nativeEUR ES,True,GBP minus CHF,20,-0.073733494468116043,-0.093949367034394576,-0.053853839752552632,-0.10006283699538093,-0.047404151940851152,10,2.5646914440999224
20,0.98999999999999999,net_cashflows,USD,2027,daily ES difference divided by same-date nativeEUR ES,True,JPY minus CHF,20,0.043202460154403578,0.0013338097638420396,0.084511017159701107,-0.01126197852997831,0.09766689883878546,10,2.5646914440999224
20,0.98999999999999999,net_cashflows,USD,2027,daily ES difference divided by same-date nativeEUR ES,True,EUR minus USD,60,0.0010233033817019252,-0.045738019101472981,0.047518854879118805,-0.060404925919836323,0.06245153268324017,10,2.5259912724462255
20,0.98999999999999999,net_cashflows,USD,2027,daily ES difference divided by same-date nativeEUR ES,True,EUR minus GBP,60,0.11576342602809801,0.070907799379540504,0.1615051354857506,0.057193733098126746,0.17433311895806927,10,2.5259912724462255
20,0.98999999999999999,net_cashflows,USD,2027,daily ES difference divided by same-date nativeEUR ES,True,EUR minus JPY,60,-0.001172528594421644,-0.060318003536481826,0.057604191101572763,-0.078828847634696775,0.076483790445853489,10,2.5259912724462255
20,0.98999999999999999,net_cashflows,USD,2027,daily ES difference divided by same-date nativeEUR ES,True,EUR minus CHF,60,0.042029931559981859,0.0084678982664328981,0.074838973116810995,-0.0012945703832311015,0.085354433503194826,10,2.5259912724462255
20,0.98999999999999999,net_cashflows,USD,2027,daily ES difference divided by same-date nativeEUR ES,True,USD minus GBP,60,0.11474012264639584,0.056914448882201325,0.17507143772064879,0.037746444087416203,0.19173380120537548,10,2.5259912724462255
20,0.98999999999999999,net_cashflows,USD,2027,daily ES difference divided by same-date nativeEUR ES,True,USD minus JPY,60,-0.0021958319761236642,-0.017640815625439437,0.013379252602755095,-0.022246576472113568,0.017854912519866241,10,2.5259912724462255
20,0.98999999999999999,net_cashflows,USD,2027,daily ES difference divided by same-date nativeEUR ES,True,USD minus CHF,60,0.041006628178279901,-0.013803247131965081,0.095021781006061887,-0.028943177022785073,0.11095643337934488,10,2.5259912724462255
20,0.98999999999999999,net_cashflows,USD,2027,daily ES difference divided by same-date nativeEUR ES,True,GBP minus JPY,60,-0.11693595462251959,-0.18644400317606163,-0.049114283631537657,-0.20633072575116801,-0.027541183493871163,10,2.5259912724462255
20,0.98999999999999999,net_cashflows,USD,2027,daily ES difference divided by same-date nativeEUR ES,True,GBP minus CHF,60,-0.073733494468116043,-0.10395593567603352,-0.043225439961959017,-0.11286509370418293,-0.034601895232049151,10,2.5259912724462255
20,0.98999999999999999,net_cashflows,USD,2027,daily ES difference divided by same-date nativeEUR ES,True,JPY minus CHF,60,0.043202460154403578,-0.025053890588036601,0.11132834087158419,-0.044833891914747535,0.13123881222355469,10,2.5259912724462255
20,0.98999999999999999,net_cashflows,USD,2027,daily ES difference divided by same-date nativeEUR ES,True,EUR minus USD,120,0.0010233033817019252,-0.060468289370736658,0.060152633834288934,-0.078664059024180347,0.080710665787584193,10,2.5693003633748668
20,0.98999999999999999,net_cashflows,USD,2027,daily ES difference divided by same-date nativeEUR ES,True,EUR minus GBP,120,0.11576342602809801,0.058823404268558671,0.17446631924993483,0.038269546580345273,0.19325730547585074,10,2.5693003633748668
20,0.98999999999999999,net_cashflows,USD,2027,daily ES difference divided by same-date nativeEUR ES,True,EUR minus JPY,120,-0.001172528594421644,-0.08119936909014118,0.074345978486498127,-0.10353455233005747,0.10118949514121418,10,2.5693003633748668
20,0.98999999999999999,net_cashflows,USD,2027,daily ES difference divided by same-date nativeEUR ES,True,EUR minus CHF,120,0.042029931559981859,-0.0008273149703068171,0.08483808172653394,-0.014415600855954315,0.098475463975918026,10,2.5693003633748668
20,0.98999999999999999,net_cashflows,USD,2027,daily ES difference divided by same-date nativeEUR ES,True,USD minus GBP,120,0.11474012264639584,0.041289226879823809,0.1928848159611124,0.014551264378188419,0.21492898091460327,10,2.5693003633748668
20,0.98999999999999999,net_cashflows,USD,2027,daily ES difference divided by same-date nativeEUR ES,True,USD minus JPY,120,-0.0021958319761236642,-0.023650855030122417,0.017969476745362041,-0.028972920457961088,0.024581256505713762,10,2.5693003633748668
20,0.98999999999999999,net_cashflows,USD,2027,daily ES difference divided by same-date nativeEUR ES,True,USD minus CHF,120,0.041006628178279901,-0.030597784798652338,0.11519841666907585,-0.053066442331940279,0.13507969868850009,10,2.5693003633748668
20,0.98999999999999999,net_cashflows,USD,2027,daily ES difference divided by same-date nativeEUR ES,True,GBP minus JPY,120,-0.11693595462251959,-0.20891397002277454,-0.030506842619305315,-0.23465179973790631,0.00077989049286714129,10,2.5693003633748668
20,0.98999999999999999,net_cashflows,USD,2027,daily ES difference divided by same-date nativeEUR ES,True,GBP minus CHF,120,-0.073733494468116043,-0.11063440850880185,-0.034407194877749528,-0.12323593026635496,-0.024231058669877119,10,2.5693003633748668
20,0.98999999999999999,net_cashflows,USD,2027,daily ES difference divided by same-date nativeEUR ES,True,JPY minus CHF,120,0.043202460154403578,-0.047622720561061982,0.13720448852080216,-0.07531923550365377,0.16172415581246091,10,2.5693003633748668
